p_val	avg_log2FC	pct.1	pct.2	p_val_adj	gene	seurat_clusters
0	-6.47510726201876	0.003	0.15	0	CST3	c9
0	-5.83053647461075	0.016	0.237	0	CCL4	c9
0	-5.75454802291406	0.005	0.172	0	TYROBP	c9
0	-5.15743354081133	0.016	0.268	0	NKG7	c9
0	-3.48605172429841	0.022	0.181	0	GZMA	c9
0	-3.4130286612534	0.093	0.405	0	CD74	c9
0	-2.90562938796456	0.034	0.212	0	CST7	c9
0	-2.6411010068879	0.114	0.399	0	CCL5	c9
0	-1.80007271783778	0.394	0.6	0	RNR1	c9
0	1.58612769191788	0.56	0.211	0	IL7R	c9
0	-1.31619589561575	0.209	0.431	0	SH3BGRL3	c9
0	1.30689216444208	0.856	0.481	0	JUNB	c9
0	1.30002886821991	0.335	0.144	0	BTG2	c9
0	-1.29379333032699	0.22	0.434	0	PFN1	c9
0	1.16146064372365	0.786	0.416	0	JUN	c9
0	1.1081413790282	0.59	0.314	0	DNAJB1	c9
0	-1.09746603203987	0.608	0.774	0	ACTB	c9
0	1.09289196365834	0.792	0.452	0	FOS	c9
0	1.04111980057453	0.349	0.18	0	TNFAIP3	c9
0	1.03982425417665	0.639	0.378	0	ZFP36	c9
0	1.00096541247669	0.422	0.224	0	SARAF	c9
0	0.987621461586492	0.348	0.164	0	LTB	c9
0	-0.973701137941943	0.681	0.811	0	COX1	c9
0	0.955555855115721	0.391	0.222	0	NFKBIA	c9
0	0.934505157162922	0.401	0.229	0	IER2	c9
0	0.86925148839185	0.511	0.28	0	EEF1B2	c9
0	0.857888301755186	0.814	0.505	0	RPL3	c9
0	0.854070577551322	0.979	0.761	0	RPL32	c9
0	0.849762321442278	0.727	0.43	0	RPL5	c9
0	0.845911077258377	0.566	0.359	0	DUSP1	c9
0	0.839124310221376	0.721	0.446	0	RPLP0	c9
0	0.833903788582257	0.893	0.609	0	RPS3A	c9
0	0.828650219882688	0.869	0.571	0	RPL36	c9
0	0.812691894146456	0.556	0.325	0	RPL22	c9
0	0.794952774171587	0.99	0.82	0	RPS12	c9
0	0.792223186928501	0.702	0.413	0	RPS5	c9
0	0.790357989580932	0.969	0.733	0	RPL11	c9
0	0.779586364901837	0.623	0.384	0	RPL9	c9
0	0.772492436076978	0.95	0.729	0	RPL34	c9
0	0.769107785717717	0.983	0.807	0	RPL13	c9
0	0.767753176711949	0.917	0.66	0	RPS4X	c9
0	0.763695521711744	0.756	0.487	0	RPL14	c9
0	0.762267148656359	0.798	0.518	0	RPL18	c9
0	0.753619777932164	0.978	0.777	0	RPL30	c9
0	0.753189128557488	0.754	0.478	0	RPS6	c9
0	0.749382061718033	0.945	0.693	0	RPS3	c9
0	0.741747442360756	0.811	0.532	0	RPS25	c9
0	0.732339089057023	0.846	0.576	0	RPS13	c9
0	0.731038379646707	0.932	0.685	0	RPS27A	c9
0	0.726827224347858	0.975	0.856	0	EEF1A1	c9
0	0.721751037088266	0.524	0.328	0	CD69	c9
0	0.713388457804613	0.51	0.316	0	RPL10A	c9
0	0.709746366021771	0.947	0.718	0	RPL19	c9
0	0.707285108027573	0.864	0.599	0	RPS8	c9
0	0.706650737564496	0.922	0.685	0	RPS18	c9
0	0.704571454748054	0.835	0.576	0	RPL35A	c9
0	0.691345801246922	0.815	0.554	0	RPL29	c9
0	0.691264422114065	0.893	0.622	0	RPS21	c9
0	0.690997009118697	0.992	0.858	0	RPL10	c9
0	0.688856276364903	0.862	0.602	0	RPL12	c9
0	0.677537173503638	0.922	0.685	0	RPL18A	c9
0	0.660287326411827	0.977	0.826	0	RPL39	c9
0	0.653241776727829	0.824	0.587	0	RPL37	c9
0	0.651211276946692	0.821	0.628	0	TPT1	c9
0	0.639674484795121	0.86	0.642	0	RPS14	c9
0	0.635151043234189	0.979	0.876	0	RPLP1	c9
0	0.626783924957793	0.776	0.545	0	RPL8	c9
0	0.599401077982905	0.975	0.787	0	RPS15A	c9
0	0.596340539606516	0.934	0.735	0	RPS19	c9
0	0.566896458526523	0.73	0.511	0	RPS29	c9
0	0.561206543410493	0.878	0.658	0	RPS23	c9
0	0.553618713118594	0.995	0.867	0	RPS27	c9
0	0.518396339862761	0.977	0.854	0	RPL28	c9
0	0.516011129634858	0.78	0.566	0	RPS7	c9
0	0.507291509090939	0.868	0.672	0	RPS15	c9
0	0.478331804918953	0.998	0.937	0	RPL41	c9
8.73629559562159e-307	0.554886192655926	0.669	0.47	1.81417914338678e-302	RPLP2	c9
3.20571595772477e-305	-1.10731222975927	0.745	0.838	6.65698975781125e-301	RNR2	c9
1.68979304871399e-303	1.22677580598533	0.207	0.088	3.50902424495947e-299	LDHB	c9
5.69605991213219e-302	0.555253545954432	0.68	0.489	1.18284380135337e-297	RPL6	c9
1.2573868759722e-295	-6.04574542127002	0.008	0.148	2.61108958664387e-291	GNLY	c9
2.15506883993925e-295	0.676831875339299	0.507	0.318	4.47521595301785e-291	RPSA	c9
5.55196678468326e-293	0.657636767778468	0.532	0.343	1.15292142250733e-288	TSC22D3	c9
1.43416031955254e-290	-0.662484147226035	0.779	0.853	2.97817731958281e-286	COX2	c9
1.13981329954083e-287	0.62870630398628	0.563	0.374	2.36693629782648e-283	RPL24	c9
1.68649504813052e-286	1.64398077169678	0.127	0.044	3.50217561694785e-282	SOCS3	c9
3.60466022238136e-280	0.749249439442158	0.4	0.234	7.48543741779712e-276	HSPA1B	c9
1.25716163440029e-277	0.793737176115835	0.396	0.231	2.61062184999563e-273	RPL4	c9
2.4676043826278e-277	1.08484023046113	0.293	0.154	5.12422726096489e-273	DDIT4	c9
4.60169484805712e-270	-1.29408076370315	0.138	0.313	9.55587952147541e-266	CFL1	c9
2.64486442553864e-264	-5.30650862846613	0.004	0.13	5.49232546607354e-260	GZMB	c9
2.14665733266541e-263	-6.27178933871306	0.004	0.129	4.45774861701299e-259	LYZ	c9
2.75072721330005e-259	0.931127842231213	0.293	0.155	5.71216013113888e-255	PPP1R15A	c9
4.26512903420533e-258	-0.974952267967932	0.454	0.593	8.8569669524308e-254	COX3	c9
1.60189275109612e-257	0.459779423962209	0.731	0.546	3.3264904869262e-253	RPL7A	c9
2.41298292673959e-252	0.547732920884858	0.605	0.426	5.01080034566744e-248	RPS9	c9
1.26223188478e-250	-6.02866644513326	0.002	0.12	2.62115073193414e-246	GZMH	c9
3.08090099918323e-249	-2.52816868654289	0.036	0.173	6.39779901490389e-245	LGALS1	c9
2.30295491367406e-248	-6.23635049346663	0.004	0.122	4.78231617373555e-244	IFI30	c9
3.65930764971993e-248	0.815043154050249	0.346	0.198	7.59891826540841e-244	EEF1G	c9
1.62005491187724e-245	0.813593805855951	0.354	0.205	3.36420603000427e-241	RPL36A	c9
8.09521722060727e-242	0.531404956043732	0.581	0.395	1.68105280803131e-237	FXYD5	c9
1.17906947462948e-241	0.430860352376952	0.758	0.587	2.44845567101558e-237	FAU	c9
4.12477206510895e-240	-1.20349647383229	0.206	0.37	8.56550167040525e-236	GAPDH	c9
1.0693797739449e-234	-6.82280479812198	0.001	0.112	2.22067403857398e-230	FCER1G	c9
9.99131101128675e-231	-1.52141296558232	0.17	0.321	2.07479564460381e-226	S100A6	c9
1.7705860926891e-230	1.12858442034828	0.212	0.103	3.67679908007819e-226	SLC2A3	c9
1.22366690241838e-224	-0.758517857462932	0.469	0.591	2.541066689562e-220	HLA-A	c9
1.177510023108e-221	-4.18254630250887	0.009	0.12	2.44521731398608e-217	PSAP	c9
6.98815690738529e-221	0.690482340415764	0.414	0.262	1.45116066338763e-216	ZFP36L2	c9
4.74352403393932e-219	0.612727214374917	0.481	0.321	9.8504020088784e-215	RPS16	c9
1.91450276466408e-218	1.8038067020532	0.072	0.021	3.97565644110143e-214	CCR7	c9
3.45862830075175e-218	-0.638310887692186	0.575	0.67	7.18218752934109e-214	HLA-C	c9
3.98736951693458e-218	0.85053841945437	0.348	0.21	8.28017153886635e-214	PABPC1	c9
1.2242602227187e-210	0.528361054053939	0.562	0.398	2.54229877849766e-206	RPL35	c9
1.51828367804548e-210	-1.27368810136779	0.114	0.26	3.15286788582925e-206	MYL6	c9
6.27263705394257e-207	-1.44430964507728	0.092	0.231	1.30257581062171e-202	HCST	c9
9.99677488515221e-205	0.365587116219934	0.799	0.649	2.07593027265071e-200	RPL26	c9
1.82491273405184e-202	-2.75012266537759	0.034	0.15	3.78961378353204e-198	GPX1	c9
1.11374426490109e-201	0.566561525421982	0.5	0.344	2.31280134049361e-197	GNB2L1	c9
1.79757705656556e-200	0.678691718515003	0.389	0.246	3.73284851566404e-196	RPL38	c9
2.63392702692797e-197	-5.66474832969441	0.003	0.098	5.46961286411863e-193	AIF1	c9
7.04329227835561e-191	1.26738284995731	0.133	0.056	1.46261007452333e-186	KLF2	c9
7.88745506552481e-191	-2.72274622644628	0.022	0.127	1.63790891890688e-186	CTSW	c9
6.17883088682846e-190	-4.08404034436103	0.024	0.129	1.2830960219588e-185	RN7SK	c9
4.96180196822809e-186	-0.911092785555573	0.288	0.432	1.03036779672224e-181	ND4	c9
1.75721038331028e-180	-5.279978830084	0.004	0.093	3.64902308198212e-176	HLA-DRB4	c9
3.44337564697078e-180	-0.710636385850924	0.536	0.648	7.15051386849952e-176	ATP6	c9
1.56867512652883e-179	-4.3714403460803	0.006	0.096	3.25751076774976e-175	CTSS	c9
1.62371497042963e-179	-2.38357668690548	0.027	0.13	3.37180650759418e-175	CD8A	c9
3.57066220773527e-179	0.562345100260706	0.47	0.325	7.41483714058306e-175	BTG1	c9
2.09305844161082e-178	-6.09562847625823	0.003	0.091	4.34644515984903e-174	S100A9	c9
1.98180080559344e-175	-5.55038358248771	0.003	0.089	4.11540755289534e-171	CCL4L1	c9
1.20677996342761e-170	0.583789864500061	0.433	0.295	2.50599927205378e-166	RPL21	c9
1.53623991521748e-169	0.505170079129269	0.507	0.361	3.19015580794062e-165	NACA	c9
2.95707867565351e-169	0.460562195488671	0.543	0.39	6.14066957786207e-165	RPL23A	c9
5.34828215007594e-168	0.638673165888507	0.38	0.251	1.11062427128477e-163	HSPA8	c9
4.74379034021034e-166	-5.94771259144656	0.003	0.086	9.85095502048079e-162	S100A8	c9
3.26870342425713e-165	0.590966917611165	0.421	0.288	6.78778953081236e-161	EEF1D	c9
1.24769542857515e-164	0.558347179627413	0.439	0.302	2.59096432697915e-160	RPS2	c9
9.47841478910596e-161	-6.06933637556792	0.002	0.082	1.96828761510574e-156	CCL3	c9
3.7867365230808e-160	-0.909605949914637	0.288	0.412	7.8635370638296e-156	S100A4	c9
4.54816049531859e-160	0.538629086661221	0.418	0.288	9.44471008457859e-156	HSPA1A	c9
1.37353925573829e-156	-1.58161230309689	0.06	0.167	2.85229161846614e-152	GABARAP	c9
5.27712085122128e-156	1.91487431252707	0.046	0.012	1.09584691596461e-151	PASK	c9
9.83760728566521e-155	-4.16429650649446	0.008	0.088	2.04287752894124e-150	HLA-DQB1	c9
1.71048132799532e-149	0.945179205551051	0.181	0.096	3.55198552571508e-145	NR4A1	c9
1.39583439035369e-148	-7.35035306457593	0	0.073	2.89858969500847e-144	FCN1	c9
7.70448713720283e-147	-5.31961284364573	0.003	0.076	1.59991379891154e-142	LOC100996809	c9
1.85361594128393e-146	0.423434439155079	0.613	0.482	3.84921886367021e-142	EIF1	c9
4.40986691813559e-146	-6.84588395839259	0.001	0.072	9.15752964220037e-142	SERPINA1	c9
4.3087517103893e-143	-4.46800941436341	0.004	0.076	8.94755380179442e-139	KLRD1	c9
5.48987675623236e-143	0.936118629673273	0.169	0.089	1.14002780719921e-138	SNHG8	c9
1.85068986765583e-142	-1.45410949711175	0.059	0.16	3.8431425791741e-138	CLIC1	c9
2.67506402485183e-142	0.736887575724271	0.211	0.119	5.55503795400731e-138	FOSB	c9
1.49444744718531e-139	-3.94422868123488	0.006	0.078	3.10336956882501e-135	PRF1	c9
1.11685313404924e-138	-1.57299052965665	0.049	0.145	2.31925721816666e-134	ARPC2	c9
2.09079352271215e-135	-0.762686464464041	0.194	0.319	4.34174182926405e-131	SERF2	c9
1.6483089033488e-130	0.735158427660411	0.232	0.139	3.42287826869411e-126	LRRC75A-AS1	c9
1.73245563134524e-130	-2.19307604165025	0.024	0.104	3.59761736405153e-126	GSTP1	c9
2.13939652336545e-129	-4.51078384224406	0.004	0.07	4.4426708204207e-125	HLA-DRB1	c9
7.10090661549346e-129	0.655108248017396	0.289	0.186	1.47457426777337e-124	EEF2	c9
2.21339246588547e-128	-4.57369671327006	0.005	0.071	4.59633079465777e-124	LST1	c9
2.30134861357946e-125	-2.75953140439472	0.016	0.089	4.77898053095911e-121	CTSD	c9
1.71363167987127e-124	0.877759888189394	0.166	0.09	3.55852754642069e-120	LEPROTL1	c9
2.50485938591173e-121	1.74184986894603	0.044	0.013	5.2015910007843e-117	LEF1	c9
8.68241505168018e-120	-6.38683667824247	0.001	0.06	1.80299030963191e-115	VCAN	c9
1.65226225390065e-119	1.28367014459651	0.08	0.033	3.43108779645009e-115	NOSIP	c9
1.72657197021144e-118	-1.0957792725076	0.087	0.184	3.58539935334108e-114	CYBA	c9
3.07518458109966e-117	0.98643254760511	0.126	0.064	6.38592830111154e-113	GLTSCR2	c9
8.64628162715307e-117	-1.4092634084061	0.053	0.139	1.79548684269461e-112	ARPC3	c9
3.42671657559245e-115	0.859483036388706	0.195	0.116	7.11591964087529e-111	GADD45B	c9
6.32896676247839e-115	0.804104263162011	0.171	0.096	1.31427323789626e-110	DNAJA1	c9
1.58030669343442e-113	-1.82136561223004	0.033	0.108	3.28166487958591e-109	CD8B	c9
2.14982900470066e-112	-1.42849247651604	0.051	0.133	4.46433491116139e-108	LSP1	c9
2.9639798676745e-111	-3.08530388427818	0.01	0.072	6.15500059321286e-107	NPC2	c9
5.78172769808429e-111	-1.84323473889336	0.029	0.102	1.20063357378418e-106	ITGB2	c9
2.51094038591358e-109	-1.00363629547505	0.147	0.247	5.21421880538814e-105	ND5	c9
1.16625918835124e-108	-1.78362846859331	0.031	0.104	2.42185383053018e-104	LCP1	c9
4.69152118793323e-107	-0.660821407475832	0.293	0.4	9.74241289886214e-103	ACTG1	c9
4.71560803601963e-105	-6.27754675665719	0.001	0.053	9.79243164759836e-101	MS4A6A	c9
1.09333830628474e-104	0.379267150622901	0.519	0.407	2.2704263268309e-100	H3F3B	c9
1.0516056856414e-103	0.600699864193858	0.274	0.183	2.18376436680294e-99	TOMM7	c9
9.66451490771036e-103	-3.6813173131535	0.005	0.059	2.00693316573513e-98	HLA-DMA	c9
1.77278231691885e-102	-4.14793222937417	0.005	0.06	3.68135975931369e-98	XCL2	c9
7.21531209595344e-102	-3.58098912701296	0.009	0.066	1.49833170984569e-97	XCL1	c9
1.85912183447451e-100	1.05835941966822	0.1	0.049	3.86065240146977e-96	SELL	c9
2.43561112674702e-98	-1.13589352559769	0.069	0.151	5.05779006580287e-94	RHOA	c9
3.05200088237283e-98	-1.30590436307753	0.053	0.13	6.33778503233542e-94	ARPC1B	c9
8.93106093841381e-98	-6.36368090464646	0.001	0.049	1.85462411447101e-93	CD68	c9
2.62589208777298e-97	-1.3139938722051	0.058	0.135	5.45292750946937e-93	COTL1	c9
8.96797311879017e-95	-0.951403165637215	0.099	0.186	1.86228929784797e-90	CORO1A	c9
1.88052983116382e-94	-0.303327440676659	0.859	0.862	3.90510824739479e-90	TMSB4X	c9
6.11692389520585e-94	-1.4402663143254	0.049	0.121	1.27024041607845e-89	ALOX5AP	c9
1.15633421128305e-93	-0.795648168542714	0.225	0.32	2.40124362315038e-89	IL32	c9
2.51814539478951e-93	2.34168564614871	0.019	0.004	5.22918072681989e-89	LOC102724246	c9
1.41252560712213e-92	0.956218646056678	0.127	0.07	2.93325067574981e-88	CYCS	c9
1.51777862424111e-92	-6.6623457046125	0.001	0.047	3.15181909109908e-88	CCL4L2	c9
9.29157436386617e-92	-2.99285297475629	0.008	0.059	1.92948833240045e-87	CD63	c9
5.15576295942588e-90	-0.940254838274264	0.149	0.239	1.07064573615438e-85	IFITM2	c9
5.73966979547358e-90	-0.710692396352446	0.206	0.302	1.19189982972804e-85	SRGN	c9
4.94095671736678e-89	-1.092949716265	0.106	0.189	1.02603907192838e-84	CD7	c9
6.99480706669847e-89	-5.32747198198887	0.001	0.046	1.45254163547061e-84	GRN	c9
6.05174399247952e-88	0.995203584569991	0.101	0.052	1.2567051574783e-83	CDKN1A	c9
6.76408657678921e-88	-0.829854158459772	0.208	0.298	1.40463021853605e-83	ND2	c9
1.09544667609841e-87	-0.901333263401186	0.125	0.21	2.27480456758595e-83	HLA-H	c9
5.42047287834763e-87	-1.3708110281056	0.088	0.165	1.12561539791767e-82	IFITM3	c9
5.83021167717696e-87	0.8378893403487	0.13	0.073	1.21070175688257e-82	SNHG6	c9
1.11867535522045e-86	1.57451981420681	0.037	0.012	2.32304124265079e-82	MAL	c9
1.18114816475443e-86	0.722682143648592	0.174	0.107	2.45277227892906e-82	RPL17	c9
1.36056443570357e-86	-0.960112566760165	0.086	0.166	2.82534810718204e-82	CD99	c9
1.80959125545959e-86	1.44273579293337	0.045	0.016	3.75779720108739e-82	AQP3	c9
1.4251247367769e-85	-2.61988009067135	0.011	0.061	2.95941402839092e-81	TYMP	c9
3.73237367712706e-85	-0.788592650777727	0.246	0.335	7.75064717792206e-81	ND1	c9
3.05581331614972e-84	-2.15366772292319	0.019	0.073	6.34570193231651e-80	IFNG	c9
2.05009958859858e-83	1.23697135042547	0.056	0.023	4.25723680568382e-79	CD40LG	c9
7.72861169299015e-83	0.4304287587118	0.365	0.27	1.60492350416633e-78	RPL27	c9
2.63174077984526e-81	0.678078173031526	0.18	0.113	5.46507290342667e-77	ZFAS1	c9
2.64614022221527e-81	-6.28556761295052	0.001	0.041	5.49497478545224e-77	MS4A7	c9
2.29532430145175e-80	-2.21742026378997	0.015	0.065	4.7664704443947e-76	HOPX	c9
3.33127789745986e-80	0.787178846329887	0.137	0.08	6.91773168186514e-76	RGCC	c9
4.75814347608649e-80	0.531737843036856	0.249	0.17	9.8807607424412e-76	HSP90AB1	c9
5.46528944427672e-80	-1.23377300824695	0.131	0.208	1.1349220059985e-75	SAT1	c9
9.52107944530764e-80	-2.39290373446036	0.011	0.059	1.97714735761258e-75	CTSC	c9
3.92316178276104e-78	-2.14230593581999	0.015	0.065	8.14683775808158e-74	ANXA2	c9
6.64870483923285e-78	-1.02552347966006	0.113	0.189	1.38067004691509e-73	S100A11	c9
9.73879700589758e-78	0.578403351517115	0.216	0.143	2.02235858624469e-73	NPM1	c9
1.08858576703429e-77	-3.24808160300308	0.005	0.049	2.26055720382342e-73	ZNF683	c9
5.61121765024973e-77	0.311425800070448	0.522	0.419	1.16522545725086e-72	RPL15	c9
1.09714776475681e-74	0.75358859573648	0.143	0.087	2.27833704829399e-70	HSPE1	c9
5.03761326677186e-74	-0.483592315268848	0.678	0.712	1.04611077097784e-69	ND3	c9
9.08778623470496e-74	1.55982330300011	0.033	0.011	1.88716968949883e-69	CCR6	c9
1.17335428828109e-73	-6.54621449663367	0	0.037	2.43658751504452e-69	S100A12	c9
1.64735917871842e-73	-5.04301509741196	0.001	0.039	3.42090607052668e-69	KLRC2	c9
7.39574759661974e-73	-0.66297117100183	0.198	0.281	1.53580094591406e-68	CD52	c9
7.82248986756029e-73	-1.47056275811523	0.032	0.087	1.62441824589757e-68	TSPO	c9
1.05354777743518e-72	-0.237212100252125	0.971	0.922	2.1877973146219e-68	B2M	c9
3.13599948412936e-72	-0.578465710481669	0.199	0.285	6.51221652874303e-68	ATP5E	c9
3.92244584304444e-72	-5.59288010607504	0.001	0.037	8.14535103766608e-68	CYBB	c9
3.13156933872624e-71	-6.13136439685381	0	0.036	6.50301688879891e-67	CFD	c9
5.18649340837316e-71	0.33103235404183	0.373	0.282	1.07702722118277e-66	KLF6	c9
9.93041732296737e-70	-1.36859254332014	0.051	0.11	2.0621504612874e-65	GZMK	c9
1.10532395744529e-69	-0.835096138492094	0.095	0.167	2.29531573003088e-65	RAC2	c9
5.09724025268449e-69	-7.41030894339334	0	0.034	1.05849291087246e-64	FGFBP2	c9
1.51538116976918e-68	-5.70090578018388	0.001	0.035	3.14684053714268e-64	CD14	c9
3.26423209746861e-68	0.347272094858429	0.412	0.32	6.77850437360331e-64	RPL37A	c9
8.34004135630656e-68	-8.32358193410914	0	0.034	1.73189298805062e-63	FCGR3A	c9
1.85914101592342e-67	-1.68424281884181	0.022	0.069	3.86069223366658e-63	GZMM	c9
2.88506494218781e-67	1.1108444340148	0.059	0.028	5.99112585894721e-63	TMEM123	c9
8.60898861346691e-67	-0.639741281761417	0.449	0.513	1.78774257547254e-62	ATP8	c9
9.32428474168774e-67	-0.657348503176769	0.158	0.235	1.93628096945888e-62	PTPRCAP	c9
3.53878809894971e-66	-1.23329067178518	0.042	0.097	7.34864736627896e-62	PSMB9	c9
3.94750454606169e-66	-1.23770159397207	0.04	0.095	8.1973879403517e-62	TPM3	c9
5.35863982468668e-66	-5.7291577553512	0.001	0.034	1.11277514599444e-61	MNDA	c9
7.17793756516305e-66	1.45532386390487	0.034	0.012	1.49057051478176e-61	TCF7	c9
1.21225951075781e-65	-0.881417225924479	0.144	0.217	2.51737810003968e-61	S100A10	c9
4.53327450799925e-65	0.532925218611115	0.183	0.121	9.41379784331124e-61	KLRB1	c9
5.76788340819223e-65	-2.59261847280725	0.009	0.048	1.1977586685452e-60	NAMPT	c9
6.95636200098812e-65	-1.38342838796289	0.088	0.153	1.44455813312519e-60	MT2A	c9
1.17604845612031e-63	-2.88913639029221	0.007	0.044	2.44218222397943e-59	MS4A1	c9
1.61742220151829e-63	0.367020786430486	0.376	0.292	3.35873894367287e-59	UBA52	c9
4.10186328028894e-63	-1.30783479853151	0.41	0.452	8.51792928784802e-59	FTL	c9
1.10930102718633e-62	2.08792905390293	0.015	0.003	2.30357451305513e-58	FAAH2	c9
1.7336788397706e-62	-4.86353513741936	0.001	0.033	3.60015747866763e-58	FGL2	c9
2.38097981103838e-62	0.834874827158674	0.095	0.053	4.9443426756023e-58	SERTAD1	c9
6.53129988768166e-62	0.789813404800528	0.107	0.063	1.35628973467597e-57	RPL21P28	c9
1.05806240720002e-61	0.457198489626877	0.278	0.205	2.19717239479156e-57	HNRNPA1	c9
6.2266530211106e-61	0.597198877802719	0.134	0.083	1.29302676636383e-56	EGR1	c9
6.35098087207789e-61	-0.569222250647555	0.178	0.255	1.31884468789569e-56	PPIA	c9
7.48558765838561e-61	-1.48754919747484	0.025	0.071	1.55445713314036e-56	GNG5	c9
2.30388363667177e-60	-1.28865257940243	0.042	0.093	4.78424475991261e-56	LOC101929531	c9
2.74972783104381e-60	-2.20464620960974	0.012	0.05	5.71008481394558e-56	LOC101060038	c9
3.384202139328e-60	0.844764825408461	0.09	0.05	7.02763416252853e-56	RPS14P3	c9
6.77353288661925e-60	1.72319041371443	0.022	0.007	1.40659183923535e-55	TESPA1	c9
1.39156438475825e-59	0.874795138800361	0.083	0.046	2.88972260138897e-55	RPSAP58	c9
2.14965221880246e-59	-8.04367901598828	0	0.029	4.46396779756519e-55	SPI1	c9
2.72492006748352e-59	1.0244028474947	0.061	0.03	5.65856901213627e-55	ARHGAP15	c9
2.81939159456419e-59	-8.12873858612212	0	0.029	5.85474858527199e-55	MAFB	c9
3.77709013054448e-59	0.823441050927638	0.091	0.051	7.84350536508866e-55	GAS5	c9
2.15651561961679e-58	0.376354484676358	0.355	0.277	4.47822033569622e-54	PFDN5	c9
7.18081838893487e-58	0.320143296038779	0.307	0.23	1.49116874664621e-53	HSP90AA1	c9
8.54608978482623e-58	1.17194288370631	0.046	0.02	1.77468100471702e-53	DNAJB9	c9
1.62485171994914e-57	0.437000399712929	0.274	0.204	3.37416708164637e-53	RPL36AL	c9
2.79783820098934e-57	0.763813771714313	0.103	0.061	5.80999080817446e-53	EIF3E	c9
4.31071466275885e-57	-2.24674070987601	0.01	0.045	8.95163006868503e-53	ANXA5	c9
4.71313829864154e-57	-2.29109154626237	0.012	0.049	9.78730299095902e-53	CD79A	c9
1.23644110729457e-56	-1.72886116114403	0.017	0.057	2.5675936034079e-52	FKBP1A	c9
6.06046820247233e-56	-1.4283540812473	0.027	0.07	1.2585168269254e-51	LITAF	c9
6.48609658199939e-56	0.969598503495998	0.063	0.032	1.34690281621799e-51	FLT3LG	c9
2.49484498671925e-55	-8.37176696408284	0	0.027	5.1807950994212e-51	LINC01272	c9
2.87631103965735e-55	-6.21846344036675	0.001	0.029	5.97294750495246e-51	C1QA	c9
6.24283660086797e-55	0.481202880728866	0.217	0.155	1.29638744853624e-50	HINT1	c9
7.8293284179045e-55	-2.13692316354236	0.015	0.052	1.62583833926205e-50	CTSB	c9
8.24592227562995e-55	-6.56034153754077	0	0.028	1.71234821975731e-50	CXCL8	c9
1.04216402031705e-54	-7.90765576008678	0	0.027	2.16415780459038e-50	IL1B	c9
3.54258111939766e-54	-5.2172816460395	0.001	0.028	7.35652395254119e-50	KLRC3	c9
1.09569714861109e-53	0.533037510888641	0.181	0.125	2.27532469880579e-49	C12orf57	c9
2.31236154904508e-53	-0.967605208481805	0.053	0.103	4.80184999274702e-49	TCEB2	c9
5.04866229322712e-53	-2.1860142510978	0.01	0.043	1.04840521181154e-48	TNFRSF1B	c9
9.71301809992476e-53	-0.826043666308778	0.082	0.139	2.01700533863037e-48	EMP3	c9
2.15643546192814e-52	-2.24134400665532	0.009	0.042	4.47805388023999e-48	TKT	c9
2.86335806144766e-52	-2.01407463046002	0.014	0.05	5.94604935040222e-48	GLUL	c9
3.02119816993168e-52	-0.812621612355325	0.079	0.135	6.27382011968013e-48	ALDOA	c9
3.9443874820622e-52	-1.62098004714434	0.019	0.057	8.19091504525036e-48	LINC00152	c9
1.48691593418902e-51	-1.58087947258351	0.019	0.057	3.08772962893691e-47	DBI	c9
2.2718865917071e-51	-1.05540636489634	0.047	0.095	4.71779969633896e-47	LY6E	c9
2.57408057980399e-51	-2.86456484309131	0.005	0.034	5.34533573202096e-47	LAG3	c9
1.09371246670969e-50	-4.35180131135061	0.001	0.028	2.27120330836934e-46	APLP2	c9
2.34875353418055e-50	-7.78124187575643	0	0.025	4.87742158907932e-46	FGR	c9
2.9378312755825e-50	-0.933459782988042	0.058	0.108	6.10070042687462e-46	CALM2	c9
6.80283543201342e-50	-1.84597697165216	0.013	0.047	1.41267680581191e-45	CAP1	c9
7.25162580523469e-50	-6.1619107832491	0.001	0.026	1.50587261471504e-45	C1QB	c9
8.02193737249252e-50	-4.69681131738633	0.001	0.026	1.6658355147718e-45	ZEB2	c9
8.14444692016082e-50	-3.61466932596792	0.003	0.031	1.6912758474406e-45	PLAUR	c9
1.53347205377805e-49	-7.23708618618597	0	0.025	3.18440806687551e-45	C1QC	c9
1.69699893324151e-49	-1.27689783524356	0.03	0.07	3.52398798476931e-45	PSME2	c9
1.89680833830514e-49	0.225747952751946	0.599	0.518	3.93891219532446e-45	PTMA	c9
3.48976334575137e-49	-3.97824695959467	0.002	0.028	7.2468425637873e-45	FCGRT	c9
5.28882692465258e-49	-1.28876612878912	0.039	0.082	1.09827779917335e-44	RHOB	c9
1.28531321982256e-48	-0.63415583919022	0.122	0.183	2.66908143228353e-44	PTPRC	c9
1.32486064135636e-48	-1.40268797634437	0.026	0.064	2.75120560784062e-44	PKM	c9
1.81592064700816e-48	-2.11561022814459	0.012	0.044	3.77094081557715e-44	BCL2A1	c9
2.90970399356093e-48	-1.24307937390129	0.032	0.073	6.04229131302863e-44	CKLF	c9
4.64991713365744e-48	-5.76744181796985	0	0.024	9.65601791975303e-44	CSTA	c9
5.91407010272986e-48	-1.59572271668344	0.018	0.053	1.22811579753288e-43	FLNA	c9
7.24418358414147e-48	0.22412596514113	0.283	0.212	1.50432716308282e-43	DUSP2	c9
8.96507536959033e-48	-0.847770172782743	0.068	0.119	1.86168755124913e-43	IL2RG	c9
4.06013340769229e-47	-1.03421401719608	0.045	0.09	8.43127303441382e-43	TPI1	c9
4.59302383946307e-47	-4.51868510443814	0.001	0.025	9.53787330502901e-43	PLEK	c9
5.10554501220265e-47	-2.11297686724526	0.014	0.047	1.060217477234e-42	CXCL13	c9
1.75622621978589e-46	0.753796043148497	0.093	0.056	3.64697936800738e-42	SOCS1	c9
2.43867447251525e-46	-1.17171744661166	0.035	0.076	5.06415140962517e-42	CALR	c9
2.44201742217697e-46	0.861913723610454	0.062	0.033	5.07109337889269e-42	BIRC3	c9
3.26892839070514e-46	0.441836528209949	0.302	0.239	6.7882566961383e-42	TXNIP	c9
9.83202696534321e-46	2.17526943048354	0.011	0.002	2.04171871962317e-41	CMTM8	c9
9.99235559693748e-46	-2.33144254340506	0.007	0.036	2.07501256326004e-41	CMC1	c9
1.06670910343976e-45	-6.78064461015449	0	0.023	2.215128124203e-41	LGALS2	c9
1.35169068909039e-45	0.889126278371032	0.062	0.033	2.80692088496511e-41	PIK3IP1	c9
4.81851249566335e-45	-2.36752666949423	0.007	0.035	1.00061230484945e-40	ITM2C	c9
5.50785486746978e-45	-0.55948044401973	0.437	0.49	1.14376114177877e-40	ND4L	c9
1.13217666044246e-44	-1.97512096652776	0.01	0.039	2.35107805307481e-40	C12orf75	c9
1.31591872811801e-44	0.81499190996212	0.073	0.042	2.73263683080985e-40	CSRNP1	c9
1.46470795265705e-44	-2.76874513523896	0.005	0.03	3.04161253448764e-40	DUSP6	c9
2.23353518508085e-44	-2.19773255384527	0.008	0.036	4.6381591653389e-40	APOBEC3G	c9
2.8692234983553e-44	-1.50334134718044	0.018	0.051	5.95822951668462e-40	DUSP4	c9
7.18976094237507e-44	-1.07273028269186	0.039	0.079	1.49302575729361e-39	UCP2	c9
3.16648166890591e-43	-0.526165698359925	0.184	0.246	6.57551583365001e-39	MYL12A	c9
6.2884045604086e-43	1.02196182218808	0.044	0.022	1.30585009101445e-38	PRKCQ-AS1	c9
6.45863059635331e-43	-2.15519818324691	0.008	0.035	1.34119922963873e-38	PYCARD	c9
1.21581287635255e-42	0.421574732302848	0.22	0.164	2.5247570190337e-38	RPL31	c9
2.05740540471704e-42	-2.42242038604413	0.006	0.031	4.2724080634354e-38	LYST	c9
8.99607157744491e-42	0.365803476962747	0.27	0.21	1.86812422377221e-37	UBB	c9
1.49961457898045e-41	-1.624225463272	0.015	0.045	3.11409963471081e-37	SYNGR2	c9
2.17320890526238e-41	-5.56936057895112	0	0.021	4.51288561266786e-37	CLEC7A	c9
3.28506345734701e-41	0.932777350687134	0.054	0.029	6.8217627755268e-37	BRE-AS1	c9
3.74692297734633e-41	0.678360704195222	0.1	0.064	7.78086025475739e-37	RPS18P9	c9
5.72801893393109e-41	-1.26322456318027	0.025	0.059	1.18948041182013e-36	ENO1	c9
7.66078352303313e-41	-2.67264851633439	0.004	0.028	1.59083830639306e-36	KLRK1	c9
8.38809000899704e-41	-4.78362846859331	0.001	0.021	1.74187077126833e-36	CFP	c9
5.29765130044945e-40	-3.30872884037302	0.003	0.025	1.10011026905133e-35	NAPSB	c9
1.44323326574012e-39	-0.261974059560898	0.67	0.698	2.99701819963594e-35	TMSB10	c9
1.62214062289546e-39	-1.64143181460729	0.015	0.044	3.3685372175047e-35	CAPG	c9
1.65117228097018e-39	-6.54986440332532	0	0.02	3.42882435866267e-35	C5AR1	c9
2.09316118455483e-39	-1.93207516627814	0.015	0.044	4.34665851584655e-35	MTRNR2L2	c9
2.6135518141601e-39	0.44853427899072	0.176	0.128	5.42730169728486e-35	SRSF7	c9
3.41591428274051e-39	0.835490822061789	0.06	0.033	7.09348759953893e-35	SNHG15	c9
1.17251280504531e-38	-0.781587169557006	0.065	0.109	2.43484009095709e-34	PPIB	c9
1.23736467946788e-38	1.48940941309705	0.019	0.007	2.569511493383e-34	FXYD1	c9
2.14924825297768e-38	-6.59370609972209	0	0.019	4.46312892213344e-34	CPVL	c9
4.55965122642154e-38	-3.2545041099957	0.003	0.024	9.46857173678696e-34	KLRC1	c9
7.09348610600782e-38	-3.33465120759318	0.002	0.023	1.47303332477358e-33	PPT1	c9
8.83107811182608e-38	-0.814042799555007	0.058	0.099	1.8338616807018e-33	SUB1	c9
1.66302749138694e-37	-1.05355780701176	0.038	0.074	3.45344288861413e-33	AHNAK	c9
1.90723217922229e-37	-1.25082366362579	0.022	0.054	3.96055834337301e-33	PPP1CA	c9
2.34378954616078e-37	-0.522625997729945	0.138	0.192	4.86711337155747e-33	LAPTM5	c9
5.1208577336476e-37	-2.8626597654418	0.003	0.024	1.06339731696926e-32	CTSH	c9
1.1109677087452e-36	0.431273980624934	0.181	0.134	2.30703554398029e-32	PNRC1	c9
1.32464837222185e-36	-5.82785396861016	0	0.018	2.75076480975589e-32	HLA-DRB5	c9
1.90542024019955e-36	-6.32583534535176	0	0.018	3.95679567079839e-32	MPEG1	c9
4.69866451302512e-36	-5.40702328108563	0	0.018	9.75724672774797e-32	TMEM176B	c9
5.11204763577859e-36	-5.92834007649019	0	0.018	1.06156781204578e-31	CD163	c9
8.01655512270422e-36	-1.7570909074239	0.025	0.056	1.66471783678076e-31	TIMP1	c9
1.19226429881277e-35	1.64980794151105	0.015	0.005	2.47585604291459e-31	FXYD7	c9
1.2037684411781e-35	0.282442859653678	0.289	0.229	2.49974554495045e-31	CXCR4	c9
1.5894939460568e-35	0.965928134531682	0.041	0.021	3.30074312838155e-31	TTC39C	c9
1.95671225718621e-35	-6.78442312300111	0	0.018	4.06330867327287e-31	CXCL2	c9
2.08756976586314e-35	0.389949910476896	0.082	0.052	4.3350473757914e-31	HIST1H4C	c9
2.57489281641153e-35	-1.39590264114481	0.017	0.044	5.34702242256019e-31	ARPC5	c9
2.84248932117789e-35	-7.315151710353	0	0.017	5.90271332435801e-31	LILRB2	c9
3.69892959366353e-35	-0.75151328307587	0.062	0.103	7.68119719420169e-31	ATP6V0C	c9
6.82478098817031e-35	-4.74740828068055	0	0.018	1.41723402000345e-30	HLA-DRB3	c9
2.39723071965896e-34	-1.11993751937954	0.026	0.057	4.9780893124438e-30	VAMP8	c9
3.51562986974185e-34	-4.98909336632091	0	0.018	7.30055698750592e-30	PECAM1	c9
4.45865638430848e-34	-2.42425704452375	0.006	0.027	9.258845847655e-30	CLIC3	c9
4.60107268088775e-34	-2.38404407178777	0.005	0.026	9.55458752913151e-30	ASAH1	c9
5.34979731045004e-34	-7.21482040852321	0	0.017	1.11093890948806e-29	SLC11A1	c9
5.6090563273636e-34	-7.21526247840285	0	0.017	1.16477663694033e-29	CSF1R	c9
9.24700793979728e-34	-1.10594219828508	0.026	0.056	1.9202336687783e-29	RAP1B	c9
1.25947129480496e-33	-0.852974313047543	0.044	0.079	2.61541809079198e-29	COX8A	c9
2.10547615285422e-33	-1.90335968782485	0.008	0.03	4.37223177901708e-29	AP2S1	c9
3.24259436782138e-33	-3.17873660237773	0.002	0.02	6.73357146421789e-29	KLRC4	c9
4.95899569523599e-33	0.752400754764147	0.062	0.037	1.02978504607271e-28	DDIT3	c9
5.09448245213269e-33	0.351848058755966	0.489	0.464	1.05792022600987e-28	RPS26	c9
6.27077643651854e-33	-1.20110507700853	0.028	0.059	1.30218943480744e-28	LGALS3	c9
8.65781643766137e-33	-5.87001549200592	0	0.016	1.79788216144476e-28	HMOX1	c9
1.21512242805863e-32	-1.30502342312033	0.018	0.044	2.52332323410654e-28	ATP6V0B	c9
1.33403842466703e-32	-1.52618391092759	0.013	0.037	2.77026419266356e-28	IQGAP1	c9
1.41117017066102e-32	-3.86107179867481	0.001	0.018	2.93043597639467e-28	HLA-DMB	c9
1.64930321010867e-32	-0.608366543234233	0.132	0.18	3.42494304611166e-28	RGS1	c9
9.43533602899265e-32	-0.576481801827764	0.228	0.279	1.95934187978061e-27	CRIP1	c9
1.13810803315953e-31	-2.29415802357463	0.007	0.027	2.36339514165908e-27	FABP5	c9
1.18642898432014e-31	-3.15593031407993	0.003	0.021	2.4637384288392e-27	G0S2	c9
1.36765827859058e-31	-1.9967936250025	0.007	0.027	2.8400791813212e-27	GNAI2	c9
3.74585133918889e-31	-1.46320250313144	0.014	0.037	7.77863489095964e-27	PTPN6	c9
5.56932170484279e-31	-2.87748287431345	0.003	0.02	1.15652534522765e-26	AOAH	c9
5.87687877577455e-31	0.698705351868325	0.066	0.041	1.22039264657734e-26	PPP1R2	c9
1.11162321414159e-30	-0.622611840676859	0.074	0.114	2.30839676648642e-26	MYL12B	c9
1.83356578595271e-30	0.613823709942733	0.089	0.059	3.8075827111094e-26	YPEL5	c9
2.42262812464365e-30	-1.18476844928158	0.02	0.047	5.03082956363501e-26	MSN	c9
3.86188659516175e-30	0.391199014770967	0.191	0.146	8.01959370351289e-26	COMMD6	c9
4.08579849502007e-30	-1.93911257277879	0.007	0.027	8.48456915475867e-26	MIR4435-1HG	c9
4.85264090134443e-30	1.05254412956074	0.031	0.015	1.00769940957318e-25	PPP1R2P9	c9
6.16066632546263e-30	-0.867243379722296	0.039	0.07	1.27932396914557e-25	CLEC2B	c9
8.91210552084825e-30	0.791811530257331	0.047	0.027	1.85068783245935e-25	ZFAND2A	c9
1.02420927516099e-29	-3.45828974554329	0.001	0.017	2.12687298079931e-25	MEF2C	c9
1.30402892636649e-29	0.898818469814573	0.038	0.021	2.70794646849265e-25	SNORA78	c9
1.40934011378785e-29	-0.560701588284879	0.087	0.128	2.92663568029184e-25	SRP14	c9
1.75186117823371e-29	-2.69333663928601	0.003	0.02	3.63791492272013e-25	ABI3	c9
4.08112996337307e-29	-6.98526232976296	0	0.014	8.47487448194051e-25	CD36	c9
4.61371435964352e-29	-0.440901190151693	0.452	0.495	9.58083923923574e-25	CYTB	c9
5.31508409055343e-29	-1.17649290823827	0.02	0.045	1.10373036224433e-24	PRELID1	c9
6.11283812008254e-29	-4.33073969582278	0.001	0.016	1.26939196401634e-24	SPON2	c9
7.01939612864517e-29	-6.82708288626102	0	0.014	1.45764780007446e-24	C15orf48	c9
8.24779551672499e-29	0.813872547517943	0.046	0.026	1.71273721700311e-24	TOB1	c9
1.01139508620968e-28	-1.28710661431547	0.017	0.041	2.10026303602302e-24	PGAM1	c9
2.34352485768522e-28	0.318301465769754	0.24	0.192	4.86656371946913e-24	BTF3	c9
2.36029990270216e-28	-0.624805559764325	0.07	0.107	4.90139877795131e-24	UBL5	c9
2.39221727940128e-28	-4.46665979777471	0.001	0.015	4.9676784024047e-24	HLA-DRB6	c9
3.42348598226954e-28	-2.39918075192466	0.004	0.021	7.10921099078093e-24	ACP5	c9
3.84778898674432e-28	-1.21852280756643	0.018	0.041	7.99031860987325e-24	PSMB10	c9
4.42387385665823e-28	-5.94264909575703	0	0.014	9.18661645073648e-24	KCTD12	c9
4.89768790046662e-28	1.03499551304333	0.028	0.014	1.0170538694109e-23	LOH12CR1	c9
5.9301052739158e-28	1.28924299801671	0.018	0.007	1.23144566118135e-23	ZBTB10	c9
9.81503968092404e-28	-1.17055447721627	0.019	0.043	2.03819114014069e-23	ZYX	c9
1.09748204493777e-27	-0.575035958819499	0.091	0.13	2.27903121451777e-23	CD2	c9
1.29696123189566e-27	1.2145426340045	0.02	0.008	2.69326969415453e-23	TNFSF8	c9
2.586631017611e-27	-6.1893958465859	0	0.013	5.371397971171e-23	CCL3L1	c9
3.2903750579362e-27	-1.85630536354559	0.007	0.025	6.83279284531031e-23	IL2RB	c9
3.38029909795507e-27	1.01231768864103	0.028	0.014	7.0195291068135e-23	TRADD	c9
4.33609741367588e-27	-0.797052603992712	0.051	0.083	9.00433988923934e-23	RGS2	c9
4.53398170285918e-27	0.46848855108353	0.114	0.081	9.41526640415738e-23	TUBA1A	c9
5.0950342600367e-27	0.535038656310471	0.074	0.049	1.05803481443922e-22	GPR183	c9
6.27051317159617e-27	-2.61727597010955	0.003	0.019	1.30213476521366e-22	PTMS	c9
7.59992524503181e-27	-5.49062016268677	0.001	0.014	1.57820047638331e-22	SEPP1	c9
1.2296869008242e-26	1.09272134139864	0.024	0.011	2.55356781825154e-22	LPAR6	c9
1.44483137547603e-26	0.577495001884731	0.082	0.055	3.00033683431353e-22	HNRNPA0	c9
1.57258671158104e-26	-1.02169954989824	0.046	0.077	3.26563356526919e-22	HERPUD1	c9
1.58062929698657e-26	-6.81546692140772	0	0.013	3.28233479812231e-22	RAB31	c9
1.92073111088944e-26	-4.89598396192943	0	0.013	3.98859022487302e-22	GPR56	c9
2.7688515915937e-26	-1.05216001281548	0.022	0.047	5.74979721510347e-22	SEPT7	c9
3.92094611499394e-26	1.30877102367598	0.014	0.005	8.14223670239641e-22	IL2	c9
4.04162121180444e-26	-1.74879447036352	0.008	0.026	8.3928306084331e-22	AMICA1	c9
4.62582520081462e-26	-1.25256245706009	0.016	0.037	9.60598861201165e-22	EVI2B	c9
5.23449964325122e-26	-1.02492479006208	0.025	0.05	1.08699619591755e-21	CD97	c9
6.23577279224788e-26	-3.58822450542689	0.001	0.015	1.2949205780382e-21	CXCL16	c9
8.99634185076325e-26	-5.26848741736972	0	0.013	1.8681803487295e-21	MARCKS	c9
9.02303241480599e-26	-6.96332374925713	0	0.012	1.87372291125861e-21	GSN	c9
1.09209331295081e-25	-5.93408072585879	0	0.013	2.26784097367365e-21	LOC100509457	c9
1.10615348129154e-25	-1.66936954236028	0.008	0.026	2.29703831925001e-21	MAP3K8	c9
1.21815835029574e-25	0.72098155593488	0.052	0.031	2.52962763022414e-21	ITK	c9
1.28244468579664e-25	0.872589491653868	0.035	0.019	2.6631246345253e-21	IL6ST	c9
1.57631979943251e-25	0.977616662690588	0.029	0.015	3.27338569550156e-21	ICAM2	c9
1.64055027100291e-25	-5.78323097718953	0.001	0.013	3.40676669276464e-21	RNASE1	c9
1.85087355017477e-25	0.422529002309926	0.174	0.136	3.84352401429293e-21	ANXA1	c9
2.0237509464896e-25	-0.622168538649433	0.061	0.094	4.2025212154803e-21	RNASEK	c9
2.38916150554113e-25	0.332109205744048	0.208	0.165	4.96133278240672e-21	RPL27A	c9
4.56523385344421e-25	1.60125619667894	0.01	0.003	9.48016462006225e-21	TAF4B	c9
5.11638317316277e-25	-0.846432472059568	0.044	0.073	1.06246812973898e-20	ND6	c9
5.89836428065289e-25	-2.57777836493437	0.003	0.018	1.22485432652038e-20	LOC101928173	c9
6.29285267755267e-25	-1.1040759770246	0.02	0.042	1.30677378702059e-20	RNF213	c9
6.56771441047197e-25	-0.700538226164527	0.048	0.078	1.36385157447861e-20	GUK1	c9
8.6644920294506e-25	-1.40130104203737	0.012	0.031	1.79926841483571e-20	TPM4	c9
9.30287818646067e-25	-2.19407285657167	0.004	0.019	1.93183568420042e-20	KLF4	c9
1.1042183177159e-24	-3.6128360719402	0.001	0.014	2.29301975856883e-20	WARS	c9
1.31535745335868e-24	-1.07344263605715	0.022	0.044	2.73147128764464e-20	RHOC	c9
1.70542733813375e-24	0.874656014573806	0.034	0.018	3.54149041036855e-20	CAMK4	c9
1.96221858627988e-24	-6.69004206137358	0	0.012	4.07474311626879e-20	NCF2	c9
2.06195424309461e-24	0.507835007494829	0.076	0.051	4.28185418121027e-20	HSPH1	c9
3.03532583059112e-24	-0.477329171342475	0.1	0.138	6.30315761980552e-20	PSME1	c9
3.39236660201214e-24	-0.725443213554645	0.044	0.072	7.04458848573842e-20	NDUFA13	c9
3.49016244929177e-24	1.01244374283007	0.025	0.013	7.24767134219928e-20	DGKA	c9
4.27401977787586e-24	-1.37009161592666	0.012	0.031	8.87542947073702e-20	SERPINB1	c9
4.30334225550031e-24	-1.70994161881128	0.007	0.024	8.93632052777195e-20	GLIPR2	c9
4.7837053890612e-24	-5.17704315617236	0	0.012	9.9338426109245e-20	RNASE6	c9
5.5433444253546e-24	-5.69638916813946	0	0.012	1.15113090336914e-19	HCK	c9
5.88233727451913e-24	-3.09144501105826	0.002	0.015	1.22152615842664e-19	CD9	c9
7.57412986413088e-24	0.48108870281413	0.111	0.081	1.57284380758542e-19	FYB	c9
7.67654638188234e-24	-7.01146117934937	0	0.011	1.59411162166169e-19	STAB1	c9
7.85212814735914e-24	-0.802907670842031	0.034	0.06	1.6305729310806e-19	PSMA7	c9
8.72854002894666e-24	-0.5420000635672	0.098	0.135	1.81256862241106e-19	HMGB1	c9
9.00815963797354e-24	1.17786084424282	0.018	0.008	1.87063443042159e-19	SESN3	c9
9.13916068079991e-24	0.904286680812289	0.031	0.016	1.89783810697491e-19	TRAT1	c9
9.98145497509542e-24	-1.70965776929497	0.01	0.027	2.07274894012832e-19	TNFRSF18	c9
1.00280452509719e-23	1.38617103199721	0.013	0.005	2.08242387681683e-19	FBLN7	c9
1.22621970477072e-23	-2.10370882891901	0.004	0.019	2.54636783892687e-19	APMAP	c9
1.28591262149847e-23	-6.66112936945834	0	0.011	2.67032614980372e-19	FCGR2A	c9
1.42008156845457e-23	-0.444983820966	0.146	0.187	2.94894138505277e-19	CD3D	c9
1.63359460319448e-23	-5.70585777601214	0	0.012	3.39232255299366e-19	IGSF6	c9
1.71205006741325e-23	-5.72087946529617	0	0.012	3.55524316999036e-19	LILRB1	c9
1.81598617090949e-23	-0.735528533034331	0.042	0.069	3.77107688251064e-19	CAPZB	c9
2.02572852609618e-23	-0.357976793731637	0.169	0.213	4.20662785729132e-19	PPDPF	c9
2.31331662960035e-23	-6.62365466403968	0	0.011	4.80383331302809e-19	PILRA	c9
2.42028775305127e-23	-0.904146449292678	0.036	0.062	5.02596954798628e-19	CSTB	c9
2.68766838439125e-23	-0.868242444476806	0.029	0.054	5.58121216702688e-19	ATP5G3	c9
2.87329872313562e-23	-5.05952208574096	0	0.012	5.96669212846342e-19	MRC1	c9
2.98254466318954e-23	-1.83549821358009	0.007	0.023	6.19355224757941e-19	ZFAND5	c9
3.01857667402212e-23	0.464545750760343	0.092	0.065	6.26837632127434e-19	TNF	c9
3.03166076940358e-23	-2.00970151257516	0.005	0.02	6.29554675374347e-19	CXCR6	c9
3.19329532991697e-23	-1.42915651296865	0.011	0.028	6.63119708210559e-19	KLRG1	c9
3.43688040426879e-23	-0.346627982253104	0.192	0.236	7.13702584750456e-19	ARHGDIB	c9
6.2485706263285e-23	-1.44566951546552	0.01	0.027	1.29757817626338e-18	RBPJ	c9
7.01298913799596e-23	-1.08349038769983	0.019	0.04	1.45631732439624e-18	BST2	c9
1.01610115160725e-22	-1.21170356191194	0.021	0.043	2.11003565142761e-18	TXN	c9
1.05797309358216e-22	-1.00243951852282	0.022	0.043	2.19698692613272e-18	CARD16	c9
1.28484477728391e-22	-6.60757990118161	0	0.011	2.66810866450777e-18	KLRF1	c9
1.3986273059539e-22	0.911574601181638	0.029	0.016	2.90438946354387e-18	MRPL18	c9
1.41190900061694e-22	0.305468031905733	0.218	0.177	2.93197023068113e-18	COX7C	c9
1.43296654702521e-22	-1.92165029486036	0.005	0.02	2.97569833155255e-18	AGTRAP	c9
1.48183051151353e-22	-2.08358613236931	0.004	0.019	3.07716924020899e-18	LTA4H	c9
1.75123202381231e-22	-4.70962788714953	0	0.011	3.63660842064864e-18	TGFBI	c9
1.95482111656824e-22	0.906043817819287	0.028	0.015	4.0593815306656e-18	NXT1	c9
2.21221045754083e-22	-0.749288013898776	0.038	0.064	4.59387623612929e-18	TMBIM6	c9
2.72571738786793e-22	0.546283105462824	0.069	0.047	5.66022472764655e-18	TUBB4B	c9
2.82110088584328e-22	-2.78099042563973	0.004	0.018	5.85829809954215e-18	STMN1	c9
3.12142473759367e-22	-2.59367518869223	0.002	0.015	6.48195061008702e-18	CECR1	c9
3.27253730788357e-22	-0.750850087555865	0.037	0.062	6.79575097355103e-18	CDC42	c9
3.68176695175996e-22	-1.10523407276456	0.028	0.051	7.64555725202473e-18	HSP90B1	c9
5.06899207578638e-22	0.557748574364489	0.072	0.049	1.0526268944578e-17	HNRNPA1P10	c9
5.15996953627602e-22	-2.53250929418039	0.003	0.015	1.07151927390308e-17	RNF130	c9
6.17782384651947e-22	-0.846898810525199	0.03	0.053	1.28288689996823e-17	PARK7	c9
6.67865375021453e-22	-1.14349879154347	0.016	0.035	1.38688923776955e-17	LRRFIP1	c9
7.2994942406185e-22	-6.53719057329021	0	0.01	1.51581297400684e-17	FPR1	c9
7.87085891976765e-22	-5.56381707533556	0	0.011	1.63446256327895e-17	CSF3R	c9
7.93371035332795e-22	-0.86073615816891	0.029	0.052	1.64751429197208e-17	DRAP1	c9
8.97662193797949e-22	-1.98173039087512	0.005	0.018	1.86408531164082e-17	VASP	c9
1.02604031843791e-21	-0.871390016681018	0.027	0.05	2.13067532526817e-17	HCLS1	c9
1.22927940632643e-21	-5.5858644200259	0	0.011	2.55272161517747e-17	ALDH2	c9
1.23534793747156e-21	-2.06978570212069	0.004	0.018	2.56532352695345e-17	PTPRE	c9
1.40772436189269e-21	-0.803410304748861	0.031	0.055	2.92328040990637e-17	ACTR3	c9
1.85015007739478e-21	1.13156378695279	0.018	0.008	3.842021650718e-17	LOC646513	c9
1.9033394656282e-21	1.16241959800752	0.017	0.008	3.95247473432352e-17	SATB1	c9
2.45309312345687e-21	-0.735115358252168	0.037	0.061	5.09409318017054e-17	ID2	c9
3.91617013076883e-21	-1.10862308045325	0.016	0.035	8.13231889355456e-17	POMP	c9
3.96209651104129e-21	-1.07966206372176	0.017	0.037	8.22768961482835e-17	ATP6V1F	c9
4.16525596737267e-21	-1.48945863659479	0.009	0.024	8.64957054184608e-17	IFNGR1	c9
5.18821109990139e-21	-1.22515415267536	0.013	0.03	1.07738391700552e-16	ACTR2	c9
5.64162702345892e-21	0.457449596162436	0.107	0.08	1.17154026769148e-16	CITED2	c9
5.995379804154e-21	-1.49330555058147	0.008	0.024	1.24500057013062e-16	PTPN22	c9
7.45172280723248e-21	-6.48681705077509	0	0.01	1.5474247581499e-16	CD300E	c9
1.12992183688919e-20	-1.98322718906326	0.004	0.018	2.34639568648409e-16	AP1S2	c9
1.36490454379512e-20	-1.22357339190722	0.013	0.03	2.83436077564495e-16	ARPC5L	c9
2.65207453919495e-20	1.00796835355774	0.02	0.01	5.50729798809224e-16	TNFRSF25	c9
2.69944269272904e-20	0.944173669986748	0.027	0.015	5.60566269572112e-16	MYC	c9
2.90800122046716e-20	-2.44512357064314	0.004	0.016	6.0387553344221e-16	MTRNR2L8	c9
2.98287499174124e-20	0.432801344863241	0.112	0.084	6.19423820784985e-16	TAGAP	c9
3.804797417413e-20	-0.928091166687542	0.022	0.042	7.90104231699983e-16	PDIA3	c9
4.30669785229989e-20	1.02329295134538	0.02	0.01	8.94328876008595e-16	INPP4B	c9
4.78979917178251e-20	-1.01275526225714	0.018	0.037	9.94649696012356e-16	SLC9A3R1	c9
5.08116525428596e-20	-4.2223172359368	0	0.01	1.05515477670502e-15	FAM26F	c9
5.50566517802624e-20	0.734013906521072	0.035	0.021	1.14330643086893e-15	UGP2	c9
6.14173497975861e-20	1.37759560625033	0.011	0.004	1.27539268589667e-15	LDLRAP1	c9
6.51252256212277e-20	-1.00406700408867	0.019	0.037	1.35239043525041e-15	COX5A	c9
7.8212368501416e-20	-2.56616964026197	0.003	0.014	1.62415804430041e-15	IRF8	c9
8.89940554481335e-20	-1.82865965975131	0.005	0.018	1.84805055543594e-15	MYO1F	c9
9.39547068188745e-20	-0.995856766554414	0.019	0.037	1.95106344180075e-15	SH3BGRL	c9
1.63465974537558e-19	-1.31002487901182	0.01	0.026	3.39453442724693e-15	CXCR3	c9
1.91791676459404e-19	-0.683246852705466	0.065	0.093	3.98274595335597e-15	HMGN2	c9
2.04645984510409e-19	-1.36108037463169	0.01	0.026	4.24967851434316e-15	IFI6	c9
2.08794877870608e-19	0.568666722655856	0.061	0.042	4.33583443386104e-15	SMDT1	c9
2.97096039573123e-19	0.557296968587027	0.063	0.043	6.16949635777547e-15	EIF4B	c9
3.01358640651632e-19	-1.13639663653109	0.014	0.031	6.2580135317718e-15	PSMB3	c9
3.24033465308043e-19	-4.9571700227336	0	0.01	6.72887894058681e-15	CLEC10A	c9
3.97957084506928e-19	-1.12294370849911	0.014	0.03	8.26397681687086e-15	RUNX3	c9
4.12163345634795e-19	-1.78752990627563	0.005	0.018	8.55898403545216e-15	CEBPD	c9
4.20025124140809e-19	-4.80101054682154	0	0.01	8.72224172790803e-15	LYN	c9
5.06289779627201e-19	-1.24410893863332	0.011	0.027	1.05136135637384e-14	TALDO1	c9
6.39782754812259e-19	-1.01651720092403	0.018	0.036	1.32857286864314e-14	C1orf162	c9
7.93465301212878e-19	-1.24439739446636	0.011	0.027	1.64771004449866e-14	CBLB	c9
8.32253552214045e-19	-2.21421438896998	0.003	0.014	1.72825772652769e-14	ACTN4	c9
1.12465493112877e-18	-3.37853668418292	0.001	0.011	2.33545842998201e-14	ENTPD1	c9
1.17709266677066e-18	-1.28160497323154	0.012	0.027	2.44435063181595e-14	CTLA4	c9
1.38539948236752e-18	0.252523055703887	0.205	0.168	2.8769205650844e-14	RPL13A	c9
1.49523465384295e-18	-0.607045683540776	0.045	0.069	3.10500428217028e-14	POLR2L	c9
1.97274148712796e-18	1.3653321865845	0.011	0.004	4.09659497216992e-14	AP3M2	c9
2.13710327909898e-18	1.26451778562625	0.012	0.005	4.43790866937694e-14	BEX2	c9
2.26313600155738e-18	-3.54986440332532	0.001	0.01	4.69962822083406e-14	CTSZ	c9
2.34061490859788e-18	-2.78251521656362	0.002	0.012	4.86052091919435e-14	PGD	c9
2.36008636442511e-18	-3.23739593279193	0.004	0.015	4.90095534436519e-14	IGJ	c9
2.48607783915187e-18	-0.473871936890319	0.071	0.1	5.16258924078277e-14	SUMO2	c9
3.01894676041662e-18	1.06672885494888	0.017	0.008	6.26914484268116e-14	THEM4	c9
3.17977053775521e-18	-1.52835249768067	0.007	0.02	6.60311149870247e-14	MATK	c9
4.72426953534185e-18	0.328168934900553	0.155	0.124	9.81041811709088e-14	LOC101929876	c9
5.5560547721198e-18	0.530888357769551	0.068	0.048	1.1537703339784e-13	BRD2	c9
5.68357597700097e-18	-0.610440399784645	0.045	0.069	1.18025138738402e-13	LCK	c9
5.72805141107426e-18	-3.61888920076212	0.001	0.01	1.18948715602368e-13	MARCH1	c9
5.99271174592475e-18	-0.762681023235356	0.029	0.05	1.24444652115873e-13	C14orf2	c9
6.19210242502306e-18	-1.1111475517825	0.013	0.029	1.28585198958029e-13	CNPY3	c9
6.90115951312766e-18	0.808268790296021	0.029	0.017	1.43309478449609e-13	GPR171	c9
7.08535162732113e-18	-0.629292000668439	0.043	0.066	1.47134411892951e-13	H3F3AP4	c9
7.52023208532463e-18	0.73287640347319	0.034	0.02	1.56165139483851e-13	RORA	c9
7.85899990643651e-18	-1.87186628769386	0.004	0.016	1.63199992057061e-13	POU2F2	c9
8.09730980927545e-18	-1.88845216213574	0.004	0.016	1.68148735499414e-13	HSBP1	c9
8.91571640700146e-18	-4.23850043321937	0.001	0.011	1.85143766907792e-13	MZB1	c9
9.31634151837031e-18	-1.27317517855801	0.01	0.025	1.93463147970478e-13	PDIA6	c9
9.32264397152966e-18	-2.73660887982803	0.002	0.011	1.93594024712785e-13	MFSD1	c9
1.00730879805857e-17	-0.886596354662431	0.02	0.038	2.09177745004842e-13	PPP1R18	c9
1.02327520350798e-17	-1.81663273564561	0.004	0.016	2.12493328760468e-13	RAB27A	c9
1.13947584701655e-17	0.645478197649527	0.045	0.029	2.36623554391456e-13	FAM177A1	c9
1.71271916954677e-17	-1.87563927458672	0.004	0.016	3.55663262748083e-13	CD79B	c9
1.88344096242677e-17	-1.71543132464965	0.005	0.017	3.91115350257543e-13	SAMD3	c9
2.45057766291133e-17	0.692818296050203	0.036	0.022	5.08886957480167e-13	H2AFX	c9
2.84568203815059e-17	0.260932205260932	0.212	0.176	5.90934332042351e-13	PCBP2	c9
3.24762656572399e-17	-2.31342595349969	0.002	0.012	6.74402132638245e-13	LGALS9	c9
3.84763978588588e-17	-0.905615923959769	0.019	0.036	7.99000877937061e-13	PTP4A2	c9
4.17472856167309e-17	-0.92497933790114	0.019	0.036	8.66924133117034e-13	PVRIG	c9
4.33053273059065e-17	-1.08277138160314	0.014	0.029	8.99278426834455e-13	TCIRG1	c9
4.53940637840455e-17	-0.703062057094894	0.054	0.079	9.4265312853949e-13	NEAT1	c9
4.98956871112526e-17	-0.776375573500691	0.027	0.046	1.03613383855227e-12	GNG2	c9
6.33941379415863e-17	-0.574598297090046	0.048	0.071	1.31644266849498e-12	C9orf142	c9
7.638028976942e-17	0.533523730300902	0.055	0.038	1.58611309735178e-12	TSPYL2	c9
7.79543894084322e-17	0.773445384698549	0.03	0.018	1.6188008504555e-12	PTGER2	c9
8.17383140942483e-17	-1.36878339949015	0.011	0.025	1.69737783048116e-12	PLIN2	c9
8.71142705967516e-17	0.396168963000117	0.107	0.082	1.80901494321214e-12	GSTK1	c9
1.17666516343666e-16	-1.43645913088436	0.008	0.021	2.44346287839257e-12	LINC00936	c9
1.44609193522986e-16	1.02565815270104	0.016	0.008	3.00295451269834e-12	LOC101929065	c9
1.94507365638379e-16	0.40191996930605	0.082	0.061	4.03913995484657e-12	BATF	c9
2.04386212524313e-16	1.01090663367909	0.017	0.008	4.24428408927988e-12	TIFA	c9
2.28701684210275e-16	-0.80103542206872	0.025	0.043	4.74921917431057e-12	SH2D2A	c9
2.49959699501368e-16	-0.421737098716434	0.123	0.154	5.1906631198454e-12	CD37	c9
2.59379834209183e-16	-2.17643787190047	0.003	0.012	5.3862816371879e-12	SLA2	c9
2.67547999166601e-16	0.581920638597467	0.048	0.032	5.55590175069365e-12	OCIAD2	c9
4.16959978264766e-16	-1.7195880142679	0.005	0.015	8.65859090864613e-12	CHST12	c9
4.42089907991985e-16	-0.82989477147166	0.023	0.04	9.18043902936157e-12	SDCBP	c9
4.85910298292893e-16	-0.693919531661665	0.033	0.052	1.00904132543502e-11	RABAC1	c9
5.0023321071763e-16	-2.01335076055059	0.003	0.013	1.03878428537623e-11	BANK1	c9
5.6303331694907e-16	-0.755846233671708	0.026	0.044	1.16919498597644e-11	TRAPPC1	c9
5.88443191601276e-16	0.571313629593338	0.048	0.032	1.22196113167921e-11	NDFIP1	c9
6.60266241062741e-16	-1.02255115037246	0.014	0.028	1.37110887619089e-11	TRAPPC5	c9
6.84721538177903e-16	-0.945406418112971	0.023	0.04	1.42189274618023e-11	ISG15	c9
7.21172517934359e-16	0.568681057044707	0.051	0.034	1.49758685074249e-11	ICOS	c9
7.66219971723064e-16	-2.01335076055059	0.003	0.013	1.59113239328012e-11	PLSCR1	c9
8.92786421178479e-16	-1.81896154170559	0.004	0.014	1.85396028221923e-11	LOC100996919	c9
8.93031109815932e-16	-1.02265025506667	0.014	0.028	1.85446840264376e-11	REEP5	c9
1.2937330591378e-15	-0.390572558149411	0.095	0.124	2.68656607060556e-11	HNRNPA2B1	c9
1.38711015410395e-15	-0.604004833000587	0.041	0.061	2.88047294601226e-11	CD53	c9
1.4240432284761e-15	-2.14381195514114	0.003	0.013	2.95716816825346e-11	LIPA	c9
1.55488971224707e-15	-1.32965128004812	0.008	0.02	3.22888397645227e-11	ATP2B1	c9
2.04452631733624e-15	-2.86701768305009	0.001	0.01	4.24566335058043e-11	LOC101927412	c9
2.15437084301043e-15	0.69351846021982	0.033	0.021	4.47376649259546e-11	CCDC109B	c9
2.22891147169487e-15	-2.54596459276315	0.002	0.011	4.62855756212156e-11	NLRP3	c9
2.2425031623166e-15	-1.57398583500201	0.007	0.019	4.65678206686664e-11	MIR155HG	c9
2.41933149456003e-15	-0.742196891610155	0.033	0.052	5.02398378160336e-11	CD83	c9
2.7340702116322e-15	-2.91720787945071	0.001	0.01	5.67757020147543e-11	SOX4	c9
3.26347057249369e-15	-1.99983792881389	0.003	0.012	6.7769229908404e-11	TPP1	c9
3.68634523046792e-15	0.891454919927439	0.02	0.011	7.65506450558969e-11	SESN1	c9
3.70397891125495e-15	-2.50066469726509	0.002	0.01	7.69168260711203e-11	RALGPS2	c9
3.7758672898245e-15	-0.455017396090338	0.068	0.093	7.84096601404956e-11	ATP5I	c9
3.80145155763354e-15	0.942162921015061	0.018	0.009	7.89409430458181e-11	BAG3	c9
3.99163015599859e-15	0.473296950762586	0.062	0.044	8.28901918194668e-11	CHMP1B	c9
6.1390598376693e-15	-2.1741795724348	0.002	0.011	1.27483716589041e-10	BLVRB	c9
6.23056975173541e-15	0.971191862742284	0.016	0.008	1.29384011464538e-10	ODF2L	c9
7.07962412149708e-15	-0.591352140615053	0.038	0.058	1.47015474507008e-10	LAMTOR4	c9
7.8104301492605e-15	-0.612467006401512	0.037	0.057	1.62191392479544e-10	PSMB8	c9
8.81179380293571e-15	-2.56520494945981	0.002	0.01	1.82985710111763e-10	CUX1	c9
1.1485750287249e-14	-0.702334766423325	0.028	0.045	2.38513090465012e-10	BRK1	c9
1.33121917753376e-14	-1.45199433901181	0.006	0.017	2.76440974406661e-10	TLN1	c9
1.34037276183815e-14	-0.890760439851658	0.018	0.032	2.7834180772331e-10	SYTL3	c9
1.53380331983932e-14	-1.65397280666606	0.004	0.014	3.18509597397832e-10	TRG-AS1	c9
1.6767107530531e-14	-1.74559066784803	0.004	0.013	3.48185754979006e-10	TPST2	c9
1.79075553623987e-14	0.496333460849328	0.058	0.041	3.71868294655572e-10	PDCD4	c9
1.91328781279138e-14	-0.713784963184771	0.027	0.044	3.97313347204258e-10	ARF5	c9
2.03759298110666e-14	-2.19890441015695	0.004	0.014	4.2312655845661e-10	MT1E	c9
2.05832704214962e-14	0.81939400367284	0.021	0.012	4.27432193572791e-10	LOC101929910	c9
2.09019490113141e-14	0.689675324625547	0.033	0.021	4.34049873168948e-10	ODC1	c9
2.26117996043185e-14	-0.999234694979014	0.014	0.027	4.69556630583278e-10	ITGAE	c9
2.47931904907055e-14	-0.461568377636298	0.061	0.084	5.1485539372999e-10	COX6A1	c9
2.51148397695974e-14	-1.3493471418962	0.007	0.018	5.2153476265546e-10	CASP1	c9
3.11812093602514e-14	-0.85064412307406	0.017	0.032	6.47508993574981e-10	SEC11A	c9
3.25635399458256e-14	-0.994482076275034	0.013	0.026	6.76214470515013e-10	IFI27L2	c9
3.29567070751694e-14	-0.375694407094748	0.087	0.113	6.84378979122968e-10	CHCHD2	c9
3.54885805772203e-14	-0.672771703592151	0.029	0.046	7.36955864266557e-10	WDR83OS	c9
3.87127534077824e-14	-0.869030057997513	0.017	0.031	8.0390903726601e-10	AKAP13	c9
3.89909366862573e-14	-0.450480008393089	0.079	0.103	8.0968579122682e-10	MCL1	c9
4.54154725436523e-14	-1.30489969088752	0.008	0.02	9.43097702841484e-10	TNFSF9	c9
4.57987897673866e-14	-1.70046477907028	0.004	0.013	9.51057668309551e-10	EFHD2	c9
4.6805507265477e-14	-0.76323366852963	0.052	0.073	9.71963163874895e-10	TUBA1B	c9
4.7503132753033e-14	-1.98258812148209	0.003	0.012	9.86450054749484e-10	LAP3	c9
4.91462517499163e-14	-0.578133464043914	0.042	0.062	1.02057106383876e-09	SAMSN1	c9
5.0562381167182e-14	-0.8051455720071	0.02	0.035	1.0499784073177e-09	ARRB2	c9
5.07220925434902e-14	1.03650081509593	0.014	0.007	1.05329497375812e-09	CHMP7	c9
6.01354926218877e-14	-0.619284181930582	0.033	0.051	1.24877363978612e-09	ATP5J2	c9
6.35646691509576e-14	-2.19012423160635	0.002	0.011	1.31998391958878e-09	SMIM14	c9
6.88221723282436e-14	-1.72018548119889	0.004	0.013	1.42916123056831e-09	PELO	c9
7.07443361238076e-14	0.381367958998698	0.091	0.07	1.46907688394699e-09	EIF3F	c9
8.12445324024114e-14	-0.338750351167958	0.109	0.137	1.68712395986847e-09	YWHAZ	c9
8.75598496051469e-14	-0.705736450442815	0.025	0.041	1.81826783690048e-09	CALM3	c9
9.11379390653096e-14	0.443478368886818	0.069	0.051	1.89257044263022e-09	CCNH	c9
1.32308260950451e-13	-1.24741183889034	0.007	0.018	2.74751334689706e-09	IDH2	c9
1.35830154753964e-13	-0.547042165674105	0.041	0.06	2.82064899362081e-09	PRR13	c9
1.41677209090508e-13	-2.30634244616345	0.002	0.01	2.9420689239735e-09	STX11	c9
1.43112963583755e-13	0.450690465808842	0.064	0.046	2.97188380178026e-09	EIF3H	c9
1.45670542481742e-13	0.25765597413962	0.166	0.138	3.02499448517585e-09	RPL7	c9
1.62313716780115e-13	0.688121803233703	0.031	0.02	3.37060664265587e-09	ZC3HAV1	c9
1.65667300842561e-13	-0.735870819100914	0.023	0.038	3.44024716929662e-09	ITGA4	c9
1.77860254180662e-13	-0.413201856014755	0.071	0.094	3.69344603831562e-09	COX6B1	c9
1.7891959391909e-13	0.422516720761759	0.067	0.05	3.71544428732382e-09	ZNF331	c9
1.7917459690831e-13	-0.569507029758746	0.039	0.057	3.72073967939796e-09	ATP6V0E1	c9
1.84842949937012e-13	-0.619082159996046	0.031	0.049	3.838448698392e-09	ROMO1	c9
1.8512207287811e-13	-0.683270277893039	0.026	0.042	3.84424496538684e-09	CSNK2B	c9
1.91058787402519e-13	-1.89632329982136	0.003	0.011	3.96752677920071e-09	CAPNS1	c9
2.13329323207609e-13	0.544654384633334	0.044	0.03	4.42999672572921e-09	PIM1	c9
2.29587458014074e-13	-0.94627529943963	0.014	0.026	4.76761315312025e-09	BSG	c9
2.40660920627704e-13	0.592138070405372	0.035	0.023	4.9975646777549e-09	AIM1	c9
2.5829007283591e-13	-1.04739582377979	0.012	0.024	5.3636516525105e-09	ANKRD28	c9
2.63608457014748e-13	1.16244113864612	0.01	0.005	5.47409321836826e-09	CYSLTR1	c9
2.82810380668575e-13	-0.53924506459254	0.043	0.062	5.87284036496363e-09	CD3G	c9
2.93922619010853e-13	-0.907409568727206	0.015	0.028	6.10359710637937e-09	DEK	c9
3.10500042924858e-13	-1.3273591700843	0.007	0.017	6.44784389137761e-09	GSTO1	c9
3.32331063420395e-13	-1.27808421337126	0.007	0.017	6.90118686298793e-09	ITGAL	c9
3.62460890487773e-13	-0.780968870733211	0.02	0.034	7.5268628518691e-09	TMEM50A	c9
3.64253706471611e-13	-1.34503035337317	0.006	0.016	7.56409246858947e-09	GRINA	c9
3.71307212826453e-13	-0.773523251385256	0.02	0.034	7.71056558155412e-09	WDR1	c9
3.79005988764296e-13	-0.912164020194123	0.014	0.027	7.87043836267937e-09	SH2D1A	c9
3.94619806576701e-13	-0.633025186880741	0.032	0.049	8.19467490337178e-09	C10orf54	c9
3.9727178111209e-13	-0.735800080905157	0.022	0.037	8.24974580657367e-09	RBX1	c9
4.15835498303833e-13	-0.769422305462385	0.021	0.035	8.6352399577774e-09	NOP10	c9
5.04739518778626e-13	-0.594062459786524	0.037	0.055	1.04814208469569e-08	CD27	c9
5.62185064446868e-13	0.936498856341866	0.019	0.011	1.16743350483037e-08	OSM	c9
6.09018370395861e-13	0.41155287939366	0.07	0.052	1.26468754796405e-08	SF1	c9
6.21958965447247e-13	-0.651725175631023	0.026	0.041	1.29155998764775e-08	UQCRQ	c9
6.22998067213448e-13	-0.865572483997178	0.015	0.028	1.29371778637545e-08	PGLS	c9
7.26510417797991e-13	-1.26503871308924	0.007	0.017	1.50867153359931e-08	RTN4	c9
8.30751533946347e-13	0.555283212514603	0.045	0.032	1.72513863539298e-08	SNHG9	c9
8.73117037691273e-13	-0.757291936859125	0.02	0.035	1.8131148404697e-08	ANXA6	c9
9.69548120734462e-13	-1.27387789664045	0.007	0.017	2.01336362751718e-08	MYO1G	c9
1.10913889303214e-12	-1.01706575699673	0.011	0.022	2.30323782527054e-08	SASH3	c9
1.11684965072721e-12	-1.15715435704682	0.008	0.019	2.31924998470012e-08	GABARAPL1	c9
1.15594859094524e-12	-2.04760884196535	0.002	0.01	2.40044284395688e-08	ATP6V1B2	c9
1.21164571508336e-12	-0.646144447179157	0.029	0.045	2.5161034919421e-08	TIGIT	c9
1.34029578918427e-12	-1.2356168657022	0.008	0.018	2.78325823582006e-08	SDF2L1	c9
1.3597597808285e-12	-0.831042932794515	0.016	0.029	2.82367716086847e-08	GDI2	c9
1.53766886010818e-12	-0.580235237032763	0.037	0.055	3.19312315490065e-08	SEC61B	c9
1.58270364627383e-12	-1.91926644750127	0.003	0.011	3.28664239185224e-08	VPREB3	c9
1.69172029708958e-12	-0.99356322723343	0.012	0.023	3.51302636893622e-08	CFLAR	c9
1.84504760250841e-12	-1.15188934568463	0.008	0.019	3.83142585136896e-08	PYHIN1	c9
1.86388756955955e-12	0.576666362796362	0.037	0.025	3.87054892694736e-08	DNAJB4	c9
2.14033802725059e-12	0.813306673793925	0.019	0.011	4.44462594738858e-08	SNHG16	c9
2.38631092630479e-12	-0.763021695847118	0.02	0.034	4.95541326956452e-08	REL	c9
2.68860827842172e-12	-0.795029476553736	0.018	0.031	5.58316395097053e-08	PRDX5	c9
2.84637972598191e-12	-1.24600320821698	0.007	0.016	5.91079213897404e-08	ATOX1	c9
3.03377175950181e-12	-1.12499166593763	0.008	0.019	6.29993043578146e-08	H2AFY	c9
3.14501663284856e-12	0.886997364775574	0.016	0.009	6.53094153977331e-08	DUSP16	c9
3.21074884910928e-12	0.455308737827147	0.054	0.039	6.66744106006033e-08	HSPD1	c9
3.28159611593384e-12	-0.361897944186377	0.09	0.114	6.8145624943482e-08	RARRES3	c9
3.32159066409401e-12	1.12846154008586	0.01	0.004	6.89761517305762e-08	SERINC5	c9
3.33863481531808e-12	0.377689459811388	0.08	0.061	6.93300905748953e-08	EIF4A2	c9
3.70108735059963e-12	-1.58204480907447	0.004	0.013	7.68567799225518e-08	LINC00926	c9
4.68840631805416e-12	0.696959034881946	0.03	0.02	9.73594456007127e-08	TMEM107	c9
4.78877175129278e-12	-0.637737479328403	0.027	0.042	9.9443634187346e-08	RHOG	c9
4.79397751144528e-12	-0.757817193732246	0.019	0.033	9.95517370026726e-08	SELPLG	c9
5.11552991712346e-12	-1.82752779175716	0.003	0.01	1.06229094258986e-07	STARD3NL	c9
5.30388340071601e-12	-1.18022468403714	0.008	0.018	1.10140442699269e-07	INSIG1	c9
5.96630909450575e-12	0.739337455626726	0.021	0.012	1.23896374656506e-07	ILF3-AS1	c9
6.17026122378638e-12	-0.685998215235487	0.023	0.037	1.28131644573148e-07	COX7B	c9
6.67425188544949e-12	-0.588682416053873	0.03	0.046	1.38597514653244e-07	DYNLL1	c9
6.7276835208887e-12	-0.884580688663655	0.016	0.028	1.39707075994775e-07	PLAC8	c9
6.85465109571657e-12	-1.4402674027908	0.006	0.015	1.4234368465365e-07	IER5	c9
7.67769316445467e-12	-0.498039939271591	0.047	0.066	1.59434976253066e-07	PGK1	c9
8.63572590441935e-12	0.386875166126442	0.076	0.059	1.79329484131172e-07	FUS	c9
9.06448504321331e-12	-0.503740069134169	0.041	0.058	1.88233096407368e-07	NDUFA1	c9
9.50563664620347e-12	-0.894166147759272	0.014	0.025	1.97394050595061e-07	VAMP5	c9
9.74497805617621e-12	-0.619109243160858	0.026	0.041	2.02364214314555e-07	LCP2	c9
1.04384457997005e-11	-0.882098224095678	0.027	0.042	2.16764765476582e-07	TUBB	c9
1.05961776608952e-11	0.555803745985929	0.037	0.026	2.2004022530615e-07	SNHG1	c9
1.06661403715664e-11	-0.903482338891567	0.026	0.041	2.21493070955948e-07	IER3	c9
1.30088627474558e-11	-0.457463380819474	0.049	0.067	2.70142043813667e-07	COX5B	c9
1.32013806182331e-11	-0.952228072569053	0.012	0.023	2.74139869918229e-07	PDCD1	c9
1.35249584976972e-11	0.369058225501423	0.075	0.057	2.8085928816318e-07	SPOCK2	c9
1.44517812039262e-11	-0.791281097004449	0.017	0.029	3.00105688480732e-07	MTDH	c9
1.69372123390283e-11	-0.505839611611901	0.04	0.057	3.51718151432263e-07	NDUFB2	c9
1.96816603194462e-11	-0.534911027146205	0.035	0.051	4.08709358193619e-07	TBC1D10C	c9
2.02166495685399e-11	-0.455111997385121	0.047	0.065	4.19818944940299e-07	USMG5	c9
2.0450787616914e-11	-1.83208757054107	0.003	0.01	4.24681055652836e-07	BID	c9
2.16835880565205e-11	-3.67689668531666	0.004	0.012	4.50281389581705e-07	IGLL5	c9
2.28900505477016e-11	-1.19180350557886	0.007	0.016	4.75334789673572e-07	MACF1	c9
2.43177886521566e-11	-1.75827679712603	0.003	0.01	5.04983199150685e-07	NCOA4	c9
2.59292236161979e-11	0.278785901806272	0.128	0.105	5.38446257613966e-07	NR4A2	c9
2.72930061931666e-11	-0.762253905201944	0.018	0.03	5.66766566607298e-07	BLOC1S1	c9
2.77498388491295e-11	-0.656477175623817	0.023	0.037	5.76253153541023e-07	COPE	c9
3.05867772717646e-11	0.641834783134526	0.026	0.017	6.35165016825463e-07	EIF4A3	c9
3.08020240947798e-11	-0.744809754970897	0.018	0.031	6.39634832352197e-07	UBE2L6	c9
3.38830722351239e-11	-1.14545165551454	0.007	0.017	7.03615878034582e-07	GBP2	c9
3.59219993681334e-11	-0.90138467533222	0.012	0.023	7.45956238878657e-07	TGFB1	c9
3.69653087114558e-11	-0.8048290730427	0.016	0.027	7.67621600702092e-07	ARHGAP9	c9
3.69826989358893e-11	-0.566862720748813	0.032	0.047	7.67982726102678e-07	MYH9	c9
4.13877932567636e-11	0.506394439346224	0.042	0.029	8.59458914769954e-07	ST13	c9
4.63230782791137e-11	-0.76435894339047	0.017	0.028	9.61945043544076e-07	IGFLR1	c9
4.6487671578338e-11	-0.690715835631829	0.021	0.034	9.65362987995766e-07	SHFM1	c9
4.8285000243169e-11	-0.78254726460073	0.016	0.027	1.00268631504965e-06	FAM49B	c9
5.07720822112213e-11	0.352667453588784	0.071	0.054	1.05433305919822e-06	NFKBIZ	c9
5.13045016317411e-11	-0.473454414489246	0.045	0.062	1.06538928088474e-06	UQCR10	c9
5.85777390953756e-11	0.577720326147622	0.032	0.022	1.21642533005457e-06	SBDS	c9
6.1789076885453e-11	-0.828532914159377	0.014	0.025	1.28311197060332e-06	TAP1	c9
6.77683125106962e-11	0.290600005435202	0.121	0.1	1.40727677759712e-06	CCNI	c9
7.05627720818018e-11	-1.43236060006978	0.004	0.012	1.4653065250507e-06	GYG1	c9
8.80025093445773e-11	-0.490965945433947	0.045	0.062	1.82746010904949e-06	KRTCAP2	c9
9.25506305178697e-11	0.947406707036667	0.012	0.006	1.92190639333408e-06	RCAN3	c9
9.80645403448943e-11	-1.36248403354791	0.005	0.013	2.03640824480207e-06	ATP1B3	c9
1.02886169177974e-10	-0.528308652404464	0.036	0.051	2.1365341891498e-06	C9orf16	c9
1.05448990908431e-10	-1.06639909248836	0.009	0.018	2.18975374520448e-06	IRF2BP2	c9
1.0793294185397e-10	-1.47225994539223	0.004	0.011	2.24133547053954e-06	PLA2G16	c9
1.08701239446004e-10	-1.27021307502625	0.006	0.014	2.25728993833571e-06	MIDN	c9
1.18062573606705e-10	-0.912670545058732	0.011	0.021	2.45168740351683e-06	PSMB6	c9
1.1834959073138e-10	0.692813259384248	0.022	0.014	2.45764760112784e-06	RASGRP2	c9
1.1949703565018e-10	-0.542997000694452	0.032	0.047	2.48147544231163e-06	HNRNPA3	c9
1.20651871999267e-10	-0.788967858381011	0.017	0.028	2.50545677393678e-06	HIF1A	c9
1.32378023820088e-10	0.223973683106156	0.165	0.14	2.74896204264795e-06	CIRBP	c9
1.3717511834936e-10	0.523633761279651	0.038	0.027	2.84857850764281e-06	LOC100506248	c9
1.69909617775794e-10	0.599971737084345	0.028	0.019	3.52834312273213e-06	PRMT9	c9
2.07168798412278e-10	-0.438712266130898	0.051	0.068	4.30206726782935e-06	SLC25A5	c9
2.13147521988289e-10	-1.27608512674172	0.006	0.014	4.4262214416088e-06	NAAA	c9
2.34811523985421e-10	-0.58649008185062	0.027	0.04	4.87609610708126e-06	ATP5B	c9
2.42005745543672e-10	0.419541037660866	0.046	0.033	5.02549131195989e-06	LMNA	c9
2.42362737038372e-10	-0.51607790206436	0.039	0.055	5.03290459733883e-06	PRDX1	c9
2.51038966593355e-10	-1.36423151175826	0.005	0.012	5.21307518027762e-06	JARID2	c9
2.82058623284073e-10	-0.870199117369341	0.012	0.022	5.85722937111706e-06	CANX	c9
3.34886928084349e-10	-0.749617358733191	0.016	0.028	6.95426194859959e-06	GBP5	c9
3.36394450410154e-10	-1.36429225553381	0.004	0.012	6.98556715721726e-06	ATP6V0D1	c9
3.49903959207647e-10	-0.582689047387876	0.027	0.041	7.266105616906e-06	YWHAQ	c9
3.5278696764188e-10	-0.302186229271002	0.095	0.117	7.32597417005127e-06	UQCR11	c9
3.89581398516794e-10	-0.813240441344351	0.014	0.024	8.09004732159975e-06	GRB2	c9
4.10520482814144e-10	-0.991631324086391	0.011	0.021	8.52486834611851e-06	XIST	c9
4.20938687992009e-10	-0.543796056400777	0.032	0.046	8.74121279484206e-06	POLD4	c9
4.24142922172929e-10	-0.657073859328694	0.02	0.032	8.80775192184305e-06	DDX17	c9
4.52464771670076e-10	-1.07121610878614	0.007	0.016	9.3958834485008e-06	MGAT1	c9
4.81940497209021e-10	0.747045231525204	0.018	0.011	1.00079763650425e-05	TUBB2A	c9
5.13890518855611e-10	0.866982653576474	0.013	0.007	1.06714505145556e-05	C1orf228	c9
5.40452113405619e-10	-1.48072362163118	0.004	0.01	1.12230285869811e-05	MAP2K3	c9
5.44562901465373e-10	-0.706916628962125	0.018	0.029	1.13083932118299e-05	HMGN3	c9
5.58810615873187e-10	-0.409570605567886	0.052	0.069	1.16042612492226e-05	HNRNPK	c9
5.81501573778801e-10	-1.45678248957382	0.004	0.011	1.20754616810906e-05	PLEKHF1	c9
6.7174311933161e-10	-0.503764433272488	0.038	0.054	1.39494176160402e-05	CD247	c9
7.92072575984804e-10	-0.990296113402572	0.009	0.017	1.64481791129005e-05	RASSF1	c9
8.15748159364056e-10	-0.663996310878399	0.02	0.031	1.6939826277354e-05	SP100	c9
8.72855685352945e-10	-0.481719113072504	0.038	0.053	1.81257211620393e-05	SON	c9
9.13933116211347e-10	-0.612089439405713	0.023	0.035	1.89787350912448e-05	SCAND1	c9
1.03352541747985e-09	-1.5435641180748	0.003	0.01	2.14621888193866e-05	GK	c9
1.04559428508659e-09	-0.910299370523835	0.01	0.02	2.17128109241082e-05	SIRPG	c9
1.06461825749919e-09	-0.653877191128302	0.022	0.034	2.21078627352281e-05	SPCS2	c9
1.06549397727537e-09	-1.31456814875823	0.005	0.012	2.21260479321003e-05	PSMA4	c9
1.08838816126746e-09	-0.333692951312166	0.073	0.092	2.26014685568802e-05	YWHAB	c9
1.14370626292415e-09	0.385182912538297	0.059	0.045	2.37502042558829e-05	UXT	c9
1.3305728275176e-09	0.427563481309119	0.044	0.032	2.76306753362305e-05	H3F3C	c9
1.36212638224291e-09	-0.807979205227135	0.013	0.023	2.82859164536563e-05	SRRM2	c9
1.37542697258244e-09	-0.37952119018597	0.058	0.076	2.85621165126469e-05	NDUFA4	c9
1.40744936505408e-09	-0.837720408304484	0.012	0.021	2.92270935147131e-05	PSMA6	c9
1.42049970064529e-09	0.408525936405006	0.053	0.04	2.94980967836001e-05	EIF3L	c9
1.43245758956627e-09	0.8743111094433	0.013	0.007	2.97464143049331e-05	LOC100130476	c9
1.68230306548834e-09	0.55291491302357	0.029	0.02	3.49347054579309e-05	CD5	c9
1.78073474094709e-09	-1.22545824550873	0.005	0.012	3.69787376305073e-05	IVNS1ABP	c9
1.78943955317361e-09	-1.11082655854879	0.006	0.014	3.71595017612032e-05	ROCK1	c9
2.05086071766918e-09	-0.864389480557143	0.011	0.02	4.25881736631182e-05	SET	c9
2.10552116717648e-09	0.479675402840311	0.037	0.027	4.37232525575868e-05	FAM46C	c9
2.18383245796808e-09	-1.02910379774245	0.008	0.016	4.53494648221652e-05	NCF1C	c9
2.70071324746138e-09	-0.975796543707456	0.009	0.017	5.60830112967829e-05	UBE2J1	c9
3.15607727836334e-09	0.72630263205163	0.017	0.01	6.55391007624931e-05	NELL2	c9
3.20839610619526e-09	0.444305575644298	0.044	0.032	6.66255535412507e-05	TOMM20	c9
3.69547130233467e-09	-0.526158395284719	0.03	0.043	7.67401570642817e-05	TAPBP	c9
3.96147314832005e-09	-1.03624068432442	0.007	0.014	8.22639513980142e-05	ARHGAP30	c9
4.00344796696104e-09	-0.556857606746285	0.034	0.048	8.31356004819129e-05	HSPA5	c9
4.21098889370482e-09	0.317675064617627	0.071	0.056	8.74453953666742e-05	SQSTM1	c9
4.25548341021538e-09	0.280918647808586	0.085	0.068	8.83693684965326e-05	TUBA4A	c9
4.91997317219171e-09	0.624779147019523	0.022	0.014	0.000102168162893733	RAPGEF6	c9
5.17763113846106e-09	0.449186142845816	0.042	0.031	0.000107518688221282	RSL24D1	c9
5.22529244831892e-09	-1.02249493579072	0.007	0.015	0.000108508422981791	PLEC	c9
5.26384111508604e-09	0.542085083210364	0.028	0.019	0.000109308924595877	BCAS2	c9
5.70755035867626e-09	-1.32082999885761	0.004	0.011	0.000118522990748271	MANF	c9
7.10265504925979e-09	-1.0605398836042	0.007	0.014	0.000147493734752929	PARVG	c9
7.68689089809395e-09	-0.803686321934218	0.013	0.023	0.000159625976389819	SNX3	c9
8.00554192318668e-09	-1.01985650655133	0.007	0.015	0.000166243083576895	NCOR1	c9
8.2954317748953e-09	-0.659331637142101	0.029	0.042	0.000172262936237476	HMGB2	c9
8.44710542261346e-09	-0.614147988812465	0.02	0.03	0.000175412591205991	CDK2AP2	c9
8.95883754163444e-09	-0.774401203666049	0.013	0.022	0.000186039220389581	AKIRIN2	c9
9.05747738800606e-09	-0.306943168624197	0.082	0.101	0.000188087575439334	YBX1	c9
9.27393487191612e-09	-0.817471538948937	0.011	0.02	0.00019258253155021	AKNA	c9
9.32587649536339e-09	0.308161155981876	0.046	0.035	0.000193661151302716	PIM2	c9
9.55507871071028e-09	-0.469613799349134	0.033	0.046	0.00019842076450661	ARHGDIA	c9
9.58913198294019e-09	0.353432675439811	0.065	0.052	0.000199127914757736	GIMAP4	c9
1.1004623957985e-08	0.319166187011193	0.078	0.062	0.000228522021111516	RPL22L1	c9
1.10105143223199e-08	0.484173816129159	0.035	0.025	0.000228644340417295	MZT2B	c9
1.11524563878909e-08	-0.483930447255764	0.033	0.046	0.000231591909350943	ARF6	c9
1.14684126852262e-08	-1.2522656377997	0.004	0.011	0.000238153057821407	TOX	c9
1.17117387042772e-08	-0.701873821730926	0.015	0.025	0.000243205965933021	PAK2	c9
1.19490911465573e-08	-0.921074942892264	0.009	0.016	0.000248134826749409	TGOLN2	c9
1.48021245652936e-08	-0.7890985276885	0.013	0.022	0.000307380918722887	KLF10	c9
1.53222136589882e-08	-0.854255872528933	0.011	0.019	0.000318181088842549	CCND2	c9
1.55483007043374e-08	-0.678246256173158	0.016	0.026	0.000322876012426271	BIN2	c9
1.57756659221864e-08	-0.88889689379161	0.009	0.017	0.000327597478540122	NCR3	c9
1.58415747919778e-08	-1.18603740664902	0.005	0.011	0.00032896614213021	PRKCB	c9
1.61824280346705e-08	-1.27672051813687	0.005	0.011	0.000336044300567967	MX1	c9
1.7872598144629e-08	-1.33342520790955	0.004	0.01	0.000371142373071367	MAPK1	c9
1.97957803112655e-08	-1.21526247840285	0.005	0.011	0.000411079173943739	SH3BP1	c9
2.03197895588044e-08	-0.953145234100825	0.008	0.016	0.000421960749978132	PTTG1	c9
2.07724182820754e-08	-0.633232556618047	0.018	0.028	0.000431360038045579	C4orf48	c9
2.09599412407558e-08	0.345832516037185	0.061	0.048	0.000435254139805535	AES	c9
2.2242174135323e-08	-1.2083463815486	0.005	0.011	0.000461880988094118	SNX2	c9
2.31081371840409e-08	0.515194984940065	0.03	0.021	0.000479863576763793	RPL19P12	c9
2.41970827039002e-08	0.828222665786891	0.012	0.007	0.000502476619429192	CDC14A	c9
2.69897047656471e-08	0.723479853391745	0.015	0.009	0.000560468209163429	IPCEF1	c9
2.77695684901347e-08	0.794543034492057	0.012	0.007	0.000576662859266138	S1PR1	c9
2.80220386008593e-08	-0.71571545526301	0.014	0.023	0.000581905653585445	RNH1	c9
2.87991982610984e-08	-0.382424350514804	0.052	0.068	0.000598044151089969	STK17B	c9
3.16228318845068e-08	0.813306673793925	0.012	0.007	0.000656679726913667	DYNLT3	c9
3.49683146407205e-08	-0.57827185266093	0.021	0.032	0.000726152021829201	OSTF1	c9
3.68823230685966e-08	-0.818280328956225	0.013	0.022	0.000765898320842477	HIST1H1E	c9
3.7467872302238e-08	0.48799302556302	0.031	0.022	0.000778057836228273	TMEM173	c9
3.87399365243436e-08	-0.677301486862527	0.015	0.025	0.000804473521864519	RAC1	c9
3.88025378779696e-08	0.225896794589418	0.127	0.108	0.000805773501573916	EIF3K	c9
3.95318122352635e-08	-0.637685319870547	0.017	0.026	0.000820917612877482	CSK	c9
4.1755546469968e-08	-1.17427406695201	0.005	0.011	0.000867095677995356	DIAPH1	c9
4.63430630812699e-08	-1.25893821067596	0.004	0.01	0.00096236004794565	NUCB2	c9
4.83493149983376e-08	-0.80162867167844	0.011	0.019	0.00100402187525548	RPN1	c9
4.96940729992311e-08	0.500209985804274	0.029	0.02	0.00103194711990203	RPL13AP5	c9
5.29551640261022e-08	-0.493349811366483	0.029	0.041	0.00109966693616604	WIPF1	c9
5.3868582340313e-08	-0.799084713539241	0.01	0.018	0.00111863498087894	MIEN1	c9
5.41862946671383e-08	0.50154622814371	0.03	0.021	0.00112523259505779	FOXP1	c9
5.53028478091181e-08	-0.393230546927548	0.046	0.06	0.00114841893760415	MBNL1	c9
5.53653722604024e-08	0.324266109949446	0.064	0.051	0.00114971732035952	KMT2E-AS1	c9
5.80097385661321e-08	-0.339547778677506	0.058	0.074	0.0012046302310643	COX6C	c9
6.33037073922801e-08	-0.593847448464639	0.02	0.03	0.00131456478770809	SLA	c9
6.41004905402287e-08	0.758798965988404	0.012	0.007	0.00133111078655839	NSUN6	c9
6.42303598724579e-08	-0.794930679454489	0.01	0.018	0.00133380765311146	STXBP2	c9
6.72166967023555e-08	0.503527367587627	0.028	0.02	0.00139582192372111	MGAT4A	c9
6.94317365013188e-08	0.460254133319801	0.033	0.024	0.00144181944018639	MZT2A	c9
7.05017790229697e-08	-0.689303165049674	0.014	0.023	0.00146403994319099	ARPC4	c9
7.46435056685467e-08	-1.09938395498842	0.005	0.011	0.00155004703871304	SYNE1	c9
7.51483877108836e-08	-0.854545389000833	0.01	0.017	0.00156053141920421	NINJ1	c9
7.53574062676722e-08	0.38336722495367	0.048	0.037	0.00156487189855448	NSA2	c9
8.15396735192392e-08	-0.875545070071955	0.009	0.016	0.00169325286030052	VIMP	c9
8.52585580741785e-08	-0.619015641380466	0.017	0.026	0.00177047921696839	MYEOV2	c9
8.55893450040135e-08	0.598051672503224	0.02	0.013	0.00177734833835334	PHF1	c9
9.60195836016668e-08	-0.742886903124907	0.012	0.02	0.00199394267307221	PSMA2	c9
9.90636733834026e-08	-0.887315460005963	0.008	0.015	0.00205715624147974	LENG8	c9
1.05219884033196e-07	-0.957505045586259	0.007	0.014	0.00218499611183335	FAM96A	c9
1.09035839424923e-07	-1.19577643096851	0.004	0.01	0.00226423824149794	SETX	c9
1.10671779686044e-07	-0.708537552011937	0.013	0.021	0.00229821017696039	C7orf73	c9
1.10968976535454e-07	-0.953062563120163	0.007	0.013	0.00230438176673525	UTRN	c9
1.12314747287688e-07	0.322699607518003	0.063	0.05	0.00233232804217612	CUTA	c9
1.18863973118607e-07	0.35657880336254	0.053	0.042	0.00246832926578099	ANP32B	c9
1.24137977912326e-07	-0.378201704999348	0.048	0.061	0.00257784924932736	NDUFA3	c9
1.29206221735097e-07	-0.819746315807872	0.009	0.017	0.00268309640055103	EIF3A	c9
1.30654456831895e-07	0.572564942578585	0.022	0.015	0.00271317045057113	ZC3H12A	c9
1.32540282211623e-07	0.452754141878505	0.029	0.02	0.00275233150040656	CH25H	c9
1.33314692003858e-07	-0.373676753921479	0.047	0.061	0.00276841289415211	TMEM258	c9
1.33423697957023e-07	-0.538504373232148	0.023	0.033	0.00277067651177553	ATP5J	c9
1.33503281434335e-07	-0.384956781392168	0.319	0.331	0.00277232914226539	VIM	c9
1.34576928363566e-07	-0.701216317466031	0.013	0.021	0.00279462449439781	CAPZA1	c9
1.45580839307091e-07	-0.761905833676666	0.011	0.019	0.00302313170905105	IKZF3	c9
1.48362420635229e-07	-0.86772663168982	0.008	0.015	0.00308089402691117	YWHAE	c9
1.51241560732749e-07	-0.989842364368831	0.006	0.012	0.00314068225017627	CAPN2	c9
1.60442806325959e-07	-0.494145938266967	0.027	0.038	0.00333175531616486	RPS27L	c9
1.65161909338443e-07	0.507567817005892	0.027	0.019	0.00342975220932211	TAF1D	c9
1.73506634157152e-07	-0.969101891133448	0.007	0.013	0.00360303876490743	ADRBK1	c9
1.80547931338482e-07	-1.04408893076327	0.006	0.012	0.00374925834217493	AHR	c9
1.82491830594151e-07	0.302760295603553	0.066	0.053	0.00378962535411813	SELK	c9
1.85568759821374e-07	-0.266927594388569	0.097	0.115	0.00385352086645066	EVL	c9
1.92205528774934e-07	-0.866267256483945	0.008	0.015	0.00399134001054029	RAB24	c9
1.93283401764368e-07	-0.516936054560742	0.024	0.034	0.00401372312103886	PNISR	c9
2.00934646284657e-07	-0.42751645294971	0.033	0.044	0.0041726088647472	EIF4G2	c9
2.0523919754283e-07	-0.610934652814758	0.017	0.026	0.00426199717617442	P4HB	c9
2.23852448261029e-07	-0.902215915640948	0.009	0.016	0.00464851994058852	NR4A3	c9
2.25947043703503e-07	-0.519236024764412	0.024	0.034	0.00469201630954693	GNB2	c9
2.33755975075214e-07	0.573563889586079	0.02	0.014	0.0048541765784119	ERN1	c9
2.42748767397756e-07	-0.601442257618992	0.017	0.026	0.00504092090378179	EID1	c9
2.4275723771063e-07	-0.483973868258148	0.028	0.039	0.00504109679829895	HLA-G	c9
2.43672072982786e-07	-0.636619282751967	0.015	0.024	0.00506009426756053	WAS	c9
2.44189422433315e-07	-0.740437096316511	0.011	0.019	0.00507083754625021	SPRY1	c9
2.47609371083184e-07	0.783973179835758	0.012	0.007	0.00514185619991339	MID1IP1	c9
2.54513968324516e-07	0.436295513536487	0.034	0.025	0.00528523706622691	TNFAIP8	c9
2.660522164367e-07	-0.907518992295911	0.007	0.014	0.00552484032652452	EVI2A	c9
2.67161458884734e-07	-0.572403838112165	0.018	0.028	0.00554787485520038	CLEC2D	c9
2.78287717926571e-07	-0.420997555785686	0.051	0.064	0.00577892275046318	CLDND1	c9
2.79717329982286e-07	0.505203763110575	0.026	0.018	0.00580861007441216	PPP1R10	c9
3.06756258800077e-07	-0.430558661061407	0.034	0.045	0.00637010047024239	HLA-F	c9
3.07129292223366e-07	-0.862186687216936	0.008	0.015	0.00637784688231042	ATP6AP2	c9
3.13505539474129e-07	0.806347815552868	0.01	0.006	0.00651025603271976	LOC100996756	c9
3.16696449262714e-07	-0.713963883083416	0.011	0.019	0.00657651846538951	CLTA	c9
3.17434064925055e-07	0.699324789501982	0.014	0.009	0.00659183579223369	CCL20	c9
3.19002872904817e-07	0.273293281874838	0.081	0.067	0.00662441365874143	APRT	c9
3.21173065073659e-07	0.243958928602404	0.096	0.08	0.00666947986931961	GPSM3	c9
3.33494057321804e-07	-0.846367699046239	0.008	0.015	0.00692533759434458	LIMS1	c9
3.36250977969954e-07	-0.572218684934779	0.018	0.027	0.00698258780852407	NDUFB7	c9
3.3929458644781e-07	-0.52822806842182	0.021	0.03	0.00704579138217523	CAST	c9
3.39743336116126e-07	-1.09523177469608	0.005	0.01	0.00705511011778748	CCDC69	c9
3.6772447086734e-07	-0.988966094031045	0.006	0.012	0.00763616636203118	ITGB7	c9
3.75765959968217e-07	-0.661948348319025	0.014	0.022	0.00780315592469999	MRPS6	c9
3.82183579066104e-07	-0.700994266741246	0.012	0.02	0.00793642420288671	RGS19	c9
3.85541025464841e-07	-1.1435325634171	0.004	0.01	0.00800614493480288	ATG3	c9
3.88850536846301e-07	-0.698217590078721	0.012	0.02	0.00807487024815029	LMAN2	c9
3.97933020356406e-07	-0.767959350523371	0.011	0.019	0.00826347710072113	C19orf10	c9
4.08930202664306e-07	-0.826758908738968	0.008	0.015	0.00849184458852698	PSMB2	c9
4.15508480214502e-07	-0.942368049442686	0.006	0.012	0.00862844910013435	ADAM8	c9
4.58049907354094e-07	-0.74859180885994	0.011	0.018	0.00951186437611512	HM13	c9
4.76078838143433e-07	-0.507751191827549	0.023	0.032	0.00988625315288653	TMBIM4	c9
4.98479669268309e-07	0.525334366210229	0.022	0.015	0.0103514288120257	GATA3	c9
5.04588454226054e-07	0.538483070256524	0.022	0.015	0.0104782838404582	SVIP	c9
5.13704199667561e-07	-1.07161680175938	0.005	0.011	0.0106675814102966	PLD3	c9
5.59635728500996e-07	-1.05279203913634	0.005	0.01	0.0116213955380517	CARHSP1	c9
5.68421245197402e-07	-0.761226393377809	0.01	0.017	0.0118038355777693	AP2M1	c9
6.2338195019384e-07	-0.619976534412928	0.015	0.023	0.0129451495777253	SNRPD3	c9
6.24837488796829e-07	-0.737317342203517	0.01	0.017	0.012975375292355	FERMT3	c9
6.4096540886196e-07	0.576354915205845	0.017	0.011	0.0133102876804275	GADD45G	c9
7.01521376114774e-07	-0.423100902585473	0.033	0.044	0.0145677928963994	C11orf31	c9
7.3574767179784e-07	-1.11664894936456	0.005	0.011	0.0152785361525539	MT1F	c9
7.38877632134691e-07	-0.29072171024802	0.064	0.078	0.015343532908909	COX7A2	c9
7.800517719348e-07	0.511883438755822	0.02	0.014	0.016198555095998	MARCKSL1	c9
8.12676764561758e-07	-0.637994369471691	0.014	0.022	0.0168760456928895	SH3KBP1	c9
8.47211316886254e-07	-0.5507199378103	0.017	0.026	0.01759319020646	BZW1	c9
8.78253667442171e-07	0.673380487777135	0.014	0.009	0.0182378156581041	NECAP2	c9
8.79079474589421e-07	0.215476398525437	0.113	0.097	0.0182549643693239	PCED1B-AS1	c9
9.02650862934889e-07	-0.435060650583649	0.033	0.044	0.0187444478197059	SPCS1	c9
9.20354538201558e-07	-0.76108321757763	0.01	0.016	0.0191120823402936	NDUFA12	c9
9.35792411314426e-07	-0.596704008410086	0.016	0.024	0.0194326652133554	PRKAR1A	c9
9.66127183065859e-07	0.437529370317971	0.03	0.022	0.0200625970835456	LOC642441	c9
9.90504952254287e-07	-0.935154559210111	0.006	0.012	0.0205688258385125	DBNL	c9
1.12761857372715e-06	0.305280459508219	0.058	0.047	0.0234161273020179	PRDM1	c9
1.15466393186363e-06	-0.773845599734514	0.009	0.015	0.0239777512090802	TWF2	c9
1.16027013425231e-06	-0.578461046162071	0.016	0.025	0.0240941696078835	MBP	c9
1.1812999962943e-06	0.258192690774579	0.081	0.068	0.0245308757230475	SSR2	c9
1.18929221457346e-06	0.306259804519928	0.067	0.055	0.0246968421278325	IRF1	c9
1.19565204429138e-06	-0.612820699999756	0.014	0.022	0.0248289103517548	ATP5C1	c9
1.20009486493123e-06	0.542098336514431	0.02	0.014	0.024921169965162	ABHD14B	c9
1.21719037086188e-06	-0.75182623977443	0.01	0.016	0.0252761752413179	SNRPD1	c9
1.24765149416533e-06	-0.485294977720745	0.024	0.033	0.0259087309278372	PSMB1	c9
1.36417709078129e-06	0.475982211538112	0.032	0.024	0.0283285014671644	BCL3	c9
1.3824583215002e-06	-0.684312015010806	0.011	0.019	0.0287081295042731	FMNL1	c9
1.39837302216623e-06	-0.869487641561116	0.007	0.013	0.029038614178304	TM9SF2	c9
1.48787608466373e-06	-0.597557008056865	0.015	0.023	0.030897234774127	PSTPIP1	c9
1.5035476892649e-06	-0.72119767684024	0.01	0.017	0.0312226713152749	ACAP2	c9
1.51861951244139e-06	-0.844587349381082	0.008	0.014	0.0315356527953578	BNIP3L	c9
1.53169729735747e-06	-0.681476448946715	0.011	0.018	0.0318072260769253	PPP4C	c9
1.57578183556611e-06	-0.756563750327862	0.009	0.016	0.0327226855973659	KDELR1	c9
1.59456224100189e-06	-0.999351271686353	0.005	0.01	0.0331126794966452	SHKBP1	c9
1.72553582373227e-06	-0.923441138646321	0.006	0.011	0.0358324769156242	OGT	c9
1.81466661571188e-06	-0.658962435727729	0.012	0.019	0.0376833669418728	MFSD10	c9
1.90489756743317e-06	-0.647484420650535	0.012	0.019	0.0395571028853171	NT5C	c9
1.97926341602495e-06	0.357867659230875	0.04	0.031	0.0411013840971742	CACYBP	c9
2.04825381423042e-06	-0.607600624943426	0.015	0.022	0.0425340387063089	CD82	c9
2.14056535395881e-06	-1.01934226842759	0.005	0.01	0.0444509801403086	TIMM8B	c9
2.14614030409571e-06	-0.976222809049865	0.005	0.01	0.0445667495548515	VMP1	c9
2.20789250622552e-06	-0.176611209460215	0.156	0.175	0.0458490957842792	ATP5G2	c9
2.39065346882046e-06	-0.62843771455892	0.013	0.02	0.0496443099335256	APBB1IP	c9
2.61321197082478e-06	-0.8839149649568	0.007	0.012	0.0542659597861473	SLC20A1	c9
2.65197127221146e-06	-0.590839799544294	0.014	0.021	0.0550708354387432	ANKRD44	c9
2.65782069507064e-06	-0.995546374089774	0.005	0.01	0.0551923045538368	HMGA1	c9
2.66757235058227e-06	0.76708365703328	0.01	0.006	0.0553948074321913	PSMD5-AS1	c9
2.68539969635137e-06	0.586885598599335	0.016	0.011	0.0557650100944326	NMRK1	c9
2.69021427059798e-06	-0.582254724325778	0.015	0.023	0.0558649895432376	LAMTOR1	c9
2.80328133600155e-06	0.355590922861216	0.046	0.036	0.0582129402234082	PTGER4	c9
2.84193217508583e-06	-0.599926328638171	0.014	0.021	0.0590155635478324	TCF25	c9
2.87173430585158e-06	-0.63799436947169	0.012	0.02	0.0596344345953139	UQCRFS1	c9
2.91818570022422e-06	-0.342578874379079	0.043	0.054	0.0605990442508561	NDUFB1	c9
2.95921567421752e-06	-0.558827183218257	0.016	0.024	0.061451072690801	C5orf56	c9
2.9831268431385e-06	-0.830586155389593	0.007	0.013	0.061947612024614	THEMIS	c9
3.007879181004e-06	-0.504858801491899	0.019	0.028	0.0624616190727291	ZNF706	c9
3.20668193834526e-06	-0.680255270873996	0.011	0.017	0.0665899571316776	GPI	c9
3.21524868486414e-06	-0.51983078251374	0.018	0.026	0.0667678541898888	DHRS7	c9
3.25002987184777e-06	-0.323701843932664	0.048	0.06	0.0674901203187908	ARL6IP5	c9
3.25494064997198e-06	-0.784786247856006	0.008	0.014	0.067592097537318	MOB1A	c9
3.59900658352874e-06	-0.323578237567252	0.07	0.057	0.0747369707135577	AREG	c9
3.80903380280578e-06	-0.660116596485272	0.011	0.018	0.0790983959490648	RPN2	c9
3.83438044451877e-06	-0.953703221001141	0.005	0.01	0.0796247443108767	UQCRC1	c9
3.8596416844933e-06	-0.754368565136031	0.008	0.014	0.080149319220188	LUC7L3	c9
4.22229912535049e-06	-0.859059112973497	0.006	0.012	0.0876802636370282	TOP1	c9
4.57808060626346e-06	-0.944843615378545	0.012	0.019	0.0950684218696671	SEC11C	c9
4.67712622440903e-06	0.199747951141387	0.118	0.103	0.0971252031760779	SNRPD2	c9
4.85898548275098e-06	-0.36956605206976	0.036	0.046	0.100901692534807	CD96	c9
4.86315415707996e-06	-0.650106530023895	0.011	0.018	0.100988259225923	PSMA5	c9
4.88225754272709e-06	-0.564704216519894	0.015	0.022	0.101384960132271	NDUFS6	c9
5.46331614966079e-06	0.43157526113226	0.027	0.02	0.113451223163856	SNHG7	c9
5.51738509008877e-06	0.239465213039509	0.086	0.073	0.114574018780783	CIB1	c9
5.57726173687194e-06	-0.558757139661767	0.016	0.023	0.115817417227883	HN1	c9
5.60951273906598e-06	-0.527834973092103	0.016	0.024	0.116487141539444	LAPTM4A	c9
5.6299184123397e-06	-0.806348545093391	0.007	0.013	0.116910885750646	PPP1R12A	c9
5.68974253649612e-06	-0.710316476937266	0.009	0.015	0.118153193512878	VPS13C	c9
5.89280925455556e-06	-0.298655634862273	0.052	0.064	0.122370076980101	UQCRH	c9
6.05201747486686e-06	-0.331322691968844	0.051	0.063	0.125676194883085	JUND	c9
6.07825958178702e-06	-0.474220524356959	0.021	0.029	0.126221138475389	IFI16	c9
6.12505413934838e-06	-0.614541063384314	0.013	0.019	0.127192874257708	LAMP1	c9
6.14682336153311e-06	-0.386779692397722	0.033	0.043	0.127644933925597	PET100	c9
6.4101423396939e-06	0.618816127047419	0.014	0.009	0.133113015826084	P2RY10	c9
6.74573655076548e-06	-0.421348551867061	0.027	0.036	0.140081965213196	HNRNPU	c9
6.77712307242448e-06	-0.510017494735033	0.018	0.025	0.140733737721967	TERF2IP	c9
6.89043781206369e-06	-0.251838868075867	0.086	0.101	0.143086831605314	CD44	c9
7.17066990651197e-06	-0.797378391588838	0.007	0.013	0.148906131278628	TMEM167A	c9
7.17589326184707e-06	-0.912070946097069	0.005	0.01	0.149014599475516	TBCD	c9
7.25123037257106e-06	-0.755903765495705	0.01	0.016	0.150579049916811	FOXP3	c9
7.6065401421356e-06	-0.733978623783358	0.008	0.014	0.157957412591588	MGEA5	c9
7.66770702107454e-06	-0.678738032140825	0.01	0.016	0.159227603999634	SCP2	c9
7.86624709848607e-06	0.364483211492516	0.038	0.03	0.163350487247162	SNHG12	c9
8.26811518421987e-06	0.629706735454536	0.013	0.008	0.17169567991551	CD28	c9
8.61699847019485e-06	-0.708356958753662	0.009	0.015	0.178940590232066	TNFSF13B	c9
9.17118767940406e-06	-0.443208117790248	0.023	0.032	0.190448883350505	ARL4C	c9
9.21348987032172e-06	-0.47717771032489	0.02	0.028	0.191327330647101	SUN2	c9
9.42545118671743e-06	-0.239784385554681	0.172	0.189	0.195728919343374	ITM2B	c9
1.07207362118454e-05	-0.511235139045521	0.017	0.024	0.222626808175181	ECH1	c9
1.11074992088751e-05	-0.908779143785813	0.005	0.01	0.2306583285715	DUSP23	c9
1.14408680246733e-05	-0.383394891833495	0.033	0.043	0.237581065400366	NAP1L1	c9
1.16327676345748e-05	-0.592342321370278	0.013	0.019	0.24156605269958	TMCO1	c9
1.18860883341908e-05	0.658244778659686	0.011	0.007	0.246826510347806	HEXIM1	c9
1.22838431690829e-05	-0.528597769648094	0.016	0.023	0.255086287249175	BCAP31	c9
1.26456764263239e-05	-0.518378777728553	0.016	0.024	0.262600116669041	PSMD8	c9
1.27142742939378e-05	0.328518066072663	0.036	0.028	0.264024619987912	LOC284454	c9
1.29601734537627e-05	-0.410272949763359	0.027	0.035	0.269130961940836	CMTM6	c9
1.34994027228539e-05	-0.58644332838579	0.013	0.019	0.280328596942784	TAX1BP1	c9
1.36736467946726e-05	-0.581082306509654	0.013	0.019	0.283946949338171	RAB1B	c9
1.42725780277602e-05	-0.257587887876368	0.064	0.077	0.296384355324468	HMGN1	c9
1.4384518742423e-05	-0.14101525665667	0.214	0.234	0.298708916205155	TMA7	c9
1.49045115925058e-05	0.425209001710997	0.026	0.02	0.309507087729974	NEU1	c9
1.50066984931227e-05	-0.749241050405197	0.007	0.012	0.311629100908187	PPM1G	c9
1.52093967523132e-05	-0.60832247824094	0.012	0.018	0.315838332958536	SUPT3H	c9
1.6534112844227e-05	-1.17686045560339	0.006	0.011	0.343347387323218	CTSL	c9
1.67957595670841e-05	0.594399246304787	0.015	0.01	0.348780743170068	RTKN2	c9
1.74933377723717e-05	-0.394853052011747	0.026	0.035	0.363266652181071	MINOS1	c9
1.83409699070797e-05	-0.561196954597672	0.014	0.02	0.380868581090418	RASAL3	c9
1.85054851252453e-05	-0.583287308443262	0.012	0.019	0.384284904110844	GLRX	c9
1.85597148146281e-05	0.55992243799385	0.015	0.01	0.385411037840567	FAM102A	c9
1.92262984609308e-05	-0.829661430362797	0.006	0.011	0.399253313839689	AP3S1	c9
1.98536671785082e-05	-0.831791918134991	0.006	0.011	0.4122812526289	HSPB11	c9
1.99600113953471e-05	-0.410294356992117	0.026	0.034	0.414489596635778	SNRPB	c9
2.08143839990764e-05	0.185243874070023	0.095	0.082	0.432231498124821	SOD1	c9
2.1172258083044e-05	0.605413822152592	0.013	0.008	0.439663111352491	RNF138	c9
2.1463313139561e-05	0.600458025128348	0.013	0.009	0.445707160656123	PLK3	c9
2.22952019142158e-05	-0.445470421563108	0.02	0.028	0.462982162950605	NAA38	c9
2.26536921380911e-05	-0.590558314147319	0.012	0.018	0.470426570939601	PAPOLA	c9
2.32963783962619e-05	-0.609651967800165	0.01	0.016	0.483772593776775	BTN3A2	c9
2.37444986446853e-05	0.65633106509238	0.011	0.007	0.493078258855535	REXO2	c9
2.41272316927027e-05	-0.414924477163763	0.021	0.028	0.501026093330665	ANAPC11	c9
2.42638142439629e-05	0.384677356534942	0.03	0.023	0.503862366590134	EIF2S3	c9
2.44473806593496e-05	-0.854207039620136	0.005	0.01	0.507674306772054	SMARCB1	c9
2.44905570681142e-05	-0.623898150830805	0.011	0.016	0.508570908076459	PTPN7	c9
2.68747865086176e-05	-0.409515464052375	0.024	0.032	0.558081816637952	BUB3	c9
2.76063002597016e-05	-0.511257083011039	0.015	0.022	0.573272431192964	H1FX	c9
2.8121889006591e-05	-0.492093762845393	0.017	0.024	0.583979147110869	SIT1	c9
2.849079292526e-05	-0.606624876839786	0.011	0.017	0.59163980588595	CISH	c9
2.91035849882008e-05	-0.576568878928189	0.012	0.018	0.604365045864978	RAB5C	c9
2.94918979271261e-05	-0.602028257717884	0.011	0.017	0.6124287523547	PRKACB	c9
2.97688385145058e-05	-0.643560587161259	0.009	0.015	0.618179700592227	RANBP2	c9
3.00960698633611e-05	-0.478925372611156	0.017	0.024	0.624974986782556	PRKCH	c9
3.01425245173508e-05	-0.634196523037253	0.01	0.015	0.625939664127307	WASF2	c9
3.08566994069709e-05	-0.820967691507367	0.006	0.01	0.640770219885158	NAA50	c9
3.19103606291444e-05	-0.534450410945296	0.014	0.02	0.662650548824813	EWSR1	c9
3.21969265460961e-05	-0.617513822725846	0.01	0.016	0.668601376656232	TSEN54	c9
3.26886240504203e-05	-0.464024958363376	0.019	0.026	0.678811967031028	ATP5F1	c9
3.43833501756793e-05	0.369282031574872	0.031	0.024	0.714004649748156	HSPA6	c9
3.48367196660272e-05	-0.296481471744187	0.048	0.059	0.723419320584721	EZR	c9
3.48823390357469e-05	-0.586785084442227	0.011	0.017	0.724366652416321	TMED9	c9
3.6027469106554e-05	-0.522619567134437	0.015	0.021	0.748146423466701	ENSA	c9
3.63710435510538e-05	-0.660979595771117	0.009	0.014	0.755281090381182	SUPT4H1	c9
3.75541992878114e-05	-0.582365500617987	0.011	0.017	0.779850502410691	ATF7IP	c9
3.84039170167895e-05	-0.479394408093975	0.016	0.023	0.79749574077065	SELT	c9
3.85193198905813e-05	-0.575836501189692	0.012	0.018	0.799892196847811	ANP32A	c9
3.85750666706267e-05	0.393588018397173	0.027	0.021	0.801049834482234	CMPK1	c9
4.04826255598255e-05	-0.474026328163266	0.018	0.025	0.840662202375336	RNF167	c9
4.14066748807623e-05	0.625823300967308	0.011	0.007	0.85985101057391	IMPDH2	c9
4.24817880627255e-05	0.619700119614084	0.012	0.008	0.882176810910557	NFKB2	c9
4.31897533298782e-05	-0.523437418222878	0.014	0.02	0.89687841764825	SCAF11	c9
4.37818955309421e-05	-0.244011611420965	0.068	0.08	0.909174842595543	GPX4	c9
4.50179534518535e-05	-0.562983709543126	0.011	0.017	0.934842821381189	LSM2	c9
4.73097640766324e-05	-0.642689155787915	0.015	0.022	0.982434560815349	IRF7	c9
4.86432856631755e-05	-0.811783939632541	0.006	0.01	1	LMAN1	c9
4.82780758622734e-05	-0.763194248179035	0.006	0.011	1	PSMD4	c9
0.00841569811804299	-0.752066394092333	0.033	0.039	1	MT1X	c9
6.17997340556114e-05	-0.741493856416979	0.007	0.011	1	SCAMP2	c9
0.000246850629802174	-0.718252150090568	0.006	0.01	1	IQGAP2	c9
0.000167463525999906	-0.715673733293565	0.006	0.01	1	BPTF	c9
0.000139894899210248	-0.703751762425428	0.007	0.011	1	MMADHC	c9
0.000210754719420842	-0.703258665185221	0.006	0.01	1	DOCK10	c9
0.000155253987679759	-0.691616329002114	0.012	0.017	1	FKBP2	c9
6.75142575215458e-05	-0.690042061373579	0.007	0.012	1	KDELR2	c9
0.000372067569879271	-0.684371489928759	0.073	0.084	1	SSR4	c9
0.000300623155823855	-0.679784815427389	0.007	0.011	1	PTPRA	c9
0.000126768021989519	-0.679187477885506	0.007	0.012	1	RAB10	c9
5.70475236349006e-05	-0.668162139807633	0.008	0.013	1	LBR	c9
0.000628203394821316	-0.660406732812526	0.006	0.01	1	PTPLAD2	c9
0.000639623616548104	-0.653055891749395	0.008	0.012	1	RN7SL1	c9
0.181076446174374	-0.651906932486808	0.025	0.028	1	TNFRSF4	c9
0.000567185018999861	-0.646874202217206	0.006	0.01	1	FIBP	c9
0.000692991610282115	-0.645848804534196	0.006	0.01	1	PHYKPL	c9
0.000421910872607499	-0.643674655455086	0.007	0.011	1	HNRNPD	c9
0.00102307183860944	-0.643124018039273	0.006	0.01	1	PPIF	c9
5.03729953421954e-05	-0.640219034586204	0.009	0.014	1	LAMTOR5	c9
0.000335862598817843	-0.636163275599907	0.007	0.011	1	HIGD1A	c9
0.000743588947638985	-0.63029997768169	0.007	0.01	1	PDLIM2	c9
5.62597567842373e-05	-0.627301649534471	0.01	0.015	1	C20orf24	c9
0.00109937655891021	-0.624724337733523	0.007	0.01	1	TNFSF10	c9
0.000605044466593742	-0.624631227594997	0.007	0.011	1	SRSF4	c9
0.000223686603679488	-0.619941532410358	0.008	0.013	1	FAM173A	c9
0.000997875938166147	-0.618125263735588	0.006	0.01	1	PRDX3	c9
0.00011821231350087	-0.617351244166139	0.009	0.014	1	COMMD7	c9
0.000379016609506338	-0.615659664116322	0.008	0.012	1	MDH1	c9
0.000269179666764109	-0.614677138191473	0.008	0.012	1	TANK	c9
0.000262394362164584	-0.610989636115311	0.008	0.013	1	MAP4K1	c9
5.53527921691293e-05	0.6076544900961	0.012	0.008	1	TMEM106B	c9
0.000474345194615845	-0.606030962918545	0.008	0.012	1	VKORC1	c9
0.000526048759681419	-0.604351525644055	0.007	0.011	1	RAB8B	c9
0.000329829621082354	-0.602331823219455	0.008	0.012	1	DYNC1H1	c9
0.0015792105676978	-0.601468493446576	0.006	0.01	1	TXNDC17	c9
0.000405564637590614	-0.59904904369725	0.008	0.012	1	TAP2	c9
5.7967969153938e-05	-0.595759527171189	0.01	0.016	1	SNX17	c9
0.000699125428241917	-0.59527978456335	0.007	0.011	1	PTPN1	c9
0.000980866130335169	-0.59286129236267	0.007	0.011	1	TMEM147	c9
0.00027658184167462	-0.592754597302282	0.009	0.013	1	STARD7	c9
0.000265235065646445	0.590116669257826	0.01	0.007	1	P2RY8	c9
0.000139831661586892	-0.588933551020805	0.008	0.013	1	SH3GLB1	c9
0.000109908603074029	-0.58872087393029	0.01	0.015	1	ENY2	c9
6.94662524795927e-05	-0.586780484018948	0.011	0.016	1	SERPINB9	c9
0.000183286925971315	0.586382561369412	0.01	0.007	1	RNU4-2	c9
7.1486182921301e-05	-0.583936892823107	0.011	0.016	1	XRCC5	c9
0.00172110444278863	-0.583391234781986	0.006	0.01	1	ITGB1BP1	c9
0.00179393205266747	-0.582622002537215	0.006	0.01	1	CNOT2	c9
0.00200241180851271	-0.581852359925795	0.006	0.01	1	PHTF2	c9
8.85418911461442e-05	-0.57921757215785	0.011	0.016	1	DOCK8	c9
0.000191568171105543	-0.578778972128222	0.009	0.014	1	EPS15	c9
0.00208717671494583	-0.578769677041608	0.006	0.01	1	OFD1	c9
0.00178104765151046	-0.576639844522089	0.007	0.01	1	CELF1	c9
0.000874324213676459	-0.574315367904519	0.008	0.012	1	COPZ1	c9
0.000870743215175176	-0.572804185154524	0.008	0.011	1	PRPF40A	c9
0.00106558314473215	-0.570165510361539	0.008	0.011	1	ARAP2	c9
0.000278462923305742	-0.569210583798603	0.009	0.014	1	MRPL51	c9
0.00127201901240988	-0.566591489730768	0.007	0.011	1	TMPO	c9
0.00137899970903779	-0.565898386166685	0.007	0.011	1	WNK1	c9
0.000467951467772652	0.565655300659516	0.01	0.007	1	MPRIP	c9
0.00024660741775148	-0.562104600757564	0.01	0.014	1	SURF4	c9
0.000105131986996008	-0.561964497179374	0.011	0.016	1	NAPA	c9
0.000285868462267328	0.558226499224053	0.011	0.008	1	MTERF4	c9
0.00204325110572213	-0.556811859911949	0.007	0.01	1	NIPBL	c9
0.00282137337483614	-0.556221033616516	0.006	0.01	1	IRF2	c9
0.00229859220140512	-0.554064391854604	0.007	0.01	1	ANXA7	c9
8.27560104581206e-05	-0.552368898604001	0.011	0.017	1	POLR2G	c9
0.000136659526726479	-0.550687586398332	0.014	0.02	1	SSR3	c9
0.000193098310645627	-0.550179111772518	0.011	0.016	1	FOSL2	c9
0.00067309119071011	-0.549846194950714	0.009	0.013	1	SRSF1	c9
0.000726812189529692	-0.549347771255022	0.009	0.013	1	PHIP	c9
0.000557741435199022	-0.548166202768919	0.008	0.013	1	STK10	c9
0.000298121083411096	-0.547389026401325	0.01	0.015	1	CD4	c9
0.000106451232746814	-0.546368827401603	0.012	0.017	1	METTL9	c9
0.000231297384608209	-0.544306525498337	0.01	0.015	1	NDUFB3	c9
0.000347778978092149	-0.543355252810017	0.01	0.014	1	CASP4	c9
0.00026083089704916	-0.542293850775942	0.009	0.014	1	LAMTOR2	c9
5.17876545529588e-05	-0.539641797271543	0.013	0.019	1	RAB7A	c9
0.000214846965446119	-0.538083606460716	0.011	0.016	1	SSR1	c9
0.00338352968042784	-0.534547928226769	0.007	0.01	1	SAP30BP	c9
0.0008424457207256	-0.53355932284334	0.009	0.013	1	ADRM1	c9
0.000160757410047438	-0.530734295185659	0.011	0.017	1	HERPUD2	c9
0.00416946946723773	-0.530346192248153	0.007	0.01	1	ATP6AP1	c9
4.84957695872615e-05	-0.530006387096853	0.014	0.02	1	BANF1	c9
0.00401163682879281	-0.528244940814667	0.007	0.01	1	ILK	c9
0.000171823176432359	-0.526886315944021	0.012	0.017	1	MAT2A	c9
0.00148337376395496	-0.526689713854752	0.008	0.012	1	NDUFB6	c9
0.000996378085590338	-0.524458607116496	0.009	0.013	1	KPNB1	c9
0.000662236932038541	-0.52265925449372	0.009	0.013	1	RAB11A	c9
0.000242247338897231	0.52078550345975	0.013	0.009	1	ADSL	c9
0.00357384786266475	-0.518638888653502	0.007	0.01	1	XRN2	c9
0.00434229387901058	-0.518589590184673	0.007	0.01	1	XRN1	c9
0.000779716962036702	-0.516610460928758	0.01	0.014	1	PTBP3	c9
0.00050061917000861	-0.51165548118307	0.011	0.015	1	DCTN3	c9
0.000224108032258516	-0.511449595946451	0.012	0.017	1	VDAC1	c9
0.000101110500946279	-0.511044083360293	0.014	0.019	1	C19orf66	c9
0.00111392007486853	0.509349083765786	0.011	0.008	1	GIMAP2	c9
0.000134834008820755	0.507814699280086	0.014	0.01	1	RGS14	c9
0.00385304055001416	-0.504887782204034	0.007	0.011	1	MRPL10	c9
0.00383523002573205	-0.504653942543462	0.008	0.011	1	EIF6	c9
0.00162005382471935	0.502966553181775	0.01	0.007	1	LETMD1	c9
0.00292692995107971	-0.502342358203291	0.008	0.011	1	COX20	c9
0.000233597591985002	0.498671071472919	0.013	0.009	1	RGS16	c9
0.00599454007830601	-0.498583898381625	0.007	0.01	1	CYB5R3	c9
0.00137564388211745	-0.496472632412373	0.009	0.013	1	RASA2	c9
0.00153791708966875	0.495066765936677	0.011	0.008	1	SFXN1	c9
8.64171210813996e-05	-0.49497881313477	0.015	0.022	1	DNPH1	c9
0.000225602966488408	-0.491993459016879	0.012	0.018	1	CDC42EP3	c9
0.00521887617886639	-0.488416029215603	0.007	0.01	1	KCNAB2	c9
0.000655849223177403	0.488070448606749	0.013	0.009	1	MRPL14	c9
0.000423154663541892	0.483704651021142	0.014	0.01	1	PDE3B	c9
0.00702774882966839	-0.481183642693027	0.007	0.01	1	SDHC	c9
0.00114509815654416	-0.480930649261272	0.011	0.015	1	MYCBP2	c9
0.00336166889564175	-0.48058869574463	0.008	0.012	1	ZBTB38	c9
7.17689145945473e-05	-0.480339568643184	0.016	0.023	1	MGST3	c9
0.000355429332694049	-0.47963140018161	0.013	0.018	1	POLR2E	c9
0.00459998721974978	-0.478606011094666	0.007	0.01	1	TMEM208	c9
0.00107968571736819	-0.478352187454376	0.035	0.043	1	SGK1	c9
0.0011403876342513	-0.47709263121105	0.011	0.015	1	SP110	c9
0.00368952996592348	-0.476409774692374	0.008	0.012	1	TAOK3	c9
0.00224944844203471	-0.476019029858797	0.01	0.013	1	PELI1	c9
0.000152754559567296	0.475682951539447	0.017	0.012	1	NCF1B	c9
0.00593930909255981	-0.473927426911199	0.008	0.011	1	PSMD13	c9
0.000284750505302829	0.471050935914032	0.015	0.011	1	PER1	c9
0.000107795727376569	0.46907618511215	0.017	0.013	1	KCNA3	c9
0.00720607451199633	-0.468836554987574	0.007	0.01	1	PTRHD1	c9
0.000283510522001421	-0.467841143991868	0.014	0.02	1	RBCK1	c9
0.00684366945457842	-0.465421539145014	0.007	0.01	1	VPS37B	c9
0.00124864589366035	0.463920229743958	0.012	0.009	1	ABLIM1	c9
0.00427136952704019	-0.463765565440151	0.008	0.012	1	ARIH2	c9
0.00838828355862227	-0.462445375034604	0.007	0.01	1	SNRPE	c9
0.0025829782916362	0.461724027788022	0.011	0.008	1	C6orf48	c9
8.39551220774048e-05	-0.461700373705945	0.016	0.022	1	CEBPB	c9
0.00519442771753803	0.460275475435985	0.01	0.007	1	ESD	c9
0.00472293515494188	-0.46017096081927	0.009	0.012	1	SRRT	c9
0.00059692516819756	0.459402825266542	0.026	0.02	1	ID3	c9
0.00175129046365084	0.456312468589186	0.012	0.009	1	DLGAP1-AS1	c9
0.00191520573543405	-0.456011505763273	0.009	0.013	1	CMTM3	c9
0.00389745297455353	0.453560626888454	0.011	0.008	1	C15orf61	c9
8.23157522121924e-05	-0.453093155143717	0.018	0.024	1	SMAP2	c9
0.00146914941141584	-0.451631023926589	0.011	0.016	1	PIN1	c9
0.00757390900987603	-0.451081739685844	0.008	0.011	1	CHCHD5	c9
0.00226494979155896	-0.450772784632388	0.01	0.014	1	EIF4H	c9
0.0020691303821117	-0.449221434424254	0.011	0.015	1	DNAJC8	c9
0.0107905182806886	-0.448269727832008	0.007	0.01	1	AFF4	c9
0.00811535175177078	-0.44613446731586	0.007	0.01	1	SMS	c9
0.00640229694533789	-0.444589008740896	0.008	0.012	1	CD46	c9
6.10457844412721e-05	-0.444374497545662	0.025	0.032	1	ARL6IP1	c9
0.00875487983098491	-0.442741301723762	0.008	0.011	1	SMG1	c9
0.00998971079022877	-0.442532230635665	0.008	0.01	1	ADAR	c9
0.00434976167127474	-0.440752928347994	0.01	0.013	1	SYAP1	c9
0.0121892688899458	-0.439926264744106	0.007	0.01	1	CASP8	c9
0.00263641766392098	-0.437385463742453	0.01	0.014	1	CHMP2A	c9
0.000476928871340212	-0.434118529323541	0.014	0.02	1	SF3B2	c9
0.00870394203878131	-0.432497361378148	0.008	0.011	1	CCNDBP1	c9
0.0148390641002441	-0.432063425157636	0.007	0.01	1	HSPA4	c9
0.0101179275948744	-0.431805824042607	0.009	0.012	1	SNORD3A	c9
0.000390867342006202	-0.431323151658447	0.016	0.022	1	RANBP1	c9
0.000498215210711036	0.430919960805396	0.016	0.012	1	EPB41L4A-AS1	c9
0.0114646180984242	-0.430079830530983	0.008	0.011	1	PDCD5	c9
0.00168169594464147	-0.429983796741454	0.012	0.016	1	IRF9	c9
0.0107653377827496	-0.429263629480153	0.008	0.011	1	PUF60	c9
0.00159968723884748	0.427658869258567	0.014	0.01	1	SUSD3	c9
0.000495828735389085	0.426181920235487	0.019	0.014	1	GTF2B	c9
0.000707033722602535	-0.426048735570358	0.015	0.02	1	CBX3	c9
0.00570327632221248	0.425435156046357	0.012	0.009	1	DEDD2	c9
0.00956799812865508	0.424867611436603	0.014	0.011	1	ALG13	c9
0.00331316685397732	0.424319606881633	0.013	0.01	1	TARSL2	c9
0.00991316865533745	-0.424157825443151	0.008	0.011	1	ILF3	c9
0.0106179301338128	-0.423196149290744	0.008	0.011	1	GLUD1	c9
8.47131919848274e-05	0.422928610430418	0.022	0.016	1	MAX	c9
0.00258622360980636	-0.422449557623451	0.012	0.016	1	AKAP9	c9
0.00961736276104517	0.418406820086157	0.011	0.009	1	KANSL1-AS1	c9
0.000128106112163141	-0.417782753027679	0.02	0.026	1	SEC62	c9
0.00117139097103044	0.417343545455264	0.015	0.011	1	MTFP1	c9
0.0119709013992488	0.416938385959152	0.01	0.007	1	ATG101	c9
0.00330609837644333	0.416748595122741	0.012	0.009	1	ABCD4	c9
0.00272983649076833	0.416608765218014	0.013	0.01	1	NDNL2	c9
0.000389586144059529	-0.416497860066886	0.016	0.022	1	VCP	c9
0.00186816653521977	-0.415579509628023	0.013	0.017	1	DDX6	c9
0.0142751244558796	-0.415166286032917	0.008	0.011	1	NDUFB5	c9
0.00030067113671252	-0.415139347967322	0.018	0.024	1	GNAS	c9
0.0147406374547119	-0.414651800901514	0.008	0.01	1	CCT7	c9
0.00042659654486977	-0.413695000795112	0.017	0.023	1	PHPT1	c9
0.00037922251668037	-0.41288564888124	0.018	0.024	1	DOK2	c9
0.0119108988233646	-0.412649628241165	0.007	0.01	1	TMEM9B	c9
0.0111802640954842	0.409334338478034	0.01	0.008	1	MAML2	c9
0.00958068360844695	-0.408862920290418	0.008	0.011	1	LINC00674	c9
0.00208053080881665	-0.408525368805281	0.011	0.016	1	CYFIP2	c9
0.0146619502466077	-0.408505069313356	0.008	0.011	1	ARL6IP6	c9
0.000893430243068025	-0.408368702278811	0.016	0.021	1	AURKAIP1	c9
5.09957840518881e-05	0.407965673125445	0.024	0.018	1	FAM107B	c9
0.00166296208219145	-0.406846360974932	0.016	0.021	1	SPCS3	c9
0.00639030363096936	-0.406335136526488	0.01	0.014	1	SLTM	c9
0.00592298200192143	0.405839555668733	0.012	0.009	1	SUMO1P3	c9
0.00670645731738673	-0.403741526765688	0.01	0.013	1	ADSS	c9
0.0176709035224232	-0.403103589527397	0.01	0.013	1	HLA-J	c9
0.00643844328659828	-0.402532564370174	0.01	0.013	1	FAM195B	c9
0.00275663321343106	0.400579335202282	0.014	0.011	1	GRAMD1A	c9
0.00195895016867571	-0.398408954754889	0.014	0.019	1	RNF181	c9
0.00551429820396633	-0.397799939996008	0.011	0.015	1	CHMP4A	c9
0.00654674872364447	0.397744653498255	0.012	0.009	1	DNAJC19	c9
0.00648365085698796	0.397149069613405	0.012	0.009	1	NFKB1	c9
0.000185321552547689	-0.395916558188645	0.021	0.027	1	MRPL41	c9
0.00165459117997263	-0.395360950518336	0.015	0.02	1	NCF1	c9
0.000145913839420278	-0.395220601052681	0.021	0.028	1	TBCB	c9
0.00613958231288459	-0.392790395991795	0.01	0.013	1	SRSF9	c9
0.0183448266041136	-0.392385403950079	0.008	0.011	1	SNRPC	c9
0.000649770605366561	-0.391994281171916	0.019	0.024	1	DNAJB6	c9
0.000413760758044462	0.391799679185524	0.02	0.015	1	HAX1	c9
0.00172633839610235	-0.39019440873025	0.016	0.021	1	DSTN	c9
0.000725474033045544	-0.388648822655375	0.018	0.023	1	NDUFS8	c9
8.56407142037163e-05	0.387598768816405	0.026	0.02	1	ALKBH7	c9
0.00808748876530258	-0.386903836845475	0.011	0.014	1	GADD45GIP1	c9
0.000156543626321866	0.386307323024661	0.025	0.019	1	RSL1D1	c9
0.000191654761306809	-0.384309690246154	0.022	0.029	1	SHISA5	c9
0.0241599067046142	-0.383892670438901	0.008	0.01	1	TES	c9
0.028421778935808	-0.383152257263354	0.008	0.01	1	LMO4	c9
0.000142587018291337	-0.382199206758355	0.023	0.03	1	ERH	c9
0.00415514987220603	-0.381930394358473	0.013	0.017	1	M6PR	c9
0.00101792058515077	-0.381304375437332	0.018	0.023	1	CTSA	c9
0.0142452735399139	-0.380294090278373	0.009	0.012	1	TMEM14C	c9
0.00506681332564035	-0.380239806890003	0.013	0.017	1	NDUFA7	c9
0.00213556222077132	-0.379601645649227	0.016	0.02	1	RAB11B	c9
0.0098458705144598	-0.379573606992383	0.01	0.014	1	THRAP3	c9
0.0187612686210162	0.379376081667351	0.01	0.008	1	RNF139	c9
0.0218135701225221	-0.377777890160854	0.008	0.011	1	PSMD7	c9
4.99896717220339e-05	-0.377672794911061	0.027	0.035	1	TOMM6	c9
0.00865777257196114	0.376992514884666	0.012	0.009	1	UBE2S	c9
0.0113358936344635	-0.37605582015917	0.008	0.011	1	TEX264	c9
0.00181047574543051	-0.373616404000285	0.016	0.021	1	TUFM	c9
0.00281853507505081	-0.373600279548181	0.015	0.019	1	C17orf62	c9
0.00115989918244771	-0.37294849277286	0.018	0.023	1	RCSD1	c9
7.79136125365225e-05	-0.372478567730812	0.027	0.035	1	SKAP1	c9
0.0120370809771781	-0.372106834917395	0.01	0.013	1	PPP3CC	c9
0.0208623878956356	-0.371725220038596	0.009	0.011	1	CRTAP	c9
0.0339537979194847	-0.371437474385334	0.007	0.01	1	LOC643733	c9
0.0233759576869512	-0.370788100784543	0.009	0.011	1	CPNE1	c9
0.00819785707929169	-0.368293864864265	0.011	0.015	1	TSC22D4	c9
0.0304127509032611	-0.367772136123076	0.008	0.01	1	UBE2A	c9
0.000242669486056348	-0.36775745560339	0.023	0.03	1	GABARAPL2	c9
0.00882151717457198	0.366725392314199	0.013	0.01	1	LOC100996740	c9
0.00382421427472432	-0.366052713398245	0.014	0.019	1	GHITM	c9
0.0141708151622568	-0.36523477677845	0.01	0.013	1	APH1A	c9
0.0273968694903633	-0.365142399954926	0.008	0.011	1	UHMK1	c9
0.0125687388521126	-0.364762134113568	0.011	0.014	1	MLF2	c9
0.0361204256454225	-0.364593206625932	0.01	0.013	1	HIST1H1C	c9
0.0272600386504745	0.36385914372925	0.01	0.008	1	FLJ32255	c9
0.0282808675645023	-0.363725214142647	0.008	0.011	1	RNPEPL1	c9
0.0116612302125006	0.363186715359636	0.013	0.01	1	MRPL55	c9
0.00429760477844689	-0.362312222527559	0.014	0.019	1	ATRX	c9
0.0296468178858172	-0.36198054786951	0.008	0.011	1	C6orf1	c9
9.02294485229574e-05	-0.360111537686484	0.03	0.038	1	TMEM59	c9
0.0225253681477439	-0.359820759686731	0.009	0.012	1	PLEKHJ1	c9
0.00889438324872715	-0.359790863298868	0.012	0.016	1	PNRC2	c9
0.0116346046472211	-0.359345600206038	0.011	0.015	1	ZNF428	c9
0.0285247437582326	-0.359338656076266	0.008	0.011	1	LRPAP1	c9
0.0114095090803646	-0.357824037357083	0.011	0.015	1	RAB2A	c9
0.000792285302119319	-0.357692367305288	0.021	0.027	1	SRI	c9
0.00249673345772684	-0.357167821100427	0.016	0.02	1	SIVA1	c9
0.0235029735566216	-0.355768297068625	0.009	0.012	1	CMC2	c9
0.000450333851665017	-0.355634143557202	0.021	0.028	1	ANXA11	c9
0.0156106612982705	0.355624837106587	0.012	0.009	1	RELB	c9
0.000225754164311775	0.353515773610533	0.025	0.019	1	ARID5A	c9
0.0127698493893197	-0.353190386636173	0.012	0.015	1	NFE2L2	c9
0.0277370332274493	-0.352901345746941	0.009	0.011	1	DPYD	c9
0.000654109514235073	0.352826203753914	0.024	0.019	1	ATP1A1	c9
0.000795565066177573	-0.352643537483051	0.022	0.027	1	DYNLRB1	c9
0.00288910345703468	0.352172759925627	0.018	0.014	1	BCL11B	c9
0.000102909000486284	0.351699434776733	0.029	0.023	1	PTP4A1	c9
0.00385399407889271	-0.351674025790185	0.016	0.02	1	STOM	c9
8.94741529250109e-05	-0.351003244926344	0.029	0.037	1	CD164	c9
0.0190679633762243	0.349442808841367	0.012	0.009	1	AKIRIN1	c9
0.00453020323675123	-0.349439675138974	0.016	0.02	1	VPS29	c9
0.014766802416088	0.349165611269539	0.013	0.011	1	TOPORS-AS1	c9
0.0204930921374627	-0.34902056427851	0.01	0.013	1	BNIP2	c9
0.0216277565948442	-0.347821154026208	0.01	0.013	1	SEPT2	c9
0.00212552778781019	-0.347629544421133	0.018	0.023	1	UBXN4	c9
0.000500129321187294	-0.347397367917091	0.023	0.029	1	UBE2I	c9
0.0186509452808597	-0.347389075207993	0.01	0.013	1	KIF5B	c9
0.0324805322650399	-0.346752974522182	0.008	0.011	1	GTF2A2	c9
0.0107970215661915	0.345556821337845	0.014	0.011	1	SRSF8	c9
0.0218486601798972	-0.345142760949756	0.01	0.013	1	TMEM160	c9
0.00024294877342372	0.34484983783213	0.027	0.021	1	PBXIP1	c9
0.0531468556529807	-0.34445568893981	0.009	0.011	1	ICAM1	c9
0.0162612075832764	-0.3443371729584	0.011	0.014	1	POLR3GL	c9
0.000488527014536017	0.344126755091345	0.03	0.024	1	SCML4	c9
0.00476840032543723	-0.340895112790649	0.016	0.02	1	SEP15	c9
0.020409585623018	0.340101137432722	0.012	0.009	1	RNF126	c9
0.000828991818237575	-0.339850114267495	0.024	0.03	1	SYNE2	c9
0.0104419332555799	0.339582452422605	0.016	0.013	1	RBMX	c9
0.0167189673520031	-0.338292408475472	0.011	0.014	1	NUCB1	c9
0.00454104837966881	0.336739823543912	0.019	0.015	1	CYTH1	c9
0.0208515012668284	-0.335597857916438	0.012	0.016	1	EIF4E	c9
0.020282137867939	-0.334542697567862	0.011	0.014	1	POLE4	c9
0.00106402834628716	-0.334049119346221	0.023	0.029	1	JTB	c9
0.0145825816219629	-0.334029902181108	0.012	0.016	1	PPP2CA	c9
0.0134170284832583	0.333295883170864	0.014	0.011	1	PITHD1	c9
5.09737115951777e-05	-0.332533788581239	0.036	0.046	1	CELF2	c9
0.00210818646441267	-0.331754810232278	0.02	0.026	1	PRDX6	c9
0.00602548075554891	-0.331698039472575	0.016	0.02	1	ZNHIT1	c9
0.041187065448394	-0.331616329233815	0.007	0.01	1	SAT2	c9
7.96699629490219e-05	-0.331515546898694	0.033	0.041	1	HNRNPF	c9
0.0214032589793696	-0.330959725061035	0.01	0.013	1	HADHA	c9
0.00801877728223356	0.330926137313016	0.017	0.013	1	TRAPPC6A	c9
0.00928189731450284	-0.330843311655116	0.014	0.018	1	OPTN	c9
0.0205909333885804	-0.330355642834785	0.011	0.014	1	LDLRAD4	c9
0.00486937806500012	0.329352736022559	0.019	0.015	1	A1BG	c9
0.0426850843451775	-0.328860545558118	0.008	0.01	1	FBXO7	c9
0.0265365323884796	0.328657789506318	0.012	0.01	1	SBDSP1	c9
0.035682436818852	0.327454962202739	0.011	0.009	1	RSBN1	c9
0.0433334028977764	-0.327234903283772	0.016	0.019	1	PPA1	c9
0.00101044891671468	-0.325445396153269	0.024	0.03	1	FKBP8	c9
0.000916641140704313	-0.325274426284625	0.025	0.031	1	RALY	c9
0.0403333817539938	0.325251188063069	0.011	0.009	1	AIMP1	c9
0.0435883872829331	-0.325245701358723	0.008	0.011	1	TAF15	c9
0.0168694567398969	-0.32419684995601	0.013	0.016	1	SUMO3	c9
0.00904948190223537	-0.323990293288625	0.014	0.018	1	C1orf86	c9
0.00573763312358374	-0.323668615969189	0.017	0.021	1	C14orf166	c9
0.0498278272879941	0.32350140611311	0.011	0.009	1	NUPL1	c9
0.00517436714533553	0.323411474679823	0.02	0.016	1	GCC2	c9
0.00277944137520728	-0.323331838413623	0.021	0.026	1	TMED10	c9
0.0279199638360632	0.323227719181552	0.013	0.01	1	ST3GAL1	c9
0.0709303420384051	0.321589366917115	0.01	0.008	1	GRPEL1	c9
0.03945534353746	0.321386084538183	0.011	0.009	1	PSIP1	c9
0.0216857488037756	0.321221543588998	0.012	0.009	1	TRAF1	c9
0.0331221032597317	-0.320876491664399	0.01	0.012	1	NRBP1	c9
0.0377274617621903	-0.318238912253664	0.008	0.011	1	DDX46	c9
0.0470970902960099	0.318056444108121	0.01	0.008	1	STT3B	c9
0.0587703468760129	-0.317802229603539	0.008	0.01	1	POLR2A	c9
0.0143682856428654	0.317467407385	0.016	0.013	1	TBCC	c9
0.0157753866246012	-0.317397017850669	0.013	0.017	1	SNX6	c9
0.00417624270578983	-0.316385985398021	0.019	0.023	1	OTUB1	c9
0.00234514654757857	0.315934241717775	0.021	0.017	1	METTL12	c9
0.0285811213388917	-0.31561182677881	0.011	0.014	1	TOMM22	c9
0.0308524293706912	-0.315426640328278	0.01	0.012	1	MEA1	c9
0.0486293296672066	-0.315426640328277	0.008	0.011	1	CSNK1A1	c9
0.00762845295765594	-0.315294349737117	0.015	0.019	1	TMEM179B	c9
0.0553313061048223	-0.314930954001158	0.008	0.01	1	PPP1R7	c9
0.0133827311206006	-0.314814550781172	0.013	0.016	1	RBBP4	c9
0.0196032336839408	-0.314743222484664	0.012	0.015	1	SSH2	c9
0.0312781811439634	0.314704457875949	0.012	0.01	1	CENPC	c9
4.90190875413376e-05	-0.313909131993466	0.04	0.049	1	ARF1	c9
0.000918585651114631	0.313597433596157	0.026	0.02	1	SELM	c9
0.026305998224822	-0.313321493645837	0.01	0.013	1	RPA3	c9
0.00289274779197641	0.313247716640338	0.023	0.018	1	RBL2	c9
8.01566473822308e-05	-0.31193849781452	0.034	0.043	1	HNRNPC	c9
0.0645747604611659	-0.311021461208277	0.008	0.01	1	ETNK1	c9
0.0500877707539927	-0.310359522659895	0.009	0.011	1	SMIM7	c9
6.19977439105244e-05	-0.309252994830285	0.038	0.047	1	ATPIF1	c9
0.00228947322072013	-0.308320386478322	0.023	0.029	1	RNF149	c9
0.0386594150944385	-0.306317249110871	0.011	0.013	1	SSNA1	c9
0.0175835788695407	-0.30609066410683	0.014	0.017	1	LPXN	c9
0.00912450106306567	-0.304938128827393	0.015	0.019	1	TMEM256	c9
0.0462135968177794	-0.304704922917887	0.01	0.012	1	ZNF207	c9
0.0121579174273973	0.304629465011623	0.017	0.014	1	LSM5	c9
0.0139954719798072	-0.304104222765583	0.013	0.016	1	HNRNPM	c9
4.94168320172352e-05	-0.302970808160778	0.042	0.051	1	NDUFB11	c9
0.0444475390119317	-0.302431641272347	0.007	0.01	1	DECR1	c9
0.0719496860955991	-0.302431641272347	0.008	0.01	1	SFT2D1	c9
0.0420090060298802	-0.30231373205756	0.011	0.013	1	ACADVL	c9
0.00109535588424823	-0.302020059111335	0.027	0.033	1	PAIP2	c9
0.000414289541847826	0.301812001541182	0.034	0.028	1	CD6	c9
0.00461488675517655	-0.30176257217294	0.021	0.026	1	AUP1	c9
0.000329359288379509	0.301737431821453	0.034	0.028	1	TC2N	c9
0.0494073958476928	-0.301190158014958	0.009	0.011	1	SRA1	c9
0.00112654547547953	-0.300427580914058	0.027	0.033	1	NDUFB4	c9
0.0170513651332413	-0.299702288035261	0.012	0.015	1	C8orf59	c9
0.0916785821621007	0.299224714806464	0.01	0.009	1	STARD3	c9
0.014574560440448	-0.299059849278638	0.013	0.017	1	RNF166	c9
0.00288504832904035	0.298840868311161	0.024	0.02	1	TNFRSF14	c9
0.0352254655354958	-0.298803692527613	0.011	0.014	1	NDUFAB1	c9
0.00442849713509305	-0.298563658706218	0.022	0.027	1	TRIM22	c9
0.000700801326421277	-0.297724638594818	0.031	0.038	1	NEDD8	c9
0.0378687042959722	-0.297724638594818	0.011	0.013	1	SP140	c9
0.000133721648983157	-0.297409364327636	0.039	0.047	1	CD48	c9
0.0313130231556612	-0.297173676189463	0.011	0.014	1	GPCPD1	c9
0.000969342633204416	-0.296914818174516	0.021	0.027	1	RPS4Y1	c9
0.0150833150301049	-0.296908634590661	0.015	0.018	1	RAD21	c9
0.00295472345417215	-0.296197168848225	0.024	0.029	1	VAPA	c9
0.000493300194348316	-0.295808199629577	0.032	0.039	1	DAD1	c9
0.0316336507630152	0.295625647619056	0.013	0.011	1	OTUD6B-AS1	c9
0.0257059976735056	-0.295050504296493	0.011	0.014	1	LSM6	c9
0.0647258126113942	-0.293761188187476	0.009	0.011	1	DNAJC4	c9
0.0579182980317283	-0.293317537072038	0.01	0.012	1	KRAS	c9
0.0111123034721903	0.293114428463007	0.019	0.015	1	R3HDM4	c9
0.00186851556480636	0.292800066764195	0.026	0.021	1	DANCR	c9
0.0236757184438601	0.292671748176966	0.015	0.012	1	CYLD	c9
0.0791675445440184	0.291905271700013	0.01	0.008	1	HPCAL1	c9
0.0414909685344607	0.291462447988063	0.013	0.011	1	LRP10	c9
0.0712582862199895	-0.291211331636145	0.008	0.01	1	YTHDC1	c9
0.00682097438200663	-0.290694436527289	0.018	0.022	1	UBE2N	c9
0.0104095377673622	-0.290211435621043	0.019	0.023	1	NUCKS1	c9
0.000644571178042236	-0.289883885377636	0.033	0.04	1	NDUFB8	c9
0.0551019884293793	-0.288587844022696	0.01	0.012	1	PDCL3	c9
0.074984903254119	-0.288555683004361	0.009	0.011	1	ZNF292	c9
0.047463011117461	-0.288264309345753	0.012	0.014	1	YWHAH	c9
0.000904851461116144	0.286954675347356	0.032	0.026	1	SMCHD1	c9
0.000568284145690966	0.286204042633235	0.035	0.029	1	GPBP1	c9
0.000351922076104184	-0.284658898449898	0.034	0.042	1	LSM7	c9
0.0866069483201671	0.284538712525382	0.01	0.008	1	ALKBH5	c9
0.00117265742641116	-0.283188545436938	0.03	0.037	1	SRRM1	c9
0.0733760241601758	-0.282767251601403	0.009	0.011	1	AKR1A1	c9
0.0224073184973548	-0.281970567280267	0.015	0.018	1	CAPZA2	c9
0.00061486095344679	-0.280213863593854	0.034	0.042	1	WSB1	c9
0.0855987456558334	-0.280170718111575	0.011	0.013	1	ARRDC3	c9
0.0663203799253243	0.27793011990011	0.012	0.01	1	RBM4	c9
0.000524771676800922	-0.277240837043597	0.035	0.043	1	VPS28	c9
0.0118537132814263	-0.277177261190733	0.019	0.023	1	LSM8	c9
0.0649740315212857	-0.277166188705184	0.01	0.012	1	RTF1	c9
0.0449463808458604	-0.277103580996601	0.012	0.015	1	SF3A2	c9
0.0327907510753796	-0.277095138234064	0.014	0.017	1	RASSF5	c9
0.0759934289882849	0.276045447256132	0.012	0.01	1	RGL4	c9
0.0431695410356622	-0.274431377142981	0.013	0.015	1	H3F3A	c9
0.00159337892336631	0.27418170930089	0.031	0.026	1	PRDX2	c9
0.0195995202995406	-0.27393572356556	0.018	0.021	1	NAP1L4	c9
0.0678263635566832	-0.272946098356737	0.01	0.012	1	GGNBP2	c9
0.0334240363360016	-0.272700614912343	0.013	0.015	1	PPP2R1A	c9
0.0317361792948315	0.27268564028834	0.016	0.013	1	MAP1LC3B2	c9
0.0559144575134183	-0.272160035978023	0.011	0.013	1	ZC3H15	c9
0.106031014608698	0.269839234390608	0.01	0.008	1	OSER1	c9
0.0413617163218794	-0.269508396145622	0.012	0.015	1	PRMT1	c9
0.064868146616014	0.269136055751027	0.012	0.01	1	NGRN	c9
0.00477192348274373	0.268913203913256	0.026	0.021	1	IFRD1	c9
0.0155800377429146	0.268795257172873	0.022	0.018	1	TMEM243	c9
0.00740746339682927	-0.268682143715717	0.024	0.029	1	FIS1	c9
0.0785998321011011	-0.268460044089625	0.009	0.011	1	ZRANB2	c9
0.0715865403231479	-0.268280860702337	0.01	0.012	1	DNAJC15	c9
0.093354709780704	-0.268214756322344	0.008	0.01	1	SLIRP	c9
0.0464069046238939	-0.268086427408122	0.011	0.014	1	TSPAN14	c9
0.0013280274754158	0.267071262570167	0.034	0.028	1	EML4	c9
0.0977310853212075	-0.265445095581182	0.009	0.011	1	MIER1	c9
0.108599190868629	-0.263381833411428	0.008	0.01	1	ITGB2-AS1	c9
0.0209288546144448	-0.261949901606171	0.021	0.025	1	MAPRE2	c9
0.0323744555079004	-0.261755720851617	0.021	0.024	1	DUT	c9
0.0235075469424917	-0.261541242106242	0.018	0.022	1	HNRNPH1	c9
0.463415140749942	-0.260300002414756	0.037	0.038	1	SOD2	c9
0.0142906464852006	-0.258213736116122	0.019	0.023	1	AIP	c9
0.0169675961222479	-0.257545724247778	0.02	0.024	1	RNF7	c9
0.123056634529377	0.257152135937046	0.01	0.008	1	ZNF394	c9
0.0253734493799506	0.255155682422563	0.019	0.016	1	PFKFB3	c9
0.104765945546482	-0.25473489924105	0.009	0.011	1	DNAJB14	c9
0.0311749026834613	0.254689168258146	0.019	0.016	1	SS18L2	c9
0.0945204683598891	-0.254597390707879	0.009	0.011	1	RAB14	c9
0.1087103637547	-0.254332043081438	0.008	0.01	1	PSMG2	c9
0.115596617310246	-0.253736626217482	0.008	0.01	1	IER3IP1	c9
0.00467059460520786	0.253554735870049	0.028	0.024	1	SPNS1	c9
0.00138283552320765	0.253105177207192	0.041	0.034	1	SNHG5	c9
0.113674163213036	0.253036377988674	0.01	0.008	1	MRPS31	c9
0.0438724431646614	-0.25285711642953	0.014	0.017	1	PPIG	c9
0.00577828392953792	-0.252183854684634	0.027	0.032	1	NDUFB10	c9
0.0774636951170743	-0.251738433320638	0.01	0.012	1	PSMF1	c9
0.0386799638385047	-0.251474007539062	0.015	0.018	1	TMEM230	c9
0.0262715937860167	0.250651573000949	0.022	0.019	1	STAT3	c9
0.000137778304177738	-0.250394993224667	0.059	0.07	1	RPS17	c9
0.0548428228421007	-0.250386242620822	0.012	0.015	1	PAFAH1B1	c9
0.0413543940027357	-0.249845233584294	0.013	0.016	1	BUD31	c9
0.0805987477009773	0.249660404309862	0.014	0.011	1	RNF113A	c9
0.000151855347269075	-0.249438841660663	0.071	0.082	1	ISG20	c9
0.034842415500592	-0.249386742120121	0.016	0.02	1	BIN1	c9
0.12404565058536	-0.249344981461275	0.008	0.01	1	MRPL53	c9
0.128414429508766	-0.248587859932017	0.008	0.01	1	CSNK1D	c9
0.0961137727894878	-0.247991548444494	0.011	0.013	1	VIM-AS1	c9
0.0566501191833245	-0.247932215310534	0.014	0.016	1	FGFR1OP2	c9
0.164847991798818	0.247709497939701	0.01	0.009	1	EPB41	c9
0.0610322299124399	0.2477094979397	0.016	0.014	1	UBAC2	c9
0.1017187905316	-0.247055193809878	0.01	0.012	1	TRAPPC2L	c9
0.0404184701162845	-0.247026822132994	0.015	0.018	1	ATP5G1	c9
0.0200912183988241	0.24686209994712	0.021	0.018	1	CMTM7	c9
0.0687272345408416	0.246743083898278	0.014	0.012	1	RPAIN	c9
0.0606108598270021	-0.246621404931486	0.013	0.016	1	UBE2L3	c9
0.0398802022734415	0.245875757570942	0.019	0.016	1	SYPL1	c9
0.0841335181620678	-0.244353894593266	0.012	0.014	1	MAGOH	c9
0.00896926242502898	-0.243519141085883	0.026	0.031	1	FAM96B	c9
0.10149488286609	-0.243276854572443	0.009	0.011	1	NUDT22	c9
0.952086179845658	-0.243276854572442	0.026	0.025	1	FKBP11	c9
0.126957152937144	-0.24255604764219	0.009	0.01	1	PHB	c9
0.059223403978364	-0.241911743250697	0.014	0.016	1	TMEM14B	c9
0.00459520180592577	-0.241898828229529	0.032	0.038	1	SNRPG	c9
0.00075093691031154	-0.241464911159199	0.049	0.057	1	SEC61G	c9
0.0457759546541194	-0.240558085350487	0.016	0.019	1	SLC38A1	c9
0.0173859386166721	-0.240554273955254	0.023	0.027	1	TCEA1	c9
0.100686979988519	0.240506811781346	0.012	0.01	1	MBOAT7	c9
0.00147582633167127	0.240133626999294	0.044	0.037	1	CDC42SE2	c9
0.00854619639786368	0.239531502063982	0.031	0.026	1	UBE2B	c9
0.120257726564205	0.239352344249293	0.012	0.01	1	MFNG	c9
0.0749829776978543	0.239285923354695	0.014	0.012	1	TLE4	c9
0.0202704769876328	-0.239241341337285	0.02	0.024	1	MRPL52	c9
0.000557960798577808	-0.238509269439382	0.05	0.059	1	RBM39	c9
0.0357029061956933	-0.238394633192697	0.017	0.02	1	RHOF	c9
0.0720813871983769	0.237769185862038	0.015	0.012	1	CNIH1	c9
0.0894811508662435	-0.237717329230542	0.011	0.013	1	SERINC1	c9
0.0468195673346192	-0.237603646157248	0.017	0.02	1	HMHA1	c9
0.11082334044632	-0.237500290134645	0.009	0.01	1	SYNRG	c9
0.0420786084975116	0.237442595322283	0.022	0.019	1	AMD1	c9
0.112738211541549	-0.236860112900575	0.009	0.01	1	TGFBR2	c9
0.152437890613837	-0.234891285151778	0.008	0.01	1	RNF125	c9
0.0365398697597457	-0.23418444161964	0.028	0.032	1	GeneID:102723863	c9
0.0894910752749407	-0.233733081901572	0.012	0.014	1	LSM4	c9
8.25031626860385e-05	0.233436933836386	0.063	0.053	1	RPS20	c9
0.000260365061337069	0.232458306942361	0.057	0.048	1	RNASET2	c9
0.00843389244153496	-0.23240361122424	0.028	0.033	1	ZAP70	c9
0.00311041520180084	0.232132386862096	0.041	0.035	1	GTF3A	c9
0.0339739391858322	-0.231797357686724	0.019	0.022	1	NDUFC1	c9
0.0702430696972486	-0.231337241260917	0.014	0.017	1	RER1	c9
0.040494577049402	-0.230823647850077	0.02	0.024	1	RNF19A	c9
0.152694494193985	0.230177330931724	0.01	0.008	1	PERP	c9
0.0699718788731231	0.229948058775358	0.016	0.014	1	ADD3	c9
0.123648184142583	0.229824619627399	0.012	0.01	1	OBFC1	c9
0.0495199455432867	-0.229337663614568	0.019	0.022	1	JMJD1C	c9
0.162869181178112	0.229316012140094	0.011	0.01	1	KIF2A	c9
0.113559831009519	-0.228753931038979	0.011	0.013	1	EIF4EBP2	c9
0.0134933047457988	-0.228108478023564	0.026	0.03	1	EMB	c9
0.134108015095763	-0.226863764681609	0.01	0.011	1	TMX1	c9
0.0367301872599875	-0.225909722602355	0.02	0.024	1	NDUFA2	c9
0.0211249973720964	0.225310112983135	0.026	0.022	1	NME3	c9
0.141270781645189	0.225031439031933	0.01	0.008	1	ARL4D	c9
0.00562249532460819	-0.224843070755823	0.035	0.041	1	GLIPR1	c9
0.0478931795067776	-0.224540291990857	0.018	0.021	1	XRCC6	c9
0.0687596961250779	0.224435667530814	0.025	0.022	1	ZNRD1	c9
0.00444204634171412	-0.223781785899974	0.039	0.045	1	NME2	c9
0.138222824743205	-0.223135322174135	0.01	0.011	1	WDR33	c9
0.00860197909817292	-0.222836692103511	0.034	0.039	1	SFPQ	c9
0.00995348886085708	0.22263297450495	0.032	0.027	1	POLR1D	c9
0.137953834308613	0.221619074580897	0.013	0.011	1	SDHAF2	c9
0.0431885771040128	-0.221442483975982	0.019	0.022	1	NDUFS7	c9
0.00512447916899742	-0.220872327542614	0.035	0.041	1	CDC37	c9
5.28048127459092e-05	-0.220863176908519	0.105	0.119	1	ZFP36L1	c9
0.17509071685089	0.220670245187348	0.011	0.01	1	BCL2	c9
0.104806469061663	-0.220669211929789	0.011	0.012	1	VOPP1	c9
0.14805611038541	-0.220245885917102	0.01	0.011	1	MXD1	c9
0.0468005422869439	-0.21949102659944	0.019	0.022	1	PA2G4	c9
0.195217637519482	0.217111775735695	0.01	0.009	1	CEBPZ	c9
0.161553326418475	-0.214913199853534	0.009	0.011	1	GOLPH3	c9
0.00767380095373482	0.21476342838941	0.033	0.028	1	LINC-PINT	c9
0.00024086018911479	0.214569263922511	0.068	0.059	1	EIF3G	c9
0.0244252967313476	-0.214296218472334	0.023	0.027	1	CCDC107	c9
0.15361120350408	-0.21397608059948	0.01	0.012	1	PPM1K	c9
0.122281862644947	-0.213740808563551	0.01	0.012	1	SNRPA1	c9
0.000579182811727935	-0.213695864022724	0.062	0.071	1	VAMP2	c9
0.101975717126047	-0.213346972424318	0.015	0.017	1	RILPL2	c9
0.0367237281470004	-0.213319828251429	0.023	0.027	1	TMEM219	c9
0.0373348153149987	0.210838166689092	0.027	0.023	1	CNOT6L	c9
0.185592060301672	-0.210667904325597	0.008	0.01	1	SDHD	c9
0.17040370105519	-0.210599942205019	0.009	0.01	1	CCT3	c9
0.0187318350236807	-0.210502226482756	0.028	0.033	1	KMT2E	c9
0.0614455944358688	0.2101673236981	0.019	0.016	1	ARL4A	c9
0.011735613908576	-0.209333840124033	0.035	0.04	1	ICAM3	c9
0.181093534523075	0.209235350125065	0.011	0.01	1	DDTL	c9
0.03681629225953	-0.209099739254355	0.023	0.027	1	SAMHD1	c9
0.105040322664506	0.208681213363541	0.016	0.014	1	TMEM50B	c9
0.00563642544203061	0.208175246439413	0.04	0.035	1	CREM	c9
0.00104262572722723	-0.208060241711954	0.057	0.066	1	SLC25A3	c9
0.00404865664056651	-0.207034845632343	0.049	0.056	1	CNN2	c9
0.10140299239985	0.20683445917175	0.018	0.016	1	DDX18	c9
0.072385230004969	0.206130394188301	0.019	0.017	1	HNRNPUL1	c9
0.157549921730294	0.205136781911444	0.013	0.011	1	NCF4	c9
0.101427260326215	-0.20500433071787	0.013	0.016	1	ANKRD10	c9
0.0101082710325836	0.204763194228831	0.04	0.035	1	CCDC85B	c9
0.0564756516282742	-0.204150523282621	0.021	0.024	1	EIF1B	c9
0.163733623498062	-0.203902616238298	0.01	0.012	1	PTPN2	c9
0.174721450860462	-0.203766839565016	0.01	0.011	1	SMARCA5	c9
0.0237839688056931	0.203734705728767	0.028	0.024	1	SLC3A2	c9
0.0832233282700479	0.203479910147929	0.018	0.016	1	CLPP	c9
0.0292440493122861	0.202921576192861	0.026	0.022	1	RPS10	c9
0.00818481185035115	-0.202697390715651	0.04	0.046	1	C4orf3	c9
0.0620700209570221	-0.202160127551846	0.019	0.022	1	ATP5A1	c9
0.226492838885044	0.201122704337745	0.01	0.008	1	LAGE3	c9
0.17193450467844	-0.20088811464486	0.01	0.012	1	CNPY2	c9
0.0756076100965929	-0.200120781321794	0.017	0.02	1	PRMT2	c9
0.0981149613954734	-0.199917778960655	0.016	0.018	1	HP1BP3	c9
0.130679688077419	-0.199513145991286	0.014	0.016	1	TNRC6B	c9
0.161774937683537	-0.199006587644926	0.011	0.013	1	STRA13	c9
0.0015407893089124	0.196684318764715	0.058	0.05	1	EPC1	c9
0.0908740996652687	-0.1966468002355	0.018	0.02	1	SNRNP70	c9
0.106859580946824	0.196458631569337	0.016	0.014	1	IRF3	c9
0.186367332584582	0.194941014805555	0.013	0.011	1	SORL1	c9
0.159235471343383	-0.194686116959606	0.012	0.014	1	GSDMD	c9
0.171148651030531	-0.193888827610279	0.012	0.014	1	TMEM134	c9
0.146286903155603	0.193669658226811	0.015	0.013	1	BTF3L4	c9
0.132834700281081	-0.193582060499278	0.013	0.015	1	SNRPB2	c9
0.0768847351363762	0.193553727892795	0.021	0.018	1	PPP1CB	c9
0.171789923161072	-0.192051531217269	0.01	0.011	1	FBXW5	c9
0.145314703630933	-0.191014932156168	0.014	0.015	1	TMX4	c9
0.00580187808795267	-0.190430135534041	0.045	0.052	1	KIAA1551	c9
0.26804638506933	0.189715193232198	0.01	0.008	1	LMF2	c9
0.0247981157246258	0.189473651146574	0.037	0.033	1	FNBP1	c9
0.180666225207749	-0.18849556884006	0.011	0.012	1	PNN	c9
0.0387891195520951	0.187946941318548	0.03	0.026	1	PHB2	c9
0.0849679730307916	-0.187682263779967	0.02	0.023	1	SRSF10	c9
0.173748191936214	-0.18724810223325	0.012	0.014	1	SLC44A2	c9
0.234851756241124	0.186939059734097	0.011	0.01	1	MRPL34	c9
0.204095653670044	-0.186693326206075	0.01	0.012	1	HSPA9	c9
0.253385118325425	0.186308953275557	0.01	0.009	1	UQCC2	c9
0.232418099508599	-0.185943679506491	0.009	0.01	1	VDAC3	c9
0.00391093841815693	-0.185909749627988	0.05	0.057	1	STK17A	c9
0.0253025274117118	0.184841941119199	0.036	0.032	1	OXNAD1	c9
0.283710103507693	0.183597790242686	0.01	0.009	1	PNP	c9
0.0207062388122171	0.181177386027284	0.045	0.04	1	NHP2L1	c9
0.266032264970372	0.181140744447164	0.01	0.009	1	YDJC	c9
0.117777491849241	-0.180837630532777	0.018	0.02	1	MRPL20	c9
0.137525917412172	-0.180659040486328	0.013	0.015	1	OCIAD1	c9
0.049826041522578	-0.18038811593093	0.03	0.034	1	COX17	c9
0.162165701650127	-0.180375298412255	0.014	0.015	1	NONO	c9
0.213288518984585	-0.180134254999244	0.011	0.012	1	MRPL43	c9
0.22521631251619	-0.180120672282588	0.01	0.011	1	ETHE1	c9
0.107139885957916	-0.179583255609997	0.02	0.023	1	DCXR	c9
0.107809594020202	-0.179511754203986	0.016	0.019	1	DDOST	c9
0.152374948461404	-0.179461756974999	0.016	0.018	1	BTG3	c9
0.248352631685817	-0.179369985400216	0.009	0.01	1	PITPNC1	c9
0.0757375893958582	-0.178938486144308	0.022	0.025	1	MRPL33	c9
0.181719635156706	-0.177985394320723	0.013	0.015	1	CGGBP1	c9
0.0614928833319885	0.177596733844967	0.027	0.024	1	HNRNPH3	c9
0.189119118212265	-0.177229346408259	0.012	0.013	1	TIAL1	c9
0.028343644830584	-0.177185838841449	0.053	0.059	1	ITM2A	c9
0.00472029180033513	0.176974277035968	0.06	0.053	1	CCND3	c9
0.233901175964044	-0.176592736237105	0.01	0.011	1	PIAS1	c9
0.0615973353670705	-0.176439856854062	0.035	0.038	1	BAX	c9
0.00371178216402655	0.176383940753162	0.065	0.057	1	ERP29	c9
0.148020335036688	-0.176320399260847	0.015	0.017	1	STRAP	c9
0.15777257381463	0.176266723458312	0.017	0.015	1	FBL	c9
0.219264746414564	0.175812348587614	0.014	0.013	1	ZMYM6NB	c9
0.202436969679592	0.175612970202008	0.014	0.013	1	NOP58	c9
0.207493767096027	0.175403815937589	0.014	0.012	1	CLNS1A	c9
0.0845916002718913	-0.174194365914814	0.069	0.073	1	H2AFZ	c9
0.00208479304633647	-0.173598906737289	0.139	0.15	1	TAGLN2	c9
0.271187367260865	0.173557500139688	0.012	0.01	1	PHF3	c9
0.171865158285767	-0.17313362302035	0.014	0.016	1	PDCD6	c9
0.00169123383761309	0.172813651925479	0.056	0.048	1	NR3C1	c9
0.00344422115726477	0.172587522528658	0.04	0.034	1	CD55	c9
0.00636027071613459	-0.172464151983758	0.055	0.062	1	HIGD2A	c9
0.129246985236035	-0.172373654889008	0.018	0.021	1	TMEM2	c9
0.065469483343132	-0.171988492935045	0.024	0.027	1	CD47	c9
0.0897557770402956	0.171987608451208	0.018	0.016	1	PIM3	c9
0.200301112598751	-0.171113894902992	0.012	0.014	1	ACP1	c9
0.00581468404679377	0.171082739592094	0.056	0.049	1	ETS1	c9
0.329214829949224	0.170900617830925	0.01	0.009	1	DAP3	c9
0.222557585677331	-0.170540237658446	0.011	0.012	1	NDUFV1	c9
0.0248831516776446	-0.169935328439619	0.042	0.038	1	XBP1	c9
0.0870480360320235	0.169920578893764	0.025	0.022	1	ELOVL5	c9
0.0122690472340714	-0.169773839969565	0.051	0.057	1	NDUFA11	c9
0.185431168594383	-0.169322263502788	0.014	0.016	1	IDI1	c9
0.248571633544776	-0.168897285439728	0.045	0.048	1	RNA45S5	c9
0.277749815217552	-0.168593412385001	0.009	0.01	1	ANP32E	c9
0.0512424426990128	-0.168055276164693	0.03	0.034	1	TBCA	c9
0.155721799739969	-0.168024114762004	0.016	0.018	1	EIF3M	c9
0.0955977736804437	-0.167602565055053	0.024	0.027	1	COX14	c9
0.0558006404956515	0.167574277393166	0.034	0.03	1	ANKRD12	c9
0.21452647771525	-0.166913135760185	0.011	0.012	1	RNASEH2C	c9
0.0992822285853658	-0.165883138883986	0.018	0.021	1	PSMA1	c9
0.104775831502037	-0.165767487351527	0.023	0.026	1	DGUOK	c9
0.241192582785375	0.165442504891447	0.013	0.011	1	C19orf24	c9
0.114096342641275	-0.165356326457406	0.021	0.024	1	G3BP2	c9
0.0474676160384736	-0.1650868700167	0.032	0.036	1	PMAIP1	c9
0.0726990827949154	-0.164954930280827	0.025	0.028	1	GPR65	c9
0.0277858539952088	0.164756012949114	0.049	0.044	1	CLK1	c9
0.0581500760503279	-0.164643185791071	0.034	0.038	1	DDX24	c9
0.00378296763195409	-0.164481435136597	0.075	0.084	1	GMFG	c9
0.268309801633585	-0.164278549684041	0.011	0.012	1	POLR2I	c9
0.28041581109071	0.16360651295796	0.011	0.01	1	NABP1	c9
0.250942689940759	-0.163573913764482	0.009	0.01	1	ATG12	c9
0.213362742516204	-0.16352294369617	0.013	0.015	1	ERGIC3	c9
0.305046072751807	0.163480086910107	0.011	0.01	1	C17orf89	c9
0.149908048068679	-0.163197967171896	0.018	0.02	1	SF3B6	c9
0.270988463484181	-0.163159944645899	0.01	0.011	1	MPG	c9
0.181375254423232	-0.160548219492219	0.011	0.012	1	FDFT1	c9
0.288828864527464	-0.160416588734606	0.009	0.01	1	PSMD9	c9
0.322512433649625	0.160348148436857	0.013	0.012	1	G3BP1	c9
0.0260591720192207	0.159978896996679	0.045	0.04	1	DDX3X	c9
0.00761973761226063	0.159711933747626	0.072	0.065	1	PTGES3	c9
0.107619386107209	0.157975021464555	0.026	0.023	1	EIF3D	c9
0.0759562718592349	-0.157939497224503	0.025	0.029	1	NDUFA6	c9
0.259980927761813	-0.157758783386385	0.016	0.017	1	RBBP6	c9
0.00182690206787578	-0.156979935440844	0.088	0.098	1	DAZAP2	c9
0.0225314098279128	0.156330604136795	0.049	0.043	1	ITGB1	c9
0.0819227184854756	0.155141747408867	0.031	0.028	1	EMD	c9
0.198556962245633	-0.154681646852169	0.016	0.018	1	MAF	c9
0.022850816262114	-0.154244120108832	0.054	0.06	1	TRMT112	c9
0.251895976759644	-0.153413575825637	0.012	0.014	1	PDAP1	c9
0.319839094961172	-0.152890618115337	0.009	0.01	1	SARNP	c9
0.319030437762986	-0.15269381630335	0.009	0.01	1	ACAA1	c9
0.900355774428915	-0.151869482028666	0.08	0.079	1	HSPB1	c9
0.00906229409354206	0.15179798490319	0.06	0.054	1	RHOH	c9
0.228747702061439	-0.151550234690399	0.014	0.016	1	HMOX2	c9
0.284012771528598	-0.151519218995657	0.011	0.012	1	ETFB	c9
0.320397857664609	0.150396884905103	0.012	0.011	1	APEX1	c9
0.126112160957461	-0.150318430772474	0.011	0.012	1	HSD17B11	c9
0.121573593712032	-0.149947677914424	0.023	0.025	1	LOC374443	c9
0.234617076747933	-0.149808258086266	0.012	0.013	1	PCED1B	c9
0.334747651259084	-0.148949472024289	0.009	0.01	1	CARD8	c9
0.166839964054495	0.148916715775381	0.022	0.02	1	TAF7	c9
0.319270398320014	0.147773964341633	0.012	0.011	1	CDC25B	c9
0.228987368302126	-0.147539807191178	0.014	0.016	1	DPM3	c9
0.0893352711772028	-0.14690846010021	0.034	0.038	1	SF3B5	c9
0.373149585709451	0.146441897360994	0.01	0.009	1	PHF5A	c9
0.198734675879951	-0.146286864530391	0.019	0.021	1	DDX21	c9
0.10131407947139	-0.146194708005268	0.031	0.035	1	IL10RA	c9
0.0252001929340574	0.146171471477637	0.043	0.039	1	CORO1B	c9
0.0209441762135452	-0.145358486620124	0.057	0.064	1	C19orf43	c9
0.0133707902654526	0.144668827289451	0.064	0.057	1	NDUFS5	c9
0.114161237217441	-0.144034739887307	0.028	0.031	1	C11orf58	c9
0.362320194921923	0.144004978309019	0.015	0.014	1	POLR2J	c9
0.306439596044692	-0.143660292061798	0.011	0.012	1	RBM17	c9
0.00762383836404379	0.143086189642545	0.084	0.076	1	CNBP	c9
0.364993456007826	0.142768441366695	0.011	0.01	1	GDI1	c9
0.0487532032902665	-0.142714650051118	0.048	0.053	1	NCL	c9
0.316699796350045	-0.142419426425283	0.01	0.011	1	CCT8	c9
0.272419912399312	-0.142018326988787	0.014	0.015	1	CCDC167	c9
0.105527198605557	-0.141874822364229	0.027	0.03	1	H2AFV	c9
0.0391493542514924	-0.14171194400776	0.049	0.054	1	MORF4L1	c9
0.391775584282699	0.141590263721111	0.01	0.009	1	RALGAPA1	c9
0.297597255002817	0.141304636288647	0.015	0.014	1	RABGGTB	c9
0.345263442329117	-0.139341259035198	0.009	0.01	1	TXN2	c9
0.295956706844163	-0.139204400424755	0.009	0.011	1	HNRNPL	c9
0.206513084108276	0.138775126386536	0.023	0.021	1	EIF1AX	c9
0.273675024464085	-0.138641196799933	0.013	0.015	1	EIF3I	c9
0.196842701098981	-0.138049733846263	0.021	0.023	1	MEAF6	c9
0.178978386054465	-0.137674385087622	0.021	0.023	1	DEF6	c9
0.0758469042522459	0.137402605363998	0.038	0.034	1	PEBP1	c9
0.247832622952511	-0.137131143992463	0.014	0.015	1	IMP3	c9
0.000375578931578274	-0.13649230785735	0.154	0.169	1	ATP5L	c9
0.344120449571959	0.136437515762945	0.014	0.012	1	MPC2	c9
0.353665516568341	0.135878972773656	0.013	0.012	1	RNF145	c9
0.128887414160651	-0.135717230749789	0.03	0.033	1	SF3B1	c9
0.214145185839093	-0.135601337046296	0.016	0.018	1	TPR	c9
0.301031128002815	-0.135551912876693	0.013	0.015	1	PRPF4B	c9
0.414883848172002	0.135234768681287	0.01	0.009	1	SLC25A39	c9
0.174067187070916	-0.13497468944521	0.027	0.029	1	DYNLT1	c9
0.145181927243463	-0.134543465983958	0.028	0.031	1	PRRC2C	c9
0.35579067374504	0.134012663533334	0.013	0.012	1	GRK6	c9
0.0788324781575503	-0.133966207819417	0.036	0.04	1	FYN	c9
0.36866886397276	-0.133581989746513	0.009	0.01	1	SRP19	c9
0.0830509963980095	0.133016943431469	0.036	0.033	1	SLC38A2	c9
0.00406629331490472	0.132635236697976	0.091	0.083	1	SRSF5	c9
0.398596938721258	0.132614068522152	0.012	0.011	1	INO80E	c9
0.199144034868867	0.132430695804585	0.029	0.027	1	ARF4	c9
0.320199201189259	0.131934664213213	0.015	0.014	1	LINC01420	c9
0.158970127797539	0.131632532001092	0.027	0.025	1	CHURC1	c9
0.364537179201809	-0.131172785850462	0.01	0.011	1	POLR2F	c9
0.275031241989988	-0.130480728875418	0.013	0.014	1	LSM14A	c9
0.360383640943595	0.130433782417467	0.014	0.013	1	RBMS1	c9
0.0428829122035773	-0.13028334469916	0.061	0.066	1	UBE2D3	c9
0.131555546836962	-0.129301662317738	0.027	0.03	1	SRP9	c9
0.349398636425182	-0.12900138236226	0.011	0.012	1	COPS6	c9
0.132534366986654	-0.128958893977347	0.035	0.039	1	ACAP1	c9
0.182602756993962	0.128830235204096	0.027	0.025	1	CHD2	c9
0.288183802416174	-0.128646040838203	0.016	0.018	1	POLR2K	c9
0.332242734120931	-0.128570101812148	0.009	0.01	1	VTI1B	c9
0.0344918028204311	0.128209161002471	0.037	0.033	1	CKS2	c9
0.120615500974559	-0.127386435075819	0.033	0.036	1	ARGLU1	c9
0.352925906854379	0.127241977927757	0.014	0.013	1	NOL7	c9
0.0797761253693541	0.126915812150684	0.061	0.057	1	SAP18	c9
0.33275323458131	-0.126202852218177	0.013	0.014	1	EIF2S2	c9
0.0869132590605886	0.125914140704809	0.049	0.045	1	C19orf53	c9
0.00122802924304468	0.125716183189666	0.128	0.117	1	HNRNPDL	c9
0.238769452094846	0.125694001471682	0.024	0.022	1	DGCR6L	c9
0.280946307003378	0.125018372638151	0.022	0.02	1	ANXA2R	c9
0.0446674150556747	0.124658058465086	0.063	0.058	1	RBM8A	c9
0.0898942133314214	-0.124068177558619	0.042	0.046	1	SEPW1	c9
0.29855634848702	0.123804187904883	0.015	0.014	1	MYLIP	c9
0.280570385929509	0.122939917066159	0.012	0.011	1	GLA	c9
0.387369802474271	-0.122833384259157	0.011	0.012	1	LOC101927902	c9
0.27635787157108	-0.122749130976269	0.018	0.019	1	USP15	c9
0.401274513285945	0.122666095178232	0.014	0.013	1	TNIP1	c9
0.0485886670404504	-0.122380595285168	0.055	0.06	1	LIME1	c9
0.293508374097419	0.122379204686008	0.018	0.017	1	ATM	c9
0.330466712860594	-0.122324507086355	0.014	0.015	1	PRNP	c9
0.328475802975208	-0.122282632184941	0.015	0.016	1	RHBDD2	c9
0.347482867652885	-0.12209351880729	0.011	0.012	1	GABPB1-AS1	c9
0.162419375628301	0.121916598267193	0.028	0.026	1	PDE4B	c9
0.425932624424771	-0.120748014382221	0.011	0.012	1	CDK5RAP3	c9
0.334958961635655	-0.120657567908487	0.015	0.017	1	ATP5L2	c9
0.179778357088852	-0.120206487830276	0.029	0.032	1	MATR3	c9
0.39054907969524	0.118867682432987	0.017	0.016	1	MAPK1IP1L	c9
0.00848156574304846	-0.118159387696413	0.164	0.174	1	CALM1	c9
0.190633639373679	0.118093635859894	0.028	0.026	1	UPP1	c9
0.330910595509723	-0.11798057612206	0.015	0.016	1	SNRPA	c9
0.257369025065808	-0.117524224095757	0.021	0.023	1	RAP1A	c9
0.333710980817599	-0.117469541171223	0.017	0.018	1	MRPS34	c9
0.345205284749621	-0.117415155004701	0.014	0.015	1	FNBP4	c9
0.120863690768027	0.116196778925736	0.038	0.035	1	STK4	c9
0.290534391957915	-0.116171634899668	0.012	0.013	1	OSBPL8	c9
0.191553723863585	-0.115972530297364	0.034	0.036	1	MAP1LC3B	c9
0.511928773826054	0.115912671279666	0.01	0.009	1	COQ10B	c9
0.135758849159803	0.11558165306118	0.045	0.042	1	MRPS21	c9
0.279305125445305	-0.115039226777359	0.022	0.024	1	TRABD	c9
0.0377336299000352	0.115025480453649	0.073	0.067	1	ANAPC16	c9
0.0469136073697581	-0.11475081408273	0.076	0.082	1	EDF1	c9
0.160214705519015	-0.114690975059585	0.032	0.035	1	LYAR	c9
0.356829145661115	-0.114472105505514	0.016	0.018	1	CHCHD10	c9
0.0929387786123822	0.11435833366148	0.061	0.057	1	GYPC	c9
0.316894444059084	-0.113742984406956	0.018	0.02	1	IL16	c9
0.199875035313889	-0.113661755237027	0.032	0.035	1	N4BP2L2	c9
0.323529306382467	-0.113415718989851	0.017	0.018	1	TCEB1	c9
0.506116162728511	0.113270563164456	0.01	0.009	1	SF3A1	c9
0.400329565094422	0.113001478944542	0.015	0.014	1	YPEL3	c9
0.160660197684511	-0.112748371029039	0.031	0.034	1	SERBP1	c9
0.269337832196931	-0.112692744762298	0.023	0.025	1	SIGIRR	c9
0.0949410978401744	-0.111524097439676	0.056	0.06	1	PLP2	c9
0.421797511622421	-0.111477331850574	0.011	0.012	1	CLTB	c9
0.420521517583338	-0.109715044962402	0.011	0.012	1	BAZ1A	c9
0.0812094622685499	0.109606225671093	0.073	0.068	1	SRSF3	c9
0.307028720268428	0.109338144172587	0.022	0.021	1	CDC42SE1	c9
0.17178821018369	-0.109253660795527	0.038	0.041	1	ARHGEF1	c9
0.0117011548167127	0.108883057280213	0.096	0.088	1	SERP1	c9
0.341183297263564	-0.108450890318668	0.017	0.018	1	ZBTB20	c9
0.449181545195858	-0.108237370773988	0.011	0.012	1	DHPS	c9
0.23023692911486	0.107597213928067	0.028	0.026	1	ARID5B	c9
0.215647677568809	-0.10748112795666	0.033	0.035	1	JAK1	c9
0.353331212867381	-0.106948762227494	0.017	0.019	1	PFDN2	c9
0.54322328107621	0.106050787989854	0.013	0.012	1	PPP6C	c9
0.171821917712629	0.106036677355766	0.065	0.061	1	ATF3	c9
0.447216272958073	-0.105966881573985	0.01	0.011	1	NUTF2	c9
0.387165391567836	-0.105773330822507	0.015	0.016	1	GPS2	c9
0.53282376543842	0.105487425287236	0.011	0.01	1	USP3	c9
0.268144336009185	0.104878393388701	0.03	0.028	1	DPP7	c9
0.361563847949563	-0.104580098974979	0.024	0.026	1	BHLHE40	c9
0.273548036810454	0.1042986019406	0.023	0.021	1	AAK1	c9
0.473058068617499	-0.103699387352012	0.009	0.01	1	UFD1L	c9
0.354132561017755	-0.103629470027888	0.018	0.019	1	ATRAID	c9
0.364043404782792	-0.103490027493938	0.022	0.024	1	KRT10	c9
0.484061225370392	-0.101355968858137	0.009	0.01	1	CNOT7	c9
0.485769871403653	0.101196761100908	0.013	0.012	1	FLJ10038	c9
