p_val	avg_log2FC	pct.1	pct.2	p_val_adj	gene	seurat_clusters
0	-4.49593817914282	0.025	0.338	0	NKG7	c13
0	-3.34258563706851	0.083	0.502	0	CCL5	c13
0	3.26088730666767	0.103	0.011	0	CD79A	c13
0	2.87436662321737	0.087	0.011	0	MS4A1	c13
0	1.79800005942268	0.871	0.525	0	RNR1	c13
0	1.63553785337905	0.98	0.797	0	RNR2	c13
0	-1.47811705688527	0.472	0.777	0	ACTB	c13
0	-1.21621598051676	0.394	0.667	0	HLA-A	c13
0	1.13495361666277	0.603	0.296	0	EEF1B2	c13
0	-1.13128639450337	0.484	0.748	0	HLA-C	c13
0	1.0719835654909	0.904	0.605	0	RPS8	c13
0	1.07057568494192	0.721	0.39	0	RPL9	c13
0	-1.05266807182196	0.683	0.896	0	TMSB4X	c13
0	1.02950976799125	0.836	0.511	0	RPS6	c13
0	0.935121581988828	0.928	0.682	0	RPS23	c13
0	0.933700898597013	0.915	0.645	0	RPS3A	c13
0	0.923342553606625	0.749	0.45	0	RPS5	c13
0	0.8824923922082	0.847	0.616	0	TPT1	c13
0	0.859660316116966	0.856	0.572	0	RPL3	c13
0	0.849867369064393	0.857	0.57	0	RPS13	c13
0	0.849686778996983	0.948	0.744	0	RPS18	c13
0	0.84859402678155	0.87	0.605	0	RPL37	c13
0	0.828316992680064	0.955	0.754	0	RPL34	c13
0	0.816064663067363	0.97	0.798	0	RPL32	c13
0	0.807801119900013	0.966	0.874	0	EEF1A1	c13
0	-0.783075630967172	0.914	0.966	0	B2M	c13
0	0.773923751495294	0.905	0.672	0	RPS14	c13
0	0.753606060950612	0.973	0.846	0	RPL13	c13
0	0.753306046228663	0.859	0.594	0	RPS25	c13
0	0.730686790607374	0.86	0.615	0	RPL35A	c13
0	0.729373254080711	0.974	0.863	0	RPS12	c13
0	0.728416025191392	0.958	0.774	0	RPL11	c13
0	0.683860432362227	0.939	0.754	0	RPS27A	c13
0	0.668838479892887	0.927	0.719	0	RPL18A	c13
0	0.661310550471493	0.942	0.767	0	RPL19	c13
0	0.655297334499351	0.902	0.686	0	RPS21	c13
0	0.646483203718354	0.967	0.832	0	RPL30	c13
0	0.640468516505352	0.964	0.84	0	RPL39	c13
0	0.541596307987748	0.977	0.904	0	RPL10	c13
0	0.473579967663628	0.353	0.118	0	RN7SK	c13
8.85888574178609e-307	0.715920747358922	0.844	0.588	1.8396362131393e-302	RPL29	c13
5.51512074180461e-305	0.54196933592175	0.966	0.897	1.14526997324315e-300	RPLP1	c13
3.61562029337154e-297	0.975928533567932	0.618	0.341	7.50819710121534e-293	RPL10A	c13
1.58609696113288e-296	0.960911234620199	0.633	0.356	3.29368894948855e-292	RPSA	c13
1.61246358420561e-294	0.727539208014015	0.819	0.559	3.34844187896137e-290	RPL18	c13
1.19781630729416e-292	0.495511507904041	0.964	0.861	2.48738534372704e-288	RPS15A	c13
6.65763348232092e-289	0.793964346734382	0.757	0.483	1.38252416893876e-284	RPLP0	c13
3.79799814974378e-285	0.552104392376914	0.939	0.785	7.88692295775793e-281	RPS3	c13
1.42504367440427e-283	0.8001135554483	0.747	0.48	2.95924569426791e-279	RPL5	c13
1.58917742981856e-283	-1.83010380015923	0.162	0.458	3.30008585076121e-279	PFN1	c13
4.38080655340493e-277	-6.25987299515232	0.014	0.282	9.09718288880068e-273	CCL4	c13
3.79513262745129e-275	-1.89756154004436	0.142	0.432	7.88097241416535e-271	SH3BGRL3	c13
1.85208048226363e-274	0.666547075762469	0.857	0.622	3.84603032946865e-270	RPL36	c13
3.25866667778338e-272	0.586729917548332	0.907	0.732	6.76694722308496e-268	RPS4X	c13
1.82638897854319e-251	0.686365901891048	0.801	0.556	3.79267935284279e-247	RPL8	c13
1.6419471779585e-235	0.380409368603782	0.981	0.938	3.40966750974863e-231	RPS27	c13
1.48816650683556e-234	1.08699934111013	0.42	0.201	3.09032656809473e-230	EEF1G	c13
2.41629112710308e-232	0.992132659716545	0.407	0.188	5.01767015454226e-228	LTB	c13
2.97823270594109e-230	-3.47715745366584	0.027	0.265	6.18459803715727e-226	CST7	c13
1.12922019505882e-226	0.722804075159958	0.733	0.495	2.34493865705915e-222	RPLP2	c13
6.54511836881703e-226	0.852383227855148	0.586	0.337	1.35915928046855e-221	RPL22	c13
3.38253931388408e-222	1.00065739643824	0.465	0.239	7.02418113921168e-218	RPL4	c13
7.11318062772736e-214	0.861054418038352	0.575	0.339	1.47712308915386e-209	RPS16	c13
1.00517226845009e-208	0.742511458444191	0.669	0.427	2.08734073266346e-204	RPL23A	c13
2.51820380222255e-208	0.557888315918222	0.854	0.642	5.22930201569534e-204	RPL12	c13
4.54769670782628e-208	3.61777545874557	0.032	0.003	9.44374698347205e-204	LINC00926	c13
2.62114560474049e-205	-1.96948896842801	0.124	0.364	5.44307096280409e-201	GAPDH	c13
1.01394447478816e-201	0.325800535245789	0.981	0.959	2.1055570963451e-197	RPL41	c13
1.15030601988219e-198	-3.99276157155509	0.02	0.23	2.38872548088736e-194	GZMA	c13
1.19229986971814e-198	0.618202153930112	0.773	0.546	2.4759299094567e-194	RPL14	c13
3.58511891765879e-196	0.72717332622349	0.7	0.485	7.44485794441024e-192	ND4L	c13
2.20839221707993e-195	3.77245686336489	0.027	0.002	4.58594727798817e-191	LOC101927412	c13
4.59063655369812e-188	-1.51357942916737	0.175	0.41	9.53291586740951e-184	IL32	c13
1.01247738801289e-182	0.520524515194131	0.842	0.663	2.10251054394757e-178	RPL26	c13
2.49125457967339e-180	-1.82801340879065	0.1	0.32	5.17333926014975e-176	CFL1	c13
9.42250720253444e-179	0.687920397540797	0.644	0.416	1.9566778456783e-174	RPS9	c13
3.48433165514813e-168	-2.11113766637186	0.069	0.273	7.2355631150806e-164	HCST	c13
6.4516648376279e-165	3.46468803977718	0.029	0.003	1.33975272018181e-160	VPREB3	c13
3.54185626749509e-164	3.40690176432915	0.029	0.003	7.3550187250803e-160	BANK1	c13
2.2551072441962e-163	0.688401581146302	0.691	0.501	4.68295570329783e-159	COX3	c13
3.83703220105803e-161	-5.38030829025932	0.014	0.188	7.96798106871711e-157	GNLY	c13
8.79984834486144e-161	-1.37958178625687	0.185	0.4	1.82737650729393e-156	S100A4	c13
9.17945347661051e-159	1.06623200233788	0.363	0.19	1.90620530895294e-154	PABPC1	c13
5.39349429152399e-157	0.448164936372187	0.877	0.71	1.12001302457787e-152	RPS15	c13
9.48735351458148e-157	-1.84643016744533	0.085	0.285	1.97014383083799e-152	SRGN	c13
1.52414725801602e-154	1.89196636457655	0.114	0.033	3.16504419599608e-150	MTRNR2L2	c13
3.76487752355868e-152	0.697948538922964	0.568	0.362	7.81814466542196e-148	GNB2L1	c13
2.0918869980022e-151	0.670071841289548	0.664	0.468	4.34401254005137e-147	CYTB	c13
3.90166865064987e-150	-5.87409004460885	0.004	0.164	8.10220511993952e-146	GZMB	c13
3.1808183972353e-147	0.415828937102249	0.922	0.792	6.60528748369883e-143	RPS19	c13
1.7175211858769e-143	0.496095148158767	0.78	0.594	3.56660449459197e-139	RPL7A	c13
2.0799574282765e-142	-1.96042216298423	0.069	0.251	4.31923959555899e-138	MYL6	c13
6.83909031548782e-141	0.731059349982856	0.518	0.325	1.4202054949142e-136	RPL37A	c13
2.39403878881435e-140	-2.07222470633993	0.086	0.269	4.97146094885187e-136	DUSP2	c13
5.91325664264551e-140	0.516441947053563	0.822	0.667	1.22794687441177e-135	ND3	c13
6.01010510832455e-140	0.625151338716049	0.627	0.435	1.24805842679468e-135	RPL15	c13
1.18978369709807e-137	0.922044685756416	0.351	0.188	2.47070482539386e-133	EEF2	c13
1.30928800820932e-136	0.526937757845059	0.756	0.582	2.71886747784747e-132	RPS29	c13
1.53421690944158e-133	-4.69976183159898	0.007	0.153	3.18595483414638e-129	GZMH	c13
1.08998441726282e-125	0.513918835328236	0.766	0.6	2.26346164088798e-121	ATP6	c13
2.22583858197563e-125	0.305389785775128	0.965	0.883	4.6221763993306e-121	RPL28	c13
1.04264990381417e-124	-1.47485633286258	0.131	0.312	2.16516679026051e-120	UBC	c13
2.081638962775e-122	-2.32594184430274	0.047	0.203	4.32273147009856e-118	RGS1	c13
5.3793531414331e-121	0.714359961498124	0.489	0.314	1.11707647335e-116	RPS2	c13
7.826863776594e-121	-3.19466571939287	0.019	0.162	1.62532653184751e-116	CTSW	c13
8.5744059131614e-121	0.441953937274726	0.795	0.62	1.7805611319271e-116	RPS7	c13
5.12864919139363e-120	0.745779412946387	0.473	0.303	1.0650152910848e-115	RPL21	c13
1.03311406179823e-117	-1.06606168041507	0.24	0.419	2.14536466073021e-113	ACTG1	c13
7.71491210947158e-114	0.740050133090255	0.43	0.264	1.60207864865287e-109	RPL38	c13
1.48546776695143e-113	3.29634407415435	0.022	0.002	3.08472236485133e-109	ARHGAP24	c13
1.37751679011374e-111	0.479789316846576	0.711	0.53	2.86055136635019e-107	RPL6	c13
1.79937552439143e-110	-1.35396293520368	0.123	0.289	3.73658321395125e-106	ATP5E	c13
4.10855831657231e-110	-2.64093047679507	0.028	0.165	8.53183220019406e-106	CD8A	c13
3.73751476482407e-108	-0.627287558188828	0.561	0.701	7.76132316063366e-104	TMSB10	c13
5.66675875426815e-106	-1.92199751492225	0.053	0.197	1.17675912291132e-101	CD99	c13
6.39521837907669e-106	0.528609528872024	0.672	0.505	1.32803104859907e-101	ATP8	c13
9.53242025940658e-106	0.5434953758922	0.592	0.414	1.97950239106837e-101	RPL24	c13
1.42837751011898e-104	-0.974742887505211	0.254	0.43	2.96616873751307e-100	ZFP36	c13
1.84484012516309e-103	-1.12336935719394	0.218	0.389	3.83099500391368e-99	DUSP1	c13
2.44841509045318e-103	-1.71467824153722	0.09	0.24	5.08437877683508e-99	CD7	c13
3.32149647604104e-103	-1.46611865312264	0.108	0.264	6.89741958214681e-99	S100A6	c13
3.4287880774095e-101	-0.914166265654627	0.278	0.445	7.12022132154857e-97	H3F3B	c13
5.01976860728144e-101	0.972892849287117	0.283	0.155	1.04240514898806e-96	RPL13A	c13
1.09166692000599e-99	-1.49249925653231	0.099	0.25	2.26695552608444e-95	IFITM2	c13
3.98490344449202e-99	2.9958157562901	0.026	0.004	8.27505049283213e-95	SMIM14	c13
5.75933523348509e-98	0.567116341167445	0.538	0.371	1.19598355458551e-93	NACA	c13
5.26815998296638e-97	-1.19222430282299	0.142	0.298	1.0939861020628e-92	MYL12A	c13
1.27144250294815e-96	3.37792672785789	0.018	0.002	2.64027750162212e-92	BLK	c13
1.92783232926624e-96	-1.39763926879647	0.129	0.283	4.00333661495427e-92	CRIP1	c13
2.36712332349737e-95	-2.13263093921832	0.038	0.166	4.91556829357464e-91	CLIC1	c13
1.33542220699866e-94	0.646505502205104	0.44	0.286	2.77313775505342e-90	RPL27	c13
6.20770377848608e-93	-5.77420518755573	0.003	0.108	1.28909176664042e-88	CCL4L1	c13
9.18581138917694e-91	0.37669922400777	0.899	0.821	1.90752559307648e-86	COX2	c13
2.17715905370792e-89	-1.33227358723285	0.11	0.254	4.52108849092987e-85	UBB	c13
4.97627126811813e-89	2.9687887077482	0.022	0.003	1.03337249153741e-84	RALGPS2	c13
1.1678143085669e-88	-2.55057959734106	0.026	0.141	2.42508319317002e-84	ALOX5AP	c13
4.41336056756803e-87	1.35371834678967	0.119	0.047	9.16478455461177e-83	SELL	c13
5.54207343397713e-85	-1.30598330320153	0.103	0.241	1.15086696929969e-80	CD3D	c13
6.65373115719639e-85	-1.31697110656625	0.172	0.318	1.3817138121034e-80	HSPA1A	c13
4.5306005298002e-84	-5.45046704909502	0.002	0.097	9.4082450601831e-80	KLRD1	c13
5.29494870248179e-84	-0.887681808755017	0.353	0.497	1.09954904755737e-79	JUN	c13
4.89254911808201e-82	-4.52434084240182	0.005	0.1	1.01598674986091e-77	PRF1	c13
5.23308359004512e-82	-0.985071275243273	0.153	0.299	1.08670213830877e-77	SERF2	c13
2.16393453233784e-81	1.227698835374	0.129	0.055	4.49362644985276e-77	GAS5	c13
3.80661069633846e-80	2.85835188826345	0.017	0.002	7.90480777201644e-76	CD24	c13
1.50732284748865e-78	-2.85602168133903	0.018	0.118	3.13010662509492e-74	LOC101929531	c13
6.77940680427525e-78	-1.2679731844653	0.114	0.245	1.4078116169758e-73	HLA-H	c13
2.21444232755111e-77	-2.77133462622703	0.02	0.12	4.59851093739264e-73	LGALS1	c13
1.1230910381728e-76	0.793125259251162	0.266	0.153	2.33221084986964e-72	LRRC75A-AS1	c13
5.84161102416679e-76	-1.69634639113275	0.053	0.167	1.21306894527847e-71	CD2	c13
7.15251747781861e-76	-4.57487197321642	0.005	0.093	1.48529177944381e-71	IFNG	c13
6.13388013438356e-75	-2.03392717364712	0.035	0.14	1.27376154870609e-70	ARPC2	c13
6.9031055139711e-75	-1.53741010871406	0.063	0.18	1.43349889103124e-70	CYBA	c13
1.39890622789136e-74	1.09203195868744	0.152	0.072	2.90496867283921e-70	GLTSCR2	c13
1.71677749873922e-73	0.608916086977253	0.398	0.267	3.56506015388187e-69	ND1	c13
3.74643105161258e-73	-0.630960471062395	0.364	0.503	7.77983872177868e-69	EIF1	c13
1.26384955468834e-72	-1.31295748806741	0.086	0.207	2.62450998526581e-68	CORO1A	c13
1.55747634607934e-72	-1.05964190432187	0.172	0.305	3.23425538026835e-68	KLF6	c13
1.15868998597359e-70	0.610649326434393	0.411	0.28	2.40613562487276e-66	IL7R	c13
1.39101662597272e-70	-0.919190658165263	0.242	0.379	2.88858512549495e-66	DNAJB1	c13
1.41128560219501e-70	0.998512756536196	0.216	0.121	2.93067568151815e-66	CD37	c13
4.02667856603715e-69	0.337381296514185	0.756	0.617	8.36180071023274e-65	FAU	c13
1.00455164817311e-68	2.43968403364728	0.027	0.005	2.08605195259627e-64	CD79B	c13
3.19530472967738e-68	-0.965465823189543	0.179	0.309	6.63536980164805e-64	HSPA8	c13
5.68980616091142e-67	-1.91273147425603	0.036	0.133	1.18154514737486e-62	LSP1	c13
1.70432081490823e-66	-6.68182278121089	0.002	0.078	3.53919260423842e-62	CCL3	c13
3.88525968333772e-65	0.846522324665627	0.206	0.115	8.06813025841911e-61	LDHB	c13
4.74332644942263e-65	-1.24879833949362	0.085	0.197	9.84999170487104e-61	RAC2	c13
5.07898280490122e-65	0.435371219726017	0.571	0.435	1.05470156926579e-60	RPL35	c13
9.12078095192058e-65	-4.63304484679893	0.006	0.083	1.89402137247583e-60	XCL1	c13
4.34255419883737e-64	-1.78374352612008	0.046	0.144	9.01774804930568e-60	IFITM3	c13
7.50051957752843e-64	-1.80582369857959	0.041	0.137	1.55755789546955e-59	CD8B	c13
5.75927420928883e-63	0.839212382053487	0.212	0.12	1.19597088230092e-58	RPL7	c13
2.88108774961323e-62	3.4299226216165	0.011	0.001	5.98286682084683e-58	CD19	c13
5.95788724725793e-62	1.24410116712075	0.099	0.043	1.23721486576558e-57	NOSIP	c13
6.29006825501075e-62	-5.38982621229473	0.003	0.075	1.30619557383553e-57	XCL2	c13
4.31189185893067e-61	3.05091218906224	0.014	0.002	8.95407463425543e-57	ADAM28	c13
5.52036258502075e-60	-1.81146200634342	0.046	0.139	1.14635849440541e-55	GZMK	c13
1.2221279126325e-59	0.695136567594685	0.274	0.172	2.53787082337265e-55	RPL27A	c13
1.66079909037077e-59	-0.782991358462278	0.281	0.403	3.44881539106394e-55	TSC22D3	c13
2.44464375070317e-58	0.700913436962533	0.26	0.161	5.07654721271021e-54	NPM1	c13
1.0976799500969e-57	-1.90530003722482	0.059	0.155	2.27944218437121e-53	MT2A	c13
2.49741833374149e-57	-0.722640800163675	0.208	0.331	5.18613891184759e-53	CD3E	c13
4.53047288738113e-57	-0.728457459359227	0.266	0.387	9.40797999793566e-53	BTG1	c13
2.74330682580252e-56	-1.60400882430675	0.043	0.132	5.69675095446152e-52	MYL12B	c13
2.94043399157232e-56	-1.48295898089837	0.051	0.143	6.10610522689908e-52	RHOA	c13
3.26331733105921e-56	-1.47001883388662	0.055	0.148	6.77660476967756e-52	IL2RG	c13
1.39156294425443e-55	-1.05382409201515	0.103	0.209	2.88971961003875e-51	CALM1	c13
1.18494864240401e-54	-1.26701969204051	0.08	0.178	2.46066435081616e-50	S100A10	c13
1.81330473636082e-54	-1.4298541634037	0.055	0.146	3.76550861552689e-50	RARRES3	c13
2.74933738988485e-54	-0.833189417809023	0.156	0.269	5.70927402383487e-50	ARHGDIB	c13
2.99056366199705e-54	1.43148798945884	0.064	0.024	6.21020450050308e-50	CCR7	c13
3.04181185976302e-53	-1.08770724732505	0.161	0.27	6.31662650798388e-49	HSPA1B	c13
6.75664442891274e-53	-1.94526263345586	0.03	0.109	1.40308478210802e-48	COTL1	c13
1.34440757708454e-52	-0.681737869395679	0.364	0.481	2.79179677457375e-48	FOS	c13
3.1893453874796e-52	-2.60998130345543	0.014	0.084	6.62299463164013e-48	CKLF	c13
3.60524461123295e-52	-1.28114430410251	0.067	0.159	7.48665095968634e-48	PSME1	c13
9.4400491871472e-52	-2.68653611598745	0.013	0.082	1.96032061420299e-47	HOPX	c13
1.07251779591075e-51	-0.907482056602727	0.195	0.305	2.22719045498827e-47	VIM	c13
1.44237207972441e-50	-0.975836855268908	0.137	0.241	2.99522986075572e-46	HSP90AA1	c13
1.47165499875386e-50	-2.17510858997474	0.021	0.092	3.05603877041227e-46	ITGB2	c13
2.2754404445148e-50	-2.24666383459788	0.018	0.088	4.72517962707944e-46	GZMM	c13
2.0636879206938e-49	0.619580452443993	0.269	0.175	4.28545433611274e-45	RPL31	c13
1.85630509353251e-48	-1.71733966764463	0.033	0.109	3.8548031572296e-44	PSMB9	c13
2.24662191383362e-48	-2.95939642882024	0.009	0.071	4.66533506626689e-44	LINC00152	c13
2.454596878177e-48	-6.14348276047502	0.001	0.057	5.09721587722236e-44	CCL4L2	c13
1.00900870214006e-47	0.625634976738707	0.01	0.001	2.09530747086406e-43	LOC100293211	c13
1.08536511248399e-47	-4.0462738795002	0.004	0.061	2.25386919258424e-43	ZNF683	c13
1.51797181949623e-47	0.56492321731956	0.309	0.211	3.15222028036587e-43	ND5	c13
4.09011144421366e-47	-2.23761470537621	0.018	0.085	8.49352542505409e-43	CLEC2B	c13
4.23396964771711e-47	-4.75452449145483	0.002	0.058	8.79226137044935e-43	TYROBP	c13
7.977990651983e-47	1.94836720466115	0.024	0.006	1.65670953879079e-42	NAPSB	c13
1.02252696393724e-46	-2.11380473535792	0.021	0.089	2.12337949331207e-42	TPI1	c13
3.54866208429625e-46	0.450135617333868	0.472	0.364	7.3691516842496e-42	ND4	c13
6.04132610593835e-46	-0.649019398304973	0.293	0.403	1.25454177915916e-41	CD69	c13
1.91159193491107e-45	-0.946655014770805	0.108	0.202	3.96961181203633e-41	PTPRC	c13
2.22563311354141e-45	-3.28317630062015	0.006	0.063	4.62174972358009e-41	DUSP4	c13
2.60376635450127e-45	-1.47174954977505	0.044	0.12	5.40698121175734e-41	UBL5	c13
1.6412669403561e-44	-0.835535093019599	0.164	0.263	3.40825492834347e-40	CXCR4	c13
2.23529293596183e-44	0.674084482008897	0.236	0.153	4.64180931081834e-40	RPS11	c13
3.84487582036881e-44	-3.25613762631266	0.007	0.062	7.98426912857787e-40	CTSC	c13
5.35686813588018e-44	-2.92151294428545	0.009	0.066	1.11240723709688e-39	CTSD	c13
1.15215372373752e-43	0.460768872816531	0.395	0.291	2.39256242271333e-39	UBA52	c13
1.18831281742752e-43	-1.54044781549205	0.038	0.109	2.46765039666999e-39	SUB1	c13
2.22549746954741e-43	-0.715937949096219	0.167	0.268	4.62146804526215e-39	TMA7	c13
1.17763285462664e-42	-1.48688280120288	0.04	0.112	2.44547238591769e-38	ARPC1B	c13
1.84112070138051e-42	-6.14801294575276	0.001	0.049	3.82327124848677e-38	KLRC2	c13
3.56873327451195e-42	-1.37660534762064	0.046	0.119	7.41083151785152e-38	PPIB	c13
4.18248788032742e-42	-1.67216906497682	0.03	0.096	8.68535433228792e-38	TCEB2	c13
5.08375239244002e-42	1.51442015740748	0.044	0.016	1.05569202181409e-37	TCF7	c13
3.54247528166699e-41	-0.653986210065863	0.22	0.323	7.35630416990967e-37	ZFP36L2	c13
6.18242213478452e-41	1.47794937741183	0.052	0.02	1.28384178050935e-36	HIST1H1E	c13
9.10219990478691e-41	-1.40618833859747	0.047	0.119	1.89016283222805e-36	DNAJA1	c13
1.04229793834537e-40	-0.559812500420151	0.306	0.409	2.16443589876799e-36	IFITM1	c13
1.14956856791391e-40	1.51010716453639	0.042	0.015	2.38719408813002e-36	MYC	c13
2.37564260147266e-40	-1.1124196812654	0.077	0.157	4.93325942621812e-36	SRSF7	c13
5.3962884073229e-40	-1.35287032063157	0.046	0.117	1.12059325066467e-35	ALDOA	c13
5.73717779697334e-40	-1.30682354393819	0.051	0.123	1.19138234131948e-35	EMP3	c13
6.13848006331198e-40	-0.858458947965418	0.158	0.25	1.27471676994737e-35	NFKBIA	c13
1.66519580262878e-39	-1.03403849512768	0.075	0.154	3.45794560373891e-35	YWHAZ	c13
2.1005358000786e-39	-2.2773236167733	0.014	0.07	4.36197264244323e-35	PSME2	c13
4.81505608228489e-39	-0.741101627246993	0.147	0.239	9.99894546047279e-35	PPDPF	c13
7.04091090623936e-39	-1.61847486429771	0.031	0.094	1.46211555878967e-34	CALM2	c13
7.52744089397458e-38	-1.5271529742827	0.036	0.1	1.56314837604276e-33	LY6E	c13
1.75216597768671e-37	-2.23522273425501	0.015	0.068	3.63854786926422e-33	PHLDA1	c13
1.99569014554066e-37	-1.17018172865354	0.062	0.134	4.14425015622974e-33	S100A11	c13
2.21690724436957e-37	-1.87172203085606	0.022	0.079	4.60362958365784e-33	CALR	c13
1.49609705043575e-36	-0.414239459409875	0.459	0.544	3.10679513493488e-32	PTMA	c13
7.57375441037765e-36	0.849521886613461	0.117	0.065	1.57276584085902e-31	EIF3E	c13
8.81818312793307e-36	-1.02681122562782	0.076	0.15	1.83118390834658e-31	ANXA1	c13
2.25816755867669e-35	-1.01604709206834	0.072	0.145	4.68931075234802e-31	EVL	c13
3.72759228849202e-35	-1.13165108138682	0.056	0.124	7.74071814628254e-31	CHCHD2	c13
4.30935364619122e-35	1.71278839464743	0.022	0.006	8.94880378168069e-31	IRF8	c13
5.71717832333469e-35	-1.45023528506987	0.033	0.092	1.18722925062368e-30	GUK1	c13
7.0690726966902e-35	-1.5481561857558	0.031	0.089	1.46796363619469e-30	C9orf142	c13
9.56054801080476e-35	0.869823681099334	0.015	0.003	1.98534339992372e-30	IGLL5	c13
1.04805981714335e-34	-2.70213913892833	0.01	0.058	2.17640101627989e-30	CXCL13	c13
1.17269919785751e-34	-4.06521032739824	0.002	0.044	2.43522715427091e-30	FGFBP2	c13
1.48373904483405e-34	-4.27473460018455	0.002	0.043	3.08113250050239e-30	LAG3	c13
1.69834169161513e-34	-3.25074033805979	0.005	0.048	3.52677635680797e-30	CD63	c13
2.36579703648694e-34	-2.32617875949186	0.012	0.06	4.91281412596878e-30	PPP1CA	c13
3.03879826627442e-34	-2.31692266453463	0.015	0.064	6.31036847974547e-30	LOC101060038	c13
4.20152225563328e-34	-2.10349538422866	0.015	0.065	8.72488111604807e-30	GSTP1	c13
5.12050433249638e-34	1.04946939980616	0.09	0.047	1.0633239296862e-29	RPS20	c13
5.95824232118112e-34	-1.10854883495197	0.058	0.125	1.23728860041647e-29	UQCR11	c13
6.29354372119708e-34	-2.74918941714722	0.008	0.053	1.30691728914378e-29	CD97	c13
1.31424484072204e-33	-1.53619786448209	0.03	0.086	2.72916083624338e-29	LCP1	c13
1.80100417090608e-33	-0.611184185464843	0.177	0.264	3.73996526130357e-29	PPIA	c13
4.06873528726877e-33	0.309621648238547	0.022	0.006	8.44913569754232e-29	IGJ	c13
4.70103620916757e-33	0.482047590666087	0.286	0.205	9.76217179195737e-29	TOMM7	c13
4.72829206769104e-33	-0.990590441653344	0.078	0.148	9.8187713077672e-29	TAGLN2	c13
9.80501299357829e-33	-1.68855822051851	0.023	0.076	2.03610899824647e-28	CAPZB	c13
3.86878626391407e-32	-1.69022210430037	0.024	0.076	8.03392155564395e-28	ITM2A	c13
4.73180066530963e-32	-1.43252328703068	0.033	0.088	9.82605726158198e-28	LCK	c13
5.51391903899949e-32	-2.33946445024208	0.011	0.055	1.14502042763863e-27	SH2D2A	c13
7.95263367952669e-32	1.73701951316403	0.033	0.012	1.65144390989051e-27	MTRNR2L8	c13
8.26941145684102e-32	-1.79715945110617	0.02	0.07	1.71722598312761e-27	PGK1	c13
8.838980599387e-32	-2.70640750537307	0.007	0.049	1.83550271126871e-27	C12orf75	c13
1.2018576859132e-31	-2.01174326308845	0.015	0.062	2.49577767056736e-27	RAP1B	c13
1.26415854821191e-31	-3.00026871023576	0.005	0.045	2.62515164121686e-27	APOBEC3G	c13
1.46068840474027e-31	-0.955855206320966	0.081	0.15	3.03326554128364e-27	HMGB1	c13
2.33098936418988e-31	-2.20836695634109	0.013	0.058	4.8405325136767e-27	TIGIT	c13
3.06627858227268e-31	-1.33674447043999	0.043	0.101	6.36743410394744e-27	RGCC	c13
6.28465737230521e-31	-1.96903505567083	0.017	0.063	1.3050719499329e-26	ID2	c13
9.3600504454881e-31	2.6554607033868	0.01	0.002	1.94370807551006e-26	STAG3	c13
1.25003569048308e-30	0.453395091490933	0.317	0.236	2.59582411485716e-26	RPL36A	c13
1.55074776681593e-30	-5.53684810415595	0.001	0.036	3.22028281256995e-26	KLRC3	c13
1.85909402203365e-30	-2.19758652304412	0.012	0.055	3.86059464615509e-26	GNG2	c13
2.08475362081653e-30	-1.5097392074353	0.027	0.079	4.3291993689876e-26	COX8A	c13
2.64052480159125e-30	-2.93047774531061	0.006	0.045	5.48331380298439e-26	CMC1	c13
3.19605476609673e-30	-1.933411242535	0.017	0.064	6.63692732727647e-26	ATF3	c13
4.06310933320515e-30	-1.30360011489671	0.043	0.1	8.43745284133382e-26	CITED2	c13
6.23104296282454e-30	-1.41249150136254	0.034	0.087	1.29393838166014e-25	TUBA4A	c13
6.30448884382645e-30	-1.31793953132173	0.037	0.091	1.309190153309e-25	MCL1	c13
9.88732557045109e-30	-1.35031811307728	0.034	0.087	2.05320202795987e-25	COX7A2	c13
1.81394549219322e-29	-1.73878290943851	0.02	0.067	3.76683920908843e-25	SAMSN1	c13
1.82300984584269e-29	-1.48531207734543	0.028	0.078	3.78566224587692e-25	NDUFA13	c13
4.74028398235608e-29	-0.875697982077348	0.08	0.146	9.84367371776064e-25	SRP14	c13
5.90901986583145e-29	-2.00402855775456	0.016	0.06	1.22706706533856e-24	RHOB	c13
8.29413448222619e-29	-1.64843219256167	0.022	0.069	1.72235996657909e-24	CD247	c13
1.48156910714902e-28	-1.47005443534366	0.028	0.077	3.07662640790566e-24	SRSF3	c13
1.58828932019498e-28	-1.06138077189041	0.054	0.112	3.2982416023169e-24	SUMO2	c13
2.43722210266845e-28	-1.47543203972848	0.031	0.081	5.0611354184013e-24	H2AFZ	c13
2.66992752752997e-28	-1.14650899635296	0.071	0.132	5.54437150366873e-24	SAT1	c13
4.88041199927753e-28	-1.22790643700028	0.04	0.092	1.01346635576997e-23	COX6A1	c13
7.09458502068943e-28	-1.2915544237828	0.034	0.085	1.47326152539637e-23	RNASEK	c13
1.01871635134695e-27	-2.00436910761108	0.02	0.064	2.11546637520708e-23	TUBA1B	c13
1.16356238631805e-27	-0.548132888899559	0.402	0.468	2.41625365142807e-23	FXYD5	c13
1.33496512393457e-27	0.204653180210431	0.718	0.63	2.77218857636252e-23	RPS24	c13
2.81633579237901e-27	-0.883141918552943	0.095	0.16	5.84840290645425e-23	KLRB1	c13
3.10695319080028e-27	-1.31171945975918	0.033	0.082	6.45189899601586e-23	TPM3	c13
4.20334469812889e-27	-1.20629645954549	0.041	0.092	8.72866560013445e-23	GABARAP	c13
4.6172555378958e-27	-1.42408776127174	0.027	0.073	9.58819284999443e-23	POLR2L	c13
5.23897711451517e-27	-1.35228555560524	0.031	0.08	1.08792598760022e-22	CD3G	c13
6.46379809450057e-27	1.03614392298906	0.057	0.027	1.34227231230399e-22	CD83	c13
2.17919987136651e-26	-0.642274213230709	0.145	0.218	4.5253264528797e-22	TNFAIP3	c13
2.27321558786704e-26	-1.7246805853593	0.018	0.06	4.72055948976469e-22	CD96	c13
3.60991053745761e-26	-1.58519858002583	0.02	0.063	7.49634022208448e-22	PARK7	c13
3.68249347686284e-26	-2.49154927040165	0.008	0.043	7.64706595405338e-22	PGAM1	c13
5.47158344605494e-26	-0.966914752053464	0.06	0.116	1.13622901840777e-21	CYTIP	c13
5.72224524765744e-26	-1.92221453225275	0.014	0.053	1.18828144812854e-21	GNG5	c13
1.01500444143173e-25	-1.10466397888463	0.045	0.097	2.10775822307713e-21	ATP5I	c13
1.50543758002881e-25	-0.756804510447348	0.114	0.179	3.12619167868782e-21	PPP1R15A	c13
1.6490303793875e-25	-3.68293318730065	0.002	0.033	3.42437648583609e-21	MIR4435-1HG	c13
1.68299123665103e-25	-1.78843300659064	0.018	0.058	3.49489960202954e-21	PKM	c13
1.78837663610648e-25	-1.43907645484462	0.032	0.079	3.71374292253872e-21	BATF	c13
1.96130927828287e-25	-0.726932032764455	0.108	0.173	4.07285484728221e-21	ITM2B	c13
4.64617289865611e-25	-2.45757778171826	0.007	0.041	9.64824264134927e-21	RHOC	c13
5.2877610326187e-25	-0.989280978507662	0.054	0.106	1.0980564560336e-20	DAZAP2	c13
5.71663584517644e-25	-1.42059235152054	0.026	0.069	1.18711659960934e-20	KRTCAP2	c13
8.09544693353459e-25	-1.07481376654764	0.049	0.101	1.68110051021779e-20	SOD1	c13
9.02042200594613e-25	-0.693802494510348	0.301	0.371	1.87318083375477e-20	FTL	c13
9.96244709014604e-25	-0.523816321384994	0.2	0.273	2.06880176273973e-20	PTPRCAP	c13
1.25936397205271e-24	-1.39178464884512	0.027	0.07	2.61519522436466e-20	USMG5	c13
1.32237412756284e-24	-2.96864635089544	0.004	0.036	2.74604211329699e-20	KLRK1	c13
1.44315828496745e-24	-2.44337309953928	0.007	0.041	2.99686249456342e-20	ANXA2	c13
2.99748275918265e-24	-1.75583748335072	0.016	0.053	6.2245726977187e-20	ROMO1	c13
3.03572164597387e-24	-2.67562416086333	0.006	0.038	6.30397957002934e-20	RUNX3	c13
4.12916926997333e-24	-1.82806797254633	0.021	0.06	8.57463290602662e-20	GPX1	c13
4.68612443192335e-24	-3.34358667513332	0.004	0.034	9.73120599533203e-20	CLIC3	c13
5.48680115658982e-24	-0.380787870494704	0.472	0.542	1.13938912817744e-19	JUNB	c13
8.42258926355443e-24	-1.15820565024824	0.041	0.088	1.74903488646971e-19	LDHA	c13
8.52250072616498e-24	-0.739553209548058	0.097	0.158	1.76978250079542e-19	PNRC1	c13
1.00703662403443e-23	2.04097766557856	0.013	0.003	2.0912122534699e-19	RIC3	c13
1.03917597860308e-23	-1.47593673282456	0.022	0.062	2.15795283716716e-19	LAT	c13
1.09775362827514e-23	-2.03482201415054	0.011	0.045	2.27959518447615e-19	SLC9A3R1	c13
1.52662103353005e-23	-5.32736275220574	0.001	0.028	3.17018123822849e-19	FCER1G	c13
1.86022875491826e-23	-1.8780339843879	0.013	0.049	3.86295103246326e-19	VAMP8	c13
2.05028698386505e-23	-3.11423453316998	0.004	0.034	4.25762595069417e-19	TNFRSF18	c13
2.76165636908948e-23	-1.21294681973817	0.035	0.08	5.73485561605121e-19	CLDND1	c13
2.78519757772368e-23	0.125604120953795	0.919	0.887	5.78374128990099e-19	MALAT1	c13
3.143075502277e-23	1.18447586831422	0.04	0.018	6.52691058802841e-19	LEF1	c13
3.40945098011537e-23	-1.11487296030731	0.04	0.086	7.08006590530757e-19	PCBP1	c13
3.79643863414133e-23	-0.607580997554449	0.134	0.199	7.88368446765789e-19	MIF	c13
4.15717716753649e-23	0.812472709166637	0.082	0.046	8.63279410610627e-19	EIF4B	c13
4.48079152725185e-23	-1.34189357533958	0.028	0.069	9.3048116854912e-19	LITAF	c13
4.6500853722947e-23	-0.966571949978015	0.072	0.125	9.65636728410717e-19	FOSB	c13
4.97749325699259e-23	-1.02971139290445	0.055	0.105	1.03362624974708e-18	NR4A1	c13
5.56536906348942e-23	-1.37021390125736	0.026	0.067	1.15570453972421e-18	PSMB8	c13
6.60629941181602e-23	-2.06390950617713	0.01	0.044	1.37186413585771e-18	FKBP1A	c13
7.35345650437597e-23	-2.18001654463587	0.009	0.041	1.52701877769871e-18	ZYX	c13
7.35988731760196e-23	-1.50796121739783	0.02	0.059	1.52835420037322e-18	RABAC1	c13
7.82454186161016e-23	-1.70396128858433	0.016	0.052	1.62484436298197e-18	ARF6	c13
9.88771721934106e-23	-1.32247844464264	0.026	0.067	2.05328335776836e-18	UQCR10	c13
1.23367601802149e-22	-0.627131153043399	0.183	0.251	2.56185161902344e-18	IER2	c13
1.31707335996018e-22	-1.61327525096889	0.017	0.054	2.7350345392933e-18	DBI	c13
1.4218502062407e-22	-0.780181665460665	0.076	0.131	2.95261413827944e-18	HNRNPA2B1	c13
1.45029914959662e-22	-3.61154453239569	0.002	0.03	3.01169121405234e-18	KLRC1	c13
1.49673199012953e-22	2.12517697617307	0.011	0.003	3.10811365070298e-18	ADTRP	c13
2.02150651921374e-22	-2.15726866842618	0.009	0.041	4.19786043779924e-18	CARD16	c13
2.53097416664506e-22	-1.4709652600161	0.023	0.062	5.25582095445513e-18	RGS2	c13
2.75638038357719e-22	-1.20102693198031	0.032	0.074	5.7238995045364e-18	ATP6V0C	c13
3.16770120544376e-22	-1.60033301511288	0.018	0.054	6.57804832322452e-18	ATP5J2	c13
4.16358154274537e-22	-0.658191709978063	0.107	0.167	8.64609343166504e-18	OST4	c13
4.68052061623263e-22	-2.08360845621778	0.01	0.041	9.71956911166867e-18	CAP1	c13
5.43020334829677e-22	-1.54042609191947	0.02	0.057	1.12763602730731e-17	TUBB4B	c13
8.56581861986508e-22	-1.92654803751119	0.014	0.048	1.77877789460118e-17	HMGB2	c13
9.34637201973401e-22	-0.94781833835962	0.05	0.097	1.94086761361797e-17	YWHAB	c13
9.42818127850256e-22	-2.5888021652023	0.013	0.046	1.95785612429384e-17	MT1X	c13
1.0310601996842e-21	-1.34914956070033	0.025	0.064	2.14109961066421e-17	PSMA7	c13
1.1217805496142e-21	-1.54063587439223	0.02	0.056	2.32948948932885e-17	ENO1	c13
1.28418295448447e-21	-1.20816584669202	0.042	0.086	2.66673432328245e-17	EGR1	c13
1.54242181438996e-21	-1.47077170802811	0.02	0.056	3.2029931397622e-17	ARF1	c13
1.96673536290787e-21	-4.11553757902335	0.002	0.028	4.08412265461448e-17	CST3	c13
1.98464935188399e-21	-0.862424662268357	0.061	0.11	4.12132284412229e-17	ARPC3	c13
2.07717282375443e-21	-1.3390076377393	0.024	0.062	4.31345708580845e-17	NDUFB2	c13
2.12778741803428e-21	1.15766276753887	0.037	0.017	4.41856335228999e-17	MAL	c13
2.86565226006668e-21	-1.63583095429861	0.016	0.05	5.95081348325447e-17	TRAPPC1	c13
3.07250518624351e-21	-1.83988648835992	0.012	0.045	6.38036426975327e-17	PPP1R18	c13
3.81846327404555e-21	-2.04874969900613	0.01	0.041	7.92942083488298e-17	TXN	c13
3.96446090357928e-21	-1.80507620071762	0.013	0.045	8.23259951237273e-17	ARF5	c13
4.27680124190469e-21	-2.88635156254268	0.004	0.031	8.88120545893928e-17	TNFRSF1B	c13
4.82045288594021e-21	-1.92899968075306	0.011	0.042	1.00101524629434e-16	BST2	c13
5.07975966709332e-21	-1.37336984274651	0.024	0.061	1.0548628924686e-16	C9orf16	c13
5.32062479819232e-21	-1.43468850217404	0.02	0.056	1.10488094559262e-16	DRAP1	c13
8.35184993952074e-21	-2.21014621082026	0.008	0.038	1.73434515844088e-16	ITM2C	c13
1.24520533720074e-20	-1.67067145967479	0.015	0.048	2.58579340323106e-16	DYNLL1	c13
1.31907446560144e-20	-1.7623094039989	0.013	0.045	2.73919003526795e-16	PDIA3	c13
1.44057071187439e-20	-1.50742336574507	0.018	0.052	2.99148914027835e-16	PRDX1	c13
1.47611528809097e-20	-1.19879756790243	0.031	0.071	3.0653010072497e-16	RBM8A	c13
1.55486444277283e-20	-1.28206536779068	0.028	0.067	3.22883150186207e-16	SERTAD1	c13
2.32160531799104e-20	-1.29173261347733	0.026	0.063	4.82104560334018e-16	NDUFA1	c13
2.33054017133478e-20	-1.31372594603354	0.025	0.062	4.8395997197938e-16	SELK	c13
2.92012322299639e-20	-1.42765137006349	0.021	0.056	6.06392788487431e-16	SEPW1	c13
3.08889032542224e-20	-2.58089789711365	0.005	0.032	6.41438964977181e-16	IL2RB	c13
3.37888375413149e-20	-1.92340754439519	0.011	0.041	7.01659000382946e-16	SYTL3	c13
3.76747376913119e-20	-0.932637503719401	0.049	0.094	7.82353602897783e-16	COX6B1	c13
4.17402831307279e-20	0.877347687520925	0.065	0.036	8.66778719492695e-16	FAIM3	c13
4.50663640883432e-20	-1.11313996015461	0.035	0.074	9.35848116658535e-16	SRSF2	c13
7.12207494967896e-20	-1.60726180210184	0.015	0.047	1.47897008405033e-15	LCP2	c13
8.00627579404393e-20	-0.88145271952703	0.057	0.102	1.66258323139116e-15	HSPE1	c13
8.46932282272768e-20	-1.5721865027055	0.017	0.049	1.75873957736763e-15	YWHAQ	c13
1.10303708763542e-19	-1.41966395913404	0.021	0.055	2.2905668161837e-15	SEC61B	c13
1.11526551658238e-19	-1.70785766182427	0.013	0.044	2.31596037173496e-15	SKAP1	c13
1.14812911111916e-19	1.81436580655476	0.014	0.004	2.38420491215005e-15	MEF2C	c13
1.22989659469501e-19	-2.36099353008702	0.006	0.033	2.55400326854367e-15	ITGAE	c13
1.24594439639435e-19	-3.43306576125922	0.002	0.026	2.58732813355251e-15	KLRC4	c13
1.26919646185944e-19	-1.00325164067823	0.041	0.082	2.63561337269732e-15	NDUFA4	c13
1.30673402306241e-19	-1.6614806855302	0.014	0.045	2.7135638722914e-15	CSNK2B	c13
1.99805747134128e-19	-1.33344066261431	0.021	0.056	4.14916614498731e-15	ATP5G3	c13
2.2882290116243e-19	-1.27555268642189	0.025	0.061	4.75173636553902e-15	NDUFA11	c13
2.36440936127512e-19	-1.71454250744518	0.013	0.043	4.90993247962391e-15	MSN	c13
2.61191697227355e-19	-1.17301892562488	0.03	0.068	5.42390678462326e-15	H3F3AP4	c13
2.81453407189146e-19	-1.16494264851011	0.031	0.068	5.84466145368982e-15	SAP18	c13
2.98459253159349e-19	-1.6797248305263	0.014	0.044	6.19780485110703e-15	PVRIG	c13
3.38166667488317e-19	-2.03482844231319	0.009	0.036	7.02236901706239e-15	PRELID1	c13
3.41876468316674e-19	-2.68157772359217	0.004	0.029	7.09940674106405e-15	RBPJ	c13
3.84156316244277e-19	-1.27652300035213	0.024	0.06	7.97739006312865e-15	CDC42	c13
4.85278088202639e-19	-1.39529522886136	0.021	0.054	1.0077284779616e-14	JUND	c13
5.36079744917819e-19	-1.12013551983144	0.032	0.069	1.11322319829634e-14	ARL6IP5	c13
5.65367257151836e-19	-3.04022120937794	0.003	0.027	1.1740416462015e-14	ANXA5	c13
6.22324718278658e-19	-1.08396631186662	0.035	0.073	1.29231950997746e-14	SOCS1	c13
8.11822965605959e-19	-2.0111793523798	0.009	0.036	1.68583157037734e-14	ARPC5L	c13
9.4924653434768e-19	-1.49215008610873	0.017	0.049	1.97120535322639e-14	WIPF1	c13
1.07084150175067e-18	-2.53250494960422	0.005	0.03	2.22370946253545e-14	PTPN22	c13
1.28067760240186e-18	0.31948645251474	0.343	0.277	2.65945510914769e-14	SARAF	c13
1.42615606498257e-18	0.9212618169806	0.052	0.028	2.96155568454281e-14	PRKCQ-AS1	c13
1.62983469379841e-18	-2.17864343821112	0.008	0.034	3.38451472514178e-14	CTLA4	c13
1.66556725567857e-18	-1.0873825793866	0.032	0.069	3.45871696314212e-14	NDUFA3	c13
1.93405031423231e-18	-1.87388309143352	0.01	0.038	4.01624888253482e-14	RALY	c13
2.277869079864e-18	-1.46299746955355	0.017	0.049	4.73022293124557e-14	HSPA5	c13
2.27827441226125e-18	-1.20077708747847	0.027	0.062	4.73106464450172e-14	TBC1D10C	c13
2.61881668292507e-18	0.795921782581885	0.067	0.039	5.4382347237622e-14	EIF3L	c13
2.70854262151408e-18	-1.4645703688598	0.016	0.047	5.62455960783614e-14	HLA-G	c13
2.7147384810687e-18	-1.36398238353165	0.021	0.053	5.63742592978726e-14	TSPO	c13
2.93058350901689e-18	0.358383104549804	0.297	0.235	6.08564971482447e-14	ND2	c13
3.12925551403282e-18	-1.94439426548099	0.009	0.036	6.49821200044056e-14	KLRG1	c13
3.156066236745e-18	-0.902655792621248	0.044	0.085	6.55388714722467e-14	COX6C	c13
3.67723223405554e-18	-1.28016712690193	0.023	0.056	7.63614045723973e-14	ATPIF1	c13
4.72290259651715e-18	-1.18036232658816	0.027	0.061	9.80757953192752e-14	SEC61G	c13
5.0262267011817e-18	-3.63197578147145	0.002	0.023	1.04374623676739e-13	PTMS	c13
5.11377321468385e-18	-1.1552247649471	0.042	0.081	1.06192614576125e-13	TNF	c13
5.28844230938753e-18	-6.43768707470885	0	0.02	1.09819792996741e-13	SPON2	c13
6.14208960363842e-18	-1.09934793379458	0.031	0.067	1.27546632709155e-13	COX5B	c13
8.18399739449637e-18	-1.42326099217788	0.018	0.049	1.69948889894112e-13	CSTB	c13
1.03394988823619e-17	-2.95546359119831	0.003	0.025	2.14710033791128e-13	MATK	c13
1.11273789376245e-17	-3.94585967448549	0.001	0.022	2.31071151018709e-13	LOC101928173	c13
1.14098817734372e-17	-1.51321629188695	0.016	0.046	2.36937604907197e-13	RNF213	c13
1.14706987218386e-17	-1.96213117113501	0.009	0.035	2.382005296577e-13	BLOC1S1	c13
1.38511249033555e-17	-2.01099785358305	0.008	0.034	2.8763245974308e-13	SH2D1A	c13
1.44229359937695e-17	-1.71637178699957	0.012	0.039	2.99506688846618e-13	MAP1LC3B	c13
1.57555420209371e-17	-1.15599245232336	0.027	0.061	3.27179585606779e-13	MORF4L1	c13
1.83977285406361e-17	-1.49780252078047	0.016	0.045	3.82047230874848e-13	PSMB10	c13
2.5745990084897e-17	-1.47867924823261	0.016	0.045	5.34641230102972e-13	PARP8	c13
2.75208738547826e-17	-1.12382732809001	0.029	0.063	5.71498466468415e-13	TMBIM6	c13
2.82123539229239e-17	-1.19866659717981	0.025	0.058	5.85857741563438e-13	ACTR3	c13
2.91923778397216e-17	-2.01487178036107	0.008	0.033	6.06208918219659e-13	ARHGAP9	c13
3.06824536856983e-17	-1.98799704690084	0.008	0.033	6.37151833237212e-13	CBLB	c13
3.64474445208864e-17	-1.69426584384413	0.013	0.041	7.56867632920727e-13	H3F3C	c13
4.67821695032281e-17	-0.876706722763446	0.047	0.086	9.71478531904034e-13	CIB1	c13
5.22285436853717e-17	-1.62012034802719	0.013	0.04	1.08457793817043e-12	BUB3	c13
5.66052841291471e-17	-0.822007032510501	0.051	0.091	1.17546533022587e-12	SSR4	c13
6.61653650992421e-17	-0.817073532845957	0.053	0.093	1.37398997165086e-12	SKP1	c13
7.20859552245822e-17	-0.993364526954811	0.041	0.078	1.49693694619367e-12	HSPB1	c13
9.51980693912956e-17	-0.53285468942918	0.138	0.192	1.97688310897964e-12	DDIT4	c13
9.7683815702199e-17	-1.07746897435527	0.031	0.065	2.02850211687186e-12	CD27	c13
9.86293637977533e-17	-2.00336203196729	0.008	0.032	2.04813736862415e-12	CXCR3	c13
1.04068369655709e-16	-1.50465923292311	0.015	0.043	2.16108376427046e-12	HLA-DRB4	c13
1.05050905613202e-16	-1.10635999483685	0.027	0.06	2.18148710596376e-12	PRR13	c13
1.1565890355095e-16	-1.01603784138439	0.034	0.069	2.40177279113903e-12	STK17A	c13
1.16004032945701e-16	-1.82547047461679	0.009	0.034	2.40893974815044e-12	SLA	c13
1.21393487428555e-16	-0.816715167730789	0.051	0.091	2.52085715994136e-12	GMFG	c13
1.36494888983214e-16	1.33476538857616	0.022	0.009	2.83445286462543e-12	SESN3	c13
1.38769112221596e-16	-1.28356026502326	0.021	0.051	2.88167938439367e-12	HNRNPA3	c13
1.45162780910179e-16	-1.73691266780258	0.011	0.037	3.01445030838077e-12	ARL6IP1	c13
1.5402041946978e-16	-1.07779112962247	0.03	0.063	3.19838803070946e-12	SLC25A5	c13
2.02652121674995e-16	-2.55831018402858	0.004	0.025	4.20827395870294e-12	CXCR6	c13
2.02834180040642e-16	-1.67648479214682	0.011	0.037	4.21205458272397e-12	PSMB1	c13
2.11399900502077e-16	-1.57873243686446	0.013	0.04	4.38993033382612e-12	COPE	c13
2.1387043426341e-16	-1.60784241356144	0.013	0.039	4.44123343791397e-12	WDR1	c13
2.15218524239191e-16	-1.6631999736957	0.011	0.037	4.46922787435103e-12	NOP10	c13
2.24273542852153e-16	-2.86611245911414	0.004	0.024	4.65726439086782e-12	TNFSF9	c13
3.51918618386281e-16	-1.68162440444319	0.011	0.036	7.30794202940952e-12	ARPC5	c13
4.00744781776646e-16	-1.98183785855364	0.008	0.031	8.32186613837384e-12	ANAPC11	c13
4.13549261398957e-16	0.334426478726772	0.262	0.207	8.58776396221073e-12	BTF3	c13
4.85026555596718e-16	-4.13294577536207	0.002	0.021	1.00720614535215e-11	LYZ	c13
5.32723018517083e-16	-1.5176500557074	0.014	0.041	1.10625262025257e-11	RPS27L	c13
5.60298745953745e-16	-1.48683372318982	0.015	0.042	1.16351637584755e-11	LGALS3	c13
6.7617868887105e-16	-0.945180145054228	0.038	0.072	1.40415266530962e-11	UBE2D3	c13
6.80529853871173e-16	-1.30814924343181	0.019	0.048	1.41318829454888e-11	NDUFB8	c13
6.90102957292085e-16	-1.36045413950001	0.018	0.046	1.43306780111274e-11	BAX	c13
8.25047685974245e-16	-0.969421383535025	0.036	0.07	1.71329402469412e-11	TRMT112	c13
9.60310689791092e-16	-1.64564966174749	0.012	0.037	1.99418117842018e-11	CDK2AP2	c13
9.66284145889078e-16	-6.00347314098509	0	0.017	2.00658565735326e-11	GPR56	c13
1.16811407510274e-15	-1.09774362757933	0.026	0.057	2.42570568835835e-11	NDUFB1	c13
1.18639971674984e-15	-1.81922977208006	0.009	0.032	2.46367765180271e-11	SRI	c13
1.22995656731553e-15	-2.218098413858	0.006	0.028	2.55412780768743e-11	GLUL	c13
1.37681192974155e-15	-1.89214145613067	0.008	0.031	2.8590876533013e-11	RNF167	c13
1.42400069436946e-15	-1.3584620413854	0.017	0.044	2.95707984192761e-11	DAD1	c13
1.72429642512336e-15	-1.06925424120574	0.028	0.059	3.58067395641117e-11	ATP6V0E1	c13
1.78730650455492e-15	-1.46341904174104	0.014	0.04	3.71152068735875e-11	TMEM59	c13
1.81416178518747e-15	-1.29315321167378	0.018	0.046	3.76728836312031e-11	BRK1	c13
1.9598493243898e-15	-0.916298072465334	0.045	0.08	4.06982310702787e-11	UCP2	c13
1.9739060195198e-15	-1.22434083383924	0.021	0.05	4.09901324013481e-11	ARHGDIA	c13
2.05240982818429e-15	-0.946515710272227	0.055	0.093	4.26203424920749e-11	HMGN2	c13
2.27975300248709e-15	-1.15433443403211	0.024	0.053	4.73413508496469e-11	SEPT7	c13
2.91944234969606e-15	-1.3557672427708	0.017	0.044	6.06251398337884e-11	SNRPG	c13
2.95452734333298e-15	-2.97599240456298	0.002	0.021	6.13537148116526e-11	AOAH	c13
3.31278318561366e-15	-0.894922049263259	0.039	0.073	6.87932556324533e-11	SEPT1	c13
4.17982706619833e-15	-0.962339037289232	0.034	0.067	8.67982888566745e-11	RAN	c13
4.28760168444052e-15	1.21607040671226	0.01	0.003	8.90363365790919e-11	TCL1A	c13
4.48918655043249e-15	-0.951978650519048	0.036	0.068	9.32224479062811e-11	NDUFS5	c13
4.66602066970856e-15	-1.50387095572376	0.014	0.039	9.6894585227168e-11	CACYBP	c13
4.86731512647449e-15	-1.12951115121556	0.025	0.054	1.01074665916369e-10	HLA-F	c13
5.27655875163031e-15	-1.99374964493111	0.007	0.029	1.09573019036355e-10	PDCD1	c13
6.15476766722444e-15	-1.60084174972714	0.011	0.034	1.27809905377583e-10	PRDX5	c13
6.158159118761e-15	-1.33172034670366	0.017	0.044	1.27880332260191e-10	NEDD8	c13
7.7685761142669e-15	-0.872715235619436	0.041	0.075	1.61322251588867e-10	PTGES3	c13
7.79950545346422e-15	-0.77055849040415	0.052	0.088	1.61964530246638e-10	HMGN1	c13
8.07468098225865e-15	-3.55207421204164	0.002	0.021	1.67678825277583e-10	STMN1	c13
8.21086316587128e-15	-1.52674060345482	0.013	0.037	1.70506784502483e-10	OSTF1	c13
8.39657813156276e-15	-1.4847719888998	0.013	0.037	1.74363341480032e-10	MYADM	c13
9.41099289297735e-15	-1.51985988418678	0.016	0.041	1.95428678415568e-10	ISG15	c13
1.01027798686986e-14	-2.10089950369364	0.006	0.027	2.09794326753396e-10	TPM4	c13
1.05038726691389e-14	-2.05761885309421	0.007	0.027	2.18123419847338e-10	ANKRD28	c13
1.08944418804871e-14	-1.87451414314107	0.008	0.03	2.26233980090196e-10	C4orf48	c13
1.0978303348577e-14	-1.6221160580883	0.011	0.034	2.27975447336551e-10	UBE2L6	c13
1.10183916089283e-14	-1.41500152655069	0.015	0.04	2.28807920151005e-10	TMEM50A	c13
1.14717913617351e-14	-1.56964483505033	0.012	0.035	2.38223219417791e-10	FKBP8	c13
1.19065463192498e-14	-2.47763828385686	0.004	0.023	2.47251340865542e-10	FABP5	c13
1.21050243421493e-14	-2.21466409883938	0.005	0.025	2.51372935489072e-10	STOM	c13
1.21699206569142e-14	-0.8680849812759	0.04	0.074	2.5272057236148e-10	C19orf43	c13
1.377409931885e-14	-2.92387724814048	0.002	0.02	2.8603294645524e-10	GABARAPL1	c13
1.5620827646753e-14	-2.08272472262758	0.006	0.026	3.24382106912473e-10	MRPS6	c13
1.56414131430325e-14	-1.61503915269356	0.011	0.034	3.24809585328213e-10	NDUFA6	c13
1.63705897321065e-14	0.921651402823724	0.039	0.021	3.39951666376923e-10	EIF2S3	c13
1.83895939827724e-14	-1.82915101623371	0.008	0.03	3.81878308646252e-10	C5orf56	c13
1.88442992863576e-14	-1.77816126831669	0.008	0.03	3.91320718980502e-10	ECH1	c13
2.17331883134519e-14	-1.36558127422843	0.016	0.04	4.51311388517143e-10	SNRPB	c13
2.215074535188e-14	-1.42977616513152	0.014	0.038	4.5998237797714e-10	COX17	c13
2.36127938304644e-14	-1.29520014344466	0.017	0.042	4.90343276683424e-10	ZAP70	c13
2.36130666294375e-14	-0.473362549262964	0.128	0.176	4.90348941626898e-10	ATP5L	c13
2.43622821931344e-14	-1.19002308935071	0.021	0.048	5.05907152022628e-10	CALM3	c13
2.53685462853329e-14	-1.22922125233901	0.019	0.046	5.26803232161222e-10	HCLS1	c13
2.90621374416405e-14	-2.00709061638946	0.007	0.027	6.03504346113106e-10	LYST	c13
2.94759662761709e-14	-2.34156432583327	0.004	0.023	6.12097915690965e-10	AKIRIN2	c13
2.96293107162745e-14	-1.39592186338997	0.015	0.039	6.15282266334155e-10	RBX1	c13
3.13257605066119e-14	-1.44554183187599	0.014	0.037	6.50510742680302e-10	NDUFB10	c13
3.27457308079764e-14	-2.28208072941939	0.005	0.024	6.79997845958437e-10	APMAP	c13
3.39039442115701e-14	-0.725521926726044	0.07	0.108	7.04049305497464e-10	NR4A2	c13
4.15029308885757e-14	-0.834451619016596	0.051	0.086	8.61849862832163e-10	TUBA1A	c13
4.36123058545844e-14	-1.47862596408122	0.013	0.036	9.056531433763e-10	GNB2	c13
4.4384232471699e-14	-1.60279870483511	0.011	0.033	9.21682971507302e-10	LOC284454	c13
4.81874138896882e-14	-1.58084116621803	0.011	0.034	1.00065983683326e-09	GBP5	c13
4.83375311171388e-14	-0.931969669089198	0.033	0.064	1.00377717117851e-09	TMEM258	c13
5.05055930062493e-14	0.495301951637035	0.122	0.087	1.04879914436777e-09	SNHG6	c13
5.39229033705502e-14	-1.33302843437469	0.016	0.04	1.11976301139285e-09	ANXA6	c13
5.84728611477495e-14	-0.710790372584074	0.059	0.096	1.21424743459417e-09	CD44	c13
6.49469063059392e-14	-2.32954125107433	0.005	0.024	1.34868745634913e-09	SPRY1	c13
6.91907712891942e-14	-1.75953293898028	0.008	0.029	1.43681555659141e-09	FAM49B	c13
7.12642357737761e-14	-3.97485954620804	0.001	0.017	1.47987312007824e-09	FCGR3A	c13
8.07635831714563e-14	-1.73571410612402	0.009	0.03	1.67713656813846e-09	REEP5	c13
8.14187571759534e-14	-0.366373214631645	0.378	0.434	1.69074191151585e-09	FTH1	c13
9.29698970560947e-14	-1.42017624950134	0.014	0.037	1.93061288226686e-09	COX5A	c13
9.923834127409e-14	-1.11770439715618	0.022	0.049	2.06078339489775e-09	WDR83OS	c13
1.08020162493288e-13	-0.881353569048879	0.037	0.068	2.24314669433561e-09	SLC25A3	c13
1.11328737000902e-13	-1.14396192987534	0.022	0.048	2.31185255256073e-09	PET100	c13
1.12657377271374e-13	-2.56263802550666	0.003	0.021	2.33944309641736e-09	ABI3	c13
1.1288346736363e-13	-1.5636223562462	0.011	0.033	2.34413808327315e-09	IQGAP1	c13
1.2048727368165e-13	-2.23953001760135	0.005	0.023	2.50203872527314e-09	GLIPR2	c13
1.22098387977671e-13	-1.07523979855636	0.023	0.05	2.53549512474432e-09	FYN	c13
1.22975740003714e-13	-0.731675586439568	0.057	0.093	2.55371421691712e-09	ISG20	c13
1.29832875402457e-13	-1.5770208848514	0.011	0.032	2.69610949060743e-09	POMP	c13
1.38387228123075e-13	-1.46325608289403	0.013	0.035	2.87374917920378e-09	SHISA5	c13
1.5639134377753e-13	-1.3348388921534	0.016	0.04	3.24762264488419e-09	LOC100996809	c13
1.58421127280031e-13	-1.78879557327368	0.008	0.028	3.28977312909711e-09	BHLHE40	c13
1.59352747302634e-13	-1.20883901667389	0.018	0.043	3.30911915048649e-09	SF3B5	c13
1.69374198662343e-13	-2.6381227658066	0.003	0.021	3.51722460942221e-09	HLA-DRB1	c13
1.78089924015214e-13	0.879276451101923	0.039	0.021	3.69821536209993e-09	FAM65B	c13
1.98734897488063e-13	-2.08750695896037	0.005	0.024	4.12692888123711e-09	HN1	c13
2.05412577662685e-13	-1.77943790350655	0.008	0.028	4.26559758774332e-09	PSMD8	c13
2.10694380888547e-13	-1.13985559286293	0.021	0.047	4.37527951353156e-09	ACAP1	c13
2.14103594037119e-13	-0.517167682230951	0.14	0.186	4.44607523377481e-09	HSP90AB1	c13
2.24162805197489e-13	-1.1729744616948	0.019	0.044	4.65496481273106e-09	LYAR	c13
2.49845554270487e-13	-1.38588131181092	0.014	0.037	5.18829277998093e-09	FAM96B	c13
2.66818067564253e-13	-1.33301558950543	0.015	0.038	5.54074399103927e-09	SHFM1	c13
2.94895157917861e-13	-0.803758527422154	0.043	0.075	6.1237928493223e-09	LIME1	c13
3.31524228290741e-13	-1.69092472368273	0.009	0.029	6.88443212468553e-09	BZW1	c13
3.68311894334474e-13	-1.45327950887823	0.012	0.034	7.64836479774970e-09	UBE2I	c13
3.83376809725529e-13	-1.78769912185711	0.009	0.029	7.96120283076034e-09	PSAP	c13
3.96678089491922e-13	-2.05544844168071	0.008	0.027	8.23741720638926e-09	IER3	c13
4.14711387975448e-13	-2.10999148768212	0.005	0.023	8.61189668269816e-09	BTG3	c13
4.38278218393409e-13	-1.54379151502331	0.011	0.032	9.10128548315753e-09	DHRS7	c13
4.73136609250581e-13	-2.00997325362691	0.006	0.024	9.82515482769757e-09	NDUFS6	c13
4.8445791041137e-13	-1.58409212651487	0.01	0.031	1.00602529676025e-08	PTP4A2	c13
5.25079985326955e-13	-0.97245175397947	0.03	0.059	1.09038109752996e-08	NR3C1	c13
5.52343323756968e-13	-1.37588083186358	0.014	0.036	1.14699614611372e-08	H2AFV	c13
6.36762686558045e-13	-4.48102180472187	0.001	0.015	1.32230139490644e-08	MT1E	c13
6.51222733417691e-13	-1.41350224357803	0.013	0.035	1.35232912821518e-08	SPCS2	c13
6.81056208102083e-13	-1.407637053841	0.013	0.034	1.41428132174479e-08	GPR65	c13
7.24629216428155e-13	-1.84112038974691	0.007	0.026	1.50476503083471e-08	DNPH1	c13
7.62360643770315e-13	-1.59062104739709	0.01	0.03	1.58311811285344e-08	ARF4	c13
7.65031392890444e-13	-1.53305598628246	0.011	0.031	1.5886641904763e-08	PSMB3	c13
7.67161824450195e-13	-2.23114503632171	0.004	0.022	1.59308824465327e-08	IDH2	c13
8.03703522310927e-13	-1.89733546068798	0.007	0.025	1.66897073443087e-08	SIRPG	c13
8.60143049561192e-13	-0.657166143341503	0.059	0.093	1.78617305671877e-08	EDF1	c13
8.97335696074914e-13	-2.46214702835571	0.004	0.021	1.86340730646917e-08	FOXP3	c13
9.25172043754529e-13	-1.35084081372613	0.014	0.036	1.92121226606066e-08	COX7B	c13
9.52297935462042e-13	-1.14266847834876	0.02	0.045	1.97754189278048e-08	DDIT3	c13
1.20836830688804e-12	-1.16560342241574	0.018	0.041	2.50929762608371e-08	UQCRQ	c13
1.31731604874198e-12	-1.84148875309396	0.007	0.026	2.73553850681761e-08	TYMP	c13
1.34862374869162e-12	-1.23143308277141	0.016	0.039	2.80055207653303e-08	SCAND1	c13
1.360407079525e-12	-1.50573538028294	0.011	0.032	2.82502134134161e-08	CAPG	c13
1.50256972111947e-12	-0.987452093311953	0.027	0.053	3.12023628287668e-08	ATP5D	c13
1.52556065159016e-12	-1.52645716233668	0.01	0.03	3.16797924909213e-08	PRKCH	c13
1.56900067378481e-12	-4.72153877399424	0	0.014	3.25818679918154e-08	KLRF1	c13
1.62365582961228e-12	-1.64918325153494	0.009	0.028	3.37168369577287e-08	DEF6	c13
1.62372747953789e-12	-1.2100732726543	0.017	0.04	3.37183248400838e-08	SNHG9	c13
1.68771342528391e-12	-1.4211149763068	0.013	0.034	3.50470569894457e-08	LMNA	c13
1.7432544755634e-12	-2.31524019186299	0.004	0.02	3.62004224395496e-08	PTPN7	c13
1.75504612003369e-12	-1.80417881135877	0.007	0.025	3.64452877286196e-08	MGST3	c13
1.76843947089411e-12	-1.69639580738194	0.008	0.027	3.67234140525871e-08	PSTPIP1	c13
2.03208738818005e-12	-1.27710147351738	0.015	0.037	4.2198326702947e-08	IDS	c13
2.23201640879312e-12	-1.99984445055299	0.005	0.023	4.63500527449979e-08	PSMA6	c13
2.30111488760125e-12	-1.0241939862061	0.029	0.055	4.77849517559276e-08	HSPH1	c13
2.559223036219e-12	0.208721214442276	0.383	0.326	5.31448255701237e-08	EEF1D	c13
2.70191994737707e-12	-1.95295528275848	0.006	0.023	5.61080696272322e-08	PSMB6	c13
2.71357961539549e-12	-1.04444783374887	0.023	0.048	5.63501942933027e-08	CELF2	c13
2.82197433713308e-12	-1.56973579082635	0.01	0.029	5.86011190849056e-08	MEAF6	c13
2.86303531425552e-12	-1.0787946104031	0.023	0.047	5.94537913358301e-08	CORO1B	c13
2.9028870548656e-12	-1.00108859201614	0.024	0.049	6.02813525813391e-08	VPS28	c13
3.07666713628115e-12	-1.85025561438759	0.006	0.023	6.38900697520143e-08	PYHIN1	c13
3.24116593216458e-12	-0.836141015847846	0.036	0.065	6.73060517473297e-08	CD53	c13
3.74368889022564e-12	-1.3400414128736	0.013	0.034	7.77414434944256e-08	RHOG	c13
3.78506982174698e-12	-1.79469858904147	0.007	0.025	7.86007599183977e-08	NEU1	c13
3.79271132588345e-12	-1.87070231491675	0.006	0.024	7.87594433932956e-08	PDIA6	c13
4.04672435304623e-12	-0.675465062386708	0.055	0.087	8.4034277915358e-08	YBX1	c13
4.47561724394105e-12	-4.06651617458855	0.001	0.014	9.29406676876798e-08	CCL3L1	c13
4.84419920501436e-12	-1.40427477993798	0.013	0.033	1.00594640691328e-07	LOC100506248	c13
4.93945263173086e-12	0.713656497097284	0.052	0.032	1.02572673350523e-07	TMEM123	c13
4.94323290152953e-12	-0.904968785590412	0.033	0.061	1.02651174433162e-07	SQSTM1	c13
5.06007170165005e-12	-2.41727086254593	0.003	0.019	1.05077448956465e-07	ITGAL	c13
5.48660188523311e-12	-1.49859205621801	0.01	0.03	1.13934774748751e-07	AKAP13	c13
5.54501497597347e-12	-2.33478282488018	0.004	0.019	1.15147780991065e-07	RAB27A	c13
6.04953682061538e-12	-2.00602628949435	0.005	0.022	1.25624681616899e-07	PSMA2	c13
6.61076075546454e-12	-2.48474077761029	0.003	0.018	1.37279057847977e-07	TRG-AS1	c13
6.97655116405214e-12	0.550483480769902	0.088	0.061	1.44875061472707e-07	ND6	c13
7.35094650000795e-12	-2.04681873821162	0.005	0.021	1.52649755019165e-07	SAMD3	c13
7.79881565391151e-12	0.474364099126217	0.11	0.079	1.61950205869126e-07	RPL23	c13
8.42534605492638e-12	-1.79710162186312	0.014	0.035	1.74960736176601e-07	TNFRSF4	c13
8.43607678758687e-12	-2.25678405076491	0.004	0.019	1.75183570571029e-07	CHST12	c13
9.26671427983146e-12	-2.77342714710521	0.002	0.017	1.9243258873498e-07	PELO	c13
1.02256030271027e-11	-1.47840050935456	0.01	0.029	2.12344872460814e-07	IFI27L2	c13
1.02257289648407e-11	-1.0992359636501	0.02	0.042	2.12347487683881e-07	CD164	c13
1.09507035740515e-11	-0.964239076877861	0.025	0.05	2.27402310418754e-07	CLK1	c13
1.10641286201202e-11	-1.26176368106993	0.015	0.036	2.29757694925417e-07	CKS2	c13
1.14738400006961e-11	-1.11662668392883	0.019	0.042	2.38265761454454e-07	FLNA	c13
1.37982244226197e-11	-1.4322517885443	0.011	0.03	2.8653392836012e-07	BSG	c13
1.39352519749096e-11	-1.33238390901857	0.013	0.033	2.89379442510973e-07	DYNLRB1	c13
1.41195259987696e-11	-3.019023061627	0.002	0.015	2.9320607689045e-07	ZEB2	c13
1.4597462748663e-11	-0.956420475919261	0.026	0.05	3.03130911438736e-07	ABRACL	c13
1.62139388308372e-11	-0.828574583409928	0.035	0.061	3.36698653761165e-07	HIGD2A	c13
1.71157440020273e-11	-1.28233121905295	0.014	0.034	3.554255399461e-07	SUN2	c13
1.71497715961145e-11	-1.34436386096625	0.021	0.044	3.56132156964913e-07	TUBB	c13
1.84465080905269e-11	-2.37825563905149	0.003	0.018	3.83060187007881e-07	LOC100996919	c13
1.846424011799e-11	-0.49676128818994	0.097	0.135	3.83428410290181e-07	HNRNPDL	c13
1.84805073934345e-11	-1.78392959328774	0.007	0.023	3.83766216532061e-07	MFSD10	c13
1.8695348689343e-11	-1.57826013103539	0.009	0.027	3.88227610882896e-07	DNAJB6	c13
1.88957369167328e-11	-1.06819559344672	0.02	0.043	3.92388872812874e-07	ATP5B	c13
1.89574701297649e-11	-2.01189829989919	0.005	0.021	3.93670824714698e-07	MIEN1	c13
1.95359295793448e-11	-2.85928788375904	0.002	0.016	4.05683113644675e-07	AGTRAP	c13
2.01886986689656e-11	0.240409742301745	0.32	0.27	4.1923851655974e-07	PFDN5	c13
2.19245545246448e-11	-3.95722965218625	0.001	0.014	4.55285299258773e-07	S100A9	c13
2.2401193456222e-11	-2.14608022754364	0.004	0.02	4.65183183311907e-07	PTTG1	c13
2.3008367778782e-11	-1.10217322956371	0.019	0.041	4.77791765294188e-07	DDX3X	c13
2.36089112908442e-11	-1.26902656929673	0.014	0.034	4.90262651865671e-07	ERH	c13
2.66566777707336e-11	-1.59005351830818	0.008	0.025	5.53552570587055e-07	RASAL3	c13
2.67057938756485e-11	-0.845677878026562	0.032	0.058	5.54572515621716e-07	PRDM1	c13
2.89223283539215e-11	-1.43365225246741	0.01	0.029	6.00601070597533e-07	H2AFJ	c13
3.58155604195506e-11	-1.73971209812549	0.007	0.023	7.43745927672388e-07	SUPT3H	c13
3.91383822036686e-11	-0.744430880932713	0.043	0.071	8.12747644841383e-07	STK17B	c13
3.93352441592042e-11	-1.94439426548099	0.005	0.021	8.16835680210035e-07	AMICA1	c13
4.4449927014037e-11	-1.36096725172815	0.012	0.03	9.23047184373492e-07	NAA38	c13
4.58715785337693e-11	-1.35189651361459	0.011	0.03	9.52569199832254e-07	SIT1	c13
4.91150246693490e-11	-0.900745513022282	0.027	0.051	1.0199226022837e-06	CSRNP1	c13
4.94007059721641e-11	-0.351411131582343	0.168	0.212	1.02585506021796e-06	DDX5	c13
5.3800276552142e-11	-0.906197471395735	0.025	0.048	1.11721654288178e-06	C19orf60	c13
5.78997954194924e-11	-0.819697122264037	0.033	0.059	1.20234715168118e-06	KMT2E-AS1	c13
6.34608336636557e-11	-1.28244622523428	0.013	0.032	1.31782767185948e-06	MRPL41	c13
6.42933071950455e-11	-2.04646561251143	0.005	0.02	1.33511481721231e-06	ACP5	c13
6.68522905591578e-11	-2.23232463345969	0.004	0.018	1.38825466575147e-06	PYCARD	c13
7.21199842841464e-11	-1.458767209999	0.01	0.027	1.49764359364458e-06	DCXR	c13
7.25068841916748e-11	-2.48334125062483	0.003	0.016	1.50567795712432e-06	PLEK	c13
7.73233386570582e-11	-0.961748058413869	0.024	0.047	1.60569645055247e-06	CDC37	c13
7.8643849277518e-11	-1.36095991814723	0.011	0.03	1.63311817409694e-06	AUP1	c13
8.24673443565361e-11	1.04147660905263	0.024	0.012	1.71251687290783e-06	LY9	c13
9.20759739795048e-11	-4.0500191183937	0.001	0.013	1.9120496756584e-06	S100A8	c13
9.27506184324602e-11	-1.50633289325106	0.009	0.026	1.92605934236847e-06	DOK2	c13
9.37912118288994e-11	-1.44962729856578	0.01	0.027	1.94766830483892e-06	ATP6V0B	c13
1.02796022985438e-10	-0.723968235765471	0.042	0.069	2.13466221331561e-06	YPEL5	c13
1.03127865642133e-10	-5.38620910020232	0	0.011	2.14155325792454e-06	PTGDR	c13
1.08485618679042e-10	0.278586890832365	0.501	0.492	2.25281235748899e-06	RPS26	c13
1.09031767886349e-10	-1.36326292457602	0.011	0.029	2.26415369192793e-06	SDCBP	c13
1.23023319359824e-10	-1.41283917107593	0.01	0.027	2.55470224982611e-06	SELT	c13
1.26310617782677e-10	-1.5793085881775	0.008	0.024	2.62296628887507e-06	ENSA	c13
1.3075384317008e-10	-0.458786745691807	0.136	0.176	2.71523430726989e-06	BTG2	c13
1.31712801241148e-10	-1.7766215949019	0.006	0.021	2.73514803057368e-06	PFDN2	c13
1.34220462575145e-10	-1.56268293173896	0.008	0.025	2.78722212583546e-06	CFLAR	c13
1.38326618070823e-10	-1.51259188372274	0.008	0.025	2.87249055085872e-06	NDUFS7	c13
1.38462434512214e-10	-0.952682800726342	0.023	0.045	2.87531091508064e-06	DDX24	c13
1.41112639553665e-10	-0.960370359098742	0.023	0.045	2.93034507297141e-06	C14orf2	c13
1.4272802251043e-10	-1.22652363776726	0.013	0.032	2.9638901154516e-06	IGFLR1	c13
1.47620805498655e-10	-1.35200474685976	0.011	0.029	3.06549364698508e-06	MYEOV2	c13
1.49558741094703e-10	-1.80077310345116	0.007	0.023	3.1057368175726e-06	IRF7	c13
1.57744468882116e-10	-1.25375746641823	0.013	0.032	3.27572164080602e-06	HMGN3	c13
1.69433197505476e-10	-1.83120337433068	0.006	0.021	3.51844977939871e-06	CTSB	c13
1.99090450099241e-10	-1.27304474134723	0.013	0.031	4.13431228676085e-06	TERF2IP	c13
2.02788435856476e-10	-2.32617875949186	0.003	0.016	4.21110465899559e-06	ACTN4	c13
2.13530089426445e-10	-0.895091766548523	0.027	0.05	4.43416583702956e-06	MRPS21	c13
2.25376123859624e-10	-0.942707767164198	0.024	0.046	4.68016058806895e-06	SPCS1	c13
2.27337376435736e-10	-0.73251971605854	0.041	0.067	4.72088795906449e-06	PLP2	c13
2.34858488547518e-10	-1.32270377979279	0.011	0.029	4.87707137317775e-06	ATP6V1F	c13
2.41847371050041e-10	-1.63900326326505	0.007	0.022	5.02220250722515e-06	TCIRG1	c13
2.62370222785653e-10	-1.2742719983299	0.012	0.03	5.44838004636688e-06	BIN2	c13
2.6307358137021e-10	-1.34032294181213	0.01	0.027	5.46298599073378e-06	RNF7	c13
2.87221650664584e-10	-1.06515832891455	0.018	0.038	5.96444479770076e-06	NDUFB4	c13
2.90939096252865e-10	-1.01771800194829	0.021	0.042	6.041641272787e-06	CREM	c13
3.07856158967406e-10	-0.887279864839647	0.026	0.049	6.39294099711714e-06	HNRNPF	c13
3.25833966117477e-10	-1.07936479019651	0.017	0.036	6.76626814039553e-06	ATP5J	c13
3.37060191438324e-10	-0.861477047996656	0.027	0.05	6.99939193540824e-06	ARHGEF1	c13
3.48704619153012e-10	-0.74621243719825	0.037	0.062	7.24120012133145e-06	IRF1	c13
3.50589919177879e-10	-2.03751090416435	0.004	0.018	7.28035026164784e-06	SURF4	c13
3.68238562292632e-10	-0.867536577285143	0.026	0.049	7.64684198456879e-06	C4orf3	c13
3.72810673123997e-10	-2.84430099940269	0.002	0.014	7.74178643809292e-06	PLA2G16	c13
3.73030975915836e-10	-1.61676177384257	0.007	0.022	7.74636124586825e-06	ARPC4	c13
3.88927496152529e-10	-1.18346360334876	0.013	0.031	8.07646838510341e-06	C16orf13	c13
4.15427497631783e-10	0.708963270431664	0.046	0.028	8.62676741582161e-06	CD55	c13
4.33769700094843e-10	-1.28386156928991	0.013	0.03	9.0076615921695e-06	ZFAND2A	c13
4.47242149196121e-10	-1.16951797996383	0.014	0.033	9.28743047020664e-06	TBCB	c13
4.67449425331774e-10	-0.657320412912595	0.047	0.074	9.70705476643962e-06	HNRNPK	c13
4.78754044017538e-10	-1.00138661536139	0.02	0.04	9.9418064780682e-06	GeneID:102723863	c13
5.40635541877322e-10	-1.69196965516764	0.006	0.021	1.12268376626245e-05	LAMP1	c13
5.45168398043302e-10	-1.25427456379665	0.012	0.03	1.13209669537672e-05	TAP1	c13
5.80543271220918e-10	-0.61903302600042	0.051	0.079	1.20555615701736e-05	APRT	c13
6.12314978955253e-10	-1.82725702495184	0.005	0.019	1.27153328529848e-05	PIN1	c13
6.19784203355358e-10	-1.1468550600473	0.015	0.033	1.28704387668774e-05	MAT2B	c13
6.5446372022785e-10	-1.59813491645575	0.007	0.022	1.35905936142515e-05	RAC1	c13
6.56283289532969e-10	-1.42827064108783	0.009	0.025	1.36283787904416e-05	DSTN	c13
6.67724800440609e-10	-1.36747517586293	0.01	0.026	1.38659732059497e-05	RANBP1	c13
6.88243650580759e-10	-1.43833991619894	0.009	0.025	1.429206764796e-05	LRRFIP1	c13
7.10769002081862e-10	-1.90877035575027	0.005	0.018	1.47598290972319e-05	CHIC2	c13
7.2515835954076e-10	-5.24955747788895	0	0.01	1.50586384942234e-05	LOC102724850	c13
8.08791081405743e-10	-2.00013614248678	0.004	0.017	1.67953555964717e-05	TALDO1	c13
8.37606135426668e-10	-1.00272695908611	0.018	0.038	1.73937290082702e-05	PAIP2	c13
8.52556696219284e-10	-1.85637694109049	0.005	0.019	1.77041923536896e-05	FMNL1	c13
9.01197991385579e-10	-1.2701895016548	0.012	0.029	1.87142774891129e-05	SSU72	c13
9.34216329528609e-10	-0.586603872305123	0.055	0.084	1.93999362989911e-05	CYCS	c13
9.51783816045407e-10	-1.26918168111721	0.012	0.029	1.97647427239989e-05	SLC3A2	c13
9.6693010630609e-10	-0.878980939868895	0.025	0.047	2.00792705875523e-05	ELF1	c13
9.95988782427046e-10	-1.24647310283652	0.012	0.029	2.068270305588e-05	SEC11A	c13
1.04206184076412e-09	-1.95384106614532	0.004	0.018	2.16394561853077e-05	LDLRAD4	c13
1.10993274553086e-09	-1.22064704549635	0.013	0.03	2.30488633936939e-05	VAPA	c13
1.12252518324477e-09	0.470814142574018	0.047	0.03	2.33103579552608e-05	HLA-DQB1	c13
1.17625418396437e-09	-1.31332933722485	0.011	0.027	2.44260943842042e-05	NDUFS8	c13
1.27056637991735e-09	-1.93748424993044	0.004	0.018	2.63845814453637e-05	NAMPT	c13
1.30082554236139e-09	-1.92762938300158	0.004	0.018	2.70129432126767e-05	FERMT3	c13
1.40355265320644e-09	-1.12800373372045	0.015	0.032	2.91461743964849e-05	TMED2	c13
1.41190309459651e-09	-1.34524082594425	0.011	0.027	2.93195796623911e-05	ODC1	c13
1.46568134082419e-09	-1.12503583503771	0.015	0.032	3.04363387235551e-05	FIS1	c13
1.48335383415638e-09	0.529656963804157	0.072	0.05	3.08033257200915e-05	EIF3H	c13
1.59596826453007e-09	-1.36666719228443	0.01	0.025	3.31418769812314e-05	SUMO1	c13
1.60712313688739e-09	-0.560393160540504	0.075	0.106	3.33735190606035e-05	ZFP36L1	c13
1.61264799446035e-09	-1.59248953700077	0.007	0.021	3.34882482529636e-05	RASSF1	c13
1.66565619625427e-09	-2.82449251832251	0.002	0.013	3.45890165714161e-05	AIF1	c13
1.71282115915003e-09	-0.934695286417067	0.021	0.041	3.55684441909096e-05	HSPD1	c13
1.71789524530535e-09	-1.38408933476591	0.009	0.025	3.5673812664011e-05	RHOF	c13
1.73742800722194e-09	-1.22076021358151	0.012	0.029	3.60794299979709e-05	MRPL33	c13
1.73924859353869e-09	-0.939837141188709	0.022	0.042	3.61172362934245e-05	TRA2B	c13
1.97048167229001e-09	-1.67304226423632	0.006	0.02	4.09190224067743e-05	CLPP	c13
2.20464253531168e-09	-2.14093393151007	0.003	0.015	4.57816068882824e-05	MYO1G	c13
2.3665153293647e-09	-1.25857748321307	0.011	0.027	4.91430573295874e-05	NAP1L4	c13
2.62640924623249e-09	-0.924346799012282	0.021	0.041	5.45400144072638e-05	EIF4G2	c13
2.63954615062883e-09	-1.06046222170174	0.016	0.034	5.48128153639583e-05	DYNLT1	c13
2.7562019119404e-09	-1.16201656661284	0.013	0.029	5.72352889033544e-05	MBP	c13
2.94866466262492e-09	-1.32982362623702	0.01	0.025	6.12319703840691e-05	PRKAR1A	c13
2.96708865111155e-09	-1.38113740464561	0.009	0.024	6.16145629289825e-05	ATP5C1	c13
3.01657414221923e-09	-0.849418674876003	0.026	0.046	6.26421786373245e-05	HNRNPC	c13
3.02061481888286e-09	-1.69075746438849	0.006	0.019	6.27260873289214e-05	BUD31	c13
3.20392525759201e-09	0.390737306612294	0.12	0.091	6.65327118991557e-05	UQCRB	c13
3.42332879518254e-09	-1.0143290056967	0.017	0.036	7.10888457607607e-05	SRP9	c13
3.68267937510035e-09	-1.05775337638592	0.014	0.032	7.64745199033338e-05	TMBIM4	c13
3.76837786419842e-09	-0.887548725433166	0.021	0.041	7.82541347279443e-05	ITGA4	c13
3.87140511486438e-09	-1.41238690139578	0.008	0.023	8.03935986152737e-05	RAB1B	c13
3.97188128143569e-09	-1.4104583679692	0.009	0.023	8.24800866902935e-05	IFRD1	c13
4.10392189432559e-09	-0.368971863429203	0.132	0.169	8.52220420575653e-05	ATP5G2	c13
4.28210008579167e-09	-1.13594044468593	0.013	0.029	8.89220903815498e-05	BCL3	c13
4.4499136493079e-09	-1.54724291212742	0.007	0.021	9.24069068415278e-05	POLR2E	c13
4.9357277608821e-09	-1.08020114486804	0.015	0.032	0.000102495322682478	GABARAPL2	c13
4.97882828400658e-09	-1.41420287472356	0.009	0.024	0.000103390348145681	ATP5EP2	c13
5.4079882768265e-09	-1.12289516110312	0.013	0.029	0.000112302284556579	NDUFB7	c13
5.46651555408396e-09	-1.69636202298644	0.005	0.018	0.000113517661996108	NDUFA12	c13
5.66514872268235e-09	-1.04310660042152	0.016	0.033	0.000117642478375222	CLEC2D	c13
5.69153405069408e-09	-0.720187303131108	0.034	0.056	0.000118190396096713	BRD2	c13
5.75797662709133e-09	-1.48329986463131	0.007	0.021	0.000119570142638179	GHITM	c13
5.84621726318286e-09	1.64433323115419	0.016	0.008	0.000121402547687255	RMRP	c13
5.92124027374373e-09	-1.46641995139638	0.008	0.022	0.000122960475524562	TMEM179B	c13
6.05338247911203e-09	-2.56095490528414	0.002	0.013	0.00012570454056124	STARD3NL	c13
6.0845950758917e-09	-1.98277093719405	0.004	0.016	0.000126352701345967	TUBA1C	c13
6.61315314714492e-09	-1.12877438833297	0.013	0.03	0.000137328738253611	SH3BGRL	c13
6.86334095260357e-09	-0.998078189981893	0.018	0.037	0.000142524138221766	BRE-AS1	c13
7.01736046664138e-09	-1.62452713381649	0.005	0.018	0.000145722507450275	STUB1	c13
7.12203417117228e-09	-1.55517558458438	0.007	0.02	0.000147896161598564	VAMP5	c13
7.13645849728552e-09	-3.30740155246123	0.001	0.011	0.000148195697154631	OASL	c13
7.35373758452703e-09	-1.68426718781801	0.005	0.018	0.000152707714680288	DCTN3	c13
7.66097720335495e-09	-2.82826098813842	0.001	0.012	0.000159087852604869	TBX21	c13
7.83776111687337e-09	-1.90461187426853	0.004	0.016	0.000162758947352992	FAM173A	c13
8.03382833300148e-09	-0.976315915056746	0.018	0.036	0.000166830479163109	SLC38A2	c13
8.3123474604305e-09	-1.15002180433803	0.013	0.029	0.0001726142073633	G3BP2	c13
8.34266704476915e-09	-0.983578189872509	0.018	0.036	0.000173243823851676	ARL4C	c13
8.41564991787224e-09	-1.52264554838666	0.007	0.02	0.000174759386194535	PPP4C	c13
8.45592642227746e-09	-2.13927542287403	0.003	0.014	0.000175595768085014	SH3GLB1	c13
8.81200316778514e-09	-1.52121359289353	0.007	0.02	0.000182990057782226	RNF181	c13
8.89557565705432e-09	-3.16863748250538	0.001	0.011	0.00018472552409439	MS4A6A	c13
8.99284019208011e-09	-1.10940723503537	0.013	0.029	0.000186745319428736	DNAJB4	c13
9.01300432089561e-09	-1.2698794780067	0.01	0.025	0.000187164047727718	PHPT1	c13
9.03080286568296e-09	-1.19151518752689	0.012	0.027	0.000187533652308772	RNF149	c13
9.69606363877724e-09	-1.42195078237069	0.008	0.022	0.000201348457522848	LMAN2	c13
9.73332008664165e-09	-1.00797405092064	0.016	0.033	0.0002021221249192	CCDC107	c13
1.00092394890239e-08	-0.834425958274386	0.024	0.044	0.000207851867229071	PTGER4	c13
1.00685954815037e-08	-1.93448305404265	0.004	0.016	0.000209084453768906	SLA2	c13
1.02490727152376e-08	-1.88242996357149	0.004	0.016	0.000212832244004623	HM13	c13
1.04359693855934e-08	-1.99495647564216	0.004	0.015	0.000216713340261233	SRSF9	c13
1.04850499767242e-08	-1.13756838451508	0.013	0.029	0.000217732547816654	KRT10	c13
1.06054838623846e-08	-0.910564912229763	0.019	0.037	0.000220233477886278	FAM177A1	c13
1.06160715675984e-08	-1.09090083768892	0.014	0.03	0.000220453342172748	MAPRE2	c13
1.09527704973214e-08	-1.22401585743978	0.011	0.026	0.000227445232147377	UBE2N	c13
1.10945449782342e-08	-1.05697187903546	0.014	0.03	0.000230389321018012	DGUOK	c13
1.12823643478675e-08	-1.8278181493236	0.004	0.016	0.000234289578047817	MAP1LC3B2	c13
1.16565452345421e-08	-1.17285897795606	0.012	0.027	0.000242059818340502	CSK	c13
1.19364622269227e-08	-0.899002579501447	0.021	0.039	0.000247872574604276	GLIPR1	c13
1.23759924268987e-08	-1.99750878951597	0.004	0.015	0.000256999858736978	PDCL3	c13
1.26846682561675e-08	-1.69261295646735	0.005	0.018	0.000263409821007574	CAPZA2	c13
1.36934190965474e-08	0.582643167149131	0.052	0.034	0.000284357540958903	BIRC3	c13
1.37953138648556e-08	-1.47818185293691	0.007	0.02	0.000286473487717591	GPI	c13
1.41351843286874e-08	-1.30799285780645	0.009	0.023	0.000293531237769522	EWSR1	c13
1.49604735796952e-08	-1.21543169398432	0.011	0.026	0.00031066919435595	P4HB	c13
1.53407298234836e-08	-1.68321065533514	0.005	0.017	0.000318565595514461	CLTA	c13
1.55178221977272e-08	-1.49519233564586	0.007	0.02	0.000322243095758003	HMOX2	c13
1.59621528631085e-08	-0.772373738974809	0.035	0.056	0.00033147006635531	NEAT1	c13
1.59813836109661e-08	-0.659754191871128	0.039	0.062	0.000331869412065322	RBM39	c13
1.69412121285446e-08	-1.22346688140655	0.011	0.025	0.000351801211061357	SASH3	c13
1.70160996707618e-08	-1.33617726355457	0.009	0.023	0.00035335632576304	CCND2	c13
1.73588128709606e-08	-1.16198570055362	0.011	0.026	0.000360473108078367	NDUFA2	c13
1.82850883392907e-08	-1.64247807489812	0.005	0.018	0.000379708144453711	H3F3A	c13
1.89333590556389e-08	-1.55868829831219	0.006	0.019	0.000393170134149398	ZC3H12A	c13
1.93367987959997e-08	-1.31491351453159	0.009	0.023	0.000401547963797729	IFI6	c13
1.97822947247913e-08	-0.647125572187552	0.037	0.059	0.000410799132255017	CCNH	c13
2.00280409512503e-08	-1.24778136722512	0.01	0.024	0.000415902298393664	CTSA	c13
2.03687798325554e-08	-1.13868908064248	0.012	0.027	0.000422978082002846	TMED10	c13
2.0540257323294e-08	-1.29808873396058	0.009	0.023	0.000426538983575522	MRPL20	c13
2.07003126505617e-08	0.366810920856266	0.122	0.094	0.000429862692501565	SLC25A6	c13
2.16397736574524e-08	-3.55060028811201	0.001	0.01	0.000449371539770657	EOMES	c13
2.23872621208988e-08	-2.76675135087784	0.001	0.011	0.000464893885202585	TARP	c13
2.30335858769569e-08	-1.18701601182023	0.011	0.026	0.000478315444320887	ZNF706	c13
2.36655326950942e-08	-0.956855213801524	0.018	0.035	0.000491438451946325	UQCRHL	c13
2.43367154250325e-08	-1.66646739150056	0.005	0.017	0.000505376232516224	LINC00869	c13
2.47170590320257e-08	-1.6416415359434	0.007	0.019	0.000513274447859046	MIR155HG	c13
2.5055182089207e-08	-1.28936649755894	0.009	0.023	0.000520295911264472	ZNHIT1	c13
2.5483688937877e-08	-0.868502368673264	0.023	0.042	0.000529194284483953	HSP90B1	c13
2.59826393464926e-08	-0.82777063363678	0.023	0.042	0.000539555488669265	CCDC85B	c13
2.60461321726082e-08	-1.43993950432277	0.008	0.021	0.000540873980696381	NCR3	c13
2.68852183977917e-08	-1.73706461550023	0.005	0.016	0.000558298445248542	THEMIS	c13
2.76286596901405e-08	1.32535135816829	0.01	0.004	0.000573736747125458	ARHGEF18	c13
2.77073634264725e-08	-0.504653336321258	0.073	0.101	0.000575371108914127	TAGAP	c13
2.81149480535803e-08	-1.15560753405626	0.012	0.026	0.000583835011280649	LSM8	c13
2.94830088098868e-08	-0.843118946865533	0.023	0.041	0.00061224416094611	JAK1	c13
3.15628225557161e-08	-1.3689158853502	0.007	0.02	0.000655433573192001	RNF166	c13
3.2922004711256e-08	-0.881057741810826	0.019	0.037	0.000683658349833942	SNHG12	c13
3.41451391004452e-08	-1.07753689825035	0.014	0.029	0.000709057958559845	RNF19A	c13
3.44538980735072e-08	-1.86964619889518	0.004	0.015	0.00071546964739445	CASP1	c13
3.51262564906338e-08	-0.913102776546301	0.019	0.036	0.000729431842284501	C11orf58	c13
3.52910024359943e-08	-1.87094592424515	0.004	0.015	0.000732852956585858	VIMP	c13
3.55958286720699e-08	-1.35005180903548	0.008	0.021	0.000739182978204203	SERPINB1	c13
3.61358186744575e-08	-2.21682627605607	0.003	0.013	0.000750396410593785	MT1F	c13
3.8169242375489e-08	-1.98761800932543	0.003	0.014	0.000792622487169404	GNAI2	c13
3.83834750016192e-08	-1.03271846747144	0.015	0.03	0.000797071241883625	SIGIRR	c13
4.00483033195115e-08	-1.07728853597833	0.013	0.027	0.000831643066732976	OTUB1	c13
4.02555076298863e-08	-1.60056196788957	0.005	0.017	0.00083594587144222	NDUFB3	c13
4.2541008121144e-08	0.544912317961975	0.071	0.051	0.000883406574643677	SOCS3	c13
4.66449762935877e-08	-1.05853844481201	0.014	0.029	0.000968629577712643	PRPF38B	c13
4.95680008908776e-08	-1.02619321748517	0.014	0.03	0.00102932910649996	UBE2B	c13
4.967621344861e-08	-1.39765296526837	0.008	0.02	0.00103157624847384	H1FX	c13
5.0021558652274e-08	-1.70523696166514	0.005	0.016	0.00103874768697312	TPST2	c13
5.14341876876472e-08	-1.31099705598178	0.008	0.022	0.00106808234152168	PSMA5	c13
5.22688443817034e-08	-1.15460300440102	0.011	0.025	0.00108541482243045	BCAP31	c13
5.26465772162272e-08	-0.754175418643986	0.027	0.046	0.00109325882247217	C11orf31	c13
5.43446234074159e-08	-1.62547250902728	0.005	0.017	0.0011285204496784	POLR2J	c13
5.79551547955824e-08	-1.74017075177452	0.004	0.015	0.00120349674448506	METTL9	c13
5.79602888234388e-08	-0.944799329971797	0.017	0.033	0.00120360335770753	DENND2D	c13
5.81449297480722e-08	-1.52637440815414	0.006	0.018	0.00120743761114847	GBP2	c13
6.71987965618788e-08	-0.601277251449073	0.043	0.065	0.00139545020940398	CCND3	c13
6.72926782160382e-08	-1.40729495820461	0.007	0.019	0.00139739975583425	FGFR1OP2	c13
7.0676719845328e-08	-1.79012585925165	0.005	0.016	0.00146767276430808	PLIN2	c13
7.63311048393018e-08	-1.22605072500432	0.01	0.023	0.00158509172309294	OPTN	c13
7.69546169398421e-08	-1.42851801054369	0.007	0.019	0.00159803957537276	SDF4	c13
8.0684845543523e-08	-1.15503987910466	0.011	0.025	0.0016755015025568	NDUFC1	c13
8.10253511278586e-08	-1.76936729908485	0.004	0.015	0.00168257244152111	RNF114	c13
8.11876318197768e-08	-1.44639339404594	0.007	0.019	0.00168594236236948	SCP2	c13
8.12669966455805e-08	-0.856530939814077	0.02	0.036	0.00168759045234212	MINOS1	c13
8.21423419882889e-08	-0.758659998631297	0.026	0.045	0.00170576787372881	TAPBP	c13
8.29991216824458e-08	-0.976747149566275	0.016	0.032	0.00172355976085767	FAM46C	c13
8.53524149930777e-08	-2.50722869895565	0.002	0.011	0.00177242824974625	CISD3	c13
8.80992407294092e-08	-1.71676321504616	0.004	0.015	0.00182946883298691	ADRM1	c13
9.07659218050903e-08	-1.16427108889865	0.011	0.024	0.00188484513220451	RAB11B	c13
9.76874400568568e-08	-1.81058996181137	0.004	0.014	0.00202857738022069	GYG1	c13
9.77697082792262e-08	-1.99772127866002	0.003	0.013	0.00203028576212641	OBFC1	c13
9.92635068807338e-08	-2.91161497390661	0.001	0.01	0.00206130598388532	LAIR2	c13
1.02517469267562e-07	-1.80855656465884	0.004	0.014	0.00212887776681019	NDUFB6	c13
1.02740888765912e-07	-0.754692934067359	0.03	0.049	0.00213351729611293	CDKN1A	c13
1.03163953583176e-07	-0.488767694544874	0.065	0.09	0.00214230266010824	SRSF5	c13
1.03444172579245e-07	-1.4121293922401	0.007	0.019	0.00214812168778059	SNRPD1	c13
1.04323872739487e-07	-1.92402174160956	0.003	0.013	0.00216638954130819	ADAM8	c13
1.05656292106559e-07	-0.874352142687145	0.019	0.036	0.0021940585618848	SELPLG	c13
1.05751535451874e-07	-0.817428549382381	0.022	0.039	0.00219603638519362	XBP1	c13
1.05770801160919e-07	-0.826804393341652	0.022	0.039	0.00219643645690764	IL10RA	c13
1.05964808338811e-07	-1.31953038348249	0.008	0.02	0.00220046520996376	LPXN	c13
1.14216337163397e-07	-2.49463651766031	0.002	0.011	0.00237181645753511	ENTPD1	c13
1.2656471705979e-07	-2.91445399425385	0.001	0.01	0.0026282429144636	DUSP6	c13
1.33241316780009e-07	-2.05081632461714	0.003	0.012	0.00276688918425366	SH3BP1	c13
1.37152150278414e-07	-1.06734188062638	0.013	0.027	0.00284810155268155	FKBP11	c13
1.3901136005739e-07	-1.03309849075247	0.013	0.028	0.00288670990295177	DEK	c13
1.43507594101345e-07	-0.904738065129199	0.018	0.033	0.00298007869910854	EMD	c13
1.46327384740057e-07	-1.02038522899382	0.014	0.029	0.00303863447151203	H2AFX	c13
1.64247377239751e-07	-1.32205837620299	0.01	0.023	0.00341076103576066	TMEM107	c13
1.6819151896571e-07	-1.16613207804205	0.01	0.023	0.00349266508284193	SSBP1	c13
1.77903922699502e-07	-1.23117294333748	0.008	0.02	0.00369435285877786	PRKACB	c13
1.78373477158731e-07	-0.493051697327095	0.06	0.084	0.00370410362667821	VAMP2	c13
1.78488181887862e-07	-0.898378749903673	0.018	0.033	0.00370648558508333	TOMM5	c13
1.78657653661586e-07	-2.68598240458519	0.001	0.01	0.0037100048359365	CRTAM	c13
1.79693316439303e-07	-1.12027446094398	0.011	0.024	0.00373151140917857	SH3KBP1	c13
1.81863269246051e-07	-2.21116209915194	0.002	0.011	0.00377657264916349	NCK1	c13
1.83618025450745e-07	-2.60921007389136	0.001	0.01	0.00381301191651016	NEDD9	c13
1.84133397598474e-07	-1.41198516703363	0.007	0.018	0.0038237141345299	AP2M1	c13
1.88105314064048e-07	-1.83076784374899	0.004	0.013	0.00390619495185401	PLEKHF1	c13
1.90348578422059e-07	-1.83219837935544	0.004	0.013	0.00395277857951247	HIGD1A	c13
1.92575619601691e-07	-1.41252078799426	0.007	0.018	0.00399902531664871	HNRNPLL	c13
1.95291429067866e-07	0.742334501762101	0.029	0.017	0.00405542181602331	TMEM243	c13
1.95810680177503e-07	-0.686710928077361	0.031	0.049	0.00406620458456602	RGS10	c13
1.98592091728723e-07	-1.24352656346562	0.009	0.021	0.00412396337683867	LAPTM4A	c13
2.01577262444184e-07	-0.681240371901485	0.033	0.053	0.00418595343191593	PIK3R1	c13
2.02239823589032e-07	-0.642137770629242	0.035	0.055	0.00419971217664983	ARL6IP4	c13
2.03627585746096e-07	-0.802694532754705	0.021	0.038	0.00422853044560342	SERBP1	c13
2.11307900994758e-07	-1.72423792359519	0.004	0.014	0.00438801987205715	PARVG	c13
2.11359418969907e-07	-1.50061924205666	0.006	0.017	0.00438908969432908	PRNP	c13
2.20477340255214e-07	-1.532381439124	0.005	0.016	0.00457843244773978	YPEL3	c13
2.2152198423563e-07	-1.33473062235666	0.008	0.019	0.00460012552463709	MRPL18	c13
2.38380818201314e-07	-1.21678527817202	0.009	0.021	0.0049502160707685	RAD21	c13
2.44023100800171e-07	-1.71001071467885	0.004	0.014	0.00506738371121635	ITGB7	c13
2.4553095765416e-07	-1.13865299025883	0.01	0.023	0.00509869586664629	AKNA	c13
2.47817566225962e-07	-1.24822719191098	0.008	0.02	0.00514617958024833	GCHFR	c13
2.62801765351247e-07	-1.49373285647142	0.006	0.017	0.00545734145928399	GLRX	c13
2.62863921435256e-07	-1.21000462159999	0.009	0.021	0.00545863219252454	CAPZA1	c13
2.76024400424994e-07	-2.01439069492087	0.003	0.012	0.00573192269922542	SLC20A1	c13
2.77298895423983e-07	-2.42334352858003	0.002	0.01	0.00575838886237443	IFI35	c13
2.83135841503006e-07	-1.48160201588629	0.005	0.016	0.00587959888465142	HLA-J	c13
2.86311403732606e-07	-1.39039561276065	0.007	0.018	0.0059455426099113	CHMP4A	c13
2.92841157478463e-07	-1.65951622608365	0.004	0.014	0.00608113947619777	JMJD6	c13
2.92954824403595e-07	-2.07953879190873	0.002	0.011	0.00608349988356506	UBE2A	c13
2.93372921121886e-07	-1.34422739626804	0.007	0.019	0.00609218208001708	UFM1	c13
2.94479764510484e-07	-1.79966316097264	0.004	0.013	0.00611516678982471	CNPY2	c13
2.9821291505577e-07	-0.976514962386102	0.014	0.028	0.00619268939404812	TMEM173	c13
3.06136276415801e-07	-1.69770328897973	0.004	0.014	0.00635722591605053	TAP2	c13
3.06511765134837e-07	-1.25979580751835	0.008	0.02	0.00636502331479003	ATP5G1	c13
3.13360165717932e-07	-0.733461505369649	0.027	0.045	0.00650723720129858	TSPYL2	c13
3.144866940019e-07	-0.81909408341691	0.022	0.038	0.00653063068764345	FNBP1	c13
3.20188201877433e-07	-1.46995322396951	0.006	0.016	0.00664902820018678	COMMD7	c13
3.29039607847409e-07	-1.00602628949435	0.013	0.027	0.00683283649655929	NME3	c13
3.35136937653197e-07	-1.20821940580478	0.008	0.02	0.00695945364730629	RER1	c13
3.38987972924333e-07	-0.632942526700918	0.033	0.052	0.0070394242457467	UBE2D2	c13
3.44157699239411e-07	-2.27647247927478	0.002	0.01	0.00714677878240561	JOSD2	c13
3.44474832717223e-07	-0.778440111600989	0.023	0.039	0.00715336437620584	SFPQ	c13
3.44803005320623e-07	-0.715903886716992	0.026	0.043	0.00716017920848806	LBH	c13
3.457382955958e-07	-1.16907779840713	0.01	0.022	0.00717960144634239	DDX39A	c13
3.48787391598787e-07	-0.95496227827004	0.015	0.029	0.00724291897394041	CHURC1	c13
3.48830322325295e-07	-1.18395668683939	0.009	0.021	0.00724381047340708	GNAS	c13
3.61673142381844e-07	-1.01435728025188	0.013	0.026	0.00751050447470137	PA2G4	c13
3.67943664353496e-07	-0.751276842101956	0.027	0.045	0.0076407181339647	ICOS	c13
3.99532871588875e-07	-1.72836683650369	0.004	0.013	0.00829669961141458	ETFB	c13
4.14936710941883e-07	-1.13342086964489	0.009	0.021	0.00861657573941915	BANF1	c13
4.19191514503972e-07	-1.43132719952117	0.006	0.017	0.00870493099018949	GTF2B	c13
4.2346769320286e-07	-0.925042748438862	0.016	0.03	0.0087937301170506	MRPL57	c13
4.24503946483699e-07	0.225567211317143	0.21	0.177	0.00881524895268049	HINT1	c13
4.32084476156879e-07	-0.620294878145053	0.037	0.056	0.00897266623187374	CCNL1	c13
4.42060476585624e-07	-1.90797918762466	0.003	0.012	0.00917982785677706	MYO1F	c13
4.50371791283956e-07	-1.83384723668097	0.003	0.013	0.00935242061780263	CARHSP1	c13
4.60274739404211e-07	-1.77458500835587	0.004	0.013	0.00955806523846785	RAB8B	c13
4.65820931091428e-07	-0.899090945722494	0.016	0.031	0.00967323745504459	POLR1D	c13
4.7377178220735e-07	-1.29279938206792	0.007	0.019	0.00983834482931783	BTN3A2	c13
4.81313976250649e-07	-1.67346738117174	0.004	0.014	0.00999496603082099	ENY2	c13
4.86919074317491e-07	-1.09380224958279	0.011	0.023	0.010111361497277	APBB1IP	c13
4.87597757296759e-07	-1.90004355132968	0.003	0.012	0.0101254550280245	PDLIM2	c13
4.94907255755847e-07	-1.76787305240452	0.004	0.013	0.0102772440730259	H2AFY	c13
5.0631853823925e-07	-1.23265663898154	0.008	0.02	0.0105142107650763	POLR2G	c13
5.07317722267907e-07	-0.994135129169145	0.013	0.026	0.0105349598206153	SNRPD3	c13
5.14225917624621e-07	-1.36239189924975	0.007	0.017	0.0106784154053929	TMED9	c13
5.25604732953632e-07	-1.11760315604476	0.011	0.024	0.0109147078845151	PLAC8	c13
5.27287365391456e-07	-1.18302047549315	0.009	0.021	0.010949649429719	TGFB1	c13
5.44924345963033e-07	-0.884066069909044	0.017	0.031	0.0113158989682683	JTB	c13
5.50169757006752e-07	-0.952860544168278	0.014	0.028	0.0114248251740022	EID1	c13
5.55274235613334e-07	-0.533341471970548	0.048	0.069	0.0115308247767465	RPL22L1	c13
5.7041257942873e-07	-1.40991067122604	0.006	0.017	0.011845187624417	TMEM50B	c13
6.08710425620019e-07	-1.32884137797921	0.008	0.02	0.0126404806984253	NPC2	c13
6.13225762569697e-07	-0.544933008576483	0.039	0.059	0.0127342461855223	EPC1	c13
6.1980172033468e-07	-1.57771752648782	0.005	0.014	0.01287080252447	POLR2I	c13
6.23424119361873e-07	-0.499427424524292	0.043	0.063	0.0129460252626687	HERPUD1	c13
6.28756120959273e-07	-0.894069596156069	0.016	0.031	0.0130567496078403	MZT2A	c13
6.60516636574858e-07	-1.75510907859519	0.004	0.013	0.0137162884751135	ATOX1	c13
6.61000755522478e-07	-0.936120843895224	0.015	0.028	0.0137263416891798	CNOT6L	c13
6.71429172911101e-07	0.197652948809631	0.27	0.234	0.0139428982046719	HNRNPA1	c13
6.78516950813207e-07	-1.60404713730328	0.004	0.014	0.0140900830005871	PPP1R12A	c13
6.8448879180168e-07	-1.69866430774165	0.004	0.013	0.0142140942505537	TKT	c13
7.00662233063735e-07	-0.480713384975759	0.056	0.078	0.0145499519318015	ANAPC16	c13
7.1455397005411e-07	-1.25961114255287	0.006	0.017	0.0148384277421436	SEC11C	c13
7.15176596942288e-07	-1.25613248118973	0.008	0.019	0.0148513572121036	MAF1	c13
7.26724709846346e-07	-1.69353146101286	0.004	0.013	0.0150911653246692	PUF60	c13
7.27620912972627e-07	-1.60817896363361	0.004	0.014	0.0151097758787896	C19orf24	c13
7.30861385718643e-07	-1.37394290930454	0.006	0.017	0.0151770675358333	MAGOH	c13
7.8791382469249e-07	-1.18582968247052	0.009	0.02	0.0163618184835642	HERPUD2	c13
7.93093139558439e-07	-1.55700703132214	0.005	0.014	0.0164693721360706	PPM1G	c13
7.95909206900151e-07	-1.93696724758092	0.003	0.011	0.0165278505904885	LINC00892	c13
8.04718467189479e-07	-1.18582968247052	0.009	0.02	0.0167107836896567	CEBPB	c13
8.11787078906987e-07	-1.64026803763816	0.004	0.014	0.0168575704805825	TOX	c13
8.32715968570572e-07	-1.08667739123822	0.01	0.022	0.0172921798033365	C17orf62	c13
8.44602645369832e-07	-1.86214996923399	0.003	0.012	0.0175390185337499	SLAMF1	c13
9.11838726882317e-07	-1.4835729902512	0.005	0.015	0.0189352430024382	YWHAH	c13
9.21053879956101e-07	-1.31520346851619	0.007	0.017	0.0191266048711684	C20orf24	c13
9.28716439974728e-07	-1.38283359250535	0.006	0.016	0.0192857255925152	TWF2	c13
9.6588010060037e-07	-0.758104186201123	0.022	0.037	0.0200574661690673	SRSF11	c13
9.83568608960931e-07	0.124164691997411	0.79	0.77	0.0204247857336827	COX1	c13
9.94768012618262e-07	-0.989168708392196	0.012	0.024	0.0206573525500308	PSMB8-AS1	c13
1.0177210739336e-06	-0.960600354146001	0.013	0.026	0.0211339958213051	NUCKS1	c13
1.0245905566294e-06	-0.78496415413587	0.02	0.035	0.0212766474989662	EMB	c13
1.02580234346528e-06	-1.23592561230118	0.008	0.019	0.0213018114644	RBBP4	c13
1.03030817682796e-06	-1.91393822410921	0.003	0.011	0.0213953796000094	ILK	c13
1.05201204361188e-06	-0.58705161511498	0.037	0.055	0.0218460820976442	SON	c13
1.06552528044618e-06	-0.521409570550614	0.046	0.066	0.0221266979737454	GPX4	c13
1.06810297018391e-06	-1.25756505649031	0.007	0.018	0.0221802262788392	IRF9	c13
1.1016019110643e-06	-1.03836326315736	0.011	0.023	0.0228758652851612	RBCK1	c13
1.1230104404245e-06	-1.46432821790263	0.005	0.015	0.0233204348058551	CHMP2A	c13
1.1259475448437e-06	-1.29746746285033	0.007	0.017	0.0233814267162243	RPN2	c13
1.15408062969798e-06	0.647995253140236	0.032	0.021	0.0239656383563083	FOXP1	c13
1.17820643089008e-06	-1.25490079896326	0.007	0.018	0.0244666347438634	ZNF428	c13
1.18853415814023e-06	-0.913872086394438	0.014	0.027	0.02468110032794	ATP5F1	c13
1.19966129116556e-06	-1.61867040314043	0.004	0.013	0.024912166372344	FBXW5	c13
1.24857142094075e-06	-1.01479161059411	0.012	0.024	0.0259278341272557	NDUFAF3	c13
1.32716866110052e-06	-1.2980250261581	0.007	0.017	0.0275599844164134	EIF4E	c13
1.3411243244346e-06	-1.49784728797725	0.009	0.02	0.0278497877212089	PPP1R2P9	c13
1.35633135855626e-06	-0.998293209308097	0.014	0.027	0.0281655769917793	UGP2	c13
1.36333260391584e-06	-0.889324020801752	0.015	0.029	0.0283109648529164	RNPS1	c13
1.43966325971052e-06	-0.860676067549223	0.016	0.03	0.0298960472511487	ARRB2	c13
1.43984855555502e-06	-1.41763741023481	0.005	0.015	0.0298998951046556	RNF187	c13
1.44133887388402e-06	-0.892267440110106	0.016	0.029	0.0299308430550755	SPNS1	c13
1.49366017056036e-06	-1.16466858030243	0.008	0.019	0.0310173471018565	STAT4	c13
1.49586588404924e-06	-0.50509162790342	0.049	0.07	0.0310631509481665	GYPC	c13
1.51417569323645e-06	-1.06018924386606	0.01	0.022	0.0314433724457482	CBX3	c13
1.53060892543309e-06	-1.45070248322033	0.005	0.015	0.0317846249455436	CMC2	c13
1.61631237521556e-06	-1.22018696485903	0.008	0.018	0.0335643427837264	ANKRD10	c13
1.64092508590424e-06	-1.47967726125	0.005	0.014	0.0340754503338875	FKBP2	c13
1.64108318209852e-06	-1.88528309229199	0.003	0.011	0.0340787333594579	MAZ	c13
1.64804328112921e-06	-1.19689574254689	0.008	0.019	0.0342232667759292	RAB5C	c13
1.65306322369296e-06	-1.64345621010964	0.004	0.013	0.034327510903208	TBCD	c13
1.70446593119669e-06	-1.25246907330885	0.007	0.017	0.0353949395272305	SNRPB2	c13
1.71337672343568e-06	-1.63888589464793	0.004	0.013	0.0355799810388653	PSMD13	c13
1.76636803461081e-06	-0.606430590807031	0.033	0.05	0.036680398606728	LAMTOR4	c13
1.77421778316421e-06	-0.939942644440435	0.013	0.026	0.0368434064851881	CMPK1	c13
1.80846184135215e-06	-1.13903025420306	0.009	0.02	0.0375545185975188	LAMTOR1	c13
1.80957876232701e-06	-1.75237994506428	0.003	0.012	0.0375777125784828	LMO4	c13
1.84284642950141e-06	-0.922214532252753	0.014	0.027	0.0382685489550263	C19orf70	c13
1.8459121087175e-06	-1.14050064166605	0.009	0.02	0.0383322108496276	GPS2	c13
1.89323272802094e-06	0.288990601204766	0.15	0.124	0.0393148708300829	RPL17	c13
1.9011050887225e-06	-1.87295229038127	0.003	0.011	0.0394783482724114	FAM129A	c13
1.92763155205084e-06	-0.772847867819814	0.021	0.036	0.0400291968098878	WSB1	c13
1.93601125024037e-06	-1.09547106994341	0.01	0.021	0.0402032096224915	ATF4	c13
1.96918218824168e-06	-2.14264227397243	0.002	0.01	0.0408920373210267	TXNDC17	c13
2.03894703671788e-06	-2.22689688047777	0.002	0.01	0.0423407741644835	CEBPD	c13
2.04260217165024e-06	-1.73436649259915	0.003	0.012	0.042416676696489	EMC4	c13
2.04771951955527e-06	-1.29601678898161	0.007	0.017	0.0425229435430848	AP2S1	c13
2.06829787021911e-06	-0.644830062692199	0.029	0.046	0.0429502735729701	TSTD1	c13
2.07098455016642e-06	-1.13952054988862	0.009	0.02	0.0430060651687559	TSEN54	c13
2.08184840936926e-06	-1.5181327260242	0.005	0.014	0.043231664068962	DUSP5	c13
2.09483117862552e-06	-0.703762567013675	0.024	0.039	0.0435012642553376	SRRM1	c13
2.12450647895554e-06	-0.987486331512132	0.011	0.023	0.0441175015419907	RPS19BP1	c13
2.13467165135217e-06	-1.26475444582883	0.007	0.017	0.0443285915119791	DNAJC8	c13
2.14515882078903e-06	-1.95638221271352	0.002	0.01	0.044546368072505	TMIGD2	c13
2.15796440905964e-06	-0.684378356767472	0.026	0.041	0.0448122889185324	OXNAD1	c13
2.18364452118013e-06	-1.33817949128811	0.006	0.016	0.0453455621268266	STRA13	c13
2.23368783152566e-06	-0.902781868163872	0.014	0.027	0.046384761509462	PTPN6	c13
2.23529255369145e-06	-1.79012585925165	0.003	0.011	0.0464180851699567	KCNAB2	c13
2.27661722482408e-06	-1.72527471490168	0.003	0.012	0.0472762332906968	ITGB1BP1	c13
2.30627306862109e-06	-1.09129539397221	0.01	0.021	0.0478920665429855	LINC00116	c13
2.34369460734547e-06	-1.11253881216437	0.009	0.02	0.0486691622161361	C7orf50	c13
2.43518841253441e-06	-1.02585291908971	0.011	0.022	0.0505691225746895	SEP15	c13
2.5026766743429e-06	-1.30650127471539	0.006	0.016	0.0519705838194048	MRPL51	c13
2.52373498598981e-06	-1.77978391503019	0.003	0.011	0.0524078807190643	FIBP	c13
2.54981489480516e-06	-0.738074741493107	0.02	0.035	0.052949456105524	TRAM1	c13
2.5744615489106e-06	-1.67550713340176	0.003	0.011	0.0534612685246775	UBE2S	c13
2.74122549417645e-06	-0.968983985463969	0.012	0.024	0.0569242886120681	ARID5A	c13
2.75871850300475e-06	-1.71695944668968	0.003	0.012	0.0572875484333967	SRA1	c13
2.84266134369348e-06	0.201396909370588	0.284	0.251	0.0590307054631389	TXNIP	c13
2.88307581077248e-06	-1.77284786781981	0.003	0.011	0.0598699522865013	DECR1	c13
2.97257143759792e-06	-1.55641812468737	0.004	0.013	0.0617284184731584	HSPB11	c13
2.99914937360923e-06	-1.53699861850032	0.004	0.013	0.0622803358923692	GLUD1	c13
3.01183181838351e-06	-1.3777031228832	0.005	0.015	0.062543699540552	ADSS	c13
3.02094089825912e-06	-1.47747099062103	0.005	0.014	0.062732858693249	STK10	c13
3.09060677250142e-06	-1.29383803944964	0.006	0.016	0.0641795402377645	DOCK8	c13
3.27400663078147e-06	-0.800241471999475	0.018	0.031	0.0679880216948079	DPP7	c13
3.30916650201762e-06	-0.999322113457892	0.01	0.021	0.0687181515808978	TMEM230	c13
3.33680732255036e-06	-0.958523390947367	0.012	0.024	0.0692921408600807	CDC42SE1	c13
3.34148193201612e-06	0.70381246777411	0.027	0.017	0.0693892138002467	PASK	c13
3.34373960594591e-06	-0.794425996685274	0.018	0.031	0.0694360966570729	COX14	c13
3.34508840569227e-06	-1.1977838281649	0.007	0.017	0.0694641058326057	NAPA	c13
3.3454528140745e-06	-1.19722883872128	0.007	0.017	0.0694716731370711	XRCC5	c13
3.40118815384965e-06	-1.10579496366733	0.009	0.019	0.0706290732028419	RAB7A	c13
3.45979205580415e-06	-1.8243781684599	0.003	0.011	0.0718460418308291	SFT2D1	c13
3.601182985802e-06	-1.80488921192339	0.007	0.016	0.0747821658831642	IFI30	c13
3.60471088793247e-06	-0.93372614531152	0.012	0.024	0.0748554262988057	SIVA1	c13
3.64865865900648e-06	-0.997648724910051	0.011	0.022	0.0757680457129286	TMCO1	c13
3.68929541930508e-06	-0.497193821462712	0.045	0.064	0.0766119086772893	CNN2	c13
3.74374597954722e-06	0.892900927803753	0.016	0.009	0.0777426290112775	C6orf48	c13
3.82886308458999e-06	-1.89350359909696	0.002	0.01	0.0795101708145957	PRDX3	c13
3.90713373400674e-06	-0.611438502553957	0.029	0.045	0.081135539120384	CDC42SE2	c13
3.95134371807749e-06	-0.995034356859874	0.011	0.022	0.0820536036495972	SF3B2	c13
4.04573548942203e-06	-1.13448313537833	0.008	0.018	0.0840137431733378	VDAC1	c13
4.04752719431036e-06	-0.790428914612681	0.018	0.032	0.084050949717049	NDUFV2	c13
4.17740423133737e-06	-1.13238695623602	0.008	0.018	0.0867479762679518	UBE2L3	c13
4.25079540349652e-06	-1.68406406857557	0.003	0.011	0.0882720173490088	RNPEPL1	c13
4.42328176864664e-06	-1.35200474685976	0.005	0.015	0.0918538692077161	NRBP1	c13
4.53227257721568e-06	-1.52966539708168	0.004	0.013	0.0941171723384609	PDCD5	c13
4.67485175340517e-06	-1.10947541003724	0.008	0.019	0.0970779715112117	ANP32A	c13
4.69028515533524e-06	-1.22308526652775	0.007	0.016	0.0973984615356915	PDAP1	c13
4.69248516827091e-06	-1.80039419470548	0.003	0.01	0.0974441470043136	PSMC3	c13
4.74238414917947e-06	-1.09622898697733	0.009	0.019	0.098480349241861	CANX	c13
4.77438018472607e-06	-1.4164332409717	0.005	0.014	0.0991447789160217	SYNE1	c13
4.81889224711675e-06	-1.11256911038119	0.008	0.019	0.100069116403626	CCDC167	c13
4.84924532029329e-06	-1.44511415125124	0.005	0.013	0.100699428321211	MRPL10	c13
4.94517735304348e-06	-1.0931949268877	0.009	0.019	0.102691552913301	NDUFA7	c13
5.02106817232992e-06	-0.872969634322421	0.013	0.025	0.104267501666603	MRPL52	c13
5.08313903449725e-06	-0.49271426090879	0.047	0.066	0.10555646519037	MBNL1	c13
5.26213938345589e-06	-1.31450220711177	0.006	0.015	0.109273586436845	NUDC	c13
5.37734404361694e-06	-0.571935173893817	0.031	0.047	0.111665926409749	CHMP1B	c13
5.43482828568643e-06	-1.08507276586625	0.009	0.019	0.112859644180564	RASSF5	c13
5.64807255122985e-06	-0.983210716207019	0.011	0.022	0.117287874598839	HMHA1	c13
5.71622121324786e-06	-1.12713314474558	0.008	0.018	0.118703049714305	TMX4	c13
5.92601745077698e-06	-1.13224710261006	0.008	0.018	0.123059678382835	RPN1	c13
5.94357380802638e-06	-0.915218165548306	0.013	0.024	0.123424253697476	ACTR2	c13
5.96656500221533e-06	-0.9209222810056	0.011	0.022	0.123901688836003	POLR2K	c13
6.00339268048379e-06	-0.905465211026596	0.012	0.023	0.124666452402926	AURKAIP1	c13
6.04782566935745e-06	-1.15380102872554	0.008	0.017	0.125589147849877	PRMT1	c13
6.10225171454129e-06	-1.43123143801034	0.005	0.013	0.126719359104164	ARL6IP6	c13
6.35490577824598e-06	-0.931371784687401	0.012	0.023	0.131965973391056	MDH2	c13
6.36168130572095e-06	-1.54999185552793	0.004	0.012	0.132106673994601	CAPN2	c13
6.36672504597544e-06	-1.11828590785053	0.009	0.019	0.132211412304726	PIM3	c13
6.51669107886926e-06	-1.77695047050392	0.003	0.01	0.135325606943799	DERL1	c13
6.62846514714102e-06	-1.59579735633308	0.004	0.011	0.13764670724553	CAMTA1	c13
6.95456176350737e-06	-0.709933148807576	0.021	0.035	0.144418429580994	TOMM6	c13
6.97468732906912e-06	-1.50946578273602	0.004	0.012	0.144836357075449	FOSL2	c13
7.12549353914496e-06	-0.992448851096398	0.01	0.021	0.147967998833884	TCF25	c13
7.2476445049182e-06	-1.84571818521497	0.002	0.01	0.150504585789131	NDUFS2	c13
7.34898648428407e-06	-0.763598333010521	0.018	0.031	0.152609053332643	TECR	c13
7.39694456166201e-06	-0.675245121720302	0.024	0.039	0.153604950767473	PMAIP1	c13
7.42816436610472e-06	-1.29878499265961	0.006	0.015	0.154253261226531	MTFP1	c13
7.43347744456478e-06	-1.29350763866018	0.006	0.015	0.154363592613832	GRK6	c13
7.44557010627424e-06	-1.77411145015668	0.003	0.01	0.154614708826891	EFHD2	c13
7.44784552836169e-06	-1.77031737817147	0.003	0.01	0.154661960241959	CD58	c13
7.45693360872337e-06	-1.64515174458722	0.003	0.011	0.154850683318749	GALM	c13
7.51175140458641e-06	-1.11125592975752	0.008	0.018	0.155989029667641	DPM3	c13
7.54471447248428e-06	-0.645966026472403	0.026	0.041	0.156673540735609	SNHG15	c13
7.69175866415191e-06	-0.815060239617887	0.016	0.028	0.159727060419779	TRABD	c13
8.1342075559963e-06	-0.75107035072225	0.018	0.031	0.168914954107819	IFI16	c13
8.32908721481967e-06	-0.99261288132191	0.011	0.022	0.172961825102945	CISH	c13
8.40998595381801e-06	-0.928480781693092	0.012	0.023	0.174641768316985	HMGN4	c13
8.43174495365749e-06	-1.53120756189009	0.004	0.012	0.175093615707652	GSTO1	c13
8.66242273299883e-06	-1.25751876359163	0.006	0.015	0.179883870473454	SERINC1	c13
8.66743485059282e-06	-0.482888968538435	0.044	0.062	0.17998795210741	ETS1	c13
8.73133603827181e-06	-1.44451518529939	0.004	0.013	0.181314924170752	CCT8	c13
8.73875467953048e-06	-1.02619321748517	0.01	0.02	0.18146897967513	LSM2	c13
8.9737955678823e-06	-0.80817713953442	0.016	0.028	0.186349838762644	AIP	c13
9.24560556545126e-06	-1.62485040871356	0.003	0.011	0.191994245172161	PDCD10	c13
9.2582142637511e-06	-1.52791561513172	0.004	0.012	0.192256077401055	MBOAT7	c13
9.55768481314748e-06	0.871040751177523	0.272	0.277	0.19847488282982	CD74	c13
9.81986427325679e-06	-1.51965273434927	0.004	0.012	0.20391930149845	COQ10B	c13
1.0008068893286e-05	-1.47862596408122	0.004	0.012	0.207827558637978	LOC643733	c13
1.04684369320378e-05	-1.36638429109194	0.005	0.013	0.217387561330698	COPZ1	c13
1.0472824352464e-05	-1.22626231040337	0.006	0.015	0.217478670503268	FAM195B	c13
1.05753396700293e-05	-1.20989587164397	0.007	0.016	0.219607503587829	MTHFD2	c13
1.06918971356148e-05	-1.39705683705975	0.005	0.013	0.222027935918178	RGL4	c13
1.09477202318049e-05	-1.11857750520131	0.008	0.017	0.227340358333661	CGGBP1	c13
1.11989029195409e-05	-1.27220303309245	0.006	0.014	0.232556418027186	EIF4EBP2	c13
1.12048535593959e-05	-1.26817315605629	0.006	0.014	0.232679989014416	PPP6C	c13
1.12210718832988e-05	-1.87435214268714	0.003	0.01	0.233016778728582	LST1	c13
1.14493216189602e-05	-1.27153216814621	0.006	0.014	0.237756612739327	MTCH1	c13
1.18894676055387e-05	-0.962339037289231	0.011	0.021	0.246896684296616	HNRNPH1	c13
1.197214109882e-05	-1.26480630495789	0.006	0.014	0.248613482058097	TLN1	c13
1.21276057180823e-05	-1.1771489823609	0.007	0.016	0.251841860341696	TMEM160	c13
1.22513332435572e-05	-1.55566060561463	0.004	0.011	0.254411186135709	MGAT1	c13
1.23174074011205e-05	-0.711381328026298	0.019	0.031	0.255783282091668	ANXA11	c13
1.23539677947061e-05	0.457801654191936	0.051	0.037	0.256542495224867	ARHGAP15	c13
1.23967356971995e-05	-1.7249731797264	0.003	0.01	0.257430613488045	NUTM2B-AS1	c13
1.24601159790672e-05	-0.978969367034188	0.01	0.02	0.258746768421309	PSMC5	c13
1.27401787327113e-05	-1.21607104477736	0.006	0.015	0.264562551563483	CLTB	c13
1.28145503570272e-05	-0.939181668646362	0.011	0.022	0.266106952714026	CHCHD10	c13
1.29980891785549e-05	-1.23860004067295	0.006	0.015	0.269918319881872	MEA1	c13
1.30451596483084e-05	-0.845063244039205	0.014	0.026	0.270895785256773	ANXA2R	c13
1.32403854054176e-05	-0.988607877216329	0.01	0.02	0.274949843328902	SPCS3	c13
1.32890556662047e-05	-0.505159126216223	0.037	0.053	0.275960529964407	NDUFB11	c13
1.33684399841462e-05	-1.16497426841479	0.007	0.016	0.27760902471078	NCOR1	c13
1.35402601629834e-05	-1.30697517513712	0.005	0.013	0.281177042544514	MMP24-AS1	c13
1.38052463127358e-05	-0.892168388413138	0.012	0.023	0.286679744930272	KTN1	c13
1.39598885135593e-05	-1.31155270312247	0.005	0.014	0.289891044872572	ARRDC3	c13
1.44764407930648e-05	-0.86867063588659	0.013	0.024	0.300617769508783	TUFM	c13
1.49478644849838e-05	-1.30973964878194	0.005	0.013	0.310407353895173	POLR2F	c13
1.5171657934873e-05	-1.19935513982967	0.006	0.015	0.315054648675573	MPC2	c13
1.51928102845649e-05	-1.12670073010341	0.007	0.016	0.315493898369275	PFKFB3	c13
1.54314075974604e-05	-0.569647249879544	0.03	0.045	0.320448610168864	ICAM3	c13
1.56016008972504e-05	-1.70523696166514	0.003	0.01	0.323982844232303	ZFAND6	c13
1.57605942371557e-05	-0.652166927987165	0.023	0.037	0.327284499928776	TBCA	c13
1.60368460173582e-05	-0.561658923505517	0.032	0.047	0.333021144396461	NHP2L1	c13
1.63720667692464e-05	-1.70424302773613	0.003	0.01	0.339982338530172	TXNDC12	c13
1.63853643092908e-05	-1.11264268911592	0.007	0.016	0.340258475246734	WTAP	c13
1.64053815893471e-05	-1.0614468762704	0.008	0.018	0.340674154084382	PSMB2	c13
1.65653111918503e-05	-1.7101963857339	0.003	0.01	0.343995252209964	SMIM3	c13
1.67726210326512e-05	-1.70225310322631	0.003	0.01	0.348300248364035	TRAPPC3	c13
1.69124734234784e-05	1.06883025929317	0.01	0.005	0.351204423111953	DRAM2	c13
1.70868646982539e-05	-1.30469903208141	0.005	0.013	0.35482583232394	CPNE1	c13
1.72830002185765e-05	-1.30253336486329	0.005	0.013	0.358898782538961	MPG	c13
1.79847935967407e-05	-1.01424916866721	0.009	0.019	0.373472223829918	IDI1	c13
1.81921916549188e-05	-0.668542161684453	0.019	0.031	0.377779051906044	SCML4	c13
1.84863781583444e-05	-0.833515461308162	0.014	0.025	0.383888128836181	MTDH	c13
1.86175498990818e-05	-0.79893175662699	0.015	0.026	0.386612041204334	CAST	c13
1.89158139594607e-05	-1.43315741622834	0.004	0.012	0.392805792682161	CD320	c13
1.91023887284623e-05	-1.47162866976456	0.004	0.011	0.396680204335249	VASP	c13
1.93050809692712e-05	-1.42372313522368	0.004	0.011	0.400889311407885	SLC7A5	c13
1.9503021382652e-05	-1.27485149805286	0.005	0.014	0.404999742032151	SYAP1	c13
2.06483045297445e-05	-1.29529090466899	0.005	0.013	0.428782691864675	HSD17B11	c13
2.08807985752927e-05	-1.39036362431172	0.004	0.012	0.433610663214528	TXNL4A	c13
2.10953788476203e-05	-1.25933849868153	0.005	0.014	0.438066637149682	STXBP2	c13
2.11444007199011e-05	-0.451254000905888	0.049	0.067	0.439084625349467	FUS	c13
2.17048473310156e-05	-1.46475868039752	0.004	0.011	0.450722859675869	KDELR2	c13
2.24116421674533e-05	-0.790125859251648	0.016	0.027	0.465400161249335	DGCR6L	c13
2.26911003043183e-05	-1.00069284519131	0.009	0.018	0.471203388919474	OSTC	c13
2.27501598696982e-05	-1.14651736370723	0.007	0.015	0.472429819854153	SERPINB9	c13
2.30074650329995e-05	-1.45785582014283	0.004	0.011	0.477773018875268	LRPAP1	c13
2.33843533601788e-05	-0.91523777950858	0.011	0.021	0.485599481877474	C7orf73	c13
2.35435208844715e-05	-1.45872048606076	0.004	0.011	0.488904754686935	SSBP4	c13
2.49750978612499e-05	-1.04649653480443	0.008	0.017	0.518632882186715	SDF2L1	c13
2.50927491161715e-05	-0.688898224850388	0.02	0.032	0.521076028146417	UFC1	c13
2.53076195365764e-05	-1.10685394518166	0.007	0.016	0.525538027296546	NUCB1	c13
2.53826209833471e-05	-0.943396698859901	0.01	0.02	0.527095507340186	PRMT9	c13
2.54575200476424e-05	-0.730571444269019	0.017	0.029	0.528650861309342	PRDX6	c13
2.55411522511989e-05	-1.45005041765403	0.004	0.011	0.530387567648397	PTPN4	c13
2.67009707256325e-05	-1.18916954215505	0.006	0.014	0.554472358088485	GOLGA7	c13
2.69446018357513e-05	-0.814965987626102	0.014	0.024	0.559531601721211	VCP	c13
2.76482679117395e-05	-1.59453349725892	0.003	0.01	0.574143931455182	TMEM14A	c13
2.77009940857871e-05	-1.44395021811761	0.004	0.011	0.575238843185455	SNRPE	c13
2.81980378035796e-05	-1.54348589166852	0.003	0.01	0.585560453029133	MANF	c13
2.86923575302553e-05	-1.10378633815541	0.007	0.016	0.595825496473281	SSNA1	c13
2.88212123254088e-05	-0.85624179823388	0.012	0.023	0.598501295149439	TNFRSF14	c13
2.96880906625023e-05	-0.958523390947367	0.01	0.019	0.616502890697523	SNRPA	c13
3.07685496624137e-05	-1.20633390223843	0.006	0.014	0.638939702289683	ILF2	c13
3.12683888263854e-05	-1.30724272073489	0.004	0.011	0.649319362368718	WNK1	c13
3.16764702754056e-05	-1.07990011303786	0.007	0.016	0.657793581739073	TMUB1	c13
3.1937783779927e-05	-0.822977230593641	0.013	0.024	0.663220017973965	PAK2	c13
3.19574174280849e-05	-0.849377937337215	0.012	0.022	0.663627730311611	ATRAID	c13
3.2070644126873e-05	-1.22997511392612	0.005	0.013	0.665978995938646	ETHE1	c13
3.24469752587891e-05	-1.17619987554197	0.006	0.014	0.673793888224015	SUPT4H1	c13
3.25991233234164e-05	-1.16135280076681	0.006	0.014	0.676953394934065	SRRT	c13
3.29579888911623e-05	-1.25404719636997	0.005	0.013	0.684405597313876	RHEB	c13
3.31295282290617e-05	-1.00624808902448	0.008	0.017	0.687967783204696	SNX17	c13
3.31474739582406e-05	-1.22707813495893	0.005	0.013	0.688340444216825	CCNDBP1	c13
3.32494338252012e-05	-0.453779220966644	0.044	0.061	0.690457742814127	EZR	c13
3.35490225372564e-05	-0.584417936932849	0.026	0.039	0.696679002008667	NDUFB9	c13
3.42559347345592e-05	-0.497188415107644	0.038	0.053	0.711358740697856	C19orf53	c13
3.46023357268287e-05	-0.79605881500539	0.014	0.025	0.718552103703326	RAP1A	c13
3.46847268055022e-05	-1.02009647288286	0.008	0.017	0.720263036843059	HNRNPR	c13
3.55875503784364e-05	-1.30393951901259	0.005	0.013	0.739011071158611	NINJ1	c13
3.64735463740568e-05	-1.47095538554327	0.004	0.011	0.757409664003663	RAB10	c13
3.7704050693895e-05	-1.4973441100238	0.004	0.01	0.782962316709423	LOC646513	c13
3.84358130086105e-05	-1.09516217474024	0.007	0.016	0.798158092936805	STARD7	c13
3.854959072744e-05	-1.27632728780473	0.005	0.012	0.80052080104602	PSMD9	c13
3.85783401487179e-05	-0.497290675884614	0.036	0.051	0.801117811528276	MYH9	c13
3.88975205644656e-05	-1.24430175243745	0.005	0.013	0.807745912041693	PTPN2	c13
3.89509463894829e-05	-0.665708597478498	0.02	0.032	0.808855352724001	MZT2B	c13
4.03065906505424e-05	-0.486260155836112	0.043	0.059	0.837006661449163	AHNAK	c13
4.06729276989067e-05	-1.06172227858887	0.007	0.016	0.844614016595497	RPA3	c13
4.06818078131792e-05	-1.1644957714095	0.006	0.014	0.84479842104848	TRAPPC2L	c13
4.18911100175566e-05	-1.17090053401395	0.005	0.013	0.869910790624581	B3GNT2	c13
4.18994584445672e-05	-0.941613612437285	0.01	0.019	0.870084154059882	PPP1CB	c13
4.20775805980594e-05	-1.09739423624582	0.007	0.015	0.873783038699301	RAB11A	c13
4.25016849621177e-05	-0.91265902398303	0.01	0.02	0.882589989923335	TGIF1	c13
4.2688002549503e-05	-0.381098017792717	0.063	0.082	0.886459060942978	RBM3	c13
4.29458281695842e-05	-0.689538275307148	0.019	0.03	0.891813067769585	SPSB3	c13
4.30642511335577e-05	-1.14129647626207	0.006	0.014	0.894272239039459	ACADVL	c13
4.39241352049322e-05	-1.2344900298	0.005	0.013	0.912128591665622	PTBP1	c13
4.39593803280234e-05	-1.45340076243621	0.004	0.01	0.912860491891734	SLIRP	c13
4.43491543365117e-05	-0.669636811538518	0.018	0.029	0.920954538952001	CMTM6	c13
4.49996971177622e-05	-1.41216372944996	0.004	0.011	0.934463710347451	BOLA3	c13
4.5834390892913e-05	-1.24580534302784	0.005	0.013	0.951796961282231	CDK5RAP3	c13
4.60409843447073e-05	-1.45525870865679	0.004	0.01	0.956087080902193	MRPS15	c13
4.60501210943515e-05	-1.00871420444633	0.008	0.017	0.956276814645304	SUMO3	c13
4.62769429867183e-05	-1.33243594021651	0.004	0.012	0.960986998062192	IVNS1ABP	c13
4.7610851239228e-05	-0.847519865175489	0.012	0.021	0.988686936833809	DDOST	c13
4.98757389862613e-05	-1.63900326326505	0.003	0.01	1	BAG3	c13
6.49625814086638e-05	-1.48592393326066	0.003	0.01	1	BNIP3L	c13
7.39478937275045e-05	-1.4602490112488	0.003	0.01	1	CCDC124	c13
4.8249095084519e-05	-1.44594495751716	0.004	0.01	1	PPIH	c13
5.6740969556688e-05	-1.44313906676386	0.004	0.01	1	PNP	c13
6.75584404392468e-05	-1.42049329049611	0.004	0.01	1	HNRNPAB	c13
6.91383609199112e-05	-1.41954195842017	0.004	0.01	1	MESDC2	c13
7.32562961485338e-05	-1.41573034447015	0.004	0.01	1	RALGDS	c13
9.65998525466439e-05	-1.40711721416544	0.004	0.01	1	CHN1	c13
0.000100091020798326	-1.38876329686988	0.004	0.01	1	ANXA2P2	c13
9.89604759489369e-05	-1.38681765255491	0.004	0.01	1	SRPR	c13
0.000112314056476291	-1.37998715938564	0.004	0.01	1	HCFC1R1	c13
0.000121769559204677	-1.36918775853312	0.004	0.01	1	NARF	c13
0.000123178850741908	-1.36820197438757	0.004	0.01	1	LOC102288414	c13
7.55078034554246e-05	-1.36682074398921	0.004	0.01	1	NASP	c13
0.000126045916681236	-1.36622838305258	0.004	0.01	1	SF3B4	c13
0.000135000765807399	-1.36622838305258	0.004	0.01	1	CFDP1	c13
0.000144650819295815	-1.35830690788192	0.004	0.01	1	AKR1A1	c13
0.000160425039695977	-1.34534101657875	0.004	0.01	1	TIMM8B	c13
7.21845281255807e-05	-1.33415191786838	0.004	0.011	1	SHARPIN	c13
0.000192653057104076	-1.33225753972484	0.004	0.01	1	NMT1	c13
5.06824596453359e-05	-1.31989432219481	0.004	0.012	1	TMEM9B	c13
8.46222786749713e-05	-1.31905432505848	0.004	0.011	1	PSMA4	c13
0.000250620390829976	-1.3083012687616	0.004	0.01	1	ZFAND5	c13
6.71520815701438e-05	-1.30554742671973	0.004	0.011	1	MIB2	c13
0.000177448786593701	-1.29795069683271	0.004	0.01	1	PSMB7	c13
0.000109781134877778	-1.2956538924784	0.004	0.011	1	ARPP19	c13
0.000129940749191143	-1.28928838244386	0.004	0.011	1	MAPK1	c13
0.000150391309285551	-1.28106266781417	0.004	0.01	1	PHF5A	c13
0.000140627667336495	-1.27922834456529	0.004	0.011	1	C18orf32	c13
0.00023017123261801	-1.27358849954138	0.004	0.01	1	SHKBP1	c13
0.000100627797081041	-1.26947817201221	0.004	0.011	1	ELAVL1	c13
0.000102905026611075	-1.26773788827779	0.004	0.011	1	TSTA3	c13
0.000118913455400637	-1.26686695855567	0.004	0.011	1	SMS	c13
0.000168324353232139	-1.26354170732465	0.004	0.01	1	DEDD2	c13
7.04052319502498e-05	-1.26158173378113	0.005	0.012	1	FLOT1	c13
0.000176068495745756	-1.25796427109625	0.004	0.01	1	NFATC2	c13
0.00011509075673725	-1.25725186967895	0.004	0.011	1	ETNK1	c13
5.03518481275229e-05	-1.2552656722769	0.005	0.012	1	SRSF4	c13
5.09098274951114e-05	-1.2552656722769	0.005	0.012	1	VDAC3	c13
5.26205861348476e-05	-1.2552656722769	0.005	0.012	1	CHCHD7	c13
0.000123046185554031	-1.25373952457006	0.004	0.011	1	UQCC2	c13
0.000305008433624958	-1.24780769593899	0.004	0.01	1	RAB8A	c13
0.000337265893313154	-1.24680686687291	0.004	0.01	1	CFAP20	c13
7.16719111390479e-05	-1.24263806394916	0.005	0.012	1	PHYKPL	c13
0.000220198131698955	-1.24110140980647	0.004	0.01	1	NUDT16L1	c13
9.93538845248876e-05	-1.23743216200283	0.005	0.012	1	AKIRIN1	c13
7.96285354796139e-05	-1.23693810527362	0.004	0.011	1	DUSP23	c13
0.000232854257833319	-1.23543636964429	0.004	0.01	1	DCTN2	c13
0.000394638681739867	-1.22765799631758	0.004	0.01	1	CTDSP1	c13
0.000350815661503507	-1.22263617857366	0.004	0.01	1	MX1	c13
8.28063459577267e-05	-1.2202702509207	0.005	0.012	1	SCAMP2	c13
0.000216806452701372	-1.20819105122806	0.004	0.011	1	ATP2B4	c13
7.52468976830969e-05	-1.20619348712898	0.005	0.012	1	NR4A3	c13
5.35677236018903e-05	-1.19836779702164	0.004	0.011	1	MAGEH1	c13
9.45030839997765e-05	-1.18988289840176	0.005	0.012	1	EIF6	c13
0.000424088142328161	-1.18342437356151	0.004	0.01	1	UQCRC1	c13
0.000210219600862875	-1.17654268059072	0.005	0.011	1	FGD3	c13
0.000151307672593899	-1.1761276956775	0.005	0.012	1	NAA50	c13
0.000161484600328772	-1.17446656130758	0.005	0.012	1	UBE2J1	c13
5.35165243206691e-05	-1.172236125032	0.006	0.013	1	FAM50A	c13
5.92753330260863e-05	-1.16784457507081	0.005	0.012	1	SNRPC	c13
0.00022954490445928	-1.16775644733852	0.005	0.011	1	CSNK1A1	c13
0.00025305783154401	-1.16599276124981	0.005	0.011	1	IRF2BP2	c13
5.7723974718375e-05	-1.16502984111336	0.006	0.013	1	TMX1	c13
5.83552424671677e-05	-1.16502984111336	0.006	0.013	1	LINC00674	c13
0.000165204525326944	-1.16445938795219	0.005	0.012	1	AP3S1	c13
0.00019639410748031	-1.15858965286523	0.005	0.011	1	ZFAND2B	c13
0.000428526425331678	-1.14986434785319	0.004	0.01	1	CYC1	c13
7.97103209214167e-05	-1.14539113801312	0.006	0.013	1	DYNC1H1	c13
0.000462538546458662	-1.14323560938729	0.004	0.01	1	TMEM167A	c13
0.000358329582751783	-1.14017401838168	0.005	0.011	1	ITGB2-AS1	c13
0.000252029016475836	-1.13486894166448	0.005	0.011	1	SMNDC1	c13
0.000181149949302669	-1.13251805669873	0.005	0.012	1	CCSER2	c13
0.000205973736867097	-1.12926324417123	0.005	0.012	1	THAP3	c13
9.5669720695054e-05	-1.12918918575173	0.006	0.013	1	C6orf62	c13
0.000550490060904741	-1.12892777270341	0.004	0.01	1	RNF10	c13
7.02853823410328e-05	-1.12738485010717	0.006	0.014	1	SEPT2	c13
5.44401628285225e-05	-1.1250482139577	0.006	0.014	1	RTF1	c13
0.000241843018373729	-1.12027446094398	0.005	0.012	1	VPS37B	c13
0.000222160902865799	-1.1178132234277	0.005	0.012	1	SDHC	c13
0.000115937011951999	-1.11654367262004	0.006	0.013	1	RAB24	c13
0.000333456226611305	-1.11422179082172	0.005	0.011	1	DIAPH1	c13
7.2437361519389e-05	-1.11342729554771	0.006	0.014	1	INO80E	c13
9.36180912616671e-05	-1.11312885425645	0.006	0.013	1	PITHD1	c13
5.04640406995671e-05	-1.11106433820386	0.007	0.015	1	ARHGAP30	c13
9.56505567365383e-05	-1.10954273498296	0.006	0.013	1	GRAMD1A	c13
0.000199541977866167	-1.10851649006781	0.005	0.012	1	NDNL2	c13
0.000339952162217765	-1.10544365601818	0.005	0.012	1	KLF10	c13
0.000426296526330563	-1.10465884803437	0.005	0.011	1	NENF	c13
0.000551829408130229	-1.10286478268435	0.005	0.01	1	PNKD	c13
0.000278154542287825	-1.1004659798638	0.005	0.012	1	RTN4	c13
0.000546079568785815	-1.10009657900635	0.005	0.01	1	MRPS18C	c13
0.000787034130047889	-1.09301625389956	0.004	0.01	1	GRSF1	c13
0.000481549895014046	-1.09203315672973	0.004	0.01	1	ASXL1	c13
0.000312817733073269	-1.08878417481616	0.005	0.012	1	SUMO1P3	c13
0.000104793150639062	-1.08430896365611	0.006	0.014	1	RNASEH2C	c13
0.000669439795873355	-1.08337487813245	0.005	0.01	1	EIF3J	c13
0.00025492455105396	-1.0831078854342	0.005	0.012	1	HNRNPL	c13
0.000263091026824656	-1.0831078854342	0.005	0.012	1	B3GAT3	c13
0.00019091876337248	-1.07946213639792	0.006	0.013	1	RAB14	c13
0.000107073661419067	-1.07799211806538	0.006	0.014	1	MDH1	c13
8.01968727540233e-05	-1.07768258421951	0.007	0.014	1	RNF145	c13
0.000115189828542343	-1.07588034158553	0.006	0.014	1	ARRDC1	c13
0.000286386559871198	-1.07426929167954	0.005	0.012	1	GTF2A2	c13
6.59808584750014e-05	-1.07349410760797	0.007	0.015	1	SNRPA1	c13
0.000619924199926989	-1.07108217308271	0.005	0.011	1	HLA-DRB5	c13
4.94505958481404e-05	-1.06771708344789	0.007	0.015	1	NDUFAB1	c13
0.000230807817141703	-1.06482318261102	0.006	0.012	1	NUTF2	c13
0.000478896978352503	-1.06357688103078	0.006	0.012	1	INSIG1	c13
0.000261658262055721	-1.06094601005204	0.006	0.012	1	PSMD7	c13
8.69162414983532e-05	-1.06042826554948	0.009	0.017	1	CTSS	c13
0.000193772913756604	-1.05986528896333	0.006	0.013	1	PITPNC1	c13
0.000846750561794487	-1.05982399536645	0.005	0.01	1	BAG1	c13
0.00063266067297184	-1.05947403901764	0.005	0.011	1	DR1	c13
0.00114597822581225	-1.05920930975825	0.004	0.01	1	PPCS	c13
0.000902299079130801	-1.0579232111114	0.005	0.01	1	RAB9A	c13
0.00021952102192216	-1.05614412352426	0.006	0.013	1	C6orf1	c13
0.000702996258369747	-1.05586955234343	0.005	0.011	1	OFD1	c13
0.000203124851808538	-1.05561174407954	0.005	0.012	1	EMC6	c13
0.000264544704444958	-1.05550040353996	0.006	0.012	1	CCT7	c13
0.000151199453090742	-1.055305536917	0.006	0.014	1	EVI2A	c13
8.12992225092551e-05	-1.05448080983749	0.007	0.015	1	NDUFV1	c13
0.000525388497709262	-1.05230126235635	0.005	0.011	1	NCF4	c13
0.000921982446357979	-1.05125067507681	0.005	0.01	1	ZNF394	c13
0.000703389754622316	-1.04863344919414	0.005	0.011	1	RSBN1	c13
0.00131637191916215	-1.04809994758283	0.004	0.01	1	GRAP2	c13
0.000773403704755097	-1.04227194894271	0.005	0.011	1	IRF2	c13
0.000789996938234137	-1.03862417192756	0.005	0.011	1	PHF11	c13
0.00112743848332072	-1.03491629099891	0.005	0.01	1	PYCR2	c13
6.40719750255528e-05	-1.03215277125555	0.007	0.016	1	SSR1	c13
0.000896167795376558	-1.03038279415729	0.005	0.011	1	ZRSR2	c13
0.00118858033035136	-1.0300766519724	0.005	0.01	1	TADA3	c13
0.000896291918337078	-1.02854496583119	0.005	0.011	1	PCMT1	c13
5.10090602479726e-05	-1.02806928412261	0.008	0.016	1	EPS15	c13
6.91096366362586e-05	-1.02746652871761	0.008	0.016	1	TBCC	c13
0.000182069679084831	-1.02611544207121	0.007	0.014	1	KRAS	c13
0.000899509793109908	-1.02132417796344	0.004	0.01	1	MIF-AS1	c13
0.00140638354952831	-1.01839484692477	0.005	0.01	1	CHORDC1	c13
0.000155620096497118	-1.01636335861788	0.007	0.014	1	SDHAF2	c13
0.000459540666147407	-1.01439069492087	0.006	0.012	1	BNIP2	c13
0.000833178450183844	-1.0104558141312	0.005	0.011	1	CYB5R3	c13
0.000306287386289659	-1.00921691749785	0.007	0.013	1	RANBP2	c13
0.000290295646204436	-1.00735657547232	0.006	0.013	1	HSPA9	c13
0.000305511004118565	-1.00587840419455	0.006	0.013	1	MED30	c13
0.000531094068114142	-1.00392758879061	0.006	0.012	1	TMEM14C	c13
0.000725759357475735	-1.00162996444536	0.005	0.01	1	PERP	c13
0.000953615796564213	-1.00069284519131	0.005	0.011	1	ANAPC5	c13
5.18649862847774e-05	-1.00045213524816	0.016	0.026	1	HSPA6	c13
0.00100423024345114	-0.998018710892982	0.005	0.011	1	TOP1	c13
0.00105775933683949	-0.993550775947288	0.005	0.011	1	ABTB1	c13
0.000797129979622275	-0.992186363937905	0.005	0.011	1	EIF5B	c13
0.000998307234034819	-0.991332950697469	0.005	0.011	1	TRAF1	c13
0.000597421133836415	-0.990863358142766	0.005	0.011	1	ACAA1	c13
0.000482107633639396	-0.989029927665728	0.006	0.012	1	MMADHC	c13
0.00154137031279874	-0.988454575697627	0.005	0.01	1	SKIL	c13
0.00141938731819093	-0.987508856200708	0.005	0.01	1	RTFDC1	c13
0.00155742246868042	-0.986562516356418	0.005	0.01	1	PARP10	c13
8.89572662387257e-05	-0.985344880857871	0.007	0.015	1	CMTM3	c13
6.52594130118341e-05	-0.984635285987918	0.007	0.016	1	MLF2	c13
0.000693896313264026	-0.981950991141346	0.006	0.012	1	SBDSP1	c13
0.000166572137091389	-0.978255456071552	0.007	0.015	1	GPRIN3	c13
0.00211472561916554	-0.975740735126515	0.005	0.01	1	ARHGAP25	c13
0.00134058544664578	-0.975539367962969	0.005	0.011	1	TMEM248	c13
0.000184118373846956	-0.973725797591038	0.007	0.015	1	MAP4K1	c13
0.000280890872993454	-0.973725797591038	0.007	0.014	1	KIF5B	c13
0.00176342361872516	-0.973248163075538	0.005	0.01	1	MED15	c13
0.00065430439777882	-0.972541804877158	0.006	0.012	1	MRPL55	c13
0.000579279402920277	-0.96965259789729	0.007	0.014	1	GADD45G	c13
0.00111849289237671	-0.966361777490298	0.005	0.011	1	DLGAP1-AS1	c13
0.000239305814833814	-0.965975694651067	0.007	0.014	1	PTBP3	c13
0.000218401227845653	-0.960050860693961	0.007	0.015	1	NCF1B	c13
0.000330197302660605	-0.959698511189001	0.007	0.014	1	ZBTB38	c13
0.00156422379544512	-0.957300249677926	0.005	0.011	1	C15orf61	c13
0.00100128524578054	-0.957133377311667	0.006	0.012	1	AMZ2	c13
0.000493621747353564	-0.953624591534528	0.007	0.013	1	SMIM7	c13
0.00210132042234065	-0.953043367445196	0.005	0.01	1	CEBPZ	c13
0.000443354510136877	-0.949763831305727	0.005	0.011	1	KXD1	c13
0.000119431954153953	-0.948629681614136	0.008	0.016	1	LSM4	c13
0.000826553312677905	-0.947852520990817	0.006	0.012	1	RBM4	c13
0.000519355853171086	-0.9447646146143	0.007	0.013	1	NUDT21	c13
0.000336385177674633	-0.944188474874993	0.007	0.014	1	ORMDL1	c13
0.000450189783714695	-0.94410931682494	0.007	0.014	1	LAMTOR2	c13
0.0023056534732145	-0.939414567999663	0.005	0.01	1	ALKBH5	c13
0.000109126274995421	-0.937514656064394	0.009	0.017	1	EIF4A3	c13
5.82615439588409e-05	-0.935636961602951	0.009	0.018	1	PPP2R1A	c13
0.000152907752027509	-0.93426247533403	0.008	0.016	1	DNAJA2	c13
0.000105041013444924	-0.93273025469445	0.009	0.017	1	TRA2A	c13
0.0020189190003831	-0.932305870211057	0.005	0.01	1	FLOT2	c13
0.000115761136661036	-0.932164380970431	0.009	0.017	1	MACF1	c13
0.00082498990884124	-0.930748724845763	0.006	0.012	1	UFD1L	c13
0.00132944949250353	-0.928480781693092	0.006	0.011	1	SARNP	c13
0.00271426791193958	-0.925655791666595	0.005	0.01	1	DPY30	c13
0.00288522411839043	-0.919718766658743	0.005	0.01	1	AIMP1	c13
0.000329809105074601	-0.91790549734082	0.008	0.015	1	APH1A	c13
0.00319252353957918	-0.916741066858847	0.005	0.01	1	MVP	c13
0.000174212534815964	-0.915280990573939	0.008	0.016	1	SEMA4D	c13
0.000958990108188714	-0.914296417382864	0.006	0.012	1	FBXO7	c13
0.000312990293280008	-0.913683454775468	0.007	0.014	1	FLJ10038	c13
0.000282797111029745	-0.910667390922866	0.008	0.015	1	COPS6	c13
0.000142342656346657	-0.909920371786364	0.009	0.017	1	ACP1	c13
0.00143373749859818	-0.90794477916643	0.006	0.012	1	ABCD4	c13
5.16216617997697e-05	-0.907770913354295	0.01	0.019	1	TRAPPC5	c13
5.36391932503761e-05	-0.907770913354295	0.01	0.019	1	SS18L2	c13
0.0034972303969945	-0.904768425192771	0.005	0.01	1	SURF2	c13
0.000103749815832219	-0.903630717108551	0.01	0.018	1	MAP3K8	c13
0.000247229355688339	-0.902633829948315	0.008	0.016	1	CASP4	c13
0.00279022399292237	-0.902111019636057	0.005	0.01	1	IAH1	c13
0.00119234869912122	-0.900043551329684	0.006	0.012	1	PSMA3	c13
0.000230888706482312	-0.899247581631761	0.008	0.016	1	GADD45GIP1	c13
0.0036785709101541	-0.898744637565001	0.005	0.01	1	BRWD1	c13
0.00290470333900374	-0.898291837946004	0.005	0.01	1	CDC26	c13
0.000991183158339407	-0.898100613207054	0.007	0.013	1	FAM162A	c13
0.00196410745166054	-0.894898181168711	0.006	0.011	1	SDHD	c13
0.000117170698112353	-0.886451976326673	0.01	0.018	1	RABGAP1L	c13
0.000404187719534099	0.885052419104994	0.01	0.005	1	AP3M2	c13
0.000646277830795388	-0.884844516504788	0.007	0.014	1	SARS	c13
0.000598645616338173	-0.884155056496019	0.007	0.014	1	ARIH2	c13
0.00124197205120198	-0.88349286475816	0.007	0.012	1	NUDT22	c13
0.00362014914300189	-0.878073558527352	0.005	0.01	1	MRPS36	c13
0.000874369112936922	-0.873902045955921	0.007	0.013	1	COX20	c13
0.000127318259466727	-0.869241991563631	0.01	0.018	1	PDCD6	c13
0.00176692155615763	-0.86867063588659	0.006	0.012	1	IER3IP1	c13
0.00266910134949503	-0.868522765744413	0.006	0.011	1	TES	c13
5.96478200462523e-05	-0.867916700483971	0.011	0.02	1	RNH1	c13
0.00285825737649434	-0.866747140854562	0.006	0.011	1	APOA1BP	c13
0.000136065443925842	-0.865546155951873	0.01	0.018	1	MAPK1IP1L	c13
0.000377344775583814	-0.865413986555886	0.008	0.016	1	RAB2A	c13
0.00136456588584041	-0.864350444273376	0.006	0.011	1	CSNK1D	c13
6.03194329601289e-05	-0.864249113629549	0.011	0.021	1	CMTM7	c13
0.00416129347119937	-0.862476703476333	0.005	0.01	1	TBL1XR1	c13
0.0019666110169147	-0.862149969233992	0.006	0.012	1	MIER1	c13
0.000104206569550965	-0.861772876213099	0.01	0.019	1	SVIP	c13
0.00075257128558358	-0.860176724961813	0.008	0.014	1	ATP6V0E2	c13
5.87218275556942e-05	-0.860047766098657	0.011	0.021	1	SNX3	c13
0.00441624057541206	-0.8595334279756	0.005	0.01	1	GIMAP6	c13
6.81118640389706e-05	-0.858838609335663	0.011	0.02	1	TCEB1	c13
0.00157045716053288	-0.858551000262533	0.007	0.012	1	PPP1R7	c13
0.00362311462628082	-0.858176566042707	0.005	0.01	1	LMF2	c13
7.68664070931195e-05	-0.857399990262602	0.011	0.02	1	PGLS	c13
0.00358808782554985	-0.857240055110186	0.005	0.01	1	WBSCR22	c13
5.82864598862303e-05	-0.853881043020271	0.011	0.021	1	MRPS34	c13
0.000227791991425824	-0.850118325998001	0.01	0.018	1	SF3A2	c13
0.00101752555609072	-0.848548387281797	0.007	0.014	1	PSMF1	c13
0.0050199228478925	-0.847699909483833	0.005	0.01	1	CCT6A	c13
0.000526160358806299	-0.845718185214967	0.008	0.016	1	TSPAN14	c13
0.00517144554991466	-0.841746551486064	0.005	0.01	1	FLJ32255	c13
5.83816435548405e-05	-0.841656159891731	0.012	0.021	1	UQCRFS1	c13
0.00296692801064016	-0.840319275236086	0.006	0.011	1	PIH1D1	c13
0.000277314314383156	-0.840199069681821	0.01	0.017	1	TSC22D4	c13
0.00021683141288967	-0.839898855501124	0.009	0.017	1	IRF3	c13
0.000665004201610765	-0.837217094725234	0.008	0.015	1	THRAP3	c13
0.00706237636061779	-0.836766584370438	0.005	0.01	1	LINC00936	c13
0.00410080204719972	-0.835314633017904	0.006	0.011	1	ADRBK1	c13
0.000250531292858053	-0.834553737312842	0.01	0.018	1	HNRNPM	c13
9.63443936741406e-05	-0.834103556312251	0.011	0.02	1	IK	c13
0.000914009651420074	-0.833437030524979	0.008	0.014	1	ACAP2	c13
0.00383392070368534	-0.832588279373364	0.006	0.011	1	SLC4A7	c13
0.00222275023399875	-0.832369948345496	0.007	0.012	1	SYNRG	c13
0.00195044868381172	-0.832308361824777	0.007	0.013	1	RGS14	c13
0.00390941202605121	-0.829856763806567	0.006	0.011	1	RBM34	c13
0.00207312582533276	-0.828001409457618	0.008	0.014	1	TUBB2A	c13
0.000374055375908513	-0.827902510054606	0.009	0.017	1	UBAC2	c13
0.000381069328283937	-0.827328759782224	0.009	0.017	1	C19orf10	c13
0.00244626371005983	-0.825950827451218	0.007	0.012	1	SRP19	c13
0.0060504463398782	-0.82574976898237	0.005	0.01	1	METTL23	c13
0.000112839272624256	-0.823593810861259	0.011	0.02	1	STRAP	c13
0.00244665464510055	-0.822730524683577	0.007	0.012	1	UTRN	c13
0.00254119906460205	-0.822730524683577	0.007	0.012	1	DDTL	c13
0.00617032371477328	-0.822730524683577	0.005	0.01	1	TIMM13	c13
0.0055155456064252	-0.818310087475782	0.005	0.01	1	MRFAP1L1	c13
0.00388757769500661	-0.815881025349128	0.006	0.011	1	VTI1B	c13
0.00388958409785393	-0.815660951358787	0.005	0.01	1	PQLC3	c13
0.000337486890679495	-0.814429106934247	0.01	0.018	1	PPP2CA	c13
0.0034734985771111	-0.813127684613264	0.006	0.011	1	YDJC	c13
0.000517679069404539	-0.810589961811365	0.009	0.017	1	PAFAH1B1	c13
0.00227029549428379	-0.808895663271489	0.006	0.011	1	MRPL14	c13
0.00419752217892738	-0.808821952961554	0.006	0.011	1	LOC283788	c13
0.000165793703289651	-0.808168925765958	0.011	0.02	1	RHBDD2	c13
0.000145407905340181	-0.805382525329081	0.011	0.02	1	VPS29	c13
0.0022257979917452	-0.80404381729659	0.007	0.013	1	PTPRA	c13
0.00147360929730929	-0.802439120690501	0.008	0.014	1	RNF113A	c13
0.0046180890927534	-0.800838990466943	0.006	0.011	1	TM9SF2	c13
0.00165145273882226	-0.800746975008221	0.008	0.014	1	TEX264	c13
0.000202717725793307	-0.800632125775676	0.011	0.02	1	ATP5L2	c13
0.000818125947057041	-0.798222161757037	0.009	0.016	1	TIAL1	c13
0.000202625586284493	-0.796979530292711	0.011	0.02	1	KHDRBS1	c13
5.58123184184335e-05	-0.795063782067316	0.013	0.023	1	SNRNP70	c13
7.2811043777382e-05	-0.794152611863651	0.012	0.022	1	AMD1	c13
0.00206959087721259	-0.793801517395047	0.007	0.013	1	ZNF207	c13
0.000133982750807817	-0.792871235990466	0.012	0.021	1	C1orf86	c13
5.78673768785652e-05	-0.792596933291495	0.013	0.023	1	C19orf66	c13
0.00307366191079133	-0.79171036796764	0.007	0.012	1	C17orf89	c13
0.000117464089980554	-0.790573831632485	0.012	0.022	1	IKZF3	c13
0.00715742904394948	-0.789144100084202	0.005	0.01	1	NDUFS3	c13
0.000715624099627613	-0.788192383365802	0.008	0.015	1	LBR	c13
0.000861565051054231	-0.787699121857108	0.009	0.016	1	MRFAP1	c13
0.000721413922852502	-0.787178575201312	0.009	0.016	1	LSM14A	c13
0.00249186604684331	-0.78496415413587	0.007	0.013	1	DNAJB14	c13
0.00023877655429489	-0.783732449936672	0.011	0.02	1	MAX	c13
0.000877956681498611	-0.783442484296574	0.009	0.016	1	RASA2	c13
0.000103160072154006	-0.781512728946941	0.013	0.022	1	MRPL54	c13
0.00261012201900275	-0.781265882331421	0.007	0.013	1	VKORC1	c13
0.00077428144986927	-0.780648580948125	0.012	0.02	1	SOD2	c13
0.000111739707455962	-0.779351387657474	0.013	0.022	1	NT5C	c13
0.000658183772136157	0.77933708283456	0.011	0.006	1	BACH2	c13
0.00787633413971064	-0.779289587445813	0.005	0.01	1	CCDC69	c13
0.00899254137728201	-0.779289587445813	0.005	0.01	1	SDR39U1	c13
0.000301033147331249	-0.779024268654997	0.011	0.019	1	VDAC2	c13
0.0010600177984164	-0.77877913608704	0.008	0.014	1	LSM6	c13
0.00137956617745146	0.778442203218838	0.011	0.006	1	SNX2	c13
0.000346361910492971	-0.778144178114641	0.01	0.018	1	A1BG	c13
0.00608000303659815	-0.77481143777498	0.006	0.011	1	ODF2L	c13
0.00482405688197256	-0.773542975056045	0.007	0.012	1	DNAJC19	c13
0.00133003437687841	-0.773052345892707	0.009	0.016	1	IFNGR1	c13
0.00637228134483512	-0.772091936421387	0.006	0.011	1	CCS	c13
0.00150511745211649	-0.77197851254139	0.008	0.015	1	ERGIC3	c13
0.0132036462549446	-0.771266832000333	0.006	0.01	1	ARL4D	c13
0.00406574481642004	-0.770974758906737	0.007	0.012	1	CHCHD5	c13
6.03446972466607e-05	-0.770171252876004	0.014	0.024	1	XRCC6	c13
0.00108304726171241	-0.769367299084851	0.009	0.016	1	EIF4H	c13
0.000450024792609906	-0.7683214889333	0.011	0.018	1	CYFIP2	c13
0.00188375108593392	-0.768017724579618	0.008	0.014	1	CNIH1	c13
0.00422008043581953	-0.767758046223194	0.007	0.012	1	ATG12	c13
0.00185034264369099	-0.76666688642766	0.008	0.014	1	YWHAE	c13
0.00017444309715535	-0.765982896289966	0.037	0.05	1	AREG	c13
0.0041435421708059	-0.765340796217498	0.007	0.012	1	MRPL34	c13
0.0026961726841028	-0.765034878288818	0.008	0.013	1	TOPORS-AS1	c13
0.00839585002586831	-0.763653647890458	0.006	0.01	1	YIF1A	c13
0.000753980423965042	-0.761434156325238	0.01	0.017	1	POLR3GL	c13
0.00831949552325476	-0.75983193693805	0.006	0.01	1	HNRNPD	c13
0.0024418557796726	-0.758604884079544	0.01	0.017	1	XIST	c13
0.00156554316916339	-0.758555780250779	0.009	0.015	1	NOL7	c13
9.60832150482985e-05	-0.758469844528653	0.014	0.024	1	SYTL1	c13
0.00539503760030956	-0.758453638933104	0.007	0.011	1	TMEM147	c13
6.52145696096482e-05	-0.756923491125652	0.014	0.025	1	WAS	c13
0.00284993254790787	-0.756330809407958	0.008	0.013	1	G3BP1	c13
0.00122014170049677	-0.756164506900215	0.009	0.016	1	ZMYM6NB	c13
0.00450465240552408	-0.755631090194268	0.007	0.012	1	NDUFA5	c13
0.00604460574411139	0.752570914492497	0.01	0.006	1	USP10	c13
0.000279044992517442	-0.752072513479941	0.012	0.021	1	HP1BP3	c13
0.009397503665436	-0.749269729727803	0.006	0.01	1	BABAM1	c13
0.006838994759181	-0.749189417147222	0.006	0.011	1	PCIF1	c13
0.000188770009078342	-0.74874761801932	0.013	0.022	1	LINC00493	c13
0.00162392141688562	-0.748305683557022	0.009	0.015	1	PNPLA2	c13
6.71320470061775e-05	-0.74792677481134	0.015	0.025	1	PTP4A1	c13
0.00326688258551421	-0.747573908222596	0.008	0.013	1	RBMS1	c13
0.000108060465109875	-0.747456789716178	0.013	0.023	1	SELM	c13
0.00214383676728838	-0.746315301487965	0.008	0.015	1	FDFT1	c13
0.00684099144377887	-0.745651230111045	0.006	0.011	1	LIMS1	c13
0.000147215182766378	-0.745332367242934	0.013	0.023	1	SF3B6	c13
0.00597492663073117	-0.744907107095157	0.007	0.011	1	ADSL	c13
9.97991762246499e-05	-0.744765325851773	0.014	0.024	1	TMC6	c13
0.00614156759694165	-0.744056210555664	0.007	0.011	1	SLC25A39	c13
0.0110788731390646	-0.743245366054404	0.005	0.01	1	FIP1L1	c13
0.0056137397692251	-0.742582317996798	0.007	0.012	1	GDI1	c13
0.00121676635634508	-0.741216258770703	0.008	0.015	1	BTF3L4	c13
0.00278099985240302	-0.7407576780164	0.008	0.014	1	RPAIN	c13
0.0116107278035844	-0.739184293588473	0.005	0.01	1	SMARCE1	c13
0.0111094049310428	-0.73905167465738	0.006	0.01	1	TIFA	c13
0.00141954330775043	-0.736470547120052	0.01	0.016	1	CDC42EP3	c13
0.00499565588437019	-0.7348851677947	0.007	0.012	1	DNAJC15	c13
0.00329400284207891	-0.734552528489692	0.008	0.014	1	MAT2A	c13
7.47807882842368e-05	-0.734226573792506	0.014	0.024	1	BIN1	c13
0.00253767694118728	-0.728236458749241	0.009	0.015	1	VIM-AS1	c13
0.00307112215339722	-0.727626470824019	0.008	0.014	1	ZC3H15	c13
0.00934660001218895	-0.726034555260621	0.006	0.011	1	PLEC	c13
0.00118671886332758	-0.723528110522625	0.01	0.017	1	SNX6	c13
4.91226772356459e-05	-0.720457698603905	0.015	0.026	1	SNORA78	c13
0.00260831844783971	-0.719736531360251	0.009	0.015	1	LAMTOR5	c13
0.002677765683229	-0.719736531360251	0.009	0.015	1	KDELR1	c13
0.00599570992512786	-0.718834565065858	0.006	0.011	1	PLK3	c13
0.00839618616315678	-0.718132645657661	0.007	0.012	1	SNORD3A	c13
0.0123080775909307	-0.717111061953428	0.006	0.01	1	NIPBL	c13
0.000362443946813495	0.717105338236942	0.015	0.009	1	SATB1	c13
0.00724484006688087	-0.716125277807872	0.007	0.012	1	SAP30BP	c13
0.00737645524594401	-0.716125277807872	0.007	0.012	1	CARD8	c13
0.0087683361390248	-0.714823010494333	0.007	0.011	1	PER1	c13
0.000151693840752261	-0.714744047409511	0.015	0.024	1	NAA10	c13
0.0118588411088404	-0.714709714285418	0.006	0.01	1	NABP1	c13
0.000463169396918607	-0.71265920332683	0.013	0.021	1	SRRM2	c13
0.00156811545308329	-0.712123347250375	0.01	0.017	1	GSDMD	c13
0.000786458584754783	-0.710311518570983	0.011	0.019	1	PAPOLA	c13
0.00313787236630198	-0.709205863868082	0.009	0.015	1	U2SURP	c13
0.000393962693098782	-0.709117784559107	0.012	0.02	1	TMEM256	c13
0.00347131890933442	-0.707284790313995	0.008	0.014	1	WBP2	c13
0.0123022406897538	-0.707136494580618	0.006	0.01	1	FUNDC2	c13
0.00348473881652048	-0.704574415136436	0.009	0.015	1	DHPS	c13
0.000107035570023936	-0.704125057917697	0.016	0.026	1	UBXN4	c13
0.0022618984034197	-0.702806135410373	0.01	0.016	1	RBMX	c13
0.00844534319745611	-0.701027168655004	0.007	0.011	1	ANP32E	c13
0.00121254466947666	-0.700965470636866	0.011	0.018	1	IMP3	c13
0.00769724744081201	-0.70037120649332	0.007	0.012	1	CBWD5	c13
0.0194152315887987	-0.70018373393885	0.007	0.01	1	RGS16	c13
0.0105021969608527	-0.695586791631416	0.007	0.011	1	GLS	c13
0.0152019282667087	-0.694265843844133	0.006	0.01	1	EAPP	c13
0.00612278413305595	-0.692365810590585	0.008	0.013	1	GOLPH3	c13
0.0107917828795669	-0.690295728093653	0.007	0.011	1	MRPL53	c13
0.000381061894380474	-0.68929065547545	0.014	0.022	1	C9orf78	c13
0.0163503097146638	-0.68724053237129	0.006	0.01	1	C9orf89	c13
0.00983249275332344	-0.68491697728554	0.007	0.011	1	ANXA7	c13
0.0015775971086798	-0.684409903152229	0.01	0.016	1	RABGGTB	c13
0.0165017470552812	-0.684219180396053	0.006	0.01	1	C11orf73	c13
0.0165017470552812	-0.684219180396053	0.006	0.01	1	CWC15	c13
0.00911458625294312	-0.682388372587947	0.007	0.012	1	AZIN1	c13
0.00550327599880622	-0.680343898225159	0.008	0.013	1	POLE4	c13
0.00693884709653276	-0.680248241479275	0.008	0.013	1	TLE4	c13
0.00106440460256152	-0.680180843145149	0.012	0.019	1	TAX1BP1	c13
0.000504953605058202	-0.676206267538078	0.014	0.023	1	TMEM2	c13
0.000887371687249054	-0.675328323114246	0.013	0.021	1	ATP1A1	c13
0.00484937636537137	-0.675116973288801	0.009	0.014	1	NFE2L2	c13
0.00375647546816831	-0.673666882664266	0.009	0.015	1	COX16	c13
0.00123879530824581	-0.672578357393777	0.012	0.019	1	TMEM14B	c13
0.0113314581107574	-0.672070097729937	0.007	0.011	1	RALGAPA1	c13
0.0119459547747698	-0.668624854203943	0.007	0.011	1	POP5	c13
0.0173433375948619	-0.667687223348738	0.006	0.01	1	NDUFB5	c13
0.000335820643027834	-0.666368903939278	0.015	0.024	1	PRMT2	c13
0.0106820523629569	-0.665843523365049	0.007	0.012	1	TXN2	c13
0.000247719601694996	-0.665580761313345	0.015	0.024	1	DNAJB9	c13
0.0173467772908745	-0.664757892310066	0.006	0.01	1	ISCA1	c13
0.00231537168208326	-0.664220202509003	0.011	0.017	1	RGS19	c13
0.0181368140805783	-0.661822601285519	0.006	0.01	1	ARFRP1	c13
0.00561423930269315	-0.659476006542777	0.009	0.014	1	KPNB1	c13
0.00209552158948357	-0.658744376422685	0.011	0.018	1	TMC8	c13
0.000199339361600958	-0.658335986696108	0.017	0.027	1	TMEM219	c13
0.000620286080603999	-0.655303022907285	0.014	0.023	1	EIF1AX	c13
0.000913818778819118	-0.65496995630981	0.013	0.021	1	NHP2	c13
0.0203578491099366	-0.651008482202107	0.006	0.01	1	ATP2A3	c13
0.015124823614728	-0.650401095585035	0.007	0.011	1	PHTF2	c13
0.00971778556519008	-0.649161037259047	0.008	0.013	1	RTKN2	c13
0.00510526213357816	-0.647253777558728	0.009	0.015	1	TOMM22	c13
0.00595140954212225	-0.646852155032803	0.009	0.014	1	TGOLN2	c13
0.010157888265159	-0.646782898468144	0.008	0.012	1	ROCK1	c13
0.00757044363383422	-0.645261301107821	0.008	0.014	1	WDR33	c13
0.000154644888924537	-0.644700151111022	0.017	0.027	1	STAT1	c13
0.0189906932227007	-0.642885711832561	0.006	0.01	1	NDUFA10	c13
0.0110645977973378	-0.642852917718995	0.008	0.012	1	CHD1	c13
0.00528093176180376	-0.642448691209389	0.01	0.016	1	MYLIP	c13
0.0174011046116086	-0.639953597322467	0.007	0.011	1	LSM3	c13
0.00192120558736965	-0.6381227658066	0.012	0.019	1	SET	c13
0.00195736775771051	-0.636628519126268	0.012	0.019	1	ARHGAP4	c13
0.00969999126683507	-0.635164907177697	0.008	0.013	1	VOPP1	c13
0.00807681007059172	-0.627396359213541	0.008	0.013	1	MFNG	c13
0.0255896895006781	-0.626125232707006	0.006	0.01	1	POLR2C	c13
0.0150787337271697	-0.624151813165838	0.007	0.012	1	RNF126	c13
0.00470948744756206	-0.623961228382863	0.01	0.016	1	PRPF4B	c13
0.0232093249734603	-0.623738847643944	0.006	0.01	1	NECAP2	c13
0.020171110758444	-0.623391865229742	0.007	0.01	1	TMPO	c13
0.000101590480586573	-0.623191765360716	0.02	0.031	1	SNHG1	c13
0.000562441303970831	-0.623125438257217	0.017	0.026	1	RPL19P12	c13
0.0173322082716105	-0.622774801473163	0.007	0.011	1	ZSCAN16-AS1	c13
0.0258157160539963	-0.622103780511815	0.006	0.01	1	ANKRD11	c13
0.0274316954413892	-0.619080317915421	0.006	0.01	1	KMT2A	c13
0.000939644327372381	-0.6178447836059	0.016	0.024	1	UPP1	c13
0.00417363783852512	0.616918849273664	0.013	0.008	1	FXYD1	c13
0.00635187006759318	-0.615039152693558	0.01	0.016	1	TMEM134	c13
0.0279160055199943	-0.615039152693558	0.006	0.01	1	PCGF5	c13
0.000677424666052046	-0.614364523249004	0.018	0.028	1	DUT	c13
0.0149195381821982	-0.609659301682905	0.007	0.011	1	RELB	c13
0.00516424584322051	-0.609210073891361	0.011	0.017	1	NONO	c13
0.0155391110933626	-0.608605719330729	0.008	0.012	1	CASP8	c13
0.00935207332982337	-0.607261802101838	0.01	0.015	1	RILPL2	c13
0.0128003528033285	-0.606758594897263	0.008	0.013	1	MTIF3	c13
0.00467479738944891	0.606441036528469	0.014	0.009	1	S1PR1	c13
0.0224606930903782	-0.6060615565743	0.007	0.011	1	CD28	c13
0.00238306180397837	-0.605180741458425	0.012	0.019	1	NXT1	c13
0.0132322902612452	-0.604491987925319	0.008	0.013	1	LRP10	c13
0.000243494284177861	-0.604334452350315	0.019	0.03	1	SNRPF	c13
0.0267387230329794	-0.603826440493784	0.007	0.01	1	MRPS31	c13
0.0220919458442871	-0.602454817093567	0.007	0.011	1	MECP2	c13
0.00105459623569495	-0.601916196575498	0.015	0.023	1	PSMA1	c13
0.00060096858783722	-0.600286437365392	0.017	0.027	1	RORA	c13
0.00018891685505593	-0.598016004851243	0.021	0.032	1	CD47	c13
0.0263526838924389	-0.596121244496638	0.007	0.011	1	TMEM208	c13
0.000467594325673735	-0.59602924887567	0.018	0.028	1	C10orf54	c13
0.0217897122651192	-0.595079745056472	0.007	0.011	1	DDX46	c13
0.0112795024550323	-0.595054043914713	0.009	0.014	1	RBM17	c13
0.000118833937915263	-0.594788438636322	0.021	0.033	1	FKBP5	c13
0.0246568649103777	-0.592489537000772	0.007	0.011	1	PTRHD1	c13
0.00250303933746664	-0.591125286269429	0.014	0.021	1	PDE4D	c13
0.0114134525630993	-0.590002601756233	0.008	0.012	1	LMBRD1	c13
0.0102544274452249	0.589027104328663	0.012	0.008	1	MAML2	c13
0.00672462313161176	-0.586379190712601	0.011	0.017	1	TRAPPC6A	c13
0.000270516428895195	-0.585279536423014	0.021	0.032	1	HNRNPU	c13
0.00626772415399841	-0.585220864644042	0.011	0.017	1	OCIAD1	c13
0.0242941341243265	-0.583674981784222	0.007	0.011	1	THYN1	c13
0.0209554155368341	-0.583401614651071	0.008	0.012	1	TAOK3	c13
0.0176433600340713	-0.582395883339863	0.008	0.013	1	LOC100996740	c13
0.0225548911239576	-0.580938976714468	0.008	0.012	1	DUSP16	c13
0.0308877764409844	-0.577319486744399	0.007	0.01	1	PPP1R11	c13
0.0233304302372601	-0.576295451418625	0.007	0.011	1	SPTAN1	c13
0.00142686608033758	-0.574788195449151	0.013	0.02	1	MAF	c13
0.0178653619885001	-0.572824880197899	0.009	0.013	1	C1orf162	c13
0.0227029596873753	-0.572534424179022	0.006	0.01	1	LAGE3	c13
0.0159879034475572	-0.571372014978549	0.009	0.013	1	PLEKHJ1	c13
0.000490384412002199	-0.570006166029241	0.02	0.03	1	TRIM22	c13
0.0216468860701523	-0.569335542511703	0.008	0.012	1	CD4	c13
0.0365068338212681	-0.567733437915201	0.006	0.01	1	SNRNP200	c13
0.00659667072875065	-0.561843785849881	0.012	0.018	1	R3HDM4	c13
0.00247193786676965	-0.561709650287431	0.015	0.022	1	STAT3	c13
0.000594970482457484	-0.561307168755768	0.02	0.03	1	LOC374443	c13
0.000673161285685601	-0.560288625754036	0.018	0.027	1	SYF2	c13
0.0244576570621951	-0.557524552955159	0.007	0.01	1	NUCB2	c13
0.0316389987420562	-0.557007031322143	0.007	0.011	1	DBNL	c13
0.0145440193485637	-0.554986921249879	0.01	0.014	1	C1orf43	c13
0.0210438191098441	-0.553385658955235	0.008	0.013	1	PHIP	c13
0.0250425441887661	-0.553233868220086	0.008	0.012	1	ILF3	c13
0.0383553627045027	-0.553233868220086	0.007	0.01	1	ADAR	c13
0.000346245332902019	-0.552447872536852	0.017	0.027	1	ZNRD1	c13
0.0300722354501343	-0.551324278211454	0.007	0.011	1	XRN1	c13
8.23299342125228e-05	-0.551212477720017	0.027	0.04	1	TRAF3IP3	c13
0.0245577849944662	-0.550567583208841	0.008	0.012	1	PSMD4	c13
0.000166538323804136	-0.549197486477773	0.025	0.037	1	ISCU	c13
0.0121964699847006	-0.549117759747854	0.01	0.015	1	PPP3CC	c13
0.0274505165786897	-0.548536171181245	0.008	0.012	1	SMG1	c13
0.0104637006413723	-0.544622767252091	0.011	0.017	1	BIRC2	c13
0.0360391755791321	-0.543485891668523	0.007	0.011	1	PSIP1	c13
0.011269018345896	-0.541695577013678	0.011	0.016	1	FNBP4	c13
0.0277962450602828	-0.541038571249781	0.008	0.012	1	IPCEF1	c13
0.00478249666436913	-0.540488601724319	0.013	0.019	1	HIF1A	c13
0.00105906693985032	-0.53974525422826	0.019	0.028	1	TCEA1	c13
0.0286948101350401	-0.539404714856706	0.008	0.012	1	UHMK1	c13
0.00630969956031107	-0.537720868848761	0.014	0.02	1	PPP1R10	c13
0.0002161100771023	0.536225422669899	0.028	0.02	1	RSL1D1	c13
0.000207349618482041	-0.535922255762139	0.025	0.037	1	SYNE2	c13
0.00399124506883198	-0.535165575458771	0.015	0.022	1	RAD23A	c13
0.00411477552107549	-0.534566573980001	0.015	0.022	1	GDI2	c13
0.000475283326216732	-0.534324015898187	0.022	0.033	1	SP100	c13
0.000105748488450474	-0.533671601841568	0.028	0.041	1	OCIAD2	c13
0.033530814916167	-0.529931405202817	0.008	0.011	1	CHMP5	c13
0.00237848193603591	-0.528893696051841	0.017	0.025	1	ELOVL5	c13
0.038874537488616	-0.527680188394761	0.007	0.011	1	SF3A1	c13
0.0128417396475111	-0.526006312305477	0.01	0.015	1	MRPL43	c13
0.00191674585442106	-0.524664716023315	0.018	0.027	1	SBDS	c13
0.00887018524395355	-0.517866825763414	0.014	0.02	1	GATA3	c13
0.0389784155604864	-0.513008185858333	0.008	0.012	1	TGFBR2	c13
0.00430604152479108	-0.511758918895392	0.016	0.023	1	C14orf166	c13
0.00235460290142926	-0.510145946362258	0.018	0.027	1	IKZF1	c13
0.0331659315303891	-0.508683197937396	0.008	0.012	1	PHB	c13
0.0253640674892169	-0.506332893251058	0.01	0.014	1	EIF3A	c13
0.0134116285015642	-0.505496305787262	0.012	0.017	1	M6PR	c13
0.0389703186571453	-0.505118333021426	0.008	0.012	1	TARSL2	c13
0.0242212194731878	-0.503957527481886	0.01	0.014	1	SRSF1	c13
5.98342582662751e-05	0.502655889976197	0.036	0.026	1	RPS4Y1	c13
0.0184892151789785	-0.502145096287625	0.013	0.018	1	RAPGEF6	c13
0.01641871724584	-0.501950018869858	0.011	0.017	1	PHF1	c13
0.00291199121117904	-0.501665715973897	0.019	0.027	1	PBXIP1	c13
0.0524134350802734	-0.501212821592249	0.007	0.01	1	S1PR4	c13
0.0589696391584148	-0.500802429796214	0.007	0.01	1	SFXN1	c13
0.0249648942907626	-0.499876350670069	0.01	0.014	1	TNIP1	c13
0.00289973145565251	-0.499346462934951	0.019	0.027	1	TTC39C	c13
0.000173332558315634	-0.49917740607193	0.031	0.044	1	NME2	c13
0.00251391751690036	-0.498996251732627	0.019	0.028	1	HNRNPH3	c13
7.22729070000952e-05	-0.495431810592268	0.036	0.051	1	PPP1R2	c13
0.0248527215059718	-0.491784584681902	0.01	0.015	1	SLC44A2	c13
0.0446023535425928	-0.491784584681902	0.007	0.01	1	ATHL1	c13
0.00834792679584807	-0.489659361884999	0.015	0.021	1	CNPY3	c13
0.0648603996901191	-0.487645526592509	0.007	0.01	1	OSER1	c13
0.0423203842544541	-0.487391329597598	0.008	0.012	1	RNF125	c13
0.00082116239944031	0.484234109293129	0.03	0.022	1	AQP3	c13
0.0423298413787988	-0.484210082352918	0.008	0.012	1	OGT	c13
0.0589394483545247	-0.483384168178962	0.007	0.01	1	PQBP1	c13
0.0553181235958064	-0.48193346038626	0.007	0.011	1	CNOT7	c13
0.00420161474922156	-0.481920624164617	0.019	0.027	1	LOC642441	c13
0.00131272637078142	0.481176162565745	0.027	0.019	1	RCSD1	c13
0.0104927256191124	-0.479602527636535	0.014	0.02	1	PCNP	c13
0.0647974688282411	-0.47905627983898	0.007	0.01	1	SSB	c13
0.0643108208507904	-0.4770880734752	0.007	0.01	1	HLA-L	c13
0.00167102137775494	-0.474624033523719	0.023	0.033	1	LINC-PINT	c13
0.0590789254630523	-0.472632735704628	0.008	0.011	1	STARD3	c13
0.0524034468406318	-0.468197764364287	0.008	0.012	1	PIAS1	c13
0.0488176223335371	-0.467392464292644	0.008	0.012	1	ATP6AP2	c13
0.0146335001421135	-0.466214678085184	0.014	0.019	1	MED10	c13
0.000195683840141183	-0.465077972820075	0.033	0.046	1	LSM7	c13
0.0123760640959547	-0.460092714727232	0.013	0.019	1	ATRX	c13
0.042900188856653	-0.457423292770111	0.01	0.013	1	CLNS1A	c13
0.0651731446335125	-0.456602625885679	0.008	0.011	1	CNOT2	c13
0.0132687910777172	-0.456323664075994	0.016	0.022	1	GPR171	c13
0.0399452014877902	-0.456209413825222	0.011	0.015	1	LOC101929910	c13
0.0266933733287707	-0.455849371936642	0.012	0.016	1	LSM5	c13
0.0257841334831073	-0.455547507584965	0.012	0.017	1	ABHD14B	c13
0.0700546545559972	-0.45433003463638	0.007	0.01	1	RSF1	c13
0.00717698407856684	-0.452807870363162	0.018	0.026	1	CD5	c13
0.0226571555864762	0.452250936538954	0.017	0.012	1	LPAR6	c13
0.00951479667736332	-0.451314761310248	0.018	0.024	1	DANCR	c13
0.0477695533344915	-0.45091977293245	0.01	0.013	1	ARAP2	c13
0.00699172524678632	0.450188470082061	0.022	0.016	1	FBL	c13
0.0485037422403878	-0.448745401698114	0.017	0.022	1	TIMP1	c13
0.00319658076712947	-0.448509429442174	0.022	0.03	1	CCT4	c13
0.014276280343775	-0.445879384940691	0.015	0.021	1	HLA-DMA	c13
0.012657689528138	-0.445695765869439	0.016	0.022	1	RSRC2	c13
0.0708184068362516	-0.445695765869439	0.008	0.011	1	RASSF7	c13
0.053166356878519	-0.444515185299388	0.009	0.013	1	ZRANB2	c13
0.0230571783565975	-0.442202555831342	0.013	0.018	1	HAX1	c13
0.0484826772785023	-0.441493440535233	0.01	0.014	1	TANK	c13
5.65174723566094e-05	-0.441412254501862	0.045	0.061	1	UQCRH	c13
0.0177847335824471	-0.440014996593578	0.016	0.022	1	BCAS2	c13
0.0583618793684734	-0.439815962994465	0.009	0.012	1	CCT3	c13
0.0502273616394704	-0.437942626434392	0.01	0.014	1	NMRK1	c13
0.0156328485431691	-0.437824115320768	0.016	0.022	1	FAM107B	c13
0.0433046121944582	-0.437486761164925	0.01	0.014	1	SLTM	c13
0.0132482178243763	-0.437464636824679	0.016	0.022	1	PPP1CC	c13
0.085668605188912	0.433469309166457	0.011	0.008	1	IMPDH2	c13
0.0128449117341132	-0.433013384376681	0.017	0.023	1	TAF7	c13
9.0331381593553e-05	-0.429843956462211	0.044	0.059	1	NCL	c13
0.028822987982531	-0.429276876308099	0.014	0.019	1	RBBP6	c13
0.0372364852664695	-0.428425417318518	0.012	0.016	1	AKAP9	c13
0.0269547623537499	-0.426907893781636	0.013	0.018	1	TBRG1	c13
0.00162992661359066	-0.425501428491038	0.029	0.04	1	PEBP1	c13
0.000943503687058708	-0.42515667686737	0.03	0.041	1	STK4	c13
0.0569857904555838	-0.424369262744023	0.01	0.013	1	SRSF8	c13
0.0721524210568645	-0.423870733059085	0.01	0.013	1	MARCKSL1	c13
0.000879276266084811	-0.423670348225967	0.039	0.051	1	ZNF331	c13
0.000435583130212441	-0.423153687795374	0.038	0.051	1	PDCD4	c13
0.0504878043558655	-0.42256453555846	0.01	0.014	1	NOP58	c13
7.48412990365166e-05	-0.421533441549589	0.045	0.061	1	HNRNPA1P10	c13
0.0831649428329869	-0.418399531246135	0.008	0.011	1	YTHDC1	c13
0.0208142487115261	-0.415277450088504	0.016	0.021	1	ANKRD44	c13
0.0572901844123422	-0.415027105342949	0.01	0.014	1	MOB1A	c13
0.0738869513633261	-0.414920524049848	0.009	0.012	1	CENPC	c13
0.0307035891837155	-0.413633403634571	0.014	0.018	1	PPIG	c13
0.0726987194800023	-0.412583789153286	0.009	0.012	1	CD46	c13
0.00089135887747954	-0.412259135422381	0.035	0.047	1	SEPT6	c13
0.00340184444832444	-0.412069751985777	0.025	0.034	1	GPBP1	c13
0.0039118162031068	-0.410432975337948	0.026	0.035	1	MATR3	c13
0.0991498927070763	-0.409993974921006	0.007	0.01	1	BPTF	c13
0.000194154101006891	0.409111527983203	0.046	0.035	1	RNASET2	c13
0.139302414017638	-0.409035691896142	0.02	0.023	1	SGK1	c13
0.0322960324130669	0.408419820130431	0.017	0.013	1	SP110	c13
0.0411790997995905	-0.407916889947177	0.013	0.017	1	DDX21	c13
0.113648213649321	0.407175581121969	0.01	0.008	1	CHMP7	c13
0.0143720818536088	-0.407060749711085	0.018	0.024	1	SNHG7	c13
0.00346136387567683	-0.406797219700143	0.027	0.037	1	EIF5	c13
0.0430879828046489	-0.405676679806229	0.013	0.017	1	NKTR	c13
0.0787341674683416	-0.405167055638688	0.009	0.012	1	CAMLG	c13
0.0622780010995922	0.404785825662692	0.014	0.011	1	TTC3	c13
0.086024703142706	0.404745499320894	0.012	0.009	1	SORL1	c13
0.0879220846045886	-0.404482889882183	0.008	0.011	1	PRPF40A	c13
0.07353491725212	-0.404234705632322	0.009	0.013	1	NGRN	c13
0.107046680148739	-0.402718350596695	0.009	0.012	1	PELI1	c13
0.0475967663173819	-0.40260942273671	0.012	0.016	1	PCED1B	c13
0.101482010935914	-0.401410673153085	0.008	0.011	1	KANSL1-AS1	c13
0.0169290433346383	-0.399375731619849	0.018	0.025	1	COX7A2L	c13
0.00172551337007645	-0.398907632747692	0.033	0.044	1	POLD4	c13
0.00815288044644048	-0.395476356972886	0.024	0.032	1	PRDX2	c13
0.000295314224568726	-0.395391186467193	0.045	0.059	1	KIAA1551	c13
0.000633024111384047	0.394357632268907	0.043	0.033	1	ST13	c13
0.0409012855011776	-0.393422165420868	0.008	0.012	1	OSM	c13
0.0231730097605543	0.392839478746312	0.021	0.016	1	SYPL1	c13
0.107790220255142	-0.392512993693895	0.008	0.01	1	BTN3A1	c13
0.0484385387916404	-0.389342343653047	0.013	0.017	1	EIF3I	c13
0.142938538293941	0.388739186543878	0.01	0.008	1	PRKCB	c13
0.000756777293566341	0.388048027834685	0.045	0.034	1	PNISR	c13
0.0388934455864089	-0.385925021233033	0.013	0.017	1	BCL11B	c13
0.130527504972588	-0.385735604172313	0.007	0.01	1	AFF4	c13
0.114846402503577	-0.385003828837887	0.008	0.01	1	GPCPD1	c13
0.0755026040279306	0.383136959527632	0.014	0.011	1	ABLIM1	c13
0.0937349871633256	0.382055116131031	0.013	0.01	1	EPB41	c13
0.0666796906004483	0.381580189541838	0.015	0.011	1	PPM1K	c13
0.105093325943596	-0.380490940254816	0.009	0.012	1	DNAJC4	c13
0.0204576667228809	-0.380421804275845	0.019	0.025	1	EIF1B	c13
0.101635776187802	-0.377168670413853	0.009	0.012	1	SLFN5	c13
0.000230938672858251	-0.374031053189763	0.048	0.063	1	RHOH	c13
0.000540139755588728	-0.372875637083693	0.047	0.061	1	ATP6V1G1	c13
0.0438274819746126	-0.37283825027693	0.015	0.019	1	DDX6	c13
0.00835875073685582	-0.368000906578239	0.028	0.036	1	CD6	c13
0.0554137530636902	-0.367925834078388	0.013	0.018	1	PNRC2	c13
0.165580960337369	0.367916150674741	0.01	0.008	1	RCAN3	c13
0.103865358672344	-0.366820743989205	0.009	0.012	1	OSBPL8	c13
0.0368929933347431	-0.366730125287445	0.016	0.021	1	MPHOSPH8	c13
0.0758706077620298	-0.366435048213377	0.011	0.015	1	EIF2S2	c13
0.132213024097857	0.362409888820419	0.011	0.009	1	TESPA1	c13
0.00400927695242399	-0.359334288658252	0.03	0.04	1	ARGLU1	c13
0.0400655773806062	-0.358795869155497	0.018	0.023	1	ZC3HAV1	c13
0.0440320078378004	-0.354554606201614	0.017	0.021	1	SLC38A1	c13
0.0528845506419115	-0.354329799806007	0.015	0.019	1	HNRNPUL1	c13
0.076078034050272	-0.354026744444976	0.012	0.016	1	SSR3	c13
0.00119383967473026	0.351083342353783	0.05	0.039	1	NSA2	c13
0.106558909582835	-0.350746399600844	0.01	0.013	1	TCP1	c13
0.0899360369011724	-0.34967594079979	0.009	0.012	1	OTUD6B-AS1	c13
0.00530602543585125	-0.345468637883705	0.042	0.052	1	NFKBIZ	c13
0.16094877830043	-0.344338796989376	0.007	0.01	1	KDM5A	c13
0.154423822103186	-0.342020658287142	0.008	0.01	1	CCM2	c13
0.0718747956132026	0.337169517827751	0.018	0.015	1	LUC7L3	c13
0.122292271350888	-0.336985514448441	0.01	0.013	1	SUSD3	c13
0.046887629729438	-0.336692981235795	0.018	0.023	1	RBL2	c13
0.00564986657899278	-0.331461427572547	0.038	0.048	1	RSRP1	c13
0.170692365162411	-0.331315957943899	0.008	0.01	1	IGBP1	c13
0.154571992916029	-0.327954384381711	0.008	0.011	1	DOCK10	c13
0.0415611963168531	-0.327906423242732	0.02	0.025	1	RBM25	c13
0.00127732699465158	-0.326016493012379	0.059	0.073	1	SPOCK2	c13
0.0370902191314496	-0.325112334625593	0.021	0.027	1	ATP5H	c13
0.00171577041503915	-0.320928797915405	0.054	0.067	1	HNRNPA0	c13
0.0507419624723481	-0.318847294127378	0.018	0.023	1	CD82	c13
7.9390203969314e-05	-0.316226564607482	0.097	0.118	1	LEPROTL1	c13
0.0687406319132566	0.315795867035184	0.018	0.014	1	CCR6	c13
0.111579471029947	-0.314488348968833	0.013	0.016	1	LINC01420	c13
0.158772673183095	0.314430071790941	0.013	0.01	1	LOC101929065	c13
0.122313157236213	0.311907123285117	0.016	0.013	1	SNHG16	c13
0.0239725750405388	-0.308267004133334	0.028	0.035	1	KMT2E	c13
0.0170332160341678	-0.308089621282181	0.032	0.04	1	N4BP2L2	c13
0.100786641517712	-0.308024492733725	0.014	0.017	1	DDX18	c13
0.049790523751876	-0.306960310037911	0.013	0.017	1	ERN1	c13
0.105366033593913	-0.301904013368842	0.017	0.02	1	METTL12	c13
0.0988975252093442	-0.297085847971532	0.015	0.019	1	RWDD1	c13
0.202732018546755	-0.296984066953402	0.008	0.01	1	TMEM106B	c13
0.17341787117825	-0.293434205985593	0.01	0.012	1	APEX1	c13
0.000705409292124552	-0.292607107547827	0.069	0.084	1	CNBP	c13
0.128649359132161	0.288722436177564	0.017	0.014	1	RASGRP2	c13
0.0398372592328937	-0.287281979003998	0.027	0.033	1	PRRC2C	c13
0.000266084482535526	-0.286324141337099	0.081	0.099	1	GSTK1	c13
0.155362622604073	-0.284890551001228	0.012	0.015	1	CCDC59	c13
0.0202608887161397	-0.282525814072589	0.038	0.046	1	UBXN1	c13
0.0926223666788609	-0.280816401744324	0.018	0.022	1	EVI2B	c13
0.0528802599900662	0.277618747384185	0.029	0.024	1	MGAT4A	c13
0.000190174922461384	-0.274960155182705	0.104	0.124	1	GADD45B	c13
0.220771898720574	-0.272952454343612	0.009	0.011	1	ZNF292	c13
0.00915121943287635	-0.271015905825118	0.053	0.063	1	GIMAP4	c13
0.0297699470564765	-0.269965602369661	0.036	0.043	1	EIF5A	c13
0.0245187193091599	-0.267443548318587	0.038	0.046	1	CD48	c13
0.150640115394727	-0.264958936105134	0.014	0.017	1	DCK	c13
0.0642576574249236	-0.260458190928287	0.027	0.032	1	EML4	c13
0.101272091254337	-0.253772909855694	0.021	0.026	1	SRSF10	c13
0.117806281550975	-0.252425901466522	0.021	0.025	1	AAK1	c13
0.132937521343873	-0.251549325562642	0.011	0.014	1	RN7SL1	c13
0.0186150303138985	-0.251080285068514	0.049	0.058	1	CUTA	c13
0.172525926623301	0.250563234424329	0.02	0.017	1	HIST1H1D	c13
0.380671675397484	0.250516125245698	0.01	0.008	1	P2RY8	c13
0.0377302996778347	-0.248573819120078	0.038	0.045	1	SEPT9	c13
0.141256140040048	0.24851540577547	0.021	0.018	1	ZBTB20	c13
0.137579808826746	-0.24811550371504	0.017	0.021	1	ARID4B	c13
0.237924598971446	-0.246538233590153	0.011	0.013	1	TNFRSF25	c13
0.0125586890019762	-0.246240873609528	0.067	0.078	1	RPS18P9	c13
0.223286975374362	-0.245805343027839	0.011	0.013	1	MYCBP2	c13
0.0246965089267364	-0.243788997429334	0.048	0.057	1	GIMAP7	c13
0.186570296489116	-0.242912430406427	0.014	0.017	1	SMAP2	c13
0.0564105401431177	0.242295618440729	0.039	0.033	1	ANKRD12	c13
0.278022003327002	0.241323779373404	0.014	0.012	1	PDE3B	c13
0.266258212971382	0.238356516905825	0.015	0.013	1	NELL2	c13
0.282573527036913	-0.238271670342431	0.008	0.01	1	PTPN1	c13
0.166966734730094	0.237803442319452	0.02	0.017	1	ICAM2	c13
0.349294385016771	0.236685650098145	0.012	0.01	1	PHF3	c13
0.0132496060922061	-0.236382089141213	0.061	0.071	1	EIF4A2	c13
0.0279092013531737	0.235869349281296	0.049	0.042	1	FLT3LG	c13
0.291627171931519	-0.233892021484338	0.01	0.012	1	ALG13	c13
0.162343965435012	0.233278745083295	0.023	0.02	1	TAF1D	c13
0.0434278055700843	-0.231467170539068	0.042	0.049	1	ITGB1	c13
0.304147307879584	-0.231188246955656	0.008	0.01	1	U2AF1L4	c13
0.017734204695464	-0.227078134958933	0.067	0.078	1	RPL21P28	c13
0.190219322278639	0.226457024943955	0.021	0.019	1	GCC2	c13
0.199088411118924	-0.225452281071671	0.016	0.018	1	USP15	c13
0.000392376267149853	-0.224200138580832	0.14	0.162	1	CIRBP	c13
0.313546050657421	0.222671415212465	0.015	0.013	1	LOC100131564	c13
0.105476387165765	-0.221778072381389	0.03	0.035	1	SNHG5	c13
0.150436751896279	-0.221557796781161	0.02	0.024	1	ATP5A1	c13
0.0951602854585121	0.217930975076103	0.032	0.027	1	REL	c13
0.253620196228554	-0.217389660863752	0.013	0.015	1	MGEA5	c13
0.287314290252096	-0.217046350046415	0.01	0.012	1	SMARCA5	c13
0.153811878658092	-0.216321148415014	0.018	0.022	1	TRAT1	c13
0.302953567617057	-0.216239247904587	0.01	0.012	1	ATP2B1	c13
0.291801178678792	-0.215431693984319	0.01	0.012	1	FAM102A	c13
0.00314219237145085	-0.212546224955044	0.106	0.122	1	SNRPD2	c13
0.130273511022366	0.208612859851269	0.026	0.023	1	IL6ST	c13
0.138335503332579	0.202431157562789	0.031	0.027	1	SMCHD1	c13
0.0408215264456473	0.202176949966613	0.063	0.055	1	RPS17	c13
0.374629354305741	0.201107262022106	0.02	0.018	1	TRADD	c13
0.161344675525509	-0.199841718262299	0.026	0.03	1	DDX17	c13
0.00200750222825907	-0.199523765755606	0.126	0.144	1	LOC101929876	c13
0.00119567008478655	0.199088332210174	0.135	0.118	1	ZFAS1	c13
0.192921883462962	-0.198946996661963	0.027	0.031	1	CD40LG	c13
0.161792829962058	-0.195733574327337	0.024	0.027	1	AIM1	c13
0.179024306117993	-0.194244682324183	0.029	0.033	1	TOB1	c13
0.186447312645576	-0.193130803035596	0.035	0.039	1	PIM2	c13
0.275178741182252	0.192539529743074	0.021	0.018	1	ATM	c13
0.169152639602265	-0.190483124500925	0.065	0.059	1	HIST1H4C	c13
0.109846175721819	-0.19017064405502	0.03	0.035	1	TC2N	c13
0.35235244843173	-0.188754198826746	0.01	0.011	1	PSMG2	c13
0.0332966869024189	-0.186345008197481	0.055	0.063	1	RPS14P3	c13
0.185996759772871	-0.185394867056942	0.026	0.029	1	PHB2	c13
0.000931009130538695	-0.181183261330773	0.175	0.196	1	PCBP2	c13
0.0521819010541983	-0.180425731504728	0.059	0.067	1	EIF3G	c13
0.431456965715712	0.179285820914928	0.015	0.013	1	SP140	c13
0.554773130150448	0.171342902846813	0.01	0.009	1	NCF1C	c13
0.0711740500759908	0.168101454151339	0.067	0.059	1	ERP29	c13
0.427820648155985	-0.167351466932877	0.01	0.011	1	POLR2A	c13
0.27626246462889	0.166099266766043	0.031	0.028	1	TNFAIP8	c13
0.346629957516567	-0.16278475625994	0.015	0.017	1	LOH12CR1	c13
0.425583153962299	0.160938616061137	0.014	0.013	1	SESN1	c13
0.38988139854142	-0.160075469001955	0.014	0.016	1	NCF1	c13
0.42687908637614	0.158233157301748	0.026	0.024	1	CAMK4	c13
0.414632940400594	-0.157268668426181	0.011	0.013	1	ARL4A	c13
0.0408014666952725	-0.157051247727874	0.117	0.129	1	LIMD2	c13
0.173241757910138	-0.156462768559276	0.041	0.046	1	ANP32B	c13
0.291777128869393	0.155521776220099	0.026	0.023	1	RPL13AP5	c13
0.0755337810774127	-0.154502695341988	0.072	0.08	1	SSR2	c13
0.232185583172039	-0.152972290527038	0.031	0.035	1	RSL24D1	c13
0.430467785330743	-0.151913778117937	0.011	0.012	1	ST3GAL1	c13
0.328779252218449	0.15148660606105	0.027	0.025	1	CCDC109B	c13
0.0638744030445987	0.151049374004494	0.084	0.076	1	EIF3F	c13
0.455184953364341	-0.150690802745981	0.008	0.01	1	UPF2	c13
0.597248976613857	0.148651278828553	0.015	0.014	1	VPS13C	c13
0.00186723739998625	0.14685143152447	0.203	0.183	1	COX4I1	c13
0.0746378313723144	0.146737518463919	0.125	0.115	1	SLC2A3	c13
0.649036922548183	0.144947504127579	0.01	0.009	1	ERAP2	c13
0.0959265203718674	0.143802969450642	0.064	0.058	1	AES	c13
0.435717776546827	-0.14268711228236	0.012	0.013	1	SSH2	c13
0.792299381552423	0.142405517903413	0.01	0.009	1	SMARCB1	c13
0.171335819735032	0.139750087297507	0.073	0.067	1	LINC00861	c13
0.00211592315582323	0.139092296179007	0.213	0.192	1	COX7C	c13
0.48843321877212	-0.134667946221172	0.009	0.01	1	RNMT	c13
0.218898030915392	-0.133663838171159	0.031	0.035	1	SF3B1	c13
0.514311651870539	-0.132401939749018	0.009	0.01	1	TNFSF8	c13
0.260245548104974	0.13083116184971	0.047	0.043	1	PIK3IP1	c13
0.355165575277837	-0.12907524229782	0.027	0.03	1	SYNGR2	c13
0.500541346516331	-0.128877319118241	0.01	0.011	1	FAM96A	c13
0.301140858354957	-0.12214687527675	0.038	0.041	1	GTF3A	c13
0.121699200549907	0.120669190812786	0.049	0.043	1	GPR183	c13
0.090955288343691	-0.119019252163582	0.105	0.114	1	EIF3K	c13
0.422840896879139	-0.118547716224511	0.01	0.011	1	TAF15	c13
0.471414176958396	-0.117627798963603	0.017	0.018	1	ATF7IP	c13
0.12819097150488	-0.117175715382591	0.076	0.083	1	FYB	c13
0.712991135023796	0.114567180652624	0.011	0.01	1	THEM4	c13
0.531255457343096	-0.113701807020494	0.011	0.012	1	BAZ1A	c13
0.254697469221821	0.113468884728996	0.055	0.051	1	UXT	c13
0.398893801216447	0.112631934758951	0.072	0.069	1	SERP1	c13
0.618561146372079	0.112026817350206	0.015	0.014	1	EPB41L4A-AS1	c13
0.533451538672977	-0.109303343122977	0.011	0.012	1	GGNBP2	c13
0.727189956818959	-0.107466684643359	0.018	0.017	1	CH25H	c13
0.15315936674922	0.107157219952757	0.073	0.067	1	KLF2	c13
0.691900719141294	0.106947877996663	0.014	0.013	1	INPP4B	c13
0.536078023585657	-0.105974845517598	0.014	0.015	1	PAG1	c13
0.558305102981832	-0.10470730533695	0.01	0.011	1	CDKN1B	c13
0.598915289302449	-0.102127114233721	0.011	0.012	1	KDM6B	c13
0.220957230149188	-0.100181646796901	0.082	0.088	1	GPSM3	c13
