p_val	avg_log2FC	pct.1	pct.2	p_val_adj	gene	seurat_clusters
0	-5.19765685843248	0.011	0.149	0	GNLY	c6
0	-4.92067080673442	0.016	0.27	0	NKG7	c6
0	4.78887522233157	0.034	0.001	0	CYP1B1	c6
0	4.78420623420356	0.028	0.001	0	NRGN	c6
0	-4.76537817962163	0.009	0.183	0	GZMA	c6
0	4.72565236261497	0.017	0.001	0	CKAP4	c6
0	4.66395591085495	0.014	0.001	0	BST1	c6
0	4.65975357966816	0.015	0.001	0	KCNE3	c6
0	4.60739345126561	0.032	0.001	0	MEGF9	c6
0	4.59268421842662	0.386	0.017	0	S100A12	c6
0	4.59175699936937	0.113	0.005	0	CSF3R	c6
0	4.55103517469689	0.036	0.002	0	RBP7	c6
0	4.52505200354	0.076	0.003	0	PLBD1	c6
0	4.51800974559055	0.586	0.03	0	VCAN	c6
0	4.44943645169224	0.059	0.003	0	ANPEP	c6
0	4.38606759166918	0.734	0.052	0	S100A9	c6
0	4.36462673171691	0.724	0.048	0	S100A8	c6
0	4.36027905029412	0.066	0.003	0	DMXL2	c6
0	4.35529952050539	0.029	0.001	0	MGST1	c6
0	4.34704353690598	0.027	0.001	0	GAS7	c6
0	4.34566181043533	0.019	0.001	0	OSCAR	c6
0	4.27550666727635	0.02	0.001	0	FES	c6
0	4.26257174493561	0.047	0.002	0	TIMP2	c6
0	4.25359189084791	0.02	0.001	0	EMILIN2	c6
0	4.14906868765769	0.131	0.007	0	CD36	c6
0	4.11406377126835	0.079	0.005	0	CD93	c6
0	4.10167316029208	0.027	0.002	0	TLR4	c6
0	4.0918273705915	0.034	0.002	0	PRAM1	c6
0	4.08000193519471	0.021	0.001	0	ASGR1	c6
0	4.06013122906121	0.04	0.002	0	LRRK2	c6
0	3.97809314369644	0.085	0.006	0	CD300E	c6
0	3.97484718914264	0.02	0.001	0	CREB5	c6
0	3.96852041370858	0.073	0.006	0	F13A1	c6
0	3.94198618170714	0.025	0.002	0	NFIL3	c6
0	3.93743504937286	0.053	0.003	0	ITGAM	c6
0	3.8999628559882	0.229	0.016	0	APLP2	c6
0	3.89858129491457	0.054	0.004	0	LRP1	c6
0	-3.88753820327616	0.041	0.405	0	CCL5	c6
0	-3.87906013036398	0.017	0.215	0	CST7	c6
0	3.87256613885291	0.02	0.001	0	CCNY	c6
0	3.86506975669365	0.149	0.01	0	MPEG1	c6
0	3.80033000512854	0.088	0.007	0	STAB1	c6
0	3.79991066434015	0.196	0.014	0	CSTA	c6
0	3.77618767921858	0.021	0.002	0	PTAFR	c6
0	3.75898434525451	0.031	0.002	0	CCR1	c6
0	3.75385652558879	0.263	0.02	0	MNDA	c6
0	3.73180014609824	0.022	0.002	0	HNMT	c6
0	3.72423703371512	0.058	0.004	0	TNFAIP2	c6
0	3.70529344795246	0.091	0.007	0	PGD	c6
0	3.701950869021	0.024	0.002	0	CHP1	c6
0	3.69999140786757	0.022	0.002	0	SLC43A2	c6
0	3.67455707843034	0.106	0.008	0	KCTD12	c6
0	3.63750401356301	0.039	0.003	0	IRS2	c6
0	3.61936756947576	0.032	0.003	0	IRAK3	c6
0	3.61588159643215	0.022	0.002	0	NAIP	c6
0	3.60037012967408	0.058	0.005	0	NUP214	c6
0	3.59272636569052	0.814	0.086	0	LYZ	c6
0	3.57685467967852	0.034	0.003	0	CDA	c6
0	3.56254625383183	0.122	0.01	0	SLC11A1	c6
0	-3.55881587135001	0.032	0.331	0	IL32	c6
0	3.55393312352713	0.036	0.003	0	OGFRL1	c6
0	3.53613541429884	0.072	0.01	0	RNASE1	c6
0	-3.53441985320484	0.017	0.18	0	LTB	c6
0	-3.52994032176	0.023	0.268	0	CD3E	c6
0	3.47907912884291	0.083	0.007	0	NCF2	c6
0	3.47627850636489	0.037	0.003	0	ZNF385A	c6
0	3.45828088446344	0.039	0.003	0	TREM1	c6
0	-3.44522361059022	0.022	0.243	0	PTPRCAP	c6
0	3.43744738104627	0.054	0.005	0	CLEC12A	c6
0	-3.41514376650767	0.027	0.237	0	IL7R	c6
0	3.40405547685367	0.199	0.02	0	DUSP6	c6
0	3.40313193337115	0.127	0.012	0	KLF4	c6
0	3.39246970083301	0.027	0.003	0	LYVE1	c6
0	3.38819136543878	0.03	0.003	0	TLR2	c6
0	3.37609836175005	0.038	0.004	0	BRI3	c6
0	-3.37240085585356	0.066	0.236	0	CCL4	c6
0	3.3704950183287	0.494	0.047	0	FCN1	c6
0	3.36410856464711	0.036	0.003	0	PTGS2	c6
0	3.32801515648044	0.246	0.022	0	CD14	c6
0	3.32067168747801	0.054	0.005	0	ACSL1	c6
0	-3.31467609897606	0.02	0.194	0	CD3D	c6
0	-3.29057650261507	0.023	0.194	0	CD7	c6
0	3.27841150164032	0.068	0.007	0	FPR1	c6
0	3.27276789755135	0.116	0.012	0	CD163	c6
0	3.27189775576328	0.032	0.004	0	PLTP	c6
0	-3.26841476522252	0.039	0.343	0	IFITM1	c6
0	3.26705765283568	0.184	0.02	0	MAFB	c6
0	3.26138883542086	0.036	0.004	0	GNS	c6
0	3.25179564931507	0.587	0.066	0	CTSS	c6
0	3.24293624505878	0.073	0.01	0	SEPP1	c6
0	3.23895778928153	0.041	0.004	0	SLC25A37	c6
0	3.23814416573717	0.046	0.005	0	IL17RA	c6
0	3.21580780111196	0.03	0.003	0	CPPED1	c6
0	3.21393345571775	0.044	0.005	0	TRIB1	c6
0	3.21330893492986	0.13	0.014	0	CLEC7A	c6
0	3.19824462273909	0.035	0.004	0	YBX3	c6
0	3.19804824042062	0.282	0.034	0	NAMPT	c6
0	3.19468668072387	0.112	0.012	0	CEBPD	c6
0	3.1880795215793	0.23	0.025	0	CYBB	c6
0	3.16902759558944	0.059	0.006	0	EREG	c6
0	3.15298054760649	0.079	0.009	0	MARCKS	c6
0	3.15283797557694	0.108	0.012	0	PTPRE	c6
0	3.14739280092482	0.046	0.006	0	THBS1	c6
0	3.14269274747198	0.03	0.003	0	SLCO2B1	c6
0	3.13165450330729	0.034	0.004	0	ITGAX	c6
0	3.12426345999943	0.053	0.006	0	HBEGF	c6
0	3.09794505536043	0.248	0.029	0	TKT	c6
0	3.07699553652221	0.075	0.009	0	RAB31	c6
0	3.07653118349499	0.049	0.006	0	DAB2	c6
0	3.07621035603234	0.055	0.007	0	LYN	c6
0	3.06636438980025	0.062	0.007	0	CTSZ	c6
0	3.06328578994285	0.048	0.006	0	THBD	c6
0	3.05732649722682	0.068	0.008	0	TGFBI	c6
0	3.05581856720116	0.046	0.006	0	FOLR2	c6
0	3.04791119914544	0.102	0.012	0	AP1S2	c6
0	3.04020092713674	0.189	0.023	0	FGL2	c6
0	3.03552401373691	0.081	0.011	0	IER5	c6
0	3.02940647666794	0.119	0.015	0	LINC00936	c6
0	3.02468005539226	0.032	0.004	0	C19orf38	c6
0	3.02178732124942	0.035	0.004	0	CLEC4E	c6
0	3.01926694365848	0.065	0.008	0	BLVRB	c6
0	3.00618170190304	0.053	0.007	0	GCA	c6
0	3.0005617931715	0.156	0.019	0	GNAI2	c6
0	2.99451019066908	0.13	0.016	0	LGALS2	c6
0	2.97358838755883	0.033	0.004	0	DPYSL2	c6
0	2.95243889891608	0.137	0.018	0	FGR	c6
0	2.92365864619525	0.061	0.008	0	CAPNS1	c6
0	2.91464604300585	0.05	0.007	0	RTN3	c6
0	2.90862771711533	0.039	0.005	0	BACH1	c6
0	2.89791842054903	0.086	0.012	0	NCF1C	c6
0	2.88429777838959	0.047	0.006	0	SLC7A7	c6
0	2.87935442845258	0.081	0.011	0	CECR1	c6
0	2.8749148785702	0.037	0.005	0	ODF3B	c6
0	2.8725851419774	0.043	0.006	0	SYK	c6
0	2.86416181473709	0.095	0.013	0	MYO1F	c6
0	2.86308570290791	0.115	0.016	0	CFP	c6
0	2.85066181460287	0.099	0.014	0	LTA4H	c6
0	2.84277034862757	0.115	0.016	0	KLF10	c6
0	2.83799648500051	0.08	0.011	0	RNF130	c6
0	2.80981787558756	0.161	0.02	0	CXCL8	c6
0	2.8063090478622	0.046	0.007	0	FBXL5	c6
0	2.8002630389074	0.091	0.013	0	IRF2BP2	c6
0	2.79765735444108	0.112	0.017	0	ZFAND5	c6
0	2.78912458626631	0.055	0.009	0	MRC1	c6
0	2.78273856737713	0.137	0.021	0	FCGRT	c6
0	-2.77148440472543	0.052	0.352	0	CD69	c6
0	2.72938007614411	0.155	0.023	0	PLAUR	c6
0	-2.70208504021601	0.059	0.341	0	RPSA	c6
0	2.70185008626726	0.061	0.009	0	TPP1	c6
0	2.68432027838258	0.076	0.012	0	TNFSF13B	c6
0	2.65344977031174	0.066	0.011	0	MIDN	c6
0	2.6411176939615	0.043	0.006	0	LGMN	c6
0	2.63461613721879	0.051	0.008	0	NLRP3	c6
0	2.63299475343297	0.096	0.015	0	C5AR1	c6
0	2.61177719809941	0.089	0.014	0	TMEM176B	c6
0	2.59233663582847	0.074	0.012	0	GRINA	c6
0	2.58308989512939	0.068	0.011	0	HLA-DRB6	c6
0	2.56479538767539	0.263	0.039	0	MS4A6A	c6
0	2.52618643792669	0.594	0.09	0	PSAP	c6
0	2.52130009146222	0.218	0.035	0	GRN	c6
0	2.52025918653414	0.112	0.016	0	G0S2	c6
0	2.49941787498413	0.169	0.027	0	CFD	c6
0	-2.49110143986417	0.128	0.54	0	RPL3	c6
0	2.48714949500979	0.087	0.016	0	ATP2B1	c6
0	2.46036095114566	0.69	0.116	0	GPX1	c6
0	2.42717225868077	0.78	0.132	0	TYROBP	c6
0	2.41985830142718	0.262	0.048	0	TYMP	c6
0	2.41661805187607	0.345	0.054	0	SERPINA1	c6
0	-2.41299430784589	0.064	0.302	0	EEF1B2	c6
0	2.41133702212832	0.124	0.023	0	SPI1	c6
0	2.39388270715636	0.066	0.013	0	POU2F2	c6
0	2.3774199433757	0.068	0.013	0	FOSL2	c6
0	2.36220061274673	0.309	0.065	0	NEAT1	c6
0	2.36180270704846	0.111	0.022	0	TALDO1	c6
0	-2.35943555427372	0.105	0.461	0	RPL5	c6
0	2.35941411445954	0.055	0.011	0	EFHD2	c6
0	-2.34638919241993	0.228	0.73	0	RPS3	c6
0	2.34520181440946	0.344	0.07	0	TSPO	c6
0	2.32829868949853	0.062	0.012	0	PLEC	c6
0	2.31091274080395	0.091	0.018	0	PPT1	c6
0	-2.29843869467663	0.106	0.443	0	RPS5	c6
0	2.26409453782951	0.125	0.021	0	IL1B	c6
0	2.24995442727701	0.144	0.03	0	EVI2B	c6
0	2.22719419039153	0.095	0.02	0	SMAP2	c6
0	2.21378127002086	0.075	0.016	0	AGTRAP	c6
0	2.19418104979661	0.44	0.076	0	AIF1	c6
0	2.17941007769221	0.117	0.026	0	SERPINB1	c6
0	2.17926356656779	0.106	0.023	0	TRAPPC5	c6
0	2.17662557197223	0.103	0.024	0	HIF1A	c6
0	-2.16354621603561	0.064	0.223	0	DUSP2	c6
0	2.16041952630358	0.233	0.053	0	JUND	c6
0	2.15389821914769	0.106	0.024	0	TCIRG1	c6
0	2.1526044594534	0.258	0.063	0	AHNAK	c6
0	2.14948159320129	0.094	0.022	0	ZEB2	c6
0	2.14364915421892	0.065	0.014	0	PECAM1	c6
0	-2.12731651658538	0.059	0.242	0	SARAF	c6
0	2.12497019000208	0.138	0.034	0	MS4A7	c6
0	-2.11727069407884	0.233	0.695	0	RPS4X	c6
0	2.11057450931031	0.075	0.014	0	CXCL2	c6
0	-2.09926563360496	0.499	0.892	0	RPS27	c6
0	2.09892112055426	0.124	0.029	0	LRRFIP1	c6
0	2.09846798222202	0.254	0.057	0	HLA-DRB1	c6
0	-2.09682579647259	0.063	0.253	0	MYL12A	c6
0	2.09435722817178	0.177	0.041	0	C10orf54	c6
0	2.08222500405652	0.813	0.288	0	S100A6	c6
0	2.06915817127847	0.145	0.033	0	SOD2	c6
0	-2.05788708942998	0.166	0.54	0	RPS29	c6
0	2.04509643219317	0.549	0.142	0	GABARAP	c6
0	2.04164550230405	0.265	0.072	0	RGS2	c6
0	-2.03872420712589	0.07	0.266	0	HSPA8	c6
0	-2.03567901383382	0.176	0.563	0	RPS25	c6
0	2.01895187766809	0.138	0.034	0	SDCBP	c6
0	1.97419380917748	0.335	0.054	0	LST1	c6
0	1.96708042267853	0.1	0.026	0	AP2S1	c6
0	1.96240229710445	0.937	0.424	0	FTL	c6
0	1.96209055271202	0.311	0.073	0	CTSD	c6
0	1.95115014500326	0.746	0.111	0	CST3	c6
0	-1.94518590781673	0.16	0.516	0	RPL14	c6
0	1.9197803054102	0.174	0.04	0	CD68	c6
0	1.91863518495165	0.324	0.091	0	MCL1	c6
0	-1.89673657535862	0.099	0.336	0	RPL10A	c6
0	1.8880200128792	0.139	0.038	0	ATP6V0B	c6
0	-1.88432284136798	0.16	0.474	0	RPLP0	c6
0	-1.88029801945555	0.388	0.817	0	RPS15A	c6
0	1.86931896299934	0.068	0.016	0	CPVL	c6
0	1.85717865682799	0.135	0.037	0	TNFRSF1B	c6
0	-1.85344590683648	0.321	0.766	0	RPS19	c6
0	1.85014968356805	0.585	0.184	0	SAT1	c6
0	-1.84595687160213	0.309	0.716	0	RPS27A	c6
0	-1.84271267517025	0.324	0.715	0	RPS18	c6
0	1.83628589914492	0.439	0.09	0	FCER1G	c6
0	-1.82927752109182	0.133	0.411	0	RPL23A	c6
0	-1.77153180772443	0.201	0.573	0	RPL7A	c6
0	1.76985743552116	0.208	0.062	0	RPS17	c6
0	1.76977860362504	0.155	0.045	0	FLNA	c6
0	1.7664249286803	0.155	0.043	0	GLUL	c6
0	1.74919890162866	0.108	0.032	0	IQGAP1	c6
0	1.7476748910251	0.101	0.03	0	PYCARD	c6
0	1.7356477293355	0.103	0.031	0	PTP4A2	c6
0	1.7356034549984	0.13	0.038	0	BCL2A1	c6
0	1.73368019306175	0.387	0.118	0	COTL1	c6
0	1.73295749826322	0.561	0.093	0	IFI30	c6
0	1.72662636205385	0.175	0.044	0	CTSB	c6
0	1.72080092453037	0.491	0.15	0	LGALS1	c6
0	-1.70629857415425	0.519	0.883	0	RPL10	c6
0	1.69306196229575	0.131	0.038	0	SGK1	c6
0	-1.68733895925559	0.268	0.603	0	HLA-A	c6
0	1.64234746161858	0.532	0.197	0	S100A10	c6
0	1.62234158140961	0.274	0.091	0	LCP1	c6
0	-1.60751777723294	0.657	0.938	0	B2M	c6
0	1.59117644254205	0.693	0.273	0	ND2	c6
0	1.57109636581109	0.165	0.049	0	TIMP1	c6
0	1.55795733190934	0.202	0.074	0	RHOB	c6
0	1.53906783471689	0.739	0.31	0	ND1	c6
0	-1.52802546404707	0.223	0.504	0	RPS6	c6
0	-1.52801591191233	0.248	0.593	0	RPS7	c6
0	-1.51854211252133	0.304	0.651	0	RPS21	c6
0	-1.51582233113028	0.484	0.802	0	RPL30	c6
0	1.51321253876571	0.268	0.092	0	GSTP1	c6
0	1.45325290803527	0.143	0.052	0	LAMTOR4	c6
0	1.4249183153654	0.148	0.056	0	CCNL1	c6
0	1.41528118212602	0.896	0.474	0	FTH1	c6
0	-1.40699953576231	0.594	0.84	0	RPS12	c6
0	1.40194784300122	0.239	0.093	0	CD44	c6
0	1.3899780803173	0.67	0.313	0	VIM	c6
0	-1.38969503467797	0.417	0.745	0	RPL19	c6
0	-1.38436594984537	0.21	0.414	0	FXYD5	c6
0	-1.3774038391771	0.38	0.681	0	HLA-C	c6
0	1.35530689858384	0.185	0.064	0	NPC2	c6
0	1.34618799813718	0.93	0.569	0	COX3	c6
0	1.34247020662884	0.193	0.079	0	EGR1	c6
0	1.32821290712282	0.604	0.282	0	SRGN	c6
0	-1.3144162052915	0.18	0.361	0	TSC22D3	c6
0	-1.27257540483501	0.469	0.758	0	RPL11	c6
0	-1.25708948355911	0.37	0.635	0	RPS3A	c6
0	1.24262067151973	0.197	0.083	0	SERP1	c6
0	1.24152780275827	0.297	0.131	0	RPL7	c6
0	-1.21722175522588	0.26	0.442	0	JUN	c6
0	-1.21661487539534	0.346	0.627	0	RPL12	c6
0	1.21179509183103	0.429	0.173	0	S100A11	c6
0	1.19082934076626	0.219	0.095	0	ATP6V0C	c6
0	-1.18163828494691	0.43	0.68	0	RPS23	c6
0	-1.16883595371983	0.314	0.578	0	RPL29	c6
0	1.16568180540657	0.211	0.095	0	TCEB2	c6
0	-1.16464703734388	0.255	0.5	0	ND4L	c6
0	-1.1640716539537	0.21	0.435	0	RPL15	c6
0	-1.16344466526968	0.264	0.51	0	RPL6	c6
0	-1.15433892856827	0.292	0.543	0	RPL18	c6
0	-1.15117010132019	0.757	0.867	0	EEF1A1	c6
0	1.13041075127445	0.779	0.407	0	ND4	c6
0	-1.06784189051039	0.359	0.596	0	RPL36	c6
0	-1.05415693137281	0.461	0.708	0	RPL18A	c6
0	-1.0378651034333	0.205	0.392	0	RPL24	c6
0	-1.03449055350802	0.589	0.78	0	RPL32	c6
0	0.98989437268881	0.705	0.39	0	S100A4	c6
0	-0.979628942947476	0.226	0.415	0	RPL35	c6
0	0.966761090721153	0.424	0.269	0	CRIP1	c6
0	-0.944286428155131	0.351	0.566	0	RPL8	c6
0	0.939431087986445	0.344	0.181	0	LAPTM5	c6
0	-0.900918764364737	0.873	0.943	0	RPL41	c6
0	-0.900155609765663	0.44	0.62	0	RPS8	c6
0	0.883201227761006	0.381	0.208	0	PABPC1	c6
0	0.860102969683891	0.93	0.699	0	ND3	c6
0	-0.856862712314352	0.401	0.597	0	RPL35A	c6
0	-0.810015391578303	0.488	0.661	0	RPS14	c6
0	-0.803674057855584	0.689	0.821	0	RPL13	c6
0	-0.762251458095412	0.407	0.604	0	FAU	c6
0	-0.647039105380119	0.522	0.689	0	RPS15	c6
0	0.641511748416793	0.945	0.798	0	COX1	c6
0	0.560229961437092	0.549	0.353	0	GAPDH	c6
0	-0.532289825469404	0.771	0.864	0	RPL28	c6
0	0.414709167001809	0.813	0.627	0	TPT1	c6
0	0.301404093198503	0.872	0.576	0	RNR1	c6
1.01728202693489e-307	4.54664063096077	0.015	0.001	2.112487857133e-303	TMEM170B	c6
1.05075747194438e-305	2.19302594869387	0.061	0.014	2.18200296623971e-301	CSF1R	c6
3.56743210193406e-304	1.02024523978727	0.26	0.13	7.40812950287627e-300	EMP3	c6
8.519552764105e-303	3.07413969616205	0.03	0.004	1.76917032699405e-298	IFNGR2	c6
8.58003045812441e-302	1.01956213421292	0.254	0.126	1.78172912493412e-297	ALDOA	c6
1.18479647114365e-300	-1.80430707015941	0.066	0.22	2.4603483519769e-296	UBB	c6
4.69294483280252e-300	1.59239889684763	0.111	0.037	9.74536923979771e-296	IER3	c6
2.13385350171832e-298	3.19819031564752	0.023	0.002	4.43116018166826e-294	RETN	c6
1.42718251831193e-297	1.31612564980399	0.149	0.058	2.96368721752656e-293	ANXA2	c6
2.42798756506406e-295	-2.42582034544095	0.032	0.17	5.04195897761202e-291	RAC2	c6
4.44020099359323e-294	2.56205865682619	0.042	0.007	9.22052138329569e-290	PLXDC2	c6
1.20842396426324e-292	1.66020173897806	0.078	0.021	2.50941320418904e-288	C1QC	c6
1.27199020944102e-291	2.49819977536688	0.044	0.008	2.64141486892522e-287	PPIF	c6
2.29060105625187e-291	-4.03554501783666	0.009	0.132	4.75666215341263e-287	CD8A	c6
1.98536973164749e-290	-4.60903802964173	0.008	0.13	4.12281878473917e-286	GZMB	c6
6.22297900186693e-290	2.02671808430597	0.073	0.019	1.29226381952769e-285	H1FX	c6
2.96490436354144e-287	2.48736550658814	0.044	0.008	6.15692040133015e-283	NCOA4	c6
3.01972148655171e-287	3.06154400822755	0.029	0.003	6.27075363897328e-283	OTUD1	c6
3.3764832659384e-285	2.38367832552585	0.048	0.009	7.01160515004769e-281	CRTAP	c6
3.54540950745143e-285	-0.564620625215964	0.642	0.744	7.36239738317364e-281	RPL34	c6
4.38346475894935e-284	-1.02639497751102	0.186	0.359	9.10270291843423e-280	GNB2L1	c6
1.09736410070807e-282	3.57505641509288	0.021	0.002	2.27878629153037e-278	RBM47	c6
1.23820268987323e-281	3.58601309452105	0.021	0.002	2.57125170579075e-277	AQP9	c6
1.73832308211221e-281	-4.01382877271569	0.009	0.129	3.60980171231422e-277	CTSW	c6
1.47294332945057e-279	2.09219134420263	0.061	0.014	3.05871411793706e-275	METTL9	c6
1.96606699673487e-277	-4.79263097515514	0.005	0.121	4.08273472541963e-273	GZMH	c6
1.44959504161051e-276	1.82010723689149	0.078	0.022	3.01022906340839e-272	ASAH1	c6
6.05601800154892e-276	0.861730350049531	0.321	0.181	1.25759269820165e-271	ITM2B	c6
1.47820873877301e-275	3.04920123569936	0.028	0.003	3.06964826693604e-271	UBE2R2	c6
2.21796721205734e-275	2.57669506520737	0.04	0.007	4.60583071255827e-271	PDK4	c6
2.22963734924962e-275	-3.34813408464231	0.014	0.135	4.63006491945177e-271	CD2	c6
2.38091930259566e-275	2.51402988729969	0.038	0.006	4.94421702377015e-271	TMEM176A	c6
2.54865414984664e-274	2.08417863276026	0.06	0.014	5.29253520757153e-270	RTN4	c6
3.0622266299251e-273	3.11530880393066	0.027	0.003	6.35901981970247e-269	GNAQ	c6
1.21752750027782e-272	2.0196197806587	0.064	0.016	2.52831760707693e-268	H2AFY	c6
2.87681085922397e-271	-0.718500875944625	0.363	0.53	5.97398543026449e-267	PTMA	c6
3.86532687834516e-271	3.2036604029458	0.025	0.003	8.02673779557156e-267	QKI	c6
6.26113754989773e-270	-1.43095998408267	0.175	0.334	1.30018782361176e-265	DNAJB1	c6
1.08276405505296e-269	2.05053597496205	0.083	0.025	2.24846783672297e-265	C1QA	c6
1.09791189276117e-269	2.56471880221706	0.038	0.006	2.27992383650784e-265	LILRA5	c6
5.25400195889833e-269	3.44247875999545	0.021	0.002	1.09104604678483e-264	AGPAT9	c6
9.05783528535222e-269	2.32130440846967	0.047	0.009	1.88095007535624e-264	HCK	c6
3.64911689490848e-268	1.71240419108851	0.087	0.027	7.57775614396696e-264	CAST	c6
8.85474277184563e-266	-2.29000953108382	0.036	0.167	1.83877588400146e-261	DDIT4	c6
2.56708663593976e-265	1.80714780221231	0.077	0.022	5.33081210819251e-261	AMICA1	c6
4.30637804721999e-265	1.65045557668548	0.099	0.033	8.94262465285704e-261	HNRNPU	c6
5.8367572167371e-265	-0.973914258366531	0.274	0.432	1.21206100362763e-260	PFN1	c6
5.51284894620629e-264	0.319340372167499	0.56	0.358	1.1447982121692e-259	DUSP1	c6
1.16668687499481e-263	-3.5340019167161	0.013	0.129	2.42274196461422e-259	KLRB1	c6
8.68676021739213e-263	2.84296273789386	0.031	0.004	1.80389262674365e-258	CCDC88A	c6
1.22485173595631e-262	3.2350390887294	0.023	0.002	2.54352711488687e-258	BCL6	c6
5.16107325597662e-261	1.81685043224297	0.075	0.021	1.07174847233611e-256	RAC1	c6
7.96882226745287e-260	-4.981967081927	0.004	0.113	1.65480563205926e-255	GZMK	c6
9.55334617321473e-260	1.83097892185727	0.075	0.021	1.98384786632977e-255	PLIN2	c6
2.27212082030229e-259	2.41838902663956	0.042	0.008	4.71828609543974e-255	ATP6V1B2	c6
9.99122971415886e-259	2.5073547569068	0.039	0.007	2.07477876244223e-254	ETS2	c6
1.09671163565352e-258	4.84953539181735	0.011	0	2.27743138259811e-254	NFE2	c6
3.15112067322321e-258	1.71849055919713	0.084	0.025	6.54361719001532e-254	CNPY3	c6
5.168018723601e-257	1.0428357438244	0.231	0.117	1.07319076814298e-252	FOSB	c6
5.5800511821547e-257	2.70676887274713	0.033	0.005	1.15875342848625e-252	THEMIS2	c6
3.53337292517931e-256	-0.465764251085287	0.862	0.861	7.33740221642735e-252	TMSB4X	c6
5.27110655347308e-256	1.64931396304354	0.076	0.022	1.09459798689422e-251	C1QB	c6
4.74492026056959e-254	3.87531151559172	0.016	0.001	9.85330141309881e-250	RXRA	c6
5.946051998311e-254	-1.08732667383483	0.181	0.339	1.23475715796926e-249	BTG1	c6
1.11682061180155e-252	0.289985710986397	0.924	0.846	2.31918968246709e-248	COX2	c6
5.00805789243146e-252	2.22671072897025	0.047	0.01	1.03997330194232e-247	RNASE6	c6
4.10703281814128e-249	3.55107346938788	0.019	0.002	8.52866435015218e-245	CD302	c6
5.08710627384457e-249	2.28096905914622	0.045	0.009	1.05638848882656e-244	FCGR2A	c6
8.37445430332604e-249	2.98208817866779	0.026	0.003	1.73903918062869e-244	RASSF2	c6
2.36693988331669e-248	3.03730434117236	0.026	0.003	4.91518736169543e-244	RGS18	c6
8.96441910232622e-245	2.29559853597717	0.045	0.009	1.86155127078906e-240	MFSD1	c6
9.79462310108584e-245	0.433340619611187	0.748	0.637	2.03395143317149e-240	RPS24	c6
5.54603146260956e-242	-1.39668127655576	0.096	0.239	1.1516888935255e-237	CXCR4	c6
1.95881661897337e-241	3.46123046401967	0.019	0.002	4.0676785909601e-237	METTL7A	c6
9.76754097140568e-239	4.40940127951321	0.012	0.001	2.0283275581221e-234	FAM198B	c6
3.28574161348078e-238	2.81321539449981	0.028	0.004	6.82317103455419e-234	AGTPBP1	c6
1.1501079499121e-235	-3.24838740285339	0.013	0.119	2.38831416878748e-231	RARRES3	c6
1.80085605812311e-235	-1.58329697531972	0.079	0.213	3.73965769029845e-231	HLA-H	c6
1.30758563425453e-234	3.62223913691803	0.017	0.001	2.71533232809296e-230	KIAA0930	c6
8.94274354417736e-234	-3.78336303731038	0.008	0.11	1.85705012438387e-229	CD8B	c6
9.49823388764739e-234	1.53469316863993	0.093	0.032	1.97240324910886e-229	C1orf162	c6
2.12959135672629e-233	1.8559894181901	0.055	0.014	4.42230941137782e-229	HMOX1	c6
3.80712777962355e-233	3.4934721393266	0.018	0.002	7.90588154716626e-229	SULT1A1	c6
3.86738561892938e-233	-1.44235469884272	0.079	0.213	8.03101297626876e-229	RPL36AL	c6
2.8402265677458e-232	3.12566671045205	0.024	0.003	5.89801449058092e-228	H1F0	c6
3.54725904359294e-232	4.00961260730331	0.014	0.001	7.3662381299251e-228	EGFL7	c6
7.21294576376833e-232	1.37713924419088	0.117	0.045	1.49784031730413e-227	C14orf2	c6
1.68244563574667e-231	1.41248960176836	0.108	0.04	3.49376660719153e-227	ANXA5	c6
2.48076080825079e-228	2.28946318270184	0.042	0.009	5.15154789441359e-224	VMP1	c6
1.78938002218299e-227	-2.86447935360033	0.017	0.122	3.71582655406519e-223	IL2RG	c6
3.16516392088463e-227	2.3741519263398	0.038	0.007	6.57277939810903e-223	TBXAS1	c6
5.75276147141275e-227	-0.509614944155769	0.535	0.662	1.19461844715357e-222	RPL26	c6
1.1077689199944e-226	2.33353368600922	0.039	0.008	2.30039293926036e-222	MARCH1	c6
1.94547645830614e-226	-2.97021180728169	0.015	0.119	4.03997641331853e-222	EVL	c6
8.12333304710485e-224	0.171955726822695	0.914	0.759	1.68689134056179e-219	ACTB	c6
1.40567484082954e-221	-0.700432682987457	0.354	0.518	2.91902437446662e-217	ATP8	c6
3.17809977669356e-221	1.78164699362793	0.067	0.02	6.59964199628184e-217	CEBPB	c6
7.81060559197116e-221	2.19288889837338	0.045	0.01	1.62195035722873e-216	JARID2	c6
2.89258048422808e-220	1.69615328031226	0.071	0.022	6.00673263354802e-216	PLEK	c6
3.20566676234357e-220	4.23200502863976	0.012	0.001	6.65688759868265e-216	NFAM1	c6
1.71936807316813e-218	3.2392730291038	0.02	0.002	3.57043974074094e-214	TET2	c6
2.03849365352226e-218	3.01051288504915	0.022	0.003	4.23313592090432e-214	CLEC4A	c6
1.31603108527859e-217	-1.99870210148855	0.039	0.152	2.73287015168952e-213	NPM1	c6
6.24770513507641e-216	2.67020556053792	0.029	0.005	1.29739844834997e-211	NBPF14	c6
1.20341102635758e-215	-1.137139439638	0.136	0.276	2.49900333733416e-211	ZFP36L2	c6
1.69241778228178e-215	3.54488798392412	0.016	0.001	3.51447476668635e-211	CYP27A1	c6
2.31203858473146e-215	-1.22889042109074	0.106	0.241	4.80117932505335e-211	ARHGDIB	c6
2.38721052967634e-214	2.05980576362858	0.048	0.012	4.95728138592588e-210	GPCPD1	c6
1.21891093918743e-213	3.77949282394226	0.014	0.001	2.53119045631662e-209	JDP2	c6
3.34105957103676e-213	3.42228309203824	0.017	0.002	6.93804430521493e-209	IL13RA1	c6
3.55136841665652e-213	2.54760928576685	0.031	0.005	7.37477165402893e-209	SCO2	c6
1.55780573353081e-212	-2.30528884298759	0.027	0.133	3.23493938625007e-208	C12orf57	c6
3.76648056424213e-212	4.46807238687329	0.01	0	7.82147353970521e-208	ASGR2	c6
1.40876301453903e-211	-1.33973477650989	0.086	0.214	2.92543727599175e-207	HNRNPA1	c6
6.64880019690692e-211	-1.32426074474697	0.089	0.218	1.38068984888969e-206	PPDPF	c6
4.12671689311431e-209	-0.899154199881713	0.352	0.472	8.56954030024117e-205	RPS26	c6
1.28709387794058e-207	-1.12744553073324	0.123	0.258	2.67277914693141e-203	PPIA	c6
1.97898124090035e-207	3.00128133271136	0.022	0.003	4.10955244485367e-203	STAT2	c6
9.83331919408868e-207	3.8991058159314	0.013	0.001	2.04198706384446e-202	HK3	c6
1.47411407800812e-205	2.39610189320355	0.034	0.007	3.06114529439166e-201	MS4A4A	c6
4.83528800878563e-205	3.04209491841861	0.021	0.003	1.00409590790442e-200	VEGFA	c6
5.66204321434742e-204	1.93499273469669	0.053	0.014	1.17577989389139e-199	KDM6B	c6
7.1258948961025e-203	2.44914040373887	0.032	0.006	1.47976333412464e-198	CLTC	c6
7.43074468972579e-203	2.80682297195538	0.024	0.003	1.54306844226846e-198	AGFG1	c6
2.91747094046733e-202	-3.27773399331949	0.01	0.102	6.05842015497445e-198	PCED1B-AS1	c6
3.45120935001519e-202	2.38866198109103	0.034	0.006	7.16678133624154e-198	UBXN11	c6
1.15792602959655e-201	1.85639135421626	0.056	0.016	2.40454919306019e-197	STXBP2	c6
2.26043645337407e-200	-0.983430065627394	0.407	0.502	4.69402233907659e-196	JUNB	c6
2.54912525482512e-200	2.76908683302977	0.025	0.004	5.29351350416984e-196	DDX3Y	c6
4.68422222133823e-200	3.27311023196944	0.017	0.002	9.72725586483096e-196	PHC2	c6
2.88070350304416e-199	1.36712705787454	0.101	0.039	5.98206889442151e-195	ZYX	c6
1.81481681146007e-198	2.11395524448808	0.042	0.01	3.76864859067799e-194	ATP6V0D1	c6
1.5910354425791e-196	2.84937207093181	0.023	0.003	3.30394420005975e-192	FAM46A	c6
2.8440253665247e-196	2.52379195086948	0.029	0.005	5.9059030761252e-192	PICALM	c6
4.9142897179976e-196	1.9860257869857	0.048	0.012	1.02050140283938e-191	BNIP3L	c6
1.16647661315129e-195	-3.39132968959058	0.009	0.098	2.42230533486996e-191	LDHB	c6
1.17941712159168e-194	-0.872465926788149	0.196	0.335	2.44917759469728e-190	RPS16	c6
2.41018387060152e-192	2.77203818646048	0.024	0.004	5.00498782569112e-188	EMR2	c6
9.49996997228283e-192	1.87243496903949	0.054	0.015	1.97276376444425e-187	MAT2A	c6
1.36923382825913e-191	1.01243045533887	0.175	0.088	2.84335096776291e-187	TPM3	c6
2.01269203297463e-191	1.66163510247862	0.067	0.021	4.17955627567512e-187	GRB2	c6
8.35936742219153e-190	2.01601037850147	0.044	0.011	1.73590623889229e-185	ADRBK1	c6
1.78927872520327e-189	2.39467664607075	0.024	0.004	3.71561620075711e-185	IL1RN	c6
7.42594125267926e-188	0.953454992724386	0.183	0.094	1.54207096053138e-183	ITGB2	c6
1.21187548373231e-187	0.264094508557845	0.839	0.689	2.51658062951851e-183	TMSB10	c6
1.35207139908801e-187	1.52583893706969	0.078	0.027	2.80771146734616e-183	ACTR2	c6
1.12095906093559e-185	-1.43226495282125	0.068	0.18	2.32778358593885e-181	MIF	c6
9.39185826437756e-184	3.07845977038631	0.018	0.002	1.95031328718064e-179	MIR22HG	c6
5.89855151289168e-182	1.783208444949	0.055	0.016	1.22489320716709e-177	VASP	c6
8.41674273083793e-182	2.07306905234787	0.04	0.01	1.74782079548581e-177	SORL1	c6
3.14103094313043e-181	2.55260283754915	0.026	0.005	6.52266485650465e-177	TLE3	c6
9.60001052655577e-181	1.61746941253526	0.066	0.022	1.99353818594457e-176	GNAS	c6
1.58901192412554e-179	3.73835769466455	0.012	0.001	3.29974216163909e-175	SIRPA	c6
9.45989803843354e-179	3.64331944187589	0.013	0.001	1.96444242666111e-174	LILRA6	c6
8.05033360821918e-178	3.88767052070412	0.011	0.001	1.6717322770828e-173	CHST15	c6
1.08060572926784e-177	0.229889577268402	0.772	0.636	2.24398585739759e-173	ATP6	c6
2.02652136512805e-177	2.06718413798646	0.04	0.01	4.20827426682491e-173	PRKCB	c6
3.54464050906109e-177	1.76525130813625	0.052	0.015	7.36080048111626e-173	LILRB2	c6
5.8153962211326e-177	3.21043967880483	0.016	0.002	1.2076251792804e-172	PLXNB2	c6
1.08018934810976e-176	2.39047761741437	0.029	0.006	2.24312120028474e-172	SH3BP2	c6
1.60777581143251e-176	3.69434824269696	0.012	0.001	3.33870725002075e-172	SLC15A3	c6
2.26228948894595e-176	-3.0186709997157	0.012	0.095	4.69787035274516e-172	LOC101929531	c6
4.81870622147882e-176	0.425659012876768	0.558	0.414	1.00065253395229e-171	SH3BGRL3	c6
9.64722817663576e-175	-4.81477794171659	0.003	0.079	2.00334340316018e-170	PRF1	c6
1.08662317734668e-174	1.70378503970471	0.058	0.018	2.25648169007812e-170	NCF1	c6
1.40510567332775e-174	-0.52446637756645	0.493	0.603	2.91784244123242e-170	RPL37	c6
6.36478579553478e-174	-1.22275161817866	0.073	0.184	1.32171141830075e-169	RGS1	c6
2.51653929765731e-173	-0.59717625587102	0.354	0.485	5.22584550551518e-169	RPLP2	c6
3.9256020295575e-173	-1.65334129130752	0.047	0.147	8.1519051745791e-169	CIRBP	c6
9.06688367482416e-173	2.03200712924016	0.041	0.01	1.88282906391399e-168	AHR	c6
9.26747499445157e-173	2.52645238710502	0.026	0.004	1.92448385734781e-168	ZNF106	c6
1.51149156666652e-172	3.58903692448304	0.013	0.001	3.13876338733969e-168	RAB32	c6
3.3548717429799e-172	3.22290282153251	0.015	0.002	6.96672666147205e-168	NADK	c6
3.50986597965178e-172	3.29010798320333	0.015	0.002	7.28858769334489e-168	PLEKHO2	c6
4.86967484482705e-172	1.84941415184578	0.048	0.013	1.01123667827679e-167	LENG8	c6
5.30562796693326e-172	2.30531128342818	0.029	0.006	1.10176670361336e-167	SLC40A1	c6
1.33676904703263e-171	0.535375629291429	0.437	0.307	2.77593460306796e-167	SERF2	c6
2.97325080243529e-171	1.51575479565121	0.071	0.025	6.17425261633713e-167	PGLS	c6
1.74901487043308e-170	-1.7594846813479	0.039	0.135	3.63200427994132e-166	SRSF7	c6
2.55829937388115e-169	-4.69316724929229	0.003	0.077	5.3125644798016e-165	KLRD1	c6
3.70774170705484e-169	2.80736988558827	0.02	0.003	7.69949642887007e-165	NBPF19	c6
5.89278466082469e-167	0.922716584659967	0.203	0.114	1.22369566266686e-162	ZFP36L1	c6
1.91237836234235e-166	-1.44431374066466	0.061	0.163	3.97124490724011e-162	HINT1	c6
1.52944186144416e-165	-0.847330458027813	0.174	0.3	3.17603896947494e-161	EEF1D	c6
4.04834902564329e-165	-0.925795184988852	0.161	0.284	8.40680158665086e-161	CD52	c6
1.34809104087116e-163	2.28884094556103	0.031	0.007	2.79944585547306e-159	ELL2	c6
1.70725357749227e-163	2.65781699951278	0.021	0.003	3.54528277902045e-159	ADM	c6
8.88996112701903e-162	-1.62833549660143	0.046	0.141	1.84608932763677e-157	PSME1	c6
1.51750076355184e-161	2.1684398998623	0.033	0.007	3.15124208559175e-157	LY86	c6
6.88591876383407e-161	2.44953169480439	0.025	0.005	1.42992989049778e-156	CPM	c6
1.68172553027861e-160	-0.353928153463598	0.857	0.882	3.49227123617656e-156	RPLP1	c6
2.01548846687121e-160	-3.04829752057565	0.01	0.085	4.18536335030476e-156	ISG20	c6
2.6295077492233e-160	3.43090909705384	0.013	0.001	5.4604357920371e-156	MERTK	c6
3.18279326116203e-159	2.74961226155915	0.02	0.003	6.60938848612907e-155	ATP13A3	c6
1.02375796128722e-158	2.58713677636062	0.022	0.004	2.12593578240904e-154	RASSF4	c6
1.26246234900468e-158	2.10916955467866	0.034	0.008	2.62162931394313e-154	MAN2B1	c6
3.06351364093316e-157	-1.2627707226087	0.076	0.179	6.36169242676179e-153	CALM1	c6
4.11550361707477e-157	-2.32816082805347	0.02	0.1	8.54625481121747e-153	CYTIP	c6
2.41591385999166e-156	3.47195582136052	0.012	0.001	5.01688672165868e-152	FGD4	c6
7.78211843004963e-156	3.41367898876116	0.013	0.001	1.61603471318411e-151	VNN2	c6
2.02170032238189e-155	2.6892707633079	0.02	0.003	4.19826288945824e-151	SCPEP1	c6
3.114104326955e-155	1.1194132022634	0.113	0.052	6.46674904535474e-151	FKBP1A	c6
4.91908295954635e-155	0.174929638549913	0.634	0.458	1.0214967673794e-150	FOS	c6
9.30439836920333e-155	-1.08062140762258	0.108	0.217	1.93215136534876e-150	RPL36A	c6
3.62589894178966e-153	3.79289339438206	0.01	0.001	7.52954174252041e-149	APOBEC3A	c6
2.66749982436711e-152	3.71199796975938	0.01	0.001	5.53933013528075e-148	CD33	c6
4.56035893639641e-152	1.90445786125124	0.04	0.011	9.47004136732079e-148	TMEM167A	c6
1.95711295205743e-151	1.27279529362862	0.093	0.039	4.06414075624246e-147	TRA2B	c6
1.35067279094811e-150	2.45747734859753	0.024	0.005	2.80480711768285e-146	RABGEF1	c6
2.06487797202612e-150	3.28166291494707	0.013	0.001	4.28792559670944e-146	COLGALT1	c6
4.47652324586181e-150	2.64475435132334	0.02	0.003	9.29594817235664e-146	P2RY13	c6
4.72289270223755e-150	1.22479477379143	0.095	0.041	9.80755898546649e-146	EIF4G2	c6
3.24567810277609e-148	3.63362201215628	0.01	0.001	6.73997514822483e-144	RNASE2	c6
3.44126497049825e-148	-3.79155634192788	0.007	0.074	7.14613083773667e-144	IFNG	c6
3.61927136011484e-148	-2.96745848721152	0.015	0.089	7.51577890641448e-144	CCL4L1	c6
4.0367471332019e-147	2.72559317634019	0.019	0.003	8.38270909680706e-143	ABCA1	c6
4.39871168077291e-147	2.93108742704494	0.016	0.002	9.13436467629302e-143	PPP1R9B	c6
1.80909852015193e-146	-3.84439142400345	0.005	0.071	3.75677398694749e-142	GZMM	c6
2.82263097811056e-146	-2.19818378654863	0.021	0.097	5.86147548914439e-142	LEPROTL1	c6
3.68694620542263e-146	2.95402028134	0.016	0.002	7.65631249018064e-142	CREG1	c6
3.52764802143264e-145	1.70831480451946	0.048	0.015	7.32551388130701e-141	EIF3A	c6
5.00382505015038e-145	1.78296501584906	0.044	0.013	1.03909430991423e-140	CD4	c6
5.33365003804865e-145	-0.648534322497477	0.252	0.374	1.10758576690118e-140	NACA	c6
5.69071592681354e-144	1.68734806301124	0.048	0.015	1.1817340693621e-139	ACAP2	c6
4.26712810924075e-143	2.79056983929631	0.017	0.002	8.86111823164934e-139	FOXO3	c6
5.76782176707577e-143	2.47057043887966	0.022	0.004	1.19774586815095e-138	SPTLC2	c6
1.33264824599686e-142	0.933554158065504	0.15	0.079	2.76737734763708e-138	FYB	c6
2.43830347589198e-142	2.18283218665806	0.027	0.006	5.06338099803728e-138	SNX10	c6
1.48822305805202e-141	2.24403312551681	0.027	0.006	3.09044400235082e-137	RAB11FIP1	c6
6.04759457376219e-141	-3.46327599775651	0.006	0.071	1.25584348918746e-136	LCK	c6
1.76371347614298e-140	0.905981148005665	0.157	0.084	3.66252740455852e-136	RPL23	c6
5.18684618227168e-140	-1.12086812677691	0.089	0.187	1.07710047821054e-135	CORO1A	c6
8.39823059925228e-140	0.531151085167357	0.388	0.275	1.74397656624073e-135	PFDN5	c6
2.45589643629225e-139	3.08051727545413	0.014	0.002	5.09991453960449e-135	C15orf39	c6
1.18048995915618e-138	-0.920727047269118	0.293	0.395	2.45140544918372e-134	ZFP36	c6
3.43832407269445e-138	2.48505534590093	0.021	0.004	7.14002376935729e-134	DICER1	c6
1.26640280951505e-137	2.24716966463265	0.026	0.005	2.62981207423895e-133	MYO9B	c6
1.31777144192715e-137	-1.65202669639084	0.04	0.122	2.73648417630592e-133	ALOX5AP	c6
1.32476214626172e-137	0.964502628664103	0.122	0.06	2.7510010729271e-133	PKM	c6
1.31303833047012e-136	2.2529900537691	0.025	0.005	2.72665539705425e-132	A2M	c6
7.71683771848227e-136	3.50049386456566	0.01	0.001	1.60247852062003e-131	ZFHX3	c6
8.31716798562394e-136	0.478053122466017	0.392	0.276	1.72714310389467e-131	ATP5E	c6
1.75430312090962e-135	2.08931661147125	0.03	0.007	3.64298586088091e-131	GNB1	c6
3.42411320073097e-135	3.09450150488983	0.013	0.002	7.11051347263794e-131	ARHGAP26	c6
4.79898981856437e-135	3.33509852160387	0.011	0.001	9.96558225723078e-131	DOK3	c6
5.18960755840287e-135	-3.75646530629472	0.005	0.066	1.07767390557794e-130	HOPX	c6
1.123564380395e-134	1.50049386456566	0.057	0.02	2.33319379232825e-130	TGFB1	c6
1.53618444011755e-134	2.1837585837857	0.027	0.006	3.19004060834811e-130	HIPK3	c6
1.03229145777333e-133	1.89591732677643	0.036	0.01	2.14365644121209e-129	DPYD	c6
2.08472398032409e-133	3.33018542257867	0.011	0.001	4.329137817541e-129	CR1	c6
2.55365129871342e-133	-2.34604963411851	0.017	0.087	5.30291228690829e-129	SOD1	c6
3.0056717753924e-133	2.15794004260497	0.027	0.006	6.24157800877987e-129	LY96	c6
7.20996139990648e-133	3.3369745882413	0.011	0.001	1.49722058430458e-128	OSBPL11	c6
9.13871688068375e-131	1.34969882932052	0.07	0.028	1.89774594744279e-126	TPM4	c6
1.12644073850168e-130	1.63360812626946	0.047	0.015	2.33916683757259e-126	MEF2C	c6
1.33532782620797e-130	0.890481453677163	0.112	0.054	2.77294176390348e-126	LGALS3	c6
3.20164757158412e-130	2.17116744298728	0.026	0.006	6.64854134715158e-126	SKAP2	c6
3.40335900940644e-130	3.10052110350152	0.013	0.001	7.06741531893341e-126	SLC8A1	c6
7.25037643303122e-130	-0.954829182333128	0.129	0.23	1.50561317008326e-125	HCST	c6
1.06750915774683e-129	-3.68896075218048	0.005	0.064	2.21678951697707e-125	CD3G	c6
3.75810207955253e-129	2.15233466091413	0.027	0.006	7.80407477839878e-125	PARP14	c6
2.65312743161529e-127	-1.28093166898479	0.062	0.147	5.50948442449232e-123	LRRC75A-AS1	c6
2.6626030016809e-127	1.59746380794471	0.048	0.016	5.52916139329055e-123	CDC42EP3	c6
4.74453261489075e-127	3.27739693145378	0.011	0.001	9.85249642808213e-123	HRH2	c6
4.80323639230774e-127	1.02161201814069	0.117	0.058	9.97440069226625e-123	CDC42	c6
3.37556083703298e-126	1.04947999041782	0.063	0.024	7.00968963418268e-122	LINC01272	c6
7.86921412188176e-126	1.89656212727792	0.033	0.009	1.63412100454997e-121	USP3	c6
2.11464792939439e-125	-3.93638688437353	0.007	0.067	4.39127789018039e-121	XCL1	c6
2.53022706703483e-125	1.95056337999927	0.031	0.008	5.25426952740453e-121	STX11	c6
2.57725865816438e-124	3.10305717142238	0.012	0.001	5.35193532954415e-120	DAPK1	c6
4.43261706952968e-124	0.940152872904393	0.127	0.066	9.20477260658533e-120	GNG5	c6
1.13959271765856e-122	-1.8692548586883	0.026	0.096	2.36647823748977e-118	SNHG8	c6
2.17213677597953e-121	2.25374680779383	0.023	0.005	4.51065922899908e-117	RAP2B	c6
4.61974868762312e-121	-1.25905033748386	0.071	0.156	9.59337012471818e-117	BTG2	c6
4.75275032538098e-121	-1.64444215342217	0.034	0.107	9.86956132568614e-117	SNRPD2	c6
1.57126029729452e-120	1.99692019370016	0.029	0.007	3.2628791333618e-116	LRRC25	c6
1.58609634197503e-119	3.03138322997453	0.012	0.001	3.29368766374536e-115	RHOQ	c6
1.66174308520947e-119	1.81453260044387	0.033	0.009	3.45077569074599e-115	ALDH2	c6
3.46790556447286e-119	2.99668804121382	0.012	0.002	7.20145269518435e-115	SH2B3	c6
1.77461576057326e-118	1.78274521505976	0.038	0.012	3.68516708840643e-114	ATP1B3	c6
2.62333629337774e-118	1.86067640948608	0.033	0.009	5.44762014682822e-114	MAP2K3	c6
2.69024988032044e-118	1.77430471351144	0.037	0.011	5.58657290147343e-114	IVNS1ABP	c6
4.07912163257467e-118	1.77292507241515	0.036	0.011	8.47070398220457e-114	LGALS9	c6
1.30858787314648e-116	1.21483128520256	0.075	0.032	2.71741357737598e-112	ARRB2	c6
1.61085107086332e-116	-3.25559859468855	0.006	0.061	3.34509333375478e-112	ITM2A	c6
1.94917812547022e-116	2.84467445853076	0.013	0.002	4.04766329535145e-112	BASP1	c6
4.06238728852908e-116	1.42538374252011	0.055	0.02	8.43595344335948e-112	JMJD1C	c6
8.98458708152136e-116	-2.861872652174	0.01	0.066	1.86573935334873e-111	CLDND1	c6
1.67457825730886e-115	2.97378763910374	0.012	0.002	3.47742920912758e-111	GAA	c6
2.25188409969156e-115	-2.13751023673309	0.018	0.08	4.6762625214195e-111	HMGN1	c6
3.17291899460495e-115	2.81956464084696	0.014	0.002	6.58888358419665e-111	MSRB1	c6
1.75388894542384e-114	1.77897619187196	0.034	0.01	3.64212578406714e-110	MXD1	c6
5.6389052588938e-114	2.28723454936016	0.021	0.004	1.17097506606189e-109	PLEKHB2	c6
6.43040115918402e-114	-3.88480542521263	0.004	0.055	1.33533710471615e-109	CD247	c6
1.69726262700766e-113	-1.94778513670112	0.024	0.088	3.52453557124412e-109	TAGAP	c6
8.06797507894638e-113	-3.12835437023453	0.007	0.061	1.67539570489401e-108	SPOCK2	c6
1.99249493492439e-112	2.5517620244855	0.016	0.003	4.13761498186399e-108	PTEN	c6
3.40547709425507e-112	-2.90385336552543	0.008	0.062	7.07181373393007e-108	LIME1	c6
3.65826702075585e-112	-0.920839676275623	0.102	0.191	7.5967572953016e-108	TOMM7	c6
4.78259343014941e-112	1.99018710871567	0.027	0.007	9.93153351704826e-108	NOTCH2	c6
7.92897266974407e-112	-3.79541110033616	0.007	0.06	1.64653046459905e-107	XCL2	c6
1.95954995387092e-111	1.56749122882185	0.043	0.015	4.06920143420834e-107	TGOLN2	c6
3.82043460020502e-111	1.30797687247952	0.062	0.025	7.93351449078575e-107	SAMHD1	c6
1.30192633658482e-110	-1.6637217098369	0.031	0.098	2.70358023055203e-106	PSMB9	c6
1.45206119028212e-110	-3.51158274293253	0.005	0.056	3.01535026773985e-106	LINC00861	c6
2.85003580286414e-110	-2.24775013478229	0.015	0.073	5.91838434822768e-106	C9orf142	c6
8.08762267817126e-110	3.01140588912637	0.011	0.001	1.67947572534904e-105	MAP3K3	c6
8.38953765791148e-110	-3.34695926211216	0.006	0.057	1.7421713900419e-105	CD27	c6
1.09262826843255e-109	2.39581742437445	0.018	0.003	2.26895186222704e-105	ARAP1	c6
1.60503626337973e-109	1.60580125757541	0.029	0.008	3.33301830453435e-105	CXCL3	c6
2.74764912493635e-109	-2.94446057997353	0.008	0.061	5.70576817284282e-105	SEPT1	c6
7.11027271549473e-109	-2.69468110515259	0.013	0.069	1.47651923209964e-104	TNF	c6
2.48525724134153e-108	-1.48894728682704	0.041	0.11	5.16088518736982e-104	PPIB	c6
3.29875929801279e-108	-2.25856114026855	0.015	0.072	6.85020355825336e-104	TUBA4A	c6
5.03134522236804e-108	-2.54347012863304	0.012	0.068	1.04480914887695e-103	RPS18P9	c6
3.09504369611323e-107	1.87727570247224	0.028	0.007	6.42716773934872e-103	RNF144B	c6
3.59884401236529e-107	1.39855266987975	0.053	0.02	7.47335947607777e-103	ATF4	c6
3.74872452763808e-107	2.81696752936092	0.012	0.002	7.78460135409323e-103	MCEMP1	c6
1.0998500920804e-106	0.443088472374996	0.334	0.238	2.28394870121416e-102	ND5	c6
4.59814277207588e-106	2.59696565544947	0.015	0.002	9.54850328049278e-102	NUMB	c6
1.49793082957878e-105	3.1754215002734	0.01	0.001	3.1106031607033e-101	SNX27	c6
2.71028349992873e-105	1.36683080277958	0.054	0.021	5.628174715952e-101	ARPC4	c6
3.20163394805908e-105	2.57443877896177	0.015	0.003	6.64851305653949e-101	IL6R	c6
3.65925169902454e-105	1.94603381152881	0.026	0.006	7.59880207819436e-101	LILRA2	c6
8.47881295083078e-105	2.08090390148911	0.023	0.006	1.76071029736952e-100	METRNL	c6
1.07183207765836e-104	-4.43626867006126	0.003	0.049	2.22576649246535e-100	CD79A	c6
1.22413401989836e-103	-2.61398674202481	0.011	0.064	2.54203670572094e-99	BATF	c6
1.52428710362613e-103	3.1754215002734	0.01	0.001	3.16533459939003e-99	ADAM15	c6
2.41497917423581e-103	1.57321411606044	0.041	0.014	5.01494575321807e-99	MGAT1	c6
4.3762142397412e-103	2.28695343803765	0.019	0.004	9.08764649024657e-99	C3AR1	c6
5.46321966661475e-103	1.97195638133908	0.026	0.007	1.13449219596922e-98	SEC14L1	c6
1.23841632166828e-102	-3.8919931600794	0.004	0.051	2.57169533357635e-98	LOC101060038	c6
2.21002155280032e-102	1.77335897770001	0.029	0.008	4.58933075654515e-98	SOX4	c6
7.8406671088888e-102	0.780106645596499	0.152	0.089	1.62819293183185e-97	RNASEK	c6
3.03572541948333e-101	-2.7363136353142	0.009	0.059	6.30398740609909e-97	STK17A	c6
2.09514747540919e-100	-0.734435820627495	0.146	0.237	4.35078324743473e-96	TMA7	c6
3.1487848926599e-100	1.32434520078647	0.058	0.024	6.53876670809754e-96	MAP3K8	c6
1.05878774081506e-99	0.585982317527911	0.249	0.168	2.19867862257655e-95	RPS11	c6
1.43720865137974e-99	1.03955945218989	0.088	0.043	2.98450748545516e-95	MSN	c6
3.32178242242958e-99	2.96452471777478	0.011	0.001	6.89801337841728e-95	ZMIZ1	c6
6.65229766016033e-99	2.0285118529743	0.023	0.006	1.38141613210889e-94	MAP3K1	c6
7.8508306412679e-99	2.85255323263142	0.011	0.002	1.63030349096569e-94	LFNG	c6
3.66390709613833e-98	1.26908039811692	0.059	0.024	7.60846947584086e-94	UPP1	c6
4.27696060932146e-98	-2.05997274321677	0.017	0.071	8.88153640131695e-94	SSR2	c6
3.38583813752732e-97	2.14042842628762	0.02	0.005	7.03103147638923e-93	LAMP2	c6
3.62666794966835e-97	1.84239874451651	0.027	0.008	7.5311386642813e-93	SHOC2	c6
7.00054171365988e-97	1.50151886996643	0.042	0.015	1.45373249225861e-92	TLN1	c6
8.49274271514319e-97	1.02369119799314	0.087	0.043	1.76360295222663e-92	CAP1	c6
1.02228437630881e-96	2.48198328164811	0.015	0.003	2.12287573584289e-92	RAB20	c6
1.29151657142274e-96	2.80176512271725	0.012	0.002	2.68196331221647e-92	ASAP1	c6
1.65826557318798e-95	-1.14312002513164	0.06	0.13	3.44355428928216e-91	SRP14	c6
3.07286882677294e-95	2.48928016518487	0.015	0.003	6.38111940567669e-91	MBD2	c6
4.419521051033e-95	2.5488621339797	0.014	0.002	9.17757741457513e-91	QSOX1	c6
7.7527032499442e-95	-1.1660913735819	0.059	0.128	1.60992635688341e-90	LOC101929876	c6
8.41215751551701e-94	0.463004190581711	0.209	0.134	1.74686862967226e-89	ANXA1	c6
1.40052896257463e-93	1.16672313904404	0.065	0.029	2.90833844368248e-89	AKAP13	c6
1.4115930536429e-93	1.87499447459695	0.025	0.007	2.93131413519485e-89	SLC16A3	c6
1.52137571433366e-93	1.04156152232087	0.081	0.04	3.15928880838528e-89	RHOG	c6
1.61020883059688e-93	1.88539570124692	0.025	0.007	3.34375965761748e-89	NUDT16	c6
3.21334920197522e-93	1.69766860098857	0.031	0.01	6.67284095282173e-89	PILRA	c6
1.79444447955596e-92	2.56677518807247	0.013	0.002	3.7263434062459e-88	GGTA1P	c6
2.01893736176517e-92	1.38060152064156	0.046	0.018	4.19252532544154e-88	USP15	c6
2.23137915134386e-92	1.0877616321458	0.073	0.034	4.63368194568067e-88	MYADM	c6
3.19227783897804e-92	-3.55133588580171	0.004	0.047	6.6290841604218e-88	TIGIT	c6
3.88152121350072e-92	2.72168132881136	0.012	0.002	8.06036695195559e-88	AMPD2	c6
1.98860706316744e-91	-0.78039159400825	0.117	0.198	4.12954142737351e-87	BTF3	c6
4.12636059351467e-91	-2.45251204874538	0.01	0.056	8.56880040849256e-87	RHOH	c6
4.92671861059881e-91	2.93922327941192	0.01	0.001	1.02308238667695e-86	LACTB	c6
1.24392181009801e-90	2.79760220449399	0.011	0.002	2.58312803084953e-86	CTNNA1	c6
3.16071114005112e-90	1.63436433017672	0.031	0.01	6.56353275343015e-86	PLD3	c6
9.24736394229775e-90	-2.9251932748741	0.006	0.05	1.92030759625755e-85	LAT	c6
9.75092929057575e-90	1.94708750490752	0.022	0.006	2.02487797648096e-85	CHMP4B	c6
1.35219333533661e-89	1.48119178798355	0.039	0.014	2.80796468016001e-85	HSBP1	c6
1.59180432507054e-89	2.71005232544441	0.011	0.002	3.30554086144149e-85	APOBR	c6
2.17181578214107e-89	-3.90227866936357	0.003	0.044	4.50999265319414e-85	MS4A1	c6
2.27046296321987e-89	-3.11127810630299	0.005	0.048	4.71484338942239e-85	CD96	c6
5.35555947211072e-89	1.62534745681929	0.031	0.01	1.11213547997851e-84	ICAM1	c6
5.95708251150395e-89	1.60105041081995	0.031	0.01	1.23704775433891e-84	IGSF6	c6
1.22292118990324e-88	2.36423444877448	0.015	0.003	2.53951814295307e-84	MAN1A1	c6
1.76076723748648e-88	1.96144256600344	0.022	0.006	3.65640924536442e-84	ARID1A	c6
2.48900572835383e-88	-2.72003510881417	0.008	0.052	5.16866929549957e-84	TBC1D10C	c6
2.60378437142533e-87	-1.79148745369548	0.02	0.071	5.40701862570185e-83	CLEC2B	c6
7.28584116920624e-87	0.814169154506847	0.093	0.049	1.51297777719737e-82	CD83	c6
1.10558465564844e-86	0.898215037199097	0.093	0.049	2.29585709591956e-82	SELL	c6
1.15021005722096e-86	1.7385611838956	0.028	0.008	2.38852620482504e-82	LINC00657	c6
2.5732331794447e-86	1.25964370996204	0.052	0.022	5.34357602043487e-82	GLIPR2	c6
2.67982348492192e-86	-3.10960612287639	0.006	0.048	5.56492144878887e-82	CXCL13	c6
4.10290870245173e-86	-2.93509503545803	0.007	0.049	8.52010021151126e-82	ZNF683	c6
4.88557647274855e-86	-1.10769062413496	0.056	0.12	1.01453881033096e-81	HNRNPDL	c6
5.55340693418625e-86	0.769483919341202	0.131	0.077	1.15322048395312e-81	GPX4	c6
6.60900922569609e-86	1.16397883811685	0.06	0.027	1.37242685580805e-81	MTDH	c6
1.76384147001444e-85	-2.52901423660072	0.009	0.052	3.66279319663199e-81	DUSP4	c6
3.53164938235773e-85	2.71743185581	0.011	0.002	7.33382310740407e-81	B3GNT5	c6
5.51169994316563e-85	-0.664159160375697	0.159	0.242	1.14455961019778e-80	RPL4	c6
1.05084891727408e-84	-2.44247866015099	0.01	0.054	2.18219286161136e-80	RPS14P3	c6
8.28366661783496e-84	2.03981086335642	0.019	0.005	1.72018620985961e-79	MKNK2	c6
9.94046196970332e-84	1.00456617795997	0.078	0.039	2.06423633262859e-79	GLIPR1	c6
9.96719905541619e-84	-2.63124930178045	0.011	0.055	2.06978855584773e-79	HIST1H4C	c6
1.3522367522898e-83	-2.0937086157777	0.014	0.06	2.80805483980499e-79	SOCS1	c6
1.42533347454106e-83	2.19996755282372	0.016	0.004	2.95984749323197e-79	CTDNEP1	c6
1.50908061188586e-83	-0.789854094618995	0.106	0.182	3.13375679864217e-79	PCBP2	c6
3.90765645917251e-83	-3.71689309349033	0.003	0.042	8.11463940311764e-79	FAIM3	c6
8.18234555569715e-83	-2.49765186951227	0.009	0.052	1.69914587809607e-78	ETS1	c6
1.21929091070905e-82	2.07784734305577	0.018	0.004	2.53197950517842e-78	ALOX5	c6
1.26810925870069e-82	2.63863028810241	0.011	0.002	2.63335568661786e-78	PRKCD	c6
1.47620906138842e-82	1.72514326596525	0.027	0.008	3.06549573687919e-78	TNFRSF1A	c6
2.73052436581159e-82	2.06802929352864	0.018	0.004	5.67020689804434e-78	FAM120A	c6
4.92739891811942e-82	-1.83342819255502	0.019	0.067	1.02322365933668e-77	RPL21P28	c6
7.9777373508446e-82	-1.7463546756462	0.021	0.07	1.65665693827639e-77	ANAPC16	c6
8.31122562966419e-82	2.24099381186702	0.015	0.003	1.72590911425607e-77	SLC1A3	c6
9.89133749440863e-82	2.0054339076668	0.019	0.005	2.0540351440889e-77	ETF1	c6
2.04073432349437e-81	-4.26617934145582	0.002	0.039	4.23778889616842e-77	KLRC2	c6
3.04971951579693e-81	1.01148989454399	0.075	0.037	6.33304754650391e-77	SFPQ	c6
2.4780694968504e-80	1.48056411195768	0.035	0.013	5.14595911715955e-76	ROCK1	c6
3.14145851014576e-80	1.70634596240682	0.026	0.008	6.52355274216868e-76	RNF13	c6
3.91610727788623e-80	2.05339429933123	0.018	0.004	8.13218837325855e-76	MAP3K2	c6
4.16284558863753e-80	1.46833664093408	0.036	0.013	8.64456514936469e-76	C6orf62	c6
8.54697064515815e-80	1.22222629395112	0.051	0.022	1.77486392417354e-75	IFNGR1	c6
8.84820333317933e-80	2.49959052670474	0.012	0.002	1.83741790416802e-75	PID1	c6
1.30168858355472e-79	1.49360564926486	0.034	0.012	2.70308651260973e-75	EVI2A	c6
1.57212522547178e-79	-0.554838629438299	0.194	0.278	3.2646752432147e-75	RPL27	c6
1.67019158604144e-79	0.970002329984454	0.08	0.041	3.46831984757366e-75	ARPC5	c6
4.81848349546635e-79	1.65476437529634	0.028	0.009	1.00060628266854e-74	CELF1	c6
5.19115822612737e-79	0.549810254803822	0.215	0.146	1.07799591723761e-74	TAGLN2	c6
7.34895431297152e-79	-0.94591276355608	0.073	0.139	1.52608385263167e-74	YWHAZ	c6
9.38606749969536e-79	2.04154309619476	0.018	0.004	1.94911077698674e-74	ATG16L2	c6
1.35511752401707e-78	-1.54859417087631	0.026	0.076	2.81403705037385e-74	CALR	c6
1.96889674266652e-78	-2.4798226482327	0.009	0.049	4.08861097582129e-74	RPSAP58	c6
2.68800628919822e-78	1.50693133054252	0.033	0.012	5.58191386014902e-74	BNIP2	c6
2.73479781667974e-78	-2.88676862951542	0.006	0.044	5.67908114611715e-74	SH2D2A	c6
2.81831947062487e-78	1.75455935613111	0.024	0.007	5.85252221269961e-74	UBE2D1	c6
3.10697013678205e-78	-2.06009594834088	0.014	0.058	6.4519341860416e-74	LINC00152	c6
9.85504559655382e-78	1.50755318824483	0.032	0.011	2.04649876858037e-73	PLSCR1	c6
1.37462370218051e-77	1.88836145259669	0.021	0.006	2.85454357994805e-73	PTTG1IP	c6
1.62404716990384e-77	2.74934110376475	0.01	0.002	3.37249635302232e-73	HSPA7	c6
2.27491291854686e-77	2.73207863177441	0.01	0.001	4.72408416665441e-73	PLXNC1	c6
5.26362742755516e-77	2.11719649954739	0.016	0.004	1.0930448716061e-72	TOM1	c6
7.56982288708627e-77	1.16480316559553	0.055	0.025	1.57194942073234e-72	FAM65B	c6
8.93261944837508e-77	1.83627220655798	0.022	0.006	1.85494775464957e-72	TACC1	c6
5.60885335431366e-76	-1.48740219414214	0.027	0.076	1.16473448755677e-71	CIB1	c6
8.49093745399614e-76	-5.04857244142478	0.001	0.035	1.76322807169684e-71	FGFBP2	c6
9.49390824355804e-76	-1.09991433864419	0.054	0.112	1.97150498585726e-71	RPL17	c6
1.09144314658825e-75	2.09924981978799	0.016	0.004	2.26649083820516e-71	NXF1	c6
1.09842421217032e-75	-3.32744201582496	0.004	0.04	2.28098771899288e-71	C12orf75	c6
2.15316158625977e-75	1.35703920042748	0.039	0.015	4.47125535002704e-71	MYO1G	c6
2.72198156369863e-75	1.83368492430585	0.021	0.006	5.65246691517657e-71	PTPN18	c6
6.87807027777995e-75	-3.79896857495637	0.002	0.037	1.42830007388378e-70	PVRIG	c6
1.03724453178544e-74	-1.37958289270741	0.031	0.082	2.15394199470565e-70	SKP1	c6
1.68285512069045e-74	-2.20269571263277	0.011	0.052	3.49461694362579e-70	HNRNPA1P10	c6
2.08364768750061e-74	2.41141427942546	0.012	0.002	4.32690278786376e-70	MCTP1	c6
2.09587546277887e-74	2.34954865134144	0.013	0.003	4.3522949860066e-70	DSE	c6
2.5670921039143e-74	2.01760539805685	0.018	0.004	5.33082346298843e-70	CD86	c6
3.2467120900828e-74	1.93419778888673	0.019	0.005	6.74212232626594e-70	CTNNB1	c6
4.35615441914697e-74	-4.00221364959871	0.002	0.036	9.04599026680059e-70	CMC1	c6
1.64951846911599e-73	1.16449219472326	0.05	0.022	3.42539005296627e-69	CTSH	c6
2.98637864000458e-73	1.01996950707926	0.067	0.033	6.2015138838335e-69	CMTM6	c6
5.7045568002899e-73	2.12938996215688	0.015	0.004	1.1846082651482e-68	PIK3AP1	c6
7.22680232374135e-73	-1.01592248480382	0.057	0.115	1.50071777054813e-68	MYL12B	c6
8.94197519626724e-73	2.30198455819269	0.013	0.003	1.85689056925685e-68	FAM49A	c6
1.11704787905524e-72	-3.12448769855751	0.009	0.047	2.31966162564612e-68	CCL4L2	c6
1.53887765291212e-72	1.17006446402733	0.045	0.019	3.19563333403731e-68	XIST	c6
2.5488559047167e-72	1.7450176874819	0.023	0.007	5.29295417173469e-68	TRMT1	c6
2.96074786746112e-72	-1.29043019427707	0.035	0.086	6.14828902156975e-68	GSTK1	c6
3.24249240993864e-72	1.01497874220111	0.067	0.033	6.73335973847858e-68	SNHG5	c6
4.10611954145475e-72	2.34110646579915	0.012	0.002	8.52676783978493e-68	JAK2	c6
4.24056256930581e-72	-1.5652050072759	0.023	0.069	8.80595223142045e-68	GLTSCR2	c6
1.40618183502629e-71	2.49114551836907	0.011	0.002	2.9200771986156e-67	MED13L	c6
1.5206109007313e-71	1.83102106564983	0.022	0.006	3.15770059645861e-67	OLR1	c6
2.63995820191836e-71	-3.23738861715764	0.004	0.038	5.48213720210368e-67	LBH	c6
3.54911737511441e-71	-0.763742915991529	0.099	0.166	7.37009714116257e-67	CD99	c6
6.28893439310038e-71	2.32139134698853	0.013	0.003	1.30596011607122e-66	RASSF3	c6
1.29315792498877e-70	-1.81123138432444	0.017	0.058	2.68537174703168e-66	HNRNPA0	c6
1.61939101522132e-70	2.15555296820189	0.014	0.003	3.36282738220859e-66	C9orf72	c6
1.74397708435687e-70	1.03721148411879	0.064	0.032	3.62154281337548e-66	FKBP5	c6
1.98893224752807e-70	-1.78074646891248	0.017	0.059	4.13021670521679e-66	GYPC	c6
3.35837476374364e-70	1.02951865076049	0.064	0.032	6.97400103439005e-66	GNB2	c6
5.50101887326446e-70	1.0477454810788	0.06	0.029	1.1423415792221e-65	LYST	c6
7.96688269270206e-70	2.51284225699331	0.01	0.002	1.65440285996651e-65	RELT	c6
1.11321266820195e-69	-0.950414999378203	0.066	0.125	2.31169742678817e-65	LIMD2	c6
2.55991802915941e-69	-1.79254217927554	0.017	0.058	5.31592577935242e-65	RAN	c6
2.89328285919383e-69	-1.93057729241437	0.014	0.054	6.00819118540192e-65	PARK7	c6
3.1396294801718e-69	0.783013881365665	0.097	0.055	6.51975457852475e-65	ENO1	c6
4.24022733243125e-69	-1.88884671795799	0.015	0.055	8.80525607852672e-65	GAS5	c6
4.88740529678229e-69	-3.36832089731279	0.003	0.036	1.01491858392981e-64	APOBEC3G	c6
6.11631141928675e-69	-1.85300772137769	0.015	0.055	1.27011322932909e-64	CCND3	c6
1.52968946019976e-68	1.80376803160606	0.02	0.006	3.17655313305083e-64	RARA	c6
3.70815149027323e-68	-1.33232595524996	0.032	0.08	7.7003473847014e-64	LDHA	c6
3.79803493283574e-68	1.55989057882352	0.027	0.009	7.8869993415267e-64	XRN2	c6
4.05899186309475e-68	-3.27182070935599	0.004	0.037	8.42890250290256e-64	PIM2	c6
4.8754503690984e-68	1.8884051415023	0.018	0.005	1.01243602364697e-63	KIAA1033	c6
6.89086217012658e-68	1.81411433863404	0.02	0.006	1.43095643824849e-63	GPR34	c6
7.81718618287865e-68	-0.677399468072367	0.114	0.182	1.62331688273658e-63	COX7C	c6
1.18092323599713e-67	1.41486908578957	0.033	0.012	2.45230519187164e-63	OSBPL8	c6
1.85084192721389e-67	-2.16428260700534	0.01	0.047	3.84345834605236e-63	GIMAP7	c6
3.04602905092473e-67	-1.73895717110368	0.017	0.058	6.3253839271503e-63	PSMB8	c6
3.84490691606175e-67	-1.38249962488473	0.028	0.073	7.98433370189382e-63	VAMP2	c6
9.37264537335938e-67	-1.34074686629641	0.036	0.083	1.94632353823181e-62	CITED2	c6
1.01668576277518e-66	0.941915991800419	0.075	0.04	2.11124965497893e-62	WSB1	c6
1.26645566172803e-66	-1.3414807537102	0.03	0.076	2.62992182714443e-62	COX6C	c6
1.84726806144581e-66	-1.0532495092887	0.049	0.101	3.83603685639836e-62	SUMO2	c6
2.74471840087263e-66	1.17126291519383	0.046	0.02	5.6996822312521e-62	HNRNPH1	c6
6.78700054784044e-66	-3.29801107447237	0.004	0.035	1.40938853376455e-61	ITM2C	c6
1.18766917126519e-65	-2.27647874223403	0.009	0.044	2.4663138010493e-61	PDCD4	c6
1.8255410183953e-65	1.17108348010673	0.045	0.02	3.79091847879968e-61	DDX21	c6
1.95481020422907e-65	-2.44855736277007	0.008	0.042	4.05935887010209e-61	SEPT6	c6
2.71880926051304e-65	1.74091911926828	0.021	0.006	5.64587931038138e-61	RIOK3	c6
3.4427798265965e-65	-3.00452918454732	0.004	0.036	7.14927658791028e-61	PIK3IP1	c6
5.1572419120759e-65	-3.33505039434344	0.004	0.035	1.07095285546168e-60	LAG3	c6
7.16087062549471e-65	-1.58330201680823	0.02	0.061	1.48702639409023e-60	TRMT112	c6
7.50822840943319e-65	1.68675223772058	0.022	0.007	1.5591587115029e-60	FAM200B	c6
8.65120892910807e-65	-2.52473659926521	0.007	0.04	1.79651004621858e-60	TSTD1	c6
9.50579452447254e-65	-3.19016758242496	0.004	0.035	1.97397329095197e-60	ZAP70	c6
2.15990977043767e-64	1.97110636714996	0.016	0.004	4.48526862929087e-60	ABHD5	c6
2.55600891652542e-64	-0.618601263163285	0.139	0.208	5.30780811605668e-60	EEF1G	c6
2.82658242771788e-64	1.64496221747756	0.023	0.007	5.86968106939894e-60	SPG21	c6
2.86914680839546e-64	-2.969336860767	0.005	0.036	5.95807026231402e-60	LYAR	c6
5.25107175601513e-64	1.23067637616745	0.04	0.017	1.0904375608541e-59	FMNL1	c6
6.2960830750542e-64	-1.09889503729666	0.051	0.102	1.30744461136576e-59	DNAJA1	c6
7.72311776415041e-64	2.49798671852389	0.01	0.002	1.60378263490347e-59	EAF1	c6
9.97968968511457e-64	1.85919576475022	0.013	0.003	2.07238236001089e-59	CCL2	c6
1.29475595930689e-63	-1.59119296317052	0.02	0.06	2.68869022509669e-59	RBM8A	c6
1.60353603803345e-63	2.4514246588133	0.01	0.002	3.32990293658027e-59	ACTN1	c6
2.48314810523193e-63	-2.89285480127102	0.005	0.036	5.15650535532463e-59	SKAP1	c6
4.1022508656685e-63	1.13822288231915	0.046	0.021	8.51873414764721e-59	LAMTOR1	c6
4.41911630284859e-63	0.62433424127319	0.139	0.09	9.17673691449538e-59	ATP5I	c6
4.7029931606329e-63	0.601582945555056	0.155	0.103	9.76623559737027e-59	CALM2	c6
7.73747224216449e-63	0.756345730934593	0.288	0.231	1.60676348580788e-58	HSP90AA1	c6
2.78673811703234e-62	1.57431836371749	0.024	0.008	5.78694037382936e-58	OS9	c6
3.04874067794393e-62	1.19586501049397	0.04	0.017	6.33101489181837e-58	GLRX	c6
4.45676634240171e-62	-0.676280064790989	0.107	0.17	9.25492098663139e-58	RPL31	c6
4.54727288932089e-62	-1.88999426184483	0.013	0.049	9.44286688196375e-58	PRDM1	c6
4.78920051581719e-62	1.42465010658216	0.03	0.011	9.94525379114598e-58	LOC100509457	c6
5.70047656292786e-62	2.40280571753894	0.01	0.002	1.1837609630576e-57	ITGA5	c6
9.89742391655381e-62	1.50377644855497	0.026	0.009	2.05529905051156e-57	SHKBP1	c6
1.9276532930195e-61	1.26903088562323	0.036	0.015	4.00296482828429e-57	GSTO1	c6
2.22147691184505e-61	1.32107043587489	0.035	0.014	4.61311895513744e-57	NR4A3	c6
2.48309863041295e-61	-1.22329870437486	0.034	0.079	5.15640261591554e-57	GUK1	c6
3.92009190317046e-61	0.280898256626855	0.509	0.43	8.14046284612377e-57	RPS9	c6
1.22088096865116e-60	1.11545424422928	0.046	0.021	2.535281419501e-56	SRRM2	c6
1.42715583270337e-60	0.374347851543707	0.358	0.282	2.96363180219181e-56	KLF6	c6
1.8507468477089e-60	1.38413909163153	0.03	0.012	3.84326090395231e-56	TM9SF2	c6
2.43771586744796e-60	-2.92039004824497	0.004	0.034	5.06216077034244e-56	ITK	c6
2.66667236304364e-60	-2.78094176815617	0.005	0.035	5.53761182909642e-56	FLT3LG	c6
4.13729499334802e-60	1.40259318570896	0.029	0.011	8.59150678318649e-56	SNORD3A	c6
5.13960385772546e-60	-0.507171078245298	0.185	0.256	1.06729013709527e-55	RPL38	c6
6.33087317498532e-60	-2.90576576809841	0.004	0.034	1.31466912351745e-55	OXNAD1	c6
6.92506467816785e-60	1.81238996325438	0.017	0.005	1.43805893106833e-55	PNPLA8	c6
7.79584463844675e-60	-0.425534694004687	0.264	0.339	1.61888509761985e-55	RPL22	c6
1.3434041589835e-59	-2.08441658994106	0.01	0.043	2.78971307654514e-55	PPP1R2	c6
1.38467139550945e-59	1.6668297002964	0.02	0.006	2.87540861991493e-55	HEXB	c6
2.35709217711751e-59	1.21394505709477	0.038	0.016	4.89473761500222e-55	HLA-DMB	c6
3.00798001474904e-59	0.884152502811193	0.071	0.038	6.24637129862785e-55	DDX3X	c6
5.21222125471504e-59	-3.89056416357668	0.002	0.029	1.08236986575413e-54	KLRG1	c6
6.10164240063247e-59	-0.736599968579196	0.091	0.149	1.26706706091534e-54	OST4	c6
8.74199939118896e-59	-3.86629029582152	0.002	0.028	1.8153635935743e-54	KLRK1	c6
1.68618180001012e-58	-4.0770923169131	0.002	0.028	3.50152512590102e-54	KLRC3	c6
1.93146879674589e-58	2.38242187119286	0.01	0.002	4.01088810332253e-54	ADAM17	c6
3.92437361013514e-58	1.15962096134882	0.041	0.018	8.14935423880664e-54	ARHGAP4	c6
5.64362312997156e-58	1.95391910703224	0.014	0.004	1.17195477916989e-53	BLVRA	c6
7.61197594079074e-58	-2.69960799637999	0.005	0.034	1.58070292386461e-53	OCIAD2	c6
9.13664179869664e-58	-4.34329784643363	0.001	0.028	1.89731503591734e-53	TNFRSF18	c6
2.27753969258387e-57	-3.52390966832743	0.002	0.029	4.72953892561967e-53	TC2N	c6
2.71324257520078e-57	1.93153729625871	0.015	0.004	5.63431953166193e-53	CSGALNACT2	c6
4.08611401820855e-57	1.24202583121376	0.029	0.011	8.48522437021188e-53	LIPA	c6
5.24526068892848e-57	-2.46110514770284	0.007	0.037	1.08923083466289e-52	ICOS	c6
1.11589166900048e-56	1.61577546731917	0.021	0.007	2.3172606398464e-52	RIN3	c6
1.34867005067316e-56	-2.79866210760718	0.005	0.033	2.80064822722788e-52	ARHGAP15	c6
1.96331832296753e-56	0.769843617246893	0.09	0.053	4.07702682947438e-52	NFKBIZ	c6
2.18083209442383e-56	1.79032275714301	0.017	0.005	4.52871592728052e-52	HOOK3	c6
2.21422636072247e-56	-1.15338744464681	0.035	0.078	4.59806246067628e-52	SNHG6	c6
3.26207953862222e-56	1.49531373717253	0.025	0.009	6.7740343699029e-52	GK	c6
8.9917521870255e-56	-1.4417844467939	0.022	0.059	1.86722725915771e-51	SAP18	c6
1.46489947769762e-55	-3.54075363689667	0.002	0.028	3.04201025538688e-51	CTLA4	c6
1.53988996172492e-55	-2.10615662409209	0.009	0.04	3.19773549451796e-51	ACAP1	c6
1.71470303652401e-55	1.58339182581063	0.021	0.007	3.56075232564576e-51	DOCK2	c6
2.00996207600624e-55	-1.4569575466352	0.021	0.058	4.17388724703456e-51	CNN2	c6
2.31309602858055e-55	1.40673787327779	0.026	0.01	4.80337521295038e-51	TNFSF10	c6
2.70746197627067e-55	1.6270456193529	0.02	0.006	5.62231553992368e-51	SH3BP5	c6
4.26129227589087e-55	0.391445793580424	0.228	0.167	8.84899954011497e-51	RPL13A	c6
6.00729836780628e-55	1.92223454817864	0.014	0.004	1.24747557905865e-50	CCDC88B	c6
7.80643528897178e-55	1.46629780394065	0.024	0.009	1.62108435210788e-50	SAT2	c6
1.02412188422405e-54	-2.62393937994178	0.005	0.033	2.12669150477966e-50	SYTL3	c6
1.18559504574805e-54	0.974171502316995	0.054	0.028	2.46200667200039e-50	GDI2	c6
1.25653782688739e-54	-1.18350997868332	0.033	0.074	2.60932645131436e-50	CYCS	c6
1.475784301579e-54	0.937477731660088	0.058	0.03	3.06461368065896e-50	DDX17	c6
1.60243982271576e-54	2.09128000364603	0.012	0.003	3.32762653585154e-50	MAP3K11	c6
1.71727004392685e-54	1.47449205706947	0.024	0.009	3.5660829732185e-50	IQGAP2	c6
1.76481549239943e-54	-1.26007146425909	0.028	0.067	3.66481585151666e-50	PTGES3	c6
1.87448640064312e-54	1.78527047801612	0.016	0.005	3.8925584595755e-50	PLEKHO1	c6
2.56370920200515e-54	2.23554538634501	0.01	0.002	5.3237985288839e-50	RRP12	c6
2.9095264410401e-54	-2.82760982765746	0.004	0.031	6.04192260746386e-50	SYNE2	c6
4.14740109158121e-54	1.79097232082797	0.016	0.005	8.61249310677754e-50	RASGEF1B	c6
4.28270816487161e-54	-1.73933753966812	0.014	0.046	8.89347177517239e-50	GNG2	c6
1.02950183629016e-53	1.24049149452759	0.033	0.014	2.13786351324015e-49	WASF2	c6
1.2156767742043e-53	1.74657820146952	0.017	0.005	2.52447438931264e-49	ZCCHC6	c6
1.8706269816474e-53	-3.65552024210182	0.002	0.027	3.88454399008898e-49	CLIC3	c6
2.37028938257438e-53	-2.24291767174003	0.008	0.037	4.92214293185395e-49	NOSIP	c6
2.3967005033005e-53	-3.71352748256167	0.003	0.029	4.97698826515382e-49	TNFRSF4	c6
2.47222364096726e-53	-3.48690452573947	0.002	0.027	5.13381961283261e-49	SH2D1A	c6
5.49274834892272e-53	1.42710575830847	0.025	0.009	1.14062412213729e-48	CCDC69	c6
6.78826532586919e-53	1.50684525430999	0.022	0.008	1.40965117757e-48	CYTH4	c6
1.02038918588066e-52	-1.26336683782671	0.027	0.064	2.11894018339978e-48	EIF4A2	c6
1.11961718032778e-52	1.35184479864577	0.027	0.011	2.32499703666867e-48	PER1	c6
1.73285179381745e-52	2.02786431185954	0.012	0.003	3.59844003504131e-48	ACSL3	c6
2.2185811969679e-52	2.2111464237421	0.01	0.002	4.60710571362355e-48	LILRA1	c6
2.30996643545498e-52	2.08000193519471	0.011	0.003	4.79687629986582e-48	BAZ2B	c6
2.33547531939568e-52	2.22840279195957	0.01	0.002	4.84984804825708e-48	GRASP	c6
2.94478118290986e-52	1.24143988269075	0.032	0.013	6.11513260443061e-48	CXCL16	c6
3.03823355829588e-52	1.66016996190422	0.018	0.006	6.30919580715723e-48	FAM45A	c6
4.60892898369437e-52	0.491867556848548	0.175	0.124	9.57090192753972e-48	ARPC1B	c6
7.77109348558726e-52	1.56607988142741	0.02	0.007	1.61374527321705e-47	WAC	c6
7.9127805725549e-52	0.82397619649708	0.072	0.041	1.64316801369675e-47	NAP1L1	c6
1.11316280514179e-51	1.8478363543286	0.016	0.005	2.31159388115744e-47	TFRC	c6
1.68732044894929e-51	1.9060750031949	0.014	0.004	3.5038896442881e-47	AZI2	c6
3.23507910134277e-51	2.19707123853038	0.01	0.002	6.7179652618484e-47	PDLIM7	c6
4.06421911148673e-51	2.09978073638267	0.011	0.003	8.43975740691335e-47	SH3TC1	c6
4.23828212066734e-51	-1.46253753367792	0.019	0.053	8.80121665177779e-47	KIAA1551	c6
9.70640302506407e-51	2.14935384846182	0.01	0.002	2.0156316521848e-46	PNPLA6	c6
1.60403062813104e-50	-1.56503883904727	0.016	0.049	3.33093000237691e-46	ATPIF1	c6
1.85333634361121e-50	-2.34496594631665	0.006	0.033	3.84863825114305e-46	BUB3	c6
3.68033486312661e-50	-2.00660297874354	0.009	0.037	7.64258337676871e-46	PARP8	c6
3.72136489248663e-50	1.65658329512821	0.017	0.006	7.72778633573773e-46	MYD88	c6
4.47094777163883e-50	-3.07288208081923	0.003	0.027	9.28437014258519e-46	CBLB	c6
1.06015796788869e-49	2.04783810462167	0.011	0.003	2.20152403611764e-45	FCGR1A	c6
1.09532080445707e-49	2.19247666445313	0.01	0.002	2.27454318253554e-45	IQSEC1	c6
1.11044591555448e-49	-1.05066887243349	0.037	0.077	2.30595198824042e-45	NDUFA4	c6
1.24074275862825e-49	1.73753306186651	0.016	0.005	2.57652641256743e-45	ZDHHC20	c6
3.56621046586466e-49	1.00032425266893	0.046	0.023	7.40559265341455e-45	PAK2	c6
4.38221169219025e-49	1.36217232084434	0.025	0.01	9.10010080000227e-45	HNRNPD	c6
6.87976822034319e-49	1.1335151652404	0.036	0.016	1.42865266863647e-44	RILPL2	c6
7.10970993411093e-49	-2.62292694448455	0.005	0.03	1.47640236491748e-44	CD6	c6
8.24242658372262e-49	-0.467277585837415	0.131	0.19	1.71162230437584e-44	TNFAIP3	c6
1.18252322148396e-48	2.05775410179466	0.011	0.003	2.45562772173359e-44	FAR1	c6
1.48971475714379e-48	-2.91609361034937	0.004	0.027	3.0935416646848e-44	DENND2D	c6
1.52627438773688e-48	1.41329368370901	0.023	0.009	3.16946139357441e-44	PTPLAD2	c6
2.08500313869398e-48	1.87933341032129	0.013	0.003	4.32971751781192e-44	MSR1	c6
2.2509937842831e-48	-3.3502498797179	0.002	0.025	4.67441369244229e-44	SIT1	c6
2.27502128018343e-48	-1.64434598600937	0.014	0.045	4.7243091904289e-44	PIK3R1	c6
3.07360459881016e-48	-1.34583806018122	0.023	0.057	6.38264730988919e-44	SERTAD1	c6
3.53773089767865e-48	-0.549826724623718	0.135	0.193	7.34645198211948e-44	EEF2	c6
4.14693849625708e-48	-3.24110380134646	0.003	0.027	8.61153248132746e-44	FKBP11	c6
4.15741055053275e-48	-0.868500552316271	0.056	0.1	8.63327874923631e-44	SUB1	c6
4.1657741484126e-48	1.0502817909078	0.042	0.021	8.65064659659361e-44	CANX	c6
6.7453287001288e-48	1.88172373770316	0.013	0.004	1.40073495786875e-43	MANBA	c6
6.92546647407768e-48	0.70704362049815	0.088	0.054	1.43814236800697e-43	VAMP8	c6
1.19073522994237e-47	1.20977859392892	0.031	0.013	2.47268077849833e-43	ATP6AP2	c6
1.23424729235462e-47	1.71859578894364	0.015	0.005	2.56303792730359e-43	HOTAIRM1	c6
2.29628078845311e-47	0.298306616574447	0.317	0.25	4.76845668530173e-43	MYL6	c6
2.99460135392565e-47	-1.7581446951112	0.012	0.04	6.21858917156201e-43	CORO1B	c6
3.83245402422062e-47	-1.56836582272716	0.015	0.045	7.95847402669653e-43	RHOC	c6
3.84759180858942e-47	-2.96148513086983	0.003	0.026	7.98990914971679e-43	CXCR3	c6
4.11626491805994e-47	1.47537889059638	0.021	0.008	8.54783572884328e-43	MIS18BP1	c6
4.31667689369435e-47	1.11884167705807	0.035	0.016	8.96401123744569e-43	CASP1	c6
5.9878937993518e-47	-2.6227970558203	0.005	0.028	1.24344602637339e-42	CLEC2D	c6
1.29454175066732e-46	-2.31144326543267	0.006	0.031	2.68824539943576e-42	CDK2AP2	c6
1.6531069006608e-46	1.1429111018105	0.03	0.013	3.43284178991222e-42	WARS	c6
2.31677695723877e-46	0.760898278120494	0.083	0.051	4.81101902940203e-42	HSPH1	c6
5.2654565731657e-46	-2.95636564012337	0.003	0.026	1.09342471198359e-41	IL2RB	c6
8.08589116687969e-46	-1.91753259474303	0.009	0.036	1.67911615971424e-41	PEBP1	c6
8.59292007036217e-46	1.68476219386777	0.015	0.005	1.78440578181141e-41	TRIP12	c6
9.71066798386627e-46	-3.4204814662784	0.002	0.024	2.01651731352967e-41	KLRC1	c6
1.22743886588317e-45	1.95079060674095	0.011	0.003	2.54889954889298e-41	AP1B1	c6
1.71254428113474e-45	1.24425615854186	0.031	0.014	3.55626945420441e-41	RANBP2	c6
1.8679312144065e-45	1.74371854733028	0.014	0.004	3.87894595983654e-41	ANKRD13D	c6
2.44565669795343e-45	1.63968557653026	0.016	0.005	5.07865069897009e-41	MOB3A	c6
2.47948873926519e-45	-2.25000519788085	0.007	0.031	5.1489063159581e-41	RUNX3	c6
3.53226071622102e-45	-1.25434159138337	0.023	0.056	7.33509260330458e-41	SELK	c6
4.10037063968548e-45	-1.92313615622623	0.009	0.035	8.51482967037088e-41	SNRPB	c6
4.13895116547147e-45	0.925943339211421	0.05	0.026	8.59494599021805e-41	C4orf48	c6
4.32714915371783e-45	-0.494498626707819	0.178	0.238	8.98575793261045e-41	IFITM2	c6
5.50863877195315e-45	0.822399261879836	0.062	0.035	1.14392392738379e-40	SH3BGRL	c6
5.69970398565657e-45	1.0212208511241	0.04	0.02	1.18360052966144e-40	C7orf73	c6
7.71738225231503e-45	-1.74391578497076	0.012	0.039	1.60259159851574e-40	CDC42SE2	c6
7.72961679863195e-45	1.97629253410329	0.01	0.003	1.60513222440391e-40	HNRNPU-AS1	c6
8.19901095993298e-45	0.72343286482166	0.078	0.047	1.70260661593968e-40	HCLS1	c6
8.71373436074752e-45	-2.11591827478054	0.007	0.032	1.80949407735283e-40	CACYBP	c6
9.08559236621346e-45	-3.09771657596747	0.003	0.024	1.88671411076789e-40	CCR7	c6
1.18742236605233e-44	-2.00726801949328	0.008	0.033	2.46580128534426e-40	GeneID:102723863	c6
1.45675067285496e-44	-2.04200243562237	0.008	0.034	3.02508844725062e-40	H3F3C	c6
1.72574466008377e-44	-0.393644704114094	0.249	0.311	3.58368136112996e-40	RPS2	c6
1.82414052542163e-44	-1.05266552092325	0.034	0.07	3.78801021509056e-40	PSME2	c6
2.06266486264744e-44	2.04956198735102	0.01	0.002	4.28332985377367e-40	EP300	c6
2.42258393989297e-44	-2.79590096793012	0.004	0.026	5.03073780958174e-40	SCML4	c6
3.08140631374395e-44	-2.60705875314518	0.004	0.027	6.39884835112068e-40	ARID5B	c6
5.41305827565452e-44	1.79824833201433	0.013	0.004	1.12407568152242e-39	ITPR2	c6
5.43377938821389e-44	-0.886103724210753	0.046	0.085	1.1283786277565e-39	COX6A1	c6
6.46905957952552e-44	-2.93335880858318	0.003	0.025	1.34336491228427e-39	C5orf56	c6
8.9704115597502e-44	-0.642182787753608	0.113	0.164	1.86279566449773e-39	PPP1R15A	c6
2.33048623329899e-43	-2.15831972111379	0.007	0.03	4.83948771206868e-39	ARPC5L	c6
2.34762300895643e-43	-1.48737329298793	0.016	0.044	4.87507394039893e-39	ATP5D	c6
2.94746679521507e-43	0.59894172078566	0.088	0.055	6.12070954694362e-39	HLA-DMA	c6
3.63521352633834e-43	1.80917872739986	0.012	0.004	7.5488844087942e-39	BLOC1S6	c6
4.56092841706333e-43	1.93387995833761	0.011	0.003	9.47122395087371e-39	ACSL4	c6
5.71183870561143e-43	-1.78177831980736	0.015	0.043	1.18612042560727e-38	TUBB	c6
7.01368891696275e-43	1.46934616079278	0.019	0.007	1.45646264049649e-38	GNA13	c6
1.007399506017e-42	-2.79835557514222	0.003	0.025	2.09196581419491e-38	PRKCH	c6
1.43012466800473e-42	2.00054852487508	0.01	0.002	2.96979688557862e-38	MAP4K4	c6
2.96146183847806e-42	1.53349104387589	0.017	0.006	6.14977165378353e-38	MEF2A	c6
4.84735011603794e-42	-1.51176644132953	0.015	0.042	1.00660072509644e-37	ARHGEF1	c6
6.6623854155035e-42	-1.31658196293753	0.02	0.05	1.38351095538346e-37	AES	c6
7.75674756914725e-42	1.18518417188677	0.028	0.012	1.61076620020912e-37	CHD1	c6
9.00967906390232e-42	-2.43333088854541	0.005	0.026	1.87094995440996e-37	LOC374443	c6
1.86605165647423e-41	1.66372126906524	0.014	0.005	3.87504286983438e-37	PLCB2	c6
2.24436513109079e-41	-2.03309906866809	0.007	0.031	4.66064863122314e-37	FAM177A1	c6
2.72762822871434e-41	-2.30881491683819	0.005	0.027	5.6641927797482e-37	PRDX2	c6
3.27452090814845e-41	-1.336020707334	0.018	0.047	6.79987011786108e-37	SEPW1	c6
3.46633237370777e-41	-2.20935829723622	0.006	0.028	7.19818580724155e-37	GBP5	c6
4.21389391854387e-41	-3.63944728620125	0.002	0.021	8.7505721112482e-37	KLRC4	c6
4.46165680859474e-41	-2.14329774030776	0.006	0.028	9.26507652872784e-37	FAM46C	c6
7.72064177368216e-41	-1.24322844612043	0.022	0.052	1.60326847072284e-36	EPC1	c6
7.81531740025811e-41	-1.42310536493903	0.016	0.043	1.6229288113376e-36	MRPS21	c6
8.47905074904878e-41	-2.90113718376084	0.003	0.023	1.76075967854747e-36	PDCD1	c6
9.85884400383188e-41	-1.50800358509144	0.015	0.041	2.04728754583573e-36	FYN	c6
1.37176156788776e-40	1.19176531142807	0.027	0.012	2.84860007187572e-36	RBMS1	c6
1.69128016397957e-40	-4.27023008621703	0.001	0.019	3.51211238851998e-36	PYHIN1	c6
1.76588933376462e-40	0.781572873570119	0.06	0.035	3.66704579049562e-36	PTPN6	c6
3.19868885648776e-40	0.616655928163358	0.095	0.062	6.64239727938249e-36	TMBIM6	c6
3.34527159782682e-40	-0.649580229424841	0.108	0.155	6.94679100004717e-36	CD37	c6
7.55577903740291e-40	1.03738727340492	0.035	0.017	1.56903307490709e-35	EIF3M	c6
1.06527591748955e-39	1.19596227871423	0.024	0.01	2.2121519702588e-35	LILRB1	c6
1.11324090543398e-39	-3.53397165218551	0.002	0.02	2.3117560642242e-35	CXCR6	c6
1.11651311719082e-39	-3.51693320719252	0.002	0.02	2.31855113915846e-35	SIRPG	c6
1.20389736008966e-39	0.82269478992296	0.058	0.033	2.50001325796219e-35	CD55	c6
1.3909923785686e-39	0.854854053455285	0.05	0.028	2.88853477333556e-35	RNF149	c6
1.54271745949472e-39	0.716954054782848	0.07	0.043	3.20360707638675e-35	PRELID1	c6
1.69709467570426e-39	-1.2999390897819	0.019	0.047	3.52418680356746e-35	SEPT7	c6
2.19197144521445e-39	-2.32671002208598	0.005	0.026	4.55184790313233e-35	MZT2A	c6
2.61366366071862e-39	1.2085235953006	0.025	0.011	5.42753395784828e-35	CAPN2	c6
3.18467477260695e-39	-0.879075909400284	0.053	0.091	6.61329563279559e-35	HSPE1	c6
3.2864251731393e-39	0.935538942855501	0.041	0.022	6.82459051454107e-35	RPS10	c6
8.45514001482132e-39	-1.44132092828132	0.015	0.041	1.7557943754778e-34	YWHAQ	c6
9.98905407354731e-39	-0.998239954647413	0.032	0.065	2.07432696891283e-34	RPL22L1	c6
1.17188003382469e-38	-0.312259614108604	0.266	0.327	2.43352607824035e-34	RPL37A	c6
1.42162191975246e-38	-0.851133014853764	0.044	0.079	2.95214007855795e-34	COX7A2	c6
1.62152973546725e-38	-1.67532268105811	0.011	0.034	3.36726864867129e-34	TRAF3IP3	c6
2.55757859184205e-38	-1.81120061133614	0.009	0.031	5.31106770381919e-34	SNHG12	c6
2.84085032149608e-38	1.72950468811058	0.012	0.004	5.89930977761875e-34	PAK1	c6
3.4890603094465e-38	-2.39522484254755	0.005	0.025	7.2453826385966e-34	RNF19A	c6
3.5647068033188e-38	1.18885041414875	0.024	0.01	7.40247014777183e-34	LAP3	c6
4.79684757623359e-38	-2.47598149855468	0.004	0.024	9.96113367680667e-34	PRKCQ-AS1	c6
4.85099776071283e-38	0.979617867005477	0.023	0.01	1.00735819498963e-33	CTSL	c6
4.92164951280443e-38	-1.00167239403389	0.033	0.064	1.02202973782897e-33	SRSF2	c6
5.04773736702333e-38	-3.0556150154723	0.002	0.02	1.04821314163607e-33	BIN1	c6
5.3606076628099e-38	1.53878963726658	0.015	0.005	1.1131837872591e-33	SERPINB6	c6
5.39519191630362e-38	0.795657023115507	0.056	0.032	1.12036555333961e-33	CSDE1	c6
6.93342286111139e-38	-1.73704204303132	0.01	0.033	1.43979459133839e-33	SNHG9	c6
7.69786772072491e-38	0.963756193315344	0.039	0.02	1.59853921088573e-33	CAPZA1	c6
1.12831140176149e-37	1.00992025098523	0.033	0.016	2.34305145689791e-33	NINJ1	c6
1.15343145172415e-37	-1.24696677639318	0.019	0.046	2.39521575265036e-33	HLA-F	c6
1.18267249014577e-37	1.13219100373917	0.038	0.02	2.4559376930367e-33	CH25H	c6
1.2555470956653e-37	0.915095008519025	0.042	0.022	2.60726909885855e-33	LAPTM4A	c6
1.6357291972637e-37	1.2715333928264	0.022	0.009	3.39675525103781e-33	SETX	c6
1.64764261808453e-37	0.858173685373615	0.047	0.026	3.42149466071434e-33	TMEM219	c6
2.41152896633256e-37	1.30962592576224	0.021	0.008	5.0077810514862e-33	KMT2C	c6
2.80346492265942e-37	-0.634926042885918	0.091	0.135	5.82167525839456e-33	HMGB1	c6
3.23237618611877e-37	-1.0895816942286	0.028	0.058	6.71235238809424e-33	PHLDA1	c6
4.15898040275825e-37	1.58733628179434	0.014	0.005	8.63653870436779e-33	STAT6	c6
5.32281719733889e-37	-2.04576097936144	0.007	0.027	1.10533621919939e-32	ITGAE	c6
5.4208904151081e-37	1.86904966549235	0.01	0.003	1.12570210360135e-32	LPGAT1	c6
5.62903628470952e-37	0.479970805144119	0.091	0.06	1.16892567488278e-32	ATF3	c6
6.34378190370123e-37	-2.15371359851602	0.005	0.025	1.3173497501226e-32	CD40LG	c6
6.4055495370782e-37	-1.95995448444546	0.007	0.028	1.33017641686966e-32	CD47	c6
7.09337781034384e-37	1.34848446564907	0.019	0.008	1.473010836096e-32	LOC100507217	c6
1.25342767190311e-36	1.51094995297638	0.015	0.005	2.60286790347399e-32	TMEM154	c6
1.49404046250597e-36	0.90429048841231	0.042	0.022	3.1025244244399e-32	EIF2S3	c6
1.60912823973191e-36	-4.29351578045531	0.001	0.017	3.34151570262729e-32	FOXP3	c6
1.64995741867752e-36	-1.16913085094083	0.022	0.05	3.42630157562574e-32	NR3C1	c6
2.08796183593656e-36	-2.55506036073985	0.004	0.022	4.33586154850585e-32	DNPH1	c6
2.26667727660138e-36	-2.97408305661817	0.002	0.02	4.70698203259042e-32	TNFSF9	c6
2.79164252483819e-36	0.638897741532875	0.081	0.053	5.79712486707898e-32	NDUFB1	c6
2.79651414034886e-36	1.17680937439764	0.025	0.011	5.80724126384844e-32	TOP1	c6
3.06251359493156e-36	-1.12612135442361	0.024	0.052	6.35961573123489e-32	C9orf16	c6
3.54452412678043e-36	-1.41880578379804	0.015	0.039	7.36055880167225e-32	DDX24	c6
3.88310628500053e-36	1.36202975298932	0.019	0.007	8.06365851143211e-32	PREX1	c6
4.12687657768446e-36	-2.11583776499839	0.006	0.025	8.56987190121956e-32	RNF167	c6
5.15920218370262e-36	-2.52766980443293	0.004	0.022	1.07135992546769e-31	RORA	c6
5.75689730354275e-36	-1.4926121730988	0.013	0.036	1.19547729405369e-31	GTF3A	c6
7.94747663426406e-36	-1.09422748030361	0.024	0.052	1.65037299787127e-31	CUTA	c6
1.02110316736037e-35	-2.45616200564904	0.004	0.023	2.12042283734054e-31	DANCR	c6
1.31437265491269e-35	-1.35503533109194	0.015	0.04	2.72942625519169e-31	DAD1	c6
1.39603439139213e-35	1.50148621525288	0.015	0.005	2.89900501716489e-31	SMCO4	c6
1.41512513796728e-35	-1.31093683962237	0.017	0.042	2.93864886150285e-31	HNRNPF	c6
1.4686393636698e-35	-2.66031456081299	0.003	0.021	3.04977650259671e-31	CD5	c6
1.57049590500388e-35	-2.22618875633868	0.005	0.024	3.26129179633105e-31	PTPN22	c6
1.61959024454996e-35	-2.5204828376405	0.004	0.022	3.36324110183245e-31	NAP1L4	c6
1.86029584939177e-35	-0.34526950660531	0.365	0.415	3.86309036084694e-31	H3F3B	c6
2.25289496944665e-35	-2.58786992048995	0.003	0.021	4.67836169355291e-31	ID3	c6
2.56169814780714e-35	1.30638722496234	0.02	0.008	5.3196223737363e-31	COMT	c6
3.40189720440242e-35	-1.81162636532906	0.008	0.029	7.06437973466207e-31	LINC-PINT	c6
3.50122831809217e-35	-1.26781008324712	0.05	0.085	7.2706507253502e-31	SSR4	c6
3.77600195384821e-35	-1.57729699656531	0.012	0.034	7.84124565736119e-31	SPCS2	c6
4.52804563263471e-35	-2.53094518092369	0.004	0.021	9.40293956072925e-31	ANXA2R	c6
5.06635709861974e-35	-2.32649710312498	0.005	0.023	1.05207971509937e-30	LOC642441	c6
8.21755740982949e-35	-1.77935076913141	0.008	0.029	1.70645797172519e-30	EML4	c6
9.4189713349307e-35	-1.9777350126068	0.007	0.026	1.95594358741171e-30	TNFAIP8	c6
1.0376873129984e-34	-3.18665076858364	0.002	0.018	2.15486147417247e-30	AQP3	c6
1.24276878491887e-34	1.69326554467925	0.011	0.003	2.58073365876252e-30	APP	c6
1.34363522727695e-34	-1.28527066456982	0.017	0.042	2.79019291296331e-30	NHP2L1	c6
2.15096701566328e-34	1.00467595628437	0.032	0.016	4.46669810472638e-30	FERMT3	c6
2.67846408014274e-34	-0.957142136333891	0.031	0.061	5.56209850882441e-30	FUS	c6
3.20849862885217e-34	-2.74756307145542	0.003	0.02	6.66276825267442e-30	CAMK4	c6
3.46295251308502e-34	-2.71428814580801	0.003	0.02	7.19116718867235e-30	SLC38A1	c6
5.34959059561782e-34	1.01825298989211	0.031	0.015	1.110895983086e-29	ARL4A	c6
5.94631214449431e-34	1.3261602431828	0.018	0.007	1.23481117992569e-29	EIF4EBP1	c6
6.94599502316173e-34	0.57073374613891	0.092	0.062	1.44240532650976e-29	UQCRH	c6
8.79548438494131e-34	1.42465010658216	0.016	0.006	1.82647028737691e-29	LAT2	c6
1.06983558475712e-33	-1.05671688414289	0.025	0.052	2.22162057530663e-29	DRAP1	c6
1.2612962343406e-33	-1.78285571278638	0.008	0.028	2.61920776023169e-29	MAT2B	c6
1.83102986243915e-33	1.45047388204011	0.015	0.006	3.80231661234114e-29	ARHGAP18	c6
1.92602952328635e-33	-1.14637633457678	0.021	0.046	3.99959290805643e-29	UBE2D2	c6
2.24014489194112e-33	-1.42199911651104	0.013	0.036	4.65188488260493e-29	N4BP2L2	c6
2.25602516941553e-33	-1.02153609126735	0.026	0.054	4.6848618668083e-29	GIMAP4	c6
2.96401461912953e-33	-1.7664395048582	0.008	0.028	6.15507275808438e-29	LOC100506248	c6
3.08405075219969e-33	-2.70659442669609	0.003	0.019	6.40433979201787e-29	IKZF3	c6
3.47126468378077e-33	0.960420910013553	0.034	0.018	7.20842824233914e-29	PPP1CB	c6
3.47836579526109e-33	-1.94639575486989	0.006	0.025	7.22317441043918e-29	ECH1	c6
3.69692344891099e-33	-4.23315320102449	0.001	0.016	7.67703123400855e-29	SPON2	c6
4.78943489079461e-33	-0.550512597763571	0.096	0.138	9.9457404942241e-29	PNRC1	c6
4.81273176246205e-33	-0.917557913110986	0.032	0.061	9.99411877792869e-29	ARL6IP5	c6
6.0924739413084e-33	-0.375618996458216	0.253	0.303	1.2651631386521e-28	RPL21	c6
7.2701147323342e-33	0.816200342402724	0.046	0.026	1.50971202531652e-28	DEK	c6
7.27562184281812e-33	1.34851903736619	0.017	0.007	1.51085563187961e-28	PXN	c6
7.86329910153927e-33	-1.25800436770622	0.017	0.041	1.63289269142565e-28	NDUFB8	c6
1.03178876605233e-32	-2.15251402357859	0.005	0.023	2.14261255158426e-28	CD82	c6
1.08894707087952e-32	-2.26528798002303	0.005	0.022	2.26130748738841e-28	RPL19P12	c6
1.11744017268443e-32	-1.34454066688291	0.015	0.038	2.32047626259649e-28	PTGER4	c6
1.16839814292498e-32	-0.596993364349516	0.076	0.114	2.42629558359802e-28	CHCHD2	c6
1.30502647182186e-32	-2.39114487158069	0.004	0.021	2.71001797138527e-28	RHOF	c6
1.32595179265742e-32	1.62663631725677	0.011	0.004	2.75347149263239e-28	VSIG4	c6
1.47533041283829e-32	-3.20413863510362	0.002	0.018	3.06367113529999e-28	LOC101928173	c6
1.92402859778988e-32	-0.851911653412059	0.051	0.084	3.99543778617047e-28	RGCC	c6
2.15555239623647e-32	-2.14073685580224	0.005	0.023	4.47622010602465e-28	TTC39C	c6
2.18725833593747e-32	-2.1606491183886	0.005	0.022	4.54206066040775e-28	PBXIP1	c6
2.34949956187477e-32	-2.85545781261058	0.002	0.018	4.87897079018916e-28	GPR171	c6
3.93728658388981e-32	0.70444024173602	0.057	0.035	8.17616932010557e-28	ATP6V1F	c6
4.57431534659246e-32	-3.55262981691776	0.001	0.016	9.49902324873389e-28	CD79B	c6
4.6174759403292e-32	-2.41148119189562	0.004	0.02	9.58865053768761e-28	IL16	c6
6.08488076278669e-32	-0.807300855044407	0.047	0.079	1.26358633920028e-27	UCP2	c6
7.0589117143881e-32	-0.820651099818808	0.039	0.069	1.46585360660983e-27	APRT	c6
7.43354432347266e-32	-1.68142841283553	0.008	0.028	1.54364981421233e-27	SRI	c6
7.65949931087388e-32	-2.8768361906912	0.003	0.019	1.59057162689607e-27	SEC11C	c6
8.43045587814666e-32	-0.685625565395954	0.06	0.095	1.75066846765594e-27	LY6E	c6
9.00040588685562e-32	-1.76178253449508	0.008	0.026	1.86902428646444e-27	MZT2B	c6
9.06352391677008e-32	-2.66563877874694	0.003	0.019	1.88213137655648e-27	OPTN	c6
9.29259866345775e-32	-1.70821573614662	0.008	0.028	1.92970103845364e-27	CCDC107	c6
1.1808888771801e-31	0.539230404457577	0.083	0.055	2.45223384235219e-27	CD63	c6
1.26471613452791e-31	-1.37796901729578	0.013	0.035	2.62630952496066e-27	ISCU	c6
1.35657181150506e-31	-2.60483433110895	0.003	0.019	2.81705702377141e-27	SUPT3H	c6
1.4726339825898e-31	1.53242585036366	0.013	0.004	3.05807172824597e-27	COPA	c6
1.49172148450553e-31	1.51891370903875	0.013	0.004	3.09770883472419e-27	G6PD	c6
1.50643543576867e-31	-0.986675800629238	0.027	0.054	3.12826382591723e-27	NCL	c6
1.60342889310082e-31	-3.30349907490041	0.002	0.016	3.32968043941315e-27	GATA3	c6
1.68989171906683e-31	-0.924910469561423	0.032	0.06	3.50922914381418e-27	EZR	c6
2.4675211841758e-31	-1.79764546033239	0.007	0.026	5.12405449105947e-27	TAP1	c6
3.18751952398937e-31	1.49612457558593	0.013	0.005	6.61920304351632e-27	NAGK	c6
3.66802752685786e-31	-2.98319701449021	0.002	0.017	7.61702596227302e-27	SAMD3	c6
3.88740111027668e-31	-2.74400211573844	0.002	0.018	8.07257714560055e-27	TRAT1	c6
4.18549058449782e-31	1.0067208543991	0.026	0.013	8.69158974776817e-27	NAAA	c6
5.63430454352487e-31	1.47254479668647	0.014	0.005	1.17001968150838e-26	BOD1L1	c6
5.73107037573518e-31	-0.709882587879519	0.051	0.083	1.19011407422517e-26	EDF1	c6
8.51655372132344e-31	1.02520946235433	0.027	0.013	1.76854754577002e-26	ARHGAP30	c6
9.9891640910598e-31	-2.29900503400067	0.004	0.02	2.07434981514948e-26	MATK	c6
1.006780732365e-30	-2.44551887390036	0.003	0.019	2.09068086882916e-26	APMAP	c6
1.22592511950389e-30	-1.64157282153883	0.009	0.028	2.54575610316178e-26	NDUFV2	c6
1.30759454268819e-30	-1.05369191852604	0.024	0.049	2.71535082734629e-26	TUBB4B	c6
1.33657979937885e-30	-2.75794130669632	0.002	0.018	2.77554161139013e-26	NCR3	c6
1.41164789136768e-30	-4.18742852206562	0.001	0.014	2.93142801121413e-26	MAL	c6
2.05240342188839e-30	-2.02807441005915	0.005	0.022	4.26202094589344e-26	RANBP1	c6
2.14983695868872e-30	-4.79866210760718	0	0.014	4.464351428413e-26	GPR56	c6
2.72415897294015e-30	1.631682891909	0.011	0.003	5.65698852320751e-26	TRIM44	c6
2.94716020252203e-30	1.3101282531074	0.016	0.006	6.12007287655724e-26	EGR2	c6
3.19593663205783e-30	-1.13220225264461	0.021	0.044	6.63668201013128e-26	SPCS1	c6
3.34987911439108e-30	-1.75925225184866	0.007	0.025	6.95635896894452e-26	KRT10	c6
4.59912438587613e-30	-1.93988952265232	0.006	0.023	9.55054169971037e-26	UBE2N	c6
4.69736690596318e-30	-1.83127280326505	0.006	0.024	9.75455211692315e-26	H2AFX	c6
1.01853679446822e-29	-2.46486316921548	0.003	0.019	2.1150935073927e-25	PTMS	c6
1.10073512834495e-29	-2.3541130148271	0.004	0.019	2.28578656752113e-25	CCND2	c6
1.38043073111238e-29	-0.867751379383775	0.035	0.062	2.86660245622798e-25	KRTCAP2	c6
1.60326543403571e-29	-2.54771432650364	0.003	0.018	3.32934100031856e-25	CISH	c6
1.70106739032894e-29	-3.64143908387561	0.001	0.015	3.53243654275708e-25	LOC100996919	c6
1.81478795335591e-29	0.577336941765547	0.065	0.041	3.76858866393888e-25	CAPG	c6
2.08099523578119e-29	-1.68124488219428	0.008	0.025	4.32139470662322e-25	MAPRE2	c6
2.13093009231997e-29	-0.924053858678924	0.045	0.074	4.42508942971164e-25	LOC100996809	c6
2.67069552199647e-29	-3.27231741965213	0.001	0.015	5.54596632097786e-25	LEF1	c6
2.71931006950531e-29	0.32674261209847	0.216	0.172	5.64691929033473e-25	ATP5G2	c6
3.68637317522106e-29	-2.04604987329742	0.005	0.021	7.65512253566406e-25	SNHG7	c6
3.72611625756729e-29	1.58140604912145	0.011	0.004	7.73765302046423e-25	VAMP3	c6
3.78435028410159e-29	1.13280335093266	0.021	0.01	7.85858179996536e-25	ADAR	c6
5.06759586780336e-29	-2.02468417237295	0.005	0.021	1.05233695790805e-24	SELM	c6
7.70190151380167e-29	-1.79542709863997	0.007	0.024	1.59937686835606e-24	AIP	c6
1.00461601126752e-28	-1.56855433190899	0.009	0.028	2.08618560899812e-24	TECR	c6
1.23844585805936e-28	-1.39649412036504	0.012	0.031	2.57175666884607e-24	SRP9	c6
1.25695607250609e-28	-2.83267916734804	0.002	0.016	2.61019498016614e-24	STAT4	c6
1.37841526929478e-28	-0.743600870402676	0.043	0.072	2.86241714821753e-24	EIF3F	c6
1.61203764800889e-28	-2.78108497080068	0.002	0.016	3.34755737985526e-24	HMOX2	c6
1.8477888141504e-28	1.4938573819364	0.012	0.004	3.83711825146471e-24	ADPGK	c6
2.12533654487476e-28	-1.11242816331094	0.019	0.041	4.41347386908692e-24	WIPF1	c6
2.33413289693738e-28	1.15989922815934	0.02	0.009	4.84706037378016e-24	ATG3	c6
2.41205443508773e-28	1.30039200362001	0.016	0.006	5.00887223990317e-24	CEP350	c6
3.15851667374113e-28	0.252125879812403	0.343	0.293	6.55897572469082e-24	UBA52	c6
3.22722684268071e-28	1.37367618660493	0.014	0.005	6.70165926151077e-24	ARL8B	c6
3.96898030044089e-28	-1.87847828117646	0.006	0.022	8.24198449189555e-24	SNORA78	c6
4.98234704705928e-28	1.00593694915992	0.026	0.013	1.03463418779233e-23	POLE4	c6
5.90289442322253e-28	1.23406749509666	0.017	0.007	1.22579505592639e-23	RBM5	c6
6.81247391663052e-28	-1.7757030664955	0.007	0.023	1.41467833352749e-23	ZNRD1	c6
7.40812703303019e-28	1.48784393306935	0.012	0.004	1.53837165967905e-23	IFNAR1	c6
7.55044892443838e-28	1.49382759480475	0.012	0.004	1.56792622364887e-23	AFTPH	c6
7.75515795797583e-28	-0.919077366590552	0.028	0.053	1.61043610155326e-23	RABAC1	c6
1.41120788682341e-27	1.22173669318594	0.017	0.007	2.93051429777749e-23	NUFIP2	c6
1.46641655304806e-27	-1.81541255331508	0.006	0.022	3.04516061405961e-23	DNAJB9	c6
1.66137287900622e-27	-1.25497558978556	0.014	0.034	3.45000692054431e-23	NDUFB4	c6
1.82435903537178e-27	1.42305332164783	0.013	0.005	3.78846397285304e-23	NAPRT	c6
2.23207357137185e-27	-1.52204733888916	0.009	0.027	4.63512397831079e-23	SNHG1	c6
2.25131050720678e-27	1.25882881671547	0.016	0.007	4.6750713992656e-23	TWISTNB	c6
2.4559462339733e-27	-1.07141405118727	0.02	0.041	5.10001794946895e-23	C19orf60	c6
2.58841980884392e-27	-1.14948762024741	0.017	0.037	5.37511257504529e-23	SLC9A3R1	c6
3.29684552676801e-27	-1.02076839400784	0.021	0.043	6.84622942088645e-23	SMDT1	c6
3.34869508307334e-27	1.17462280650379	0.019	0.008	6.95390020951009e-23	MTSS1	c6
3.37952051358475e-27	-1.89336390390912	0.006	0.021	7.01791229851009e-23	MGAT4A	c6
3.52130391374859e-27	1.48214992271568	0.011	0.004	7.31233970729031e-23	IMPDH1	c6
3.63019620232001e-27	1.50384789209082	0.011	0.004	7.53846543373774e-23	USP4	c6
3.69288421985167e-27	-0.984933575061927	0.023	0.046	7.66864337094397e-23	C19orf53	c6
4.72117017278803e-27	-3.04256725702173	0.002	0.015	9.80398198081163e-23	TRG-AS1	c6
5.02804236385078e-27	1.40418600402244	0.013	0.005	1.04412327727725e-22	CMIP	c6
5.13234236696743e-27	-2.66620332386895	0.002	0.016	1.06578221592446e-22	CHST12	c6
5.2000038160284e-27	-2.12634647449747	0.004	0.019	1.07983279243646e-22	TMEM243	c6
5.99075759757771e-27	0.722004585599829	0.047	0.028	1.24404072271299e-22	VAPA	c6
6.11558390769449e-27	0.881421801935181	0.032	0.018	1.26996215427184e-22	CAPZA2	c6
9.04868085784012e-27	-1.02964641535591	0.021	0.042	1.87904906693908e-22	PDIA3	c6
9.45273940838365e-27	-0.935173645859217	0.045	0.073	1.96295586554495e-22	TUBA1B	c6
9.49259257454182e-27	1.22878831595622	0.016	0.007	1.97123177402935e-22	PKN1	c6
1.05941318579028e-26	-1.39360684499313	0.011	0.029	2.1999774216121e-22	TOMM5	c6
1.08158544011964e-26	-1.01838112576071	0.021	0.043	2.24602032495244e-22	LSM7	c6
1.16649222456282e-26	1.31199893324099	0.014	0.006	2.42233775352714e-22	UBR4	c6
1.24030235795606e-26	-1.88227582496596	0.006	0.021	2.57561187653156e-22	RASAL3	c6
1.24961108894491e-26	-1.98469328568298	0.005	0.02	2.594942387303e-22	C19orf66	c6
1.28026830738816e-26	0.78752691394525	0.081	0.057	2.65860516712225e-22	AREG	c6
1.30092450889821e-26	1.30703207404779	0.015	0.006	2.70149983517803e-22	VPS35	c6
1.43519806539633e-26	1.15269047096888	0.018	0.008	2.98033230260201e-22	CTDSP1	c6
1.86161922786616e-26	1.70470637274179	0.011	0.004	3.86583848858686e-22	FN1	c6
1.9347580655497e-26	-1.09839568790262	0.019	0.039	4.01771859892052e-22	BAX	c6
2.09383898004552e-26	-3.13650143286793	0.001	0.014	4.34806602596253e-22	SP140	c6
2.25466688079131e-26	-1.26700785926278	0.013	0.032	4.68204124465123e-22	SP100	c6
2.59804231297531e-26	-2.46565760483076	0.003	0.016	5.39509466712453e-22	SVIP	c6
2.9535812768734e-26	-1.06868191867343	0.019	0.04	6.1334068795553e-22	EIF5A	c6
3.04893025672214e-26	-2.43080688862533	0.003	0.016	6.33140857110919e-22	CLPP	c6
3.13720003183939e-26	-3.02485886451349	0.002	0.014	6.51470958611767e-22	PASK	c6
3.16981615250235e-26	-1.6036945191118	0.008	0.024	6.58244022228638e-22	PSMD8	c6
4.25334109296215e-26	-2.82655311092029	0.004	0.018	8.8324881136452e-22	STMN1	c6
4.53140784460035e-26	-0.401081076879107	0.142	0.183	9.40992153009709e-22	PTPRC	c6
4.62526988975661e-26	-2.16446164934562	0.003	0.017	9.60483545306857e-22	PPP1R2P9	c6
5.28541386358053e-26	-0.659084961924997	0.05	0.078	1.09756904291113e-21	RBM3	c6
5.85445031646162e-26	-1.26462520795178	0.013	0.032	1.21573515271642e-21	FAM96B	c6
5.88068772467131e-26	-1.37493584117689	0.011	0.029	1.22118361290524e-21	IGFLR1	c6
6.26714639852118e-26	-1.37986104689053	0.011	0.029	1.30143562111691e-21	GPR65	c6
6.8704186300629e-26	-0.732929626991996	0.045	0.072	1.42671113271886e-21	CKLF	c6
8.54338422378028e-26	-1.61681596720233	0.008	0.024	1.77411916791021e-21	DCXR	c6
9.04768632341606e-26	-1.04432170396681	0.016	0.035	1.87884254192058e-21	BIRC3	c6
9.37163250686814e-26	-0.786727920695862	0.047	0.074	1.94611320637624e-21	H2AFZ	c6
9.96569363020755e-26	-1.38031558770185	0.011	0.028	2.0694759392489e-21	UFC1	c6
1.02375783243238e-25	-2.45313936962559	0.003	0.016	2.12593551482908e-21	PTTG1	c6
1.06325269243147e-25	-5.83206405174575	0	0.011	2.20795054110319e-21	KLRF1	c6
1.27921363298976e-25	-1.15771761818613	0.016	0.035	2.65641503026654e-21	ANXA6	c6
1.29299386894535e-25	-1.9208059519387	0.005	0.02	2.68503106825192e-21	NT5C	c6
1.4479779053715e-25	-0.864466118230283	0.031	0.055	3.00687091829446e-21	PRDX1	c6
1.77533040193919e-25	-1.47403167575083	0.009	0.026	3.68665111266693e-21	MRPL57	c6
2.30732407993194e-25	0.489440804926424	0.077	0.053	4.79138918438667e-21	CDKN1A	c6
2.40617768163455e-25	-3.02260679810904	0.002	0.014	4.99666857368232e-21	PCED1B	c6
2.62028210332177e-25	0.380880246696203	0.145	0.111	5.44127781575799e-21	SLC25A6	c6
3.50802718588665e-25	-2.38744584846668	0.003	0.016	7.28476925421222e-21	CCDC167	c6
3.93516923532653e-25	1.51881681775668	0.01	0.004	8.17177243407907e-21	LEPROT	c6
3.95196331913436e-25	-1.78781353084486	0.006	0.021	8.20664702851442e-21	PSMB8-AS1	c6
4.53519630195303e-25	-2.19425972606234	0.004	0.017	9.41778864063566e-21	HERPUD2	c6
4.82722038606909e-25	0.581619452920558	0.066	0.045	1.00242058537111e-20	ARHGDIA	c6
5.0124097479736e-25	1.54979866587568	0.01	0.003	1.0408770082642e-20	MAPKAPK2	c6
5.43995855272426e-25	-1.89299410192103	0.005	0.019	1.12966179305872e-20	DDOST	c6
5.52313268554842e-25	-0.777060123351088	0.034	0.059	1.14693373348098e-20	NDUFS5	c6
5.84859180719239e-25	-1.76180079195103	0.006	0.021	1.21451857468157e-20	SYTL1	c6
6.37421793414356e-25	-0.428273705385785	0.113	0.15	1.32367009620425e-20	COMMD6	c6
6.79808514852883e-25	-2.88091454209632	0.002	0.014	1.4116903619435e-20	TCF7	c6
6.80772892963655e-25	1.14740562539372	0.017	0.008	1.41369298952833e-20	PTK2B	c6
7.37238207774838e-25	-1.29284172137596	0.012	0.029	1.53094886226523e-20	NDUFA6	c6
9.57290935670513e-25	1.05148305900084	0.021	0.01	1.98791035701339e-20	DIAPH1	c6
9.81203945942002e-25	-1.91069116433049	0.005	0.019	2.03756811414316e-20	BTG3	c6
1.10738098401983e-24	-1.2503730229941	0.013	0.03	2.29958735141557e-20	ERH	c6
1.14768936717748e-24	0.186690653235573	0.199	0.16	2.38329173988075e-20	IFITM3	c6
1.57180386550009e-24	-0.906060285817285	0.024	0.046	3.26400790709749e-20	ABRACL	c6
1.67978499453105e-24	-3.02316242878831	0.002	0.013	3.48824151964317e-20	HLA-J	c6
1.68435191421636e-24	-0.822195756257097	0.031	0.054	3.4977251850617e-20	ATP5G3	c6
1.70374665598187e-24	1.33321327820883	0.013	0.005	3.53800030581194e-20	RB1CC1	c6
2.02169173618865e-24	-1.40258823980599	0.01	0.026	4.19824505936935e-20	TERF2IP	c6
2.595699550687e-24	-1.2808904832518	0.012	0.029	5.39022968695662e-20	TMED2	c6
2.70750113285913e-24	-2.96477787993957	0.001	0.013	5.62239685249528e-20	BANK1	c6
2.83639341883454e-24	-4.8027939339375	0	0.011	5.89005457355181e-20	VPREB3	c6
3.00198076237939e-24	-1.04492235652638	0.019	0.039	6.23391325115705e-20	HLA-G	c6
3.16789265492048e-24	-5.28827201380323	0.003	0.016	6.57844588720788e-20	IGJ	c6
3.2452937726348e-24	-1.34549309477009	0.011	0.027	6.73917704825343e-20	PHB2	c6
3.47014588211567e-24	-2.91435150166415	0.002	0.013	7.2061049388014e-20	PELO	c6
3.67049902656267e-24	-3.18524473084113	0.001	0.013	7.62215827856004e-20	SLA2	c6
4.23388731312871e-24	1.34110646579915	0.012	0.005	8.79209039444307e-20	OGFR	c6
4.296113508396e-24	-2.15006395230202	0.003	0.016	8.92130931153513e-20	TSEN54	c6
5.12749546069615e-24	-1.29234737308083	0.012	0.029	1.06477570736816e-19	EMD	c6
5.81463092484656e-24	-1.36217600211077	0.01	0.026	1.20746625785364e-19	DGUOK	c6
5.86337657104884e-24	-1.48192818357198	0.009	0.024	1.217588778744e-19	MEAF6	c6
7.17711457120114e-24	0.56142307254991	0.068	0.046	1.49039961185563e-19	CD48	c6
8.98621819886967e-24	-1.90180506246627	0.005	0.018	1.86607807117728e-19	IDH2	c6
1.04067669553581e-23	-2.37404912842258	0.003	0.015	2.16106922594965e-19	HNRNPLL	c6
1.13759372657374e-23	1.47816561590916	0.01	0.004	2.36232713260303e-19	USP9X	c6
1.63608020558762e-23	-2.81066234599922	0.002	0.013	3.39748415492325e-19	THEMIS	c6
2.28008860603736e-23	1.16499141458075	0.016	0.007	4.73483199929718e-19	PDCD6IP	c6
2.44076288229918e-23	-2.33936840733344	0.003	0.015	5.06848820138248e-19	LOH12CR1	c6
3.63513145550281e-23	-2.67259375546077	0.002	0.013	7.54871398049714e-19	LINC00926	c6
4.31862141389903e-23	-1.70596197083533	0.006	0.02	8.96804922810272e-19	ABI3	c6
4.98559149643859e-23	1.23554538634501	0.014	0.006	1.03530793015044e-18	PHLDA2	c6
5.58932600388706e-23	1.17347895203331	0.015	0.007	1.16067943796719e-18	PABPC4	c6
5.73143511926871e-23	-2.49754774181421	0.002	0.014	1.19018981686734e-18	PPP3CC	c6
6.44472917159694e-23	-1.95826861819435	0.004	0.017	1.33831245977382e-18	MED10	c6
7.18625199985397e-23	-1.63436481225518	0.007	0.021	1.49229709028968e-18	TMC6	c6
7.55367191381962e-23	0.33058257517486	0.167	0.133	1.56859550962378e-18	ARPC3	c6
1.3015462318694e-22	-1.37326445540175	0.009	0.025	2.70279090509999e-18	G3BP2	c6
1.3269576014306e-22	-1.55988137800509	0.007	0.021	2.75556015513078e-18	NDUFAF3	c6
1.41822387567625e-22	-1.46711293490508	0.008	0.023	2.9450837002293e-18	SBDS	c6
1.43095637776732e-22	-1.13800941793743	0.015	0.032	2.97152401407161e-18	PIM1	c6
1.58756633999185e-22	0.900383537548556	0.026	0.014	3.29674026162708e-18	RAB24	c6
1.81027063576719e-22	0.881118993561391	0.028	0.015	3.75920800223416e-18	PFKFB3	c6
2.12031193527759e-22	-0.726874560381674	0.035	0.058	4.40303976479745e-18	CTSC	c6
2.45980338724052e-22	1.29242581432507	0.012	0.005	5.10802771394366e-18	RIPK2	c6
2.68489885055238e-22	-1.21795245498824	0.012	0.028	5.57546095305708e-18	SUN2	c6
2.92207115709606e-22	-1.00464377627854	0.018	0.037	6.06797296482567e-18	PMAIP1	c6
3.02779300457835e-22	-0.294682122314678	0.266	0.307	6.28751495330741e-18	CFL1	c6
3.0370191008435e-22	-1.10300073754273	0.015	0.032	6.3066738648116e-18	RALY	c6
3.38311723158257e-22	-2.59627573227239	0.002	0.013	7.02538124310437e-18	MAP4K1	c6
3.52479091671338e-22	-3.3597722936377	0.001	0.011	7.31958081764701e-18	TOX	c6
3.7869650987364e-22	-1.45334154027063	0.008	0.023	7.864011724036e-18	DGCR6L	c6
4.0398998452568e-22	-1.91311658180198	0.004	0.016	8.38925601866028e-18	HAX1	c6
4.66075416897162e-22	-1.39237871207709	0.009	0.023	9.67852210728647e-18	DEF6	c6
4.67588371706157e-22	0.804994887694843	0.031	0.018	9.70994012685006e-18	CLTA	c6
5.05912160232814e-22	-1.74895055300355	0.005	0.018	1.05057719193946e-17	CHCHD10	c6
6.02829491759342e-22	-2.01497303097496	0.004	0.016	1.25183572258745e-17	DCK	c6
6.19356266269663e-22	-2.17488773364274	0.003	0.015	1.28615522253558e-17	LDLRAD4	c6
6.21454075559108e-22	-4.68312742031089	0	0.01	1.29051153330604e-17	LOC101927412	c6
6.41153223707612e-22	-1.80121016662568	0.005	0.018	1.33141878435123e-17	METTL12	c6
6.43822582902671e-22	-1.36067402433178	0.01	0.025	1.33696197565569e-17	DUT	c6
6.57691057239304e-22	-1.72219128174711	0.005	0.018	1.36576124946314e-17	PDE4D	c6
7.2603664730921e-22	-0.9286134314287	0.021	0.039	1.50768770180231e-17	TSPYL2	c6
8.56747743082338e-22	-3.62735719688617	0.001	0.011	1.77912236328478e-17	RTKN2	c6
9.49401664932195e-22	0.598009513756633	0.054	0.036	1.9715274973982e-17	EIF5	c6
9.70665322550221e-22	-1.40730519055555	0.009	0.023	2.01568360880779e-17	MGST3	c6
1.06601109794576e-21	1.18761090928131	0.014	0.006	2.21367864599416e-17	TMEM205	c6
1.11850446010442e-21	0.768361158715551	0.034	0.02	2.32268636185285e-17	TCF25	c6
1.13599835373454e-21	-1.66102876629336	0.006	0.019	2.35901418136515e-17	SPRY1	c6
1.18357804200801e-21	-1.13965411165632	0.014	0.03	2.45781816203384e-17	GPBP1	c6
1.27684568548902e-21	0.779185044621727	0.033	0.019	2.65149775048649e-17	SCAF11	c6
1.32380705757287e-21	-1.22875884149205	0.012	0.027	2.74901773575582e-17	MIR4435-1HG	c6
1.37134421680312e-21	-3.32188602614839	0.001	0.011	2.84773340061336e-17	INPP4B	c6
1.44957930721721e-21	-2.25931363721857	0.003	0.014	3.01019638936725e-17	LINC00869	c6
1.4593265760345e-21	1.10247221599841	0.016	0.008	3.03043756779325e-17	CDV3	c6
1.67178987499079e-21	-0.893853940007921	0.022	0.042	3.47163885440588e-17	UBXN1	c6
1.7079587641381e-21	-2.48852426274977	0.002	0.013	3.54674716960917e-17	LOC101929910	c6
2.19792999484978e-21	1.37308569524114	0.01	0.004	4.56422142730504e-17	TYK2	c6
2.4428259154608e-21	-1.85455471709383	0.005	0.017	5.0727722960459e-17	PTPN7	c6
2.4962942652256e-21	1.42881974833111	0.01	0.004	5.18380467116748e-17	PRCP	c6
2.61339564711967e-21	-1.38071854388007	0.008	0.022	5.42697740080871e-17	ODC1	c6
2.69012986282009e-21	-1.24719781091059	0.011	0.026	5.58632367313221e-17	SPSB3	c6
2.89119479033265e-21	-2.21200792244021	0.003	0.014	6.00385510160478e-17	PHF1	c6
3.45637186914437e-21	-3.10372886577263	0.001	0.011	7.1775018234652e-17	NELL2	c6
3.478770807003e-21	-0.478622109187171	0.073	0.102	7.22401545782244e-17	CCNI	c6
3.61664227149304e-21	-1.56401234948356	0.007	0.02	7.51031934098245e-17	ATP5EP2	c6
3.71360085437406e-21	-0.657385662283853	0.118	0.152	7.71166353419318e-17	MT2A	c6
3.93446756766934e-21	-1.47299297146363	0.008	0.021	8.17031535102216e-17	DSTN	c6
4.63579483668635e-21	-1.02964219183049	0.016	0.034	9.62669155786287e-17	NDFIP1	c6
4.8718847056447e-21	-1.68067786914942	0.006	0.018	1.01169557797418e-16	POLR2K	c6
5.56023486493265e-21	-4.71160867297428	0.002	0.012	1.15463837205191e-16	IGLL5	c6
5.60943790416893e-21	-1.16813482261167	0.012	0.028	1.16485587517972e-16	DYNLRB1	c6
5.95954363311397e-21	-2.08786059979071	0.003	0.015	1.23755883085245e-16	ABHD14B	c6
6.70356346417366e-21	-1.38676018017213	0.008	0.022	1.3920619889703e-16	MRPS6	c6
6.72893971825728e-21	-0.98885830400994	0.017	0.034	1.39733162189331e-16	PNISR	c6
6.91707542661967e-21	-0.920669836659432	0.02	0.039	1.43639988309184e-16	SNRPG	c6
7.17214463103773e-21	-0.923028982696068	0.021	0.039	1.4893675540813e-16	RPS27L	c6
1.02882096548507e-20	1.05560845896914	0.017	0.008	2.1364496169263e-16	STAG2	c6
1.1401063508185e-20	-0.564352967667011	0.208	0.243	2.36754484810971e-16	HSPA1B	c6
1.25158677865221e-20	0.577027634247035	0.024	0.013	2.59904510454918e-16	C15orf48	c6
1.37270623709076e-20	-1.90364318971543	0.004	0.015	2.85056177194268e-16	PRMT1	c6
1.4112523167925e-20	-2.23981031445337	0.003	0.013	2.93060656105131e-16	RPA3	c6
1.53906228061105e-20	-0.334149938131715	0.367	0.397	3.1960167319169e-16	ACTG1	c6
1.74522033984715e-20	-1.1724325581776	0.012	0.028	3.62412455772658e-16	TOB1	c6
1.81555066747883e-20	-1.53176062487016	0.007	0.02	3.77017251608653e-16	MFSD10	c6
1.83487349931913e-20	0.376313564149724	0.125	0.097	3.8102983086861e-16	DAZAP2	c6
1.92384624364566e-20	-3.14375846547814	0.001	0.01	3.99505910955457e-16	RALGPS2	c6
2.05947502722298e-20	-1.7186746558965	0.005	0.017	4.27670584153123e-16	PRKACB	c6
2.11921921784206e-20	-1.32258382303787	0.009	0.023	4.40077062777082e-16	NME3	c6
2.21285821321245e-20	-1.72482313721866	0.005	0.017	4.59522136555697e-16	LSM2	c6
2.43292693579754e-20	-2.29619582222077	0.002	0.013	5.05221607487718e-16	LY9	c6
2.48312440354872e-20	0.936611568367864	0.021	0.011	5.15645613640928e-16	RAB10	c6
2.51007574354876e-20	-0.740480781010789	0.03	0.051	5.21242328905335e-16	ATP5J2	c6
2.71973665795007e-20	-1.45358568263332	0.007	0.021	5.64780514389911e-16	PRMT2	c6
2.89102243216325e-20	-1.0853759585198	0.014	0.03	6.00349718263021e-16	SHISA5	c6
3.13983082809501e-20	-1.51973591820684	0.007	0.019	6.52017269762209e-16	HMGN4	c6
3.15820478758912e-20	-1.83981483485808	0.004	0.016	6.55832806190757e-16	BTN3A2	c6
3.44094998678551e-20	-0.994224049740014	0.017	0.033	7.14547674255878e-16	PSMB1	c6
4.31133779311835e-20	-1.11526926211343	0.013	0.028	8.95292406118956e-16	TBCB	c6
4.36491360687669e-20	-2.88485872905114	0.001	0.011	9.06417959604014e-16	SUSD3	c6
4.78001205956953e-20	-1.47176015015365	0.007	0.02	9.92617304290208e-16	ARID5A	c6
4.85790338682325e-20	0.41074616787537	0.101	0.076	1.00879221730772e-15	COX8A	c6
5.04654777428522e-20	-0.896903213646416	0.021	0.039	1.04796611080807e-15	DDIT3	c6
5.14715306993584e-20	1.11142608057566	0.015	0.007	1.06885780650288e-15	RAB1A	c6
5.42198441306265e-20	1.32601358858599	0.01	0.004	1.12592928321659e-15	GLTP	c6
6.14929045871817e-20	-2.15030522078362	0.003	0.014	1.27696165665741e-15	ZMYM6NB	c6
6.56332608727649e-20	1.21366244851796	0.012	0.005	1.36294029528384e-15	IL10RB	c6
7.87128783577618e-20	-1.99264853434124	0.004	0.014	1.63455163197728e-15	BCL11B	c6
8.22725885468936e-20	0.962760261315434	0.019	0.01	1.70847257376479e-15	RNPEPL1	c6
8.77848056340739e-20	-1.63239461139647	0.006	0.018	1.82293927379718e-15	RASSF1	c6
9.05992667771307e-20	1.16509837000965	0.015	0.007	1.8813843738939e-15	ARL5B	c6
1.02976049473042e-19	1.23200502863976	0.012	0.005	2.13840064335719e-15	TRIM38	c6
1.09536506185851e-19	-0.459920739397736	0.078	0.107	2.27463508745537e-15	UBL5	c6
1.12300709285246e-19	0.751150931259345	0.031	0.018	2.33203652901742e-15	LAMP1	c6
1.43293935574755e-19	-2.40933994197891	0.002	0.012	2.97564186614536e-15	ITGB7	c6
1.73789370896722e-19	-0.781983610381221	0.026	0.044	3.60891007604132e-15	TRAPPC1	c6
1.75086354179135e-19	-1.17679024479712	0.011	0.025	3.63584323088392e-15	PRPF38B	c6
2.06444138309201e-19	-0.825918455238781	0.023	0.041	4.28701897612886e-15	CDC37	c6
2.2273692799397e-19	-1.04504368742374	0.015	0.03	4.62535504672277e-15	H2AFV	c6
2.42214250827495e-19	0.760850924977924	0.031	0.018	5.02982113268376e-15	TAX1BP1	c6
2.89863569869696e-19	-1.21655936408893	0.01	0.024	6.01930689191411e-15	CNOT6L	c6
3.1837721338859e-19	-1.85697245321257	0.004	0.015	6.61142121322746e-15	TRADD	c6
3.44309662246433e-19	-1.37724212420482	0.008	0.021	7.14993444620943e-15	STOM	c6
3.66440502271307e-19	1.01621809041388	0.017	0.008	7.60950347016597e-15	EHD1	c6
3.71613101139845e-19	-2.69385480353535	0.002	0.011	7.71691765827003e-15	PLEKHF1	c6
3.82065008878963e-19	-1.1829327233413	0.011	0.025	7.93396197438055e-15	SPNS1	c6
4.19702686282382e-19	1.1335151652404	0.014	0.006	8.71554598333995e-15	RPS6KA3	c6
4.42117528793972e-19	1.31759058264943	0.01	0.004	9.18101260293563e-15	IGF2R	c6
4.6826587144897e-19	-1.64885856315342	0.005	0.017	9.72400908650932e-15	MRPL18	c6
4.69894744647848e-19	-2.02909264411247	0.003	0.013	9.7578342673572e-15	KCNA3	c6
4.93299320783059e-19	-0.745274894860153	0.028	0.047	1.0243853695381e-14	UXT	c6
5.13044556331975e-19	-1.35152551658826	0.008	0.021	1.06538832567898e-14	NAA10	c6
5.18228746339869e-19	-2.21802789199528	0.003	0.013	1.07615381464937e-14	CCR6	c6
5.51958618243622e-19	1.34409753639882	0.01	0.004	1.14619726664471e-14	CAT	c6
5.9963313217969e-19	-0.988373299055465	0.016	0.031	1.24519816228434e-14	UBE2L6	c6
6.11086763368673e-19	1.259891986391	0.011	0.005	1.26898277281139e-14	CPD	c6
6.19968261957445e-19	-1.56909090294616	0.006	0.018	1.28742609278083e-14	HLA-DRB5	c6
6.88206784428697e-19	-1.14353732729318	0.022	0.04	1.42913020854463e-14	MT1X	c6
6.94524456980583e-19	-1.70156760962126	0.005	0.016	1.44224948736588e-14	CYFIP2	c6
7.25095283073454e-19	1.04935172235453	0.016	0.008	1.50573286483033e-14	PJA2	c6
8.09527792418766e-19	-3.05493770829827	0.001	0.01	1.68106541373681e-14	SLAMF1	c6
8.16911351374034e-19	-2.32769071347096	0.002	0.012	1.69639811226332e-14	ATP6V0E2	c6
8.29491106439666e-19	-2.67417819012649	0.002	0.011	1.72252123163261e-14	LOC100996740	c6
8.83086107629377e-19	-0.753207754362626	0.028	0.047	1.83381661110317e-14	POLD4	c6
9.0220244224976e-19	-1.68399382309914	0.005	0.016	1.87351359157585e-14	IMP3	c6
9.05064475026035e-19	-1.77897367909731	0.004	0.015	1.87945688883906e-14	ZNF428	c6
1.10083280725739e-18	0.871031734189384	0.022	0.012	2.2859894075507e-14	HADHA	c6
1.11092462887112e-18	-2.72582253219398	0.001	0.01	2.30694608431377e-14	PDE3B	c6
1.16831297403912e-18	-1.59866306141277	0.005	0.017	2.42611872188963e-14	GCHFR	c6
1.20604378124436e-18	0.882136543840975	0.022	0.012	2.50447051613204e-14	PHIP	c6
1.22087653239278e-18	-1.33090100876729	0.008	0.021	2.53527220716686e-14	ACP5	c6
1.30223504916761e-18	1.13015577468412	0.013	0.006	2.70422130310147e-14	NIN	c6
1.31258076800425e-18	-0.795722648290702	0.024	0.042	2.72570522283763e-14	SEPT9	c6
1.39463975802494e-18	-1.42977306913222	0.007	0.019	2.8961089215146e-14	RBL2	c6
1.44954762065833e-18	-1.3861420786151	0.007	0.02	3.01013058905908e-14	C17orf62	c6
1.60234022886482e-18	-1.62827728304037	0.005	0.016	3.32741971926069e-14	SNRPD1	c6
1.71991161460075e-18	-1.60043294258194	0.005	0.017	3.57156845887991e-14	GCC2	c6
1.7343902003667e-18	-2.37465254318071	0.002	0.011	3.60163469008149e-14	CDC25B	c6
1.78812363692982e-18	-1.14710960195436	0.011	0.025	3.71321754444847e-14	MBP	c6
2.04153377726187e-18	0.923440075629093	0.011	0.005	4.239449041862e-14	CLU	c6
2.16289064729255e-18	-1.31805314848156	0.009	0.022	4.49145871816771e-14	UGP2	c6
2.18234038718157e-18	-1.20996268425605	0.01	0.023	4.53184804802125e-14	ELOVL5	c6
2.22155419863904e-18	-1.64694235417119	0.005	0.016	4.61327944889384e-14	TMC8	c6
2.2699670376339e-18	1.02208195926553	0.016	0.008	4.71381355035056e-14	ADAM10	c6
2.29462803303677e-18	-1.16314583866527	0.011	0.024	4.76502457340416e-14	EIF3D	c6
2.44922116748778e-18	1.20755198491522	0.011	0.005	5.08605267640513e-14	FLII	c6
2.60810716878504e-18	-2.58248842871906	0.002	0.011	5.41599534669901e-14	PITPNC1	c6
2.98192528167771e-18	-2.1874090136644	0.003	0.012	6.19226603993194e-14	MTFP1	c6
3.01890230693812e-18	-1.81602766778204	0.004	0.014	6.26905253058769e-14	ERN1	c6
3.26273191814328e-18	-0.887194207576173	0.019	0.035	6.77538910121633e-14	SNHG15	c6
3.74718947959923e-18	-0.983512212988519	0.015	0.03	7.78141367333576e-14	UBE2I	c6
3.76136319162248e-18	-2.2909033849187	0.002	0.012	7.81084680372324e-14	SRSF8	c6
4.18695073876184e-18	0.527460912165933	0.038	0.024	8.69462190411283e-14	IFI6	c6
4.38650230780434e-18	-1.22151255057574	0.01	0.023	9.10901069238649e-14	TMEM173	c6
4.56407510436838e-18	-1.30433050360074	0.009	0.021	9.47775836173137e-14	TMEM2	c6
4.68618748338032e-18	-0.323469372656435	0.142	0.175	9.73133692798758e-14	HSP90AB1	c6
5.27168855389827e-18	-1.79405726794643	0.004	0.014	1.09471884510251e-13	ACP1	c6
5.45880832562077e-18	1.10658226624276	0.014	0.006	1.13357613689841e-13	PPP1R15B	c6
5.69674014999564e-18	-1.84014475711607	0.004	0.014	1.18298505954809e-13	DGKA	c6
5.70150696313342e-18	-2.56104205673396	0.002	0.011	1.18397493596428e-13	SMIM14	c6
5.83957024546781e-18	-2.62304663544914	0.002	0.01	1.21264515717385e-13	BCL2	c6
6.15175918343797e-18	0.800203102586154	0.025	0.014	1.27747431203273e-13	ENY2	c6
6.54515163624049e-18	1.01062325185665	0.014	0.006	1.3591661887817e-13	IL1R2	c6
7.83131592380334e-18	-0.698505606718919	0.031	0.05	1.626251064737e-13	RGS10	c6
7.89383720870552e-18	0.82876022422869	0.023	0.013	1.63923423475979e-13	PTBP3	c6
8.35118220851332e-18	1.20452429221766	0.011	0.005	1.73420649741988e-13	RPS6KA1	c6
8.39089182028426e-18	-2.44536226349629	0.002	0.011	1.74245259540023e-13	FAM102A	c6
9.1493452508252e-18	0.819777062947743	0.025	0.014	1.89995303478636e-13	NFE2L2	c6
1.08141026816943e-17	-1.25443457150355	0.008	0.021	2.24565656288063e-13	SIVA1	c6
1.17374479556506e-17	-1.45873373614173	0.006	0.018	2.43739844247041e-13	LINC00116	c6
1.26286112468078e-17	-1.91134173939164	0.003	0.013	2.62245741151211e-13	GPRIN3	c6
1.28521835265019e-17	-1.73797009423692	0.004	0.014	2.66888443111339e-13	POLR3GL	c6
1.30621162315596e-17	1.10180630551306	0.013	0.006	2.71247905664567e-13	SYNCRIP	c6
1.50434298187238e-17	-2.56851426316835	0.001	0.01	3.12391863615618e-13	LOC643733	c6
1.54593208519995e-17	-2.23083802464667	0.002	0.011	3.21028256812622e-13	ARL6IP6	c6
1.6175667322381e-17	0.590638390890736	0.045	0.03	3.35903907616564e-13	SEC11A	c6
1.76551583178585e-17	-0.928772201196976	0.016	0.031	3.66627017628649e-13	C11orf58	c6
1.8856474472295e-17	-2.07805924445675	0.003	0.012	3.91573548891679e-13	PPM1K	c6
1.93066346073537e-17	-1.40297538459321	0.007	0.019	4.00921574256306e-13	C19orf10	c6
1.95796644109888e-17	-1.12433309703343	0.011	0.025	4.06591311158594e-13	PDIA6	c6
2.19815345578547e-17	-2.52139745533712	0.002	0.01	4.56468546628412e-13	SBDSP1	c6
2.38066448203158e-17	-2.07240530498957	0.003	0.012	4.94368786338678e-13	SDHAF2	c6
2.56310491170682e-17	-0.916075583759329	0.018	0.033	5.32254365965038e-13	ARL6IP1	c6
2.78126051378854e-17	-1.72799690342832	0.004	0.014	5.77556558293328e-13	MAGOH	c6
3.04195116729617e-17	-1.83021412106612	0.004	0.014	6.31691579400723e-13	TBCC	c6
3.06606298181473e-17	-1.74474224023314	0.004	0.014	6.36698638803648e-13	TRAPPC6A	c6
3.49538791636109e-17	-1.72651396675149	0.004	0.014	7.25852254711544e-13	TMEM134	c6
3.77713807637292e-17	1.14664779959616	0.012	0.005	7.843604929396e-13	BRD4	c6
3.79294106651628e-17	-1.293086016104	0.008	0.02	7.8764214187277e-13	RPS19BP1	c6
4.26643437054954e-17	-2.0329066644347	0.003	0.012	8.85967761388318e-13	RNF113A	c6
4.66505775767417e-17	-0.591635586939656	0.041	0.062	9.68745893958617e-13	YPEL5	c6
4.92138809890697e-17	0.941567219880216	0.017	0.009	1.02197545261902e-12	ATP6AP1	c6
5.1061846822908e-17	-1.03338260276208	0.013	0.027	1.06035031112451e-12	CCT4	c6
5.11199208812002e-17	-0.864603295159628	0.018	0.033	1.061556277019e-12	ATP5J	c6
5.29422013000244e-17	-0.990935425007507	0.014	0.027	1.09939775219631e-12	ARF4	c6
5.40866512288319e-17	-2.25845348561816	0.002	0.011	1.12316339941792e-12	MRPL10	c6
5.93389265814363e-17	-1.78424612637299	0.004	0.014	1.23223214939011e-12	TMUB1	c6
6.17759803766956e-17	1.255641392907	0.01	0.004	1.28284000850246e-12	WDR26	c6
6.82393750589711e-17	-1.70570315895854	0.004	0.014	1.41705886247459e-12	TMEM50B	c6
7.35199290543844e-17	-0.997912439548903	0.014	0.027	1.52671484674335e-12	ARHGAP9	c6
7.64980415699856e-17	-1.82726826705746	0.004	0.013	1.58855833124232e-12	FAM173A	c6
7.76261954861284e-17	-0.789277272148295	0.022	0.038	1.61198557546494e-12	NEDD8	c6
7.80259543872324e-17	1.1989899714118	0.011	0.005	1.62028696880527e-12	SERTAD2	c6
8.70509710555225e-17	0.779382293772435	0.025	0.014	1.80770046493898e-12	YWHAE	c6
9.2753729741845e-17	-0.913574220569592	0.016	0.031	1.92612395181915e-12	ST13	c6
9.46063765754711e-17	-1.45720393808904	0.006	0.017	1.96459601596623e-12	SS18L2	c6
1.00310354306531e-16	-2.17466768711607	0.002	0.011	2.08304481752943e-12	TNFRSF25	c6
1.03471756901279e-16	-0.824678056585942	0.02	0.036	2.14869450381195e-12	CREM	c6
1.09488088308368e-16	0.240752309474205	0.217	0.184	2.27362964181157e-12	COX4I1	c6
1.15045842573154e-16	-1.18966120910498	0.009	0.021	2.38904196687411e-12	ENSA	c6
1.24373517795488e-16	-1.02121031616359	0.012	0.026	2.5827404705411e-12	SIGIRR	c6
1.30566728518774e-16	-1.2338935265201	0.008	0.02	2.71134868442085e-12	ATRAID	c6
1.34888583169952e-16	0.894301407724861	0.019	0.01	2.80109631810723e-12	SNX2	c6
1.45468913624408e-16	-1.10913974214948	0.011	0.023	3.02080746032447e-12	NUCKS1	c6
1.51175961778042e-16	1.2098486149876	0.01	0.004	3.13932002228282e-12	YWHAG	c6
1.57503055893247e-16	-0.890614258024192	0.016	0.031	3.27070845867918e-12	BRE-AS1	c6
1.61186070446761e-16	0.745030026698553	0.028	0.017	3.34718993889745e-12	INSIG1	c6
1.78485360536786e-16	-1.90847619491007	0.003	0.012	3.70642699690691e-12	LOC100131564	c6
1.9522338232435e-16	-1.5473736409198	0.005	0.015	4.05400875734745e-12	CHMP4A	c6
2.0338542511322e-16	-1.09187133803712	0.011	0.023	4.22350173790113e-12	LSM8	c6
2.14944527786801e-16	-0.549144823070447	0.034	0.052	4.46353806402071e-12	CCNH	c6
2.26578778516502e-16	-1.29557222374947	0.008	0.019	4.70513491467369e-12	DDX39A	c6
2.42318490677172e-16	-2.13968785738638	0.002	0.011	5.03198577740215e-12	MANF	c6
2.43125715601382e-16	-1.15892385212528	0.01	0.022	5.04874861017831e-12	CMPK1	c6
2.49920031971994e-16	-1.6048497974766	0.005	0.015	5.18983938393044e-12	HIST1H1D	c6
2.71497927439455e-16	-1.32050830111338	0.007	0.018	5.63792596120773e-12	PSMA5	c6
2.82085299520921e-16	-1.43447670310877	0.006	0.016	5.85778332985145e-12	NDUFA12	c6
3.04689592373595e-16	-0.724590084567664	0.025	0.041	6.32718407523008e-12	ICAM3	c6
3.41548908528128e-16	-1.25879076090687	0.007	0.019	7.09260463449511e-12	MIR155HG	c6
3.85005067646551e-16	-0.98630889901971	0.013	0.026	7.99501523474827e-12	DHRS7	c6
4.11451065419675e-16	-1.44747507086568	0.006	0.016	8.54419282450498e-12	PIN1	c6
4.25604690780448e-16	-1.02307931654992	0.012	0.025	8.83810700874678e-12	CHD2	c6
4.30199998447706e-16	-1.4535614130198	0.006	0.016	8.93353316776507e-12	ICAM2	c6
4.31117865386721e-16	-2.16602604533339	0.002	0.011	8.95259359262066e-12	RGL4	c6
4.42007961516953e-16	-1.21835300637207	0.008	0.02	9.17873732886104e-12	RBCK1	c6
4.57393553172531e-16	0.395264923898524	0.089	0.068	9.49823452518077e-12	HNRNPK	c6
4.67202611534716e-16	0.742179446031558	0.026	0.016	9.70192943112992e-12	SNX6	c6
4.91177063801624e-16	0.527327695347701	0.051	0.036	1.01997829069045e-11	MAP1LC3B	c6
5.00308975075183e-16	-3.41556241621857	0.003	0.011	1.03894161764112e-11	MZB1	c6
5.16349120853413e-16	-1.37433112287396	0.007	0.017	1.0722505843642e-11	TMED9	c6
6.35092921636949e-16	-1.37734163070835	0.006	0.017	1.31883396107129e-11	POLR2G	c6
6.69970718697306e-16	-2.28482059592137	0.002	0.01	1.39126119444683e-11	DNAJC19	c6
7.97875554170617e-16	-1.38361046210964	0.006	0.017	1.6568683757907e-11	GPS2	c6
8.05260686825356e-16	-1.06245449825462	0.011	0.023	1.67220434226153e-11	SNRPD3	c6
8.21298591947804e-16	-0.843924664151797	0.018	0.032	1.70550865603881e-11	OSTF1	c6
8.35561726780605e-16	0.304568233217714	0.013	0.006	1.7351274818326e-11	APOE	c6
8.51976078202774e-16	-1.33805304899766	0.007	0.018	1.76921352399588e-11	SDF2L1	c6
9.45487053830073e-16	0.8341438219584	0.022	0.013	1.96339841598353e-11	ARRDC3	c6
9.66173308965086e-16	-1.50801661280073	0.005	0.015	2.0063554933969e-11	RAPGEF6	c6
1.0023430220847e-15	-2.31720206071592	0.002	0.01	2.08146551966109e-11	DUSP16	c6
1.03375600729778e-15	1.04672578032041	0.013	0.006	2.14669772475457e-11	XAF1	c6
1.06566084711012e-15	-1.59757984080131	0.004	0.014	2.21295131510888e-11	RBMX	c6
1.13882799335456e-15	-1.97475674098292	0.003	0.011	2.36489021100007e-11	TOPORS-AS1	c6
1.14753534793438e-15	-1.18519835460824	0.012	0.025	2.38297190352053e-11	NAPSB	c6
1.17551968000319e-15	-1.5774951652494	0.005	0.014	2.44108416749462e-11	RABGGTB	c6
1.27892208015348e-15	-2.06544038104826	0.002	0.011	2.65580959164671e-11	SYNRG	c6
1.45071962413019e-15	-1.58953150895877	0.005	0.014	3.01256437146876e-11	SLC44A2	c6
1.50456653644474e-15	-1.63555452762376	0.004	0.013	3.12438286958114e-11	TPST2	c6
1.69166497944766e-15	-0.763833748282396	0.021	0.036	3.51291149632102e-11	CCDC85B	c6
1.81522965405862e-15	-0.963909919395457	0.013	0.026	3.76950589961813e-11	SNRPF	c6
1.8893801458205e-15	-1.52445318139893	0.005	0.014	3.92348681081084e-11	UBAC2	c6
2.09444483544045e-15	-0.543486584093807	0.042	0.061	4.34932414527563e-11	CD53	c6
2.32790547330544e-15	-2.28684480006793	0.002	0.01	4.83412850586608e-11	YDJC	c6
2.51439481592108e-15	-0.304718339744489	0.139	0.169	5.22139227474171e-11	RPL27A	c6
2.89624406779379e-15	0.737725194915548	0.025	0.015	6.01434043118058e-11	ATOX1	c6
2.91327922411462e-15	-1.01097539023186	0.012	0.024	6.04971563679643e-11	SSU72	c6
2.93828592317213e-15	0.44625492858126	0.066	0.048	6.10164454805925e-11	CD97	c6
3.32103988444113e-15	-2.0555297775153	0.002	0.01	6.89647142403044e-11	LMAN1	c6
3.34228702190757e-15	-0.537064641844508	0.095	0.12	6.94059322969325e-11	GADD45B	c6
3.52664548544663e-15	-1.03723664141325	0.012	0.024	7.32343201507848e-11	AIM1	c6
3.70810647313961e-15	-1.26028717743029	0.007	0.017	7.70025390212172e-11	ATP5L2	c6
4.12974367727473e-15	-1.71741018361531	0.004	0.012	8.57582572022871e-11	PDCL3	c6
4.26643687807401e-15	-0.55339564797749	0.07	0.093	8.85968282100849e-11	HMGN2	c6
4.52837198477528e-15	-1.0894702666286	0.023	0.039	9.40361726358435e-11	XBP1	c6
4.61775601241378e-15	0.62001935415206	0.035	0.023	9.58923213537846e-11	PRKAR1A	c6
4.650516408137e-15	-0.522882473523706	0.045	0.064	9.6572623731373e-11	C19orf43	c6
4.79384039002964e-15	-1.32213234594425	0.007	0.017	9.95488895393556e-11	RHBDD2	c6
5.752071935571e-15	0.745332171415768	0.024	0.015	1.19447525814067e-10	C8orf59	c6
5.76071660010405e-15	-2.21251690833019	0.002	0.01	1.19627040917761e-10	POP5	c6
5.82321489060993e-15	-2.12860353441166	0.002	0.01	1.20924880418406e-10	P2RY10	c6
6.21455985085981e-15	-0.913727873241668	0.014	0.027	1.29051549862955e-10	TRIM22	c6
6.58052234832714e-15	-2.05043477636662	0.002	0.01	1.36651127085361e-10	CASP8	c6
6.97093577724125e-15	-2.01853843301083	0.003	0.011	1.44758452350192e-10	MT1F	c6
7.03736069141642e-15	-2.01519219117097	0.002	0.01	1.46137832117953e-10	VDAC3	c6
7.26141861702977e-15	1.03110642360132	0.013	0.006	1.5079061900124e-10	CHD4	c6
8.22211471471625e-15	-1.65183033074109	0.004	0.013	1.70740434165798e-10	SNRPA1	c6
8.44426307498571e-15	-1.26729481739348	0.007	0.017	1.75353567015153e-10	RER1	c6
9.29549586240283e-15	-1.88693604408375	0.003	0.011	1.93030267078657e-10	NGRN	c6
1.17162352877632e-14	-1.80708017933362	0.003	0.011	2.4329934198569e-10	NMRK1	c6
1.20643965047041e-14	-2.10396780168588	0.002	0.01	2.50529257816686e-10	SUMO1P3	c6
1.46492816147618e-14	-1.34176430210732	0.006	0.015	3.04206982012143e-10	C1QBP	c6
1.57333454658783e-14	-1.04438031686505	0.01	0.022	3.26718651944428e-10	SUMO1	c6
1.66272121407869e-14	-1.17758557465498	0.008	0.019	3.45280687315581e-10	PTGER2	c6
1.71023742282628e-14	0.270319883039193	0.14	0.115	3.55147903224105e-10	UQCR11	c6
1.75997692678282e-14	0.250233904272136	0.174	0.146	3.65476808615721e-10	RHOA	c6
1.81593153222675e-14	-1.87796068204537	0.003	0.01	3.77096341982207e-10	TBCD	c6
1.97471194456626e-14	-2.094619852949	0.002	0.01	4.1006868240863e-10	CD320	c6
2.01820081330982e-14	-2.00124590817138	0.002	0.01	4.19099580891916e-10	NUCB2	c6
2.14986763745067e-14	-1.5161878209497	0.005	0.013	4.46441513593006e-10	MAP1LC3B2	c6
2.26727617981538e-14	0.648630524821798	0.03	0.019	4.70822571500462e-10	SET	c6
2.29979598389118e-14	-1.98044458944911	0.002	0.01	4.77575634014843e-10	SMARCB1	c6
2.32555477679337e-14	0.714931128207951	0.027	0.016	4.82924704948911e-10	EIF4A3	c6
2.54905052323365e-14	-1.62415476484783	0.004	0.012	5.293358316547e-10	CMC2	c6
2.59794007935725e-14	-0.987570262919601	0.012	0.023	5.39488236879327e-10	SRSF10	c6
2.7726233337301e-14	-1.92524832549249	0.002	0.01	5.75762961482392e-10	KIF2A	c6
2.86639274678996e-14	-1.09882312557083	0.01	0.021	5.95235117798404e-10	NEU1	c6
3.31476460490406e-14	-1.94458370308356	0.003	0.01	6.88344017854377e-10	TARSL2	c6
3.37051126890993e-14	-0.94906053040775	0.013	0.024	6.99920370101836e-10	TRABD	c6
3.5044074014745e-14	1.03560781583626	0.012	0.006	7.27725240990194e-10	ERBB2IP	c6
3.6678336388659e-14	1.13878620067958	0.01	0.005	7.61662333446894e-10	TAOK1	c6
3.67810931189711e-14	-1.91774209086492	0.003	0.01	7.63796179708554e-10	PHYKPL	c6
3.81118371270668e-14	0.908240275272783	0.015	0.008	7.9143040978067e-10	B4GALT1	c6
4.21411073066558e-14	-2.0037220311983	0.002	0.01	8.75102234330014e-10	THAP3	c6
4.2161241006357e-14	-1.99912012923929	0.002	0.01	8.7552033073801e-10	RALGAPA1	c6
4.3647577151691e-14	0.833525524775286	0.017	0.01	9.06385587132014e-10	FAM26F	c6
4.75823237900628e-14	-1.62659768381736	0.004	0.012	9.88094535824443e-10	RPAIN	c6
4.83383869532567e-14	-1.46621344958465	0.005	0.014	1.00379494347133e-09	DNAJA2	c6
5.8262831792825e-14	-0.954812430717349	0.012	0.024	1.2098859650098e-09	OTUB1	c6
5.9735345575557e-14	-1.92150008997052	0.003	0.01	1.24046418622202e-09	EMC4	c6
6.33811792451267e-14	0.319685658832809	0.104	0.083	1.3161735682043e-09	GMFG	c6
6.39285572972617e-14	0.635511550128899	0.027	0.017	1.32754042083494e-09	UBE2J1	c6
6.57505280306507e-14	-1.36158415577964	0.006	0.016	1.36537546508449e-09	MYC	c6
6.8767645342319e-14	0.83162783606705	0.016	0.009	1.4280289231786e-09	CUX1	c6
7.21067126257771e-14	-0.623247464415161	0.029	0.044	1.49736799438689e-09	EIF4B	c6
7.95252534382085e-14	-1.7996405979767	0.003	0.011	1.65142141289784e-09	CCT7	c6
7.99631444694196e-14	-0.879666607462768	0.014	0.026	1.66051465805197e-09	AUP1	c6
8.05640136238404e-14	-1.48281287349762	0.005	0.013	1.67299230691267e-09	STRA13	c6
9.66104102935375e-14	-1.56858676769349	0.004	0.012	2.0062117801556e-09	NDUFB6	c6
1.02184824561038e-13	-1.71739257678294	0.003	0.011	2.12197006683452e-09	PTPRA	c6
1.08128112992755e-13	-1.61958386457822	0.004	0.012	2.24538839440755e-09	WDR33	c6
1.13245262639462e-13	-1.3599179738116	0.005	0.014	2.35165112397106e-09	LINC01420	c6
1.17397551364957e-13	-1.81311754064121	0.003	0.01	2.4378775516447e-09	PPP1R7	c6
1.17605105842202e-13	-1.38591318234454	0.005	0.014	2.44218762791917e-09	POLR2J	c6
1.18671397779147e-13	-1.48428541501138	0.005	0.013	2.46433024628176e-09	MPC2	c6
1.22009707389808e-13	-1.90489117241508	0.003	0.01	2.53365358365675e-09	OFD1	c6
1.22362922975389e-13	-1.50375781844479	0.004	0.012	2.54098845850693e-09	DHPS	c6
1.22394505977824e-13	-1.21966400893546	0.007	0.016	2.54164431113549e-09	FGFR1OP2	c6
1.27526160742789e-13	-1.84738779642481	0.003	0.01	2.64820825398476e-09	NDNL2	c6
1.36582682037203e-13	-1.5438540404886	0.004	0.012	2.83627597518456e-09	TAP2	c6
1.38687341515544e-13	-0.962167519049227	0.012	0.023	2.87998133391179e-09	PA2G4	c6
1.48498662749403e-13	-1.57472140504332	0.004	0.012	3.0837232306541e-09	CNPY2	c6
1.59173096331017e-13	1.10933230981562	0.01	0.005	3.30538851840989e-09	EPN1	c6
1.60556423394605e-13	0.962306892524958	0.013	0.007	3.33411468821236e-09	CDKN2D	c6
1.64644763686317e-13	-0.861881480559568	0.014	0.026	3.41901316271006e-09	BIN2	c6
1.6866412423228e-13	-1.83185491330715	0.003	0.01	3.50247920380752e-09	RBM4	c6
1.8382910991638e-13	-1.44923338313804	0.005	0.013	3.81739529652355e-09	MRPL43	c6
2.33925106735721e-13	-1.34055986694917	0.005	0.014	4.85768876647398e-09	PDAP1	c6
2.36001718923239e-13	-1.84938329820089	0.003	0.01	4.90081169515998e-09	CCSER2	c6
2.62765822835996e-13	-0.919820556956291	0.012	0.024	5.45659507701228e-09	NDUFS8	c6
2.67378834062147e-13	-0.739480465667929	0.019	0.032	5.55238886813454e-09	NDUFB10	c6
2.67779376012786e-13	-0.612421480022102	0.029	0.044	5.5607065222815e-09	C11orf31	c6
2.83118620585866e-13	-0.993635300472739	0.01	0.02	5.8792412750861e-09	BCAS2	c6
2.86106467641904e-13	-1.07986940158368	0.009	0.019	5.94128690705179e-09	TMEM230	c6
2.96528580109932e-13	-1.84175400997773	0.003	0.01	6.15771249456285e-09	SPTAN1	c6
3.0651509338311e-13	-1.3004350787637	0.008	0.017	6.36509242919367e-09	FKBP2	c6
3.06538881166914e-13	-1.55850638325443	0.004	0.011	6.36558640631214e-09	TUBB2A	c6
3.17762011384568e-13	1.10862261313448	0.01	0.004	6.59864592841194e-09	DNTTIP2	c6
3.28433241918856e-13	-1.57856660610138	0.004	0.012	6.82024470168697e-09	C19orf24	c6
3.58467858529189e-13	-1.06486020772102	0.009	0.018	7.44394355021713e-09	ZBTB20	c6
3.59788656545859e-13	0.775198879409288	0.02	0.011	7.47137124183131e-09	BAZ1A	c6
3.70046011401605e-13	-1.62705704187814	0.005	0.014	7.68437547276573e-09	MT1E	c6
3.74499509165048e-13	0.432043212123747	0.053	0.039	7.77685680732138e-09	PGAM1	c6
4.21808563892253e-13	-1.68264390658975	0.003	0.011	8.75927663778653e-09	HSPB11	c6
4.28915495021437e-13	-1.12771742176288	0.008	0.017	8.90685916961517e-09	LPXN	c6
4.3204355387753e-13	0.807038412117188	0.018	0.01	8.97181643982079e-09	CSNK1A1	c6
4.69151753576753e-13	-0.490001496447231	0.044	0.062	9.74240531477485e-09	NDUFA3	c6
4.75735737456824e-13	0.928224280462659	0.013	0.007	9.87912832402841e-09	FOXN3	c6
4.87109612059297e-13	-1.04323732400226	0.009	0.019	1.01153182040234e-08	C9orf78	c6
5.06186973755065e-13	-1.0866404822583	0.009	0.018	1.05114786969977e-08	ATP5G1	c6
5.27222627467807e-13	-1.67771161104752	0.003	0.011	1.09483050819965e-08	PHB	c6
5.56730238398965e-13	-1.00407884689068	0.01	0.02	1.15610601305929e-08	SSBP1	c6
5.87349009309296e-13	-1.82172695529803	0.003	0.01	1.21968895273169e-08	IPCEF1	c6
6.50152180805461e-13	-1.45692940049717	0.004	0.012	1.35010601866062e-08	ORMDL1	c6
6.57050486143358e-13	-1.03282849288469	0.009	0.019	1.3644310395253e-08	TMCO1	c6
6.64181353013507e-13	0.70602221709386	0.023	0.014	1.37923899766785e-08	SSH2	c6
6.78372537827222e-13	0.799045621363657	0.017	0.01	1.40870841205201e-08	ENTPD1	c6
6.99758890699184e-13	-0.83855719098183	0.015	0.026	1.45311931242593e-08	PRDX6	c6
7.67288498989734e-13	0.768501831455549	0.019	0.011	1.59335129700208e-08	DBNL	c6
8.15586667447175e-13	-0.620478582568585	0.027	0.041	1.6936472736208e-08	PSMB10	c6
8.16504000015154e-13	-0.510001182226974	0.039	0.056	1.69555220643147e-08	RAP1B	c6
8.21309873547955e-13	-0.978541149848576	0.01	0.021	1.70553208340968e-08	EWSR1	c6
9.78737889669412e-13	-1.12334606778505	0.008	0.017	2.0324471016875e-08	ATF7IP	c6
1.02795219174113e-12	-1.72743608902247	0.003	0.01	2.13464552136963e-08	DDTL	c6
1.05399539443394e-12	-1.65924258921626	0.003	0.011	2.18872683608151e-08	OBFC1	c6
1.07676320419215e-12	-1.80456110059167	0.003	0.01	2.23600646982541e-08	PIH1D1	c6
1.26151043881875e-12	-0.910081600977764	0.012	0.023	2.61965257725101e-08	PHPT1	c6
1.33145449534602e-12	-0.673630503783131	0.022	0.036	2.76489840503555e-08	STK4	c6
1.47865599539605e-12	-0.723135917590905	0.019	0.032	3.07057704003943e-08	TRAM1	c6
1.49503322858941e-12	-1.48370144615464	0.004	0.012	3.10458600248877e-08	GADD45G	c6
1.75014178636725e-12	0.383230179202178	0.076	0.059	3.63434443357022e-08	ID2	c6
1.84427531173811e-12	0.673179915917606	0.024	0.015	3.82982211235535e-08	DOCK8	c6
1.93023312090998e-12	-0.923770454982832	0.01	0.021	4.00832209888167e-08	ZC3HAV1	c6
1.95248358921987e-12	-1.131092255224	0.007	0.016	4.05452742137398e-08	SNRPA	c6
2.22259143055074e-12	-1.65729150695402	0.003	0.01	4.61543336468167e-08	MRPL34	c6
2.49210943727307e-12	-0.842809747632431	0.015	0.026	5.17511445744126e-08	DNAJB4	c6
2.58460271400908e-12	-1.70254190987162	0.003	0.01	5.36718599591126e-08	RNF126	c6
2.88289875110771e-12	-1.35472439825558	0.005	0.013	5.98662754655027e-08	COPS6	c6
2.89867962642413e-12	-1.36273849287398	0.005	0.012	6.01939811223235e-08	LOC101927902	c6
2.97243791390745e-12	-1.53516080330214	0.004	0.011	6.17256457202022e-08	C6orf1	c6
3.04776230265905e-12	0.922528674798657	0.013	0.007	6.32898319770178e-08	C20orf27	c6
3.32432377075048e-12	-1.33755277908307	0.005	0.013	6.90329074234044e-08	EPB41L4A-AS1	c6
3.53598729731626e-12	-0.478620173347664	0.041	0.057	7.34283122160695e-08	NDUFB2	c6
3.65293731395064e-12	-1.71908537087929	0.003	0.01	7.58568962614989e-08	AMZ2	c6
3.71374013978781e-12	-1.11707711775133	0.007	0.016	7.71195277428336e-08	ANKRD10	c6
3.82362706059676e-12	-1.14725624131355	0.007	0.016	7.94014395403524e-08	ZC3H12A	c6
4.33108143227379e-12	-1.06373591212497	0.008	0.017	8.99392370225976e-08	MAX	c6
4.34313637843573e-12	-1.36760424804579	0.005	0.012	9.01895700345963e-08	RNF187	c6
4.45344090450905e-12	-1.04486807852964	0.008	0.018	9.24801538230349e-08	STRAP	c6
4.81358157380525e-12	-1.67953193182512	0.003	0.01	9.99588349616398e-08	AKIRIN1	c6
4.87508213887847e-12	-0.797551115358225	0.015	0.026	1.0123595569595e-07	TMED10	c6
5.18955154691945e-12	-1.49591542592344	0.004	0.011	1.07766227423329e-07	FAM162A	c6
5.25979360419993e-12	-1.07088461695133	0.008	0.017	1.09224873984816e-07	SYPL1	c6
5.34027084212069e-12	-0.688687106037023	0.021	0.033	1.10896064307478e-07	FNBP1	c6
5.40067204125480e-12	-1.08193808226429	0.007	0.016	1.12150355608697e-07	SDF4	c6
5.58690772478241e-12	-0.861276442665977	0.013	0.023	1.16017725812831e-07	HN1	c6
5.60537880386188e-12	1.01358150950626	0.01	0.005	1.16401296240996e-07	BAZ2A	c6
6.29168391226663e-12	-1.50496056552644	0.004	0.011	1.30653108122129e-07	NUTF2	c6
6.51273846647307e-12	-0.748542608694065	0.016	0.028	1.3524352699478e-07	MRPL41	c6
6.67986897480229e-12	0.959851978195046	0.011	0.006	1.38714159130744e-07	HDLBP	c6
6.6883129318278e-12	0.413777932391533	0.057	0.042	1.38889506342336e-07	ARF5	c6
6.92117444657920e-12	0.76959571020257	0.017	0.01	1.43725108557664e-07	MBOAT7	c6
6.98559701344316e-12	-1.36505694965602	0.004	0.012	1.45062907581161e-07	MDH1	c6
7.08396724692627e-12	-0.704663107745168	0.019	0.031	1.47105663849671e-07	ANKRD12	c6
7.51041273949792e-12	-1.37768455798377	0.005	0.012	1.55961230948414e-07	ZBTB38	c6
7.55961661079336e-12	0.396696757238429	0.06	0.046	1.56982998539735e-07	MYH9	c6
8.43096131121808e-12	0.905610382070509	0.013	0.007	1.75077342588755e-07	VMA21	c6
8.98213147932443e-12	-1.42165433616532	0.004	0.012	1.86522942299651e-07	SYNE1	c6
8.99574248594382e-12	-0.747454192919401	0.016	0.028	1.86805588463109e-07	COX14	c6
9.82752248168732e-12	-0.998757558455027	0.008	0.017	2.04078331854719e-07	ATM	c6
9.9072532882849e-12	-1.02452534297808	0.009	0.018	2.05734021784524e-07	IK	c6
1.0284217794334e-11	-0.915360347288662	0.011	0.021	2.13562066717141e-07	MDH2	c6
1.05468242901448e-11	0.954667084776472	0.011	0.006	2.19015353209148e-07	TMEM30A	c6
1.074903193368e-11	-1.61386512902289	0.003	0.01	2.232143971348e-07	PHTF2	c6
1.09508275734901e-11	-0.950827456581937	0.01	0.019	2.27404885391096e-07	MPHOSPH8	c6
1.19023169523924e-11	0.504371135809731	0.037	0.026	2.47163513833381e-07	RBPJ	c6
1.1940812394214e-11	-0.985478592313062	0.009	0.018	2.47962910178247e-07	PCNP	c6
1.23323974881058e-11	-0.748134548999394	0.015	0.026	2.56094566238005e-07	C16orf13	c6
1.23701599438653e-11	0.287792235828497	0.11	0.09	2.56878741394307e-07	YWHAB	c6
1.2371192858399e-11	-0.490405795240521	0.039	0.055	2.56900190897514e-07	MORF4L1	c6
1.28923624744214e-11	-1.23020260594139	0.006	0.014	2.67722799143835e-07	NOL7	c6
1.31008677447137e-11	0.833973954666608	0.014	0.008	2.72052619586725e-07	CX3CR1	c6
1.323102372355e-11	-1.15157031937866	0.006	0.015	2.74755438643239e-07	IRF3	c6
1.37391642482083e-11	0.791763571115658	0.017	0.01	2.85307484778294e-07	BPTF	c6
1.42062641827295e-11	-1.3041674534349	0.005	0.013	2.95007282018561e-07	MEA1	c6
1.47606620493106e-11	-1.4039603755155	0.004	0.011	3.06519908115984e-07	LINC00674	c6
1.49735148665609e-11	-1.13306755794812	0.007	0.015	3.10940009719003e-07	SF3A2	c6
1.5014194730684e-11	-1.11130408372398	0.007	0.015	3.11784767777384e-07	STUB1	c6
1.57276760008426e-11	0.32054170324142	0.084	0.067	3.26600919833496e-07	POLR2L	c6
1.60347448262337e-11	0.524996931486819	0.035	0.024	3.32977511061569e-07	VAMP5	c6
1.60739385486523e-11	-0.9525266693401	0.01	0.019	3.33791407901313e-07	NHP2	c6
1.68499198996473e-11	-1.10564741854062	0.007	0.015	3.49905436636076e-07	FBL	c6
1.71966029511072e-11	0.968692351990005	0.011	0.005	3.57104656882691e-07	ARF3	c6
1.74104777406677e-11	-1.35615139643413	0.005	0.012	3.61545980762705e-07	PSMF1	c6
1.88584515161496e-11	-1.38139565473145	0.004	0.012	3.91614604184362e-07	COX20	c6
1.89687951828178e-11	-0.97827771041869	0.009	0.018	3.93906000766394e-07	POLR2E	c6
2.10269834158996e-11	-0.784953798520073	0.015	0.025	4.3664633761457e-07	RNPS1	c6
2.10958913057329e-11	0.664472334044983	0.022	0.014	4.3807727885485e-07	MYCBP2	c6
2.15923377688793e-11	-1.3289646164596	0.005	0.012	4.48386486108547e-07	INO80E	c6
2.21336184300315e-11	0.84227261827253	0.013	0.007	4.59626720318034e-07	MID1IP1	c6
2.23634537147541e-11	-1.31800487324697	0.004	0.011	4.64399479840585e-07	PITHD1	c6
2.32228750311699e-11	0.700859901163685	0.019	0.012	4.82246222897274e-07	HSD17B11	c6
2.33805287066073e-11	-1.0875165685405	0.007	0.016	4.85520059121407e-07	DCTN3	c6
2.52779109457829e-11	-1.12962094985643	0.007	0.015	5.24921098700127e-07	TSC22D4	c6
2.597392970715e-11	0.989247147186008	0.01	0.005	5.39374624298677e-07	PKN2	c6
2.61443635499369e-11	-1.2921840498096	0.005	0.012	5.42913853477989e-07	RNF145	c6
2.70548139016852e-11	-1.44536226349629	0.004	0.011	5.61820265482396e-07	CCT3	c6
2.90287896077934e-11	0.717005086086174	0.016	0.009	6.02811844995437e-07	BAG3	c6
2.9174989999211e-11	-1.38604670958245	0.004	0.011	6.05847842323616e-07	GRAMD1A	c6
2.94904549349313e-11	-0.703556106778688	0.018	0.03	6.12398787178783e-07	DYNLT1	c6
2.95118489815111e-11	-0.891429710559093	0.011	0.021	6.12843055950059e-07	RAB11B	c6
2.99572860795092e-11	0.647042527918607	0.023	0.015	6.22093002727089e-07	VPS13C	c6
3.01484100769796e-11	-1.17441934033437	0.006	0.014	6.26061883658559e-07	SEMA4D	c6
3.08199694237951e-11	-1.36955943941852	0.004	0.011	6.4000748505453e-07	POLR2F	c6
3.09862895342141e-11	-0.955397545831095	0.01	0.019	6.43461288467489e-07	FAM107B	c6
3.10536209604745e-11	-1.22339429937647	0.006	0.013	6.44859492865213e-07	ADRM1	c6
3.13292540693875e-11	-1.00208447423569	0.01	0.019	6.50583290004901e-07	PPA1	c6
3.22477532473795e-11	-1.49885520287726	0.004	0.01	6.69656843935083e-07	B3GAT3	c6
3.24552559065395e-11	-0.658075173328683	0.071	0.09	6.739658441552e-07	HLA-DRB4	c6
3.28444462769833e-11	0.897536637134721	0.012	0.007	6.82047771387835e-07	PRKCSH	c6
3.4029195856125e-11	-1.42585801912884	0.004	0.011	7.06650281148291e-07	PDCD5	c6
3.43170130192424e-11	-1.30616326060245	0.004	0.011	7.12627092357588e-07	DNAJB14	c6
3.71120901398631e-11	-0.756679658132404	0.015	0.025	7.70669663844398e-07	SLC3A2	c6
3.97275696525821e-11	0.898202833464109	0.012	0.006	8.24982711405519e-07	MDM4	c6
4.00170379628048e-11	-1.35165009089461	0.004	0.012	8.30993810335604e-07	ARAP2	c6
4.01303050338331e-11	-1.34075566074172	0.005	0.012	8.33345914332577e-07	HIGD1A	c6
4.11132480263235e-11	-1.39021709065048	0.004	0.011	8.53757708514633e-07	MED30	c6
4.11474421768342e-11	-1.38612433601659	0.004	0.011	8.54467784244139e-07	NUDT21	c6
4.20100001190372e-11	-0.423346799972792	0.051	0.068	8.72379662471927e-07	SLC25A5	c6
4.30248545105773e-11	-1.50796305368797	0.003	0.01	8.93454128766648e-07	RNF125	c6
4.60696005268825e-11	-0.565736123364972	0.028	0.041	9.56681324541243e-07	CALM3	c6
5.17505989073283e-11	0.664925232778929	0.022	0.014	1.07465293690958e-06	LIMS1	c6
5.18940352907579e-11	-0.906759041316088	0.01	0.019	1.07763153684788e-06	TMEM179B	c6
5.19205147941454e-11	0.865279319763743	0.013	0.007	1.07818141021522e-06	MKRN1	c6
5.54338664953515e-11	-1.18303247063908	0.006	0.014	1.15113967164247e-06	TUBA1C	c6
6.17621148620328e-11	-0.536572383204004	0.03	0.043	1.28255207722497e-06	VPS28	c6
6.54715326738934e-11	-1.19657173784062	0.006	0.013	1.35958184750607e-06	NOP58	c6
6.6297547423083e-11	-1.51215606693065	0.003	0.01	1.37673486978774e-06	SLC25A39	c6
7.66987226861519e-11	0.363903933272111	0.066	0.052	1.59272567530063e-06	SON	c6
7.83348263348418e-11	-0.404646949092894	0.052	0.069	1.62670100366933e-06	CAPZB	c6
8.1034750742817e-11	-0.866679246219644	0.011	0.02	1.68276763392534e-06	APBB1IP	c6
8.5306389812633e-11	-1.01826414258279	0.008	0.016	1.77147249084914e-06	MAF1	c6
8.68258358196277e-11	-1.46091672021731	0.003	0.01	1.80302530663039e-06	TRAF1	c6
8.83173613040469e-11	-0.634930416590971	0.021	0.033	1.83399832483984e-06	IDS	c6
9.96829268505764e-11	-1.40751657087107	0.004	0.01	2.07001565897907e-06	CENPC	c6
1.03781966359673e-10	-1.19484822088628	0.006	0.013	2.15513631342498e-06	NUDC	c6
1.0772305750041e-10	-1.08279360218949	0.007	0.015	2.23697701205352e-06	GTF2B	c6
1.08164289104725e-10	-1.09891184947485	0.007	0.014	2.24613962754872e-06	LSM14A	c6
1.08465541109015e-10	-1.30550253467339	0.005	0.011	2.2523954266698e-06	PLA2G16	c6
1.14406799972825e-10	0.805280743740791	0.014	0.008	2.37577160823569e-06	TMED5	c6
1.18656966700592e-10	-1.18954310546275	0.006	0.013	2.4640305705045e-06	RNF114	c6
1.29233138516813e-10	0.7053947663969	0.018	0.011	2.68365535444014e-06	CD46	c6
1.30834131925139e-10	-1.07100388088805	0.007	0.015	2.71690158355743e-06	LSM5	c6
1.43090949040964e-10	-1.32258382303787	0.004	0.011	2.97142664778465e-06	LRP10	c6
1.47170868470283e-10	-1.2990373332639	0.004	0.011	3.05615025465389e-06	OTUD6B-AS1	c6
1.54203774862261e-10	0.694390206513802	0.019	0.011	3.20219558878971e-06	SLC20A1	c6
1.64169631557018e-10	0.741311189134929	0.016	0.01	3.40914656891303e-06	NIPBL	c6
1.67157260281056e-10	0.254126538575555	0.119	0.099	3.47118766699641e-06	YBX1	c6
1.69037084383292e-10	-1.37694841864789	0.004	0.01	3.51022409430343e-06	UFD1L	c6
1.69088535811626e-10	0.43177454101554	0.045	0.033	3.51129253466422e-06	REL	c6
1.74252390321578e-10	0.744851268845909	0.016	0.01	3.6185251374179e-06	UQCRC1	c6
1.79075971922049e-10	-0.838457072589737	0.012	0.021	3.71869163293327e-06	SNRNP70	c6
1.94960435898823e-10	-0.940096312091247	0.009	0.017	4.04854841187496e-06	PSMC5	c6
2.06333297844169e-10	-0.552466236778018	0.031	0.045	4.284717263032e-06	SYNGR2	c6
2.17593223438648e-10	0.853045988716021	0.012	0.007	4.51854087792697e-06	RUNX1	c6
2.2139805689485e-10	0.913878503912256	0.011	0.006	4.59755204947846e-06	SRP72	c6
2.28719225578337e-10	0.917826433357336	0.011	0.006	4.74958343835974e-06	IDH3G	c6
2.31750620527976e-10	0.809051921657153	0.014	0.008	4.81253338588396e-06	ERICH1	c6
2.38069485607765e-10	-0.568659121815763	0.022	0.034	4.94375093813084e-06	CKS2	c6
2.41647613106641e-10	-0.784673712506867	0.013	0.022	5.01805433377252e-06	VCP	c6
2.50072691090964e-10	-0.599784111728036	0.023	0.034	5.19300950319496e-06	TMEM50A	c6
2.60632244947566e-10	-0.743365304851523	0.014	0.024	5.41228919858116e-06	IKZF1	c6
2.68357352414559e-10	-1.21562406743323	0.005	0.012	5.57270878024074e-06	GABPB1-AS1	c6
2.83825181659429e-10	-0.920946894198836	0.009	0.018	5.8939137223397e-06	GPI	c6
2.87641392061182e-10	-0.547776027864143	0.026	0.038	5.9731611475425e-06	PPP1R18	c6
3.10246773443233e-10	-0.733937350925872	0.014	0.024	6.44258449732218e-06	C19orf70	c6
3.12366340496103e-10	-1.3400184163739	0.004	0.01	6.48659942674207e-06	NDUFA5	c6
3.19499192027332e-10	-0.976038307516246	0.008	0.016	6.63472022163957e-06	IRF9	c6
3.21568164654519e-10	-0.615991877915188	0.02	0.031	6.67768450721574e-06	PRDX5	c6
3.4680442814148e-10	-0.911955443263788	0.009	0.018	7.20174075478597e-06	DDX6	c6
4.00644890764811e-10	-1.14097067183799	0.006	0.013	8.31979180162207e-06	FDFT1	c6
4.39025588909453e-10	-0.405004219850988	0.048	0.064	9.1168053792937e-06	EIF3E	c6
4.72285940193534e-10	-1.39811837064519	0.004	0.01	9.80748983405892e-06	ABCD4	c6
5.02902759947394e-10	-0.76947724318578	0.015	0.024	1.04432787130676e-05	BCL3	c6
5.04836431250729e-10	-1.21645547217653	0.005	0.012	1.04834333313526e-05	MPG	c6
5.08667624375788e-10	-1.31686167357948	0.004	0.011	1.05629918877876e-05	RGS14	c6
5.14205045657302e-10	-1.01797322436858	0.007	0.015	1.06779819781195e-05	MTHFD2	c6
5.27335665427486e-10	-0.79486698736328	0.012	0.021	1.09506524282672e-05	XRCC6	c6
5.64319862127107e-10	0.933114469829271	0.01	0.005	1.17186662569315e-05	MSL3	c6
6.29783335559254e-10	-0.508492256496696	0.03	0.043	1.30780807462235e-05	ATP5O	c6
6.53283230477751e-10	-0.556360073026902	0.025	0.037	1.3566079564101e-05	ARGLU1	c6
7.53788216561981e-10	0.257792437552154	0.111	0.093	1.56531661051261e-05	UQCRB	c6
7.68848279260125e-10	-1.0617801019019	0.006	0.014	1.59659033671158e-05	RASA2	c6
7.703505590504e-10	-1.13943366446308	0.006	0.012	1.59970997092406e-05	POLR2I	c6
8.30860544919841e-10	-0.570032829509135	0.023	0.034	1.72536500758054e-05	SRSF11	c6
9.51315533933784e-10	-0.787448983770052	0.012	0.021	1.9755018377669e-05	TAF7	c6
1.14676913835606e-09	-0.874384315952214	0.01	0.018	2.38138079271019e-05	C7orf50	c6
1.22028132177035e-09	-1.28497761255969	0.004	0.01	2.53403619278831e-05	IER3IP1	c6
1.27317331023004e-09	0.725796639333018	0.016	0.009	2.64387169602369e-05	ABTB1	c6
1.3406349453857e-09	-1.29677463668827	0.004	0.01	2.78396252758795e-05	EMC6	c6
1.36689852042951e-09	-1.33901828112352	0.004	0.01	2.83850146752392e-05	COQ10B	c6
1.38377377776024e-09	-0.808902914940443	0.011	0.019	2.87354462689692e-05	TAF1D	c6
1.42144677795964e-09	-0.849265092953723	0.01	0.018	2.951776379111e-05	OSTC	c6
1.50974282791644e-09	-0.910161409825599	0.008	0.016	3.13513195645127e-05	PNRC2	c6
1.58388372464404e-09	0.81524778301246	0.013	0.007	3.2890929425958e-05	WDR45B	c6
1.58583982267103e-09	-0.652910876711494	0.016	0.026	3.29315497575865e-05	PDE4B	c6
1.59315109010752e-09	-1.28082520145623	0.004	0.01	3.30833755371727e-05	STARD3NL	c6
1.65472770116503e-09	-1.16558733617967	0.005	0.011	3.4362075442393e-05	RHEB	c6
1.66322324431688e-09	0.296071633793837	0.081	0.066	3.45384938914843e-05	STK17B	c6
1.76239107644925e-09	0.907278300399727	0.01	0.005	3.65978130935452e-05	PEA15	c6
1.81509495143045e-09	-0.91774209086492	0.008	0.016	3.76922617614047e-05	UBE2L3	c6
1.85799170744575e-09	0.855724569224149	0.011	0.006	3.85830557968185e-05	KLF13	c6
1.8959046780484e-09	-1.31488943124787	0.004	0.01	3.93703565443532e-05	DECR1	c6
1.97406807193103e-09	-1.16097281760711	0.005	0.011	4.09934975817199e-05	CCNDBP1	c6
2.04224237577864e-09	-1.01931839466733	0.006	0.013	4.24092051754192e-05	SSNA1	c6
2.06066955211913e-09	-0.607413864632105	0.02	0.031	4.27918639193059e-05	GABARAPL2	c6
2.22440756596035e-09	-0.882129105635021	0.009	0.017	4.61920475147326e-05	NDUFA7	c6
2.41223150820988e-09	-1.06528107159357	0.006	0.013	5.00923994994865e-05	VOPP1	c6
2.47082467271945e-09	-0.902952312398479	0.008	0.016	5.13091451536921e-05	TBRG1	c6
2.50970212467531e-09	0.871257684861873	0.011	0.006	5.21164743210075e-05	SNAP23	c6
2.65582687540406e-09	-0.354727458641595	0.056	0.072	5.51509008946407e-05	NDUFA13	c6
2.76341169601769e-09	-0.676446080956373	0.014	0.023	5.73850072795034e-05	ANKRD28	c6
2.85369004619348e-09	-0.876519428138407	0.009	0.016	5.92597274992538e-05	PDCD6	c6
2.86010725610965e-09	0.895430157787999	0.01	0.005	5.93929872803731e-05	KLF9	c6
2.86852630503945e-09	-0.779316204247674	0.012	0.02	5.95678172504492e-05	LMAN2	c6
2.99880555211595e-09	-1.2923216743426	0.004	0.01	6.22731960952399e-05	TMEM208	c6
3.0150657349927e-09	0.77061721303714	0.013	0.008	6.26108550528584e-05	UBALD2	c6
3.25502454164946e-09	-1.25686266560879	0.004	0.01	6.75938396318926e-05	CBWD5	c6
3.26307621188866e-09	-0.878840740048528	0.009	0.016	6.77610406160799e-05	BUD31	c6
3.3092295608683e-09	0.768634308467562	0.013	0.008	6.87194610609911e-05	HELZ	c6
3.48798689599322e-09	-0.663956006810496	0.017	0.027	7.24315358821951e-05	FABP5	c6
3.57296522363878e-09	-1.20067013175514	0.005	0.011	7.4196195834083e-05	B3GNT2	c6
3.7356165175147e-09	0.401305384008944	0.044	0.033	7.75738126027103e-05	POMP	c6
3.94861822367735e-09	0.517958654467764	0.027	0.019	8.19970060328838e-05	AOAH	c6
4.48534734616457e-09	0.705576112012233	0.015	0.009	9.31427229904534e-05	MAPK1	c6
4.76168721931323e-09	-0.541018825716832	0.024	0.035	9.88811967962586e-05	COX17	c6
4.92673869583597e-09	0.691945752481659	0.015	0.009	0.00010230865575773	NABP1	c6
4.94946297116812e-09	-0.518948205907235	0.027	0.038	0.000102780548059277	SF3B5	c6
6.66876254238475e-09	0.772573410002465	0.011	0.006	0.000138483522955162	C3	c6
6.80648204838338e-09	-1.21470234891832	0.004	0.01	0.000141343406216729	SDHC	c6
7.17937493560198e-09	-0.874403522052617	0.009	0.016	0.000149086899912711	NXT1	c6
7.91292582325517e-09	0.714388836245007	0.015	0.009	0.000164319817645717	HLA-L	c6
8.22527346989143e-09	-0.742903990397407	0.011	0.019	0.000170806028875765	ARID4B	c6
8.9461355854854e-09	-1.15398939625628	0.005	0.011	0.00018577545156819	MFNG	c6
9.39049403157591e-09	-1.08856139078937	0.005	0.011	0.000195002999059705	PUF60	c6
9.50672930529257e-09	-0.419179927235142	0.037	0.05	0.000197416740753706	ARF1	c6
1.04173667022833e-08	-0.521995343570532	0.023	0.034	0.000216327036939614	SHFM1	c6
1.08334708692117e-08	-0.883967534721825	0.008	0.015	0.000224967856070049	PSMB2	c6
1.09958069467422e-08	0.387747394799535	0.044	0.033	0.000228338927056048	LMNA	c6
1.10248810134394e-08	-0.664757854338441	0.07	0.085	0.000228942679125082	HLA-DQB1	c6
1.12233703539052e-08	-0.766786852623158	0.011	0.019	0.000233064508769195	GHITM	c6
1.13395917789986e-08	-1.73417532384576	0.111	0.126	0.000235477962882684	RN7SK	c6
1.21331206346542e-08	-1.15958136040616	0.005	0.01	0.00025195638309923	C17orf89	c6
1.29882843147102e-08	-0.386471486774782	0.047	0.061	0.000269714712079272	TMEM258	c6
1.36882184324663e-08	-0.74238545860312	0.012	0.02	0.000284249543968595	RAB1B	c6
1.37767683660606e-08	0.322029395873929	0.059	0.047	0.000286088371889614	SOCS3	c6
1.42379152436953e-08	-0.765944231795475	0.011	0.018	0.000295664547950577	MRPS34	c6
1.64326758953102e-08	-0.22120554706282	0.136	0.157	0.000341240947642012	CLIC1	c6
1.65156601756142e-08	-0.397871950342111	0.043	0.056	0.000342964199206804	IRF1	c6
1.86432851872413e-08	-1.04819594063788	0.006	0.012	0.000387146460198253	TEX264	c6
1.93014145397379e-08	-0.495915425923436	0.026	0.037	0.000400813174332198	CD164	c6
1.96399593931729e-08	-1.16105893751446	0.004	0.01	0.000407843396758627	TXNL4A	c6
2.04498402167853e-08	-0.809230726584342	0.009	0.017	0.000424661381941763	TMEM14B	c6
2.37397792116629e-08	0.277856845787491	0.086	0.071	0.000492980255109393	ND6	c6
2.41830095057973e-08	-1.18408056007195	0.004	0.01	0.000502184375397388	SMNDC1	c6
2.43148713120417e-08	-0.718402689651588	0.012	0.02	0.000504922617665859	BANF1	c6
2.58471777447551e-08	0.281166753032612	0.033	0.024	0.000536742493047584	HSPA6	c6
2.61811443004741e-08	0.618245263611172	0.018	0.012	0.000543677642543645	ADAM8	c6
2.85079950857894e-08	-1.10820841927535	0.005	0.01	0.000591997025951502	PSMA3	c6
2.95376612027104e-08	-1.18093400475508	0.004	0.01	0.000613379072535484	SF3A1	c6
3.24991088719471e-08	-0.89998727556319	0.007	0.014	0.000674876494834854	COMMD7	c6
3.38807881577178e-08	-0.510072176194713	0.024	0.034	0.000703568446883168	WDR1	c6
3.39841748330486e-08	-0.30342235591497	0.269	0.295	0.000705715374583086	HSPA1A	c6
3.44734903287836e-08	-0.974398885334084	0.006	0.012	0.00071587650016752	PPM1G	c6
3.55282388480242e-08	0.719935048600625	0.013	0.008	0.000737779407918071	SRSF6	c6
3.67881333154386e-08	-0.742637982276272	0.011	0.019	0.000763942376428399	RAD21	c6
3.71666057506627e-08	-1.00129507894355	0.006	0.012	0.000771801735018261	LMBRD1	c6
3.71862735075356e-08	0.707520928070121	0.013	0.008	0.000772210155657484	PSMB4	c6
3.75918815905956e-08	-1.08920153833014	0.005	0.01	0.000780633013110309	CARHSP1	c6
4.05727210223423e-08	0.79979487873749	0.01	0.006	0.000842533124749961	UBA1	c6
4.06633066989244e-08	-0.709932514067956	0.012	0.02	0.000844414226909865	RAD23A	c6
4.10668134213262e-08	-0.766628135596331	0.009	0.017	0.00085279344750726	IDI1	c6
4.1331668235887e-08	-1.11155084589697	0.005	0.01	0.000858293422586428	ATG12	c6
4.21981341989435e-08	-1.04035873689638	0.006	0.011	0.000876286454775261	SESN1	c6
4.22127025928841e-08	-0.988274172689598	0.006	0.012	0.000876588982043832	PLEKHJ1	c6
4.29057907923165e-08	-0.657132309504987	0.014	0.022	0.000890981651593245	CCDC109B	c6
4.30193309050315e-08	-0.858042825022103	0.008	0.015	0.000893339425573884	SURF4	c6
4.71752739933338e-08	-0.435771123331479	0.032	0.043	0.000979641739745569	ANP32B	c6
5.36854211574573e-08	0.624025875193635	0.017	0.011	0.00111483145575576	PRPF40A	c6
5.81170657116302e-08	0.1789063612358	0.124	0.107	0.00120685898656771	SLC2A3	c6
5.94660622547522e-08	-0.940952757272118	0.006	0.012	0.00123487224878218	WBP2	c6
6.05285138276826e-08	-0.385055468295053	0.041	0.053	0.00125693511814566	PPP1CA	c6
6.23351542023641e-08	-0.981990218539508	0.006	0.012	0.00129445181216629	APEX1	c6
6.27403895287435e-08	-0.821303815526439	0.009	0.015	0.00130286692895389	CHIC2	c6
6.42029892651455e-08	0.453525115953328	0.03	0.022	0.00133323927508001	RCSD1	c6
6.56301794370202e-08	0.665976885825026	0.014	0.009	0.00136287630618916	TXNDC17	c6
6.81403763251131e-08	-0.701135466126581	0.011	0.019	0.0014150030547673	PFDN2	c6
7.34785598018011e-08	-0.97679832794873	0.006	0.012	0.0015258557728442	ZRANB2	c6
7.99709503749429e-08	-1.1208476394425	0.004	0.01	0.00166067675548606	ZFAND2B	c6
8.04684037278051e-08	-1.03584166767484	0.005	0.011	0.0016710068718116	PSMD9	c6
8.51148434706956e-08	-0.374308079923453	0.041	0.054	0.00176749483951246	SF1	c6
8.92120459248501e-08	0.586959477675757	0.019	0.013	0.00185257734567544	SH3GLB1	c6
9.35135725264932e-08	0.805740273937665	0.01	0.006	0.00194190284708516	GOLGB1	c6
9.52454646930175e-08	-0.939171769012009	0.006	0.012	0.0019778673198152	ILF2	c6
9.80488459175405e-08	-0.933663335242015	0.006	0.012	0.00203608233432365	SRRT	c6
1.01652501850501e-07	-0.647192452397506	0.013	0.021	0.0021109158534275	PSMB6	c6
1.02192127604577e-07	0.449881512904962	0.03	0.022	0.00212212172183666	CTSA	c6
1.02557170386537e-07	-0.665980013746864	0.013	0.02	0.00212970220024683	SEP15	c6
1.08666006242798e-07	-1.07570016642406	0.007	0.013	0.00225655828563795	CCL3L1	c6
1.15777619690226e-07	-1.01592248480382	0.005	0.011	0.00240423805048724	NUDT22	c6
1.16039086911686e-07	0.377841551417902	0.05	0.039	0.00240966767880808	HSPD1	c6
1.17861756837317e-07	0.58559263081998	0.019	0.013	0.00244751724248372	PELI1	c6
1.20232779991274e-07	-0.342096479449627	0.049	0.062	0.0024967539092988	UQCR10	c6
1.24039769830848e-07	-0.641370724282107	0.013	0.021	0.00257580986030739	PPP1CC	c6
1.34777515784318e-07	0.393267424037528	0.041	0.031	0.00279878989277714	TMBIM4	c6
1.40440555374467e-07	0.72381076837271	0.012	0.007	0.00291638857290619	CD84	c6
1.45532858777471e-07	-0.775248355371557	0.009	0.016	0.00302213534537296	PPP2R1A	c6
1.58345274784646e-07	-0.496975581543137	0.023	0.032	0.00328819797617797	RSL24D1	c6
1.66276895159027e-07	0.753621478473641	0.011	0.006	0.00345290600487236	NRD1	c6
1.72929859499753e-07	-0.348379465802362	0.042	0.054	0.00359106146237188	ACTR3	c6
1.75037365513065e-07	-0.793675518429527	0.008	0.015	0.0036348259322443	EIF3I	c6
1.9272347345517e-07	-0.702703511108518	0.011	0.018	0.00400209564977006	MIEN1	c6
2.03001326191948e-07	0.407431533141562	0.034	0.026	0.00421552553970198	H2AFJ	c6
2.15284173610056e-07	-0.750224110831887	0.009	0.016	0.00447059114918642	MAPK1IP1L	c6
2.40227665021225e-07	-1.05031121034874	0.005	0.01	0.00498856769183076	MRPL14	c6
2.43726642444617e-07	-0.879051583313921	0.006	0.012	0.00506122745700492	ARIH2	c6
2.43984538929715e-07	-0.472068683969068	0.024	0.033	0.00506658293541447	KMT2E	c6
2.55883762368081e-07	0.439053171709133	0.091	0.078	0.00531368220933558	HSPB1	c6
2.625910400481e-07	0.641824818647588	0.014	0.009	0.00545296553763885	CD81	c6
2.7556116038604e-07	0.744909381108902	0.011	0.006	0.0057223030565765	MAN2A1	c6
2.82661121367465e-07	0.723932278552804	0.011	0.007	0.00586974084631678	STX10	c6
2.8311927286749e-07	0.302984960994003	0.056	0.045	0.00587925482036629	CELF2	c6
2.85991295930775e-07	-0.878213726678282	0.007	0.012	0.00593889525129846	RN7SL1	c6
2.96415737738153e-07	0.273468246755692	0.071	0.059	0.00615536920987049	PRR13	c6
3.38718990479812e-07	-0.89346805200412	0.006	0.012	0.00703383855630378	G3BP1	c6
3.55067929521819e-07	-0.903346824255123	0.006	0.011	0.0073733406244501	ALG13	c6
3.58623980387616e-07	-0.39909193041962	0.031	0.041	0.00744718557672924	LCP2	c6
3.7722845199477e-07	-0.970811854359924	0.005	0.01	0.0078335260341234	VPS37B	c6
3.88831490682968e-07	-0.414858865575732	0.034	0.044	0.00807447473552251	ITGB1	c6
4.01497300116804e-07	-0.636271441950872	0.013	0.02	0.00833749293422555	PSMA2	c6
4.1944362851525e-07	-0.135688159413369	0.377	0.396	0.00871016638974768	RPL9	c6
4.70556440364024e-07	-0.990387392696685	0.005	0.01	0.00977157504059933	SDHD	c6
4.82962130530324e-07	-0.737458038400423	0.009	0.015	0.0100291916025927	NDUFB3	c6
4.83649062173389e-07	-0.55278559028517	0.016	0.024	0.0100434564250926	HNRNPH3	c6
4.87227109735743e-07	0.3118920845024	0.035	0.027	0.0101177581607724	ZFAND2A	c6
4.98282055997237e-07	-0.928909597354315	0.006	0.011	0.0103473251748386	MMADHC	c6
5.15103690430085e-07	-0.587906065284934	0.014	0.021	0.0106966432354712	RPL13AP5	c6
5.41574344534184e-07	-0.392816237057494	0.035	0.045	0.0112463328385969	NME2	c6
5.73353853061227e-07	-0.598713886483352	0.014	0.021	0.0119062661126694	ANKRD44	c6
5.8602275764538e-07	-0.982214954896516	0.005	0.01	0.012169348585264	UQCC2	c6
6.00067764936622e-07	-0.766853146970687	0.007	0.013	0.0124610072066739	ILF3-AS1	c6
6.05657218931264e-07	-0.369775090141667	0.039	0.05	0.0125770778083266	BRD2	c6
6.0842052164705e-07	-0.695349669528471	0.01	0.017	0.0126344605525226	RABGAP1L	c6
6.45903393722421e-07	-0.943956362533218	0.005	0.01	0.0134128298740398	SAP30BP	c6
6.50217116956022e-07	-0.850529729113725	0.007	0.012	0.0135024086507088	SARS	c6
6.60353098888784e-07	0.589238076395745	0.016	0.01	0.0137128924515245	WNK1	c6
6.63047529949763e-07	0.501973100608095	0.022	0.015	0.0137688450069368	SSR1	c6
6.73275903612089e-07	-0.918442598303246	0.006	0.011	0.0139812474144086	SNRPC	c6
7.26799421131929e-07	-0.494116714267118	0.021	0.029	0.0150927167792256	HMGN3	c6
7.341055295071e-07	0.254516306378227	0.065	0.053	0.0152444354257444	RPS20	c6
7.43590808568715e-07	0.461754101244898	0.025	0.018	0.0154414067307379	GABARAPL1	c6
7.47710242042342e-07	0.675207782047019	0.012	0.008	0.0155269508862513	USF2	c6
7.4977932293256e-07	-0.797369573493751	0.008	0.013	0.0155699174200175	TMEM160	c6
7.50446345553443e-07	-0.794570940141077	0.008	0.013	0.0155837688117628	COX16	c6
8.05723620071829e-07	-0.913531888341267	0.006	0.011	0.0167316566944116	PSMD13	c6
8.11119267963461e-07	-0.540152659916949	0.016	0.023	0.0168437027185292	SELT	c6
8.30964895936008e-07	0.722715522447941	0.01	0.006	0.0172558170290071	PHF20L1	c6
8.3727694191764e-07	-0.659596947158924	0.011	0.018	0.0173868929758617	CMTM7	c6
8.91905837036709e-07	-0.624490183616128	0.013	0.02	0.0185213166119043	IL6ST	c6
8.9470424755061e-07	-0.425329545573847	0.027	0.036	0.018579428404636	COPE	c6
9.4482082491243e-07	-0.758949831757231	0.008	0.014	0.0196201492501315	MRPL51	c6
9.55834249137451e-07	-0.436894191320347	0.024	0.033	0.0198488540175883	TOMM20	c6
1.02763737793097e-06	-0.943956362533218	0.005	0.01	0.0213399177901145	LOC283788	c6
1.10966930577498e-06	-0.320279811303749	0.047	0.059	0.0230433928037233	ATP6V1G1	c6
1.17988756469935e-06	-0.57817041248022	0.014	0.021	0.0245015451685468	TUFM	c6
1.1844192098425e-06	-0.495370909955135	0.02	0.028	0.0245956493115893	TCEA1	c6
1.18992118977938e-06	-0.545190135411169	0.016	0.024	0.0247099034269586	UBXN4	c6
1.28138859679731e-06	0.353474838257691	0.038	0.029	0.026609315601093	SLA	c6
1.33502081939279e-06	-0.323402981214609	0.048	0.06	0.0277230423355108	EIF3G	c6
1.46169089641614e-06	-0.893720168892015	0.006	0.011	0.0303534731549777	SRP19	c6
1.46650570894431e-06	0.282781390270823	0.059	0.048	0.0304534575519376	RNASET2	c6
1.52253487584939e-06	0.521617667884466	0.019	0.013	0.0316169592318885	KIF5B	c6
1.55939509919571e-06	0.148831516964481	0.185	0.167	0.0323823986298982	ATP5L	c6
1.576650824901e-06	0.609174342328163	0.014	0.009	0.0327407310298942	TIMM13	c6
1.64555826266653e-06	-0.949658809259315	0.005	0.01	0.0341716628825332	KXD1	c6
1.78231558336929e-06	0.120920203099456	0.22	0.2	0.0370115654042466	DDX5	c6
1.81688167395763e-06	-0.739264795106053	0.008	0.014	0.0377293648414042	MOB1A	c6
1.98053368223216e-06	0.454517200550331	0.024	0.018	0.041127762445233	RPN1	c6
2.03800076835592e-06	-0.739469273178949	0.008	0.014	0.042321123955679	TIAL1	c6
2.12735686989537e-06	0.518051880017278	0.018	0.013	0.0441766927602472	UTRN	c6
2.24493333258435e-06	0.66477012046795	0.011	0.007	0.0466182855844466	LASP1	c6
2.31344009542162e-06	0.664175677721799	0.012	0.007	0.0480408970215254	DGKZ	c6
2.37503963932843e-06	-0.645562377101995	0.011	0.017	0.0493200731502942	UFM1	c6
2.49959883773404e-06	-0.449530731776447	0.019	0.026	0.0519066694643851	BSG	c6
2.64087511747545e-06	-0.809170942962496	0.007	0.012	0.0548404126894951	VKORC1	c6
2.66910994238502e-06	-0.690152323622066	0.009	0.015	0.0554267370635673	DNAJC8	c6
3.10909220784832e-06	-0.760262511896577	0.007	0.013	0.0645634087881782	CLNS1A	c6
3.14156252797588e-06	-0.7090590679999	0.009	0.014	0.0652376874559471	GSDMD	c6
3.2569861888659e-06	-0.670462379934571	0.01	0.015	0.0676345751979893	FNBP4	c6
3.34800299731802e-06	-0.786919969987785	0.007	0.012	0.0695246302423061	KRAS	c6
3.38443407163153e-06	-0.441802626529229	0.022	0.03	0.0702811579315004	BLOC1S1	c6
3.48915310178079e-06	-0.529375722854339	0.015	0.022	0.0724557533115799	ATP5A1	c6
3.5032872999059e-06	-0.848368387824257	0.006	0.011	0.072749264069846	CHCHD7	c6
3.62728512850223e-06	-0.799473202833406	0.007	0.012	0.0753242029784773	COPZ1	c6
3.78225672586139e-06	-0.633785511332179	0.011	0.017	0.0785423431692377	RBBP4	c6
3.89046683378398e-06	0.690111249810493	0.01	0.006	0.080789434270358	LPP	c6
3.90024354629187e-06	0.590196667513897	0.014	0.009	0.080992457482297	BID	c6
4.03535861609027e-06	0.567839071004158	0.015	0.01	0.0837982570217305	SRA1	c6
4.04061979010348e-06	-0.298336276791197	0.047	0.058	0.0839075105612889	NDUFA1	c6
4.30648588722488e-06	-0.568079965349713	0.013	0.02	0.0894284859341119	SF3B2	c6
4.31556517371663e-06	-0.771747106221345	0.007	0.012	0.0896170263973994	TRAPPC2L	c6
4.41430705373819e-06	-0.417067230000215	0.025	0.033	0.0916675002779273	PAIP2	c6
4.5450733465564e-06	-0.517800766822309	0.015	0.022	0.0943829931145902	SASH3	c6
5.048274104256e-06	-0.393849902728294	0.029	0.038	0.10483246004898	TMEM59	c6
5.11492932158358e-06	0.629120619921344	0.012	0.008	0.106216622292005	GNAI3	c6
5.42493103635696e-06	0.293342848796129	0.049	0.04	0.112654117900989	UQCRQ	c6
5.68739333173481e-06	0.563191416043471	0.015	0.01	0.118104409926805	AFF4	c6
5.97208334273897e-06	0.636715389756711	0.011	0.007	0.124016282695317	SQRDL	c6
6.02974427842007e-06	-0.516483208735693	0.016	0.022	0.125213669685671	COX7A2L	c6
6.80298570294864e-06	-0.816904571841184	0.006	0.01	0.141270801107431	ANP32E	c6
7.04334784547786e-06	-0.245854622707172	0.276	0.291	0.146262161359193	UBC	c6
7.24464932310197e-06	-0.659618810315445	0.009	0.015	0.150442387843536	PRPF4B	c6
7.2566963915559e-06	-0.645138223574704	0.01	0.015	0.15069255726705	OCIAD1	c6
7.35662788924648e-06	0.648135892912878	0.011	0.007	0.152767734748092	SUPT5H	c6
7.39231904927637e-06	0.188137728728788	0.106	0.092	0.153508897377273	COX6B1	c6
7.46821573941259e-06	-0.182551492124578	0.108	0.123	0.155084968044642	HNRNPA2B1	c6
7.99260809057114e-06	-0.763413944473625	0.007	0.012	0.1659744996088	TMX1	c6
8.38864195450547e-06	-0.587840837601037	0.011	0.017	0.174198538827261	RNF166	c6
8.59192561371726e-06	-0.589373770948107	0.011	0.017	0.178419927294453	VDAC1	c6
9.01876121537093e-06	-0.542217264839151	0.014	0.02	0.187283595398393	AKNA	c6
9.06668398005423e-06	0.628970954996588	0.012	0.008	0.188278759529806	ADIPOR1	c6
1.00863258736564e-05	0.52464589655888	0.016	0.011	0.209452643092348	FLOT1	c6
1.03556709441643e-05	-0.734768193596217	0.007	0.011	0.215045862826516	SMIM7	c6
1.11685518111947e-05	-0.729186951372467	0.007	0.012	0.231926146911269	GOLGA7	c6
1.13658162545498e-05	-0.410550850059203	0.022	0.029	0.236022540341981	FIS1	c6
1.13867910700327e-05	-0.291687058210726	0.047	0.057	0.236458103360298	SEC61G	c6
1.1763319090303e-05	-0.825599964445233	0.005	0.01	0.244277084229233	ETNK1	c6
1.20499310480726e-05	-0.805084290095457	0.006	0.01	0.250228868144275	PDLIM2	c6
1.34972167808119e-05	0.38719447925794	0.027	0.021	0.28028320367034	SH3KBP1	c6
1.48009953256117e-05	-0.657291506954017	0.008	0.014	0.307357468931653	STARD7	c6
1.49993748462979e-05	-0.747035352724591	0.006	0.011	0.311477018058222	ZNF292	c6
1.53640448412667e-05	-0.624387386726395	0.009	0.014	0.319049755173744	LSM4	c6
1.58264627534563e-05	-0.607555317940082	0.01	0.016	0.328652325538274	DPM3	c6
1.67955404078965e-05	0.235477220546568	0.066	0.056	0.348776192110379	NDUFA11	c6
1.7549841897586e-05	-0.358680502113625	0.03	0.038	0.364440016845271	ITGA4	c6
1.77144654349775e-05	-0.711939161724702	0.008	0.013	0.367858589222742	HIST1H1C	c6
1.80348433823152e-05	0.433456947031348	0.022	0.016	0.374511557677157	AP2M1	c6
1.85606090051897e-05	-0.808480404933346	0.005	0.01	0.38542960660177	ANAPC5	c6
1.99944627993751e-05	0.189866177898914	0.086	0.074	0.415205014491824	PCBP1	c6
2.10266556880155e-05	0.462052304924927	0.018	0.013	0.43663953201733	LAMTOR2	c6
2.10727979908947e-05	0.49372848932121	0.016	0.012	0.437597723078919	TAOK3	c6
2.18061542801827e-05	-0.582013623698852	0.011	0.016	0.452826599782274	SCP2	c6
2.50098006006088e-05	-0.367112238893428	0.065	0.076	0.519353519272243	HERPUD1	c6
2.52541532411756e-05	-0.623209532196433	0.009	0.014	0.524427746206253	APH1A	c6
2.74537028137785e-05	-0.371301802559184	0.026	0.034	0.570103592630925	SERBP1	c6
2.84777733268607e-05	-0.433939920443949	0.02	0.027	0.591369440905589	RPS4Y1	c6
2.84794086606771e-05	0.637359974521267	0.01	0.006	0.591403400247622	PCF11	c6
2.96440441194005e-05	-0.723579823760834	0.007	0.011	0.61558822018347	GOLPH3	c6
2.96698331611792e-05	-0.521198557323323	0.012	0.018	0.616123755425047	VDAC2	c6
3.09646053938779e-05	0.624819789558773	0.01	0.007	0.643010995609269	SENP6	c6
3.35350231005674e-05	-0.724273593930919	0.007	0.011	0.696388289706382	MMP24-AS1	c6
3.43263790040435e-05	0.508236736855134	0.015	0.01	0.712821586397967	TMPO	c6
3.44851091374549e-05	-0.749398490093071	0.006	0.01	0.716117776348388	CHMP5	c6
3.46289416045371e-05	-0.314924340086805	0.043	0.052	0.719104601359817	KMT2E-AS1	c6
3.69418904681993e-05	-0.764882359492902	0.006	0.01	0.767135297462627	SFT2D1	c6
3.78923228803342e-05	-0.582404650951792	0.01	0.015	0.78687197693302	HNRNPR	c6
3.816573246477e-05	-0.757257159657582	0.006	0.01	0.792549600363413	ITGB1BP1	c6
3.86875700067777e-05	-0.38207823781483	0.023	0.03	0.803386078760747	FKBP8	c6
3.88050257998125e-05	-0.412387878046244	0.021	0.028	0.805825165758906	DPP7	c6
3.90785557300376e-05	-0.476752042013187	0.015	0.021	0.81150528828996	PSMA1	c6
3.92784379597336e-05	-0.369216056945183	0.024	0.032	0.815656042671828	MATR3	c6
4.02171098915959e-05	-0.440258657772048	0.017	0.023	0.835148504008881	RBM25	c6
4.41584109802789e-05	-0.753402775743553	0.006	0.01	0.916993562416472	ILK	c6
4.45574723273873e-05	-0.627188824937459	0.008	0.012	0.925280470350524	PPP6C	c6
4.4894615392805e-05	-0.738611164579143	0.006	0.01	0.932281583246988	GDI1	c6
4.74339943962073e-05	-0.719136341397796	0.006	0.01	0.98501432763164	XRN1	c6
0.000116373188844769	-0.698344539792744	0.006	0.01	1	RSF1	c6
0.000157403345146926	-0.681077400683025	0.006	0.01	1	HSPA4	c6
0.000109022961229262	-0.680055198958587	0.006	0.01	1	DOCK10	c6
7.68360864043542e-05	-0.663525704804209	0.007	0.011	1	SRSF4	c6
0.000263943808207354	-0.651026102779802	0.006	0.01	1	CYB5R3	c6
0.000133109245819344	-0.648540571783379	0.007	0.011	1	SH3BP1	c6
0.000105376702695781	-0.648291356957042	0.007	0.011	1	FAM50A	c6
0.000101926289602148	-0.647620179908003	0.007	0.011	1	PTPN1	c6
0.000369623256949814	-0.640347148264278	0.006	0.01	1	LSM3	c6
0.000334209990195952	-0.6352737110699	0.006	0.01	1	SARNP	c6
0.000520454790338211	-0.633418949673372	0.01	0.014	1	IRF8	c6
4.95371174795255e-05	-0.627730714371953	0.008	0.013	1	SRSF1	c6
0.000343420522277982	-0.615697179713593	0.007	0.01	1	TMEM9B	c6
0.000192376843426793	-0.615464480709209	0.007	0.011	1	CPNE1	c6
7.70741190462871e-05	-0.613485022304612	0.008	0.013	1	PNN	c6
5.69733570032761e-05	-0.611093484184003	0.008	0.013	1	NDUFV1	c6
0.000615542835485871	-0.609559319090812	0.006	0.01	1	GLS	c6
9.44988127783402e-05	-0.607124640160965	0.008	0.013	1	CYLD	c6
0.000633995741145106	-0.599716338202357	0.006	0.01	1	CNOT7	c6
0.000427995399629602	-0.598713886483352	0.007	0.01	1	EIF5B	c6
0.000413000813213476	-0.591945218160907	0.007	0.011	1	AP3S1	c6
0.000202311423474443	-0.590973774086636	0.008	0.012	1	JMJD6	c6
0.000750968999068275	-0.586507683302363	0.007	0.01	1	LMO4	c6
0.000498066149283916	-0.581602855466622	0.007	0.011	1	EIF6	c6
0.000100337088312824	0.578195364835614	0.01	0.007	1	METAP2	c6
0.000135079126864435	0.577333556107202	0.01	0.007	1	GNG10	c6
0.00027050106073284	-0.576621550653891	0.008	0.012	1	GYG1	c6
0.000578057652871631	-0.574643901213447	0.007	0.011	1	TMEM147	c6
0.000188967140499346	0.564911056301875	0.01	0.007	1	RB1	c6
6.05204024749358e-05	-0.553837672509919	0.011	0.016	1	MACF1	c6
0.000219919735374938	-0.547378969954929	0.009	0.013	1	BTF3L4	c6
5.29165384027587e-05	-0.545960316929749	0.014	0.02	1	SSR3	c6
0.000617576465966432	-0.544098959433401	0.008	0.011	1	CCT8	c6
0.00010147017588316	-0.532956195536815	0.011	0.016	1	TMX4	c6
0.00177344275566301	-0.52745520331353	0.007	0.01	1	UBE2A	c6
0.000300428340958425	-0.525107138638219	0.009	0.014	1	TOMM22	c6
0.000132602655870638	-0.51858233609008	0.011	0.016	1	PPP2CA	c6
7.67213245294703e-05	0.513592659661915	0.013	0.009	1	TIMM8B	c6
0.00162825261022365	-0.513590870669884	0.007	0.011	1	FBXO7	c6
0.000784505325952302	-0.511430060856001	0.009	0.012	1	CLTB	c6
0.000513780917182443	-0.509887678034248	0.009	0.013	1	RAB11A	c6
0.000281002233180505	-0.509335941685758	0.01	0.015	1	C20orf24	c6
0.00103217455146848	0.501309626037176	0.01	0.007	1	PRRC2B	c6
8.14537650094032e-05	-0.500615095250479	0.013	0.018	1	TPR	c6
0.000589129931554355	0.498048184345895	0.011	0.008	1	CREBRF	c6
0.000105101069554342	-0.497813292946821	0.013	0.018	1	TGIF1	c6
0.000467412320027702	-0.493580337675508	0.01	0.014	1	GADD45GIP1	c6
0.000209743333984574	0.491688224973919	0.013	0.009	1	BIRC6	c6
0.00195601810195012	-0.486373104401274	0.008	0.011	1	SNHG16	c6
0.00127762378738835	-0.484376233370351	0.009	0.012	1	TMEM14C	c6
0.000862717546526692	0.477590463717339	0.011	0.008	1	CALCOCO2	c6
0.00157337185279848	-0.475733330907197	0.009	0.012	1	NCF1B	c6
0.00218217182688069	-0.474872429058741	0.008	0.012	1	KDELR2	c6
0.00404788623012718	-0.472129173059071	0.007	0.01	1	NAA50	c6
0.00176333228351061	-0.467201089562219	0.009	0.012	1	WHSC1L1	c6
0.000207524981314426	0.461732363270122	0.015	0.011	1	NCF4	c6
0.000397085402555713	0.452144998244832	0.014	0.01	1	YTHDC1	c6
0.00131174565429	-0.450179279794061	0.01	0.014	1	NDUFAB1	c6
0.00329145976954274	-0.44658499285154	0.008	0.012	1	TCP1	c6
0.000690676414716405	-0.445877434539586	0.012	0.016	1	DDX18	c6
7.23912886865397e-05	0.4415375471072	0.017	0.013	1	MTCH1	c6
0.00010091021428562	-0.432845244123422	0.016	0.021	1	C14orf166	c6
0.00948220792217891	-0.432541019902147	0.007	0.01	1	IRF2	c6
0.00124416374232002	0.432272229018428	0.012	0.009	1	NFKB1	c6
0.00112198476192776	-0.431614415956392	0.011	0.015	1	SNRPB2	c6
0.00337256068735186	-0.430151977877905	0.009	0.012	1	NRBP1	c6
0.000440101048713232	-0.429150961850792	0.012	0.017	1	RASSF5	c6
0.00561857378084485	-0.428924674493903	0.008	0.011	1	SMARCA5	c6
0.0010108422397761	-0.422713483438964	0.036	0.043	1	MTRNR2L2	c6
0.00165954736786067	-0.416480958429031	0.011	0.015	1	CGGBP1	c6
0.00033823147088457	-0.415522142863459	0.015	0.021	1	MRPL20	c6
0.00475873710927897	-0.415491268299624	0.009	0.012	1	RBM17	c6
0.00029022983390556	-0.414506312478914	0.015	0.02	1	RSRC2	c6
0.00869742834006961	-0.413986905478954	0.008	0.011	1	UHMK1	c6
0.00810252766094905	-0.413224502543655	0.008	0.011	1	PSMD7	c6
0.00252758468021073	-0.412759659301564	0.012	0.016	1	VIMP	c6
0.00426996134910452	0.408327801280226	0.011	0.008	1	STT3B	c6
0.000480468328509715	0.407056046567421	0.016	0.012	1	DYNC1H1	c6
0.00788358469475099	0.405202344353936	0.01	0.007	1	HEXA	c6
0.00157387570015484	0.403460484750985	0.014	0.01	1	DDX46	c6
0.000150498950273546	0.394882638409855	0.02	0.016	1	AKAP9	c6
0.00221889382313342	0.394354244694373	0.014	0.01	1	TTC3	c6
0.000252287516946941	0.394112999721209	0.019	0.015	1	PRNP	c6
0.00786984553791841	-0.393545006010112	0.009	0.012	1	ZNF207	c6
0.000500716147878714	0.392979217010259	0.017	0.013	1	SLTM	c6
0.0117801786129578	-0.392715181319129	0.008	0.011	1	PSMD4	c6
0.00142427755399463	0.390934179750485	0.014	0.01	1	MX1	c6
0.00626520807201246	-0.389615942660241	0.01	0.013	1	FAM195B	c6
0.00319288933618721	0.387655899099958	0.011	0.008	1	CPNE3	c6
0.00747543162133636	-0.38664536536338	0.009	0.012	1	GRK6	c6
0.00388289743148945	-0.383340130733076	0.014	0.017	1	HLA-DRB3	c6
0.000658687701622467	-0.382519629024913	0.015	0.02	1	TNFRSF14	c6
0.000502829842190132	0.381302899014109	0.018	0.014	1	LAMTOR5	c6
0.000544996337272033	0.380988877786019	0.018	0.013	1	PARVG	c6
0.00796553454526398	-0.378325488908565	0.01	0.013	1	CCDC59	c6
0.015609734660858	-0.377085742974285	0.008	0.011	1	ST3GAL1	c6
0.0110869149486871	-0.376181691894111	0.009	0.012	1	RNASEH2C	c6
0.00020393180787663	-0.376031495580786	0.019	0.025	1	CHURC1	c6
0.0060841146673232	-0.374458541292316	0.011	0.014	1	MGEA5	c6
0.0137481952134435	-0.371538897823119	0.009	0.011	1	ETHE1	c6
0.00201819982655899	0.368306807179945	0.016	0.013	1	EIF4EBP2	c6
0.00856962729428346	-0.368188411630694	0.01	0.013	1	U2SURP	c6
0.00669755093949961	0.367274106325011	0.012	0.01	1	STK38	c6
0.00133907907696294	0.366769190501659	0.017	0.013	1	FAM96A	c6
0.000817220920599687	-0.360112191163341	0.017	0.022	1	NDUFC1	c6
0.00664886101866962	0.359879851191921	0.012	0.01	1	HMGA1	c6
0.0264200172891024	-0.35905224618796	0.018	0.021	1	IRF7	c6
0.000389435140789192	-0.357621863602882	0.019	0.024	1	EIF1B	c6
0.0202013690223392	-0.356489163051647	0.008	0.011	1	LRPAP1	c6
0.0267504525716974	-0.352957472081393	0.008	0.01	1	POLR2A	c6
0.0206794657941047	-0.349195553285194	0.008	0.01	1	ANXA7	c6
0.00330232897063401	-0.348600668372269	0.015	0.019	1	AMD1	c6
0.00204260635435373	-0.347275325937847	0.015	0.02	1	MRPL54	c6
0.00828422436637519	0.347230119210368	0.014	0.011	1	GLA	c6
0.00470934636294331	-0.345791214199199	0.018	0.022	1	SNX3	c6
0.00413113384901384	0.345265040530768	0.015	0.011	1	TLE4	c6
0.000923299319984314	0.34428674230609	0.02	0.016	1	SUMO3	c6
0.000430888256181941	-0.342814523446721	0.022	0.028	1	REEP5	c6
0.015688576961121	0.342481565001332	0.011	0.009	1	PNP	c6
0.00961693810359266	0.341234098394521	0.013	0.01	1	NDUFB5	c6
0.00987714312446383	-0.336837806718116	0.012	0.015	1	SP110	c6
0.00189519479961652	-0.336780727924776	0.021	0.026	1	BHLHE40	c6
0.0337355143056156	-0.336537589249363	0.008	0.01	1	CARD8	c6
0.00259664520789327	0.335594771903957	0.017	0.014	1	PNPLA2	c6
0.0165937074606939	0.334185423446241	0.011	0.009	1	JOSD2	c6
0.00240224259344075	0.333456747802803	0.018	0.014	1	RAB2A	c6
0.00333632684307707	-0.331650278899493	0.016	0.02	1	SF3B6	c6
0.00755592567821316	0.330603450588224	0.015	0.012	1	SEPT2	c6
0.0327251503161416	0.330029923445361	0.01	0.008	1	DRAM2	c6
0.000133561083445904	0.328061717081581	0.058	0.05	1	ZNF331	c6
0.0308135901177547	-0.326860590125039	0.008	0.011	1	CAMLG	c6
0.0155525636716093	-0.326348546622938	0.011	0.014	1	TSPAN14	c6
0.011587709679955	-0.325990424481124	0.012	0.015	1	TRA2A	c6
0.00241383402648823	-0.325153792913287	0.018	0.022	1	ATP5C1	c6
9.09239456563239e-05	0.321224555007045	0.032	0.025	1	EID1	c6
5.68852725764016e-05	0.315356760785595	0.033	0.026	1	SMCHD1	c6
0.0119630471870775	-0.313712094702687	0.011	0.014	1	RASGRP2	c6
0.0262210257299412	-0.313107959474827	0.01	0.013	1	CNIH1	c6
0.028420890876937	-0.31251953185861	0.01	0.012	1	RTF1	c6
0.00415292382959427	-0.311983031068948	0.016	0.02	1	TMEM107	c6
0.0455908180966139	0.310679342767675	0.011	0.009	1	CCL20	c6
0.0077950185323679	0.309529198139309	0.017	0.014	1	NUCB1	c6
0.00159218187189709	-0.309087492616404	0.041	0.048	1	RNA45S5	c6
0.00885888847231098	0.307732354803008	0.016	0.013	1	ZC3H15	c6
0.00621766418332494	-0.30632741774445	0.017	0.021	1	ZNHIT1	c6
0.00798672166506425	0.305674552207557	0.017	0.014	1	SUPT4H1	c6
0.0281753717796529	0.303384349735957	0.012	0.01	1	RNMT	c6
0.0561398284605508	-0.300935259733111	0.008	0.01	1	CNOT2	c6
0.0409816878786343	-0.29661680122606	0.01	0.012	1	FLJ10038	c6
0.000475390356696647	-0.295567333846253	0.032	0.039	1	BST2	c6
0.00018662510680496	-0.295178926260892	0.046	0.054	1	SEC61B	c6
0.00406982733567297	-0.292798489491199	0.02	0.024	1	RNF7	c6
0.0388751174871116	-0.292739949247286	0.01	0.013	1	VIM-AS1	c6
0.0574713465289209	-0.292303470792713	0.008	0.01	1	TES	c6
0.00255249550782985	0.290747773960386	0.022	0.018	1	MAF	c6
0.0515960299960628	-0.288417219886683	0.008	0.01	1	FGD3	c6
0.00905238181045777	-0.277356717544654	0.018	0.022	1	FOXP1	c6
0.038027744234318	0.276692225195057	0.012	0.01	1	SKIL	c6
0.00204062828235894	0.275609248092316	0.029	0.024	1	DNAJB6	c6
0.0032297561808766	-0.275585471043881	0.023	0.028	1	ZNF706	c6
0.0354058152819884	-0.273298022903742	0.012	0.014	1	NCOR1	c6
0.0669523026422916	0.271055306080424	0.011	0.009	1	PCM1	c6
0.0362713834294914	-0.271025617001397	0.012	0.014	1	ADD3	c6
0.0502507274443861	0.270774598804338	0.013	0.011	1	AZIN1	c6
0.055231151175949	-0.269066597719291	0.01	0.012	1	TANK	c6
0.0747756867925802	0.268703775678311	0.01	0.009	1	OXA1L	c6
0.0625990350818657	-0.267027293294217	0.01	0.012	1	HSPA9	c6
0.0804765852974197	-0.265941825602586	0.008	0.01	1	FIBP	c6
0.0676436343730479	-0.264615060597365	0.009	0.011	1	PTBP1	c6
0.0735913677627572	-0.261570688838919	0.009	0.011	1	SCAMP2	c6
0.0109707685050626	0.257510024785766	0.021	0.018	1	PAPOLA	c6
0.09720662624451	0.257475716155881	0.01	0.008	1	EIF4E2	c6
0.00154439204551706	-0.256469389234942	0.03	0.036	1	JAK1	c6
0.0590233980669483	-0.251199189801109	0.012	0.015	1	CD9	c6
0.0326802832318705	-0.250093780812724	0.015	0.018	1	C1orf86	c6
0.0108518415958897	-0.248413172627629	0.014	0.018	1	RBBP6	c6
0.0979523269390268	0.248258509638617	0.01	0.009	1	ANKRD11	c6
0.00938069944067135	-0.247569737911475	0.023	0.027	1	ANXA11	c6
0.0778725328515859	-0.247362812916934	0.009	0.011	1	GLUD1	c6
0.0256420886383297	0.246862987366876	0.018	0.015	1	NONO	c6
0.000868392170192523	0.24546130911919	0.068	0.06	1	SAMSN1	c6
0.110288619376649	-0.24506273092624	0.008	0.01	1	CSNK1D	c6
0.00275926677518151	-0.244602965645985	0.031	0.037	1	RBX1	c6
0.0400278370307156	0.243686833687398	0.015	0.013	1	CMTM3	c6
0.104593343596733	-0.243193905855851	0.009	0.011	1	MRPL55	c6
0.0449729061168803	0.242958610039889	0.015	0.013	1	SYAP1	c6
0.000608653225616784	0.242058693303686	0.041	0.034	1	MINOS1	c6
0.0591248473897751	-0.240694064786283	0.012	0.014	1	EIF4H	c6
0.0760233384814339	0.236140803208968	0.013	0.011	1	PIAS1	c6
0.000798739430699803	0.235589365988801	0.039	0.033	1	SLC38A2	c6
0.00744174929057483	0.23434137739472	0.03	0.026	1	MYEOV2	c6
0.0029818654227915	-0.233100117133124	0.032	0.037	1	NSA2	c6
0.0425932332185059	-0.23239854796006	0.015	0.018	1	HP1BP3	c6
0.0414601916023022	-0.231900066576843	0.016	0.019	1	RNF181	c6
0.0601531119260207	0.231395911028482	0.015	0.012	1	STK10	c6
0.0369462517755739	0.230744482433846	0.013	0.011	1	OSM	c6
0.0995713511129453	-0.230575892799938	0.01	0.012	1	ARRDC1	c6
0.641846405305213	-0.230179300317277	0.011	0.012	1	GSN	c6
0.0205815093300743	-0.23004729015667	0.019	0.023	1	PTP4A1	c6
0.00596169298182702	0.228204228887154	0.03	0.026	1	ATP5H	c6
0.103709417758822	-0.227426589997534	0.008	0.01	1	SNRPE	c6
0.0686455506082914	-0.226940752296062	0.013	0.016	1	R3HDM4	c6
0.0811549309119716	-0.226884529107862	0.012	0.014	1	MLF2	c6
0.00132585902076461	-0.226314686250095	0.041	0.047	1	EIF3H	c6
0.0276376973019409	0.225814080614627	0.021	0.018	1	RAB7A	c6
0.0889564315919492	0.225032105249791	0.013	0.011	1	CHCHD5	c6
0.0569190936351335	0.224787374358517	0.016	0.014	1	CHMP2A	c6
0.131236130590532	0.224440633000706	0.01	0.009	1	KDM5A	c6
0.000297622884679615	0.22426408114273	0.054	0.046	1	C4orf3	c6
0.00650356141516888	-0.223960286910319	0.032	0.037	1	COX5A	c6
0.0006004732492975	0.222800337743609	0.049	0.042	1	TAPBP	c6
0.129173384727416	-0.222259603002866	0.009	0.01	1	PSMG2	c6
0.0576810815215249	0.221487156725764	0.02	0.017	1	ANP32A	c6
0.00233199495241501	-0.220662725159325	0.037	0.043	1	PET100	c6
0.0108925655989596	0.217004945072285	0.029	0.025	1	ATP5F1	c6
0.081965635752138	-0.216619835040951	0.013	0.015	1	H3F3A	c6
0.000211372738656563	-0.21315483224187	0.059	0.069	1	LITAF	c6
7.50895589561733e-05	0.209995693695123	0.078	0.067	1	SRSF3	c6
0.0835798534742077	0.207478226643013	0.022	0.019	1	PRMT9	c6
0.112088511318252	0.207209116792623	0.013	0.012	1	PTPN2	c6
0.000120328076306269	-0.206021226394264	0.066	0.077	1	CNBP	c6
0.00879161862418455	0.20531992049653	0.038	0.033	1	SF3B1	c6
0.0553580517962867	0.204555508909912	0.021	0.018	1	PPP1R10	c6
0.0287461310672147	-0.204374085205322	0.023	0.027	1	FAM49B	c6
0.108626248464236	0.199132779176529	0.016	0.014	1	ACTN4	c6
0.00084047689279294	0.198352773790493	0.116	0.105	1	NR4A2	c6
0.0191455399591255	-0.198324122591672	0.03	0.034	1	NDUFB9	c6
0.000552571230421703	-0.196561164986349	0.231	0.242	1	TXNIP	c6
0.0644918342170395	-0.195882251115329	0.012	0.014	1	MYLIP	c6
0.0490361115684549	0.194679492950942	0.024	0.021	1	AKIRIN2	c6
0.0484072842774037	-0.194410171345425	0.022	0.025	1	MRPL33	c6
0.104281561443727	-0.193818197354715	0.015	0.017	1	ITGAL	c6
0.0398082768597588	-0.193168222291042	0.024	0.028	1	POLR1D	c6
0.105337116821659	-0.192409269503334	0.012	0.014	1	LUC7L3	c6
0.241439480710137	-0.191676565048333	0.013	0.014	1	MARCKSL1	c6
0.167211619289668	-0.189071387120421	0.015	0.016	1	PIM3	c6
0.875976112906689	-0.188631618707169	0.042	0.042	1	TXN	c6
0.00670439175060064	0.187502431891816	0.04	0.034	1	SCAND1	c6
0.150471226301608	0.187251627735215	0.034	0.031	1	ARL4C	c6
0.0243871609007405	0.18653847285141	0.032	0.028	1	JTB	c6
0.068565864205699	0.186374136774458	0.021	0.018	1	ATRX	c6
0.00243163713850837	-0.184848615484505	0.057	0.065	1	USMG5	c6
0.190538879179515	0.184746997589688	0.012	0.011	1	TAF15	c6
0.0132031357616728	-0.184250448795752	0.04	0.045	1	RSRP1	c6
0.0317494916126942	-0.18295196085693	0.027	0.031	1	PRRC2C	c6
0.00150223087244074	0.182112218630505	0.048	0.042	1	CARD16	c6
0.00940618410380488	0.18132777529979	0.047	0.042	1	ELF1	c6
0.017441873053713	-0.178889050491136	0.028	0.032	1	FCGR3A	c6
0.148694238801736	-0.178306622785261	0.013	0.014	1	CASP4	c6
0.101183685755068	-0.177971060635504	0.017	0.019	1	STAT3	c6
0.158327215857969	-0.17517035286611	0.011	0.013	1	ADSS	c6
0.19452379861353	-0.172978805975158	0.011	0.012	1	GGNBP2	c6
0.25061498439376	0.172586818569369	0.011	0.01	1	PRDX3	c6
0.259387786873975	0.172287177872327	0.01	0.009	1	LAIR1	c6
0.11089058113657	0.172275236960133	0.02	0.018	1	PPP4C	c6
0.240766974872115	-0.171975311664577	0.009	0.01	1	VTI1B	c6
0.12269081189805	-0.171168648848236	0.014	0.016	1	NKTR	c6
0.003967403824135	0.171116537502337	0.047	0.041	1	RNF213	c6
0.176039613392624	-0.16678915043045	0.012	0.014	1	EPS15	c6
0.027917449197979	-0.166732775336039	0.036	0.04	1	ATP5B	c6
0.0183446181751241	-0.166544347850511	0.013	0.016	1	EIF4E	c6
0.215851043217118	0.164649760837998	0.013	0.012	1	DNAJC15	c6
0.259245210864651	0.164201857996496	0.011	0.01	1	ACAA1	c6
0.18500308423223	-0.163818337640532	0.013	0.015	1	ERGIC3	c6
0.184773175475316	-0.162695832713298	0.014	0.016	1	TNRC6B	c6
0.00133726750397346	0.16219215620051	0.073	0.065	1	H3F3AP4	c6
0.210261229419677	-0.162043282218113	0.012	0.013	1	LBR	c6
0.175030622285019	-0.160312394138997	0.014	0.016	1	SNX17	c6
0.006132089100873	0.159223244584571	0.057	0.051	1	ARL6IP4	c6
0.138694331640093	-0.159147521212661	0.017	0.019	1	RGS19	c6
0.080581128657405	0.158106914971226	0.026	0.023	1	WAS	c6
0.194447469462954	0.156407409745603	0.015	0.014	1	EIF2S2	c6
0.0161067569447378	-0.15628849965333	0.052	0.058	1	ERP29	c6
0.149481547802747	-0.156131217335486	0.018	0.02	1	VPS29	c6
0.138861505531482	-0.155337578723706	0.016	0.018	1	TCEB1	c6
0.0299671709502806	-0.153934204688388	0.041	0.046	1	DYNLL1	c6
0.0055280867429157	0.153717466972636	0.053	0.047	1	HSPA5	c6
0.0856890633546909	-0.148816755301168	0.025	0.028	1	ANAPC11	c6
0.119148477118167	0.147968204294858	0.024	0.022	1	NDUFS6	c6
0.285208718568421	0.147887180867722	0.012	0.011	1	PSMA4	c6
0.326311402712909	-0.147236518758497	0.009	0.01	1	SMS	c6
0.087824561360638	-0.147046525399045	0.036	0.039	1	ISG15	c6
0.00793376490303425	0.145950881784758	0.065	0.059	1	RBM39	c6
0.243132905344018	-0.144285354697288	0.012	0.014	1	THRAP3	c6
0.178558857837385	-0.142746276678666	0.018	0.02	1	CBX3	c6
0.0836820540671631	-0.141643182694928	0.019	0.021	1	IFRD1	c6
0.0208610643049871	0.140849852789099	0.05	0.045	1	WDR83OS	c6
0.061785285826407	0.140701484861409	0.032	0.028	1	LOC284454	c6
0.269914879321261	0.13999288904857	0.015	0.013	1	SERINC1	c6
0.350618283402352	0.139294654824989	0.011	0.01	1	PTRHD1	c6
0.0401223381634563	-0.139180127185784	0.042	0.046	1	HNRNPA3	c6
0.214105089958302	-0.138911759683304	0.015	0.016	1	SERPINB9	c6
0.0377333491471611	-0.137918076328552	0.039	0.043	1	CSRNP1	c6
0.0548757703553898	0.136221229045929	0.054	0.049	1	GPR183	c6
0.0109768926050363	0.136034757124724	0.072	0.066	1	UBE2D3	c6
0.0900036672770139	-0.134478656617099	0.511	0.492	1	CYTB	c6
0.0649078161195092	0.134154073376046	0.04	0.036	1	SRRM1	c6
0.128929897328182	0.134078607950505	0.029	0.027	1	NDUFB7	c6
0.0172114915673075	0.133621458344368	0.067	0.062	1	HIGD2A	c6
0.367413402109119	0.133015934008396	0.011	0.01	1	ZSCAN16-AS1	c6
0.050358183593522	-0.130601088840018	0.052	0.057	1	SQSTM1	c6
0.10768700558257	0.130509319257439	0.032	0.03	1	PSMB3	c6
0.042810646139909	-0.130167857799218	0.054	0.059	1	MBNL1	c6
0.23803807711022	0.129616014381904	0.018	0.016	1	HNRNPM	c6
0.356755390085351	0.128886461243934	0.012	0.011	1	ILF3	c6
0.107259904125868	0.128419707288787	0.033	0.03	1	EMB	c6
0.412725671955896	0.128157059071067	0.01	0.009	1	CNIH4	c6
0.0220105552053552	-0.126621009186972	0.05	0.055	1	DBI	c6
0.201801018957485	0.125891412703497	0.021	0.02	1	HMHA1	c6
0.0909420060641181	-0.125709872725616	0.084	0.088	1	TPI1	c6
0.274996100413975	-0.12554697597832	0.016	0.017	1	KHDRBS1	c6
0.282674475236101	0.124906864652889	0.017	0.016	1	NAPA	c6
0.393378974207137	0.124201739105247	0.011	0.01	1	HNRNPL	c6
0.159796563355162	0.124170031870362	0.027	0.025	1	SYF2	c6
0.229856211005985	-0.123560662947887	0.019	0.021	1	CDC42SE1	c6
0.100516606768363	-0.123320276127708	0.042	0.045	1	ARF6	c6
0.322838238357276	-0.12043827715249	0.014	0.015	1	PAFAH1B1	c6
0.406605459678575	-0.118347883989657	0.01	0.01	1	TGFBR2	c6
0.398722445286542	-0.116470220859159	0.01	0.011	1	FBXW5	c6
0.354978756759973	-0.115160357746622	0.012	0.013	1	TNIP1	c6
0.846317491302154	0.110623879155487	0.012	0.012	1	DUSP5	c6
0.261545397607922	-0.110245396852383	0.021	0.023	1	BCAP31	c6
0.332671441067057	-0.108268984546485	0.016	0.018	1	RPN2	c6
0.404022201275371	-0.106707650543163	0.014	0.015	1	BIRC2	c6
0.08727099076857	-0.106634770974477	0.175	0.18	1	CYBA	c6
0.301453574299611	-0.105278455957933	0.025	0.027	1	STAT1	c6
0.468728797095895	-0.103469598085547	0.058	0.06	1	KLF2	c6
0.266780876696015	-0.101943209520149	0.025	0.026	1	UBE2B	c6
0.159534598846768	-0.101160922278815	0.042	0.044	1	BRK1	c6
0.168685548891426	-0.100217109712883	0.039	0.042	1	CSNK2B	c6
