p_val	avg_log2FC	pct.1	pct.2	p_val_adj	gene	seurat_clusters
0	9.08581161758211	0.021	0	0	SPC25	c32
0	7.99466372952392	0.017	0	0	CDCA5	c32
0	7.87990731903423	0.033	0	0	TROAP	c32
0	7.87635825195316	0.043	0	0	AURKB	c32
0	7.86516685853193	0.219	0.001	0	UBE2C	c32
0	7.81761550663254	0.069	0	0	CCNB2	c32
0	7.78369200377493	0.033	0	0	DLGAP5	c32
0	7.69349419480335	0.015	0	0	CENPA	c32
0	7.67755265093433	0.09	0	0	CCNA2	c32
0	7.66032733086815	0.062	0	0	PLK1	c32
0	7.55529690088333	0.085	0.001	0	CDC20	c32
0	7.5414911013583	0.244	0.001	0	RRM2	c32
0	7.52356919336104	0.024	0	0	CDCA3	c32
0	7.49526808459766	0.026	0	0	HIST1H3C	c32
0	7.44761451000863	0.171	0.001	0	TOP2A	c32
0	7.42229246809816	0.106	0.001	0	BIRC5	c32
0	7.40435295561232	0.225	0.001	0	TYMS	c32
0	7.37799236907542	0.022	0	0	GTSE1	c32
0	7.37575389687942	0.035	0	0	KIFC1	c32
0	7.36699337012617	0.062	0	0	CCNB1	c32
0	7.34434463118097	0.086	0.001	0	ASF1B	c32
0	7.27845669552451	0.147	0.001	0	CDK1	c32
0	7.22382143894766	0.2	0.001	0	NUSAP1	c32
0	7.21969628699585	0.298	0.002	0	KIAA0101	c32
0	7.21705615086037	0.035	0	0	PKMYT1	c32
0	7.1990222280301	0.04	0	0	CDCA8	c32
0	7.17412003570977	0.03	0	0	CDT1	c32
0	7.16742538313577	0.058	0	0	ZWINT	c32
0	7.10669034725803	0.067	0	0	TPX2	c32
0	7.04713114941805	0.017	0	0	AURKA	c32
0	6.99305447666226	0.024	0	0	HMMR	c32
0	6.88203487441301	0.088	0.001	0	TK1	c32
0	6.85219194082241	0.139	0.001	0	MKI67	c32
0	6.82779528651494	0.023	0	0	NUF2	c32
0	6.74341942013504	0.07	0.001	0	ASPM	c32
0	6.60038479041187	0.118	0.001	0	CENPF	c32
0	6.58013525050361	0.668	0.013	0	STMN1	c32
0	6.50522755737153	0.042	0	0	GINS2	c32
0	6.47590275973073	0.033	0	0	CLSPN	c32
0	6.43045978896956	0.026	0	0	UHRF1	c32
0	6.4263021634959	0.058	0.001	0	CDKN3	c32
0	6.32257924875682	0.057	0.001	0	HIST1H1B	c32
0	6.21432635810479	0.025	0	0	RACGAP1	c32
0	6.075364830147	0.033	0	0	CENPU	c32
0	5.93268185868278	0.037	0.001	0	FEN1	c32
0	5.90870007554653	0.069	0.001	0	UBE2T	c32
0	5.90406118074301	0.041	0.001	0	DHFR	c32
0	5.7216452351175	0.053	0.001	0	SMC2	c32
0	5.70556702710393	0.03	0.001	0	HMGB3	c32
0	5.61033281730458	0.146	0.003	0	CKS1B	c32
0	5.45630477153883	0.075	0.002	0	MAD2L1	c32
0	5.20492766010254	0.116	0.003	0	SMC4	c32
0	5.1926921417462	0.148	0.004	0	PCNA	c32
0	5.07343622472253	0.14	0.004	0	MCM7	c32
0	5.01858042589661	0.529	0.038	0	TUBB	c32
0	4.97506455207458	0.072	0.002	0	MCM3	c32
0	4.86731101150266	0.08	0.003	0	HIST1H2AM	c32
0	4.80752943804938	0.097	0.003	0	CENPM	c32
0	4.77224351129142	0.346	0.051	0	HIST1H4C	c32
0	4.66013559785692	0.088	0.003	0	MCM5	c32
0	4.64390953386677	0.609	0.068	0	TUBA1B	c32
0	4.54185002536585	0.512	0.038	0	HMGB2	c32
0	4.5305199835373	0.101	0.004	0	TMEM106C	c32
0	4.35012437766988	0.242	0.014	0	PTTG1	c32
0	4.1095358454027	0.677	0.088	0	HMGN2	c32
0	4.05456537011464	0.314	0.022	0	DUT	c32
0	3.76240982315738	0.121	0.009	0	ANP32E	c32
0	3.74607088908049	0.125	0.009	0	CARHSP1	c32
0	3.66777960720101	0.251	0.02	0	RANBP1	c32
0	3.65580076782407	0.537	0.07	0	H2AFZ	c32
0	3.52653359212953	0.298	0.028	0	H2AFV	c32
0	3.51042109452905	0.138	0.012	0	RPA3	c32
0	3.43377510357629	0.27	0.026	0	DEK	c32
0	3.22502251219483	0.654	0.13	0	HMGB1	c32
0	3.22221868147925	0.192	0.022	0	HN1	c32
0	3.10132421011128	0.433	0.054	0	RAN	c32
0	3.02753991389748	0.295	0.038	0	PGAM1	c32
0	3.00968223896036	0.305	0.039	0	CALM3	c32
0	2.98838449228443	0.307	0.044	0	CXCL13	c32
0	2.96643920417011	0.306	0.041	0	ANP32B	c32
0	2.888454252448	0.193	0.025	0	FABP5	c32
0	2.79126039727928	0.495	0.085	0	TPI1	c32
0	2.75681044493899	0.355	0.061	0	PKM	c32
0	2.70925675833387	0.393	0.065	0	SLC25A5	c32
0	2.53867608575125	0.293	0.051	0	ATP5G3	c32
0	2.5159580867169	0.91	0.36	0	GAPDH	c32
0	2.41563268468654	0.393	0.075	0	COX8A	c32
0	2.34129223421388	0.356	0.075	0	HMGN1	c32
0	2.34077457667336	0.361	0.075	0	LDHA	c32
0	-2.15066543805073	0.306	0.789	0	RPL30	c32
0	2.13915636345494	0.491	0.12	0	HNRNPA2B1	c32
0	2.00443734020252	0.703	0.248	0	PPIA	c32
0	1.98570570159238	0.505	0.138	0	ARPC2	c32
0	1.96535771942057	0.819	0.302	0	CFL1	c32
0	1.96141273835502	0.842	0.392	0	ACTG1	c32
0	1.94889010630998	0.889	0.421	0	PFN1	c32
0	1.92558354010784	0.58	0.18	0	CORO1A	c32
0	1.7671131476696	0.981	0.765	0	ACTB	c32
0	1.66160570680279	0.686	0.251	0	MYL6	c32
0	1.57210225353266	0.854	0.52	0	PTMA	c32
6.37481869732209e-293	2.74399803147919	0.217	0.033	1.3237948506859e-288	SNRPB	c32
8.37928310893511e-292	2.51636991229498	0.293	0.056	1.74004193040146e-287	ENO1	c32
8.67840966594804e-292	-1.59566922338075	0.597	0.874	1.80215855123077e-287	RPS27	c32
2.36088902058357e-289	4.06406916002114	0.092	0.007	4.90262214014385e-285	KPNA2	c32
7.71901858993705e-288	-2.22344187390819	0.259	0.741	1.60293140038633e-283	RPL34	c32
3.30356866117066e-286	3.32287871380372	0.207	0.031	6.860190681787e-282	ARL6IP1	c32
5.29892135365851e-284	4.93099350853001	0.043	0.001	1.10037400830073e-279	RRM1	c32
8.83664361531141e-283	2.99388413626353	0.171	0.022	1.83501741315557e-278	NUCKS1	c32
2.05908209359266e-275	2.79923120752258	0.21	0.032	4.27588987555453e-271	CKS2	c32
2.32364103494297e-274	-1.67805410785896	0.478	0.834	4.82527297316257e-270	RPL39	c32
1.72022580463279e-273	3.60346199394088	0.102	0.008	3.57222090590045e-269	NASP	c32
7.75443925431017e-269	6.22260346079099	0.019	0	1.61028685555005e-264	HIST1H3B	c32
4.35257303302741e-265	5.1778527545861	0.034	0.001	9.03855316038471e-261	CENPW	c32
1.28078721994154e-264	1.77417495475765	0.516	0.161	2.6596827409306e-260	RAC2	c32
2.28955584374766e-259	3.44862152658102	0.109	0.01	4.7544916651264e-255	TMPO	c32
3.01930651784321e-254	1.999097650259	0.381	0.097	6.26989191495321e-250	SUMO2	c32
3.4587246243758e-253	-1.69612534735953	0.464	0.83	7.18238755497878e-249	RPS12	c32
1.48707566995648e-251	-1.0662945270334	0.794	0.941	3.08806133623163e-247	RPL41	c32
2.11496694443737e-249	-1.61238450043669	0.471	0.817	4.39194035681864e-245	RPL13	c32
8.06804892381515e-249	2.58529924487468	0.213	0.035	1.67541103951945e-244	COX5A	c32
1.42389620177726e-248	6.51661643271927	0.016	0	2.95686285261066e-244	NCAPG	c32
7.56985855018781e-243	4.76797241076263	0.04	0.002	1.571956826532e-238	CDCA7	c32
2.55545750279342e-241	1.4295492840224	0.476	0.148	5.30666305030082e-237	MT2A	c32
1.99919995269507e-239	3.78946325333408	0.078	0.006	4.15153862176659e-235	KIF22	c32
1.10619049038244e-236	4.51222650685311	0.047	0.002	2.29711517232817e-232	ATAD2	c32
3.58769802438818e-236	-2.15313747202258	0.267	0.714	7.45021371744449e-232	ND3	c32
2.3743361853832e-235	-1.35809662384906	0.618	0.866	4.93054652256676e-231	RPL10	c32
1.2887943906405e-228	6.27845669552451	0.016	0	2.67631043160406e-224	CASC5	c32
1.11213378455402e-224	2.51982781328333	0.207	0.037	2.30945701700488e-220	SNRPG	c32
2.21037600060905e-224	5.8045255071921	0.02	0	4.59006680286476e-220	CENPN	c32
5.28876417973987e-224	1.60243552997663	0.643	0.275	1.09826476956478e-219	CRIP1	c32
3.55797733790336e-222	3.02804177622183	0.136	0.017	7.38849573989011e-218	RAD21	c32
1.14692683049485e-218	7.27845669552451	0.01	0	2.38170825620562e-214	HJURP	c32
1.82130599262031e-214	4.11970676963887	0.055	0.003	3.78212402427533e-210	LMNB1	c32
6.84972560661387e-214	2.86567517018603	0.153	0.022	1.42241401946944e-209	H2AFX	c32
3.81055545295163e-210	2.88280098732053	0.141	0.019	7.91299945359936e-206	SIVA1	c32
1.95464860867461e-209	-1.61123545060091	0.377	0.746	4.05902330077369e-205	RPL11	c32
3.77956966418809e-207	6.1789210219736	0.016	0	7.84865436465299e-203	KIF11	c32
2.84399393978087e-204	1.81396957896098	0.379	0.11	5.90583781534896e-200	CHCHD2	c32
8.0539875415619e-203	-1.53169869390784	0.431	0.772	1.67249105288074e-198	RPL32	c32
2.41939131653927e-200	2.22813252360886	0.239	0.051	5.02410800792545e-196	PPP1CA	c32
1.56792856669616e-199	-1.92480513164804	0.251	0.654	3.25596046160124e-195	RPS14	c32
3.66728360973108e-199	-1.74197058374871	0.322	0.698	7.61548114396756e-195	RPS27A	c32
1.27742565106021e-193	2.39922620351464	0.223	0.047	2.65270210699162e-189	TUBB4B	c32
8.64154328557664e-190	-2.09020058780853	0.171	0.59	1.79450287868285e-185	RPL35A	c32
4.79356744005569e-189	6.9158866161398	0.01	0	9.95432214601964e-185	CEP55	c32
4.79356744005569e-189	6.9158866161398	0.01	0	9.95432214601964e-185	KIF23	c32
3.22811691722026e-185	1.60622679434186	0.432	0.146	6.7035075902996e-181	RHOA	c32
7.22655857780883e-184	1.72551420531175	0.391	0.125	1.50066715426778e-179	ARPC1B	c32
1.34074070465363e-182	5.67359463736565	0.018	0	2.78418214728372e-178	MCM2	c32
4.66574954521223e-182	1.86053081891167	0.334	0.096	9.68889550558772e-178	SUB1	c32
4.27518888123569e-180	2.33603311729846	0.198	0.04	8.87785723077404e-176	HNRNPF	c32
1.85039235158365e-177	2.92682077826217	0.114	0.015	3.8425247572986e-173	SNRPD1	c32
1.67028563918713e-175	2.13580095651741	0.373	0.123	3.468515158336e-171	GZMB	c32
2.80068214721539e-172	-2.20534944085965	0.149	0.546	5.81589654690748e-168	RPS25	c32
7.30147533507357e-171	2.35479374978106	0.186	0.037	1.51622436808138e-166	C12orf75	c32
3.154110595391e-170	-1.24205598971471	0.64	0.892	6.54982606238894e-166	MALAT1	c32
5.04068751438196e-169	3.06817395646606	0.102	0.013	1.04674916923656e-164	TUBA1C	c32
1.19483263520969e-168	2.16654562911401	0.223	0.051	2.48118945027645e-164	PARK7	c32
5.97830459378659e-168	4.91470842494252	0.026	0.001	1.24145473194572e-163	EZH2	c32
9.96373666119583e-167	-1.21382439293333	0.678	0.863	2.06906955506393e-162	EEF1A1	c32
1.77131577651976e-165	-1.37062596509615	0.424	0.73	3.67831434152093e-161	RPL19	c32
1.86972573647935e-164	1.84099328148583	0.294	0.082	3.88267246437302e-160	COX6A1	c32
3.11883161249932e-163	-1.86689730479749	0.211	0.59	6.47656572651609e-159	RPS13	c32
2.06043430660465e-162	-1.79143036210354	0.267	0.624	4.27869788109521e-158	RPS3A	c32
2.55341727892151e-161	-1.59494301886069	0.328	0.67	5.30242632140842e-157	RPS23	c32
2.55645499557376e-160	6.11799202333126	0.012	0	5.30873444380846e-156	ELL3	c32
1.81227942330591e-159	6.37799236907542	0.011	0	3.76337945043705e-155	SGOL1	c32
4.55412730888865e-159	2.78130541093805	0.116	0.017	9.45710076963817e-155	IDH2	c32
4.29600611514063e-158	2.19920290586061	0.195	0.042	8.92108629870104e-154	ANXA5	c32
3.3787181443277e-155	5.54806375528179	0.016	0	7.01624609851091e-151	ARHGAP11A	c32
5.0970404298818e-154	1.84348951268079	0.327	0.104	1.05845141566926e-149	CALM2	c32
1.39914307591937e-153	1.36782138539049	0.532	0.232	2.90546051145416e-149	ARHGDIB	c32
5.82008987777345e-153	1.92100910917744	0.254	0.067	1.20859986401843e-148	PSME2	c32
7.52208193027693e-153	1.48766457635423	0.42	0.154	1.56203553364131e-148	CLIC1	c32
2.2652688415011e-150	-1.37486079227081	0.375	0.697	4.70405727626118e-146	RPL18A	c32
2.3836556710669e-150	5.06344380455366	0.021	0.001	4.94989936653753e-146	TCF19	c32
9.72418716179529e-149	2.24476067174227	0.181	0.039	2.01932470601841e-144	YWHAQ	c32
4.11172063074286e-145	2.39340841542288	0.15	0.028	8.53839906180062e-141	ERH	c32
5.80350362332757e-145	3.11868331135782	0.079	0.009	1.2051555624202e-140	PRDX3	c32
7.22978883803306e-145	2.43050890115628	0.151	0.029	1.50133795010594e-140	TPM4	c32
1.54236624953105e-143	5.99305447666226	0.012	0	3.20287775377618e-139	KIF14	c32
6.20407082016167e-143	1.8433058018849	0.258	0.072	1.28833734651477e-138	COX6C	c32
3.10824497045226e-142	-1.56418114016519	0.31	0.638	6.45458150564115e-138	TPT1	c32
6.57412950735315e-139	0.716510352377833	0.969	0.861	1.36518373349695e-134	TMSB4X	c32
2.56748234539031e-136	2.88817625866959	0.097	0.014	5.33163383843751e-132	HIST1H1D	c32
2.10098519863759e-135	-1.03397821402323	0.602	0.796	4.36290586349082e-131	RPS15A	c32
3.26167425191544e-135	1.83514474225049	0.244	0.068	6.77319275152761e-131	GNG5	c32
1.14373333418547e-134	2.02861745094837	0.199	0.049	2.37507664176955e-130	ATP5J2	c32
1.44825581307627e-133	1.68846817374234	0.294	0.093	3.00744802143418e-129	PSMB9	c32
1.87082561309275e-132	1.74375288480185	0.333	0.117	3.8849564681484e-128	ALOX5AP	c32
2.88518929396129e-132	-1.42057839654902	0.254	0.596	5.99138408784001e-128	FAU	c32
1.18296293732275e-131	5.4621686486969	0.016	0	2.45654083564443e-127	HIST1H2AI	c32
2.13774830791682e-131	2.08751691762963	0.188	0.045	4.43924813622007e-127	HNRNPA3	c32
2.44025763828121e-130	3.38703750867843	0.058	0.006	5.06743901165477e-126	NUDT1	c32
9.10773921640812e-130	2.58029912134607	0.113	0.019	1.89131312567931e-125	CBX3	c32
1.13710914676041e-129	3.23704643460488	0.066	0.007	2.36132085416267e-125	SLBP	c32
2.45203764040604e-129	1.50065345209171	0.355	0.128	5.09190136406718e-125	LSP1	c32
3.73487796655435e-129	-1.5345078854661	0.255	0.586	7.75584758534677e-125	RPL36	c32
2.26800498969075e-128	-1.22824229415417	0.455	0.706	4.70973916159181e-124	RPS3	c32
4.87068602515115e-127	2.62310486691196	0.107	0.018	1.01144665998289e-122	H2AFY	c32
1.22150257191666e-126	5.37156609991599	0.015	0	2.53657224084213e-122	PRC1	c32
2.96318699876454e-126	1.97419724873015	0.203	0.053	6.15335412163445e-122	ACTR3	c32
7.46555790260849e-125	6.04141749822366	0.01	0	1.55029775405568e-120	RAD51AP1	c32
2.13880431016324e-124	3.76890159746138	0.041	0.003	4.44144103048498e-120	SAE1	c32
3.81624667789301e-124	-1.22564964792978	0.358	0.657	7.92481785131262e-120	RPL26	c32
1.01284413032235e-123	-1.99643944353659	0.157	0.499	2.10327212102739e-119	JUNB	c32
3.13236328347548e-123	2.77559982588418	0.091	0.013	6.50466559446518e-119	LSM4	c32
3.75984122842856e-123	5.39710119202313	0.014	0	7.80768629495475e-119	CENPE	c32
9.20175946717812e-123	2.52674451598912	0.131	0.026	1.91083737095421e-118	TNFRSF18	c32
3.66631388038937e-122	2.7073702936815	0.104	0.017	7.61346740401658e-118	PTMS	c32
4.15588068318811e-122	2.33243431658333	0.136	0.027	8.63010182670842e-118	ANAPC11	c32
1.12381614157552e-121	1.7011835392049	0.407	0.172	2.33371659959572e-117	GZMA	c32
1.4268741617327e-120	1.02957454939718	0.7	0.42	2.96304688425413e-116	SH3BGRL3	c32
6.09479563859745e-120	-2.53291799798543	0.076	0.397	1.26564526231115e-115	RPL9	c32
2.85964887522362e-119	1.34570487260028	0.431	0.184	5.93834685428936e-115	CD3D	c32
5.35576498690415e-119	2.20064989607063	0.15	0.033	1.11217815718052e-114	WDR1	c32
5.62263844749592e-119	5.13161530719524	0.016	0	1.167597100007e-114	GGH	c32
3.57600097211618e-118	3.86623971530804	0.037	0.003	7.42592361869646e-114	DTYMK	c32
8.58006919477733e-117	2.39948618537343	0.121	0.023	1.78173716898746e-112	PDIA6	c32
2.69712629927585e-116	1.88926537373247	0.208	0.058	5.60085247307622e-112	ITM2A	c32
6.13658031835313e-116	3.81101749828585	0.037	0.003	1.27432226890921e-111	KIF20B	c32
9.55194626491074e-115	1.66907272300692	0.337	0.13	1.98355716137136e-110	COTL1	c32
4.86795772697531e-111	1.58566865307478	0.287	0.099	1.01088010158369e-106	YBX1	c32
1.01059678978668e-110	1.37795075027114	0.404	0.173	2.09860529367101e-106	MIF	c32
4.98736336986782e-110	-0.755007538348052	0.716	0.861	1.03567587738675e-105	RPL28	c32
9.99415170808968e-110	2.02624080415111	0.168	0.042	2.0753855437019e-105	ARPC5	c32
1.39894242513006e-108	1.90209101381677	0.195	0.054	2.90504384002509e-104	FKBP1A	c32
1.43421556410988e-107	5.86341919624567	0.01	0	2.97829204043057e-103	HIST1H2AH	c32
3.68086150159005e-106	3.94252174264327	0.031	0.002	7.6436769942019e-102	MCM6	c32
1.83412673165779e-105	4.56573864760498	0.02	0.001	3.80874757096057e-101	CENPH	c32
2.50755858644559e-104	2.49730033601257	0.099	0.018	5.20719616061292e-100	DDX39A	c32
8.76825975204319e-104	5.22317426002332	0.017	0.001	1.82081682010929e-99	HIST2H2AB	c32
2.25416232835901e-103	-1.30293221549684	0.273	0.567	4.68099349107032e-99	RPL29	c32
2.56596914159795e-103	2.69748675414374	0.109	0.021	5.32849151944229e-99	HIST1H1E	c32
2.9730892470406e-103	2.01139329027589	0.157	0.039	6.17391713040452e-99	ATP5B	c32
1.05679343448209e-102	1.78000713019781	0.199	0.058	2.1945372460455e-98	PSMA7	c32
3.61239450063179e-102	5.18159515627192	0.013	0	7.50149842001198e-98	NDC80	c32
4.20954936278485e-102	2.43334685147149	0.102	0.019	8.74155020675902e-98	BANF1	c32
1.00578239165735e-101	3.02858353776595	0.06	0.007	2.08860771451565e-97	DNMT1	c32
1.33856151906086e-100	2.35942553704378	0.109	0.021	2.77965685048178e-96	PA2G4	c32
1.70763973285693e-100	4.64458459432241	0.019	0.001	3.5460846692507e-96	HIST1H2AL	c32
1.8185508912257e-100	2.34143309511419	0.139	0.032	3.77640278071929e-96	LAG3	c32
5.43457845867332e-100	-1.51685221007077	0.239	0.521	1.1285445627281e-95	RPL3	c32
1.5502160519166e-99	1.15178365421213	0.579	0.329	3.21917865341001e-95	VIM	c32
1.97081290921233e-98	1.75267997845395	0.209	0.064	4.09259008727032e-94	PGK1	c32
2.37784055533443e-97	-1.37600393875873	0.249	0.532	4.93782369720748e-93	RPL18	c32
2.12046789038832e-96	2.93904117390831	0.062	0.008	4.40336362118038e-92	HNRNPAB	c32
5.91805868235259e-96	4.13277924032887	0.027	0.002	1.22894406597734e-91	HIST1H3D	c32
1.47344531290483e-95	-1.06610595826262	0.466	0.697	3.05975653677817e-91	RPS18	c32
4.19537892446774e-95	3.19497736819267	0.049	0.005	8.71212387454971e-91	DNAJC9	c32
7.16400254623147e-95	2.90973438915821	0.066	0.009	1.48767676875043e-90	HMGA1	c32
1.1015153998992e-94	1.56643348701584	0.255	0.09	2.28740687943068e-90	LOC101929531	c32
1.63382206318946e-93	-1.4444519240947	0.221	0.5	3.39279489641923e-89	RPL14	c32
8.31826779630784e-93	1.68287448774225	0.222	0.073	1.72737149058129e-88	CALR	c32
1.47394480627795e-92	1.77708254687595	0.186	0.055	3.06079378471678e-88	PSMB8	c32
3.26344045654151e-92	1.78608026735237	0.184	0.054	6.7768604520541e-88	DBI	c32
6.10614756895862e-92	2.7887911584326	0.067	0.01	1.26800260416995e-87	ENTPD1	c32
2.0059825383432e-90	4.02823006599134	0.025	0.002	4.16562333912349e-86	RNASEH2A	c32
4.88307601089132e-90	1.76320316661476	0.154	0.041	1.01401956442169e-85	TXN	c32
5.55135048987404e-90	1.79240922087604	0.181	0.053	1.15279344272724e-85	PRDX1	c32
8.418485766447e-89	3.23708076772897	0.044	0.005	1.74818275426038e-84	USP1	c32
3.675262095352e-88	4.78020582799668	0.015	0.001	7.63204926720795e-84	MXD3	c32
3.692743624254e-88	2.05521095272483	0.129	0.031	7.66835141012585e-84	BUB3	c32
2.88486298224659e-87	2.10295628834615	0.124	0.029	5.99070646893327e-83	CDK2AP2	c32
2.62971198245889e-86	1.17336465575988	0.372	0.167	5.46085990277413e-82	ATP5L	c32
3.32816190863507e-85	-0.956368935961943	0.397	0.644	6.91126101947159e-81	RPS24	c32
1.11441865267338e-84	-1.12887247593831	0.365	0.599	2.31420177414154e-80	RPL37	c32
1.27007234433085e-84	1.62538339489336	0.2	0.065	2.63743223023744e-80	SLC25A3	c32
1.80050821300751e-84	1.60753226255161	0.204	0.067	3.7389353551314e-80	CAPZB	c32
1.51164009172116e-82	-2.85772883032957	0.05	0.296	3.13907181446816e-78	ND2	c32
1.08527860143814e-81	-2.44591888232425	0.083	0.333	2.25368954374645e-77	ND1	c32
1.55010145824239e-81	-1.53255185862987	0.186	0.445	3.21894068818615e-77	RPL5	c32
2.02999898118785e-81	-2.36135161064191	0.199	0.452	4.21549588433469e-77	FTL	c32
3.30661725359673e-80	-1.26471290291422	0.273	0.523	6.86652138881896e-76	RPS29	c32
5.06073824343912e-80	1.12556829087766	0.373	0.172	1.05091290363257e-75	CALM1	c32
2.41042358470827e-79	-0.993888940836909	0.375	0.615	5.0054856160052e-75	RPL12	c32
1.39919442790122e-77	1.6379595178397	0.188	0.062	2.90556714897967e-73	ANXA2	c32
1.56174852367867e-76	-1.1272735798224	0.401	0.612	3.24312698427113e-72	RPS8	c32
4.05558263662312e-76	1.98211771171507	0.12	0.03	8.42182290321156e-72	RALY	c32
1.77131352829371e-75	1.41212957253386	0.24	0.091	3.67830967285471e-71	TPM3	c32
2.9370958622271e-74	1.93399638728478	0.125	0.033	6.0991732675008e-70	SHFM1	c32
3.15395882826703e-74	2.00140797946101	0.116	0.029	6.54951090277932e-70	SRP9	c32
3.49676515454595e-74	-1.63874711150533	0.182	0.427	7.26138251993012e-70	ND4	c32
9.38652923673676e-74	-0.831698976821928	0.48	0.682	1.94920666130076e-69	RPS15	c32
1.54106390090119e-73	1.74460786811875	0.171	0.055	3.20017329661141e-69	CNN2	c32
2.45357284016612e-73	4.34557089138305	0.016	0.001	5.09508935988896e-69	PAICS	c32
4.14746905143194e-73	2.42358831226427	0.074	0.014	8.61263423220358e-69	LSM5	c32
1.44069456940685e-72	2.26590317232301	0.089	0.019	2.99174634283026e-68	PSMA2	c32
4.47103508982588e-72	-0.997733387659557	0.347	0.577	9.28455146753242e-68	RPS7	c32
1.17108575230514e-71	3.00899602053128	0.043	0.005	2.43187667323686e-67	HPRT1	c32
4.72465924382168e-71	1.99523212996763	0.07	0.013	9.8112273857201e-67	MT1E	c32
1.19367668921628e-70	4.90590252756718	0.015	0.001	2.47878901282652e-66	HIST1H2BH	c32
2.64984495086514e-70	2.05171532006124	0.105	0.026	5.50266802496654e-66	ITGAE	c32
7.43389324486795e-70	1.47564387233353	0.204	0.074	1.54372227122928e-65	NDUFA4	c32
3.45161109664715e-69	1.85621563619563	0.128	0.036	7.16761560329746e-65	RBX1	c32
3.5039273607748e-69	1.19827180257445	0.289	0.125	7.27625555738496e-65	SRP14	c32
7.73517827412595e-69	3.18738711479344	0.036	0.004	1.60628712040499e-64	SKA2	c32
1.1346938333386e-68	-1.52385736402909	0.234	0.469	2.35630521431094e-64	FOS	c32
1.14290633499971e-68	1.51406602163664	0.195	0.07	2.37335929526041e-64	CKLF	c32
1.15808477231649e-68	4.99834877633177	0.01	0	2.40487883819243e-64	SAC3D1	c32
1.22903934203815e-68	1.49169104296924	0.191	0.067	2.55222309767642e-64	SRSF3	c32
4.99048547461681e-68	1.99512545500589	0.104	0.026	1.03632421365893e-63	CTLA4	c32
5.13546729615008e-68	-0.777278435402557	0.576	0.745	1.06643113871853e-63	RPS19	c32
1.29464309761822e-67	-1.42969299953024	0.266	0.495	2.68845585651399e-63	CYTB	c32
5.29041908302881e-67	-1.17644231099848	0.248	0.48	1.09860842678176e-62	RPLP2	c32
7.46903315703225e-67	2.00899602053128	0.104	0.026	1.55101942538932e-62	MIR4435-1HG	c32
7.99206488794141e-66	4.8103078597861	0.011	0	1.65963219462991e-61	FBXO5	c32
9.15709518803951e-66	1.04790295365788	0.199	0.072	1.90156238674828e-61	LOC100996809	c32
1.34296410003677e-65	0.716963121676149	0.839	0.696	2.78879925013636e-61	TMSB10	c32
1.64084375638197e-65	-0.876405947337568	0.442	0.635	3.40737614450279e-61	RPS21	c32
1.95055800178862e-65	-0.973908839545083	0.333	0.557	4.05052874651426e-61	RPL8	c32
2.15408931186781e-65	1.66428471889279	0.153	0.049	4.4731818650247e-61	DUSP4	c32
5.53501961414088e-65	2.23793662532771	0.078	0.016	1.14940217307249e-60	LOC101928173	c32
2.47791035879296e-64	0.966982100257127	0.398	0.207	5.14562865106946e-60	HNRNPA1	c32
4.13396464165103e-64	3.09121221788217	0.042	0.006	8.58459097485252e-60	TNFRSF9	c32
2.46221901766849e-63	1.97822367173647	0.102	0.026	5.11304401209039e-59	RBPJ	c32
3.22054270387133e-63	-1.40001769111979	0.158	0.384	6.6877789788592e-59	RPL24	c32
4.66830743864128e-63	-1.05554081618817	0.272	0.499	9.69420722708249e-59	RPL6	c32
2.3174922636818e-62	2.03429929321831	0.093	0.023	4.81250443476162e-58	PSMD8	c32
5.45663043845811e-62	-0.930368598659254	0.339	0.556	1.13312387685021e-57	RPL7A	c32
1.02288800748472e-61	4.70961386016663	0.011	0	2.12412923634278e-57	WDR34	c32
1.66319291392586e-61	4.70498983364118	0.012	0.001	3.45378640505844e-57	RGS13	c32
1.71153473640426e-61	-1.99245269488647	0.074	0.282	3.55417303361709e-57	PFDN5	c32
1.87265018409864e-61	1.49265791683335	0.178	0.064	3.88874537229925e-57	H3F3AP4	c32
2.63875407957612e-61	1.22702146967972	0.355	0.184	5.47963672164778e-57	CD7	c32
2.78039039319175e-61	2.89654649580891	0.04	0.006	5.77375869050198e-57	SMC3	c32
9.17155906999198e-61	1.23251586463663	0.255	0.111	1.90456595647454e-56	MYL12B	c32
1.92601884644362e-60	2.56967986700059	0.055	0.009	3.99957073652482e-56	NUCB2	c32
3.62699823845381e-60	3.64458459432241	0.022	0.002	7.53182454197317e-56	GMNN	c32
5.92251296939275e-60	-1.13695094716862	0.282	0.491	1.2298690432241e-55	RPS6	c32
7.91708689839811e-59	-1.00825468924692	0.265	0.489	1.64406226532135e-54	EIF1	c32
1.83463720817892e-58	-1.36600049198475	0.153	0.369	3.80980762650434e-54	NACA	c32
1.83464365654779e-58	-2.96393059724221	0.04	0.228	3.80982101718715e-54	IL7R	c32
1.36151017266692e-57	3.64286812173339	0.021	0.002	2.82731202456013e-53	LIG1	c32
1.64775866892481e-57	1.47772856205436	0.171	0.062	3.42173565188927e-53	SRSF2	c32
1.00246690533175e-56	2.43982574644279	0.062	0.012	2.0817227756119e-52	HIST1H1C	c32
2.73804135826068e-56	-1.59351128699737	0.16	0.369	5.68581668456412e-52	DUSP1	c32
3.2455757356859e-56	1.21165209220638	0.242	0.106	6.73976257272534e-52	PPIB	c32
7.15233975354054e-56	3.23288149133473	0.028	0.003	1.48525487322023e-51	CDK4	c32
8.88246843160255e-56	1.49061751647536	0.156	0.055	1.84453339450659e-51	LINC00152	c32
1.26716690438595e-55	0.829031347112404	0.588	0.405	2.63139879364787e-51	S100A4	c32
2.01240375806486e-55	2.47325024004548	0.055	0.01	4.17895764399749e-51	HSPB11	c32
1.03780006096208e-54	3.27588275186068	0.026	0.003	2.15509560659386e-50	CKAP2	c32
1.41231891196061e-54	2.74217349836612	0.041	0.006	2.93282145257741e-50	RBBP7	c32
1.48582584734881e-54	2.22704458784039	0.067	0.014	3.08546595460455e-50	HNRNPR	c32
1.7274405039027e-54	2.26864416234074	0.065	0.014	3.58720295040434e-50	MTHFD2	c32
3.3495690557421e-54	1.52908830889418	0.149	0.052	6.95571510115405e-50	NCL	c32
5.43254616616341e-54	1.02330953134225	0.32	0.161	1.12812253686549e-49	CD99	c32
6.68530493065504e-54	-1.67179277682087	0.106	0.302	1.38827042189983e-49	RPL21	c32
8.96719123414384e-54	1.76953008583589	0.108	0.032	1.86212693168231e-49	ATP5J	c32
2.84439671614815e-53	-1.43271722248505	0.136	0.337	5.90667422075324e-49	RPL22	c32
4.01350355840595e-53	1.95781729660572	0.086	0.022	8.3344414893858e-49	SNRPD3	c32
4.57675455672374e-53	1.27392176355202	0.201	0.082	9.50408851249251e-49	SOD1	c32
8.41925551051605e-53	4.23406257616606	0.016	0.001	1.74834259931376e-48	HIST1H4F	c32
2.11460545788054e-52	0.745336328610708	0.507	0.312	4.39118969383472e-48	SERF2	c32
3.44555652597923e-52	-2.06202927609022	0.06	0.242	7.15504268184846e-48	TXNIP	c32
3.49137700220167e-52	-0.745840668432866	0.526	0.672	7.25019348277199e-48	RPS4X	c32
5.05263675197142e-52	-1.03302409019683	0.227	0.435	1.04923054791438e-47	RPS9	c32
5.85653507995726e-52	1.06852530852467	0.279	0.134	1.21616807470393e-47	ARPC3	c32
1.19651857147972e-50	-1.13356695812056	0.231	0.427	2.48469046553479e-46	RPS5	c32
4.04260724808442e-50	1.10906418785386	0.29	0.146	8.39487821137211e-46	NPM1	c32
1.27036277244583e-49	-0.954413879478454	0.484	0.644	2.63803533326101e-45	ATP6	c32
3.51995693224917e-49	2.14433241551004	0.065	0.015	7.30954256550862e-45	DCTN3	c32
3.96411916655047e-49	-1.36019242921112	0.195	0.391	8.23188986125871e-45	ZFP36	c32
4.85731307844948e-49	1.93044635955563	0.084	0.022	1.00866963387082e-44	DCXR	c32
6.49796221907483e-49	3.6442506757835	0.018	0.001	1.34936683441308e-44	NRM	c32
6.50522052590931e-49	1.56970073095669	0.125	0.042	1.35087409441033e-44	NAP1L1	c32
6.89354900334021e-48	-1.61421511907246	0.336	0.496	1.43151438603363e-43	FTH1	c32
6.89517382936167e-48	2.06683874578224	0.069	0.017	1.43185179740524e-43	VDAC1	c32
7.39648536081492e-48	-1.54543397129967	0.108	0.292	1.53595415002683e-43	EEF1B2	c32
1.27098631274161e-47	1.54030651689104	0.128	0.044	2.63933017703922e-43	TIGIT	c32
2.67624790334932e-47	1.7556299955987	0.098	0.029	5.5574963960952e-43	PSMB3	c32
3.15820289519614e-47	0.581407111303071	0.744	0.585	6.55832413216431e-43	HLA-A	c32
3.36706614246681e-47	1.2790697532248	0.22	0.1	6.99204955144659e-43	GSTP1	c32
4.12888700373368e-47	0.962492189892426	0.479	0.315	8.57404675195336e-43	IL32	c32
4.56809498623185e-47	1.04188946224523	0.268	0.131	9.48610604840907e-43	ALDOA	c32
4.88251715034142e-47	-1.21985621435972	0.314	0.489	1.0139035114399e-42	ND4L	c32
6.77881435681852e-47	-1.74035116980839	0.079	0.254	1.40768858933693e-42	RPL38	c32
2.2677448623819e-46	1.22336065232354	0.208	0.092	4.70919898122225e-42	LY6E	c32
2.95149572833693e-46	0.863310824787144	0.406	0.242	6.12907602946447e-42	MYL12A	c32
5.38163773590779e-46	1.93844329776561	0.08	0.022	1.11755089223861e-41	PDCD1	c32
2.68653819723204e-45	1.38411915025908	0.153	0.06	5.57886522037206e-41	PLP2	c32
3.43972394525195e-45	1.80861681100708	0.087	0.025	7.1429307447102e-41	SNRPF	c32
3.92865543918609e-45	1.65988363714967	0.105	0.034	8.15824588501383e-41	POMP	c32
4.08877408158481e-45	2.75062430208927	0.033	0.005	8.49074825781903e-41	GPR25	c32
5.16341567883713e-45	-3.66071718197755	0.02	0.166	1.07223489986732e-40	TYROBP	c32
9.26762163301339e-45	1.100172948637	0.225	0.104	1.92451430831156e-40	UBL5	c32
2.88996997324722e-44	-1.03557157264941	0.436	0.588	6.00131164644518e-40	COX3	c32
5.25488123829026e-44	1.18666421960502	0.251	0.125	1.09122863794336e-39	CD8A	c32
2.21337360975448e-43	-1.06553617294454	0.217	0.398	4.59629163801615e-39	RPL23A	c32
2.67611676909315e-43	1.70798389144473	0.094	0.029	5.55722408269883e-39	BLOC1S1	c32
3.02509426119838e-43	-1.22466847174632	0.15	0.332	6.28191074280456e-39	BTG1	c32
3.0345833228487e-43	3.62820273455163	0.018	0.002	6.30161572822762e-39	HIST1H3H	c32
4.26081382286678e-43	3.44326756527018	0.018	0.002	8.84800598456516e-39	IL17A	c32
7.38933915807155e-43	-1.2296735722297	0.171	0.353	1.53447016956514e-38	TSC22D3	c32
1.13040824888866e-42	1.46038210216053	0.129	0.047	2.34740576964219e-38	ROMO1	c32
3.49981011868289e-42	0.854046242161868	0.362	0.21	7.26770569245688e-38	PPDPF	c32
5.64692129876708e-42	1.44602975151007	0.127	0.046	1.17263967690197e-37	ATPIF1	c32
6.13999503996194e-42	2.02140971403625	0.064	0.016	1.2750313699985e-37	RBBP4	c32
6.50486934681284e-42	1.65234208813705	0.097	0.031	1.35080116855916e-37	CACYBP	c32
7.86657126996258e-42	1.28856020678329	0.178	0.077	1.63357218992043e-37	UCP2	c32
1.27848769105346e-41	0.694133829059403	0.199	0.088	2.65490753924162e-37	HLA-DRB4	c32
2.47427244904754e-41	1.47174597755927	0.123	0.045	5.13807416769213e-37	CAP1	c32
4.21665341814733e-41	2.41220808441334	0.041	0.008	8.75630248812474e-37	TMIGD2	c32
6.25242800037817e-41	1.14712204168272	0.199	0.091	1.29837919855853e-36	YWHAB	c32
7.00780577403294e-41	2.16240159103861	0.055	0.012	1.45524094703568e-36	STRA13	c32
9.13460600610435e-41	3.81175707642317	0.013	0.001	1.89689228322763e-36	RFC4	c32
1.19626130775485e-40	2.04182235161228	0.062	0.015	2.48415623168372e-36	RAB27A	c32
1.20482820622559e-40	1.12329607983346	0.202	0.093	2.50194625304806e-36	LDHB	c32
1.64295520137883e-40	1.60561233088353	0.102	0.034	3.41176077118328e-36	APOBEC3G	c32
4.0242500717732e-40	0.981346579369243	0.252	0.128	8.35675769904422e-36	CD2	c32
7.73097352822375e-40	-1.19991639941404	0.156	0.325	1.60541396287094e-35	RPL10A	c32
1.97654857674269e-39	1.44540750498835	0.121	0.045	4.10450077446387e-35	DYNLL1	c32
2.80271287843394e-39	2.0553681607652	0.057	0.014	5.82011356335591e-35	YWHAH	c32
2.96008947507599e-39	1.96402542805073	0.063	0.016	6.14692180394281e-35	LSM2	c32
3.46199390968375e-39	2.94171991512307	0.033	0.005	7.18917655284927e-35	KRT86	c32
7.91878042269896e-39	1.24302311635011	0.16	0.068	1.64441394257767e-34	HNRNPK	c32
2.73250678757319e-38	1.40988950953575	0.29	0.167	5.67432359507448e-34	LGALS1	c32
3.66527999661642e-38	0.953082796056957	0.259	0.135	7.61132044097365e-34	PSME1	c32
4.07158918366366e-38	2.38830936375057	0.04	0.008	8.45506209879595e-34	MZT1	c32
4.2310758502908e-38	1.69962977159401	0.083	0.026	8.78625211071389e-34	PRDX2	c32
1.1098339603894e-37	1.83047509763075	0.071	0.02	2.30468120214463e-33	PSMB6	c32
1.4386318327003e-37	1.65940099613494	0.088	0.028	2.98746286378544e-33	IFI16	c32
2.09328325679446e-37	2.27293063389191	0.044	0.009	4.34691201105938e-33	TXNDC17	c32
3.05268207850955e-37	1.55109567806813	0.107	0.039	6.33919960423292e-33	EIF5A	c32
7.55179632261658e-37	-1.65759659973065	0.087	0.237	1.56820602435456e-32	IER2	c32
1.59378656430554e-36	2.81902507688721	0.026	0.004	3.30965717943688e-32	TACC3	c32
1.819911442468e-36	1.81468614116287	0.064	0.017	3.77922810142905e-32	HLA-DRB5	c32
1.99043557289527e-36	-1.15437040024225	0.134	0.295	4.13333851067433e-32	EEF1D	c32
2.27889152541342e-36	-1.00668443341349	0.762	0.835	4.7323461416735e-32	RNR2	c32
2.79699597844559e-36	2.21750348429265	0.047	0.01	5.80824184884011e-32	CDC25B	c32
2.98176342959232e-36	1.00783192166208	0.229	0.116	6.1919299378914e-32	IL2RG	c32
3.04565525627477e-36	4.21236750506674	0.014	0.001	6.32460770518019e-32	HIST1H2BF	c32
1.85256901253994e-35	0.856268555459351	0.283	0.157	3.84704481144044e-31	HINT1	c32
2.12346589191992e-35	-1.8463014767997	0.052	0.188	4.4095892711609e-31	TOMM7	c32
2.18221769344691e-35	-1.11620420223681	0.28	0.433	4.53159326221185e-31	JUN	c32
3.07261324313106e-35	1.18886366609608	0.16	0.071	6.38058866068596e-31	NDUFA13	c32
4.31417411579715e-35	3.36787161635825	0.017	0.002	8.95881396886435e-31	HIST1H2BJ	c32
1.03640015177959e-34	2.02040496480722	0.054	0.014	2.1521885551855e-30	MRPL51	c32
1.0923731524758e-34	3.94626026518332	0.01	0.001	2.26842208843126e-30	NCAPD2	c32
1.16262564165183e-34	0.812528529861634	0.309	0.177	2.41430840745419e-30	RGS1	c32
2.38141505339996e-34	0.912555921445537	0.252	0.135	4.94524649989037e-30	YWHAZ	c32
2.89604945822728e-34	1.85925075924896	0.062	0.017	6.01393630495476e-30	PSMA5	c32
3.05604972350862e-34	3.14784461810702	0.02	0.003	6.34619285583799e-30	HIST1H2AG	c32
1.26434532571873e-33	2.7926273868226	0.024	0.004	2.62553950338752e-29	PHF19	c32
2.22492491022786e-33	2.53160651242646	0.03	0.005	4.62027906857917e-29	SMC1A	c32
2.98145132545473e-33	1.954526247726	0.058	0.016	6.19128182243929e-29	FOXP3	c32
4.02941291094543e-33	2.20600149345386	0.041	0.009	8.36747885086928e-29	CCT6A	c32
8.87495366935564e-33	1.24612896324565	0.132	0.056	1.84297287897839e-28	NDUFB2	c32
2.45271136057553e-32	-1.54229939244272	0.072	0.205	5.09330041137114e-28	EEF1G	c32
2.53050326717143e-32	1.91359248548656	0.055	0.015	5.25484308460819e-28	NDUFB3	c32
2.64644852712695e-32	1.40530450608036	0.105	0.04	5.49561501143182e-28	UQCRQ	c32
6.4559888822581e-32	2.09285007184993	0.046	0.011	1.34065065128972e-27	PSMA4	c32
7.55257437410222e-32	3.50793854164728	0.012	0.001	1.56836759452607e-27	GNG4	c32
1.04993457658264e-31	1.73130791914988	0.069	0.021	2.18029414173151e-27	DNPH1	c32
1.22331913950126e-31	0.994035663514385	0.199	0.1	2.54034452508832e-27	LCP1	c32
1.45466991604565e-31	1.63373514830653	0.076	0.025	3.02076754766039e-27	IFI27L2	c32
2.66202565189864e-31	2.03614157531328	0.047	0.012	5.52796246873272e-27	ILF2	c32
3.54275535985168e-31	2.09175598133137	0.044	0.01	7.35688578026799e-27	TOX	c32
4.91805548656765e-31	2.53080801959117	0.028	0.005	1.02128340234064e-26	ACYP1	c32
6.89534082409181e-31	-4.13786583599641	0.014	0.117	1.43188647553091e-26	IFI30	c32
6.93774145098029e-31	1.50037956598915	0.086	0.03	1.44069138971057e-26	PRDX5	c32
8.08272764289065e-31	-1.82143253642565	0.05	0.171	1.67845922232267e-26	RPL13A	c32
1.10653931796214e-30	-1.79622835206253	0.048	0.168	2.29783954768019e-26	RPL27A	c32
2.7955072015719e-30	2.00095967474761	0.047	0.012	5.80515025478421e-26	PPM1G	c32
3.45276193946206e-30	0.398623575604643	0.776	0.665	7.17000544348691e-26	HLA-C	c32
4.47255640333825e-30	2.60104794603876	0.026	0.004	9.28771062717222e-26	HAT1	c32
4.99343360022732e-30	1.5327583648157	0.081	0.028	1.0369364214232e-25	NDUFA6	c32
9.41886950235636e-30	0.273644357233802	0.958	0.924	1.95592244085932e-25	B2M	c32
9.53458046385322e-30	-3.24430314435011	0.015	0.116	1.97995097912376e-25	PSAP	c32
1.06344200710999e-29	1.68562595147001	0.061	0.018	2.2083436719646e-25	PPA1	c32
1.09062254809712e-29	-0.949233232150958	0.382	0.511	2.26478678337849e-25	ATP8	c32
1.31153775169942e-29	1.87128131401864	0.053	0.015	2.72353929517902e-25	PSMB2	c32
1.52397035174139e-29	1.6660907918776	0.068	0.022	3.16467683242617e-25	ATP5C1	c32
1.98731088535303e-29	-0.864907759631116	0.204	0.351	4.12684978452411e-25	GNB2L1	c32
4.0301210633593e-29	-2.08583432376494	0.04	0.153	8.36894940017192e-25	BTG2	c32
4.71163779254099e-29	1.93493607014279	0.048	0.013	9.78418703999061e-25	LBR	c32
6.21455638254113e-29	1.00300486711164	0.151	0.07	1.29051477839849e-24	IFNG	c32
1.04018804800566e-28	1.32895660558489	0.104	0.041	2.16005450048854e-24	CSNK2B	c32
1.18102224158228e-28	2.01660920464116	0.044	0.011	2.45251078686976e-24	RHEB	c32
1.67790576880077e-28	-0.917371894543014	0.187	0.329	3.48433911949167e-24	RPS16	c32
1.85182836517229e-28	2.07859918800537	0.04	0.01	3.84550678311679e-24	SNRPE	c32
2.04850922017324e-28	1.0661250386418	0.156	0.074	4.25393424661175e-24	PCBP1	c32
2.0524111396514e-28	1.83143338065561	0.053	0.015	4.26203697260011e-24	CCDC167	c32
2.16938847046342e-28	1.40923064611931	0.097	0.038	4.50495209776434e-24	RPS27L	c32
3.30862070020894e-28	-0.961032299968682	0.157	0.297	6.87068174605389e-24	UBA52	c32
5.60060632929921e-28	-1.10179159564726	0.033	0.144	1.16302191034227e-23	CST3	c32
6.42628889923144e-28	1.62732250570133	0.067	0.022	1.3344831528144e-23	UBE2N	c32
7.04802707439033e-28	-1.32314528751931	0.092	0.217	1.4635933022679e-23	PABPC1	c32
8.08715049625742e-28	1.64840630527481	0.065	0.021	1.67937767205282e-23	NAP1L4	c32
8.4409260783691e-28	-1.21442573483483	0.105	0.234	1.75284270943413e-23	SARAF	c32
1.01139261765626e-27	2.44697350257401	0.027	0.005	2.10025790982498e-23	SHMT2	c32
1.13542039861402e-27	-1.36900173093041	0.079	0.201	2.35781399976188e-23	DDX5	c32
1.52809966565074e-27	-4.41795201960047	0.005	0.093	3.17325176569032e-23	CTSS	c32
1.70402315139433e-27	-5.59703088235819	0.002	0.087	3.53857447618547e-23	S100A9	c32
1.73863377047085e-27	1.29530732727683	0.114	0.048	3.61044688775976e-23	LOC101060038	c32
3.5111458288773e-27	4.66070425968568	0.01	0.001	7.29124542824659e-23	HIST1H2AB	c32
5.60592858856846e-27	2.99642132776066	0.016	0.002	1.16412713070213e-22	CENPK	c32
5.85062867610707e-27	0.962552388264917	0.18	0.092	1.21494155088039e-22	COX6B1	c32
6.6362470825981e-27	-1.28012084435513	0.09	0.213	1.37808306917232e-22	RPL36A	c32
8.51279168301904e-27	1.68714336265096	0.058	0.018	1.76776632089573e-22	MIR155HG	c32
9.09027654607957e-27	1.26600546866881	0.106	0.044	1.88768682755888e-22	ABRACL	c32
1.46165136973619e-26	0.721631354574662	0.291	0.177	3.03526523439418e-22	PCBP2	c32
1.76843418100497e-26	-3.84410171224306	0.008	0.095	3.67233042027492e-22	AIF1	c32
1.77794237799381e-26	2.04775336068369	0.039	0.01	3.69207514214195e-22	UBE2A	c32
2.3567044576783e-26	1.72242406585208	0.076	0.027	4.89393247681475e-22	TNFRSF4	c32
2.91123034159504e-26	-1.70607286529365	0.089	0.205	6.04546092735626e-22	SAT1	c32
2.9881511039037e-26	-2.94643823301511	0.016	0.108	6.20519458236643e-22	FCER1G	c32
3.68111327156997e-26	1.01000154892902	0.157	0.077	7.6441998197422e-22	COX7A2	c32
4.1022113686032e-26	2.22265781289381	0.032	0.007	8.5186521280414e-22	FDPS	c32
4.41142340799706e-26	1.50179857068982	0.073	0.026	9.16076184904669e-22	TALDO1	c32
1.36958092769413e-25	1.45840670061854	0.076	0.028	2.84407175444963e-21	TOMM5	c32
1.44885325901915e-25	1.70516296743433	0.057	0.018	3.00868867767917e-21	HP1BP3	c32
1.7327661460699e-25	-5.57474651480196	0.002	0.083	3.59826217892876e-21	S100A8	c32
2.34181303946146e-25	1.145299369327	0.125	0.057	4.86300895774567e-21	CTSC	c32
2.51989871001539e-25	2.58376859313781	0.022	0.004	5.23282166121797e-21	DCTPP1	c32
3.23714740866414e-25	1.61561033036503	0.062	0.02	6.72226030883195e-21	XRCC6	c32
6.95609202406679e-25	3.00419503426746	0.015	0.002	1.44450206971771e-20	TRMT5	c32
7.95963246405851e-25	2.895537970748	0.016	0.002	1.65289727748639e-20	UNG	c32
2.18370073179096e-24	0.806182009512399	0.25	0.149	4.5346729396371e-20	TAGLN2	c32
3.17485211350105e-24	1.43846562498462	0.074	0.027	6.59289789889627e-20	NAA38	c32
3.46576798654929e-24	2.08235759100616	0.033	0.008	7.19701380086826e-20	HAVCR2	c32
4.2708742492918e-24	-0.911991558879064	0.15	0.275	8.86889746607936e-20	RPL27	c32
9.29921744026097e-24	1.58587196071298	0.063	0.022	1.93107549364459e-19	CD82	c32
1.2145920384477e-23	-1.22562770585892	0.127	0.244	2.52222182704049e-19	ND5	c32
1.29879016413799e-23	1.15073803828231	0.112	0.05	2.69706765484896e-19	NDUFB11	c32
1.58141830576449e-23	-1.20670600597201	0.489	0.592	3.28397325375054e-19	RNR1	c32
1.78434051677093e-23	-2.10815460890903	0.032	0.124	3.70536151712651e-19	LYZ	c32
1.97978501312228e-23	1.33442253534817	0.083	0.033	4.11122155824972e-19	SERBP1	c32
2.05513562420733e-23	-1.63533030435002	0.054	0.154	4.26769463722894e-19	CD37	c32
2.20799970045111e-23	2.01678912545462	0.033	0.008	4.58513217795678e-19	CD70	c32
3.25564897503421e-23	1.33338535293493	0.084	0.034	6.76068066155604e-19	COX17	c32
3.8805427237819e-23	-2.09904964084004	0.033	0.123	8.05833502020548e-19	FOSB	c32
4.07226842867371e-23	1.03456469531608	0.137	0.067	8.45647261898382e-19	LCK	c32
5.35268763433528e-23	0.876730896935447	0.184	0.1	1.11153911414606e-18	TCEB2	c32
6.65913158091886e-23	1.48039452727664	0.068	0.025	1.38283526409361e-18	TAP1	c32
8.50329752615777e-23	-6.85130928578614	0	0.07	1.76579476428192e-18	FCN1	c32
1.12138337188962e-22	2.40562793598962	0.023	0.004	2.32866471006598e-18	CD38	c32
1.1883850225002e-22	2.67359463736565	0.02	0.004	2.46780033772392e-18	LRMP	c32
1.20447505711475e-22	1.50962686959995	0.063	0.022	2.50121290360448e-18	SRSF10	c32
1.25902751540869e-22	1.09110462232401	0.126	0.061	2.61449653849768e-18	CD3G	c32
1.33058801125545e-22	2.09042988770689	0.033	0.008	2.76309906417306e-18	PARP1	c32
1.81463939825426e-22	1.38176538313603	0.075	0.029	3.76828017441479e-18	UBE2I	c32
1.86305864351009e-22	0.444788812497614	0.355	0.233	3.86882757911306e-18	HSP90AA1	c32
2.34205947882968e-22	1.18106297321196	0.102	0.045	4.86352071373772e-18	SEPT7	c32
5.12522440054022e-22	1.21657926446864	0.097	0.042	1.06430409901618e-17	SH2D2A	c32
6.77687954213703e-22	1.29196591882465	0.086	0.036	1.40728680572018e-17	SLC9A3R1	c32
9.46292643690618e-22	0.588705154036937	0.322	0.212	1.96507130388794e-17	UBB	c32
9.89076789865624e-22	1.88270836734548	0.038	0.011	2.05391686183496e-17	NUDT21	c32
1.18254545568928e-21	-5.24730878329741	0.002	0.069	2.45567389328436e-17	SERPINA1	c32
1.32558162819943e-21	1.03041551692105	0.129	0.063	2.75270280911895e-17	UQCRH	c32
1.78981667012372e-21	-1.2404836285814	0.086	0.189	3.71673329717892e-17	ITM2B	c32
1.81643765471205e-21	1.2404227409455	0.091	0.039	3.77201443377504e-17	HSPD1	c32
2.08773466073625e-21	2.00688509226423	0.033	0.008	4.3353897964849e-17	PSMC3	c32
2.85728978723593e-21	1.54978030956288	0.055	0.019	5.93344797217412e-17	SIRPG	c32
3.59373775147613e-21	-0.921843290077383	0.206	0.327	7.46275581471534e-17	DNAJB1	c32
4.05337153477161e-21	0.498877213723255	0.401	0.281	8.41723132910672e-17	ATP5E	c32
4.63702576885316e-21	2.59663265555076	0.018	0.003	9.62924771160047e-17	CDKN2A	c32
4.73866290086008e-21	-1.76695376416544	0.054	0.145	9.84030737992604e-17	GPX1	c32
1.15701280848809e-20	1.0353582913292	0.124	0.061	2.40265279810638e-16	BATF	c32
1.20205575811109e-20	2.52570810411738	0.019	0.003	2.4961889872935e-16	FAM111A	c32
2.0234017601145e-20	2.77383630312096	0.015	0.002	4.20179609505378e-16	CDCA4	c32
3.70031960523379e-20	-0.485136552356087	0.82	0.85	7.68408369222848e-16	COX2	c32
3.78888567118905e-20	-1.24122182604528	0.072	0.167	7.86799998479118e-16	RPL31	c32
4.40781586364801e-20	0.99976496275754	0.125	0.063	9.15327042245147e-16	TMBIM6	c32
8.00672460193127e-20	1.46096807429155	0.058	0.021	1.66267643083705e-15	MRPS6	c32
1.13708303139143e-19	2.05821274076664	0.027	0.007	2.36126662298744e-15	KIR2DL4	c32
1.1622215465395e-19	1.65869523222609	0.048	0.016	2.41346926354392e-15	NDUFA12	c32
1.19220022541273e-19	-0.723602135103606	0.21	0.325	2.47572298809208e-15	RPL37A	c32
1.20877581018688e-19	1.64134884099849	0.046	0.015	2.51014384743408e-15	TWF2	c32
1.22434185418484e-19	1.23386204867378	0.083	0.036	2.54246829440024e-15	COX7B	c32
1.40310889553433e-19	0.987256473615225	0.121	0.06	2.91369593246658e-15	TMEM258	c32
1.428276336202e-19	-2.28171689203609	0.017	0.089	2.96595863975707e-15	SERP1	c32
1.67736922663681e-19	2.27558184560432	0.029	0.007	3.48322493603401e-15	LAIR2	c32
2.28381802339663e-19	1.5462272117886	0.056	0.02	4.74257650738544e-15	ACP5	c32
2.36107765464804e-19	1.46797190472866	0.057	0.021	4.90301385764212e-15	PSMA6	c32
2.48187178391374e-19	3.08205948272101	0.011	0.001	5.15385494647527e-15	SCCPDH	c32
2.76255827749002e-19	1.13254542429312	0.094	0.043	5.73672851903578e-15	TRAPPC1	c32
2.9007702235519e-19	1.38778461047412	0.063	0.024	6.02373944622788e-15	RNF167	c32
2.92236880268972e-19	1.77256576579455	0.038	0.011	6.06859105566547e-15	MDH1	c32
3.01918968729027e-19	0.645116411872725	0.269	0.174	6.26964930462698e-15	ATP5G2	c32
3.10997095183039e-19	2.71552050113335	0.016	0.003	6.45816567857099e-15	SNRNP25	c32
3.2723569252535e-19	-1.15134612154355	0.078	0.172	6.79537639098143e-15	RPS11	c32
5.1923976738399e-19	-6.88817716377479	0	0.058	1.07825330094959e-14	VCAN	c32
5.55444092940376e-19	2.11207205178745	0.026	0.006	1.15343520339999e-14	NDFIP2	c32
6.28633471478338e-19	1.21143966720539	0.086	0.038	1.30542026687192e-14	BST2	c32
7.37355306859261e-19	1.8493393545428	0.035	0.01	1.53119203022394e-14	SMS	c32
8.44787743854798e-19	-4.01092183581423	0.006	0.069	1.75428622888887e-14	LST1	c32
1.17844649485641e-18	1.12922192703115	0.092	0.042	2.44716199121883e-14	HNRNPC	c32
1.27417562273084e-18	2.2946487290271	0.021	0.004	2.64595309816286e-14	SSRP1	c32
1.28880902527402e-18	2.37341689560393	0.019	0.004	2.67634082188402e-14	CBX5	c32
1.37181656952348e-18	2.03263992867673	0.027	0.007	2.84871428827245e-14	MAD2L2	c32
1.56369999955842e-18	-0.957984208723231	0.13	0.232	3.247179419083e-14	CXCR4	c32
2.17635366258693e-18	1.33862969581826	0.064	0.025	4.51941601572803e-14	MZT2B	c32
2.42290041796587e-18	2.32747351573282	0.021	0.004	5.03139500794794e-14	APOBEC3C	c32
2.63148888887191e-18	-1.01284193064655	0.095	0.191	5.4645498266314e-14	EEF2	c32
2.63395376682145e-18	1.93437218698498	0.031	0.009	5.46966839218142e-14	GALM	c32
4.09623836496942e-18	0.858618897052934	0.2	0.122	8.5062485886955e-14	CTSW	c32
4.10196251362105e-18	1.71651963590208	0.038	0.012	8.51813535578548e-14	RNASEH2C	c32
4.57491282751512e-18	0.183148436407616	0.382	0.257	9.5002639776179e-14	NKG7	c32
1.53558569945195e-17	1.56490998874194	0.045	0.016	3.18879726348192e-13	XRCC5	c32
1.91604660431981e-17	0.995318363746567	0.107	0.054	3.97886237853052e-13	NDUFB1	c32
1.91871135515073e-17	0.766842735762321	0.175	0.103	3.98439600010601e-13	SNRPD2	c32
2.5807195333837e-17	0.873345849530193	0.101	0.049	5.35912218302459e-13	HSP90B1	c32
2.91097439316246e-17	1.82842377488946	0.032	0.009	6.04492942484116e-13	LSM3	c32
3.18134027530466e-17	-0.870107821498824	0.083	0.173	6.60637121569765e-13	LTB	c32
3.47419099309381e-17	-0.793864501741818	0.233	0.337	7.21450501625861e-13	CD69	c32
4.41101664851492e-17	1.56696178887442	0.045	0.016	9.15991717230608e-13	SNRPA	c32
4.5184395039781e-17	-2.49788975357191	0.01	0.07	9.38299147396091e-13	NPC2	c32
4.55601596626985e-17	-1.31594256080474	0.056	0.136	9.46102275555598e-13	PNRC1	c32
5.45535865945019e-17	1.51933468770614	0.048	0.017	1.13285977922143e-12	GPI	c32
6.15561428086306e-17	1.48384685337029	0.05	0.018	1.27827486156402e-12	CCND2	c32
9.50334846539613e-17	1.5253816245553	0.045	0.016	1.97346534232416e-12	PTPN7	c32
1.12736216304219e-16	1.54910428546818	0.044	0.015	2.34108026777340e-12	NONO	c32
1.22019501335674e-16	2.8907265422414	0.011	0.002	2.5338569647366e-12	LOC100506844	c32
1.3791137595927e-16	1.17741899680836	0.076	0.034	2.86386763317019e-12	ANXA6	c32
1.59264449094325e-16	1.30277532625007	0.065	0.027	3.30728554989274e-12	TCEA1	c32
3.24944895850798e-16	0.951419987954297	0.111	0.058	6.74780570723768e-12	EZR	c32
4.2272277183028e-16	-2.6243490742008	0.01	0.067	8.7782610798276e-12	GLTSCR2	c32
5.28053938452678e-16	0.957019396709541	0.111	0.058	1.09655680859083e-11	SPOCK2	c32
7.12585703729534e-16	-2.02682336308916	0.023	0.086	1.47975547236475e-11	EGR1	c32
1.13519506953618e-15	1.70377716806521	0.033	0.01	2.35734608139883e-11	ARL6IP6	c32
1.19820950006211e-15	1.27446741181091	0.061	0.025	2.48820184782897e-11	EID1	c32
1.34860210083137e-15	-6.12801407300477	0	0.047	2.80050712258642e-11	CD68	c32
1.37343995370274e-15	1.42601388393837	0.048	0.018	2.85208540785911e-11	CLTA	c32
1.92070162898863e-15	2.58148916929022	0.012	0.002	3.98852900275779e-11	ZBED2	c32
2.02385947316617e-15	2.29819291358577	0.017	0.004	4.20274658197687e-11	LAYN	c32
2.39725608277793e-15	1.31955530133945	0.058	0.024	4.97814198149665e-11	IL2RB	c32
2.63695817527447e-15	0.925604027442247	0.114	0.061	5.47590734677496e-11	UQCR10	c32
3.01198640403358e-15	2.63120991654901	0.012	0.002	6.25469096661613e-11	YEATS4	c32
4.0215377940755e-15	-0.659799181592136	0.172	0.269	8.35112538317718e-11	ZFP36L2	c32
4.23159463248518e-15	1.44854745729801	0.049	0.019	8.78732941381872e-11	CXCR6	c32
4.25527543044525e-15	1.09955204527607	0.081	0.039	8.83650495886261e-11	CORO1B	c32
4.67337125503224e-15	0.922902537915518	0.108	0.057	9.70472274819994e-11	NDUFS5	c32
4.69664624916662e-15	0.577395973697429	0.147	0.085	9.7530556010194e-11	CTSD	c32
5.04068076282429e-15	0.800495031308754	0.144	0.083	1.04674776720809e-10	GMFG	c32
5.14134318014935e-15	-1.49645013453382	0.04	0.108	1.06765132478981e-10	SLC2A3	c32
5.53606420788056e-15	-0.745540522500567	0.146	0.238	1.14961909340848e-10	RPL4	c32
6.06317848653469e-15	1.68513072186873	0.033	0.01	1.25907964451379e-10	NUTF2	c32
1.12333259585082e-14	1.29040324702139	0.055	0.023	2.33271246854381e-10	NDUFS8	c32
1.13127919714902e-14	1.02568457195906	0.092	0.046	2.34921438079967e-10	ZNF683	c32
1.37006107091981e-14	-0.736783064337272	0.119	0.207	2.84506881987209e-10	RPL36AL	c32
1.49715283696278e-14	-1.5619465896616	0.03	0.093	3.10898758123692e-10	SNHG8	c32
1.66169198974978e-14	-0.47459597623651	0.778	0.805	3.45066958591439e-10	COX1	c32
2.0691559772079e-14	1.31083362428017	0.053	0.022	4.29680930226992e-10	ATP5A1	c32
2.30009812236155e-14	0.85440093687623	0.118	0.065	4.776383760896e-10	PTGES3	c32
2.31595016733856e-14	1.93115681092884	0.023	0.006	4.80930211749526e-10	RNASEH2B	c32
2.32296236948788e-14	1.00522378556581	0.089	0.045	4.82386365647853e-10	NME2	c32
3.76264380582813e-14	0.966992180076065	0.097	0.05	7.8135061271827e-10	C9orf16	c32
4.1562507365914e-14	1.31284468324198	0.051	0.021	8.6308702796057e-10	SUMO1	c32
4.20913905791195e-14	2.60603135355301	0.012	0.002	8.74069816765995e-10	RFC2	c32
4.84325263369511e-14	-1.04955236685082	0.069	0.142	1.00574984191313e-09	CIRBP	c32
6.30628487190977e-14	1.16606545797832	0.058	0.025	1.30956311650078e-09	IFI6	c32
6.3576918480902e-14	1.22231814584081	0.058	0.025	1.32023828917441e-09	ATP5F1	c32
6.50419812666363e-14	1.29090843657077	0.058	0.025	1.35066178298297e-09	PRDX6	c32
6.51505292208133e-14	2.13890534312572	0.018	0.004	1.35291588979941e-09	TOX2	c32
7.52516034294785e-14	0.88301993090157	0.109	0.059	1.56267479681655e-09	LIME1	c32
9.00280000935199e-14	0.308409917626137	0.136	0.078	1.86952144994203e-09	CCL3	c32
9.88905280535966e-14	1.73302255898999	0.028	0.009	2.05356070556099e-09	PSIP1	c32
1.06967837450005e-13	-1.24377775653238	0.05	0.116	2.2212941124868e-09	ZFAS1	c32
1.14485713474814e-13	1.26035180889286	0.055	0.024	2.37741032601799e-09	NDUFA2	c32
1.36510593356834e-13	-2.94131685536836	0.005	0.051	2.83477898164803e-09	MS4A6A	c32
1.67168299261919e-13	-1.86729353300923	0.019	0.073	3.47141690247301e-09	AHNAK	c32
2.2803447039609e-13	0.418321256049962	0.347	0.256	4.73536381224521e-09	HSPA8	c32
2.88344248942258e-13	-2.43793409397317	0.012	0.06	5.98775667353492e-09	KLF2	c32
3.00997057771175e-13	1.92972854129343	0.021	0.006	6.25050490167621e-09	CD59	c32
3.21840588833834e-13	-2.30499866654909	0.059	0.125	6.68334166772339e-09	RN7SK	c32
3.54058993551635e-13	2.61549168280208	0.011	0.002	7.35238906009325e-09	EAF2	c32
4.49517721546539e-13	1.79146935436665	0.025	0.007	9.33468500563543e-09	GTF3C6	c32
4.52312924309993e-13	1.48735766422482	0.038	0.014	9.39273018622132e-09	SURF4	c32
4.60925237157684e-13	0.473680317568681	0.296	0.213	9.57157347481647e-09	S100A10	c32
5.0103426304134e-13	-0.989929350388965	0.088	0.162	1.04044775063165e-08	PPP1R15A	c32
5.03600753532718e-13	-1.22132593072069	0.047	0.11	1.04577732478604e-08	RPL17	c32
5.25889341761056e-13	1.52951845969223	0.034	0.012	1.09206180710101e-08	MEA1	c32
6.20581128360928e-13	1.54621216780938	0.033	0.012	1.2886987711543e-08	NDUFB6	c32
7.39634033748319e-13	2.43518219921196	0.012	0.002	1.53592403448176e-08	C1orf54	c32
8.70741779902137e-13	-0.954688348042042	0.078	0.149	1.80818238014478e-08	COMMD6	c32
1.03636302684679e-12	1.02644064515681	0.076	0.038	2.15211146155005e-08	BAX	c32
1.09909332708581e-12	1.82854785100572	0.025	0.008	2.28237720302639e-08	IL2RA	c32
1.17951009284756e-12	1.44605350270432	0.039	0.015	2.44937065880724e-08	C1QBP	c32
1.24430667991443e-12	0.758820442681297	0.129	0.076	2.5839272515103e-08	RBM3	c32
1.43431354374839e-12	-0.823245297898614	0.16	0.242	2.97849550494791e-08	HSPA1B	c32
1.81807613067539e-12	0.852065814578427	0.103	0.057	3.77541689296052e-08	NDUFA1	c32
1.9330270859276e-12	1.44820559748038	0.037	0.014	4.01412404663725e-08	ACTN4	c32
1.96276894594354e-12	1.04015253098708	0.072	0.036	4.07588599314636e-08	COPE	c32
2.57053933930711e-12	1.5254343455806	0.033	0.012	5.33798199200515e-08	ETFB	c32
2.61597039319473e-12	1.5787107475535	0.03	0.01	5.43232411850818e-08	HNRNPD	c32
2.99334855979194e-12	2.54277979732688	0.01	0.002	6.21598761926393e-08	ACOT7	c32
3.07101492340624e-12	2.06561672026323	0.017	0.004	6.37726958994539e-08	SUPT16H	c32
3.0962090581795e-12	1.66627272606833	0.026	0.008	6.42958773021555e-08	ANXA2P2	c32
4.07845189808077e-12	1.80705243522114	0.023	0.007	8.46931321155452e-08	CCT5	c32
4.23161297071961e-12	0.32285489691404	0.423	0.326	8.78736749499634e-08	RPSA	c32
5.10424945135924e-12	-3.15884952718208	0.005	0.044	1.05994844106926e-07	GRN	c32
5.19768195398734e-12	1.3963027782375	0.038	0.015	1.07935063456501e-07	YWHAE	c32
7.65787658879842e-12	1.70079899542659	0.025	0.008	1.59023465242988e-07	PRKDC	c32
9.69681995074565e-12	0.974856770189141	0.077	0.04	2.01364163097184e-07	SEPT6	c32
1.02991549387696e-11	-5.63274801445267	0	0.035	2.1387225145849e-07	CFD	c32
1.2981262901818e-11	2.14917367857954	0.015	0.003	2.69568905419154e-07	TFDP1	c32
1.31191660863843e-11	-5.04727037421166	0.001	0.036	2.72432602949857e-07	S100A12	c32
1.60456053659191e-11	-4.57991290433023	0.001	0.036	3.33203041028676e-07	CYBB	c32
1.83817158611091e-11	-3.72744850633846	0.003	0.04	3.81714711571791e-07	MS4A7	c32
1.86369443461379e-11	0.509303318549758	0.245	0.173	3.870147862919e-07	HSP90AB1	c32
2.50200429491597e-11	-1.59239468118643	0.028	0.078	5.19566211882251e-07	NEAT1	c32
2.54020259087503e-11	1.15281531713294	0.052	0.024	5.27498470021109e-07	SIT1	c32
2.68020393329351e-11	1.07878435068814	0.06	0.029	5.56571148787731e-07	GDI2	c32
2.99662579029292e-11	1.02451190818386	0.065	0.032	6.22279311612228e-07	PSMB1	c32
3.06749567295595e-11	1.52768530183327	0.03	0.011	6.36996151446033e-07	TAF15	c32
3.12166863997456e-11	1.27082868115532	0.043	0.018	6.48245709777118e-07	PPP4C	c32
3.16725481068712e-11	0.723471825441726	0.116	0.069	6.57712133987287e-07	TUBA4A	c32
3.78532312458089e-11	0.90177839652334	0.082	0.044	7.86060200050467e-07	PRELID1	c32
3.84131723865905e-11	0.412647595472605	0.336	0.256	7.97687937779938e-07	CD3E	c32
3.85194043860305e-11	1.60426442737883	0.023	0.007	7.99893951480309e-07	GEM	c32
3.91199942164983e-11	0.760772282995201	0.1	0.057	8.12365799899803e-07	CD63	c32
4.02623617274751e-11	-1.13794208047235	0.06	0.119	8.36088203632747e-07	GADD45B	c32
4.64021979261727e-11	-0.416975398564682	0.321	0.406	9.63588042134903e-07	RPL35	c32
6.17203949240896e-11	2.20045418352324	0.013	0.003	1.28168572099364e-06	GMDS	c32
6.69829820513281e-11	-1.61615899550341	0.023	0.069	1.39096860527788e-06	LITAF	c32
1.00562355855021e-10	1.61808257552036	0.025	0.008	2.08827788168537e-06	TMEM109	c32
1.14502106086532e-10	0.948792951857542	0.072	0.037	2.37775073499293e-06	PPP1R18	c32
1.2038484052949e-10	-1.38041245812443	0.029	0.077	2.49991159843539e-06	CNBP	c32
1.2386900206846e-10	2.110642440678	0.014	0.003	2.57226369695364e-06	SNAP47	c32
1.29674434430266e-10	-0.488050977452778	0.227	0.309	2.6928193053789e-06	RPS2	c32
1.37264898586034e-10	-1.64863747080719	0.019	0.063	2.85044288403758e-06	EIF3E	c32
1.39928867966437e-10	1.23612622269284	0.04	0.017	2.90576287219104e-06	HLA-DRB3	c32
1.51664178506844e-10	-3.68750791474757	0.002	0.034	3.14945833087311e-06	CD14	c32
1.67218498101291e-10	-2.17334315128473	0.01	0.048	3.47245933157141e-06	C10orf54	c32
1.91834104109595e-10	1.07117116657827	0.055	0.027	3.98362700593985e-06	SRI	c32
1.93576310212461e-10	0.911355558354586	0.077	0.041	4.01980565787196e-06	LSM7	c32
1.94798456942465e-10	-2.00680951626331	0.012	0.052	4.04518475686722e-06	RPS14P3	c32
2.05572142368667e-10	0.869706387745864	0.082	0.045	4.26891110842775e-06	WDR83OS	c32
2.21801743895045e-10	1.07381467632548	0.053	0.025	4.6059350137245e-06	CXCR3	c32
2.61276417257913e-10	2.19599453533254	0.012	0.003	5.42566608077783e-06	ARL3	c32
2.74721768595502e-10	2.25055069895463	0.012	0.003	5.7048722466542e-06	ITGB3BP	c32
2.8098000755566e-10	-2.08100005070287	0.011	0.049	5.83483083690083e-06	RNASET2	c32
3.24863536278773e-10	1.45011674833757	0.03	0.011	6.74611619436499e-06	ILF3	c32
3.66286497204498e-10	1.84105138321721	0.018	0.005	7.60630540094861e-06	MTCH2	c32
3.84268036279271e-10	1.04590252475186	0.055	0.027	7.97971004137533e-06	NDUFV2	c32
4.00182350690216e-10	-1.58331950577348	0.02	0.063	8.31018669443303e-06	EIF4A2	c32
4.02560624747642e-10	1.08274477878697	0.051	0.024	8.35957393350953e-06	SLC3A2	c32
4.41961715634498e-10	-1.16814011967552	0.039	0.088	9.17777698686598e-06	RPL23	c32
4.83599226041104e-10	0.831010901133991	0.087	0.049	1.00424215279696e-05	HNRNPA1P10	c32
8.06721709473862e-10	1.0767196704919	0.056	0.028	1.67523830189342e-05	IGFLR1	c32
8.55949449794518e-10	1.2048318648423	0.043	0.019	1.7774646274433e-05	SF3B2	c32
1.13272399587268e-09	0.785089753262763	0.096	0.056	2.3522146498292e-05	SEC61G	c32
1.15330659757258e-09	2.25081394045538	0.01	0.002	2.39495648051922e-05	CSF2	c32
1.24759128011311e-09	1.30691314157374	0.036	0.015	2.59074805228289e-05	H3F3A	c32
1.2501818066047e-09	1.32320307835459	0.033	0.014	2.59612753959533e-05	NDUFAB1	c32
1.33309859146537e-09	0.695126737532986	0.119	0.075	2.76831253503699e-05	PRF1	c32
1.36233151171533e-09	-1.17832550165982	0.037	0.083	2.82901761722805e-05	SRSF5	c32
1.51546368987499e-09	-0.774233734765233	0.084	0.143	3.1470118983944e-05	LRRC75A-AS1	c32
1.54118600199088e-09	1.02519179145419	0.055	0.027	3.20042685173427e-05	CLEC2D	c32
1.62376336675423e-09	-3.50310793171982	0.002	0.032	3.37190700740183e-05	FGL2	c32
1.65048762208034e-09	0.868540920343529	0.075	0.041	3.42740259601204e-05	PDIA3	c32
1.93338855281347e-09	-1.71576202962587	0.016	0.053	4.01487466877246e-05	GAS5	c32
2.17085988280033e-09	1.24503369398706	0.037	0.016	4.50800763262317e-05	SUMO3	c32
2.28831102237251e-09	-2.23045761492122	0.017	0.055	4.75190666905875e-05	TIMP1	c32
2.36449113759262e-09	-1.6915866554756	0.017	0.055	4.91010229632483e-05	SERTAD1	c32
2.65989653226504e-09	1.92795944844038	0.015	0.004	5.52354113890158e-05	ASB2	c32
2.71456664216713e-09	1.62535572127248	0.021	0.007	5.63706908912426e-05	CDKN2D	c32
2.88889969335402e-09	-4.30721007420789	0.001	0.028	5.99908910321897e-05	MAFB	c32
3.03864323502795e-09	-2.08046917363021	0.008	0.04	6.31004654185904e-05	IER3	c32
3.24640390954636e-09	1.16363396935605	0.04	0.018	6.74148235856396e-05	BTG3	c32
3.41367255839531e-09	1.19515988385372	0.039	0.017	7.08883243476369e-05	ANP32A	c32
3.55176765925968e-09	1.74967703019648	0.018	0.006	7.37560072121864e-05	COPS3	c32
3.78125877708622e-09	-5.55047313212698	0	0.026	7.85216197649724e-05	LINC01272	c32
3.89180171501311e-09	0.978382453730307	0.057	0.029	8.08171544139621e-05	AP2S1	c32
3.97461454907588e-09	-1.05138448100612	0.056	0.106	8.25368457261098e-05	NR4A2	c32
4.2158856430329e-09	1.6988713722578	0.019	0.006	8.75470812632211e-05	CSF1	c32
4.92595631447271e-09	0.978935013685427	0.056	0.029	0.00010229240882634	HMGN3	c32
5.35809942766486e-09	1.28476127237872	0.033	0.014	0.000111266292714888	MAGOH	c32
6.21719471004288e-09	1.48837976489874	0.023	0.008	0.00012910626534875	CPNE3	c32
6.88785686315731e-09	1.23596461341043	0.035	0.015	0.000143033235620325	DCK	c32
7.19523598075301e-09	1.14124081907707	0.043	0.02	0.000149416270376317	EWSR1	c32
7.28779110182063e-09	0.68895060246191	0.108	0.068	0.000151338270020407	POLR2L	c32
7.46479391555461e-09	2.0372446094469	0.012	0.003	0.000155013910450407	PTPLAD1	c32
7.70961864475721e-09	-3.63692477302474	0.002	0.028	0.000160097940777028	SPI1	c32
8.21517922942857e-09	-0.704210993683688	0.153	0.215	0.000170596411878314	DUSP2	c32
8.67834124465816e-09	-4.16059498506722	0.001	0.027	0.000180214434286571	FCGRT	c32
9.13927392699658e-09	-3.38243057477806	0.002	0.029	0.000189786162368011	DUSP6	c32
9.47223877014661e-09	-4.11814808565735	0.001	0.027	0.000196700510300865	APLP2	c32
9.73606002697957e-09	0.899234930357432	0.064	0.034	0.000202179022520258	MINOS1	c32
9.8046841054576e-09	0.475951575644023	0.268	0.206	0.000203604070133932	HLA-H	c32
1.07093429287182e-08	-3.81242760211793	0.002	0.028	0.000222390215257762	C1QA	c32
1.07112982813275e-08	1.02283794568491	0.049	0.024	0.000222430820110046	MZT2A	c32
1.10962532591777e-08	0.726222349584833	0.093	0.056	0.000230424795180084	PHLDA1	c32
1.19675351126988e-08	0.332872813493016	0.302	0.232	0.000248517834150304	TMA7	c32
1.2850167372848e-08	-0.98080084370635	0.048	0.094	0.000266846575664561	LEPROTL1	c32
1.29821953949591e-08	1.76778242354963	0.016	0.005	0.00026958826957172	EBP	c32
1.34537070984714e-08	-0.919490492915186	0.055	0.103	0.000279379681606858	MCL1	c32
1.46631416500828e-08	1.19861974649844	0.038	0.017	0.00030449479950562	SDF2L1	c32
1.61602611540452e-08	1.73366784784361	0.016	0.005	0.000335583983124904	FAM3C	c32
1.6457856780816e-08	1.83717242359747	0.015	0.004	0.000341763853910425	TPGS2	c32
1.87722998938115e-08	-2.68526512268069	0.005	0.033	0.000389825579594889	MNDA	c32
2.02625300372915e-08	0.73955221584788	0.093	0.056	0.000420771698754395	NDUFA11	c32
2.2173569898306e-08	-2.69370256156139	0.005	0.032	0.000460456352508223	FCGR3A	c32
2.33736096107495e-08	0.88698766738407	0.062	0.034	0.000485376377176824	NDUFB9	c32
2.34454224598934e-08	1.54181316744757	0.021	0.007	0.000486867642802146	CCT2	c32
2.46772194136387e-08	-2.39042828874174	0.006	0.035	0.000512447138343621	CD55	c32
2.50630112023447e-08	-2.18695273251079	0.009	0.039	0.000520458490627891	SOD2	c32
2.51692784225468e-08	1.31085120922244	0.029	0.012	0.000522665235722607	CMC2	c32
2.53976861782833e-08	-1.34937133436918	0.023	0.06	0.000527408351178231	CCNL1	c32
2.61996337673551e-08	1.68083384594659	0.019	0.006	0.000544061594812896	BCAS4	c32
2.79390523494943e-08	-0.716809923389881	0.129	0.188	0.000580182361089599	TNFAIP3	c32
3.05493202840117e-08	1.16993223874634	0.036	0.016	0.000634387185017787	HNRNPM	c32
3.3825001120877e-08	1.12870957601983	0.038	0.018	0.000702409973276132	ATP5G1	c32
3.48354543657256e-08	0.940931745586128	0.052	0.027	0.000723393045358658	LOC100506248	c32
3.79683682486168e-08	0.914117727917389	0.058	0.031	0.000788451135050777	SEC11A	c32
3.97110547378939e-08	-1.61512063251542	0.015	0.047	0.000824639762687105	SOCS3	c32
4.01547449288728e-08	0.833563611486001	0.075	0.043	0.000833853433192973	ITGB1	c32
4.79690561890663e-08	-1.52862984311852	0.018	0.052	0.00099612542082215	KMT2E-AS1	c32
5.1363205909155e-08	0.806995388026012	0.072	0.042	0.00106660833390951	ZYX	c32
5.38098733854395e-08	0.20061422206664	0.474	0.386	0.00111741583072204	CCL5	c32
5.44407234198317e-08	-3.07064019865513	0.004	0.03	0.00113051606253622	PLAUR	c32
5.54786810673442e-08	1.73560906869958	0.016	0.005	0.00115207029104447	TNIP3	c32
5.65394280010223e-08	-3.95964944190757	0.001	0.024	0.00117409776186923	FGR	c32
5.94885114525466e-08	0.887857789972048	0.06	0.033	0.00123533842882358	SPCS2	c32
6.04636326200562e-08	-1.76662035641043	0.012	0.042	0.00125558779498809	PDCD4	c32
6.06020967114816e-08	0.683077578858015	0.088	0.054	0.00125846314031063	SEC61B	c32
6.09118859625687e-08	0.780937468382562	0.074	0.043	0.0012648962238987	C11orf31	c32
6.77181758263837e-08	0.797443340564721	0.072	0.041	0.00140623563921068	TNFRSF1B	c32
7.09974267235695e-08	0.905084982187789	0.056	0.03	0.00147433256334164	UBE2L6	c32
7.65056575204483e-08	-3.94675074141899	0.001	0.024	0.00158871648406963	CSTA	c32
7.79953975900881e-08	1.1775148240465	0.035	0.016	0.00161965242635577	GBP2	c32
8.0120228887027e-08	1.65014135664556	0.019	0.007	0.001663776673068	METAP2	c32
8.19445556374562e-08	-2.84798966925092	0.003	0.028	0.00170166064236742	KLRG1	c32
8.20466886278517e-08	0.668965381270184	0.1	0.063	0.00170378153604597	C19orf43	c32
8.4845135225683e-08	-0.981051199042512	0.044	0.085	0.00176189407809653	TAGAP	c32
9.21808715398682e-08	1.48033209952044	0.021	0.008	0.0019142279783969	TMEM14A	c32
9.81792205936842e-08	0.761085551255256	0.076	0.045	0.00203878969484845	MSN	c32
9.95456808949471e-08	-1.19013983001191	0.026	0.063	0.00206716560946447	JUND	c32
1.05822856582842e-07	1.43947016441779	0.022	0.008	0.0021975174397993	LAGE3	c32
1.07654137434361e-07	0.897483056939905	0.058	0.032	0.00223554581796193	NDUFB10	c32
1.09115422966535e-07	1.13935027606398	0.035	0.016	0.00226589087332306	POLR2G	c32
1.14344286237853e-07	-0.449732358978813	0.221	0.286	0.00237447344801525	KLF6	c32
1.18476920178768e-07	1.35202591352034	0.025	0.01	0.0024602917244323	PSMG2	c32
1.2261505582765e-07	1.23406257616606	0.03	0.013	0.00254622424931699	FAM195B	c32
1.24374834269859e-07	0.75521157158492	0.076	0.045	0.00258276780844789	ARHGDIA	c32
1.28756191923548e-07	-4.09375541366456	0.002	0.024	0.0026737510814844	C1QC	c32
1.33228903904919e-07	-1.65883537862456	0.013	0.043	0.00276663141848955	PIK3R1	c32
1.33918801866853e-07	1.6491000754449	0.016	0.005	0.00278095783956708	PSMD14	c32
1.44562692181226e-07	-1.21351089586819	0.026	0.061	0.00300198886583533	YPEL5	c32
1.4595948638438e-07	0.801298907990838	0.069	0.04	0.00303099469425802	LCP2	c32
1.56422116528613e-07	-1.36966782588702	0.018	0.05	0.00324826167183318	GPR183	c32
1.66636189193455e-07	1.05594042175712	0.04	0.019	0.00346036710479129	SET	c32
1.77501223728711e-07	1.86408235187255	0.012	0.004	0.00368599041195042	POLD2	c32
1.89133311446581e-07	-1.47095567657281	0.016	0.047	0.00392754234549969	CD48	c32
1.94518382855377e-07	-3.53337668809052	0.002	0.025	0.00403936873837476	C1QB	c32
2.01070321906244e-07	1.0273688411876	0.041	0.021	0.00417542630470505	ENSA	c32
2.07239922945292e-07	-1.56455520701628	0.014	0.044	0.00430354423988193	EIF4B	c32
2.10798091841455e-07	-0.238334152747717	0.329	0.404	0.00437743317517965	FXYD5	c32
2.26792320701952e-07	-0.927367093241218	0.111	0.162	0.00470956933169674	IFITM3	c32
2.39858642848055e-07	1.28039017141036	0.026	0.011	0.00498090457738271	CCT8	c32
2.40099144780001e-07	-2.01804242692259	0.008	0.034	0.00498589884050149	REL	c32
2.40440071404325e-07	1.05967552774044	0.038	0.019	0.00499297852278222	NHP2	c32
2.67974937317329e-07	1.44275714777294	0.02	0.008	0.00556476754833166	LOC102724850	c32
3.12900533454105e-07	1.88828773932433	0.012	0.003	0.00649769247770795	NBL1	c32
3.40960128003449e-07	1.40633151807667	0.021	0.008	0.00708037801811963	MIS18BP1	c32
3.68424247496916e-07	-1.28799107338568	0.022	0.054	0.00765069792352097	RPS20	c32
4.24104452121281e-07	1.31696565782872	0.026	0.011	0.00880695305275051	PTBP1	c32
4.3365578248059e-07	0.983179728727146	0.043	0.022	0.00900529597899194	NDUFS6	c32
4.44076865491842e-07	-0.450445153928257	0.171	0.23	0.00922170018880359	NFKBIA	c32
4.69297041878451e-07	0.761470316041941	0.074	0.045	0.00974542237164791	UBE2D2	c32
5.30370991054891e-07	1.00461712176049	0.04	0.021	0.0110136840002459	PSMA1	c32
5.49298307194183e-07	-1.82805591454513	0.009	0.035	0.0114067286471944	C1orf162	c32
5.50381970752325e-07	-3.77139185392605	0.001	0.021	0.0114292320046428	CFP	c32
5.64677138875908e-07	1.2698632975939	0.025	0.011	0.0117260854658971	MX1	c32
5.75855186216213e-07	-1.67392055644348	0.012	0.039	0.0119582087969659	TSPYL2	c32
5.88659542756148e-07	1.17476539248228	0.03	0.013	0.0122241040648742	THRAP3	c32
5.91046458883989e-07	1.74447812352216	0.013	0.004	0.0122736707651849	ZDHHC12	c32
5.96918928167355e-07	-0.637158507416173	0.113	0.163	0.0123956184623233	GABARAP	c32
6.42069453790437e-07	1.11039684630176	0.033	0.015	0.0133332142774122	PIN1	c32
6.56812636614859e-07	0.737797421420186	0.071	0.043	0.0136393712119442	ATP5D	c32
6.63429952912659e-07	1.50624971716101	0.017	0.006	0.0137767864021843	EDARADD	c32
6.84797558014309e-07	1.29332632205761	0.024	0.01	0.0142205060897251	CCT7	c32
7.14017148454601e-07	-3.74875818963532	0.001	0.02	0.0148272801048082	CLEC7A	c32
7.36803785524149e-07	1.52705817944092	0.017	0.006	0.0153004674101945	ASNA1	c32
8.00992147913169e-07	-0.779344398801773	0.054	0.094	0.0166334029435649	UQCRB	c32
8.05517149798263e-07	1.67776126853876	0.014	0.005	0.0167273691327107	FUT8	c32
8.34537166499242e-07	-1.73175350307771	0.015	0.043	0.0173299987995233	MTRNR2L2	c32
9.34011671617045e-07	-2.34829531102784	0.005	0.027	0.0193956863727995	RPS4Y1	c32
1.05545228915094e-06	1.94882050550188	0.01	0.003	0.0219175222365085	HADH	c32
1.06030271621569e-06	-0.737575779014861	0.059	0.1	0.0220182462049349	CD44	c32
1.14231701406073e-06	0.833831876704131	0.053	0.03	0.023721355113985	SLA	c32
1.14409281638872e-06	1.28867309156765	0.023	0.01	0.0237582314251282	VDAC3	c32
1.20767517039962e-06	-4.56271449372403	0	0.018	0.0250785825885185	LTA4H	c32
1.33745845001006e-06	0.7977145706418	0.061	0.036	0.0277736621729089	PMAIP1	c32
1.361039704127e-06	0.880057774777081	0.048	0.026	0.0282633504959012	SH2D1A	c32
1.36853821256726e-06	-1.3297981264534	0.021	0.051	0.0284190645221718	ZNF331	c32
1.40284578426404e-06	1.25678265266614	0.024	0.01	0.029131495556027	PDCD5	c32
1.41787006269102e-06	-1.82001409658974	0.009	0.032	0.0294434897218417	ITK	c32
1.46971302888074e-06	-1.68133829470274	0.01	0.035	0.0305200607577374	IL10RA	c32
1.50996419751245e-06	-0.559057936247675	0.241	0.294	0.0313559165255435	HSPA1A	c32
1.51344617019359e-06	-4.58688994929227	0	0.018	0.0314282231702401	TMEM176B	c32
1.60179225306985e-06	1.21644703324908	0.027	0.012	0.0332628179272485	NUDC	c32
1.61418665884159e-06	0.908138708492666	0.045	0.024	0.0335202001575044	RNPS1	c32
1.73120863904851e-06	1.41352772323472	0.019	0.007	0.0359502785984814	HINT2	c32
1.73705309373466e-06	0.845198253105683	0.051	0.029	0.036071644544494	ARPC5L	c32
1.78820250182945e-06	-4.69272757688017	0	0.017	0.0371338131529904	CD163	c32
1.79045744838467e-06	0.696920494719383	0.076	0.048	0.037180639373156	LAT	c32
1.80629110537605e-06	-4.50495084664901	0	0.017	0.0375094410942391	MPEG1	c32
1.82750288871569e-06	-3.72857057136946	0.001	0.019	0.03794992498707	C5AR1	c32
1.83783727847018e-06	0.708601087193561	0.072	0.044	0.0381645289247118	BRK1	c32
1.84766559319564e-06	0.924679734597808	0.043	0.023	0.0383686237083006	AIP	c32
1.85772830749524e-06	-1.30563854034282	0.016	0.042	0.0385775860334461	BCL2A1	c32
1.89626559947405e-06	-3.20300640438989	0.002	0.02	0.0393778514386781	LINC00936	c32
1.97374688230818e-06	1.38363893221657	0.019	0.007	0.0409868277580117	ICA1	c32
1.98415936351962e-06	0.860363148971374	0.052	0.03	0.0412030533428484	RUNX3	c32
2.07635757367331e-06	-1.16265666556035	0.022	0.051	0.0431176413749	CD83	c32
2.09959701766512e-06	1.380843913504	0.019	0.008	0.0436002316688338	CISD2	c32
2.19881056023374e-06	-2.83691214229571	0.002	0.022	0.0456605000938139	KLF10	c32
2.21522795987327e-06	-2.01233015517439	0.006	0.028	0.0460014238147284	TC2N	c32
2.2992751085125e-06	1.14361415323764	0.028	0.013	0.0477467469033706	RAB11A	c32
2.33925092981626e-06	-1.70278124154409	0.009	0.033	0.0485768848085646	TOMM20	c32
2.39291998964645e-06	-0.784473375271372	0.061	0.1	0.0496913765049982	NR4A1	c32
2.43178770562479e-06	1.09655905241612	0.03	0.015	0.0504985034950045	DNAJC8	c32
2.59009523645575e-06	-2.06583921239131	0.006	0.028	0.0537859176802402	PLAC8	c32
2.91119662077165e-06	1.36234756988661	0.019	0.008	0.060453909026944	HDAC1	c32
2.95545741955453e-06	2.14617898100007	0.019	0.007	0.0613730287744693	TCL1A	c32
3.03573745840233e-06	1.735854696527	0.012	0.004	0.0630401240611828	NGFRAP1	c32
3.13704388615888e-06	-4.49385787839714	0	0.017	0.0651438533399754	LILRB2	c32
3.17856600939605e-06	0.945129298819212	0.04	0.021	0.0660061017511183	C14orf166	c32
3.30383445580625e-06	-0.299225879783827	0.371	0.424	0.0686074263092726	RPL15	c32
3.32568194953182e-06	-1.36352812082258	0.019	0.047	0.0690611113639778	NAMPT	c32
3.5331789350016e-06	0.568942034817794	0.099	0.066	0.0733699937642431	COX5B	c32
3.57550498301827e-06	-2.22536904247124	0.005	0.025	0.0742489364773573	ASAH1	c32
3.64554467445546e-06	0.596435859107882	0.092	0.061	0.0757033807097421	CDC42	c32
3.7714538567374e-06	1.13833701731932	0.027	0.013	0.0783180107890089	KPNB1	c32
3.94017387089515e-06	1.03495056170109	0.033	0.016	0.0818216506030086	EIF3A	c32
4.14690956680648e-06	1.22702845671751	0.023	0.01	0.0861147240643033	CCT3	c32
4.33291022968853e-06	-1.77934167535595	0.01	0.033	0.0899772138297119	FGFBP2	c32
4.82440198227095e-06	-4.39352657656735	0	0.016	0.100183531563838	SLC11A1	c32
4.82569590715199e-06	-1.13504679350813	0.025	0.054	0.100210401207918	LINC00861	c32
5.22131453897913e-06	1.41507840625721	0.017	0.007	0.108425817716441	TIMM10	c32
5.56218115831313e-06	-0.575512167123712	0.094	0.138	0.115504253933531	ANXA1	c32
5.77234013947801e-06	1.11354976884882	0.027	0.013	0.1198684153364	SSNA1	c32
5.93976605783677e-06	-0.714032660195247	0.063	0.101	0.123345181957038	ATP6V0C	c32
6.14282879886703e-06	-3.47266888784276	0.001	0.017	0.127561982837273	PTPRE	c32
6.17310251402629e-06	-1.16814947528012	0.019	0.045	0.12819064680627	RSRP1	c32
6.21610670337942e-06	-4.34130476777391	0	0.016	0.129083671802377	ICAM2	c32
6.49247539540474e-06	-1.48807221307436	0.012	0.035	0.134822744060975	N4BP2L2	c32
6.54182333679827e-06	1.59195616834129	0.013	0.005	0.135847503411953	POP4	c32
6.75975689732588e-06	1.81902507688721	0.01	0.003	0.140373111729869	CAMK1	c32
6.92910222520628e-06	0.784978288765233	0.053	0.031	0.143889736808634	OSTF1	c32
6.94785849169807e-06	-0.521622565398995	0.185	0.235	0.144279229438602	IFITM2	c32
7.083113954194e-06	-3.08640751451344	0.002	0.018	0.147087944372793	KLF4	c32
7.09179437720409e-06	1.28263721146303	0.02	0.009	0.14726820203702	SNX9	c32
7.09497344757571e-06	1.25979285125947	0.017	0.007	0.147334218612357	IL1R2	c32
7.27748111027052e-06	0.180110820246253	0.523	0.458	0.151124172735878	RPLP0	c32
7.66929978721537e-06	-2.14870646815788	0.005	0.024	0.159260679381314	IFNGR1	c32
8.01776108575022e-06	1.07514365468026	0.026	0.013	0.166496826706689	HLA-J	c32
8.93536889702415e-06	1.48664262436268	0.015	0.006	0.185551870515603	AKR7A2	c32
9.89198549447564e-06	-1.3831234881185	0.013	0.036	0.205416970778281	EVI2B	c32
1.02462579298981e-05	1.28156930739185	0.021	0.009	0.212773792172265	UBE2S	c32
1.03507048951176e-05	1.24032156663774	0.021	0.009	0.214942737852013	UQCC2	c32
1.08081938874803e-05	-1.10697434166901	0.023	0.049	0.224442954267415	BRD2	c32
1.10977981348971e-05	-0.963212913421212	0.027	0.055	0.230456876069273	NFKBIZ	c32
1.11112123337312e-05	-0.536737467967665	0.097	0.14	0.230735435322263	RPL7	c32
1.14153413126934e-05	0.734953267589321	0.058	0.035	0.237050977699391	ICOS	c32
1.17792417073877e-05	-4.24559522319331	0	0.015	0.244607733295613	RNF130	c32
1.18200581956611e-05	-0.494139353685682	0.29	0.227	0.245455328491098	CCL4	c32
1.19229934097346e-05	-0.950731869358961	0.03	0.058	0.247592881146549	ATP6V1G1	c32
1.20227870596732e-05	1.12195220984452	0.021	0.009	0.249665196081173	SOX4	c32
1.27676319658613e-05	0.936334731476031	0.036	0.019	0.265132645403076	RAB1B	c32
1.36934421120289e-05	0.989535706525465	0.032	0.016	0.284358018898391	AP2M1	c32
1.37912968824523e-05	-3.39352657656735	0.001	0.016	0.286390071061005	CSF1R	c32
1.50325458674469e-05	-1.12313395351099	0.016	0.04	0.312165847483403	DDX3X	c32
1.72088991464322e-05	-0.826613706834194	0.037	0.068	0.357359999674811	GZMM	c32
1.72379645371135e-05	-1.75854107874284	0.007	0.026	0.357963571577698	FAM65B	c32
1.8180239991925e-05	0.899078328453247	0.04	0.023	0.377530863672315	KLRC1	c32
1.81864639472511e-05	0.841555910251865	0.042	0.024	0.377660110328617	MRPL52	c32
1.92838639410051e-05	0.631311150233445	0.071	0.046	0.400448718598911	CD96	c32
1.94080371818215e-05	-2.15378691166701	0.005	0.022	0.403027300117705	ZFAND5	c32
1.99501059190395e-05	1.53564202566162	0.013	0.005	0.414283899514775	LTA	c32
2.15785040416845e-05	0.540559909793741	0.093	0.064	0.44809921492962	USMG5	c32
2.19102583743082e-05	1.15744129456314	0.023	0.01	0.454988425400884	SNRPC	c32
2.33447173466585e-05	-1.21008206457005	0.017	0.04	0.484776400420711	TKT	c32
2.34677145172814e-05	-1.27631485672209	0.016	0.038	0.487330559665865	DDIT3	c32
2.44030653435488e-05	1.22447652733686	0.019	0.008	0.506754054924135	HIST1H2AC	c32
2.51838393853774e-05	1.20441437003649	0.02	0.009	0.522967608676747	SLC7A5	c32
2.52258583824022e-05	-4.1639684978071	0	0.014	0.523840175168964	CD36	c32
2.70811894351811e-05	0.854775101836414	0.04	0.022	0.562367979810971	ARPC4	c32
2.72606747179101e-05	1.34342561955149	0.016	0.007	0.566095171192122	STOML2	c32
2.73248707961614e-05	1.37960341898141	0.016	0.006	0.567428266953088	NUDT5	c32
2.77392194934284e-05	-1.96471728794844	0.005	0.023	0.576032632000534	CCR7	c32
2.85171329059908e-05	0.611640939209798	0.074	0.049	0.592186781925805	ARF1	c32
2.98240334444031e-05	0.991632401593063	0.03	0.015	0.619325878506474	PPP2R1A	c32
3.01450421023847e-05	0.903795180365964	0.035	0.019	0.62599194429812	ABI3	c32
3.06532796902831e-05	-4.12188910101018	0	0.013	0.63654600604842	KCTD12	c32
3.15160054553795e-05	0.808707785901699	0.044	0.025	0.65446136928641	BZW1	c32
3.16566052517731e-05	0.95961081309783	0.031	0.016	0.657381064658319	NDUFA7	c32
3.22683424798818e-05	0.289482246948383	0.28	0.232	0.670084399937226	PTPRCAP	c32
3.2486333812184e-05	-1.65228064203838	0.007	0.025	0.674611207943812	DNAJB4	c32
3.28722138128976e-05	-0.932620412584104	0.038	0.067	0.682624392038631	HLA-DRB1	c32
3.36434008949959e-05	0.836452148645396	0.04	0.023	0.698638862985485	UBXN4	c32
3.36582172450321e-05	1.02595438083586	0.018	0.008	0.698946539310336	NMB	c32
3.46459962167133e-05	-0.588103427393601	0.063	0.098	0.719458757436267	PCED1B-AS1	c32
3.47766404256125e-05	0.90039749323541	0.035	0.019	0.722171715078269	RAD23A	c32
3.4838738024747e-05	0.881851914342651	0.037	0.02	0.723461233821897	PPP1CC	c32
3.54618904662308e-05	1.68493218129993	0.01	0.003	0.736401617421749	EMC9	c32
3.71121903361303e-05	1.34884602341591	0.016	0.006	0.770671744520083	SLC1A5	c32
3.7174770310923e-05	1.24019612034916	0.019	0.008	0.771971280276627	SF3B4	c32
3.73591678008157e-05	0.416189091336618	0.14	0.105	0.775800478551739	CD8B	c32
3.85535021762718e-05	0.7190403153822	0.055	0.034	0.80060202619246	NOP10	c32
3.85736358889629e-05	-0.840268129721881	0.037	0.065	0.801020122870204	RPL21P28	c32
3.92054024540581e-05	1.02805528314796	0.032	0.017	0.814139387360971	CISH	c32
4.24415154445526e-05	0.73391924898815	0.061	0.039	0.88134050972158	ISG15	c32
4.29926796214691e-05	0.647819529446357	0.065	0.042	0.892785985019427	CAPG	c32
4.36882026216879e-05	-1.35203796598107	0.012	0.032	0.907229215641971	RSL24D1	c32
4.52846552412954e-05	1.25608888249605	0.018	0.008	0.940381150740741	CEP57	c32
4.74725560760628e-05	1.2804182118578	0.017	0.007	0.985815099475521	IMPDH2	c32
7.16393671496952e-05	-4.40731412902776	0.001	0.014	1	SEPP1	c32
0.0047514251391441	-4.30744475416626	0.005	0.015	1	IGJ	c32
0.00013544819933709	-4.23970466023245	0	0.011	1	MRC1	c32
0.000239608597443507	-3.90517868594871	0	0.01	1	NLRP3	c32
0.000146771010360015	-3.90020815548196	0	0.011	1	LILRB1	c32
0.00012409377696982	-3.87572851374079	0	0.011	1	HCK	c32
0.00012452767134115	-3.86874822941772	0	0.011	1	NCF2	c32
0.00017978348325863	-3.80236083208382	0	0.011	1	PILRA	c32
0.000277610132192969	-3.76525416782265	0	0.01	1	ALDH2	c32
0.000259712492296272	-3.74321734733386	0	0.01	1	CSF3R	c32
0.000426069323091158	-3.66552321881923	0	0.01	1	CD300E	c32
0.000444432126683626	-3.66112251879018	0	0.01	1	CUX1	c32
0.000176811013475154	-3.42053729141945	0.002	0.014	1	C15orf48	c32
0.000433435003900516	-3.18965819085359	0.001	0.011	1	STAB1	c32
0.000181167108594195	-3.02931333636619	0.001	0.012	1	LINC00926	c32
0.000432781652306394	-2.88958857269958	0.001	0.011	1	TGFBI	c32
0.000414987464607982	-2.88456394405628	0.001	0.011	1	IGSF6	c32
0.000469202446061645	-2.83918640586458	0.001	0.011	1	FCGR2A	c32
0.000443667850263292	-2.83072100783076	0.001	0.011	1	MFSD1	c32
0.000867323404633517	-2.72506121658409	0.001	0.01	1	FAM26F	c32
0.0009673630461733	-2.6894900102882	0.001	0.01	1	RALGPS2	c32
9.57023474515645e-05	-2.65621705659755	0.002	0.015	1	CECR1	c32
0.00110203111367856	-2.65523395942772	0.001	0.01	1	NABP1	c32
0.00012531824821001	-2.64536596581885	0.002	0.014	1	CXCL16	c32
0.000148558362890002	-2.59703670006397	0.002	0.014	1	ERN1	c32
0.000196638726831353	-2.57120903139106	0.002	0.014	1	PASK	c32
0.000460895155709115	-2.55811971060261	0.002	0.012	1	LIPA	c32
0.000597617865718308	-2.55601435445971	0.002	0.012	1	GSN	c32
0.000305013036668783	-2.54650204500401	0.002	0.013	1	RNASE1	c32
0.000219020837846568	-2.53318558493619	0.002	0.013	1	MIDN	c32
0.000525921451499724	-2.52728717662711	0.002	0.012	1	LOC100509457	c32
0.000445878245196549	-2.43349701063362	0.002	0.012	1	LY9	c32
0.000442821615409367	-2.42890243655637	0.002	0.012	1	BANK1	c32
0.000463360774805537	-2.40804383165871	0.002	0.012	1	RAB31	c32
0.00047638909081251	-2.40687613022637	0.002	0.012	1	EPB41L4A-AS1	c32
8.34044948422738e-05	-2.3846566129313	0.002	0.016	1	GCC2	c32
9.72777435497408e-05	-2.3846566129313	0.002	0.016	1	KDM6B	c32
0.000595013245412803	-2.36299299654312	0.002	0.012	1	TPP1	c32
0.00078798090005055	-2.3557493242165	0.002	0.012	1	RNASE6	c32
0.000772101072447129	-2.32516964946168	0.002	0.012	1	RNF113A	c32
0.000308519785636779	-2.31353307209061	0.002	0.014	1	IER5	c32
0.000191306887323911	-2.28235377320343	0.002	0.015	1	TNFSF13B	c32
0.00124788235167474	-2.23986861216636	0.002	0.011	1	BLVRB	c32
0.00160987119631433	-2.17687052478005	0.002	0.011	1	PHF3	c32
0.00191595586639011	-2.14780805917759	0.002	0.01	1	FAM102A	c32
0.000667522046907748	-2.13622854028271	0.004	0.016	1	MTRNR2L8	c32
0.00227275340368364	-2.12951913992015	0.002	0.01	1	FPR1	c32
0.00061852056963318	-2.09386425934275	0.002	0.013	1	UTRN	c32
0.000655560391849514	-2.09059531147688	0.002	0.013	1	TCF7	c32
0.00274506476788961	-2.07100884438114	0.002	0.01	1	SBDSP1	c32
0.000344566811560964	-2.05827300171421	0.003	0.015	1	NR4A3	c32
0.000443324185666572	-2.031587984123	0.002	0.012	1	MARCKS	c32
0.000308551653500884	-2.02395375490111	0.003	0.016	1	NCF1C	c32
0.848139077215223	-2.0028022962828	0.011	0.011	1	IGLL5	c32
0.00134196883017441	-1.99300633237986	0.002	0.012	1	CCR6	c32
0.00120298647629999	-1.98891523574076	0.002	0.012	1	NCF1B	c32
0.000370419982118261	-1.97184172238182	0.011	0.027	1	CXCL8	c32
0.0023882808750278	-1.8750953361836	0.002	0.011	1	PGD	c32
0.00248898209880795	-1.86045502261823	0.002	0.011	1	SYNE1	c32
0.00259369595530441	-1.85018211732809	0.002	0.011	1	PRKCB	c32
0.00134700929822163	-1.8295449509414	0.003	0.013	1	NAAA	c32
0.0013457011627821	-1.82483111288751	0.005	0.016	1	HMOX1	c32
0.0011742812935538	-1.81165572413978	0.003	0.014	1	PHF1	c32
0.00123941495664104	-1.80369234582936	0.003	0.014	1	GPCPD1	c32
0.000125854623138299	-1.78733339779507	0.006	0.022	1	LGALS2	c32
0.00146216856734423	-1.77845192279874	0.003	0.013	1	CHD1	c32
0.000783839638599495	-1.73277055989875	0.004	0.015	1	STAT4	c32
0.00634521988900212	-1.7313719218436	0.002	0.01	1	CTSZ	c32
0.00484249315053151	-1.72435832008254	0.002	0.01	1	USP3	c32
0.00237440856519456	-1.71589674133435	0.003	0.013	1	LOC101929910	c32
0.000129996693175583	1.70510081445134	0.014	0.006	1	FXYD2	c32
0.00223807073170412	-1.70249888611881	0.005	0.015	1	SPON2	c32
0.00130187819286947	-1.70215894053866	0.004	0.015	1	RANBP2	c32
0.000224060239040023	-1.70132573517858	0.005	0.02	1	ATP2B1	c32
0.000463509560503821	-1.69349735637778	0.005	0.017	1	HLA-DMB	c32
0.00652657013167651	-1.66185690162146	0.002	0.01	1	LOC283788	c32
0.000639889489591739	-1.65059031373618	0.005	0.017	1	ITGAL	c32
5.83927485858349e-05	-1.64872866230186	0.007	0.024	1	SMAP2	c32
0.000298179167793267	-1.64709774434905	0.005	0.019	1	AOAH	c32
0.0014447474783082	-1.6438799278771	0.004	0.015	1	SSH2	c32
0.00788059745965713	-1.63143638824553	0.002	0.01	1	ATP6V1B2	c32
0.00772062319103968	-1.63068635181539	0.002	0.01	1	OFD1	c32
0.0075900829136017	-1.62843390008401	0.002	0.01	1	CCSER2	c32
0.000249111605048698	-1.60265726515059	0.006	0.021	1	CH25H	c32
0.000599660820576201	-1.57094840542325	0.005	0.018	1	PTGER2	c32
0.00495990300964317	-1.56891390538097	0.003	0.011	1	PER1	c32
0.00130287237632472	-1.55307676467015	0.005	0.016	1	AKAP9	c32
0.000665664836635116	-1.54650204500401	0.005	0.018	1	PYHIN1	c32
0.00555971236605871	-1.54363607885502	0.003	0.011	1	SNHG16	c32
0.00620801109550177	-1.53852692773087	0.003	0.011	1	MXD1	c32
0.00598590645712207	-1.52631968243132	0.003	0.011	1	SORL1	c32
0.000268028318599731	1.51595600925117	0.01	0.004	1	RPA1	c32
0.00664162077094916	-1.50486898928901	0.003	0.011	1	DPYD	c32
0.00031161055416366	-1.49838753687766	0.01	0.026	1	IL1B	c32
0.000354595044429603	1.4896218614377	0.01	0.004	1	JAKMIP1	c32
0.00140813797744992	-1.48848624523128	0.005	0.017	1	PECAM1	c32
0.000333069181468208	-1.48774090177634	0.007	0.022	1	DNAJB9	c32
0.00428268852125743	-1.48032172222654	0.004	0.013	1	ILF3-AS1	c32
0.00222229814874406	-1.48024242058898	0.005	0.015	1	LENG8	c32
0.000339678626633823	-1.47843315955011	0.007	0.022	1	PBXIP1	c32
0.00131465718823587	-1.46258888148533	0.005	0.017	1	ATM	c32
0.0314000471019698	-1.45784574301481	0.009	0.017	1	CXCL2	c32
0.00882860482267185	-1.44742076359572	0.003	0.011	1	SNX2	c32
0.00922073221843598	-1.43990493061384	0.003	0.011	1	TTC3	c32
0.000389036502307693	-1.42059514849234	0.006	0.02	1	NEU1	c32
0.000342032397174299	-1.41945862120104	0.008	0.023	1	RPS10	c32
0.000195538525137526	-1.41415880617007	0.009	0.025	1	CHD2	c32
9.57681915557193e-05	1.41317828958836	0.012	0.005	1	CCDC50	c32
0.0111546394966646	-1.40734332422038	0.003	0.01	1	SKIL	c32
0.000454812359565791	-1.39236046988888	0.008	0.022	1	JMJD1C	c32
8.83198733879063e-05	-1.38814774811265	0.01	0.028	1	TCIRG1	c32
0.00238420846763195	-1.38776730727867	0.005	0.016	1	ARL4A	c32
0.0119666123159409	-1.38616835934479	0.003	0.01	1	CENPC	c32
0.000638858135496254	-1.38332140224748	0.005	0.018	1	TMEM243	c32
0.000790176100548174	-1.38118249149114	0.007	0.02	1	TNFRSF14	c32
0.0126218328688656	-1.37975478722729	0.003	0.01	1	ITGB2-AS1	c32
0.00135361605504576	1.35874205955841	0.012	0.006	1	IL10	c32
0.00184010371773467	-1.34522161231258	0.006	0.018	1	STXBP2	c32
0.00344753972007991	-1.34084625989118	0.005	0.016	1	ZC3H12A	c32
0.000563285816424567	1.34034736930527	0.012	0.005	1	SLC25A1	c32
0.00314731288036481	-1.3362531485907	0.005	0.016	1	TBRG1	c32
0.00554684215303715	-1.3362531485907	0.005	0.014	1	TRAPPC6A	c32
0.29832765406829	-1.32952627376253	0.008	0.011	1	MZB1	c32
0.00357176379835905	-1.32702282253716	0.005	0.016	1	GRINA	c32
0.00015559802975189	1.32181306471889	0.014	0.006	1	SMCO4	c32
0.000302791312765883	-1.32002532730415	0.009	0.025	1	CHURC1	c32
0.00109675192926931	1.31961402028127	0.011	0.005	1	PPP5C	c32
0.00373425432544132	-1.31819897215015	0.005	0.015	1	A1BG	c32
0.000745052289175522	1.31267241086242	0.012	0.005	1	NOP56	c32
0.00399023565026674	-1.31259807851227	0.005	0.015	1	POU2F2	c32
0.00118593911497559	-1.31150648625501	0.005	0.017	1	MYO1F	c32
0.00379484465055914	-1.31119445099028	0.005	0.015	1	CYTH1	c32
0.00234451708021763	-1.31067424219335	0.006	0.017	1	CASP1	c32
0.0174427838313703	-1.30349705532431	0.003	0.01	1	RSF1	c32
5.22008986418954e-05	1.29909646158355	0.016	0.007	1	TESC	c32
0.000306034771028975	1.29863457746214	0.013	0.006	1	FASLG	c32
0.000296597582447919	-1.29058513350073	0.01	0.026	1	UPP1	c32
0.0115144557122531	-1.28696277257218	0.004	0.011	1	ZRANB2	c32
7.15422141422311e-05	1.28256109385725	0.016	0.007	1	SNRNP40	c32
0.00458830496603592	-1.28235377320343	0.005	0.015	1	VPS13C	c32
0.00817181992917627	-1.27941723166943	0.005	0.013	1	TBCC	c32
0.0188136296782772	-1.27804935914742	0.008	0.016	1	PPP1R2P9	c32
0.00812274144218066	-1.2700900207463	0.005	0.013	1	MAP1LC3B2	c32
0.000117883170314382	-1.26543438326768	0.013	0.032	1	GeneID:102723863	c32
0.00303548659164003	1.26244437753588	0.01	0.005	1	MRPL47	c32
0.0132429118573067	-1.259408798562	0.004	0.011	1	CRTAP	c32
0.00221767481496668	-1.25565160940728	0.007	0.019	1	RBL2	c32
0.000272961359102217	-1.2536126907972	0.011	0.028	1	ZFAND2A	c32
0.014039268092156	-1.25032296980352	0.004	0.011	1	PTPN1	c32
6.43120975941977e-05	-1.25032296980352	0.011	0.03	1	BRE-AS1	c32
0.000265443264919896	1.24834136461644	0.015	0.007	1	CD151	c32
0.00165903434412421	1.23816697449879	0.012	0.005	1	CYB5B	c32
0.000511433969980347	-1.23667992001536	0.01	0.025	1	ZEB2	c32
0.00050415450315946	-1.2335782584181	0.01	0.025	1	LOC374443	c32
0.00746383409440302	-1.22933794467419	0.005	0.014	1	HLA-DRB6	c32
0.0104168975324558	-1.22763832338094	0.005	0.013	1	ADRBK1	c32
0.0038574538057417	1.22508976600185	0.012	0.006	1	CARS	c32
0.0114604012209939	-1.20766003125602	0.005	0.013	1	STK10	c32
0.0118292964637352	-1.20420722935051	0.005	0.012	1	MRPL43	c32
0.0180176007971	-1.20401516451086	0.004	0.011	1	CAPNS1	c32
4.97393380511089e-05	1.20292406435715	0.019	0.008	1	OASL	c32
0.0186082445270809	-1.19997588504284	0.004	0.011	1	TNFRSF25	c32
0.00122446928021368	-1.19821162803809	0.009	0.023	1	PRKCQ-AS1	c32
0.00420650655167392	-1.19808701068975	0.007	0.017	1	IRF2BP2	c32
0.000115188668061552	1.18922692809998	0.018	0.008	1	TADA3	c32
0.00148532187160234	1.18849999878561	0.012	0.006	1	GALNT2	c32
0.00120827203839949	-1.18695273251079	0.009	0.023	1	PTP4A1	c32
0.00257809435347377	1.1843790098526	0.012	0.005	1	PAFAH1B3	c32
0.00616823032029448	-1.17915218750597	0.006	0.016	1	TNRC6B	c32
0.00642208531091711	1.17292228135215	0.01	0.005	1	HDAC2	c32
0.00628504769818197	-1.17229634516859	0.006	0.016	1	HAX1	c32
0.000101545974399061	-1.17219728363401	0.027	0.051	1	CTSB	c32
0.00294108462911361	-1.170128946901	0.008	0.019	1	SLC38A1	c32
0.000320702854071737	-1.16803586740529	0.019	0.038	1	XBP1	c32
0.00313622127272896	1.1673210252898	0.012	0.006	1	APOBEC3H	c32
0.021521123124657	-1.16724794000128	0.004	0.01	1	MFNG	c32
0.004621357378924	1.16436735222882	0.011	0.005	1	SUCLG1	c32
0.000625717349604387	1.16322721486845	0.018	0.009	1	RGS16	c32
0.000254881025014654	1.15726105906526	0.017	0.008	1	EPSTI1	c32
0.0231020305141385	-1.15338909144089	0.004	0.01	1	VMP1	c32
0.0152921398000738	-1.15319014018347	0.005	0.012	1	LGALS9	c32
0.00495276225888804	-1.14948463698497	0.007	0.017	1	DDX6	c32
0.00085835749932459	1.14917367857954	0.015	0.007	1	PMVK	c32
0.0170699456217235	-1.14900581353521	0.005	0.012	1	LOC101927902	c32
0.00165207011664438	-1.14690909038276	0.01	0.023	1	AIM1	c32
0.00180701936685948	-1.14522489816359	0.009	0.022	1	LOC642441	c32
0.00039887829657506	-1.14413373836805	0.011	0.027	1	TOB1	c32
0.0231820080392161	-1.14290688227927	0.004	0.01	1	YTHDC1	c32
0.0117750155937104	-1.14097685518087	0.005	0.014	1	MAL	c32
8.64071162137194e-05	1.13776891530729	0.02	0.01	1	SARNP	c32
0.000103092731867757	-1.13718448395321	0.016	0.036	1	PARP8	c32
0.00261762011722718	-1.13622854028271	0.009	0.02	1	MGAT4A	c32
0.024484110189541	-1.13517123349966	0.004	0.01	1	OBFC1	c32
6.22759852524132e-05	-1.13146454572517	0.018	0.04	1	FAIM3	c32
0.00425779496746043	-1.13016253958335	0.008	0.019	1	GABARAPL1	c32
0.00471909900746494	-1.12766652677928	0.009	0.021	1	XIST	c32
0.000983433747740658	-1.12696845555708	0.011	0.025	1	TNFAIP8	c32
0.000134730155273371	-1.1234386516798	0.016	0.035	1	STK4	c32
0.000173340865659779	-1.12199584475193	0.015	0.034	1	PNISR	c32
0.0257795870952464	-1.12099926255547	0.004	0.01	1	NIPBL	c32
0.000820165099561402	-1.11967620256845	0.009	0.024	1	LAPTM4A	c32
0.00340050106249821	1.11799202333126	0.012	0.006	1	RRP7A	c32
8.70732922984752e-05	1.11570572696993	0.021	0.01	1	PSMA3	c32
0.0183072381909346	-1.11508698745633	0.005	0.012	1	LOC100131564	c32
0.00316821669679756	-1.11207056070009	0.009	0.02	1	SCAF11	c32
0.00914073605520134	-1.1114733445468	0.006	0.015	1	C8orf59	c32
0.00796245186867668	-1.11027817005969	0.01	0.021	1	G0S2	c32
0.000870165591212307	-1.11009880845805	0.012	0.027	1	SMCHD1	c32
0.0333977540478256	-1.10956058982063	0.004	0.01	1	GK	c32
0.0132130949529386	-1.10902217031787	0.005	0.013	1	TIAL1	c32
0.0299521697831531	-1.10832962128102	0.005	0.011	1	GLA	c32
0.00286778538609216	1.10519598151894	0.013	0.007	1	SYNCRIP	c32
0.0111985831395282	1.1042443356791	0.01	0.005	1	ACAA2	c32
0.00771681774749372	1.10186796380119	0.011	0.005	1	CSRP1	c32
0.0281165972929113	-1.10164356049896	0.004	0.01	1	PDE3B	c32
8.03289051503191e-05	1.1002640780986	0.022	0.011	1	DDX46	c32
0.0286619911992563	-1.10019942119831	0.004	0.01	1	CARD8	c32
0.000116609546265925	1.09783709328596	0.021	0.01	1	SLIRP	c32
0.000236387166581059	-1.09769970911302	0.026	0.048	1	GLUL	c32
0.000800131347522067	-1.09716201510781	0.01	0.025	1	SCML4	c32
0.000240929557693528	-1.09658273582242	0.015	0.033	1	SF3B1	c32
0.0147644309101068	-1.09603945016701	0.005	0.013	1	DGKA	c32
0.00272634216997834	-1.09591404749485	0.009	0.021	1	FOXP1	c32
0.0213834386531124	-1.09341892964024	0.015	0.025	1	HSPA6	c32
0.0303628356077061	-1.09077711414121	0.004	0.01	1	NDNL2	c32
0.0307553075720205	-1.08713670080185	0.004	0.01	1	BCL2	c32
0.00218276772180099	-1.0841133838602	0.01	0.023	1	PSTPIP1	c32
0.00133803849300791	1.08205948272101	0.016	0.008	1	LUC7L2	c32
0.00344510667087562	1.08205948272101	0.013	0.007	1	CRELD2	c32
0.0219001633464997	-1.07846682071906	0.005	0.012	1	ATP6V0D1	c32
0.0115564964874976	-1.07616001806903	0.006	0.015	1	RAB24	c32
0.00974086481131859	1.07551663685423	0.011	0.006	1	DDB2	c32
0.000163347807392825	1.07458436215886	0.021	0.01	1	SRSF4	c32
0.0120211741998301	-1.07076309103059	0.006	0.015	1	MYCBP2	c32
0.00338771470941054	-1.07061183738949	0.009	0.021	1	DDX21	c32
0.00174190726108904	-1.06909085713423	0.011	0.024	1	MBP	c32
0.00394843879651039	1.06575767039191	0.013	0.007	1	COMTD1	c32
0.00529091321543605	-1.06287679853545	0.009	0.019	1	PRMT9	c32
5.30082792255307e-05	-1.06205282510458	0.02	0.043	1	CSRNP1	c32
0.00014103967804055	1.06162722949163	0.022	0.011	1	PSMD7	c32
0.0337525844695222	-1.06139330736012	0.004	0.01	1	SETX	c32
0.00507998411738194	1.06099786719318	0.012	0.006	1	GBP4	c32
0.0339704784927736	-1.05842174082883	0.004	0.01	1	STK38	c32
0.0154277234290533	1.05790562101223	0.01	0.005	1	DPM2	c32
0.000154931523322133	-1.05790432128024	0.017	0.037	1	NSA2	c32
0.0051575140099084	-1.0565613988033	0.009	0.019	1	ARHGAP4	c32
0.000374390892753975	-1.05578638671063	0.056	0.083	1	SSR4	c32
0.0163015377372012	-1.05437908560972	0.004	0.011	1	PLD3	c32
0.00161146700165556	1.05349033052423	0.015	0.007	1	PPP1R14B	c32
0.0253697262251692	-1.05246018259011	0.005	0.011	1	OGT	c32
0.00159154736127578	1.05117770105619	0.018	0.009	1	IRF2	c32
0.013984605169392	-1.0494701399843	0.006	0.014	1	TRADD	c32
0.00537570439997978	-1.04722353422396	0.009	0.019	1	USP15	c32
0.00754718039881469	-1.04715540061792	0.008	0.018	1	CDC42EP3	c32
0.00235832918153554	-1.04693525466642	0.009	0.021	1	SELM	c32
0.0122828322790149	1.04579593873423	0.011	0.006	1	PSMD2	c32
0.0107697459475716	-1.04482329236281	0.007	0.016	1	NKTR	c32
0.000633518966452169	1.04196407714321	0.019	0.009	1	DECR1	c32
0.00466294696324951	-1.04069431469228	0.009	0.021	1	ANXA2R	c32
0.0089449346859405	-1.04059954706057	0.008	0.017	1	METTL12	c32
0.0134072951511502	1.03560017162835	0.011	0.006	1	PSMD11	c32
9.23331822842031e-05	1.03528271205156	0.024	0.012	1	TMEM14C	c32
0.0018512302994095	1.03505599797222	0.016	0.008	1	CHN1	c32
0.00194983807516512	1.03352958879335	0.024	0.014	1	MARCKSL1	c32
0.0281214043545593	-1.03312945514139	0.005	0.011	1	SRSF8	c32
0.0283845331390027	-1.03312945514139	0.005	0.011	1	DNAJB14	c32
0.000130666036635695	1.02941297696459	0.025	0.013	1	GPR56	c32
7.84242737446826e-05	-1.02701398495416	0.02	0.043	1	SMDT1	c32
0.0286546961438737	-1.02662788919944	0.005	0.011	1	PIAS1	c32
0.00629644428005333	-1.02646497405716	0.009	0.019	1	MPHOSPH8	c32
5.61307305626647e-05	1.02470010327873	0.026	0.013	1	IRF8	c32
0.0109835091486121	1.02342812570578	0.012	0.006	1	ETFA	c32
0.000558881760379047	1.02034369823459	0.019	0.01	1	LMO4	c32
0.00694947795568916	-1.01960587219451	0.009	0.019	1	AMD1	c32
0.00623468871701283	1.01897495545284	0.013	0.007	1	C20orf27	c32
0.0205976390557084	1.0170333395967	0.01	0.005	1	DNAJB11	c32
0.00597492556466518	-1.01616405336712	0.009	0.02	1	NCF1	c32
0.0306847893413576	-1.01485072142308	0.005	0.011	1	NMRK1	c32
0.0071377811871251	-1.01002491626971	0.009	0.019	1	ARID4B	c32
0.00553610459221108	-1.00872289825872	0.009	0.02	1	ALKBH7	c32
0.000200853127954506	1.007817829334	0.025	0.013	1	TMEM160	c32
0.0062228913232962	-1.00658978543903	0.009	0.02	1	ZC3HAV1	c32
0.000333031700404615	1.00651075714169	0.022	0.011	1	TMX1	c32
0.000262857222165453	1.00481648378855	0.023	0.012	1	GYG1	c32
0.0133064437220589	-1.00416843866717	0.007	0.016	1	HMOX2	c32
0.0018962022486946	1.00111875166122	0.017	0.009	1	RAB8A	c32
0.00327684753555844	-1.00045732397543	0.011	0.023	1	IKZF1	c32
0.00765623294862006	0.999233051591386	0.013	0.007	1	RBM42	c32
0.034523261139876	-0.995005910026213	0.005	0.011	1	OTUD6B-AS1	c32
0.0144107272691798	-0.994872691037164	0.007	0.015	1	R3HDM4	c32
0.0182360793179716	0.993054476662261	0.011	0.006	1	SEC61A1	c32
0.00621991813060477	0.992081326513465	0.014	0.007	1	TXNL1	c32
0.00678787428814316	-0.986887870996485	0.009	0.02	1	SYTL1	c32
0.000324789940983936	-0.986181378591816	0.018	0.037	1	EIF5	c32
0.00229545303880942	-0.978931147168142	0.012	0.026	1	SEC62	c32
0.0119355304548504	-0.977644749364777	0.008	0.017	1	METTL9	c32
0.027751589766327	-0.973617347271674	0.005	0.012	1	WBP2	c32
0.00199569212195051	0.973154919224556	0.018	0.009	1	CYB5R3	c32
0.000900087328264766	-0.97313330263003	0.016	0.033	1	FNBP1	c32
0.00148521846699349	-0.972963423908504	0.014	0.029	1	RNF149	c32
0.000118473665076058	-0.966942663043858	0.048	0.076	1	HERPUD1	c32
0.00930173880172848	-0.96654742271231	0.009	0.019	1	BCAS2	c32
0.00785567314719575	-0.965449620472232	0.009	0.02	1	HMHA1	c32
0.00221836351574541	0.964817808841728	0.018	0.01	1	ITGB1BP1	c32
0.0134474659998891	-0.960816352608538	0.008	0.017	1	RTN4	c32
0.000386356375646549	0.960606481521447	0.023	0.012	1	FDFT1	c32
0.0081302656260342	-0.95958052500075	0.009	0.02	1	IL16	c32
0.0302106006414082	-0.956959240078017	0.005	0.012	1	ORMDL1	c32
0.0399370840970606	-0.956531762211577	0.005	0.011	1	TMEM147	c32
0.0404310683545115	-0.955847534055101	0.005	0.011	1	MRPL55	c32
0.00385264090970865	0.954890105241392	0.016	0.009	1	LINC00892	c32
0.0105483553681319	0.954526247725999	0.013	0.007	1	MBNL2	c32
0.028969210652156	-0.951964099567872	0.006	0.013	1	ARRDC3	c32
0.00550377692670607	-0.949399877535988	0.011	0.022	1	NME3	c32
0.0248666618014459	-0.947687860673046	0.006	0.013	1	OSBPL8	c32
0.00395621602072369	0.947539817409893	0.016	0.009	1	NENF	c32
0.000430273205039871	-0.94535196308151	0.018	0.036	1	MYADM	c32
0.00456659438405416	0.945098019860742	0.016	0.009	1	ARPP19	c32
0.0159585937488954	0.944906680995623	0.012	0.007	1	ZMAT2	c32
0.00553757087494235	-0.94490149291766	0.011	0.022	1	SRRM2	c32
0.042871640523193	-0.943475609386131	0.005	0.01	1	TGFBR2	c32
0.00911214418391001	-0.942200674441191	0.009	0.019	1	RGS19	c32
0.000609784113680058	0.939200516497163	0.023	0.012	1	POLR2I	c32
0.00186931166641871	0.937921814848296	0.019	0.011	1	MMADHC	c32
0.138438304231155	-0.937480703674638	0.006	0.01	1	CTSL	c32
0.00994481670549345	-0.935862425276256	0.009	0.019	1	AGTRAP	c32
0.000180466263356909	0.93268185868278	0.027	0.015	1	CHMP4A	c32
0.0444912487637684	-0.930300220638398	0.005	0.01	1	INPP4B	c32
0.026865674478405	-0.929371098055398	0.006	0.013	1	ZC3H15	c32
0.0061945167714946	-0.928720356032237	0.011	0.022	1	SBDS	c32
0.0357713120941833	-0.925503007714954	0.005	0.012	1	TAOK3	c32
0.0460192919174707	-0.92541563784114	0.005	0.01	1	SYNRG	c32
0.00835954684860687	0.923839981930972	0.017	0.01	1	CHMP5	c32
0.0329124498559306	-0.919327057549957	0.009	0.017	1	FKBP2	c32
0.000103927415640077	-0.917881965155733	0.019	0.041	1	GLIPR1	c32
0.00580314892597838	0.917709351746619	0.016	0.009	1	ELAVL1	c32
0.0176975037478734	-0.917642408993836	0.008	0.016	1	TGOLN2	c32
0.321494295762672	0.916770891399413	0.022	0.018	1	CPVL	c32
0.0164745192677859	-0.915479279762711	0.009	0.017	1	MAT2A	c32
0.0240380508661927	0.915417065267994	0.012	0.007	1	DEGS1	c32
0.0484852085579167	-0.914892651429133	0.005	0.01	1	RGS14	c32
0.00296607126395899	0.914584770666981	0.019	0.01	1	PLEKHF1	c32
0.00291030630595558	-0.911107801157257	0.014	0.028	1	TRAPPC5	c32
0.0378799905500177	-0.910132150182839	0.005	0.012	1	ZBTB38	c32
0.0405690379133774	-0.908276593604358	0.005	0.012	1	CDK5RAP3	c32
0.00116948798151841	-0.904045615753448	0.017	0.033	1	CSDE1	c32
0.0400968974926538	-0.902695561341058	0.005	0.012	1	PPM1K	c32
0.0401030663269538	-0.89833978262309	0.005	0.012	1	MTIF3	c32
8.01316897030919e-05	-0.898132036198813	0.027	0.052	1	KIAA1551	c32
0.00882161483783339	-0.896801750220844	0.011	0.022	1	AAK1	c32
0.0166381793085659	-0.893970813120974	0.009	0.017	1	C7orf50	c32
0.00013380733053055	-0.89052027816379	0.028	0.052	1	CCNH	c32
0.01775055964195	-0.889621571591172	0.014	0.024	1	PLIN2	c32
0.0122709202312507	0.888717816847525	0.015	0.008	1	PPIH	c32
0.00256792530668826	0.888048862754381	0.02	0.011	1	COPZ1	c32
0.0218133139861582	-0.885078630628704	0.008	0.016	1	DDX18	c32
0.000113960353779556	0.884504490654804	0.032	0.018	1	POLR2E	c32
0.0284713617772395	-0.883430986852384	0.007	0.014	1	RASGRP2	c32
0.000323869721362941	-0.88141464125388	0.023	0.044	1	CLK1	c32
0.039352844970164	0.879285601704686	0.011	0.006	1	UBE2F	c32
0.0565077304044218	-0.879251139162514	0.005	0.01	1	GDI1	c32
0.000297272446439959	0.874883988315356	0.029	0.016	1	GSTO1	c32
0.0369243741438247	-0.870725878858162	0.006	0.013	1	KCNA3	c32
0.0257135375508446	-0.865738030824385	0.008	0.015	1	TSEN54	c32
0.000462299215700261	-0.865691670984381	0.023	0.042	1	TAPBP	c32
0.0260296806743589	0.864224496317308	0.015	0.009	1	IFI35	c32
0.0307814858988078	-0.864160959922068	0.007	0.014	1	C6orf62	c32
0.00203616163198711	-0.863317265603654	0.017	0.032	1	IDS	c32
0.000866234411199509	-0.862321960258286	0.018	0.035	1	PTP4A2	c32
0.00308641996236373	0.858797423932981	0.021	0.012	1	RNF187	c32
0.0211609366190629	0.856859350396087	0.013	0.008	1	TBC1D4	c32
6.02387323337692e-05	-0.855468645425513	0.031	0.057	1	LAMTOR4	c32
0.0242813058832488	0.854990574175085	0.013	0.008	1	EIF4EBP1	c32
0.000107078024393031	-0.853941563295638	0.029	0.053	1	SF1	c32
0.0330698790616985	-0.853400265084283	0.007	0.014	1	MGEA5	c32
0.0353022847803702	-0.852371238620623	0.007	0.014	1	YPEL3	c32
0.0207966452771769	0.85130928858265	0.014	0.008	1	CCDC124	c32
0.0140879557691798	-0.851194308934476	0.01	0.02	1	RSL1D1	c32
0.00980279099357832	-0.847602420546171	0.011	0.021	1	SNORA78	c32
0.000413032823486163	0.845326038317537	0.03	0.017	1	PSMC5	c32
0.0429689781020439	-0.844515058442351	0.006	0.013	1	CYLD	c32
0.00790866393831938	-0.844303197839123	0.014	0.026	1	MAP3K8	c32
0.0122404897413395	0.841555910251865	0.016	0.01	1	ILK	c32
0.0235001042571722	-0.840916774936654	0.009	0.017	1	ACAP2	c32
0.00321277803759611	-0.839885458609801	0.019	0.034	1	CMC1	c32
0.0139485274784424	-0.839446093569521	0.011	0.021	1	RPL13AP5	c32
0.00195129847998582	-0.838199166058113	0.019	0.034	1	LYAR	c32
0.00460517179880679	0.837356899659469	0.02	0.012	1	KRAS	c32
0.0370739310471102	-0.835806205069545	0.007	0.014	1	PNPLA2	c32
6.180508383795e-05	-0.83334620108589	0.033	0.059	1	EIF3G	c32
6.4538616252769e-05	-0.831525765461521	0.033	0.059	1	RBM39	c32
0.00431196842326439	0.828423774889462	0.021	0.012	1	RBM17	c32
0.00614449497534949	0.827995230391765	0.023	0.014	1	LDLRAD4	c32
0.00180850703350658	0.826995787995791	0.025	0.014	1	EIF3I	c32
0.0366211276986345	-0.825546321548392	0.016	0.026	1	FKBP11	c32
0.0206301225779733	0.824774509652333	0.015	0.009	1	FUNDC2	c32
0.00116641895235616	-0.824411358726597	0.016	0.032	1	H3F3C	c32
0.000200938231054227	0.823403517397786	0.034	0.02	1	SF3B6	c32
0.0727219416459882	-0.821830186083413	0.005	0.01	1	TMEM208	c32
0.0026999397995154	-0.820452672376939	0.018	0.033	1	KMT2E	c32
9.66460853533835e-05	-0.819820264809242	0.024	0.047	1	CD79A	c32
0.0267797733112409	-0.819575387436018	0.009	0.016	1	RABGAP1L	c32
0.0488215479257823	-0.81840484372808	0.006	0.012	1	DYNC1H1	c32
0.0102086493155825	-0.818025934982398	0.012	0.023	1	EIF2S3	c32
0.0187017529696581	-0.817317059230206	0.01	0.019	1	C19orf66	c32
0.00598517949316917	0.816598339492672	0.02	0.012	1	SLA2	c32
0.0493103432088159	0.815954422927245	0.012	0.007	1	SDHA	c32
0.0738342614535022	-0.815809540763999	0.005	0.01	1	ABCD4	c32
0.0729532636811786	-0.815055190398635	0.005	0.01	1	SAT2	c32
0.00514747439495479	0.814348589677739	0.021	0.012	1	VOPP1	c32
0.0187591538605307	-0.8131675870404	0.01	0.019	1	TAF1D	c32
0.0341871011566232	-0.812377492706934	0.008	0.015	1	CHIC2	c32
0.00749196928843648	-0.812352173605821	0.014	0.026	1	DHRS7	c32
0.0283210068808282	0.812138691301972	0.014	0.008	1	DCTN2	c32
0.0021312468503884	0.810110352079464	0.025	0.015	1	SF3A2	c32
0.028326955235887	0.809564747638146	0.014	0.008	1	CD28	c32
0.00831343634432875	-0.80765350522203	0.065	0.085	1	CCL4L1	c32
0.000970809993497519	-0.807300272129194	0.02	0.038	1	DDX24	c32
0.000277703311543045	-0.806834683593667	0.033	0.057	1	SQSTM1	c32
0.000280240809206007	0.804525507192097	0.034	0.02	1	MDH2	c32
0.00183069328400951	-0.804480811508716	0.02	0.037	1	SH3BGRL	c32
0.00427184531948089	0.804461102601078	0.019	0.011	1	GADD45G	c32
0.0363484487755028	-0.804176228121636	0.008	0.015	1	NFE2L2	c32
0.0100945637692718	0.804020652272245	0.019	0.011	1	COX20	c32
0.00288054780445819	-0.802724094087724	0.016	0.03	1	CAST	c32
0.0361117056886829	0.801822986812274	0.013	0.008	1	MPC1	c32
0.0169203702271045	-0.801694614089579	0.012	0.021	1	IFRD1	c32
0.0332640261253126	-0.7974680740569	0.009	0.016	1	FOSL2	c32
0.0449854940757564	-0.795684767227996	0.007	0.013	1	SLC44A2	c32
0.0163359046791326	0.794290536949268	0.017	0.01	1	AP3S1	c32
0.00109072528250069	0.79421678330471	0.029	0.017	1	KHDRBS1	c32
0.00085736905491847	-0.793618471561192	0.026	0.045	1	CHMP1B	c32
0.0690047816656912	0.793029868354267	0.011	0.007	1	FAS	c32
0.00572110888042513	-0.792147303156792	0.019	0.032	1	SNHG9	c32
0.115300488050283	-0.79212978020798	0.03	0.039	1	MT1X	c32
0.101454545883778	0.788385804536844	0.012	0.008	1	CRTAM	c32
0.000440939069821805	-0.787999483965018	0.032	0.054	1	CDKN1A	c32
0.0191612422618215	-0.787632494933264	0.011	0.02	1	STOM	c32
0.0464108501705252	-0.787632494933263	0.007	0.013	1	SERINC1	c32
0.0597039339011959	-0.785836981271649	0.006	0.012	1	LPAR6	c32
0.0119457330305898	0.784681287063806	0.019	0.011	1	ETHE1	c32
5.21452794771944e-05	0.783232814855595	0.044	0.026	1	BSG	c32
0.0804864454364291	-0.781563658983344	0.005	0.01	1	KLRF1	c32
0.0238799355300369	-0.780797622212574	0.011	0.02	1	IL6ST	c32
0.0953271781252175	0.780344608723152	0.015	0.01	1	VPREB3	c32
0.00865973836836692	-0.779805676337963	0.015	0.027	1	TRIM22	c32
0.0215109330846459	0.779335598730795	0.016	0.01	1	IER3IP1	c32
0.0366140209399893	0.775677222743147	0.014	0.009	1	MESDC2	c32
0.000841539125070036	-0.774211979170941	0.018	0.035	1	NOSIP	c32
0.0909188295273531	0.772928662297758	0.01	0.006	1	AP1M1	c32
0.00496107869775341	-0.770257213646656	0.018	0.032	1	DDX17	c32
0.0104377503336017	-0.76881074691256	0.013	0.024	1	PLEK	c32
0.0334627453034822	0.768285944372737	0.015	0.009	1	ADSL	c32
0.0143182389138981	0.766229809010553	0.019	0.011	1	VKORC1	c32
0.000610865388274192	-0.7645355239657	0.03	0.051	1	EPC1	c32
0.0135496736560182	-0.764479419626083	0.01	0.02	1	AKNA	c32
0.000557808322561034	0.763282524960215	0.034	0.021	1	AURKAIP1	c32
0.0814812930692883	0.762231380985927	0.011	0.007	1	EXOSC8	c32
0.0231280329005474	-0.761924361327321	0.011	0.02	1	LINC00493	c32
0.0189444736647024	-0.761905133212875	0.014	0.024	1	BCL3	c32
0.0692701310574739	0.759803539851119	0.012	0.007	1	DCAF7	c32
0.00190163567599638	-0.759577259054503	0.023	0.04	1	C19orf60	c32
0.0596674999223066	0.759514324077064	0.012	0.008	1	RPA2	c32
0.0760131296366474	-0.758403751148537	0.005	0.011	1	UHMK1	c32
0.0772146685500358	0.758034446998064	0.011	0.007	1	CDK6	c32
0.0652642991482777	-0.754966306012941	0.006	0.012	1	PTPN2	c32
0.0456482669898168	0.754894739467496	0.012	0.007	1	GBP1	c32
0.0407278207102426	-0.754507360553086	0.009	0.016	1	NXT1	c32
0.00125128630847165	-0.754025870603543	0.024	0.042	1	SGK1	c32
0.0130412887580953	-0.753313418636163	0.015	0.026	1	PDE4B	c32
0.00706270523787651	0.752283526010959	0.023	0.014	1	LSM6	c32
0.0814960073677198	-0.752210440722433	0.005	0.01	1	POLR2A	c32
0.0124753834963945	0.750834891447141	0.02	0.012	1	MPC2	c32
0.0237912673817533	0.749913789865653	0.016	0.01	1	STARD3NL	c32
0.00754108116790652	0.749677030196477	0.023	0.014	1	TSPAN14	c32
0.0108338762654876	-0.749186059544619	0.016	0.027	1	KLRK1	c32
0.0298992794428783	-0.748659432402109	0.01	0.018	1	FMNL1	c32
0.0156256949885798	-0.748220429556349	0.013	0.023	1	GRB2	c32
0.0527174051856717	0.74794197882573	0.013	0.008	1	BABAM1	c32
0.00737035731554054	0.747075235008198	0.023	0.014	1	TRG-AS1	c32
0.0579363016498837	-0.74557480599224	0.007	0.013	1	TPST2	c32
0.00226872818726132	-0.745549612899699	0.033	0.052	1	HSPH1	c32
0.080340362216162	-0.745297657774908	0.005	0.01	1	NDUFB5	c32
0.00520705329522947	-0.745297657774907	0.02	0.035	1	BIRC3	c32
0.0259446388784343	-0.742523243379702	0.012	0.021	1	TMEM2	c32
0.0501235674292729	-0.740881305313957	0.008	0.014	1	ATP6AP2	c32
0.00438690171397907	-0.740670665223514	0.017	0.031	1	AKAP13	c32
0.00324678503798105	-0.740064498318609	0.019	0.034	1	FLT3LG	c32
0.0038411857689977	0.738105081503645	0.029	0.018	1	TPR	c32
0.00204942006076458	0.737575263267471	0.025	0.015	1	CD9	c32
0.0203537980424799	-0.733569173282486	0.009	0.018	1	ZBTB20	c32
0.0375192698868555	0.733400298111121	0.016	0.01	1	FIBP	c32
0.00619257255926468	-0.733024712113071	0.016	0.028	1	EML4	c32
5.54861788409912e-05	0.73191835405088	0.05	0.03	1	C11orf58	c32
0.000559889486862701	0.730598189466092	0.037	0.022	1	PHPT1	c32
0.0171321524180877	0.728597995759269	0.019	0.012	1	SNRPA1	c32
0.0408318505344301	-0.727599604395587	0.009	0.017	1	ATF7IP	c32
0.0505860048014305	-0.726766826553266	0.01	0.017	1	CEBPD	c32
0.0862868185807676	0.725787598010237	0.012	0.008	1	SQRDL	c32
0.0992589015218454	0.723867843846872	0.011	0.007	1	MRPS16	c32
0.0557601256768278	-0.72359113312435	0.008	0.014	1	ABHD14B	c32
0.0238848946777964	-0.722868701942057	0.012	0.022	1	DANCR	c32
0.0141369461133206	0.722224371057536	0.021	0.013	1	KIF5B	c32
0.010789111590113	0.721822917861847	0.023	0.014	1	EIF4H	c32
0.0242548783003863	0.721312138943115	0.018	0.011	1	HIGD1A	c32
0.0660260959886533	-0.720415758469765	0.007	0.013	1	CCDC59	c32
0.0354030837286709	-0.720335185738411	0.01	0.018	1	EIF3M	c32
0.0343796414791572	0.718992693040157	0.016	0.01	1	SUSD3	c32
0.0259422763820505	0.718760953413783	0.018	0.011	1	ATP6V0E2	c32
0.0499249623488608	0.714688417072477	0.015	0.009	1	TIMM8B	c32
0.0669710015500348	0.713672076740984	0.013	0.009	1	LMF2	c32
0.0577986849421843	0.713404737716613	0.014	0.009	1	CYC1	c32
0.0926054148047421	-0.713065150551186	0.005	0.01	1	PITPNC1	c32
0.0942106871744144	-0.713065150551186	0.005	0.01	1	AFF4	c32
0.0514926848549125	-0.712592677961115	0.009	0.015	1	MGAT1	c32
0.00381178708299072	0.71180174306182	0.029	0.018	1	TCEB1	c32
0.0920810958891934	-0.710227991247657	0.005	0.01	1	NDUFA5	c32
0.0406598042031009	0.708601087193562	0.016	0.01	1	PHYKPL	c32
0.0336841732436434	-0.706816018728938	0.011	0.019	1	CAMK4	c32
0.0133554812068829	-0.705573298065588	0.016	0.028	1	DPP7	c32
0.112008206408479	0.70253933440636	0.011	0.007	1	RFC1	c32
0.113815840691056	0.70253933440636	0.011	0.007	1	PSMC4	c32
0.00478406963842599	0.701640433504993	0.028	0.018	1	MIEN1	c32
0.0111450067191937	0.699323273605551	0.023	0.015	1	PRMT1	c32
0.000844714540780953	0.699243627568475	0.041	0.026	1	PHB2	c32
0.027534165489912	0.698914470587606	0.019	0.012	1	DNAJC15	c32
0.00884858702952629	-0.698594210586103	0.019	0.031	1	ARHGAP15	c32
0.0633599880027755	-0.69830268131961	0.008	0.014	1	MRFAP1	c32
0.133299687284367	0.69671809567764	0.01	0.007	1	GGA2	c32
0.00946204979904018	-0.694924979446871	0.019	0.031	1	TRAM1	c32
0.0992458805330552	-0.693805153208783	0.005	0.01	1	TES	c32
0.0324514121737709	0.693494194803352	0.018	0.012	1	TOP1	c32
0.000528548110959561	0.691123290340607	0.043	0.027	1	GBP5	c32
0.0227672982794928	-0.690967696302239	0.014	0.024	1	SSU72	c32
0.00518368437564378	0.690728518128296	0.029	0.018	1	GHITM	c32
0.0403875229873816	-0.690402060287028	0.011	0.019	1	PPP1R10	c32
0.00520874197277076	-0.6902100976707	0.023	0.037	1	CDC42SE2	c32
0.0754649254578647	0.690158482240097	0.013	0.009	1	BOLA3	c32
0.166466103414214	0.689080930300696	0.012	0.008	1	TXNDC12	c32
0.0960174137850717	-0.687968644487333	0.006	0.011	1	SESN1	c32
0.143446140734963	0.68706792564392	0.01	0.007	1	RNF4	c32
0.0312230863777261	-0.686648514029304	0.012	0.021	1	RORA	c32
0.052044829604495	-0.686439503519575	0.009	0.016	1	SS18L2	c32
0.0548004941468047	-0.685995255620487	0.009	0.016	1	PFKFB3	c32
0.0050202173093797	-0.684368791688687	0.04	0.058	1	AREG	c32
0.00620315669410932	-0.683810657120382	0.016	0.028	1	LINC-PINT	c32
0.000220061832575131	0.683104056399486	0.035	0.02	1	ID3	c32
0.00704077198025898	-0.682743488307545	0.022	0.036	1	ATP6V1F	c32
0.0785628028553487	-0.681545236543571	0.007	0.012	1	RNF114	c32
0.000587768792492962	0.679645988639943	0.041	0.026	1	CCT4	c32
0.00166961574881554	0.679493515494035	0.035	0.022	1	SNX3	c32
0.000682905645538467	0.678273457864584	0.042	0.027	1	FAM49B	c32
0.00759117968651846	-0.678023181847488	0.021	0.035	1	PIK3IP1	c32
0.00263652151984246	-0.677149185117037	0.024	0.041	1	UBXN1	c32
0.0651163129418743	0.676314604826527	0.015	0.01	1	SDHC	c32
0.0400028798961023	-0.675739614862366	0.012	0.02	1	ARID5A	c32
0.00939882528299969	0.675242490247131	0.026	0.017	1	UBE2J1	c32
0.113889615219536	0.674830350538318	0.012	0.008	1	LOC102288414	c32
0.0833590608138391	0.674418328533264	0.013	0.009	1	CISD3	c32
0.0843302173095206	-0.673993362834492	0.007	0.012	1	HSD17B11	c32
0.00189318470135841	-0.673573405685284	0.058	0.081	1	CITED2	c32
0.0173852713055579	-0.67309295288199	0.016	0.027	1	COX14	c32
0.0745943130866204	0.673074653564421	0.014	0.009	1	CD320	c32
0.0177644517234286	0.670633236994541	0.023	0.015	1	LIMS1	c32
0.000597937782978441	0.669508880958996	0.048	0.031	1	PIM1	c32
0.0757545010876269	0.669180737459929	0.014	0.009	1	MAZ	c32
0.0114179268617018	0.667893191599469	0.024	0.015	1	EIF4E	c32
0.0304536339862683	-0.666987140853402	0.013	0.022	1	TGFB1	c32
0.152579613346409	0.666904886324214	0.01	0.007	1	XPO1	c32
0.000710881542296192	0.666641452553576	0.043	0.027	1	ZNF706	c32
0.11258611781939	-0.66552321881923	0.005	0.01	1	ABTB1	c32
0.080056590052375	0.665297302972702	0.014	0.009	1	SMNDC1	c32
0.0642078077142317	0.664925042606582	0.018	0.012	1	CLTB	c32
0.0506494486985795	-0.664895368642834	0.01	0.017	1	STRAP	c32
8.38880976066562e-05	-0.664814335810508	0.047	0.076	1	SNHG6	c32
0.000129565855887027	-0.664255479889834	0.068	0.099	1	DNAJA1	c32
0.0777073966942892	-0.664057809814731	0.008	0.013	1	TMEM134	c32
0.189394636915623	0.663746851409301	0.012	0.008	1	IAH1	c32
0.000215549787929627	-0.663471229184211	0.04	0.065	1	RPS18P9	c32
0.000540501348737728	0.661874437076531	0.042	0.026	1	STAT1	c32
0.00021131289212682	0.660454779453187	0.051	0.033	1	NDUFB4	c32
0.0873992301609294	-0.65935847327891	0.007	0.012	1	PPP6C	c32
0.094558133739888	0.658848051996462	0.013	0.009	1	TSTA3	c32
0.000715900155641254	-0.657219526891568	0.037	0.06	1	PRR13	c32
0.00529279429150487	0.65494095403396	0.033	0.022	1	TMEM173	c32
0.535935592250463	0.652940096452719	0.026	0.024	1	NAPSB	c32
0.103849816237774	-0.652280642038376	0.006	0.011	1	GRAMD1A	c32
0.110636474545922	-0.652280642038376	0.006	0.011	1	ALG13	c32
0.00566894211105383	-0.650667189820755	0.025	0.04	1	WIPF1	c32
0.158104237218973	0.6491000754449	0.01	0.007	1	OAS1	c32
0.167660925993128	0.648059545258511	0.01	0.007	1	GPAA1	c32
0.0410563242328581	-0.646355808081271	0.009	0.016	1	TMC8	c32
0.119543632774133	-0.645613490060835	0.005	0.01	1	VTI1B	c32
0.000594980686089709	0.642930936364543	0.05	0.033	1	UQCRHL	c32
0.000120006681770332	0.642290991242925	0.06	0.039	1	SFPQ	c32
0.016948191936481	-0.641825260559359	0.015	0.025	1	SPSB3	c32
0.0182386937974371	-0.640158122457025	0.018	0.029	1	TMEM123	c32
0.00713158275311244	-0.638872756788658	0.026	0.041	1	WSB1	c32
0.101168846016788	-0.638417988656632	0.009	0.014	1	BNIP3L	c32
0.042091519760011	-0.637949695204207	0.012	0.021	1	ANKRD44	c32
0.0668963202394016	-0.636995913587433	0.01	0.017	1	MEF2C	c32
0.0783611897162728	-0.635430010286059	0.009	0.014	1	TSC22D4	c32
0.088308461230752	-0.634432640705453	0.008	0.013	1	RBMX	c32
0.00829996436408824	0.630278899799691	0.03	0.02	1	RAB11B	c32
0.127611215941366	-0.629935925249241	0.005	0.01	1	HSPA4	c32
0.0649713999432144	-0.628433900084009	0.01	0.017	1	UFM1	c32
0.187892935754526	0.628430738509579	0.01	0.007	1	GLO1	c32
0.0631349094840556	0.627092969080843	0.017	0.012	1	PLEKHJ1	c32
0.0800840318447976	0.627063254956114	0.016	0.011	1	SH3BP1	c32
0.00250935830546975	0.625857727304589	0.039	0.026	1	P4HB	c32
0.0424151376851931	-0.624632329924153	0.013	0.021	1	RPL19P12	c32
0.118569363451344	-0.624420837577386	0.006	0.011	1	C6orf1	c32
0.0827603293517516	-0.623918418961517	0.009	0.014	1	LOH12CR1	c32
0.0288890803681521	-0.623667144025605	0.018	0.028	1	HIF1A	c32
0.149410737825315	0.622925972368867	0.012	0.008	1	SMARCE1	c32
0.150779240236722	0.622925972368867	0.012	0.008	1	MAPRE1	c32
0.0117305197584456	0.622502363231915	0.029	0.019	1	UQCRFS1	c32
0.116647236719383	-0.622410112456239	0.006	0.011	1	FAM162A	c32
0.152879957235292	0.618460803094531	0.012	0.008	1	PYCR2	c32
0.176459599294291	0.616441136630944	0.011	0.008	1	SEC13	c32
0.13541062601104	-0.616361067783434	0.005	0.01	1	LOC643733	c32
0.0109069645815046	-0.61478864796468	0.019	0.032	1	SELPLG	c32
0.0894084208289216	-0.614339070198223	0.009	0.014	1	IRF3	c32
0.0609698203856917	0.614305743531936	0.018	0.012	1	RTF1	c32
0.0443274659844316	0.61338401984009	0.02	0.014	1	CHMP2A	c32
0.0378236396260315	-0.613327007693801	0.015	0.024	1	C5orf56	c32
0.110541152856698	-0.612719429230035	0.007	0.012	1	FLJ10038	c32
0.000224585322905952	0.610878246736164	0.058	0.038	1	DAD1	c32
0.0534592545122185	-0.610606903112134	0.014	0.022	1	H1FX	c32
0.0520905470257951	0.609997138609129	0.019	0.013	1	PELO	c32
0.00221851321752437	0.609926225338161	0.03	0.019	1	SPRY1	c32
0.0996937082200398	-0.609733054406328	0.008	0.013	1	ZMYM6NB	c32
0.010895245384987	0.608862944336177	0.03	0.02	1	NAA10	c32
0.20489323109348	0.608053351138226	0.01	0.007	1	ANAPC15	c32
0.0170598833956879	0.607648724844481	0.026	0.018	1	HM13	c32
0.0285276552931456	-0.607372284556179	0.017	0.027	1	SAMHD1	c32
0.175250320359862	-0.606792261144874	0.037	0.045	1	CCL4L2	c32
0.0548446897310464	-0.606342311958443	0.012	0.02	1	TMC6	c32
0.00188549645192387	-0.606181093236882	0.037	0.058	1	ERP29	c32
0.0205704874539507	-0.605361474078965	0.019	0.031	1	ANKRD12	c32
0.00134040847322423	0.60508872363324	0.046	0.03	1	FAM96B	c32
0.182950041032791	0.60508872363324	0.011	0.008	1	AHSA1	c32
0.126309693327401	-0.604865428945605	0.006	0.011	1	ST3GAL1	c32
7.62608142792646e-05	0.604746101761205	0.079	0.054	1	CD27	c32
0.0127777121181195	-0.603200030533112	0.023	0.036	1	MAP1LC3B	c32
0.00466590590363115	-0.602827243947943	0.04	0.059	1	TYMP	c32
0.0410715296762678	-0.602657265150587	0.015	0.023	1	CNOT6L	c32
0.0262383773257248	0.602606556595397	0.025	0.017	1	LPXN	c32
0.0454642861972357	0.602398884053091	0.025	0.018	1	AQP3	c32
0.00064905943850193	0.602392776489665	0.051	0.033	1	FKBP5	c32
0.00543198114535958	-0.602147208563733	0.03	0.046	1	UXT	c32
0.125641104359178	-0.601466852483739	0.006	0.011	1	SMG1	c32
0.117553827165631	-0.59867403324115	0.007	0.012	1	RPAIN	c32
0.0207512952872614	0.597971583759062	0.026	0.018	1	MRPS34	c32
0.0605533225917287	-0.597292655895546	0.012	0.019	1	C9orf78	c32
0.0548988672019167	-0.595891871312314	0.012	0.02	1	SEP15	c32
0.000303101125728847	0.594505100171986	0.059	0.039	1	NDUFB8	c32
0.195408843477525	0.593824944562293	0.011	0.008	1	MRPL4	c32
0.121678392621994	-0.593756448451264	0.007	0.012	1	TLE4	c32
0.00103333948939605	0.592818379656892	0.05	0.033	1	GNB2	c32
0.132321208315927	-0.592592901850484	0.006	0.011	1	MBOAT7	c32
0.0795731765776987	-0.592348339960646	0.01	0.016	1	SAMD3	c32
0.131609193756647	-0.591908024058895	0.006	0.011	1	NGRN	c32
0.0319544104031615	-0.590298771197238	0.017	0.027	1	TMEM219	c32
0.0750154095714408	0.590206386391331	0.018	0.012	1	PNN	c32
0.117897812831679	-0.590057228370954	0.007	0.012	1	ARIH2	c32
0.01696463685985	-0.58861607730053	0.023	0.035	1	SNHG5	c32
0.197139882041596	0.588225862343459	0.011	0.008	1	COA1	c32
0.0243794336986672	-0.588108956581432	0.019	0.03	1	EMB	c32
0.136346035467328	-0.58572944912977	0.006	0.01	1	NUDT22	c32
0.0182939169818492	0.584969738025184	0.029	0.02	1	VPS29	c32
0.14574583824082	0.584195552312542	0.013	0.009	1	ATG3	c32
0.0639010192026867	0.582826856025734	0.019	0.013	1	PDAP1	c32
0.131893837829385	0.582404294624356	0.014	0.01	1	MRPL34	c32
0.0101657412743673	0.578942078435243	0.034	0.023	1	PRKAR1A	c32
0.110782442406827	-0.577968833101022	0.009	0.014	1	MYLIP	c32
0.0957311799463592	-0.575692438012036	0.009	0.015	1	ERGIC3	c32
0.0257414770200339	0.575322149305352	0.027	0.019	1	TMCO1	c32
0.103271138203696	0.574867674581013	0.016	0.011	1	TCP1	c32
0.0094218218262659	0.573199961085641	0.035	0.024	1	ECH1	c32
0.0680758071259622	0.572159930973878	0.019	0.014	1	COMMD7	c32
0.129031723687988	-0.571417498271111	0.007	0.012	1	CD46	c32
0.0837725878851717	0.571097563443626	0.018	0.013	1	CNIH1	c32
0.131084193301933	-0.570166244904828	0.007	0.012	1	RAB10	c32
0.230173292669769	-0.569896436028037	0.076	0.085	1	HLA-DQB1	c32
0.121802122307452	-0.569881717728896	0.008	0.013	1	VIM-AS1	c32
0.238381801160792	0.569126668272504	0.01	0.007	1	ADH5	c32
0.255015344218761	0.568798447354038	0.012	0.009	1	KXD1	c32
0.000310020443926985	0.566558932714809	0.063	0.043	1	PET100	c32
0.0133444487020047	0.56452348331277	0.033	0.023	1	GLIPR2	c32
0.0277005793065422	0.564211177858387	0.025	0.017	1	EIF4A3	c32
0.0721351577649953	0.564211177858387	0.019	0.014	1	POLR2J	c32
0.29721824019047	0.564211177858387	0.012	0.009	1	PCMT1	c32
0.162504077154824	0.561923001263117	0.013	0.009	1	SLC25A39	c32
0.0381690840903106	-0.561741483220112	0.013	0.022	1	HNRNPH1	c32
0.00725444133675292	0.561465801119569	0.034	0.023	1	ANKRD28	c32
0.0273182079827469	0.560872892433165	0.028	0.019	1	BIN1	c32
0.0416651973944257	-0.559376881584368	0.017	0.026	1	DENND2D	c32
0.256593964507892	0.557357506817325	0.01	0.007	1	LASP1	c32
0.00433608595159386	-0.556681383046633	0.033	0.051	1	CUTA	c32
0.0390259098344385	-0.554696944961823	0.018	0.027	1	PGLS	c32
0.138933970254474	-0.552533785724751	0.007	0.011	1	APEX1	c32
0.067308722061649	-0.551970480513479	0.013	0.02	1	TCF25	c32
0.00991162954631969	0.551091871640579	0.037	0.026	1	CSK	c32
0.156953176227731	-0.550913690056588	0.006	0.01	1	LOC100996740	c32
0.000902731067285598	0.550894452022341	0.058	0.04	1	PSMB10	c32
0.000675961547957691	-0.550208732778506	0.055	0.081	1	GPSM3	c32
0.107105477593639	-0.550046001399293	0.009	0.015	1	SP110	c32
0.0316817018077822	-0.549226253601138	0.021	0.032	1	ARL4C	c32
0.00772670941455805	-0.548091791766406	0.03	0.045	1	HLA-F	c32
0.000576859857172162	0.54733735929399	0.065	0.045	1	GNG2	c32
0.0432114837304114	0.546959013636622	0.028	0.02	1	RASAL3	c32
0.000250826409127997	0.546252394452713	0.071	0.049	1	C14orf2	c32
0.228340983688013	0.546006582480796	0.011	0.008	1	UBALD2	c32
0.124327500898841	0.544979095049793	0.016	0.012	1	ZNF207	c32
0.122924457155102	-0.54437965397631	0.009	0.014	1	LINC00869	c32
0.0265213212554688	-0.543848567999066	0.023	0.034	1	PYCARD	c32
0.00347406721673102	0.542135305450672	0.048	0.034	1	TMEM50A	c32
0.157390568663385	-0.541722266890678	0.012	0.018	1	INSIG1	c32
0.220232146475379	0.541209352496771	0.012	0.009	1	HCFC1R1	c32
0.160390037748776	-0.540302989805344	0.006	0.01	1	PTRHD1	c32
0.152635802367256	-0.537887009760349	0.007	0.011	1	CPNE1	c32
0.0546621461104409	0.537439216851221	0.023	0.016	1	ATOX1	c32
0.00460557079982419	-0.534235258161821	0.04	0.059	1	MBNL1	c32
0.256871202594951	0.532502318131049	0.011	0.008	1	C11orf73	c32
0.0186705052648946	0.531875195738697	0.037	0.027	1	NDUFB7	c32
0.177018400950616	0.529910720234867	0.014	0.01	1	EIF5B	c32
0.160329646003989	0.52959298098881	0.015	0.011	1	PUF60	c32
0.195630743017459	0.529518459692228	0.013	0.01	1	SMARCB1	c32
0.130549261361172	-0.529434843627208	0.009	0.013	1	EVI2A	c32
0.196376260464512	0.528773458363569	0.013	0.01	1	SDHD	c32
0.157494184686317	-0.528254022440726	0.007	0.011	1	PITHD1	c32
0.121728319870531	-0.526915140253993	0.009	0.015	1	CGGBP1	c32
0.11130645766439	-0.526596175556556	0.01	0.016	1	DOCK8	c32
0.125690801389109	0.5264760954948	0.017	0.012	1	COPS6	c32
0.0191435850057009	-0.526279356089521	0.023	0.035	1	SNHG15	c32
0.242421591972634	0.525239946345554	0.012	0.009	1	AKR1B1	c32
0.0957974583013122	-0.524867223516981	0.012	0.018	1	OSTC	c32
0.143564438833496	-0.524793828200359	0.008	0.012	1	TMEM167A	c32
0.116471709052572	-0.524751886342926	0.01	0.016	1	DPM3	c32
0.0179091687835579	0.522148798404434	0.036	0.025	1	DGUOK	c32
0.0914791676731966	0.52208570218571	0.02	0.015	1	CD4	c32
0.0523141635913815	0.520429485830474	0.026	0.018	1	RNF181	c32
0.18732397929628	0.518656094335841	0.014	0.01	1	PHB	c32
0.000133860582101307	-0.517639654464515	0.089	0.124	1	KLRB1	c32
0.133949031958752	0.51690546308003	0.016	0.012	1	SLC20A1	c32
0.0138388599415359	0.515732699129074	0.039	0.028	1	TBCB	c32
0.132012608001453	0.514883465494818	0.017	0.012	1	MAP4K1	c32
0.00608338273273322	-0.514755219290409	0.041	0.059	1	FUS	c32
0.0420446180588662	0.513495471347932	0.028	0.02	1	NDUFAF3	c32
0.0474056587593328	0.511375770450233	0.027	0.02	1	LMAN2	c32
0.0307430446069364	0.511218090244503	0.032	0.023	1	SELT	c32
0.0801672087102999	-0.511076949445851	0.015	0.022	1	TTC39C	c32
0.09639364919573	0.510762666433148	0.02	0.015	1	C20orf24	c32
0.0642202379189805	-0.510750879822836	0.014	0.022	1	ODC1	c32
0.0163174158805103	0.510007680343962	0.038	0.027	1	ANXA11	c32
0.0174810799248471	-0.508139666366297	0.016	0.027	1	FAM46C	c32
0.0581357249714367	-0.507268210561553	0.018	0.026	1	GNAI2	c32
0.0506665676838861	-0.507159241564114	0.014	0.022	1	COX7A2L	c32
0.0994628839816486	-0.507140010886621	0.012	0.019	1	TMEM179B	c32
0.0544935840044692	-0.507093856214746	0.019	0.027	1	UFC1	c32
0.199437634004672	0.506793480610214	0.014	0.01	1	PSMD9	c32
0.00306752923584009	0.506129810184945	0.051	0.036	1	HNRNPU	c32
0.26731416258193	0.504611035657156	0.015	0.011	1	ITGB7	c32
0.244182443233633	-0.504094835532523	0.008	0.011	1	OSM	c32
0.127566663856322	-0.50290301800015	0.01	0.015	1	TRA2A	c32
0.173573128720066	0.50272885007918	0.016	0.012	1	DBNL	c32
0.00326085629794395	-0.501186905724531	0.05	0.071	1	VAMP2	c32
0.132898858990732	0.500959621632249	0.024	0.018	1	GLRX	c32
0.14816976635544	-0.500168050278912	0.009	0.013	1	BTF3L4	c32
0.0292201321021127	0.499185034734081	0.033	0.024	1	RAC1	c32
0.123156558053174	-0.498963019991321	0.011	0.016	1	HERPUD2	c32
0.241090000812889	0.497868683029691	0.012	0.009	1	SLAMF1	c32
0.119252932677001	-0.497647292548655	0.011	0.016	1	MAX	c32
0.119027788723332	-0.496330364076664	0.012	0.017	1	RILPL2	c32
0.138151946619916	-0.494572587385392	0.011	0.016	1	MRPL18	c32
0.215734097050699	0.494338482037286	0.014	0.01	1	NELL2	c32
0.0238951822293824	-0.493657220749555	0.028	0.04	1	EIF3L	c32
0.0868687450535481	-0.492702600032346	0.015	0.022	1	ATF4	c32
0.121520322394197	-0.49237235050798	0.011	0.016	1	SNX6	c32
0.304234998342079	0.491860333633703	0.011	0.008	1	ARL5A	c32
0.0406537257493153	-0.491230906496788	0.015	0.023	1	CTSH	c32
0.238775668176985	-0.490830185699576	0.009	0.012	1	RN7SL1	c32
0.201115370368845	0.490554136133078	0.015	0.011	1	PLA2G16	c32
0.00141040586184219	0.489844741891076	0.07	0.051	1	DRAP1	c32
0.0642106663060359	0.489501611798885	0.023	0.017	1	NCR3	c32
0.0940253000216989	0.489249120177164	0.023	0.017	1	FERMT3	c32
0.0113448168481537	-0.489152047740339	0.034	0.05	1	ETS1	c32
0.108733586018828	-0.488948846485387	0.012	0.019	1	APMAP	c32
0.330573726751855	0.488690188792545	0.01	0.008	1	UPF3A	c32
0.109355963873891	0.488224577995898	0.021	0.015	1	PPP2CA	c32
0.33291706141494	0.486828646546023	0.01	0.008	1	NMT1	c32
0.160646980764957	-0.485862032571787	0.009	0.013	1	SH3GLB1	c32
0.285388333334585	0.485666401223445	0.012	0.009	1	DR1	c32
0.0562770528370141	-0.485063078983387	0.02	0.029	1	GPBP1	c32
0.137011014497358	-0.48356934194018	0.01	0.015	1	WASF2	c32
0.0249865842093772	0.483510426579866	0.037	0.027	1	DYNLRB1	c32
0.0327160392645695	0.482935103854219	0.035	0.026	1	BHLHE40	c32
0.172579702489597	-0.481885236731068	0.008	0.012	1	BAZ1A	c32
0.157556304651462	0.481876245061081	0.018	0.013	1	TOMM22	c32
0.00690163584423084	-0.481689268740851	0.053	0.072	1	CYCS	c32
0.201597200874547	-0.480136678291068	0.006	0.01	1	NCOA4	c32
0.0859355811356533	-0.478655471753473	0.016	0.023	1	RCSD1	c32
0.101369768806977	0.477556795604205	0.023	0.017	1	RER1	c32
0.428667387529741	0.477556795604205	0.011	0.009	1	CD81	c32
0.220415257169671	-0.475539979169538	0.011	0.015	1	MYC	c32
0.180928103736505	-0.473391633320202	0.008	0.012	1	TRAPPC2L	c32
0.191291778981302	0.472859371703646	0.016	0.012	1	PPP1R12A	c32
0.152362329473671	0.472648346823043	0.019	0.014	1	EIF2S2	c32
0.237636199509138	0.472458327436991	0.014	0.011	1	WNK1	c32
0.0214865434041642	0.470858752319041	0.04	0.03	1	FKBP8	c32
0.000831327955447024	0.470744006560946	0.083	0.06	1	CD53	c32
0.0581211558086832	0.470441349998797	0.03	0.022	1	SASH3	c32
0.356734562227029	0.470181980614016	0.01	0.008	1	MRPS18B	c32
0.077918885197721	-0.469736154064951	0.018	0.026	1	TMED10	c32
0.113037045875435	-0.469363316476394	0.013	0.019	1	ATRAID	c32
0.138177817633952	0.468718334892606	0.02	0.015	1	SNRPB2	c32
0.000446917586922488	-0.467584677680531	0.079	0.109	1	EIF3K	c32
0.0558436743037855	-0.46718865433411	0.022	0.031	1	PRRC2C	c32
0.0137166793256041	-0.467104077830129	0.055	0.072	1	ND6	c32
0.122271208171643	0.464896623940198	0.022	0.016	1	TMEM14B	c32
0.0637077801989998	0.464502218013241	0.028	0.021	1	DSTN	c32
0.00179286588514834	0.463975206120298	0.084	0.063	1	HOPX	c32
0.181661519738967	0.463839401681411	0.017	0.013	1	ACADVL	c32
0.190579764627347	-0.463623030338339	0.008	0.012	1	GABPB1-AS1	c32
0.162023905693331	-0.46349175093146	0.01	0.015	1	PLEC	c32
0.143556791409195	-0.462111135321893	0.011	0.016	1	FGFR1OP2	c32
0.249849983973578	0.46164144421784	0.014	0.011	1	MED30	c32
0.110201310517387	-0.460879803104444	0.014	0.02	1	TAF7	c32
0.204597201744193	-0.460556727290556	0.008	0.012	1	AHR	c32
0.0955014707233698	-0.459328378948246	0.016	0.023	1	DOK2	c32
0.143104717169949	-0.457099328387025	0.012	0.017	1	AP1S2	c32
0.22036072604712	-0.457005308051309	0.006	0.01	1	RNF126	c32
0.0114100483125788	0.456731021579893	0.051	0.037	1	NEDD8	c32
0.169306433295351	-0.456252924701329	0.009	0.014	1	MLF2	c32
0.164948525801229	0.456236423902982	0.019	0.014	1	HNRNPLL	c32
0.00286370757662919	0.455592399545034	0.072	0.054	1	MORF4L1	c32
0.259825035669438	0.455592399545034	0.014	0.011	1	GTF2A2	c32
0.122496769014431	0.455301788253827	0.023	0.017	1	HNRNPUL1	c32
0.165089568236088	-0.455284997767411	0.01	0.015	1	BIRC2	c32
0.224856296287008	0.455241118557614	0.016	0.012	1	TAP2	c32
0.00299932921308413	0.454109862813995	0.039	0.026	1	CLIC3	c32
0.349753459466578	0.453179865469643	0.011	0.008	1	ATP2A3	c32
0.00963899853471204	0.452075467527839	0.058	0.043	1	ARF5	c32
0.214492923280987	0.451908208233594	0.016	0.012	1	SEPT2	c32
0.00194845387473936	0.45147494479146	0.067	0.048	1	NR3C1	c32
0.146059176365999	0.4505469610426	0.021	0.016	1	NAPA	c32
0.106606639193132	0.449923485068892	0.024	0.018	1	FAM107B	c32
0.0845468307736225	0.449611245379372	0.034	0.027	1	TECR	c32
0.228526552935753	0.449568611917265	0.014	0.011	1	MANF	c32
0.134979752035664	-0.448707431345934	0.005	0.01	1	MAPK1	c32
0.0624790329690677	0.448038108158394	0.031	0.023	1	MEAF6	c32
0.264129763033135	0.447566259006116	0.014	0.011	1	PSMD4	c32
0.00100661499062442	-0.446583906177382	0.089	0.118	1	ZFP36L1	c32
0.306286736171224	0.446311298171596	0.012	0.01	1	KIF2A	c32
0.0844542034903584	-0.446193576208457	0.019	0.026	1	UBE2B	c32
0.00350327298946039	-0.446142420740224	0.061	0.083	1	GSTK1	c32
0.0191255091971539	-0.44605715759544	0.043	0.058	1	SOCS1	c32
0.0943394133505336	-0.445315526447207	0.017	0.024	1	PAK2	c32
0.0899909660708435	-0.445204248885474	0.018	0.025	1	BIN2	c32
0.18042164473027	-0.443168352507211	0.009	0.014	1	LINC01420	c32
0.0210541130574386	-0.442797880660977	0.033	0.046	1	C4orf3	c32
0.121362835100279	-0.442154023551841	0.009	0.014	1	WARS	c32
0.189928528228514	-0.440932125417573	0.009	0.013	1	TNIP1	c32
0.0541638215198006	-0.440868739505966	0.019	0.028	1	CNPY3	c32
0.296753656939558	0.440653582334568	0.013	0.01	1	B3GNT2	c32
0.116360433989892	-0.437314676372573	0.012	0.018	1	C19orf10	c32
0.114832105249114	0.436773230009869	0.025	0.019	1	MFSD10	c32
0.21856463715455	0.435696437335706	0.017	0.013	1	FAM96A	c32
0.197798789051246	-0.433497010633624	0.009	0.013	1	RBMS1	c32
0.210820657901712	-0.433288483489966	0.008	0.012	1	LMBRD1	c32
0.311911271914591	0.430877295857408	0.013	0.01	1	TXN2	c32
0.350810872935948	-0.429592556177708	0.007	0.01	1	BAG3	c32
0.302622677381203	0.429281597772278	0.012	0.01	1	PPIF	c32
0.0524905266967178	0.427638124982943	0.036	0.027	1	MRPL41	c32
0.172661752606722	0.427442598108497	0.025	0.02	1	RSRC2	c32
0.066942605414095	-0.427175691836906	0.024	0.033	1	TRAF3IP3	c32
0.0237521871845117	-0.426032246897765	0.048	0.064	1	CLDND1	c32
0.0980114863008678	-0.425804733568991	0.022	0.03	1	FAM177A1	c32
0.202051762366652	0.425459107911193	0.019	0.014	1	PRPF4B	c32
0.0921062640640491	0.424904545136388	0.033	0.026	1	ATP5H	c32
0.000461703856963988	-0.424293183303784	0.093	0.125	1	LOC101929876	c32
0.181968140966777	0.424165459545999	0.02	0.016	1	IRF9	c32
0.421945110201045	0.422253513364841	0.01	0.008	1	ELOVL1	c32
0.156235540754625	-0.421574962921913	0.012	0.018	1	VDAC2	c32
0.163082769946174	-0.421574962921913	0.012	0.018	1	TGIF1	c32
0.00251367769628702	0.421329474381885	0.078	0.058	1	RBM8A	c32
0.429696288849004	0.420475700396937	0.01	0.008	1	CALCOCO2	c32
0.443094895752005	0.420475700396937	0.013	0.011	1	FAM50A	c32
0.0150608740285208	0.420156837528828	0.059	0.045	1	C19orf53	c32
0.053861511095687	0.41996815596219	0.037	0.028	1	MTDH	c32
0.230447139833603	-0.419900710432776	0.007	0.01	1	FBXO7	c32
0.0253000179332056	0.419488972336525	0.048	0.037	1	SRRM1	c32
0.190618819444181	-0.41920593794601	0.011	0.015	1	TMX4	c32
0.197665297899896	-0.418243392570002	0.009	0.014	1	SLTM	c32
0.0425227798611497	-0.418036701864774	0.033	0.045	1	CELF2	c32
0.00231769409169325	-0.417989507112554	0.481	0.465	1	RPS26	c32
0.0626302769199549	-0.417100801236836	0.028	0.038	1	TMEM59	c32
0.0463743583137876	-0.417068686956662	0.031	0.042	1	ELF1	c32
0.0186238594465926	0.416953086582718	0.051	0.039	1	TSTD1	c32
0.334409519142981	0.413582734389554	0.013	0.01	1	HNRNPL	c32
0.185075595555882	0.410251468547072	0.029	0.023	1	PTPN22	c32
0.0182426973443469	0.409805594198033	0.055	0.042	1	ATP5O	c32
0.0779512877063177	-0.407407020771791	0.025	0.034	1	ISCU	c32
0.031173779479864	-0.406669967122078	0.039	0.052	1	SON	c32
0.245440932852199	-0.406291924897117	0.009	0.012	1	SNORD3A	c32
0.24461823467581	-0.405941288113062	0.007	0.01	1	ADAR	c32
0.220615933369684	-0.405707482903753	0.009	0.012	1	GRK6	c32
0.0430027126896235	-0.405650451494622	0.03	0.042	1	PPP1R2	c32
0.0843527065577132	-0.405634411004586	0.024	0.033	1	NDFIP1	c32
0.157687884750796	-0.405461331215578	0.014	0.019	1	MATK	c32
0.0383445726383244	-0.405373409719235	0.031	0.043	1	ATP6V0B	c32
0.12163344986067	-0.404830375748827	0.018	0.025	1	PRPF38B	c32
0.108856890983396	0.403879724654191	0.029	0.022	1	NDUFS7	c32
0.164476418553823	-0.402976952066691	0.013	0.018	1	ATRX	c32
0.452108868431965	0.402817033900431	0.01	0.008	1	NDUFS2	c32
0.0122208573641131	0.400830694421185	0.064	0.049	1	HCLS1	c32
0.26851610129029	-0.398910596611539	0.007	0.01	1	LMAN1	c32
0.244939054154515	-0.398462027292349	0.008	0.011	1	DNAJC4	c32
0.419672407770254	0.398435934144647	0.01	0.008	1	PDIA4	c32
0.138522961786662	-0.398141535223745	0.016	0.022	1	RNH1	c32
0.160100334935086	-0.39808811295639	0.018	0.024	1	SPNS1	c32
0.198550503428985	0.395813646162669	0.022	0.017	1	PPIG	c32
0.230680591268748	-0.395735572621175	0.009	0.012	1	ADAM8	c32
0.207491953074727	-0.394978583513703	0.01	0.014	1	CASP4	c32
0.0893853826413223	0.393314991565606	0.033	0.026	1	MYEOV2	c32
0.024046902326153	-0.392344642852452	0.047	0.062	1	HIGD2A	c32
0.00844319257230754	0.39098498588411	0.069	0.053	1	CD247	c32
0.153264884964588	-0.390750498690791	0.016	0.022	1	CEBPB	c32
0.244992768262269	-0.390750498690791	0.008	0.011	1	FLOT1	c32
0.389085658611755	0.389355413359519	0.012	0.01	1	TBCD	c32
0.145521468939815	0.388699249719184	0.027	0.021	1	VCP	c32
0.223852092522958	-0.388518337581226	0.009	0.013	1	RASA2	c32
0.366998600027593	0.387010504307011	0.013	0.011	1	EIF6	c32
0.246601023490024	-0.385785442198959	0.009	0.013	1	SYAP1	c32
0.145043205518933	-0.385397863032837	0.018	0.024	1	DNAJB6	c32
0.247333881144459	-0.383914981783064	0.009	0.012	1	DHPS	c32
0.183876336991416	-0.380326038488318	0.019	0.024	1	CD40LG	c32
0.00148140637275411	-0.379897621249568	0.024	0.042	1	MS4A1	c32
0.0113944083991537	0.378093007005141	0.016	0.009	1	CCL20	c32
0.0092618937580092	-0.376363851535037	0.075	0.096	1	CYTIP	c32
0.165252452691345	0.376038509729173	0.026	0.021	1	CAPZA1	c32
0.0752772017940338	-0.375218555280661	0.031	0.041	1	ARHGEF1	c32
0.175778335649903	-0.375202669280575	0.016	0.022	1	PPT1	c32
0.273315740552817	-0.374029799393655	0.007	0.01	1	DOCK10	c32
0.306249989123933	0.373658478877231	0.017	0.014	1	ACP1	c32
0.0551004955960863	-0.372289534073586	0.036	0.047	1	EIF3H	c32
0.414847027117692	0.372273476758252	0.012	0.01	1	MAP2K3	c32
0.279132324332767	0.371566099915992	0.019	0.015	1	FBL	c32
0.00413321048729634	-0.371335219953616	0.088	0.113	1	SLC25A6	c32
0.00491228845073432	0.370564576070918	0.09	0.07	1	C9orf142	c32
0.166709711568793	0.369745664291622	0.025	0.02	1	KLRC4	c32
0.00080366837667648	0.368563611754468	0.119	0.092	1	ATP5I	c32
0.0901274127951174	0.368405759022663	0.043	0.034	1	TOMM6	c32
0.201673426433754	-0.366538014662496	0.014	0.019	1	ATP1A1	c32
0.187213119556609	-0.365038775398258	0.015	0.02	1	PSMB8-AS1	c32
0.09098218666932	-0.364046333256011	0.023	0.032	1	SYTL3	c32
0.411610419170018	0.363573309162461	0.013	0.011	1	AKR1A1	c32
0.203075973396	-0.362992996543119	0.013	0.018	1	RAB5C	c32
0.363098095005644	0.362577316688736	0.015	0.012	1	SRRT	c32
0.240286722651531	-0.36230468782735	0.01	0.014	1	UBAC2	c32
0.361456472809232	0.361866314239331	0.016	0.013	1	ADRM1	c32
0.0441761221572646	-0.361788240697837	0.041	0.054	1	SELK	c32
0.255200609735572	-0.361510077187693	0.009	0.013	1	EFHD2	c32
0.249878173912955	-0.360237789134437	0.01	0.014	1	BCL11B	c32
0.27060136716854	-0.359979218465963	0.009	0.012	1	JMJD6	c32
0.139981002719303	0.359884294868356	0.031	0.025	1	MRPL57	c32
0.0162130777646331	0.359331435902502	0.07	0.055	1	RAP1B	c32
8.52901810679577e-05	0.357431815712355	0.174	0.136	1	EMP3	c32
0.270638241152665	-0.356354354647209	0.009	0.012	1	ARRDC1	c32
0.00169994792254257	-0.356333171097796	0.172	0.205	1	CST7	c32
0.247063055321034	-0.355749324216497	0.011	0.015	1	STUB1	c32
0.492698315500827	0.35483208415619	0.011	0.009	1	APOA1BP	c32
0.295428712885325	-0.354538501618449	0.007	0.01	1	ZSCAN16-AS1	c32
0.362338845699581	0.354238015776007	0.015	0.012	1	PDCL3	c32
0.151854681666864	-0.3541346681544	0.012	0.018	1	CMTM7	c32
0.00105698069836468	-0.354033023384507	0.114	0.146	1	OST4	c32
0.474606517070423	0.353644191918728	0.012	0.01	1	DDTL	c32
0.181849248489304	0.352521409574413	0.028	0.022	1	ELOVL5	c32
0.16283645297088	-0.352356456774616	0.019	0.025	1	SYF2	c32
0.0853363528860632	-0.351746924544726	0.033	0.042	1	VPS28	c32
0.101883910748886	-0.351628374477615	0.021	0.029	1	LOC284454	c32
0.333775028109645	0.350807539749193	0.017	0.014	1	GSDMD	c32
0.286498085323458	-0.3502373780264	0.008	0.011	1	AZIN1	c32
0.20178318130465	-0.349949219386668	0.017	0.022	1	ZNRD1	c32
0.1037199304765	-0.349894562116583	0.021	0.029	1	FIS1	c32
0.394482606756233	0.348310747615688	0.015	0.012	1	TANK	c32
0.244580424728534	-0.347495619828255	0.011	0.015	1	OCIAD1	c32
0.264313783317909	0.346089193900168	0.022	0.018	1	RPN2	c32
0.248127908007462	-0.345881849788476	0.012	0.016	1	MACF1	c32
0.0235797182070105	0.344585421474589	0.075	0.06	1	ARL6IP5	c32
0.215100243495869	-0.343721382632414	0.04	0.048	1	RNA45S5	c32
0.309271713715337	-0.343595123931867	0.007	0.01	1	TARSL2	c32
0.0385581978316466	0.343468493741032	0.058	0.046	1	SEPW1	c32
0.711518736550002	0.341426239843993	0.01	0.009	1	RELB	c32
0.378055439512942	0.340748507926203	0.016	0.014	1	MOB1A	c32
0.383402810354297	0.340417401345326	0.016	0.013	1	SRSF9	c32
0.105090265351669	-0.339542336053809	0.028	0.037	1	PTGER4	c32
0.0799033014412396	0.337732504840115	0.045	0.036	1	LBH	c32
0.15526221329002	0.337542517627112	0.033	0.027	1	MAT2B	c32
0.0760747887194084	-0.336253148590699	0.03	0.04	1	ICAM3	c32
0.0641161063421639	0.334876290586809	0.051	0.04	1	NHP2L1	c32
0.112417019334772	-0.332838058753702	0.031	0.04	1	FYN	c32
0.266219474428048	-0.332322097000784	0.011	0.015	1	ZNF428	c32
0.145710939522888	0.331613974515882	0.035	0.028	1	CD6	c32
0.569317479832457	0.330924115418645	0.01	0.009	1	AIMP1	c32
0.259937948538169	0.329724455704896	0.024	0.02	1	SSBP1	c32
0.322158273660188	-0.328873618225101	0.007	0.01	1	RNF125	c32
0.160323978215594	-0.327393171670471	0.023	0.029	1	VAPA	c32
0.318364247197309	-0.327393171670471	0.007	0.01	1	CELF1	c32
0.436408470178681	0.327171980557537	0.015	0.012	1	NDUFV1	c32
0.0983302960916867	0.325246708441854	0.045	0.036	1	CD164	c32
0.156158314124464	0.323497659748001	0.045	0.038	1	ITGA4	c32
0.263827123007098	-0.321456146662618	0.008	0.011	1	ICAM1	c32
0.000437263494818	-0.321430808885175	0.38	0.412	1	H3F3B	c32
0.0191698008095397	-0.320955521287104	0.079	0.099	1	ITGB2	c32
0.161803920610162	-0.320736298810234	0.023	0.03	1	ST13	c32
0.491756428599288	0.320387375990428	0.013	0.011	1	PRPF40A	c32
0.0258284758128191	0.320024813884003	0.074	0.059	1	TRMT112	c32
0.201820019793616	-0.317733060619902	0.008	0.012	1	G3BP1	c32
0.0558584310282934	0.317581965659987	0.056	0.045	1	ARF6	c32
0.487669452582768	0.317432662782513	0.012	0.01	1	PTPRA	c32
0.341049732228652	-0.316987289064969	0.007	0.01	1	DNAJC19	c32
0.545600840766861	0.316283664414801	0.012	0.01	1	PPP1R7	c32
0.555353992912378	0.315753447892243	0.011	0.009	1	AMZ2	c32
0.124749436056244	-0.315573190131452	0.012	0.018	1	SUPT3H	c32
0.592225589293508	0.315147724665354	0.01	0.009	1	MRPS18C	c32
0.205539086187085	-0.314598226145368	0.019	0.024	1	RNF7	c32
0.441718629767453	0.312672410862422	0.016	0.013	1	DNAJA2	c32
0.0287459911476451	0.311664277324913	0.078	0.063	1	RPL22L1	c32
0.325574468162935	-0.311279558210363	0.008	0.011	1	LRPAP1	c32
0.166583654801812	-0.310726271514842	0.024	0.031	1	SP100	c32
0.562151601997309	0.310365943479253	0.011	0.009	1	DUSP16	c32
0.340314093982594	-0.308007830361879	0.007	0.01	1	CNOT2	c32
0.326360069420907	-0.307871347220877	0.008	0.011	1	CSNK1A1	c32
0.133219601124381	-0.306961129499271	0.071	0.082	1	RGS2	c32
0.57980352738956	0.305764041520244	0.011	0.009	1	GLS	c32
0.25253900708115	-0.305754205783509	0.015	0.019	1	RPS19BP1	c32
0.321068254895799	-0.30328190432236	0.01	0.013	1	STARD7	c32
0.199869499257014	0.302704241771186	0.034	0.028	1	JTB	c32
0.523397957170429	0.302551422000811	0.018	0.016	1	CLPP	c32
0.352240870672228	0.301617222353427	0.019	0.016	1	GCHFR	c32
0.143009289504722	0.301593194322444	0.042	0.035	1	PEBP1	c32
0.0484938837089443	-0.301487730430022	0.043	0.056	1	IRF1	c32
0.184980444857	0.301176772024593	0.042	0.035	1	GTF3A	c32
0.0610616354569999	-0.300344820569973	0.04	0.052	1	GIMAP4	c32
0.0535473602761062	-0.300094495130156	0.057	0.071	1	EIF3F	c32
0.538898642447455	0.299830346317076	0.012	0.011	1	SRA1	c32
0.347652029445733	-0.299727272565585	0.007	0.01	1	ETNK1	c32
0.33622199278642	-0.299658639800372	0.008	0.011	1	CAMLG	c32
0.269755764291651	0.299096461583545	0.033	0.028	1	EMD	c32
0.29039801357129	-0.298972132511239	0.012	0.016	1	IDI1	c32
0.29201338450551	-0.298972132511239	0.012	0.015	1	BTN3A2	c32
0.0588409538169915	-0.298616635671915	0.065	0.08	1	GPX4	c32
0.0457436133190696	0.298189206159095	0.097	0.081	1	ISG20	c32
0.201199995167826	0.298126675664642	0.033	0.027	1	KLRC3	c32
0.344717486336651	-0.297598137130348	0.008	0.01	1	MIER1	c32
0.299119213776715	-0.297555178682271	0.012	0.015	1	IMP3	c32
0.489922789198645	0.296604042234769	0.015	0.013	1	HADHA	c32
0.351778192673238	-0.29594761349807	0.007	0.01	1	CNOT7	c32
0.334649740928408	0.295843327721552	0.023	0.019	1	NT5C	c32
0.344745447238245	-0.295534687375644	0.008	0.01	1	RNPEPL1	c32
0.628334443266738	0.294648729027095	0.01	0.009	1	ATP2B4	c32
0.238938122316566	-0.294607820296559	0.019	0.025	1	VAMP5	c32
0.676084237850947	0.292425067502436	0.036	0.034	1	LMNA	c32
0.272182826933279	0.292183678636021	0.025	0.021	1	SPCS3	c32
0.139722500504114	-0.291916533468891	0.033	0.042	1	RHOG	c32
0.341195396460798	-0.290766013019632	0.009	0.011	1	WDR33	c32
0.075865935359537	0.290340110764366	0.06	0.049	1	CD97	c32
0.288744781261721	-0.287396982248942	0.014	0.018	1	C1orf86	c32
0.550027580748135	0.287249813982516	0.013	0.011	1	PSMF1	c32
0.00767523364812142	0.287179460609832	0.146	0.121	1	LIMD2	c32
0.131813710415521	-0.286212466091103	0.015	0.021	1	CDC42SE1	c32
0.318360055044921	-0.285819842591364	0.011	0.014	1	LUC7L3	c32
0.353973111118719	0.284285774326707	0.023	0.02	1	RHOF	c32
0.359724387597656	0.283555850182177	0.023	0.02	1	APBB1IP	c32
0.554898349124848	0.283474770291134	0.013	0.011	1	HSPA9	c32
0.184448479522084	-0.283022195976498	0.03	0.037	1	SF3B5	c32
0.32163692867418	-0.282767595245071	0.011	0.014	1	WTAP	c32
0.369974827141452	0.282595346282867	0.023	0.019	1	C17orf62	c32
0.222898643545943	-0.280827870067661	0.023	0.029	1	DYNLT1	c32
0.333845307371491	0.279823531288415	0.025	0.021	1	CMPK1	c32
0.364207318224704	-0.279326080505863	0.018	0.022	1	UGP2	c32
0.218227690153457	0.279146925203996	0.037	0.031	1	MATR3	c32
0.559796382092693	0.279083001173976	0.013	0.011	1	SDHAF2	c32
0.292481806599513	-0.278919973524747	0.016	0.021	1	SNHG7	c32
0.0937898342122578	-0.278581463694036	0.055	0.067	1	STK17B	c32
0.348033510789795	0.278456695524509	0.025	0.021	1	SH3KBP1	c32
0.615414461621623	0.275641679917455	0.012	0.01	1	KCNAB2	c32
0.22500446379432	0.275239982840966	0.025	0.02	1	TMEM107	c32
0.0818556514714207	-0.27268260653668	0.069	0.083	1	TUBA1A	c32
0.00579132320619149	0.272152953439836	0.111	0.089	1	HSPE1	c32
0.268482457809747	-0.270686204156145	0.018	0.023	1	RAP1A	c32
0.1006649660961	0.270470459630306	0.058	0.048	1	RGS10	c32
0.663845010435929	0.269094592320818	0.05	0.047	1	HSPA5	c32
0.223685018814372	-0.267794708840607	0.037	0.043	1	RHOC	c32
0.21152709562127	0.267651527594286	0.04	0.034	1	SKAP1	c32
0.152812851395678	-0.26598091781725	0.014	0.02	1	ATP5EP2	c32
0.376414659489691	-0.265863820699301	0.009	0.011	1	ARAP2	c32
0.0401583493183607	-0.265503101847343	0.076	0.092	1	RNASEK	c32
0.492713420909839	0.264901385633043	0.018	0.016	1	SSR1	c32
0.49817869601381	0.264800251042926	0.017	0.015	1	ENY2	c32
0.30014594599337	-0.264223462318045	0.016	0.02	1	KTN1	c32
0.107940065661034	0.263368646327713	0.062	0.052	1	RABAC1	c32
0.128671232294084	-0.262735154554295	0.047	0.057	1	ATP6V0E1	c32
0.485113109647121	0.261648407837955	0.018	0.015	1	ANKRD10	c32
0.617025220174748	0.261425614996669	0.018	0.016	1	RHBDD2	c32
0.34810205690567	-0.26121911793304	0.011	0.014	1	EPS15	c32
0.352984175673636	-0.260702115583523	0.011	0.014	1	LSM14A	c32
0.280756673540208	-0.260702115583522	0.02	0.025	1	SIGIRR	c32
0.0653660977620227	0.260447481100951	0.079	0.066	1	UBE2D3	c32
0.335618712783844	-0.259408798562001	0.013	0.017	1	RNF166	c32
0.352311691248938	-0.259149995970781	0.011	0.014	1	POLR3GL	c32
0.361898965506482	0.257675133388006	0.026	0.023	1	DEF6	c32
0.052505399212528	0.257347928587291	0.073	0.06	1	ID2	c32
0.134518938995481	0.257322482435166	0.055	0.046	1	MYH9	c32
0.0195139855131776	0.257257529818677	0.077	0.061	1	ATF3	c32
0.186313790322989	-0.256818681096294	0.023	0.03	1	ACTR2	c32
0.0518624067998215	0.256700693930191	0.097	0.082	1	EDF1	c32
0.42476792747576	0.256388850277755	0.027	0.024	1	KRT10	c32
0.381403454429059	-0.256170424495457	0.009	0.011	1	CCNDBP1	c32
0.0850987938546999	0.255102761445433	0.069	0.058	1	SEPT1	c32
0.287145113850291	-0.254124012808895	0.019	0.024	1	EIF1B	c32
0.597013714421246	0.252588609753831	0.014	0.012	1	CLNS1A	c32
0.630913174825103	0.251656636180795	0.018	0.016	1	PAG1	c32
0.390521490139931	-0.251624453916045	0.009	0.011	1	POLR2F	c32
0.362312589132296	-0.251364251004186	0.011	0.014	1	SUPT4H1	c32
0.411415936427427	0.251241810364674	0.024	0.021	1	C7orf73	c32
0.00281612173374764	-0.250240032939619	0.082	0.108	1	GZMK	c32
0.469214390474951	0.24993665551446	0.02	0.018	1	POLR2K	c32
0.393892015309355	-0.249020310535887	0.009	0.011	1	NCF4	c32
0.305736565029443	-0.247816810953361	0.019	0.024	1	G3BP2	c32
0.522624914902268	0.246870352466676	0.018	0.016	1	MAF1	c32
0.13002219174057	0.246703286860457	0.045	0.037	1	KLRC2	c32
0.0396776590804693	-0.246321413404408	0.038	0.051	1	SELL	c32
0.464319447768024	0.246214134560939	0.021	0.018	1	RPN1	c32
0.695546592384302	0.245768076818335	0.011	0.01	1	MRPL53	c32
0.673302596464211	0.245722166937795	0.012	0.01	1	PSMD13	c32
0.225701142456356	0.245645653716655	0.041	0.035	1	CMTM6	c32
0.431305576885747	0.245033693987059	0.023	0.02	1	MRPL20	c32
0.651049485038816	0.244593243658226	0.018	0.016	1	MYO1G	c32
0.603130877920416	0.244454182012652	0.014	0.012	1	GPRIN3	c32
0.23731049249488	-0.242984585388212	0.027	0.033	1	SLC38A2	c32
0.672021368822071	0.242970244232355	0.012	0.01	1	ZNF292	c32
0.41606953944847	-0.241536881169667	0.008	0.01	1	PDLIM2	c32
0.394191422767682	-0.239666822524669	0.009	0.012	1	GGNBP2	c32
0.213475423125828	-0.239153048768589	0.049	0.057	1	HLA-DMA	c32
0.352792394701155	-0.236717475039785	0.01	0.013	1	ATP1B3	c32
0.257016367897108	-0.236068514571792	0.036	0.042	1	CARD16	c32
0.631954509865568	0.235789320885524	0.014	0.013	1	THEMIS	c32
0.399753378752353	0.235429411929961	0.008	0.01	1	SMIM14	c32
0.412204420308756	-0.234988931299523	0.01	0.013	1	FAM173A	c32
0.496135353484258	0.234452968548601	0.021	0.018	1	PFDN2	c32
0.348780436072492	-0.234373534571485	0.016	0.02	1	PRMT2	c32
0.417952063558059	-0.234373534571485	0.008	0.01	1	C17orf89	c32
0.719643994826522	0.234062576166056	0.011	0.01	1	ANXA7	c32
0.556001186327015	0.232697034141826	0.018	0.016	1	PDCD6	c32
0.737120214981813	0.232502062178439	0.01	0.009	1	STX11	c32
0.68958101574678	0.231441876006921	0.018	0.016	1	TMED9	c32
0.750352261217412	0.230943234321877	0.01	0.009	1	PDCD10	c32
0.420748141537749	-0.229337944674187	0.008	0.01	1	XRN2	c32
0.221491836998047	0.225888644720357	0.055	0.047	1	RPSAP58	c32
0.430958014055412	-0.225730303282166	0.008	0.01	1	ACAA1	c32
0.32615113877709	0.225173837669669	0.029	0.025	1	MAPRE2	c32
0.891531267869295	0.22317426002332	0.012	0.011	1	MPG	c32
0.413184528026695	-0.222527412557294	0.01	0.013	1	BNIP2	c32
0.557595761981637	0.220942712724738	0.025	0.022	1	CFLAR	c32
0.775528549095018	0.219305405355912	0.01	0.009	1	SUMO1P3	c32
0.38236860984964	0.21796090187444	0.04	0.036	1	IQGAP1	c32
0.437630098364262	-0.217034977868514	0.008	0.01	1	RNMT	c32
0.46221876604378	0.216989062807114	0.026	0.023	1	WAS	c32
0.308712761921999	0.215760909010362	0.041	0.036	1	ARGLU1	c32
0.361425489104914	-0.214320909033463	0.019	0.023	1	C19orf70	c32
0.332636382689612	0.212578626021367	0.039	0.034	1	LRRFIP1	c32
0.43766258786017	-0.212162800866055	0.009	0.012	1	RNF145	c32
0.0570205671967002	-0.211268410911033	0.11	0.128	1	C12orf57	c32
0.0774901934759951	-0.210418073737693	0.1	0.116	1	UQCR11	c32
0.358194185130635	-0.210310420931423	0.019	0.023	1	EIF3D	c32
0.000500321402694963	0.209836460486167	0.08	0.057	1	XCL2	c32
0.364235276472325	0.209733246804316	0.037	0.033	1	PAIP2	c32
0.785653286831221	-0.206083998094345	0.333	0.314	1	S100A6	c32
0.0389975728641338	0.204538301197789	0.071	0.057	1	LGALS3	c32
0.191107729124157	0.204157793470174	0.065	0.057	1	GYPC	c32
0.460925332612464	-0.203892928116724	0.008	0.01	1	CSNK1D	c32
0.365997080869673	-0.202577177597998	0.022	0.026	1	C16orf13	c32
0.397362073707911	-0.2022854293582	0.016	0.019	1	TAX1BP1	c32
0.4276935050421	-0.201727628174194	0.015	0.018	1	PDE4D	c32
0.201685778178529	0.201054040463181	0.069	0.061	1	NDUFA3	c32
0.187612631353519	-0.199905841102407	0.059	0.068	1	SSR2	c32
0.374577983536026	-0.19901248264251	0.021	0.025	1	MRPL33	c32
0.468928054641057	-0.197276735441888	0.008	0.01	1	SAP30BP	c32
0.387471344826161	-0.196628187424273	0.019	0.022	1	LAMTOR1	c32
0.205714095163695	-0.196601158262188	0.007	0.011	1	MMP24-AS1	c32
0.338529363525192	-0.196195660051557	0.034	0.039	1	SDCBP	c32
0.648107418333957	0.196076211956155	0.017	0.016	1	SDF4	c32
6.69814625122746e-05	-0.195343332751366	0.273	0.328	1	IFITM1	c32
0.68770598004048	0.195040687336872	0.016	0.014	1	NCOR1	c32
0.817101482720089	0.194787427432616	0.01	0.009	1	P2RY10	c32
0.449682036692516	-0.193489422077587	0.011	0.013	1	PPP3CC	c32
0.664377977056383	0.193301797560949	0.017	0.016	1	SNX17	c32
0.457331754659185	-0.192947564778864	0.011	0.013	1	U2SURP	c32
0.463153663555543	0.192288099486015	0.031	0.028	1	REEP5	c32
0.449054677355987	-0.192202178536042	0.012	0.014	1	LAMTOR5	c32
0.377386494832078	-0.190959011685409	0.01	0.013	1	CCL3L1	c32
0.633584787549336	0.190569594591392	0.019	0.017	1	TRAT1	c32
0.481848770638178	-0.189148854558488	0.009	0.011	1	INO80E	c32
0.760424379243259	0.18912305862725	0.012	0.012	1	KDELR2	c32
0.633323725000912	0.188344275860221	0.015	0.013	1	PELI1	c32
0.513656765389244	0.186670521578529	0.037	0.033	1	SRSF11	c32
0.738996637611711	0.185421444716396	0.014	0.013	1	PCED1B	c32
0.791065791881804	0.183719190476416	0.012	0.011	1	CHCHD5	c32
0.647170585836598	0.18237604670554	0.02	0.019	1	RAB7A	c32
0.592755928090302	0.181784042620649	0.023	0.021	1	EIF1AX	c32
0.833491686986743	0.181176995913964	0.01	0.01	1	PHTF2	c32
0.483929726430071	-0.180974923112788	0.009	0.011	1	DIAPH1	c32
0.706573372953564	0.180926157863972	0.016	0.014	1	GTF2B	c32
0.682373573083816	0.179547327623061	0.018	0.016	1	RASSF5	c32
0.246214228954418	0.179280433710379	0.069	0.061	1	SAMSN1	c32
0.578933944934234	0.178511223635123	0.025	0.023	1	CTSA	c32
0.494610768376126	-0.177991064673967	0.008	0.01	1	DUSP23	c32
0.68882838765997	0.177356446350251	0.018	0.016	1	SYPL1	c32
0.708887324910445	0.175645889940734	0.016	0.015	1	HSBP1	c32
0.647582289248095	0.174215354334293	0.016	0.015	1	RAPGEF6	c32
0.260958759109407	-0.174127757716512	0.012	0.016	1	GATA3	c32
0.0718616251767356	0.174020775670456	0.13	0.114	1	EVL	c32
0.48836308033217	-0.173303909759859	0.011	0.013	1	MTCH1	c32
0.674363133376545	0.172749610345077	0.019	0.018	1	OPTN	c32
0.840711611149275	0.171326820818093	0.011	0.01	1	SRP19	c32
0.412512665718393	-0.17103589908152	0.037	0.041	1	RNF213	c32
0.277561655245931	-0.170850705839081	0.06	0.068	1	APRT	c32
0.461721746852064	-0.170691949850927	0.015	0.017	1	PCNP	c32
0.533284807461179	-0.170215577041286	0.009	0.011	1	GLUD1	c32
0.000160879092529693	0.169530205849524	0.23	0.186	1	S100A11	c32
0.0358231233868878	0.168913745911319	0.303	0.278	1	CD52	c32
0.300297913235303	-0.16744496219904	0.041	0.047	1	PRDM1	c32
0.472708936798633	-0.16710274853123	0.014	0.017	1	PRKACB	c32
0.836654878545316	0.16620337897886	0.01	0.01	1	TRAF1	c32
0.367337032150229	0.166135670658261	0.04	0.035	1	PIM2	c32
0.783901469325415	0.162796962443518	0.014	0.013	1	COX16	c32
0.447326636687355	-0.162484050317671	0.022	0.025	1	TERF2IP	c32
0.476725447322302	-0.16222374881565	0.016	0.019	1	LAMP1	c32
0.496565879135012	-0.161720366032842	0.013	0.016	1	SVIP	c32
0.442791745494582	-0.16163382942598	0.024	0.028	1	SUN2	c32
0.398341870977903	-0.160533125498781	0.015	0.018	1	MAF	c32
0.475293287543617	-0.160533125498781	0.016	0.018	1	TMEM230	c32
0.759154460386234	0.16020772885452	0.011	0.01	1	RTKN2	c32
0.332579114310754	0.16013233485409	0.076	0.069	1	RPS17	c32
0.814987702855289	0.160092354785852	0.013	0.013	1	PHIP	c32
0.421182292880631	0.159796166319803	0.056	0.051	1	ARL6IP4	c32
0.807439731026372	0.159515622801003	0.014	0.013	1	SP140	c32
0.467238860025296	-0.158254846612705	0.024	0.027	1	C4orf48	c32
0.520281566201624	-0.157686968218878	0.008	0.01	1	FGD3	c32
0.156604421825885	0.157643916987827	0.076	0.066	1	TNF	c32
0.398637162754969	-0.157022227956717	0.037	0.042	1	MRPS21	c32
0.250870575294788	0.155672315878285	0.069	0.061	1	KRTCAP2	c32
0.526388399647248	-0.154245798734999	0.009	0.011	1	SMIM7	c32
0.0923068594927046	0.153264323271362	0.316	0.298	1	SRGN	c32
0.593286500725939	0.153142580782489	0.03	0.027	1	CD47	c32
0.0929497225124185	0.152410236394386	0.131	0.115	1	GZMH	c32
0.666320555791792	0.152168548843816	0.023	0.022	1	CANX	c32
0.518516277325189	-0.151398343172908	0.01	0.012	1	WHSC1L1	c32
0.785234095373515	0.151137865460057	0.016	0.015	1	PAFAH1B1	c32
0.275163620119604	0.149083286985209	0.081	0.073	1	KLRD1	c32
0.40714023172333	-0.147528440019646	0.046	0.051	1	FLNA	c32
0.767111640760845	0.146085496791972	0.015	0.014	1	LOC100996919	c32
0.775762352005677	0.145146925967541	0.017	0.016	1	GPS2	c32
0.717264864554647	0.144764011241533	0.021	0.02	1	MRPL54	c32
0.543945311372232	-0.144578384578539	0.009	0.011	1	FBXW5	c32
0.517745974360004	-0.144449047087674	0.015	0.017	1	IK	c32
0.157040597744087	0.142239093627024	0.13	0.117	1	HNRNPDL	c32
0.708759272191473	0.140953171774575	0.019	0.017	1	RBBP6	c32
0.316419746676608	-0.139601580616945	0.03	0.035	1	SCAND1	c32
0.856211071681353	0.139473892902883	0.013	0.013	1	ADSS	c32
0.11078276604628	-0.138962086205634	0.162	0.179	1	COX7C	c32
0.888420875077683	0.138905343125716	0.012	0.011	1	TEX264	c32
0.206345114119088	-0.138803640783186	0.04	0.048	1	AES	c32
0.548325231941194	-0.138793063956385	0.01	0.012	1	SARS	c32
0.403918781647373	-0.137906201220901	0.012	0.014	1	LEF1	c32
0.510623386183215	-0.137285072765581	0.021	0.024	1	TRABD	c32
0.438872545058738	-0.137216932723491	0.023	0.026	1	H2AFJ	c32
0.954614675975465	0.137201036913466	0.017	0.017	1	RWDD1	c32
0.551349038603953	-0.13679753853141	0.009	0.011	1	LINC00674	c32
0.482144853769387	-0.136729099487711	0.029	0.032	1	OXNAD1	c32
0.404531561706368	0.136221971743323	0.062	0.056	1	HNRNPA0	c32
0.174113349120679	-0.136199974609529	0.171	0.186	1	COX4I1	c32
0.656758456998351	0.134261969175615	0.04	0.038	1	HLA-G	c32
0.551112764643117	-0.133583819027142	0.012	0.014	1	TMEM50B	c32
0.548281943916276	-0.133054292487562	0.012	0.014	1	RABGGTB	c32
0.870351904649649	0.13266603894462	0.013	0.013	1	EIF4EBP2	c32
0.93193388523356	0.132342655353266	0.01	0.01	1	ATG12	c32
0.770289398920604	0.131839067574266	0.019	0.018	1	IKZF3	c32
0.345454674533435	-0.131641270787053	0.026	0.03	1	SNHG12	c32
0.932629276266965	0.128032413350325	0.011	0.011	1	GOLPH3	c32
0.837360078421546	0.126775668168729	0.016	0.015	1	CHST12	c32
0.934962433840751	0.126534111861611	0.01	0.01	1	VPS37B	c32
0.183568724713206	-0.126190713485553	0.167	0.181	1	PTPRC	c32
0.503757801604781	-0.125920714990517	0.03	0.033	1	OCIAD2	c32
0.192649792066638	0.124904663816397	0.023	0.018	1	SEC11C	c32
0.792888134160069	0.124201150348081	0.02	0.019	1	STAT3	c32
0.830390572232953	0.123397554805169	0.016	0.015	1	PRNP	c32
0.555647827653584	-0.123198591833587	0.016	0.019	1	TMEM256	c32
0.516589929901761	-0.122422740757675	0.079	0.084	1	TSPO	c32
0.572751339950799	-0.121765925339597	0.009	0.011	1	SMARCA5	c32
0.598993204425916	-0.119167010087646	0.016	0.018	1	GPR171	c32
0.582238570870578	-0.118903357487296	0.012	0.014	1	GADD45GIP1	c32
0.953601000907169	0.118585358746119	0.011	0.011	1	LRP10	c32
0.388723812954859	0.118294365695571	0.079	0.073	1	CIB1	c32
0.435048723092733	0.117660079698954	0.083	0.077	1	GUK1	c32
0.58647496568051	0.116602045283273	0.047	0.044	1	EIF4G2	c32
0.245771408283261	-0.116512597568427	0.039	0.046	1	POLD4	c32
0.936715049071947	0.116485059873368	0.017	0.017	1	NINJ1	c32
0.0077897582334675	0.115993431635537	0.1	0.079	1	HSPB1	c32
0.811153458218259	-0.115872937097222	0.065	0.064	1	XCL1	c32
0.570402393571523	-0.115353427895319	0.017	0.019	1	RBCK1	c32
0.41441864785394	0.114512671132926	0.107	0.101	1	CCNI	c32
0.522807365926727	-0.114279567449061	0.031	0.034	1	ARRB2	c32
0.584811536299698	-0.113247206070908	0.01	0.012	1	CAPN2	c32
0.588705509482523	-0.112428771761119	0.009	0.01	1	TMEM9B	c32
0.922102482051161	0.108004489603139	0.014	0.014	1	PTBP3	c32
0.926310787755419	0.107895725352089	0.044	0.044	1	SYNGR2	c32
0.592381368822839	-0.107645295757855	0.013	0.015	1	FNBP4	c32
0.593328775455656	-0.106032737127228	0.016	0.018	1	PPP1CB	c32
0.880277984543825	0.103984904813287	0.016	0.016	1	BUD31	c32
0.833168962141994	0.103887630264774	0.021	0.02	1	CD5	c32
0.958564398061759	0.103237394412684	0.012	0.012	1	NRBP1	c32
0.56006710946766	0.102532953460754	0.083	0.079	1	SKP1	c32
0.954980971513069	-0.102158974402085	0.021	0.021	1	IRF7	c32
0.999716370331621	0.102105424922764	0.01	0.01	1	BPTF	c32
0.771635883593028	0.10070048043382	0.028	0.027	1	ARHGAP9	c32
0.586873553353389	-0.100496862191518	0.039	0.042	1	TRA2B	c32
0.650290850242981	0.100325418477478	0.043	0.04	1	CDC37	c32
0.839314611209546	0.100325418477478	0.021	0.02	1	SNRNP70	c32
