p_val	avg_log2FC	pct.1	pct.2	p_val_adj	gene	seurat_clusters
0	-5.11902715050222	0.008	0.15	0	CST3	c8
0	3.96575799610897	1	0.099	0	GNLY	c8
0	3.09262998502602	0.207	0.024	0	FGFBP2	c8
0	2.98058424303807	0.091	0.011	0	SPON2	c8
0	2.84225508532527	0.057	0.008	0	KLRF1	c8
0	2.62348343568022	0.046	0.005	0	PTGDS	c8
0	-2.49324979434895	0.21	0.401	0	CD74	c8
0	2.19131501744527	0.284	0.064	0	PRF1	c8
0	2.16669267474875	0.27	0.063	0	KLRD1	c8
0	2.16663442137197	0.237	0.054	0	HOPX	c8
0	2.14223558647758	0.099	0.022	0	CLIC3	c8
0	2.13858312032398	0.422	0.1	0	GZMH	c8
0	2.11685705492872	0.809	0.23	0	NKG7	c8
0	2.07907240106096	0.13	0.032	0	KLRC2	c8
0	2.01953105393111	0.411	0.108	0	CTSW	c8
0	1.99927900140566	0.47	0.107	0	GZMB	c8
0	1.98171721766001	0.092	0.024	0	KLRC3	c8
0	1.70694192667617	0.133	0.042	0	ZNF683	c8
0	1.47769616337072	0.412	0.162	0	GZMA	c8
0	1.42039984276834	0.506	0.19	0	CST7	c8
0	1.35326162429212	0.165	0.064	0	LITAF	c8
0	1.3084690920568	0.827	0.365	0	CCL5	c8
0	1.16619107178736	0.455	0.213	0	HCST	c8
0	1.11786094569969	0.362	0.176	0	CD7	c8
0	1.02358260668612	0.467	0.223	0	IFITM2	c8
0	1.01906824361232	0.584	0.315	0	IFITM1	c8
0	1.01782604604764	0.439	0.233	0	MYL12A	c8
0	1.01312410989489	0.31	0.155	0	CD99	c8
0	0.67579166698453	0.605	0.415	0	PFN1	c8
0	0.617410425404635	0.855	0.657	0	HLA-C	c8
0	0.567186817610359	0.77	0.576	0	HLA-A	c8
0	0.542855409597916	0.993	0.92	0	B2M	c8
2.90220957096209e-307	1.58339230965754	0.129	0.045	6.02672839505989e-303	LOC101060038	c8
7.79971590368864e-296	2.32394663447673	0.054	0.011	1.61968900455998e-291	GPR56	c8
2.26706325155336e-293	1.62813480953474	0.108	0.035	4.7077835481757e-289	C12orf75	c8
1.5066575810879e-286	-1.01885925879341	0.296	0.476	3.12872513288714e-282	FOS	c8
2.50809300896597e-284	-1.26953902242848	0.337	0.503	5.20830594241873e-280	FTH1	c8
5.13429215558136e-272	-3.31428001674704	0.022	0.151	1.06618710902802e-267	GPX1	c8
1.46412396803944e-270	-4.64773184294646	0.008	0.129	3.04039983203071e-266	LYZ	c8
4.8115722238924e-268	-5.40105055942009	0.005	0.122	9.99171088013495e-264	IFI30	c8
9.84480063397268e-263	1.43439073377757	0.13	0.049	2.04437129965077e-258	CD247	c8
2.34841375600876e-245	-0.853734868981339	0.342	0.505	4.8767160057278e-241	JUNB	c8
4.5565114460305e-241	-2.10653536378043	0.075	0.211	9.46205166882693e-237	SAT1	c8
5.04562943133977e-239	-0.433607576555398	0.851	0.882	1.04777540771202e-234	RPLP1	c8
4.13793179497828e-235	0.31503182376377	0.947	0.857	8.59282916545189e-231	TMSB4X	c8
9.54638693076742e-229	2.66564491676975	0.032	0.005	1.98240271004316e-224	S1PR5	c8
1.40866353680421e-225	-1.93434800035078	0.052	0.178	2.92523070052763e-221	LTB	c8
5.41861783145013e-222	1.21682141235644	0.147	0.063	1.12523017887893e-217	GZMM	c8
2.07678211774972e-220	1.32312066085834	0.127	0.051	4.31264574571907e-216	RAP1B	c8
1.00408465568977e-219	-5.86972160446516	0.002	0.099	2.08508219600537e-215	AIF1	c8
2.72099298555497e-217	0.825146352475767	0.291	0.168	5.65041403380345e-213	CALM1	c8
8.31346811940218e-206	3.02948136510042	0.022	0.003	1.72637478967506e-201	PRSS23	c8
1.28870617639142e-200	0.492924941962282	0.57	0.414	2.67612724589442e-196	SH3BGRL3	c8
6.70711364169562e-200	-0.883733321707463	0.291	0.44	1.39279921883451e-195	JUN	c8
2.0987184063057e-197	-3.0313242571902	0.02	0.12	4.35819864253442e-193	PSAP	c8
3.37994107326959e-196	1.49012167360567	0.089	0.032	7.01878563275163e-192	LYAR	c8
1.37651675032846e-193	-0.663340284772932	0.523	0.615	2.85847468373209e-189	RPS8	c8
1.14099342699316e-182	-4.68773788821403	0.006	0.091	2.36938695049399e-178	S100A9	c8
4.47339716134102e-182	-1.05048264074514	0.204	0.337	9.28945654524076e-178	VIM	c8
3.47736617228834e-180	0.434416840340879	0.457	0.309	7.22109859337397e-176	IL32	c8
1.10348494160096e-176	0.990815519157793	0.172	0.087	2.29149682972856e-172	LOC101929531	c8
3.08139971173481e-175	0.639559334841652	0.351	0.226	6.39883464138851e-171	PTPRCAP	c8
1.05863219445012e-171	-3.3129073776645	0.012	0.096	2.19835561499512e-167	CTSS	c8
7.18040298102503e-171	-4.44126118663895	0.006	0.086	1.49108248303966e-166	S100A8	c8
3.79768240187669e-170	1.64018669255516	0.064	0.021	7.88626727573713e-166	KLRC1	c8
3.03747387640559e-162	1.50569957997961	0.072	0.025	6.30761825174384e-158	KLRG1	c8
8.20370879482086e-155	-5.40329783650979	0.002	0.072	1.7035821683325e-150	SERPINA1	c8
1.25216423026684e-153	-4.90689547960608	0.003	0.073	2.60024424057212e-149	FCN1	c8
4.86409442173006e-153	-5.75257327687064	0.002	0.072	1.01007784761646e-148	LST1	c8
4.56010560689226e-149	2.59534769637309	0.022	0.004	9.46951530327247e-145	TTC38	c8
8.34152619244427e-148	1.46355522700828	0.069	0.025	1.73220132912298e-143	KLRK1	c8
3.09318554300211e-147	-3.29352421600736	0.013	0.088	6.42330909859817e-143	HLA-DQB1	c8
2.06745256390167e-146	0.840346695814548	0.195	0.109	4.2932719941982e-142	RARRES3	c8
2.18384550719411e-142	0.520898965729635	0.42	0.3	4.53497358023928e-138	CFL1	c8
4.75233767004473e-142	1.22088133415952	0.095	0.041	9.8687044056149e-138	ITGB1	c8
7.25396540367043e-138	1.5650565652875	0.056	0.019	1.5063584557262e-133	DSTN	c8
3.13410809445258e-137	0.414379084475954	0.583	0.46	6.50828886894022e-133	RPS26	c8
2.49837176538756e-136	-0.732845472689475	0.25	0.374	5.1881188080038e-132	DUSP1	c8
3.27119814284844e-136	-0.499648796827569	0.502	0.592	6.79297006343907e-132	RPS13	c8
1.52664390603657e-127	-3.2288226687516	0.009	0.073	3.17022873527554e-123	NPC2	c8
1.17578082759212e-125	2.20245804580539	0.026	0.006	2.44162646657779e-121	KIR2DL4	c8
9.75737108372426e-122	-4.29478770880793	0.003	0.061	2.02621567924618e-117	VCAN	c8
1.94973816326466e-117	1.52051538350455	0.051	0.018	4.0488262698354e-113	MATK	c8
8.57320435789173e-117	-0.614475391335365	0.295	0.4	1.7803116169598e-112	RPL9	c8
4.4420086130323e-116	-0.905524441366934	0.123	0.221	9.22427508582288e-112	PABPC1	c8
2.71205656381126e-115	1.33379021193148	0.065	0.026	5.63185666041045e-111	GPR65	c8
2.86008924040768e-114	2.43126976309374	0.019	0.003	5.93926131663059e-110	SH2D1B	c8
7.57626832180295e-114	1.28094624951217	0.065	0.026	1.5732878797056e-109	PLAC8	c8
8.0315116623771e-114	-1.16835194097454	0.08	0.167	1.66782371180923e-109	GABARAP	c8
1.14678774730103e-113	0.242105393506402	0.822	0.698	2.38141943604533e-109	RPS3	c8
4.21065833474429e-113	0.64335937897459	0.246	0.159	8.74385309793e-109	RAC2	c8
9.5765440374569e-113	0.210233579634126	0.611	0.505	1.9886651348183e-108	ATP8	c8
5.78239415642382e-111	-4.97904081571072	0.002	0.053	1.20077197052297e-106	MS4A6A	c8
4.23652381003792e-110	1.70470630552373	0.038	0.012	8.79756534392475e-106	TPST2	c8
2.24725578492078e-109	0.496394948930119	0.375	0.273	4.6666513629665e-105	CD52	c8
1.61918827869871e-108	1.94119845654085	0.028	0.007	3.36240637954574e-104	TARP	c8
3.1477059364987e-108	0.51618215842868	0.345	0.247	6.53652614773319e-104	PPIA	c8
4.92419339888555e-108	-6.50719968911988	0.001	0.049	1.02255800121257e-103	CD68	c8
5.53994008326037e-108	-0.254038762387721	0.85	0.86	1.15042395768985e-103	RPL28	c8
2.5612516753356e-106	0.683128967833174	0.199	0.122	5.31869522900191e-102	CD8A	c8
1.19714837708823e-103	-2.63431559232641	0.013	0.069	2.48599831986142e-99	HLA-DRB1	c8
2.51577870616256e-103	-1.12520666211962	0.105	0.19	5.22426606121717e-99	S100A11	c8
4.98319456042094e-102	-1.378889892614	0.053	0.126	1.03481018241701e-97	FOSB	c8
7.22568103000917e-102	0.190116438300326	0.969	0.868	1.5004849226917e-97	RPS27	c8
5.20050769369255e-101	-0.415683050237727	0.471	0.559	1.0799374276722e-96	RPL8	c8
6.72941773391855e-101	2.96180040630358	0.01	0.001	1.39743088662553e-96	MYOM2	c8
1.64378106136307e-100	1.30981899057726	0.059	0.024	3.41347575202655e-96	BIN2	c8
4.07365656195755e-100	0.569133270602097	0.267	0.181	8.45935521656105e-96	CD3D	c8
2.05571913178423e-98	-2.88889787392919	0.008	0.059	4.26890634906313e-94	HLA-DMA	c8
1.71395255232073e-97	0.980456446350989	0.1	0.051	3.55919387014922e-93	CCND3	c8
2.87818289793647e-96	1.32304700173599	0.056	0.023	5.97683460585486e-92	IL2RB	c8
3.54537009278962e-96	-0.324899246799945	0.82	0.814	7.36231553468693e-92	RPL13	c8
7.71826022414841e-96	0.485098640833271	0.32	0.228	1.60277391814666e-91	TMA7	c8
5.52132917389602e-95	1.1828639439613	0.072	0.032	1.14655921625125e-90	CMC1	c8
9.07937853649236e-95	0.299679157513763	0.242	0.158	1.885423746888e-90	IFITM3	c8
5.85531370994406e-94	-3.8535904671383	0.004	0.049	1.21591444500698e-89	CD79A	c8
1.84124947197655e-93	-3.46136627334665	0.006	0.053	3.82353865350651e-89	CTSB	c8
1.93263860241872e-93	2.17854590669115	0.02	0.004	4.01331732178271e-89	C1orf21	c8
2.09506670968461e-93	0.661658565941126	0.183	0.114	4.35061552933106e-89	IL2RG	c8
3.71415225997377e-93	1.42989998790257	0.046	0.017	7.71280858306152e-89	APMAP	c8
4.90568546234433e-92	-4.28448288082437	0.002	0.046	1.01871464311042e-87	GRN	c8
6.64822809008187e-92	0.512952887318634	0.114	0.061	1.3805710451864e-87	XCL1	c8
1.32274181657086e-91	1.79686703148769	0.029	0.008	2.74680565629104e-87	CD320	c8
8.33401073177378e-90	-6.01376821817517	0.001	0.041	1.73064066856014e-85	MS4A7	c8
1.26348062690015e-88	1.09458435506168	0.074	0.035	2.62374386982086e-84	SLC9A3R1	c8
1.26988824749919e-88	-0.694994072572096	0.337	0.222	2.63704993475682e-84	CCL4	c8
2.18586467257819e-88	-0.756248414631387	0.151	0.237	4.53916657907587e-84	SARAF	c8
2.03825691039105e-87	1.73849586820103	0.03	0.009	4.23264430011805e-83	STARD3NL	c8
1.85124540624502e-86	2.80463043160737	0.011	0.002	3.8442962106084e-82	KIR2DS5	c8
1.82825616007614e-85	0.237641709585578	0.517	0.401	3.7965567420141e-81	S100A4	c8
3.0538888443048e-83	-0.403046392268682	0.59	0.639	6.34170557408334e-79	TPT1	c8
3.59280702358426e-83	-2.76550349394311	0.009	0.053	7.46082306517508e-79	CD83	c8
3.89178459361317e-82	-0.987098385314959	0.067	0.135	8.0816798870971e-78	COTL1	c8
2.64514773885902e-81	-0.632827011876306	0.202	0.29	5.49291379451463e-77	KLF6	c8
5.85898169881943e-81	-0.808826141507956	0.105	0.182	1.21667613957684e-76	RGS1	c8
7.43772531511416e-81	1.78855303435147	0.025	0.007	1.54451803893661e-76	CX3CR1	c8
1.71201226800403e-79	-3.37399940322077	0.004	0.044	3.55516467573718e-75	MS4A1	c8
5.10301907090542e-79	-2.92758380755562	0.007	0.049	1.05969294026422e-74	NAMPT	c8
2.27199272808554e-78	-5.22124237852042	0.001	0.037	4.71802009914244e-74	CYBB	c8
2.4555734295954e-78	-1.59556303617288	0.033	0.088	5.09924378389782e-74	EGR1	c8
9.99059542673953e-78	1.36227104757588	0.041	0.016	2.07464704631673e-73	NCR3	c8
2.34593054337317e-76	-5.27394594031403	0.001	0.036	4.87155936636873e-72	CFD	c8
3.1199226885346e-75	-2.46517060746825	0.01	0.052	6.47883145501095e-71	GPR183	c8
3.29315244669001e-75	-1.85451654996088	0.037	0.091	6.83856037079648e-71	HLA-DRB4	c8
4.09656026669625e-75	0.415183731034844	0.336	0.252	8.50691704982142e-71	CD3E	c8
3.00863831838216e-74	-0.693541928114683	0.255	0.335	6.24773833195239e-70	ND1	c8
4.86130370024181e-74	-0.52234481116338	0.308	0.394	1.00949832639221e-69	ZFP36	c8
5.86118629889191e-74	-5.19162615968792	0.001	0.035	1.21713394682789e-69	CD14	c8
1.7089948427187e-73	-1.97943481020404	0.016	0.061	3.54889869038966e-69	TYMP	c8
1.06673459741095e-72	-0.743262253337799	0.157	0.233	2.21518106498358e-68	NFKBIA	c8
1.24743999830751e-72	0.696854701955524	0.152	0.096	2.59043390048538e-68	ITGB2	c8
2.69308288040785e-72	-4.20106997504326	0.002	0.037	5.59245590945495e-68	S100A12	c8
2.70627119300012e-71	0.920551083298477	0.083	0.044	5.61984275938406e-67	SEPT7	c8
2.56196983102961e-70	-3.02863266118394	0.007	0.044	5.3201865511161e-66	SGK1	c8
4.07125390921059e-70	0.355769554767905	0.099	0.055	8.45436586786672e-66	XCL2	c8
2.84110915499005e-69	-4.64863225623141	0.001	0.034	5.89984727125234e-65	MNDA	c8
3.36549670232934e-69	-0.704375031189374	0.121	0.193	6.9887904520571e-65	LAPTM5	c8
6.78997424993756e-69	1.05788290817361	0.062	0.03	1.41000605274203e-64	SYTL3	c8
1.33484391459017e-68	1.07189345205593	0.059	0.028	2.77193687303794e-64	RUNX3	c8
2.21719036654007e-68	1.88612394917734	0.019	0.005	4.60421751515712e-64	FCRL6	c8
2.22170503306325e-67	0.525296768413939	0.218	0.153	4.61359267165914e-63	CLIC1	c8
1.28152597926472e-66	-2.71571580759154	0.008	0.044	2.66121684854111e-62	BCL2A1	c8
1.50002764024611e-65	1.28844560124587	0.039	0.016	3.11495739773506e-61	RASSF1	c8
2.40312900776319e-65	1.07861961833852	0.054	0.025	4.99033769752105e-61	RPS4Y1	c8
3.35077078692791e-65	-1.22225714212041	0.056	0.11	6.9582106161345e-61	GZMK	c8
5.40980104576778e-65	-0.432641404386121	0.393	0.461	1.12339928516414e-60	RPLP0	c8
7.14331782052521e-65	-1.32568125442376	0.415	0.452	1.48338137861026e-60	FTL	c8
1.34953521161099e-64	0.568670395425833	0.159	0.104	2.80244482043139e-60	PPIB	c8
1.46893907052736e-64	0.566625159805883	0.179	0.121	3.05039887385711e-60	KLRB1	c8
1.77516666924025e-64	-6.60173738945402	0	0.03	3.68631110534431e-60	SPI1	c8
1.23100296745681e-63	0.720703123466648	0.113	0.068	2.55630076222081e-59	C9orf142	c8
5.75791423329444e-63	-4.71186464773005	0.001	0.031	1.19568846968592e-58	PLAUR	c8
1.67785031276206e-62	-6.03983360182017	0	0.029	3.4842239594817e-58	C1QA	c8
1.77866872737491e-62	1.59136253068614	0.025	0.008	3.69358347926674e-58	TBX21	c8
2.33666137379035e-61	0.167948412799697	0.772	0.693	4.85231100881304e-57	TMSB10	c8
2.5696290427249e-61	-2.77761366580984	0.007	0.04	5.33609167012253e-57	SOD2	c8
2.54324981756426e-60	-0.819658709302077	0.094	0.155	5.28131257115394e-56	BTG2	c8
3.19788004790348e-60	-4.68471128832113	0.001	0.029	6.64071770747637e-56	MAFB	c8
1.14817734502329e-59	1.07809504298013	0.052	0.025	2.38430507467536e-55	DHRS7	c8
4.32489537249221e-59	-2.3129006116432	0.009	0.042	8.98107773051731e-55	TKT	c8
4.47844200133365e-59	-6.19256431021152	0	0.027	9.29993265996945e-55	LINC01272	c8
1.64066124483514e-58	1.02919769437766	0.056	0.027	3.40699714102466e-54	HMGN3	c8
3.05968890478568e-58	-5.32423475600392	0.001	0.028	6.35374997967795e-54	CXCL8	c8
3.10982421888495e-58	-0.438265186949896	0.264	0.339	6.45786097293649e-54	RPL22	c8
3.60830450302472e-58	0.465061260894659	0.241	0.177	7.49300513098114e-54	CYBA	c8
1.1158094238849e-57	-0.924236849510228	0.067	0.121	2.31708984963939e-53	ZFP36L1	c8
2.44097628759547e-57	0.129932542805818	0.701	0.64	5.06893135882075e-53	ATP6	c8
1.31938850395463e-56	-2.15774858845422	0.019	0.057	2.73984216731219e-52	TIMP1	c8
2.71138836263429e-56	-3.10276728472025	0.004	0.033	5.63046907384637e-52	FGL2	c8
2.7201488921778e-56	0.166577354415442	0.832	0.763	5.64866118949642e-52	ACTB	c8
4.53442029490356e-56	-6.7206963755993	0	0.026	9.41617718439673e-52	C1QB	c8
5.04587165895952e-56	-1.76376509749119	0.015	0.05	1.04782570869953e-51	RNASET2	c8
5.89415054105855e-56	-0.584765901482924	0.141	0.207	1.22397930135622e-51	EEF1G	c8
2.67847900985354e-55	0.940349514483346	0.063	0.033	5.56212951186186e-51	APOBEC3G	c8
2.94662922192534e-55	1.55899620736847	0.023	0.008	6.11897024225016e-51	PTGDR	c8
7.45937143999273e-55	-5.14250495555277	0.001	0.027	1.54901307322889e-50	IL1B	c8
8.87079979089887e-55	0.528003856774429	0.178	0.124	1.84211028457806e-50	SRP14	c8
1.22791883982098e-54	1.4143380787147	0.027	0.01	2.54989626277225e-50	SYNE1	c8
1.91277634310742e-54	1.15650405229654	0.041	0.019	3.97207135409687e-50	KLRC4	c8
2.3355135829042e-54	-4.03404241802136	0.002	0.028	4.84992750625885e-50	FCGRT	c8
2.7535857760716e-54	-0.711916927904733	0.129	0.19	5.71809622259028e-50	TNFAIP3	c8
9.47558543099071e-54	0.987375416688768	0.055	0.028	1.96770007059953e-49	ARPC5L	c8
9.82090854500042e-54	0.502643056199803	0.189	0.134	2.03940986845479e-49	PSME1	c8
3.81524426718248e-53	0.842094558725732	0.059	0.031	7.92273624523114e-49	FCGR3A	c8
1.7050417686805e-52	-0.523021313202482	0.175	0.241	3.54068973684194e-48	RPL4	c8
2.09559900578897e-52	-5.9204112597668	0.001	0.025	4.35172089542138e-48	C1QC	c8
5.56816062916063e-52	-4.83483250308305	0.001	0.025	1.1562842362515e-47	NAPSB	c8
9.79105330279719e-52	0.498075074330746	0.193	0.138	2.03321012885887e-47	ARPC2	c8
1.15829825919811e-51	-1.20364073127562	0.062	0.11	2.4053221650508e-47	FCER1G	c8
1.24314850628802e-51	-0.519712841782832	0.168	0.235	2.5815221881577e-47	CXCR4	c8
1.29678228856473e-51	1.24882997679009	0.033	0.014	2.69289810043351e-47	CHST12	c8
3.50266753773774e-51	-0.585548119034062	0.132	0.193	7.27363940886619e-47	EEF2	c8
6.21840206146162e-51	-0.95612448288794	0.055	0.102	1.29131337208312e-46	NR4A1	c8
9.46275845961651e-51	-4.73952760981015	0.001	0.025	1.96503642172396e-46	CSTA	c8
1.17089396678866e-50	-2.98142485092485	0.004	0.031	2.43147841143332e-46	DUSP6	c8
1.23894203003386e-50	0.570820755805225	0.142	0.095	2.57278701956831e-46	PCED1B-AS1	c8
1.72444106608203e-50	-1.52011416922599	0.02	0.056	3.58097431782594e-46	CDKN1A	c8
3.52182028770791e-50	-1.06874795244978	0.039	0.082	7.31341200945424e-46	GPX4	c8
4.29046208399447e-50	0.666638951256458	0.091	0.055	8.90957356362292e-46	CD63	c8
7.21848132824738e-50	-0.91563472782646	0.062	0.11	1.49898983262385e-45	SLC2A3	c8
1.13117031696334e-49	1.19130853617118	0.035	0.015	2.34898828020608e-45	SAMD3	c8
2.05752272153324e-49	-5.92356588165979	0	0.023	4.27265168353592e-45	LGALS2	c8
8.39022742382568e-49	0.619628841555149	0.112	0.072	1.74231462683164e-44	CALR	c8
1.09441543272092e-48	-4.11052220972287	0.001	0.025	2.27266308758827e-44	CTSH	c8
3.4388445423843e-48	0.42751431017277	0.264	0.204	7.14110457671524e-44	HLA-H	c8
3.81737176194211e-48	-0.316552739041447	0.368	0.437	7.92715420084899e-44	RPS9	c8
4.58844475259395e-47	0.640621606362483	0.105	0.067	9.5283643732366e-43	CLEC2B	c8
7.46896809072681e-47	0.257329196025733	0.46	0.392	1.55100591372033e-42	ACTG1	c8
1.48406394139364e-46	1.72868157837407	0.015	0.004	3.08180718069802e-42	CD160	c8
1.66631241776408e-46	-2.17141732833442	0.08	0.127	3.46026436672888e-42	RN7SK	c8
2.25439885175365e-46	0.789359239374893	0.071	0.041	4.68148465555162e-42	SH2D2A	c8
2.49319768865922e-46	-0.469686196343403	0.276	0.34	5.17737432026973e-42	CD69	c8
4.5336613467975e-46	-5.4132552393813	0	0.022	9.4146011527597e-42	CFP	c8
4.93971746393617e-46	0.682731992513576	0.095	0.059	1.02578172856099e-41	CD3G	c8
6.09561117829399e-46	-0.252456539454949	0.747	0.743	1.26581461728453e-41	RPL11	c8
1.13185110500971e-45	-5.71287936342454	0	0.021	2.35040200466317e-41	CLEC7A	c8
1.18307444956623e-45	0.803181541701646	0.068	0.039	2.45677240196924e-41	YWHAQ	c8
1.26026305586431e-45	-2.86411213599546	0.004	0.027	2.61706226180782e-41	APLP2	c8
3.36936360670198e-45	0.605073128119162	0.114	0.075	6.99682046567733e-41	GUK1	c8
8.7321831551247e-45	0.985717243586422	0.045	0.022	1.81332515399319e-40	C5orf56	c8
1.10732468185759e-44	0.654779660574422	0.085	0.052	2.29947043434546e-40	LINC00861	c8
1.89337832951507e-44	-0.816289630955961	0.058	0.102	3.93178943907099e-40	CD44	c8
2.78419198761889e-44	-0.395085885928894	0.377	0.428	5.78165308148939e-40	RPS5	c8
3.51635187890476e-44	-0.952045071315911	0.044	0.084	7.30205631173362e-40	FYB	c8
7.59130430921564e-44	1.26790541626491	0.027	0.011	1.57641025285172e-39	SLA2	c8
1.51754511960072e-43	1.54028982827295	0.019	0.007	3.15133419536285e-39	ADRB2	c8
1.62366666248402e-43	-0.60079708723318	0.136	0.191	3.37170619131431e-39	ITM2B	c8
2.12563993160616e-43	-1.12793410969159	0.041	0.079	4.41410388197335e-39	NEAT1	c8
2.17290874502333e-43	0.752688741265963	0.073	0.043	4.51226229991546e-39	GNG2	c8
8.11743946402976e-43	-1.40472503380381	0.019	0.05	1.68566747910042e-38	C10orf54	c8
1.30792992400006e-42	-0.261241758048041	0.878	0.861	2.71604728017852e-38	EEF1A1	c8
1.39374246438539e-42	-5.69268199942971	0	0.02	2.89424560154269e-38	C5AR1	c8
2.36659924174258e-42	-0.251180940265434	0.682	0.696	4.91447998540264e-38	RPL18A	c8
3.57039690277235e-42	-4.33884241582294	0.001	0.022	7.41428620829706e-38	G0S2	c8
6.12436085893227e-42	-1.91120882634454	0.01	0.036	1.27178477596587e-37	ICOS	c8
7.75964312625467e-42	-3.11621095960219	0.003	0.024	1.61136749159805e-37	CCR7	c8
1.12160713154003e-41	-0.342096490369239	0.289	0.354	2.32912936935603e-37	GNB2L1	c8
1.22382454702024e-41	0.485706385227433	0.157	0.112	2.54139405434224e-37	EVL	c8
1.8131290152653e-41	0.523593767195825	0.134	0.092	3.76514371309992e-37	PSMB9	c8
2.62616388857613e-41	-1.4382486170611	0.038	0.074	5.4534919310172e-37	LOC100996809	c8
8.6259337139838e-41	-1.24876074677412	0.024	0.056	1.79126139504588e-36	CD27	c8
9.58320288646008e-41	-1.46170352253957	0.019	0.049	1.9900479114023e-36	SOCS3	c8
1.46766635816772e-40	-1.25656701668973	0.03	0.063	3.04775595937108e-36	BATF	c8
1.8004572358873e-40	-0.839213180126117	0.051	0.091	3.73882949604356e-36	SERP1	c8
1.92804684279476e-40	-5.15090167123871	0.001	0.019	4.00378207374759e-36	CPVL	c8
4.67735328333491e-40	-4.82736823043185	0.001	0.019	9.71299182817328e-36	KLF4	c8
5.13598371361668e-40	1.40833106160004	0.019	0.007	1.06653837796964e-35	LAIR2	c8
5.70552170986205e-40	-1.830314287408	0.01	0.036	1.18480863826995e-35	BIRC3	c8
7.0432358922787e-40	1.46744941517426	0.018	0.007	1.46259836539059e-35	PXN	c8
8.63545172330737e-40	-0.440701997892908	0.236	0.293	1.79323790486201e-35	EEF1B2	c8
8.79177118552282e-40	-5.55054206555905	0	0.018	1.82569920438567e-35	TMEM176B	c8
1.14813455004163e-39	1.74789218233991	0.013	0.004	2.38421620661645e-35	TGFBR3	c8
2.00132613886747e-39	0.485974471394917	0.153	0.11	4.15595385997219e-35	MYL12B	c8
3.2470887814676e-39	0.315907033350821	0.29	0.231	6.74290456359563e-35	ARHGDIB	c8
8.80261959568079e-39	-5.33417407683192	0	0.018	1.82795198523907e-34	CD163	c8
9.02555036419218e-39	-0.866476689452973	0.048	0.086	1.87424578862815e-34	TSPO	c8
1.06285620288547e-38	-0.796299164367194	0.056	0.095	2.20712719091198e-34	LEPROTL1	c8
1.7033135249601e-38	1.02361179418049	0.035	0.017	3.53710086593214e-34	PTGER2	c8
1.99595990059409e-38	-0.250868044065491	0.579	0.615	4.1448103295737e-34	RPL12	c8
2.38876529952979e-38	1.15227094051772	0.029	0.013	4.96051002100356e-34	TRG-AS1	c8
2.56151763350497e-38	-6.45825800160249	0	0.017	5.31924751773643e-34	LILRB2	c8
3.13852138616514e-38	0.823142798993747	0.054	0.03	6.51745351051054e-34	ARL4C	c8
3.85330480906486e-38	-0.788022680115574	0.056	0.095	8.00177276650409e-34	LDHB	c8
9.72975835435015e-38	0.105034155226669	0.79	0.691	2.02048161986435e-33	RPS27A	c8
1.1080249353008e-37	-5.5119110217756	0.001	0.018	2.30092458064565e-33	CXCL2	c8
1.93420796899406e-37	-1.11415654698069	0.026	0.057	4.01657626841306e-33	NFKBIZ	c8
2.17207151867108e-37	-0.186233446464478	0.83	0.832	4.51052371567236e-33	RPL39	c8
2.61168202424786e-37	1.03184737056119	0.035	0.017	5.42341889155311e-33	PYHIN1	c8
3.95205349106105e-37	0.342023123367321	0.258	0.204	8.20683427953738e-33	RPL36AL	c8
4.42020687593708e-37	0.861798954929737	0.048	0.027	9.17900159857094e-33	SUN2	c8
4.6038616237276e-37	0.909519119362581	0.044	0.023	9.56037904783273e-33	MBP	c8
6.69884586247212e-37	1.34998123184963	0.02	0.008	1.39108233180096e-32	CD300A	c8
7.64636984574882e-37	0.136669181830644	0.814	0.74	1.5878451621682e-32	RPS19	c8
7.98444778613742e-37	-0.632430039373667	0.109	0.155	1.6580504272693e-32	CD37	c8
1.04807549970746e-36	0.153083948681866	0.595	0.515	2.17643358269251e-32	RPL3	c8
1.486935057042e-36	-0.55238472569779	0.186	0.239	3.08776933945341e-32	IER2	c8
1.5922427246775e-36	1.58083611040268	0.014	0.005	3.30645124206529e-32	GNPTAB	c8
1.67597156977148e-36	-4.14414718116081	0.001	0.018	3.48032256178745e-32	MPEG1	c8
1.34991667020968e-35	-0.485941441115456	0.243	0.297	2.80323695735742e-31	ND2	c8
3.96783539575304e-35	0.323291056893435	0.262	0.209	8.23960698282077e-31	PPDPF	c8
4.50137473677247e-35	1.04574123732	0.031	0.015	9.34755477838172e-31	NDUFA12	c8
4.64245397632474e-35	-4.77160705692218	0.001	0.017	9.64051992723595e-31	CSF1R	c8
5.69209663065909e-35	-0.533594239229404	0.125	0.172	1.18202078632267e-30	RPL13A	c8
1.14940559165606e-34	-2.04999903495471	0.007	0.028	2.38685565163297e-30	TNFRSF4	c8
1.22125151439811e-34	0.714199021692487	0.066	0.04	2.53605089479912e-30	PDIA3	c8
1.24078794403689e-34	-4.54832900324307	0.001	0.017	2.576620244587e-30	SLC11A1	c8
4.2759068635234e-34	-0.23763515207889	0.789	0.769	8.8793481927927e-30	RPL32	c8
4.30663489074052e-34	-1.5433799043615	0.013	0.036	8.94315801411176e-30	PIM2	c8
7.10738648520856e-34	-0.526002371992905	0.179	0.229	1.47591987751841e-29	IL7R	c8
8.06636084856211e-34	0.845185577386726	0.046	0.026	1.67506049381241e-29	NDUFB7	c8
1.29162595700564e-33	-2.4006014385709	0.004	0.023	2.68219046231791e-29	PPT1	c8
1.73164485973478e-33	-2.75244511136254	0.004	0.022	3.59593371572525e-29	CH25H	c8
4.60855978188219e-33	1.43148056938909	0.016	0.006	9.57013524305656e-29	UBE2F	c8
4.78871792974137e-33	0.156607077397708	0.707	0.653	9.94425165290092e-29	RPL26	c8
6.36262081055062e-33	0.416510205098013	0.142	0.103	1.32126183751894e-28	CD8B	c8
8.27488853709105e-33	1.73965269619508	0.011	0.003	1.71836335361233e-28	KIR3DL2	c8
9.55372585422868e-33	-1.61458688675958	0.017	0.041	1.98392671088913e-28	IER3	c8
1.12121948494126e-32	0.322607477286791	0.102	0.069	2.32832438242902e-28	IFNG	c8
1.48984918717315e-32	-4.13606734960737	0.001	0.017	3.09382082208377e-28	HMOX1	c8
1.9485771714702e-32	-0.943208863828841	0.034	0.064	4.04641535427502e-28	JUND	c8
2.07388756089668e-32	-1.23282642033184	0.019	0.044	4.30663490895804e-28	NAP1L1	c8
2.38206339869071e-32	-3.40830953370616	0.002	0.017	4.94659285372114e-28	MEF2C	c8
2.40772138749109e-32	0.782901969371958	0.05	0.029	4.999874233264e-28	CDK2AP2	c8
2.44896572604188e-32	-0.619841215994492	0.56	0.593	5.08552222669857e-28	RNR1	c8
2.59806594496936e-32	-0.248544144419614	0.553	0.585	5.39514374132337e-28	RPL36	c8
2.72653722679272e-32	1.50628915703762	0.014	0.005	5.66192720515776e-28	KRT86	c8
2.87789197956892e-32	-0.320291147499982	0.276	0.331	5.97623048477282e-28	RPS16	c8
3.56492561595637e-32	-0.530368722102242	0.118	0.163	7.402924534095e-28	PPP1R15A	c8
3.61560390160355e-32	1.35211822690986	0.018	0.007	7.50816306206992e-28	S1PR1	c8
4.91691110700755e-32	0.624654381697674	0.078	0.051	1.02104576048119e-27	PPP1CA	c8
6.19880491633068e-32	0.944680867768648	0.035	0.018	1.28724382892523e-27	AOAH	c8
7.1717074949307e-32	0.454327655177461	0.127	0.091	1.48927677839731e-27	LY6E	c8
1.26047868269662e-31	0.815908572281292	0.046	0.026	2.6175100324878e-27	CD47	c8
1.68229473593595e-31	0.765332012572446	0.051	0.03	3.49345324864458e-27	OSTF1	c8
1.84263938747071e-31	-4.07485163273112	0.001	0.016	3.82642495202167e-27	TNFSF13B	c8
1.91031819497959e-31	0.633062613656955	0.073	0.047	3.96696676369461e-27	AES	c8
2.34356644632399e-31	1.4938520537994	0.014	0.005	4.86665008243639e-27	LPCAT1	c8
2.93712335085632e-31	0.600440101426579	0.083	0.055	6.09923035038823e-27	NDUFB2	c8
3.58869164213819e-31	-2.93552091408761	0.002	0.018	7.45227706406416e-27	HLA-DMB	c8
3.60054399954992e-31	-0.454779483514836	0.13	0.176	7.47688966946536e-27	HSP90AB1	c8
4.61839560090256e-31	-5.5427814495303	0	0.014	9.59056030483426e-27	CD36	c8
4.88934297955939e-31	-0.7849707618372	0.05	0.084	1.0153209631353e-26	RGS2	c8
5.32981231963324e-31	0.155256975312374	0.565	0.495	1.10678882629504e-26	RPL14	c8
5.89609373417697e-31	-0.652317757107406	0.066	0.103	1.22438282483919e-26	ATP6V0C	c8
6.06234910332433e-31	0.689792564980476	0.063	0.039	1.25890741479633e-26	PSMB10	c8
9.24724124544958e-31	-0.299037299655909	0.278	0.334	1.92028211703006e-26	BTG1	c8
1.68929112572221e-30	0.395043232173244	0.163	0.123	3.50798195167474e-26	LOC101929876	c8
2.10267961519417e-30	0.931115973203894	0.035	0.018	4.36642448891221e-26	ABI3	c8
4.10015635573855e-30	0.697439668029567	0.059	0.036	8.51438468832668e-26	PPP1R18	c8
6.6194468924684e-30	0.816649047501448	0.043	0.024	1.37459434168999e-25	LOC374443	c8
8.165360917708e-30	-1.15371934712366	0.021	0.045	1.69561884817124e-25	SYNGR2	c8
1.93321844093993e-29	-1.2391055384719	0.017	0.04	4.01452141445586e-25	CORO1B	c8
1.99597866447665e-29	-0.514497278549985	0.101	0.141	4.14484929465222e-25	RPL7	c8
2.1121178324748e-29	-1.82950555680926	0.007	0.026	4.38602389091717e-25	ASAH1	c8
2.470532676426e-29	-3.86974318215365	0.001	0.015	5.13030815586623e-25	CXCL16	c8
2.97204409336733e-29	-5.04844585694609	0.001	0.014	6.17174676428659e-25	SEPP1	c8
3.19771566332592e-29	-0.748550328268541	0.052	0.084	6.6403763464626e-25	TUBA1A	c8
3.49218231104519e-29	1.3644877565097	0.015	0.006	7.25186578711645e-25	LOC100130872	c8
3.57676937461589e-29	0.575949114316475	0.082	0.055	7.42751928332735e-25	PSMB8	c8
3.79933127697993e-29	0.669875995524744	0.066	0.042	7.88969132977653e-25	PIK3R1	c8
4.5272402956718e-29	-4.49906805313188	0.001	0.014	9.40126719799205e-25	KCTD12	c8
4.65867970390276e-29	-3.86922113477159	0.001	0.016	9.67421427312447e-25	IGJ	c8
4.89098145279502e-29	0.70827905182072	0.053	0.032	1.01566120848741e-24	LAG3	c8
4.99926369496239e-29	-0.743764400674281	0.052	0.084	1.03814709889589e-24	RGCC	c8
8.63400783350708e-29	0.221326817441877	0.366	0.311	1.79293806670608e-24	SERF2	c8
1.14958999415183e-28	-5.51131466143329	0	0.014	2.38723858185568e-24	RNASE1	c8
1.26250088854721e-28	-3.87879379545719	0.001	0.014	2.62170934515713e-24	C15orf48	c8
1.4756756179718e-28	-1.29455072786365	0.014	0.035	3.06438798828024e-24	LMNA	c8
3.02503752682698e-28	-0.475967353042182	0.818	0.835	6.28179292820891e-24	RNR2	c8
3.59536513141081e-28	-2.02771454574104	0.006	0.023	7.46613523188769e-24	ZFAND5	c8
4.08166305341865e-28	-2.82708739201222	0.002	0.017	8.47598149672917e-24	FOXP3	c8
5.9145115552408e-28	0.705762614613022	0.053	0.032	1.2282074695613e-23	ZAP70	c8
7.99813128365946e-28	1.1990767923525	0.019	0.008	1.66089194236472e-23	PTPN4	c8
8.64210979585249e-28	-5.49209979305639	0	0.013	1.79462052020673e-23	LOC100509457	c8
1.72664844752519e-27	-0.544207188935693	0.079	0.115	3.58555816613081e-23	SLC25A6	c8
1.76602970190526e-27	-4.67390417985852	0	0.013	3.66733727897646e-23	MARCKS	c8
1.9097756714947e-27	-4.65559852533927	0	0.013	3.9658401594259e-23	BANK1	c8
2.07091456107242e-27	0.589382540962522	0.075	0.05	4.300461177523e-23	FLNA	c8
2.62782445045579e-27	-0.993627742133265	0.047	0.077	5.45694025381649e-23	HERPUD1	c8
2.71464675323158e-27	-0.286230245369709	0.26	0.311	5.63723544776069e-23	RPS2	c8
3.30425270294128e-27	-2.87900099884717	0.002	0.016	6.86161116292786e-23	POU2F2	c8
3.75911288319362e-27	-1.20488299001697	0.016	0.037	7.80617381323987e-23	EVI2B	c8
3.88616091598545e-27	0.498947181696456	0.098	0.069	8.07000175813538e-23	VAMP2	c8
4.28160888079562e-27	1.00396711410996	0.028	0.014	8.89118900186019e-23	C20orf24	c8
6.22653397581975e-27	0.546078082779116	0.086	0.059	1.29300204541873e-22	CD53	c8
9.46205767555261e-27	-0.501356303573235	0.096	0.134	1.96489089690526e-22	ALDOA	c8
9.97044444154103e-27	0.404458025499047	0.129	0.096	2.07046249273041e-22	SUB1	c8
1.04998796791031e-26	-4.4068852122943	0.001	0.013	2.18040501416255e-22	LINC00926	c8
1.75480260830059e-26	-5.32056194064578	0	0.012	3.64402309639701e-22	RNASE6	c8
1.78822311261141e-26	-2.2649768947521	0.004	0.019	3.71342411564886e-22	LTA4H	c8
2.29031552753859e-26	-5.83990795261288	0	0.012	4.75606922448663e-22	HCK	c8
2.32948842130804e-26	-0.604638259894731	0.07	0.104	4.83741565568828e-22	MCL1	c8
2.60007151175663e-26	-6.8500055969206	0	0.012	5.39930850131381e-22	IGSF6	c8
4.37377821549979e-26	-6.20402530903858	0	0.012	9.08258784230686e-22	MRC1	c8
5.00152907250127e-26	1.13869226057808	0.02	0.009	1.03861752719561e-21	MAPK1	c8
5.75169911344709e-26	-3.9548979212049	0.001	0.013	1.19439783789842e-21	RAB31	c8
6.76217576764819e-26	-5.24732556600413	0	0.012	1.40423341990982e-21	NCF2	c8
7.2290329912285e-26	0.841701205542014	0.035	0.019	1.50118099095851e-21	PRMT2	c8
1.08629098666867e-25	1.35597891625358	0.014	0.005	2.25579186291615e-21	TXK	c8
1.23177187053665e-25	-6.7671734485131	0	0.011	2.55789746635641e-21	PILRA	c8
1.46681719842168e-25	0.756116870572689	0.042	0.025	3.04599259424245e-21	BSG	c8
1.87085862763601e-25	-5.80399902229386	0	0.011	3.88502502614894e-21	FCGR2A	c8
1.900552352468e-25	0.571505969169002	0.072	0.049	3.94668701513505e-21	TBC1D10C	c8
1.90263356852736e-25	-0.191479688859021	0.436	0.49	3.95100886840392e-21	EIF1	c8
2.00152617151554e-25	0.592251288849482	0.067	0.045	4.15636924776917e-21	SEPW1	c8
2.35069942145024e-25	-0.795488058514507	0.035	0.061	4.88146241858356e-21	PLP2	c8
2.96204943002464e-25	-5.26881156601535	0	0.012	6.15099184638917e-21	TGFBI	c8
4.03821280971958e-25	-2.1677517450589	0.004	0.018	8.38575272066368e-21	AQP3	c8
5.41452880926302e-25	-2.9305875987366	0.002	0.014	1.12438105253156e-20	MAL	c8
7.5724445718728e-25	0.486808959251216	0.094	0.067	1.57249383979511e-20	SSR2	c8
8.60292037793859e-25	-5.15345195481052	0	0.012	1.78648244568273e-20	STAB1	c8
8.82882503241651e-25	1.22563382936141	0.016	0.007	1.83339380623161e-20	MYBL1	c8
9.23322303707036e-25	-0.872105889508767	0.046	0.073	1.91737109587803e-20	TUBA1B	c8
1.39437859120601e-24	0.684468873041747	0.05	0.031	2.89556658249841e-20	SELPLG	c8
2.27374538154529e-24	-1.56236720362932	0.009	0.025	4.72165965931694e-20	CD40LG	c8
5.23996214441377e-24	-2.12674597353668	0.004	0.018	1.08813053890896e-19	AP1S2	c8
5.27114209194429e-24	-1.11406079911843	0.016	0.036	1.09460536681315e-19	C1orf162	c8
7.57860019540217e-24	-3.64213790103276	0.001	0.012	1.57377211657721e-19	GSN	c8
8.69287146778405e-24	-3.36817996087852	0.001	0.013	1.80516168900004e-19	CCR6	c8
1.16561995402159e-23	-0.687408906164924	0.044	0.071	2.42052639652124e-19	RPS17	c8
1.40837637661277e-23	-0.432166985198213	0.108	0.145	2.92463438367408e-19	LRRC75A-AS1	c8
1.61270435392853e-23	-5.68000198092137	0	0.011	3.34894186136799e-19	FPR1	c8
1.69474529540724e-23	-5.07491142488733	0	0.011	3.51930808044267e-19	CTSL	c8
1.90850398845722e-23	0.335838134811006	0.169	0.134	3.96319938243025e-19	YWHAZ	c8
2.07420905259508e-23	-5.13687987147577	0	0.011	4.30730251861894e-19	VPREB3	c8
2.55131790266836e-23	-5.14373679997731	0	0.011	5.29806675668111e-19	ALDH2	c8
2.58802591730852e-23	-2.7192544014254	0.002	0.014	5.37429461988288e-19	PASK	c8
2.96493964405284e-23	-0.945377264231943	0.023	0.044	6.15699366484012e-19	ANXA5	c8
3.25192437277333e-23	-2.08202066546564	0.004	0.018	6.75294615250109e-19	PECAM1	c8
3.29248716593555e-23	-3.14358364275975	0.001	0.012	6.83717884878176e-19	IGLL5	c8
4.31115984396597e-23	0.958520854580893	0.024	0.012	8.95255453197974e-19	EFHD2	c8
6.08706081808939e-23	-2.31618255077544	0.003	0.016	1.26403904948444e-18	CD79B	c8
6.57275900455622e-23	-1.80330206815428	0.025	0.047	1.36489913488614e-18	CXCL13	c8
8.96427316474143e-23	-0.995660010594353	0.02	0.04	1.86152096539021e-18	SDCBP	c8
1.05763341021915e-22	0.324091936398325	0.17	0.134	2.19628153966108e-18	EMP3	c8
1.06113697043911e-22	-0.880451207773175	0.027	0.049	2.20355703281386e-18	NR3C1	c8
1.17113875972972e-22	1.03756740645647	0.02	0.01	2.43198674845473e-18	PLEKHF1	c8
1.51037079669323e-22	0.335505664025266	0.163	0.128	3.13643599641315e-18	LSP1	c8
1.79566285326629e-22	0.387752085562177	0.128	0.097	3.72887348109277e-18	SUMO2	c8
1.8111879771452e-22	0.122548013184698	0.614	0.552	3.76111295333971e-18	RPL7A	c8
1.8367788035328e-22	-1.09100686250081	0.028	0.049	3.8142548634162e-18	GLUL	c8
2.052809840916e-22	-1.92517600355815	0.005	0.018	4.26286491564616e-18	RILPL2	c8
2.09926515323401e-22	0.841284999041596	0.031	0.017	4.35933401720574e-18	PTMS	c8
2.54104911901107e-22	0.664551240954355	0.048	0.03	5.27674260053838e-18	PRDX5	c8
2.84977807834893e-22	0.167584192773311	0.454	0.403	5.91784915749938e-18	RPL35	c8
3.51274725806398e-22	-5.57357653637316	0	0.01	7.29457095609566e-18	MARCH1	c8
3.90241272037636e-22	0.290251006070392	0.219	0.181	8.10375025513356e-18	CORO1A	c8
4.59585995100913e-22	-0.743918556891127	0.035	0.059	9.54376277426557e-18	SPOCK2	c8
7.32543754164535e-22	-1.68125676624711	0.006	0.02	1.52120035989807e-17	IL6ST	c8
8.10962331293705e-22	-1.26698178752422	0.012	0.029	1.68404437716451e-17	HIF1A	c8
8.5995947899588e-22	0.756312697351262	0.038	0.023	1.78579185408284e-17	PTPN22	c8
9.53533156335023e-22	-3.89650539995658	0.001	0.011	1.98010695244531e-17	CSF3R	c8
1.06360103908734e-21	1.06856171808418	0.019	0.009	2.20867391776877e-17	RNF125	c8
1.37281436876477e-21	-2.19514108296928	0.003	0.015	2.85078631817692e-17	RNF130	c8
1.62486275287915e-21	0.733313027105718	0.038	0.023	3.37418999262885e-17	DOK2	c8
1.69003444929809e-21	-1.66500235650391	0.007	0.021	3.50952553741241e-17	LINC00936	c8
1.98515559282151e-21	-2.01143646445906	0.004	0.016	4.12237410405315e-17	KDM6B	c8
2.19433518178695e-21	0.485089574309994	0.082	0.059	4.55675643849877e-17	LIME1	c8
2.66547242676968e-21	-4.1098220422542	0.001	0.01	5.53512004142992e-17	CTSZ	c8
3.50635812901878e-21	-2.22851409908251	0.003	0.015	7.28130329072041e-17	HLA-DRB6	c8
4.34813211240571e-21	1.02291060581146	0.019	0.01	9.02933114462171e-17	TES	c8
4.38646224390134e-21	-2.4001106424985	0.003	0.014	9.10892749568553e-17	WARS	c8
4.76927703612954e-21	-4.30547543235799	0	0.01	9.90388069322661e-17	CD300E	c8
5.60777047507282e-21	-1.97268264799532	0.004	0.016	1.16450961685362e-16	NCF1C	c8
6.07329936113268e-21	-0.21545866244752	0.505	0.532	1.26118134533281e-16	RPL18	c8
6.33663655501657e-21	1.146972055448	0.015	0.007	1.31586594701474e-16	HSH2D	c8
1.02426083004289e-20	-3.54247015488223	0.001	0.011	2.12698003966707e-16	NLRP3	c8
1.06506982644028e-20	-4.6849463506501	0	0.01	2.21172400158589e-16	CLEC10A	c8
1.85796550930227e-20	-3.47932692479972	0.001	0.01	3.8582511766171e-16	RALGPS2	c8
2.17057156343228e-20	-0.773688596138793	0.033	0.055	4.50740890862348e-16	PRDX1	c8
2.22386642797136e-20	-3.51502134920779	0.001	0.01	4.61808102432534e-16	FAM26F	c8
2.65575139954213e-20	0.847194472132268	0.027	0.015	5.51493335628918e-16	SCP2	c8
3.249021451515e-20	-0.933740965817473	0.022	0.041	6.74691794621605e-16	FAIM3	c8
3.88165362610584e-20	-2.051928488451	0.004	0.015	8.0606419199714e-16	LEF1	c8
3.929970586069e-20	-1.91892309039386	0.004	0.016	8.16097691903088e-16	GRINA	c8
4.64813580380246e-20	0.926155765564741	0.023	0.012	9.6523188101762e-16	HLA-J	c8
4.90107834335088e-20	0.113023552791466	0.63	0.573	1.01775792878024e-15	RPS7	c8
5.00400545846627e-20	0.605956277451267	0.052	0.034	1.03913177350511e-15	PVRIG	c8
5.8259784769746e-20	-0.696931827549398	0.04	0.064	1.20982269052855e-15	ANXA2	c8
5.97903682856119e-20	-2.27519143077313	0.003	0.014	1.24160678781902e-15	IRF8	c8
6.0526946148911e-20	-1.45487110109902	0.008	0.022	1.25690256372829e-15	KLF10	c8
7.78185715227909e-20	-0.692161542585978	0.041	0.064	1.61598045624228e-15	PKM	c8
9.399417167329e-20	-1.98321013637613	0.004	0.015	1.95188296896754e-15	CD4	c8
1.33637409521833e-19	-1.20711489368082	0.011	0.026	2.77511444613038e-15	PDE4B	c8
2.05280529586856e-19	-3.59849677720049	0.001	0.01	4.26285547740066e-15	LOC101927412	c8
2.38263676825602e-19	-0.386696460890194	0.115	0.148	4.94778351296044e-15	NPM1	c8
2.65727651063688e-19	-1.42233914817241	0.01	0.025	5.51810040198855e-15	PLIN2	c8
2.82908930513223e-19	-3.33453371662959	0.001	0.01	5.87488685103759e-15	GK	c8
4.93832708937849e-19	-0.365597857734751	0.206	0.243	1.02549300338034e-14	HSPA1B	c8
5.84229240616038e-19	0.436542933345536	0.081	0.059	1.21321044106327e-14	ID2	c8
6.48213599003236e-19	0.761812597618388	0.032	0.019	1.34608035969012e-14	AKNA	c8
6.72728614377896e-19	0.421938256253783	0.096	0.072	1.39698824061714e-14	COX6C	c8
9.14006579239186e-19	-0.389485801063017	0.267	0.3	1.89802606244809e-14	SRGN	c8
9.89633831324981e-19	0.696363858101344	0.027	0.015	2.05507361412946e-14	MTRNR2L8	c8
1.02504340313403e-18	0.459147608741111	0.075	0.054	2.12860513094813e-14	DBI	c8
1.06324268408128e-18	0.473316059571329	0.071	0.051	2.20792975776318e-14	RABAC1	c8
1.3906656852651e-18	-1.60734671355814	0.006	0.018	2.8878563620215e-14	PTPRE	c8
1.87033956968485e-18	0.169876815903926	0.25	0.211	3.88394715040756e-14	UBB	c8
1.99128528510534e-18	-1.12376123321207	0.012	0.027	4.13510302304975e-14	GNAI2	c8
2.31113418904528e-18	0.575735381004276	0.051	0.035	4.79930125697143e-14	JAK1	c8
3.89320854881432e-18	-0.722495607250049	0.031	0.051	8.08463687246781e-14	ZNF331	c8
4.58015062679387e-18	0.908332396497783	0.021	0.011	9.51114079160014e-14	ITGB7	c8
5.15024163320054e-18	-0.339082463864062	0.14	0.173	1.06949917755042e-13	RPS11	c8
5.37002524090701e-18	1.19084816473261	0.012	0.005	1.11513944152675e-13	GALNT2	c8
8.80484334263357e-18	-2.15848261239044	0.003	0.012	1.82841376853129e-13	LGALS9	c8
8.83893583955439e-18	0.781350646887012	0.027	0.016	1.83549341644186e-13	PRKACB	c8
9.00190305312595e-18	-0.673377238882889	0.034	0.054	1.86933518801213e-13	GAS5	c8
9.22594918566965e-18	-1.53328486422264	0.006	0.018	1.91586060789616e-13	IRF2BP2	c8
1.10228715749281e-17	-0.195595743769675	0.587	0.598	2.28900951124956e-13	RPL37	c8
1.16839202165837e-17	1.19345216780324	0.013	0.006	2.42628287217578e-13	CSF1	c8
1.24228762422172e-17	0.511397918244668	0.061	0.042	2.57973448045883e-13	TRAPPC1	c8
1.40474579093921e-17	-1.37449267224019	0.008	0.02	2.91709510946436e-13	ATP2B1	c8
1.61293205302279e-17	0.605945502667643	0.044	0.029	3.34941470130712e-13	SRP9	c8
1.75798120322073e-17	-0.409784521333625	0.089	0.117	3.65062376660817e-13	ZFAS1	c8
1.78326411480403e-17	0.605996019558289	0.044	0.029	3.70312626080204e-13	SYNE2	c8
2.02927288400454e-17	-1.55098427093903	0.006	0.017	4.21398807092382e-13	SYPL1	c8
2.19188689076542e-17	0.275639635025874	0.176	0.144	4.55167231736347e-13	OST4	c8
2.87352060651706e-17	-1.69335203110682	0.004	0.015	5.96715289149332e-13	CECR1	c8
3.83738131887914e-17	-1.21739828280843	0.009	0.022	7.96870604678442e-13	DNPH1	c8
4.14401786541354e-17	-1.29926935706668	0.008	0.021	8.60546749931776e-13	NCF1	c8
4.44385326901378e-17	0.624560597978966	0.037	0.024	9.22810569843401e-13	PLEK	c8
4.7487373837736e-17	0.262103017254075	0.162	0.132	9.86122805114425e-13	HMGB1	c8
5.50057199463889e-17	0.630004907552249	0.04	0.026	1.14224878040671e-12	CCDC107	c8
5.68197412933543e-17	0.854212460457931	0.022	0.012	1.1799187476978e-12	PELO	c8
6.56793450255614e-17	-1.80009808695396	0.004	0.015	1.36389727880081e-12	IER5	c8
8.33707861325122e-17	-1.11080596462434	0.011	0.025	1.73127774482775e-12	SMAP2	c8
1.03044652832598e-16	-0.306896776025346	0.291	0.328	2.13982526072174e-12	DNAJB1	c8
1.09948781704189e-16	-1.71730450919828	0.005	0.016	2.2831964008692e-12	MYC	c8
1.17437007562967e-16	-1.21094021906732	0.009	0.022	2.43869689905257e-12	FOXP1	c8
1.279131937569e-16	0.511752847039696	0.057	0.04	2.65624538155578e-12	HNRNPF	c8
1.36721576208296e-16	-0.392648657232624	0.582	0.588	2.83916025154147e-12	COX3	c8
1.48518101195406e-16	-1.05274921962947	0.013	0.026	3.08412688942381e-12	ARID5B	c8
1.74616815717627e-16	0.748549270020056	0.027	0.016	3.62609279519225e-12	RNF166	c8
1.80286063989408e-16	1.09493670456664	0.013	0.006	3.74382040480405e-12	RAB29	c8
3.20427620680722e-16	-0.858892135803622	0.019	0.034	6.65399997105586e-12	PYCARD	c8
4.10076367894588e-16	-1.52077908616055	0.006	0.017	8.51564585569902e-12	LOC101928173	c8
4.1661007040557e-16	-2.07038013688405	0.003	0.012	8.65132472204207e-12	PGD	c8
5.31019997006067e-16	0.474073450383353	0.062	0.045	1.1027161257828e-11	GIMAP7	c8
5.8731148709256e-16	-1.75078779349977	0.004	0.014	1.21961103409641e-11	TCF7	c8
8.9753306107288e-16	-1.56809303928495	0.006	0.016	1.86381715462394e-11	NR4A3	c8
9.1138672885075e-16	-1.18682350096176	0.013	0.027	1.89258568113147e-11	FABP5	c8
1.36611624410941e-15	-1.54731871876289	0.005	0.015	2.83687699251761e-11	LIMS1	c8
1.49462770673471e-15	-2.44346808818275	0.002	0.01	3.1037438958053e-11	CUX1	c8
1.56073370097238e-15	0.107810784451294	0.542	0.495	3.24101960343924e-11	RPL6	c8
1.65602430557082e-15	-0.223723194332376	0.246	0.282	3.43890007294837e-11	PFDN5	c8
1.86061325708071e-15	-0.273747190434544	0.319	0.353	3.8637494896538e-11	TSC22D3	c8
2.03511646560709e-15	-1.35620731921244	0.007	0.017	4.22612285247968e-11	TRAT1	c8
2.14928984363569e-15	-0.412112203681082	0.081	0.107	4.46321528929388e-11	CALM2	c8
2.59351026548976e-15	-0.900135211936512	0.016	0.03	5.38568341731603e-11	TMEM123	c8
2.72222032473477e-15	-0.980070413627484	0.014	0.027	5.65296272634422e-11	CTLA4	c8
2.90509612265641e-15	-0.807537972558351	0.021	0.036	6.0327226083083e-11	CMTM6	c8
3.34793131832525e-15	0.371018475739022	0.076	0.056	6.95231417563421e-11	CTSC	c8
4.12869566745219e-15	0.601060391598696	0.038	0.025	8.57364942303122e-11	ZEB2	c8
4.15260989993433e-15	0.137584019728669	0.437	0.395	8.62330971820362e-11	RPL23A	c8
5.77203366225209e-15	0.592616864996598	0.039	0.026	1.19862051030327e-10	FAM49B	c8
5.89933365893882e-15	-1.98950680876151	0.003	0.011	1.22505562761524e-10	LILRB1	c8
5.9483261627163e-15	-0.53635518037087	0.044	0.064	1.23522941094967e-10	EIF3E	c8
6.00893618097336e-15	0.674142302133578	0.03	0.019	1.24781568734093e-10	BIN1	c8
6.51101881857827e-15	0.78057456264808	0.022	0.013	1.35207816786596e-10	LINC00869	c8
7.37176401714618e-15	-2.13894037414579	0.002	0.011	1.53082051580058e-10	SMIM14	c8
8.31057197616283e-15	-1.61544226262749	0.004	0.014	1.72577337656997e-10	DGKA	c8
8.96430943451646e-15	0.541599620151014	0.047	0.032	1.86152849717169e-10	PAIP2	c8
9.00486423175896e-15	-0.612113499708373	0.032	0.049	1.86995010636707e-10	RGS10	c8
1.06749894558493e-14	-1.55898369199675	0.005	0.015	2.21676831040166e-10	MARCKSL1	c8
1.09578217484551e-14	-0.186123771142035	0.453	0.48	2.27550126428419e-10	RPLP2	c8
1.13091107670271e-14	1.04988269161799	0.013	0.006	2.34844994188084e-10	SYTL2	c8
1.19720873492158e-14	-0.987483300526034	0.013	0.025	2.48612365893815e-10	AMICA1	c8
1.24611561865394e-14	-1.90521206829201	0.003	0.011	2.58768369369677e-10	ICAM1	c8
1.33906713944874e-14	-0.536345466920715	0.042	0.061	2.78070682177925e-10	CCNL1	c8
1.85468349497294e-14	0.374075346194729	0.087	0.067	3.85143574566081e-10	LCK	c8
1.88215740009961e-14	-0.900608498265989	0.015	0.028	3.90848805704685e-10	TRAPPC5	c8
2.45753978179499e-14	-0.625214550774855	0.035	0.053	5.10332711087548e-10	HSPH1	c8
2.68818762828808e-14	-0.673315715716696	0.027	0.042	5.58229042890303e-10	RHOG	c8
3.07844529298816e-14	1.05871472289849	0.012	0.006	6.39269949541922e-10	KLF3	c8
3.20286433087732e-14	-0.235902214288939	0.294	0.326	6.65106806949985e-10	RPL10A	c8
3.51042378667634e-14	0.516449818308335	0.048	0.033	7.28974603541208e-10	ANXA6	c8
3.67751748037576e-14	0.465105721965002	0.061	0.044	7.6367327997483e-10	HLA-F	c8
4.30219818832597e-14	0.330574475045105	0.114	0.091	8.93394475787772e-10	ATP5I	c8
5.27192507622934e-14	-0.696441532649801	0.025	0.041	1.09476796132979e-09	DDX3X	c8
5.85171046335166e-14	-0.893370241082304	0.015	0.028	1.21516619481961e-09	SAMHD1	c8
5.98876592840425e-14	-1.16526102867962	0.01	0.021	1.24362713269243e-09	XIST	c8
6.21323736581477e-14	0.48744050429716	0.052	0.037	1.29024087138509e-09	HLA-G	c8
6.32144928654472e-14	0.72766308553905	0.024	0.015	1.31271215884388e-09	DCTN3	c8
6.39341241362378e-14	-2.00342060387309	0.003	0.01	1.32765602181311e-09	RTKN2	c8
7.09207134499081e-14	-1.22113478666572	0.03	0.046	1.47273953550079e-09	CCL4L2	c8
8.01080550226088e-14	0.808689226265722	0.02	0.011	1.66352387059949e-09	ARIH2	c8
9.00301064218472e-14	-0.730097384725794	0.028	0.043	1.86956518995608e-09	CAPG	c8
9.16742149911728e-14	-0.957436200009807	0.012	0.024	1.90370674850669e-09	FGR	c8
9.86210876183457e-14	-0.771641108849741	0.02	0.034	2.04796550548257e-09	FKBP5	c8
1.01759504411064e-13	-1.69944592034522	0.004	0.012	2.11313786860016e-09	AHR	c8
1.04584665685442e-13	0.942180692810416	0.015	0.008	2.17180516762390e-09	HAVCR2	c8
1.06087224801138e-13	0.416913349706931	0.069	0.051	2.20300731022043e-09	GIMAP4	c8
1.14356186228611e-13	-0.406842220667972	0.095	0.12	2.37472056322334e-09	GADD45B	c8
1.34848885738317e-13	-1.77049993151992	0.003	0.011	2.80027196124188e-09	BLVRB	c8
1.3868226321254e-13	0.4799443581373	0.052	0.037	2.87987587787161e-09	ITGA4	c8
1.41360540883972e-13	0.290903731055897	0.128	0.104	2.93549299199657e-09	UBL5	c8
1.45274765311895e-13	0.86228124570131	0.017	0.009	3.01677577646682e-09	STK38	c8
1.63497269600244e-13	-0.673153738923789	0.026	0.041	3.39518430051867e-09	SEPT6	c8
2.05084919633094e-13	-1.17218522960668	0.008	0.018	4.25879344110083e-09	MAF	c8
2.05254232305873e-13	-0.544222218435966	0.3	0.315	4.26230938806375e-09	S100A6	c8
2.24062663913315e-13	-0.542329548182555	0.038	0.056	4.65288527882391e-09	FKBP1A	c8
2.29046338494984e-13	0.400295571893864	0.076	0.058	4.75637626518684e-09	EIF3G	c8
2.52682280496452e-13	-0.328188897829386	0.102	0.127	5.24720023678931e-09	ARPC1B	c8
3.73698562568851e-13	0.401484962570529	0.068	0.051	7.76022435030477e-09	PARK7	c8
3.82563718778903e-13	-1.18610340104132	0.008	0.018	7.94431818416269e-09	HLA-DRB5	c8
4.04112052879987e-13	0.804088981032095	0.019	0.011	8.39179089010581e-09	PLA2G16	c8
4.15296364669271e-13	-1.68701877184264	0.003	0.011	8.62404430872207e-09	MFSD1	c8
4.3515772609412e-13	0.501214924644479	0.046	0.033	9.0364853400705e-09	TRAF3IP3	c8
5.06993822845489e-13	-1.66043696273737	0.004	0.013	1.05282337252094e-08	LIPA	c8
6.19813799856115e-13	-0.613869605996774	0.044	0.062	1.28710533678121e-08	CSTB	c8
6.27440710606922e-13	0.920825285315456	0.014	0.008	1.30294337964633e-08	RPA2	c8
8.29877731848877e-13	-1.65245210591201	0.004	0.011	1.72332409795738e-08	GLA	c8
8.41194343392852e-13	-0.614348534613121	0.028	0.044	1.7468241734896e-08	ATP6V0B	c8
8.42476966384614e-13	-0.963221457812534	0.012	0.023	1.74948766839429e-08	JMJD1C	c8
9.6781956711068e-13	-0.658181414312581	0.027	0.042	2.00977411306204e-08	TNFRSF1B	c8
1.0475992673338e-12	-0.655944187439016	0.041	0.058	2.17544463854536e-08	LGALS3	c8
1.16120012335612e-12	0.717643306921623	0.022	0.014	2.41134817616131e-08	ADD3	c8
1.26380568625787e-12	0.680976446361466	0.024	0.015	2.6244188880831e-08	TSEN54	c8
1.6070028535146e-12	-0.828847692223972	0.015	0.027	3.33710212560841e-08	TALDO1	c8
1.68402109448786e-12	-0.35074355101637	0.208	0.235	3.4970382048135e-08	HSP90AA1	c8
1.98124731764917e-12	-0.525838991352438	0.042	0.059	4.11425817983027e-08	EZR	c8
2.07574458527906e-12	0.401969554287352	0.058	0.043	4.3104912057905e-08	RHOC	c8
2.44831013496192e-12	0.575125649338771	0.034	0.023	5.08416082626193e-08	GLIPR2	c8
2.7519123820436e-12	0.3841756355115	0.066	0.05	5.71462125255173e-08	C9orf16	c8
3.04120602614009e-12	-1.5709281370897	0.004	0.012	6.31536843388251e-08	LAP3	c8
3.68398276439196e-12	-0.261372571918911	0.132	0.159	7.65015860853635e-08	HINT1	c8
4.10171454755632e-12	-1.77078470206548	0.003	0.01	8.51762042945546e-08	ATP6V1B2	c8
4.11338738019626e-12	0.446856243518466	0.044	0.031	8.54186023371555e-08	ARL6IP1	c8
4.17693987195656e-12	-0.600075233260963	0.028	0.043	8.67383333810499e-08	ANP32B	c8
4.35316577945588e-12	0.342128292508326	0.085	0.067	9.03978405761808e-08	POLR2L	c8
4.52338604363964e-12	0.202895286104007	0.201	0.173	9.39326345822208e-08	MIF	c8
4.88167101555256e-12	0.284745829387558	0.124	0.102	1.01372780308964e-07	SNRPD2	c8
5.77781919057725e-12	-0.753829595259398	0.018	0.03	1.19982193311527e-07	AP2S1	c8
6.67273598828968e-12	0.392895732836838	0.069	0.053	1.38566035532824e-07	ACTR3	c8
7.83959692757445e-12	-0.452526389934146	0.062	0.081	1.62797069798011e-07	RHOB	c8
8.50630622899616e-12	-0.661949583722831	0.024	0.037	1.76641955151334e-07	MYADM	c8
8.72959049516655e-12	0.880103993589955	0.014	0.008	1.81278676222629e-07	TMIGD2	c8
9.99214348251249e-12	-1.27185503872004	0.006	0.014	2.07496851557854e-07	PELI1	c8
1.12243306225084e-11	0.754913119947251	0.019	0.011	2.3308444970701e-07	CAPN2	c8
1.16235996073117e-11	1.01022145305994	0.011	0.005	2.41375669445436e-07	CRBN	c8
1.21380063474334e-11	-0.693027603752673	0.022	0.034	2.52057839810803e-07	REL	c8
1.3701249009276e-11	0.392632375242057	0.063	0.048	2.84520136926625e-07	ARF1	c8
1.38209069421561e-11	0.52128554465654	0.038	0.027	2.87004953560814e-07	UFC1	c8
1.44067968878973e-11	0.347126470520406	0.08	0.063	2.99171544174074e-07	C19orf43	c8
1.48830058835481e-11	-0.149569510532318	0.102	0.082	3.09060500177759e-07	SSR4	c8
1.76384363122417e-11	0.369635120695084	0.073	0.056	3.66279768460012e-07	NDUFA1	c8
2.28857860554439e-11	0.581363764797181	0.03	0.02	4.75246233227348e-07	CDC42SE1	c8
2.30418960864857e-11	-1.13902111823653	0.007	0.015	4.78488014131963e-07	HSBP1	c8
2.50268945235433e-11	-1.60259951550095	0.004	0.011	5.19708491675901e-07	GADD45G	c8
2.56043130325917e-11	-0.539708089622118	0.036	0.051	5.31699164434799e-07	DUSP4	c8
2.74365855481021e-11	-0.791682462932786	0.015	0.026	5.69748135491888e-07	TNFAIP8	c8
2.85986203029534e-11	-0.647276601662838	0.05	0.067	5.9387894921113e-07	TNF	c8
3.24500593246644e-11	-0.425409272454011	0.05	0.068	6.73857931935981e-07	STK17B	c8
3.55022236247724e-11	-1.17924283672755	0.006	0.015	7.37239175792024e-07	HNRNPLL	c8
3.67035125135201e-11	-0.86990860037786	0.012	0.023	7.62185140855758e-07	CD82	c8
3.80009198507536e-11	0.44319841609211	0.047	0.035	7.89127101620749e-07	CCDC85B	c8
3.97817139141384e-11	-1.00088767070103	0.009	0.018	8.26107071140998e-07	CMTM7	c8
5.35778912105388e-11	0.405401854353166	0.059	0.044	1.11259848887805e-06	WDR83OS	c8
5.37002455906519e-11	0.508007674263923	0.037	0.026	1.11513929993548e-06	ARHGAP9	c8
6.87284159253834e-11	-0.482466085794754	0.056	0.074	1.42721428510651e-06	AHNAK	c8
6.93135955203787e-11	0.187513797343065	0.206	0.179	1.43936612457618e-06	PTPRC	c8
7.36813694840547e-11	0.75905522741759	0.017	0.01	1.53006731870588e-06	MRPL10	c8
7.56303627851128e-11	-1.01783982926718	0.008	0.016	1.57054011359565e-06	PFKFB3	c8
7.81538091841059e-11	0.74162063408157	0.017	0.01	1.62294200151714e-06	CDC25B	c8
8.04558663966645e-11	0.645265570186434	0.023	0.015	1.67074652159314e-06	BTN3A2	c8
8.34033287387794e-11	-1.03327010235923	0.009	0.017	1.73195352458949e-06	NINJ1	c8
8.42947315849712e-11	0.867917375745244	0.013	0.007	1.75046439609351e-06	SRPK2	c8
9.06918175300026e-11	-1.01664748872676	0.009	0.018	1.88330628282803e-06	HLA-DRB3	c8
9.60436531316854e-11	0.849224745754879	0.011	0.006	1.99444250093258e-06	FXYD2	c8
9.82463810806555e-11	-0.64258368554457	0.043	0.059	2.04018434952089e-06	AREG	c8
1.08665829318765e-10	-0.732948014469958	0.016	0.027	2.25655461163348e-06	RBPJ	c8
1.10723718811987e-10	-0.581831397942315	0.027	0.04	2.29928874484972e-06	SFPQ	c8
1.20543195045478e-10	0.454183921762956	0.045	0.033	2.5031999883144e-06	TMEM50A	c8
1.28318400270456e-10	-0.484373854238198	0.04	0.055	2.66465990001629e-06	RHOH	c8
1.33067106990065e-10	0.366358895893149	0.067	0.052	2.76327154375569e-06	ATP5G3	c8
1.40416169609495e-10	0.451313821526248	0.045	0.033	2.91588217811077e-06	WDR1	c8
1.55015624363182e-10	-1.20512575025711	0.006	0.014	3.21905445552583e-06	NAAA	c8
1.57869867960352e-10	0.132669351921744	0.283	0.252	3.27832567806468e-06	MYL6	c8
1.7897461671706e-10	0.339786493897459	0.087	0.07	3.71658689074647e-06	CKLF	c8
1.89401063015341e-10	-0.532313682186124	0.03	0.044	3.93310247457657e-06	CSRNP1	c8
1.98339809590738e-10	0.534723168487643	0.037	0.026	4.11872448596126e-06	TECR	c8
2.06528241791619e-10	0.56284406078636	0.029	0.02	4.28876546904476e-06	ANXA2R	c8
2.34963272322274e-10	-0.172578893473999	0.262	0.291	4.87924731304435e-06	UBC	c8
3.31162992181536e-10	-0.438877184976876	0.046	0.061	6.87693069564177e-06	YPEL5	c8
3.37991927199718e-10	0.505973088454721	0.034	0.024	7.01874036022935e-06	DNAJB6	c8
3.46807515783911e-10	0.613639628732634	0.026	0.017	7.20180487276869e-06	MIEN1	c8
3.72581393276777e-10	-1.05820924112382	0.007	0.015	7.73702521278555e-06	PLEC	c8
3.8977761116937e-10	-0.601595097803752	0.023	0.035	8.09412187354314e-06	PIK3IP1	c8
4.20013512945268e-10	-0.525429615087922	0.034	0.048	8.72200060982145e-06	TUBB4B	c8
4.94564275389174e-10	0.437056243650235	0.045	0.033	1.02701217427316e-05	SNRPB	c8
5.04718432501448e-10	-0.761863927660289	0.014	0.024	1.04809829693251e-05	IFNGR1	c8
5.17892108266397e-10	0.658989878659174	0.02	0.013	1.075454752026e-05	PPP3CC	c8
5.34936251420079e-10	-1.33295748741831	0.004	0.011	1.11084861969894e-05	TNFRSF25	c8
5.46165127462601e-10	-0.396420710921676	0.193	0.215	1.13416650368884e-05	S100A10	c8
5.55645306524569e-10	0.502535395056355	0.034	0.024	1.15385304352892e-05	RNF167	c8
6.0668291085209e-10	-0.88855549730371	0.01	0.019	1.25983773267545e-05	H2AFY	c8
6.42092193295803e-10	0.520247165961444	0.033	0.023	1.33336864859807e-05	PRKCH	c8
8.0441505305232e-10	0.276823179441575	0.099	0.081	1.67044829916845e-05	EDF1	c8
8.23687719551391e-10	-0.354637095404097	0.087	0.107	1.71046991842042e-05	NR4A2	c8
8.35111715865103e-10	0.478703325365725	0.034	0.024	1.73419298916547e-05	MAPRE2	c8
9.06162592889827e-10	-0.361784603372291	0.081	0.1	1.88173724039501e-05	DNAJA1	c8
9.65796276001779e-10	-0.194848169330064	0.637	0.62	2.00557254674529e-05	RPS3A	c8
9.92793506894263e-10	0.311317359592974	0.071	0.056	2.06163499641663e-05	SAP18	c8
1.00548007919175e-09	0.526978255010282	0.031	0.022	2.0879799324496e-05	TGFB1	c8
1.11041017848342e-09	-0.406954724021339	0.063	0.08	2.30587777663867e-05	HSPB1	c8
1.20291904190254e-09	0.459608919017844	0.041	0.03	2.49798168241482e-05	RALY	c8
1.32200559927244e-09	-1.22782330840808	0.005	0.011	2.74527682744916e-05	CRTAP	c8
1.36587489742465e-09	0.311802575580653	0.075	0.06	2.83637581199204e-05	KRTCAP2	c8
1.61691993823556e-09	0.278918288785576	0.095	0.078	3.35769594373996e-05	SKP1	c8
1.66580095923019e-09	-1.15442276437008	0.005	0.012	3.45920227193741e-05	TPP1	c8
1.72538689930612e-09	-0.815328980808932	0.012	0.021	3.58293843509909e-05	ID3	c8
1.72927474657561e-09	0.574136553847511	0.025	0.017	3.59101193873891e-05	STRAP	c8
1.7611642550168e-09	0.39872815966802	0.051	0.038	3.6572336919679e-05	EIF5A	c8
1.81872911099251e-09	-1.22121755034304	0.005	0.011	3.77677287188704e-05	NCF4	c8
1.8614029865958e-09	-0.912847512802422	0.009	0.017	3.86538944196485e-05	EIF4A3	c8
2.12643925679609e-09	0.322021836436173	0.075	0.06	4.41576376066275e-05	UQCR10	c8
2.27625971835358e-09	-0.85263314533194	0.01	0.019	4.72688093113303e-05	TMEM243	c8
2.32534598861008e-09	0.369148529790896	0.058	0.045	4.82881347994768e-05	CD96	c8
2.35420522502076e-09	0.471737428356017	0.035	0.025	4.8887425702781e-05	SPSB3	c8
2.45044916460161e-09	0.269611311032562	0.1	0.083	5.0886027352117e-05	COX6A1	c8
2.51279103874376e-09	-1.32130655745761	0.004	0.01	5.2180618710553e-05	PPIF	c8
2.63438982815863e-09	0.4765540764012	0.035	0.025	5.4705739171542e-05	MYEOV2	c8
2.7242358102313e-09	0.45893307674264	0.04	0.03	5.65714808352631e-05	UBE2L6	c8
2.78491889378183e-09	-0.209615092504547	0.488	0.49	5.78316257482736e-05	RPS6	c8
2.89035565479926e-09	-0.715682592174284	0.014	0.024	6.00211255275614e-05	GRB2	c8
3.35129146774783e-09	-1.25090424535628	0.004	0.011	6.95929186192515e-05	INPP4B	c8
3.45228881697983e-09	-0.948546667829871	0.01	0.018	7.16902295734032e-05	INSIG1	c8
3.86760619702724e-09	0.445956761963027	0.039	0.029	8.03147102874676e-05	ERH	c8
3.8810990558895e-09	-0.401788353521337	0.057	0.073	8.05949029946013e-05	CYCS	c8
4.05298401738822e-09	-0.328346857983032	0.075	0.093	8.41642661050837e-05	SNHG8	c8
4.73730845152584e-09	-1.05102984780413	0.007	0.014	9.83749473043856e-05	BNIP3L	c8
4.75794470941586e-09	-0.406403923671014	0.043	0.057	9.88034798357297e-05	PHLDA1	c8
5.05746421205273e-09	-0.790226518676724	0.011	0.019	0.000105023301827487	ATP1A1	c8
5.16100364678422e-09	-0.928532994255672	0.009	0.017	0.000107173401729121	PIM3	c8
5.28016276574158e-09	0.222540566634246	0.136	0.116	0.00010964785999339	HNRNPDL	c8
6.58063210869393e-09	0.542311825858163	0.026	0.018	0.000136653406369138	GHITM	c8
6.59040123665114e-09	-0.670339384700766	0.017	0.027	0.000136856272080298	STAT1	c8
6.8067896887359e-09	0.579699836904259	0.024	0.017	0.00014134979467629	ITGAL	c8
6.80750030236898e-09	0.394598223846118	0.047	0.036	0.000141364551278994	CD164	c8
6.96652038655061e-09	-0.440022352287865	0.041	0.054	0.00014466676234711	RPS20	c8
7.19483857203522e-09	0.520586774127041	0.028	0.019	0.000149408017786883	RHOF	c8
7.3953571638003e-09	0.53998462425215	0.027	0.019	0.000153571986863477	RAB1B	c8
7.40545598682206e-09	0.533816160130564	0.027	0.018	0.000153781699022347	TMCO1	c8
8.05483575636377e-09	-1.21702826612497	0.004	0.011	0.00016726671931665	VMP1	c8
8.86416762528029e-09	-0.969035559149831	0.007	0.014	0.00018407330490657	GPCPD1	c8
9.53108279555348e-09	0.414733642345267	0.044	0.033	0.000197922465332464	SRSF11	c8
9.87185851097079e-09	0.154098223432915	0.266	0.24	0.000204999013838819	TXNIP	c8
9.99461730144473e-09	0.455808980215026	0.035	0.026	0.000207548222881801	DENND2D	c8
1.0087436798008e-08	-0.753595258372521	0.014	0.022	0.000209475712547433	H1FX	c8
1.10800545763458e-08	0.277135833878414	0.092	0.076	0.000230088413332396	RBM3	c8
1.16061729617717e-08	-0.725274910197074	0.013	0.022	0.000241013787724152	PBXIP1	c8
1.23825478032869e-08	-0.493534979606165	0.03	0.042	0.000257135987683055	WSB1	c8
1.2532255350686e-08	-0.874134587159883	0.009	0.016	0.000260244814612345	ARL4A	c8
1.37023641829949e-08	-1.06974021891352	0.005	0.012	0.000284543294624072	PER1	c8
1.40708282615429e-08	0.412026672759884	0.042	0.031	0.000292194819679199	NDUFB10	c8
1.46380201028073e-08	-0.87749740825678	0.011	0.019	0.000303973125454897	PPA1	c8
1.50134840163167e-08	0.76631062399517	0.013	0.008	0.000311770009082833	HDDC2	c8
1.64290332560589e-08	0.301961318509355	0.078	0.064	0.000341165304595318	USMG5	c8
1.76363354733909e-08	-1.09444065954185	0.005	0.011	0.000366236142440435	SESN1	c8
1.79236781782673e-08	0.485474758241906	0.03	0.021	0.000372203101049899	SASH3	c8
1.88356667635476e-08	0.401382811706383	0.044	0.034	0.000391141456011829	SKAP1	c8
2.03100139696528e-08	0.374265630737804	0.05	0.038	0.00042175775009381	BST2	c8
2.08190078535522e-08	0.542358411745146	0.025	0.017	0.000432327517086864	IDH2	c8
2.192458759968e-08	-0.353390597936248	0.055	0.07	0.000455285986094956	GNG5	c8
2.28948074157785e-08	0.364289828275525	0.051	0.039	0.000475433570796057	WIPF1	c8
2.43715262380232e-08	-1.19792034386219	0.004	0.01	0.00050609911385879	NCOA4	c8
2.58355589178541e-08	0.852846918433701	0.01	0.006	0.000536501216488157	MVD	c8
2.5988592841479e-08	-1.21297443539512	0.004	0.01	0.000539679118946153	PHTF2	c8
2.88745250525984e-08	0.459814727238123	0.034	0.025	0.000599608387242259	AUP1	c8
2.93464430155888e-08	-0.33126983486367	0.07	0.086	0.000609408235661718	TAGAP	c8
2.95575932966189e-08	-1.20012737376898	0.004	0.01	0.000613792982397588	BAG3	c8
3.20148648408135e-08	0.585584038150913	0.02	0.013	0.000664820683284334	ACTN4	c8
3.34645590072227e-08	0.698093258540649	0.014	0.009	0.000694925032343986	LAIR1	c8
3.46040343134522e-08	-0.990136669081875	0.006	0.013	0.000718587376553149	PLSCR1	c8
4.21184114431616e-08	0.249134598439698	0.053	0.042	0.000874630932028694	MTRNR2L2	c8
4.22843496535959e-08	0.494549087981723	0.028	0.02	0.000878076804906572	ZNHIT1	c8
4.73093639124026e-08	-0.531796774248471	0.026	0.036	0.000982426251004952	PMAIP1	c8
4.91193065202687e-08	-0.518830950156286	0.025	0.036	0.0010200115191999	NOSIP	c8
4.97641237240133e-08	0.443392489881682	0.034	0.025	0.00103340179325286	BZW1	c8
5.01727473641029e-08	-1.07475474904021	0.008	0.015	0.00104188727176296	CD9	c8
5.33676971845795e-08	-0.341886644060414	0.053	0.067	0.00110823359973498	GLTSCR2	c8
5.58959589986538e-08	-0.470961115849509	0.034	0.045	0.00116073548456604	CHMP1B	c8
6.01476109938292e-08	-0.387225716569064	0.04	0.052	0.00124902528989786	KIAA1551	c8
6.0934579277099e-08	0.291309443291783	0.068	0.055	0.00126536747326824	IRF1	c8
6.44378056737729e-08	0.384692808044446	0.044	0.034	0.00133811547262157	TBCA	c8
7.49857440176369e-08	0.464302530134588	0.029	0.021	0.00155715396027025	MRPS6	c8
7.63150857890899e-08	0.613835047320853	0.018	0.012	0.00158475907149624	ADAM8	c8
7.74078744809027e-08	-0.452516701142137	0.03	0.041	0.00160745192147043	EIF3L	c8
8.18546348412657e-08	0.557273085756429	0.022	0.015	0.00169979334711372	RAB27A	c8
8.84766124279817e-08	0.469798815810745	0.03	0.022	0.00183730533367947	NDUFS6	c8
9.38014272808129e-08	-0.444248118267067	0.031	0.042	0.00194788043891336	PPP1R2	c8
9.81299474636035e-08	-0.673116897415574	0.013	0.021	0.00203776648902919	DDX21	c8
1.03658076555189e-07	-0.562635423097742	0.019	0.028	0.00215256361774505	PGLS	c8
1.04406665151168e-07	-0.575603555726041	0.019	0.028	0.00216810880852915	FAM46C	c8
1.11375307727063e-07	-0.514883596395558	0.022	0.032	0.00231281964026019	ARHGAP15	c8
1.11453229444194e-07	-0.388056185251781	0.041	0.054	0.00231443776263813	SF1	c8
1.1553131098648e-07	-0.628481988924175	0.016	0.024	0.00239912320394525	RNF19A	c8
1.26226332899333e-07	0.418550808283174	0.036	0.027	0.00262121602898754	TBCB	c8
1.49987455372799e-07	-0.231225930580622	0.132	0.151	0.00311463949827155	TAGLN2	c8
1.63741129594772e-07	0.342493284683325	0.05	0.039	0.00340024829716503	FYN	c8
1.81259476387929e-07	-0.529491832016121	0.02	0.029	0.00376403428667173	TCIRG1	c8
1.83112846646108e-07	-0.913694164846022	0.007	0.013	0.00380252137345307	VOPP1	c8
1.89724059127568e-07	-0.771559962506446	0.01	0.017	0.00393980981184308	PAG1	c8
1.93430816930962e-07	0.360603816517417	0.046	0.036	0.00401678434438835	COX7B	c8
2.00095093860493e-07	-0.755397565334424	0.011	0.018	0.004155174719107	MAT2A	c8
2.01019195660357e-07	-0.683739972697761	0.014	0.022	0.00417436461708297	UGP2	c8
2.23315345759995e-07	0.550372722375733	0.02	0.014	0.00463736647005206	CASP4	c8
2.27269225713804e-07	0.626319860744394	0.016	0.01	0.00471947274117284	DIAPH1	c8
2.34376340033305e-07	0.450262009334106	0.03	0.022	0.00486705907713162	COX7A2L	c8
2.35013717765233e-07	-0.533838955667686	0.02	0.029	0.00488029486311282	RNF149	c8
2.35475370426418e-07	-0.641251889424123	0.014	0.022	0.004889881542275	CCDC109B	c8
2.36299932828756e-07	0.567364733789391	0.02	0.013	0.00490700440512194	MAGOH	c8
2.4397546883242e-07	0.41470414118908	0.028	0.02	0.00506639458577404	ACP5	c8
2.45415966476253e-07	-1.00133125515037	0.005	0.011	0.00509630795984586	SNX2	c8
2.49383420256296e-07	0.464119702793684	0.024	0.017	0.00517869610504224	SDF2L1	c8
2.61828959611434e-07	0.225950437411245	0.113	0.097	0.00543714017529103	DAZAP2	c8
2.62030304872684e-07	0.295285313944478	0.071	0.058	0.00544132131098615	RBM39	c8
2.69026411297503e-07	-0.660259038948417	0.013	0.021	0.00558660245700394	SELM	c8
2.70332115760999e-07	0.44008288760357	0.03	0.022	0.0056137167158929	MGST3	c8
2.7078372153407e-07	0.356348530049466	0.045	0.035	0.0056230947613765	PARP8	c8
2.83024202376546e-07	0.470800072318998	0.027	0.02	0.00587728058655135	SEP15	c8
2.85477674650252e-07	-0.674077591126336	0.012	0.02	0.00592822939178712	USP15	c8
2.97600148997787e-07	0.375516323956769	0.041	0.032	0.00617996469408804	ATP5J	c8
3.28946280759998e-07	-0.50530674411164	0.021	0.03	0.00683089846626212	SLA	c8
3.34484894284368e-07	0.691712319143842	0.013	0.008	0.00694591331470918	MRFAP1L1	c8
3.36558327449529e-07	-0.144238277249101	0.546	0.544	0.00698897022781693	RPS25	c8
3.61195383147619e-07	0.396983204265204	0.037	0.029	0.00750058332644346	SHISA5	c8
3.61968895224199e-07	-0.348622866627136	0.04	0.051	0.00751664607822571	SELL	c8
3.69342405756445e-07	0.689153214187434	0.013	0.008	0.00766976439793834	ISCA1	c8
3.79559664719057e-07	0.36118000154669	0.047	0.037	0.00788193599755594	NEDD8	c8
3.9000183468917e-07	-0.589739023250697	0.016	0.024	0.00809877809915531	EIF2S3	c8
3.9245343973732e-07	0.458741703813512	0.028	0.021	0.00814968812958518	SUMO1	c8
4.05686361120807e-07	0.519104434696838	0.022	0.015	0.00842448297503468	HMOX2	c8
4.19230502918223e-07	-0.623529083449333	0.015	0.022	0.00870574062359981	PDCD1	c8
4.45350615238898e-07	-0.810294717072904	0.009	0.015	0.00924815087605095	RAPGEF6	c8
4.81565094657217e-07	-0.337525272650653	0.046	0.059	0.0100001807556518	SOCS1	c8
5.0810175448284e-07	0.516832651279094	0.021	0.015	0.0105512410335907	IMP3	c8
5.08341032541238e-07	-0.556227327082484	0.018	0.026	0.0105562098817514	SH2D1A	c8
5.12596406897619e-07	0.389767512007494	0.036	0.028	0.010644576985636	TMED2	c8
5.55249347727173e-07	0.540686164818135	0.02	0.014	0.0115303079549025	POLR3GL	c8
5.56679588116114e-07	0.703590597411241	0.012	0.007	0.0115600083268192	UBE2G1	c8
5.59248208886827e-07	0.3980362663856	0.035	0.027	0.0116133483057438	CLEC2D	c8
5.63254650653573e-07	-0.138642977833287	0.274	0.297	0.0116965460754721	UBA52	c8
5.67490119689983e-07	-0.622908516061544	0.014	0.022	0.0117844998254822	DNAJB9	c8
5.71777601267198e-07	-0.248312183107678	0.086	0.101	0.0118735336679146	CCNI	c8
6.09413082044428e-07	0.283278322968963	0.073	0.06	0.0126550720617346	NDUFA3	c8
6.34379106798024e-07	0.305903131598195	0.057	0.046	0.0131735165317678	C4orf3	c8
6.41699059694533e-07	0.46394615455558	0.027	0.019	0.0133255226736167	SF3B6	c8
6.75742826291494e-07	0.459671368064667	0.027	0.02	0.0140324755307692	STOM	c8
7.02145082978228e-07	0.298972477659277	0.061	0.049	0.0145807447931259	ATP5J2	c8
7.0719159264602e-07	-0.493226960670103	0.022	0.031	0.0146855406128873	LYST	c8
7.30239388657538e-07	-0.502359962581504	0.02	0.029	0.0151641511448624	CNPY3	c8
7.36826864695644e-07	-0.815089235026975	0.008	0.014	0.0153009466722697	MIDN	c8
7.65411703778835e-07	-0.558658132440745	0.016	0.024	0.0158945394406713	GNAS	c8
7.90235346726044e-07	-0.706057835347321	0.013	0.02	0.016410027210113	SSR3	c8
7.92505530780574e-07	0.498201480227898	0.022	0.016	0.0164571698521894	MED10	c8
9.30195984769927e-07	0.32790940636743	0.047	0.037	0.0193164498197323	SF3B5	c8
9.3855650717313e-07	-0.452586109576173	0.025	0.034	0.0194900644279572	LRRFIP1	c8
9.65095955721921e-07	0.59777432038453	0.017	0.012	0.0200411826165214	RN7SL1	c8
9.71890376827187e-07	0.390228207042098	0.036	0.028	0.0201822755651934	JTB	c8
9.8121078760184e-07	0.184862607450251	0.127	0.111	0.0203758232153398	CHCHD2	c8
1.04961272058382e-06	-0.843924471813741	0.012	0.018	0.0217962577556435	MIR155HG	c8
1.10845433554984e-06	-0.122181495807155	0.383	0.404	0.023018162732028	FXYD5	c8
1.13480666932019e-06	-0.716750212758495	0.009	0.015	0.0235653952951032	MGAT1	c8
1.1353668136586e-06	0.528939630592771	0.019	0.014	0.0235770272524345	ACP1	c8
1.13632030628811e-06	0.677205360882986	0.012	0.008	0.0235968274803789	LOC102288414	c8
1.18116230441316e-06	0.359930114095958	0.04	0.031	0.0245280164134436	BUB3	c8
1.2174424349482e-06	0.262092141653697	0.068	0.056	0.0252814096041343	SEC61G	c8
1.25529126472035e-06	-0.987733248083266	0.029	0.039	0.0260673784031828	MT1X	c8
1.2748651504552e-06	0.51120464745174	0.019	0.014	0.0264738497143527	LOC100996919	c8
1.40382738713787e-06	0.720454374582266	0.011	0.006	0.0291518795213049	PPP2R5C	c8
1.4099680694654e-06	0.403011081800893	0.032	0.024	0.0292793969305185	RNPS1	c8
1.52139756241168e-06	0.229083851071792	0.09	0.077	0.031593341781041	COX7A2	c8
1.64661476137296e-06	0.340423410210828	0.045	0.036	0.034193602134671	COPE	c8
1.79232885188772e-06	0.309460506102378	0.051	0.041	0.0372195009383004	LSM7	c8
1.81408584303835e-06	0.362132939294584	0.041	0.032	0.0376713066165344	PSMB1	c8
1.83357146891861e-06	-0.966353335326216	0.005	0.01	0.0380759451235638	P2RY10	c8
1.9125141918389e-06	0.732404664416788	0.01	0.006	0.0397152697077265	RASA3	c8
1.92384223000507e-06	0.596174660554818	0.015	0.01	0.0399505077482853	UHMK1	c8
1.96084224677678e-06	0.653322576120009	0.012	0.008	0.0407188500965666	LOC102724850	c8
2.00877232478072e-06	-0.625367987437747	0.011	0.017	0.0417141660963964	CEBPD	c8
2.12534492617881e-06	-0.111707842858771	0.586	0.587	0.0441349127370291	RPL35A	c8
2.1301256863213e-06	-0.561789084991694	0.016	0.023	0.0442341900021482	PRKCQ-AS1	c8
2.31809547546673e-06	-0.615538723104081	0.013	0.019	0.0481375706435422	TNFSF9	c8
2.33526864757338e-06	-0.906599875662644	0.006	0.01	0.0484941887355088	FAM102A	c8
2.33853258750958e-06	0.191582122881292	0.09	0.077	0.048561967712224	UCP2	c8
2.34529489887016e-06	-0.557655771804602	0.015	0.022	0.0487023938699377	ATF4	c8
2.3580111617865e-06	0.687047089666107	0.011	0.007	0.0489664597856585	HINT2	c8
2.37275584488392e-06	-0.418872540577096	0.028	0.037	0.0492726478748595	PTGER4	c8
2.37357933284863e-06	0.381257632904439	0.035	0.027	0.0492897484259346	EMD	c8
2.45843228988489e-06	0.334205401577544	0.044	0.035	0.0510518049317496	GTF3A	c8
2.59613743328173e-06	0.592963568516511	0.015	0.01	0.0539113899395284	HSPB11	c8
2.61268627758026e-06	-0.610934664761368	0.013	0.02	0.0542550432402317	ARID5A	c8
2.80550252364538e-06	0.395591377199409	0.032	0.024	0.0582590654060199	SYF2	c8
3.15635376491081e-06	0.301492153839895	0.055	0.045	0.0655448422821378	CAP1	c8
3.23164714515604e-06	0.430904382937779	0.026	0.019	0.0671083846163103	SSBP1	c8
3.38072967705351e-06	-0.273383840791712	0.07	0.084	0.0702042324736932	SOD1	c8
3.55919936549137e-06	0.259722154397386	0.071	0.059	0.0739103340237938	ARL6IP5	c8
3.87847064207304e-06	0.510902094751527	0.019	0.013	0.0805403213532889	U2SURP	c8
3.89680739328703e-06	-0.60945674369455	0.012	0.019	0.0809211023289985	PPP1CB	c8
4.03916406864865e-06	0.341391274672382	0.041	0.032	0.0838772810495578	UQCRHL	c8
4.11571923746302e-06	-0.46745330239109	0.021	0.029	0.085467025685157	EML4	c8
4.15537576446457e-06	0.446237688721355	0.025	0.018	0.0862905331248713	C9orf78	c8
4.22956334413048e-06	0.718900557581486	0.01	0.006	0.0878311124042136	LOC102724614	c8
4.31685619871447e-06	0.573675996767498	0.015	0.01	0.0896438358225047	KCNAB2	c8
4.39037501183896e-06	-0.143440290402	0.686	0.667	0.0911705274958478	RPS23	c8
4.43447526639312e-06	-0.627193848436629	0.012	0.018	0.0920863133819195	TGIF1	c8
4.47070981474622e-06	0.426493777827067	0.027	0.02	0.0928387600130201	MGAT4A	c8
4.91237742298051e-06	-0.341597649540863	0.053	0.064	0.102010429565613	CLDND1	c8
4.99992371443791e-06	0.650365334711045	0.012	0.008	0.103828415854018	RAB9A	c8
5.24572577483723e-06	0.469209615805603	0.022	0.016	0.10893274144027	POLR2G	c8
5.54305953764246e-06	-0.89034008676076	0.005	0.01	0.115107174358683	DUSP16	c8
5.63905193233665e-06	-0.892055198959061	0.005	0.01	0.117100552426903	HMGA1	c8
5.77308028397641e-06	0.307765670858356	0.041	0.033	0.119883785177054	SPCS2	c8
5.80617689708381e-06	0.305930623063243	0.049	0.04	0.120571069444842	UQCRQ	c8
5.81790271216618e-06	0.192846214539434	0.13	0.115	0.120814567720843	UQCR11	c8
5.96103524838479e-06	0.102410785452669	0.345	0.323	0.123786857967958	RPL37A	c8
5.9854149949163e-06	-0.436157109420985	0.023	0.031	0.124293127784432	ANKRD12	c8
6.18309300290943e-06	-0.398430339529267	0.031	0.04	0.128398109298417	HSPD1	c8
6.3893800009727e-06	0.380366717062668	0.032	0.024	0.132681865100199	SCML4	c8
6.79584262660882e-06	0.195906586787142	0.105	0.091	0.141122467984159	TPM3	c8
6.82353370713407e-06	0.109727434349022	0.302	0.281	0.141697500962346	ATP5E	c8
6.98803718209994e-06	0.35222654141428	0.037	0.029	0.145113580123487	BLOC1S1	c8
7.10010595038976e-06	0.613204360954136	0.013	0.008	0.147440800165794	PQLC3	c8
7.20805712409371e-06	0.526144540920733	0.017	0.012	0.14968251423893	TAP2	c8
7.60198738880882e-06	0.447734301126308	0.023	0.017	0.157862870116004	RWDD1	c8
7.73692565853242e-06	0.346265500664426	0.038	0.03	0.160664998225084	C11orf58	c8
7.90513682309885e-06	0.547965987802837	0.015	0.01	0.164158071268471	MED30	c8
8.11310263611641e-06	0.265647363246318	0.062	0.052	0.168476689341593	NCL	c8
8.97405010378449e-06	0.417799267234698	0.024	0.018	0.186355124455189	GABARAPL1	c8
9.10139574577788e-06	0.463740106775619	0.022	0.016	0.188999584056824	TLN1	c8
9.25849102592771e-06	0.628011487590822	0.012	0.008	0.192261824644415	CCDC12	c8
9.37014727569202e-06	-0.881703519226991	0.005	0.01	0.19458047832702	ATG3	c8
9.37519296178722e-06	-0.463768822271567	0.02	0.027	0.194685257044473	NDUFV2	c8
9.43800495646581e-06	-0.460850887700989	0.021	0.029	0.195989610925969	LINC-PINT	c8
9.65242765899983e-06	0.30030510507742	0.049	0.04	0.200442312766791	ICAM3	c8
1.03071202572986e-05	0.478788272228344	0.02	0.014	0.214037659263063	ZNF428	c8
1.03438534040746e-05	0.431310587730689	0.024	0.018	0.214800459789014	HMGN4	c8
1.03639203972516e-05	-0.726608612245527	0.008	0.013	0.215217170969326	TM9SF2	c8
1.03916351806628e-05	-0.80529699362828	0.006	0.011	0.215792696161643	WNK1	c8
1.0668232592221e-05	0.459343743437191	0.021	0.015	0.221536518010062	UBE2L3	c8
1.09126501282215e-05	-0.62190721317793	0.011	0.016	0.226612092562648	GSTO1	c8
1.12038863567203e-05	-0.162298820472667	0.312	0.327	0.232659904083653	RPSA	c8
1.15347212996362e-05	0.299779311020971	0.048	0.039	0.239530022508246	NDUFB8	c8
1.18998783965234e-05	-0.824290808102647	0.006	0.01	0.247112874782206	SKIL	c8
1.2155520437327e-05	0.626379749701869	0.011	0.007	0.252421537401533	SPAG7	c8
1.25773727103206e-05	-0.867240134336951	0.005	0.01	0.261181721702518	BID	c8
1.26423986879337e-05	0.432996386249962	0.024	0.018	0.262532051153631	TMEM230	c8
1.29617146636455e-05	0.402252091251769	0.027	0.02	0.269162966705262	PSMB6	c8
1.34540934941418e-05	0.212545202472453	0.065	0.055	0.279387705499348	LINC00152	c8
1.35748058641164e-05	-0.430723056898396	0.022	0.029	0.281894418574241	GDI2	c8
1.42350076233275e-05	0.675940116302099	0.01	0.006	0.295604168306018	SNRNP27	c8
1.49582930013597e-05	-0.11481933136668	0.768	0.737	0.310623912466236	RPL34	c8
1.61337585235574e-05	0.234781531813744	0.07	0.059	0.335033629500193	PRR13	c8
1.62580260340557e-05	0.290043720036325	0.052	0.043	0.3376141686232	ARF5	c8
1.63714098116703e-05	0.435986683548039	0.023	0.017	0.339968696149145	CISH	c8
1.69545596031589e-05	0.441352145010676	0.022	0.016	0.352078384719198	MYO1G	c8
1.71440329525857e-05	0.414023411554838	0.026	0.02	0.356012988293394	SYTL1	c8
1.77804045964955e-05	0.373940717484003	0.029	0.023	0.369227881850825	NDUFS8	c8
1.79978324110164e-05	-0.508786163424475	0.016	0.022	0.373742987847166	TMEM173	c8
1.84985903997971e-05	-0.355361617637382	0.033	0.042	0.384141728242187	TRA2B	c8
1.87624340065476e-05	-0.792715793569618	0.006	0.01	0.389620704579968	USP3	c8
1.95808761752328e-05	0.454400993920506	0.02	0.015	0.406616474654884	SNRPB2	c8
2.08968574645295e-05	-0.488120906465796	0.016	0.023	0.43394414210842	ELOVL5	c8
2.09656526481563e-05	0.615242066152909	0.011	0.007	0.435372742891613	CDK17	c8
2.11875560903702e-05	-0.71883464726448	0.007	0.012	0.439980789772627	LOC100131564	c8
2.1904596223063e-05	0.279224665637527	0.046	0.038	0.454870845168127	BAX	c8
2.25035609490287e-05	0.531914964713119	0.015	0.01	0.46730894666753	PSMD9	c8
2.47405440072739e-05	-0.483831587003936	0.016	0.023	0.513762136855049	RNH1	c8
2.4975853541406e-05	0.106441993570793	0.032	0.025	0.518648574640836	FKBP11	c8
2.58961061355491e-05	-0.355747202786635	0.029	0.037	0.537758540010812	EIF5	c8
2.61154917276288e-05	0.361031581625011	0.03	0.024	0.54231430121594	ECH1	c8
2.64405565048613e-05	0.580016302265991	0.012	0.008	0.549064596379949	BTN3A1	c8
2.75679689724745e-05	0.279220248491702	0.05	0.041	0.572476443682405	CSNK2B	c8
2.93803552946265e-05	0.468366673893869	0.018	0.013	0.610112458048214	PDAP1	c8
2.93978704292294e-05	0.501672528967253	0.016	0.011	0.610476177333377	GOLGA7	c8
3.01042958709579e-05	-0.582774011654558	0.011	0.016	0.625145808056311	RHBDD2	c8
3.07385932355654e-05	0.582238010270922	0.012	0.008	0.638317627129751	ARL5A	c8
3.07980538041427e-05	0.387644660539005	0.029	0.023	0.639552385296826	ANKRD28	c8
3.08150730267981e-05	0.581038024307766	0.012	0.008	0.639905806474489	TADA3	c8
3.08649091779036e-05	0.340814280260698	0.034	0.027	0.640940703988346	NAA38	c8
3.32210837505498e-05	-0.465104347696717	0.091	0.078	0.689869025163917	CCL3	c8
3.41995600289239e-05	-0.799056053654135	0.006	0.01	0.710188063560633	NABP1	c8
3.42428875195219e-05	-0.598095916174686	0.01	0.016	0.711087802230391	CCDC167	c8
3.5559078598637e-05	0.11411564542427	0.132	0.118	0.738419826179295	ALOX5AP	c8
3.59240593794809e-05	0.354421216999473	0.031	0.025	0.7459990170743	SIGIRR	c8
3.64795413493626e-05	-0.602524330101302	0.009	0.015	0.757534155660864	TRADD	c8
3.68920372735062e-05	0.358648358791025	0.03	0.024	0.76610004602163	NDUFA2	c8
3.90017732391987e-05	0.397246397742333	0.025	0.019	0.809910823085199	SF3B2	c8
3.93610145186211e-05	0.265528279208326	0.049	0.041	0.817370827493686	RNF213	c8
4.00372067742482e-05	0.408921320169419	0.023	0.017	0.831412635874039	PSMA5	c8
4.00825299360659e-05	-2.0461054812271	0.007	0.011	0.832353816652345	MZB1	c8
4.04195948710945e-05	-0.260973354927861	0.057	0.068	0.839353307093148	SLC25A5	c8
4.07999922499735e-05	0.495030979321372	0.016	0.011	0.847252639062949	ZBTB38	c8
4.17752416465848e-05	0.422070893899163	0.021	0.016	0.867504668032981	BUD31	c8
4.26502466558349e-05	0.178761678109625	0.108	0.095	0.885675022055067	CYTIP	c8
4.45707593017094e-05	-0.52977008017174	0.013	0.019	0.925556387659297	PPP1R10	c8
4.54346802305588e-05	-0.552604532015945	0.014	0.02	0.943496569667785	TMEM107	c8
4.6159616267661e-05	0.409748847245869	0.023	0.017	0.958550591414248	CHCHD10	c8
4.62185860871046e-05	-0.415765294814817	0.021	0.028	0.959775158684814	ZNF706	c8
4.66439797626403e-05	0.604610470816143	0.011	0.007	0.968608883750989	P2RY8	c8
0.000110228812040158	-0.898542958674971	0.006	0.01	1	SOX4	c8
7.98188056494176e-05	-0.744085676824705	0.006	0.011	1	TNFSF10	c8
8.46112329164068e-05	-0.743937472495549	0.007	0.011	1	PLD3	c8
0.0116741571143872	-0.728562481025462	0.01	0.013	1	MT1E	c8
5.13722496311455e-05	-0.691288216447003	0.007	0.012	1	JARID2	c8
9.63407664357323e-05	-0.691202993036153	0.007	0.011	1	CAPNS1	c8
0.000258353475274131	-0.690305266488747	0.006	0.01	1	SLAMF1	c8
0.00012315859398007	-0.678008578191252	0.007	0.011	1	TOX	c8
0.000130347268391949	-0.660264272314244	0.007	0.011	1	GRAMD1A	c8
5.66900136913466e-05	-0.648002113002697	0.008	0.013	1	ILF3-AS1	c8
0.000313927425011582	-0.647185323624095	0.006	0.01	1	ITGB2-AS1	c8
0.000274031003943836	-0.639789102450321	0.006	0.01	1	TRAF1	c8
0.000143884578878662	-0.631953767962401	0.008	0.012	1	LPAR6	c8
0.000183407870566068	-0.618712263284507	0.007	0.012	1	ATP6V0D1	c8
7.82647605880695e-05	0.610986535704317	0.01	0.007	1	MAD2L2	c8
0.000386353671063551	-0.610088562902584	0.009	0.013	1	ATP1B3	c8
5.89430288872532e-05	0.607553374328798	0.01	0.007	1	IKZF2	c8
8.03001899452645e-05	0.60513493097825	0.01	0.007	1	F2R	c8
7.8897289249614e-05	0.583057397491727	0.011	0.007	1	ARL2BP	c8
0.0177723877178987	-0.576873819466481	0.166	0.165	1	TYROBP	c8
7.41903194280305e-05	-0.573780693924827	0.01	0.015	1	SP110	c8
6.1784373804546e-05	-0.570465372264001	0.01	0.015	1	WASF2	c8
6.89450419749922e-05	0.570219334206052	0.012	0.008	1	C9orf89	c8
0.000119726321083153	-0.568736016645018	0.01	0.014	1	C6orf62	c8
0.000527880493927516	-0.567067220313784	0.008	0.012	1	RAB10	c8
0.000673899488946412	-0.565981129452538	0.007	0.011	1	PTPN1	c8
0.000174512323639222	0.558756576931759	0.011	0.007	1	ADH5	c8
0.0669921469678387	-0.554493376302128	0.16	0.15	1	MT2A	c8
0.00041191328774774	-0.551426340818664	0.009	0.013	1	CNIH1	c8
0.00016576375863039	0.549711437328752	0.011	0.007	1	TMBIM1	c8
0.000280049321717686	-0.548794595714861	0.016	0.021	1	IRF7	c8
0.00102314010443778	-0.546352322703606	0.007	0.011	1	MX1	c8
0.699103812632017	-0.544873473253975	0.085	0.085	1	CCL4L1	c8
8.68307205075553e-05	0.5440145578552	0.012	0.008	1	FLI1	c8
0.00226079761266894	-0.542756746059598	0.006	0.01	1	IPCEF1	c8
0.00149843065643453	-0.542203277426704	0.007	0.011	1	SUSD3	c8
0.000629943491794298	0.5410545751983	0.01	0.007	1	RNF4	c8
5.37433362109083e-05	0.538804319267902	0.013	0.009	1	MIB2	c8
8.55146602256558e-05	0.534670958407445	0.012	0.009	1	S1PR4	c8
0.000329812191482482	-0.534042936997595	0.01	0.014	1	MTHFD2	c8
0.000383259492259054	0.531600245566811	0.012	0.008	1	PPIH	c8
0.000255807140108	0.530120142251466	0.011	0.008	1	METTL23	c8
0.000492114750456898	-0.526539372936748	0.009	0.013	1	CHD1	c8
0.00234653257627801	-0.52546840207843	0.007	0.01	1	AFF4	c8
0.00012427261174532	-0.524977240496262	0.012	0.018	1	METTL12	c8
9.64527833718675e-05	0.52163712137106	0.014	0.01	1	VPS37B	c8
7.72886250529804e-05	-0.519040144463517	0.013	0.018	1	ZBTB20	c8
0.00311653098970385	-0.516517617280513	0.007	0.01	1	SPTAN1	c8
0.000485371084087314	0.514162000808914	0.011	0.008	1	GIMAP6	c8
0.000714727356558197	-0.513812049018886	0.009	0.012	1	NCF1B	c8
0.000975912858266757	0.509128177384862	0.011	0.008	1	NARF	c8
0.000216351390981052	0.508846371959838	0.012	0.009	1	MECP2	c8
0.00147701386057493	-0.508611771141103	0.009	0.013	1	LY9	c8
0.0011582012565081	-0.504484367965579	0.008	0.012	1	GABPB1-AS1	c8
0.000179959590481231	0.501647774886755	0.014	0.01	1	VDAC3	c8
0.000137214392175547	0.501577029688304	0.014	0.01	1	CASP8	c8
0.000897160758444761	0.501246526804578	0.011	0.007	1	RAB6A	c8
0.000371807375658075	0.500875660851259	0.012	0.008	1	APOL6	c8
0.000287669003775104	0.50029041641618	0.012	0.009	1	RAB8A	c8
0.00130827880516772	-0.495528220957342	0.009	0.012	1	TMEM167A	c8
0.000484133207273748	0.495191448154293	0.011	0.008	1	MED15	c8
0.000126882290439224	0.493650160615507	0.014	0.01	1	FBXO7	c8
0.000989746767355652	0.493214800891976	0.011	0.008	1	DGKZ	c8
0.000142258801785849	0.493078283311081	0.014	0.01	1	ATG12	c8
0.000621307479775167	-0.491606254637453	0.01	0.014	1	YWHAH	c8
0.000973593786939165	-0.490907859681415	0.009	0.013	1	FAM96A	c8
0.00016552289834349	-0.490355736703996	0.013	0.018	1	STXBP2	c8
0.000751040485218389	0.489371366604074	0.011	0.008	1	EAPP	c8
0.000751040485218248	0.488437281080417	0.011	0.008	1	CCDC124	c8
0.00120052054238832	0.488105695249341	0.011	0.008	1	HPS1	c8
0.00181971671145798	-0.486866040194038	0.009	0.012	1	BAZ1A	c8
0.000598723913521188	-0.486621418176057	0.011	0.015	1	MYCBP2	c8
9.36716850638337e-05	0.484029196963347	0.015	0.011	1	CCNDBP1	c8
0.00475167407876117	-0.483063598762867	0.007	0.01	1	CELF1	c8
0.00030156658647151	-0.480771787254878	0.012	0.017	1	RTN4	c8
0.000394103870074569	-0.480771787254878	0.011	0.016	1	A1BG	c8
7.9562920396886e-05	-0.47925182745751	0.044	0.053	1	HIST1H4C	c8
7.57981670537484e-05	0.478935506797089	0.016	0.011	1	CNPY2	c8
0.00245490698544814	-0.478579574341214	0.009	0.013	1	LOC101929910	c8
0.00015769194675893	-0.478476329267216	0.014	0.019	1	PRMT9	c8
0.000848351847508036	0.473827149080439	0.012	0.008	1	CEBPZ	c8
0.00428794911348095	-0.472669706153624	0.008	0.011	1	MBOAT7	c8
0.000230794816843698	-0.470627229849335	0.013	0.018	1	VASP	c8
0.000107488867183516	-0.469511148091046	0.015	0.02	1	NEU1	c8
0.000837115128524674	-0.468561541836187	0.013	0.017	1	UBE2J1	c8
0.000299758371935606	0.466389490560714	0.014	0.01	1	PHB	c8
0.00198467847504254	0.465052124051376	0.01	0.008	1	ATP8A1	c8
0.000316229767566316	-0.464662310451877	0.013	0.018	1	TPR	c8
0.000573170824535883	0.463244682324974	0.013	0.009	1	ILK	c8
0.00100057848576573	-0.463185975948917	0.012	0.016	1	MRPL18	c8
0.000885494324810506	0.462909609971446	0.012	0.009	1	C18orf32	c8
0.00619923310361739	-0.461321014076961	0.008	0.01	1	POLR2A	c8
0.0020292708721143	0.460909253533615	0.012	0.009	1	KANSL1-AS1	c8
0.000461364229376278	0.459436811049744	0.014	0.01	1	PTRHD1	c8
0.00385171526466656	0.459412432759272	0.01	0.007	1	SH3BP5	c8
0.000446177163806756	0.458549918429425	0.014	0.01	1	PTPRA	c8
0.000546100426911468	0.457194607509455	0.013	0.01	1	CCDC69	c8
0.00444212273729879	-0.454540245681699	0.008	0.011	1	MXD1	c8
0.00120860738480053	0.454430186834464	0.012	0.009	1	PNKD	c8
8.17995544353699e-05	-0.452624371042308	0.016	0.022	1	SNORA78	c8
0.000105590941835029	-0.452574895424226	0.016	0.022	1	HNRNPH1	c8
0.00243982929680923	0.45228610022003	0.011	0.008	1	HELZ	c8
0.00451725782464612	-0.452181269553129	0.007	0.01	1	SLIRP	c8
0.00120918170185426	-0.450044608102377	0.012	0.016	1	ATOX1	c8
0.000214868728845988	0.448203926980212	0.016	0.012	1	NDUFB6	c8
0.00100585695960222	0.446863696860862	0.013	0.009	1	ITGB1BP1	c8
0.00179166937299915	0.445924080767387	0.011	0.008	1	ANXA2P2	c8
0.00187572590285581	0.442079522339141	0.012	0.009	1	ARHGAP25	c8
0.000143589826668818	-0.437001638822517	0.017	0.023	1	RPS10	c8
0.00199933779135811	0.436855515276129	0.012	0.009	1	FUNDC2	c8
0.00598064008079979	-0.436418855785092	0.037	0.042	1	TXN	c8
0.00208396888929536	0.435118374740071	0.012	0.009	1	CD58	c8
0.000651767143149598	0.434884918769591	0.015	0.011	1	ETHE1	c8
0.00111992904712927	0.434060829482445	0.013	0.01	1	IER3IP1	c8
0.00450972737567605	0.433498338719238	0.01	0.008	1	TIMM17B	c8
0.00895132698697691	-0.433402669851058	0.008	0.011	1	GLUD1	c8
0.000127728120237819	0.430719994368538	0.018	0.013	1	COMMD7	c8
0.00104841398661022	0.429177372505488	0.014	0.01	1	CAMLG	c8
7.26480702104852e-05	-0.428129309567002	0.018	0.025	1	PAK2	c8
0.00247479112385182	-0.427236565074361	0.009	0.013	1	ADRBK1	c8
0.00162531706723113	0.426598294883581	0.013	0.009	1	RNF126	c8
0.000599226782397735	-0.426571352418233	0.02	0.025	1	DNAJB4	c8
0.00616919521623778	-0.425895458734805	0.009	0.012	1	TOP1	c8
0.00145481839027638	0.424759271541026	0.013	0.01	1	NDUFA5	c8
0.00234869958138511	-0.422607132763295	0.01	0.014	1	MYLIP	c8
0.000673465056673155	0.422150588445213	0.016	0.012	1	HSD17B11	c8
0.0025195204547458	0.421972871104148	0.011	0.008	1	OASL	c8
0.00708155515524254	0.421860375876918	0.01	0.007	1	CCT2	c8
0.00104327900886283	-0.421720864803422	0.013	0.017	1	HNRNPUL1	c8
0.00205466151828914	0.415242219103034	0.013	0.01	1	MRPL34	c8
0.00142551145714881	-0.413652866832945	0.014	0.018	1	HM13	c8
0.00365938442532455	0.411824473034131	0.012	0.009	1	CYC1	c8
0.00145538512864138	0.409564385575902	0.014	0.011	1	SCAMP2	c8
0.000231576165381401	0.408707693119597	0.02	0.015	1	ICAM2	c8
0.00574066311451767	-0.408704418998796	0.01	0.013	1	HADHA	c8
0.00276491776544675	0.405971746788694	0.013	0.01	1	SAP30BP	c8
0.000217158701841216	-0.405876380611569	0.019	0.025	1	VAMP5	c8
9.9665073084606e-05	0.405366943215746	0.021	0.016	1	TMED9	c8
0.00405328852257531	-0.40500187540764	0.011	0.015	1	GTF2B	c8
0.000206888590913699	0.404184123874576	0.019	0.015	1	PSMB2	c8
5.10504731463796e-05	-0.403869152404805	0.022	0.029	1	MTDH	c8
0.000435984225294844	0.402751552929213	0.017	0.013	1	APH1A	c8
0.00516545439119541	-0.402404547542958	0.01	0.014	1	EVI2A	c8
0.00824441901652131	0.401106920345567	0.011	0.008	1	CALCOCO2	c8
0.00151172448315807	0.400670431434866	0.015	0.011	1	PSMA4	c8
0.00126446715179238	-0.399342652136538	0.028	0.034	1	ITM2C	c8
0.00723484679508686	0.398905621664024	0.011	0.009	1	CISD3	c8
4.86004844420829e-05	0.398107505308207	0.025	0.019	1	BANF1	c8
0.00289238970936376	-0.397903520081789	0.02	0.025	1	IFI6	c8
0.0106506194128263	0.396769394914087	0.01	0.008	1	AHSA1	c8
6.48308602423807e-05	0.396240524672963	0.024	0.019	1	MFSD10	c8
0.000972472705260802	-0.395570487184075	0.015	0.02	1	IL16	c8
0.000173559185209962	0.394898897140931	0.021	0.016	1	RBBP4	c8
0.0178688104026179	-0.39486506902175	0.01	0.013	1	HIST1H1C	c8
0.00130416256786552	0.394621875918771	0.016	0.012	1	ORMDL1	c8
0.00241527347340235	-0.394208029255918	0.011	0.015	1	LENG8	c8
0.000343868747611809	-0.394175169411462	0.017	0.022	1	LOC642441	c8
0.00770676760895508	-0.393221908205297	0.011	0.015	1	RANBP2	c8
0.00353936769935086	0.392980633864976	0.014	0.011	1	FBXW5	c8
0.000520748821684256	-0.392536036483609	0.017	0.022	1	TTC39C	c8
0.000132862716857079	-0.392026702832885	0.018	0.024	1	RAC1	c8
0.00668307790112245	0.391552961279102	0.011	0.008	1	B4GALT1	c8
0.00246639856724461	0.390359045236041	0.014	0.011	1	CPNE1	c8
0.0119882385606701	0.389195112102404	0.01	0.008	1	TMEM14A	c8
0.000581345199451941	0.388548888109118	0.019	0.015	1	H3F3A	c8
0.00987037124366431	0.388197664458466	0.011	0.008	1	SF3B4	c8
0.00179848755869775	0.387779296817474	0.015	0.011	1	HIGD1A	c8
0.00162063758415892	0.387257307860913	0.015	0.012	1	TRAPPC2L	c8
7.92229318501332e-05	0.38677123826902	0.025	0.019	1	AGTRAP	c8
0.0100052179952325	-0.38560184912182	0.01	0.013	1	GPRIN3	c8
0.00232913119782661	0.384935373281019	0.014	0.011	1	TEX264	c8
0.00752974158502378	0.38369531495503	0.012	0.01	1	EMC4	c8
6.3900976696271e-05	0.38343240925209	0.031	0.024	1	HSPA6	c8
0.0144572354872064	0.381200995993507	0.01	0.008	1	GNAI3	c8
0.00298962610851701	0.380319565800045	0.014	0.011	1	POLR2F	c8
7.20567443958283e-05	0.379698482765588	0.025	0.019	1	LMAN2	c8
0.00107235344357847	0.378638830794647	0.017	0.013	1	SLC44A2	c8
0.0236372960673564	-0.377517825457853	0.009	0.011	1	TUBB2A	c8
0.00399221305059392	0.376696249630529	0.014	0.011	1	GTF2A2	c8
0.00833218842141944	0.375317370719421	0.012	0.009	1	TIMM13	c8
0.000935812296603096	0.373797773223559	0.018	0.014	1	NUCB1	c8
0.00711719670191447	0.372694319073033	0.012	0.01	1	SDHC	c8
0.0238579916923463	-0.372669679359542	0.008	0.01	1	GDI1	c8
0.000196880327924828	-0.372096191715805	0.026	0.033	1	H3F3C	c8
0.00884754405387484	0.371747033658796	0.012	0.009	1	PIH1D1	c8
0.00208071263757864	0.371716154386507	0.016	0.013	1	SSNA1	c8
0.00067921412970978	0.370619697432996	0.019	0.015	1	PRNP	c8
0.0106740815859881	-0.370520099333033	0.01	0.013	1	KCNA3	c8
0.00819872668571337	0.370415797349144	0.012	0.009	1	ZFAND2B	c8
0.0139612322037818	0.370227607461596	0.011	0.008	1	PSMC3	c8
0.00592236634049633	0.369994933476591	0.013	0.01	1	TBCD	c8
0.00755286756604138	-0.369740474866134	0.011	0.014	1	LOH12CR1	c8
0.000221068490074241	0.36921152112573	0.023	0.018	1	OPTN	c8
0.000211512115056102	0.368944424222953	0.024	0.019	1	UQCRFS1	c8
8.28786190569334e-05	-0.368104409306617	0.026	0.033	1	NDFIP1	c8
0.0230408556201986	-0.365053859891797	0.007	0.01	1	MRPL14	c8
0.0177038586859097	-0.364689919767043	0.009	0.011	1	ATP6V0E2	c8
0.00641135239881796	-0.364672828147724	0.022	0.026	1	TNFRSF18	c8
0.004992953861292	0.364073505938368	0.014	0.011	1	EIF6	c8
0.00148520454481661	0.363825427702241	0.019	0.015	1	OCIAD1	c8
0.00189333285811858	-0.363742261160242	0.015	0.02	1	RSL1D1	c8
0.000103536464269282	-0.363657296384429	0.029	0.036	1	HNRNPU	c8
0.00228469266721145	0.36363036235495	0.016	0.013	1	EIF4EBP2	c8
0.000301517147665138	-0.363079570072056	0.028	0.035	1	CD55	c8
0.00630959485833793	0.362977731420963	0.014	0.011	1	OTUD6B-AS1	c8
8.0396744713879e-05	0.359112997842274	0.029	0.022	1	SNRPD3	c8
0.00124616737960297	-0.358954799298068	0.017	0.022	1	AKIRIN2	c8
0.00174765974470747	0.358668003781224	0.018	0.014	1	RAB24	c8
0.00120733295409288	0.357931004902036	0.019	0.015	1	NDUFB3	c8
6.58112238967709e-05	-0.357541010723	0.026	0.033	1	OCIAD2	c8
0.00159578611055154	0.357309650434989	0.018	0.014	1	SURF4	c8
0.00024222435479502	0.357020088952073	0.026	0.02	1	TCF25	c8
0.0114012682657839	0.354951053252141	0.013	0.01	1	OBFC1	c8
0.0196145468992472	0.353873923883761	0.01	0.008	1	RALGDS	c8
0.026577740792854	0.352533092488823	0.01	0.008	1	MRPL4	c8
0.00273137962430313	0.352088507888327	0.017	0.013	1	MOB1A	c8
6.54309245551517e-05	0.351219760544791	0.029	0.023	1	OTUB1	c8
0.0247924003476011	-0.350980975774069	0.008	0.011	1	PHF3	c8
6.74290330687907e-05	0.350105734014102	0.03	0.023	1	SSU72	c8
0.00309033664451922	-0.350095535010045	0.015	0.019	1	STAT3	c8
0.000391590910285557	0.350006282190234	0.023	0.018	1	DDOST	c8
0.00172181517386324	-0.349666034703095	0.017	0.021	1	IFRD1	c8
0.0123526209822047	0.348132455480519	0.013	0.01	1	PDCD5	c8
0.0139807791340019	0.347487534067022	0.013	0.01	1	EIF5B	c8
0.000926936467121132	0.347398205870288	0.021	0.016	1	AP2M1	c8
6.06815669890333e-05	0.347166651692404	0.029	0.023	1	MEAF6	c8
0.00739118476769085	0.346933397305499	0.014	0.011	1	ZRANB2	c8
0.0236405589615841	0.346898318195696	0.01	0.008	1	YIPF4	c8
0.000321234417410087	0.34649110621146	0.024	0.019	1	PSMA2	c8
0.00797771635679168	0.344934306975732	0.014	0.011	1	LINC00674	c8
0.000170026007440932	0.344617376944457	0.026	0.021	1	RORA	c8
5.00757422695483e-05	0.344315774837646	0.032	0.025	1	EID1	c8
0.000547749915716408	0.343474544758502	0.023	0.018	1	TMEM179B	c8
0.021475835304816	0.342498941767413	0.01	0.008	1	MFF	c8
0.0249996171589528	-0.342423194630372	0.008	0.01	1	TGFBR2	c8
0.000155767993050982	0.342403072076651	0.028	0.022	1	PA2G4	c8
0.000113195035554339	-0.342350013566143	0.031	0.039	1	TSPYL2	c8
0.00445076025134402	0.341997275144467	0.017	0.014	1	SUPT4H1	c8
0.0190086794278458	0.341787043440932	0.011	0.009	1	DERL1	c8
0.0185210004591177	-0.340962844355101	0.013	0.016	1	PTTG1	c8
0.000940524997496274	0.340333057798257	0.021	0.017	1	LINC00116	c8
0.00139944245645997	-0.340062065529679	0.019	0.024	1	LAPTM4A	c8
0.000243299166198908	-0.33888794178709	0.026	0.033	1	ITK	c8
0.00014180209085771	0.338877948646125	0.032	0.025	1	TMED10	c8
0.0211038844524439	-0.337560318624291	0.01	0.012	1	TMEM14C	c8
0.0182317329459836	0.337490821049595	0.012	0.01	1	UFD1L	c8
0.0137345365083798	0.335988795884363	0.013	0.01	1	PITPNC1	c8
0.0102995644226045	0.334767370660982	0.013	0.011	1	C6orf1	c8
0.00654849816181125	0.334017355499316	0.016	0.013	1	ZMYM6NB	c8
0.0229496750999633	0.334011876789189	0.011	0.009	1	MRPS36	c8
0.0239937291913918	0.333905928965884	0.012	0.01	1	PDLIM2	c8
0.0398726120244016	-0.333286581828947	0.008	0.01	1	SMARCB1	c8
0.00087249447593948	0.333216227135173	0.023	0.018	1	PPP4C	c8
0.00282197006079927	0.332854683061062	0.019	0.015	1	MACF1	c8
0.0112271398168725	0.332609357438974	0.014	0.011	1	FLOT1	c8
0.00104999558034186	0.331962909823387	0.022	0.018	1	PAPOLA	c8
0.812857015105798	-0.330991735146397	0.017	0.018	1	STMN1	c8
0.00489721392909088	0.330895411466686	0.017	0.013	1	RABGGTB	c8
0.00106912219366263	-0.330741442933055	0.023	0.028	1	IGFLR1	c8
0.000132985825107119	0.330594416783581	0.031	0.025	1	DGUOK	c8
0.0307991090934411	-0.328853640672448	0.009	0.011	1	DPYD	c8
0.000640893832297302	-0.32865159669188	0.027	0.033	1	FNBP1	c8
0.00900174941707128	-0.327546212093591	0.013	0.017	1	METTL9	c8
0.0279051900245361	0.325602543403282	0.011	0.009	1	TSTA3	c8
0.0494233214463589	0.324122596899493	0.01	0.008	1	NR1H2	c8
0.0335529833128083	0.322424964637438	0.011	0.009	1	PPCS	c8
0.0438260169648071	0.322396553104191	0.01	0.008	1	FLJ32255	c8
0.000928891717654391	0.322370883515811	0.024	0.019	1	SLC38A1	c8
0.00429841929985949	0.322155578950746	0.018	0.014	1	RASGRP2	c8
0.0373262505681423	0.321864585900197	0.01	0.008	1	CWC15	c8
0.0150724524920665	-0.321730047272107	0.012	0.015	1	YWHAE	c8
7.00451212709455e-05	0.321598675837534	0.035	0.028	1	FIS1	c8
0.00577504661198383	0.321409469074606	0.017	0.014	1	LINC01420	c8
0.0267621084397132	0.320973620893716	0.011	0.009	1	LSM3	c8
0.00830913427369575	0.320780260376856	0.016	0.013	1	FAM173A	c8
0.000786547584355186	0.320711569257792	0.025	0.02	1	NAA10	c8
0.0204902166977038	0.319213142569896	0.015	0.012	1	EPB41L4A-AS1	c8
0.000150884568947682	0.319181143921955	0.032	0.026	1	CBLB	c8
6.77228534495861e-05	-0.317961850575281	0.036	0.045	1	TIGIT	c8
0.0272534977473759	0.317675082111341	0.012	0.009	1	ANAPC5	c8
9.31644421993461e-05	0.317619230315644	0.033	0.026	1	SRI	c8
0.00315456894633633	0.317273502495919	0.021	0.017	1	RER1	c8
0.0319094933360882	-0.316778440582842	0.008	0.011	1	NELL2	c8
0.0153042045366773	0.315000633065313	0.014	0.011	1	SMIM7	c8
0.000207911608735637	0.313942680988229	0.031	0.025	1	ATP5F1	c8
0.00140040831568545	0.313644079095228	0.024	0.019	1	C17orf62	c8
0.0293901542635993	0.313644079095228	0.012	0.009	1	ETNK1	c8
0.00711293563010633	0.313644079095227	0.017	0.014	1	LSM14A	c8
0.013234822749072	0.313047060654724	0.016	0.013	1	CCDC59	c8
0.0369388845388106	0.312793684115763	0.011	0.009	1	ZFAND6	c8
0.0439076614855358	0.311823643470859	0.01	0.008	1	NDUFS3	c8
0.0469099172854141	0.311766791854557	0.01	0.008	1	PYCR2	c8
0.0258296290471206	0.311372714090416	0.012	0.01	1	TMEM9B	c8
0.0196109328288604	0.311051634478703	0.014	0.012	1	PTPN2	c8
0.000146282497862278	0.310829063488173	0.033	0.027	1	MAT2B	c8
0.0476054507007008	0.309891944234121	0.01	0.008	1	ELOVL1	c8
0.00594999677187464	0.307869441468593	0.019	0.016	1	SNRPD1	c8
0.0455768427263314	0.306008509746892	0.011	0.009	1	ABLIM1	c8
0.000108016344136119	0.305274345455198	0.035	0.028	1	TOMM5	c8
0.0550988568862826	0.304916314782696	0.011	0.009	1	MRPS18C	c8
0.031724069798314	-0.304594576500227	0.01	0.013	1	NOP58	c8
0.0498899511642025	0.304472433196977	0.01	0.008	1	NFATC2	c8
6.18916000387901e-05	0.304088265620179	0.041	0.033	1	SERBP1	c8
0.00720458975504334	0.303997305240272	0.018	0.015	1	C8orf59	c8
0.0465839239539076	-0.30386711549412	0.009	0.011	1	TMPO	c8
0.0130771493353493	0.303197291660112	0.018	0.014	1	DNAJC8	c8
0.181270715055866	-0.303027281353266	0.015	0.017	1	FKBP2	c8
0.0335388035842858	0.302708601414072	0.012	0.01	1	RBM4	c8
0.0257800777278135	0.302148440257398	0.013	0.011	1	ARL6IP6	c8
5.20790140638558e-05	0.301609979462374	0.04	0.033	1	NDUFB4	c8
0.000261773111547954	0.300999869843006	0.029	0.024	1	PDIA6	c8
0.0572543216934894	0.300416919923243	0.01	0.008	1	SMARCE1	c8
0.00260447804483816	-0.300367900622447	0.022	0.027	1	SMCHD1	c8
0.0463267023078486	0.300260181910063	0.012	0.01	1	SDHD	c8
0.0188857190388171	0.299987634613645	0.014	0.012	1	TAOK3	c8
0.0674812534388084	0.298997303130826	0.01	0.008	1	BABAM1	c8
0.0223451058448292	-0.298341595392475	0.012	0.015	1	VPS13C	c8
0.744412243844723	-0.297442953737121	0.085	0.085	1	CTSD	c8
0.0551142627798292	0.296441989020289	0.01	0.008	1	TMEM109	c8
0.0178373442356349	0.296278873802495	0.016	0.013	1	TRAPPC6A	c8
0.000393726492113281	0.295050212519963	0.033	0.027	1	MRPL41	c8
0.04760200179337	0.295050212519963	0.011	0.009	1	SLFN5	c8
0.051600734890902	0.294694976294237	0.011	0.009	1	RBM34	c8
0.000315223652443772	0.294325901895449	0.031	0.025	1	BHLHE40	c8
0.050063515646631	-0.294142855971975	0.008	0.01	1	LOC100996740	c8
0.00759438514803494	0.293485867544761	0.02	0.016	1	HNRNPM	c8
0.0074882445172188	0.293425799676576	0.019	0.016	1	SNRPA	c8
0.014066435743737	-0.292024404484792	0.015	0.019	1	BTG3	c8
0.00547031436673541	0.291922876240094	0.021	0.017	1	POLR2K	c8
0.0315527459702122	0.291438284713795	0.014	0.012	1	ZNF207	c8
0.0333529280468525	0.290185106271239	0.013	0.01	1	NUDT22	c8
0.00820685724390881	0.289477767964476	0.019	0.016	1	PDCD6	c8
0.00127269009727133	0.289206189809954	0.031	0.025	1	P4HB	c8
0.0559470265017209	0.288615284603705	0.01	0.008	1	CYTH4	c8
0.0274523365127689	0.287171867734037	0.014	0.011	1	PLEKHJ1	c8
0.00272770236388552	0.287115915707003	0.03	0.025	1	TERF2IP	c8
0.0172163125935994	0.287019875962147	0.016	0.013	1	ACADVL	c8
5.15989775241612e-05	0.286467053414394	0.05	0.042	1	MRPS21	c8
0.0228484040201812	-0.2862687630919	0.018	0.022	1	ODC1	c8
0.0718715354013203	-0.286075592436073	0.008	0.01	1	PRDX3	c8
0.00125513350825595	-0.285935088438992	0.072	0.081	1	CITED2	c8
0.000304672097591014	0.285738082525343	0.036	0.03	1	EMB	c8
0.0516933400566372	0.28500821113434	0.011	0.009	1	APOA1BP	c8
0.0598322998586063	0.284463053683282	0.011	0.009	1	PCMT1	c8
0.00147502663662774	0.284456592528757	0.027	0.022	1	LSM8	c8
0.00768772465317555	-0.284212997346222	0.019	0.023	1	RCSD1	c8
0.0712920312693307	0.284200301202746	0.01	0.008	1	UQCRC2	c8
0.0110091518938829	0.28373497138628	0.019	0.016	1	XRCC5	c8
0.0104638039517147	0.282783115390467	0.019	0.016	1	NAPA	c8
0.0692392631151224	-0.282013022422165	0.009	0.011	1	ZNF292	c8
0.00762446744506338	0.281826871585879	0.021	0.017	1	DDX6	c8
0.0232136419068378	0.281664874564159	0.015	0.012	1	STK10	c8
0.0502153577289024	-0.281645559787823	0.009	0.011	1	AKR1A1	c8
0.0422635681972862	0.281485411320854	0.013	0.01	1	SNRPC	c8
0.00238129248635568	0.280928503951849	0.023	0.018	1	CCND2	c8
0.00597898652049373	0.279561467032929	0.022	0.019	1	TAX1BP1	c8
0.180634141143908	-0.279400767923787	0.009	0.01	1	MT1F	c8
0.00668532868502449	0.279089350243562	0.022	0.018	1	RAB7A	c8
0.0325907779426632	0.278997936288336	0.015	0.012	1	FDFT1	c8
0.043977265339636	-0.278971994169363	0.01	0.012	1	ETFB	c8
0.000626799174659479	0.278820111187545	0.034	0.028	1	NDUFA6	c8
0.00145013535191168	-0.278599367967282	0.029	0.035	1	SNHG5	c8
0.00402322594206983	0.278454650632928	0.025	0.021	1	PSMA6	c8
0.038469037373065	0.27842938651117	0.013	0.011	1	RHEB	c8
0.0720292975925813	-0.278419478001072	0.008	0.01	1	THAP3	c8
0.0521741420055278	0.278020169364506	0.012	0.01	1	SNRPE	c8
0.000126975743218348	-0.277982151906939	0.039	0.048	1	EIF3H	c8
0.0269869326160135	0.277900488329067	0.015	0.013	1	ADRM1	c8
0.02148732233271	0.277670665173944	0.016	0.013	1	MAP1LC3B2	c8
0.0056960079011833	-0.277616445526298	0.02	0.024	1	BCL3	c8
0.055837713794924	0.277544738468495	0.011	0.01	1	CNOT2	c8
0.0818625699058771	-0.276267637597662	0.009	0.011	1	OSM	c8
0.00246502052442423	0.275944612310782	0.03	0.025	1	MRPL33	c8
0.0635469286550274	0.275616177904881	0.012	0.01	1	BPTF	c8
0.069765528062985	-0.275117989376221	0.008	0.01	1	TARSL2	c8
0.0629810458346836	-0.275070556487036	0.008	0.01	1	PDE3B	c8
0.00719279127789029	-0.27493510700182	0.026	0.031	1	SERPINB1	c8
0.0628559162439616	0.27492827197929	0.011	0.009	1	FLOT2	c8
0.0480785573625875	0.273954600938811	0.012	0.01	1	PSMD13	c8
0.0219086997904155	0.273931803245279	0.016	0.014	1	NDUFAB1	c8
0.0143428934693251	0.273897900302472	0.019	0.015	1	PNRC2	c8
0.0526821326592353	0.273702725743405	0.012	0.01	1	CCT7	c8
0.0977879033124209	-0.273701860200228	0.025	0.028	1	ZFAND2A	c8
7.331105645202e-05	0.273376818584684	0.05	0.042	1	TAPBP	c8
0.0110269602057294	0.27322981064932	0.019	0.016	1	IDI1	c8
0.0865958399456036	0.272408323871122	0.01	0.008	1	ALKBH5	c8
0.0579380595127024	-0.271864793547206	0.011	0.014	1	TUBA1C	c8
0.00501947500325946	0.271065812765534	0.027	0.023	1	DCXR	c8
0.0135576177493846	0.270820179169745	0.02	0.017	1	PSMC5	c8
0.054552477497954	-0.270717173423482	0.01	0.013	1	PNN	c8
0.0404955041516564	0.269857282431868	0.015	0.012	1	SEPT2	c8
0.0583028947183267	0.269249959736774	0.012	0.01	1	ENTPD1	c8
0.0467633577744783	0.268545002458692	0.013	0.011	1	TOPORS-AS1	c8
0.0371620731233447	-0.268453087931539	0.013	0.016	1	SVIP	c8
0.00272115313488551	0.268437585684739	0.028	0.023	1	WAS	c8
0.00675329744061175	-0.267488013426176	0.023	0.027	1	DEK	c8
0.000139598119703645	0.267485702732023	0.044	0.036	1	SRRM1	c8
0.0677473172720607	0.267245937965878	0.011	0.009	1	DECR1	c8
0.0305826519974252	-0.267214023293191	0.014	0.017	1	SNX6	c8
7.60527657329326e-05	0.266403728929205	0.046	0.038	1	DAD1	c8
0.022354207555345	-0.266300346859304	0.016	0.019	1	ARHGAP4	c8
0.0310981257579568	-0.265843291559777	0.015	0.018	1	GPR171	c8
0.00242576927815512	-0.264241642464121	0.029	0.035	1	MINOS1	c8
0.000380421242845381	0.263348496263797	0.043	0.036	1	ARGLU1	c8
0.0387870145594295	0.263105593375613	0.015	0.012	1	NDUFV1	c8
0.104963212657843	0.263018006025259	0.01	0.008	1	ARL4D	c8
0.0522829892524371	-0.262866756910745	0.011	0.013	1	SP140	c8
0.0132703595358382	0.261827718075081	0.019	0.016	1	HERPUD2	c8
0.0316664208103642	0.261349571653015	0.015	0.013	1	SH3GLB1	c8
0.0340007591920961	0.261349571653015	0.015	0.013	1	LBR	c8
0.0144808437626107	0.260703163171081	0.021	0.018	1	OSTC	c8
0.104047119323818	-0.260003108398094	0.008	0.01	1	BCL2	c8
0.0356512011953051	-0.259694537529034	0.014	0.017	1	ACAP2	c8
0.0176741483329976	0.259468938944188	0.02	0.017	1	IK	c8
0.0198311130394116	-0.259245589325354	0.017	0.021	1	PPP1CC	c8
0.00771492130649614	0.25878802091815	0.024	0.02	1	TMC6	c8
0.0172047213107899	-0.257897905863607	0.019	0.023	1	H2AFX	c8
0.0176375813610511	-0.257854965316215	0.016	0.019	1	SIRPG	c8
0.0079042197904798	-0.257197313381276	0.024	0.029	1	CD6	c8
0.0428359408660678	-0.25704832465929	0.013	0.016	1	DOCK8	c8
0.0766170495409144	0.257030129848494	0.012	0.01	1	PPP1R7	c8
0.0507934811102912	0.256633394495474	0.014	0.012	1	SRRT	c8
0.000948245394361516	-0.255715749994995	0.035	0.042	1	SEPT9	c8
0.00400541965324216	0.25554112453166	0.03	0.025	1	PRDX6	c8
0.000553682518745006	0.255336375037892	0.041	0.034	1	NOP10	c8
0.0348259146587259	-0.255332717453229	0.012	0.015	1	NFE2L2	c8
0.0102577083237581	-0.255281458262782	0.209	0.215	1	DUSP2	c8
0.0752432740973679	0.255265730301073	0.012	0.01	1	CSNK1D	c8
0.00902476434528195	0.255120359280996	0.024	0.02	1	XRCC6	c8
0.0889665544471427	0.25502007787138	0.011	0.009	1	PHF11	c8
0.00339158903730893	0.254642730249744	0.028	0.023	1	CNOT6L	c8
0.0702959733952357	0.254225869024832	0.011	0.01	1	DNAJC19	c8
0.00890863617203876	0.253891168058018	0.024	0.02	1	PSMA1	c8
0.0403351342865688	0.253413411686066	0.016	0.013	1	ZC3H15	c8
0.0971975238847289	0.253322685777802	0.01	0.009	1	ATP2B4	c8
0.0466652043669561	0.253298047172732	0.014	0.012	1	RTF1	c8
0.0275833541322326	0.252726974505362	0.018	0.015	1	FBL	c8
0.000826059590432141	-0.252443252422501	0.035	0.042	1	PDCD4	c8
0.0750902014199369	-0.252335318258356	0.011	0.013	1	CYLD	c8
0.110780212064583	0.251359800840886	0.012	0.01	1	RNPEPL1	c8
0.112833110052906	-0.251140539688298	0.009	0.01	1	SMS	c8
0.0254010160425576	0.250843292079157	0.018	0.015	1	PIN1	c8
0.116904843458377	0.250504490283218	0.01	0.008	1	IAH1	c8
0.0113002241874494	-0.250305243877516	0.023	0.027	1	TMEM219	c8
0.10484560189648	-0.249634594832467	0.008	0.01	1	RNMT	c8
0.0868174874325493	-0.248881032506173	0.008	0.01	1	ANXA7	c8
0.0216782234352887	-0.248754118493258	0.02	0.024	1	AIM1	c8
0.00133795706124102	-0.24842245175187	0.044	0.052	1	CCNH	c8
0.0309504078356958	-0.24825357393508	0.016	0.019	1	CAMK4	c8
0.0718368484397745	0.248153144935015	0.015	0.013	1	ADSS	c8
0.00202786812580738	0.247554888637455	0.032	0.027	1	GBP5	c8
0.00341293361053953	0.246737420465114	0.033	0.028	1	REEP5	c8
0.0484962537142384	0.246716193696159	0.016	0.013	1	SEMA4D	c8
0.0966965024990234	0.246120084898219	0.012	0.011	1	SH3BP1	c8
0.00220530916614889	-0.245742293540741	0.151	0.16	1	DDIT4	c8
0.00412727768803625	0.244931329011214	0.03	0.025	1	IFI27L2	c8
0.040428543408047	0.244917800426474	0.016	0.014	1	POLR2J	c8
0.0197453552136587	0.24487916725603	0.021	0.018	1	POLR2E	c8
0.0578478932888026	-0.244351374025659	0.013	0.015	1	TRA2A	c8
0.0584733496362407	0.244158978773944	0.01	0.008	1	CPNE3	c8
0.0194213062482942	0.243847112140458	0.021	0.018	1	RAB5C	c8
0.466294421100565	-0.243718970693846	0.04	0.041	1	TUBB	c8
0.108713623733995	0.242754596911808	0.011	0.009	1	NCK1	c8
0.0123190883236909	-0.242724649849793	0.03	0.035	1	SNHG15	c8
0.0246752219824534	0.242337934081219	0.021	0.018	1	FAM107B	c8
0.00485428964198407	0.242304009181358	0.032	0.027	1	COX14	c8
0.0908454948264287	-0.241874643733446	0.01	0.012	1	PPM1G	c8
0.00177573038509077	0.241634557188589	0.04	0.034	1	IL10RA	c8
0.0357227612897018	-0.241314552166874	0.017	0.02	1	ZC3HAV1	c8
0.0123984891021777	-0.241305852559488	0.017	0.021	1	SNHG7	c8
0.100560288111088	0.241050480277099	0.011	0.01	1	DUSP23	c8
0.00695932811159038	0.239975037361261	0.028	0.024	1	RNF7	c8
0.0782753926312833	0.239715061680379	0.013	0.011	1	COX20	c8
0.00490552994145709	-0.239151212083013	0.028	0.034	1	CSDE1	c8
0.0896737698513175	0.238672182028085	0.012	0.01	1	SYNRG	c8
0.094469683474575	0.237102524222235	0.012	0.01	1	TXN2	c8
0.000449765670777048	-0.236980697320046	0.049	0.057	1	LAMTOR4	c8
0.0913762958376588	0.236116215902608	0.012	0.011	1	GOLPH3	c8
0.0121039422238608	-0.235659289418346	0.027	0.031	1	AKAP13	c8
0.112959473652467	0.235641567093955	0.011	0.01	1	SARNP	c8
0.110839748555995	0.234692737700406	0.011	0.01	1	LOC283788	c8
0.00360368490081177	-0.234645451897497	0.052	0.059	1	ITM2A	c8
0.0369321433506819	-0.234497168614393	0.017	0.02	1	ALKBH7	c8
0.0846333444003618	0.233790771406014	0.013	0.011	1	CHCHD5	c8
0.0121257339291025	-0.232987943769713	0.03	0.035	1	CREM	c8
0.0218846220735445	0.232755763792491	0.021	0.018	1	IKZF3	c8
0.00492148746910557	0.232591034968277	0.035	0.03	1	FAM96B	c8
0.0130637238225485	-0.232248856947336	0.066	0.072	1	ND6	c8
0.101966906136669	-0.231492441132739	0.01	0.012	1	TANK	c8
0.102466261307805	0.231453770130521	0.013	0.011	1	HSPA9	c8
0.0466914779835354	0.23142931580704	0.017	0.014	1	TSC22D4	c8
0.0224082011743239	0.230925648941906	0.022	0.019	1	RPS19BP1	c8
0.0642333044956358	0.23071445458615	0.016	0.013	1	TOMM22	c8
0.0100481061951876	0.23058833936767	0.028	0.024	1	KRT10	c8
0.000103269107897518	0.230423124881193	0.058	0.049	1	ETS1	c8
0.10472119571945	0.22984383194427	0.012	0.01	1	SRP19	c8
0.0812470249527093	-0.229463578678932	0.01	0.012	1	GRK6	c8
0.0449908395632924	0.229361483278886	0.019	0.016	1	ATP5L2	c8
0.0313543999528407	0.22929480935899	0.02	0.017	1	ATM	c8
0.000633568989219403	0.229258076776047	0.051	0.044	1	BRK1	c8
0.0126755076829969	0.229156208624818	0.027	0.023	1	SELT	c8
0.0981129836567495	-0.229090186236631	0.011	0.013	1	RBMS1	c8
0.0059867223093766	0.228957253788741	0.032	0.027	1	TCEA1	c8
0.0420792118012132	0.228111264943289	0.018	0.016	1	MAF1	c8
0.017891582350495	0.227893229313009	0.026	0.022	1	UBE2N	c8
0.0321949989938475	0.227645159879061	0.018	0.015	1	TMX4	c8
0.0636891510449348	-0.227614943527767	0.016	0.019	1	GLRX	c8
0.0538779531301404	-0.22713173008517	0.017	0.019	1	BCAS2	c8
0.092003862418986	0.226800819147471	0.014	0.012	1	MEA1	c8
0.0806436363169264	0.226796328470658	0.014	0.012	1	PPP1R12A	c8
0.152034632254828	-0.226649372292201	0.008	0.01	1	NDNL2	c8
0.0646313868728971	-0.226426964127224	0.014	0.017	1	RABGAP1L	c8
0.127952356702482	-0.226405999750354	0.009	0.011	1	TTC3	c8
0.000232782080840578	-0.226346888793683	0.053	0.062	1	ATF3	c8
0.0499112728183386	0.22525909333226	0.019	0.016	1	RASSF5	c8
0.0657926728741834	0.224590906938793	0.016	0.014	1	GADD45GIP1	c8
0.000907022549920653	0.223934923586651	0.047	0.04	1	CDC37	c8
0.0365638052297698	0.223711573833714	0.021	0.018	1	RNF181	c8
0.0100556183733758	-0.223202455550742	0.029	0.034	1	ISCU	c8
0.140105426307761	0.222982356177568	0.011	0.009	1	TIMM8B	c8
0.0472541029116555	0.222202484520859	0.022	0.019	1	LAMP1	c8
0.0860256031508991	-0.222063306823874	0.011	0.013	1	PCED1B	c8
0.0192502456798109	0.221134323509457	0.024	0.021	1	NAP1L4	c8
0.142310890397651	-0.220944899110808	0.009	0.01	1	CAMTA1	c8
0.126957289071881	0.220449932418139	0.014	0.012	1	JMJD6	c8
0.00466291382380957	0.219941583208903	0.039	0.034	1	POMP	c8
0.172399020748761	0.219875348763201	0.01	0.008	1	DCTN2	c8
0.237172391695955	-0.219789903454093	0.28	0.277	1	CRIP1	c8
0.00127772564864512	0.219478400068967	0.049	0.042	1	PET100	c8
0.12364643723351	0.21946164003852	0.013	0.011	1	MPG	c8
0.161160185443048	0.219339754764854	0.01	0.009	1	DR1	c8
0.0407136949804521	0.219316696547074	0.019	0.016	1	LSM2	c8
0.00173326337575444	0.219091813058569	0.042	0.036	1	MAP1LC3B	c8
0.0875735212241173	-0.218851001731793	0.011	0.014	1	OSBPL8	c8
0.0011652218734761	0.217417175598176	0.052	0.045	1	NME2	c8
0.127550355125956	0.216939996327477	0.012	0.011	1	NUDT21	c8
0.0453959671710229	0.216154913779647	0.02	0.017	1	PCNP	c8
0.075603906250315	-0.215696369497006	0.013	0.016	1	ANKRD10	c8
0.0193964129861107	-0.215628177769245	0.029	0.034	1	CKS2	c8
0.0430861806414662	0.215611996134701	0.021	0.018	1	MRPS34	c8
0.178035814478832	0.215387957770886	0.01	0.008	1	C15orf61	c8
0.16128792747169	0.215299239322936	0.01	0.009	1	SSB	c8
0.0301721506543433	0.214987026181024	0.023	0.02	1	VPS29	c8
0.163769603325949	0.214967408273405	0.01	0.009	1	CTDSP1	c8
0.00133152042402359	0.214844084675777	0.044	0.038	1	TMEM59	c8
0.126494289040681	0.214570881919773	0.018	0.016	1	GCHFR	c8
0.0606586533455982	0.214319341291584	0.018	0.015	1	STAT4	c8
0.0639676584561369	0.214249853168417	0.018	0.015	1	PPP2R1A	c8
0.0862684834426902	0.213857959394758	0.015	0.013	1	FAM195B	c8
0.0920779447034787	-0.212855160041338	0.013	0.015	1	DCK	c8
0.0262723474868912	0.212773194860493	0.026	0.023	1	BCAP31	c8
0.118989236530067	0.212666431370407	0.013	0.011	1	RAB8B	c8
0.0375133593409658	-0.212627800352396	0.019	0.022	1	SBDS	c8
0.146317693857196	0.212606380379081	0.012	0.01	1	CENPC	c8
0.219551145973363	0.212484663064649	0.011	0.01	1	PHYKPL	c8
0.0102450633589793	0.212426242401087	0.036	0.031	1	RSL24D1	c8
0.096254376080158	-0.212328395552466	0.013	0.016	1	KDELR1	c8
0.170778357482641	-0.211485172108746	0.008	0.01	1	CYB5R3	c8
0.0671870564647059	0.211282361465551	0.018	0.015	1	CYTH1	c8
0.0118939723400181	0.211248751405073	0.03	0.026	1	ITGAE	c8
0.0337534967720087	0.210194503777116	0.022	0.019	1	ATP5EP2	c8
0.186647438244895	0.210190611864481	0.01	0.009	1	PSMB7	c8
0.105357331237908	-0.209320363993671	0.011	0.013	1	PHIP	c8
0.179034837204276	0.208788681919756	0.01	0.009	1	MRPS15	c8
5.86601572244102e-05	0.208260721227868	0.078	0.067	1	CAPZB	c8
0.133610245779337	0.207910135838686	0.012	0.011	1	PSMD7	c8
0.126765770223764	0.206728875178716	0.013	0.012	1	ILF2	c8
0.172301846362607	0.206013430065671	0.012	0.011	1	ST3GAL1	c8
0.00206270258989028	-0.205992173747985	0.05	0.058	1	ENO1	c8
0.00125515691092386	0.205776096166344	0.046	0.039	1	PGAM1	c8
0.0218727932669068	-0.205698782039963	0.028	0.032	1	TMBIM4	c8
0.158059097215939	-0.204850449760677	0.013	0.014	1	HIST1H1D	c8
0.0267310620715818	0.204466375739953	0.027	0.023	1	IKZF1	c8
0.00500156582155175	0.204097784893072	0.023	0.019	1	SPRY1	c8
0.0192439741892345	0.203908037076093	0.029	0.025	1	TAP1	c8
0.00563194740626177	-0.203768563665065	0.038	0.044	1	EIF4G2	c8
0.0392221245049937	0.203671237070097	0.021	0.018	1	SUPT3H	c8
0.188529674238694	0.203611541049858	0.01	0.009	1	STARD3	c8
0.096398201250089	0.203476060370854	0.018	0.016	1	GPS2	c8
0.0175727278842418	0.202967847939113	0.031	0.027	1	ANXA11	c8
0.051558118485733	0.202798310406938	0.021	0.018	1	C1orf86	c8
0.191039506609389	0.202612766706484	0.01	0.009	1	KDM5A	c8
0.13629489180546	0.202038036864423	0.013	0.011	1	DNAJB14	c8
0.060611177405034	0.201898507775924	0.021	0.018	1	DDX39A	c8
0.022169112901142	0.201651881585964	0.028	0.024	1	PRPF38B	c8
0.099535446785407	0.201371665009209	0.016	0.014	1	EIF4H	c8
0.00189752581262402	0.201160351018568	0.051	0.045	1	ARF6	c8
0.0998390581756042	0.200724508359149	0.016	0.014	1	MLF2	c8
0.035719953438072	0.199679007547983	0.027	0.023	1	PSMD8	c8
0.0150760021765857	-0.199611873773634	0.046	0.052	1	KMT2E-AS1	c8
0.00109902513562403	0.199506855838663	0.059	0.051	1	RPS14P3	c8
0.197676036355753	-0.199298622616301	0.009	0.01	1	ABTB1	c8
0.0959045937914	0.199296425547796	0.018	0.016	1	IRF9	c8
0.166754734252802	-0.199140863695476	0.011	0.013	1	TBCC	c8
0.1776158557137	0.198916898105436	0.011	0.01	1	PSMA3	c8
5.3558822946069e-05	-0.198654764078057	0.088	0.101	1	YBX1	c8
0.0654805888518145	0.198444329709782	0.021	0.018	1	RAD21	c8
0.0118961241859162	-0.19832084645199	0.041	0.046	1	POLD4	c8
0.0147278658494436	0.198251449933701	0.034	0.03	1	PSMB3	c8
0.166425588867994	0.198166861675292	0.012	0.01	1	CHCHD7	c8
0.0619065615116701	0.198035999047338	0.022	0.019	1	ATRAID	c8
0.113393617353998	0.197588974609328	0.015	0.013	1	MTCH1	c8
0.000180015979203986	-0.196811542566536	0.078	0.089	1	RPL23	c8
0.189039367183098	-0.196573223370324	0.009	0.01	1	DOCK10	c8
0.0223349045659321	0.196518676576497	0.03	0.026	1	ATP5H	c8
0.083211862916973	0.19573521599447	0.018	0.015	1	SDF4	c8
0.0708885402237223	0.194974736175114	0.02	0.017	1	ANP32A	c8
0.85305644515169	-0.194972375446904	0.013	0.013	1	CCL3L1	c8
0.141689227049095	0.194857926644716	0.014	0.012	1	PPP6C	c8
0.00349078613441302	0.194836649055198	0.048	0.042	1	VPS28	c8
0.0396360870032971	0.194824168280521	0.027	0.023	1	PRKAR1A	c8
0.21967510274579	0.194491203531893	0.01	0.009	1	RTFDC1	c8
0.208985024950898	0.194400734126828	0.011	0.009	1	COQ10B	c8
0.09691455515979	0.193792846073481	0.018	0.016	1	TBRG1	c8
0.217027141105463	0.193594984292486	0.011	0.009	1	IQGAP2	c8
0.216274503751716	0.19229371294989	0.01	0.009	1	IGBP1	c8
0.0760181202741488	-0.191390741914867	0.019	0.022	1	CANX	c8
0.0464495950584017	-0.190976313308325	0.022	0.025	1	CHD2	c8
0.256320018272495	0.190495848322363	0.01	0.009	1	JOSD2	c8
0.00275890601776909	0.190284581154117	0.053	0.047	1	ATPIF1	c8
0.257245323495631	0.190012729926851	0.01	0.009	1	PHF5A	c8
0.00645485630131519	0.189582204696923	0.045	0.04	1	ATP5B	c8
0.139946482388585	0.18952276726604	0.015	0.013	1	RASA2	c8
0.000220974529428263	-0.18908532077885	0.118	0.131	1	SRSF7	c8
0.010551715195161	0.188677363677938	0.039	0.034	1	NDUFB9	c8
0.185493650467008	0.188548859113696	0.014	0.013	1	VIM-AS1	c8
0.0214604678729192	-0.187828125448857	0.029	0.033	1	SLC38A2	c8
0.248934635681444	0.187662425240513	0.01	0.009	1	SLC7A5	c8
0.191833836850844	0.187535309945405	0.012	0.011	1	LRP10	c8
0.214317446331622	-0.187392339399782	0.009	0.01	1	LMAN1	c8
0.179963896885189	0.186829317741011	0.012	0.011	1	SRA1	c8
0.0171690275053386	-0.186664548075267	0.032	0.036	1	PTPN6	c8
0.234747661868692	0.18640309368848	0.01	0.009	1	PDCD10	c8
0.114845641794544	0.185907635506398	0.017	0.015	1	PAFAH1B1	c8
0.170984890900579	0.185691348128231	0.013	0.011	1	COPZ1	c8
0.0606587318348914	0.184172855895882	0.023	0.02	1	RAB11B	c8
0.129791685675985	0.184117178278345	0.017	0.015	1	PPP2CA	c8
0.0181427162863121	-0.184045957256731	0.03	0.035	1	PEBP1	c8
0.115399283551953	0.183210128670083	0.018	0.016	1	NDUFA7	c8
0.166217758136955	0.183149222481453	0.014	0.012	1	MPC2	c8
0.0976443064091621	-0.182730158637114	0.018	0.021	1	TMEM2	c8
0.0949820367045575	-0.182416461532791	0.018	0.021	1	ANKRD44	c8
0.239202262936767	0.182321916876663	0.01	0.009	1	CCT6A	c8
0.0975869880744308	-0.182064475979406	0.02	0.022	1	CEBPB	c8
0.155950460713162	0.181804854105204	0.015	0.013	1	TIAL1	c8
0.1124592352812	-0.181288410166419	0.01	0.012	1	PDCL3	c8
0.244815344548627	0.180763815413847	0.011	0.009	1	SFT2D1	c8
0.215957996936019	0.180028641354228	0.012	0.01	1	NGRN	c8
0.00700314412669628	0.179549032134285	0.051	0.045	1	ARHGDIA	c8
0.149962909386461	0.179469102602117	0.015	0.013	1	COX16	c8
0.105906356290943	-0.17919211440427	0.017	0.019	1	TAF1D	c8
0.157040951001957	0.178858086472875	0.016	0.014	1	PRPF4B	c8
0.214512442922322	-0.178561280706075	0.009	0.011	1	TAF15	c8
0.0151692195082108	0.17823495935342	0.039	0.034	1	N4BP2L2	c8
0.192696942374048	0.178109209334038	0.013	0.011	1	MDH1	c8
0.0196584596669372	-0.177565838846809	0.036	0.041	1	LCP2	c8
0.234295800219543	0.177322607882447	0.011	0.01	1	YTHDC1	c8
0.113554146009675	-0.176908706158689	0.015	0.017	1	CASP1	c8
0.0309220980185079	-0.176671782096049	0.032	0.037	1	SH3BGRL	c8
0.0290901700754257	0.176555659661461	0.033	0.029	1	UBE2I	c8
0.120332047955579	-0.176370017570665	0.016	0.018	1	CAPZA2	c8
0.000548401481623506	0.176312910048429	0.077	0.068	1	PSME2	c8
0.128729815960673	0.176238727917948	0.017	0.015	1	CYFIP2	c8
0.00245859377439406	0.17603920334547	0.066	0.059	1	TRMT112	c8
0.0980501004948873	0.175294151659597	0.022	0.02	1	LINC00493	c8
0.00347227016897843	-0.174810440772582	0.284	0.295	1	HSPA1A	c8
0.101309675035761	-0.174707328522895	0.023	0.025	1	CXCR3	c8
0.20927128431103	0.174009543080596	0.013	0.011	1	WDR33	c8
0.111099386067899	0.173919315428614	0.018	0.016	1	SERPINB9	c8
0.00130239591657157	0.172903463550292	0.071	0.062	1	SRSF2	c8
0.245028293332136	0.172468016134533	0.011	0.01	1	ZSCAN16-AS1	c8
0.00911159844845934	0.172167507282285	0.049	0.044	1	PRELID1	c8
0.22157206328014	-0.172042950986873	0.01	0.012	1	LMBRD1	c8
0.00450716486496586	0.171230641221486	0.057	0.05	1	DRAP1	c8
0.148032384578903	-0.171138543982645	0.01	0.012	1	CDK5RAP3	c8
0.227711423078401	0.171125234993567	0.013	0.011	1	INO80E	c8
0.000374556920582637	0.171002679295242	0.062	0.053	1	SEC61B	c8
0.293122632503842	0.170972686986353	0.01	0.009	1	SRPR	c8
0.0017699263668351	0.170768489665225	0.068	0.061	1	CDC42	c8
0.132210963088879	0.170686125253185	0.018	0.016	1	SUMO3	c8
0.230421593983001	-0.170013655221958	0.011	0.012	1	FLJ10038	c8
0.00136578560907766	0.169693012361426	0.056	0.049	1	CD97	c8
0.0694237578852904	0.16906675698249	0.026	0.023	1	C19orf70	c8
0.251611318497206	-0.168966864929598	0.009	0.01	1	NIPBL	c8
0.0628996488980487	0.168949681664352	0.029	0.026	1	PRDX2	c8
0.10087950643467	0.16849257907891	0.025	0.023	1	AIP	c8
0.753514720818521	-0.168138947962607	0.047	0.048	1	RNA45S5	c8
0.223754047896392	0.167793212631773	0.014	0.013	1	RAB11A	c8
0.0640776920827278	-0.167304642955862	0.025	0.028	1	TC2N	c8
0.21454470183249	-0.166594388331732	0.01	0.011	1	DNAJC4	c8
0.195330524213827	0.166439154152998	0.016	0.015	1	STUB1	c8
0.00125589223600418	0.166032101871004	0.082	0.073	1	CIB1	c8
0.210136405116961	0.166021471447328	0.014	0.012	1	NUDC	c8
0.131386151524324	-0.165253362130534	0.018	0.02	1	TNFRSF14	c8
0.0216334194717678	0.164998444665726	0.042	0.037	1	SNRPG	c8
0.285143349845073	0.16492356963948	0.01	0.009	1	CCS	c8
0.016668733028041	0.164021625396706	0.05	0.045	1	MSN	c8
0.119511495800515	0.163803323696247	0.022	0.02	1	EWSR1	c8
0.000172238689498004	0.163595959163648	0.055	0.047	1	HSPA5	c8
0.0577946069930475	-0.162621978405329	0.022	0.025	1	MZT2A	c8
0.123260772533193	0.162453157514323	0.022	0.02	1	MRPL54	c8
0.0805120101716364	-0.161875106140377	0.023	0.026	1	SNHG1	c8
0.0648555315555992	0.161672847641608	0.029	0.026	1	PHB2	c8
5.2284326547332e-05	0.161392745884799	0.093	0.081	1	ISG20	c8
0.193059886281523	0.161110680538201	0.016	0.014	1	LSM5	c8
0.28257401654592	0.160774241832645	0.011	0.01	1	KIF2A	c8
0.217028234880145	0.160605638678114	0.015	0.014	1	PNPLA2	c8
0.00138529476941423	0.159858535650911	0.085	0.076	1	CNBP	c8
0.288392973073622	-0.15977176897777	0.009	0.01	1	SETX	c8
0.00223395343836857	0.159344892307305	0.075	0.067	1	ANAPC16	c8
0.250245078666113	0.159190486415356	0.013	0.012	1	GYG1	c8
0.269648712254133	0.158488536983255	0.012	0.011	1	RAB14	c8
0.0986234694753718	0.158333284564662	0.023	0.021	1	CMPK1	c8
0.220797276181345	0.15821864734803	0.015	0.014	1	GSDMD	c8
0.208159326236302	-0.156513946135128	0.014	0.015	1	R3HDM4	c8
0.0981825767746155	-0.155841204205992	0.021	0.024	1	SIT1	c8
0.326652879252868	0.155098139783406	0.01	0.009	1	SSBP4	c8
0.00106480021715165	0.154910098328987	0.097	0.088	1	TPI1	c8
0.278679277671998	0.15433333880374	0.015	0.013	1	TMEM134	c8
0.329365409958733	0.154282366484379	0.01	0.009	1	UQCC2	c8
0.245343198064272	0.153772742316839	0.013	0.012	1	CMC2	c8
0.302127243754225	0.153683463871259	0.012	0.011	1	MMADHC	c8
0.3345650406721	0.153566863609262	0.01	0.009	1	POP5	c8
0.235347033619371	0.153451479474331	0.016	0.015	1	CHMP4A	c8
0.284630672324352	0.153434232486127	0.015	0.014	1	YPEL3	c8
0.0375804206562355	-0.152971725735424	0.052	0.057	1	SQSTM1	c8
0.0419967226640894	0.152836973816732	0.04	0.036	1	RBX1	c8
0.0543545394436999	0.152821284760168	0.033	0.029	1	H2AFV	c8
0.0774232977845197	-0.152609632471897	0.039	0.042	1	CARD16	c8
0.15599699111822	0.152466497509922	0.02	0.018	1	HP1BP3	c8
0.276480620041296	-0.152188464692491	0.009	0.011	1	CSNK1A1	c8
0.109324184508775	0.151406015407349	0.024	0.021	1	RANBP1	c8
0.046551916754402	-0.151287717919158	0.037	0.041	1	GLIPR1	c8
0.100104073397892	0.15109591278019	0.031	0.028	1	IFI16	c8
0.274695004329513	0.150655124863292	0.014	0.013	1	TMUB1	c8
0.240712975520487	-0.150617097843558	0.013	0.014	1	MGEA5	c8
0.000176620434086996	-0.150351080123221	0.442	0.443	1	RPL5	c8
0.287772987115483	0.150303730986209	0.013	0.011	1	PSMF1	c8
0.224348874086665	0.15023238461159	0.015	0.014	1	TSPAN14	c8
0.239715293994519	0.150009557359485	0.017	0.015	1	DPM3	c8
0.0512426102320908	0.149933136251698	0.036	0.033	1	KMT2E	c8
0.111325062086892	-0.14946007875283	0.021	0.024	1	SPNS1	c8
0.00803859159148729	0.148765877345441	0.072	0.065	1	H3F3AP4	c8
0.162448151493908	-0.148748433430802	0.018	0.02	1	TAF7	c8
0.257756962633844	0.148659818923186	0.013	0.012	1	SNRPA1	c8
0.25863542516518	-0.148106985445027	0.012	0.013	1	RPA3	c8
0.07963294456888	-0.14768021943424	0.029	0.032	1	DDX17	c8
0.191207367916847	0.146984678169688	0.018	0.016	1	SS18L2	c8
0.171789087353771	0.146584411347304	0.02	0.018	1	RBL2	c8
0.24434557295833	-0.146333911463347	0.012	0.014	1	ROCK1	c8
0.0191203425080644	0.146171782448389	0.057	0.052	1	SON	c8
0.0209355128703452	0.146153790295148	0.064	0.058	1	PSMA7	c8
0.336481645111822	0.145947178545033	0.011	0.01	1	CARHSP1	c8
0.258980998941319	-0.145860239536586	0.088	0.092	1	HMGN2	c8
0.25466744272548	-0.144675635794631	0.012	0.014	1	C1orf43	c8
0.277949870025732	0.144350315921962	0.013	0.012	1	RNASEH2C	c8
0.315190454885301	-0.143624037450703	0.009	0.01	1	NDUFB5	c8
0.3441016534215	0.143067600992087	0.013	0.012	1	MTFP1	c8
0.0588836947897709	-0.142964260674542	0.039	0.042	1	ELF1	c8
0.195881321487081	0.142944891940273	0.021	0.019	1	SET	c8
0.341868455697081	-0.142734215564515	0.009	0.01	1	CBWD5	c8
0.258250523780224	-0.142504955552768	0.014	0.016	1	NKTR	c8
0.150847227702032	0.14233187077595	0.024	0.022	1	ATP5C1	c8
0.106526217786415	0.141904529702591	0.032	0.029	1	DYNLT1	c8
0.163127480724584	0.141726679820869	0.021	0.019	1	NT5C	c8
0.0243781432721614	0.141558981017694	0.05	0.045	1	CELF2	c8
0.129828180508176	-0.141443223852106	0.027	0.029	1	GPBP1	c8
0.0548424475052258	-0.140549804788314	0.045	0.049	1	BRD2	c8
0.0191389944003868	0.140321892982032	0.056	0.051	1	CUTA	c8
0.256994195833736	0.139614679320179	0.016	0.015	1	HNRNPR	c8
0.0290621665240437	0.139020975253563	0.054	0.049	1	HNRNPA1P10	c8
0.131918189688971	0.138718396594549	0.03	0.027	1	DYNLRB1	c8
0.261331360625411	0.138538838547235	0.014	0.013	1	SYAP1	c8
0.188626688430851	0.137808807031861	0.021	0.019	1	RAD23A	c8
0.304399760798659	0.137794243695811	0.014	0.013	1	KPNB1	c8
0.433493454809481	0.137762793588645	0.01	0.009	1	NENF	c8
0.407824125907804	0.136985366287712	0.01	0.009	1	NDUFA10	c8
0.357705523226878	0.136594643219534	0.01	0.009	1	TMEM208	c8
0.169839056402938	-0.136279827255282	0.018	0.02	1	HMHA1	c8
0.320379928669025	0.135473271283007	0.013	0.012	1	SARS	c8
0.411116669166463	0.135217609086904	0.01	0.009	1	THYN1	c8
0.274520016133393	0.135178786086675	0.013	0.012	1	DUSP5	c8
0.17235805197978	0.135080159379043	0.023	0.021	1	TUFM	c8
0.413951169583579	0.134564362509797	0.01	0.009	1	PQBP1	c8
0.213859476113597	-0.134285580011134	0.017	0.019	1	AMD1	c8
0.278115290861063	0.134208858370442	0.013	0.012	1	SLC20A1	c8
0.442543437796861	0.133829750487329	0.011	0.01	1	ACAA1	c8
0.400921212200962	0.133539911662528	0.011	0.01	1	VTI1B	c8
0.285651476589562	0.133466105463656	0.015	0.014	1	ABHD14B	c8
0.303010843056523	-0.133296595358872	0.012	0.013	1	DNAJA2	c8
0.0522108549251081	0.13324251765005	0.042	0.038	1	RPS27L	c8
0.360158368077866	-0.133242286222956	0.009	0.01	1	FGD3	c8
0.0204444438349235	0.132216598950391	0.048	0.043	1	SPCS1	c8
0.220643907287518	-0.131809761985616	0.021	0.022	1	NME3	c8
0.141108188747338	0.131595518570427	0.025	0.022	1	PHPT1	c8
0.0204846493985763	0.131136392532633	0.075	0.068	1	HNRNPK	c8
0.322710364304129	0.130866475580852	0.015	0.014	1	ARHGAP30	c8
0.4807820062069	0.13082339366039	0.01	0.009	1	AKIRIN1	c8
0.321544763531935	0.130795140810696	0.015	0.013	1	THRAP3	c8
0.0951304958288231	-0.130286763240552	0.033	0.036	1	IQGAP1	c8
0.337318436883262	-0.130274540170745	0.011	0.012	1	DBNL	c8
0.363397502596417	0.130185921999223	0.012	0.011	1	MMP24-AS1	c8
0.133065434864313	-0.12998799081087	0.032	0.035	1	STK4	c8
0.0950214483135385	0.129899357270255	0.034	0.031	1	TRAM1	c8
0.222162035623574	-0.129436457365419	0.025	0.027	1	TOB1	c8
0.191291388403851	-0.129395267335928	0.017	0.019	1	CXCR6	c8
0.138465577429511	-0.127747682393706	0.029	0.032	1	MATR3	c8
0.0121384612086878	0.127624047423742	0.074	0.068	1	SRSF3	c8
0.205509743515582	0.127558373587879	0.022	0.021	1	ENSA	c8
0.431948464358545	0.126985061893114	0.01	0.01	1	RSF1	c8
0.507238093300447	0.126943364902089	0.01	0.009	1	EIF3J	c8
0.0823519127513223	-0.126834534826571	0.021	0.018	1	SEC11C	c8
0.320124087644367	0.126422254171882	0.016	0.014	1	EIF3I	c8
0.0641357484029782	0.126407646303018	0.044	0.041	1	UBXN1	c8
0.011205301261485	0.126247013767959	0.09	0.083	1	SRSF5	c8
0.0444337132740305	0.126017075919456	0.07	0.065	1	PGK1	c8
0.138229044743304	-0.125979058461889	0.03	0.033	1	TOMM20	c8
0.361719443565946	0.125592459468593	0.015	0.014	1	MRPL51	c8
0.0306885646850245	0.125511310781625	0.073	0.067	1	APRT	c8
0.324833060595524	0.125430733687899	0.014	0.013	1	SRSF9	c8
0.242392275850716	0.125427928795427	0.022	0.02	1	PSMB8-AS1	c8
0.0581917476684712	-0.125266557809879	0.056	0.061	1	SAMSN1	c8
0.0598937344951506	0.12516663536806	0.047	0.043	1	ATP5D	c8
0.0279361128444954	0.12513765191119	0.062	0.057	1	GYPC	c8
0.000349023537990707	-0.125060619698757	0.165	0.18	1	COX7C	c8
0.126858831549765	0.124924704366632	0.033	0.031	1	SP100	c8
0.240409893676067	0.124570207097584	0.024	0.023	1	CTSA	c8
0.24362573058831	0.12456548457562	0.022	0.02	1	SIVA1	c8
0.315878968727797	0.124465512721812	0.016	0.015	1	RAB2A	c8
0.0593041133710936	-0.124070696350408	0.052	0.056	1	HNRNPA0	c8
0.298131270261943	-0.123606012915952	0.015	0.016	1	PTPN7	c8
0.0486945837572247	0.123557783088061	0.062	0.057	1	ERP29	c8
0.369621929285603	-0.123534732694942	0.01	0.011	1	PIAS1	c8
0.400239341617788	0.123484593912861	0.012	0.011	1	CCT8	c8
0.0519341773721132	0.123448239159504	0.049	0.045	1	DYNLL1	c8
0.000176649429111344	-0.123105980617268	0.351	0.364	1	GAPDH	c8
0.150565077001824	-0.122855017704328	0.031	0.033	1	SF3B1	c8
0.100967471235616	0.122339335542877	0.04	0.037	1	NSA2	c8
0.0029070344871947	-0.122190644635667	0.125	0.135	1	ARPC3	c8
0.378938661906209	-0.122036294981306	0.011	0.012	1	KDELR2	c8
0.45641603734915	0.121883276412443	0.011	0.01	1	UBE2A	c8
0.369171320867067	-0.121742065575418	0.01	0.011	1	SORL1	c8
0.22155937871193	0.121565238308863	0.023	0.021	1	CAPZA1	c8
0.417965108866893	-0.121326817884992	0.015	0.016	1	VIMP	c8
0.319970848925376	-0.121253132422371	0.013	0.014	1	EPS15	c8
0.280298157888271	-0.120931031145239	0.016	0.018	1	VDAC2	c8
0.261943978663908	-0.120758745050547	0.015	0.017	1	FERMT3	c8
0.260891143720943	-0.120696558579239	0.018	0.02	1	CBX3	c8
0.386985325367946	-0.120515573708416	0.009	0.01	1	XRN2	c8
0.267406418526641	0.120287320611776	0.02	0.018	1	FMNL1	c8
0.0164097828945157	0.12009078894727	0.082	0.075	1	SNHG6	c8
0.269877361666006	0.119363807303825	0.019	0.018	1	PDE4D	c8
0.387433098311768	-0.119315328180878	0.011	0.012	1	KRAS	c8
0.104614596617622	-0.118935585283775	0.04	0.044	1	EIF4B	c8
0.358635927139016	-0.118874877852044	0.009	0.01	1	MAP2K3	c8
0.473099610391627	0.118659986853348	0.013	0.012	1	MRPL43	c8
0.436508612988791	-0.118529332497645	0.009	0.01	1	ABCD4	c8
0.453620826379847	0.117975684211184	0.011	0.01	1	CCT3	c8
0.425046002473926	-0.117742908362125	0.009	0.01	1	SAT2	c8
0.256570626384606	-0.117705841149522	0.02	0.021	1	BCLAF1	c8
0.384454793299306	-0.117176417424544	0.013	0.014	1	ERN1	c8
0.166223487164669	0.116788358408987	0.03	0.027	1	POLR1D	c8
0.390523038202445	0.116650834454745	0.014	0.013	1	SRSF1	c8
0.465150628198767	0.116591244812189	0.012	0.011	1	SDHAF2	c8
0.127601563319117	0.116491726237379	0.039	0.036	1	COX5A	c8
0.0442458952913109	-0.115762662418752	0.058	0.063	1	RPL22L1	c8
0.0896174558957902	0.115517785020493	0.048	0.045	1	RSRP1	c8
0.237794747725934	-0.115385122040054	0.02	0.022	1	DANCR	c8
0.229701883815243	-0.115276990929974	0.027	0.029	1	LOC284454	c8
0.278384535768743	-0.11482629450595	0.016	0.017	1	VDAC1	c8
0.336769137817799	0.114726874313209	0.016	0.015	1	ERGIC3	c8
0.334802692615682	0.114031945650157	0.017	0.016	1	HAX1	c8
0.273750595436694	-0.113881442130251	0.014	0.015	1	ENY2	c8
0.183256901056025	-0.113473416272553	0.024	0.026	1	UBE2B	c8
0.372669310130853	0.113176203474499	0.015	0.014	1	NCOR1	c8
0.349463624450251	-0.113093148196941	0.015	0.016	1	AKAP9	c8
0.425069786808439	-0.112997604424399	0.009	0.01	1	UQCRC1	c8
0.237685719825997	0.112705934624349	0.026	0.024	1	TRABD	c8
0.286073770028394	0.11241408907296	0.024	0.022	1	RAP1A	c8
0.131124000057594	-0.11223936331685	0.035	0.038	1	DDIT3	c8
0.427989237181765	0.112010217925578	0.013	0.012	1	RNF187	c8
0.367009969727165	0.11191033942224	0.016	0.015	1	TWF2	c8
0.368954975880696	-0.111906646866291	0.014	0.016	1	GATA3	c8
0.299585062729907	-0.111537977589159	0.019	0.021	1	RPL13AP5	c8
0.369841058742139	0.111231224904011	0.017	0.015	1	SSR1	c8
0.462575690134743	0.111003502509537	0.011	0.01	1	TMEM147	c8
0.389658577390407	0.110837251716629	0.015	0.014	1	LUC7L3	c8
0.338534785952027	-0.110565066081866	0.015	0.016	1	MAX	c8
0.408300041400297	0.110462261724614	0.017	0.016	1	SNX17	c8
0.00655051016228417	-0.109261663516955	0.157	0.168	1	RPL27A	c8
0.399755494821466	0.108899523578205	0.015	0.014	1	TMEM50B	c8
0.228262584257561	-0.108325809341536	0.028	0.03	1	ACTR2	c8
0.383498327310038	-0.108284999794072	0.013	0.014	1	MRFAP1	c8
0.392678588445258	-0.10806419320617	0.012	0.013	1	BTF3L4	c8
0.471506996817831	0.107799503397973	0.012	0.011	1	TCP1	c8
0.479969159707711	0.107355676434087	0.011	0.011	1	FAM162A	c8
0.290210378074679	0.106358550148988	0.022	0.021	1	C7orf73	c8
0.420929632555927	-0.106181659032662	0.014	0.016	1	EIF4E	c8
0.393976234982729	-0.105927252479007	0.878	0.825	1	RPS12	c8
0.257074638769347	-0.105836943741993	0.024	0.026	1	SEC62	c8
0.256028312156736	-0.105561857180318	0.034	0.036	1	ATP6V1F	c8
0.371221986918213	0.105517573709617	0.015	0.014	1	IRF3	c8
0.187939632517827	0.104931253327293	0.032	0.03	1	SNHG12	c8
0.0734186010505332	0.104723122381219	0.061	0.056	1	ATP6V0E1	c8
0.00116559604057023	-0.104490575862929	0.24	0.253	1	RPL38	c8
0.349311983286707	-0.104268270103802	0.014	0.016	1	NXT1	c8
0.442465183607826	0.104190713466278	0.016	0.015	1	NONO	c8
0.0660801562371236	0.104126265719248	0.062	0.058	1	SEPT1	c8
0.308258602436083	0.104027577259751	0.025	0.023	1	UBXN4	c8
0.0738561901990381	0.102790932645275	0.054	0.05	1	EPC1	c8
0.191476927210672	0.102448604781052	0.044	0.041	1	ARHGEF1	c8
0.112185293986928	-0.102073184445899	0.044	0.047	1	RPSAP58	c8
0.0871331079427587	0.101882943913248	0.059	0.055	1	VAMP8	c8
0.401573120370017	-0.101710879760403	0.015	0.016	1	CLPP	c8
0.516508160805629	0.101688826232997	0.011	0.011	1	DDX46	c8
0.184465497640124	0.101277375944046	0.037	0.035	1	SCAND1	c8
0.519773562739757	0.100974797492419	0.011	0.011	1	LRPAP1	c8
0.230013955613445	-0.10080008476876	0.035	0.038	1	DDX24	c8
0.487491595691087	0.100230889276123	0.012	0.011	1	VKORC1	c8
0.52484630081119	0.100187773466055	0.011	0.01	1	SRSF4	c8
0.452822363531922	-0.10002658441971	0.01	0.011	1	SMARCA5	c8
