p_val	avg_log2FC	pct.1	pct.2	p_val_adj	gene	seurat_clusters
0	3.78001844863386	0.999	0.115	0	GNLY	c9
0	2.94189157824378	0.217	0.028	0	FGFBP2	c9
0	2.9136457932103	0.097	0.013	0	SPON2	c9
0	2.74655504249822	0.063	0.009	0	KLRF1	c9
0	2.66760590618872	0.049	0.005	0	PTGDS	c9
0	2.39774387207907	0.064	0.012	0	FCGR3A	c9
0	-2.23558596831598	0.049	0.205	0	LTB	c9
0	2.0029962996477	0.304	0.08	0	PRF1	c9
0	1.97268625222123	0.106	0.027	0	CLIC3	c9
0	1.93378315548716	0.287	0.079	0	KLRD1	c9
0	1.91357765316821	0.242	0.067	0	HOPX	c9
0	1.8415553760408	0.82	0.289	0	NKG7	c9
0	1.81097153489407	0.428	0.126	0	GZMH	c9
0	1.78825733255228	0.489	0.133	0	GZMB	c9
0	1.7263580284085	0.172	0.047	0	TYROBP	c9
0	1.70235065749607	0.128	0.041	0	KLRC2	c9
0	1.69732957903312	0.414	0.137	0	CTSW	c9
0	1.57629736589507	0.175	0.059	0	LITAF	c9
0	1.18555773821791	0.528	0.237	0	CST7	c9
0	-1.15216939731232	0.305	0.493	0	FOS	c9
0	1.1476044601855	0.466	0.227	0	IFITM2	c9
0	1.12551920560996	0.415	0.208	0	GZMA	c9
0	-1.11984088641366	0.3	0.509	0	JUN	c9
0	-1.05013270257769	0.352	0.557	0	JUNB	c9
0	0.966392112664476	0.834	0.462	0	CCL5	c9
0	0.92515234595498	0.457	0.252	0	HCST	c9
0	0.741487311664055	0.441	0.282	0	MYL12A	c9
0	0.708355209057521	0.584	0.391	0	IFITM1	c9
0	0.593972372870849	0.612	0.437	0	PFN1	c9
0	-0.550699466568879	0.845	0.903	0	RPLP1	c9
0	-0.472612807580831	0.814	0.852	0	RPL13	c9
0	0.418394788453639	0.862	0.732	0	HLA-C	c9
0	-0.393114288281914	0.846	0.888	0	RPL28	c9
0	0.346258878179223	0.993	0.963	0	B2M	c9
0	0.33027434299878	0.896	0.817	0	COX2	c9
0	0.188263847762	0.444	0.261	0	CCL4	c9
1.1839154491087e-302	2.15022804622913	0.059	0.013	2.45851882161912e-298	GPR56	c9
2.83560438520721e-282	0.764334205297727	0.368	0.225	5.88841606632129e-278	CD7	c9
8.28766557145759e-277	1.80879971388342	0.072	0.02	1.72101663256888e-272	PLAC8	c9
3.58699732138227e-263	0.784204864925871	0.314	0.184	7.44875863758243e-259	CD99	c9
9.30249403194544e-262	-0.679982745861758	0.516	0.621	1.93175591067379e-257	RPS8	c9
1.66342731298263e-257	0.520923354550343	0.571	0.413	3.45427315813973e-253	SH3BGRL3	c9
3.32971581052983e-253	1.59859035443014	0.09	0.03	6.91448785214624e-249	KLRC3	c9
1.25904834195874e-246	1.27691895262656	0.131	0.055	2.61453978691152e-242	RAP1B	c9
3.59724776746007e-246	2.54854481628932	0.035	0.006	7.47004471390758e-242	S1PR5	c9
1.51084149739307e-241	0.287906250066397	0.861	0.762	3.13741345348644e-237	COX1	c9
1.04768822191272e-239	1.2976943993739	0.129	0.054	2.17562936162394e-235	ZNF683	c9
7.21850000759762e-239	-0.941045317923771	0.25	0.397	1.49899371157772e-234	DUSP1	c9
5.23299293080733e-236	-1.0512524252173	0.152	0.289	1.08668331201145e-231	SARAF	c9
5.18861042944253e-233	0.899333904115674	0.241	0.133	1.07746684177804e-228	IFITM3	c9
2.11005139493565e-216	1.17616054449995	0.137	0.062	4.38173272672337e-212	CD247	c9
4.59925625435927e-211	1.29639993360022	0.106	0.043	9.55081553780247e-207	C12orf75	c9
3.71730534520523e-209	2.92244718629046	0.023	0.003	7.71935627985318e-205	PRSS23	c9
1.69887745128662e-192	1.19510712087521	0.126	0.057	3.5278889153418e-188	LOC101060038	c9
6.07620072817998e-191	0.332510031032046	0.774	0.651	1.26178384321386e-186	HLA-A	c9
2.45333995058246e-190	0.37087518575239	0.701	0.595	5.09460574137953e-186	ATP6	c9
1.36022396045399e-183	-0.614088743888743	0.383	0.499	2.82464107627875e-179	RPLP0	c9
1.71382530304011e-178	1.46628027743388	0.068	0.023	3.55892962429309e-174	FCER1G	c9
8.43615409040504e-177	-0.491637806647459	0.458	0.57	1.75185175841351e-172	RPL8	c9
5.99452608062891e-172	-0.921498526415365	0.176	0.293	1.2448232859034e-167	IL7R	c9
1.36794969956934e-171	-0.378015201381209	0.742	0.782	2.8406843461257e-167	RPL11	c9
6.67033578741517e-165	-0.654173500843069	0.291	0.407	1.38516192961463e-160	RPL9	c9
4.66161010555913e-162	0.942914960568424	0.159	0.085	9.68029954520409e-158	ITGB2	c9
1.11131534370714e-161	0.494829065871168	0.425	0.306	2.30775744274224e-157	CFL1	c9
1.37675942123424e-158	-0.435046537953689	0.546	0.635	2.85897861413502e-154	RPL36	c9
2.90680708487255e-158	-0.658975651298592	0.291	0.41	6.03627559244634e-154	CD69	c9
4.41840576669419e-158	0.405442170732235	0.511	0.385	9.17526141511716e-154	S100A4	c9
7.42782869157883e-158	0.350884034875868	0.607	0.501	1.54246290609326e-153	ATP8	c9
1.98777451762099e-157	2.51943778388866	0.022	0.004	4.12781256329174e-153	SH2D1B	c9
6.91569825016016e-157	-1.57469431828397	0.057	0.144	1.43611389862826e-152	GZMK	c9
6.04313985694946e-156	-0.376567528330779	0.784	0.804	1.25491842269413e-151	RPL32	c9
2.58711846052172e-152	-0.799700942133633	0.199	0.311	5.3724101951194e-148	VIM	c9
6.42301544568404e-152	-0.496342248808771	0.498	0.584	1.33380338745075e-147	RPS13	c9
1.14555812356363e-149	-0.955952829764205	0.107	0.207	2.37886599939224e-145	RGS1	c9
2.79571307280368e-149	0.893434401688352	0.151	0.081	5.80557776698413e-145	GZMM	c9
3.98382167691856e-148	2.32317008863434	0.025	0.005	8.27280409428909e-144	CX3CR1	c9
7.05890318904785e-144	-0.365820622494244	0.672	0.729	1.46585183623768e-139	RPL18A	c9
3.94345868793958e-138	-0.387529440924021	0.572	0.654	8.18898631137533e-134	RPL12	c9
1.83090073080964e-137	-1.4626747350841	0.052	0.13	3.80204845759929e-133	FOSB	c9
1.76853711959999e-136	1.36165076134492	0.066	0.026	3.67254418256133e-132	KLRC1	c9
3.11501616122737e-136	2.35322611916116	0.022	0.004	6.46864256040475e-132	TTC38	c9
8.95832973417249e-135	-0.633008667979825	0.329	0.434	1.86028675259826e-130	ZFP36	c9
5.97418881482107e-134	0.585511777632533	0.293	0.199	1.24060004928574e-129	CALM1	c9
3.22192170754715e-132	1.1447974792271	0.088	0.04	6.69064261789241e-128	LYAR	c9
1.54934892940711e-130	0.205472061701911	0.948	0.886	3.2173779868068e-126	TMSB4X	c9
2.79629385002666e-128	-0.545833848778002	0.284	0.393	5.80678380896536e-124	BTG1	c9
4.79297976092102e-124	2.99191200595356	0.012	0.001	9.95310177152859e-120	MYOM2	c9
1.95919471678081e-121	-0.901254175888633	0.133	0.223	4.06846374886704e-117	TNFAIP3	c9
1.80133901362909e-120	-0.514942287976203	0.373	0.464	3.74066059570216e-116	RPS5	c9
3.84015363404707e-119	1.05531727532468	0.091	0.044	7.97446303646215e-115	CD63	c9
6.76638842906879e-119	-0.678689717769906	0.211	0.31	1.40510822118043e-114	KLF6	c9
2.5536579010371e-118	1.17542792746033	0.073	0.032	5.30292599729365e-114	KLRG1	c9
3.4820610578407e-116	-0.348932462442053	0.879	0.876	7.23084799271199e-112	EEF1A1	c9
1.01388776293074e-115	0.482750972935668	0.364	0.269	2.10543932850198e-111	CD52	c9
1.85524553995577e-114	1.03018932438371	0.092	0.045	3.85260288827216e-110	ITGB1	c9
1.1154676650012e-112	-0.963509836105287	0.1	0.181	2.31638015314149e-108	BTG2	c9
2.87236360675689e-111	-0.681965174917989	0.175	0.268	5.96475026579135e-107	CXCR4	c9
7.09415541804803e-110	-1.20500789877755	0.054	0.122	1.47317231411185e-105	LDHB	c9
7.65095951366488e-110	0.232317374877509	0.586	0.482	1.58879825260765e-105	ND4L	c9
3.48182855692995e-109	0.224350098396329	0.777	0.691	7.23036518132073e-105	TMSB10	c9
6.55479361346462e-109	1.57258768728831	0.039	0.013	1.36116844177206e-104	ZEB2	c9
7.23342798322863e-107	1.29451637310782	0.055	0.022	1.50209365499726e-102	DSTN	c9
1.01951876981641e-106	-0.518081820399531	0.339	0.44	2.11713267740075e-102	FTH1	c9
7.48807029144276e-106	-0.626909138701712	0.289	0.383	1.554972676721e-101	DNAJB1	c9
1.92900303352659e-104	1.53443341765087	0.039	0.014	4.00576769942131e-100	TPST2	c9
2.00148634233589e-103	1.12418826718747	0.07	0.032	4.15628653849472e-99	KLRK1	c9
4.22025175912241e-102	-0.529807338142599	0.257	0.35	8.7637748029936e-98	RPL22	c9
1.21220645793117e-101	2.05693047426028	0.022	0.005	2.51726793053987e-97	C1orf21	c9
1.45793815868034e-100	1.18343913229623	0.062	0.027	3.0275543803156e-96	BIN2	c9
1.5347681460966e-100	0.223478310987768	0.834	0.764	3.18709953218419e-96	ACTB	c9
1.79878147679089e-100	-1.11780374876477	0.057	0.122	3.73534961470396e-96	LEPROTL1	c9
3.17221084984653e-100	-1.65796396444285	0.033	0.089	6.5874130507913e-96	EGR1	c9
5.5926916844015e-100	0.292123211180197	0.127	0.072	1.16137835518282e-95	CCL3	c9
1.31211818030739e-99	0.357835751508086	0.455	0.36	2.72474461322632e-95	ND4	c9
7.22656712700991e-99	0.448303510654966	0.343	0.255	1.50066892959488e-94	PPIA	c9
5.00984474468439e-98	-0.346916996035615	0.537	0.606	1.04034435968116e-93	RPS25	c9
1.15221133847932e-97	-0.797706275296277	0.122	0.2	2.39268206548615e-93	PABPC1	c9
8.22922755562352e-96	1.2530292901017	0.053	0.022	1.70888139420078e-91	MATK	c9
8.09830400340631e-95	0.531490292185809	0.246	0.171	1.68169380934736e-90	CYBA	c9
4.58312028545021e-93	1.67138140821984	0.029	0.009	9.5173075847659e-89	TARP	c9
3.59547533219127e-92	-0.285952954718145	0.873	0.865	7.46636407482839e-88	RPS12	c9
4.07196782766237e-92	0.286421171649251	0.583	0.485	8.45584839092367e-88	RPS26	c9
1.76067074651262e-91	-0.724107048879847	0.174	0.254	3.6562088722081e-87	NFKBIA	c9
1.28170561449705e-90	1.79466760148617	0.025	0.007	2.66158987906457e-86	KIR2DL4	c9
4.3320393980332e-90	-0.400771498787308	0.383	0.473	8.99591301395575e-86	FXYD5	c9
5.12239047538907e-90	-1.602747730389	0.03	0.082	1.06371560611929e-85	BATF	c9
5.63285002280449e-90	1.08860733063708	0.066	0.031	1.16971763573558e-85	GPR65	c9
4.77950538380061e-89	-0.451077099179486	0.286	0.374	9.92512088000034e-85	GNB2L1	c9
1.26048856514506e-88	0.630667834317272	0.172	0.111	2.61753055438022e-84	LOC101929531	c9
1.38752094364884e-86	0.589727336108637	0.174	0.113	2.88132599158117e-82	LGALS1	c9
2.06276699221817e-86	-0.23649786322737	0.821	0.845	4.28354193604025e-82	RPL39	c9
1.28797238509316e-85	-0.606697466498869	0.172	0.251	2.67460345488446e-81	RPL4	c9
7.42870142148321e-85	1.39512552071871	0.038	0.014	1.5426441371852e-80	PLEK	c9
2.04944486145077e-84	0.576549256371576	0.196	0.132	4.25587719928866e-80	ARPC2	c9
3.52062561417648e-84	-0.348149631235159	0.505	0.57	7.31093115039887e-80	RPL18	c9
1.77335289093445e-83	0.392419910843424	0.347	0.265	3.68254461331449e-79	PTPRCAP	c9
6.55073408865529e-83	0.967676050615947	0.075	0.038	1.36032544085016e-78	FLNA	c9
1.80904770550865e-82	1.21073288032895	0.049	0.021	3.75666846525926e-78	APMAP	c9
2.65743693818799e-82	-0.234315911425503	0.831	0.836	5.51843354584117e-78	RPL30	c9
5.02030403646841e-82	-1.05023229159202	0.21	0.282	1.04251633621303e-77	CD74	c9
1.08641977680043e-79	-0.402132975165748	0.589	0.624	2.25605930850376e-75	TPT1	c9
5.25374817953622e-78	-2.29253606320559	0.01	0.046	1.09099334696249e-73	GPR183	c9
6.36259652418913e-78	-0.631458572562699	0.14	0.212	1.32125679421311e-73	EEF1G	c9
2.18635906057538e-77	-0.530294063267544	0.234	0.31	4.54019322519084e-73	EEF1B2	c9
4.85439744694796e-77	1.79580889060105	0.021	0.006	1.00806417383321e-72	CD300A	c9
6.48006965513511e-77	-1.52817662854989	0.024	0.068	1.34565126458536e-72	CD27	c9
1.76075403569895e-76	-0.477755134415961	0.329	0.406	3.65638183053245e-72	TSC22D3	c9
4.4478981715153e-76	-1.74905351316839	0.021	0.063	9.23650534296866e-72	GPX1	c9
8.95828738288351e-76	-1.07879814249621	0.051	0.103	1.86027795792959e-71	RGCC	c9
2.44853860227762e-75	1.09134093111035	0.052	0.024	5.08463526148971e-71	RPS4Y1	c9
5.48241336958833e-75	0.77709531831189	0.104	0.061	1.13847796032871e-70	CCND3	c9
7.00644590586212e-75	0.349905809282198	0.37	0.289	1.45495855681133e-70	SERF2	c9
1.96108816369374e-73	-0.201938264479499	0.918	0.905	4.07239568072642e-69	RPL10	c9
7.57641413295676e-73	-1.05478067954519	0.078	0.135	1.5733181588498e-68	SAT1	c9
2.70634288039083e-72	0.219835670130681	0.55	0.466	5.6199916254196e-68	CYTB	c9
1.34918007604245e-70	-0.423191829287611	0.274	0.35	2.80170734590975e-66	RPS16	c9
4.58053100116664e-70	-2.02077022428168	0.012	0.047	9.51193067702264e-66	ICOS	c9
5.89257458614817e-70	-0.942713570586143	0.066	0.12	1.22365203855953e-65	SLC2A3	c9
7.36014745419693e-70	1.17087407263366	0.042	0.019	1.52840822033854e-65	NCR3	c9
1.58075572649782e-69	-0.631015789436875	0.203	0.273	3.28259734164537e-65	HSPA1B	c9
2.09187674831287e-69	1.45928587338215	0.03	0.011	4.3439912555465e-65	STARD3NL	c9
2.2925988149601e-69	0.900950005683207	0.076	0.042	4.76081069914614e-65	CMC1	c9
3.92056010945865e-69	0.365164265812211	0.278	0.208	8.14143512330183e-65	ND5	c9
1.88988117050493e-68	1.0177608085726	0.058	0.029	3.92452723867054e-64	IL2RB	c9
2.94442772426047e-68	0.868534806381772	0.076	0.042	6.11439861219929e-64	SLC9A3R1	c9
4.5036787128931e-68	-0.613829266479053	0.132	0.197	9.35233921519382e-64	EEF2	c9
5.13089719194241e-67	0.179697365029859	0.725	0.666	1.06548211087876e-62	ND3	c9
2.92968635770145e-65	0.1337759095172	0.581	0.5	6.08378669040283e-61	COX3	c9
6.28274371692264e-65	2.39669846998034	0.01	0.002	1.30467456025616e-60	KIR2DS5	c9
2.4409575031797e-64	0.492658658136363	0.196	0.14	5.06889235110296e-60	RARRES3	c9
3.78857228015205e-64	-0.662772503968715	0.122	0.183	7.86734919696375e-60	PPP1R15A	c9
4.83155892130911e-64	-2.4732191792011	0.007	0.037	1.00332152559905e-59	TNFRSF4	c9
8.29785570123343e-64	0.711641896009954	0.1	0.061	1.72313271491813e-59	GSTP1	c9
3.40970838878152e-62	0.777705881022014	0.085	0.05	7.08060044014371e-58	SEPT7	c9
1.08142604830022e-61	0.969852785229903	0.057	0.029	2.24568933190023e-57	HMGN3	c9
1.12061356906223e-61	1.41643602696412	0.027	0.01	2.32706613751463e-57	CD320	c9
1.53175575763901e-61	-0.942631077575932	0.059	0.107	3.18084400631316e-57	NR4A1	c9
2.39995654615877e-61	0.456220162283926	0.217	0.158	4.98374976375331e-57	CLIC1	c9
5.43029023092678e-61	0.420747655937699	0.251	0.189	1.12765406935426e-56	RAC2	c9
8.19671231252679e-61	-0.224346781668733	0.761	0.772	1.70212927881931e-56	RPL19	c9
2.74035270235377e-60	1.46313153526231	0.024	0.009	5.69061642170783e-56	EFHD2	c9
5.73130349847309e-60	-1.61138621615644	0.016	0.049	1.19016248449292e-55	CORO1B	c9
1.21188493982243e-59	-3.37338060481417	0.003	0.027	2.51660026603526e-55	CCR7	c9
1.25850755325217e-59	1.61890155648037	0.02	0.007	2.61341678508346e-55	FCRL6	c9
2.94807142508477e-59	-1.56988139689725	0.02	0.054	6.12196512133102e-55	SOCS3	c9
3.79369741811904e-59	0.863014876718819	0.068	0.038	7.877992058466e-55	SYTL3	c9
2.23905766377772e-58	-0.253023031623824	0.729	0.75	4.64962714460082e-54	RPS18	c9
4.87824014478065e-58	0.530759741496027	0.167	0.117	1.01301534846515e-53	EMP3	c9
1.79433506755083e-57	-0.994054283957343	0.044	0.086	3.72611620127606e-53	FYB	c9
2.40036028938349e-57	-0.335907651433427	0.434	0.49	4.98458817693375e-53	RPL5	c9
3.17817451197147e-57	-0.116459692446659	0.975	0.959	6.59979719155995e-53	RPL41	c9
3.89749695709805e-57	-0.252210442765868	0.576	0.624	8.09354218110982e-53	RPL35A	c9
1.09270998424078e-56	-1.06904337060803	0.036	0.076	2.26912155327441e-52	SPOCK2	c9
6.02460425162032e-56	0.312070724651861	0.111	0.07	1.25106931889148e-51	XCL2	c9
1.19385894872614e-55	1.58425830874322	0.02	0.007	2.4791674929247e-51	PXN	c9
1.28551302272712e-55	-0.388807813585409	0.287	0.353	2.66949634299514e-51	RPL10A	c9
1.66036076531835e-55	-0.612126810358851	0.106	0.16	3.44790516526009e-51	LRRC75A-AS1	c9
5.20208841142522e-55	-0.754776595461756	0.065	0.111	1.08026567951656e-50	COTL1	c9
1.56870540461234e-54	0.335943505828056	0.119	0.078	3.25757364321799e-50	XCL1	c9
5.64976774400921e-54	-0.308245925775583	0.637	0.653	1.17323076972095e-49	RPS3A	c9
6.0595991948383e-54	-0.372128091554294	0.257	0.324	1.25833636880012e-49	RPS2	c9
1.20789813158164e-53	-0.608882957946075	0.195	0.254	2.50832126004243e-49	IER2	c9
1.21725499882403e-53	-0.375378044197705	0.303	0.368	2.52775173055799e-49	RPSA	c9
1.3273815135697e-53	-0.55682122713666	0.132	0.189	2.75644045107885e-49	HSP90AB1	c9
1.65087029745494e-53	1.34463485413116	0.026	0.01	3.42819725969493e-49	TBX21	c9
5.86587388202794e-52	-2.13153032866738	0.026	0.059	1.21810737034192e-47	CXCL13	c9
1.37696788339571e-51	0.598441776370485	0.113	0.075	2.85941150665953e-47	CALR	c9
1.43694850165902e-51	0.493108456492396	0.16	0.113	2.98396725854513e-47	PPIB	c9
2.30227080375653e-51	-1.84472934222523	0.01	0.037	4.7808955510808e-47	BIRC3	c9
9.55193814538262e-51	-0.279006201079173	0.448	0.505	1.98355547527015e-46	RPLP2	c9
1.41497302800449e-50	-0.515099851547768	0.128	0.182	2.93833298995412e-46	HINT1	c9
5.98843725646895e-50	-1.40940327363471	0.02	0.051	1.24355888067834e-45	CDKN1A	c9
8.37576559799406e-50	-0.332724774918399	0.481	0.522	1.73931148407945e-45	RPS6	c9
9.32136340016065e-50	-1.17482359357181	0.027	0.06	1.93567432367736e-45	NR3C1	c9
1.46240001009677e-49	-2.0176593150833	0.008	0.033	3.03681986096696e-45	CD40LG	c9
1.92416414007954e-49	-0.560623142065075	0.115	0.167	3.99571925328918e-45	NPM1	c9
4.39059084235748e-49	-3.37406539832422	0.002	0.022	9.11750094323954e-45	FOXP3	c9
5.52319522852076e-49	-1.02302545290822	0.034	0.069	1.14694672115462e-44	PLP2	c9
1.60279595645886e-48	1.45350724226652	0.02	0.007	3.32836608318247e-44	ADRB2	c9
6.6610441527685e-48	0.809033214154676	0.061	0.035	1.38323242876391e-43	RUNX3	c9
8.77517780796037e-48	-0.774297158501392	0.058	0.098	1.82225342360105e-43	CD44	c9
6.08587506312656e-47	1.00775500369345	0.039	0.019	1.26379281560886e-42	RASSF1	c9
2.64705707892111e-45	-0.257614529444847	0.585	0.614	5.49687873008759e-41	RPL37	c9
2.98272566381954e-45	-0.285990610262008	0.366	0.427	6.19392811348766e-41	RPS9	c9
9.31835755235457e-45	1.18448514103763	0.028	0.012	1.93505012932195e-40	SYNE1	c9
6.04611128584959e-44	-1.41854287888053	0.015	0.041	1.25553546961953e-39	PIM2	c9
1.63438800345453e-43	-0.377831170339926	0.266	0.325	3.39397012797368e-39	ZFP36L2	c9
4.86780527917924e-43	-3.54508136344342	0.001	0.018	1.01084844427436e-38	MAL	c9
5.16464374798367e-43	-2.47868545188669	0.004	0.023	1.07248992070629e-38	AQP3	c9
1.14154240441437e-42	1.49954450765114	0.016	0.006	2.37052695700689e-38	CD160	c9
4.50329597890717e-42	0.281271401170812	0.319	0.261	9.35154442979863e-38	TMA7	c9
9.95677992329148e-42	1.20948290578722	0.025	0.011	2.06762491887071e-37	MTRNR2L8	c9
1.00004134991151e-41	-0.832027383870546	0.052	0.088	2.07668586722623e-37	TUBA1A	c9
2.19323594508828e-41	-2.47336335324054	0.008	0.029	4.55447376357033e-37	CST3	c9
5.58554934430238e-41	1.41715182704871	0.018	0.007	1.15989517683783e-36	UBE2F	c9
1.00676757257051e-40	-0.23735442915137	0.446	0.504	2.09065354119993e-36	EIF1	c9
1.35519558046572e-40	0.813623369689768	0.051	0.029	2.81419914239511e-36	DHRS7	c9
1.62520278812477e-40	1.51719900389904	0.015	0.005	3.37489610981991e-36	LPCAT1	c9
4.06559526136435e-40	-3.26448825436044	0.002	0.018	8.4426151197492e-36	PASK	c9
7.50532972253718e-40	-0.21194230043109	0.76	0.759	1.55855677018207e-35	RPL34	c9
1.40280133261457e-39	0.951448939972026	0.037	0.019	2.91305724730742e-35	AOAH	c9
3.78182500506154e-39	0.625789561153216	0.079	0.051	7.8533378055108e-35	DBI	c9
1.28866545817121e-38	0.901186072660729	0.04	0.022	2.67604269043833e-34	PYHIN1	c9
3.92163148775662e-38	0.748709702013834	0.056	0.034	8.1436599474754e-34	ARPC5L	c9
4.55776634786697e-38	1.19035008394646	0.023	0.01	9.46465759798054e-34	PTGDR	c9
6.46923098580146e-38	-0.642181729669443	0.081	0.12	1.34340050651153e-33	DNAJA1	c9
8.53427737057826e-38	-3.97645775438418	0.001	0.016	1.77222803877428e-33	CCR6	c9
1.3700443461681e-37	-1.78758241349865	0.01	0.03	2.84503408925268e-33	CD83	c9
2.94725580131337e-37	-2.00190437938429	0.006	0.024	6.12027139700735e-33	IL6ST	c9
3.44679173712736e-37	-0.506621815743054	0.221	0.268	7.15760772131868e-33	DUSP2	c9
6.60961941974831e-37	0.6725981819383	0.067	0.042	1.37255356870493e-32	PDIA3	c9
6.89038145247e-37	0.606206540500573	0.08	0.052	1.43085661241992e-32	GNG2	c9
7.59760342503416e-36	-0.98166815223294	0.027	0.054	1.57771832724259e-31	NFKBIZ	c9
7.84510103552708e-36	-2.46470221762249	0.003	0.019	1.62911368103755e-31	LEF1	c9
9.42662825869904e-36	0.351832473143399	0.185	0.143	1.95753362420144e-31	IL2RG	c9
1.2743329290096e-35	-1.33089007880781	0.013	0.035	2.64627976038134e-31	LMNA	c9
2.04425549886494e-35	-0.887383133639394	0.035	0.064	4.24510096894293e-31	DUSP4	c9
3.43445969049045e-35	1.16830106581856	0.02	0.009	7.13199899327246e-31	LAIR2	c9
4.59835213713299e-35	-0.140977492429871	0.876	0.862	9.54893804797036e-31	RPS15A	c9
7.23842787225652e-35	0.897367201856019	0.036	0.02	1.50313193195279e-30	SAMD3	c9
7.91186215713784e-35	0.715512101723036	0.055	0.034	1.64297729555124e-30	ARL4C	c9
8.38836823955559e-35	0.838492066980534	0.042	0.024	1.74192854862611e-30	KLRC4	c9
8.93507789263197e-35	-1.28128888951551	0.015	0.037	1.85545827518396e-30	RNASET2	c9
2.05787529600068e-34	0.776507399056477	0.047	0.027	4.27338383967502e-30	NDUFB7	c9
4.69559796461916e-34	1.16602922945808	0.021	0.009	9.75087873332816e-30	MAPK1	c9
5.57790749454386e-34	-0.218144189417137	0.568	0.596	1.15830827031698e-29	RPL29	c9
6.3014038452541e-34	-0.804994076671691	0.039	0.068	1.30854952250547e-29	GPX4	c9
6.53819737599135e-34	1.00551606107035	0.028	0.014	1.35772206709836e-29	SLA2	c9
9.05128196616252e-34	0.543692990258196	0.088	0.06	1.87958921309331e-29	ID2	c9
3.25919777512155e-33	1.44989524762417	0.013	0.005	6.76805009981741e-29	TGFBR3	c9
3.97212834835445e-33	-1.2800122341491	0.015	0.035	8.24852172819284e-29	CTLA4	c9
5.90304001354848e-33	-1.95912694155113	0.006	0.022	1.22582528921348e-28	CTSB	c9
1.39046587010663e-32	0.326471613916087	0.201	0.159	2.88744142586343e-28	CD8A	c9
1.9713490641962e-32	-1.96260067533096	0.007	0.024	4.09370346670983e-28	SGK1	c9
2.36617910565544e-32	1.3969165762447	0.014	0.005	4.91360753080409e-28	GNPTAB	c9
2.4460232147409e-32	0.930426284994759	0.032	0.017	5.07941180773095e-28	MAP3K8	c9
4.55566864770784e-32	-2.45436660278834	0.004	0.018	9.46030151383011e-28	CH25H	c9
5.63399380475966e-32	-0.465793202146428	0.121	0.162	1.16995515349639e-27	RPL13A	c9
6.50443136034511e-32	-0.731494727681774	0.051	0.081	1.35071021628927e-27	CLDND1	c9
7.68106038612319e-32	-0.171077344565544	0.671	0.693	1.59504899978234e-27	RPS21	c9
1.26473561912358e-31	-1.51895649901915	0.009	0.027	2.62634998667203e-27	DNPH1	c9
1.40481158310996e-31	-0.56723837933744	0.074	0.108	2.91723173348614e-27	SNHG8	c9
1.98551308731556e-31	-0.238750680162134	0.373	0.422	4.12311647711949e-27	RPL24	c9
2.82623043266624e-31	1.39695072246879	0.014	0.005	5.86895011647471e-27	FGR	c9
5.1008587692502e-31	0.866483910108465	0.035	0.019	1.0592443320225e-26	ABI3	c9
5.74811813471907e-31	-0.593133879912966	0.074	0.108	1.19365421185576e-26	ZFP36L1	c9
6.63334896113355e-31	0.534962767597455	0.085	0.059	1.37748124526899e-26	NDUFB2	c9
2.14924100237621e-30	-1.74888973990638	0.007	0.023	4.46311386553444e-26	LOC101928173	c9
2.87793672521958e-30	0.357201273129702	0.165	0.128	5.97632340359099e-26	LSP1	c9
6.88400042146255e-30	0.616528878456578	0.065	0.042	1.42953152752091e-25	APOBEC3G	c9
8.79955051291021e-30	-0.575402919293919	0.07	0.102	1.82731465951093e-25	SOD1	c9
1.91766117602544e-29	0.868113580182815	0.033	0.018	3.98221519813443e-25	CHST12	c9
2.97013457115873e-29	0.539800968296483	0.077	0.052	6.16778145046821e-25	SH2D2A	c9
3.67649986681707e-29	0.430020409529904	0.115	0.085	7.63461962343232e-25	C9orf142	c9
3.97904862215876e-29	0.696506404271129	0.053	0.033	8.26289236877489e-25	MTRNR2L2	c9
6.81961364647759e-29	0.528946268278778	0.081	0.056	1.41616096982754e-24	PPP1CA	c9
8.71738267462468e-29	-0.957965364267872	0.023	0.044	1.81025168621256e-24	PIK3IP1	c9
9.98422550853268e-29	1.19568125561001	0.017	0.007	2.0733242691019e-24	LOC100130872	c9
1.0065411244251e-28	-2.94506917098392	0.002	0.014	2.09018329898116e-24	AIF1	c9
1.20061267457383e-28	0.617205021564306	0.06	0.039	2.49319228002001e-24	RHOC	c9
1.26343554207488e-28	-0.952557908156607	0.024	0.046	2.6236502466727e-24	NOSIP	c9
1.35854707433841e-28	-0.326751611480325	0.264	0.309	2.82115885457115e-24	HSPA8	c9
1.51494262643274e-28	1.25120577434709	0.016	0.007	3.14592985805023e-24	TXK	c9
1.55842315046623e-28	-1.37330659823995	0.013	0.031	3.23622151425816e-24	HLA-DQB1	c9
1.64165421314875e-28	0.446327332495209	0.11	0.081	3.4090591390247e-24	CLEC2B	c9
1.93434988665906e-28	-0.672272799710193	0.047	0.074	4.0168709746362e-24	SOCS1	c9
2.24938583727993e-28	-2.08520851773527	0.007	0.022	4.6710746296955e-24	LYZ	c9
2.77334230826395e-28	-1.59878971682031	0.007	0.023	5.75912263734092e-24	TRAT1	c9
3.14829381571927e-28	-0.773818561664603	0.034	0.059	6.53774693772263e-24	GAS5	c9
8.2302148796955e-28	1.45164548951248	0.012	0.004	1.70908642191757e-23	KIR3DL2	c9
9.18543501001108e-28	-1.13312544961721	0.015	0.034	1.9074474341789e-23	TMEM123	c9
1.43380855074387e-27	-0.444776994249753	0.121	0.158	2.97744683647472e-23	SRSF7	c9
1.94369642480585e-27	-1.33958970960116	0.011	0.027	4.03627999575183e-23	PDE4B	c9
4.40104187447657e-27	-0.86447853999919	0.027	0.048	9.13920355653805e-23	SEPT6	c9
4.49937704348223e-27	-1.99472183534777	0.004	0.017	9.3434063684952e-23	TCF7	c9
1.12517113367432e-26	0.375881024262767	0.127	0.096	2.33653037618809e-22	LY6E	c9
1.76143046476597e-26	-1.86102837247349	0.004	0.017	3.657786503133e-22	IFI30	c9
2.20354692307605e-26	-0.396071015946978	0.123	0.159	4.57588554045973e-22	LAPTM5	c9
4.06029050362297e-26	0.680985250106544	0.045	0.028	8.43159925982345e-22	C5orf56	c9
4.25765499468538e-26	1.10879858962715	0.018	0.008	8.84144636196366e-22	S1PR1	c9
5.31167472454069e-26	1.02672745668812	0.021	0.01	1.10302237329812e-21	PTPN4	c9
6.23916519576177e-26	-0.464388860106682	0.157	0.194	1.29562504455189e-21	DDIT4	c9
7.13906328456456e-26	-1.95231292467623	0.004	0.017	1.48249788167268e-21	DGKA	c9
8.05742243608234e-26	-2.5733639236079	0.002	0.013	1.67320434307686e-21	RTKN2	c9
1.40547544227927e-25	-3.18464691216914	0.001	0.011	2.91861030343714e-21	CD28	c9
1.76543219690681e-25	0.831206753157979	0.03	0.017	3.66609650009668e-21	NDUFA12	c9
2.03374019210115e-25	-0.439042180812496	0.101	0.134	4.22326488291725e-21	S100A11	c9
2.56030717118497e-25	-0.288545333207939	0.268	0.311	5.31673387168271e-21	UBC	c9
2.88166462703242e-25	-0.185987301742391	0.559	0.589	5.98406476449552e-21	RPS29	c9
3.35541335525475e-25	-4.17361629535365	0.001	0.01	6.967851373522e-21	ICA1	c9
3.39420842541377e-25	-1.16120260184868	0.013	0.03	7.04841321621423e-21	ARID5B	c9
3.62484113681903e-25	0.530476089225203	0.068	0.047	7.5273451047184e-21	YWHAQ	c9
3.9936148239664e-25	0.150497722033029	0.459	0.411	8.29314054344862e-21	ACTG1	c9
4.21720726824423e-25	0.678552979640835	0.044	0.027	8.75745261323597e-21	MBP	c9
4.41897070719193e-25	0.659658324673217	0.047	0.03	9.17643457055476e-21	CD47	c9
1.00612506466505e-24	-0.636819123929689	0.051	0.076	2.08931930928344e-20	ITM2A	c9
1.05431375133329e-24	-0.640391256807705	0.044	0.068	2.1893879360187e-20	EIF3E	c9
1.29479121190442e-24	0.733760588298868	0.036	0.021	2.68876343064071e-20	PTGER2	c9
1.49288500777447e-24	-0.170689571285017	0.738	0.736	3.10012500714446e-20	RPS4X	c9
1.65740501185626e-24	0.615428479949328	0.052	0.034	3.44176724762071e-20	SELPLG	c9
1.65816428873325e-24	-0.181642631179713	0.681	0.689	3.44334396198347e-20	RPS23	c9
1.78603097748644e-24	0.179659309271135	0.301	0.257	3.70887192784834e-20	S100A6	c9
1.97249978196803e-24	0.239716091411186	0.117	0.089	4.09609304723482e-20	IFNG	c9
2.38381994743563e-24	1.159957256725	0.015	0.007	4.95024050284483e-20	HSH2D	c9
2.71703168089213e-24	-2.93186181150919	0.002	0.012	5.64218798854061e-20	MS4A6A	c9
3.05223527963056e-24	-0.630995803032716	0.045	0.069	6.33827178168082e-20	PHLDA1	c9
3.09073680066053e-24	-1.63065421547557	0.007	0.021	6.41822404025166e-20	SOD2	c9
4.61582055586347e-24	0.398081276442291	0.09	0.066	9.58521296630607e-20	LINC00861	c9
4.67189703217557e-24	-0.751702925797868	0.033	0.055	9.70166137701579e-20	JUND	c9
5.76386841123297e-24	0.296306250137822	0.189	0.154	1.19692491427664e-19	PSME1	c9
2.05996703531091e-23	0.645219628253538	0.044	0.028	4.27772754552663e-19	LOC374443	c9
2.22203991496745e-23	0.609560688037504	0.049	0.032	4.61428808742141e-19	SUN2	c9
2.62334202120652e-23	-0.368185690683075	0.139	0.175	5.44763204123745e-19	ITM2B	c9
3.93225114003204e-23	-0.756484205640659	0.032	0.052	8.16571271739053e-19	ZNF331	c9
4.1084422053253e-23	-1.40516797515503	0.008	0.022	8.53159108357853e-19	HLA-DMA	c9
4.74300689146209e-23	-0.436582563031911	0.09	0.12	9.84932811081018e-19	ZFAS1	c9
4.84413073741929e-23	0.807285277590142	0.029	0.017	1.00593218893249e-18	TRG-AS1	c9
5.5903188731073e-23	0.305906085879148	0.175	0.142	1.16088561718946e-18	SRP14	c9
6.1541114130177e-23	0.589358013133626	0.052	0.035	1.27796277602725e-18	OSTF1	c9
7.65554852191031e-23	-0.776071362511264	0.028	0.048	1.5897512060599e-18	ANP32B	c9
9.60181326011677e-23	0.286292955178202	0.19	0.156	1.99391254159585e-18	KLRB1	c9
1.0412213631344e-22	0.4216414636173	0.086	0.062	2.16220028268489e-18	CTSD	c9
1.06699801815406e-22	0.458540807460632	0.085	0.062	2.21572808449871e-18	CD53	c9
1.28981370940441e-22	-0.727658673648563	0.031	0.052	2.67842714894921e-18	PPP1R2	c9
1.29073551958575e-22	0.540225840500561	0.062	0.043	2.68034137997178e-18	PSMB10	c9
3.33604175400285e-22	-0.630216438187761	0.042	0.065	6.92762430636232e-18	RHOH	c9
3.711245534059e-22	-0.712785096974083	0.031	0.051	7.70677247602692e-18	RGS10	c9
3.7929947856618e-22	-1.51747315192687	0.006	0.019	7.87653297190529e-18	HNRNPLL	c9
3.85435352967894e-22	0.827027621211773	0.028	0.016	8.00395053973128e-18	C20orf24	c9
4.3120003328201e-22	-0.725086791211749	0.035	0.056	8.95429989113421e-18	HSPH1	c9
4.7819216085149e-22	0.369589117105959	0.116	0.089	9.93013841224205e-18	GUK1	c9
5.49823199168344e-22	-2.51528642162433	0.002	0.012	1.14176285539298e-17	MAGEH1	c9
6.34118003697578e-22	-1.34575137728569	0.008	0.021	1.31680944647839e-17	CMTM7	c9
6.60234819925773e-22	-0.484093260057997	0.075	0.103	1.37104362705786e-17	TAGAP	c9
6.90512783576928e-22	0.33635271607938	0.133	0.105	1.43391884637585e-17	PSMB9	c9
7.68183023091756e-22	-0.562080871309878	0.06	0.085	1.59520886575234e-17	CYCS	c9
7.76016110953068e-22	-1.78768222290344	0.005	0.016	1.61147505600514e-17	MYC	c9
8.06221644352668e-22	-0.724783935319071	0.058	0.082	1.67419986666275e-17	TNF	c9
9.87120289817902e-22	-0.591272253216869	0.047	0.07	2.04985399383586e-17	YPEL5	c9
1.14700611280193e-21	-1.04866101921222	0.014	0.029	2.38187289384448e-17	PDCD1	c9
1.31963619813094e-21	-1.61138621615644	0.005	0.017	2.74035652903871e-17	SYPL1	c9
1.33200391970312e-21	-0.389461044557089	0.28	0.317	2.7660393396555e-17	HSPA1A	c9
1.41162866643743e-21	0.961593022313015	0.019	0.01	2.93138808872396e-17	TES	c9
1.81137271413643e-21	1.10584799454405	0.014	0.007	3.76149657817571e-17	KRT86	c9
2.27839249770643e-21	-1.87895028047075	0.004	0.014	4.73130986073716e-17	CD79A	c9
3.44071633240684e-21	-0.689632153184771	0.033	0.053	7.14499153587605e-17	PRDX1	c9
3.51296567383494e-21	-0.684775863183613	0.037	0.058	7.29502451828563e-17	TUBB4B	c9
3.91194151710177e-21	-1.07033536266416	0.013	0.028	8.12353775441353e-17	PBXIP1	c9
5.81815190274334e-21	-0.823632512076059	0.022	0.039	1.20819742412368e-16	ARHGAP15	c9
9.24652358169493e-21	-0.11342250805913	0.693	0.716	1.92013308697477e-16	RPS15	c9
1.74254003123209e-20	-1.74144675672081	0.004	0.014	3.61855862885656e-16	MS4A1	c9
2.76087247171577e-20	-1.08657401741435	0.013	0.028	5.73322777476497e-16	UGP2	c9
2.98786140447641e-20	-2.78004154762973	0.001	0.01	6.20459299253572e-16	SESN3	c9
3.76673207931867e-20	-1.82026239041056	0.004	0.014	7.82199583591315e-16	TNFRSF25	c9
4.35208430611479e-20	0.511507954589002	0.06	0.042	9.03753827007797e-16	PPP1R18	c9
4.81337319455056e-20	0.393406654808684	0.08	0.059	9.9954507758037e-16	CTSC	c9
4.97605841933569e-20	-0.990948416602404	0.015	0.029	1.03332829135925e-15	TNFAIP8	c9
5.19384652994354e-20	-2.65262502151238	0.002	0.01	1.07855417040808e-15	TBC1D4	c9
6.27710791905476e-20	-2.28937410443646	0.002	0.011	1.30350423047091e-15	TNFSF8	c9
8.23280425781017e-20	-1.2543948397345	0.009	0.021	1.70962413217686e-15	MAF	c9
8.300741159402e-20	-0.518096954023441	0.053	0.076	1.72373190916142e-15	GLTSCR2	c9
8.63092081149289e-20	-1.34289738023054	0.009	0.021	1.79229701571461e-15	NPC2	c9
8.69581261984082e-20	-3.02025348525859	0.002	0.01	1.80577244863614e-15	NMB	c9
1.21224134104662e-19	-0.24108020181529	0.234	0.271	2.51734036881741e-15	RPL38	c9
1.61550396873676e-19	-2.8177900448004	0.001	0.01	3.35475554147875e-15	IL2RA	c9
1.6351665137457e-19	-2.63976261659132	0.002	0.01	3.39558678244433e-15	LST1	c9
2.06004245523439e-19	0.88772580711209	0.021	0.011	4.27788416253973e-15	RNF125	c9
2.13817065198943e-19	0.183755363930396	0.282	0.244	4.44012517592126e-15	MYL6	c9
2.15137176826445e-19	0.297642468385497	0.156	0.128	4.46753861397795e-15	MYL12B	c9
2.59438704734776e-19	-1.75793487950938	0.004	0.014	5.38750414252236e-15	INPP4B	c9
3.53208807356394e-19	0.965800404804304	0.017	0.008	7.33473409356289e-15	MYBL1	c9
3.80992611091442e-19	-1.43812683649639	0.007	0.018	7.91169256192489e-15	NAMPT	c9
3.87313992206962e-19	0.103663126324641	0.703	0.664	8.04296236216978e-15	RPL26	c9
4.40903256690207e-19	0.371714424547737	0.103	0.079	9.15579702842884e-15	TPM3	c9
5.25977446431847e-19	-1.16509004656734	0.01	0.022	1.09224476526037e-14	FOXP1	c9
6.26958819946662e-19	-0.924633323691684	0.016	0.03	1.30194268550124e-14	RBPJ	c9
9.06812326094063e-19	-0.850154189245861	0.019	0.034	1.88308647636693e-14	SH2D1A	c9
1.31891843755907e-18	-1.53403886758255	0.005	0.015	2.73886602743517e-14	RILPL2	c9
1.37693872829544e-18	-1.81467970197183	0.004	0.013	2.85935096317831e-14	CD4	c9
1.66728159876216e-18	-0.7177777530374	0.025	0.042	3.4622769679895e-14	OCIAD2	c9
2.23986520216763e-18	1.09192477106276	0.013	0.006	4.6513040788213e-14	KLF3	c9
2.37791305936337e-18	-0.584905319385238	0.042	0.062	4.93797425907397e-14	EZR	c9
2.41953581291315e-18	-0.727339802306314	0.025	0.042	5.02440806909544e-14	ITK	c9
2.56206944604254e-18	-0.539529763276043	0.076	0.1	5.32039341165195e-14	CITED2	c9
2.58829643494535e-18	-1.26218137142078	0.029	0.046	5.37485637680752e-14	MT1X	c9
3.77324120724591e-18	0.610725911238495	0.038	0.025	7.83551269096685e-14	DOK2	c9
4.2706499073475e-18	0.714106108695594	0.028	0.017	8.86843159759782e-14	SCP2	c9
4.53614594565308e-18	0.584089330423677	0.042	0.028	9.41976067074319e-14	FAM49B	c9
5.08041984518403e-18	0.460002484120444	0.057	0.04	1.05499998505092e-13	HSP90B1	c9
6.34686595573319e-18	-0.554780442777207	0.041	0.061	1.31799018436755e-13	KIAA1551	c9
1.08077852913041e-17	-0.269561364308198	0.163	0.195	2.2443446935922e-13	COX7C	c9
1.13619073338418e-17	-0.892703435538079	0.016	0.029	2.35941367694559e-13	PRKCQ-AS1	c9
1.23206231794211e-17	-0.330664598592141	0.209	0.241	2.55850060943858e-13	HSP90AA1	c9
2.43490082499641e-17	0.49370782430741	0.055	0.039	5.05631505318754e-13	CAP1	c9
3.12936947239098e-17	-1.65183812279992	0.005	0.014	6.49844864636712e-13	GADD45G	c9
3.18210106810302e-17	-0.310437236308153	0.137	0.167	6.60795107802272e-13	CD2	c9
3.66410384408715e-17	0.408974420765879	0.075	0.057	7.60887804263138e-13	AES	c9
5.53984978341114e-17	-2.0755553472874	0.005	0.014	1.15040520602316e-12	S100A9	c9
1.21636134819402e-16	0.502892763287126	0.05	0.035	2.5258959756597e-12	CDK2AP2	c9
1.4233753582267e-16	0.927368594834331	0.016	0.008	2.95578126889357e-12	HAVCR2	c9
1.53707937353329e-16	0.767285537519884	0.023	0.013	3.19189902707924e-12	TLN1	c9
1.60601043648141e-16	-0.990807314832925	0.012	0.024	3.3350412723973e-12	CD82	c9
1.67366696141288e-16	-0.696661048212401	0.025	0.04	3.47553681206998e-12	NDFIP1	c9
2.0843501480916e-16	0.989458086107161	0.014	0.007	4.32836151752702e-12	RAB29	c9
2.11958701502821e-16	-0.595635970443248	0.041	0.059	4.40153439540757e-12	PKM	c9
2.24361223886904e-16	-1.93395363886437	0.005	0.014	4.65908517523545e-12	S100A8	c9
3.24114350547316e-16	-1.68393429806561	0.004	0.012	6.73055860346556e-12	LINC00892	c9
3.51469691985381e-16	-0.547515099839011	0.04	0.058	7.29861962376841e-12	TIGIT	c9
4.27963054463172e-16	0.505001719806568	0.049	0.035	8.88708078898223e-12	PRELID1	c9
4.30911627308343e-16	-0.838643958419428	0.017	0.03	8.94831085268504e-12	RNF19A	c9
5.88196288736804e-16	-0.780947874396762	0.019	0.032	1.22144841319085e-11	FAM46C	c9
1.00800823932905e-15	-0.569689010589139	0.035	0.052	2.09322990979071e-11	CSRNP1	c9
1.02342688861497e-15	0.586549339944153	0.035	0.023	2.12524827689785e-11	PRMT2	c9
1.11474698905639e-15	-0.770848511560524	0.019	0.032	2.3148835974745e-11	NDUFV2	c9
1.15475185351565e-15	-0.840630260788487	0.016	0.028	2.39795769901059e-11	TTC39C	c9
1.28019749472302e-15	0.28207877762601	0.13	0.106	2.65845811754182e-11	SUB1	c9
1.52896424494219e-15	-0.703457580147428	0.024	0.038	3.17504715104694e-11	FAIM3	c9
1.74193806805726e-15	-0.648105312330393	0.027	0.042	3.61730859212771e-11	DDX3X	c9
2.1227028108292e-15	-0.881146315690284	0.014	0.026	4.40800465696792e-11	CCDC109B	c9
2.15094048476447e-15	-0.336686679998051	0.1	0.124	4.46664301066189e-11	RPL7	c9
2.30970956772588e-15	-1.42998299699425	0.005	0.013	4.79634288833957e-11	SESN1	c9
2.76253146473779e-15	0.718503164433605	0.024	0.015	5.73667283967449e-11	AGTRAP	c9
2.86584331918448e-15	0.632093195382072	0.03	0.02	5.9512102366185e-11	TGFB1	c9
4.56399100344693e-15	-0.51097116688927	0.041	0.058	9.4775837177579e-11	SF1	c9
6.36993831800195e-15	-0.815227025599446	0.021	0.035	1.32278139111628e-10	TNFRSF18	c9
9.6049713164207e-15	-0.451628660181723	0.052	0.07	1.99456834356792e-10	SERP1	c9
9.67911417563257e-15	-0.841776006869389	0.015	0.026	2.00996484971186e-10	SNORA78	c9
9.75016525590038e-15	-0.724576282562952	0.021	0.034	2.02471931704027e-10	FKBP5	c9
1.38205240089537e-14	-1.55295899965627	0.004	0.012	2.86997001569933e-10	PHTF2	c9
1.53092689061822e-14	0.78493628772274	0.019	0.011	3.1791227810578e-10	CAPN2	c9
1.67655282116602e-14	-1.08953831272255	0.009	0.019	3.48152958843336e-10	RAPGEF6	c9
1.69126714653351e-14	0.517450629440949	0.041	0.029	3.51208535649148e-10	BSG	c9
1.78486737815283e-14	0.493355446803879	0.046	0.033	3.70645559747217e-10	PRDX5	c9
2.23633124880742e-14	-0.65323750084269	0.027	0.041	4.6439654712735e-10	H3F3C	c9
2.98763037411896e-14	-0.663025308302625	0.023	0.037	6.20411323489543e-10	CD6	c9
3.75266727225748e-14	-0.523272253269154	0.036	0.052	7.79278885756988e-10	PDCD4	c9
4.45099829426256e-14	-0.397217790107371	0.071	0.091	9.24294305786564e-10	MCL1	c9
5.35534521127581e-14	-0.803934074176237	0.016	0.028	1.11209098657353e-09	STAT1	c9
5.44442319514507e-14	-0.853501329696387	0.014	0.025	1.13058892070382e-09	ARID5A	c9
6.12058492501372e-14	-0.430412768148798	0.054	0.072	1.27100066552835e-09	STK17B	c9
6.45707743861317e-14	-1.8040766611541	0.003	0.01	1.34087670090241e-09	VCAN	c9
6.62358406108734e-14	0.673734272495143	0.024	0.015	1.3754534661254e-09	ADD3	c9
7.42203139428635e-14	-0.422737252440534	0.067	0.087	1.5412590393375e-09	TUBA4A	c9
7.46289058044604e-14	-1.3843740162067	0.005	0.012	1.54974385793543e-09	DUSP16	c9
7.71830493915827e-14	-0.19736930527763	0.243	0.273	1.60278320366561e-09	PFDN5	c9
8.1601932430742e-14	-1.02507368367591	0.01	0.019	1.69454572885679e-09	PIM3	c9
1.02376998400377e-13	-0.616138372963762	0.026	0.04	2.12596074878224e-09	SFPQ	c9
1.03543520487561e-13	0.571018201053097	0.032	0.022	2.15018474644468e-09	GLIPR2	c9
1.0843795082782e-13	-1.25968896628294	0.007	0.016	2.25182248689052e-09	BCL2A1	c9
1.1351074084864e-13	-0.569825933773296	0.041	0.057	2.35716404446286e-09	NEAT1	c9
1.18153571336417e-13	-0.573151919339958	0.03	0.045	2.45357706237203e-09	PTGER4	c9
1.26511943227246e-13	-1.0022684396655	0.009	0.018	2.62714701305698e-09	TRADD	c9
1.34665396477274e-13	0.796194448941299	0.017	0.01	2.79646162324707e-09	STK38	c9
1.50435296219349e-13	-0.328808449502385	0.086	0.108	3.123939361291e-09	CCNI	c9
1.6430452818083e-13	0.574123895658677	0.033	0.022	3.41194783220312e-09	AKNA	c9
1.80586388854333e-13	-1.08737051106569	0.008	0.016	3.75005695094908e-09	NCF1	c9
1.9526632240425e-13	-0.93335967809907	0.011	0.02	4.05490045104666e-09	RHBDD2	c9
1.98569118264559e-13	-0.872105899428694	0.013	0.024	4.12348630988183e-09	FABP5	c9
2.36299895704973e-13	-1.66802790715625	0.003	0.01	4.90700363420946e-09	SNX9	c9
2.5690770872746e-13	0.443058185160674	0.051	0.037	5.33494547943443e-09	XBP1	c9
2.61126912599024e-13	1.05937282297443	0.01	0.005	5.42256146703132e-09	IL18RAP	c9
3.18567909994593e-13	-1.37878843388485	0.105	0.126	6.61538121894771e-09	RN7SK	c9
3.26804193191449e-13	-0.226155048099705	0.181	0.209	6.78641587581363e-09	TOMM7	c9
3.48917127105557e-13	-0.810131090634812	0.014	0.025	7.245613061474e-09	DNAJB9	c9
4.15583033232845e-13	0.395440622177536	0.066	0.051	8.62999726811326e-09	PIK3R1	c9
4.35871576699903e-13	0.60481442778299	0.028	0.019	9.05130916175019e-09	ACP5	c9
5.30209060643181e-13	-1.53526283901499	0.004	0.01	1.10103213533163e-08	CHN1	c9
5.48186127710616e-13	-0.487327253970788	0.047	0.064	1.13836331280387e-08	HERPUD1	c9
5.55751626512316e-13	-0.683285166427709	0.02	0.031	1.15407382761548e-08	NAP1L1	c9
6.70092998362062e-13	-1.36499115108116	0.004	0.012	1.39151512039866e-08	NCF4	c9
6.85505738031702e-13	-0.835353186181398	0.013	0.023	1.42352121559663e-08	SELM	c9
8.087900480907e-13	-0.650229903037763	0.021	0.033	1.67953341386515e-08	EML4	c9
8.31089456552526e-13	-1.41145355026298	0.004	0.011	1.72584036547698e-08	PLK3	c9
1.07985684491334e-12	-0.632238493807023	0.048	0.064	2.24243072414703e-08	TUBA1B	c9
1.1738077134857e-12	-0.543066308554748	0.03	0.043	2.4375290978244e-08	FLT3LG	c9
1.42571072287229e-12	-0.619838020344591	0.025	0.038	2.96063088711659e-08	MYADM	c9
1.55192832257678e-12	0.821201905025467	0.014	0.008	3.22273435466295e-08	LAIR1	c9
1.5598983902483e-12	-1.30071756473824	0.005	0.012	3.23928499718963e-08	KDM6B	c9
2.16282560902647e-12	-0.841328056450676	0.012	0.021	4.49132365970437e-08	ATP1A1	c9
2.23365469577923e-12	-1.45324348954732	0.004	0.011	4.63840734125514e-08	RGS16	c9
2.31707111712794e-12	-0.882964738827002	0.011	0.02	4.81162988182788e-08	TGIF1	c9
2.68258359891079e-12	-1.19315026072586	0.006	0.013	5.57065310149814e-08	MARCKSL1	c9
2.90344450207058e-12	-0.886289468519478	0.011	0.02	6.02929285299977e-08	ID3	c9
3.19262820734458e-12	-0.756399280598158	0.016	0.026	6.62981173537176e-08	TYMP	c9
3.23123377068223e-12	-0.963784508774364	0.008	0.017	6.70998004819871e-08	PFKFB3	c9
3.83501491673431e-12	-0.710955951836998	0.017	0.028	7.96379197609047e-08	TMEM173	c9
4.63264632114475e-12	-0.897569415524014	0.01	0.019	9.62015335048919e-08	CCDC167	c9
4.93638145159423e-12	0.413661943110036	0.052	0.039	1.02508897223806e-07	JAK1	c9
6.02773616955257e-12	-0.346717645480122	0.061	0.079	1.25171969296929e-07	HSPB1	c9
6.24314765469341e-12	-0.466886097505993	0.037	0.051	1.29645204197363e-07	EIF3H	c9
6.85866370654179e-12	0.202384872415911	0.174	0.15	1.42427010530047e-07	YWHAZ	c9
8.31327359064023e-12	-0.730668013740391	0.019	0.03	1.72633439383235e-07	DNAJB4	c9
8.74763205926225e-12	-0.3443848865264	0.105	0.126	1.8165332734264e-07	GADD45B	c9
8.91755980298031e-12	-0.519105690840441	0.034	0.047	1.85182046868689e-07	CHMP1B	c9
9.27924445046719e-12	0.665139938834879	0.02	0.013	1.92692790258402e-07	PLEKHF1	c9
9.89644853584268e-12	-1.16552756662706	0.006	0.013	2.05509650295309e-07	FAM102A	c9
1.02998382670895e-11	-0.428415451416596	0.043	0.058	2.1388644145438e-07	RPSAP58	c9
1.0432556720651e-11	-0.685794160435973	0.017	0.027	2.16642472861038e-07	LOC642441	c9
1.07078914278382e-11	-1.42019338142392	0.003	0.01	2.22360073390489e-07	NCF1C	c9
1.08468579334572e-11	0.316222918197927	0.08	0.064	2.25245851846173e-07	PSMB8	c9
1.31316201372826e-11	0.865435682814863	0.014	0.008	2.7269122377081e-07	CSF1	c9
1.53025689939357e-11	-0.241058821464367	0.135	0.158	3.17773147728069e-07	C12orf57	c9
2.00073297155169e-11	-1.37942325625565	0.004	0.01	4.15472208872424e-07	BAG3	c9
2.053952519647e-11	-0.604295149427227	0.02	0.031	4.26523780229897e-07	MZT2A	c9
2.07278660496818e-11	-1.24336170667963	0.005	0.011	4.30434866387691e-07	LIMS1	c9
3.28581624869807e-11	-0.606838856223663	0.022	0.033	6.82332602204641e-07	LINC-PINT	c9
3.33741038992058e-11	0.482733802267663	0.035	0.025	6.93046641570908e-07	DNAJB6	c9
3.45944817986281e-11	0.292595948352477	0.094	0.077	7.18389009030311e-07	CD3G	c9
3.54463789725479e-11	-0.896568599197172	0.01	0.018	7.36079505743929e-07	EIF4A3	c9
4.0677835327384e-11	-0.812124687331764	0.012	0.021	8.44715928408456e-07	METTL12	c9
4.74200036327013e-11	-0.577362633867562	0.023	0.034	9.84723795436674e-07	ANKRD12	c9
4.80874639698134e-11	0.207221757307931	0.161	0.139	9.98584276797145e-07	RHOA	c9
5.00429412167028e-11	0.942193946476451	0.01	0.005	1.03919171730605e-06	SH3BP5	c9
5.61458947739742e-11	-0.583553707921939	0.046	0.06	1.16592565087635e-06	HIST1H4C	c9
5.88072899110345e-11	-0.196108817555908	0.215	0.24	1.22119218229254e-06	RPL36A	c9
6.57579655485175e-11	-0.858601635078947	0.01	0.018	1.36552991258052e-06	TMEM243	c9
7.30453370523549e-11	0.880728641045019	0.011	0.006	1.5168594692292e-06	CRBN	c9
7.42839869847074e-11	-0.738325835570855	0.015	0.025	1.54258127372443e-06	TNFSF9	c9
7.43929467064705e-11	-0.935533808837117	0.008	0.016	1.54484393130657e-06	PAG1	c9
8.044126798413e-11	-0.67396125239981	0.016	0.025	1.67044337095844e-06	SIRPG	c9
9.53526522491973e-11	0.500436204786679	0.032	0.023	1.98009317660683e-06	CDC42SE1	c9
1.00874774187667e-10	-0.496291234877023	0.033	0.045	2.0947655607811e-06	TSPYL2	c9
1.08084063147667e-10	0.62310073432885	0.021	0.013	2.24447365532445e-06	ITGB7	c9
1.14750864586358e-10	0.605255180564234	0.022	0.015	2.38291645400032e-06	MYO1G	c9
1.36381175554073e-10	0.160383638187569	0.261	0.235	2.83209149155587e-06	CD3D	c9
1.39112621545178e-10	-0.219317633947584	0.153	0.176	2.88881269900716e-06	RPL27A	c9
1.4740907936232e-10	-1.16664674053881	0.005	0.011	3.06109694203795e-06	P2RY10	c9
1.52192771938073e-10	-0.277366340705718	0.097	0.116	3.16043510206601e-06	ALDOA	c9
1.53884984154438e-10	0.524875967450764	0.028	0.019	3.19557558095105e-06	RNF166	c9
1.61282013851853e-10	-1.11054163865366	0.006	0.012	3.34918229964757e-06	SLAMF1	c9
1.71694655534983e-10	-0.928197314011564	0.008	0.015	3.56541121683945e-06	NCF1B	c9
1.75194387659468e-10	-0.532347777218813	0.027	0.038	3.63808665413651e-06	FNBP1	c9
1.78357312039064e-10	0.143193921615014	0.261	0.235	3.70376794180321e-06	PPDPF	c9
2.00553737443537e-10	-0.823812256761858	0.01	0.018	4.1646989117525e-06	A1BG	c9
2.04597398967857e-10	-0.294832510823065	0.078	0.096	4.24866958696652e-06	SLC25A6	c9
2.13237118981772e-10	-0.635638741024826	0.02	0.031	4.42808201277549e-06	SYNGR2	c9
2.16786267774413e-10	0.377777729433456	0.053	0.041	4.50178363660345e-06	MSN	c9
2.37179849514408e-10	-0.404806477733576	0.043	0.057	4.92527675501619e-06	CCNL1	c9
2.38459053599067e-10	0.224432946364989	0.128	0.109	4.95184070703823e-06	SUMO2	c9
2.50080913550772e-10	0.528263957146653	0.028	0.019	5.19318025079533e-06	PRKACB	c9
2.56200709945694e-10	0.372560193066374	0.051	0.039	5.32026394273229e-06	ITGA4	c9
2.67922692744913e-10	0.185864509270078	0.163	0.142	5.56368263754086e-06	LOC101929876	c9
2.76723313247212e-10	-0.989485728532986	0.007	0.014	5.74643632289161e-06	GRAMD1A	c9
2.77402837616275e-10	0.23414027820987	0.126	0.108	5.76054732593956e-06	ARPC3	c9
2.94078561046201e-10	0.309276536271755	0.071	0.057	6.1068353986854e-06	RABAC1	c9
2.99920558946459e-10	-1.00662150638321	0.007	0.013	6.22815032708218e-06	SUSD3	c9
3.06718003200336e-10	0.267912035195589	0.095	0.079	6.36930605445818e-06	SSR2	c9
3.0831700417962e-10	0.365892628870775	0.053	0.041	6.40251090879399e-06	ZAP70	c9
3.48107822955049e-10	0.307263386398394	0.072	0.058	7.22880705148456e-06	PRR13	c9
3.73409946845999e-10	-0.705656034877379	0.014	0.023	7.75423095620403e-06	GPR171	c9
3.74492844120613e-10	0.276776352667658	0.086	0.071	7.77671840100866e-06	POLR2L	c9
3.75937580519831e-10	-0.709155503791886	0.015	0.023	7.80671979707482e-06	TMEM107	c9
3.87458441462753e-10	0.406856086098383	0.046	0.035	8.04596199541553e-06	ARPC5	c9
3.94380118787995e-10	0.345368759122925	0.059	0.047	8.1896975467515e-06	VAMP8	c9
4.00853271877007e-10	-0.267567963998949	0.249	0.272	8.32411904379792e-06	ND1	c9
4.08317662945421e-10	0.625393760042122	0.019	0.013	8.47912458872461e-06	MRPL10	c9
4.15231944679517e-10	-0.664513507327543	0.015	0.025	8.62270656321485e-06	CAMK4	c9
4.33638148565903e-10	0.821847382106093	0.011	0.007	9.00492979311954e-06	GALNT2	c9
5.48728225200688e-10	-0.410227352795026	0.045	0.059	1.13948903245175e-05	CCNH	c9
5.51839721258393e-10	-1.25225201579054	0.004	0.01	1.14595036516518e-05	GLA	c9
5.56250956592045e-10	0.25916754818133	0.099	0.083	1.15511073645904e-05	VAMP2	c9
6.11237792932006e-10	0.166500881030669	0.264	0.24	1.2692964008026e-05	HLA-H	c9
6.5468671814765e-10	0.307653462118194	0.074	0.06	1.35952243890541e-05	TBC1D10C	c9
6.98755281149048e-10	0.347848354917209	0.053	0.042	1.45103521683411e-05	LAG3	c9
8.16545631343329e-10	0.318231416268609	0.067	0.054	1.69563865804756e-05	SEPW1	c9
8.66707533773472e-10	0.390812566754546	0.045	0.035	1.79980486463399e-05	COX7B	c9
9.91609428427274e-10	0.601133200187885	0.02	0.013	2.05917613907208e-05	ARIH2	c9
1.01497060081546e-09	0.755326155857584	0.013	0.008	2.10768794965339e-05	SYTL2	c9
1.14811415893996e-09	-0.926267376605462	0.012	0.019	2.38417386245473e-05	MIR155HG	c9
1.2448212490367e-09	0.119530477023024	0.291	0.264	2.58499580574962e-05	ARHGDIB	c9
1.29431770570343e-09	-0.558455316154102	0.022	0.032	2.68778014766374e-05	CXCR3	c9
1.38984418798741e-09	0.409369421773793	0.041	0.031	2.88615044077465e-05	UFC1	c9
1.39797497766231e-09	0.706299810212665	0.014	0.009	2.90303483861354e-05	RPA2	c9
1.64001005508714e-09	-0.502309154990176	0.025	0.036	3.40564488039395e-05	TC2N	c9
1.71666356191008e-09	0.478590549863372	0.03	0.022	3.56482355266247e-05	PTMS	c9
1.84142133310686e-09	0.436957037449504	0.038	0.028	3.8238955403297e-05	PTPN22	c9
1.87707625305438e-09	-0.398902789959282	0.038	0.05	3.89793654709273e-05	SELL	c9
2.68551112833439e-09	-1.07132348523023	0.005	0.011	5.57673240909919e-05	TIFA	c9
2.6908304926957e-09	-1.1876847303096	0.004	0.01	5.58777860113189e-05	TESPA1	c9
2.79667506982633e-09	-0.763933620130826	0.013	0.021	5.80757545000135e-05	HLA-DRB1	c9
2.90877226987092e-09	-0.149780132239739	0.27	0.295	6.04035649561396e-05	UBA52	c9
2.94556307750561e-09	-0.565982406016627	0.02	0.029	6.11675628674815e-05	H2AFX	c9
3.34033078195772e-09	-0.903612334705018	0.007	0.014	6.9365309018134e-05	TOX	c9
3.39533313168431e-09	-0.34319885239565	0.053	0.067	7.05074878125564e-05	HNRNPA0	c9
3.4179739931425e-09	-0.617336549336583	0.018	0.027	7.09776479415971e-05	ODC1	c9
3.4442244830111e-09	-0.919438713263316	0.007	0.013	7.15227656142084e-05	LOC100131564	c9
4.16872411266901e-09	-0.613525987219835	0.016	0.025	8.65677249236847e-05	NEU1	c9
4.37418552355026e-09	0.317008605665572	0.061	0.049	9.08343365820446e-05	TRAPPC1	c9
5.50273223459317e-09	-0.558375240820562	0.021	0.03	0.000114269737583562	CMTM6	c9
5.65618830683699e-09	-0.666890666852109	0.02	0.029	0.000117456406379777	PSAP	c9
5.74159505523677e-09	-0.290059442924101	0.064	0.079	0.000119229962917047	RPS18P9	c9
5.85971768609039e-09	-0.842891349051642	0.01	0.017	0.000121682897469353	XIST	c9
6.71254748329113e-09	-0.938786257403383	0.006	0.012	0.000139392761038024	PELI1	c9
7.14283727494363e-09	-0.584051254361572	0.017	0.026	0.000148328158851479	ELOVL5	c9
7.23632919984633e-09	-0.74251705373051	0.011	0.018	0.000150269612164009	LOH12CR1	c9
7.2700700843999e-09	-0.436006784622021	0.029	0.04	0.000150970275372648	PEBP1	c9
7.28740192037573e-09	-0.528805535943528	0.02	0.03	0.000151330188278522	BCL3	c9
7.87274068639635e-09	-0.558373789724399	0.02	0.029	0.000163485333093707	C10orf54	c9
7.9079707473089e-09	0.232924017668554	0.111	0.094	0.000164216920538617	ATP5I	c9
8.42048144016937e-09	-0.26330315190636	0.084	0.1	0.000174859717586557	GSTK1	c9
8.62827160343669e-09	-0.361825402997434	0.044	0.056	0.000179174688116966	RPS17	c9
9.05277261762124e-09	-0.70740214549039	0.012	0.019	0.000187989876177523	USP15	c9
1.03452796691289e-08	-0.490492303426088	0.029	0.039	0.000214830077609132	PMAIP1	c9
1.08067039132808e-08	-0.677966574805968	0.013	0.02	0.000224412013463189	PPP1R10	c9
1.08625454592391e-08	-0.879521984476997	0.007	0.013	0.000225571619006559	VOPP1	c9
1.09256813233059e-08	-0.254792826563721	0.107	0.125	0.000226882698359771	CD37	c9
1.09784006110196e-08	-0.169751191367826	0.176	0.197	0.000227977467088432	PCBP2	c9
1.14623809141687e-08	-0.441631333815899	0.03	0.04	0.000238027802063626	EIF3L	c9
1.15762264804581e-08	-0.34110308462362	0.049	0.062	0.000240391919093193	LAT	c9
1.19713541233314e-08	-0.460759218095681	0.031	0.041	0.0002485971397251	HSPD1	c9
1.25854141110408e-08	-0.944681922279167	0.006	0.011	0.000261348709429873	TRAF1	c9
1.29921466658825e-08	-0.486590840099672	0.025	0.034	0.000269794917663715	SLA	c9
1.30648771092839e-08	-0.984262063702729	0.006	0.011	0.00027130523805139	GALM	c9
1.33944624489688e-08	-0.467838484405705	0.03	0.041	0.000278149407215286	SNHG15	c9
1.44368325162494e-08	-0.829933460262438	0.011	0.017	0.000299795264032435	CTSS	c9
1.54152864688284e-08	-0.369789954619926	0.047	0.059	0.00032011383881169	KMT2E-AS1	c9
1.54814062239655e-08	0.297161088300551	0.068	0.056	0.000321486881646868	ACTR3	c9
1.81123304746334e-08	0.51063534866476	0.023	0.017	0.000376120654636237	SDF2L1	c9
1.85069971639056e-08	-1.02193851281725	0.005	0.01	0.000384316303105664	NABP1	c9
2.03597748024925e-08	-0.681258179619011	0.012	0.019	0.000422791083548559	PPP1CB	c9
2.30003016395859e-08	0.355165521623334	0.047	0.037	0.000477624263847642	PAIP2	c9
2.47864712790401e-08	0.193262452803316	0.139	0.122	0.000514715862580548	PCED1B-AS1	c9
2.99783907852638e-08	-0.545594000226068	0.019	0.028	0.000622531263046788	AIM1	c9
3.1516253751741e-08	0.189661538072581	0.093	0.078	0.000654466525408653	UCP2	c9
3.41619687893762e-08	-0.422559934378679	0.032	0.042	0.000709407443880187	CREM	c9
3.52681578540237e-08	-1.12863757955235	0.005	0.01	0.000732378565996657	DUSP6	c9
3.5698007026003e-08	-0.496781023636697	0.023	0.032	0.000741304813901979	IGFLR1	c9
3.66039488557206e-08	0.679274000768081	0.013	0.008	0.000760117601937895	SRPK2	c9
3.77624755647388e-08	0.273817599775045	0.074	0.061	0.000784175567577366	NDUFA1	c9
4.02129053207432e-08	-0.657347295564882	0.012	0.019	0.000835061191890553	JMJD1C	c9
4.03706273168767e-08	-0.535014546338946	0.017	0.025	0.000838336446862262	SNHG7	c9
4.07646593411613e-08	-0.911302039414696	0.006	0.012	0.000846518915878555	WNK1	c9
4.51450191032977e-08	-0.49444600996388	0.021	0.03	0.00093748146669908	SIT1	c9
4.72570303347492e-08	-0.58945384292163	0.015	0.023	0.000981339491931402	STAT3	c9
4.89179585777513e-08	-0.987802421407977	0.005	0.011	0.00101583032782558	LOC646513	c9
4.91967749508994e-08	-0.409768677689498	0.03	0.04	0.00102162022863038	GeneID:102723863	c9
5.33114407584568e-08	0.396992349805521	0.036	0.028	0.00110706537879011	MYEOV2	c9
5.69814334644747e-08	0.141186914317815	0.223	0.202	0.00118327644732328	CORO1A	c9
5.76022514613752e-08	0.285122760541277	0.066	0.054	0.00119616835384692	ATP5G3	c9
5.95648884738119e-08	0.423915114397244	0.031	0.023	0.00123692447404718	BIN1	c9
6.21407839710647e-08	-0.543933728432076	0.017	0.025	0.00129041551994313	CXCR6	c9
6.74938400491621e-08	0.238318015517266	0.097	0.083	0.0014015770824609	LCP1	c9
7.41704767314258e-08	-0.573336813688218	0.016	0.023	0.00154022411980479	BTG3	c9
8.08094174179408e-08	0.469023735466599	0.027	0.02	0.00167808836210096	MIEN1	c9
8.18135183286063e-08	-0.640027238628549	0.013	0.02	0.00169893952161184	HIF1A	c9
8.40683263819574e-08	-0.627538242253708	0.013	0.021	0.00174576286564773	H1FX	c9
9.21939403432008e-08	-0.486379018500537	0.028	0.038	0.00191449936516691	ITM2C	c9
1.05322107449122e-07	0.365834533206723	0.042	0.033	0.00218711888328847	UBE2L6	c9
1.0704618474638e-07	-0.219974487952213	0.13	0.147	0.00222292107244332	TAGLN2	c9
1.13229984094758e-07	-0.945020432109878	0.005	0.01	0.00235133384971174	SKIL	c9
1.15221471244201e-07	0.321821973937326	0.05	0.04	0.00239268907185709	BST2	c9
1.67492322947355e-07	-0.852214827608802	0.006	0.012	0.00347814557832478	ADSL	c9
1.68335537694433e-07	-0.860672985098642	0.007	0.012	0.00349565577576261	NR4A3	c9
1.69644437996067e-07	-0.36014138736066	0.036	0.047	0.00352283639942633	LCP2	c9
1.72957463392376e-07	-0.633850489629307	0.012	0.019	0.00359163468480607	ZBTB20	c9
1.75402981505008e-07	-0.646205023363235	0.013	0.02	0.00364241831393299	PTTG1	c9
1.76144804548952e-07	-0.597214568963224	0.014	0.021	0.00365782301126354	AMICA1	c9
1.84004800265992e-07	0.55690379059166	0.017	0.011	0.00382104368232358	MYO1F	c9
2.20205370291499e-07	-0.775633200518071	0.019	0.027	0.00457278471947326	IER3	c9
2.37422329969215e-07	-0.711711862748738	0.009	0.015	0.00493031210414072	GPRIN3	c9
2.48547657114158e-07	-0.157995758730197	0.427	0.442	0.0051613406476326	H3F3B	c9
2.52411102159647e-07	-0.739975788171074	0.008	0.014	0.00524156894744723	NELL2	c9
2.56224987557867e-07	-0.191374432907966	0.139	0.156	0.00532076809162666	RPS11	c9
2.73465711526599e-07	-0.379347917732914	0.032	0.042	0.00567878896556135	OXNAD1	c9
2.73744195458422e-07	-0.606455545387889	0.013	0.019	0.0056845719628896	SVIP	c9
2.76791924803832e-07	-0.407193087117284	0.029	0.039	0.00574786111047638	CACYBP	c9
3.33529314086735e-07	-0.898416103059213	0.005	0.01	0.00692606973632515	NECAP2	c9
3.38576205383948e-07	0.354453396113594	0.037	0.029	0.00703087348100306	MAPRE2	c9
3.43683378517952e-07	-0.609500922108492	0.013	0.02	0.0071369290383038	MRPL18	c9
3.44104746450425e-07	0.464213037963945	0.024	0.018	0.00714567916478953	ITGAL	c9
3.4421357857886e-07	-0.894444469330312	0.005	0.01	0.0071479391727686	CCM2	c9
3.48768412181992e-07	-0.370183206151679	0.035	0.045	0.00724252484737125	DDX24	c9
3.58064393095392e-07	0.339867336880293	0.042	0.033	0.00743556518701891	SPCS2	c9
3.6391010264559e-07	-0.695770513378529	0.01	0.015	0.00755695719153832	LOC101929910	c9
3.77092901767368e-07	-0.273684174784209	0.066	0.078	0.00783071119810116	RPL21P28	c9
3.94821431758183e-07	-0.319820733949435	0.051	0.062	0.00819886185189043	RGS2	c9
3.96103076616203e-07	0.460899722413876	0.023	0.016	0.00822547648901208	LINC00869	c9
4.65874533612007e-07	-0.810826175544377	0.007	0.012	0.00967435056498695	SPTAN1	c9
4.69007636044919e-07	0.418713415929319	0.027	0.021	0.0097394125701088	SERPINB1	c9
5.0487696368768e-07	-0.352261219580532	0.036	0.046	0.0104842750279384	SEPT9	c9
5.08007128195609e-07	-0.70366858776013	0.009	0.015	0.01054927602411	CNIH1	c9
5.249722641366e-07	-0.770562487837132	0.008	0.013	0.0109015740370606	LPAR6	c9
5.51362505728653e-07	0.269319716931836	0.072	0.06	0.0114495937939612	RBM39	c9
5.91627005866299e-07	-0.263049406423221	0.061	0.073	0.0122857264038196	SEPT1	c9
6.39630338477084e-07	0.413725173303677	0.026	0.019	0.0132825636088151	GABARAPL1	c9
6.45308845010126e-07	0.554330118027259	0.016	0.011	0.0134004834754803	DIAPH1	c9
7.07944860120916e-07	-0.573510308371956	0.014	0.02	0.0147011829652709	TPR	c9
7.77335975745217e-07	0.324197747780086	0.043	0.034	0.0161421588723252	SRP9	c9
8.16448507779049e-07	-0.879986327223273	0.005	0.01	0.0169543697125397	SFXN1	c9
8.6335480720646e-07	-0.666212967879408	0.016	0.023	0.0179284259264494	IRF7	c9
8.80335678425945e-07	-0.47483279579159	0.02	0.027	0.0182810506981932	NME3	c9
9.08314720430717e-07	0.240382022838058	0.102	0.089	0.0188620634844643	SSR4	c9
9.42486370006405e-07	-0.615541780238155	0.011	0.017	0.019571671959553	SMAP2	c9
9.48029436374523e-07	-0.638787614216378	0.01	0.016	0.0196867792757533	KCNA3	c9
1.1433044234082e-06	0.449944712128174	0.023	0.017	0.0237418596564947	TMED9	c9
1.17443820313411e-06	0.274750658775091	0.057	0.047	0.0243883837262829	HNRNPF	c9
1.18697807126871e-06	-0.51193155420343	0.016	0.023	0.024648786627966	IL16	c9
1.24188279417492e-06	-0.750366074409336	0.007	0.012	0.0257889381038364	IPCEF1	c9
1.25308928486441e-06	0.46827458598544	0.021	0.015	0.0260216520894943	PPP3CC	c9
1.25927227428891e-06	-0.81875088069398	0.006	0.011	0.0261500480478835	THEM4	c9
1.30200711007609e-06	0.381927651063455	0.03	0.023	0.0270374796478401	PDIA6	c9
1.36601679413777e-06	0.41411989239678	0.027	0.02	0.0283667047470648	TCF25	c9
1.39607913174205e-06	-0.874468629412195	0.005	0.01	0.0289909792497555	HMGA1	c9
1.46104405064897e-06	0.43083757433465	0.024	0.018	0.0303400407557765	BTN3A2	c9
1.47986859423324e-06	-0.789544486026205	0.007	0.011	0.0307309512278476	UBE2S	c9
1.65023961979693e-06	0.432665272447988	0.024	0.017	0.0342688759447031	DCTN3	c9
1.73346947317291e-06	-0.408639377635003	0.025	0.033	0.0359972270799086	TOB1	c9
2.01530310772599e-06	-0.510426120445154	0.015	0.022	0.0418497843350378	EIF2S3	c9
2.01897961601419e-06	0.229290931282705	0.077	0.065	0.0419261307061507	UQCR10	c9
2.24113365853525e-06	-0.113561048436303	0.309	0.329	0.046539381553143	EEF1D	c9
2.30380756446616e-06	0.463631807735522	0.021	0.015	0.0478408678837042	HLA-J	c9
2.34200849856977e-06	0.402477569374201	0.027	0.021	0.0486341484812998	BANF1	c9
2.52928396249173e-06	0.22885958169135	0.079	0.068	0.0525231107651032	USMG5	c9
2.57666820690244e-06	-0.624706184369053	0.01	0.016	0.0535070919845361	MTHFD2	c9
2.67558956198185e-06	-0.621340330928165	0.01	0.015	0.0555612928441151	YWHAH	c9
2.73604542431041e-06	0.484409667557226	0.018	0.013	0.0568167192812299	PLA2G16	c9
2.74632419794074e-06	0.306282730384779	0.044	0.036	0.0570301682944375	TBCA	c9
2.86450745963364e-06	-0.779511958047838	0.006	0.01	0.0594843619067521	PNP	c9
3.04822892134326e-06	0.281154728433632	0.052	0.043	0.0632995217806142	PVRIG	c9
3.05019818113551e-06	-0.178498776423933	0.116	0.131	0.0633404154294599	HNRNPA2B1	c9
3.28827502405711e-06	0.267066904424754	0.057	0.047	0.0682843191495699	WDR83OS	c9
3.30088002046823e-06	-0.407402951839162	0.025	0.033	0.0685460745050432	LOC284454	c9
3.39413862409728e-06	0.240382022838058	0.065	0.055	0.0704826826680041	ARF1	c9
3.40662854081513e-06	0.200808621761171	0.095	0.083	0.0707420482785669	COX6C	c9
3.44882280234558e-06	0.296922819287989	0.044	0.036	0.0716182543135083	SYNE2	c9
3.54503720400647e-06	0.276957242913267	0.051	0.042	0.0736162425783983	EIF5A	c9
3.56074844641252e-06	0.108966147401312	0.256	0.237	0.0739425022382023	RPL36AL	c9
3.75702628345778e-06	0.359762091898347	0.031	0.024	0.0780184078022843	SASH3	c9
3.81251947136487e-06	0.258818837993199	0.044	0.036	0.0791707793423629	ARL6IP1	c9
4.07060351790477e-06	-0.816650995168563	0.005	0.01	0.0845301526528104	STT3B	c9
4.75790357925123e-06	-0.800370145829779	0.006	0.01	0.0988026257267309	COA1	c9
4.77698819357737e-06	-0.402902050918345	0.022	0.029	0.0991989368278276	SPNS1	c9
4.83651996991791e-06	-0.473361691736175	0.016	0.022	0.100435173695315	EVI2B	c9
5.40649131876458e-06	-0.593985234567453	0.011	0.016	0.112271198725465	PPA1	c9
5.41945245223048e-06	-0.733381645150345	0.007	0.011	0.112540349623018	IRF2BP2	c9
5.42076124589441e-06	0.313526304067073	0.04	0.032	0.112567528032243	CCDC107	c9
5.57688094880457e-06	-0.460312691138153	0.017	0.024	0.115809509782876	PAK2	c9
5.66945437899441e-06	-0.411203393621448	0.022	0.029	0.117731889634198	SDCBP	c9
5.67799776031991e-06	0.323253056224483	0.039	0.031	0.117909301490803	POMP	c9
5.76227304027183e-06	0.487642329247865	0.017	0.012	0.119659361954285	RAB24	c9
6.23907396887205e-06	-0.355447378410285	0.029	0.037	0.129560610037597	ISCU	c9
6.29221978493704e-06	-0.479930741016923	0.015	0.022	0.130664236054003	GNAS	c9
6.33426734126831e-06	0.10436233864347	0.269	0.25	0.131537395608778	TXNIP	c9
6.62208168062145e-06	-0.488923897193179	0.015	0.021	0.137514148179785	ATF4	c9
6.71265031280144e-06	0.270505013002471	0.052	0.043	0.139394896395635	NME2	c9
6.93527714975387e-06	-0.615123209230244	0.009	0.014	0.144017965291789	ATP6V0E2	c9
6.9982418110538e-06	0.363156937407979	0.03	0.023	0.145325489448343	NDUFS6	c9
7.00661061664621e-06	0.227090595252137	0.06	0.051	0.145499276065275	CD97	c9
7.22673729191478e-06	-0.293881248825351	0.039	0.048	0.150070426603902	SMDT1	c9
7.9511151186055e-06	-0.452577459092288	0.018	0.024	0.165112856552962	RPS10	c9
7.97390539881241e-06	-0.340691002372261	0.029	0.037	0.165586119511738	EIF5	c9
8.12323493823496e-06	-0.38545980450681	0.024	0.031	0.168687096727387	SNHG1	c9
8.47460865303496e-06	-0.725617159236655	0.007	0.011	0.175983723288924	ITGB2-AS1	c9
8.59137311527388e-06	0.462833799347401	0.019	0.014	0.178408454111777	SUPT4H1	c9
8.90110571891263e-06	-0.193157950508974	0.112	0.126	0.18484036135894	RPL17	c9
8.95648289001502e-06	-0.703921576755428	0.007	0.011	0.185990323694052	DLGAP1-AS1	c9
9.18014841794037e-06	0.324119336373102	0.035	0.028	0.19063496204695	BZW1	c9
9.23351771597795e-06	-0.470171399712312	0.016	0.022	0.191743228889998	BCAS2	c9
9.48395263842406e-06	0.520366282977721	0.014	0.01	0.196943760489514	TMIGD2	c9
1.01460588862688e-05	-0.659531175448389	0.007	0.012	0.210693058832258	THAP3	c9
1.07457060640769e-05	-0.240280121226989	0.059	0.069	0.22314533212662	STK17A	c9
1.12996969302142e-05	-0.453658802984058	0.017	0.023	0.234649506452829	PPP1CC	c9
1.13030067400868e-05	-0.629220995492579	0.008	0.013	0.234718237964644	LOC100996740	c9
1.20541137586995e-05	-0.607375202934002	0.009	0.014	0.250315726313154	ILF3-AS1	c9
1.31678058394109e-05	0.464457541827065	0.017	0.013	0.273442656061207	ADAM8	c9
1.32068632634066e-05	-0.360708656347	0.027	0.035	0.274253722527901	GPBP1	c9
1.32617951774287e-05	-0.490915125724411	0.014	0.02	0.275394438654484	GATA3	c9
1.32921844143248e-05	-0.567712463833844	0.01	0.015	0.276025501547869	GRK6	c9
1.34084759159069e-05	0.217070741023747	0.077	0.066	0.278440410869723	EIF3G	c9
1.39338351296476e-05	0.413202380892382	0.021	0.016	0.289350020302262	PELO	c9
1.40735786211003e-05	-0.489118121081582	0.014	0.02	0.292251933645768	CLPP	c9
1.44274928317937e-05	-0.546138701222075	0.011	0.016	0.299601316145027	MYLIP	c9
1.45462849503123e-05	0.326623692937532	0.033	0.026	0.302068153278186	PTPN6	c9
1.49155643220132e-05	-0.780536308446516	0.006	0.01	0.309736608710927	ZFAND5	c9
1.5043104733803e-05	-0.622593776910069	0.009	0.014	0.312385112902154	TUBB2A	c9
1.52854308852066e-05	0.192083411361189	0.092	0.081	0.317417257762201	RBM3	c9
1.54279708439203e-05	-0.345698730704679	0.029	0.036	0.320377242544848	MINOS1	c9
1.55214264031177e-05	-0.658998207437238	0.011	0.016	0.322317940687142	PLIN2	c9
1.58056975947856e-05	-0.543950329356549	0.012	0.017	0.328221116253319	HIST1H1D	c9
1.60735981021755e-05	-0.403892251849554	0.021	0.027	0.333784338189776	RNF149	c9
1.66897488424032e-05	0.53064126681111	0.013	0.009	0.346579324461345	HDDC2	c9
1.72006019674335e-05	-0.48663285769199	0.015	0.02	0.357187700455724	PRMT9	c9
1.7393612503468e-05	-0.381462279754055	0.021	0.027	0.361195757247016	DGCR6L	c9
1.75189474411008e-05	-0.526586272236503	0.011	0.016	0.363798462561899	PCED1B	c9
1.7641411275739e-05	0.308747933057691	0.034	0.027	0.366341546551997	BHLHE40	c9
1.7978769202733e-05	-0.654960121991698	0.007	0.012	0.373347121263954	MBOAT7	c9
1.83148039701954e-05	0.325762200544759	0.032	0.026	0.380325219245077	ATP5F1	c9
1.94608237727884e-05	-0.439903037663248	0.017	0.023	0.404123466465723	ZC3HAV1	c9
2.02104459164123e-05	-0.653598219694647	0.007	0.011	0.419690119900218	PER1	c9
2.06841225620988e-05	0.416186619920387	0.02	0.015	0.429526489124544	CASP4	c9
2.08681975560495e-05	-0.359283354469422	0.026	0.033	0.433348990448923	LOC100506248	c9
2.34827088849504e-05	-0.357303869823626	0.023	0.03	0.487641932704881	UBE2B	c9
2.52824242478818e-05	-0.637111960129777	0.007	0.012	0.525014821931514	MRPL14	c9
2.54458714673534e-05	0.267399852200115	0.045	0.038	0.52840896689106	WDR1	c9
2.56649336831133e-05	-0.908827780486497	0.011	0.015	0.532958012863531	MT1E	c9
2.64341974077349e-05	-0.219762338787335	0.059	0.069	0.548932543369023	RPL22L1	c9
2.73883775933801e-05	-0.676415349237184	0.007	0.011	0.568747049104132	TMEM248	c9
2.8855546654715e-05	-0.59536849723287	0.008	0.013	0.599214281831812	PDE3B	c9
2.90685906827837e-05	-0.492478437136998	0.013	0.018	0.603638354118686	R3HDM4	c9
2.91983170886438e-05	-0.31532834318789	0.033	0.041	0.606332252662778	STK4	c9
2.93181538866381e-05	-0.420258076380392	0.018	0.024	0.608820783609927	IFRD1	c9
2.9325045029499e-05	-0.575464263510622	0.009	0.014	0.608963885082577	GABPB1-AS1	c9
3.01144764976803e-05	-0.223401416206306	0.058	0.068	0.625357218950829	NDUFS5	c9
3.06246232562083e-05	0.211702686470796	0.067	0.058	0.635950926538421	CDC42	c9
3.12777307438591e-05	-0.656143232018101	0.007	0.011	0.649513356626979	DEDD2	c9
3.30190512273873e-05	0.258184785853894	0.047	0.039	0.685673617787926	ANXA6	c9
3.32328837727283e-05	-0.366664487871367	0.025	0.032	0.690114064424476	MZT2B	c9
3.63590837194336e-05	0.420913200954545	0.019	0.014	0.755032732517757	C8orf59	c9
3.83976472785476e-05	-0.681047944903669	0.007	0.011	0.79736554338632	LOC101929065	c9
3.93928171012931e-05	0.276772855076752	0.041	0.034	0.818031239925453	UQCRHL	c9
4.09744131319867e-05	-0.621361826633939	0.008	0.012	0.850874663098836	BCL2	c9
4.18802836103539e-05	-0.372390685326049	0.021	0.028	0.869685969452608	CHD2	c9
4.22906741604724e-05	-0.323856050208902	0.03	0.037	0.878208139616371	FAM177A1	c9
4.230927743627e-05	-0.700710010816433	0.006	0.01	0.878594455241584	CFAP20	c9
4.25136329538189e-05	0.23273609237183	0.052	0.044	0.882838101919002	RNF213	c9
4.54852462610441e-05	0.466496687100663	0.015	0.011	0.944546623856841	KCNAB2	c9
4.59085058156567e-05	-0.407824016851312	0.017	0.023	0.953336031767928	AKIRIN2	c9
5.91409159634523e-05	-0.685003357055532	0.006	0.01	1	HPCAL1	c9
6.22112752904623e-05	-0.638946843292296	0.007	0.011	1	PLEC	c9
0.000213901204470996	-0.616579030263842	0.006	0.01	1	SATB1	c9
9.13423174308188e-05	-0.612595516345344	0.007	0.011	1	CDKN1B	c9
0.00016459869855407	-0.599359132140847	0.009	0.013	1	MT1F	c9
0.000186578552186495	-0.595643479610694	0.007	0.01	1	MX1	c9
0.000296019062544363	-0.582280517999687	0.007	0.01	1	YIF1A	c9
0.000467506402933627	-0.581469728622421	0.006	0.01	1	RNF139	c9
0.85014024654454	-0.579201420449811	0.056	0.056	1	CCL4L2	c9
0.00033471431678014	-0.570307876333612	0.007	0.01	1	TMEM106B	c9
0.000279243858282641	-0.555069959249108	0.007	0.01	1	GPCPD1	c9
0.000786550938288562	-0.553537660809932	0.007	0.01	1	BNIP3L	c9
0.000133505018595624	-0.54895960062641	0.008	0.012	1	TARSL2	c9
0.000228218412100901	-0.543250553308199	0.008	0.012	1	GDI1	c9
8.37492211243332e-05	-0.537544811084083	0.01	0.014	1	TANK	c9
0.000256296522025096	-0.528404733447178	0.009	0.012	1	LY9	c9
0.000308111544634601	-0.526013314525838	0.008	0.012	1	CBWD5	c9
0.000300225707007874	-0.52346962587236	0.009	0.012	1	NDNL2	c9
0.000146272992662717	0.519254900612695	0.011	0.007	1	PPP2R5C	c9
0.000406459823657838	-0.51786329093811	0.007	0.011	1	RELB	c9
0.000361538700388989	-0.516664447967246	0.008	0.012	1	BAZ1A	c9
0.00102182448394663	-0.513208593705914	0.007	0.01	1	ASXL1	c9
0.000109320301204129	-0.512204014380146	0.01	0.014	1	PPM1G	c9
0.00073761736612392	-0.512109763707813	0.007	0.011	1	SLC4A7	c9
0.00038003797305834	-0.508370638855386	0.009	0.013	1	GLUD1	c9
0.000142157164288596	-0.504737928803391	0.009	0.014	1	ETFB	c9
0.00134842215571235	-0.503424545982128	0.007	0.01	1	JAK3	c9
0.0017977470883526	-0.499759205853357	0.007	0.01	1	MVP	c9
0.000467316320324085	0.499590182552312	0.01	0.007	1	MVD	c9
0.00140273939023496	-0.499306687727099	0.007	0.01	1	ATHL1	c9
0.000151372977864041	-0.499116828476659	0.01	0.015	1	CYLD	c9
0.000478258642128603	-0.498762317952435	0.008	0.012	1	ANXA7	c9
0.0276777754306013	-0.491106593562352	0.018	0.02	1	STMN1	c9
0.00118298620000473	-0.49085526161764	0.008	0.012	1	KLF10	c9
0.000837110354003719	-0.488799152466335	0.009	0.013	1	NINJ1	c9
0.000382368748278647	-0.486963006449879	0.009	0.013	1	TKT	c9
0.00109342168995244	-0.485971162023421	0.008	0.011	1	CYB5R3	c9
0.000251375882893101	0.484976710133878	0.011	0.008	1	B4GALT1	c9
0.000741789621130708	-0.484598448521132	0.009	0.012	1	ATP2B1	c9
0.00122322894660109	-0.483965316024355	0.008	0.011	1	POLR2A	c9
0.000198439046705249	0.483822866693997	0.012	0.008	1	ARL5A	c9
0.000274800780287377	0.479028547982836	0.011	0.008	1	HELZ	c9
0.00126364357724227	-0.476753126965329	0.008	0.011	1	ELAVL1	c9
0.0016465228825182	-0.476509613581194	0.007	0.011	1	DAP3	c9
0.00318759504686513	-0.476231262231519	0.007	0.01	1	LINC00936	c9
0.000686433122926752	-0.470276686706767	0.009	0.012	1	TMEM14C	c9
0.000307040132456851	-0.469784998531298	0.01	0.014	1	NOP58	c9
0.00225137451863076	-0.468428262314398	0.007	0.01	1	ZNF394	c9
0.000287023390528406	0.468068795379444	0.012	0.008	1	SPAG7	c9
0.00258776857033889	-0.467122908992458	0.007	0.01	1	TBL1XR1	c9
0.000793159220973493	-0.463122912548639	0.009	0.013	1	ARL4A	c9
0.000131254139248426	-0.462501608580934	0.012	0.017	1	PHF1	c9
0.000150732284505907	-0.458374597650475	0.011	0.015	1	PDCL3	c9
0.000186118423382413	-0.45681070043404	0.012	0.016	1	THEMIS	c9
0.000706671620110634	-0.456388284620041	0.01	0.014	1	MAT2A	c9
0.000840680912016542	-0.454243898004171	0.009	0.013	1	H2AFY	c9
0.00029608671545489	0.454075523299943	0.013	0.009	1	PQLC3	c9
0.00242367430068542	-0.453170576447929	0.008	0.011	1	ODF2L	c9
0.000218259743699896	-0.452942075701491	0.024	0.03	1	ZFAND2A	c9
7.54822584284821e-05	0.451203415762564	0.015	0.011	1	UHMK1	c9
7.61705679946288e-05	-0.451049502911515	0.013	0.018	1	ANKRD10	c9
0.00502611684500169	-0.446576026332208	0.007	0.01	1	AFF4	c9
0.00132498858657477	0.446243678948529	0.01	0.007	1	PRKCB	c9
0.00187535566584772	0.442002690999368	0.01	0.007	1	RASA3	c9
0.00347867647225913	-0.439879793769227	0.008	0.011	1	RAB10	c9
0.00263855841169811	-0.437965637660078	0.008	0.01	1	SLIRP	c9
0.000587090624566686	-0.436641633935187	0.012	0.016	1	TUBA1C	c9
0.000303392897133812	-0.434087030458656	0.012	0.016	1	RPA3	c9
0.00152482763907952	-0.431665237436792	0.008	0.012	1	TGFBR2	c9
0.00476669550149941	-0.431097984238398	0.008	0.01	1	PERP	c9
0.000155965069321842	0.431028571229202	0.01	0.007	1	FXYD2	c9
0.00274896016067618	0.429987788190609	0.01	0.008	1	LOC102724614	c9
0.0002875529943973	-0.423817375614107	0.013	0.018	1	DCK	c9
0.00418795429831236	-0.421507214926906	0.008	0.011	1	RASSF7	c9
0.000376874065964347	-0.420899892231812	0.013	0.017	1	DDX21	c9
0.000887486779303826	0.419197199061689	0.012	0.009	1	RAB8A	c9
0.00399167747912049	-0.418040238092572	0.008	0.011	1	ZNF292	c9
0.00142290462627518	0.417661463217996	0.011	0.009	1	CCDC12	c9
0.00183475787244618	0.417661463217996	0.011	0.009	1	HPS1	c9
0.000133131894620031	-0.415941161567916	0.015	0.02	1	PTPN7	c9
0.00556085679711163	-0.415501129187379	0.008	0.01	1	PTPN1	c9
0.00470843983563444	-0.415193773886596	0.008	0.011	1	RSBN1	c9
0.00391692631899525	-0.413844297952	0.164	0.151	1	MT2A	c9
0.00404620704950998	0.412303785384733	0.01	0.007	1	SNRNP27	c9
0.00223486778780613	-0.412290715648213	0.01	0.013	1	PTBP1	c9
0.000568442613244775	0.411990121932929	0.015	0.011	1	VPS37B	c9
0.00849929692172642	-0.409553989245607	0.007	0.01	1	DARS	c9
0.00132892220803555	-0.409197987999905	0.011	0.014	1	TNIP1	c9
0.00706321326821476	-0.408420952950121	0.016	0.02	1	PPP1R2P9	c9
0.00212242226819004	0.407387356333165	0.011	0.008	1	UBE2G1	c9
0.00291520692181376	0.405472977207916	0.011	0.008	1	P2RY8	c9
0.00380547849281	0.405262800004159	0.01	0.007	1	FASLG	c9
0.00103708537836305	0.404583530464571	0.013	0.01	1	MRFAP1L1	c9
0.00652845800590441	-0.40336957682967	0.008	0.011	1	NASP	c9
0.000844291712673856	-0.402897369966706	0.012	0.016	1	DNAJA2	c9
0.000731880217178644	0.401908967152851	0.014	0.01	1	PSMA4	c9
0.00204376224541865	-0.401791069284108	0.011	0.014	1	RPAIN	c9
0.00834610751012479	-0.401534567364882	0.007	0.01	1	ARFRP1	c9
0.00591864914376604	-0.400974768467258	0.008	0.011	1	TM9SF2	c9
0.00597633767880424	-0.397630112908965	0.008	0.011	1	DOCK10	c9
0.00293063878517843	-0.395278201184651	0.01	0.013	1	C6orf62	c9
0.0018416455925607	0.394068213935666	0.012	0.009	1	CCDC69	c9
0.00672796984344931	0.39130707425861	0.01	0.007	1	SNX5	c9
0.000354226916575683	-0.390463063482596	0.015	0.02	1	HNRNPUL1	c9
0.00635420541434775	-0.389824683192723	0.01	0.013	1	HIST1H1C	c9
5.5871660200102e-05	0.388822044369707	0.02	0.016	1	ACTN4	c9
0.00101019390068295	-0.388126634223537	0.013	0.017	1	BCL11B	c9
0.000242539237460848	0.387148799995876	0.017	0.013	1	MOB1A	c9
0.00302102152951165	-0.386848422171169	0.01	0.014	1	MYCBP2	c9
0.000984248995645775	-0.385966102122425	0.013	0.017	1	GTF2B	c9
0.00624686895950196	-0.385319371173171	0.009	0.012	1	CAMTA1	c9
0.00230115613389835	0.384418043901948	0.012	0.01	1	ISCA1	c9
0.00419880681579672	0.383013025426671	0.011	0.008	1	F2R	c9
0.0124039924184311	-0.382511438043224	0.008	0.01	1	CHORDC1	c9
0.0027779590133916	0.381874791024859	0.012	0.009	1	ARHGAP25	c9
0.0101139341232214	-0.381263820027589	0.008	0.01	1	PRPF8	c9
0.000439592461186128	-0.381175743407239	0.015	0.02	1	MAX	c9
0.00895358830173338	-0.379972749707693	0.009	0.011	1	HLA-DRB5	c9
0.011288398381186	-0.379423256255654	0.008	0.01	1	HLA-L	c9
0.00107731621162605	-0.379332517865052	0.013	0.017	1	ERN1	c9
0.00498482663659675	0.378126670066646	0.011	0.008	1	DGKZ	c9
0.00572290991923474	-0.377454602266908	0.008	0.011	1	PSIP1	c9
0.000220898084222909	0.372995990317065	0.018	0.014	1	RASGRP2	c9
0.00668993599788848	0.372081400496294	0.01	0.008	1	CYTH4	c9
0.00221556375975722	0.37106461674274	0.013	0.01	1	PTRHD1	c9
0.000214042442822326	-0.371037860595041	0.018	0.024	1	RPL13AP5	c9
0.00294417918043493	0.370625814764464	0.013	0.01	1	PNKD	c9
0.000111454538103551	-0.369402379742796	0.027	0.033	1	MIR4435-1HG	c9
0.00399348651935688	0.368689367568747	0.012	0.009	1	EAPP	c9
0.00517861854039413	-0.367705214113655	0.01	0.013	1	RBMS1	c9
0.00227518262383543	-0.367383189766072	0.012	0.016	1	DOCK8	c9
0.0025293516019341	-0.367220232977707	0.012	0.016	1	TBCC	c9
0.00118705124777781	-0.366744122184907	0.014	0.018	1	RABGAP1L	c9
0.00081579388211133	-0.366218454465159	0.015	0.019	1	TRAPPC5	c9
0.00676730871175214	-0.365997063374278	0.008	0.01	1	PARP10	c9
0.00546570004788789	-0.36565881780747	0.009	0.012	1	ABCD4	c9
0.00928385461203286	0.362116251159327	0.011	0.008	1	HINT2	c9
0.00645522153182543	0.36164673624329	0.011	0.009	1	TMBIM1	c9
6.67850713785779e-05	-0.359793655813902	0.021	0.027	1	SBDS	c9
0.000516803756649497	-0.358838924099561	0.017	0.022	1	ALKBH7	c9
0.00068242407993087	0.358619377931377	0.017	0.013	1	CDC25B	c9
0.013533554781413	-0.358515341045409	0.008	0.011	1	TMPO	c9
0.00211150188946397	-0.358456854436075	0.014	0.018	1	LDLRAD4	c9
0.0135185417819178	-0.358053869370013	0.008	0.011	1	ABTB1	c9
0.00712164485164357	0.357141644937309	0.012	0.01	1	RAB9A	c9
0.00225440503556273	-0.356657379186005	0.013	0.017	1	TRA2A	c9
0.0168866540130603	-0.356424371166261	0.008	0.01	1	GRSF1	c9
0.0146104287043805	0.355224077905507	0.01	0.007	1	RNF115	c9
0.00778740301469541	-0.353920081827324	0.009	0.012	1	LOC643733	c9
0.000538835199137998	0.352375265635707	0.018	0.014	1	U2SURP	c9
0.00147031837693826	0.350452587524154	0.015	0.012	1	FOSL2	c9
0.00476908615938075	0.348832363272607	0.013	0.01	1	FUNDC2	c9
0.00291296452098005	-0.348734320252824	0.012	0.016	1	STRA13	c9
0.00026332852614713	-0.346440636307677	0.02	0.026	1	ZNF706	c9
0.000332511452367472	-0.346274740432859	0.021	0.027	1	ZNRD1	c9
0.00292965325460993	0.345813045328446	0.016	0.013	1	C1orf162	c9
0.00140916298086289	-0.342897380230539	0.015	0.019	1	GCC2	c9
0.00120748930573325	-0.340871122817556	0.016	0.02	1	RSL1D1	c9
0.000740573942785375	-0.339747880995557	0.018	0.023	1	TNFRSF14	c9
0.0135127982740037	-0.339458296263768	0.009	0.012	1	EMC6	c9
0.0056810873850352	-0.338827715921493	0.012	0.015	1	BTF3L4	c9
0.00922571902522691	-0.338273353705091	0.01	0.013	1	PNN	c9
0.00587127522177971	0.338214979202149	0.013	0.01	1	S1PR4	c9
0.000445848885899639	-0.337474492384918	0.019	0.024	1	VCP	c9
0.00405879914337963	-0.337191261885323	0.013	0.016	1	EPS15	c9
5.90274562237085e-05	0.336967806705149	0.027	0.021	1	SEP15	c9
0.000143854421837859	0.336046102180794	0.024	0.019	1	TSEN54	c9
0.00717942532366542	-0.33580795544422	0.011	0.014	1	YWHAE	c9
0.0125639883595443	-0.33575531098652	0.009	0.011	1	SLC25A39	c9
0.00159098960362732	-0.332813599501509	0.017	0.021	1	HNRNPH1	c9
0.0198874232018507	0.332612010814276	0.01	0.008	1	VPS26A	c9
0.0270160065052347	-0.332405006412897	0.008	0.01	1	TXNDC12	c9
0.00636225934781411	-0.332250136031031	0.011	0.014	1	RNF145	c9
0.0140228037955016	0.331332458587704	0.012	0.009	1	C9orf89	c9
0.00578904331604386	-0.331000239952453	0.011	0.015	1	NRBP1	c9
0.00277455057831194	0.330850408672582	0.016	0.013	1	CNPY2	c9
0.0239265264761451	-0.329949391675716	0.008	0.01	1	EPB41	c9
0.000455243745638568	0.329887373477741	0.023	0.018	1	RAB27A	c9
0.000719626218903986	0.327939802222685	0.02	0.016	1	ACP1	c9
0.019420181108616	0.327500596996677	0.01	0.008	1	CCDC88C	c9
0.000764000922445171	0.326058434808635	0.02	0.016	1	SEC11C	c9
0.0023605218519305	0.325115569817018	0.017	0.014	1	ZC3H15	c9
5.85616497732829e-05	0.324845841802008	0.031	0.025	1	P4HB	c9
0.01284340433774	-0.323032074405255	0.01	0.012	1	C17orf89	c9
0.000242757280872668	-0.322577395850943	0.024	0.03	1	MRPL57	c9
0.0220907181967567	-0.322406854442755	0.009	0.011	1	TTC3	c9
0.0240529121666468	-0.322406854442755	0.009	0.011	1	FAM129A	c9
0.0175994108212493	0.322303044295383	0.01	0.008	1	ARL2BP	c9
0.0230614271791009	-0.322198387562704	0.01	0.012	1	ALG13	c9
0.0379252677475491	-0.322085818776414	0.04	0.044	1	TUBB	c9
0.0213827204332643	-0.322063876813374	0.008	0.01	1	SMIM3	c9
0.00981767798105487	-0.321930759053735	0.011	0.014	1	C19orf24	c9
0.0194880886047935	0.32145672143896	0.011	0.009	1	CALCOCO2	c9
0.020915333806688	-0.321364218680897	0.008	0.01	1	LMF2	c9
0.000112944283344179	-0.321117667361681	0.033	0.04	1	SNHG9	c9
0.00998227811082361	-0.320940432571782	0.011	0.013	1	TMX1	c9
0.00580372792770931	0.31956102778924	0.015	0.012	1	ATP6AP2	c9
0.000187335395768343	-0.319293176264708	0.025	0.032	1	DPP7	c9
0.0147891884915635	0.318839582890625	0.011	0.009	1	APOL6	c9
0.0288241359529027	0.318732421808071	0.01	0.008	1	RSU1	c9
0.00251364395607837	-0.31802271159151	0.016	0.02	1	RNH1	c9
0.00133522899900542	-0.317771786285913	0.031	0.037	1	BRE-AS1	c9
0.0240209768151149	-0.315763908509287	0.019	0.022	1	TIMP1	c9
0.000179239226388997	-0.315520941299234	0.021	0.026	1	RPL19P12	c9
0.00543314453352344	0.314873556122813	0.016	0.013	1	HSD17B11	c9
0.0121295290604133	-0.314724639380291	0.011	0.014	1	SP140	c9
0.000719988691944237	-0.314004829107852	0.019	0.024	1	NDUFAF3	c9
0.00674635714614008	-0.313809801350024	0.014	0.017	1	NKTR	c9
0.00029710130091148	0.313570120891965	0.025	0.021	1	GHITM	c9
0.0606393102426743	-0.312769275403576	0.008	0.01	1	CRTAM	c9
0.0175740337087354	0.312768111833819	0.012	0.009	1	TIMM13	c9
0.00375504633486761	0.311517001242762	0.017	0.014	1	EIF3A	c9
0.0153201597719289	0.311294705351159	0.012	0.01	1	TADA3	c9
0.00125152682035618	-0.311285268641234	0.02	0.025	1	RASAL3	c9
0.0134784285396349	0.31047089659736	0.012	0.01	1	BTN3A1	c9
0.0157569029562022	-0.308984744740409	0.011	0.014	1	NMRK1	c9
0.0248655292359512	-0.308702460346943	0.009	0.012	1	ANP32E	c9
0.000137162936634107	-0.308461165994024	0.029	0.035	1	SNHG5	c9
0.0118333967402833	-0.308358961526061	0.01	0.013	1	CDK5RAP3	c9
0.00694634408780551	-0.30826148147272	0.014	0.017	1	UBAC2	c9
0.0109210697168719	0.30807030553077	0.013	0.011	1	VASP	c9
0.0111554534969507	0.307768367541446	0.012	0.01	1	LOC102724850	c9
0.00532185453506743	-0.306580484439134	0.015	0.018	1	MAPK1IP1L	c9
0.0504085328340396	-0.306567216752818	0.01	0.012	1	INSIG1	c9
0.00114527032473707	-0.30647512003776	0.02	0.025	1	DANCR	c9
0.023792572782835	-0.306155159443696	0.01	0.012	1	SBDSP1	c9
0.0412788445601872	-0.30511271777107	0.008	0.01	1	LAGE3	c9
0.000899552144124652	0.304789217743938	0.023	0.019	1	RAB7A	c9
0.0088936172654211	-0.30340283409669	0.013	0.016	1	GRB2	c9
0.00951716020262693	0.302365630758431	0.014	0.012	1	SCAMP2	c9
0.00191112310537593	-0.302145471923404	0.019	0.023	1	TAF7	c9
0.00232439290096874	-0.299408598635325	0.019	0.024	1	SNRNP70	c9
0.0254882177687193	0.299165527721135	0.011	0.009	1	FLI1	c9
0.0105489276376721	-0.29908114793805	0.013	0.016	1	SSR3	c9
9.91884799021475e-05	0.298587905081438	0.032	0.026	1	FKBP11	c9
0.00554587929627798	0.297392194523994	0.017	0.014	1	GOLGA7	c9
0.00197483185146163	-0.297276183191295	0.023	0.027	1	REL	c9
0.0312319251329511	-0.296698764025338	0.009	0.011	1	SMNDC1	c9
0.00338398481094526	-0.296108177839793	0.018	0.022	1	AMD1	c9
0.0129709506140968	0.296078423244572	0.014	0.011	1	FLOT1	c9
0.00935302665213283	0.296042741549441	0.015	0.012	1	PSMD9	c9
0.00997107402502671	-0.295678900610081	0.012	0.015	1	CLTB	c9
0.00579009430924731	0.295230830903496	0.017	0.014	1	TAP2	c9
0.00184877598906491	0.294777293127877	0.022	0.018	1	OSTC	c9
0.0381207687294159	0.293464272997261	0.01	0.008	1	TNFRSF1A	c9
0.0299160445671834	0.293237772480133	0.011	0.009	1	CDK17	c9
0.00150298247258731	-0.292479473244316	0.022	0.027	1	TMEM219	c9
0.0216519509852983	-0.291689884322103	0.011	0.013	1	G3BP1	c9
0.0460844929486661	0.291403647700125	0.01	0.008	1	ZBTB8OS	c9
0.00108658679175259	0.290800787034299	0.024	0.02	1	STRAP	c9
0.00145503755776507	0.290240618403433	0.023	0.019	1	RWDD1	c9
0.00098127774030358	-0.290101492239824	0.024	0.029	1	G3BP2	c9
0.0431973844283968	-0.289747673711775	0.008	0.01	1	KMT2A	c9
0.0421530809351929	-0.289547955637605	0.008	0.01	1	WBSCR22	c9
0.00164547382848858	0.2888366026982	0.023	0.019	1	POLR2G	c9
0.0295113807245607	-0.288720245311459	0.01	0.013	1	RGS14	c9
0.0191907687470002	-0.287268511376837	0.012	0.014	1	VPS13C	c9
0.0012651235656879	-0.287020882038033	0.023	0.028	1	SMCHD1	c9
0.000135752412664198	0.286883624332463	0.035	0.029	1	ARRB2	c9
0.000129897325188309	-0.286621221452105	0.035	0.042	1	TRA2B	c9
0.033942546241973	-0.285598710732351	0.009	0.012	1	SUMO1P3	c9
0.0145555171725484	0.28502913233449	0.014	0.011	1	TAOK3	c9
0.0510301456536613	-0.284629725051358	0.008	0.01	1	RNF138	c9
0.0119472622319831	-0.284592907048297	0.014	0.017	1	C1QBP	c9
0.0137895697078225	0.283885296185244	0.015	0.012	1	PHB	c9
0.00834135250192552	-0.282798752384042	0.015	0.019	1	NXT1	c9
0.000478143384623556	0.282634151331105	0.028	0.023	1	ACTR2	c9
0.000907224157410126	0.282167880522374	0.027	0.022	1	SF3B6	c9
0.000709314989659394	0.281544313905078	0.027	0.022	1	ZNHIT1	c9
0.0226779269212357	-0.281297692072273	0.01	0.013	1	LENG8	c9
0.0354897732739782	-0.281092095757067	0.01	0.013	1	MFNG	c9
0.00324491069749587	-0.280514705097091	0.019	0.023	1	RBCK1	c9
0.000604896917463598	0.27993330608106	0.032	0.027	1	TMED10	c9
0.0112708067381238	0.27993330608106	0.016	0.013	1	ZBTB38	c9
0.0171996887458527	-0.279017633965823	0.013	0.016	1	MRFAP1	c9
0.0532795098002548	-0.278847257152447	0.009	0.011	1	SMS	c9
0.0207416791701651	-0.278706322044767	0.012	0.015	1	DHPS	c9
0.000374693442214267	-0.278301331812788	0.028	0.034	1	CSDE1	c9
0.0275775581580812	-0.278267321627826	0.012	0.014	1	RNF113A	c9
0.0422851254712803	-0.278215538815564	0.009	0.011	1	RALGAPA1	c9
0.0182507761153093	-0.27773637718455	0.013	0.016	1	RBMX	c9
0.000343078841068315	0.277550670963439	0.033	0.027	1	EID1	c9
0.00195655025947123	0.277470456621816	0.025	0.021	1	TMEM230	c9
0.0628239623380367	-0.276952068406687	0.008	0.01	1	BIRC6	c9
0.0433645399416351	0.276615668033793	0.011	0.009	1	IQGAP2	c9
0.0570624810838687	-0.274958551573964	0.008	0.01	1	HNRNPAB	c9
0.000532274457204424	-0.274725877588961	0.028	0.034	1	RHOG	c9
0.00942064476193619	-0.274725877588961	0.015	0.018	1	VDAC1	c9
0.00151409392634918	-0.274023131736954	0.023	0.028	1	DEF6	c9
0.038017032602363	0.274008012993371	0.011	0.009	1	LOC102288414	c9
0.054883593613992	0.273403087023624	0.01	0.008	1	CCT2	c9
0.003787544932643	0.273316054475056	0.021	0.017	1	AP2M1	c9
0.035512744838644	-0.272738865081156	0.01	0.013	1	FAM162A	c9
0.0227639011180376	-0.272303400230012	0.012	0.014	1	SDHAF2	c9
0.0479300707678314	-0.271448804831286	0.009	0.011	1	FGD3	c9
0.0401188776870784	-0.27133204386691	0.011	0.013	1	RANBP2	c9
0.000411116413602829	0.270672040067615	0.032	0.026	1	SYF2	c9
0.00621951132797498	-0.270205365806987	0.019	0.023	1	SUPT3H	c9
0.000891187975428709	0.269558326240948	0.036	0.031	1	TECR	c9
0.0382193805877104	-0.269096079820422	0.011	0.013	1	RGL4	c9
0.000125203237343868	-0.268896798786763	0.041	0.049	1	RPS20	c9
0.0637931979943884	0.268888908566327	0.01	0.008	1	NUB1	c9
0.036820560462409	-0.268706482179286	0.011	0.013	1	ARAP2	c9
0.0269767484274197	-0.268518981568186	0.011	0.014	1	EVI2A	c9
0.012742161715654	-0.267716036172041	0.016	0.019	1	ARHGAP4	c9
0.0094839046246934	0.267298990041514	0.02	0.017	1	ICAM2	c9
0.0259073187650971	-0.267162164646216	0.012	0.015	1	RNF114	c9
0.00111823706168151	-0.266867008824135	0.024	0.029	1	CHURC1	c9
0.0273476315517169	-0.266493076919384	0.011	0.014	1	FLJ10038	c9
0.00198756614063154	0.26615073901493	0.025	0.021	1	PSMA2	c9
4.82619715298089e-05	-0.265835917070928	0.049	0.058	1	PRDM1	c9
0.0022202235981693	0.265586538859761	0.025	0.021	1	LMAN2	c9
0.020708737599123	-0.265562628037943	0.013	0.015	1	COPS6	c9
0.000594065324605659	-0.265413263865778	0.03	0.036	1	SLC38A2	c9
0.000663389881149422	-0.265256061206277	0.03	0.036	1	TOMM20	c9
0.00446770834948411	-0.264143268816127	0.021	0.026	1	CD5	c9
0.000922172429567169	-0.26410799897929	0.03	0.036	1	WSB1	c9
0.00668503520922801	0.261930426315901	0.02	0.016	1	PRNP	c9
0.00492737523992038	0.26169392723955	0.022	0.018	1	RAB5C	c9
0.00611356856272123	0.261246533694237	0.022	0.019	1	SET	c9
0.00234569330364566	-0.260911016791372	0.027	0.032	1	CAPG	c9
0.0171744796721595	-0.260619696100565	0.015	0.018	1	TMC8	c9
0.00695812151178844	-0.260581530574759	0.019	0.023	1	MDH2	c9
0.0757140207575417	-0.260435220038566	0.008	0.01	1	ANKRD11	c9
0.00532822917073695	-0.260126589159031	0.018	0.022	1	RAC1	c9
5.15632751038976e-05	-0.260043484947897	0.054	0.063	1	ATF3	c9
0.0096020206312339	-0.259641876581187	0.018	0.021	1	ANKRD44	c9
0.0798080352003646	0.259623491874922	0.01	0.009	1	AKR1B1	c9
0.0402487083321421	-0.25954163373506	0.011	0.013	1	SP110	c9
0.0640435902847107	-0.259491973819356	0.009	0.011	1	TOP1	c9
0.0614952759588944	-0.258979667494494	0.009	0.011	1	PHF3	c9
0.000856467250044547	0.258092947096406	0.03	0.025	1	MGST3	c9
0.00740823532235397	-0.257773420315052	0.036	0.041	1	TXN	c9
0.00906496357808805	0.257561456813785	0.02	0.016	1	C19orf10	c9
0.101879930285642	0.256564690185732	0.01	0.008	1	MAD2L2	c9
0.000302893065612886	-0.256518766322546	0.037	0.044	1	DDIT3	c9
0.0107794244869593	0.256016032624113	0.02	0.017	1	RGS19	c9
0.0482975342734925	-0.25538757548662	0.011	0.013	1	B3GNT2	c9
0.0118813247910765	-0.25493351621396	0.017	0.02	1	TAF1D	c9
0.000135279406744239	-0.254932470055387	0.04	0.048	1	EIF4B	c9
0.0340430773247211	0.254413512918262	0.015	0.012	1	HSPB11	c9
0.0828450553400714	-0.253946457320791	0.008	0.01	1	NDUFS2	c9
0.0469919503213407	0.253445348341553	0.012	0.01	1	MED15	c9
0.00564003168247871	0.253288216858977	0.023	0.019	1	MED10	c9
0.0476234131895017	-0.252492718431752	0.011	0.013	1	PITHD1	c9
0.0643690268304114	-0.252372947974593	0.01	0.011	1	FAM96A	c9
0.0248136608330877	0.252294252807503	0.015	0.013	1	CCNDBP1	c9
0.0052193264117667	0.251846141283202	0.025	0.021	1	UQCRFS1	c9
5.50529325767795e-05	0.251698333501307	0.048	0.04	1	UQCRQ	c9
0.00439734494013483	0.250788538744279	0.024	0.02	1	VPS29	c9
0.00179422522777362	0.250501957639257	0.029	0.024	1	COX7A2L	c9
0.0443870369873013	0.249814620095552	0.014	0.012	1	SNRPC	c9
0.000146320381880039	-0.249384880916516	0.058	0.066	1	SERTAD1	c9
0.000281818935536003	0.249172768141055	0.039	0.033	1	ERH	c9
0.0680958316183548	-0.24872821642944	0.01	0.011	1	YDJC	c9
0.00518443069960044	-0.248260506092464	0.038	0.043	1	HLA-DRB4	c9
0.0458111137036236	0.248161637432591	0.014	0.012	1	CASP8	c9
0.0283034718535951	-0.248130950827496	0.012	0.015	1	CMTM3	c9
0.0215199637601244	-0.248011815591508	0.015	0.018	1	SF3A2	c9
0.0920038923907759	-0.247604930446965	0.008	0.01	1	SURF2	c9
0.0852685831999443	-0.247561695208911	0.008	0.01	1	AIMP1	c9
0.0330916685780004	-0.246972960232004	0.014	0.017	1	IRF3	c9
0.0420870476787951	-0.246411803039575	0.011	0.013	1	FAM50A	c9
0.000912766106910575	0.24618318715222	0.035	0.03	1	NAA38	c9
0.0687334260422185	-0.245361284325972	0.008	0.01	1	NUDT16L1	c9
0.050271220297719	-0.245022841049545	0.01	0.012	1	CHD1	c9
0.0623788006549385	-0.244970959541281	0.011	0.013	1	MMP24-AS1	c9
0.0050717014721958	0.244906004324682	0.025	0.022	1	SF3B2	c9
0.0436807510402626	-0.24480224103884	0.012	0.014	1	WBP2	c9
0.00617321926481678	-0.242672246670857	0.025	0.029	1	C4orf48	c9
0.00320670081789484	0.242483353582657	0.029	0.024	1	SUMO1	c9
0.00262936147179991	-0.242293439292133	0.031	0.036	1	CKS2	c9
0.0253419778566287	-0.242162957095999	0.014	0.017	1	CGGBP1	c9
0.00476454739407353	0.242065120490617	0.026	0.022	1	TMCO1	c9
0.0102267757396202	0.242065120490617	0.021	0.018	1	IMP3	c9
8.05111797810797e-05	0.241569434163498	0.049	0.041	1	CD164	c9
0.0539716649045795	-0.241086760020234	0.011	0.013	1	CLNS1A	c9
0.00618109323262175	0.24024007908229	0.026	0.022	1	RAB1B	c9
0.113091213729724	0.239579857101023	0.01	0.008	1	MRPS12	c9
0.0580585540092769	0.239182611957496	0.013	0.011	1	YTHDC1	c9
0.00101490979347582	0.239175394855697	0.033	0.028	1	ATP6V1F	c9
0.0940177442581627	0.238521864413479	0.01	0.009	1	RAB6A	c9
0.0463816234801252	0.238485230214816	0.013	0.011	1	RNF126	c9
0.0473880877525535	0.237646449223612	0.014	0.012	1	IER3IP1	c9
0.0341694684750008	0.237342710248214	0.015	0.013	1	LINC00674	c9
0.0329337593284188	-0.236869715585876	0.015	0.017	1	EIF4E	c9
0.000601621893316441	0.236679279521586	0.042	0.036	1	PSMB1	c9
0.0494510970341295	0.236066379869174	0.014	0.012	1	FBXO7	c9
0.0483195035988098	0.235920380269708	0.014	0.012	1	GTF2A2	c9
0.00145371347772196	0.235629799155404	0.035	0.03	1	JTB	c9
0.134714831117244	-0.235382178367808	0.02	0.022	1	IFI6	c9
0.0664523957895313	0.235211449449555	0.012	0.01	1	MECP2	c9
0.0071200122464569	0.235023275925987	0.027	0.023	1	SYTL1	c9
0.00397580936100229	0.234909274809698	0.03	0.026	1	CAST	c9
0.00172264252382726	-0.234903228564347	0.033	0.038	1	COX17	c9
0.00872580266212367	-0.23490228513404	0.024	0.028	1	DEK	c9
0.0672909434592421	-0.234748576374916	0.009	0.011	1	ADRBK1	c9
0.0236100486117369	0.234557583821676	0.019	0.016	1	MAGOH	c9
0.0243805409139542	0.234524885342693	0.019	0.016	1	OCIAD1	c9
8.47514201021494e-05	-0.23420771990532	0.055	0.064	1	CNN2	c9
0.000309571562526304	-0.234066814623663	0.045	0.053	1	ATP5D	c9
0.0262948977370745	-0.233587661173645	0.017	0.02	1	KHDRBS1	c9
0.0144574479844455	-0.232693924287932	0.019	0.022	1	HMHA1	c9
0.0876458249600569	-0.232094595490125	0.008	0.01	1	U2AF1L4	c9
0.00298201178031653	-0.232091723160527	0.03	0.035	1	FKBP8	c9
0.00748600507939969	0.231829898296162	0.026	0.022	1	PSMA6	c9
0.000904942922985439	0.231750902897683	0.037	0.032	1	ARHGAP9	c9
0.0525606029498977	0.231683101963496	0.015	0.013	1	ZNF207	c9
0.033579094622561	-0.231616499006525	0.015	0.018	1	CHIC2	c9
0.0703521854454212	-0.229822653025908	0.011	0.013	1	PHIP	c9
0.0782076173698419	-0.229617286679414	0.009	0.011	1	MGAT1	c9
0.0767142326033207	0.229574176307421	0.012	0.01	1	CD58	c9
0.00251445070854078	-0.229464640664551	0.032	0.037	1	IDS	c9
0.109189944775983	-0.227663020321637	0.008	0.01	1	UPF2	c9
0.0853928198403289	-0.227634833600508	0.009	0.011	1	KXD1	c9
0.0129749536937593	-0.227242041316347	0.023	0.026	1	ANXA5	c9
0.0655779771367212	-0.227197893420511	0.044	0.048	1	RNA45S5	c9
0.073989796219558	-0.227041452993259	0.011	0.012	1	NUTF2	c9
0.00110769498333004	-0.226744129771566	0.272	0.28	1	CRIP1	c9
0.0676425903106706	0.226598319144847	0.014	0.012	1	VDAC3	c9
0.0837463213076884	0.226579872993198	0.012	0.01	1	CYC1	c9
0.0586175039543899	-0.226083715247789	0.011	0.014	1	SRSF8	c9
0.138251365692171	0.225885193435182	0.011	0.01	1	NARF	c9
0.0525718912126564	-0.225626225140614	0.013	0.015	1	MAP4K1	c9
0.000439576225812574	0.225300238011211	0.045	0.039	1	TMEM50A	c9
0.00638268086145617	0.224618956946434	0.028	0.024	1	WAS	c9
0.00772645467555148	0.224497117816088	0.025	0.022	1	FAM65B	c9
0.0849587719751193	-0.224427348773205	0.011	0.012	1	HADHA	c9
0.0194085932984541	-0.224415997237585	0.018	0.021	1	MPHOSPH8	c9
0.0959273885191642	-0.22425288373192	0.01	0.011	1	XRN1	c9
0.0313374502466551	-0.224210606334713	0.016	0.019	1	VDAC2	c9
0.000639600172987543	-0.224167185015515	0.04	0.047	1	ACAP1	c9
0.105120937846895	0.224002974822198	0.011	0.009	1	TMEM109	c9
0.0341366892772265	0.223704583369277	0.017	0.015	1	SLC44A2	c9
0.000986967599715859	-0.223214125122372	0.04	0.047	1	ELF1	c9
0.0702629722778506	-0.223204708093894	0.012	0.014	1	WDR33	c9
0.00287441764444028	0.22232517761995	0.035	0.03	1	RNF167	c9
0.122058141248746	0.222073645303151	0.011	0.009	1	CTDSP1	c9
0.0289838570291559	-0.221289446598458	0.017	0.02	1	LPXN	c9
0.0191788464315128	0.221132179154889	0.022	0.019	1	TAX1BP1	c9
0.110658987447303	-0.221108899832497	0.009	0.011	1	MAZ	c9
0.0268445865585649	0.220681869683138	0.019	0.016	1	CDC42EP3	c9
0.0545933625878147	0.220324955306936	0.016	0.014	1	ORMDL1	c9
0.103755887342118	-0.219873353757255	0.01	0.011	1	POP5	c9
0.045276444013633	0.219697307462162	0.016	0.014	1	NDUFB6	c9
0.0894590260245968	-0.219114160432948	0.01	0.012	1	DNAJC4	c9
9.5897000385765e-05	0.218410673776906	0.061	0.053	1	HLA-F	c9
0.112617892746001	0.218037849844167	0.011	0.009	1	ZFAND6	c9
0.0859542137750999	0.217875654923547	0.016	0.014	1	RN7SL1	c9
0.0639137501458587	-0.217874102106959	0.013	0.015	1	EIF2S2	c9
0.000108083228813413	0.216614017203002	0.056	0.048	1	C4orf3	c9
0.0756291592462539	0.216562271341629	0.013	0.011	1	SAP30BP	c9
0.0858756512900651	0.216562271341629	0.013	0.011	1	UBE2J1	c9
0.123984283325283	0.216454476811579	0.011	0.01	1	ANXA2P2	c9
0.0126366103891324	-0.216422634821624	0.023	0.027	1	PSTPIP1	c9
0.0139378959044893	-0.21602143458314	0.074	0.08	1	H2AFZ	c9
0.00018605369454896	-0.215924523972774	0.053	0.062	1	HNRNPA1P10	c9
0.0858817040889384	0.215558166741232	0.013	0.011	1	ILK	c9
0.00113022895139682	0.215298210927831	0.044	0.038	1	COPE	c9
0.00108014202731316	0.214830407090236	0.043	0.037	1	SRSF11	c9
0.0158959054157444	0.214620438374848	0.025	0.022	1	C9orf78	c9
0.11639454012211	0.214584384068511	0.011	0.009	1	METTL23	c9
0.0996906247928239	-0.214553312255188	0.009	0.011	1	SHARPIN	c9
0.0150028592914288	0.214471751246762	0.024	0.021	1	PSMA5	c9
0.0311717277338031	0.214097969154193	0.02	0.017	1	SNRPB2	c9
0.0138040244613145	-0.214052007772741	0.026	0.03	1	ARF4	c9
0.0348022338439815	-0.213546052244063	0.018	0.021	1	NHP2	c9
0.018457590419575	0.213495968293846	0.024	0.021	1	IDH2	c9
0.116476682666991	0.212664204050058	0.011	0.009	1	CEBPD	c9
0.129344980268446	-0.212008530036066	0.009	0.01	1	PRDX3	c9
0.00582827343200077	-0.211865853750383	0.029	0.033	1	ST13	c9
0.143045200662984	-0.211465896706996	0.008	0.01	1	GRAP2	c9
0.107154845372535	-0.211446526602863	0.009	0.011	1	BOLA3	c9
0.090042569380803	-0.21107216872312	0.012	0.014	1	KRAS	c9
0.0462632430849367	0.21080437228758	0.017	0.015	1	SERPINB9	c9
0.00846584874999531	0.210758405725016	0.029	0.025	1	NDUFA2	c9
0.0466551019953948	-0.210727300783645	0.017	0.019	1	SAMHD1	c9
0.00174117432714894	-0.210156188946122	0.041	0.048	1	CALM3	c9
0.0244983085739674	-0.209903346669528	0.024	0.028	1	DUT	c9
0.0231495568601299	0.209764628587307	0.022	0.019	1	LAMTOR1	c9
0.0315898783302771	-0.209371139518234	0.019	0.022	1	CBX3	c9
0.0705663640850579	-0.209224503221185	0.014	0.016	1	TNRC6B	c9
0.0564621179307649	0.208915980190587	0.015	0.013	1	SYAP1	c9
0.00121049238695015	0.208463306071032	0.042	0.036	1	NDUFB10	c9
0.0962976794916924	-0.207814128000527	0.011	0.013	1	PUF60	c9
0.0032580654708197	-0.207663863189422	0.038	0.043	1	FKBP1A	c9
0.00742635930655067	-0.207321519665808	0.03	0.035	1	MATR3	c9
0.0409112801128983	0.206594876951753	0.019	0.017	1	POLR3GL	c9
0.0107267237334193	-0.204833477743363	0.026	0.03	1	TRIM22	c9
0.105590581917042	0.204789044479337	0.012	0.011	1	DDX46	c9
0.00342915321310933	-0.204771265010466	0.04	0.046	1	TSTD1	c9
0.0101520438965933	-0.204752516154022	0.027	0.032	1	PRDX2	c9
0.135944061761856	0.202887286595661	0.014	0.013	1	PTPRA	c9
0.112629511556796	-0.202389925623319	0.01	0.012	1	SMARCA5	c9
0.13689636719027	-0.20233443841957	0.009	0.01	1	MRPS31	c9
0.062746878707771	-0.20200774363759	0.015	0.018	1	DDX18	c9
0.125264596093281	-0.201892167769052	0.01	0.012	1	PIAS1	c9
0.00997639936779168	0.201704588039832	0.03	0.026	1	TPM4	c9
0.153612082465635	0.201423135993271	0.01	0.009	1	ADH5	c9
0.127437464741263	-0.201360185369664	0.01	0.011	1	TAF15	c9
0.134083424031677	-0.201333514974128	0.008	0.01	1	HCFC1R1	c9
0.0275812337206779	-0.201292883345703	0.021	0.025	1	NDUFC1	c9
0.025809166405548	-0.201117146501606	0.021	0.024	1	SH3KBP1	c9
0.00496801087386016	0.20088695403086	0.034	0.03	1	SPSB3	c9
0.000534605694104353	-0.200433918565588	0.058	0.066	1	SAMSN1	c9
0.0312305062304782	0.200405968853403	0.021	0.019	1	PAPOLA	c9
0.108565115289436	-0.200292984787739	0.01	0.011	1	AKIRIN1	c9
0.0341839933192826	0.199252036951644	0.021	0.018	1	IDI1	c9
0.127880540541647	-0.198993349502596	0.01	0.012	1	B3GAT3	c9
0.0897216066573878	-0.198801368640086	0.013	0.015	1	MGEA5	c9
0.0868217919943816	-0.198323383228803	0.014	0.016	1	HM13	c9
0.0543916801502253	-0.198187724652724	0.016	0.018	1	STUB1	c9
0.0141540991121757	-0.198106457713007	0.025	0.029	1	H2AFJ	c9
0.0780083545721496	0.198105831609426	0.015	0.013	1	STK10	c9
0.0602327136887477	-0.197743713613447	0.015	0.017	1	TALDO1	c9
0.0357475702883494	0.197736744030891	0.022	0.019	1	SPCS3	c9
0.000602345543126508	-0.197728477873798	0.059	0.067	1	RAN	c9
0.139739087112158	-0.197166883801019	0.008	0.01	1	ATP2A3	c9
0.011417471269922	-0.196883915831011	0.031	0.035	1	SF3B1	c9
0.00511106953224486	-0.196619942881389	0.04	0.045	1	CDC42SE2	c9
0.00257783016883181	0.19579974831432	0.045	0.039	1	TMEM59	c9
0.00320846261506755	-0.195724204389683	0.041	0.047	1	NHP2L1	c9
0.0380395676452244	-0.195668334151825	0.021	0.024	1	CFLAR	c9
0.146885145844877	-0.19557380772536	0.01	0.011	1	MRPL53	c9
0.00532736983996598	0.195316861299138	0.042	0.037	1	RALY	c9
0.210910815744662	-0.194788275373452	0.146	0.148	1	ANXA1	c9
0.15065289215334	-0.194639117028014	0.01	0.011	1	PCIF1	c9
0.125117608109754	-0.194178739065527	0.011	0.012	1	CARHSP1	c9
0.0576146655793749	0.19412203214727	0.018	0.016	1	PDAP1	c9
0.0650503830556922	0.194094722428957	0.018	0.015	1	NUCB1	c9
0.0848289904541072	0.194008979146114	0.016	0.014	1	PPP1R12A	c9
0.00678245429503072	0.193624765432864	0.034	0.03	1	PTP4A2	c9
0.0229848571890053	-0.19323009515655	0.027	0.031	1	C16orf13	c9
0.114735839697612	-0.19303003112948	0.01	0.012	1	DDTL	c9
0.11188659273163	-0.192563107146108	0.011	0.012	1	LMBRD1	c9
0.0950000195911498	0.192354245320431	0.015	0.013	1	MED30	c9
0.10105596036592	-0.192246390952771	0.013	0.015	1	NOL7	c9
0.00280952173022383	-0.192236203951245	0.049	0.056	1	BRD2	c9
0.000108764790838228	-0.191879397811057	0.081	0.092	1	GABARAP	c9
0.0994169211948624	0.191786168978458	0.014	0.013	1	RAB8B	c9
0.0462248839228311	0.191723350316611	0.021	0.018	1	UBE2L3	c9
0.0573918361948804	0.191358158460919	0.021	0.018	1	RBBP4	c9
0.00585165737160717	0.191268248587657	0.039	0.034	1	SHISA5	c9
0.000494333450669063	0.191203818258483	0.06	0.052	1	ATP5J2	c9
0.000134595730549392	0.190839797135444	0.055	0.047	1	HSPA5	c9
0.0282909661371346	0.190772336821007	0.03	0.027	1	ANKRD28	c9
0.00351907579091348	-0.190715569530273	0.049	0.056	1	ENO1	c9
0.0167904113369714	0.190099748966391	0.029	0.026	1	MRPS6	c9
0.187643596686903	-0.189825227795564	0.008	0.01	1	PCGF5	c9
0.00223111080405426	0.18941127413823	0.051	0.045	1	BRK1	c9
0.0278747829488751	-0.189355822186604	0.023	0.027	1	EIF3D	c9
0.000237694325838664	-0.188987659338713	0.098	0.108	1	NR4A2	c9
0.110289327325523	0.188599095635687	0.016	0.014	1	ADSS	c9
0.00324139802810917	0.188577852509638	0.05	0.044	1	ARF5	c9
0.142118327155111	-0.188306492296333	0.01	0.012	1	CCSER2	c9
0.101377382474813	0.187725286263711	0.016	0.015	1	TOMM22	c9
4.85073391613015e-05	-0.187349183817738	0.082	0.093	1	CALM2	c9
0.0899747405037199	-0.187174892453401	0.016	0.018	1	GBP2	c9
0.122208593894781	-0.187017114226504	0.012	0.013	1	WHSC1L1	c9
0.000105748442986191	0.186871082712619	0.07	0.061	1	IRF1	c9
0.196587752372391	-0.186125042637617	0.008	0.01	1	POLR2C	c9
0.0403611430605858	-0.185851927698591	0.023	0.026	1	NUCKS1	c9
0.0136852947956541	0.185846692731256	0.032	0.028	1	RNPS1	c9
0.202065885325866	-0.185176518375353	0.009	0.01	1	NEDD9	c9
0.0422648985518373	0.184901691919126	0.024	0.021	1	TMEM179B	c9
0.0147296974002298	0.18484637011022	0.033	0.029	1	REEP5	c9
0.031764154500326	0.183475188684384	0.025	0.022	1	PSMB6	c9
0.138314221279169	0.183389213163009	0.013	0.012	1	UTRN	c9
0.0249008371892712	-0.182875243678759	0.024	0.028	1	AIP	c9
0.185276105813224	-0.182039080248381	0.01	0.011	1	STARD3	c9
0.0064292040045436	0.181933038545408	0.03	0.026	1	HSPA6	c9
0.0504649076720174	-0.181459267753718	0.021	0.024	1	SIVA1	c9
0.0564780941184573	-0.181433957536424	0.02	0.023	1	BCLAF1	c9
0.0507157905938779	-0.18131365575597	0.022	0.025	1	AAK1	c9
0.0421224611290621	-0.181097566968676	0.025	0.028	1	SLC3A2	c9
0.00732103291057612	0.181035687093057	0.041	0.036	1	NOP10	c9
0.00304603424238194	-0.180666770578227	0.047	0.053	1	C19orf53	c9
0.00328095210837169	-0.180638464895581	0.046	0.052	1	UBE2D2	c9
0.168304668539115	-0.180344367444579	0.01	0.012	1	NAA50	c9
0.0270214905487493	0.179857042930371	0.027	0.023	1	UPP1	c9
0.000598341909907881	0.179650722276762	0.068	0.06	1	UQCRH	c9
0.255993473127922	-0.179546609082181	0.009	0.01	1	MIF-AS1	c9
0.0950536425223643	0.179404234497916	0.017	0.015	1	SSR1	c9
0.170188982646996	-0.179231369259909	0.01	0.011	1	CSNK1A1	c9
0.105179932768281	-0.178971119409669	0.012	0.014	1	ARRDC1	c9
0.0635834009725129	-0.178942748104748	0.017	0.02	1	ATP5G1	c9
0.183442493197026	0.178871294003422	0.011	0.01	1	BPTF	c9
0.0296763218948533	0.17843513751271	0.027	0.024	1	RHOF	c9
0.000199845459798392	0.178191105099029	0.077	0.068	1	PSME2	c9
0.164922489858623	-0.178115682064186	0.011	0.012	1	ILF3	c9
0.178627408934937	0.177934783070901	0.013	0.011	1	EMC4	c9
0.14758229143412	-0.177756606189743	0.012	0.014	1	STXBP2	c9
0.101516526997602	0.177237997237077	0.017	0.015	1	LBR	c9
0.201131985800137	0.176970092268732	0.011	0.01	1	NDUFS3	c9
0.0965791190300813	0.176591283013336	0.016	0.014	1	APH1A	c9
0.0460228320531092	-0.176071617447113	0.023	0.026	1	RANBP1	c9
0.0547326916645693	-0.175889862170521	0.02	0.023	1	TMEM2	c9
0.116140625809296	-0.175727839191206	0.014	0.016	1	AKAP9	c9
0.0571054162679272	0.175722625661921	0.025	0.023	1	MFSD10	c9
0.20657473515326	-0.175691880141819	0.009	0.01	1	RNF10	c9
0.0821243204791364	0.1755810600607	0.019	0.017	1	XRCC5	c9
0.00082372921235957	-0.175565032791702	0.093	0.102	1	HSPE1	c9
0.20564585327411	-0.175477560147235	0.045	0.047	1	HMGB2	c9
0.186487681045572	0.175296108277916	0.011	0.01	1	RALGDS	c9
0.186687610596986	-0.175147218284017	0.01	0.011	1	THYN1	c9
0.236800510646062	0.175090457011983	0.012	0.01	1	CISD3	c9
0.124105057164812	-0.174906404481531	0.017	0.019	1	RBBP6	c9
0.11630183270355	-0.1748367275821	0.015	0.016	1	TMEM50B	c9
0.00418551056161467	-0.174750390939752	0.054	0.061	1	SQSTM1	c9
0.118845985357288	0.174395293952811	0.015	0.013	1	HIGD1A	c9
0.1981823679233	-0.174215545638859	0.01	0.011	1	GLS	c9
0.000328501241545771	-0.174200958964364	0.561	0.531	1	RNR1	c9
0.203442889113983	0.173059672840476	0.012	0.011	1	EIF5B	c9
0.0776157752804955	-0.172972378788227	0.017	0.02	1	C7orf50	c9
0.00064878533865605	-0.172792480410179	0.067	0.075	1	PTGES3	c9
0.00650991558060308	0.172453735481854	0.044	0.039	1	TRAF3IP3	c9
0.00051532950521404	0.17242002529093	0.069	0.061	1	PARK7	c9
0.195147021125302	-0.171997255370982	0.009	0.01	1	PHF5A	c9
0.179088690610779	0.17167579259922	0.014	0.012	1	PDCD5	c9
0.235223879568697	0.171675792599219	0.01	0.009	1	UQCRC2	c9
0.0672221727331644	-0.17165223682554	0.021	0.023	1	C14orf166	c9
0.00404661345329596	0.171301795178877	0.046	0.041	1	CCDC85B	c9
0.152801639384666	0.170806437320794	0.013	0.012	1	ATG12	c9
0.0620485966198228	0.170380152601147	0.022	0.02	1	PPP4C	c9
0.200673002355723	-0.169268410024809	0.01	0.011	1	NENF	c9
0.00136793826938443	0.169127093682522	0.065	0.058	1	NCL	c9
0.135384942059796	-0.168959316281604	0.014	0.015	1	METTL9	c9
0.00862709165030043	0.16854063372494	0.049	0.044	1	TAPBP	c9
0.0129822210668915	-0.168397051651496	0.044	0.049	1	CSTB	c9
0.0427563111743054	0.168234778594019	0.028	0.025	1	ANXA2R	c9
0.0310339639463614	0.168227667055104	0.033	0.03	1	PRKCH	c9
0.027440736167168	-0.168114071594943	0.034	0.038	1	PIM1	c9
0.0959335251922436	0.16806453904684	0.019	0.017	1	NAPA	c9
0.121351901946871	0.168026170008105	0.016	0.014	1	ACADVL	c9
0.0884739538266516	-0.167190026194221	0.019	0.021	1	PFDN2	c9
0.0278841639586393	0.1670606922888	0.036	0.032	1	TBCB	c9
0.00515786305417408	0.16693369535847	0.05	0.044	1	CSNK2B	c9
0.0263629205626079	0.166726576627485	0.033	0.029	1	SH3BGRL	c9
0.150118349958183	-0.165917621254276	0.01	0.012	1	CARD8	c9
0.0351290846124381	0.165443838887705	0.03	0.026	1	NDUFS8	c9
0.0990034330697858	-0.165131190720408	0.019	0.021	1	PDE4D	c9
0.00254956556983418	-0.165066921314905	0.063	0.07	1	RBM8A	c9
0.220558024414817	0.164735574568665	0.013	0.012	1	PDLIM2	c9
5.87355461976376e-05	0.164199652651553	0.101	0.09	1	COX6A1	c9
0.079488119887631	0.164003975458473	0.022	0.019	1	HMOX2	c9
0.000703526412620897	0.163076173167218	0.075	0.067	1	KRTCAP2	c9
0.143289471229959	-0.162476889398956	0.014	0.016	1	TMEM160	c9
0.0766785250129202	-0.162471966306405	0.022	0.025	1	MTDH	c9
0.0845360255637534	-0.16241418708965	0.018	0.02	1	ATP5L2	c9
0.0814869791931771	-0.162377263549027	0.021	0.023	1	KTN1	c9
0.107294766079886	0.161728149985014	0.02	0.017	1	HNRNPM	c9
0.0199602580246081	0.161579721296916	0.041	0.037	1	SERBP1	c9
0.18707402869423	-0.161373042517662	0.011	0.012	1	TXNL4A	c9
0.175713639891296	0.161282465774572	0.016	0.014	1	ARHGAP30	c9
0.0206552116934925	0.160885926182117	0.036	0.032	1	TMED2	c9
0.192853970113683	0.160662799876801	0.014	0.013	1	ETHE1	c9
0.00747157675442059	-0.160365373258471	0.057	0.063	1	SLC25A5	c9
0.0921097114106653	0.159968708821554	0.022	0.02	1	RNF181	c9
0.246109963851142	-0.159957608942796	0.009	0.01	1	SNRNP200	c9
0.00141770391902329	0.159863560292412	0.074	0.066	1	H3F3AP4	c9
0.0869293544749651	-0.159716282085959	0.021	0.023	1	APBB1IP	c9
0.0580306346337291	0.159504620430102	0.027	0.024	1	STOM	c9
0.0606443929385656	-0.159213602455159	0.025	0.028	1	HNRNPH3	c9
0.226743297121928	0.159193494271761	0.011	0.01	1	C18orf32	c9
0.147127698768567	-0.158725492348139	0.014	0.016	1	FNBP4	c9
0.0200525627784606	0.158000855702142	0.039	0.035	1	ATP5J	c9
0.0461139399074306	-0.157209881703522	0.027	0.031	1	CCT4	c9
0.046837075069314	0.157206310705664	0.034	0.031	1	IFI16	c9
0.265363503038533	0.156073120968287	0.011	0.01	1	SF3B4	c9
0.00192437539223591	-0.155783850079371	0.08	0.088	1	GPSM3	c9
0.217039980549507	-0.155270377054768	0.01	0.012	1	AP3S1	c9
0.000273862537606311	0.155064105115675	0.097	0.087	1	TPI1	c9
0.294384873150572	0.154900079848392	0.01	0.009	1	RANGRF	c9
0.113518433333554	-0.154825032077968	0.015	0.017	1	FERMT3	c9
0.00146185506956909	-0.154675947129929	0.082	0.09	1	GMFG	c9
0.183438361667615	-0.154564123307767	0.012	0.013	1	SNHG16	c9
0.0882036541298518	-0.154382632981905	0.024	0.027	1	LYST	c9
0.0121043073682155	-0.154110700301306	0.045	0.05	1	ARHGEF1	c9
0.107754683240647	0.153837937478881	0.019	0.017	1	MACF1	c9
0.131575056659224	0.153809371805705	0.018	0.016	1	COMMD7	c9
0.224024033261006	0.153617093468998	0.013	0.012	1	NDUFA5	c9
0.257580772945096	-0.15335154094703	0.01	0.011	1	DNAJC19	c9
0.00999598151614012	0.152754930701991	0.051	0.045	1	LSM7	c9
0.144581398239647	-0.152674964554999	0.017	0.019	1	ZC3H12A	c9
0.213570410800494	-0.152307716570689	0.014	0.015	1	STARD7	c9
0.119992512631178	-0.152075037894962	0.019	0.021	1	LAPTM4A	c9
0.236583560889779	0.151984680136162	0.012	0.011	1	TMEM9B	c9
0.00430058853997046	-0.151765065922272	0.057	0.064	1	RPS14P3	c9
0.26401344250048	-0.151638237109351	0.009	0.01	1	DCTN2	c9
0.01366047423319	0.15163723496311	0.049	0.044	1	C14orf2	c9
0.117942669102965	-0.151576867158152	0.016	0.018	1	ATF7IP	c9
0.142727709764573	0.150573994497518	0.019	0.017	1	NDUFB3	c9
0.248564039140612	0.150266899540192	0.014	0.013	1	FBXW5	c9
0.197168287354125	-0.150162495880141	0.013	0.014	1	SRSF1	c9
0.0626826085799335	0.149305248515355	0.032	0.029	1	AUP1	c9
0.163821581522327	-0.148653748062666	0.014	0.016	1	MRPL51	c9
0.325539291744172	0.148338256196327	0.012	0.011	1	RNPEPL1	c9
6.57934256685885e-05	-0.148324102358561	0.821	0.8	1	RNR2	c9
0.0693756118033863	0.147630318632568	0.031	0.028	1	SEC11A	c9
0.0103673657489916	-0.147451094951923	0.054	0.06	1	NDUFA11	c9
0.104983311646575	0.147116716435355	0.025	0.022	1	HMGN4	c9
0.16457916628767	-0.147010584924272	0.013	0.015	1	MTFP1	c9
0.280058494885774	-0.146977170255282	0.009	0.01	1	DPY30	c9
0.19343994261389	-0.146813218321372	0.013	0.015	1	MPC2	c9
0.172572765749607	-0.146733142000152	0.014	0.016	1	TMUB1	c9
0.235308675281214	0.146198094920147	0.012	0.011	1	MIB2	c9
0.264868637147855	0.146140700492081	0.012	0.011	1	LRPAP1	c9
0.299328801922766	0.146073207566014	0.01	0.009	1	CCDC124	c9
0.0231699165873409	-0.14606450532471	0.048	0.053	1	TSPO	c9
0.309171072599844	0.145928023401567	0.01	0.009	1	ELOVL1	c9
0.279368724263403	-0.145820772528261	0.01	0.011	1	SF3A1	c9
0.291820730648356	0.145813729287253	0.011	0.01	1	MRPS36	c9
0.139008680351239	0.145809160782272	0.019	0.017	1	PYCARD	c9
0.127849730810254	0.145620003535879	0.02	0.018	1	ATM	c9
0.141555435139954	-0.145556921207826	0.014	0.016	1	TMEM134	c9
0.0571660356858992	-0.144958002618631	0.029	0.032	1	DYNLRB1	c9
0.294937356695116	-0.144522923951087	0.089	0.092	1	HMGN2	c9
0.147391430031444	0.143756163315586	0.021	0.019	1	DDX6	c9
0.252866757156783	-0.143312405267987	0.011	0.012	1	CENPC	c9
0.20634219592637	-0.143238864843237	0.014	0.015	1	RNF187	c9
0.249847066343719	0.143150094417929	0.013	0.012	1	MRPL34	c9
0.146775078390785	-0.143079595095561	0.018	0.02	1	TCEB1	c9
0.105998952571866	-0.143042768523506	0.019	0.022	1	TCIRG1	c9
0.094335212368609	0.142916799617795	0.025	0.023	1	SSBP1	c9
0.186317030934589	-0.14283483072566	0.013	0.014	1	POLR2I	c9
0.0309340625956075	-0.142563648587711	0.044	0.048	1	C19orf60	c9
0.0080433701527931	-0.142440496123394	0.065	0.071	1	EIF4A2	c9
0.00882071587579913	-0.142298635484334	0.063	0.07	1	GYPC	c9
0.285612044446681	0.141800997017189	0.011	0.01	1	MANF	c9
0.190304217715672	-0.141449661250799	0.013	0.014	1	C1orf43	c9
0.00423789951906322	0.1413021435557	0.067	0.06	1	SEC61G	c9
0.179776090804367	0.14111832562325	0.018	0.017	1	SUMO3	c9
0.16214469989508	0.140998194320216	0.019	0.017	1	PSMB2	c9
0.306171577251401	-0.140589204937424	0.009	0.01	1	NDUFB5	c9
0.166182922978029	0.14046698048281	0.019	0.018	1	ZNF428	c9
0.0238839640326259	0.140113839347328	0.046	0.042	1	ATP5B	c9
0.311819720410034	0.140035337842894	0.011	0.01	1	DERL1	c9
0.23864395521974	-0.139867645084552	0.014	0.015	1	SRSF9	c9
0.328409003327742	0.139841611898827	0.012	0.011	1	SDHD	c9
0.0932866802660078	-0.139442755223032	0.025	0.027	1	CSK	c9
0.106937363547383	-0.1394198190772	0.022	0.024	1	PSMB8-AS1	c9
0.0366892798838673	0.139344121314844	0.047	0.043	1	NEDD8	c9
0.0745030902233376	0.139098541539429	0.033	0.03	1	DGUOK	c9
0.275831451463948	-0.13906561702113	0.011	0.012	1	AZIN1	c9
0.0130868668645125	0.138693509979249	0.052	0.047	1	CELF2	c9
0.0487211965398413	0.138196690800905	0.036	0.033	1	DENND2D	c9
0.287410167153106	-0.138126986402031	0.011	0.012	1	MRPL55	c9
0.135149859529182	0.138015250268494	0.019	0.018	1	LOC100996919	c9
0.193728149188103	-0.13765226550851	0.015	0.017	1	SNX6	c9
0.0123994291726152	-0.137507363705523	0.061	0.067	1	FUS	c9
0.23353547923177	0.137292798573555	0.013	0.012	1	SLC20A1	c9
0.266603384025995	0.136686878765872	0.013	0.012	1	OTUD6B-AS1	c9
0.149663964335336	-0.136446502763113	0.021	0.023	1	C19orf66	c9
0.107166760797947	-0.136202040330793	0.038	0.041	1	CARD16	c9
0.00341508440005585	0.136078201495935	0.08	0.072	1	C19orf43	c9
0.0443934413190822	0.135889280673767	0.04	0.036	1	COX5A	c9
0.193023387875831	-0.135757042754345	0.013	0.015	1	MRPL43	c9
0.252878911827181	-0.13571137151618	0.013	0.014	1	RBM17	c9
0.292975071990652	0.135703309385221	0.012	0.011	1	ITGB1BP1	c9
0.000639423373731973	0.135486964231433	0.114	0.104	1	DAZAP2	c9
0.318008637342729	-0.135418576078451	0.009	0.01	1	PYCR2	c9
0.0201123322030401	0.13526759633606	0.05	0.046	1	HLA-G	c9
0.355421552902351	0.135226821344554	0.011	0.01	1	JOSD2	c9
0.0350430007599841	0.135209484073067	0.043	0.04	1	SNRPB	c9
0.157647777407326	0.134946275520638	0.021	0.019	1	SCAF11	c9
0.139454129592561	0.134813924248505	0.023	0.021	1	DDOST	c9
0.256270623222078	-0.134711451392365	0.011	0.012	1	MIER1	c9
0.138814043986509	-0.134124568183219	0.024	0.026	1	NAP1L4	c9
0.0624168514327425	-0.133947367239124	0.033	0.036	1	SNHG12	c9
0.12682825144602	-0.133686683574512	0.027	0.029	1	AKAP13	c9
0.158603442547381	-0.1336809523171	0.02	0.022	1	RSRC2	c9
0.334485232075776	0.133540663712449	0.011	0.01	1	CEBPZ	c9
0.00362597514901988	-0.133523107556347	0.089	0.097	1	YWHAB	c9
0.163566405194542	0.13350552359624	0.02	0.018	1	FMNL1	c9
0.224800475234797	0.133153859976242	0.019	0.017	1	H3F3A	c9
0.124926534421401	0.133069950307155	0.025	0.023	1	PSMA1	c9
0.282488644600129	-0.132890875477475	0.01	0.012	1	SMG1	c9
0.378258816005779	-0.132252618876922	0.009	0.01	1	SDR39U1	c9
0.204014922507667	0.131253714365676	0.02	0.019	1	RASSF5	c9
0.124428651323519	0.131112620209779	0.028	0.026	1	SNRPD3	c9
0.0883042522652832	0.130302032767448	0.031	0.028	1	TCEA1	c9
0.00511055327150722	0.130035057601003	0.06	0.054	1	SEC61B	c9
0.272027764247398	-0.129816797265327	0.012	0.014	1	DUSP5	c9
0.0192203128412012	-0.129109099744538	0.062	0.068	1	SLC25A3	c9
0.30455395740184	0.128837281878942	0.013	0.012	1	EIF6	c9
0.357067637098871	0.128703292072686	0.011	0.01	1	GIMAP6	c9
0.18902851754173	-0.128696011915292	0.017	0.018	1	HAX1	c9
0.257077287011529	-0.128664957247827	0.012	0.013	1	DYNC1H1	c9
0.266204972981878	-0.128497749647622	0.013	0.014	1	GYG1	c9
0.373920787662305	0.128212864805328	0.01	0.009	1	TIMM8B	c9
0.0789047319130986	0.127841004027505	0.037	0.034	1	BLOC1S1	c9
0.336418680383709	0.127799064502572	0.014	0.013	1	RHEB	c9
0.311308665923803	0.127741367086464	0.013	0.012	1	BNIP2	c9
0.278636564929752	0.12720457118902	0.018	0.017	1	DNAJC8	c9
0.307350681390466	-0.127037588712393	0.012	0.013	1	VKORC1	c9
0.32097644505108	-0.126993061316721	0.009	0.01	1	CFDP1	c9
0.0224603665975894	-0.126945732787703	0.056	0.061	1	ATP6V1G1	c9
0.241996765969705	0.126883870871676	0.019	0.017	1	PNRC2	c9
0.00851435849611699	-0.126479064381431	0.081	0.088	1	HMGN1	c9
0.165733778391879	-0.126473916688336	0.022	0.024	1	NDUFS7	c9
0.351595661114335	0.126404482430819	0.01	0.009	1	MFF	c9
0.0499364674705681	0.126379706946373	0.045	0.041	1	GTF3A	c9
0.202293760323254	-0.126285205362413	0.022	0.024	1	ATP5EP2	c9
0.304354994768008	-0.126120420554832	0.013	0.014	1	GNAI2	c9
0.00535027239696168	0.125883014679813	0.066	0.06	1	C9orf16	c9
0.318849208788206	-0.12566666400987	0.01	0.011	1	CHMP5	c9
0.0508141438598442	0.125518645996803	0.042	0.038	1	MAP1LC3B	c9
0.176737314738764	-0.125449933884105	0.019	0.021	1	CNPY3	c9
0.152204319674428	-0.12502929044488	0.024	0.026	1	CMPK1	c9
0.091335619474182	-0.124741951780562	0.04	0.043	1	LBH	c9
0.169025495652574	0.124571557472176	0.022	0.02	1	SNX3	c9
0.033969126137472	-0.124319718777226	0.061	0.066	1	MBNL1	c9
0.00216070915655208	-0.124301932065125	0.351	0.359	1	GAPDH	c9
0.341802521044415	0.123670419688387	0.013	0.012	1	CAMLG	c9
0.314609323725108	-0.123584351826064	0.009	0.01	1	OSER1	c9
0.373410960574544	0.123564440474287	0.011	0.01	1	FLOT2	c9
0.33192273140172	-0.123548760045211	0.01	0.011	1	FIBP	c9
0.00291199706542946	0.123472919235896	0.091	0.083	1	RNASEK	c9
0.00110130647229704	0.123420623991998	0.103	0.094	1	TCEB2	c9
0.137659645280296	-0.123158641405868	0.029	0.031	1	TMBIM4	c9
0.0973403109300168	-0.123088119908094	0.017	0.02	1	GCHFR	c9
0.0185461755423755	0.122887969364981	0.057	0.052	1	GNG5	c9
0.217718058839145	-0.122579883803589	0.016	0.018	1	CHMP4A	c9
0.0197872000739678	-0.122523655642615	0.071	0.077	1	NDUFA13	c9
0.373110161864629	0.122155656755421	0.011	0.01	1	LSM3	c9
0.186041513191	0.12132159271217	0.02	0.019	1	BUD31	c9
0.332209053825147	-0.121196733081831	0.012	0.013	1	ATOX1	c9
0.179442657779242	0.120863409069782	0.022	0.021	1	C7orf73	c9
0.000777560886552638	-0.120827966283943	0.151	0.162	1	CIRBP	c9
0.360922903169604	0.12080941053546	0.012	0.011	1	DUSP23	c9
0.254842896905852	-0.120710456371953	0.013	0.014	1	PTBP3	c9
0.230963933867649	-0.120236275581854	0.015	0.016	1	YPEL3	c9
0.374674146768019	0.120190131872531	0.011	0.01	1	ENTPD1	c9
0.368829142603876	0.119848574641877	0.012	0.011	1	CNOT2	c9
0.361071363788326	-0.119653560202584	0.009	0.01	1	NFATC2	c9
0.328513582188064	-0.119395833303512	0.029	0.031	1	TNFRSF1B	c9
0.317874334579813	-0.119349184715803	0.009	0.01	1	BAG1	c9
0.023950195431232	0.119323774460205	0.074	0.068	1	NDUFA3	c9
0.0956005516513804	0.119178692812865	0.041	0.038	1	IL10RA	c9
0.266531136249274	-0.119079370793024	0.011	0.012	1	PSMD4	c9
0.367315066471932	-0.118970844442435	0.01	0.01	1	C15orf61	c9
0.11470044345556	0.118923241019608	0.034	0.032	1	FIS1	c9
0.0978090176812676	-0.118830327201838	0.036	0.039	1	GLIPR1	c9
0.325008762680246	-0.118645216398869	0.012	0.013	1	NGRN	c9
0.42007223295249	-0.118514469133455	0.011	0.011	1	OSM	c9
0.0416000526557447	0.118208237454708	0.052	0.048	1	WIPF1	c9
0.0180706122149742	0.118109643025911	0.068	0.063	1	GIMAP4	c9
0.247938873254399	-0.117741174445611	0.017	0.019	1	ATRX	c9
0.010171677376032	-0.117467589491988	0.072	0.079	1	APRT	c9
0.262199399507005	-0.117121709299656	0.015	0.017	1	GSDMD	c9
0.385918942618552	0.116791885526094	0.012	0.011	1	SNRPE	c9
0.768659300055705	-0.116043914906431	0.284	0.28	1	SRGN	c9
0.278528574209209	-0.115955976975329	0.015	0.016	1	LSM5	c9
0.0151037527042712	-0.114887666828489	0.081	0.088	1	SNHG6	c9
0.478595532825824	0.114862517430727	0.01	0.009	1	MAP2K3	c9
0.117614016707708	0.114392065871481	0.035	0.032	1	SP100	c9
0.00178553751295889	-0.114325030560134	0.151	0.162	1	COMMD6	c9
0.141190129547265	-0.114247534610606	0.066	0.07	1	LINC00152	c9
0.280476962467933	0.114050964701224	0.017	0.016	1	FBL	c9
0.437359878399288	0.113714331901846	0.01	0.009	1	TIMM17B	c9
0.450809645070545	0.113480914429203	0.01	0.009	1	MRPL4	c9
0.227944834106001	-0.11331578508584	0.022	0.024	1	RAB11B	c9
0.330347779910474	-0.113169061013924	0.038	0.04	1	LOC100996809	c9
0.0255328547487917	0.112970334355611	0.064	0.059	1	RHOB	c9
0.320094032215141	0.112492143733421	0.017	0.015	1	SSNA1	c9
0.383926834210881	-0.112467639828673	0.011	0.011	1	TMEM147	c9
0.446651107246519	0.112075650397989	0.012	0.011	1	DECR1	c9
0.215814602737784	-0.111465515170434	0.03	0.032	1	HNRNPU	c9
0.411343787280695	-0.111098353633818	0.009	0.01	1	TRAPPC3	c9
0.184240079736806	0.111008606162446	0.031	0.028	1	MRPL33	c9
0.0828464165378206	-0.110981352159066	0.043	0.046	1	HNRNPC	c9
0.299185106915198	-0.110944439010527	0.015	0.016	1	WTAP	c9
0.0108567888578172	0.110666959389869	0.098	0.091	1	UQCRB	c9
0.00690094835194035	-0.110640446389287	0.106	0.114	1	EIF3K	c9
5.14441969490294e-05	-0.110322367997116	0.22	0.236	1	HNRNPA1	c9
0.013489353359113	0.110281180569368	0.08	0.074	1	LIME1	c9
0.398191593130669	0.109909161924051	0.014	0.013	1	SEPT2	c9
0.418864231963364	0.109427351912498	0.013	0.013	1	PTPN2	c9
0.222643789550167	-0.109337867990361	0.024	0.025	1	EIF1B	c9
0.0330094995988514	0.109047871395356	0.061	0.056	1	GIMAP7	c9
0.167084397952955	-0.10868543096444	0.028	0.03	1	DDX17	c9
0.212753127673525	-0.108597544817729	0.056	0.059	1	AHNAK	c9
0.000617140756801163	0.108355945908559	0.154	0.142	1	EVL	c9
0.257386983506628	-0.108315709805809	0.02	0.022	1	RAD23A	c9
0.416895420893236	-0.108167727245046	0.009	0.01	1	FLJ32255	c9
0.238011421960585	-0.107990056713884	0.021	0.023	1	MRPL20	c9
0.313533167771311	-0.107973327085471	0.015	0.017	1	ABHD14B	c9
0.300513929419732	-0.107888021348187	0.017	0.019	1	SDF4	c9
0.433724742145733	-0.107125929092891	0.011	0.012	1	LMO4	c9
0.281147093757992	-0.106625369887886	0.016	0.017	1	BIRC2	c9
0.571785965254661	0.106580764377334	0.011	0.01	1	PPIH	c9
0.0953189148492139	0.106410021133051	0.042	0.039	1	SRRM1	c9
0.307342233068654	0.106401378126105	0.018	0.017	1	CYTH1	c9
0.338032867521375	0.106367599531363	0.018	0.017	1	RPN2	c9
0.418211842375334	-0.106335185757937	0.009	0.01	1	NUTM2B-AS1	c9
0.0427515078878286	0.105747926090392	0.046	0.042	1	PGAM1	c9
0.423648252271479	-0.105574532168697	0.009	0.01	1	SRPR	c9
0.0378663434878593	0.105486816448458	0.059	0.055	1	DRAP1	c9
0.394761505412174	-0.105139052712479	0.011	0.012	1	GSTO1	c9
0.366269150064759	-0.10459444039127	0.013	0.014	1	INO80E	c9
0.114843799386815	0.104105480694869	0.048	0.045	1	ICAM3	c9
0.237683165149945	0.10410468619343	0.024	0.022	1	OPTN	c9
0.0758192785168844	-0.104006912252348	0.046	0.05	1	ABRACL	c9
0.395165860607354	-0.103930734358576	0.009	0.01	1	AKR1A1	c9
0.29831730503893	-0.10376959039569	0.013	0.014	1	NFE2L2	c9
0.250072459069698	0.103583166699186	0.022	0.021	1	CAPZA1	c9
0.10124748069088	-0.103501874153919	0.048	0.051	1	UXT	c9
0.474044545536679	0.103411580704587	0.01	0.009	1	SNW1	c9
0.335100496121074	0.103307079234773	0.017	0.016	1	AP2S1	c9
0.352031979942474	0.103203126733633	0.016	0.015	1	NDUFAB1	c9
0.383117136814827	-0.10269368277763	0.014	0.015	1	CMC2	c9
0.35161657595577	0.102503054121426	0.016	0.015	1	COX16	c9
0.0271917847895614	0.102496571757801	0.079	0.074	1	CAPZB	c9
0.246995625030861	0.10246129786793	0.026	0.024	1	MGAT4A	c9
0.195439085372953	-0.102269387445025	0.031	0.033	1	PRRC2C	c9
0.340855548125083	0.101927739248034	0.017	0.016	1	RAB2A	c9
0.450324032511046	0.101650001320778	0.015	0.014	1	FKBP2	c9
0.488777880244149	0.101496922107851	0.014	0.013	1	SSH2	c9
0.435747094226512	-0.101342701807197	0.009	0.01	1	IAH1	c9
0.299075897180156	-0.101244446773102	0.018	0.02	1	RCSD1	c9
0.49049487200938	0.101231018022025	0.01	0.009	1	ATP8A1	c9
0.400429238427551	-0.101022536909213	0.009	0.01	1	BABAM1	c9
0.37457908928689	0.100962954214058	0.015	0.014	1	TGOLN2	c9
0.357982177790535	-0.100937590046592	0.016	0.017	1	PRMT1	c9
0.310726690670552	0.100660159058354	0.02	0.018	1	ANP32A	c9
0.018499871624677	-0.10054401944083	0.104	0.111	1	ARPC1B	c9
0.122486742613438	-0.100313393626613	0.049	0.053	1	ROMO1	c9
0.798627408438509	-0.100040856334376	0.067	0.067	1	KLF2	c9
