p_val	avg_log2FC	pct.1	pct.2	p_val_adj	gene	seurat_clusters
0	3.35543971570989	0.252	0.025	0	LINC01272	c34
0	3.25925033798866	0.543	0.066	0	LST1	c34
0	3.1540729269938	0.238	0.027	0	SPI1	c34
0	3.14637893190109	0.293	0.033	0	CFD	c34
0	3.14465798708522	0.563	0.066	0	SERPINA1	c34
0	3.11376039398641	0.587	0.067	0	FCN1	c34
0	3.08683977179237	0.633	0.084	0	S100A9	c34
0	3.08245538621769	0.721	0.091	0	AIF1	c34
0	3.08194969651794	0.292	0.034	0	S100A12	c34
0	3.06888213600509	0.693	0.089	0	CTSS	c34
0	3.01653766283307	0.454	0.056	0	VCAN	c34
0	2.99752887452207	0.604	0.079	0	S100A8	c34
0	2.9589939394991	0.258	0.034	0	CYBB	c34
0	2.95058412695184	1	0.12	0	RN7SK	c34
0	2.90529437635917	0.755	0.112	0	PSAP	c34
0	2.85623513514376	0.708	0.104	0	FCER1G	c34
0	2.84474382228867	0.829	0.113	0	IFI30	c34
0	2.84379496717092	0.276	0.039	0	TKT	c34
0	2.84232477171254	0.78	0.12	0	LYZ	c34
0	2.84159362929238	0.332	0.046	0	CD68	c34
0	2.75782983870553	0.291	0.045	0	NAMPT	c34
0	2.75712121823852	0.265	0.038	0	MS4A7	c34
0	2.72224892815363	0.941	0.16	0	TYROBP	c34
0	2.56440016219165	0.339	0.057	0	TYMP	c34
0	2.5571159041329	0.318	0.053	0	TIMP1	c34
0	2.36701020382514	0.9	0.139	0	CST3	c34
0	2.33182344500845	0.775	0.202	0	SAT1	c34
0	2.31641261615883	0.991	0.447	0	FTL	c34
0	2.21742578670533	0.637	0.142	0	GPX1	c34
0	2.18199854756689	0.675	0.16	0	GABARAP	c34
0	-2.17667046326149	0.552	0.874	0	RPS27	c34
0	2.15473810465802	0.887	0.311	0	S100A6	c34
0	2.03324740888192	0.963	0.493	0	FTH1	c34
0	1.97726266540554	0.653	0.183	0	S100A11	c34
2.58371225261977e-294	2.27636241559518	0.353	0.068	5.36533686379022e-290	NPC2	c34
1.21625514059806e-281	3.3216695705678	0.154	0.016	2.52567542496592e-277	LILRB2	c34
1.76663573621718e-280	3.05545051172	0.186	0.022	3.66859576982859e-276	CSTA	c34
4.95330296196334e-279	-2.92134759879378	0.168	0.707	1.02860289308131e-274	RPS3	c34
1.02667360680399e-271	1.80773296699181	0.56	0.165	2.13199041188916e-267	LGALS1	c34
3.46412518162245e-265	2.57226745566933	0.259	0.043	7.19360235215718e-261	GRN	c34
2.29644391286624e-264	-2.02917740775504	0.378	0.798	4.76879542945803e-260	RPS15A	c34
1.21746897217464e-262	2.82665001730339	0.215	0.031	2.52819606761785e-258	FGL2	c34
1.09443394979224e-260	1.47733554745547	0.837	0.404	2.27270154013856e-256	S100A4	c34
8.57000663577078e-259	2.87516948521418	0.199	0.027	1.77964757798416e-254	MAFB	c34
2.82104250574891e-247	2.80284353878367	0.2	0.028	5.8581768674382e-243	DUSP6	c34
8.04018914252011e-247	2.17693161467168	0.364	0.083	1.66962567733573e-242	TSPO	c34
1.19567976707398e-245	2.76151254549592	0.2	0.028	2.48294860430582e-241	PLAUR	c34
6.58537874057667e-236	3.02176480231601	0.161	0.02	1.36751974926815e-231	CFP	c34
1.38741029122776e-232	2.68566944586575	0.211	0.033	2.88109621076357e-228	CD14	c34
2.9698778932749e-227	-1.27165517187765	0.759	0.925	6.16724843317466e-223	B2M	c34
2.66536097123211e-224	2.71282426675543	0.203	0.031	5.5348885928606e-220	MNDA	c34
1.90723210233053e-219	3.10984792926228	0.14	0.016	3.96055818369958e-215	PECAM1	c34
4.98332114285538e-219	3.36372931312128	0.111	0.01	1.03483646852535e-214	LILRB1	c34
1.66519062032551e-218	2.50879445488676	0.234	0.041	3.45793484216796e-214	BCL2A1	c34
3.65775504469244e-217	2.97730055440631	0.153	0.019	7.59569412580833e-213	CLEC7A	c34
4.95833179419459e-209	-2.2796531672439	0.222	0.674	1.02964718038245e-204	RPS4X	c34
9.06272672628351e-209	1.69202653651094	0.574	0.212	1.88196583198003e-204	S100A10	c34
2.20717215973074e-206	3.05693594690995	0.138	0.017	4.58341370689686e-202	MPEG1	c34
4.26963018161334e-206	2.41403722191515	0.246	0.047	8.86631403513826e-202	C10orf54	c34
8.81500454324027e-203	2.11961074255239	0.296	0.065	1.83052384344927e-198	HLA-DRB1	c34
1.87540162330402e-202	2.25177822012838	0.252	0.05	3.89445901095313e-198	MS4A6A	c34
1.92242263116561e-202	0.973277902673521	0.929	0.585	3.9921028358785e-198	COX3	c34
3.50907400921542e-202	-1.37324167648768	0.628	0.866	7.28694308753675e-198	RPL10	c34
2.33897538659686e-201	2.67303695944001	0.193	0.031	4.85711628780705e-197	FCGR3A	c34
3.72709077743581e-200	-2.04126580689345	0.278	0.698	7.73967670842321e-196	RPS27A	c34
4.58790131611408e-198	2.85039547269518	0.162	0.023	9.52723587304251e-194	FGR	c34
4.81330571893563e-198	-1.64252540824522	0.473	0.788	9.99531065594174e-194	RPL30	c34
1.10761029999897e-196	3.09295757333936	0.129	0.015	2.30006354897787e-192	SLC11A1	c34
4.09622815530553e-194	2.73398858877028	0.17	0.026	8.50622738730746e-190	APLP2	c34
9.2621644588047e-186	2.88091042499698	0.138	0.018	1.92338107151538e-181	C5AR1	c34
9.12348564949856e-180	3.31197047064569	0.1	0.01	1.89458302997487e-175	PILRA	c34
4.84919879968329e-179	-1.91941855617763	0.315	0.698	1.00698462274223e-174	RPS18	c34
2.43829823576236e-178	2.7847691796543	0.142	0.02	5.06337011638411e-174	G0S2	c34
6.54323461378536e-178	2.7583618396854	0.147	0.021	1.35876809989867e-173	LGALS2	c34
1.01052897422919e-171	1.80629257389484	0.354	0.099	2.09846446788434e-167	GSTP1	c34
5.70247487815104e-165	2.64212517705861	0.159	0.026	1.18417593319685e-160	FCGRT	c34
2.09259909281122e-163	-1.93264996584894	0.24	0.636	4.34549127613179e-159	RPS21	c34
4.67183238688568e-160	-1.37145546776424	0.625	0.829	9.7015271346068e-156	RPS12	c34
6.37416671070453e-160	2.63711984880575	0.151	0.024	1.3236594591449e-155	ASAH1	c34
1.67845556993423e-157	1.25449343719299	0.649	0.292	3.48548083652542e-153	ND2	c34
5.32345866338062e-156	0.791317620034662	0.78	0.39	1.10546942603762e-151	CD74	c34
2.93550760005283e-155	-2.68118793040292	0.114	0.521	6.09587508226972e-151	RPL3	c34
4.21336955594066e-155	-0.818468312776426	0.91	0.94	8.74948321986637e-151	RPL41	c34
1.14288446551833e-153	3.29892715513392	0.087	0.009	2.37331388109537e-149	CD300E	c34
1.87445949174406e-152	2.06216698736852	0.432	0.16	3.89250258055571e-148	IFITM3	c34
1.92971054747748e-150	2.17799306341109	0.275	0.072	4.00723692289174e-146	AHNAK	c34
2.16826784404005e-149	3.12982663568413	0.094	0.011	4.50262500493358e-145	NCF2	c34
7.17544162837243e-147	1.62607691755874	0.394	0.13	1.49005220854782e-142	COTL1	c34
1.23697322008865e-143	3.33226189749837	0.078	0.008	2.5686985888361e-139	LRRC25	c34
3.33881343135034e-142	0.646659324047323	0.904	0.589	6.93337997154211e-138	RNR1	c34
2.69957691567292e-141	-2.36894504796753	0.138	0.523	5.60594142308638e-137	RPS29	c34
5.4251029803778e-140	2.53505368341356	0.148	0.026	1.12657688490525e-135	GNAI2	c34
8.80224226634373e-140	1.78070602829234	0.328	0.1	1.82787362902894e-135	ATP6V0C	c34
1.48889275476846e-138	-2.11195459868294	0.168	0.546	3.09183469455218e-134	RPS25	c34
2.0437933437144e-137	3.14030441749141	0.086	0.01	4.24414125755733e-133	CSF3R	c34
2.4694829886176e-137	3.22644987413313	0.082	0.009	5.1281283741633e-133	CUX1	c34
6.41850122530974e-137	-6.00508542972321	0.009	0.389	1.33286596444782e-132	CCL5	c34
7.00135057884365e-137	1.32590401706724	0.614	0.296	1.45390046120267e-132	SRGN	c34
1.93849509800785e-136	2.36889878733902	0.169	0.033	4.0254789205231e-132	PYCARD	c34
2.13944247982521e-135	2.74205068821403	0.125	0.02	4.44276625360504e-131	LINC00936	c34
4.6309225261369e-135	2.76816824496115	0.109	0.015	9.6165737177759e-131	HMOX1	c34
1.57762781990536e-133	3.06328199726756	0.089	0.011	3.27610193081547e-129	HCK	c34
1.49246789875183e-131	-1.31664096816004	0.446	0.73	3.09925883854805e-127	RPL19	c34
1.58864183308172e-131	2.87727001165762	0.099	0.013	3.29897363057749e-127	WARS	c34
2.36137003238862e-129	2.09798458551545	0.211	0.05	4.9036210092582e-125	CTSB	c34
3.12584128744111e-127	1.25255495598038	0.632	0.329	6.49112201750021e-123	VIM	c34
1.15090167715687e-126	-1.7118521827643	0.219	0.578	2.38996242278396e-122	RPS7	c34
4.09405880515064e-125	3.25026574011953	0.071	0.008	8.50172251477583e-121	LILRA5	c34
2.53831503760001e-124	2.05889577715356	0.208	0.05	5.27106500708018e-120	FLNA	c34
9.86178196515851e-122	-1.06629631009942	0.616	0.816	2.04789764288482e-117	RPL13	c34
1.00636015300842e-120	-1.2290388298234	0.495	0.745	2.08980749373729e-116	RPL11	c34
1.02796265196224e-119	1.0932995347113	0.639	0.33	2.13466724306478e-115	ND1	c34
1.29159202681588e-119	3.37250997767962	0.062	0.006	2.68212000288586e-115	DMXL2	c34
2.39769419164758e-119	2.70304952850645	0.108	0.017	4.97905175837536e-115	PTPRE	c34
1.1066138308332e-116	-2.46167171118258	0.097	0.445	2.29799428110822e-112	RPL5	c34
2.13638992767928e-116	2.04326016521067	0.196	0.047	4.43642732381879e-112	GLUL	c34
4.3643854293336e-116	2.73389216482686	0.102	0.015	9.06308278255415e-112	CSF1R	c34
1.09571602357381e-115	3.15868294680626	0.071	0.008	2.27536389455337e-111	SLC7A7	c34
3.28006441537518e-115	-1.16425784654778	0.567	0.771	6.8113817649681e-111	RPL32	c34
4.33567168619978e-115	0.663850412342041	0.964	0.766	9.00345582356247e-111	ACTB	c34
5.70793421367765e-115	-6.33952473074069	0.005	0.339	1.1853096188123e-110	CD69	c34
1.66587816181031e-113	-1.65233551783974	0.22	0.556	3.45936259081529e-109	RPL7A	c34
5.80133973726641e-109	3.37437864387549	0.056	0.005	1.20470620984074e-104	ANPEP	c34
9.74385550179525e-108	-1.86262001721562	0.169	0.5	2.0234090335028e-103	RPL14	c34
1.78863069617602e-107	3.06884846256979	0.072	0.009	3.71427050367911e-103	LYN	c34
1.04577674306902e-106	-5.76156810335048	0.004	0.318	2.17165998465712e-102	IL32	c34
5.05342221851599e-106	1.86332625008094	0.222	0.062	1.04939365789703e-101	ANXA2	c34
9.42665280045198e-106	2.61021875948308	0.104	0.017	1.95753872054186e-101	TMEM176B	c34
7.66756461585101e-105	2.07551192861787	0.173	0.041	1.59224646812762e-100	TNFRSF1B	c34
2.2383779147019e-104	-2.14475131895132	0.134	0.46	4.64821557766997e-100	RPLP0	c34
2.56647335479777e-104	2.72284037066282	0.093	0.014	5.32953856857305e-100	RNF130	c34
1.49599926077595e-102	2.17793839744892	0.163	0.038	3.10659206492734e-98	SOD2	c34
1.02689926235732e-100	0.850919653836859	0.723	0.424	2.13245900821121e-96	ND4	c34
3.51782002799771e-100	-2.25716573392522	0.111	0.427	7.30510507014003e-96	RPS5	c34
5.33527930035809e-99	2.53743854276289	0.1	0.017	1.10792409951236e-94	CD163	c34
6.26723588501199e-99	3.17388515826037	0.06	0.007	1.30145420388159e-94	TNFAIP2	c34
6.52419962903551e-99	3.82269611241676	0.037	0.003	1.35481529496551e-94	NFIL3	c34
1.46359109770623e-98	2.45809919300709	0.113	0.021	3.03929327349676e-94	KLF10	c34
6.6179919606511e-98	3.25794128814685	0.056	0.006	1.37429221054881e-93	LRP1	c34
1.59044026126695e-97	2.75758960366504	0.082	0.012	3.30270824654695e-93	MARCKS	c34
2.98488197295541e-97	1.42015278913629	0.345	0.131	6.1984059050392e-93	ALDOA	c34
3.54021715560876e-97	1.59545213014441	0.289	0.1	7.35161494533715e-93	LCP1	c34
4.01525957835744e-97	1.4301924733005	0.351	0.135	8.33808804041705e-93	EMP3	c34
1.09930104323769e-95	3.08524841464009	0.061	0.007	2.28280854638739e-91	LILRA2	c34
1.01483662510196e-94	2.52004235394757	0.1	0.017	2.10740973568673e-90	LTA4H	c34
3.52242532006439e-94	-1.48528166640526	0.305	0.587	7.31466841964572e-90	HLA-A	c34
3.59290395420944e-94	2.10876164583103	0.149	0.034	7.46102435131132e-90	C1orf162	c34
1.62663566486872e-93	2.32014649843413	0.122	0.025	3.37787162166638e-89	ZEB2	c34
2.32992390419044e-93	2.74818847436396	0.085	0.013	4.83831997944187e-89	CD36	c34
1.45394788710304e-92	-1.36612817402249	0.296	0.585	3.01926818235818e-88	RPL36	c34
4.87191345669462e-92	2.82140992699192	0.075	0.011	1.0117015484172e-87	TGFBI	c34
1.09344975384249e-91	-3.26895918457376	0.038	0.328	2.27065775882932e-87	RPSA	c34
3.95028430880498e-90	2.39640893071821	0.111	0.022	8.20316039566442e-86	ZFAND5	c34
4.38176627720844e-90	0.543478039544452	0.944	0.804	9.09917585125104e-86	COX1	c34
6.09932762385081e-90	2.47226114307501	0.1	0.018	1.26658637436886e-85	KLF4	c34
1.53635012019492e-89	3.08678307115756	0.059	0.007	3.19038465959678e-85	CLEC12A	c34
3.62296147689114e-89	-1.28904517620653	0.363	0.623	7.52344180291215e-85	RPS3A	c34
9.18323329371435e-89	2.07899670536787	0.124	0.026	1.90699022577272e-84	CXCL8	c34
2.91238003613401e-88	3.13232769676858	0.057	0.007	6.04784838303589e-84	BACH1	c34
4.23221296644713e-88	1.36964142407782	0.339	0.134	8.78861344612411e-84	ARPC3	c34
7.06544718048241e-88	-2.37726484750518	0.144	0.434	1.46721076149898e-83	JUN	c34
1.1471465484541e-87	3.08720036293877	0.06	0.007	2.38216452251977e-83	THBD	c34
1.77188711494173e-87	2.10287390890329	0.121	0.026	3.67950078288799e-83	IL1B	c34
2.56227311083619e-87	1.93734816032185	0.165	0.043	5.32081634196243e-83	ANXA5	c34
1.53395297354494e-86	3.4900683629589	0.041	0.004	3.18540674486342e-82	TCF7L2	c34
3.45951736791294e-86	-1.42953572087858	0.245	0.532	7.18403376620801e-82	RPL18	c34
6.90905030180859e-85	-1.17862285874457	0.446	0.667	1.43473338567357e-80	HLA-C	c34
2.77605738882437e-84	2.76380242336319	0.073	0.011	5.76476077363269e-80	PGD	c34
4.27612811818814e-84	3.397533201644	0.043	0.004	8.87980765022949e-80	CDA	c34
8.34387968402531e-84	0.821944841665661	0.697	0.42	1.7326900551847e-79	SH3BGRL3	c34
1.98635586982029e-82	1.7539912072492	0.231	0.077	4.12486659926881e-78	NEAT1	c34
2.36759125380646e-82	-1.99824128529846	0.115	0.398	4.9165399976545e-78	RPL23A	c34
1.18636275490554e-81	-5.91997312949347	0.004	0.257	2.46360089683685e-77	CD3E	c34
1.33183814045504e-81	2.92028836803287	0.061	0.008	2.76569508246893e-77	RNF144B	c34
7.25153791969905e-80	-1.16024457565527	0.363	0.615	1.5058543644047e-75	RPL12	c34
2.29575695402052e-79	2.20216101512101	0.121	0.027	4.76736889071902e-75	HIF1A	c34
7.00072813265698e-79	-1.52770185803991	0.218	0.492	1.45377120402755e-74	RPS6	c34
1.66282596550062e-78	2.90750221307703	0.06	0.008	3.45302439995858e-74	HBEGF	c34
2.26618877116492e-78	-5.83715177762469	0.008	0.259	4.70596760220107e-74	NKG7	c34
8.33630284735498e-78	2.54694982614523	0.083	0.015	1.73111664928174e-73	TNFSF13B	c34
9.57182797758109e-78	2.93433269288993	0.059	0.008	1.98768579782449e-73	CD93	c34
1.92014713033294e-77	2.95309023212828	0.058	0.008	3.98737753084939e-73	ACSL1	c34
2.70322237049352e-77	-1.00007415204499	0.491	0.696	5.61351157456683e-73	RPL18A	c34
5.7844189702676e-77	2.58431157253921	0.078	0.013	1.20119244336577e-72	MIDN	c34
1.65579746246238e-76	2.43573462905396	0.09	0.017	3.43842901054938e-72	IRF2BP2	c34
5.29284054367762e-76	-1.22423036176479	0.312	0.566	1.09911126730009e-71	RPL29	c34
2.08072138011979e-75	-2.49597208729427	0.066	0.329	4.32082601795675e-71	IFITM1	c34
8.72111314394592e-75	1.72803936480512	0.237	0.085	1.81102635547181e-70	CTSD	c34
6.6091429941983e-74	2.40857791420399	0.088	0.017	1.37245463417522e-69	AP1S2	c34
1.31272530305858e-73	1.71117208832678	0.184	0.057	2.72600536433145e-69	LGALS3	c34
1.95401188159185e-73	3.30616303199105	0.04	0.004	4.05770107331363e-69	LRRK2	c34
1.97710480512525e-73	-7.10540162015361	0.001	0.233	4.10565583832309e-69	PTPRCAP	c34
4.99432384712447e-73	-0.902841441260414	0.451	0.682	1.03712129009387e-68	RPS15	c34
5.90345989654852e-73	3.15876900438346	0.046	0.005	1.22591248211727e-68	ITGAX	c34
7.67485020515347e-72	2.13489690877991	0.116	0.027	1.59375939360217e-67	TRAPPC5	c34
1.09939345897421e-71	1.95272968898668	0.137	0.036	2.28300045690585e-67	EVI2B	c34
1.19108227896349e-71	0.550672715089379	0.914	0.695	2.47340146049558e-67	TMSB10	c34
2.72082137612886e-70	-0.780428240991346	0.463	0.745	5.6500576696692e-66	RPS19	c34
7.04552654295661e-70	-1.02750883531897	0.487	0.669	1.46307404191037e-65	RPS23	c34
2.89463283380019e-69	-2.36829364738061	0.105	0.353	6.01099454266948e-65	TSC22D3	c34
3.1192469099003e-69	2.71801353420124	0.062	0.01	6.47742813309897e-65	CTSZ	c34
2.06799169934187e-68	2.56792625237024	0.07	0.012	4.29439156285333e-64	RAB31	c34
3.90090308361295e-68	2.0476058364586	0.118	0.029	8.10061534343066e-64	AP2S1	c34
4.74010789647677e-68	1.83643548405057	0.149	0.042	9.84330805782366e-64	NAP1L1	c34
5.4381834307769e-68	0.270228941320424	0.974	0.834	1.12929317123513e-63	RNR2	c34
1.03766113862235e-67	2.13623803054874	0.089	0.018	2.15480712046318e-63	CPVL	c34
1.13249514190399e-67	2.8917857913183	0.051	0.007	2.35173941167783e-63	PLBD1	c34
2.57393421203569e-67	3.09772462875257	0.044	0.005	5.34503178471332e-63	C19orf38	c34
2.69910288508776e-67	-0.618628486131069	0.788	0.86	5.60495705117325e-63	RPL28	c34
3.54722756764045e-67	2.30702529921454	0.092	0.019	7.36617276696217e-63	ATP2B1	c34
3.98805296013948e-67	3.09772462875257	0.043	0.005	8.28159077702565e-63	TREM1	c34
8.50125157950403e-67	0.510249189562747	0.883	0.71	1.76536990299981e-62	ND3	c34
1.04929504896724e-66	2.13815507796611	0.104	0.024	2.17896609868538e-62	PLEK	c34
2.25391519434626e-66	1.56344845611838	0.22	0.08	4.68048029257945e-62	RHOB	c34
3.13815598113131e-66	-4.95617696278527	0.008	0.228	6.51669471041728e-62	IL7R	c34
2.13191400805408e-65	2.68389795207177	0.061	0.01	4.42713262912511e-61	FAM26F	c34
2.94781993449736e-65	2.67261884755739	0.061	0.01	6.12144287597722e-61	FPR1	c34
3.18550343093084e-65	1.09923392605605	0.387	0.187	6.61501642467097e-61	ITM2B	c34
5.29589570892353e-64	1.4000453561517	0.234	0.088	1.09974570291506e-59	SERP1	c34
5.92768353818436e-64	3.1664534806732	0.039	0.004	1.23094276353936e-59	CPPED1	c34
1.66157671467087e-63	3.57584757220489	0.028	0.002	3.45043020568552e-59	LILRA1	c34
2.71057367754119e-63	2.15198622253904	0.096	0.021	5.62877729878204e-59	PPT1	c34
5.41005991606042e-63	-2.02931029358711	0.172	0.405	1.12345304216911e-58	FXYD5	c34
7.93782977379035e-63	-1.18534196564206	0.252	0.499	1.6483697308253e-58	RPL6	c34
3.51501272140434e-62	2.80591304726507	0.055	0.008	7.29927541726825e-58	EREG	c34
6.80446261832424e-62	-6.13800451894096	0.002	0.206	1.41301470732121e-57	CST7	c34
7.94162409418304e-62	2.03608404165296	0.109	0.027	1.64915765939805e-57	PGLS	c34
5.34952703480522e-61	2.70135249883361	0.056	0.009	1.11088278404765e-56	TBXAS1	c34
1.11594434329094e-60	1.47400627423484	0.217	0.081	2.31737002327796e-56	RGS2	c34
1.76110016861585e-60	1.50472330780134	0.195	0.068	3.65710061014767e-56	GNG5	c34
3.45343465577698e-60	2.05205300281838	0.105	0.026	7.17140240618648e-56	TALDO1	c34
5.32464359073615e-60	-1.37289816691166	0.246	0.489	1.10571548805227e-55	ND4L	c34
1.08950085011594e-59	-2.25777506273197	0.068	0.292	2.26245746535076e-55	EEF1B2	c34
1.47419630358828e-59	2.4171242827184	0.069	0.013	3.06131604403143e-55	KCTD12	c34
2.01517516712239e-59	3.7753497176615	0.023	0.002	4.18471275204636e-55	LOC100130520	c34
2.26985385517186e-59	3.12542261749116	0.037	0.004	4.71357851564989e-55	EMR2	c34
3.99185696715613e-59	-0.790889920435511	0.6	0.739	8.28949017799643e-55	RPL34	c34
7.35473655539516e-59	-1.94896603702305	0.104	0.332	1.52728459309336e-54	BTG1	c34
2.39984704979376e-58	2.53698071389962	0.061	0.011	4.98352238360172e-54	BLVRB	c34
7.8383434209806e-58	2.35173474754277	0.074	0.015	1.62771039480083e-53	HSBP1	c34
1.09849565786561e-57	4.12410718996361	0.017	0.001	2.28113608312373e-53	SULF2	c34
1.18493209915476e-57	1.91792449313436	0.107	0.027	2.46062999710477e-53	C1QA	c34
2.19258534166022e-57	3.53073244942625	0.026	0.002	4.55312272049162e-53	PLXNB2	c34
4.02728875622929e-57	-1.83572839885041	0.101	0.325	8.36306783118574e-53	RPL10A	c34
4.70798742475103e-57	3.02792223945385	0.039	0.005	9.77660668623799e-53	ZNF385A	c34
8.13981887084451e-57	2.18638108629946	0.079	0.017	1.69031478671957e-52	CEBPD	c34
9.0334709283872e-57	-4.25405304366413	0.018	0.216	1.87589057298889e-52	DUSP2	c34
2.38113548603047e-56	2.83102438758219	0.046	0.007	4.94466595029088e-52	ODF3B	c34
2.52934389589064e-56	2.52285960565496	0.06	0.011	5.25243553420651e-52	FCGR2A	c34
3.90926071752384e-56	3.25950305075155	0.032	0.003	8.11797080601e-52	PRAM1	c34
9.40747163110861e-56	-6.8063189201057	0.001	0.186	1.95355555891601e-51	CD3D	c34
1.17744786182754e-55	-0.920052862900278	0.377	0.589	2.44508822987107e-51	RPL35A	c34
2.74384536366388e-55	1.72695492777295	0.136	0.041	5.69786928218441e-51	RHOG	c34
2.99893658245176e-55	2.22495829104207	0.08	0.018	6.22759170711933e-51	VASP	c34
4.3384031568652e-55	2.29288217536982	0.073	0.015	9.00912799554628e-51	POU2F2	c34
7.56350996304932e-55	0.799615066030521	0.529	0.312	1.57063847892682e-50	SERF2	c34
1.27245282421359e-54	-0.726926339728992	0.836	0.862	2.64237553476194e-50	EEF1A1	c34
2.34683936105571e-54	2.63917350757372	0.053	0.009	4.87344661716828e-50	PLXDC2	c34
5.21979753498353e-54	1.67960961336349	0.14	0.043	1.08394315611468e-49	PRELID1	c34
7.03859560308947e-54	-5.6987875924661	0.004	0.186	1.46163476293756e-49	CD7	c34
9.23002524964391e-54	1.71900989006933	0.137	0.042	1.91670704334105e-49	ATP6V0B	c34
9.71003807801594e-54	3.01007194671758	0.037	0.005	2.01638650728079e-49	IFNGR2	c34
1.30731197150552e-53	-1.3116417379285	0.182	0.406	2.71476404002836e-49	RPL35	c34
5.31236377803044e-53	-2.33248970829045	0.065	0.27	1.1031654621458e-48	ZFP36L2	c34
1.28276511948446e-52	-0.846033801601462	0.485	0.653	2.66379004712143e-48	RPS14	c34
2.84981281126735e-52	1.3105307457912	0.225	0.091	5.91792128387778e-48	TPM3	c34
3.58615264603771e-52	-2.06736886447932	0.116	0.327	7.44700458476191e-48	DNAJB1	c34
4.97322431476709e-52	-8.09054889916747	0	0.175	1.03273976120453e-47	GZMA	c34
6.53955733857395e-52	1.61376724608019	0.134	0.042	1.35800447692827e-47	SGK1	c34
9.07735546135998e-52	1.45150765212326	0.185	0.069	1.88500363510601e-47	RPS17	c34
1.51849378990232e-51	2.88173272543024	0.041	0.006	3.15330420411117e-47	ITGAM	c34
8.15735253430895e-51	1.79902542836734	0.116	0.034	1.6939558272746e-46	LRRFIP1	c34
1.03516753551376e-50	-2.28945101164744	0.059	0.257	2.14962890424788e-46	HSPA8	c34
1.33841052446199e-50	2.31202184044188	0.068	0.014	2.77934329509777e-46	IER5	c34
3.43934131709317e-50	1.53107431094333	0.157	0.054	7.14213617907568e-46	FKBP1A	c34
3.46769524393177e-50	-0.57949399735693	0.818	0.881	7.20101594354871e-46	RPLP1	c34
5.41220489103057e-50	1.26509866691138	0.235	0.1	1.12389846767141e-45	YBX1	c34
4.12629052952607e-49	-2.48342786942664	0.046	0.234	8.56865491361384e-45	SARAF	c34
4.99021578391072e-49	3.14578995657514	0.03	0.003	1.0362682096869e-44	CDKN1C	c34
8.02214849724565e-49	2.37289137436473	0.06	0.012	1.66587935693803e-44	LGALS9	c34
3.47843236977039e-48	2.97316646404881	0.035	0.005	7.22331265906519e-44	TIMP2	c34
3.87273063195888e-48	2.36551735789024	0.055	0.01	8.0421124303258e-44	NLRP3	c34
8.04565543995587e-48	2.36605689400919	0.057	0.011	1.67076080866124e-43	STAB1	c34
1.11267697879247e-47	0.334230785088115	0.944	0.849	2.31058501416045e-43	COX2	c34
1.62944014633581e-47	3.47865891427316	0.023	0.002	3.38369540788095e-43	C15orf39	c34
1.65869463635484e-47	1.21488144287089	0.229	0.098	3.44444528185447e-43	ITGB2	c34
4.33101543700451e-47	0.834208418850394	0.44	0.253	8.99378665648357e-43	MYL6	c34
4.50117479872491e-47	1.85280516814621	0.103	0.029	9.34713958703214e-43	ACTR2	c34
6.89595913363022e-47	-4.37163947791391	0.008	0.173	1.43201487368965e-42	LTB	c34
1.47470005438791e-46	-1.48334218896225	0.338	0.498	3.06236213294194e-42	JUNB	c34
2.97468914325129e-46	-2.16165433982655	0.059	0.244	6.17723947487563e-42	MYL12A	c34
5.81526242099592e-46	2.81541781408631	0.038	0.006	1.20759739434401e-41	CLEC4E	c34
7.31552544810577e-46	-2.64631493757077	0.037	0.214	1.51914201455364e-41	UBB	c34
7.83529439886198e-46	3.72294186526632	0.017	0.001	1.62707723486768e-41	LOC100507639	c34
1.4919678549263e-45	2.77377538007258	0.039	0.006	3.09822044753995e-41	SLC25A37	c34
2.46111307360926e-45	-3.37579313135087	0.05	0.229	5.11074740865698e-41	CCL4	c34
2.59264582959591e-45	2.1637633903154	0.069	0.016	5.38388832973887e-41	FOSL2	c34
3.30479893744416e-45	1.93120327847552	0.089	0.024	6.86274547349654e-41	SMAP2	c34
1.09901205960622e-44	0.927687074730459	0.354	0.188	2.28220844297827e-40	LAPTM5	c34
4.11483568067571e-44	2.19413703935892	0.065	0.014	8.54486777449117e-40	CECR1	c34
5.28298978480725e-44	1.63338723528379	0.129	0.043	1.09706565871307e-39	RHOC	c34
7.94645058160324e-44	2.20372979763304	0.064	0.014	1.65015992777573e-39	HLA-DRB6	c34
8.08233676528732e-44	1.18504635326196	0.226	0.099	1.67837805267957e-39	CD44	c34
9.88050922800273e-44	1.35212300661899	0.161	0.06	2.05178654628705e-39	CSTB	c34
1.1043295022737e-43	-2.21696378757016	0.056	0.232	2.29325064442158e-39	CXCR4	c34
3.87869999677447e-43	-1.17583931269976	0.184	0.384	8.05450841330186e-39	RPL24	c34
8.08908456156101e-43	1.33368313137175	0.382	0.234	1.67977930005376e-38	IFITM2	c34
8.46182481176474e-43	2.18456540013533	0.063	0.014	1.75718254041107e-38	CXCL16	c34
1.13754116931191e-42	2.59166892381154	0.043	0.007	2.3622179921931e-38	NUP214	c34
1.32356522417835e-42	-1.21127151802991	0.291	0.467	2.74851554452875e-38	RPS26	c34
2.93161998001989e-42	-0.765561966550662	0.424	0.595	6.0878020505093e-38	FAU	c34
6.48693815193796e-42	2.20039628722561	0.06	0.013	1.34707757663144e-37	NAAA	c34
6.68264820832991e-42	3.68171920253981	0.017	0.001	1.38771872694179e-37	SLC15A3	c34
8.42485205427499e-42	1.44370238555256	0.152	0.056	1.74950477759074e-37	LAMTOR4	c34
1.98043616543056e-41	3.47085775899307	0.02	0.002	4.11257374113311e-37	EMILIN2	c34
2.17038754647013e-41	-1.01584115693711	0.228	0.425	4.50702677899988e-37	RPL15	c34
2.295746933761e-41	3.53017799321617	0.019	0.002	4.76734808264809e-37	GPBAR1	c34
2.34619812274191e-41	1.17758132699253	0.229	0.105	4.87211502168585e-37	CALM2	c34
6.64971423493895e-41	1.05784887542464	0.26	0.125	1.38087965802742e-36	ARPC1B	c34
1.46869833628479e-40	2.06404579947771	0.069	0.017	3.049898965129e-36	MYO1F	c34
2.45962629708639e-40	0.790153269385044	0.384	0.216	5.10765996852959e-36	PABPC1	c34
4.48290987717021e-40	3.16460830690815	0.025	0.003	9.30921065093166e-36	SLC31A2	c34
6.68196533868879e-40	2.75191316242483	0.035	0.005	1.38757692223211e-35	YBX3	c34
7.53095074250667e-40	1.75902448058523	0.094	0.028	1.56387723118893e-35	TCIRG1	c34
1.14389545744421e-39	3.149475003383	0.025	0.003	2.37541330692864e-35	MIR22HG	c34
3.69823356434068e-39	2.30969371273516	0.051	0.01	7.67975181970986e-35	CAPNS1	c34
4.24951285766224e-39	2.31511866379407	0.056	0.012	8.82453840022141e-35	LIPA	c34
5.98156362048999e-39	-6.27966425276756	0.005	0.143	1.24213150143095e-34	GNLY	c34
9.21450103729494e-39	2.26547680367578	0.052	0.011	1.91348328540467e-34	IGSF6	c34
1.11700355890305e-38	1.17093320146288	0.205	0.091	2.31956959041808e-34	RNASEK	c34
1.29916733966078e-38	1.65134996314896	0.107	0.035	2.69785089753958e-34	PTP4A2	c34
1.76325097328849e-38	1.10268278383529	0.237	0.112	3.66156697113089e-34	SLC25A6	c34
2.56534752230854e-38	3.19595747498329	0.023	0.003	5.32720066482592e-34	SLC43A2	c34
3.5844426857643e-38	2.93235307702769	0.025	0.003	7.44345368125814e-34	RETN	c34
9.00452293040636e-38	1.21350961106306	0.218	0.102	1.86987923172818e-33	MCL1	c34
9.78512353673851e-38	3.05515983624612	0.025	0.003	2.03197875363912e-33	LYPD2	c34
1.44408902518359e-37	3.33641079367647	0.021	0.002	2.99879526969624e-33	NRGN	c34
1.62769898553058e-37	2.08327347245503	0.063	0.015	3.3800797133528e-33	GRINA	c34
4.76918724310147e-37	1.60144588633886	0.108	0.036	9.90369422902452e-33	PTPN6	c34
6.68195173119647e-37	1.65484623045331	0.096	0.03	1.38757409650026e-32	SERPINB1	c34
1.03522743480236e-36	-6.22776193765701	0.001	0.129	2.14975329111059e-32	CD2	c34
1.46146491293375e-36	1.87836847784742	0.084	0.025	3.03487803819822e-32	C1QB	c34
2.07584570305449e-36	1.99319932129192	0.066	0.017	4.31070118696296e-32	NINJ1	c34
3.2403984046979e-36	3.18185086298108	0.022	0.003	6.72901132719566e-32	GAS7	c34
3.48016904457633e-36	1.84460464184745	0.082	0.024	7.22691903796721e-32	PLIN2	c34
3.57304751867204e-36	2.04789286703761	0.065	0.016	7.41979047727436e-32	RTN4	c34
6.04057163442373e-36	-3.0949080841436	0.022	0.161	1.25438510560443e-31	DDIT4	c34
9.0806384711049e-36	2.42827672507511	0.041	0.008	1.88568538490964e-31	TMEM176A	c34
9.82456135667383e-36	3.22413600829488	0.021	0.002	2.04016841132689e-31	CD302	c34
1.01823882727579e-35	2.78642943366632	0.03	0.004	2.1144747487209e-31	UBE2R2	c34
1.05427213656312e-35	0.856433446537804	0.197	0.088	2.18930151878697e-31	HLA-DRB4	c34
1.09600377143184e-35	2.31364554138828	0.047	0.01	2.27596143175537e-31	NCOA4	c34
1.70975389289818e-35	1.62548126584645	0.066	0.017	3.55047493399236e-31	CXCL2	c34
2.14578133025049e-35	2.79484955327776	0.027	0.004	4.45592951039817e-31	H1F0	c34
2.55075814417672e-35	-5.70113311662849	0.002	0.127	5.29690436219739e-31	CD8A	c34
3.01438826054604e-35	2.91061726884605	0.026	0.004	6.2596786618499e-31	CCR1	c34
3.24163736452397e-35	2.25739846242663	0.047	0.01	6.73158415117048e-31	ALDH2	c34
3.4546206602955e-35	-0.788268504110232	0.477	0.611	7.17386526316964e-31	RPS8	c34
4.46301833302174e-35	2.98597627110012	0.025	0.003	9.26790387035295e-31	RBP7	c34
5.46942207320938e-35	-6.45281558147814	0.001	0.124	1.13578018772266e-30	KLRB1	c34
8.36166607065677e-35	-6.28009729945876	0.001	0.123	1.73638357623259e-30	CTSW	c34
8.82630403767208e-35	2.62818272365575	0.034	0.006	1.83287029646298e-30	NBPF14	c34
1.31098954455427e-34	2.24624913069845	0.041	0.008	2.7224008882214e-30	THBS1	c34
2.50692823320094e-34	-0.821611222287704	0.304	0.479	5.20588716906508e-30	RPLP2	c34
4.08834130329934e-34	1.16986724090518	0.179	0.079	8.48984955043141e-30	GPX4	c34
4.55820111654225e-34	3.08461613894644	0.022	0.003	9.46556043861163e-30	MGST1	c34
5.85522391038592e-34	3.05769310299164	0.023	0.003	1.21589579723074e-29	TET2	c34
8.12883479614742e-34	3.03755043665274	0.023	0.003	1.68803383376797e-29	AGPAT9	c34
9.75989236441266e-34	-4.81009861619108	0.004	0.125	2.02673924839393e-29	GZMB	c34
1.29005587381499e-33	1.4219270291746	0.127	0.048	2.67893002756421e-29	RNASET2	c34
3.83051350512225e-33	2.76302390601867	0.027	0.004	7.95444434473687e-29	ADM	c34
4.06787720589652e-33	1.27268967340342	0.15	0.062	8.44735380576471e-29	JUND	c34
4.69296631075371e-33	-1.14998203845213	0.163	0.329	9.74541384091115e-29	RPS16	c34
5.750453305185e-33	-7.29917462029762	0	0.116	1.19413913335472e-28	GZMH	c34
1.10429391965888e-32	3.0474859083607	0.022	0.003	2.29317675356363e-28	TLR4	c34
1.61264121654198e-32	-1.24013740989192	0.132	0.294	3.34881075027108e-28	EEF1D	c34
1.76431086706184e-32	2.01668360698238	0.058	0.014	3.66376794654061e-28	CD4	c34
2.01640942012318e-32	0.661803271586265	0.432	0.276	4.1872758018278e-28	CRIP1	c34
2.02982249135684e-32	2.70350505969577	0.03	0.005	4.2151293855516e-28	PTGS2	c34
2.90569846051014e-32	2.13036618043529	0.047	0.01	6.03397342309535e-28	CTSL	c34
5.47814751929006e-32	3.1199714153944	0.021	0.003	1.13759211385577e-27	PID1	c34
6.52927994920219e-32	-1.00820613830677	0.184	0.351	1.35587027425133e-27	GNB2L1	c34
7.47040337919378e-32	2.30423889561293	0.042	0.009	1.55130396572338e-27	MTSS1	c34
1.2784925635796e-31	3.04465217842772	0.021	0.003	2.65491765752939e-27	AQP9	c34
1.35910133472872e-31	1.04622526358825	0.207	0.1	2.82230983169765e-27	TCEB2	c34
1.60642489904305e-31	3.01384306453306	0.022	0.003	3.3359019453528e-27	CHP1	c34
2.60413594095665e-31	2.48660141587997	0.035	0.006	5.40774869499058e-27	THEMIS2	c34
4.48836248673946e-31	-3.48671796368197	0.011	0.128	9.32053353996317e-27	C12orf57	c34
9.28248287617702e-31	2.00174358695843	0.058	0.015	1.92760039406692e-26	NCF1C	c34
9.78842840844083e-31	2.58082952134292	0.031	0.005	2.03266504329682e-26	GNS	c34
9.81580612462688e-31	2.23885356185102	0.043	0.009	2.03835029984002e-26	BID	c34
1.78356388584653e-30	1.96129734156198	0.057	0.015	3.7037487653489e-26	PLEC	c34
2.26891491036329e-30	1.59931851674146	0.089	0.03	4.71162870286041e-26	LYST	c34
2.73684932029469e-30	2.28972434992246	0.04	0.008	5.68334129852395e-26	ETS2	c34
2.78001922070279e-30	0.517938632340146	0.525	0.362	5.77298791371142e-26	GAPDH	c34
3.0797927175806e-30	-6.32147205378939	0.001	0.108	6.39549755732788e-26	GZMK	c34
4.44404473220778e-30	-3.20076176674312	0.015	0.131	9.22850329090267e-26	SRSF7	c34
5.76622060942188e-30	2.23678437460065	0.042	0.009	1.19741337175255e-25	STX11	c34
8.69320245717207e-30	2.99646864491776	0.021	0.003	1.80523042225635e-25	MEGF9	c34
9.58635814496371e-30	-3.89459805895972	0.007	0.118	1.99070313238316e-25	IL2RG	c34
1.17537624916796e-29	3.44725394890279	0.015	0.001	2.44078631902219e-25	SIRPA	c34
1.52727449634034e-29	2.42304007670896	0.036	0.007	3.17153821910036e-25	OLR1	c34
2.07915294408018e-29	-5.98700351496617	0.001	0.106	4.31756900367691e-25	CD8B	c34
2.53171069238067e-29	2.78941614315434	0.025	0.004	5.25735042379769e-25	QKI	c34
3.14171985651067e-29	-2.08058094695005	0.038	0.164	6.52409545403006e-25	RAC2	c34
3.94989368937113e-29	2.08510469128463	0.048	0.012	8.20234923534808e-25	JARID2	c34
6.50089763613811e-29	3.13036618043529	0.018	0.002	1.34997640312044e-24	AMPD2	c34
6.55104109755198e-29	-1.92025540920081	0.049	0.179	1.36038919431764e-24	RGS1	c34
7.57572368333872e-29	2.72727428606236	0.026	0.004	1.57317478008212e-24	IRAK3	c34
1.12710055805009e-28	-2.1564194073576	0.036	0.158	2.34053701884681e-24	HINT1	c34
1.18850807124037e-28	3.40224421398522	0.015	0.001	2.46805586073775e-24	TTYH3	c34
1.95935024638687e-28	3.1696882242725	0.017	0.002	4.06878672164696e-24	LFNG	c34
3.23118210721562e-28	-2.32727722969727	0.029	0.147	6.70987276384396e-24	NPM1	c34
3.79219476108526e-28	2.23280249602483	0.05	0.013	7.87487164086965e-24	RNASE1	c34
5.30920245202648e-28	2.68979958064369	0.026	0.004	1.10250898118782e-23	SIGLEC10	c34
6.33590642899394e-28	3.21057128071308	0.016	0.002	1.31571432904488e-23	SLC2A6	c34
6.57246757809743e-28	3.88504736224933	0.01	0.001	1.36483861726771e-23	ALDH3B1	c34
1.00781089213812e-27	-3.56320341747883	0.009	0.114	2.09282009861402e-23	RARRES3	c34
1.73961529049404e-27	0.375745586540861	0.783	0.642	3.61248511223993e-23	RPS24	c34
2.06441851716223e-27	-3.42052145616908	0.01	0.114	4.28697149273909e-23	EVL	c34
2.39302362644837e-27	2.28477490135793	0.032	0.006	4.96935286268268e-23	FBP1	c34
3.7152005455234e-27	-5.78931193558131	0.001	0.098	7.71498545283389e-23	PCED1B-AS1	c34
7.33662970060135e-27	1.81879946237564	0.059	0.017	1.52352452362688e-22	CASP1	c34
7.86893709160385e-27	2.2051278935278	0.039	0.009	1.63406347644246e-22	F13A1	c34
1.00591725000539e-26	-2.28472993557975	0.029	0.142	2.0888877613612e-22	CIRBP	c34
1.11621676044151e-26	2.91156666587411	0.02	0.003	2.31793572473284e-22	NAIP	c34
2.4669682058931e-26	3.29779305002019	0.015	0.002	5.12290617635762e-22	DOK3	c34
2.4684187543725e-26	3.29322032023036	0.015	0.002	5.12591838532993e-22	RAB32	c34
2.79908736395598e-26	-1.44913114577969	0.078	0.207	5.81258481999098e-22	RPL36AL	c34
3.32570678717407e-26	2.01337581877505	0.047	0.012	6.90616271424567e-22	TPP1	c34
7.77990349431306e-26	1.18640838706001	0.131	0.057	1.61557475962905e-21	HLA-DMA	c34
8.13500967320295e-26	2.48367014138645	0.026	0.005	1.68931610873732e-21	IL1RN	c34
8.83918744130194e-26	-1.68625688321994	0.055	0.175	1.83554566406076e-21	MIF	c34
9.49835000843234e-26	2.07591106007235	0.044	0.011	1.97242736275106e-21	MFSD1	c34
1.0495842531422e-25	1.63810828255975	0.071	0.023	2.17956666007508e-21	CTSH	c34
1.46039418573627e-25	1.50953822715713	0.083	0.029	3.03265456609995e-21	CAST	c34
2.66077859697934e-25	-0.603540466995371	0.484	0.598	5.5253728344873e-21	RPL37	c34
2.85355939477707e-25	-2.13893659470802	0.04	0.152	5.92570143919407e-21	BTG2	c34
2.88411182981198e-25	2.18503618860594	0.037	0.008	5.98914662578757e-21	LY86	c34
3.35718068085285e-25	1.44450495055817	0.091	0.034	6.97152140185903e-21	ARRB2	c34
6.99556443263459e-25	3.49671418679955	0.012	0.001	1.4526989100809e-20	NFAM1	c34
8.95262586347737e-25	-1.34110232781109	0.082	0.208	1.85910228680971e-20	HNRNPA1	c34
1.25901620633918e-24	-4.39870426145135	0.004	0.094	2.61447305408394e-20	LDHB	c34
1.41080555184767e-24	2.75465072499366	0.021	0.003	2.92967880896687e-20	RAB20	c34
1.89654617865704e-24	2.46381992685129	0.028	0.005	3.93836779459921e-20	RABGEF1	c34
2.3169189483322e-24	2.32504429734846	0.037	0.008	4.81131388810664e-20	DAB2	c34
2.61920440280392e-24	2.08938659618164	0.039	0.009	5.43903986286262e-20	ATP6V1B2	c34
2.82651635067759e-24	-4.85883181573755	0.003	0.091	5.86954385381708e-20	LOC101929531	c34
3.09905737548943e-24	1.91948085931321	0.047	0.013	6.43550254594136e-20	EFHD2	c34
3.71434283031956e-24	-0.658482170839852	0.391	0.522	7.7132043214416e-20	PTMA	c34
4.73367214856019e-24	-1.61581563070251	0.058	0.174	9.8299435837001e-20	CALM1	c34
1.04709203849098e-23	1.64022449033887	0.07	0.024	2.17439132713037e-19	C1QC	c34
1.0821743908896e-23	-3.92382366165064	0.005	0.094	2.24724334012134e-19	LEPROTL1	c34
1.10342285684434e-23	1.62777927242466	0.071	0.024	2.29136790452296e-19	VAMP5	c34
1.80901976179073e-23	2.65382028353813	0.018	0.003	3.75661043733463e-19	VMO1	c34
2.24000976923301e-23	-3.04237598174676	0.012	0.104	4.65160428678928e-19	SNRPD2	c34
2.5358911817828e-23	-1.20348322676665	0.272	0.39	5.26603162809016e-19	ZFP36	c34
1.03494758046814e-22	0.532417973298335	0.419	0.281	2.14917214560014e-18	ATP5E	c34
1.32241341635927e-22	-1.40140425295847	0.072	0.187	2.74612370041166e-18	TOMM7	c34
1.59451497324867e-22	0.774635099447815	0.252	0.147	3.31116979344818e-18	RHOA	c34
1.83282008953857e-22	1.80492800630331	0.047	0.013	3.8060341979358e-18	SEPP1	c34
1.98831912062957e-22	2.26944842432623	0.03	0.006	4.12894348589937e-18	SCO2	c34
2.03571171529545e-22	2.05234392358319	0.038	0.009	4.22735894798253e-18	PPIF	c34
2.14572237502551e-22	1.4743642301232	0.076	0.027	4.45580708397798e-18	PLAC8	c34
2.25247558753468e-22	2.94689410585957	0.016	0.002	4.67749080507452e-18	CCNY	c34
2.42686575051745e-22	3.08920642820877	0.015	0.002	5.03962941752454e-18	OSCAR	c34
2.95312742244022e-22	2.6045725084731	0.022	0.004	6.13246440543936e-18	ATP13A3	c34
3.150914614013e-22	2.11981558033124	0.035	0.008	6.54318928745939e-18	LGMN	c34
3.21444404519301e-22	1.55938090627848	0.068	0.023	6.67511450424781e-18	GRB2	c34
4.8616879640705e-22	-0.57791493518139	0.437	0.556	1.00957812261888e-17	RPL8	c34
6.46301382274134e-22	2.38162986018838	0.026	0.005	1.34210945043047e-17	BRI3	c34
8.65102035627835e-22	1.59655387363594	0.056	0.017	1.79647088718476e-17	INSIG1	c34
9.33046876663278e-22	2.43425009985289	0.025	0.005	1.93756514407896e-17	OTUD1	c34
9.48447219397681e-22	-1.25235792634768	0.095	0.212	1.96954549580122e-17	RPL36A	c34
1.21698719893198e-21	-4.54786127361536	0.003	0.082	2.52719561730215e-17	ISG20	c34
1.50939084839764e-21	2.72942814129041	0.018	0.003	3.13440103578254e-17	CYP1B1	c34
1.66288144982157e-21	1.92521536069202	0.042	0.011	3.45313961869946e-17	ATP6V0D1	c34
2.01783534907295e-21	1.94452272175378	0.039	0.01	4.19023688588488e-17	TNFSF10	c34
2.0926529632673e-21	2.47163543501953	0.024	0.004	4.34560314352087e-17	AGFG1	c34
2.1370264867233e-21	1.63670946762224	0.058	0.019	4.4377492023296e-17	AGTRAP	c34
2.44723758765058e-21	1.33055259333588	0.088	0.035	5.0819335745152e-17	CMTM6	c34
2.56240008730254e-21	1.30932074910404	0.095	0.039	5.32108002129246e-17	SDCBP	c34
2.63549990121745e-21	1.90282458152586	0.042	0.011	5.47287909486816e-17	RNASE6	c34
2.82346349368918e-21	3.02169819333408	0.014	0.002	5.86320429099496e-17	HES1	c34
3.77738335159979e-21	2.20898378306233	0.029	0.006	7.84411426793212e-17	PHLDA2	c34
3.9972937119063e-21	-6.53988493675566	0	0.075	8.30078012214461e-17	PRF1	c34
4.17787346046724e-21	3.46514410779868	0.01	0.001	8.67577202800628e-17	ALDH1A1	c34
4.34333264818705e-21	1.45546155440134	0.073	0.027	9.01936457722524e-17	SAMHD1	c34
5.62251978635971e-21	0.784301857165141	0.237	0.139	1.16757245883546e-16	RPL7	c34
5.6336826938956e-21	3.26704459976417	0.012	0.001	1.16989054821436e-16	ADRBK2	c34
8.71821681363037e-21	1.45906959338899	0.07	0.025	1.81042490351848e-16	MAP3K8	c34
1.24740476664886e-20	2.43088128328213	0.025	0.005	2.59036073842303e-16	IRS2	c34
1.31607020881921e-20	-6.46290313940641	0	0.073	2.73295139563397e-16	KLRD1	c34
1.7502341952669e-20	2.60264763154861	0.02	0.003	3.63453632989125e-16	BCL6	c34
2.03315003866335e-20	1.21915870145298	0.103	0.045	4.22203937028831e-16	CAP1	c34
2.22004704433893e-20	1.72366303250998	0.051	0.016	4.61014969227421e-16	ARL4A	c34
2.75546645833879e-20	2.59784664528479	0.016	0.002	5.72200164738633e-16	MMP19	c34
2.95136139285877e-20	1.54847581976316	0.063	0.022	6.12879706841053e-16	JMJD1C	c34
3.4198685464484e-20	2.17178516510808	0.03	0.007	7.10169902355476e-16	IL17RA	c34
3.671121203158e-20	-0.88252535643018	0.177	0.302	7.6234502904779e-16	RPL21	c34
4.30713240748718e-20	1.48927149954867	0.067	0.024	8.94419115738787e-16	RAC1	c34
4.33209646220558e-20	2.36706643845562	0.025	0.005	8.99603151341611e-16	MAP3K2	c34
5.09278249323554e-20	-1.3800924830184	0.128	0.242	1.05756721254529e-15	HSPA1B	c34
6.64340361724308e-20	2.28714580582068	0.026	0.006	1.3795691951567e-15	DPYSL2	c34
8.369129425683e-20	2.79746380853263	0.016	0.002	1.73793341653733e-15	PTAFR	c34
1.08469996080884e-19	0.755760141347382	0.236	0.14	2.25248793861563e-15	ARPC2	c34
1.19841046697303e-19	0.290015271646151	0.768	0.636	2.4886191757162e-15	TPT1	c34
1.25110735519545e-19	1.62369185693244	0.055	0.018	2.59804953379887e-15	H2AFY	c34
1.74014688484812e-19	-3.34662789392641	0.009	0.085	3.61358902107562e-15	CCL4L1	c34
1.84332130802441e-19	3.25578163491135	0.011	0.001	3.82784102824348e-15	NRP1	c34
2.08187550996084e-19	2.8402594405025	0.016	0.002	4.32322268398468e-15	NADK	c34
3.31914320532038e-19	2.8308402881701	0.016	0.002	6.89253278016829e-15	IL13RA1	c34
3.55529704940982e-19	-6.23697609398134	0	0.068	7.38292985280443e-15	LCK	c34
3.66076884170285e-19	3.36658027331509	0.01	0.001	7.60195257668013e-15	CD300C	c34
4.28096562489063e-19	-5.23816525333471	0.002	0.071	8.88985321664787e-15	IFNG	c34
4.7130591023535e-19	-0.739434899928372	0.211	0.336	9.78713853194728e-15	RPL22	c34
4.82692348627879e-19	-6.24451414037179	0	0.068	1.00235893116065e-14	GZMM	c34
6.06037029940123e-19	3.00855411907533	0.012	0.001	1.25849649637366e-14	EMP1	c34
6.53595099739972e-19	1.64676494453385	0.051	0.017	1.35725558412003e-14	METTL9	c34
7.04142196898549e-19	2.56809040951224	0.019	0.003	1.46222168607953e-14	PTEN	c34
7.27153306059541e-19	1.08879598663631	0.119	0.057	1.51000655536324e-14	CD63	c34
8.93108811734474e-19	3.2326980217983	0.011	0.001	1.85462975844781e-14	LPCAT2	c34
1.03541048004799e-18	2.50171872269783	0.02	0.004	2.15013340286766e-14	CLEC4A	c34
1.08588427914076e-18	-2.96010359008239	0.011	0.086	2.25494729406369e-14	TAGAP	c34
1.11691401574205e-18	3.33961322571482	0.01	0.001	2.31938364508994e-14	FAM198B	c34
1.40455358758283e-18	-1.53290287303088	0.05	0.143	2.91669597997451e-14	LRRC75A-AS1	c34
1.4660600238959e-18	2.60035945495334	0.018	0.003	3.04442024562223e-14	MBD2	c34
1.53796608838292e-18	-1.74878128818068	0.037	0.125	3.19374037913596e-14	LOC101929876	c34
1.84719874740228e-18	1.68671189633708	0.047	0.015	3.83589291885558e-14	WASF2	c34
1.88736573580343e-18	2.49394137210611	0.02	0.004	3.9193036869694e-14	C9orf72	c34
2.18477622078797e-18	2.6940706593122	0.016	0.003	4.53690630008829e-14	RBM47	c34
2.9888042100951e-18	-1.93007397554894	0.034	0.119	6.20655082268349e-14	ALOX5AP	c34
3.57933594422733e-18	0.52424128608329	0.398	0.28	7.43284902178247e-14	PFDN5	c34
4.0697188752224e-18	1.17777623447269	0.096	0.043	8.45117821628684e-14	ARPC5	c34
4.25606001696232e-18	2.15198622253904	0.027	0.006	8.83813423122396e-14	RARA	c34
5.87594241363187e-18	-1.96948411983805	0.028	0.11	1.22019820161479e-13	RPL17	c34
7.10538962505519e-18	-6.21241538564426	0	0.063	1.47550520953896e-13	HOPX	c34
7.30884709174334e-18	1.48515406853017	0.059	0.021	1.51775518707142e-13	CANX	c34
9.19113590670149e-18	1.79734053813986	0.041	0.012	1.90863128238563e-13	PLSCR1	c34
1.17401304113458e-17	1.58378860429729	0.051	0.017	2.43795548122007e-13	HLA-DMB	c34
1.20749665722079e-17	1.24114086140624	0.084	0.036	2.50748755838468e-13	IQGAP1	c34
1.25445363076115e-17	1.67813783113287	0.046	0.015	2.60499840963861e-13	RAB24	c34
1.48971474028138e-17	3.04543012131036	0.012	0.002	3.0935416296683e-13	LILRA6	c34
2.01026719184272e-17	3.02687430228212	0.012	0.002	4.17452085058059e-13	CR1	c34
2.13119509337789e-17	1.15913655127245	0.099	0.045	4.42563973090854e-13	MSN	c34
2.13663636757108e-17	1.27344848368514	0.083	0.035	4.4369390808981e-13	ATP6V1F	c34
2.99459851382137e-17	-2.16561022321181	0.021	0.096	6.21858327380146e-13	CYTIP	c34
3.8117441955884e-17	2.56702372181789	0.017	0.003	7.91546799655887e-13	FAM49A	c34
3.91494627992928e-17	-3.50915873036728	0.005	0.071	8.12977744490114e-13	C9orf142	c34
4.03318642691758e-17	-2.95602817765227	0.009	0.077	8.37531493413705e-13	HMGN1	c34
4.68426643100121e-17	-4.63893835502115	0.002	0.064	9.72734767061711e-13	CLDND1	c34
4.8136820548768e-17	-2.26524883244404	0.019	0.093	9.99609215515716e-13	SNHG8	c34
7.07451320100243e-17	2.03642169340904	0.027	0.007	1.46909341132017e-12	SNX10	c34
7.60305438117793e-17	-0.995552865100808	0.088	0.188	1.57885027279541e-12	TNFAIP3	c34
8.19252208557712e-17	2.63917350757372	0.014	0.002	1.70125913629094e-12	MCEMP1	c34
8.48974864890319e-17	2.25142522986721	0.023	0.005	1.76298120443124e-12	CD86	c34
8.53477714998726e-17	2.54606410318224	0.017	0.003	1.77233182296635e-12	IL6R	c34
8.56277114872051e-17	1.82397178549757	0.038	0.011	1.7781450567433e-12	AHR	c34
8.87003179472826e-17	1.82604227247444	0.037	0.011	1.84195080249327e-12	MRC1	c34
9.51897937287946e-17	-1.13491399445458	0.108	0.207	1.97671125657215e-12	HLA-H	c34
1.06128089111324e-16	2.06054060978925	0.029	0.007	2.20385589848575e-12	FOLR2	c34
1.06659233715507e-16	-0.854326128633119	0.145	0.253	2.21488564733621e-12	RPL38	c34
1.09950080032648e-16	1.96493922525715	0.03	0.008	2.28322336195796e-12	MS4A4A	c34
1.16359738380636e-16	-5.07301542379846	0.003	0.064	2.4163263272123e-12	XCL1	c34
1.40129832968302e-16	1.6244998675308	0.046	0.015	2.90993611141976e-12	MGAT1	c34
1.4297662681031e-16	2.06499084560581	0.027	0.007	2.9690526323429e-12	SKAP2	c34
1.68834750173102e-16	2.06178841356747	0.027	0.007	3.50602242209463e-12	RIOK3	c34
1.75030013758163e-16	-6.01659417847128	0	0.058	3.63467326570202e-12	SEPT1	c34
1.80879557826645e-16	1.55879334195918	0.048	0.016	3.7561448978281e-12	MEF2C	c34
2.10532908309893e-16	2.31642359834293	0.021	0.004	4.37192637396323e-12	RASSF2	c34
2.11086046103857e-16	1.54251787641267	0.05	0.017	4.38341283339269e-12	STXBP2	c34
2.19236083379114e-16	-4.50448224315781	0.002	0.061	4.55265650745068e-12	CD3G	c34
2.3437726064182e-16	-0.994661120847414	0.105	0.205	4.86707819448802e-12	EEF1G	c34
2.51790819612276e-16	1.31484532056587	0.069	0.028	5.22868816006853e-12	CNPY3	c34
2.57680872413507e-16	1.68989133004057	0.041	0.013	5.35100099653889e-12	ATP1B3	c34
3.09919338158595e-16	1.9850261920135	0.029	0.008	6.43578497620139e-12	NUDT16	c34
3.17952606661128e-16	-0.984677062814494	0.124	0.225	6.60260382992498e-12	HCST	c34
3.77304470628707e-16	-5.07330940139314	0.001	0.059	7.83510463707574e-12	ITM2A	c34
4.06387840345725e-16	-0.867643757340764	0.134	0.238	8.43904989261933e-12	RPL4	c34
4.21479779684417e-16	1.01547130941592	0.111	0.055	8.7524491049266e-12	VAMP8	c34
4.44256547409165e-16	-4.3143265454115	0.003	0.062	9.22543146349871e-12	BATF	c34
5.0444171370683e-16	3.1344987958102	0.01	0.001	1.0475236626836e-11	CHST15	c34
5.06868116829251e-16	2.09522807603631	0.026	0.007	1.05256233140762e-11	FAM110A	c34
5.18699807541295e-16	-5.12844507662072	0.001	0.058	1.07713202034025e-11	SOCS1	c34
5.19778787342696e-16	-4.47748886972629	0.002	0.06	1.07937262979584e-11	LIME1	c34
5.52452699426941e-16	-5.02925695570931	0.001	0.058	1.14722327562999e-11	SPOCK2	c34
5.6748378412841e-16	1.45572239241342	0.042	0.014	1.17843682612106e-11	C15orf48	c34
6.07658653128803e-16	0.873896955064868	0.105	0.051	1.26186395908727e-11	CD83	c34
6.09776678484391e-16	1.20814144268562	0.082	0.036	1.26626225054069e-11	SH3BGRL	c34
6.15998173675264e-16	2.46315829187483	0.018	0.004	1.27918180745405e-11	ABCA1	c34
6.31238804233393e-16	2.25372280428323	0.021	0.004	1.31083050087106e-11	C3AR1	c34
7.14936530781174e-16	2.19875068987497	0.023	0.005	1.48463719982019e-11	AGTPBP1	c34
7.5995865775561e-16	1.8586805378666	0.033	0.009	1.5781301486953e-11	MARCH1	c34
8.22132585410713e-16	-0.697653157372098	0.309	0.413	1.70724052686389e-11	H3F3B	c34
9.01389228615585e-16	-0.3893023926897	0.581	0.656	1.87182487214312e-11	RPL26	c34
9.71001462873446e-16	1.80651996491426	0.037	0.011	2.016381637803e-11	LAP3	c34
1.03402709838593e-15	-3.53709860063447	0.005	0.065	2.14726067250822e-11	RPS18P9	c34
1.26492421255414e-15	2.72817851363247	0.014	0.002	2.62674161978992e-11	ASGR1	c34
1.38754102872291e-15	2.40600062304872	0.018	0.004	2.881367700246e-11	STAT2	c34
1.58450594080492e-15	-5.9594675652778	0	0.055	3.29038503667551e-11	CD27	c34
1.67340033046665e-15	2.03272453029159	0.026	0.007	3.47498312624704e-11	SH3BP2	c34
1.75182897131463e-15	-0.584984531102381	0.284	0.395	3.63784804183196e-11	RPL9	c34
1.89704896381289e-15	-1.17108964534306	0.084	0.174	3.93941187825385e-11	HSP90AB1	c34
2.14615674651656e-15	-5.24200583193197	0.002	0.058	4.45670909981629e-11	XCL2	c34
2.44930653007691e-15	1.70863832723682	0.03	0.008	5.08622994035771e-11	PDK4	c34
2.47688357092367e-15	-1.04374467782933	0.087	0.178	5.1434964233801e-11	PCBP2	c34
2.67807578663856e-15	2.05123769053848	0.026	0.006	5.56129217853362e-11	MYO9B	c34
3.07399224992982e-15	-5.99552896607476	0	0.054	6.38345230620427e-11	LINC00861	c34
3.09072643177505e-15	2.55792971125941	0.016	0.003	6.41820250822406e-11	PPP1R9B	c34
3.29044896857157e-15	0.989635987989802	0.118	0.061	6.83294632813572e-11	CDC42	c34
3.66620311054587e-15	-3.19846790173894	0.006	0.065	7.61323737935954e-11	RPL21P28	c34
3.72520756174107e-15	-3.97754811311414	0.002	0.057	7.73576602271151e-11	STK17A	c34
4.34332656359596e-15	-2.87632417348433	0.009	0.069	9.01935194196336e-11	TUBA4A	c34
4.43035957309187e-15	2.85336877594355	0.012	0.002	9.20008468948257e-11	FGD2	c34
4.51634744421896e-15	-5.8977295370876	0	0.053	9.3786471026651e-11	CD247	c34
6.06251043883038e-15	-4.91659546281257	0.001	0.054	1.25894091772752e-10	RHOH	c34
6.21198968637985e-15	-3.30206582963484	0.005	0.063	1.28998177827364e-10	EIF4A2	c34
6.63672853091417e-15	1.89237690404782	0.031	0.009	1.37818304672964e-10	GCA	c34
7.87369951867709e-15	2.82905311539168	0.012	0.002	1.63505244204848e-10	KYNU	c34
8.2026426102479e-15	2.57486447503507	0.017	0.003	1.70336076444408e-10	VEGFA	c34
1.28677459957252e-14	1.8387302564771	0.031	0.009	2.6721161334723e-10	RNF13	c34
1.31324551512175e-14	1.5798076551905	0.041	0.014	2.72708563670183e-10	BNIP3L	c34
1.50797725085569e-14	1.61876729691189	0.04	0.013	3.13146555912692e-10	GPCPD1	c34
1.602892745955e-14	-0.703011158923267	0.172	0.275	3.32856707625014e-10	RPL27	c34
1.69595363759845e-14	-1.44992041925554	0.043	0.118	3.52181732383695e-10	HNRNPDL	c34
1.69885320359462e-14	1.04222910095865	0.099	0.049	3.52783856258459e-10	HCLS1	c34
1.74422397289556e-14	0.784906771017681	0.23	0.15	3.62205550211493e-10	MT2A	c34
1.74676594802207e-14	1.2249068846375	0.061	0.025	3.62733416766264e-10	IFI6	c34
1.76541334643338e-14	1.90869611276983	0.028	0.008	3.66605735520355e-10	DOCK2	c34
1.82972352139285e-14	1.90220791340752	0.028	0.008	3.79960386452439e-10	SLC16A3	c34
1.92576181424508e-14	1.53991187620065	0.045	0.016	3.99903698346133e-10	KDM6B	c34
2.37561355359643e-14	2.78941614315434	0.012	0.002	4.93319910539835e-10	MAP3K3	c34
2.49401588614605e-14	-0.82831837388273	0.137	0.233	5.17907338917089e-10	TMA7	c34
3.19515764513098e-14	1.30358089322496	0.06	0.025	6.635064365879e-10	AMICA1	c34
3.49676106882703e-14	2.15933567827459	0.021	0.005	7.26137403552622e-10	ALOX5	c34
4.26615866514417e-14	-2.54187989094241	0.011	0.069	8.85910508403839e-10	SSR2	c34
4.86549577564522e-14	-3.09099419633258	0.01	0.067	1.01036885277049e-09	TNF	c34
5.0252862984706e-14	1.05964398053006	0.085	0.04	1.0435509527404e-09	IER3	c34
5.70519413312043e-14	2.44344903669936	0.016	0.003	1.18474061368379e-09	FCGR1A	c34
6.01266501982544e-14	-0.975862203858272	0.195	0.295	1.24859001801695e-09	HSPA1A	c34
6.34011180573223e-14	2.06031841314389	0.021	0.005	1.31658761757835e-09	PLTP	c34
6.42297842012097e-14	2.06787088799567	0.023	0.006	1.33379569872232e-09	RAP2B	c34
7.95159019997265e-14	1.92457572643597	0.026	0.007	1.65122722092632e-09	CLTC	c34
8.12285563282662e-14	-1.55430622184748	0.037	0.107	1.68679220071278e-09	PPIB	c34
8.5211777617548e-14	1.6936212915961	0.035	0.011	1.769507774006e-09	CRTAP	c34
9.55767046626896e-14	-5.7450475491523	0	0.048	1.98474584902541e-09	LAT	c34
1.10701428689902e-13	-2.28798820856676	0.02	0.081	2.29882586817451e-09	CITED2	c34
1.2281826451701e-13	-0.605838172294723	0.222	0.325	2.55044408096024e-09	RPL37A	c34
1.23459292270612e-13	2.73193064849358	0.012	0.002	2.56375566329152e-09	FES	c34
1.54505220700077e-13	2.56409439077922	0.014	0.002	3.20845541305781e-09	MSRB1	c34
2.06237768160729e-13	-2.18945575978683	0.016	0.073	4.28273349362571e-09	CIB1	c34
2.15538165018819e-13	-5.81717213118983	0	0.047	4.4758655347808e-09	ZNF683	c34
2.27813038496577e-13	-3.86495791853439	0.003	0.052	4.73076555741993e-09	RPS14P3	c34
2.35750160850055e-13	-0.577613037079519	0.399	0.511	4.89558784021225e-09	ATP8	c34
2.58648662032823e-13	1.48535968902008	0.044	0.016	5.37109811577360e-09	TLN1	c34
2.68599679990652e-13	2.66943472275981	0.012	0.002	5.57774095468588e-09	CYP27A1	c34
2.99943037393937e-13	1.47768936111779	0.044	0.016	6.2286171145225e-09	GSTO1	c34
3.28828236529764e-13	-5.67533711575115	0	0.046	6.82844715977708e-09	CD96	c34
3.37031736572717e-13	-1.66433611986916	0.034	0.099	6.99880104166905e-09	DNAJA1	c34
3.41538071531607e-13	2.88992958362908	0.01	0.001	7.09237959342536e-09	SEMA4A	c34
3.76102816939102e-13	-0.272047353025405	0.804	0.832	7.81015109655738e-09	RPL39	c34
4.02146125366547e-13	2.22237555043044	0.018	0.004	8.35096643936171e-09	ARAP1	c34
4.15483850399583e-13	-4.72348219931737	0.001	0.048	8.62793763739774e-09	RPSAP58	c34
4.55119220818212e-13	2.52085354038496	0.014	0.003	9.451005739511e-09	PHC2	c34
4.75008147459415e-13	-4.42660891577305	0.002	0.049	9.86401919014221e-09	LOC101060038	c34
6.06869548164138e-13	2.03056642212419	0.022	0.006	1.26022530371765e-08	CCDC88A	c34
6.08323937646296e-13	-3.90805061322545	0.003	0.05	1.2632454889163e-08	DUSP4	c34
6.79680914222192e-13	-3.79338623746082	0.003	0.05	1.4114253864738e-08	TBC1D10C	c34
7.3644279580354e-13	-2.96378701473467	0.006	0.056	1.52929710976563e-08	HNRNPA0	c34
7.67137240078853e-13	-0.738506459487811	0.143	0.235	1.59303719274775e-08	ARHGDIB	c34
7.86905224992783e-13	1.88571979061895	0.026	0.007	1.63408739022001e-08	LY96	c34
8.09525506224832e-13	-3.78766465533977	0.003	0.05	1.68106066622649e-08	ETS1	c34
9.088412741989e-13	1.68369607772164	0.032	0.01	1.88729979000144e-08	VMP1	c34
9.55476694267854e-13	1.89482838304192	0.025	0.007	1.98414290331663e-08	OAS1	c34
1.03274275850101e-12	2.19277183738555	0.018	0.004	2.1445936123032e-08	TNFSF13	c34
1.05052942254934e-12	-0.846413450019112	0.11	0.195	2.18152939886596e-08	BTF3	c34
1.05914434200333e-12	0.830112683231901	0.115	0.062	2.19941914060411e-08	PKM	c34
1.0665294734843e-12	-1.13666826730393	0.062	0.136	2.2147551046375e-08	YWHAZ	c34
1.07925933247322e-12	-0.934377905387449	0.087	0.167	2.24118992981388e-08	RPL31	c34
1.08421770313191e-12	2.18932864949607	0.018	0.004	2.25148648232371e-08	BLVRA	c34
1.10804882668295e-12	-2.98968481527586	0.006	0.056	2.30097419348981e-08	LINC00152	c34
1.17034685768366e-12	1.97396375339814	0.023	0.006	2.43034228466588e-08	MYD88	c34
1.19534532975993e-12	2.1807564612287	0.018	0.004	2.48225411177947e-08	RGS18	c34
1.22194599152132e-12	2.73830273090618	0.011	0.002	2.53749304599317e-08	ZMIZ1	c34
1.30185801857332e-12	-4.43492982626787	0.002	0.047	2.70343836136936e-08	CD79A	c34
1.31503744357564e-12	2.1807564612287	0.018	0.004	2.73080675532918e-08	GNAQ	c34
1.3275840892424e-12	-1.93227418667295	0.019	0.076	2.75686111972076e-08	SNHG6	c34
1.69218958153001e-12	1.00292467178976	0.085	0.042	3.51400088500522e-08	CARD16	c34
1.77472465590086e-12	2.63039262203151	0.012	0.002	3.68539322044372e-08	SH2B3	c34
2.15859848270635e-12	-3.46458951603429	0.004	0.05	4.48254560918801e-08	HNRNPA1P10	c34
2.21196113299607e-12	2.1637633903154	0.018	0.004	4.59335848877964e-08	SCIMP	c34
2.31853214677407e-12	-4.70629808280533	0.001	0.045	4.81466385599104e-08	TIGIT	c34
2.76807899071435e-12	-5.57360864365961	0	0.043	5.74819283211742e-08	SH2D2A	c34
2.98681585379526e-12	-2.66163857049464	0.008	0.057	6.20242180199123e-08	GYPC	c34
3.08781644031958e-12	2.19847112490153	0.017	0.004	6.41215961996764e-08	SCPEP1	c34
4.89682549594664e-12	-2.1128366439985	0.015	0.067	1.01687478248828e-07	GLTSCR2	c34
5.10084986360219e-12	1.9561777238218	0.022	0.006	1.05924248267563e-07	SMCO4	c34
5.23332910270974e-12	-3.18536372427143	0.006	0.053	1.08675312146871e-07	HIST1H4C	c34
5.23620466939247e-12	2.53881601967938	0.012	0.002	1.08735026164604e-07	CLEC5A	c34
6.83251958334686e-12	-1.13223369379804	0.063	0.133	1.41884101667781e-07	HMGB1	c34
8.03443248403381e-12	2.01768513082745	0.021	0.006	1.66843024963446e-07	CPM	c34
8.30119646551518e-12	-3.42930623030904	0.004	0.048	1.72382645802888e-07	PRDM1	c34
8.54771743631913e-12	1.53684557315286	0.036	0.013	1.77501900282603e-07	ADRBK1	c34
8.57264276261532e-12	2.65155723202956	0.011	0.002	1.7801949960847e-07	COLGALT1	c34
9.00569483552722e-12	1.16704306219308	0.065	0.03	1.87012258954558e-07	TPM4	c34
9.40451998863367e-12	1.85336877594355	0.024	0.007	1.95294262083967e-07	TRIB1	c34
9.74743771596593e-12	-4.07823928917108	0.003	0.046	2.02415291609749e-07	CXCL13	c34
9.92696988426669e-12	-4.79951173535802	0.001	0.042	2.06143456616682e-07	MS4A1	c34
1.06574411641039e-11	2.20550268339919	0.026	0.008	2.21312423213781e-07	APOC1	c34
1.21586221319075e-11	-0.816635459731821	0.111	0.191	2.52485947191191e-07	EEF2	c34
1.45834138271125e-11	-1.0518861108266	0.088	0.161	3.02839171533818e-07	PPP1R15A	c34
1.58957882047415e-11	-5.48940472428596	0	0.04	3.30091937859663e-07	FAIM3	c34
1.71174974831205e-11	1.99967718167669	0.02	0.005	3.5546195273448e-07	PLEKHO1	c34
1.82758680401739e-11	-0.709146086205039	0.129	0.212	3.79516675722252e-07	PPDPF	c34
2.19725736079178e-11	1.42694562083715	0.042	0.016	4.56282463542021e-07	EIF3A	c34
2.27882460830099e-11	1.25117526104723	0.052	0.022	4.73220718159784e-07	SRRM2	c34
2.36853718211303e-11	2.43628924512649	0.013	0.003	4.91850431237593e-07	PDLIM7	c34
2.37611653646526e-11	2.60635160031203	0.011	0.002	4.93424359962376e-07	NAGA	c34
2.67247708615481e-11	-2.23637614593722	0.012	0.06	5.54966591710908e-07	TRMT112	c34
3.05613284306651e-11	-1.04679364157545	0.068	0.136	6.34636546191191e-07	PNRC1	c34
3.15559267402248e-11	1.22201506592271	0.054	0.023	6.55290374687509e-07	IFNGR1	c34
3.42518402842681e-11	1.70218330509952	0.027	0.009	7.11273715343112e-07	RTN3	c34
3.68280562732504e-11	1.45353281742839	0.039	0.015	7.64771416570317e-07	LENG8	c34
3.75938063752526e-11	-0.972261204508623	0.076	0.146	7.80672983188495e-07	OST4	c34
4.22082187334268e-11	-5.41490316518207	0	0.038	8.76495870218341e-07	C12orf75	c34
4.46447979481126e-11	2.07447115691903	0.016	0.004	9.27093874190506e-07	P2RY13	c34
4.46691703209155e-11	1.37500267392151	0.042	0.016	9.2759999088413e-07	ACAP2	c34
4.94957253154123e-11	1.13072506872812	0.062	0.029	1.02782823189985e-06	GDI2	c34
5.00617225096046e-11	1.66248088106579	0.028	0.009	1.03958172963445e-06	CNIH4	c34
5.06407803762024e-11	-1.82682278964762	0.02	0.071	1.05160644529222e-06	CKLF	c34
5.23772391571293e-11	1.94696395818683	0.02	0.005	1.08766574833695e-06	RIPK2	c34
5.771092461548e-11	0.800023566450413	0.116	0.066	1.19842506056506e-06	COX5B	c34
5.80775798690703e-11	1.9496208558823	0.02	0.005	1.20603902356111e-06	ZNF106	c34
6.4410606606882e-11	-2.13636033425362	0.013	0.06	1.33755065679851e-06	FUS	c34
6.93494208108688e-11	1.83276741490967	0.023	0.007	1.4401100725585e-06	MAPKAPK3	c34
7.56037614738239e-11	-2.53321553382007	0.008	0.052	1.56998771076543e-06	RABAC1	c34
8.00353396670915e-11	1.33294949543381	0.043	0.017	1.66201386352682e-06	RILPL2	c34
9.0128553476902e-11	-4.41583076441732	0.001	0.039	1.87160954150135e-06	ACAP1	c34
9.45015251280857e-11	-1.49311135125682	0.029	0.083	1.96241867080983e-06	SOD1	c34
9.81473412376214e-11	0.335895567117031	0.4	0.305	2.03812768814045e-06	CFL1	c34
9.98054217606448e-11	0.518502355162232	0.248	0.174	2.07255938828155e-06	ATP5G2	c34
1.03947483321525e-10	-3.53843768701372	0.003	0.042	2.15857343865479e-06	PPP1R2	c34
1.16500194550226e-10	-1.71164607544224	0.021	0.071	2.41924304002999e-06	VAMP2	c34
1.34832478564759e-10	-1.03785929371342	0.062	0.127	2.79993124987578e-06	SRP14	c34
1.37282454925934e-10	2.35843710000647	0.013	0.003	2.85080745899195e-06	CREG1	c34
1.3733658271021e-10	-5.32532781120489	0	0.036	2.85193147656023e-06	LBH	c34
1.42135443068644e-10	2.52698336161654	0.011	0.002	2.95158461076346e-06	GAA	c34
1.43820169058746e-10	1.96080804359531	0.018	0.005	2.98656963067391e-06	SLCO2B1	c34
1.60303569063376e-10	1.67664821299239	0.026	0.009	3.32886391517007e-06	FBXL5	c34
1.89536563681758e-10	0.712182583853203	0.142	0.088	3.93591628141539e-06	RPL23	c34
1.93760243119154e-10	-2.8502113331652	0.005	0.046	4.02362520861235e-06	GIMAP7	c34
1.94764303179513e-10	1.7263060992997	0.025	0.008	4.04447551982576e-06	NOTCH2	c34
2.01530459627553e-10	2.14613349629361	0.016	0.004	4.18498152462578e-06	NBPF19	c34
2.0489737145421e-10	-1.75767407568957	0.019	0.067	4.25489881561814e-06	ANAPC16	c34
2.05490420728378e-10	-4.57726145846632	0.001	0.037	4.26721407684551e-06	KLRC2	c34
2.12852645005831e-10	-1.50069658612388	0.027	0.079	4.42009802619108e-06	SKP1	c34
2.13483173414888e-10	-1.70412684322693	0.023	0.073	4.43319157913356e-06	CYCS	c34
2.25813870017319e-10	2.59465484079508	0.01	0.002	4.68925082477965e-06	RXRA	c34
2.47767223259329e-10	-5.39434361857905	0	0.035	5.14513415820322e-06	PIM2	c34
2.56265201381128e-10	1.22893927802844	0.048	0.021	5.32160317188051e-06	DDX21	c34
2.78721647050639e-10	1.23639536784905	0.026	0.009	5.78793372265356e-06	CXCL3	c34
2.98418945563397e-10	1.81131974893272	0.022	0.006	6.1969678235695e-06	MAP3K1	c34
2.99797005540313e-10	1.20804203217458	0.05	0.022	6.22558461705015e-06	LAMTOR1	c34
3.18062289807999e-10	1.39307048787138	0.037	0.015	6.6048815101529e-06	LIMS1	c34
3.22020191849703e-10	-3.46595152978862	0.003	0.04	6.68707130395094e-06	FYN	c34
3.28047778033982e-10	0.739279201262791	0.134	0.082	6.81224015865366e-06	FYB	c34
3.41668445170583e-10	-1.90722914661639	0.031	0.083	7.09508693241233e-06	SSR4	c34
3.48703535225038e-10	-2.17783745628034	0.012	0.055	7.24117761248315e-06	SERTAD1	c34
3.59552147157314e-10	1.5716517419573	0.029	0.01	7.46645988786879e-06	USP3	c34
3.91595807106321e-10	0.182052633978573	0.604	0.487	8.13187853036986e-06	EIF1	c34
4.16265334576669e-10	-2.17978781698042	0.011	0.053	8.6441659378191e-06	CCND3	c34
4.26491068998424e-10	-1.83109079879469	0.017	0.063	8.85651353882127e-06	RPL22L1	c34
4.29356740085939e-10	-0.59917482601304	0.171	0.252	8.91602206462461e-06	PPIA	c34
4.32233666969963e-10	-5.24012173453468	0	0.034	8.97576432829825e-06	SKAP1	c34
4.94777073825763e-10	2.04493874016089	0.016	0.004	1.02745407150658e-05	TLR2	c34
5.54835061409664e-10	1.36024272607557	0.039	0.016	1.15217048852331e-05	ATOX1	c34
5.94490349359477e-10	-0.834288088203986	0.094	0.163	1.23451865947989e-05	CD99	c34
6.79169502671565e-10	-5.21476244605244	0	0.034	1.41036338924777e-05	FLT3LG	c34
7.24627779443814e-10	-4.28142110654169	0.001	0.035	1.50476204679302e-05	PVRIG	c34
7.56812764609131e-10	-3.14760154943602	0.004	0.04	1.57159738698732e-05	SEPT6	c34
8.09677391462922e-10	-5.3128334328062	0	0.033	1.6813760711119e-05	LAG3	c34
9.37689493002441e-10	-1.43661179889862	0.022	0.069	1.94720600116887e-05	CLEC2B	c34
9.61852892589581e-10	-4.25967976896938	0.001	0.035	1.99738371675152e-05	PIK3IP1	c34
1.01362787434248e-09	1.82049326361615	0.019	0.005	2.1048996438596e-05	TFRC	c34
1.08921160292653e-09	0.678499578696866	0.146	0.093	2.26185681463724e-05	LY6E	c34
1.10902650048587e-09	2.42207538590679	0.011	0.002	2.30300443090895e-05	RELT	c34
1.13089327188285e-09	-2.07058571662765	0.012	0.053	2.34841296839192e-05	GAS5	c34
1.2201586087595e-09	1.29967011521488	0.041	0.017	2.53378136694997e-05	MAT2A	c34
1.33938525893177e-09	1.82608586303661	0.02	0.006	2.78136742869771e-05	ARHGAP18	c34
1.34733607734221e-09	1.25660507534059	0.046	0.02	2.79787809820884e-05	NCF1	c34
1.35201865279589e-09	-3.43996428246783	0.007	0.045	2.80760193439595e-05	CCL4L2	c34
1.36910641422488e-09	-5.17630558426895	0	0.032	2.84308637977939e-05	ITK	c34
1.37298883907497e-09	-5.16178168602617	0	0.032	2.85114862322307e-05	OXNAD1	c34
1.40270695220111e-09	1.64270088106905	0.025	0.008	2.91286125694082e-05	CX3CR1	c34
1.45378520042691e-09	-2.47519668153361	0.007	0.045	3.01893034720651e-05	C19orf53	c34
1.56020603063246e-09	0.926455459654196	0.079	0.042	3.23992384321136e-05	ZYX	c34
1.59798218275084e-09	-3.10756185971876	0.004	0.039	3.3183698007004e-05	TSTD1	c34
1.89266975678272e-09	-3.82137865095749	0.002	0.035	3.93031801693499e-05	ICOS	c34
1.9358281905936e-09	1.90897887138495	0.019	0.006	4.01994082058668e-05	TLE3	c34
1.94765038027607e-09	2.38979898288303	0.011	0.002	4.0444907796813e-05	ADAM17	c34
1.97209523044076e-09	1.73132965075904	0.022	0.007	4.09525295553329e-05	HIPK3	c34
2.36278322296879e-09	0.86936708419026	0.088	0.049	4.906555640817e-05	C14orf2	c34
2.63656699461177e-09	2.37708793113348	0.011	0.002	5.47509502101079e-05	ITGA5	c34
2.66678842893627e-09	-4.18829813080525	0.001	0.033	5.53785285152906e-05	OCIAD2	c34
2.67606628042257e-09	-3.67451059321873	0.002	0.035	5.55711923792551e-05	PEBP1	c34
2.69316546448638e-09	-2.03266453740579	0.012	0.052	5.59262740355242e-05	KIAA1551	c34
2.71018423070569e-09	-4.35793357980486	0.001	0.033	5.62796857348343e-05	FGFBP2	c34
2.78773036768376e-09	-0.827561707113804	0.085	0.149	5.78900088153209e-05	COMMD6	c34
2.80110583662236e-09	1.57093877182127	0.026	0.009	5.81677638032999e-05	LINC00657	c34
2.91499610785004e-09	-2.24443819506391	0.009	0.047	6.05328091756139e-05	ATPIF1	c34
2.94320975514466e-09	-0.498996502738373	0.228	0.309	6.1118693775334e-05	RPS2	c34
3.06628325258134e-09	-3.72886651216795	0.002	0.035	6.3674438023104e-05	CMC1	c34
3.49443372458534e-09	1.67859648478191	0.023	0.007	7.25654107247392e-05	WAC	c34
3.54579632716275e-09	2.36448789435385	0.011	0.002	7.36320065298616e-05	NCOA1	c34
3.69726900598239e-09	-4.24200583193197	0.001	0.033	7.67774881782303e-05	H3F3C	c34
3.78012001564743e-09	1.70012378292123	0.022	0.007	7.84979722449345e-05	PARP14	c34
3.94735200013608e-09	-2.31430664740461	0.008	0.045	8.19707116348258e-05	UBE2D2	c34
4.02899964749962e-09	-3.30183646635281	0.003	0.036	8.36662066799771e-05	PARP8	c34
4.33984239610526e-09	1.55301686382401	0.026	0.009	9.01211671975218e-05	PTPLAD2	c34
4.35334127228459e-09	-3.34941408359381	0.002	0.034	9.04014848602619e-05	ITM2C	c34
5.15633872218673e-09	1.80909850901604	0.015	0.004	0.00010707652990493	LYVE1	c34
5.28214507076198e-09	-1.54669303773761	0.035	0.083	0.000109689024539443	RGCC	c34
5.35469476255246e-09	2.31642359834293	0.01	0.002	0.000111195591439164	CKB	c34
5.61940321430797e-09	-1.25507822253295	0.035	0.083	0.000116692527148319	GSTK1	c34
6.1629389944324e-09	-3.62081782445306	0.002	0.033	0.000127979591158383	ZAP70	c34
6.30068483997195e-09	1.13868939992559	0.048	0.022	0.000130840021386858	RNH1	c34
6.38366686432768e-09	1.11139956564965	0.047	0.022	0.000132563226104629	H1FX	c34
6.41000338225134e-09	1.46713266089213	0.029	0.011	0.000133110130235831	DPYD	c34
6.6625964425537e-09	-4.11662709274737	0.001	0.032	0.00013835547772607	ARHGAP15	c34
6.68089995653462e-09	-2.19200452913351	0.009	0.046	0.000138735568497398	SEPT7	c34
6.92021884188656e-09	1.79529270949101	0.019	0.006	0.000143705264470616	TMEM154	c34
7.20201315683645e-09	-2.50744412037652	0.006	0.041	0.000149557005214866	ARHGEF1	c34
7.27147718972134e-09	1.97902351045835	0.016	0.004	0.000150999495321753	CTDNEP1	c34
7.80618135744946e-09	0.657750870709508	0.144	0.094	0.000162103162068795	UQCRB	c34
7.97066349538288e-09	-3.26730600524504	0.003	0.035	0.000165518798145121	APOBEC3G	c34
9.01373251353204e-09	1.93968261882618	0.016	0.004	0.000187179169376006	FAM46A	c34
9.85953392856386e-09	1.10014729101943	0.05	0.024	0.000204743081560557	GNAS	c34
9.87712895246597e-09	-2.78565672872353	0.005	0.037	0.000205108459826908	CDC42SE2	c34
1.0197963230227e-08	-1.72130387887505	0.016	0.056	0.000211770904438894	RAN	c34
1.07053230469469e-08	-1.54935546189644	0.021	0.063	0.0002223067383929	SRSF2	c34
1.08945970514483e-08	1.90884280017138	0.016	0.005	0.000226237202370375	DICER1	c34
1.15092637155654e-08	1.22458720299469	0.037	0.015	0.000239001370317431	NR4A3	c34
1.16685021752097e-08	1.04406600636253	0.058	0.029	0.000242308116170405	RNF149	c34
1.19480674128595e-08	0.263727910068566	0.521	0.433	0.00024811356789544	RPS9	c34
1.20038304191227e-08	-3.62253302161261	0.002	0.032	0.000249271542483503	GeneID:102723863	c34
1.26200844606589e-08	1.11884199236882	0.047	0.022	0.000262068673910042	CEBPB	c34
1.26845557132631e-08	-2.48499199973208	0.006	0.04	0.000263407483941622	YWHAQ	c34
1.33520573382597e-08	-4.07847362605796	0.001	0.03	0.000277268822686301	SNHG12	c34
1.41471636840097e-08	1.80119331093069	0.018	0.005	0.000293780001062146	ETF1	c34
1.52416169314619e-08	-1.63754552909222	0.018	0.058	0.000316507417198738	RBM8A	c34
1.6172643658424e-08	-3.54121739245276	0.002	0.032	0.000335841118210833	BUB3	c34
1.6214618483433e-08	-3.55453085322838	0.002	0.032	0.00033671276742697	SYTL3	c34
1.64208872026815e-08	0.783635528224781	0.094	0.055	0.000340996143650885	NFKBIZ	c34
1.78526499812137e-08	-4.05222703647058	0.001	0.03	0.000370728129509883	SYNE2	c34
1.87492783106721e-08	-4.95321963850323	0	0.028	0.000389347513399418	TC2N	c34
1.91503541522205e-08	-1.93961041821831	0.012	0.048	0.00039767625432501	AES	c34
2.18471205406662e-08	-2.93319797002886	0.004	0.035	0.000453677305147475	LYAR	c34
2.18781747062219e-08	1.63179397720813	0.022	0.007	0.000454322175949403	GNA13	c34
2.38172625359363e-08	-4.93986838782845	0	0.028	0.000494589273821254	KLRG1	c34
2.48786993762185e-08	2.1696882242725	0.012	0.003	0.000516631071246554	MAP4K4	c34
2.4886930383898e-08	-2.21463452298431	0.008	0.042	0.000516801996352026	PDCD4	c34
2.50935251472995e-08	-2.455885338653	0.006	0.039	0.000521092143208821	CORO1B	c34
2.56899718555123e-08	0.742212029208938	0.097	0.057	0.000533477955551568	ENO1	c34
2.60076933527041e-08	2.09675670181865	0.013	0.003	0.000540075760162253	FOXO3	c34
2.78473455351184e-08	1.77128508713046	0.018	0.006	0.00057827797738227	CTNNB1	c34
2.81153672469485e-08	1.80771196874507	0.017	0.005	0.000583843716250132	TRIP12	c34
2.88442760663935e-08	-4.95398614611405	0	0.027	0.000598980236794728	LOC100506248	c34
2.90951730094072e-08	-4.91200067969115	0	0.027	0.00060419036271335	CLEC2D	c34
3.00715112549628e-08	-4.92717331498008	0	0.027	0.000624465002720557	FAM46C	c34
3.10745489584818e-08	-4.91567767614225	0	0.027	0.000645294083671833	KLRK1	c34
3.36006161446376e-08	-4.97377372784222	0	0.027	0.000697750394859545	KLRC3	c34
3.58827701043381e-08	-1.88048738411364	0.013	0.049	0.000745141603986685	NR3C1	c34
3.62957075591354e-08	-4.89666677826173	0	0.027	0.000753716663173005	CCDC107	c34
3.7099790533299e-08	1.5467493062542	0.024	0.008	0.000770414250214488	COMT	c34
3.75047279588294e-08	-2.71727532744837	0.005	0.035	0.000778823180793051	NOSIP	c34
4.02988581422728e-08	1.19748037629383	0.039	0.017	0.000836846088182437	CDC42EP3	c34
4.23079506882867e-08	-2.87998556467027	0.004	0.033	0.000878566903992962	TRAF3IP3	c34
4.27800123142858e-08	0.479077993179952	0.116	0.073	0.000888369735718459	LOC100996809	c34
4.67391123587362e-08	2.30986588232076	0.01	0.002	0.000970584407241515	APOBR	c34
4.72769387190018e-08	-2.38736175726275	0.006	0.038	0.000981752909438791	DDX24	c34
4.75350587838972e-08	0.71734311227053	0.109	0.067	0.000987113030706409	SLC25A5	c34
4.8297590044387e-08	1.3880047098171	0.028	0.011	0.00100294775486174	MXD1	c34
4.86438937497659e-08	0.4339468092556	0.115	0.072	0.00101013909760764	TUBA1B	c34
4.99637015729393e-08	-4.87389607466565	0	0.026	0.00103754622686366	ITGAE	c34
5.03521845250041e-08	1.93700517597749	0.015	0.004	0.00104561346384623	PIK3AP1	c34
5.42078753113295e-08	-3.47393046528917	0.002	0.03	0.00112568073871507	FAM177A1	c34
5.64683282956771e-08	-4.85978647525021	0	0.026	0.00117262130538803	SH2D1A	c34
5.69600847174593e-08	1.40036052380185	0.028	0.011	0.00118283311924276	SORL1	c34
6.06601267762692e-08	-4.84856348028372	0	0.026	0.00125966819263601	CBLB	c34
6.27003617322022e-08	1.58448826242977	0.022	0.008	0.00130203571173091	SYK	c34
6.32720064796036e-08	-3.11319999071401	0.003	0.031	0.00131390648655545	PIM1	c34
6.61462694451225e-08	-1.70153888095148	0.016	0.052	0.00137359343129741	CCNH	c34
6.87648586975709e-08	1.42406576797585	0.044	0.021	0.00142797105571376	CH25H	c34
7.21659956193939e-08	-3.90073644257077	0.001	0.028	0.00149859906503233	TNFRSF4	c34
7.53885893509e-08	-1.62077491838633	0.017	0.054	0.00156551944646079	SELK	c34
7.68111191454943e-08	-1.99875175898322	0.01	0.043	0.00159505970017533	ATP5D	c34
7.74193703751393e-08	1.02804662151092	0.052	0.026	0.00160769064521014	UPP1	c34
8.06331334592664e-08	1.63863748860383	0.019	0.006	0.00167442764941513	A2M	c34
8.58885000302511e-08	1.6743490969028	0.019	0.006	0.00178356059162819	FAM45A	c34
8.73143926489207e-08	1.66823597317619	0.02	0.007	0.00181317067774749	SLC40A1	c34
8.86111467345989e-08	-4.81351653318452	0	0.025	0.00184009907309068	LOC374443	c34
8.89008503028276e-08	-3.90197276085494	0.001	0.027	0.00184611505738852	MAT2B	c34
9.11505686075607e-08	2.17931080905128	0.011	0.003	0.00189283270770461	HNMT	c34
9.1663509798895e-08	1.75465072499366	0.017	0.005	0.00190348444448385	HOOK3	c34
9.73047708834296e-08	1.79168145593863	0.016	0.005	0.0020206308721653	NAGK	c34
9.92299003740605e-08	1.55792971125941	0.027	0.011	0.00206060811116774	PLD3	c34
1.01339157803471e-07	-1.45269043021932	0.019	0.056	0.00210440895094688	PHLDA1	c34
1.02280185883272e-07	2.09289147501663	0.012	0.003	0.00212395034005203	FAR1	c34
1.06361988077783e-07	-1.49978145818669	0.019	0.056	0.00220871304442325	CNN2	c34
1.15720434470375e-07	-3.38679417675281	0.002	0.028	0.0024030505422118	CD6	c34
1.18338388622636e-07	1.73606929925193	0.017	0.005	0.00245741497813767	MKNK2	c34
1.19384834485882e-07	-1.65187362769704	0.016	0.051	0.00247914547293383	EPC1	c34
1.20508881487655e-07	1.30345014189919	0.025	0.009	0.00250248743297264	SOX4	c34
1.23432450796714e-07	-2.45149796908952	0.005	0.035	0.00256319827324456	N4BP2L2	c34
1.25698589991286e-07	-2.63384498683269	0.005	0.033	0.00261025691975905	SPCS2	c34
1.27622537131574e-07	1.70978045293908	0.015	0.004	0.00265020960607426	FN1	c34
1.33520532378145e-07	-3.05365804505961	0.003	0.03	0.00277268737536455	RUNX3	c34
1.38194823102215e-07	-4.77701953445083	0	0.025	0.0028697536965406	SCML4	c34
1.42564343577399e-07	-4.06907033358062	0.001	0.026	0.00296049115872827	TNFRSF18	c34
1.45210058405717e-07	1.89637883460532	0.016	0.005	0.00301543207285311	OGFRL1	c34
1.51130059567095e-07	-4.77586399170512	0	0.025	0.00313836681697029	IL2RB	c34
1.56185879841002e-07	-4.79993812668398	0	0.025	0.00324335598077824	CD40LG	c34
1.59351928724794e-07	2.137398686316	0.01	0.002	0.00330910215189907	RRP12	c34
1.59546385031085e-07	-3.85350140309939	0.001	0.026	0.00331314023155551	PRDX2	c34
1.62194353808265e-07	2.10931560629302	0.011	0.003	0.00336812795118243	MCTP1	c34
1.64865412315519e-07	-1.75333962775243	0.013	0.046	0.00342359515214407	UXT	c34
1.72700089681447e-07	-2.00848897224858	0.009	0.04	0.00358629006232494	WIPF1	c34
1.85797567531988e-07	-3.01451369156069	0.003	0.029	0.00385827228736926	GPBP1	c34
1.97789332408875e-07	-3.44223216195713	0.001	0.026	0.0041072932768027	CLIC3	c34
1.98769925760472e-07	-2.62403214819094	0.005	0.032	0.00412765627834197	SNHG9	c34
2.00728115587362e-07	-3.83336980663444	0.001	0.026	0.00416832004828715	ARID5B	c34
2.06736374574535e-07	1.2654122838734	0.029	0.012	0.00429308755441478	LOC100509457	c34
2.07228825215264e-07	2.05010660851983	0.012	0.003	0.00430331378442018	CAMK1	c34
2.13530684288651e-07	-4.72378185557369	0	0.024	0.00443417818993814	SIT1	c34
2.31840020401383e-07	-4.05865542669294	0.001	0.026	0.00481438986365512	FKBP11	c34
2.53806722595372e-07	-4.70143745056927	0	0.024	0.0052705504014155	PRKCH	c34
2.64816363463731e-07	-3.82249832120452	0.001	0.025	0.00549917660368783	CXCR3	c34
2.67933776725234e-07	-0.829484597036719	0.063	0.112	0.00556391280747621	MYL12B	c34
2.74493791441481e-07	-1.16361851916001	0.021	0.057	0.0057001380730738	SAP18	c34
2.77243885060101e-07	1.73232617832221	0.016	0.005	0.00575724651715806	RASGEF1B	c34
2.79308116193596e-07	2.19061888214211	0.01	0.002	0.00580011234087622	SULT1A1	c34
2.91312625263069e-07	1.83877785368074	0.015	0.004	0.00604939797621288	CSGALNACT2	c34
2.9989738550997e-07	-4.69258559667333	0	0.023	0.00622766910750003	PTPN22	c34
3.12497883825456e-07	1.04846811312408	0.045	0.022	0.00648933105551942	TGFB1	c34
3.20399729136515e-07	-1.90108978448801	0.01	0.041	0.00665342077524886	C19orf60	c34
3.29282571495718e-07	-2.98106198586246	0.003	0.028	0.00683788187968008	LINC-PINT	c34
3.35266757134357e-07	2.16672276579594	0.01	0.002	0.00696214947865205	BASP1	c34
3.43569320700151e-07	0.293270308220122	0.31	0.243	0.00713456051365935	ND5	c34
3.67220388714931e-07	1.3823888488178	0.026	0.01	0.00762569859205427	MAP2K3	c34
3.7460012619006e-07	0.813067411218982	0.075	0.043	0.00777894622046279	EIF4G2	c34
3.7610501302901e-07	-4.68337099195488	0	0.023	0.00781019670056042	H2AFX	c34
3.79725049546291e-07	-2.37223125569853	0.009	0.039	0.00788537037887827	MT1X	c34
3.90091003857909e-07	-2.71952089247703	0.004	0.03	0.00810062978611334	H2AFV	c34
3.97697110961376e-07	0.693943465568161	0.096	0.059	0.00825857820622393	PRR13	c34
4.09498411269114e-07	1.49323641482803	0.013	0.004	0.00850364400841442	CCL2	c34
4.17555391867988e-07	-3.27236785828881	0.002	0.026	0.00867095526753064	DENND2D	c34
4.19031297921584e-07	-1.45078555545125	0.024	0.06	0.00870160393263962	KLF2	c34
4.20344021397686e-07	-3.76425737205714	0.001	0.025	0.00872886394834435	MZT2A	c34
4.32057419538429e-07	-1.98431722208369	0.009	0.039	0.00897210437413502	TSPYL2	c34
4.38458656570598e-07	-1.29267892916926	0.024	0.06	0.00910503246234504	ARL6IP5	c34
4.53183903783087e-07	-2.22538304054813	0.006	0.034	0.00941081694595959	ANXA6	c34
4.54302710105531e-07	1.42995467933638	0.024	0.009	0.00943405007805145	MAN2B1	c34
4.95031138294932e-07	-1.96472080915781	0.009	0.038	0.0102798166178326	HLA-G	c34
5.06177900623422e-07	-1.28870211316413	0.025	0.061	0.010511290284346	KRTCAP2	c34
5.0789938526708e-07	-1.2267509451599	0.026	0.064	0.0105470386344562	C19orf43	c34
5.41762969953366e-07	-1.61170747072242	0.016	0.048	0.0112502498340516	TUBB4B	c34
5.55802682453341e-07	1.53924473397332	0.02	0.007	0.0115417985038261	PABPC4	c34
5.64715896424802e-07	-0.90035605412916	0.053	0.098	0.0117268903051574	SUB1	c34
6.18381577269907e-07	-4.63352605347428	0	0.022	0.0128413118335869	PDCD1	c34
6.19599224121529e-07	1.60838400109775	0.018	0.006	0.0128665974881077	PICALM	c34
6.38063055421448e-07	0.881955049268738	0.064	0.036	0.0132500174088818	HNRNPU	c34
6.78115773080664e-07	-4.60810487423196	0	0.022	0.0140817521437931	TTC39C	c34
6.86702679776358e-07	1.40722225781243	0.024	0.009	0.0142600678482358	ATG3	c34
7.27101073354654e-07	-3.70963029330503	0.001	0.024	0.0150989808892828	C5orf56	c34
7.66311167712979e-07	-2.48528660164871	0.005	0.03	0.0159132177087277	CDK2AP2	c34
7.77011811477844e-07	2.11098885066685	0.014	0.004	0.0161354272771489	GPNMB	c34
7.9616103694746e-07	-1.10043196846519	0.03	0.068	0.0165330800932509	APRT	c34
8.04106665578816e-07	-2.88599590830517	0.003	0.027	0.0166980790174097	SRI	c34
8.61411731940766e-07	-1.83290688507075	0.01	0.039	0.0178880760254819	DAD1	c34
8.70778118843735e-07	-0.608439946386964	0.112	0.167	0.018082578415909	RPL27A	c34
8.90372814569143e-07	0.555264868248732	0.136	0.093	0.0184894818673428	COX6B1	c34
8.92449677544895e-07	1.3979195170944	0.024	0.009	0.0185326100038973	IQGAP2	c34
9.28608370628727e-07	-2.96923139231863	0.003	0.027	0.0192834814244761	CTLA4	c34
9.32799804911805e-07	-2.17980461897706	0.006	0.033	0.0193705207487985	NDFIP1	c34
9.38114672527315e-07	2.11436115023913	0.01	0.003	0.0194808892897022	ERGIC1	c34
9.42873503081799e-07	1.74525202699141	0.015	0.005	0.0195797111649966	RASSF4	c34
1.0165288087621e-06	-1.28668168474616	0.024	0.058	0.0211092372427537	EZR	c34
1.04289549514945e-06	0.890861406713882	0.057	0.031	0.0216567678522734	SEC11A	c34
1.05447817740401e-06	-2.29020594487882	0.005	0.031	0.0218972938319718	RALY	c34
1.05583377459651e-06	-1.7276088230979	0.016	0.048	0.0219254441632711	RNA45S5	c34
1.08924770318548e-06	-3.735420165994	0.001	0.023	0.0226193178043496	CCR7	c34
1.09199313245682e-06	-1.64595466911069	0.013	0.043	0.0226763293885982	SMDT1	c34
1.12569172642943e-06	-1.34925365045037	0.02	0.053	0.0233761143910335	SF1	c34
1.17240513419138e-06	-3.79338623746082	0.001	0.023	0.0243461650166182	KLRC1	c34
1.17402164928825e-06	-3.67099258018735	0.001	0.023	0.0243797335691197	PRKCQ-AS1	c34
1.26743698407652e-06	-2.045263772935	0.007	0.034	0.0263195964113331	PNISR	c34
1.3087727659688e-06	1.69646965390513	0.016	0.005	0.027177975258108	STAT6	c34
1.3124978875803e-06	-2.41996677494098	0.005	0.029	0.0272553311334926	ARPC5L	c34
1.36680735818814e-06	-2.60316190559223	0.004	0.028	0.028383121600135	UFC1	c34
1.38433938742161e-06	1.4900683629589	0.02	0.007	0.0287471917191972	PKN1	c34
1.47388134338806e-06	-1.68028633172289	0.012	0.041	0.0306066199767964	NHP2L1	c34
1.49299631733323e-06	1.42207538590679	0.022	0.008	0.0310035615257418	CD300A	c34
1.49667789726776e-06	0.923521510063971	0.051	0.027	0.0310800132146622	ZNF706	c34
1.53891388407871e-06	-3.14718455972334	0.002	0.024	0.0319570857167785	ECH1	c34
1.65329641063463e-06	0.736744158206205	0.078	0.047	0.0343323532632386	CD48	c34
1.66929148220359e-06	-2.82752611152761	0.003	0.026	0.0346645069194397	MZT2B	c34
1.7287772351569e-06	-3.61813373988185	0.001	0.022	0.0358997880652682	LOC642441	c34
1.80552684146088e-06	1.18709497602759	0.031	0.014	0.0374935703897766	C6orf62	c34
1.87420476841152e-06	-2.80589441074825	0.003	0.025	0.0389197362208337	TNFAIP8	c34
1.91090273266642e-06	-3.13130921274526	0.002	0.024	0.0396818061465508	RNF19A	c34
1.95592405449407e-06	-4.48304611684867	0	0.02	0.0406167189156238	RASAL3	c34
2.14391273936841e-06	0.42287120924639	0.201	0.15	0.0445204919457245	TAGLN2	c34
2.21772203442361e-06	2.05010660851983	0.01	0.003	0.0460532157668406	CEP170	c34
2.25920247953133e-06	-1.73088619375135	0.011	0.038	0.0469145986899476	BAX	c34
2.320501730826e-06	1.53007900559797	0.018	0.007	0.0481875389423326	RAB11FIP1	c34
2.34437114564473e-06	1.56585127556003	0.017	0.006	0.0486832112104585	UBR4	c34
2.35608020184123e-06	-2.12095643434845	0.006	0.031	0.048926361471435	CACYBP	c34
2.38959223933386e-06	-3.64020889234755	0.001	0.022	0.0496222724420069	UGP2	c34
2.49183716159533e-06	-3.60745545038985	0.001	0.022	0.0517454904976887	ODC1	c34
2.52705964784757e-06	0.884432332135197	0.09	0.058	0.0524769206472026	AREG	c34
2.56673745825011e-06	-0.918510054834658	0.039	0.077	0.0533008700580218	LDHA	c34
2.70871421372155e-06	-1.54625258740878	0.014	0.042	0.0562491593621418	MRPS21	c34
2.71111725755433e-06	0.617468019113949	0.094	0.06	0.0562990609703733	ID2	c34
2.7375036257827e-06	-4.45516363026332	0	0.02	0.0568470002930035	KLRC4	c34
2.75830506969568e-06	2.01354540046653	0.018	0.007	0.0572789630773005	APOE	c34
2.7925986424862e-06	-2.77036248864563	0.003	0.025	0.0579911034098685	CHD2	c34
2.80914970958392e-06	-1.89624145542819	0.008	0.034	0.0583348028692196	SNRPB	c34
2.81160559038231e-06	-4.43077536998884	0	0.02	0.058385801689879	BIN1	c34
2.81736426091967e-06	-1.58075065817197	0.013	0.041	0.0585053862422578	HNRNPF	c34
2.84447887539723e-06	-3.08323023915499	0.002	0.023	0.0590684483264989	AIP	c34
2.88095860245449e-06	-2.80135852164058	0.003	0.025	0.0598259863385699	MAPRE2	c34
2.92869418157299e-06	0.774228573335628	0.069	0.041	0.0608172633745448	WSB1	c34
2.99677394035318e-06	-2.53266833296356	0.004	0.026	0.0622310076453741	SNHG1	c34
3.01694641595438e-06	1.64191627463726	0.016	0.005	0.0626499092737087	FLII	c34
3.10198994190338e-06	-1.52015499250857	0.015	0.043	0.0644159231335656	SPCS1	c34
3.11261353111989e-06	1.51383836459075	0.018	0.007	0.0646365325872357	PTPN18	c34
3.17023719374345e-06	-1.29697637158332	0.02	0.051	0.0658331455652765	CUTA	c34
3.21931758611843e-06	-3.54811511280681	0.001	0.021	0.0668523489933354	RORA	c34
3.24087519312018e-06	-1.8355645572008	0.009	0.035	0.0673000142603336	CREM	c34
3.25300474594151e-06	-4.44028848360198	0	0.019	0.0675518965542213	BCAS2	c34
3.4354448936548e-06	-1.20165073207566	0.024	0.056	0.0713404486616356	PSMB8	c34
3.49653125810315e-06	-1.41511803070843	0.016	0.046	0.07260896810577	SEPW1	c34
3.50402713797178e-06	-4.41564529227708	0	0.019	0.0727646275471221	SIRPG	c34
3.62048043525815e-06	-4.40222824350242	0	0.019	0.0751828967185708	SLC38A1	c34
3.73220040905086e-06	-1.1579739602019	0.027	0.061	0.0775028736943502	YPEL5	c34
3.83231567840807e-06	-4.56393392681933	0	0.019	0.0795818673778221	TNFSF9	c34
3.97018820865012e-06	-4.38792911456476	0	0.019	0.0824449283408284	CAMK4	c34
4.01100072623986e-06	-3.06379337572575	0.002	0.022	0.0832924410810969	ZNRD1	c34
4.10728435048496e-06	1.99910370508573	0.01	0.003	0.0852918668221706	GGTA1P	c34
4.20270456426689e-06	1.67070507362636	0.015	0.005	0.0872733629815663	G6PD	c34
4.25767417407693e-06	-3.52009410088701	0.001	0.021	0.0884148618988816	SELM	c34
4.42604659003392e-06	1.62147150584027	0.016	0.005	0.0919112834886444	LAMP2	c34
4.50511131589989e-06	-3.51421612614229	0.001	0.021	0.0935531415859771	SNHG7	c34
4.51856620863589e-06	-3.51386961598309	0.001	0.021	0.0938325458885328	ANXA2R	c34
4.76765898471919e-06	1.48928580313068	0.018	0.007	0.0990052064766787	TACC1	c34
4.86429787156282e-06	1.08548246850885	0.034	0.016	0.101012009600874	MYO1G	c34
4.88047319703196e-06	-1.39434361857905	0.016	0.045	0.101347906409566	HLA-F	c34
4.93696681311241e-06	-0.933497391870386	0.04	0.077	0.102521052841092	GUK1	c34
4.93916136562146e-06	0.952445782589354	0.044	0.023	0.102566624918495	GLIPR2	c34
4.97932732449257e-06	-2.48566360434005	0.004	0.025	0.103400711220413	SPSB3	c34
5.09740526323127e-06	-1.54556340816325	0.013	0.04	0.105852717696261	NDUFB8	c34
5.3282906563039e-06	-2.15605148456488	0.005	0.028	0.110647283768807	TOMM5	c34
5.32978548460767e-06	-4.35154867883826	0	0.019	0.110678325373363	APMAP	c34
5.38589892966618e-06	-3.48162927898288	0.001	0.02	0.111843577173448	CD5	c34
5.47716870983999e-06	-0.89141234617992	0.05	0.089	0.113738885428537	HSPE1	c34
5.85453584101467e-06	0.511760835886499	0.162	0.118	0.121575291274511	ZFP36L1	c34
5.97901708656765e-06	0.333062824275399	0.234	0.18	0.124160268819664	CYBA	c34
5.99418461436057e-06	-1.76595142191083	0.009	0.034	0.124475237701812	ISCU	c34
6.04900114811059e-06	0.871261107597479	0.051	0.028	0.125613557841665	MTDH	c34
6.0654711925663e-06	-2.15045766527285	0.005	0.028	0.125955574784832	IGFLR1	c34
6.11660915766581e-06	1.64863383682279	0.015	0.005	0.127017505768088	PLCB2	c34
6.11971424598601e-06	1.50279139471654	0.017	0.006	0.127081986032146	METRNL	c34
6.33363513708717e-06	-4.33947584653769	0	0.018	0.131524267256752	SUPT3H	c34
6.4097610108468e-06	-2.99891683650968	0.002	0.022	0.133105097151245	DANCR	c34
6.67784627949859e-06	1.00950698707812	0.038	0.019	0.138672155840068	SET	c34
6.68200374324771e-06	-2.99063973382348	0.002	0.022	0.138758489732282	RANBP1	c34
6.80220579863127e-06	-4.31820142164983	0	0.018	0.141254605614377	PYHIN1	c34
6.8613603897933e-06	-2.99594254720332	0.002	0.022	0.142483009854448	DNAJB9	c34
6.8948724572367e-06	-1.20566876674644	0.022	0.052	0.143178921446977	PARK7	c34
6.96591780228427e-06	1.1350101178219	0.03	0.014	0.144654249082235	ARHGAP30	c34
7.17138548083108e-06	-1.34958782900751	0.016	0.043	0.148920990894938	PIK3R1	c34
7.27419659086311e-06	-1.91276019275996	0.007	0.031	0.151055966405863	FAM96B	c34
7.39309997361615e-06	-4.30664545427521	0	0.018	0.153525114052113	OPTN	c34
7.42793015198535e-06	-1.90267875305934	0.007	0.031	0.154248397536128	C11orf58	c34
7.59747057190808e-06	1.7264308513462	0.018	0.007	0.157769073896243	TWISTNB	c34
7.68603239877105e-06	-2.43941297328429	0.004	0.025	0.15960814879288	RNF167	c34
7.7273509671468e-06	-1.23164783332727	0.021	0.051	0.16046617018377	C9orf16	c34
7.77300307812403e-06	1.02867415597787	0.037	0.018	0.161414181920324	CLTA	c34
7.89921680181327e-06	-3.50133949584991	0.001	0.02	0.164035136106454	ATP5EP2	c34
8.02303523404764e-06	-3.43297627818211	0.001	0.02	0.166606349670233	IL16	c34
8.4640413197239e-06	-3.42857109906211	0.001	0.02	0.175764282045387	MATK	c34
8.62944882212414e-06	-1.71426238857213	0.01	0.035	0.17919913424023	SNHG15	c34
8.83847854447548e-06	-4.30944331227531	0	0.018	0.183539845454578	AQP3	c34
9.04083880958847e-06	-2.95568803971815	0.002	0.021	0.187742058719914	NAP1L4	c34
9.52032940089269e-06	1.56832755836473	0.016	0.006	0.197699160338938	KIAA1033	c34
9.54917681219349e-06	-4.28852849320593	0	0.018	0.19829820568201	GPR171	c34
9.83503505106792e-06	-1.16234300956904	0.023	0.053	0.204234337870476	NCL	c34
9.96592773333526e-06	-3.4322430151214	0.001	0.019	0.20695245531044	CXCR6	c34
1.03187285696621e-05	-2.10280373909125	0.005	0.027	0.214278717477603	NDUFV2	c34
1.07485496437665e-05	-2.02119322431873	0.007	0.03	0.223204381902455	BRE-AS1	c34
1.08163742776699e-05	-2.22799080971918	0.005	0.026	0.224612828250093	DGUOK	c34
1.1015185580375e-05	-2.40962305681636	0.004	0.024	0.228741343762067	KRT10	c34
1.10442524219318e-05	0.872584111341776	0.039	0.02	0.229344945793835	XIST	c34
1.13794084369569e-05	-0.773326006294009	0.056	0.094	0.236304795601847	PSMB9	c34
1.14875691907763e-05	1.59841063866214	0.015	0.005	0.238550861815661	HOTAIRM1	c34
1.15640762605649e-05	-1.33628192218495	0.016	0.043	0.240139607626891	TRAPPC1	c34
1.15773827343446e-05	-0.73175884481451	0.059	0.099	0.2404159298614	SUMO2	c34
1.18666413392917e-05	-4.28284538777806	0	0.017	0.246422674051731	CISH	c34
1.21999306551925e-05	-1.5834221531856	0.011	0.035	0.253343759985728	GTF3A	c34
1.24412997540253e-05	1.50361825561331	0.016	0.006	0.258356030692089	SNAP23	c34
1.24640497701618e-05	-2.60810487423196	0.003	0.022	0.25882845752718	SBDS	c34
1.26294614206662e-05	-2.08185054272346	0.005	0.027	0.262263395861554	ARF4	c34
1.26686535585603e-05	-4.23697609398133	0	0.017	0.263077259797062	RASSF1	c34
1.26702043784831e-05	-2.9309849289301	0.002	0.021	0.26310946412358	TMEM2	c34
1.2717648140368e-05	-2.61877837574642	0.003	0.022	0.264094681282881	CD82	c34
1.29738802984196e-05	-4.23235004557812	0	0.017	0.269415598276981	TRAT1	c34
1.30104031081608e-05	0.912603084769897	0.058	0.034	0.270174030944067	CD55	c34
1.31810396862804e-05	-2.29701139482883	0.005	0.025	0.273717470125299	DNAJB4	c34
1.33056900634851e-05	-1.83933743436316	0.013	0.038	0.276305959858331	XBP1	c34
1.34147699727805e-05	-2.0773015608047	0.005	0.027	0.278571113254759	TECR	c34
1.36830805626038e-05	-1.6990286898781	0.009	0.032	0.284142850963031	IDS	c34
1.37323847081302e-05	-4.39396708326675	0	0.017	0.285166700849032	LOC101928173	c34
1.40552389764119e-05	-2.61167148925216	0.003	0.022	0.29187109258417	DGCR6L	c34
1.41681019450196e-05	-2.20327533501586	0.005	0.025	0.294214804990277	TAP1	c34
1.48783569758628e-05	-4.24618392648515	0	0.017	0.308963960960767	NCR3	c34
1.51630327721828e-05	-3.34960826826883	0.001	0.019	0.314875538547147	RBL2	c34
1.53995607909419e-05	-3.65348241242366	0.001	0.019	0.3197872793847	SEC11C	c34
1.54988676455373e-05	0.532904817242259	0.112	0.077	0.321849485527227	COX8A	c34
1.55566405231918e-05	-0.423079193569759	0.231	0.286	0.323049197104601	KLF6	c34
1.56404689910241e-05	-0.604833136146703	0.186	0.236	0.324789979067606	IER2	c34
1.59964143989158e-05	-3.3468873014684	0.001	0.018	0.332181541407885	IKZF3	c34
1.67953913071932e-05	-0.24155639564958	0.911	0.89	0.348773095885174	MALAT1	c34
1.69981754700309e-05	-1.18180266071495	0.023	0.052	0.352984111810662	KMT2E-AS1	c34
1.7169149317077e-05	1.12583393468308	0.028	0.013	0.356534554718422	OSBPL8	c34
1.72698485910779e-05	1.81337316411636	0.011	0.003	0.358625675842323	HGS	c34
1.7300472271563e-05	-2.87704282607249	0.002	0.02	0.359261607191277	PSMB8-AS1	c34
1.78655848472659e-05	0.565275685846568	0.101	0.068	0.370996734938324	PSME2	c34
1.79748439502139e-05	-2.17900350608388	0.005	0.025	0.373265609470141	PRPF38B	c34
1.81794330715743e-05	-3.32966556093981	0.001	0.018	0.377514107164313	RAD21	c34
1.8223939437361e-05	1.16494641214543	0.026	0.012	0.378438326356239	TMEM167A	c34
1.82745906783027e-05	-2.5712793004512	0.003	0.022	0.379490150025635	PBXIP1	c34
1.83556764299678e-05	-2.04970227685671	0.005	0.026	0.381173976744711	CCT4	c34
1.85342646320056e-05	0.999763222830191	0.036	0.018	0.384882539348228	CAPZA2	c34
1.86047066638312e-05	-2.64622871128852	0.003	0.022	0.386345338581118	RPL19P12	c34
1.86363192413333e-05	1.20380216577235	0.025	0.011	0.387001805365528	PRKCB	c34
1.89095408916979e-05	-2.86405198755273	0.002	0.02	0.392675526156998	RHOF	c34
1.92771048336738e-05	0.862633405866672	0.047	0.026	0.40030835897607	FAM65B	c34
1.9448624376559e-05	-4.17433364146547	0	0.016	0.403870133803625	SAMD3	c34
1.97681979360694e-05	1.61623669629657	0.014	0.005	0.410506398340417	COPA	c34
2.01598981182013e-05	-2.62038870635326	0.003	0.021	0.418640444322568	SNORA78	c34
2.03718957624068e-05	-1.24884363880865	0.018	0.045	0.423042787402139	GNG2	c34
2.09115438497944e-05	-2.02518151878441	0.005	0.026	0.434249119584832	DHRS7	c34
2.16490837579482e-05	-4.15490905739084	0	0.016	0.449564873317551	GCC2	c34
2.20388619731865e-05	-2.32808970601428	0.004	0.023	0.457659007735192	DEF6	c34
2.22401667822872e-05	1.86088105111858	0.01	0.003	0.461839303400975	DSE	c34
2.32017589735545e-05	-3.30063171050753	0.001	0.018	0.481807726844832	CHCHD10	c34
2.42397922648669e-05	1.8584865359782	0.01	0.003	0.503363526172226	GNA15	c34
2.50382571907894e-05	1.7169803070276	0.012	0.004	0.519944448823932	PRCP	c34
2.8317680849721e-05	-0.558361477403015	0.093	0.137	0.588044960525307	PSME1	c34
2.86237457091513e-05	-1.88546028734454	0.006	0.027	0.594400703396237	ARHGAP9	c34
2.95415231491659e-05	1.8465732144347	0.01	0.003	0.613459269715579	NUMB	c34
2.97842473227629e-05	-2.51905854990998	0.003	0.021	0.618499679904494	RPL13AP5	c34
2.98635334308891e-05	-4.10838832964162	0	0.016	0.620146135225843	SVIP	c34
3.01276159045957e-05	-1.51432272791135	0.011	0.034	0.625630071874834	TMEM50A	c34
3.08844497601134e-05	1.0112873596293	0.026	0.012	0.641346483718515	GSN	c34
3.09503129880156e-05	-4.09917862686344	0	0.016	0.642714199509132	HMOX2	c34
3.12404936759637e-05	-3.27264096667408	0.001	0.017	0.648740091675061	METTL12	c34
3.13390681856095e-05	-1.98831360979399	0.005	0.025	0.650787089942368	TERF2IP	c34
3.22205947524335e-05	1.29754415930261	0.02	0.008	0.669092870629034	CYTH4	c34
3.33057047036616e-05	0.830058127651683	0.068	0.042	0.691626263876237	CAPG	c34
3.33438001698288e-05	-4.08897958345549	0	0.015	0.692417354326666	STAT4	c34
3.39139362325689e-05	-2.49292521173541	0.003	0.02	0.704256799805526	MGAT4A	c34
3.41092091707326e-05	-2.90901718423032	0.002	0.019	0.708311837639433	SPRY1	c34
3.42598385724811e-05	0.956447501305586	0.037	0.019	0.711439807796143	RGS19	c34
3.4273148016951e-05	1.39892442165623	0.016	0.006	0.711716191720004	GPR34	c34
3.43200680294551e-05	1.25142522986721	0.022	0.01	0.712690532699664	GK	c34
3.44426732451225e-05	-1.86387073307157	0.006	0.027	0.715236552608214	PHB2	c34
3.61698187169265e-05	0.754438704265688	0.057	0.034	0.751102455475695	POMP	c34
3.71818469801853e-05	-2.10425123731545	0.005	0.023	0.772118234390528	MEAF6	c34
3.74769434500011e-05	-2.48446156463539	0.003	0.02	0.778246207682722	SNRNP70	c34
4.17726924801188e-05	0.49318873897862	0.12	0.085	0.867451732042147	EGR1	c34
4.22055018704922e-05	1.06007689727476	0.029	0.014	0.876439451842641	SSH2	c34
4.23317032240843e-05	-4.28121752296118	0	0.015	0.879060149151334	SPON2	c34
4.32891385086031e-05	0.290423799983097	0.12	0.084	0.898942250269651	HLA-DQB1	c34
4.53254344340432e-05	-4.04409106675924	0	0.015	0.94122797145734	CHST12	c34
4.63730006833491e-05	1.30808257549186	0.019	0.008	0.962981732190427	GNB1	c34
4.7123597508568e-05	-3.19133492798313	0.001	0.017	0.978568625862924	PRKACB	c34
4.71702530473674e-05	-1.50297887639933	0.011	0.033	0.979537474781632	FNBP1	c34
4.77401334568823e-05	0.58519144707759	0.091	0.062	0.991371611365618	HIGD2A	c34
4.80113697714989e-05	-0.846609330089546	0.042	0.074	0.997004104674946	CALR	c34
0.000803185060727027	-6.53617878059595	0.003	0.015	1	IGJ	c34
0.000355784106862783	-6.02184323335918	0	0.012	1	IGLL5	c34
0.00154588375396613	-4.18916643961322	0.001	0.011	1	MZB1	c34
5.82279600157725e-05	-4.00221442661025	0	0.015	1	LEF1	c34
8.50631328770713e-05	-3.95449692503278	0	0.014	1	LOC100996919	c34
8.06114451166596e-05	-3.95194122012903	0	0.014	1	ERN1	c34
7.89434871044252e-05	-3.9452751213554	0	0.014	1	UBAC2	c34
8.60830937305284e-05	-3.93029265682426	0	0.014	1	ACP1	c34
0.000102673229556377	-3.92613203377942	0	0.014	1	PASK	c34
0.00010054695517443	-3.91357768298997	0	0.014	1	MAL	c34
0.000102364728135821	-3.90408970186704	0	0.014	1	LINC00869	c34
0.000116051259305793	-3.87686319648365	0	0.013	1	PPP3CC	c34
0.000125055797446259	-3.86875662875476	0	0.013	1	DGKA	c34
0.00012100991298113	-3.86712983470054	0	0.013	1	SP140	c34
0.000137610969489344	-3.8502113331652	0	0.013	1	TMUB1	c34
0.000147410585592936	-3.84526211719347	0	0.013	1	GPR56	c34
0.000176929991973257	-3.84195318216289	0	0.013	1	HLA-J	c34
0.000141787874642594	-3.8414009543893	0	0.013	1	TPST2	c34
0.000142638615740377	-3.8414009543893	0	0.013	1	PCED1B	c34
0.000170174296052584	-3.81857566767653	0	0.013	1	FAM173A	c34
0.000163680267983957	-3.81407953613445	0	0.013	1	KCNA3	c34
0.000187842308043099	-3.80900458254559	0	0.013	1	LOC101929910	c34
0.000185048903104288	-3.79138626381917	0	0.013	1	THEMIS	c34
0.000191244937144103	-3.79024217570141	0	0.013	1	MAP4K1	c34
0.000197057441501312	-3.783933421681	0	0.012	1	MRPL43	c34
0.000206730322804407	-3.783933421681	0	0.012	1	BANK1	c34
0.000243032794817529	-3.76367458269721	0	0.012	1	CCR6	c34
0.000250425814839829	-3.74784961553552	0	0.012	1	PDCL3	c34
0.000248181386567256	-3.73363575631582	0	0.012	1	RNF187	c34
0.000264306926254625	-3.72288270001895	0	0.012	1	SLA2	c34
0.000297991112121462	-3.69503291709207	0	0.012	1	LOC100131564	c34
0.000327039070723215	-3.6809037916257	0	0.012	1	MTFP1	c34
0.000324107271238428	-3.6796686074399	0	0.012	1	CNPY2	c34
0.000333982318493597	-3.67595669705374	0	0.012	1	PPM1K	c34
0.000377731901745159	-3.64970242325454	0	0.011	1	ATP6V0E2	c34
0.000504089541438652	-3.6280933710783	0	0.011	1	TUBB2A	c34
0.000666982509476302	-3.61716624568606	0	0.01	1	MT1F	c34
0.000484749640305142	-3.59637028141403	0	0.011	1	GRAMD1A	c34
0.000679150444747875	-3.55520453759313	0	0.01	1	KLRF1	c34
0.000603852174899614	-3.54845349560205	0	0.011	1	TOX	c34
0.000627964135017893	-3.53485589220132	0	0.011	1	NELL2	c34
0.000828739781087341	-3.52526073542014	0	0.01	1	RTKN2	c34
0.0006750588115528	-3.52388477438032	0	0.01	1	SUSD3	c34
0.000697815713310355	-3.51490889688352	0	0.01	1	PLEKHF1	c34
0.000702034983127753	-3.51074727368752	0	0.01	1	INPP4B	c34
0.000708413572244666	-3.51005250120075	0	0.01	1	B3GNT2	c34
0.000732303647859951	-3.50308631170793	0	0.01	1	FAM102A	c34
0.000738957576982272	-3.49748903973684	0	0.01	1	CCT7	c34
0.000763886853366681	-3.49538445141192	0	0.01	1	LOC100996740	c34
0.000763886853366681	-3.49538445141192	0	0.01	1	RGS14	c34
0.000766193130215887	-3.49046177284287	0	0.01	1	CARHSP1	c34
0.000784909796732048	-3.4869352615761	0	0.01	1	PITPNC1	c34
0.000874999452038082	-3.45912856603808	0	0.01	1	PDE3B	c34
0.000940785972084698	-3.45912856603808	0	0.01	1	RALGPS2	c34
0.000952220141568137	-3.44465808322975	0	0.01	1	BCL2	c34
0.000969640528440012	-3.44028848360198	0	0.01	1	TXNL4A	c34
0.000972572811714806	-3.43297627818211	0	0.01	1	LOC283788	c34
0.000999389534453136	-3.42636345511046	0	0.01	1	SBDSP1	c34
7.02010927243292e-05	-3.40035485661291	0.002	0.018	1	STMN1	c34
0.00115903004786246	-3.39660076903825	0	0.01	1	ABCD4	c34
0.0011416229013872	-3.39208293118898	0	0.01	1	SPTAN1	c34
0.00115552577508118	-3.39132858082362	0	0.01	1	P2RY10	c34
0.00117314480304212	-3.39057383582033	0	0.01	1	LOC643733	c34
5.79474961426275e-05	-3.34103932004848	0.001	0.016	1	FOXP3	c34
4.88295585086003e-05	-3.20341859454042	0.001	0.017	1	ATP5L2	c34
5.40376956122692e-05	-3.18045974426232	0.001	0.016	1	HERPUD2	c34
8.99176905019e-05	-3.14285863432055	0.001	0.016	1	PTTG1	c34
7.84264825528547e-05	-3.12072889786964	0.001	0.016	1	CLPP	c34
8.52426791804192e-05	-3.1202737172251	0.001	0.016	1	GATA3	c34
8.17730480972882e-05	-3.10792923813707	0.001	0.016	1	TBRG1	c34
9.26719181309727e-05	-3.09825441476208	0.001	0.016	1	TSEN54	c34
0.000103176662107614	-3.07777050117642	0.001	0.015	1	CCDC167	c34
0.000134520803562102	-3.06363555752936	0.001	0.015	1	RAPGEF6	c34
0.000133350149542712	-3.03783833634097	0.001	0.015	1	PRMT1	c34
0.000180257998252132	-3.00073144374105	0.001	0.014	1	LDLRAD4	c34
0.000176020858617853	-2.99180139090427	0.001	0.014	1	TRADD	c34
0.000202549822200982	-2.96822003928676	0.001	0.014	1	HNRNPLL	c34
0.00023730379113744	-2.94321780187536	0.001	0.014	1	TRG-AS1	c34
0.000237304873859547	-2.94270301327369	0.001	0.014	1	BCL11B	c34
0.000227597694278151	-2.9416728846752	0.001	0.014	1	POLR3GL	c34
0.000276396109667895	-2.91515296435582	0.001	0.014	1	TRAPPC6A	c34
0.000279731363705022	-2.90989532354825	0.001	0.014	1	COMMD7	c34
0.000275585892600232	-2.90936850410077	0.001	0.014	1	RABGGTB	c34
0.000336719148842827	-2.88599590830517	0.001	0.013	1	STARD7	c34
0.000370588366549006	-2.86060425233827	0.001	0.013	1	TCF7	c34
0.000396979035638063	-2.85842248248444	0.001	0.013	1	TBCC	c34
0.000181916468035401	-2.85705719891431	0.002	0.016	1	PPP1R2P9	c34
0.000394639437029818	-2.84911297373576	0.001	0.013	1	MAP1LC3B2	c34
0.000465334874726451	-2.81632935341829	0.001	0.013	1	STRA13	c34
0.000492566753803109	-2.81576722793255	0.001	0.013	1	PELO	c34
0.000483829864533138	-2.80730895644534	0.001	0.013	1	SRSF1	c34
0.000593184390224265	-2.78795127400385	0.001	0.012	1	LY9	c34
0.000563768004024006	-2.77932784700869	0.001	0.012	1	FDFT1	c34
0.000631863815733078	-2.75490437306947	0.001	0.012	1	PPP6C	c34
0.000649143431102796	-2.75490437306947	0.001	0.012	1	SNRPA1	c34
5.86003480055483e-05	-2.74430925783027	0.002	0.018	1	PTMS	c34
0.000718935823997886	-2.72946353060845	0.001	0.012	1	ORMDL1	c34
0.000871334331942035	-2.6974760930204	0.001	0.012	1	GABPB1-AS1	c34
0.000900684969421252	-2.68275458731364	0.001	0.012	1	ZBTB38	c34
0.000953592543789833	-2.6796686074399	0.001	0.012	1	RNF113A	c34
0.00106273580043075	-2.65096352039856	0.001	0.011	1	WDR33	c34
0.00113209354258342	-2.6376666977851	0.001	0.011	1	TMX1	c34
0.00122797721839081	-2.62424618202278	0.001	0.011	1	PITHD1	c34
0.00123917353910696	-2.61652088891355	0.001	0.011	1	CCNDBP1	c34
0.0012694014946906	-2.61328976765054	0.001	0.011	1	LINC00674	c34
0.00128476542178505	-2.61264267410262	0.001	0.011	1	SRSF8	c34
0.000128188969060756	-2.6119952901829	0.002	0.017	1	LSM2	c34
0.000161061888802529	-2.57615552124016	0.002	0.016	1	RHBDD2	c34
0.00158193932964277	-2.56994655666969	0.001	0.011	1	CDC25B	c34
0.00179591453685173	-2.53553882477781	0.001	0.011	1	NGRN	c34
0.00221196580843905	-2.52663538539636	0.001	0.01	1	VPREB3	c34
0.000231257696726936	-2.52066908596532	0.002	0.016	1	SDF4	c34
0.00207629531548805	-2.50517970270288	0.001	0.01	1	SYNRG	c34
0.00232200865655632	-2.49538445141192	0.001	0.01	1	LMAN1	c34
0.00233615513047007	-2.49257354932272	0.001	0.01	1	STARD3NL	c34
0.00219913402860977	-2.49186996723568	0.001	0.01	1	OBFC1	c34
0.00221920995287248	-2.4890522025882	0.001	0.01	1	RGL4	c34
0.000283783393690572	-2.48764125378049	0.002	0.015	1	IMP3	c34
0.00224624780450781	-2.48481520970173	0.001	0.01	1	UFD1L	c34
0.00239369568562701	-2.46917223194923	0.001	0.01	1	C17orf89	c34
0.00252766245688045	-2.46630974084966	0.001	0.01	1	LMO4	c34
0.0025507044296865	-2.46630974084966	0.001	0.01	1	PHYKPL	c34
0.00253548934434377	-2.4555245295875	0.001	0.01	1	VDAC3	c34
0.000366231541996792	-2.45239373200935	0.002	0.015	1	STUB1	c34
5.44264307423044e-05	-2.44901448827388	0.003	0.02	1	ARID5A	c34
0.00269379878457751	-2.44756381440516	0.001	0.01	1	NDNL2	c34
0.00276833688654749	-2.44028848360198	0.001	0.01	1	TARSL2	c34
0.00278528229540531	-2.4322430151214	0.001	0.01	1	RBM4	c34
0.000406373439139537	-2.42906122817873	0.002	0.015	1	ZNF428	c34
0.00283642345910517	-2.42783559303502	0.001	0.01	1	SDHC	c34
0.00287973685734842	-2.42562682244657	0.001	0.01	1	DDTL	c34
0.00291484826572146	-2.42562682244657	0.001	0.01	1	RNF125	c34
0.0029773826970867	-2.42119911040576	0.001	0.01	1	KIF2A	c34
0.00322188084127318	-2.4011045033125	0.001	0.01	1	RNF126	c34
0.00323166322590865	-2.4011045033125	0.001	0.01	1	OFD1	c34
0.00318309514071443	-2.39885439361662	0.001	0.01	1	CCSER2	c34
0.00321220535683266	-2.39735236845139	0.001	0.01	1	CYB5R3	c34
8.09605594381318e-05	-2.38981869576598	0.003	0.019	1	NT5C	c34
8.02594001514254e-05	-2.38755090115563	0.003	0.019	1	MFSD10	c34
0.000101535141077719	-2.35464791749715	0.003	0.019	1	HMGN4	c34
0.000111833372929632	-2.35232411290202	0.003	0.018	1	BTG3	c34
0.000128029408792575	-2.33005925586404	0.003	0.018	1	FAM107B	c34
0.000128429529937864	-2.32414252149761	0.003	0.018	1	TMEM243	c34
0.000765059387506209	-2.31859825703698	0.002	0.014	1	PHF1	c34
0.00014654518613821	-2.31382901288911	0.003	0.018	1	ZBTB20	c34
0.00081912183113956	-2.31170427754057	0.002	0.014	1	TMEM134	c34
0.000166253657421599	-2.2990238028004	0.003	0.018	1	PDE4D	c34
0.0010834017013098	-2.25754269791715	0.002	0.013	1	ZMYM6NB	c34
0.00116702446459532	-2.24590576297501	0.002	0.013	1	SRSF9	c34
0.000225038658503524	-2.24534927500634	0.003	0.017	1	STRAP	c34
0.000645278760104496	-2.21270008126252	0.001	0.012	1	LINC00926	c34
0.00324933987684834	-2.20126820654222	0.002	0.011	1	GADD45G	c34
0.00150762931729572	-2.19263445820842	0.002	0.012	1	COPS6	c34
0.00151215361405346	-2.19147937804993	0.002	0.012	1	VOPP1	c34
0.000336384954823223	-2.19046792372574	0.003	0.017	1	TMED9	c34
0.0016583814194159	-2.17579459859375	0.002	0.012	1	CLTB	c34
0.0016682624529566	-2.17579459859375	0.002	0.012	1	EPB41L4A-AS1	c34
0.000430156465740127	-2.1752103932645	0.003	0.016	1	MRPL18	c34
0.00167327056508518	-2.17345635652455	0.002	0.012	1	NCF1B	c34
0.0017758745712966	-2.16759411749189	0.002	0.012	1	POLR2I	c34
0.000408310285742612	-2.158016879884	0.003	0.016	1	MED10	c34
0.000419214255260334	-2.15579769002805	0.003	0.016	1	GPS2	c34
0.00189064376696202	-2.1534267855653	0.002	0.012	1	SRRT	c34
0.000104864331350601	-2.14509780137084	0.004	0.02	1	STOM	c34
0.000111756185904435	-2.14509780137084	0.004	0.02	1	TMC6	c34
0.00211079548666391	-2.14270923287674	0.002	0.012	1	LOC101927902	c34
0.000501320247887992	-2.13251346577085	0.003	0.016	1	BUD31	c34
0.00203710120857756	-2.1319114649105	0.002	0.012	1	TAP2	c34
0.00213030370031828	-2.12224513031702	0.002	0.012	1	NDUFB6	c34
0.000134252137947513	-2.11690090954019	0.004	0.02	1	LMAN2	c34
0.00219485182443888	-2.11434326285633	0.002	0.012	1	ILF2	c34
0.000550733568502807	-2.11342871763338	0.003	0.016	1	HAX1	c34
0.00232958354303656	-2.10884727510148	0.002	0.012	1	RPAIN	c34
0.00236465712383348	-2.10271596523177	0.002	0.012	1	RNF145	c34
0.000604887801828041	-2.10148657015022	0.003	0.016	1	ANKRD10	c34
0.0023367760825708	-2.10025612654396	0.002	0.012	1	ARIH2	c34
0.000639623551605879	-2.08944474387896	0.003	0.015	1	CYFIP2	c34
0.00258614627386701	-2.08291881011095	0.002	0.012	1	ITGB7	c34
0.00265660469597201	-2.07605030743841	0.002	0.012	1	PSMF1	c34
0.000183754220137209	-2.07504852280246	0.004	0.019	1	C19orf66	c34
0.000694408721064377	-2.0735445403458	0.003	0.015	1	BTN3A2	c34
5.52376312119468e-05	-2.06126621056737	0.005	0.023	1	NUCKS1	c34
5.68624068552448e-05	-2.05619856086625	0.005	0.023	1	SRSF10	c34
0.000254907634290881	-2.05308581194274	0.004	0.019	1	CCND2	c34
0.00021939146317046	-2.04849975761987	0.004	0.019	1	C9orf78	c34
0.000228952994955837	-2.04728711379272	0.005	0.02	1	TMEM107	c34
0.00314928740070866	-2.04505062452051	0.002	0.011	1	SYNE1	c34
0.00321583483874423	-2.04056721789953	0.002	0.011	1	ARAP2	c34
0.000235210176550254	-2.04005394028462	0.004	0.019	1	DDOST	c34
0.00118318556873328	-2.02281769813172	0.003	0.014	1	HIST1H1D	c34
0.00347577967756411	-2.02184323335918	0.002	0.011	1	FAM50A	c34
7.76571620831451e-05	-2.0192414381709	0.005	0.022	1	PA2G4	c34
0.000301812441289001	-2.01049107705506	0.004	0.018	1	DDX39A	c34
0.00368985989911705	-2.00878708053374	0.002	0.011	1	NMRK1	c34
0.00110362364106886	-2.00073144374105	0.003	0.015	1	CGGBP1	c34
0.000102654015539234	-1.99428751083862	0.005	0.022	1	MRPS6	c34
0.00116337990200348	-1.99329357690962	0.003	0.014	1	TSC22D4	c34
0.000113809871983777	-1.98897859945356	0.005	0.021	1	DNPH1	c34
0.00406032176780026	-1.98764831347559	0.002	0.011	1	TOPORS-AS1	c34
0.004221162431862	-1.98231486917255	0.002	0.011	1	C6orf1	c34
0.00123730194891946	-1.98181384640631	0.003	0.014	1	LOH12CR1	c34
0.00415872366372891	-1.98097842160973	0.002	0.011	1	MED30	c34
0.00414637768465546	-1.98030973328217	0.002	0.011	1	FAM162A	c34
0.00448133533278715	-1.97091540679826	0.002	0.011	1	TNFRSF25	c34
0.00438888402554865	-1.96754540984221	0.002	0.011	1	ARL6IP6	c34
0.000426172630503866	-1.95888217470742	0.004	0.018	1	PSMA5	c34
0.00465970391268926	-1.95194122012903	0.002	0.011	1	SNRPC	c34
0.000170750915144637	-1.93961041821831	0.005	0.021	1	DSTN	c34
0.00506708303635153	-1.9334052686916	0.002	0.01	1	MRPL10	c34
6.61230716412513e-05	-1.91552777796134	0.005	0.024	1	G3BP2	c34
0.00195501251151028	-1.89826062306485	0.003	0.014	1	PDAP1	c34
0.000254352440343404	-1.89347379641787	0.005	0.02	1	ZC3HAV1	c34
0.006010610505473	-1.89347379641787	0.002	0.01	1	CENPC	c34
0.00615615535944847	-1.89205242187837	0.002	0.01	1	TBCD	c34
0.000253758513904487	-1.88349464073468	0.005	0.02	1	PRMT2	c34
0.00074274657468126	-1.88192019289254	0.004	0.017	1	RNF166	c34
0.00643961942339379	-1.87776112085501	0.002	0.01	1	IER3IP1	c34
0.000277310831320536	-1.87380606655251	0.005	0.02	1	SYTL1	c34
0.00235836547143445	-1.86658716211905	0.003	0.013	1	RBMX	c34
0.00235842609296633	-1.8655012041898	0.003	0.013	1	NOL7	c34
0.00242833755277526	-1.86495791853439	0.003	0.013	1	TMEM160	c34
0.000111747167885656	-1.8583445010763	0.005	0.023	1	DCXR	c34
0.00752544500509459	-1.85605516916923	0.002	0.01	1	NUCB2	c34
0.00086332754962758	-1.85590936139298	0.004	0.016	1	MAX	c34
0.00708827735361265	-1.85532598288083	0.002	0.01	1	EMC6	c34
0.00726061701208456	-1.84801377746096	0.002	0.01	1	CASP8	c34
0.00099740918742936	-1.83741866222176	0.004	0.016	1	SS18L2	c34
0.000971976185051461	-1.83564522003054	0.004	0.016	1	RBBP4	c34
0.00276304107732058	-1.83420269131507	0.003	0.013	1	RPA3	c34
0.00833418702710491	-1.83327723420406	0.002	0.01	1	TRAF1	c34
0.00777947950935334	-1.83179526690283	0.002	0.01	1	EMC4	c34
0.00780293989201064	-1.83105371199527	0.002	0.01	1	XRN1	c34
0.00821070545607176	-1.82808367483538	0.002	0.01	1	DNAJC19	c34
0.000156304419000426	-1.82041824148617	0.005	0.022	1	NME3	c34
0.00041057903682586	-1.81726574278126	0.005	0.019	1	C17orf62	c34
0.000411754573289621	-1.81689125996517	0.005	0.019	1	RPS19BP1	c34
0.00856341234081567	-1.81614200259134	0.002	0.01	1	TMEM208	c34
5.9857642919852e-05	-1.81041608352981	0.006	0.026	1	SNRPF	c34
0.000171742426214455	-1.80334472812723	0.005	0.022	1	UBE2N	c34
0.00879874875968521	-1.80334472812723	0.002	0.01	1	SLC25A39	c34
0.00877243044190185	-1.80258840043447	0.002	0.01	1	DECR1	c34
0.00135790355452366	-1.7974348299837	0.004	0.016	1	TMC8	c34
0.00130086225745071	-1.79378589970238	0.004	0.016	1	MAF1	c34
0.00135826174656427	-1.78966979123015	0.004	0.016	1	NXT1	c34
0.001459251364257	-1.78921172009092	0.004	0.016	1	ZC3H12A	c34
0.0035138900347283	-1.78623070726338	0.003	0.013	1	MPC2	c34
0.00133528255704496	-1.78554190560747	0.004	0.016	1	SCP2	c34
0.00140628891353928	-1.78048061977549	0.004	0.016	1	RAB27A	c34
0.0014432971356823	-1.77678849993342	0.004	0.016	1	PPP2CA	c34
0.00379200865189826	-1.77297107908371	0.003	0.012	1	CLNS1A	c34
7.40607314166915e-05	-1.75386139811648	0.007	0.027	1	MIR4435-1HG	c34
5.03328788678434e-05	-1.75333962775243	0.007	0.027	1	GBP5	c34
4.86165183617142e-05	-1.7407601907492	0.007	0.027	1	DYNLRB1	c34
0.00019593313706881	-1.72497985858286	0.006	0.023	1	AIM1	c34
4.98964921741817e-05	1.72414863659632	0.011	0.004	1	SPEN	c34
0.00200461657753077	-1.72408144960257	0.004	0.015	1	C1QBP	c34
0.00500979828604727	-1.71446344704098	0.003	0.012	1	GGNBP2	c34
0.000448086926205118	-1.71295482508934	0.005	0.021	1	ID3	c34
0.000891969141165951	-1.71285419417932	0.005	0.018	1	OSTC	c34
0.00534293040742492	-1.70599477258853	0.003	0.012	1	TRAPPC2L	c34
0.000982465735466353	-1.70113311662849	0.005	0.018	1	IDH2	c34
0.00100509510541564	-1.6974760930204	0.005	0.018	1	POLR2K	c34
0.000190916606998851	-1.69717092220152	0.006	0.023	1	CNOT6L	c34
0.000190520370392521	-1.68859982524399	0.006	0.023	1	PSMD8	c34
0.000215436185974661	-1.6796686074399	0.006	0.023	1	OTUB1	c34
0.0063146327955558	-1.66912662384934	0.003	0.012	1	MDH1	c34
0.00054728079017926	-1.66823722425217	0.005	0.02	1	NDUFAF3	c34
0.00055507686446014	-1.66503083810261	0.005	0.02	1	RAB11B	c34
0.0012909096504098	-1.65704333121081	0.005	0.017	1	DDX6	c34
0.0029567262602016	-1.65536869951856	0.004	0.014	1	SURF4	c34
0.00300813086513647	-1.65234945521977	0.004	0.014	1	NCOR1	c34
0.00695567811018109	-1.65033310962126	0.003	0.011	1	COPZ1	c34
0.00319450559975086	-1.64982858258661	0.004	0.014	1	IRF3	c34
0.00722524685048037	-1.64591250415501	0.003	0.011	1	C19orf24	c34
6.18980230772536e-05	-1.64249304365027	0.008	0.028	1	EML4	c34
0.0072470008087005	-1.64147831173512	0.003	0.011	1	MPG	c34
0.000282991562819282	1.64123009386766	0.01	0.004	1	DNASE2	c34
0.00733254673030178	-1.6376666977851	0.003	0.011	1	TEX264	c34
0.00146265066396723	-1.63724256282956	0.005	0.017	1	LPXN	c34
0.0074190086319112	-1.63512001567475	0.003	0.011	1	SNHG16	c34
0.00337456926715922	-1.63307942828945	0.004	0.014	1	ABHD14B	c34
0.0076614915078222	-1.63256883014542	0.003	0.011	1	CPNE1	c34
7.01345211952446e-05	-1.62898957426515	0.008	0.028	1	TMED2	c34
0.00349307430372834	-1.62591455702804	0.004	0.014	1	LSM4	c34
0.000313604045794902	1.62485891063877	0.01	0.004	1	DDX60L	c34
0.00017683025962122	-1.61974478978784	0.007	0.025	1	SIGIRR	c34
8.23247537232427e-05	-1.61613353623546	0.008	0.028	1	EMD	c34
0.00175812903754283	-1.61501393282843	0.005	0.017	1	ATF7IP	c34
0.00822068572342642	-1.61069965018483	0.003	0.011	1	PLA2G16	c34
0.000192798725230401	-1.60593899026281	0.007	0.025	1	MRPL57	c34
0.00844028235922632	-1.60550542300458	0.003	0.011	1	PTPN1	c34
0.00188756484107915	-1.59942176020273	0.005	0.017	1	SYPL1	c34
0.00954322484620923	-1.59440520273443	0.003	0.011	1	ALG13	c34
0.0042218186476029	-1.59427410227172	0.004	0.014	1	POLR2J	c34
0.00222889419457613	-1.59156202201713	0.005	0.016	1	GCHFR	c34
0.000180659550063232	1.58792612584184	0.011	0.004	1	SLC1A3	c34
0.000109432743590669	-1.58691339732047	0.008	0.027	1	CD47	c34
0.000317004066101217	-1.58644478063166	0.007	0.024	1	SPNS1	c34
0.00207806843082573	-1.58585879563543	0.005	0.016	1	POLR2G	c34
0.00449684745377445	-1.58321891376272	0.004	0.014	1	SEMA4D	c34
0.0109493688300579	-1.57726145846632	0.003	0.011	1	MANF	c34
0.00226818294559227	-1.57527016064723	0.005	0.016	1	IDI1	c34
0.0100613693727221	-1.57327611051514	0.003	0.011	1	OTUD6B-AS1	c34
0.00427631980208373	-1.5703909414078	0.005	0.015	1	MYC	c34
0.000574924234454116	-1.56694337404989	0.006	0.021	1	FOXP1	c34
0.00238012188518329	-1.56504926900158	0.005	0.016	1	PTPN7	c34
0.010122534388777	-1.56125358226593	0.003	0.011	1	NUDT21	c34
0.00493010444765781	-1.56031428396868	0.004	0.013	1	TOMM22	c34
0.00248332101917868	-1.55699949277445	0.005	0.016	1	FGFR1OP2	c34
0.000327040372122251	1.55355308202044	0.011	0.004	1	PAK1	c34
0.0115794316398136	-1.54777665062557	0.003	0.011	1	PTPRA	c34
0.0108281344028906	-1.54642200729517	0.003	0.011	1	MMADHC	c34
0.00269528251743586	-1.54438765437398	0.005	0.016	1	PDCD6	c34
0.000500220307301435	-1.54031032229343	0.007	0.023	1	ANKRD28	c34
0.0054819207277732	-1.54031032229343	0.004	0.013	1	RASA2	c34
0.00567294137105257	-1.53976580632513	0.004	0.013	1	COX16	c34
0.00295768467354772	-1.5344004241499	0.005	0.016	1	TNRC6B	c34
0.000821152520989745	1.53389494029432	0.011	0.004	1	LILRB4	c34
0.01161674099497	-1.53143637166018	0.003	0.011	1	PSMD13	c34
0.0119265678182837	-1.52800872680505	0.003	0.01	1	NUDT22	c34
0.0123530693620275	-1.52181836909858	0.003	0.01	1	TGFBR2	c34
0.00612965661358407	-1.52168050345359	0.004	0.013	1	LBR	c34
0.0122455690519668	-1.52043911943245	0.003	0.01	1	PSMD9	c34
6.87256069021656e-05	1.51943426329963	0.014	0.005	1	PLEKHB2	c34
0.000435133072735103	-1.51898181285292	0.007	0.023	1	C19orf70	c34
0.0122818076182904	-1.51836776941276	0.003	0.01	1	SRSF4	c34
0.00178895531907854	-1.51802225509165	0.005	0.018	1	MIR155HG	c34
0.0125363122210773	-1.51352302257821	0.003	0.01	1	HSPB11	c34
0.000256054294150251	-1.50838368084013	0.008	0.026	1	AUP1	c34
0.000152403503299373	-1.50219728792996	0.009	0.028	1	GPR65	c34
0.00102804437113905	-1.49327678844992	0.006	0.02	1	NAA10	c34
7.3504003410528e-05	-1.49111187951894	0.011	0.032	1	ARL6IP1	c34
0.00375901795641861	-1.49046177284287	0.005	0.015	1	DCK	c34
0.000107761155652874	1.49013282798454	0.013	0.005	1	DDX3Y	c34
0.00206208469935906	-1.490059178996	0.005	0.018	1	CMTM7	c34
0.00388786318519182	-1.48669985404667	0.005	0.015	1	DCTN3	c34
0.00721708162260977	-1.48651150036263	0.004	0.013	1	ADRM1	c34
0.00734161324637109	-1.48538086155798	0.004	0.013	1	NOP58	c34
0.00204010455273672	-1.48360235125208	0.005	0.018	1	POLR2E	c34
0.0141784557359339	-1.48198361891857	0.003	0.01	1	NDUFA5	c34
0.000580586624203758	-1.48135362107411	0.007	0.023	1	SNRPD3	c34
0.000180069445719149	-1.47733808525592	0.009	0.028	1	DPP7	c34
0.000179607400630066	-1.47656237323389	0.009	0.028	1	SUN2	c34
0.0150765018582893	-1.47488023164401	0.003	0.01	1	PDLIM2	c34
0.0148585482571504	-1.47202905474589	0.003	0.01	1	TMEM9B	c34
0.00258089108153402	-1.47182518347573	0.005	0.017	1	RBBP6	c34
0.000649319874771886	-1.47155331029281	0.007	0.023	1	LSM8	c34
0.000225983596285184	1.47098498638774	0.013	0.005	1	SPTLC2	c34
0.0042667479738003	-1.46726453574942	0.005	0.015	1	FNBP4	c34
0.0153907841039946	-1.46128667420549	0.003	0.01	1	PPP1R7	c34
0.0023771856159894	-1.45953988323	0.005	0.018	1	PCNP	c34
0.00864044240881629	-1.45855252488813	0.004	0.012	1	GPRIN3	c34
0.0164121631839968	-1.45696722474861	0.003	0.01	1	VPS37B	c34
0.000276881727611008	-1.45493392004217	0.009	0.027	1	TOB1	c34
0.0162697587708965	-1.45480264063529	0.003	0.01	1	B3GAT3	c34
0.00859280745955984	-1.45277942778518	0.004	0.012	1	PNN	c34
0.0161291869828981	-1.45046370491095	0.003	0.01	1	RNMT	c34
0.00142288384105222	-1.44792661964808	0.006	0.02	1	SSBP1	c34
0.000841136783586723	-1.44756381440516	0.007	0.022	1	TMEM173	c34
0.000214569788742425	-1.44683793009254	0.01	0.029	1	LOC284454	c34
0.00282966806284998	-1.4429950340071	0.005	0.017	1	LINC00116	c34
0.0172022919413339	-1.43736804729927	0.003	0.01	1	ANP32E	c34
0.00516467000348133	-1.43590560922078	0.005	0.015	1	CHMP4A	c34
0.0176091093209685	-1.43444168718661	0.003	0.01	1	CBWD5	c34
0.00288604968630254	-1.43339511837692	0.005	0.017	1	IK	c34
0.00971496898825621	-1.43297627818211	0.004	0.012	1	MEA1	c34
0.000206167856212003	1.43005344333031	0.014	0.005	1	TRIM38	c34
0.000172869504452348	-1.42366062787867	0.01	0.029	1	DYNLT1	c34
0.0104631330909731	-1.42001608857572	0.004	0.012	1	DHPS	c34
0.00072843174043948	1.41451803472871	0.012	0.005	1	EPN1	c34
0.00597542461590083	-1.41180685322202	0.005	0.015	1	PRPF4B	c34
0.0104357575689491	-1.41111236740686	0.004	0.012	1	WHSC1L1	c34
0.000108999084920603	-1.41001271730816	0.011	0.031	1	TRAM1	c34
0.00190833185731033	-1.40671447165508	0.006	0.019	1	STAT3	c34
0.0112054049753319	-1.40394961355804	0.004	0.012	1	CMC2	c34
0.0195689333624504	-1.40335110907283	0.003	0.01	1	SARNP	c34
0.00640799736750322	-1.40285216559876	0.005	0.014	1	GTF2B	c34
0.000688026422147779	-1.3970517756717	0.008	0.024	1	TRABD	c34
0.000478740139085303	1.39683809440777	0.013	0.005	1	AGPAT2	c34
0.0116950388757514	-1.39614962136973	0.004	0.012	1	JMJD6	c34
0.000219597900456104	-1.39609948514131	0.01	0.029	1	IFI16	c34
0.000305495336505647	1.39579606110794	0.014	0.006	1	PNPLA8	c34
0.000522752909735456	1.39406100973719	0.013	0.005	1	ZDHHC20	c34
0.000693767171246331	-1.39404239819151	0.008	0.024	1	HNRNPH3	c34
0.0012318545380706	-1.38931504938597	0.007	0.021	1	VCP	c34
0.0122766823926505	-1.38467323438064	0.004	0.012	1	FLJ10038	c34
0.000121407273738865	1.38369429417893	0.016	0.006	1	KLF13	c34
0.0152665220247751	1.3821300578326	0.012	0.006	1	C3	c34
0.00227947711898001	-1.38186576950789	0.006	0.019	1	MPHOSPH8	c34
0.000328952847391618	1.38154390618074	0.014	0.006	1	PEA15	c34
5.65634558199644e-05	-1.37900209677548	0.013	0.035	1	STK4	c34
0.000157936433574084	-1.37733078303532	0.011	0.031	1	ANKRD12	c34
0.000132494589517243	1.37568248042234	0.016	0.006	1	PTTG1IP	c34
0.00140676079609346	-1.37208560984096	0.007	0.021	1	SUMO1	c34
0.00148022915304705	-1.37174571231532	0.007	0.021	1	CMPK1	c34
0.00257643034350173	-1.3692790574571	0.006	0.019	1	NHP2	c34
0.0044415727755156	-1.36434526256307	0.005	0.016	1	TMEM14B	c34
0.000895995618061862	-1.36267491681864	0.008	0.023	1	EIF3D	c34
0.0132608909491873	-1.36205903845672	0.004	0.012	1	GOLGA7	c34
0.000159583839002242	1.35979110765245	0.016	0.006	1	MEF2A	c34
0.00801708820077531	-1.35619504369463	0.005	0.014	1	LSM14A	c34
0.00021022465398061	-1.35536218191023	0.011	0.03	1	GABARAPL2	c34
0.013800215159629	-1.35464791749715	0.004	0.012	1	PLEKHJ1	c34
0.0138004295452749	-1.35402860216637	0.004	0.012	1	G3BP1	c34
0.00850055150801866	-1.34740597666395	0.005	0.014	1	MRPL51	c34
0.0145253987690098	-1.34595321594475	0.004	0.012	1	SDHAF2	c34
0.00180812004774454	-1.34221081425893	0.007	0.021	1	ENSA	c34
0.00249532556554212	-1.34186380402493	0.007	0.02	1	NEU1	c34
0.0146925009035949	-1.34158613572962	0.004	0.012	1	HSPA9	c34
0.0152441986025271	-1.34158613572962	0.004	0.011	1	INO80E	c34
0.00187726719266241	-1.34012749975844	0.007	0.021	1	AURKAIP1	c34
0.000210632315961564	1.33961322571482	0.016	0.006	1	GMIP	c34
0.000233953508950375	-1.33908471327221	0.011	0.03	1	SRP9	c34
0.000448053482078515	-1.32782689609627	0.01	0.027	1	ANXA11	c34
0.00562729828374895	-1.32560987956579	0.005	0.016	1	SNRPA	c34
0.0176695687377477	-1.32271888722081	0.004	0.011	1	GLUD1	c34
0.00180361102305844	1.32112599833693	0.012	0.005	1	ATG16L2	c34
0.00180377937643335	1.31971366827711	0.012	0.005	1	FAM120A	c34
0.00182727874837685	1.3183027194694	0.012	0.005	1	CDC40	c34
0.0166527975947658	-1.31382901288911	0.004	0.011	1	RAB8B	c34
0.00225490627210975	-1.31134985055417	0.007	0.02	1	TAF7	c34
0.000971559320815557	-1.30918918564281	0.009	0.025	1	SLC3A2	c34
0.0170846331659966	-1.3080850303543	0.004	0.011	1	OGT	c34
0.00235349790893732	-1.3078007834731	0.007	0.02	1	EWSR1	c34
0.0185989818804088	-1.30744539609825	0.004	0.011	1	SESN1	c34
0.0173285192563742	-1.30680547812773	0.004	0.011	1	SMIM7	c34
0.00128815718807602	1.30398931598409	0.013	0.006	1	ZCCHC6	c34
0.00542600333441251	1.30333783932327	0.01	0.004	1	HK1	c34
0.00657903164575452	-1.30149235304387	0.005	0.016	1	IRF9	c34
0.000364106285387131	-1.29979705902872	0.011	0.029	1	SHISA5	c34
0.00674399798431583	-1.29597534807631	0.005	0.016	1	UBE2L3	c34
0.0021842359631325	1.29591321031052	0.012	0.005	1	CMIP	c34
0.00685528892532852	-1.29413164809262	0.005	0.016	1	PIN1	c34
0.00322231454234124	-1.28884356583136	0.007	0.02	1	IL6ST	c34
0.0189243606410044	-1.28877155529747	0.004	0.011	1	DNAJB14	c34
6.23252798409017e-05	-1.2864059179809	0.015	0.038	1	PPP1R18	c34
0.00643618913618778	1.27911743206475	0.01	0.005	1	AFTPH	c34
0.000716745206048219	1.27282052178873	0.015	0.006	1	ARID1A	c34
0.012485649960072	-1.27182148636753	0.005	0.013	1	DNAJA2	c34
0.00114934638352033	1.26874689499517	0.014	0.006	1	HDLBP	c34
9.1369261430613e-05	-1.26817370935239	0.016	0.038	1	DDIT3	c34
0.000397483895436062	1.25066230280507	0.016	0.007	1	RAB1A	c34
0.0056992885115954	-1.24951771200304	0.006	0.017	1	C7orf50	c34
0.00380761588335291	-1.24312117411422	0.007	0.019	1	RBCK1	c34
0.0038080349950174	-1.24163385950735	0.007	0.019	1	ATRAID	c34
0.0235471383329335	-1.23865462243233	0.004	0.011	1	EIF6	c34
0.000665376590278508	1.23651973275071	0.016	0.007	1	TESC	c34
0.00969717784639552	-1.23529561034242	0.005	0.015	1	CHIC2	c34
0.00110283346562278	-1.23417419944966	0.01	0.026	1	PRDX6	c34
0.0240199037619833	-1.23327644270576	0.004	0.011	1	MMP24-AS1	c34
0.00993816126666694	-1.22903661987073	0.005	0.015	1	PSMB2	c34
0.000139393682132072	-1.22795767212105	0.015	0.036	1	ARGLU1	c34
0.00667921799861227	-1.22347709452883	0.006	0.017	1	RWDD1	c34
0.000102585364302	1.22333205450373	0.02	0.009	1	TNFRSF1A	c34
0.000574385972197329	-1.2227503570233	0.012	0.029	1	BLOC1S1	c34
0.00120412844936726	1.22196163706054	0.015	0.007	1	CHMP4B	c34
0.004325805304452	1.22149612642218	0.012	0.005	1	RB1CC1	c34
0.000346307675617035	1.22136425904483	0.017	0.008	1	UBXN11	c34
0.0127144462806329	-1.22027131375807	0.007	0.017	1	FKBP2	c34
0.0313111285400727	-1.21906258348606	0.004	0.01	1	SMIM14	c34
0.00669474812542058	1.21562450843936	0.011	0.005	1	NAPRT	c34
0.0252094764936339	-1.21429333933819	0.004	0.011	1	NUTF2	c34
0.0261537021279669	-1.20882339898123	0.004	0.011	1	PDCD5	c34
0.00208926002993607	-1.20813819590927	0.009	0.023	1	NDUFS8	c34
0.00063729055524047	1.20671895521747	0.016	0.007	1	RIN3	c34
0.00491408834116526	-1.20394375778893	0.007	0.019	1	TMCO1	c34
0.000206910076654177	-1.20147073269415	0.015	0.035	1	CCDC85B	c34
0.00065937601706171	-1.20028410347481	0.012	0.029	1	UBE2I	c34
0.0179989836253745	-1.20012002101334	0.005	0.013	1	CYLD	c34
7.35487581176832e-05	1.19629237536957	0.022	0.01	1	XRN2	c34
0.0182007029950356	-1.19494184781005	0.005	0.013	1	NUDC	c34
5.42919859739116e-05	1.19321767781707	0.024	0.011	1	ICAM1	c34
0.0276010917692483	-1.19228803125493	0.004	0.01	1	CCT3	c34
0.000506727719391393	1.19122138582215	0.017	0.008	1	UBE2D1	c34
0.0283119861161147	-1.18951361685972	0.004	0.01	1	SRP19	c34
0.00076875377303524	-1.18718096530584	0.012	0.029	1	HMGN3	c34
0.0287150089917742	-1.18603807906492	0.004	0.01	1	PHB	c34
0.0003581443526229	-1.18111457219135	0.014	0.033	1	PAIP2	c34
0.000292685270690399	1.18025151310397	0.019	0.009	1	OS9	c34
0.000543586574365175	-1.17672883533735	0.013	0.031	1	SP100	c34
0.0142502794080351	-1.17646197228017	0.005	0.014	1	MTHFD2	c34
0.0029339846558184	-1.17568839703746	0.009	0.022	1	PHPT1	c34
0.0134872251461573	1.1726597908038	0.01	0.005	1	TAOK1	c34
0.00189073648572833	-1.17228581281662	0.01	0.025	1	RNPS1	c34
0.006551027880733	1.16714602971005	0.012	0.006	1	SERPINB6	c34
0.0210669724254479	-1.16583079067932	0.005	0.012	1	TANK	c34
0.021124746839821	-1.1652425358125	0.005	0.012	1	RTF1	c34
0.00436831000753309	-1.16359414498823	0.008	0.02	1	PPP1CC	c34
0.00977809548758639	1.1628540331842	0.011	0.005	1	RPS6KA1	c34
0.00489435091507066	-1.15899224302922	0.008	0.02	1	SIVA1	c34
0.000217452166214635	-1.1589528471979	0.016	0.037	1	SLC9A3R1	c34
0.021478935863138	-1.15875585190287	0.005	0.012	1	WBP2	c34
0.0322459177980091	-1.15508682771217	0.004	0.01	1	PSMA3	c34
0.000740396340952713	-1.15318948068099	0.013	0.03	1	EMB	c34
0.00246639644352987	1.15198622253904	0.015	0.007	1	STX10	c34
0.00260818383592461	-1.1510519783774	0.01	0.024	1	PDIA6	c34
0.0230079308539559	-1.14688663612065	0.005	0.012	1	PPM1G	c34
0.0333579309273866	-1.14652904656847	0.004	0.01	1	DOCK10	c34
0.000791420077287114	1.14496579486127	0.017	0.008	1	MIS18BP1	c34
0.000300834182582796	1.14435693431588	0.02	0.009	1	SAT2	c34
0.0164056020910462	-1.13843407108983	0.005	0.014	1	MGEA5	c34
0.0355924968667991	-1.13503912986125	0.004	0.01	1	GDI1	c34
0.0243094455892309	-1.13491896035213	0.005	0.012	1	SARS	c34
0.0291869335481251	-1.1343179626176	0.005	0.013	1	CCL3L1	c34
0.00544975865337476	-1.13287454574793	0.008	0.02	1	SEP15	c34
0.0249870550958318	-1.12889768683334	0.005	0.012	1	ARRDC1	c34
0.0365091516055032	-1.12853561002359	0.004	0.01	1	ATG12	c34
0.0120442731898818	-1.12663321447879	0.006	0.016	1	SNRPD1	c34
0.00331345729041132	1.12431022916469	0.015	0.007	1	SH3BP5	c34
0.0366155722121139	-1.12200264018436	0.004	0.01	1	CHMP5	c34
0.00618543789020604	-1.12018266386013	0.008	0.02	1	AKNA	c34
0.00895168406647374	-1.11819829725432	0.007	0.018	1	MIEN1	c34
0.00249178314968476	1.11817528343461	0.016	0.008	1	PDCD6IP	c34
0.0371362842151627	-1.11763083368472	0.004	0.01	1	FIBP	c34
0.019337381076787	1.11722080437837	0.01	0.005	1	HVCN1	c34
0.00494928822911839	1.11400409169483	0.014	0.007	1	XAF1	c34
0.0200671764727221	1.11293344597527	0.01	0.005	1	IFI44L	c34
0.039067100771009	-1.1081128922702	0.004	0.01	1	SAP30BP	c34
0.0220902917774687	-1.10517161695808	0.005	0.013	1	TUBA1C	c34
0.00013463443191949	1.10455439254221	0.024	0.011	1	RAB10	c34
0.0040398244742756	1.10414644823272	0.015	0.007	1	PXN	c34
0.0153508953082177	-1.09825441476208	0.006	0.015	1	TMX4	c34
0.011350753359205	1.0965148215195	0.012	0.006	1	NCKAP1L	c34
0.0143051528021723	-1.09547822075424	0.006	0.016	1	PNRC2	c34
0.020679318015294	-1.08931185620412	0.005	0.014	1	THRAP3	c34
0.00439083355574134	1.08920642820877	0.015	0.007	1	CD84	c34
0.000407738400017568	1.08711298248141	0.027	0.015	1	RANBP2	c34
8.08725220902053e-05	1.08632679643259	0.028	0.014	1	ATP6AP2	c34
0.0178699580684948	-1.08525289093214	0.006	0.015	1	CD79B	c34
0.00559707158919588	-1.08325854755298	0.009	0.021	1	CCDC109B	c34
0.000118613379892544	-1.08226865460608	0.02	0.044	1	CLK1	c34
0.0440941548188538	-1.07992566579897	0.004	0.01	1	PHTF2	c34
0.0437272655654789	-1.07767672529541	0.004	0.01	1	ILK	c34
0.0227095153447997	-1.07542427356403	0.005	0.013	1	APH1A	c34
0.0318954119941991	-1.0735445403458	0.005	0.011	1	VKORC1	c34
0.0226525034450987	-1.0711241361304	0.005	0.013	1	TIAL1	c34
0.00568402110339934	1.07028449045746	0.014	0.007	1	IL1R2	c34
0.0168900885361454	-1.06410896033619	0.006	0.015	1	SNRPB2	c34
0.0205318523460312	1.06150136311994	0.011	0.006	1	BRD4	c34
0.000700247717317592	1.05970176530102	0.021	0.011	1	SNX2	c34
0.000114221564927881	1.0583271153248	0.026	0.013	1	UTRN	c34
0.00232947107812472	1.0583271153248	0.017	0.009	1	EHD1	c34
0.0176618216260403	-1.0560399096272	0.006	0.015	1	NDUFB3	c34
0.0338758342392363	-1.05588124093956	0.005	0.011	1	ZRANB2	c34
0.0345262614055469	-1.0552463916264	0.005	0.011	1	ETHE1	c34
0.0133625415112805	-1.05185580242562	0.007	0.017	1	PSMC5	c34
0.0346237271354565	-1.05143141794223	0.005	0.011	1	CCT8	c34
0.0221499896232746	1.05136825708374	0.011	0.006	1	IL10RB	c34
0.0358753131914788	-1.04249038420194	0.005	0.011	1	RAB14	c34
0.00371197618107177	1.04064627927077	0.016	0.008	1	ADAM10	c34
0.036564574508931	-1.04056721789953	0.005	0.011	1	ILF3	c34
0.000944861283847236	-1.03885558187982	0.016	0.034	1	SERBP1	c34
0.0149680597168051	-1.03692756089824	0.007	0.017	1	UFM1	c34
0.00987234754111365	1.03481828063065	0.014	0.007	1	HEXB	c34
0.0278937465927628	-1.0340460323317	0.005	0.013	1	SSNA1	c34
0.0372719935769637	-1.03349359309811	0.005	0.011	1	RHEB	c34
0.00316467510567408	1.03218470052257	0.017	0.009	1	KMT2C	c34
0.00448622212285773	-1.03051527857858	0.011	0.024	1	RNF7	c34
0.00331056429245086	-1.02878929897205	0.012	0.026	1	SEC62	c34
0.000102861288024999	-1.02832726692938	0.024	0.049	1	BRD2	c34
0.0114843707450231	-1.02690327781025	0.008	0.019	1	PFDN2	c34
0.00482082791611982	1.026342563825	0.011	0.005	1	TREM2	c34
0.00357072064412018	-1.02629256623315	0.012	0.026	1	C16orf13	c34
0.00869591277505392	-1.02573714946367	0.009	0.02	1	MRPL20	c34
0.0392494523196815	-1.02444034484522	0.005	0.011	1	POLR2F	c34
0.0195242044457989	-1.02270945676611	0.007	0.016	1	PIM3	c34
0.0199372388634869	1.01997694233544	0.012	0.006	1	VPS35	c34
0.00379739411113612	-1.01905541598756	0.012	0.026	1	TMED10	c34
0.00116371751340069	-1.01700013538226	0.022	0.041	1	HMGB2	c34
0.0402267444818924	-1.01532992640051	0.005	0.011	1	PTBP1	c34
0.0048391264749726	1.01431434648821	0.016	0.009	1	UNC119	c34
0.000690414923082397	-1.0120622125666	0.017	0.037	1	CD164	c34
0.0411115000297502	-1.0107530518226	0.005	0.011	1	SMARCA5	c34
0.00957006436055082	-1.00902552281854	0.009	0.02	1	MDH2	c34
0.0130091627514733	-1.00418936879531	0.008	0.018	1	TMEM230	c34
0.00936208593148592	1.00267646448262	0.015	0.008	1	EIF4EBP1	c34
0.0239860322647613	-0.998751758983219	0.006	0.015	1	EIF3I	c34
0.0328065766019551	-0.998256413041568	0.005	0.013	1	ADSS	c34
0.00349557733599829	-0.997463505606996	0.013	0.027	1	MRPL41	c34
0.0436450851746235	-0.996934658445322	0.005	0.011	1	SCAMP2	c34
0.00407298208195107	0.996468644917758	0.016	0.008	1	ELL2	c34
7.25293617794915e-05	-0.996204895834389	0.026	0.052	1	GIMAP4	c34
0.00034342809336224	0.987545270755456	0.026	0.014	1	SUPT4H1	c34
0.0109854977428818	-0.987406311455244	0.009	0.02	1	APBB1IP	c34
0.0151352409442055	-0.985917105852741	0.008	0.018	1	C1orf86	c34
0.0462029812888585	-0.985650581735802	0.005	0.011	1	PUF60	c34
0.000447027955847062	0.983814929810649	0.026	0.013	1	EVI2A	c34
0.0259422556514008	0.982619863907543	0.012	0.006	1	CHD4	c34
0.0159180216972254	-0.978301806665923	0.008	0.018	1	ATP5G1	c34
0.00333445626911463	-0.97301766439184	0.014	0.028	1	NDUFA6	c34
0.000865274400007671	-0.972933632878237	0.018	0.037	1	NEDD8	c34
0.00715112761254774	-0.972416408106308	0.011	0.023	1	UBXN4	c34
0.00338592938889496	0.971084717965315	0.019	0.01	1	ADAR	c34
0.0489136574592807	-0.968894353410224	0.005	0.011	1	GOLPH3	c34
0.00053746478010439	-0.968659845113073	0.02	0.041	1	UBXN1	c34
0.0414828560449083	-0.968509069647515	0.005	0.012	1	DUSP5	c34
0.00124367800481161	-0.967352600614937	0.018	0.037	1	PTGER4	c34
0.0373560361865662	-0.966774018276768	0.005	0.012	1	RNF114	c34
0.00758296287574863	-0.964947737202458	0.011	0.023	1	RBM25	c34
0.0379522524314281	-0.96387762091587	0.005	0.012	1	NDUFV1	c34
0.051076249136129	-0.960781707622904	0.005	0.011	1	ST3GAL1	c34
0.00125079049641293	0.960271888328516	0.023	0.012	1	IVNS1ABP	c34
0.000961356875368584	0.960251458039969	0.025	0.013	1	PELI1	c34
0.00275672433349487	-0.959744457597218	0.015	0.03	1	ST13	c34
0.00842657032079887	-0.959522092677945	0.012	0.024	1	DUT	c34
0.0400002507408537	-0.959231256059504	0.005	0.012	1	HSD17B11	c34
0.00716382678641738	0.958993939499096	0.016	0.009	1	CD81	c34
0.0317217810590074	-0.957048110562115	0.006	0.014	1	YWHAH	c34
0.0404300312284062	-0.952817971928049	0.005	0.012	1	RBM17	c34
0.000211983455905078	0.951792985632784	0.03	0.016	1	TGOLN2	c34
0.000904107616386478	0.950570934968917	0.025	0.013	1	CHD1	c34
0.0320596490649341	-0.949380979810463	0.006	0.014	1	GSDMD	c34
0.0180811683427097	0.949205392944688	0.014	0.008	1	TRMT1	c34
0.0540594855288112	-0.947842651915407	0.005	0.011	1	MRPL55	c34
0.0529118489582279	-0.946473870939021	0.005	0.011	1	CAMLG	c34
0.0341820993124161	-0.944246828339026	0.006	0.014	1	YPEL3	c34
0.0540659200819228	-0.943732406853494	0.005	0.011	1	UHMK1	c34
0.00733133785886536	-0.937840240031941	0.012	0.024	1	MBP	c34
0.00969568727211304	-0.93308633533319	0.011	0.023	1	ELOVL5	c34
0.000262886774521798	0.930333227717112	0.03	0.016	1	PAG1	c34
0.0566147292035094	-0.928560521857049	0.005	0.01	1	FBXO7	c34
0.0573838429635969	-0.925090000479596	0.005	0.01	1	AP3S1	c34
0.0484227947300396	0.923420183690263	0.011	0.006	1	UBA1	c34
0.00254630638668145	-0.920474075789427	0.016	0.033	1	PSMB1	c34
0.000464405694487846	0.919575045377606	0.026	0.014	1	MARCKSL1	c34
0.0223302233763834	-0.917145854692491	0.008	0.017	1	PPIG	c34
0.0295084370959208	-0.916726527544969	0.007	0.015	1	A1BG	c34
0.0060566500944634	0.916401794990273	0.019	0.011	1	TMPO	c34
0.0375142221015078	-0.915152964355824	0.006	0.014	1	LINC01420	c34
0.0186121609439795	-0.914437140593943	0.009	0.019	1	AMD1	c34
0.000779510915254304	0.914431169030429	0.027	0.015	1	C8orf59	c34
0.0139101451677398	-0.914278020402215	0.01	0.021	1	XRCC6	c34
0.0100486839527927	0.91111346662941	0.017	0.01	1	CELF1	c34
0.00563674018030859	-0.910948385668646	0.014	0.027	1	TCEA1	c34
0.0298902503710112	-0.90971973843991	0.007	0.015	1	CYTH1	c34
0.00257707429291124	0.908481750315672	0.023	0.013	1	BNIP2	c34
0.0388879310762111	-0.906731517366078	0.006	0.014	1	TMEM50B	c34
0.026817930338624	0.904984998078092	0.014	0.008	1	RBM5	c34
0.0101471058134778	-0.901972760854942	0.012	0.024	1	SSU72	c34
0.00445565948708436	0.901591508766272	0.021	0.012	1	CAPN2	c34
0.000181628447986819	-0.891607954996369	0.028	0.054	1	MORF4L1	c34
0.0670717819821035	-0.888492846816025	0.005	0.01	1	NAA50	c34
0.00246909424794204	0.885334094843122	0.026	0.015	1	CD9	c34
0.027562945270588	-0.884924467453189	0.008	0.017	1	RER1	c34
0.0479794529228441	0.883307708064239	0.012	0.007	1	C20orf27	c34
0.047680574628487	0.882264921578008	0.012	0.007	1	CEP350	c34
0.00308966515652834	-0.881275605031244	0.017	0.033	1	SRSF11	c34
0.000781389223965702	-0.879803543055776	0.023	0.044	1	EIF4B	c34
0.0241568582736348	-0.879261855299391	0.009	0.018	1	PTGER2	c34
0.0555395969637751	-0.877863705207515	0.005	0.012	1	GYG1	c34
0.0149674932587583	-0.873013752922685	0.013	0.024	1	BCL3	c34
0.0598803129846329	-0.870458923985764	0.005	0.012	1	CDK5RAP3	c34
0.00119497201966992	-0.868973396096601	0.022	0.041	1	PDIA3	c34
0.025546744185117	-0.86786951395429	0.009	0.018	1	TPR	c34
0.0536882508776936	0.866712902049979	0.012	0.007	1	METAP2	c34
0.00573464577558583	-0.8645352215351	0.016	0.03	1	FKBP8	c34
0.039764700303138	-0.864051987552726	0.007	0.015	1	BIRC2	c34
0.039193909391876	-0.856298149387214	0.007	0.015	1	OCIAD1	c34
0.0874467451386732	0.856095988553206	0.01	0.006	1	ERBB2IP	c34
0.00215572987795451	-0.855643065684117	0.02	0.038	1	SNRPG	c34
0.000232640111781183	-0.854784062955025	0.031	0.057	1	SEC61G	c34
0.0399817417739154	-0.853379682361841	0.007	0.015	1	HNRNPR	c34
0.00593758096689691	0.852469925955553	0.022	0.013	1	HADHA	c34
0.0214722597585808	-0.852040076014818	0.01	0.02	1	RSRC2	c34
0.0142045617982696	-0.851465578009154	0.012	0.023	1	SELT	c34
0.0906314146173928	0.848948021622603	0.01	0.006	1	IDH3G	c34
0.00417085898056436	-0.84867339571868	0.017	0.033	1	TOMM20	c34
0.0152651629333027	-0.848641992163191	0.012	0.023	1	PTP4A1	c34
0.0331674878782998	0.84545700931837	0.015	0.009	1	SHOC2	c34
0.042437324554598	-0.845078486436408	0.007	0.015	1	SF3A2	c34
0.0744549724279762	0.844749096046677	0.011	0.007	1	TMEM205	c34
0.0780475223606698	0.834938513951296	0.011	0.007	1	MDM4	c34
0.0817742961888629	-0.833277234204057	0.005	0.01	1	SMARCB1	c34
0.0573824010334545	-0.833092071521278	0.006	0.013	1	ILF3-AS1	c34
0.011440248713171	-0.83003345122757	0.014	0.026	1	BSG	c34
0.013955336349758	0.827501290401342	0.019	0.011	1	PSMA4	c34
0.000575211604959288	-0.826576250878528	0.033	0.057	1	SQSTM1	c34
0.00364886963171448	-0.825852127536796	0.019	0.035	1	JAK1	c34
0.0182257340167055	-0.82233842150462	0.012	0.022	1	MGST3	c34
0.0317635218119876	-0.820971282596489	0.009	0.018	1	VDAC2	c34
0.0585803035752383	-0.816329353418289	0.006	0.013	1	KPNB1	c34
0.0390688916837899	0.815641354882809	0.015	0.009	1	CTDSP1	c34
0.0876432359920802	-0.815392355891756	0.005	0.01	1	HSPA4	c34
0.0420841917383393	-0.813741760730193	0.008	0.016	1	NKTR	c34
0.00508866962167622	-0.81303378429566	0.018	0.034	1	SHFM1	c34
0.0723847828589538	-0.81303378429566	0.005	0.011	1	COX20	c34
0.0409866816181328	-0.812840639501091	0.008	0.016	1	NDUFA12	c34
0.00363564947200277	0.811412374854283	0.026	0.016	1	DOCK8	c34
0.0509794464419879	-0.804856195044826	0.007	0.014	1	LSM5	c34
0.09025038462983	-0.804856195044826	0.005	0.01	1	CNOT7	c34
0.0924230060648495	-0.804856195044826	0.005	0.01	1	MRPL14	c34
0.0774507769194671	0.800208199905122	0.012	0.007	1	PFKL	c34
0.0652566149997313	-0.799938126683977	0.006	0.013	1	VIM-AS1	c34
0.0464688598464457	-0.795611518472903	0.008	0.016	1	MACF1	c34
0.0258683173180054	-0.795295711265717	0.011	0.021	1	ANKRD44	c34
0.0532934495346844	-0.794749708594503	0.007	0.014	1	EIF4H	c34
0.0535538591350306	-0.794749708594503	0.007	0.014	1	LUC7L3	c34
0.0539467488852333	-0.794749708594503	0.007	0.014	1	LAMTOR5	c34
0.00418852937384466	-0.79195796782542	0.021	0.037	1	SF3B5	c34
0.0564014256849453	0.791861804090733	0.014	0.008	1	SRSF6	c34
0.0542178231778221	-0.79170390512495	0.007	0.014	1	WTAP	c34
0.0548336560993495	0.791372340119663	0.012	0.007	1	GBP1	c34
0.0456000602862095	-0.791043132638844	0.008	0.016	1	MAPK1IP1L	c34
0.00809346702644624	-0.790051406108949	0.021	0.036	1	PMAIP1	c34
8.11845050850392e-05	-0.78956801021202	0.04	0.071	1	EIF3F	c34
0.0550246678268073	-0.788142321483556	0.007	0.014	1	ADD3	c34
0.000693463199053439	0.786272704166885	0.037	0.022	1	HNRNPH1	c34
0.00341300945923755	-0.786184797382839	0.022	0.039	1	EIF5A	c34
0.0138365246932475	-0.784001041143457	0.015	0.027	1	TRIM22	c34
0.218503793585094	0.782287288442076	0.032	0.026	1	FABP5	c34
0.00818147369668878	-0.781862732326563	0.017	0.031	1	OSTF1	c34
0.000447097533484764	-0.781850286770851	0.033	0.058	1	ERP29	c34
0.0499543700426184	-0.780941471094179	0.008	0.016	1	DPM3	c34
0.00313788478151836	-0.780835133855389	0.023	0.04	1	CDC37	c34
0.0339081900013693	-0.778943384637091	0.01	0.019	1	ARID4B	c34
0.0172649296189566	-0.778751115023841	0.014	0.025	1	MRPL33	c34
0.059219611504174	0.778219196132065	0.014	0.008	1	TMED5	c34
0.00420186528171401	0.774248162328455	0.03	0.018	1	GLRX	c34
0.085784157138807	-0.772557331901174	0.005	0.011	1	PSMD7	c34
0.0268335286024774	0.769491216304561	0.016	0.009	1	CLEC10A	c34
0.0928330432525846	0.769034643156316	0.012	0.007	1	FAM200B	c34
0.0786790931662869	0.768970396310727	0.013	0.008	1	SPG21	c34
0.0431866182359237	-0.768277497233312	0.009	0.017	1	VDAC1	c34
0.00493044613814265	-0.765228164800105	0.021	0.037	1	NSA2	c34
0.01382403038404	-0.764257372057136	0.016	0.028	1	TBCB	c34
0.0306995689385304	-0.763924378393594	0.012	0.021	1	IFRD1	c34
0.053307954608032	-0.763791159404545	0.008	0.015	1	R3HDM4	c34
0.0737936850751669	-0.763674582697205	0.006	0.012	1	PPP1R12A	c34
0.0977038554886589	0.762304297537096	0.012	0.008	1	SQRDL	c34
0.0828160036993029	0.760003959487867	0.013	0.008	1	MAPRE1	c34
0.00118292022150774	0.759546199799226	0.037	0.022	1	NDUFS6	c34
0.0547291247462019	-0.759120727870544	0.008	0.015	1	TRA2A	c34
0.000327905795267073	-0.758732744040461	0.037	0.063	1	EIF3E	c34
0.0197819805820326	-0.757523821041882	0.015	0.026	1	PDE4B	c34
0.0654499867218803	-0.75620703233711	0.007	0.014	1	ACTN4	c34
0.0548740975380887	-0.75443512764628	0.008	0.015	1	PPP2R1A	c34
0.0227071383495148	0.753489602161658	0.02	0.012	1	TM9SF2	c34
0.0252371935225612	-0.753183059838564	0.013	0.023	1	PSTPIP1	c34
5.18186392107854e-05	-0.752382558365956	0.048	0.082	1	EDF1	c34
0.0791263205024638	-0.747849615535523	0.006	0.012	1	TMEM14C	c34
0.0589382775552584	-0.74312720529312	0.008	0.015	1	H3F3A	c34
0.149676285866013	0.742457302082852	0.01	0.007	1	MAN2A1	c34
0.0380783693976127	-0.736562858594882	0.011	0.02	1	MRPL54	c34
0.0364799229810892	0.733810381711799	0.018	0.011	1	DBNL	c34
0.0520351432138032	0.7335539101919	0.017	0.011	1	OSM	c34
0.0449103791606037	-0.73284197635583	0.01	0.018	1	HP1BP3	c34
0.0180296924296388	-0.73257728595221	0.016	0.027	1	COX14	c34
0.00272700937553239	0.732326178322206	0.034	0.021	1	C7orf73	c34
0.0155209234613159	-0.731378605856622	0.016	0.029	1	FIS1	c34
0.0372051391343599	0.730053361252907	0.018	0.012	1	TOP1	c34
0.0332071157650047	-0.729889821141618	0.012	0.021	1	C14orf166	c34
0.058789085783961	-0.729662481865873	0.01	0.018	1	SDF2L1	c34
0.0338046553525256	-0.72886651216795	0.012	0.021	1	TUFM	c34
0.0970530000453349	0.728178513632469	0.013	0.008	1	ERICH1	c34
0.0012563969861971	0.727880466933571	0.039	0.024	1	PAK2	c34
0.0633047339781877	-0.726475964742956	0.008	0.015	1	FBL	c34
0.10310151892577	-0.724766002422482	0.005	0.011	1	ZNF292	c34
0.0740922953458995	-0.724613907641793	0.007	0.014	1	MOB1A	c34
0.0622945715363411	0.724539936569121	0.016	0.01	1	UQCRC1	c34
0.056687394860766	-0.720591408491098	0.009	0.016	1	NDUFA7	c34
0.0105525127900594	0.720330651809784	0.026	0.017	1	FERMT3	c34
0.000204128717543705	0.72023748154007	0.05	0.031	1	AKAP13	c34
0.00295574652347293	-0.715552567102	0.027	0.046	1	HNRNPA3	c34
0.109019405619869	-0.713084197374847	0.005	0.01	1	MFNG	c34
0.00523297892424705	-0.71253212809005	0.026	0.044	1	ITGB1	c34
0.0681545534493039	0.711516522786733	0.016	0.01	1	SHKBP1	c34
0.0120947203558827	0.709754187019337	0.026	0.016	1	PFKFB3	c34
0.10820867535169	-0.708246413063775	0.005	0.01	1	TXN2	c34
0.00319810449171528	0.708140760395924	0.035	0.022	1	ATF4	c34
0.00215577851409262	0.704946207394752	0.037	0.023	1	LAPTM4A	c34
0.0456594151927112	-0.704033383243034	0.011	0.019	1	RAD23A	c34
0.0538228495256837	-0.7027554896315	0.01	0.018	1	RPN2	c34
0.155535773490107	0.700202940971284	0.011	0.007	1	MKRN1	c34
0.0468063174629194	-0.699540168998394	0.011	0.019	1	RAB1B	c34
0.0231066312226921	0.69921377738033	0.023	0.015	1	MYCBP2	c34
0.0833856294183175	-0.698289566422779	0.007	0.013	1	ZC3H15	c34
0.0724251237855785	0.695044769798304	0.016	0.01	1	AFF4	c34
0.00362120922813354	-0.693995166928003	0.029	0.048	1	ROMO1	c34
0.0752050523862784	-0.693565023079509	0.008	0.015	1	PAFAH1B1	c34
0.0369191536848629	-0.692748880589628	0.013	0.022	1	COX7A2L	c34
0.0597230929425083	-0.691432478385635	0.03	0.041	1	TUBB	c34
0.0995821374377873	-0.691360377881315	0.006	0.012	1	ETFB	c34
0.00573058103977999	0.687979685348372	0.033	0.021	1	CAPZA1	c34
0.0764625551559284	-0.687186833628899	0.008	0.015	1	DNAJC8	c34
0.210622392696533	-0.679933378805925	0.011	0.016	1	MTRNR2L8	c34
0.0369812860578706	0.679287129112999	0.021	0.014	1	POLE4	c34
0.0206477979813786	-0.678638478841406	0.015	0.026	1	BHLHE40	c34
0.00667940959488181	-0.678473589985763	0.026	0.043	1	CSRNP1	c34
0.0219670203030482	0.678336563145157	0.011	0.006	1	IL10	c34
0.0681070604488344	-0.677623479210488	0.011	0.018	1	C19orf10	c34
0.145394960067786	0.677552440562502	0.012	0.008	1	CDV3	c34
0.00180206542591495	-0.676204455089876	0.036	0.058	1	NDUFS5	c34
0.0286805307670284	0.674216567311565	0.023	0.015	1	ENY2	c34
0.0174192124236353	-0.672178751616806	0.019	0.032	1	NDUFB10	c34
0.0639858369133341	0.671594985266101	0.017	0.011	1	PER1	c34
0.1430948744029	-0.670370862857806	0.008	0.013	1	MT1E	c34
0.00737807576664032	-0.670199307468949	0.026	0.042	1	LSM7	c34
0.000545987735952595	0.669031583727009	0.052	0.033	1	CSDE1	c34
0.097395141533819	-0.667050504566194	0.007	0.013	1	FAM195B	c34
0.060328403418681	-0.666539001266779	0.011	0.019	1	PPP1R10	c34
0.0469806426446501	-0.665720218588224	0.013	0.022	1	AAK1	c34
0.100650831716958	0.664786316439083	0.015	0.01	1	HMGA1	c34
0.0171635232008952	0.664452916022082	0.027	0.018	1	EIF3M	c34
0.155186152699818	0.664048176212754	0.012	0.008	1	EPSTI1	c34
0.111993934372997	-0.663514230616986	0.006	0.012	1	LMBRD1	c34
0.120300553679766	-0.663167070078966	0.007	0.013	1	HIST1H1C	c34
0.210633080407897	0.661958827490027	0.01	0.007	1	FAM204A	c34
0.187610132747571	0.655389093620584	0.011	0.008	1	SEC14L1	c34
0.0199822226188813	-0.65124997971306	0.019	0.031	1	MATR3	c34
0.0181227226332573	-0.650990923314953	0.02	0.033	1	KMT2E	c34
0.136447132624509	-0.646002856122528	0.005	0.01	1	CARD8	c34
0.0739943828324076	-0.644857979555109	0.01	0.017	1	ATM	c34
0.0037483742431698	-0.642981363842698	0.092	0.119	1	GADD45B	c34
0.124020730273027	-0.642746615149453	0.006	0.011	1	HIGD1A	c34
0.0578813017091485	-0.641297034479004	0.012	0.02	1	SF3B6	c34
0.227002221007546	0.641230093867662	0.01	0.007	1	RUNX1	c34
0.0521452120833934	-0.639870191784691	0.013	0.021	1	EIF1AX	c34
0.0843461104396523	-0.635884492443091	0.032	0.042	1	MTRNR2L2	c34
0.039069355707746	-0.632568830145421	0.016	0.025	1	IFI27L2	c34
0.0218743683025209	-0.631347101333829	0.02	0.032	1	ATP5J	c34
0.00471459075280916	-0.63089491430456	0.024	0.041	1	CALM3	c34
0.025288017269993	0.623349986832339	0.027	0.018	1	PPP1CB	c34
0.0393953987333715	-0.622318733451664	0.01	0.018	1	PPA1	c34
0.117687948119414	-0.621461262376859	0.007	0.013	1	CNIH1	c34
0.151591034076797	0.62079497825887	0.014	0.009	1	TIMM8B	c34
0.0012485852590033	-0.61941587044738	0.041	0.065	1	PTGES3	c34
0.10415472779517	-0.617682323330945	0.008	0.014	1	EPS15	c34
0.0955153635555635	0.617147201243725	0.017	0.012	1	BAZ1A	c34
0.136837987847531	0.615433786504454	0.015	0.01	1	BPTF	c34
0.116155357976995	-0.610958871287116	0.008	0.014	1	MYLIP	c34
0.151919797063371	-0.610884812867609	0.005	0.01	1	SDHD	c34
0.157892260776751	0.609275183588159	0.016	0.012	1	SLC20A1	c34
0.121921530888757	0.609220285472097	0.018	0.013	1	SYAP1	c34
0.0758258934825844	-0.608661290658821	0.012	0.019	1	PRMT9	c34
0.00161933417701625	0.608047101081867	0.052	0.035	1	MINOS1	c34
0.202750122676747	0.607809336664389	0.012	0.008	1	PTK2B	c34
0.014085718884181	-0.606895367520826	0.026	0.04	1	ICAM3	c34
0.113331717546845	-0.605765578994988	0.008	0.014	1	MAGOH	c34
0.111554087597969	-0.605245220092723	0.008	0.014	1	MRFAP1	c34
0.264610395856696	0.602647631548611	0.01	0.007	1	PRPF6	c34
0.0837364018090769	0.602101259627333	0.019	0.013	1	FAM96A	c34
0.157293389892188	-0.601970088059861	0.005	0.01	1	DUSP23	c34
0.00320599259707469	-0.601241646690994	0.039	0.061	1	CD53	c34
0.0551718740114779	-0.599247563747448	0.017	0.027	1	RPS4Y1	c34
0.0259726541274712	-0.59898622962104	0.021	0.033	1	NDUFB4	c34
0.115704938706157	-0.5974172299657	0.008	0.014	1	CHMP2A	c34
0.0474716490075256	0.596648890927167	0.023	0.015	1	EIF4E	c34
0.0765478182312355	-0.595996187015229	0.012	0.019	1	UQCRFS1	c34
0.0275339644091961	-0.594623677034973	0.021	0.033	1	UQCRHL	c34
0.160057371307432	-0.594498838628726	0.005	0.01	1	ITGB1BP1	c34
0.161246659988173	-0.593749581254893	0.005	0.01	1	CNOT2	c34
0.148593865153585	-0.590466997265591	0.006	0.011	1	CHCHD5	c34
0.110034538074526	-0.59024789254334	0.01	0.016	1	VIMP	c34
0.0258964266304061	-0.589756977180646	0.022	0.034	1	NDUFB9	c34
0.057799643992034	-0.58818409841286	0.015	0.023	1	IKZF1	c34
0.0728818124038258	-0.588142792402009	0.013	0.02	1	KTN1	c34
0.132624345059544	-0.587908702665833	0.007	0.012	1	NRBP1	c34
0.0340846499533349	0.587389602659394	0.026	0.017	1	HLA-DRB3	c34
0.00151980119799565	-0.58644478063166	0.048	0.073	1	COX6C	c34
0.0144938442809514	-0.583549163287088	0.028	0.043	1	C11orf31	c34
0.073667271030999	-0.582514128677438	0.013	0.02	1	PSMB6	c34
0.166938960239349	-0.581708238189204	0.005	0.01	1	FGD3	c34
0.0178574215293737	-0.580996139717723	0.057	0.075	1	HERPUD1	c34
0.152566567562463	-0.58057419250716	0.006	0.011	1	AZIN1	c34
0.0955299835750806	-0.57914810112701	0.011	0.018	1	TGIF1	c34
0.0427586295593745	0.577618837057088	0.026	0.018	1	RPN1	c34
0.00315258024609598	-0.573758584513658	0.046	0.068	1	SRSF3	c34
0.271864852025137	0.572900288154559	0.01	0.007	1	ARL5B	c34
0.124929196463136	0.571134803486889	0.017	0.012	1	DYNC1H1	c34
0.158509181071231	-0.568612580577521	0.006	0.011	1	GTF2A2	c34
0.0056613754737384	-0.566881514481453	0.019	0.034	1	BIRC3	c34
0.309327998852429	0.564094390779218	0.01	0.007	1	LASP1	c34
0.307201622015538	0.563119267361973	0.01	0.007	1	ASH1L	c34
0.0246151401683853	0.562276448561377	0.033	0.023	1	HN1	c34
0.0897582801989606	0.55873934989163	0.021	0.015	1	NFE2L2	c34
0.00196415915615445	0.556929331242776	0.059	0.041	1	GLIPR1	c34
0.171492980758753	0.555341916770254	0.016	0.011	1	FLOT1	c34
0.175623234584329	0.551468907623048	0.016	0.011	1	PRPF40A	c34
7.90773485122064e-05	0.550127636262589	0.089	0.06	1	CCNL1	c34
0.1698227693852	-0.547776650625575	0.006	0.011	1	TAF15	c34
0.00876585163559771	0.546472162876913	0.046	0.032	1	TMBIM4	c34
0.238846689060635	0.545293638522601	0.013	0.009	1	TXNDC17	c34
0.332360937337252	0.542792466257596	0.01	0.008	1	GTF3C6	c34
0.173486726680592	-0.540990678373426	0.006	0.011	1	SMG1	c34
0.067379078118171	-0.539737141896188	0.016	0.025	1	CHURC1	c34
0.1530042852702	0.539144689242452	0.017	0.013	1	RBMS1	c34
0.0318063335303317	-0.538995622562249	0.026	0.038	1	TMEM59	c34
0.0793570197430952	0.536505274757398	0.024	0.017	1	ITGAL	c34
0.00816206263590495	-0.536433735755022	0.04	0.059	1	EIF3G	c34
0.105130739905346	-0.536026435909262	0.012	0.018	1	ATRX	c34
0.00841052476716366	-0.534612993801747	0.04	0.059	1	RBM39	c34
0.150990486432853	-0.533215533820069	0.008	0.013	1	BTF3L4	c34
0.00793909559533835	-0.531855974822295	0.025	0.041	1	LCP2	c34
0.000185555442727165	-0.5315156523007	0.086	0.123	1	HNRNPA2B1	c34
0.00498783471289062	0.531094370523576	0.052	0.036	1	MYADM	c34
0.0995715989570001	-0.530842829694701	0.013	0.02	1	LINC00493	c34
0.0372512064796687	0.528858270921279	0.033	0.023	1	WAS	c34
0.129767992782284	-0.52800872680505	0.01	0.016	1	DDX18	c34
0.154732348171501	-0.527734163089141	0.008	0.013	1	RAB11A	c34
0.0175441496398609	-0.527551091578091	0.032	0.047	1	EIF3H	c34
0.353794949257232	0.526544652462819	0.01	0.008	1	CNPPD1	c34
0.0185521989781613	0.524315021149629	0.041	0.029	1	VAPA	c34
0.13145214210837	-0.523425828920466	0.01	0.016	1	XRCC5	c34
0.0128934419201993	-0.51987450066291	0.038	0.056	1	IRF1	c34
0.15021107612721	-0.518870188028625	0.009	0.014	1	GADD45GIP1	c34
0.106692291538066	-0.517261832186587	0.013	0.02	1	PSMA2	c34
0.148315206294678	-0.51585304846772	0.009	0.014	1	NUCB1	c34
0.0109915993765065	-0.514377265305527	0.037	0.054	1	SEC61B	c34
0.244068775172766	-0.513445990512571	0.007	0.011	1	GLA	c34
0.149608926265804	-0.513333936528756	0.009	0.014	1	CASP4	c34
0.015759436137122	0.510440193451521	0.045	0.032	1	SELPLG	c34
0.0534583929551386	0.509216232949591	0.031	0.022	1	ARPC4	c34
0.168385277197411	0.509001610063016	0.018	0.013	1	SLTM	c34
0.11402608614851	-0.505783895019801	0.013	0.019	1	SF3B2	c34
0.00418505694908046	0.505134542080187	0.062	0.044	1	BRK1	c34
0.187140311840237	-0.502310210209366	0.007	0.012	1	KDELR2	c34
0.0506142312804192	-0.501927786237856	0.488	0.467	1	FOS	c34
0.289921299846121	0.501296373814997	0.013	0.01	1	STK38	c34
0.12928509332301	-0.501289555733907	0.012	0.018	1	MRPS34	c34
0.10033171599643	-0.498395954385089	0.015	0.022	1	ATP5C1	c34
0.291731099902241	0.498310971733875	0.013	0.01	1	SETX	c34
0.0964531906509497	0.497539889384739	0.026	0.019	1	TAX1BP1	c34
0.0326517414071441	-0.496596559014972	0.029	0.042	1	TAPBP	c34
0.0200976490998772	0.496258286956633	0.044	0.032	1	DDX17	c34
0.207334160137435	-0.496086322036749	0.006	0.01	1	SKIL	c34
0.327044881544054	0.495916456593492	0.012	0.009	1	PCM1	c34
0.203061818908003	-0.495384451411916	0.006	0.01	1	YTHDC1	c34
0.204954385143584	-0.494682239161066	0.006	0.01	1	EIF5B	c34
0.155452495533305	0.493941372106111	0.02	0.015	1	YWHAE	c34
0.390007634443716	0.493658613490984	0.01	0.008	1	ADIPOR1	c34
0.188005813994225	0.491850694116257	0.016	0.012	1	SNORD3A	c34
0.190163158820647	-0.49171356905233	0.007	0.012	1	TCP1	c34
0.0710656906552584	0.491419887130032	0.028	0.021	1	ACP5	c34
0.00576625291696828	-0.491321173561139	0.053	0.075	1	NDUFA4	c34
0.00223162697232625	0.491223481842016	0.076	0.055	1	RAP1B	c34
0.180600747566181	-0.489334226837146	0.008	0.013	1	CCDC59	c34
0.0795682222895997	-0.488850722936886	0.018	0.027	1	FAM49B	c34
0.090201654036878	0.48758149691843	0.024	0.017	1	UBE2J1	c34
0.0710196396692477	-0.486781739283285	0.02	0.029	1	ERH	c34
0.421049041348224	0.483706558825103	0.012	0.01	1	BAG3	c34
0.000878090466873499	0.481140974928837	0.077	0.054	1	CDKN1A	c34
0.000968292977583315	-0.480064131612831	0.089	0.122	1	LIMD2	c34
0.0819309936159923	-0.479662721936126	0.019	0.028	1	REEP5	c34
0.213246692907482	-0.479146459615037	0.006	0.01	1	PSMG2	c34
0.37604140225682	0.478658914273157	0.011	0.008	1	STT3B	c34
0.101054031764364	-0.477650973795535	0.016	0.024	1	EIF1B	c34
6.15412607249039e-05	-0.477309115006121	0.194	0.242	1	TXNIP	c34
0.0162695736369605	-0.47721157913606	0.042	0.059	1	MBNL1	c34
0.0161619880807525	0.47670532517425	0.05	0.037	1	COX5A	c34
0.376073357031191	0.476115225619679	0.011	0.008	1	APOL6	c34
0.00169040290703671	-0.474475407707991	0.079	0.108	1	SLC2A3	c34
0.118950500928393	-0.471441347618358	0.015	0.021	1	BCLAF1	c34
0.236996909398511	0.470907978992757	0.016	0.012	1	STK10	c34
0.356443458973175	0.469835803123397	0.012	0.009	1	LAIR1	c34
0.160980789043103	-0.468182012244539	0.011	0.016	1	HNRNPM	c34
0.307781862854603	0.467879075519915	0.014	0.011	1	DIAPH1	c34
0.0927713646316172	-0.467741696342788	0.018	0.026	1	UBE2B	c34
0.00213032300599207	0.465853990724423	0.069	0.049	1	CD97	c34
0.385047058382941	0.465144107798675	0.011	0.009	1	B4GALT1	c34
0.312199885110025	0.464461175222189	0.014	0.011	1	DDX46	c34
0.43120429506037	0.464233602851515	0.01	0.008	1	LYPLA1	c34
0.000933633026078433	0.462850734933261	0.089	0.065	1	PGK1	c34
0.427001193050469	-0.462401671587589	0.021	0.025	1	HSPA6	c34
0.199671222394617	-0.461430433364682	0.008	0.013	1	SEPT2	c34
0.0153468410117118	0.461029020251366	0.054	0.04	1	PGAM1	c34
0.0940931242703473	-0.458604901770664	0.019	0.027	1	POLR1D	c34
0.149541404514236	-0.457399752121329	0.013	0.019	1	TMEM179B	c34
0.033985147364523	0.456686344891394	0.051	0.039	1	ISG15	c34
0.123602163296549	0.456582094295252	0.024	0.018	1	HLA-DRB5	c34
0.119734887555294	-0.45656662078611	0.016	0.023	1	RAP1A	c34
0.0118342583545037	0.455758512163078	0.058	0.043	1	ARF5	c34
0.00171972840781311	0.454707834598973	0.087	0.064	1	UQCRH	c34
0.0387806475912526	-0.454321180580465	0.027	0.04	1	HSPD1	c34
0.127742389300758	0.453881794235597	0.026	0.019	1	ARHGAP4	c34
0.00900226834140904	-0.452669239513462	0.057	0.078	1	COX7A2	c34
0.353718756241643	0.452087954973229	0.013	0.01	1	CCDC69	c34
4.8424685789279e-05	-0.45066425098651	0.18	0.23	1	NFKBIA	c34
0.229900687413083	0.450129381861383	0.018	0.014	1	EIF2S2	c34
0.130022533228283	0.447402120614877	0.026	0.02	1	SCAF11	c34
0.238251792236807	-0.446837930092541	0.006	0.01	1	ANXA7	c34
0.00824406182410123	-0.443031739601651	0.061	0.083	1	SRSF5	c34
0.242660479873803	-0.442474937732357	0.006	0.01	1	MRPL34	c34
0.424960325449611	0.440966624201207	0.011	0.009	1	NECAP2	c34
0.0565571157363366	-0.440714821873162	0.058	0.073	1	H2AFZ	c34
0.0306470617207801	0.440660449530938	0.048	0.036	1	COX7B	c34
0.173062760082325	-0.440080076950714	0.012	0.017	1	GPI	c34
0.00023667694282268	0.436941039664096	0.12	0.088	1	TPI1	c34
9.83363057098152e-05	0.434137730799342	0.115	0.082	1	TUBA1A	c34
0.15805485315682	-0.433709168744425	0.014	0.02	1	HMHA1	c34
0.000131917266596711	-0.433306176549918	0.456	0.494	1	CYTB	c34
7.44621009964206e-05	-0.432740099898717	0.133	0.179	1	COX7C	c34
0.476407521902095	0.430942623661013	0.01	0.008	1	LOC100507217	c34
0.0925655053936099	0.429520198067954	0.035	0.027	1	STAT1	c34
0.150450058689538	-0.428830599924558	0.015	0.021	1	CDC42SE1	c34
0.16742122165384	-0.428276941646291	0.013	0.018	1	GHITM	c34
0.0604291943805558	0.427820893464218	0.093	0.079	1	HSPB1	c34
0.453143699866715	0.42616118597804	0.011	0.009	1	OXA1L	c34
0.00239535414175371	0.425688832169776	0.088	0.065	1	H3F3AP4	c34
0.0104102098695847	-0.423853091290549	0.062	0.084	1	COX6A1	c34
0.163884186840913	-0.423414665037585	0.014	0.02	1	BANF1	c34
0.160605251809696	0.422807161241216	0.026	0.02	1	VPS29	c34
0.0607213443152478	-0.419508782103557	0.031	0.042	1	HNRNPC	c34
0.14253210935351	-0.418535945795957	0.017	0.024	1	DNAJB6	c34
0.0975952543412854	-0.418239734925213	0.023	0.032	1	RSL24D1	c34
0.198081997831835	0.418102840833522	0.021	0.016	1	SERPINB9	c34
0.641058886969994	-0.417258373817839	0.417	0.368	1	DUSP1	c34
0.227799493839394	0.416781086237276	0.021	0.016	1	RABGAP1L	c34
0.063518985582667	-0.415274276448652	0.031	0.042	1	ELF1	c34
0.408406305119811	0.412910910657045	0.013	0.01	1	KCNAB2	c34
0.186135559202503	0.412258527546582	0.025	0.019	1	USP15	c34
0.230299857316994	-0.411491219294547	0.009	0.013	1	U2SURP	c34
0.302851162374276	0.410979709218716	0.017	0.014	1	ROCK1	c34
0.0471696614762498	0.408727149037319	0.047	0.036	1	RBX1	c34
0.0327448904440378	0.408057606541955	0.054	0.041	1	RNF213	c34
0.00589194338156076	-0.405700949741851	0.076	0.101	1	CCNI	c34
0.0431988972066873	0.405621016405063	0.045	0.034	1	REL	c34
0.197134070186454	0.402563389261446	0.024	0.018	1	GABARAPL1	c34
0.258509187096295	-0.402153354715211	0.008	0.012	1	LPAR6	c34
0.258753076803563	0.401468377296505	0.02	0.016	1	AKAP9	c34
0.00583592752444806	0.400053999831828	0.088	0.067	1	STK17B	c34
0.377039609754836	0.398556026955106	0.015	0.012	1	TAOK3	c34
8.44745418656376e-05	-0.398554113661143	0.153	0.201	1	DDX5	c34
0.525584148878766	0.397533201643999	0.01	0.008	1	EIF4E2	c34
0.173891611061107	-0.392281378903967	0.016	0.023	1	CFLAR	c34
0.281366901475088	-0.392082931188983	0.006	0.01	1	ETNK1	c34
0.0057741471310187	-0.391519190786801	0.086	0.112	1	CHCHD2	c34
0.269361453384501	-0.391328580823619	0.007	0.011	1	LRP10	c34
0.00938812789428097	-0.390322166383861	0.081	0.105	1	UBL5	c34
0.0523760970344792	-0.389544001355234	0.039	0.052	1	SON	c34
0.351327862946178	0.388959279093022	0.016	0.013	1	KIF5B	c34
0.448753575060677	0.385761686518705	0.013	0.01	1	RNPEPL1	c34
0.208892344114312	-0.384521619116893	0.014	0.019	1	ATP1A1	c34
0.00405119130933871	0.382385907750373	0.108	0.084	1	GMFG	c34
0.0866449014509955	-0.380595738842088	0.031	0.041	1	SEPT9	c34
0.0356054502243931	-0.379790222349848	0.046	0.061	1	NDUFA3	c34
0.347563314694992	-0.379597698673573	0.087	0.078	1	CCL3	c34
0.456376805761231	0.379568376092601	0.013	0.01	1	TMEM147	c34
0.391601201649842	0.378538737623141	0.016	0.013	1	TNIP1	c34
0.142026423321525	-0.378443905901324	0.021	0.028	1	JTB	c34
0.0870558791381448	-0.378190111364495	0.032	0.042	1	VPS28	c34
0.186196895934206	0.374956335141057	0.029	0.023	1	EIF2S3	c34
0.276495588469489	-0.374937591929356	0.008	0.012	1	KRAS	c34
0.474890941532992	0.373401539171099	0.013	0.011	1	CSNK1A1	c34
0.535047065543431	0.372350012126816	0.011	0.009	1	HLA-L	c34
0.0177843596564272	-0.37117407904519	0.267	0.29	1	UBC	c34
0.287444695095232	-0.371065676931114	0.007	0.011	1	LRPAP1	c34
0.0838326603261667	0.370200054668718	0.043	0.033	1	FKBP5	c34
0.291815278264534	-0.362674916818644	0.008	0.012	1	TLE4	c34
0.164916248153634	-0.3590271398035	0.021	0.028	1	ANAPC11	c34
0.330397505795914	0.358907915068459	0.02	0.016	1	SNX6	c34
0.0850451039511822	-0.357937687338047	0.042	0.054	1	RPS20	c34
0.0783785785248633	-0.357887613754892	0.037	0.049	1	ARF1	c34
0.303284595300694	-0.357397218073604	0.007	0.01	1	MIER1	c34
0.0694882267285048	0.356942042217235	0.051	0.04	1	UQCRQ	c34
0.00239189129910427	0.356792459913435	0.119	0.092	1	ATP5I	c34
0.129490097727536	-0.355960737254459	0.029	0.038	1	RPS27L	c34
0.113485719385332	0.352245050482678	0.042	0.033	1	GNB2	c34
0.177735297529755	0.345954752588644	0.034	0.027	1	DEK	c34
0.272644129929062	-0.344610906379416	0.011	0.015	1	ERGIC3	c34
0.315850399458339	-0.343598021135893	0.007	0.01	1	CHCHD7	c34
0.539410272995778	0.343195782909381	0.012	0.01	1	ITGB2-AS1	c34
0.0771229246764232	0.341752136471151	0.061	0.05	1	GPR183	c34
0.284776823190139	-0.341169533058266	0.01	0.014	1	MLF2	c34
0.00299637750828196	-0.340855746807189	0.149	0.183	1	CORO1A	c34
0.172457813152728	-0.340822272245206	0.024	0.031	1	PRDX5	c34
0.23581763358108	-0.339268789194741	0.015	0.02	1	CBX3	c34
0.119928639996169	-0.333576458018075	0.033	0.042	1	ANP32B	c34
0.456642416378638	0.333503632195329	0.016	0.013	1	SH3GLB1	c34
0.567026165096427	0.331762775747834	0.012	0.01	1	PTRHD1	c34
0.335119894493771	-0.331064877287043	0.007	0.01	1	SMS	c34
0.0904598520538219	-0.329843014204601	0.064	0.077	1	UCP2	c34
0.597274318464627	0.329629137142194	0.011	0.009	1	ATP6AP1	c34
0.223900573328261	-0.326662447780305	0.018	0.024	1	MRPL52	c34
0.274090736294678	-0.325459449969604	0.013	0.017	1	KHDRBS1	c34
0.131996930371796	-0.323747208427353	0.012	0.018	1	MAF	c34
0.0615014979061064	0.323530137078363	0.063	0.051	1	DRAP1	c34
0.35598764164307	0.323275391487338	0.022	0.018	1	FMNL1	c34
0.32348330795421	-0.321452254092131	0.008	0.011	1	APEX1	c34
0.105767503166119	-0.320395876333219	0.04	0.051	1	NDUFB11	c34
0.140701367608444	-0.319349856450117	0.034	0.043	1	PET100	c34
0.158878809381844	0.319083073800303	0.042	0.034	1	TOMM6	c34
0.590153982706014	0.319008021385621	0.012	0.01	1	SLIRP	c34
0.459183758540587	0.318673888022453	0.016	0.014	1	LSM6	c34
0.0516391406878165	-0.315016866004188	0.059	0.075	1	PCBP1	c34
0.260537509782257	-0.314182831417155	0.016	0.02	1	ZNHIT1	c34
0.274351339357374	-0.313829012889106	0.014	0.018	1	TCEB1	c34
0.152285330848746	0.309865882320764	0.048	0.04	1	DDX3X	c34
0.848821688077962	0.307904365987478	0.01	0.011	1	MX1	c34
0.580785732750366	0.305945512949421	0.013	0.011	1	NCF4	c34
0.0119871879256146	0.305397510376903	0.113	0.091	1	YWHAB	c34
0.179481253354827	0.303822953548384	0.042	0.035	1	IL10RA	c34
0.0537006326390249	-0.303127406269248	0.061	0.077	1	RBM3	c34
0.466848898812944	0.301942807748762	0.018	0.016	1	SSR1	c34
0.095617245748598	-0.300592322420345	0.041	0.052	1	HSPH1	c34
0.329459441038408	-0.300497786623387	0.01	0.013	1	SLC44A2	c34
0.277701629877296	-0.299247230506916	0.016	0.02	1	TNFRSF14	c34
0.625880411182877	0.297302420856852	0.012	0.01	1	NDUFB5	c34
0.660754455300442	0.294845496347571	0.011	0.01	1	PRDX3	c34
0.668611221354669	0.28962508988314	0.011	0.01	1	VTI1B	c34
0.655649068844427	0.284158620628019	0.012	0.01	1	PHF3	c34
0.668466629437755	0.283929093137139	0.015	0.013	1	ARRDC3	c34
0.145063606667494	0.281665876505537	0.055	0.046	1	ARHGDIA	c34
0.395367886903194	0.281063076379716	0.025	0.021	1	PSMA6	c34
0.577726562137581	0.280719536661248	0.015	0.013	1	EIF4EBP2	c34
0.371749000492184	-0.279016987771735	0.008	0.011	1	PIAS1	c34
0.659485114307812	0.277288631260975	0.012	0.011	1	HNRNPD	c34
0.709874926862262	0.273524035257044	0.01	0.009	1	NFKB1	c34
0.0626617605697873	-0.2730238777551	0.151	0.17	1	RPL13A	c34
0.11857890876861	-0.271470137977381	0.049	0.061	1	TMEM258	c34
0.100014727581016	0.268808040390968	0.07	0.059	1	PSMA7	c34
0.110274700044026	0.268111136456343	0.054	0.044	1	SYNGR2	c34
0.480373722394673	0.266761079071329	0.021	0.018	1	PPP4C	c34
0.330833029755613	-0.266023641829418	0.015	0.019	1	TMEM256	c34
0.737416067178148	0.265570900226799	0.01	0.009	1	SSB	c34
0.429588926089354	-0.265248832444044	0.016	0.02	1	SSR3	c34
0.396028499758642	-0.264516685744297	0.007	0.01	1	MRPL53	c34
0.602907508427069	0.260556497341542	0.016	0.014	1	PTBP3	c34
0.226205832807446	0.25980967102503	0.066	0.057	1	CTSC	c34
0.403435934525606	-0.254964812027363	0.007	0.01	1	UBE2A	c34
0.111242208409858	-0.253770533893129	0.137	0.153	1	CD37	c34
0.406303876594751	-0.25334206575987	0.008	0.011	1	PSMD4	c34
0.300345102923245	0.25049482215793	0.061	0.054	1	PRDX1	c34
0.378350192671389	0.249727722197622	0.031	0.027	1	TMEM219	c34
0.27402621871366	0.249598851858503	0.043	0.037	1	EIF5	c34
0.134411283126861	-0.248314733482901	0.047	0.058	1	ATP6V1G1	c34
0.409990971148116	0.247870657087241	0.029	0.025	1	BIN2	c34
0.458021340290379	0.245509659087448	0.015	0.012	1	RN7SL1	c34
0.0711509628650178	0.241508015296997	0.114	0.098	1	DAZAP2	c34
0.266702818610507	-0.239264512545362	0.027	0.033	1	CKS2	c34
0.329674770108526	-0.238095329910929	0.021	0.026	1	P4HB	c34
0.324717285570757	-0.235080939552513	0.041	0.047	1	HSPA5	c34
0.758359465516015	0.234744107860861	0.017	0.016	1	GBP2	c34
0.526467488120716	0.234158630903507	0.022	0.019	1	AOAH	c34
0.293175577107705	-0.233402723509459	0.028	0.034	1	COX17	c34
0.285460890268085	-0.232350045578122	0.028	0.034	1	TBCA	c34
0.299016617926068	0.231088768936647	0.047	0.04	1	EIF3L	c34
0.325192347070635	0.23052099212927	0.04	0.035	1	SNHG5	c34
0.748794704233134	0.229430307964393	0.012	0.011	1	AKR1A1	c34
0.259729558252544	-0.228475456441943	0.038	0.045	1	DYNLL1	c34
0.551552022774489	0.228162511162234	0.02	0.018	1	HM13	c34
0.0319305459153789	-0.226669114525491	0.086	0.106	1	NR4A2	c34
0.393243320121679	-0.226440812456275	0.014	0.017	1	HNRNPUL1	c34
0.274887265828133	-0.224814863957569	0.034	0.04	1	PSMB10	c34
0.148576477135643	-0.224136224866065	0.065	0.076	1	CNBP	c34
0.444751152772081	-0.221403579381307	0.007	0.01	1	RSF1	c34
0.63309539179142	-0.220854713085591	0.019	0.021	1	IRF7	c34
0.72415808415412	0.220095651468797	0.014	0.013	1	PHIP	c34
0.390291913274561	-0.218004113122451	0.016	0.019	1	TAF1D	c34
0.0486029394937383	0.216905688800175	0.118	0.1	1	NR4A1	c34
0.805618739378389	0.21421079442042	0.011	0.01	1	CAMTA1	c34
0.453789530464358	-0.213079588049111	0.007	0.01	1	SFT2D1	c34
0.437513803608542	0.212742742845241	0.034	0.03	1	PSMB3	c34
0.00800111415126578	0.211979945988943	0.203	0.172	1	RPS11	c34
0.648527450371408	0.211421093540835	0.018	0.017	1	AP2M1	c34
0.965949861482051	0.207162929691167	0.01	0.01	1	ENTPD1	c34
0.354837270462356	-0.206127965208621	0.026	0.03	1	UBE2L6	c34
0.196470588579138	0.20151674976288	0.078	0.068	1	CAPZB	c34
0.746494298159297	0.2009315107676	0.015	0.013	1	C1orf43	c34
0.685171501186666	0.200289266340513	0.017	0.016	1	SUMO3	c34
0.741291655425721	-0.198987111823948	0.059	0.061	1	ATF3	c34
0.483256510286473	-0.197820904923755	0.008	0.01	1	POLR2A	c34
0.457254321674435	-0.196900231605407	0.013	0.016	1	ICAM2	c34
0.724886637678799	0.193792780773201	0.016	0.015	1	TWF2	c34
0.555897287373946	0.192973841760186	0.028	0.025	1	ATP5F1	c34
0.71262897101783	0.19257793979223	0.017	0.016	1	NAPA	c34
0.586277400660625	0.191156819819723	0.025	0.022	1	NDUFS7	c34
0.651982544314521	0.187985883031335	0.021	0.019	1	ABI3	c34
0.768102770557519	0.187079827157789	0.015	0.014	1	LAMTOR2	c34
0.429054545355057	-0.183948730342196	0.019	0.023	1	BCAP31	c34
0.330305591116508	-0.174158227149387	0.049	0.056	1	NDUFB2	c34
0.280634000939512	0.172430991336043	0.011	0.008	1	RMRP	c34
0.881905869285865	0.171744810566442	0.011	0.01	1	HNRNPL	c34
0.21541566067378	0.171717641807873	0.091	0.081	1	GPSM3	c34
0.0389152301770233	0.171287537966452	0.21	0.185	1	COX4I1	c34
0.64168373299596	0.171224477256438	0.026	0.023	1	PRKAR1A	c34
0.661115319153421	0.169688224272504	0.025	0.023	1	RCSD1	c34
0.380570234068899	-0.167413362615897	0.035	0.04	1	ATP5B	c34
0.358760356584828	-0.167210447510008	0.044	0.05	1	ATP5J2	c34
0.585909196945849	-0.167041148899119	0.044	0.047	1	SOCS3	c34
0.496216222172778	-0.165713158893131	0.013	0.015	1	NONO	c34
0.905366890122238	0.160810072926052	0.011	0.011	1	SH3BP1	c34
0.463091891269974	-0.158353898073106	0.022	0.025	1	BZW1	c34
0.350542800568525	0.156496450993995	0.075	0.068	1	POLR2L	c34
0.676939027900814	-0.156395600361056	0.405	0.395	1	ACTG1	c34
0.0969982996222922	0.15631020312007	0.147	0.13	1	LSP1	c34
0.530213995310338	-0.155797690028047	0.009	0.011	1	FBXW5	c34
0.729353044349049	0.155509289102742	0.022	0.02	1	TCF25	c34
0.501207198031986	-0.153664051422408	0.017	0.02	1	ALKBH7	c34
0.533793875118672	-0.150100959858523	0.008	0.01	1	NIPBL	c34
0.383347527268286	-0.148798549358338	0.051	0.057	1	NDUFA1	c34
0.000285895692825924	-0.147742420408123	0.896	0.861	1	TMSB4X	c34
0.703754389778163	0.146234204474228	0.026	0.024	1	NDUFA2	c34
0.144633074755619	0.144207896787365	0.172	0.156	1	CLIC1	c34
0.706184293039223	0.143216012911313	0.026	0.025	1	SYF2	c34
0.384634278597953	-0.142629545780089	0.039	0.045	1	RSRP1	c34
0.70360304967079	0.142370105504558	0.027	0.026	1	EID1	c34
0.950314944824581	-0.141635112914396	0.05	0.05	1	HSP90B1	c34
0.453096116403817	-0.141194424869485	0.04	0.045	1	NME2	c34
0.473200262370138	-0.140516232323222	0.032	0.036	1	COPE	c34
0.512239690517198	-0.139579741322298	0.023	0.026	1	MYEOV2	c34
0.486804001515433	-0.139428141990378	0.027	0.031	1	PRRC2C	c34
0.51231596804735	-0.138473592108907	0.023	0.026	1	CSK	c34
0.925597098864883	0.138228298208261	0.017	0.017	1	EIF4A3	c34
0.502245823341392	-0.138022988300071	0.031	0.035	1	SCAND1	c34
0.188415841928937	0.137524900833458	0.041	0.034	1	LMNA	c34
0.292305993241649	-0.134530108054474	0.027	0.033	1	SLC38A2	c34
0.570209560809957	-0.133836984103093	0.013	0.015	1	PRNP	c34
0.561656422388947	-0.13376297317398	0.011	0.013	1	ACADVL	c34
0.587901849144831	-0.132943312641379	0.018	0.021	1	SPCS3	c34
0.978279646763297	0.131604722541025	0.01	0.01	1	ACAA1	c34
0.572027677333191	0.130159860085866	0.016	0.014	1	IRF8	c34
0.539541233095859	-0.130049145224804	0.019	0.022	1	SASH3	c34
0.637345007166476	0.128978775254541	0.039	0.037	1	SRRM1	c34
0.342475132802958	0.126288684896736	0.079	0.072	1	ND6	c34
0.543669944530446	-0.1257912186511	0.025	0.028	1	NAA38	c34
0.992884806618482	0.125114206536002	0.01	0.01	1	TES	c34
0.57542291251141	-0.123456969985829	0.008	0.01	1	ZSCAN16-AS1	c34
0.897723917177242	0.123436235874764	0.016	0.015	1	VPS13C	c34
0.17299400201866	0.123349759269938	0.184	0.168	1	ATP5L	c34
0.86920335942104	0.122990984847279	0.069	0.068	1	LITAF	c34
0.574406487320321	-0.118198297254319	0.016	0.018	1	PAPOLA	c34
0.803022609475052	0.118175283434612	0.024	0.023	1	CTSA	c34
0.873720207093232	0.116050260670431	0.019	0.019	1	RAB7A	c34
0.741685247038354	0.115611551516712	0.028	0.027	1	RBPJ	c34
0.628689904242536	0.11333736989114	0.047	0.044	1	ABRACL	c34
0.667221163376526	0.112648074588543	0.04	0.038	1	ITGA4	c34
0.725677019608932	0.111921929307263	0.048	0.046	1	C4orf3	c34
0.588797951825756	-0.111536818368307	0.013	0.015	1	SP110	c34
0.592326055118392	-0.111048183294749	0.008	0.01	1	CSNK1D	c34
0.545792429794838	0.109462464757375	0.076	0.071	1	NDUFA13	c34
0.474631254499534	0.108156721950132	0.011	0.009	1	CCL20	c34
0.0782823021963876	0.107779944878646	0.321	0.296	1	UBA52	c34
0.585630738352613	-0.107561859718762	0.036	0.039	1	BST2	c34
0.598028273706554	-0.10701061662186	0.01	0.012	1	PTPN2	c34
0.862172176169151	0.106270504817828	0.022	0.021	1	SH3KBP1	c34
0.542010378998899	0.105160816642102	0.07	0.066	1	SLC25A3	c34
0.532207007713791	-0.105054775893761	0.057	0.061	1	UQCR10	c34
0.600029287371094	-0.104558095774737	0.01	0.012	1	ZNF207	c34
0.30398933266875	-0.103691131448935	0.169	0.181	1	PTPRC	c34
0.604836439281692	-0.102101398644885	0.021	0.023	1	DOK2	c34
0.0935277570277316	-0.101994650817876	0.253	0.278	1	CD52	c34
0.612730836956651	-0.101151098682396	0.009	0.011	1	SRA1	c34
