p_val	avg_log2FC	pct.1	pct.2	p_val_adj	gene	seurat_clusters
0	2.5089197773099	0.254	0.054	0	AREG	c22
0	1.91788324112981	0.548	0.272	0	CRIP1	c22
6.97653881433249e-240	1.21227234981359	0.553	0.326	1.44874805018428e-235	VIM	c22
9.88633481939674e-207	1.33084654508683	0.323	0.147	2.05299628859593e-202	TAGLN2	c22
1.33900180585122e-196	1.14814743628317	0.405	0.21	2.78057115003065e-192	S100A10	c22
6.65233204059885e-180	1.94365694511391	0.118	0.032	1.38142327155076e-175	LMNA	c22
1.15586188059394e-142	1.42035069847667	0.196	0.081	2.40026278124138e-138	RGCC	c22
4.99058131505013e-139	-0.603736068436562	0.813	0.891	1.03634411588331e-134	MALAT1	c22
8.44192305917967e-136	1.23577232833121	0.273	0.135	1.75304974246925e-131	ANXA1	c22
1.63478393365116e-130	0.781312721420822	0.344	0.183	3.39479231662e-126	S100A11	c22
4.09037867475448e-119	0.623951302162633	0.495	0.311	8.49408035599516e-115	S100A6	c22
2.42381855423902e-117	-0.9693399494555	0.737	0.836	5.03330160973275e-113	RNR2	c22
9.09602335475601e-111	0.39586480353942	0.674	0.492	1.88888020984863e-106	FTH1	c22
3.26705992533073e-108	-2.04936472522972	0.108	0.26	6.78437664094179e-104	NKG7	c22
1.38651415181229e-106	1.88581578693399	0.107	0.038	2.87923528765339e-102	ISG15	c22
8.48129194127089e-102	-0.785952767241949	0.505	0.645	1.76122508452431e-97	ATP6	c22
7.94777470391056e-97	0.488022162047957	0.807	0.695	1.65043489501407e-92	TMSB10	c22
6.63299998244359e-96	0.638543084878469	0.516	0.36	1.37740877635424e-91	GAPDH	c22
4.3744018385273e-95	0.611971645591442	0.559	0.403	9.08388285788579e-91	S100A4	c22
5.14691705656371e-88	-0.915288339757353	0.366	0.513	1.06880879596602e-83	ATP8	c22
6.08600747900578e-82	0.646721917052366	0.535	0.401	1.26382031309034e-77	FXYD5	c22
9.87998696610035e-82	0.882774265321725	0.282	0.165	2.0516780933804e-77	LGALS1	c22
3.02500098197956e-77	-1.36373507765759	0.484	0.593	6.28171703917876e-73	RNR1	c22
8.94388170932515e-77	0.692281497858352	0.477	0.349	1.85728647575846e-72	TSC22D3	c22
1.34406055262254e-74	1.75552308590134	0.071	0.024	2.79107614357596e-70	IFI6	c22
2.98637117496597e-74	-3.29250530617775	0.041	0.144	6.20149838193433e-70	GNLY	c22
1.46788707139874e-69	-0.575563766562936	0.604	0.713	3.04821429246662e-65	ND3	c22
3.18039612342011e-67	0.535823090831305	0.546	0.419	6.6044105898942e-63	SH3BGRL3	c22
5.49897671439602e-64	-0.676463158279805	0.471	0.589	1.14191750451148e-59	COX3	c22
2.32336322734712e-62	0.862711230866292	0.205	0.117	4.82469607790903e-58	ALOX5AP	c22
7.09093299579801e-62	1.32512680708428	0.087	0.035	1.47250314590741e-57	MYADM	c22
1.23344645798624e-61	1.25934882141718	0.096	0.041	2.56137491465422e-57	TXN	c22
1.56442303767398e-60	2.49630108712161	0.023	0.004	3.24868088003378e-56	CRIP2	c22
3.02216163144888e-59	3.36064598776404	0.01	0.001	6.27582084386675e-55	TPSB2	c22
3.074606700333e-58	0.422017466052159	0.516	0.387	6.38472827391151e-54	ZFP36	c22
2.46598805787627e-57	-0.77576929054475	0.377	0.49	5.12087080098587e-53	ND4L	c22
3.73043522642048e-56	0.278859131749462	0.927	0.86	7.74662179118478e-52	TMSB4X	c22
4.16206922172891e-56	3.311500034884	0.01	0.001	8.64295294584226e-52	TPSAB1	c22
2.38716777390588e-53	0.594349286644605	0.374	0.267	4.95719259929295e-49	ZFP36L2	c22
1.53498672783858e-51	0.997434097359122	0.122	0.061	3.18755343902959e-47	ANXA2	c22
6.87885079384524e-51	-0.710455268569954	0.392	0.495	1.4284621558499e-46	CYTB	c22
1.70057516973235e-50	0.536370084519478	0.392	0.284	3.5314143974662e-46	KLF6	c22
5.71699604310403e-49	-2.23349187012628	0.138	0.229	1.18719139831098e-44	CCL4	c22
9.6396955076419e-49	0.557132283069803	0.354	0.252	2.00177916911692e-44	MYL6	c22
7.15524285988809e-48	0.942004110611388	0.132	0.07	1.48585773228436e-43	CKLF	c22
1.12471377550303e-46	-1.32272393506952	0.087	0.176	2.33558062620959e-42	GZMA	c22
4.7363990672347e-46	-0.262689230504433	0.897	0.872	9.83560630301958e-42	RPS27	c22
1.91387871980885e-44	-0.592700192617845	0.296	0.399	3.97436054955505e-40	RPL23A	c22
3.30857404221504e-43	-0.41097398385697	0.806	0.851	6.87058485606375e-39	COX2	c22
2.50342862005682e-42	-1.5686756539838	0.045	0.117	5.19861987240998e-38	GZMH	c22
1.33393858387434e-41	0.315482841180084	0.477	0.366	2.77005686327344e-37	DUSP1	c22
2.54470065685182e-41	0.675267316033523	0.206	0.13	5.2843253840185e-37	COTL1	c22
5.19418861110727e-41	0.998985839056544	0.103	0.053	1.07862520698254e-36	CDKN1A	c22
1.07887944048766e-39	0.853039542660215	0.131	0.074	2.24040104611668e-35	PCBP1	c22
1.83953420052737e-39	0.912462691417436	0.108	0.057	3.81997672081514e-35	SOCS1	c22
5.00975509433322e-39	2.74021259829761	0.021	0.005	1.04032574288924e-34	CLU	c22
4.25649443467234e-38	-0.344127142031034	0.687	0.705	8.83903634304059e-34	RPS3	c22
5.24989610095877e-38	0.853883620380701	0.127	0.072	1.0901934243251e-33	AHNAK	c22
4.20603375939239e-37	1.29092032594077	0.088	0.045	8.73424970475423e-33	CXCL13	c22
4.62806801787041e-37	0.884159999683264	0.104	0.055	9.61064604590969e-33	PHLDA1	c22
5.50012589111532e-37	1.20693241982598	0.061	0.027	1.14215614254901e-32	C4orf48	c22
1.12796808589377e-36	1.24922939161259	0.051	0.021	2.342338527167e-32	IRF7	c22
1.98520442547749e-36	1.71833913951022	0.032	0.01	4.12247550994655e-32	MX1	c22
4.12827778295808e-36	0.87050123389673	0.151	0.092	8.57278164409074e-32	LY6E	c22
7.74857967331525e-36	1.74266355451931	0.027	0.008	1.60907005496065e-31	ANXA2P2	c22
1.45945416893514e-35	1.62199990995892	0.024	0.007	3.03070252721071e-31	FCER1A	c22
4.00346154634232e-35	-0.445318380924961	0.446	0.52	8.31358824713447e-31	RPL3	c22
4.75763429513576e-35	0.883983772644099	0.108	0.059	9.87970337727893e-31	PLP2	c22
9.97008661055037e-35	-1.48991022809126	0.046	0.109	2.07038818554689e-30	GZMK	c22
1.22224057708164e-34	-0.306028446726797	0.853	0.862	2.53810478236773e-30	EEF1A1	c22
3.25220267636055e-33	-0.694340550870017	0.312	0.388	6.75352407773032e-29	CCL5	c22
4.51177812045612e-33	1.68672145652485	0.027	0.009	9.36915844493918e-29	IFI35	c22
6.64578495012566e-33	-0.398987160161375	0.761	0.806	1.38006370274309e-28	COX1	c22
1.18753294655231e-32	-0.266073128471274	0.806	0.795	2.46603091681053e-28	RPS15A	c22
1.71424661613558e-31	-2.49786127106962	0.064	0.126	3.55980452306714e-27	RN7SK	c22
1.71854816696835e-31	-0.797645408374802	0.13	0.206	3.56873712352649e-27	CST7	c22
1.98022520463256e-31	0.434307044833382	0.31	0.228	4.11213565993997e-27	NFKBIA	c22
1.29668271579938e-30	-0.335780326396653	0.607	0.653	2.69269132762898e-26	RPS14	c22
2.67080019630146e-30	-2.78673018710905	0.008	0.048	5.54618368763962e-26	CD79A	c22
8.89189106606199e-30	-1.10736036661126	0.063	0.124	1.84649009877843e-25	CTSW	c22
3.46690806708289e-29	-1.62472876072687	0.025	0.074	7.19938129210432e-25	KLRD1	c22
1.88114847785408e-28	0.571841878406842	0.198	0.135	3.90639292911179e-24	EMP3	c22
3.99325559474565e-28	0.314041448120163	0.565	0.486	8.29239456804881e-24	EIF1	c22
4.86805073578264e-28	-0.308490167366291	0.674	0.696	1.01089941579262e-23	RPS27A	c22
4.99725104428178e-28	0.764668201039485	0.104	0.061	1.03772915185555e-23	ATF3	c22
6.17526925007644e-28	1.40436736519336	0.035	0.014	1.28235641247087e-23	YWHAH	c22
6.40285216532024e-28	0.274355352234838	0.846	0.765	1.3296162806504e-23	ACTB	c22
7.74224370854265e-28	-0.661069787765366	0.257	0.333	1.60775432851597e-23	ND1	c22
1.02593557257142e-27	0.67601875368593	0.13	0.08	2.13045781000182e-23	CITED2	c22
1.3914172388441e-27	0.166156131643483	0.564	0.465	2.88941703818365e-23	FOS	c22
1.69534260961737e-27	-1.77842053289024	0.036	0.086	3.52054846313143e-23	CCL4L1	c22
3.0485106143678e-27	-0.33556009279224	0.675	0.696	6.33053714179618e-23	RPS18	c22
3.33875243023225e-27	0.28482232272865	0.229	0.161	6.9332532966203e-23	IFITM3	c22
4.33212816465992e-27	-2.61156774817702	0.007	0.043	8.99609734673279e-23	MS4A1	c22
5.68054123374724e-27	0.888763393309493	0.082	0.045	1.17962119259995e-22	DYNLL1	c22
9.86028649521884e-27	0.84335719694584	0.078	0.042	2.04758709359714e-22	CAPG	c22
2.54492428293018e-26	0.403082934651869	0.356	0.28	5.28478976593281e-22	ATP5E	c22
6.61768795306034e-26	0.355542549300371	0.208	0.144	1.37422908033251e-21	GPX1	c22
8.47365182671945e-26	1.48380499090693	0.025	0.009	1.75963853833656e-21	CLEC10A	c22
1.20155533126499e-25	0.7976974214592	0.087	0.049	2.49514980090488e-21	DUSP4	c22
1.27058729997194e-25	-3.80484083911677	0.002	0.033	2.63850158712172e-21	FGFBP2	c22
1.67367633776787e-25	0.686069085588891	0.097	0.057	3.47555628300876e-21	LGALS3	c22
2.32167656551468e-25	0.27192551067953	0.594	0.52	4.82119355594778e-21	PTMA	c22
4.97255753268487e-25	0.822488795751419	0.086	0.049	1.03260129723734e-20	GPR183	c22
5.91796546436531e-25	1.12114514422972	0.048	0.023	1.2289247083301e-20	ANKRD28	c22
6.15059606730581e-25	-0.333566553183347	0.576	0.622	1.27723277933672e-20	RPS3A	c22
9.11486735160828e-25	-0.313929312499333	0.627	0.669	1.89279335423498e-20	RPS23	c22
9.63215408713614e-25	0.835582794944879	0.092	0.053	2.00021311773469e-20	SELK	c22
1.51957683799117e-24	1.04593873770409	0.055	0.027	3.15555326177247e-20	TBCB	c22
1.72111689763191e-24	-0.710417993532395	0.175	0.244	3.57407134962243e-20	ND5	c22
1.98180783756173e-24	-0.417110755252201	0.436	0.491	4.1154221554807e-20	RPS6	c22
5.0870932740862e-24	0.831392919629176	0.085	0.049	1.05638578929674e-19	CD97	c22
7.50462834218346e-23	-3.13182351320688	0.004	0.033	1.55841112153782e-18	FCGR3A	c22
8.35492184278243e-23	-1.10473230970304	0.072	0.125	1.7349830698722e-18	GZMB	c22
8.66934522424662e-23	0.827081456406009	0.083	0.048	1.80027622926705e-18	NR3C1	c22
9.10669411781256e-23	-0.24241590230437	0.792	0.786	1.89109610050496e-18	RPL30	c22
2.50926812048346e-22	0.412706128743035	0.239	0.177	5.21074617899596e-18	RGS1	c22
2.70138909147944e-22	1.03043332106581	0.049	0.024	5.6097045873662e-18	CD40LG	c22
3.56605889267722e-22	-0.26767161024265	0.833	0.827	7.40527789653352e-18	RPS12	c22
7.84827525378637e-22	-0.685936283313642	0.112	0.171	1.62977283920128e-17	RPL13A	c22
8.2567189710588e-22	1.23551531698449	0.034	0.015	1.71459026153007e-17	CCDC167	c22
1.72467762108989e-21	0.399142282965896	0.248	0.186	3.58146554795526e-17	TNFAIP3	c22
2.32161758390805e-21	0.586533412037977	0.132	0.087	4.82107107474345e-17	TPI1	c22
1.80210454333191e-20	0.266803248609283	0.203	0.149	3.74225029468304e-16	MT2A	c22
2.54465896457059e-20	0.522082811261201	0.159	0.111	5.28423880582729e-16	CHCHD2	c22
2.61657584812937e-20	-0.324025808178875	0.464	0.522	5.43358140622545e-16	RPS29	c22
2.81770505443404e-20	0.846255353688358	0.069	0.039	5.85124631603772e-16	YWHAQ	c22
3.52939685886118e-20	0.470557609813556	0.217	0.161	7.32914551711113e-16	CD99	c22
3.84669348928798e-20	0.468840588415305	0.214	0.159	7.98804369985541e-16	DDIT4	c22
1.11299109025168e-19	0.663781316485839	0.109	0.07	2.31123729801664e-15	NDUFA13	c22
1.29067083833747e-19	-1.16910632599944	0.036	0.076	2.68020706289159e-15	PRF1	c22
1.48361798874431e-19	-0.25344708158137	0.729	0.739	3.08088111542643e-15	RPL34	c22
1.62457702462747e-19	0.787851622226368	0.073	0.042	3.3735966493414e-15	ATP5D	c22
3.37924912339003e-19	0.879850609325448	0.06	0.033	7.01734872963174e-15	GNB2	c22
4.94965082222098e-19	0.682878064433513	0.092	0.058	1.02784448974241e-14	RBM8A	c22
7.1729872728555e-19	0.963741717009771	0.051	0.027	1.48954253708117e-14	LOC100506248	c22
8.27406708558461e-19	1.43620719094468	0.019	0.007	1.7181927709925e-14	CD1C	c22
8.44212054194663e-19	1.14229429631923	0.037	0.018	1.75309075174064e-14	MIR155HG	c22
9.22234476378856e-19	0.901910314649595	0.054	0.029	1.91511211364833e-14	H2AFV	c22
9.94088497843023e-19	0.739157611017773	0.082	0.05	2.06432417462082e-14	DRAP1	c22
2.85619157726778e-18	0.828674221655616	0.066	0.038	5.93116742935427e-14	BST2	c22
3.37424648170467e-18	0.450902032397565	0.206	0.155	7.00696024390791e-14	CLIC1	c22
3.8436487248015e-18	0.102429129974545	0.94	0.88	7.9817209419228e-14	RPLP1	c22
4.52221120612365e-18	-0.422660388850672	0.267	0.327	9.39082379063636e-14	RPSA	c22
4.6242137697233e-18	0.84455635480724	0.06	0.034	9.6026423142074e-14	COX17	c22
7.95367869383506e-18	0.939355292539649	0.045	0.023	1.65166091756179e-13	SPNS1	c22
1.56460690434891e-17	0.492168507650897	0.176	0.129	3.24906269757094e-13	LSP1	c22
1.56906429336874e-17	-0.451483981140177	0.182	0.242	3.25831891160953e-13	TXNIP	c22
1.76770211893133e-17	-0.271593047171501	0.559	0.598	3.67081022017281e-13	RPL37	c22
1.91383616160901e-17	1.14637560583732	0.031	0.014	3.97427217319728e-13	MTHFD2	c22
1.93562585177923e-17	0.874050924716054	0.052	0.029	4.01952064380475e-13	DYNLT1	c22
1.93798046751676e-17	0.625728545273644	0.098	0.064	4.02441023884531e-13	USMG5	c22
2.58381094774345e-17	0.644845366117458	0.099	0.064	5.36554181408406e-13	H3F3AP4	c22
2.81774467088159e-17	1.79846880695919	0.012	0.003	5.8513285835527e-13	MX2	c22
2.95417677353315e-17	-1.9145623413141	0.011	0.038	6.13464348791894e-13	KLRC2	c22
3.26327671975556e-17	0.503323513192629	0.147	0.104	6.77652043624439e-13	UBL5	c22
3.63729517026659e-17	-0.385319755268373	0.264	0.325	7.55320715057559e-13	RPL10A	c22
4.31376561466872e-17	-0.412748314887863	0.174	0.233	8.95796567542107e-13	PTPRCAP	c22
5.46442146300332e-17	0.407601517211698	0.226	0.174	1.13474176100727e-12	MIF	c22
5.65840951079435e-17	0.691299933351258	0.09	0.058	1.17502531901156e-12	EZR	c22
6.42017945476296e-17	0.837289854934448	0.056	0.032	1.33321446557608e-12	IDS	c22
8.7689758520024e-17	-2.05257507839021	0.017	0.046	1.82096552542682e-12	CCL4L2	c22
1.05041537283294e-16	0.348073176011838	0.212	0.16	2.18129256322488e-12	PPP1R15A	c22
1.24359668883767e-16	-1.15024357657203	0.035	0.07	2.5824528840403e-12	SERPINA1	c22
1.28378096752254e-16	0.662374695162583	0.087	0.055	2.66589955715731e-12	NDUFB2	c22
1.57841307811515e-16	-0.277726443781783	0.506	0.545	3.27773259801392e-12	RPS25	c22
1.69566501113399e-16	0.430404904878145	0.181	0.135	3.52121796212084e-12	YWHAZ	c22
1.98466223259096e-16	1.03962410838442	0.064	0.038	4.1213495921984e-12	MT1X	c22
2.69608601544149e-16	0.622531451324924	0.093	0.06	5.5986922196658e-12	KRTCAP2	c22
2.8738196768095e-16	1.20015240065952	0.027	0.012	5.96777394086261e-12	PDCL3	c22
3.43531935274327e-16	0.236270197958952	0.488	0.423	7.13378416790667e-12	PFN1	c22
3.54295083435332e-16	0.595241966408053	0.108	0.072	7.35729170261811e-12	CIB1	c22
3.84641482001053e-16	0.55392453922272	0.094	0.061	7.98746501523387e-12	BATF	c22
5.68526729184453e-16	0.412703564666944	0.194	0.147	1.18060260582444e-11	RHOA	c22
5.8622667710237e-16	0.301539986766668	0.452	0.394	1.21735831767078e-11	ACTG1	c22
5.99658653390653e-16	0.545603863245698	0.115	0.079	1.24525115963103e-11	GPX4	c22
9.01399702639601e-16	0.888989605421195	0.045	0.024	1.8718466225014e-11	MZT2A	c22
1.02272432588697e-15	0.752164128091203	0.072	0.044	2.12378933513688e-11	CHMP1B	c22
1.13037039198348e-15	0.619858682645429	0.048	0.026	2.3473271559929e-11	CXCL8	c22
1.29661650607676e-15	-0.192048666916831	0.609	0.656	2.69255383651899e-11	RPL26	c22
1.3244704337014e-15	1.15655438317054	0.027	0.012	2.75039530262434e-11	VIM-AS1	c22
1.38816866973468e-15	1.00284085654808	0.037	0.019	2.88267105957104e-11	C19orf66	c22
1.63357502613563e-15	-0.391704673688591	0.372	0.427	3.39228189927326e-11	ND4	c22
1.67648408129231e-15	0.729552090298662	0.072	0.045	3.48138684321161e-11	ARF6	c22
1.84690692615312e-15	0.595089767771868	0.1	0.067	3.83528692284957e-11	POLR2L	c22
2.05137870785545e-15	0.54095356480406	0.107	0.072	4.25989302473262e-11	H2AFZ	c22
2.08194567745888e-15	0.59405614389949	0.097	0.064	4.32336839381112e-11	RPL21P28	c22
2.52311834274124e-15	0.621478101992962	0.087	0.056	5.23950755053645e-11	NDUFA11	c22
2.6773940158439e-15	0.605641054886181	0.091	0.06	5.55987641330145e-11	YPEL5	c22
2.73348014709671e-15	0.58069600977817	0.094	0.062	5.67634487346103e-11	JUND	c22
2.85169997745161e-15	-0.356440870964429	0.424	0.466	5.92184017317602e-11	RPS26	c22
3.35357654851785e-15	0.705057049274896	0.069	0.043	6.96403706065216e-11	CSRNP1	c22
3.44051538816309e-15	0.65047518998617	0.083	0.053	7.14457425505948e-11	NDUFB1	c22
3.82470677502784e-15	-0.329646156144215	0.266	0.325	7.94238608902282e-11	RPL37A	c22
4.24692976366477e-15	0.631146340564585	0.086	0.056	8.81917434722627e-11	SEC61G	c22
4.36610106876027e-15	0.637393686952355	0.078	0.05	9.06664547938757e-11	ZNF331	c22
5.69816842765284e-15	-0.272187362576236	0.426	0.479	1.18328165568639e-10	RPLP2	c22
6.17857489879872e-15	0.643882322657136	0.085	0.056	1.28304286348454e-10	RAN	c22
6.82666829188705e-15	0.948718603582251	0.037	0.019	1.41762593749327e-10	ATP5EP2	c22
8.92949687735064e-15	0.635673901076803	0.116	0.081	1.85429932155063e-10	ISG20	c22
1.08344306395237e-14	0.839663360500357	0.047	0.026	2.24987786660348e-10	CCDC107	c22
1.23094422662281e-14	1.00945329837149	0.033	0.016	2.55617878100493e-10	ATP5L2	c22
1.43618195872669e-14	0.530753732613249	0.118	0.083	2.98237545549185e-10	COX6A1	c22
1.66055824003607e-14	-0.234572095657437	0.551	0.588	3.4483152412589e-10	RPL35A	c22
1.84119507162456e-14	-2.27705374056997	0.006	0.027	3.82342568573556e-10	LINC01272	c22
1.95048059132183e-14	0.485333113925966	0.135	0.097	4.05036799593892e-10	SUB1	c22
2.03059219867451e-14	0.574000754014752	0.093	0.062	4.21672775976750e-10	PKM	c22
2.51985341128659e-14	0.654707289218462	0.076	0.048	5.23272759387773e-10	ARF1	c22
3.13711863651208e-14	0.481679624111294	0.137	0.099	6.51454056058099e-10	CD44	c22
3.37376684455695e-14	0.73649686325101	0.062	0.038	7.00596422940696e-10	HLA-G	c22
3.57070606915261e-14	1.20644533861475	0.022	0.01	7.41492822320231e-10	TARSL2	c22
3.58049280772727e-14	0.668189810679231	0.074	0.047	7.43525136452646e-10	ROMO1	c22
3.6458383164926e-14	0.602364849522157	0.086	0.057	7.57094784802854e-10	NDUFS5	c22
4.55410588311889e-14	0.849340528768196	0.045	0.025	9.45705627688469e-10	C16orf13	c22
4.94321054041965e-14	-1.98270109075822	0.007	0.027	1.02650710082355e-09	KLRC3	c22
5.01162088442178e-14	0.199234936425324	0.167	0.122	1.04071319285903e-09	LYZ	c22
5.16755045924457e-14	0.678033552685442	0.071	0.045	1.07309352836673e-09	WDR83OS	c22
7.41833034685437e-14	0.975930807941576	0.03	0.015	1.54049047982778e-09	NR4A3	c22
7.49825409770787e-14	1.05577305705641	0.029	0.014	1.55708744593002e-09	GADD45GIP1	c22
8.11262388505653e-14	0.743102397120682	0.056	0.033	1.68466747597084e-09	TMEM50A	c22
9.15452349972273e-14	0.557883532689048	0.082	0.054	1.90102834995242e-09	PRDX1	c22
1.29763687235661e-13	0.82879482350245	0.044	0.025	2.69467272913575e-09	CXCR3	c22
1.44624703774676e-13	1.07159802421809	0.027	0.013	3.00327659858491e-09	CMTM3	c22
1.47804547596777e-13	0.746043996603013	0.054	0.032	3.06930923539467e-09	H3F3C	c22
1.71482445550809e-13	-1.49026207721264	0.012	0.035	3.56100446430811e-09	CMC1	c22
1.94296190359009e-13	0.892677491380151	0.04	0.022	4.03475468899518e-09	MGST3	c22
1.95381476657754e-13	0.551617340655933	0.095	0.065	4.05729174427493e-09	SLC25A3	c22
2.49067121909928e-13	1.26666983955503	0.019	0.008	5.17212785358156e-09	EPSTI1	c22
2.99553826367958e-13	0.208081937507251	0.468	0.411	6.22053475835701e-09	H3F3B	c22
3.57174836859304e-13	-0.192598526840579	0.822	0.814	7.41709266222031e-09	RPL13	c22
3.59544804383637e-13	1.03250829200946	0.028	0.014	7.4663074078306e-09	TRADD	c22
3.92539970818881e-13	0.958214319790965	0.033	0.017	8.15148503402489e-09	CMTM7	c22
4.35440509303601e-13	-0.595924672985062	0.087	0.127	9.04235761619857e-09	CD8A	c22
4.83416598850228e-13	0.686999020203462	0.027	0.013	1.00386290917238e-08	C15orf48	c22
4.85028888536919e-13	0.433507668406007	0.142	0.105	1.00721098993577e-08	CALM2	c22
4.89985797288267e-13	1.28660508110564	0.02	0.009	1.01750450664882e-08	RGS16	c22
5.1277959602204e-13	-0.898682289719538	0.079	0.116	1.06483810909937e-08	PSAP	c22
5.66659699912241e-13	0.463502578388676	0.126	0.091	1.17672553283776e-08	ATP5I	c22
7.0665884390039e-13	-1.15553643792737	0.024	0.049	1.46744775524355e-08	LOC101060038	c22
7.16000050302747e-13	0.823026343042837	0.044	0.025	1.48684570445868e-08	MZT2B	c22
7.72188378463542e-13	0.964427836454663	0.031	0.016	1.60352638671739e-08	RHBDD2	c22
8.02707920949113e-13	-1.70223041832891	0.008	0.028	1.66690326864293e-08	KLRG1	c22
9.55173191484994e-13	0.574094580614249	0.086	0.058	1.98351264943774e-08	PSMA7	c22
9.68441701207608e-13	0.54571244337511	0.089	0.06	2.01106603672772e-08	SAMSN1	c22
1.02600482688338e-12	0.394484111639159	0.165	0.126	2.13060162350602e-08	ARPC1B	c22
1.05983479531134e-12	0.490226547057877	0.108	0.077	2.20085293594353e-08	LDHA	c22
1.18925616073568e-12	0.349142780670083	0.222	0.177	2.46960934338372e-08	PCBP2	c22
1.6627152373289e-12	-0.101756010889776	0.964	0.939	3.45279446183719e-08	RPL41	c22
2.41967868447375e-12	0.208110063519954	0.285	0.234	5.02470475617819e-08	IFITM2	c22
2.45184647282394e-12	0.8047063882734	0.041	0.024	5.09150438546619e-08	BCL3	c22
2.49950326866433e-12	-0.331111846902147	0.252	0.302	5.19046848770835e-08	RPL21	c22
3.13702020113625e-12	-0.801256754793662	0.06	0.093	6.51433614967955e-08	CTSS	c22
3.49690587897047e-12	0.537305968122162	0.107	0.077	7.26167474827007e-08	UCP2	c22
3.94882657800647e-12	1.30731182405238	0.016	0.007	8.20013327188823e-08	NSMCE1	c22
5.39465675053925e-12	-0.280519248153617	0.348	0.396	1.12025442081698e-07	RPL9	c22
5.43826150701217e-12	0.514061588873448	0.096	0.067	1.12930938454615e-07	APRT	c22
5.58130953746368e-12	0.975233914560781	0.03	0.015	1.15901473854971e-07	NXT1	c22
6.37125078184344e-12	1.00827557186509	0.027	0.014	1.32305393735761e-07	MAGOH	c22
6.70886652183348e-12	1.16041363303177	0.032	0.017	1.39316322192394e-07	INSIG1	c22
6.8805961575167e-12	0.829187622477282	0.041	0.024	1.42882459806992e-07	KRT10	c22
7.10968315540885e-12	0.756756205306964	0.048	0.029	1.4763968040522e-07	BLOC1S1	c22
7.21934918481798e-12	-0.40936536081439	0.247	0.295	1.4991700517193e-07	ND2	c22
7.80252939232095e-12	0.676167511273162	0.065	0.042	1.62027325360937e-07	SGK1	c22
8.50226376821724e-12	0.636083077059667	0.066	0.043	1.76558009410799e-07	ARF5	c22
8.63701471645584e-12	-0.153529211202915	0.841	0.832	1.79356247601922e-07	RPL39	c22
9.29084866909026e-12	0.58926325519711	0.074	0.049	1.92933763462328e-07	ATP5J2	c22
9.66018043739876e-12	1.00182402933755	0.026	0.013	2.00603306963023e-07	C1orf43	c22
9.9821648789552e-12	0.670897024453331	0.058	0.037	2.07289635876384e-07	NEDD8	c22
1.26981647517638e-11	1.18947058504415	0.018	0.008	2.63690089235126e-07	NDUFS3	c22
1.48014972463419e-11	0.474444972576758	0.113	0.082	3.07367891817536e-07	SOD1	c22
1.94901857053006e-11	0.578089797032459	0.078	0.053	4.04733196356272e-07	MORF4L1	c22
2.20910740900866e-11	0.835339849458878	0.037	0.021	4.58743244554739e-07	MRPS6	c22
2.24869482599820e-11	0.69167562462323	0.052	0.032	4.66963967566787e-07	SNHG9	c22
2.48365763773717e-11	0.468419456982142	0.106	0.076	5.157563450525e-07	HMGN1	c22
2.62825522885611e-11	-1.11587828789363	0.024	0.048	5.4578348082426e-07	CD68	c22
2.68589682797224e-11	0.751814145419974	0.043	0.025	5.57753335296714e-07	BHLHE40	c22
3.32883621070003e-11	0.737443469207661	0.048	0.03	6.91266127513969e-07	TPM4	c22
3.33946696163215e-11	0.916069762695573	0.03	0.016	6.93473709252532e-07	PIM3	c22
3.38494307566031e-11	0.617341167488954	0.064	0.042	7.02917279091621e-07	ZYX	c22
3.44821967011735e-11	1.39486170310196	0.013	0.005	7.1605729669657e-07	IFI44L	c22
3.57775536950927e-11	0.506180439040159	0.078	0.053	7.42956680032295e-07	SEC61B	c22
3.91962902486688e-11	-3.04874494837366	0.002	0.015	8.13950163303857e-07	SPON2	c22
4.14998691127102e-11	0.656043216805183	0.057	0.036	8.61786281994541e-07	PTGER4	c22
4.38408600622432e-11	1.10420697446494	0.021	0.01	9.10399300052543e-07	LMO4	c22
4.70508060787155e-11	0.617789429753662	0.063	0.041	9.77057039030606e-07	CSNK2B	c22
4.9861965920617e-11	0.689964786695151	0.051	0.032	1.03543358430753e-06	ATP5J	c22
5.38421417272395e-11	0.15807833325939	0.549	0.496	1.11808591510786e-06	JUNB	c22
5.92937245493129e-11	0.506282078846977	0.103	0.074	1.23129348399103e-06	NDUFA4	c22
6.08580093957552e-11	-0.574578701418603	0.072	0.106	1.26377742311225e-06	CD8B	c22
7.5526889937181e-11	0.399632663908331	0.145	0.111	1.5683913964355e-06	MYL12B	c22
7.77775857087989e-11	0.794897256163686	0.038	0.022	1.61512934482892e-06	TMEM173	c22
8.33400924866803e-11	-1.40116092833922	0.021	0.043	1.7306403605784e-06	MTRNR2L2	c22
8.34783066468532e-11	0.537216849848904	0.075	0.051	1.73351051582855e-06	RPS14P3	c22
8.48230657496186e-11	0.572388013203651	0.071	0.048	1.76143578335658e-06	RGS10	c22
1.01734597205568e-10	0.423886629559286	0.114	0.084	2.11262064557082e-06	TSPO	c22
1.07385916668036e-10	0.686836575887691	0.052	0.033	2.22997594552843e-06	FLT3LG	c22
1.10211687630737e-10	0.489116567983046	0.096	0.069	2.28865590533988e-06	GNG5	c22
1.1398791621974e-10	0.343720846394834	0.135	0.102	2.36707306821912e-06	MCL1	c22
1.16525061507762e-10	0.628089999391627	0.061	0.04	2.41975942727019e-06	C19orf60	c22
1.25056775553374e-10	0.610782806278368	0.061	0.04	2.59692900114137e-06	UQCRQ	c22
1.54554282364365e-10	1.08829992172724	0.02	0.009	3.20947422757841e-06	ITGB1BP1	c22
1.56377369465013e-10	1.07315853820571	0.02	0.01	3.24733245431046e-06	TXNL4A	c22
1.66253241837144e-10	1.30960728204004	0.014	0.006	3.45241481999013e-06	ACD	c22
1.72746042084414e-10	0.704848782928549	0.047	0.029	3.58724430992495e-06	UBE2I	c22
1.79408278912748e-10	0.532007235478432	0.081	0.057	3.72559231990212e-06	NDUFA1	c22
1.84634584039809e-10	0.669070386580707	0.053	0.034	3.83412177217067e-06	LRRFIP1	c22
2.0252209699481e-10	0.846309963786778	0.031	0.017	4.20557386619422e-06	CHCHD10	c22
2.19635280200418e-10	1.00959828880033	0.022	0.011	4.56094622864188e-06	C19orf24	c22
2.33823447619959e-10	0.658674862202453	0.052	0.033	4.85557771327608e-06	SNRPB	c22
2.3722366566057e-10	0.991041892334845	0.023	0.012	4.9261866411074e-06	RNF187	c22
2.39479073922217e-10	-0.855200926297036	0.028	0.051	4.97302244906876e-06	SELL	c22
3.50658867112018e-10	0.763042560444194	0.03	0.017	7.28178203444816e-06	LOC101928173	c22
3.73334349986206e-10	0.680263921964205	0.047	0.029	7.75266111181355e-06	FAM177A1	c22
3.93168459441872e-10	0.970212812320498	0.023	0.012	8.16453622876992e-06	POLR2I	c22
4.08114132226045e-10	0.727785120275437	0.041	0.025	8.47489806980604e-06	SNRPF	c22
4.1243278367237e-10	0.740691903453023	0.04	0.024	8.56457918574043e-06	ECH1	c22
4.16805408950735e-10	1.38085712646545	0.012	0.005	8.65538112227095e-06	ENO2	c22
4.83389714402637e-10	0.955468151260725	0.024	0.013	1.00380708092852e-05	STRA13	c22
5.19456939585938e-10	0.250789754704926	0.349	0.304	1.07870428074416e-05	CFL1	c22
5.22482817058911e-10	-3.24497598352321	0.001	0.012	1.08498781790453e-05	LINC00926	c22
5.43232458196994e-10	1.08182303680416	0.03	0.017	1.12807652269188e-05	CXCL2	c22
5.70626439952288e-10	0.49023462053563	0.082	0.058	1.18496286520492e-05	SPOCK2	c22
5.79476166327119e-10	1.46548468473763	0.01	0.004	1.2033402069949e-05	HERC5	c22
5.86772203932217e-10	0.446689116604075	0.111	0.083	1.21849115868564e-05	GSTK1	c22
6.11570154722219e-10	0.475244393401488	0.094	0.068	1.26998658329616e-05	PSME2	c22
6.37824234941927e-10	-0.255027275819053	0.598	0.611	1.32450580628041e-05	RPS8	c22
6.38380346086486e-10	0.781005999891913	0.037	0.022	1.3256606266832e-05	PDCD1	c22
6.72902930818123e-10	0.804321427992147	0.033	0.019	1.39735022613691e-05	ATP1A1	c22
6.80044130936672e-10	0.272428446732169	0.372	0.33	1.41217964230309e-05	BTG1	c22
6.96188182388748e-10	0.66872003971682	0.047	0.03	1.44570437954847e-05	SNHG12	c22
7.53003323632532e-10	1.16223242936204	0.016	0.007	1.56368670185532e-05	ECHS1	c22
7.83005850870614e-10	0.374585178721917	0.148	0.116	1.62598994991792e-05	UQCR11	c22
9.36209735233931e-10	0.838184905503972	0.03	0.017	1.94413313618678e-05	RILPL2	c22
9.63101933942513e-10	0.737246213882647	0.043	0.026	1.99997747602502e-05	STAT1	c22
1.13330424333476e-09	0.728696564673493	0.039	0.024	2.35341959170895e-05	RNF7	c22
1.13392763493611e-09	1.24919162423236	0.014	0.006	2.35471412670832e-05	EIF5AL1	c22
1.36884574287239e-09	-0.144552604456206	0.739	0.744	2.84254506964881e-05	RPS19	c22
1.38809888002476e-09	0.742945871507482	0.038	0.023	2.88252613425942e-05	MEAF6	c22
1.55911970618203e-09	0.682177195552206	0.044	0.028	3.23766798185761e-05	TOMM5	c22
1.61341033373909e-09	0.636346805433997	0.05	0.032	3.3504078990426e-05	NDFIP1	c22
1.67566370700292e-09	1.08910008207473	0.017	0.008	3.47968325396226e-05	PARP10	c22
1.69259578936036e-09	0.93892712339355	0.023	0.012	3.51484441618572e-05	MRPL43	c22
1.71102353775763e-09	0.676944681607967	0.047	0.03	3.55311147850749e-05	UBE2L6	c22
1.73372365436886e-09	0.93892712339355	0.023	0.012	3.60025054066238e-05	PLSCR1	c22
1.74675938726571e-09	0.479336418992934	0.081	0.057	3.62732054359598e-05	ENO1	c22
1.78327851559164e-09	0.926500606399691	0.025	0.014	3.70315616547761e-05	GSDMD	c22
1.84493485509547e-09	0.921534353506342	0.024	0.013	3.83119172009125e-05	MAP1LC3B2	c22
1.93016508165557e-09	1.31363862787061	0.012	0.005	4.00818080856595e-05	RBM7	c22
1.95757501406477e-09	0.534245310015892	0.069	0.048	4.06510027420691e-05	LAT	c22
2.14362792005471e-09	0.761173246565926	0.035	0.021	4.45145773878561e-05	PSMA6	c22
2.18034450186985e-09	0.622061720487697	0.053	0.034	4.52770339258294e-05	SNHG5	c22
2.18309065305097e-09	0.709861914323365	0.043	0.027	4.53340605012564e-05	NDUFV2	c22
2.19094159797654e-09	0.955177197333978	0.021	0.011	4.54970932235808e-05	GLUD1	c22
2.28914754161405e-09	0.616545281811956	0.052	0.034	4.75364378491573e-05	NDUFB9	c22
2.33604904646708e-09	0.642399022137432	0.049	0.031	4.85103944989354e-05	NDUFB10	c22
2.38143373190747e-09	0.383711147961907	0.117	0.089	4.94528528767906e-05	HSPE1	c22
2.6692097466055e-09	-2.74350631385724	0.002	0.013	5.54288095980098e-05	BANK1	c22
3.1141466428417e-09	0.563918809678993	0.071	0.049	6.46683691852507e-05	HNRNPA1P10	c22
3.67008146120268e-09	0.586872768711191	0.059	0.04	7.62129116233349e-05	NHP2L1	c22
3.78740922689531e-09	0.870234865608275	0.02	0.01	7.86493400057079e-05	NLRP3	c22
4.05885527615126e-09	0.241984755791708	0.284	0.242	8.4286188664557e-05	MYL12A	c22
4.17381574970772e-09	-0.503311409917977	0.193	0.227	8.66734578584306e-05	IL7R	c22
4.63455820945672e-09	0.837713525589852	0.03	0.017	9.62412357775783e-05	TGIF1	c22
4.77379568137794e-09	0.205021978845035	0.177	0.143	9.91326411194943e-05	CST3	c22
4.86376484136292e-09	0.610499272602111	0.053	0.035	0.000101000940695742	CMTM6	c22
4.9964760156744e-09	0.853523485862579	0.026	0.015	0.000103756820941495	STUB1	c22
5.09786157589639e-09	0.521097110139293	0.072	0.051	0.000105862193485064	ARL6IP4	c22
5.19998665229364e-09	0.433547132783058	0.103	0.077	0.00010798292282153	COX7A2	c22
5.52429208926622e-09	-0.737980007947888	0.04	0.064	0.000114717449525702	HOPX	c22
5.52465875162864e-09	0.700543405721722	0.039	0.024	0.00011472506363632	RAC1	c22
5.70127294178238e-09	1.01513107255906	0.019	0.009	0.000118392633909053	ABCD4	c22
6.09136840409539e-09	-1.36796289952184	0.036	0.058	0.000126493356279445	XCL2	c22
6.19777752869488e-09	0.843407573014455	0.028	0.016	0.000128703048160878	BUD31	c22
6.36649806447742e-09	0.791565924656257	0.03	0.018	0.000132206698806938	ATP5G1	c22
6.79915756260246e-09	-0.158632491416078	0.728	0.728	0.000141191305945003	RPL19	c22
6.95919912720148e-09	0.911221811537717	0.023	0.013	0.000144514729075466	ADRM1	c22
7.19643915772326e-09	0.6209231422655	0.051	0.034	0.000149441255549281	ANXA6	c22
7.29675298541381e-09	-3.32356315614727	0.001	0.011	0.000151524372495103	KLRF1	c22
7.48973125234428e-09	0.356607964487834	0.041	0.026	0.000155531759186181	IL1B	c22
7.54619711902859e-09	0.42837743144022	0.097	0.072	0.000156704329373748	CYCS	c22
7.74600274271017e-09	0.976454455437959	0.02	0.01	0.000160853492955119	PDCD5	c22
7.84105623529565e-09	1.15841969615834	0.015	0.007	0.00016282737378215	TNIP2	c22
8.44871987709294e-09	1.1328846040512	0.015	0.007	0.000175446116967712	RABIF	c22
8.48737418019498e-09	0.461172863718008	0.084	0.061	0.000176248812225929	CDC42	c22
8.93742089179892e-09	1.34169688496305	0.011	0.004	0.000185594482239096	EIF2AK2	c22
9.35859485817642e-09	0.421806951391186	0.071	0.05	0.000194340580824891	MS4A6A	c22
9.77615247330431e-09	1.21217829440303	0.014	0.006	0.000203011582260637	NELFE	c22
1.00654767417475e-08	0.603812841285605	0.051	0.034	0.000209019690019128	POMP	c22
1.01105091987157e-08	0.53290383650043	0.065	0.045	0.000209954834020529	SEPW1	c22
1.02438351699718e-08	0.738084576352548	0.034	0.02	0.000212723481139634	AURKAIP1	c22
1.02707704550341e-08	-1.21729921808256	0.046	0.069	0.000213282819269239	LST1	c22
1.02809926428715e-08	0.512289826892054	0.078	0.056	0.000213495093221869	HNRNPA0	c22
1.06405556467346e-08	0.605118338644663	0.052	0.034	0.000220961778560092	SNHG15	c22
1.08055269495683e-08	0.444731207489748	0.088	0.064	0.000224387572634735	PGK1	c22
1.10287441469333e-08	0.940306470339908	0.021	0.011	0.000229022900955217	ETHE1	c22
1.17107694615349e-08	1.08749777792498	0.016	0.007	0.000243185838638235	GSPT1	c22
1.17116358201137e-08	0.576686535384662	0.058	0.039	0.000243203829440481	PGAM1	c22
1.18839640964761e-08	1.06108570590514	0.016	0.008	0.000246782398427423	MIF-AS1	c22
1.23212781382602e-08	0.865083589650969	0.021	0.011	0.00025586366181911	GADD45G	c22
1.31451437210094e-08	0.638434160287864	0.046	0.03	0.000272972054510482	GABARAPL2	c22
1.32262363245071e-08	0.593597157974661	0.055	0.037	0.000274656023514714	SNRPG	c22
1.34438991187921e-08	0.653021385990464	0.043	0.027	0.000279176009100837	NAA38	c22
1.35835014958828e-08	-1.94547413994444	0.004	0.015	0.000282074992063502	CD79B	c22
1.38667581110293e-08	-0.977174869270214	0.032	0.053	0.000287957098933634	HIST1H4C	c22
1.42718507968433e-08	0.522513634467994	0.064	0.044	0.000296369253647247	NME2	c22
1.50239676116073e-08	-4.98413764667464	0.002	0.012	0.000311987711422637	IGLL5	c22
1.53262752158073e-08	0.765316771484628	0.032	0.019	0.000318265431131455	RBCK1	c22
1.59811241132056e-08	0.592801080713866	0.052	0.034	0.000331864023334828	MINOS1	c22
1.65453070233198e-08	0.345966581042207	0.127	0.099	0.000343579845646259	DNAJA1	c22
1.74303810734972e-08	1.0531089851823	0.017	0.008	0.000361959293372243	NDUFS2	c22
1.79493218495071e-08	0.938509790956153	0.021	0.011	0.000372735617526864	FAM50A	c22
1.86045673635811e-08	0.730239947311417	0.034	0.02	0.000386342445872124	SELM	c22
2.01295746298407e-08	0.711808763672238	0.035	0.021	0.000418010746763271	PBXIP1	c22
2.01943916543193e-08	0.830780467064553	0.026	0.015	0.000419356737093594	CHIC2	c22
2.07604967711711e-08	0.775766805170651	0.03	0.018	0.000431112475950139	POLR2E	c22
2.14035829867976e-08	0.629208270132776	0.047	0.031	0.000444466804303839	SEC11A	c22
2.1549407071208e-08	0.167498167345177	0.344	0.297	0.000447494987240704	SRGN	c22
2.32874229953657e-08	1.03703740923776	0.017	0.009	0.000483586625921763	LINC00892	c22
2.546482747253e-08	0.707699494221677	0.035	0.021	0.000528802607294558	RANBP1	c22
2.55852112714144e-08	1.00663792188276	0.017	0.009	0.000531302497262191	NENF	c22
2.79379201408961e-08	1.17916202581319	0.013	0.006	0.000580158849645848	LOC554223	c22
2.80371144055786e-08	-0.887886854769047	0.022	0.04	0.000582218717746246	FAIM3	c22
2.85451926627253e-08	0.314166889108991	0.177	0.145	0.000592769470834154	OST4	c22
2.90041869877653e-08	-2.97302544019146	0.001	0.01	0.000602300946987933	VPREB3	c22
3.0795816572402e-08	0.777631758832409	0.03	0.018	0.000639505926942501	PTMS	c22
3.14835232852232e-08	0.490836044207813	0.075	0.054	0.000653786844540946	DBI	c22
3.33288037074725e-08	0.654709234811317	0.041	0.026	0.000692105937789373	RBPJ	c22
3.41137415952187e-08	0.567823629304946	0.053	0.036	0.000708405957966312	CD164	c22
3.4442193508073e-08	0.694434822096243	0.036	0.022	0.000715226590388644	RNH1	c22
3.48037741219555e-08	0.865819575120281	0.023	0.013	0.000722735173416528	RAB11A	c22
3.48773673335371e-08	0.702231042019416	0.034	0.021	0.000724263410048231	RPL19P12	c22
3.5133102582901e-08	-3.57646193319076	0.004	0.015	0.000729574008236522	IGJ	c22
3.69029039721798e-08	1.02979581718738	0.017	0.008	0.000766325703886286	C9orf89	c22
3.87946248041101e-08	0.974871410852055	0.018	0.009	0.00080560917868215	MRPL14	c22
3.91561692712857e-08	0.76469270312491	0.03	0.018	0.00081311701108752	PPP1CB	c22
3.93753711494272e-08	-0.674355968143787	0.049	0.072	0.000817668957289005	ND6	c22
4.04823569451944e-08	1.13746109453682	0.013	0.006	0.000840656624323907	FXYD2	c22
4.1535753422848e-08	0.788580481057329	0.028	0.016	0.000862531455578861	POLR2G	c22
4.34536093244765e-08	0.582244603448917	0.053	0.036	0.000902357651232078	IQGAP1	c22
4.34937005667406e-08	-1.09224278500648	0.013	0.028	0.000903190185968934	PLAC8	c22
4.52555568739055e-08	0.339258708576851	0.128	0.101	0.000939776894043521	TCEB2	c22
4.65531794495331e-08	0.548127366905964	0.057	0.039	0.000966723324449005	NDUFB8	c22
4.80341821338352e-08	-0.30623076192869	0.256	0.291	0.000997477826191221	EEF1B2	c22
4.81265582015857e-08	0.374863485324887	0.107	0.082	0.000999396107614129	RGS2	c22
5.04564379174581e-08	0.646257650215521	0.04	0.026	0.00104777838979393	BSG	c22
5.37132715975321e-08	0.624542270104078	0.043	0.028	0.00111540979799435	NDUFA6	c22
5.45663631774162e-08	-2.90469857875695	0.001	0.01	0.00113312509774223	RALGPS2	c22
5.89480056446389e-08	0.384502738459984	0.119	0.093	0.00122411428521657	LEPROTL1	c22
6.01677540925713e-08	1.03041856965819	0.016	0.008	0.00124944358148634	HPCAL1	c22
6.14620541030162e-08	0.476163174017795	0.087	0.065	0.00127632101550323	RPS18P9	c22
6.16246195569885e-08	0.174923516630875	0.296	0.256	0.00127969684972042	HSPA8	c22
6.62898458253435e-08	0.413397654539384	0.089	0.066	0.00137657493840908	COX5B	c22
7.51548950535745e-08	0.431963460781917	0.09	0.068	0.00156066655068253	SRSF3	c22
7.53321123854133e-08	0.930372153353728	0.019	0.01	0.00156434664579549	CHCHD7	c22
7.73527732633388e-08	0.69016891758207	0.036	0.022	0.00160630768958649	ELOVL5	c22
8.41750795637537e-08	1.09958241857092	0.014	0.007	0.00174797970222091	OAS1	c22
8.6030855522971e-08	0.947414887994777	0.019	0.01	0.00178651674579001	PSMD9	c22
8.77290496766635e-08	0.52933470259969	0.057	0.04	0.0018217814455856	ATP5B	c22
8.82781922226694e-08	0.96896926446995	0.018	0.009	0.00183318493969595	SSBP4	c22
9.1465691119275e-08	-1.63256718351005	0.005	0.017	0.00189937654178286	LILRB2	c22
1.01369697825893e-07	0.356978635028597	0.118	0.093	0.00210504314505249	COX6B1	c22
1.04063264460535e-07	-0.293320132934664	0.17	0.205	0.00216097774978747	EEF1G	c22
1.11120962377439e-07	0.997690624616626	0.012	0.006	0.00230753790472989	IL2	c22
1.12625528773696e-07	-0.316231796169711	0.135	0.167	0.00233878173051456	RPL31	c22
1.14464739227372e-07	0.784961300630898	0.026	0.015	0.0023769747747956	R3HDM4	c22
1.17766298169454e-07	0.379240661264531	0.117	0.092	0.00244553494778688	RNASEK	c22
1.19548298348338e-07	0.600941469302799	0.043	0.029	0.00248253996350159	TMEM123	c22
1.19936111036447e-07	1.00597823796718	0.016	0.008	0.00249059328178286	OASL	c22
1.25429774922549e-07	1.14146162038883	0.012	0.006	0.00260467470604166	FRMD4B	c22
1.25637840955672e-07	0.599227349873299	0.044	0.029	0.00260899540528549	VAPA	c22
1.26853816157963e-07	0.853257912325228	0.023	0.013	0.00263424634633626	TUBA1C	c22
1.30952577019119e-07	-0.240615836406953	0.215	0.253	0.00271936121437903	RPL38	c22
1.36554898939e-07	-0.846513586991735	0.023	0.04	0.00283569903136727	MS4A7	c22
1.37241191616651e-07	0.23974655441183	0.094	0.072	0.00284995058511138	TUBA1B	c22
1.37882101565308e-07	1.07765355542362	0.014	0.007	0.00286325972110519	STOML2	c22
1.38607012094572e-07	0.390312075755373	0.1	0.077	0.00287831321315589	COX8A	c22
1.40500295330114e-07	0.893191239690195	0.021	0.011	0.00291762913282516	RNF145	c22
1.42569586253339e-07	0.94804332996738	0.018	0.009	0.00296060002813685	CYB5R3	c22
1.4358581659695e-07	0.546194666543966	0.052	0.036	0.00298170306745227	RBX1	c22
1.45552521717697e-07	0.855005939704293	0.022	0.012	0.0030225436659897	CLTB	c22
1.58898575508554e-07	0.921396091486889	0.02	0.011	0.00329968781901063	MED30	c22
1.59739846010863e-07	0.470757984136472	0.071	0.051	0.00331715764226157	RABAC1	c22
1.62984295114706e-07	0.995338345810505	0.017	0.008	0.00338453187235198	PHF5A	c22
1.65698923762891e-07	0.637205243233213	0.043	0.028	0.00344090385086019	LOC284454	c22
1.80201807984797e-07	0.767966005442211	0.026	0.016	0.0037420707446123	CLPP	c22
1.84189173288736e-07	0.751284567046699	0.03	0.018	0.0038248723725139	FMNL1	c22
1.87164402359742e-07	0.572616382373529	0.044	0.03	0.0038866559794024	CDK2AP2	c22
2.13105394120338e-07	1.18603119741862	0.011	0.005	0.00442534661430293	CXorf40B	c22
2.14396271061785e-07	0.767791834690305	0.026	0.015	0.00445215296486902	SDF4	c22
2.15174863533446e-07	1.01022933591699	0.014	0.007	0.00446832121613555	NACAP1	c22
2.16760095558104e-07	0.838992878597568	0.023	0.013	0.00450124014435959	COX16	c22
2.17117798488854e-07	0.911477768788377	0.019	0.01	0.00450866820341954	TNFRSF25	c22
2.18029016958557e-07	0.681226039399588	0.036	0.023	0.0045275905661614	DCXR	c22
2.27197420196684e-07	0.397318017385168	0.089	0.067	0.00471798162780434	SLC25A5	c22
2.3587465900503e-07	0.495610665222546	0.059	0.041	0.00489817316889845	LSM7	c22
2.41976022213607e-07	1.02965001235831	0.016	0.008	0.00502487407728776	PERP	c22
2.44524944025693e-07	0.48478228777615	0.063	0.045	0.00507780498763755	ARHGDIA	c22
2.63869618901406e-07	0.588005414112216	0.043	0.029	0.0054795165061066	RNF149	c22
2.72897347292405e-07	0.841312155012262	0.021	0.012	0.00566698631387408	MEA1	c22
2.80402256285206e-07	0.56499561668899	0.046	0.031	0.00582283325401859	TRAM1	c22
2.81283838276972e-07	-0.979752732733294	0.056	0.079	0.0058411401856596	CCL3	c22
2.90362580835713e-07	0.645876139712033	0.035	0.023	0.00602966935363441	HN1	c22
2.91391709215902e-07	0.836428924451052	0.022	0.012	0.00605104023357743	FDFT1	c22
2.96814156783958e-07	0.838812559922474	0.022	0.012	0.00616364277977568	RNF114	c22
3.00506456417415e-07	0.289442295110926	0.154	0.126	0.00624031707396404	SRP14	c22
3.11377170338168e-07	0.874469513894218	0.02	0.011	0.0064660583192424	POLR2F	c22
3.15703340307128e-07	0.412406132812496	0.086	0.065	0.00655589556481782	PTGES3	c22
3.16772272078593e-07	0.413889390515339	0.081	0.061	0.00657809300198406	UQCR10	c22
3.24275171441083e-07	0.898554506573601	0.019	0.01	0.00673389821014554	PTPRA	c22
3.51607315860391e-07	1.05513098276751	0.014	0.007	0.00730147752115687	TIMM10	c22
3.64538128794906e-07	0.845272725234017	0.021	0.012	0.00756999878255502	ARRDC1	c22
3.90585807875549e-07	0.744175685784398	0.028	0.017	0.00811090488634365	POLR2K	c22
3.91422921780677e-07	0.920914372817433	0.018	0.009	0.00812828839369754	ILK	c22
3.99641599195461e-07	0.48037506369044	0.06	0.043	0.00829895744889294	TRAPPC1	c22
4.10767369142541e-07	1.05770834570282	0.013	0.006	0.00852999518761401	DEGS1	c22
4.12999723272977e-07	-1.35113127431133	0.008	0.019	0.00857635225348665	C5AR1	c22
4.19140661713878e-07	0.458751743611244	0.071	0.052	0.0087038749811504	ATP5G3	c22
4.26347297963639e-07	0.732431747829461	0.028	0.017	0.00885352798951293	PSMA5	c22
4.28386768520612e-07	0.612489488629778	0.038	0.025	0.00889587963509902	IFI27L2	c22
4.3015665338067e-07	0.936356175247003	0.018	0.01	0.00893263306410299	UBE2A	c22
4.33359365541635e-07	0.936891565632969	0.018	0.01	0.0089991405848376	OBFC1	c22
4.45018962757173e-07	-2.30932926297456	0.002	0.01	0.00924126378061545	SMIM14	c22
4.4655741882392e-07	0.652659460569604	0.035	0.023	0.00927321135929753	SELT	c22
4.49700772716249e-07	-1.86287840306232	0.005	0.016	0.00933848624622563	MTRNR2L8	c22
4.55175802755455e-07	0.576886182118897	0.045	0.03	0.00945218072001978	FAM96B	c22
4.63577376712244e-07	-2.11196675186898	0.002	0.011	0.00962664780480646	LILRB1	c22
4.6604057733904e-07	0.60515647381829	0.041	0.028	0.00967779862902251	IGFLR1	c22
4.76583018549538e-07	0.262996537458462	0.198	0.167	0.00989672296319971	ATP5L	c22
4.83597154824588e-07	-0.774919550134787	0.084	0.108	0.0100423785170874	FCER1G	c22
4.90302470254614e-07	1.07109086765117	0.013	0.006	0.0101816210973073	PHLDA2	c22
5.00103713007628e-07	0.635287013245821	0.034	0.022	0.0103851537043164	DGCR6L	c22
5.10004258120475e-07	-0.259454514857984	0.168	0.201	0.0105907484241298	DDX5	c22
5.11338807169669e-07	-0.155968386451768	0.53	0.555	0.0106184616696854	RPL7A	c22
5.26130188175587e-07	0.639344522786476	0.035	0.023	0.0109256194876542	SNRPD3	c22
5.3962360386124e-07	-0.111795224161626	0.106	0.083	0.0112058237577825	SSR4	c22
5.40276002081129e-07	-0.856835926827676	0.02	0.036	0.0112193714592167	CYBB	c22
5.51829057303924e-07	0.686258264131863	0.033	0.021	0.0114592822039733	C7orf73	c22
5.57157476740205e-07	-0.265104760821558	0.191	0.225	0.0115699321619871	HCST	c22
5.61196242772881e-07	0.941124099037997	0.016	0.009	0.0116538011774216	SMIM3	c22
5.76369938771174e-07	0.645876139712033	0.034	0.022	0.0119688981485222	SNX3	c22
5.96127569915282e-07	0.260882241442596	0.177	0.148	0.0123791851168608	COMMD6	c22
6.01840968449927e-07	1.04316379790787	0.013	0.007	0.0124978295508312	NUDT14	c22
6.13489182355769e-07	0.67587977911296	0.031	0.019	0.0127397163607999	MRPL54	c22
6.14547984752383e-07	0.616056779399574	0.039	0.026	0.012761703451368	PRDX2	c22
6.17728114633253e-07	0.651694769767434	0.032	0.02	0.0128277420284741	DSTN	c22
6.36227414001078e-07	0.489505417104727	0.05	0.035	0.0132118984791464	ICOS	c22
6.46902024418355e-07	0.83702446420807	0.021	0.012	0.0134335674390716	DUSP5	c22
7.09506202325882e-07	0.438174108075378	0.075	0.056	0.0147336057974993	CNN2	c22
7.26942533281638e-07	1.02069059790097	0.014	0.007	0.0150956886461265	OVCA2	c22
7.36678544284317e-07	1.03539243222436	0.013	0.007	0.0152978666506081	COMTD1	c22
7.49885667338023e-07	1.09530142124305	0.012	0.006	0.0155721257679414	TREX1	c22
7.60453958485771e-07	0.690002117565595	0.03	0.018	0.0157915869019155	DDOST	c22
7.81236230787433e-07	0.639716605601732	0.034	0.022	0.0162231515685318	CD82	c22
7.82648362906647e-07	0.53321571046192	0.05	0.035	0.0162524759041194	CREM	c22
7.92341325315793e-07	-1.14586907381549	0.01	0.022	0.0164537599615078	HIST1H1E	c22
8.04893760061824e-07	-0.313818187941078	0.138	0.168	0.0167144238214438	RPL27A	c22
8.24836397217511e-07	1.01669158654668	0.014	0.007	0.0171285526246188	SRM	c22
8.2679242947104e-07	0.643600055621569	0.031	0.02	0.0171691715903956	ATP2B1	c22
8.52467278143966e-07	1.06974478849731	0.012	0.006	0.0177023354979376	SRP68	c22
8.57592304128415e-07	0.727821780238616	0.027	0.017	0.0178087617875307	VDAC1	c22
8.61257346815671e-07	0.6879611449301	0.029	0.018	0.0178848700639742	PFDN2	c22
8.87506572188464e-07	-0.17028260295572	0.797	0.77	0.0184299614780656	RPL32	c22
8.89199938008826e-07	-0.156036294918005	0.672	0.672	0.0184651259126913	RPS4X	c22
8.94933284418132e-07	0.860307953455347	0.019	0.011	0.0185841845842269	FAM162A	c22
9.38514542937257e-07	0.657619603724539	0.033	0.021	0.0194891929986351	CMPK1	c22
9.51919843030279e-07	0.759443580240781	0.025	0.015	0.0197675674603668	H3F3A	c22
9.62199314042709e-07	0.53056146171879	0.049	0.034	0.0199810309554109	TOMM6	c22
9.86977452865975e-07	0.452068522579081	0.07	0.052	0.0204955737862148	PARK7	c22
1.04150921591354e-06	-0.910004003851397	0.02	0.035	0.0216279803776605	CFD	c22
1.04758709130732e-06	0.498235783171147	0.054	0.038	0.0217541935380878	DAD1	c22
1.05256494123847e-06	-1.02691949058093	0.012	0.024	0.021857563569758	FGR	c22
1.21294994941651e-06	0.758811885705113	0.025	0.015	0.0251881186495831	EIF4E	c22
1.26008438680858e-06	0.260153404923861	0.155	0.128	0.026166912376467	CD2	c22
1.42837794517325e-06	-0.671378949042739	0.072	0.095	0.0296616964094676	AIF1	c22
1.5443626938193e-06	-0.494026272039509	0.047	0.067	0.0320702356998517	GLTSCR2	c22
1.61824695312174e-06	0.854293321739254	0.017	0.01	0.0336045162285261	GK	c22
1.63372353916538e-06	0.388550440123851	0.032	0.02	0.0339259030143083	G0S2	c22
1.6417413148984e-06	1.14804288331502	0.01	0.005	0.0340924001451803	CBFB	c22
1.65343678041143e-06	-0.889445052921923	0.015	0.028	0.0343352681820238	SPI1	c22
1.65970112991877e-06	-0.251219200232577	0.206	0.238	0.0344653536638933	RPL4	c22
1.7090283247542e-06	0.623458457586187	0.034	0.022	0.0354896821918457	UBE2N	c22
1.73462605360146e-06	1.10518776956016	0.011	0.005	0.0360212446290879	GPR25	c22
1.75186986519692e-06	0.60452260076728	0.033	0.021	0.0363793296206791	ODC1	c22
1.75854694590034e-06	0.731493195749324	0.024	0.014	0.0365179858785664	LDLRAD4	c22
1.77316248858566e-06	1.07317575917176	0.012	0.006	0.0368214922379698	HNRNPA1L2	c22
1.8032248000213e-06	0.460308405042201	0.058	0.042	0.0374457661972422	VPS28	c22
1.80882064606778e-06	0.551805537817277	0.043	0.029	0.0375619695362434	FKBP8	c22
1.85459409653724e-06	0.632267565925556	0.034	0.022	0.0385125010086924	PHPT1	c22
1.87647024383177e-06	0.692168715706452	0.027	0.017	0.0389667810834105	KHDRBS1	c22
1.90232367599674e-06	0.206854342676186	0.264	0.231	0.0395036534557483	CXCR4	c22
1.94448687748325e-06	0.910693662366072	0.017	0.009	0.0403792144978172	RELB	c22
1.95967176867531e-06	0.582377985632383	0.039	0.027	0.0406945439483116	FAM49B	c22
1.96361393965064e-06	1.04234123937956	0.012	0.006	0.0407764070707852	TMEM191A	c22
1.97992267255131e-06	-0.735524785371648	0.028	0.044	0.0411150742182005	GRN	c22
1.99231871635269e-06	0.418780119186493	0.064	0.047	0.0413724904637799	SOCS3	c22
2.00724514220559e-06	0.623365153775565	0.035	0.023	0.0416824526230414	C19orf70	c22
2.10892708727153e-06	0.592239174166981	0.04	0.027	0.0437939798942805	ANXA11	c22
2.14150537094277e-06	-1.27831895200269	0.006	0.016	0.0444705005329975	SLC11A1	c22
2.29712812668062e-06	0.573166877191932	0.041	0.028	0.0477021626786498	TMED2	c22
2.46319469613798e-06	1.0938946000288	0.011	0.005	0.0511507010600012	NPRL2	c22
2.54542612313648e-06	0.857255735595115	0.018	0.01	0.0528583188730521	IER3IP1	c22
2.56680414871779e-06	0.549715611482612	0.042	0.029	0.0533022549522736	GDI2	c22
2.68648445501981e-06	1.0314983863636	0.012	0.006	0.0557875361929413	B4GALT3	c22
2.69773050797148e-06	0.522891292478167	0.047	0.033	0.0560210717285358	SERBP1	c22
2.77563479928572e-06	0.600847019857262	0.035	0.023	0.0576388322419672	SSU72	c22
2.81357602665456e-06	-0.95042585241408	0.015	0.028	0.0584267197695087	MAFB	c22
2.90713867430671e-06	0.510668717080852	0.046	0.032	0.0603696417106532	GeneID:102723863	c22
2.968234991998e-06	-0.388755830868586	0.071	0.094	0.0616383678438306	LDHB	c22
3.0007827030661e-06	-0.901021582305845	0.014	0.027	0.0623142536118707	RPS4Y1	c22
3.01211322029308e-06	0.813805479561718	0.023	0.014	0.0625495431326061	PARVG	c22
3.07433659847629e-06	0.700097973902704	0.025	0.016	0.0638416738039587	PPP1R2P9	c22
3.0921476570455e-06	0.795548792868171	0.02	0.012	0.0642115382462068	NDUFB6	c22
3.1605320039036e-06	0.688053270069767	0.028	0.017	0.0656316075930621	VDAC2	c22
3.2290892137832e-06	0.697796640482299	0.027	0.017	0.067055266613422	HNRNPUL1	c22
3.24642726275413e-06	0.362934953576558	0.075	0.057	0.0674153085383523	SAP18	c22
3.28583678561883e-06	0.980001777217501	0.013	0.007	0.0682336866901606	DYNLT3	c22
3.43842484137366e-06	0.821158625276177	0.018	0.011	0.0714023302559654	EIF6	c22
3.67662465369283e-06	0.748968193113154	0.022	0.013	0.0763487875585852	PDAP1	c22
3.67942420501727e-06	0.540964884552656	0.039	0.027	0.0764069230413887	TOB1	c22
3.73829459445002e-06	0.96114023401575	0.014	0.008	0.077629425548349	COA1	c22
3.79278596359428e-06	0.979914799762788	0.013	0.007	0.0787609933199987	BLOC1S4	c22
3.79594861990465e-06	-3.25671822973395	0.003	0.011	0.07882666904094	MZB1	c22
3.81509507314004e-06	1.0129610126053	0.017	0.009	0.0792242642888261	SOX4	c22
3.82378829613363e-06	0.641530608795803	0.028	0.018	0.079404787757511	MAF	c22
3.84638327684291e-06	1.08354557949336	0.011	0.006	0.0798739951269198	MVD	c22
3.92292635414273e-06	0.26563346605688	0.123	0.099	0.0814634886701279	NR4A1	c22
3.93350171422773e-06	1.11826256968636	0.01	0.005	0.081683096597653	TIMMDC1	c22
4.04625185040485e-06	0.49543241635909	0.051	0.036	0.084024465925507	COX5A	c22
4.10274887794062e-06	0.754264503407982	0.022	0.013	0.085197683199315	DNAJA2	c22
4.44857376877913e-06	0.515421074754528	0.048	0.034	0.0923790828824674	PEBP1	c22
4.45870402604963e-06	0.584283875698929	0.043	0.03	0.0925894478049466	BRE-AS1	c22
4.46576537842391e-06	0.430530566056206	0.063	0.047	0.092736083848351	RPSAP58	c22
4.70404749992514e-06	0.891506218783931	0.015	0.008	0.0976842503834454	PSMB7	c22
4.72838991234959e-06	0.738071653088523	0.022	0.013	0.0981897449198517	COMMD7	c22
4.80916544358978e-06	0.93180268896017	0.014	0.007	0.0998671296015854	SLBP	c22
4.85686341234717e-06	0.928774996262602	0.014	0.007	0.100857625620801	ARL5B	c22
4.92252664138412e-06	0.735405476156666	0.023	0.014	0.102221188234983	ACP1	c22
5.08231897849255e-06	0.765610406394186	0.023	0.014	0.105539435907376	MRPL51	c22
5.11066526579671e-06	0.604188759497506	0.033	0.022	0.106128074909534	TTC39C	c22
5.40129492895563e-06	0.455380353890172	0.055	0.04	0.112163290494693	HNRNPF	c22
5.55296671505452e-06	0.399307608133149	0.077	0.059	0.115312906804822	TRMT112	c22
5.94022025970522e-06	0.550145456687177	0.039	0.027	0.123354613913038	MRPL41	c22
6.25957366822255e-06	-0.225867160575501	0.158	0.187	0.129986306794309	TOMM7	c22
6.47196334869549e-06	1.02971307961547	0.011	0.006	0.13439679089901	RELA	c22
6.61955414732691e-06	0.851336978407842	0.017	0.01	0.137461661423391	C17orf89	c22
6.64580789317881e-06	0.365571885307982	0.086	0.067	0.138006846709751	CAPZB	c22
6.90498987600609e-06	0.668201297447673	0.028	0.018	0.143389019765142	FAM107B	c22
7.11906672013587e-06	-0.333218548325745	0.146	0.173	0.147834539510341	LTB	c22
7.16449178330441e-06	0.601338847445566	0.034	0.023	0.148777836372099	PSMD8	c22
7.55160872317106e-06	0.915964095463396	0.014	0.008	0.15681670674537	CHN1	c22
7.56095943678588e-06	-0.872150985846094	0.014	0.026	0.157010883664295	ZEB2	c22
7.63091051911374e-06	0.251923254185843	0.078	0.06	0.158463487839916	CSTB	c22
7.84531899589574e-06	0.980001777217501	0.013	0.007	0.162915894268771	COQ4	c22
7.86268984303766e-06	0.913448771664608	0.014	0.008	0.16327661728052	NUBP2	c22
7.95684863374286e-06	-1.87628811428701	0.002	0.01	0.165231918728304	CD300E	c22
7.96288995715483e-06	0.875080098948228	0.015	0.008	0.165357372850277	YIF1A	c22
8.55520592660613e-06	0.473378750073896	0.05	0.036	0.177657406271903	MAP1LC3B	c22
8.57894150703213e-06	1.04985845048188	0.011	0.005	0.178150299335029	FBLN7	c22
8.84307822351878e-06	0.84353184150507	0.016	0.009	0.183635362389591	SLC7A5	c22
9.17078898619849e-06	0.806656371730217	0.018	0.01	0.190440604087398	CAMLG	c22
9.19032797536594e-06	-0.20819952723483	0.247	0.278	0.190846350736449	CD52	c22
9.4793235458704e-06	-1.20826723694146	0.007	0.016	0.196847632753545	HMOX1	c22
9.95084668197051e-06	-0.269271011052807	0.154	0.181	0.2066392821978	PTPRC	c22
1.00679783711707e-05	0.963950124474709	0.012	0.007	0.209071638855731	PBX4	c22
1.01084875279575e-05	0.604413281402641	0.03	0.02	0.209912852005566	SNRNP70	c22
1.06655775678846e-05	0.60022920316101	0.031	0.02	0.221481383774693	ENSA	c22
1.0831709757682e-05	0.461999386250433	0.052	0.038	0.224931284828025	BAX	c22
1.0873113772776e-05	0.647842444271827	0.027	0.017	0.225791080605466	C7orf50	c22
1.09186133307258e-05	0.633450525838341	0.028	0.018	0.226735924425852	CAPZA2	c22
1.0920594855114e-05	0.453567626808622	0.053	0.039	0.226777072761296	EIF5A	c22
1.09858209975303e-05	0.924189504850294	0.014	0.008	0.228131558834715	RNF139	c22
1.1188989204624e-05	0.507862797494975	0.044	0.031	0.232350549823222	OSTF1	c22
1.19083094727826e-05	0.554366299623092	0.031	0.021	0.247287954511803	CH25H	c22
1.1921243871341e-05	0.572526093510673	0.036	0.024	0.247556550232266	RNF167	c22
1.20233139174042e-05	0.989135864026121	0.012	0.006	0.249676136808816	SMIM12	c22
1.21646627661289e-05	0.864688493101632	0.015	0.008	0.252611387001433	RNF138	c22
1.24155502694629e-05	0.565230679017964	0.037	0.025	0.257821316895666	AUP1	c22
1.2550006199595e-05	0.584940213706568	0.032	0.021	0.26061342874079	AKIRIN2	c22
1.28825179992863e-05	0.643963484652088	0.028	0.018	0.267518368773178	PPP4C	c22
1.31034335379748e-05	0.927602700430883	0.013	0.007	0.272105900849585	MRPS16	c22
1.32069941828561e-05	0.891538818746443	0.014	0.008	0.274256441201189	GRPEL1	c22
1.34664314463283e-05	-0.527628929677128	0.036	0.052	0.279643915414453	KIAA1551	c22
1.34829311825255e-05	0.396143107981089	0.054	0.04	0.279986548936324	IER3	c22
1.36322451122724e-05	-0.164471805053674	0.516	0.531	0.283087202001448	RPL18	c22
1.36848328081598e-05	0.476039251909732	0.048	0.034	0.284179238094247	SCAND1	c22
1.36863869168726e-05	-0.249379057692766	0.163	0.191	0.284211510715777	EEF2	c22
1.42551448205483e-05	-1.16684215712132	0.007	0.016	0.296022337343506	CSF1R	c22
1.43887410604046e-05	0.966906489916084	0.013	0.007	0.298796596860363	ADI1	c22
1.45317437096523e-05	0.156920465824641	0.345	0.313	0.30176618987464	SERF2	c22
1.46016213007553e-05	0.582426535885316	0.032	0.021	0.303217267931484	DNAJB9	c22
1.46782247259284e-05	0.649415270097614	0.025	0.016	0.304808014658629	PFKFB3	c22
1.48534844010245e-05	0.44183670217476	0.035	0.024	0.308447457071675	PLIN2	c22
1.53364424911427e-05	0.480155694992658	0.048	0.035	0.31847656477107	GTF3A	c22
1.53634249026778e-05	0.413738227340499	0.061	0.046	0.319036881529008	C4orf3	c22
1.54915282020975e-05	0.614593142975337	0.028	0.018	0.321697074644757	TMEM179B	c22
1.55118816322887e-05	0.595356785617622	0.03	0.02	0.322119733976108	PSMB6	c22
1.58301032586136e-05	0.421765277911089	0.059	0.045	0.32872792426837	GNG2	c22
1.59938679920027e-05	0.442794334403153	0.052	0.038	0.332128662721928	TSTD1	c22
1.64310309414054e-05	0.884936083922195	0.014	0.008	0.341206788529225	TMEM14A	c22
1.65325125407014e-05	-0.201055612626046	0.404	0.426	0.343314155420206	RPS5	c22
1.67784072409589e-05	0.497571624448015	0.037	0.026	0.348420404765753	FABP5	c22
1.69981773903609e-05	0.580681332264252	0.033	0.022	0.352984151688234	ARPC4	c22
1.70794125718271e-05	0.684632164624055	0.023	0.014	0.354671081466562	DNAJC8	c22
1.7199729046379e-05	1.05192007485766	0.01	0.005	0.357169573377106	LSM1	c22
1.72092398789754e-05	0.638763445896815	0.026	0.017	0.357367075326804	STRAP	c22
1.76861297528453e-05	0.970973286240847	0.012	0.006	0.367270170447586	TUSC2	c22
1.78701318810821e-05	-1.52562007109186	0.004	0.011	0.371091158642552	PILRA	c22
1.82557537788167e-05	0.462660945377417	0.047	0.034	0.379098982970908	NOP10	c22
1.85650019580364e-05	0.316970772996656	0.101	0.081	0.385520830660584	EDF1	c22
1.87648561052054e-05	0.516765189681325	0.041	0.029	0.389671001880696	CAST	c22
1.94515597339826e-05	0.655944242768792	0.024	0.015	0.403931089435883	DPM3	c22
1.95218500642604e-05	0.606355823936011	0.031	0.021	0.405390738434431	CAPZA1	c22
1.95469630857308e-05	0.872753461656125	0.014	0.008	0.405912235438285	PTDSS1	c22
1.97482266184777e-05	0.335127395385751	0.075	0.059	0.410091673959308	TYMP	c22
1.99097441097259e-05	0.755085616145508	0.02	0.012	0.413445746182568	CMC2	c22
2.01068017569326e-05	0.765249259608301	0.018	0.011	0.417537845284463	GRAMD1A	c22
2.01286908705161e-05	0.388487885597504	0.066	0.051	0.417992394617137	NDUFB11	c22
2.03189556893587e-05	0.803388736354458	0.016	0.009	0.421943433845223	TMEM208	c22
2.03404206953673e-05	0.552340151660661	0.034	0.023	0.422389176159998	OTUB1	c22
2.06395710142923e-05	0.836214199925918	0.016	0.009	0.428601331682794	SLAMF1	c22
2.12261257977355e-05	0.499245090638307	0.041	0.029	0.440781728315776	ERH	c22
2.14861278931541e-05	0.776063593761168	0.018	0.011	0.446180931829239	GLA	c22
2.17905195879442e-05	0.869874939816967	0.015	0.008	0.452501929763249	HCFC1R1	c22
2.20814204897318e-05	0.412086212854452	0.059	0.044	0.45854277788977	BRK1	c22
2.22619798038565e-05	0.73065327878261	0.02	0.012	0.462292272606884	TMEM14C	c22
2.28495462757028e-05	0.393047681174579	0.066	0.05	0.474493677961244	C9orf16	c22
2.32607970602626e-05	0.349769260696844	0.071	0.055	0.483033711753414	LINC00152	c22
2.32736338761832e-05	0.278768443241014	0.119	0.098	0.483300281072821	SUMO2	c22
2.42935916216426e-05	0.335869835789913	0.087	0.069	0.50448072361503	TUBA4A	c22
2.45331419544185e-05	0.726419838190392	0.02	0.012	0.509455225825454	ADAM8	c22
2.45785340799956e-05	0.927126201750696	0.012	0.006	0.510397838705188	EDARADD	c22
2.51013508649974e-05	0.779155678949692	0.017	0.01	0.521254652062535	LOC100996740	c22
2.5479204984839e-05	-0.349462008357529	0.074	0.094	0.529101170715167	UQCRB	c22
2.57847930846514e-05	0.465553963473792	0.046	0.033	0.53544701319587	WDR1	c22
2.59385283811262e-05	-0.135735434138077	0.472	0.498	0.538639480362467	RPL6	c22
2.7086906410474e-05	1.0241891191241	0.01	0.005	0.562486698519903	NTMT1	c22
2.76089425933088e-05	0.646454951510321	0.026	0.017	0.57332730189265	LPXN	c22
2.76649727136659e-05	0.948290811748739	0.012	0.006	0.574490823371987	ASNA1	c22
2.82263496619961e-05	0.86784468565532	0.014	0.008	0.586148377081011	ILKAP	c22
2.82285831897582e-05	0.848386680772531	0.014	0.008	0.586194758518519	RALGDS	c22
2.85217405656231e-05	0.884164594260773	0.013	0.007	0.59228246458573	ORMDL2	c22
2.87626965454624e-05	0.528590625078115	0.037	0.026	0.597286156463073	H2AFJ	c22
2.93474987245578e-05	0.751141302780096	0.018	0.011	0.609430158514167	NCF4	c22
3.08056978532128e-05	0.609097070453401	0.028	0.019	0.639711121619817	MFSD10	c22
3.10227734703599e-05	1.03422584449128	0.01	0.005	0.644218913885493	CTBP1	c22
3.15885431661146e-05	0.534933078677926	0.034	0.024	0.655967687387536	TRABD	c22
3.18973629177066e-05	0.971296145152542	0.011	0.006	0.662380638349095	TIPRL	c22
3.24360333644513e-05	0.587629166381376	0.03	0.02	0.673566668846195	SNHG7	c22
3.2464253295808e-05	0.468344831857266	0.043	0.031	0.674152683940748	PRDX5	c22
3.29072845424321e-05	0.948676507524565	0.011	0.006	0.683352670808146	RRP7A	c22
3.36230593942408e-05	-1.3920562940685	0.004	0.011	0.698216451380804	SYNE1	c22
3.44017009617623e-05	0.97388162082819	0.011	0.006	0.714385722171956	COMMD5	c22
3.46437051718505e-05	0.827123712133295	0.015	0.009	0.719411181598647	AIMP1	c22
3.46881030135022e-05	1.01123715645457	0.01	0.005	0.720333147178387	PRPF31	c22
3.47864239631828e-05	0.732090286508584	0.019	0.011	0.722374880019455	SDHAF2	c22
3.50724235372435e-05	0.362351614093929	0.062	0.047	0.728313947174398	TUBB4B	c22
3.51292765894558e-05	0.492513291682521	0.04	0.028	0.729494557656639	IFI16	c22
3.60601507701601e-05	0.935320029282409	0.012	0.006	0.748825090893144	MMGT1	c22
3.61921208183582e-05	0.72793035559452	0.021	0.013	0.751565580914027	NOL7	c22
3.63227510392712e-05	0.719875777863061	0.019	0.012	0.754278248081505	SARS	c22
3.71425297615572e-05	0.805975717590327	0.015	0.009	0.771301773028497	ELAVL1	c22
3.79800554665524e-05	0.823477375676124	0.016	0.009	0.788693831818427	CCT6A	c22
3.92114377917033e-05	0.720232612390225	0.019	0.012	0.814264717182512	KRAS	c22
3.97880204262119e-05	0.978936664551265	0.011	0.005	0.826238032170716	ATP6V1E1	c22
3.98050546770152e-05	0.840654800901974	0.017	0.01	0.826591765422899	TNFSF10	c22
4.08499420075326e-05	-1.1169862729631	0.048	0.064	0.848289895728421	XCL1	c22
4.15468978775612e-05	0.562067203190677	0.027	0.018	0.862762881325435	PPA1	c22
4.24497114617389e-05	0.693145213260937	0.021	0.014	0.881510708214469	LINC01420	c22
4.29347758977544e-05	0.411401822404763	0.056	0.043	0.891583556292768	ARPC5	c22
4.30298711395927e-05	0.739157611017773	0.018	0.011	0.893558304084782	RHEB	c22
4.39573068595909e-05	0.646243510402298	0.026	0.017	0.912817434246265	CISH	c22
4.40684740618761e-05	0.78897883327697	0.015	0.009	0.915125932368919	PNP	c22
4.41365598632715e-05	0.936389958455822	0.011	0.006	0.916539802120695	LOC100996747	c22
4.47216891925025e-05	0.594863547170758	0.03	0.02	0.928690597771508	CD5	c22
4.51818046877111e-05	-0.122631220459723	0.559	0.586	0.938245356145009	HLA-A	c22
4.52175107836628e-05	0.648120580968445	0.022	0.014	0.938986828933543	BNIP3L	c22
4.56178103807589e-05	0.766327812183243	0.018	0.011	0.947299450366839	PUF60	c22
4.58275241186755e-05	-0.425167146298054	0.051	0.068	0.951654365848415	GZMM	c22
4.58613068689622e-05	0.482592700513537	0.04	0.029	0.952355898440869	SHISA5	c22
4.60126495853028e-05	0.788119911724873	0.016	0.009	0.955498681288397	ZFAND2B	c22
4.64459786006977e-05	0.772256833297856	0.017	0.01	0.964497191622088	SNRPE	c22
0.00017288647548278	-1.38348552953365	0.004	0.01	1	CUX1	c22
8.45823981912247e-05	-1.32693157944	0.004	0.011	1	IGSF6	c22
0.000260762662779177	-1.25448844899882	0.004	0.01	1	FAM26F	c22
0.000208194009696976	-1.15566015229017	0.005	0.011	1	HCK	c22
0.000163394511623846	-1.01795455626021	0.006	0.013	1	GPR56	c22
5.37866221370404e-05	-1.01781561514767	0.008	0.017	1	PECAM1	c22
6.63423339560311e-05	0.991508935084437	0.01	0.005	1	CALHM2	c22
5.78339637293673e-05	0.986878961357063	0.011	0.006	1	CARS	c22
0.031001301146338	-0.972314159019811	0.02	0.025	1	C1QB	c22
0.000436113937287258	0.968769015314117	0.02	0.013	1	MT1E	c22
5.00440789525991e-05	0.959110034955905	0.011	0.006	1	BBC3	c22
0.000154991019793526	0.953868630313753	0.01	0.006	1	PSMD2	c22
0.00014198752828104	0.953036523399389	0.011	0.006	1	NACA2	c22
0.000147905879531522	0.947106819034858	0.011	0.006	1	RCN2	c22
0.000118740375719217	0.942691005102906	0.01	0.005	1	CCDC57	c22
8.37020009773705e-05	0.935672235421821	0.011	0.006	1	STK16	c22
0.000135513296748464	-0.931123096931775	0.009	0.017	1	MEF2C	c22
8.28906067339704e-05	0.925532817984085	0.011	0.006	1	CNOT1	c22
0.00055910539051458	-0.92070109745918	0.007	0.013	1	UTRN	c22
8.66240103401267e-05	0.920099014459068	0.013	0.007	1	GEM	c22
0.000396148853327384	0.918306846475946	0.01	0.005	1	TRAPPC4	c22
0.00014547463207032	0.917494852276286	0.011	0.006	1	PTOV1	c22
0.000850636239071428	-0.91710472254194	0.005	0.011	1	SORL1	c22
4.82930308009547e-05	-0.91696199842278	0.011	0.02	1	CLEC7A	c22
0.000228317027042261	0.906267596853032	0.01	0.005	1	TSR2	c22
4.83918745485581e-05	0.901872482895122	0.012	0.007	1	CCT5	c22
6.89217145999595e-05	0.901673022775782	0.012	0.006	1	RARA	c22
0.000139378014242395	-0.900984013590014	0.009	0.017	1	MPEG1	c22
0.000140133031123824	0.899492922525805	0.011	0.006	1	MDFIC	c22
0.000581015506093421	-0.897467009525875	0.007	0.014	1	IRF8	c22
0.000186093970075589	0.894808481477968	0.011	0.006	1	MIIP	c22
0.00246379738805014	-0.893837586125184	0.007	0.013	1	CCL3L1	c22
4.84509990362194e-05	0.887541457276557	0.012	0.007	1	LPCAT4	c22
0.000198940427307279	0.876331287940629	0.011	0.006	1	MIF4GD	c22
0.000145446338457724	0.869653431299364	0.011	0.006	1	SLC2A4RG	c22
0.000282127057820877	0.865098407876627	0.011	0.006	1	LYSMD2	c22
0.259892110084047	-0.863946670449816	0.021	0.024	1	C1QC	c22
0.000197353739852617	0.863517949393695	0.011	0.006	1	NDUFA9	c22
0.000223786213147395	-0.861180115590298	0.009	0.017	1	ATM	c22
6.30121911182458e-05	0.858012428245811	0.013	0.007	1	THOC7	c22
0.000180879935204612	0.849861075423993	0.012	0.007	1	URM1	c22
0.000673810167390112	0.846635305697492	0.01	0.006	1	HPRT1	c22
0.000105065332740175	0.84632505639675	0.014	0.008	1	LAGE3	c22
0.000151878229767652	0.842759389226898	0.012	0.007	1	RBM42	c22
6.88713693887879e-05	0.840949258509055	0.013	0.008	1	TIMM17B	c22
0.000500078816420548	0.839498584640331	0.011	0.006	1	MRPL28	c22
8.07673280814074e-05	0.838049368003261	0.013	0.008	1	MTERF4	c22
0.000212883423732924	0.83333607439918	0.012	0.007	1	MPRIP	c22
0.000108608190858085	0.833248774576702	0.013	0.007	1	SQRDL	c22
0.000363836245379927	0.832267015409255	0.011	0.006	1	LCMT1	c22
0.000371264853985213	0.827694285619431	0.011	0.006	1	HECA	c22
0.000199070086901297	0.82443690098683	0.012	0.007	1	MID1IP1	c22
5.2327510245837e-05	0.824274224655723	0.014	0.008	1	IAH1	c22
0.000309345312550641	0.823549798308146	0.012	0.007	1	NT5C3A	c22
6.36918118381532e-05	0.822320473064716	0.014	0.008	1	CCDC124	c22
0.000923592234981819	0.819666978629621	0.01	0.006	1	NUDT1	c22
0.168822346594052	-0.819489757665216	0.114	0.117	1	IFI30	c22
0.000106534380672853	0.815057725377032	0.013	0.008	1	CFAP20	c22
0.000437195869387316	0.810478326643969	0.012	0.007	1	FXYD1	c22
0.000810285532155227	0.806057136086406	0.011	0.006	1	UBA1	c22
0.000951539292992973	0.804181502184793	0.01	0.006	1	LOC493754	c22
0.000795923377610453	0.800166172242231	0.011	0.006	1	LPAR2	c22
0.000400058759030281	0.796382479710723	0.012	0.007	1	RBM38	c22
0.00202808359543774	0.794299165210234	0.01	0.006	1	RPS26P11	c22
6.07568272890413e-05	0.793970495647156	0.015	0.009	1	NDUFA10	c22
0.000136462372191363	0.793938896750155	0.014	0.008	1	TXNDC12	c22
7.47085593826519e-05	0.793447766518727	0.015	0.009	1	BOLA3	c22
0.00239890637229746	0.792138902703945	0.01	0.006	1	ZNF524	c22
9.2913361570918e-05	0.790790379433095	0.015	0.009	1	TIFA	c22
0.000105054191369608	0.790141539736578	0.014	0.008	1	LMF2	c22
0.000240736504035568	0.78781341696189	0.013	0.008	1	NMT1	c22
0.000960872786495632	0.784961300630898	0.011	0.006	1	AK2	c22
0.000100023557865159	0.784115393224143	0.015	0.009	1	MRPS18C	c22
9.01402642913618e-05	0.781640942339286	0.015	0.009	1	THYN1	c22
0.000271807739884801	-0.781414302433427	0.011	0.019	1	AOAH	c22
0.00631320468539074	-0.779987176979641	0.008	0.014	1	WARS	c22
0.0013301458298023	-0.779495544655616	0.008	0.014	1	HIST1H1D	c22
0.00031492001511862	0.77738310833613	0.013	0.008	1	CISD2	c22
0.000516722939249035	0.77387522061745	0.012	0.007	1	DCAF7	c22
0.000710918863488636	0.772324474952972	0.012	0.007	1	PMVK	c22
0.000126252229960436	0.770647897145589	0.015	0.009	1	CTDSP1	c22
7.86201455443433e-05	0.770590118854431	0.015	0.009	1	MAZ	c22
0.00078942573621753	0.76918248814109	0.012	0.007	1	YIPF3	c22
6.6008019047231e-05	0.76849110497594	0.016	0.009	1	THAP3	c22
0.000111691414188976	0.768435403540018	0.015	0.009	1	PLK3	c22
8.80021360295263e-05	0.766327812183243	0.017	0.011	1	TOPORS-AS1	c22
0.000309546037214966	0.765546335498302	0.013	0.008	1	MPC1	c22
0.00165941185091018	0.765003788504576	0.011	0.007	1	HAGH	c22
5.79651732310828e-05	0.764656109254577	0.017	0.011	1	ARL6IP6	c22
0.00063945087866287	0.764424369628204	0.012	0.007	1	MBNL2	c22
0.000117538983257162	0.760672931672572	0.015	0.009	1	YDJC	c22
0.000302021910062558	0.753096801975647	0.014	0.008	1	SRSF6	c22
0.00255288228592751	0.752413707720041	0.011	0.007	1	PPP6R2	c22
0.000574918350015027	-0.751091599609311	0.011	0.018	1	PYHIN1	c22
0.00514356524713325	-0.749830151617513	0.007	0.012	1	MARCKS	c22
0.000317809285931517	0.749599357739419	0.014	0.008	1	C15orf61	c22
0.00227059254430992	0.748435424605784	0.01	0.006	1	SAR1A	c22
0.00280176570468437	0.746293792299402	0.01	0.006	1	PAF1	c22
0.000305155320042163	0.745124452779588	0.014	0.009	1	HNRNPAB	c22
0.000207645748791317	0.743806114595839	0.017	0.01	1	MT1F	c22
0.0016226135717953	0.743562790137775	0.011	0.007	1	HTATIP2	c22
0.000908483708028963	0.74111912735106	0.012	0.007	1	GRAP2	c22
0.00127121014521646	0.740097171481388	0.012	0.008	1	UBXN11	c22
0.0015116596616918	0.739157611017773	0.011	0.007	1	REXO2	c22
0.00354530505391788	-0.73825174854858	0.008	0.013	1	TPST2	c22
0.00299473162877693	0.73797167174763	0.01	0.006	1	NDFIP2	c22
0.00107528345859609	-0.737803332182033	0.017	0.026	1	CLIC3	c22
0.000526605695093176	0.736700565222251	0.014	0.009	1	CYC1	c22
0.000382116407054283	0.736558940172448	0.014	0.008	1	NEDD9	c22
0.000238346865557785	0.734247696893967	0.015	0.009	1	NFKB1	c22
0.0033028386614445	0.733237639473955	0.01	0.006	1	BRE	c22
0.000130259532312276	0.731663074470849	0.016	0.01	1	NDNL2	c22
0.000264580582617251	0.728729411300844	0.015	0.009	1	JOSD2	c22
0.000745977511705771	0.728158612068516	0.013	0.008	1	SMARCE1	c22
0.00103653928057525	0.727444190453983	0.012	0.007	1	WDR45B	c22
0.00264461411283318	0.725695351211211	0.011	0.007	1	TMEM205	c22
0.0010848164997575	0.724207269551802	0.012	0.007	1	C1orf228	c22
0.00138179765437549	0.72301790836252	0.013	0.008	1	SF3B4	c22
0.00102349474580329	0.722942024970914	0.012	0.008	1	SURF2	c22
9.11881598849577e-05	0.722801036023181	0.019	0.012	1	NCF1B	c22
0.000335726779814929	0.722045523440815	0.015	0.009	1	APOA1BP	c22
0.00081070842427251	0.720081744747683	0.014	0.009	1	C18orf32	c22
0.0026871744036544	0.719499085247305	0.011	0.007	1	MICAL1	c22
0.000392948260732462	0.719258053580068	0.014	0.009	1	RASSF7	c22
0.0120303115893922	-0.718036692556165	0.006	0.01	1	SDHD	c22
0.0314360210666797	-0.716713189709972	0.047	0.055	1	TIMP1	c22
0.000306439756053042	0.716400459155249	0.015	0.009	1	DECR1	c22
0.0045520440414819	0.714991299887021	0.01	0.006	1	FAM192A	c22
0.000629899052540816	0.711676874595666	0.014	0.009	1	GALM	c22
0.000331428579117799	0.711604481036633	0.012	0.007	1	IL1R2	c22
0.00575907474489385	-0.71149636814075	0.02	0.028	1	C1QA	c22
0.000398242048855628	0.71067991044164	0.015	0.009	1	TRAF1	c22
0.00411815848111186	0.706017020177297	0.01	0.006	1	ARL16	c22
0.000270179501682613	0.705000600285712	0.016	0.01	1	TMEM9B	c22
9.40942731243939e-05	0.703927647052269	0.018	0.011	1	CPNE1	c22
0.000261791014586894	-0.703239098756231	0.023	0.034	1	CD14	c22
0.0039342662732531	0.701505069538374	0.01	0.006	1	DNM2	c22
0.00198037434132641	-0.699746605362942	0.01	0.016	1	GCC2	c22
0.00231687241520057	0.699740023123346	0.012	0.007	1	TBC1D10A	c22
0.00409440770482116	0.699141932169894	0.011	0.007	1	MAPKAPK3	c22
0.000986484306136327	0.698196438052239	0.014	0.009	1	BAG1	c22
0.00109239194672606	0.697730474794271	0.015	0.01	1	B3GAT3	c22
0.00115202539331543	-0.697001508157754	0.013	0.02	1	LINC00936	c22
0.00246155781060073	0.696752044752774	0.012	0.007	1	TIPARP	c22
0.00428401572091669	0.695856856653592	0.011	0.007	1	FAS	c22
0.000790900973481538	0.695588596080374	0.014	0.009	1	RTFDC1	c22
0.000140375848368056	0.694763491659319	0.018	0.011	1	FBXW5	c22
0.00266949315854073	-0.694543732526107	0.009	0.016	1	ICAM2	c22
0.00553460859855184	0.693613475623224	0.01	0.006	1	SCAMP3	c22
0.000404438284607598	0.693256760409165	0.015	0.01	1	CBWD5	c22
0.000106141886227096	-0.69242290150707	0.017	0.027	1	KLRK1	c22
0.00509273284300595	0.691404479569405	0.01	0.007	1	RASGRP1	c22
0.00640547049177349	0.690966923571241	0.012	0.008	1	MAPKAPK5-AS1	c22
0.00233841424210625	0.688946165064006	0.012	0.008	1	DDAH2	c22
0.00668013628181525	0.688867712955942	0.01	0.006	1	SIAH2	c22
0.00031590405750176	0.687027842879714	0.017	0.01	1	NUTF2	c22
0.00388913620523653	0.686258264131863	0.011	0.007	1	MAD2L2	c22
0.000769010665526135	0.686046274558211	0.015	0.009	1	SUMO1P3	c22
0.00109359556767312	-0.685647664509891	0.012	0.02	1	KLRC4	c22
0.001687074940076	0.683644399695747	0.012	0.008	1	UBALD2	c22
0.000552202258745598	0.682753473989902	0.015	0.01	1	CHMP5	c22
0.00104223832179825	0.682207319792226	0.014	0.009	1	SHARPIN	c22
0.000694785084948482	0.682101248745096	0.015	0.009	1	AMZ2	c22
0.000781183748075121	0.680526254002547	0.015	0.009	1	TXNDC17	c22
0.00642288711759469	0.679884315320549	0.01	0.006	1	NCBP2-AS2	c22
0.00613740515537472	0.678587344156821	0.011	0.007	1	NUB1	c22
0.00213693828341363	0.678116825727313	0.012	0.008	1	UBE2D1	c22
0.00119355424838881	0.677987778908492	0.015	0.01	1	DDTL	c22
7.3604456426553e-05	0.677709509943332	0.021	0.013	1	TMEM134	c22
0.000358618973820076	0.677664683614772	0.016	0.01	1	MFNG	c22
0.00087743077852328	0.676596273253399	0.015	0.009	1	PTPLAD2	c22
0.00681004033104875	0.67647234280183	0.01	0.006	1	FAM159A	c22
0.00291635517739267	0.676421855669811	0.012	0.008	1	PPM1M	c22
0.000118514762924671	0.675462935700383	0.019	0.012	1	GRK6	c22
0.0027533773132607	0.67450465267552	0.012	0.008	1	EMC7	c22
0.000648079026413014	0.673068420560001	0.015	0.01	1	VDAC3	c22
0.000235892508846296	0.672416060141519	0.018	0.011	1	MPG	c22
0.00742658550906525	0.670803592715139	0.01	0.006	1	PHF20L1	c22
0.00143033878468846	0.670115966588122	0.014	0.009	1	TMEM248	c22
0.00089126523051235	0.669549173559995	0.015	0.009	1	KXD1	c22
0.000133211230276504	0.66943759190242	0.02	0.013	1	FAM96A	c22
0.00608927910680163	0.668768283126376	0.011	0.007	1	SREK1IP1	c22
0.00169287835694451	0.668768283126375	0.013	0.008	1	MVP	c22
0.00186986159651103	0.668768283126375	0.013	0.009	1	WBSCR22	c22
0.00300946968077959	0.668394963149939	0.012	0.008	1	DNAJC1	c22
0.00280343459422497	0.66746208562575	0.012	0.008	1	POLR2C	c22
0.00133890398477606	0.666987077955978	0.014	0.009	1	DERL1	c22
0.0027677571536985	0.666212578222619	0.012	0.008	1	MAPRE1	c22
0.00182291469122272	-0.664757101228343	0.015	0.023	1	KLRC1	c22
0.00100104685549685	0.663869483713536	0.015	0.01	1	PRDX3	c22
0.000276603214281642	0.663599812687319	0.018	0.011	1	AHR	c22
0.00280796272765465	0.663479337668641	0.012	0.008	1	TRAPPC3	c22
0.000698284056913317	0.663247944948604	0.016	0.01	1	CARHSP1	c22
0.001072827315503	0.662536329414861	0.015	0.009	1	SLC25A39	c22
0.000631423582185128	0.66197355654165	0.015	0.01	1	PHYKPL	c22
0.00600310055917672	0.661039354699306	0.011	0.007	1	SNRNP40	c22
0.00258262674917178	0.660562007521657	0.013	0.008	1	NUDT16L1	c22
9.4414893794969e-05	0.659998073498643	0.022	0.014	1	LAMTOR5	c22
0.00258008317084021	-0.659138664250409	0.011	0.018	1	LTA4H	c22
0.00220270932717386	0.658654984483282	0.014	0.009	1	FGD3	c22
0.00134568545771206	0.658340083409446	0.017	0.011	1	PLA2G16	c22
0.000301625909620816	0.656134810768657	0.018	0.011	1	MTFP1	c22
0.0015634639979241	0.655703372071031	0.014	0.009	1	POP5	c22
0.00905140393516662	0.655048576099707	0.01	0.007	1	CD151	c22
0.00409907641749986	0.654526360550596	0.012	0.008	1	LOC102288414	c22
0.00857473773628314	0.652681902916373	0.011	0.007	1	LINC00623	c22
0.000109328210183523	0.651694769767434	0.021	0.013	1	APH1A	c22
0.00853623082435788	0.651694769767434	0.01	0.007	1	SLC25A38	c22
0.0128479301059014	0.650634354401141	0.01	0.007	1	GPAA1	c22
0.000125413501752195	0.650578564651104	0.02	0.013	1	RBMX	c22
0.000184244517760842	0.650516578570152	0.019	0.012	1	MAP4K1	c22
0.0018991550298454	0.650063684188505	0.014	0.009	1	IGBP1	c22
0.000411670353905021	-0.650007631452493	0.016	0.025	1	ASAH1	c22
0.000141925958818981	0.64943349181093	0.02	0.013	1	TMUB1	c22
0.00162719023712647	0.649339348769304	0.014	0.009	1	COQ10B	c22
0.00200643324949441	0.647620508260177	0.014	0.009	1	EIF3J	c22
0.0097012813640297	0.647235121576734	0.01	0.007	1	WDR74	c22
0.00718677241740551	0.646529368471104	0.011	0.007	1	ANAPC15	c22
0.0102948023478014	0.645972052859171	0.01	0.006	1	POLR2H	c22
0.00189526007380432	0.643710825534738	0.014	0.009	1	FAM129A	c22
0.0164818109336771	-0.643509641727268	0.007	0.011	1	TTC3	c22
0.000193174719958854	0.64313275626401	0.022	0.015	1	PAFAH1B1	c22
0.0095208911228398	0.643016878695436	0.01	0.007	1	GNG10	c22
0.00197394945345366	0.642914855836815	0.014	0.009	1	PIH1D1	c22
0.0102469142825682	0.642789216545542	0.01	0.007	1	CRELD2	c22
0.000200356802093026	0.642592562660182	0.021	0.014	1	MLF2	c22
0.00926834486756097	0.641935803305105	0.01	0.007	1	IDH3B	c22
9.75096137875582e-05	0.641745109359829	0.023	0.015	1	PRMT1	c22
0.000945456334504181	0.640423657432414	0.016	0.01	1	HNRNPL	c22
0.00383926707522946	0.639371491317304	0.013	0.008	1	ALKBH5	c22
0.000779202115639213	-0.63858814291277	0.02	0.029	1	DUSP6	c22
0.000403527125566222	0.63761958455571	0.02	0.013	1	SYAP1	c22
0.000363378603044087	0.637219447251554	0.019	0.012	1	NRBP1	c22
0.00159594071145163	0.635869802605751	0.015	0.01	1	EMC6	c22
4.90640441790073e-05	0.635534979943616	0.025	0.016	1	AP2M1	c22
0.00271120373095376	0.635149920544537	0.014	0.009	1	DEDD2	c22
0.000784847480992061	-0.634779731800575	0.038	0.05	1	HSP90B1	c22
0.00223809167440059	0.632797738352927	0.015	0.01	1	RGS14	c22
0.0094623157845532	0.632725533200844	0.011	0.007	1	NUTM2A-AS1	c22
0.0023797840166114	0.632607015596751	0.014	0.009	1	SMNDC1	c22
0.00125555836070393	0.632406160534883	0.016	0.01	1	SRSF4	c22
0.00630802397676572	0.631119483265241	0.011	0.007	1	TRMT1	c22
6.25582486454465e-05	0.629208270132776	0.024	0.015	1	PPP2CA	c22
0.00389153168378366	-0.628817851389025	0.009	0.015	1	POU2F2	c22
0.000276210399096365	0.628057678921491	0.02	0.013	1	SRSF9	c22
0.000255438556294014	-0.627858373398126	0.017	0.026	1	FAM65B	c22
0.00860407064522908	0.624671596000888	0.011	0.007	1	CHST11	c22
8.76601200046381e-05	0.622390545464634	0.023	0.015	1	DCTN3	c22
0.00496953832804976	0.622205395983527	0.012	0.008	1	U2AF1L4	c22
0.00496953832804976	0.622205395983527	0.012	0.008	1	CFDP1	c22
0.0439711553291363	-0.622121601905639	0.009	0.012	1	LIPA	c22
0.0254367652925338	0.621700029469597	0.011	0.007	1	DDRGK1	c22
0.000266015376952527	0.619003906388364	0.021	0.014	1	POLE4	c22
0.00104175286843376	0.618995984041355	0.017	0.011	1	OSM	c22
0.000243543566995624	0.618465285870295	0.021	0.014	1	POLR2J	c22
0.00296972838979968	0.618455125151635	0.014	0.009	1	AKIRIN1	c22
0.0168599263261082	0.617939996160094	0.011	0.007	1	TAZ	c22
8.54237030471134e-05	0.617859578056113	0.024	0.015	1	IRF9	c22
0.00207632328686622	0.617254124438404	0.015	0.01	1	GDI1	c22
6.42772887555577e-05	-0.616717815792926	0.023	0.035	1	LYAR	c22
0.000104027445285639	0.616447247996293	0.023	0.015	1	ZC3H12A	c22
0.00918280407487045	0.615775195512492	0.011	0.007	1	PEX16	c22
0.00165006198750943	0.615474581854681	0.016	0.01	1	MBOAT7	c22
0.0037420148462554	-0.614767577078575	0.008	0.014	1	MGEA5	c22
0.000320555141800318	0.613132469091165	0.02	0.013	1	PHF1	c22
0.0016723005597707	0.613048841867951	0.017	0.011	1	PLEKHJ1	c22
0.00353832366089678	0.613048841867951	0.014	0.009	1	UQCC2	c22
0.0116639051673813	0.612969400495673	0.011	0.007	1	CDKN2D	c22
0.00211131657995035	0.612770119462012	0.015	0.01	1	RGL4	c22
0.000223289873546956	0.612453138174583	0.021	0.014	1	SURF4	c22
0.000237687476560872	0.611421167428944	0.021	0.014	1	NUCB1	c22
0.0125848905182877	0.610905458740382	0.011	0.007	1	HEXB	c22
0.00301881986476018	0.610638126792872	0.014	0.01	1	DUSP23	c22
0.0027702747550474	0.610624240772391	0.015	0.01	1	MRPL53	c22
0.0119670877835013	0.609874594072807	0.011	0.007	1	ESD	c22
0.00363417410809811	0.608566620238076	0.016	0.011	1	TMX1	c22
5.54606591445746e-05	0.608243047344337	0.027	0.018	1	TCEB1	c22
0.00482638354733845	0.608226741191324	0.013	0.009	1	PCMT1	c22
0.00370714665017157	0.60730065040898	0.013	0.008	1	LOC646513	c22
0.000227865581083681	0.607234712200102	0.021	0.014	1	YPEL3	c22
0.00152402234418111	0.607217696377339	0.017	0.011	1	CRTAP	c22
0.0194332983416258	0.60686165519656	0.011	0.007	1	ADH5	c22
0.013922087031244	0.606707314994123	0.01	0.007	1	SDF2	c22
0.000244467492743736	-0.606617225823957	0.02	0.031	1	LYST	c22
0.000375492147419801	0.605567324206246	0.023	0.015	1	A1BG	c22
0.00886942335977227	0.604264625730223	0.012	0.008	1	IL27RA	c22
0.0161153658604999	-0.603927135466153	0.009	0.013	1	ARRDC3	c22
0.00367407449355702	0.60360048156639	0.015	0.011	1	MMADHC	c22
0.00217268801492173	0.603492546128749	0.015	0.01	1	SUSD3	c22
6.86593929932586e-05	0.602618778070008	0.027	0.018	1	SUPT3H	c22
6.91459192615259e-05	0.601654087267838	0.029	0.02	1	TMEM107	c22
0.0146451372516048	0.601443919732921	0.01	0.007	1	COX19	c22
0.0116684908291747	0.601068696697467	0.011	0.007	1	GPR108	c22
0.0108200356531491	0.600320287359558	0.011	0.008	1	MRPL4	c22
0.000178280189891582	0.600288545243609	0.024	0.016	1	SS18L2	c22
0.00753565504880576	0.599388575473959	0.012	0.008	1	PSMC3	c22
0.0161669727226294	0.599343926580637	0.01	0.007	1	IST1	c22
0.0017249589348135	0.599276235732743	0.017	0.011	1	COX20	c22
0.0217975744140246	-0.59871202773861	0.007	0.011	1	MFSD1	c22
0.00909818090214276	0.598676387467943	0.012	0.008	1	USF2	c22
0.00776386396784935	-0.598283483240913	0.01	0.015	1	VPS13C	c22
0.000335950050862534	0.598282740286735	0.023	0.015	1	PPP2R1A	c22
0.019794934354195	0.595464151148641	0.01	0.007	1	CHMP4B	c22
0.0333163869215798	0.595227818108405	0.011	0.008	1	SPAG7	c22
0.0192442343715339	0.594767701682598	0.01	0.007	1	VPS26A	c22
0.00248808584697706	0.59458577521978	0.016	0.011	1	GOLPH3	c22
0.00277739431350195	0.593620694036743	0.015	0.01	1	PSMD13	c22
0.00243559458917854	0.593480155822138	0.018	0.013	1	HADHA	c22
0.0197988105287019	0.593259880221911	0.01	0.007	1	CFAP97	c22
0.0207863236844995	0.593259880221911	0.01	0.007	1	STAU1	c22
0.0173990306160521	0.593062225621971	0.01	0.007	1	GLO1	c22
0.000797894507620409	0.592316222688502	0.02	0.014	1	LSM14A	c22
0.00464771608455924	0.591328714160918	0.014	0.01	1	SARNP	c22
0.00109847589870076	0.589705009231964	0.018	0.012	1	MPC2	c22
0.000488053377019019	0.58888956894347	0.021	0.014	1	WTAP	c22
6.59911219587568e-05	0.588215712943034	0.027	0.018	1	BTG3	c22
0.000282257754715537	0.587813201466777	0.024	0.016	1	GPS2	c22
0.00349421804079597	0.586136845813265	0.016	0.011	1	SNHG16	c22
0.000550840278766464	0.585983973864786	0.021	0.014	1	LSM4	c22
0.000630270320387018	0.585652492407492	0.021	0.015	1	CHMP4A	c22
0.00164162087040475	0.583483095181406	0.017	0.012	1	TRAPPC2L	c22
0.0149455422856762	0.58298201968342	0.011	0.007	1	RHOT2	c22
0.0159410623213129	0.582316086429373	0.011	0.007	1	DAZAP1	c22
6.52483841497577e-05	0.582040385876081	0.029	0.02	1	TMC6	c22
0.0199731425282774	0.581943661325015	0.01	0.007	1	C1orf52	c22
0.000192514688669192	0.581305441876036	0.024	0.016	1	MAX	c22
0.0269807893031389	0.580024666326246	0.011	0.007	1	UBE2G1	c22
0.00358857409473377	0.579446422437461	0.017	0.011	1	RAB10	c22
0.0217104874770799	0.578755383693967	0.01	0.007	1	C20orf27	c22
0.00858258592124386	0.578445787736795	0.013	0.009	1	PSIP1	c22
0.0205699140963693	-0.578410944490845	0.008	0.012	1	ZBTB38	c22
5.75734773255163e-05	0.578369404147584	0.029	0.02	1	MDH2	c22
0.0142732244280612	0.576707730137607	0.011	0.008	1	MRPS18B	c22
0.00280870073413175	0.573764300663526	0.017	0.011	1	APEX1	c22
5.22753059064389e-05	0.573692257766161	0.029	0.019	1	ARID5A	c22
0.0182643366129591	0.573147659578845	0.011	0.007	1	GTF3C6	c22
0.0244051229202228	0.572399888654144	0.01	0.007	1	ATXN10	c22
0.0141785313738182	0.5719675772967	0.012	0.008	1	C11orf73	c22
0.0220806198288163	0.5719675772967	0.011	0.008	1	DHX36	c22
0.00422232863488715	0.571343356171268	0.015	0.01	1	NUDT22	c22
5.51484898848702e-05	0.570346229886169	0.029	0.02	1	SF3B6	c22
0.000526503998318209	0.570222451837886	0.022	0.015	1	ENY2	c22
0.0191277748866344	0.570210376499291	0.011	0.007	1	MRPL11	c22
0.0131391772213113	0.569232609575462	0.012	0.008	1	GRSF1	c22
0.000415426384679004	0.568761217628484	0.023	0.016	1	SNX17	c22
0.00186439465522446	0.568625542433792	0.018	0.012	1	DHPS	c22
0.000962847732810731	0.568243445984508	0.021	0.015	1	YWHAE	c22
0.0249815150868458	0.568178393203459	0.01	0.007	1	FBXL15	c22
0.00262327124630584	0.567980813366002	0.017	0.012	1	ILF2	c22
0.00823525971859381	0.566877188577331	0.014	0.009	1	PHF11	c22
5.13168552301228e-05	0.56685724380629	0.031	0.021	1	DANCR	c22
0.00125468703818105	0.566632689893829	0.02	0.014	1	HNRNPLL	c22
0.0204368723002595	0.566230121413938	0.011	0.007	1	RAB4A	c22
0.00407740351993387	0.565840425927321	0.016	0.011	1	SCAMP2	c22
0.00705981027973751	-0.565452987651517	0.012	0.018	1	HLA-DMB	c22
0.0058245764953049	0.564141167292763	0.015	0.01	1	UFD1L	c22
0.0131861241667872	0.564014900304442	0.012	0.008	1	PQLC3	c22
0.031726255379245	-0.563217686448189	0.007	0.01	1	INPP4B	c22
0.000122083552929966	0.562466600393206	0.031	0.022	1	LGALS2	c22
0.00428385735916838	0.562466600393206	0.017	0.012	1	DNAJC15	c22
0.00329836669322969	0.560854191776139	0.017	0.011	1	VKORC1	c22
0.000153984587953653	0.560780044544637	0.028	0.019	1	UQCRFS1	c22
0.0244821049108565	0.560014079546082	0.01	0.007	1	PRPF6	c22
0.0085273640926884	0.559833911573212	0.014	0.009	1	GLS	c22
0.00881818190392153	0.559833911573212	0.014	0.009	1	ANAPC5	c22
0.000372792081552347	-0.559821389980201	0.021	0.032	1	DDX17	c22
0.00239556433908837	0.559550056178121	0.018	0.012	1	RTF1	c22
0.00460284468689468	0.558905471413566	0.015	0.011	1	SRA1	c22
0.0279732769694874	0.55844202044654	0.01	0.007	1	FOXN2	c22
0.0118460559856872	0.557591203140065	0.013	0.009	1	DR1	c22
0.00364862273304607	0.556362809324419	0.017	0.011	1	HSPA9	c22
0.00104725737493338	0.555935786962004	0.012	0.008	1	NMB	c22
0.000223664765182525	0.554625913037911	0.027	0.019	1	NHP2	c22
0.0361482944797002	-0.554149805929821	0.007	0.011	1	FCGR2A	c22
0.000100599357301044	-0.553658533542976	0.029	0.042	1	WSB1	c22
0.0119396885615255	-0.552243348465918	0.011	0.016	1	MACF1	c22
0.00157900709358856	0.54986728470853	0.02	0.014	1	NDUFAB1	c22
0.00752241786559723	0.549333052137755	0.014	0.01	1	ITGB2-AS1	c22
0.0323989708092734	0.547731540364539	0.01	0.007	1	TMEM120A	c22
0.000142765153330597	0.547702171430513	0.029	0.02	1	MRPL20	c22
0.00328998120929091	0.547481464665346	0.017	0.012	1	JMJD6	c22
8.96787161037827e-05	0.547476192880688	0.031	0.022	1	ATP5C1	c22
0.0164751967841154	0.546757576819642	0.012	0.009	1	TBL1XR1	c22
0.000289202774727097	0.546453830858175	0.026	0.018	1	OPTN	c22
9.48929938959885e-05	0.546254045797369	0.029	0.02	1	ZNHIT1	c22
0.124797368246859	-0.545700502599146	0.008	0.01	1	CTSL	c22
0.000167566006077753	0.545692058536635	0.028	0.019	1	RAD23A	c22
0.00839102204073879	0.545677881596564	0.014	0.01	1	NAA50	c22
9.18801983808718e-05	0.545573584105763	0.033	0.023	1	LAPTM4A	c22
0.0130957226332055	0.54490328021372	0.013	0.009	1	ADSL	c22
0.000808090351665085	0.54288651343275	0.014	0.009	1	CXCL3	c22
0.00641031678647727	0.54276039821427	0.015	0.011	1	MMP24-AS1	c22
0.0337910926427251	0.542070278592935	0.01	0.007	1	AP2B1	c22
0.000188804999239299	0.539107844324216	0.028	0.019	1	PSMA2	c22
0.00303124601965082	0.538908072718663	0.018	0.013	1	CCDC59	c22
0.000992387360680265	0.538632105280798	0.024	0.017	1	LINC00116	c22
0.028905560002573	0.538504174650306	0.011	0.007	1	FAM200B	c22
0.000569666701103814	0.538052435510018	0.024	0.017	1	RNF166	c22
0.000475795167594088	0.537692377636391	0.025	0.017	1	PCNP	c22
0.00589964390295572	0.537404955740362	0.017	0.012	1	CLNS1A	c22
0.046799160605924	-0.536966794256465	0.007	0.01	1	FPR1	c22
0.00275349945906285	0.536963806103119	0.019	0.013	1	BTF3L4	c22
0.00279366437937523	0.536904877296605	0.02	0.014	1	LSM5	c22
0.00512148156362956	0.536110539400752	0.016	0.011	1	PER1	c22
8.09740612754422e-05	0.535516363978464	0.032	0.023	1	DEF6	c22
0.000375222874447017	0.5352325253973	0.028	0.02	1	SYTL1	c22
0.00551843966585598	-0.534391113054857	0.155	0.165	1	TYROBP	c22
0.00030303155946664	-0.534226631911552	0.023	0.033	1	SF3B1	c22
0.000112394806548711	0.53418566247626	0.032	0.023	1	PSTPIP1	c22
0.0377730762225081	0.533925740839509	0.01	0.007	1	IMP4	c22
0.037776391623634	0.533925740839509	0.01	0.007	1	RALA	c22
0.00115240948639634	0.533467390765741	0.022	0.016	1	SCP2	c22
0.00104554197542805	0.532774277034097	0.024	0.017	1	RER1	c22
0.000324513245094551	0.532306040577104	0.028	0.02	1	RHOF	c22
0.0028540142794224	0.532271775948834	0.02	0.014	1	LOH12CR1	c22
7.79497205637276e-05	0.53185499976143	0.034	0.024	1	G3BP2	c22
0.0118796970015935	0.531757904156798	0.015	0.011	1	C6orf1	c22
8.5136985948272e-05	0.531547552761675	0.034	0.024	1	MRPL52	c22
0.00309813915308247	0.531400536049722	0.018	0.013	1	SSNA1	c22
0.0235673354137651	0.530590693982543	0.012	0.008	1	ARL5A	c22
0.0351909206692936	0.5288380219819	0.012	0.008	1	COMT	c22
0.00119085800038755	0.527826347250733	0.022	0.016	1	HAX1	c22
0.00286500807807876	0.5275396612755	0.019	0.014	1	RABGGTB	c22
0.0099548791194236	0.527107133902785	0.016	0.011	1	HIGD1A	c22
0.0222829324067036	0.527107133902785	0.012	0.008	1	STT3B	c22
0.00561646602583089	0.526612975637673	0.017	0.012	1	TAP2	c22
0.0197050579030899	0.526389608569726	0.012	0.009	1	RBM34	c22
0.000952082414412109	0.526123244379559	0.023	0.016	1	RASSF5	c22
0.000758181025699809	0.526015010428307	0.025	0.018	1	C1orf86	c22
0.00218508660127397	0.52590517791136	0.022	0.015	1	HMOX2	c22
0.0407171500282384	0.525495066499623	0.01	0.007	1	TESC	c22
0.0072833001454481	0.525085505891079	0.016	0.011	1	PITHD1	c22
0.0180670216686438	0.524029124113935	0.013	0.009	1	SSB	c22
0.00224282475862928	0.523793571197462	0.021	0.015	1	PRNP	c22
0.000691103027455535	0.522560211330931	0.026	0.018	1	TMEM256	c22
0.019917562406426	0.522256993194812	0.012	0.009	1	MRPS36	c22
0.00182472928626224	0.521926894797105	0.021	0.015	1	SNRPB2	c22
0.00726382044520962	0.521926894797105	0.016	0.011	1	COPZ1	c22
0.0209677613432299	0.521431888773758	0.012	0.009	1	ARPP19	c22
0.0429178175630068	0.52129813251176	0.01	0.007	1	RUNX1	c22
7.97922167542087e-05	0.521100627156326	0.033	0.023	1	GLIPR2	c22
0.0417728988023444	0.520498786742114	0.01	0.007	1	CUEDC2	c22
0.0368244741434401	0.519989090555612	0.011	0.008	1	CNPPD1	c22
0.00393511426589048	0.519007140467995	0.018	0.013	1	MTCH1	c22
0.00939950013439284	0.518800499270088	0.015	0.011	1	PSMD4	c22
0.00598164093976283	0.518606536505493	0.017	0.012	1	RNASEH2C	c22
0.0130611271195439	0.518512851967593	0.015	0.011	1	SMIM7	c22
0.000968163715825701	0.517923515749884	0.024	0.017	1	PSMC5	c22
0.0112983778356556	0.517534421926096	0.017	0.013	1	EIF4EBP2	c22
0.00616136908962915	0.517064783710206	0.022	0.016	1	MRPL18	c22
0.00246148033431516	0.516451048136069	0.022	0.015	1	SVIP	c22
0.000123162564499717	0.515822970180617	0.033	0.023	1	DOK2	c22
0.000105091641912717	0.515594645973388	0.033	0.023	1	NDUFS8	c22
0.00212111213507432	0.515279661792162	0.021	0.015	1	NFE2L2	c22
0.0162521682275296	0.514493824676514	0.014	0.01	1	NCOA4	c22
0.00603034006800593	-0.513683001451013	0.014	0.021	1	TMEM2	c22
0.000276894236542907	0.513038070122848	0.029	0.02	1	NAA10	c22
0.00418742616025526	0.512872187267415	0.02	0.014	1	CGGBP1	c22
0.000481624534500789	0.512649081209093	0.027	0.019	1	LAMP1	c22
0.000640397783599906	0.512386749170751	0.025	0.017	1	AQP3	c22
0.00114726436055874	0.512330218340983	0.023	0.016	1	LSM2	c22
0.0121154725875452	0.512088702471853	0.015	0.01	1	MRPL55	c22
0.0099507538656618	0.511666146964062	0.015	0.011	1	SRSF8	c22
0.0270413983911698	-0.510937739108522	0.009	0.013	1	MIDN	c22
0.00969311554774393	0.510634888322887	0.017	0.012	1	COPS6	c22
0.0376283286155485	0.509502817895831	0.012	0.009	1	STARD3	c22
0.0362870005178559	-0.50947279892736	0.007	0.01	1	CSF3R	c22
8.68978290546637e-05	0.509262110183879	0.034	0.024	1	GNAS	c22
0.000562687583275894	0.5090849482214	0.025	0.017	1	RBBP6	c22
0.00186241877841619	0.508203176177902	0.022	0.015	1	TSEN54	c22
0.00423295376341388	0.50790262097153	0.019	0.013	1	LAMTOR2	c22
0.012967514144724	0.507776406454071	0.016	0.011	1	INO80E	c22
0.00204333816625241	0.507526648596506	0.022	0.016	1	MAPK1IP1L	c22
6.91858778167742e-05	0.506496854227498	0.035	0.025	1	MRPL33	c22
0.0440055767277218	0.505285692795606	0.01	0.007	1	MRPS12	c22
0.000681832414665576	0.504800736980462	0.028	0.02	1	PSMB8-AS1	c22
0.0233599080474686	-0.5046596573639	0.01	0.014	1	ADD3	c22
0.037639356850808	0.504549239971687	0.016	0.012	1	SRRT	c22
0.00750623220193721	0.503143419117689	0.017	0.012	1	RBM17	c22
0.0296469420675135	0.503090252784249	0.012	0.009	1	LSM10	c22
0.00240412568167863	0.502523267105547	0.022	0.015	1	PIN1	c22
0.0323458796409063	0.502491058699207	0.012	0.008	1	CDC26	c22
0.00195080267358045	0.501989837000927	0.023	0.016	1	SNX6	c22
0.0341830065301656	-0.501493442565543	0.009	0.013	1	ILF3-AS1	c22
0.0194763820650282	-0.500564357379309	0.015	0.021	1	ACP5	c22
0.0177228631603883	0.49985180674498	0.014	0.01	1	CAMTA1	c22
0.00173486426341166	0.499388620961352	0.023	0.016	1	ARL4A	c22
0.000487692685416932	0.497987463749497	0.029	0.021	1	PSMA1	c22
0.00554824724621634	0.497776654653843	0.023	0.017	1	CEBPD	c22
0.0521661215968088	0.496234247721061	0.01	0.007	1	HSH2D	c22
0.00308773209034857	0.495674480814497	0.021	0.015	1	BIRC2	c22
0.0408520485168291	0.494850413252885	0.011	0.008	1	DPY30	c22
0.0274712800424553	0.494749726157831	0.013	0.009	1	BAG3	c22
0.0442158357884658	-0.494093325793369	0.007	0.01	1	NUCB2	c22
0.00207502728667391	0.493881299007987	0.023	0.017	1	FERMT3	c22
0.0381728469025076	0.493881299007987	0.011	0.008	1	CWC15	c22
0.0006854119176798	0.493837939546053	0.027	0.02	1	VPS29	c22
0.00548944587106775	0.4936658486861	0.02	0.015	1	RANBP2	c22
0.0501699525327968	0.493229675220536	0.01	0.007	1	LOC100130476	c22
0.00276061934996455	0.492619754166678	0.022	0.016	1	PDCD6	c22
7.81327080025984e-05	0.492567536291357	0.038	0.027	1	ZNF706	c22
0.0528455001619435	0.492539852580976	0.014	0.011	1	SESN1	c22
0.0532107903293942	-0.492463596048641	0.02	0.025	1	HSPA6	c22
0.0238434245017158	0.491989610643	0.013	0.01	1	EMC4	c22
0.00142451098955463	0.491613640057077	0.026	0.019	1	RAB1B	c22
0.000338152604489358	0.491230097574189	0.031	0.022	1	CFLAR	c22
0.0223078348377982	0.491230097574189	0.014	0.01	1	MRPL34	c22
0.0428700313988068	0.491230097574189	0.011	0.008	1	CALCOCO2	c22
0.0198992703389638	0.489770618399755	0.014	0.01	1	PDLIM2	c22
0.0297176796913638	0.489615441512093	0.012	0.009	1	PCIF1	c22
0.000108870457168882	-0.489535348941543	0.039	0.054	1	LINC00861	c22
0.00171507622644982	0.48952478408853	0.024	0.017	1	GPI	c22
0.00361452428462805	0.488859193111441	0.021	0.015	1	SSR1	c22
0.00623197830827787	0.488520810316202	0.019	0.013	1	SEMA4D	c22
0.000366932354092247	0.488481582662311	0.036	0.027	1	SRI	c22
0.0184593657543115	0.488420563987363	0.014	0.01	1	MIER1	c22
0.0615927062984445	0.488155080337087	0.01	0.007	1	PSMC4	c22
0.041222879696594	0.487702724078862	0.011	0.008	1	UQCRC2	c22
0.0111083148140568	0.487560672007491	0.017	0.012	1	LGALS9	c22
0.0275125530580113	0.48736124290678	0.013	0.009	1	CNOT7	c22
0.00689914091714561	0.487327152088018	0.018	0.013	1	TMEM160	c22
0.0569457728744142	0.486243244904429	0.01	0.007	1	SRPK2	c22
0.00160628208075601	0.486176869847903	0.026	0.019	1	SPRY1	c22
0.0969687146128292	-0.484643561698854	0.082	0.089	1	HLA-DRB4	c22
0.00386954749992896	0.484479757539606	0.026	0.019	1	BCAS2	c22
0.00665973058136018	0.484295332684744	0.019	0.014	1	MRFAP1	c22
0.0144539361274492	-0.484154603171564	0.013	0.018	1	IKZF3	c22
0.063394228985495	0.484065226312784	0.01	0.007	1	BCL7B	c22
0.03810057245547	0.483656877869387	0.012	0.009	1	DAP3	c22
0.0160636099062109	0.483538861178177	0.017	0.012	1	NUDC	c22
0.064536061806967	0.483305600769797	0.011	0.008	1	ZNF394	c22
0.00100351348588091	0.482858184099785	0.028	0.02	1	SIVA1	c22
0.048363306995835	-0.482590606226306	0.008	0.011	1	NCF2	c22
0.02450305017103	0.482495287596579	0.014	0.01	1	PSMG2	c22
0.00324316551693026	0.482110629529516	0.022	0.016	1	MED10	c22
0.0633992576128177	0.482024638927479	0.01	0.007	1	LIX1L	c22
0.0487173909514821	0.481769768325122	0.011	0.008	1	USP36	c22
0.00166400525181036	0.481293615628998	0.026	0.019	1	ARHGAP4	c22
0.0261301479170869	-0.480702352084458	0.007	0.011	1	ZNF292	c22
0.0187231898516748	0.479825334301939	0.016	0.012	1	CCR6	c22
0.034091271041912	0.479814053508434	0.014	0.01	1	SRP19	c22
0.0234301670289737	0.479368201020884	0.014	0.01	1	VPS37B	c22
0.0805501234796625	-0.479365263857023	0.008	0.011	1	PLD3	c22
0.011016348307368	0.478238077354868	0.017	0.012	1	CYLD	c22
0.000412123819543443	0.478018230827416	0.033	0.024	1	EIF1B	c22
0.062231824268701	0.477952102586172	0.01	0.007	1	ARL2BP	c22
0.0117446054648943	0.477650301815718	0.017	0.012	1	SEPT2	c22
0.0671100156764742	0.476935762254679	0.01	0.007	1	TAF11	c22
0.000291276485823611	-0.476296007302166	0.028	0.04	1	FYN	c22
0.0086505042197865	0.476123205183979	0.02	0.015	1	SF3A2	c22
6.51180527276254e-05	0.474162274096676	0.042	0.031	1	SP100	c22
0.000677471106041572	0.473357528508921	0.03	0.022	1	CEBPB	c22
0.000170191853575844	0.472103433731641	0.037	0.027	1	POLR1D	c22
0.000463676196619603	0.471621812949039	0.033	0.024	1	RNPS1	c22
0.039826208754156	0.471556678519768	0.012	0.009	1	NASP	c22
0.0478147828096815	-0.471075379078076	0.063	0.071	1	IFNG	c22
0.0396923379709206	-0.469634725943992	0.016	0.021	1	XIST	c22
0.000539736310616173	0.469415736327546	0.031	0.022	1	NME3	c22
0.0479205957724325	0.469324194764008	0.011	0.008	1	CD28	c22
0.0492476915539524	0.469324194764008	0.011	0.008	1	BTN3A1	c22
0.0113018498147341	0.468968486102032	0.018	0.013	1	FAM195B	c22
0.0269110041098352	-0.468868521148472	0.011	0.015	1	BTN3A2	c22
0.0635796585385591	0.468628668637055	0.012	0.009	1	S1PR4	c22
0.00502035995417043	0.467982816595046	0.022	0.016	1	NAPA	c22
0.0306304215260091	0.467603038645531	0.014	0.01	1	SHKBP1	c22
0.00354167730873362	0.467352995556247	0.022	0.016	1	FOSL2	c22
0.0800094235454371	0.467352995556247	0.011	0.008	1	TMEM259	c22
0.000151221924751873	-0.467122205067321	0.033	0.046	1	GIMAP7	c22
0.0629952465861063	0.467096128282197	0.01	0.008	1	TMBIM1	c22
0.0527265729669675	0.467027749248563	0.011	0.008	1	ERICH1	c22
0.00152000470800034	0.466952983360284	0.028	0.021	1	TUFM	c22
0.000212007218798193	0.466788958344697	0.036	0.026	1	UBE2B	c22
0.0256261933182882	0.466704546773754	0.017	0.013	1	ZMYM6NB	c22
0.000938426557467097	0.466679958245017	0.031	0.022	1	CTSA	c22
0.000175769400676542	0.466051534578191	0.038	0.028	1	ANAPC11	c22
0.00652030670952632	0.465975480810026	0.02	0.015	1	C1QBP	c22
0.000105503780725518	0.465595099297495	0.042	0.031	1	CACYBP	c22
0.0323907116679305	0.465546998794349	0.016	0.012	1	VOPP1	c22
0.0198547131753717	0.465484684737632	0.015	0.011	1	DNAJC4	c22
0.0274051364829099	0.465182739353338	0.014	0.01	1	SKIL	c22
0.0155563223660307	0.46397777532189	0.018	0.014	1	TMEM50B	c22
0.00301981462257894	0.463946015037441	0.027	0.02	1	RAB11B	c22
0.0458350662864222	0.463653853221763	0.012	0.009	1	TSTA3	c22
0.0181621996524861	0.463172133476407	0.018	0.013	1	KIF5B	c22
0.0141304553135315	0.463164306206245	0.019	0.014	1	EIF2S2	c22
0.0119850267475476	0.461999386250433	0.019	0.014	1	IRF3	c22
0.000186464481510467	0.461819667154481	0.037	0.027	1	DYNLRB1	c22
0.00116340217531811	-0.461715978718041	0.026	0.036	1	EVI2B	c22
0.00106820968916428	0.461304490472434	0.03	0.022	1	NDUFS7	c22
0.0120408771652582	0.4602686991142	0.02	0.015	1	ZNF428	c22
0.0340741047993161	0.460259889381503	0.015	0.011	1	RAB8B	c22
0.00126771177860756	-0.460191150764439	0.024	0.034	1	PNISR	c22
0.0501382370215744	0.459652547978932	0.011	0.008	1	SPINT2	c22
0.0617992972267908	0.459179064110547	0.011	0.008	1	PYCR2	c22
0.0175427003974538	0.45898729286995	0.019	0.015	1	CD9	c22
0.001237785269236	0.4581338326661	0.03	0.022	1	ATP5A1	c22
0.0128584967287634	0.457459360918944	0.021	0.016	1	SUMO3	c22
0.0623605526633246	0.457368906983626	0.011	0.008	1	ELOVL1	c22
0.0544235076413285	0.457200635681518	0.011	0.008	1	APOL6	c22
0.000325319399733984	0.456999227228465	0.037	0.027	1	COX14	c22
0.0422895625542021	0.456118529524006	0.012	0.009	1	PNKD	c22
0.0614235574548851	0.455518000854785	0.011	0.008	1	SERINC3	c22
0.0457643507295491	0.455330386898074	0.012	0.009	1	TIMM13	c22
0.000382534329676678	0.45490289274566	0.035	0.025	1	PRDX6	c22
4.98894731940826e-05	0.454534385177092	0.05	0.037	1	SF3B5	c22
0.020079097454574	0.454299497400854	0.018	0.013	1	MOB1A	c22
0.0407344097313027	0.453755392155525	0.013	0.01	1	SBDSP1	c22
0.0975921548680792	0.453755392155525	0.011	0.008	1	ISCA1	c22
0.00921592430834811	0.453298770837933	0.021	0.016	1	PTPN7	c22
0.0105585026818741	0.453248738931393	0.02	0.014	1	EIF3I	c22
0.000793187256128304	0.453128542247384	0.032	0.023	1	PRKAR1A	c22
0.0256798971855076	0.453106552459007	0.015	0.011	1	PSMA4	c22
0.012991826824797	-0.452945487489687	0.014	0.019	1	SLC38A1	c22
0.0231056304660008	0.452501964586769	0.016	0.012	1	ETFB	c22
0.0596577041735099	-0.452409684181536	0.009	0.012	1	LY9	c22
0.000508776229365219	0.452344167313575	0.035	0.026	1	MYEOV2	c22
0.00095053940774161	0.451622804862712	0.028	0.02	1	NEU1	c22
0.00237881360720723	0.451537566905706	0.027	0.02	1	SEP15	c22
0.0184072797026143	0.45140859205953	0.017	0.012	1	THEMIS	c22
0.0469911539104306	0.451396119281603	0.012	0.009	1	FLOT2	c22
0.0632693772484197	-0.45132556236393	0.008	0.011	1	PIAS1	c22
0.0352362427226055	0.450396380065611	0.014	0.011	1	ALG13	c22
0.0967661381009971	-0.449765198402323	0.066	0.073	1	LOC100996809	c22
0.0376362088804065	0.448784250005255	0.014	0.01	1	FBXO7	c22
0.0016510303785009	0.448572826938374	0.03	0.023	1	BCAP31	c22
0.0388657418915622	0.448572826938374	0.015	0.011	1	ATP6V0E2	c22
0.0435822448875754	0.448370760318874	0.013	0.009	1	RNF126	c22
0.0329751768456464	0.446921201067216	0.014	0.011	1	GTF2A2	c22
0.00315040912567018	0.446835978215734	0.026	0.019	1	RPS19BP1	c22
0.0190620809092061	0.446726413374908	0.017	0.012	1	CNIH1	c22
0.000135741677637774	-0.446186904330512	0.054	0.07	1	FCN1	c22
0.0305567946461457	0.445809766024026	0.017	0.013	1	HLA-J	c22
0.0414895096218914	0.445474834359231	0.013	0.01	1	HMGA1	c22
0.00332900927517031	0.445057095934617	0.028	0.021	1	RORA	c22
0.00891709047601798	0.44477250035303	0.021	0.015	1	UBE2L3	c22
0.00427062864499627	0.444536862126147	0.025	0.018	1	CLTA	c22
0.0273541960598698	0.443586574437234	0.015	0.012	1	CNPY2	c22
0.00861624465980582	0.442484279820505	0.023	0.017	1	TRAT1	c22
0.0525195328761631	0.441742874453546	0.012	0.009	1	CCS	c22
0.002716535428439	0.441477062377088	0.029	0.022	1	LOC642441	c22
0.000564709439259579	-0.440333367114539	0.032	0.044	1	EIF4B	c22
0.090435451877305	0.440190664573722	0.01	0.008	1	SEC13	c22
0.0430607387276784	0.440039399038498	0.014	0.01	1	CCT7	c22
0.000689695415043802	0.439841408082366	0.034	0.025	1	DGUOK	c22
0.00186208873001313	0.43962248798316	0.029	0.022	1	H1FX	c22
0.0912103141917684	0.439226618402942	0.01	0.008	1	RAB6A	c22
0.0711985821823134	0.438859532101953	0.011	0.008	1	PPIH	c22
0.0234705197995611	-0.43868498402182	0.014	0.019	1	SIRPG	c22
0.00763898748378878	0.438498132884062	0.022	0.016	1	NDUFA7	c22
0.00179799176569287	0.438263216002607	0.03	0.023	1	PTP4A1	c22
0.00535478742404131	0.437885586683918	0.027	0.02	1	KTN1	c22
0.0159227979854689	0.436989113007591	0.018	0.014	1	TRAPPC6A	c22
0.0257036882331914	0.436874522106163	0.016	0.012	1	TMEM167A	c22
0.0960880467019698	0.436858322879344	0.01	0.007	1	PFDN1	c22
0.0829759724892758	0.436290250044899	0.011	0.008	1	SPG21	c22
0.0730295968270521	0.435376862840671	0.011	0.008	1	PSMB4	c22
0.0468064177189565	0.435004217858387	0.013	0.01	1	BCL2	c22
0.120436295565502	0.434464053546765	0.01	0.008	1	IFNAR2	c22
0.00440614022189557	0.433750476325596	0.027	0.02	1	NCF1	c22
0.0345740032559127	-0.433436577200523	0.012	0.016	1	SAMD3	c22
0.0233366614907404	0.433349181493688	0.017	0.013	1	ADSS	c22
0.00604630416438156	0.433303130931388	0.024	0.018	1	MIEN1	c22
0.0104605390365534	0.433297884758065	0.021	0.016	1	SNRPA	c22
0.00199578257072976	0.433200473042194	0.029	0.022	1	NDUFC1	c22
0.0611438995737699	0.432996831988728	0.012	0.009	1	PDCD10	c22
0.0342316331985981	0.432770367026189	0.015	0.011	1	TEX264	c22
7.65136016719853e-05	0.43253890624583	0.048	0.036	1	COX7B	c22
0.00150870942298173	0.431976101499598	0.031	0.023	1	CSTA	c22
0.0837054341975875	0.431729085825526	0.011	0.008	1	MRFAP1L1	c22
0.000559097071203142	0.431267349530694	0.038	0.028	1	FIS1	c22
0.0748140830652382	-0.431131661362186	0.014	0.017	1	CD163	c22
0.0128768410625953	0.430449620889767	0.02	0.015	1	CHST12	c22
0.00811685774937718	0.429886731240349	0.022	0.017	1	UFM1	c22
0.00900690566208977	0.429886731240349	0.022	0.017	1	METTL9	c22
0.0193897283108334	0.429302348430986	0.018	0.014	1	EPS15	c22
0.0348634628598135	0.429112931370268	0.017	0.013	1	RPA3	c22
0.0512829895932463	0.428817490405622	0.013	0.01	1	PSMA3	c22
0.104687726734293	0.428175022692133	0.011	0.009	1	SNX9	c22
0.0374677090344778	0.42814819233672	0.017	0.013	1	KCNA3	c22
0.00994357055905322	-0.427041345732627	0.019	0.025	1	BIN2	c22
0.000374722607916419	0.426808492942428	0.036	0.026	1	MIR4435-1HG	c22
0.00500786780014315	0.425911759230211	0.027	0.02	1	RASAL3	c22
0.000207117534162739	-0.425233946761781	0.105	0.124	1	KLRB1	c22
0.000100941738864846	0.42425396526338	0.047	0.035	1	CCDC85B	c22
0.00816623283250995	0.424168196959549	0.026	0.02	1	PRMT2	c22
5.11537527227745e-05	0.423938004254251	0.051	0.038	1	DDIT3	c22
0.054881285228781	-0.423709978220535	0.009	0.012	1	LOC100509457	c22
0.0214527287182996	0.423579631522723	0.02	0.015	1	ERGIC3	c22
0.0371525344311519	0.422935634475627	0.015	0.011	1	TOP1	c22
0.101745912650093	0.422935634475627	0.01	0.008	1	NUDT16	c22
0.000457550490172744	0.422868054290169	0.038	0.028	1	LINC-PINT	c22
0.0495363067391288	0.422789041472311	0.014	0.01	1	DIAPH1	c22
0.0893769503582196	-0.422154260119831	0.007	0.01	1	NIPBL	c22
0.000771138831388728	0.422132696912394	0.037	0.028	1	CD6	c22
0.00502905294417365	0.422071404122094	0.026	0.02	1	LINC00493	c22
0.0300391443170069	0.422011054430401	0.018	0.014	1	ACTN4	c22
0.0786361969119888	0.421429504659697	0.011	0.009	1	NECAP2	c22
0.0834592301270586	0.418948033356711	0.011	0.008	1	CHORDC1	c22
0.0812327831336579	0.418908044581408	0.011	0.009	1	ZRSR2	c22
0.080332583026973	0.418049462183109	0.012	0.009	1	ZFAND6	c22
0.0384639639996503	0.417885435687465	0.014	0.011	1	TUBB2A	c22
0.110059974305546	0.417229516130411	0.011	0.008	1	ARL4D	c22
0.0524022888012147	0.41722951613041	0.014	0.011	1	SH3BP1	c22
0.00283730752024446	0.416579799820899	0.03	0.022	1	SRSF10	c22
0.0635435352941615	0.416478308073402	0.013	0.01	1	SAP30BP	c22
0.0971232660478731	0.416328113388879	0.011	0.008	1	GNB1	c22
0.102293035409179	0.416305007902112	0.01	0.008	1	HELZ	c22
0.0333883470070111	0.416027770920658	0.016	0.012	1	SNRPA1	c22
0.0512365755255685	0.416027770920658	0.016	0.012	1	PPP6C	c22
0.00963401990631034	0.415312313136121	0.025	0.019	1	C17orf62	c22
0.10050652968619	-0.415097934158656	0.007	0.01	1	SETX	c22
0.00317204381705354	0.414923048747242	0.033	0.025	1	ATP5F1	c22
0.00133454717856998	-0.414615561891953	0.034	0.045	1	RSRP1	c22
0.000682906298074126	0.41455132019636	0.039	0.03	1	SLA	c22
0.111288389131915	0.414384897974067	0.01	0.008	1	HDDC2	c22
0.0648701195007676	0.414288240818289	0.013	0.01	1	XRN2	c22
0.037489704019577	0.414184783995974	0.018	0.014	1	CXCL16	c22
0.0140993289119597	0.413852155928091	0.017	0.012	1	RN7SL1	c22
0.0893343261381727	0.413715031954174	0.011	0.008	1	MFF	c22
0.0326448368405398	0.413521467352849	0.018	0.014	1	LSM6	c22
0.000331489835138847	0.413206328361677	0.049	0.038	1	RPS27L	c22
0.0156306459646756	0.41296468945161	0.02	0.015	1	KDELR1	c22
0.103147690512311	0.412612888060041	0.01	0.008	1	NR1H2	c22
0.0216023520532591	-0.412040182355634	0.018	0.024	1	PLEK	c22
0.000863097536467814	0.411935216460898	0.037	0.028	1	EMD	c22
0.000689941526466067	-0.411518866204246	0.041	0.054	1	RPS20	c22
0.00126919888414095	0.4114149806983	0.035	0.026	1	TRIM22	c22
0.121095836566325	0.410422044594305	0.01	0.008	1	CDK17	c22
0.071629788547301	-0.410220013020453	0.014	0.018	1	KLF4	c22
0.129781255847018	-0.409954379689115	0.008	0.011	1	TGFBI	c22
0.110808815212491	0.409849985764813	0.01	0.008	1	VPS51	c22
5.2586771169969e-05	0.409583318781764	0.055	0.042	1	MRPS21	c22
0.0245307803049573	0.408363489341511	0.019	0.015	1	PLEC	c22
0.107366107227019	0.408010986101032	0.01	0.008	1	CDV3	c22
0.0118181325485195	0.407269402747295	0.022	0.017	1	AP1S2	c22
0.0276582895290927	0.406660274420224	0.018	0.014	1	UBAC2	c22
7.19630607280161e-05	0.406336291701393	0.059	0.045	1	C19orf53	c22
0.00155647366831605	-0.405978992653668	0.071	0.085	1	EGR1	c22
0.0560996733691204	0.405706872921161	0.014	0.011	1	AKR1A1	c22
0.0979776165475109	0.405554982749493	0.011	0.008	1	SDR39U1	c22
0.000555734104219258	0.405256874464335	0.043	0.032	1	PSMB1	c22
0.0406791685426555	0.402398164729325	0.02	0.015	1	CYFIP2	c22
0.106362775581962	0.401481324140106	0.011	0.008	1	DCTN2	c22
6.66718966943004e-05	0.401026448642276	0.053	0.04	1	CDC37	c22
0.0701925169592523	0.400398492904134	0.013	0.01	1	TBCD	c22
0.00070181204689065	-0.398733562784826	0.04	0.052	1	GIMAP4	c22
0.0736464850059886	-0.398628544732456	0.007	0.01	1	SYNRG	c22
0.0689999187376266	0.398260279563821	0.014	0.01	1	SNRPC	c22
0.000452842370397444	0.39797239744933	0.043	0.033	1	OCIAD2	c22
0.0505116477949656	0.397082943018635	0.04	0.034	1	BIRC3	c22
0.274852627754739	-0.396903938558255	0.047	0.051	1	CTSB	c22
0.00554777960064539	0.39681289016604	0.029	0.022	1	SBDS	c22
0.0207834547175045	0.396765413570695	0.025	0.02	1	ALKBH7	c22
0.000122961241955816	0.396543492731952	0.055	0.042	1	HNRNPC	c22
0.165401158749147	-0.395091658820543	0.008	0.01	1	CTSZ	c22
0.0267624520354749	0.394679287443161	0.02	0.015	1	NDUFB3	c22
0.0792315469837775	0.394589949412479	0.013	0.01	1	NDUFA5	c22
0.106739596193056	0.393932896219273	0.011	0.009	1	OS9	c22
0.0350376537896558	-0.393620967031015	0.014	0.019	1	TAX1BP1	c22
0.00788169362746909	-0.393452464284709	0.024	0.032	1	FGL2	c22
0.00461156628497503	0.392971515609721	0.031	0.023	1	RNF19A	c22
0.0984209375915572	0.392845357503452	0.012	0.009	1	NCK1	c22
0.00482592396908434	0.39211954746625	0.034	0.027	1	SAMHD1	c22
0.00236246900474363	0.391905359770544	0.038	0.03	1	SRP9	c22
0.135292640735355	0.391827643012323	0.01	0.008	1	DOCK2	c22
0.129370355380307	0.391564632737063	0.01	0.008	1	FIP1L1	c22
0.0184526517713171	0.391361430359732	0.02	0.015	1	GATA3	c22
0.0839881474148066	0.391167219544215	0.013	0.01	1	UQCRC1	c22
0.0101778317260285	-0.391106497458296	0.023	0.03	1	ACTR2	c22
0.0538295596382621	0.391061801763239	0.015	0.011	1	RNF113A	c22
0.00604721333981089	0.390353810139016	0.031	0.024	1	PAK2	c22
0.000616737774489921	0.389920874611693	0.046	0.036	1	COPE	c22
0.0172336981787522	0.389586761061283	0.023	0.017	1	ANP32A	c22
0.14154314075802	0.38923388612004	0.01	0.008	1	AHSA1	c22
0.0319720572100034	0.389197580488307	0.021	0.016	1	GCHFR	c22
0.125617332951438	0.38866036393364	0.011	0.008	1	OSER1	c22
0.177008536097699	0.38866036393364	0.01	0.008	1	EIF4E2	c22
0.0139411995216679	0.388553215874555	0.018	0.013	1	ATP1B3	c22
0.00287815377466618	0.388432251822976	0.033	0.026	1	TMED10	c22
0.0153249451769229	0.388342554693256	0.024	0.018	1	RAB7A	c22
9.70201721892541e-05	0.388022150397392	0.345	0.327	1	IFITM1	c22
0.0793884408889032	0.387953333759778	0.013	0.01	1	TXN2	c22
0.010668833247691	0.387874796236098	0.024	0.018	1	GLRX	c22
0.0140670342411758	0.387854913996898	0.021	0.016	1	VIMP	c22
0.0950326571177478	-0.387546861825417	0.008	0.011	1	STAB1	c22
0.120728219579325	0.387482172736359	0.012	0.01	1	ACAA1	c22
0.0608499125833807	0.38711418522234	0.017	0.013	1	PPP3CC	c22
0.119279733085842	0.38676423540336	0.011	0.008	1	ATP2A3	c22
0.00457682797952018	0.385895696768412	0.031	0.024	1	SIT1	c22
0.00131537090248844	0.385545006713903	0.043	0.033	1	SHFM1	c22
0.135343465022142	0.38521912122779	0.01	0.008	1	LOC100507217	c22
0.070848673452065	0.385200661937773	0.013	0.01	1	STARD3NL	c22
0.00866144969169085	0.385059510469504	0.027	0.021	1	EIF1AX	c22
0.0164053939075654	0.384844889356716	0.023	0.018	1	HP1BP3	c22
0.0881327602533757	-0.384224804487509	0.009	0.012	1	RAB31	c22
0.111680705471146	0.384062652195212	0.011	0.009	1	GCA	c22
0.0152630137567003	0.383953361256113	0.024	0.019	1	C9orf78	c22
0.141564522559304	0.383458779475166	0.01	0.008	1	MZT1	c22
0.0190215417146824	0.383282184207074	0.022	0.017	1	METTL12	c22
0.0835359854111755	0.383042553770364	0.013	0.01	1	MAP2K3	c22
0.00361855551146781	0.382949273294702	0.035	0.027	1	PGLS	c22
0.00591744382242007	0.382437051072143	0.033	0.026	1	UPP1	c22
0.0136903747525779	0.380832457913399	0.024	0.019	1	NT5C	c22
0.0140027954960964	0.380560806083014	0.027	0.021	1	C14orf166	c22
0.0647301655655509	0.380371478830087	0.015	0.012	1	GGNBP2	c22
0.0429955561206011	0.38016026143904	0.019	0.015	1	IMP3	c22
0.118478112394741	0.379930974707436	0.011	0.009	1	MRPS15	c22
0.131403075755448	0.379847294127331	0.011	0.008	1	BABAM1	c22
0.0489167298902998	0.379408050695444	0.017	0.013	1	TOMM22	c22
0.0242450343736766	0.379361330539968	0.025	0.019	1	HMHA1	c22
0.140693275677675	0.379261665931391	0.012	0.009	1	DUSP16	c22
0.00267758999713497	0.378091122223453	0.037	0.029	1	GPBP1	c22
0.0931295118225144	0.378019487126197	0.013	0.01	1	YTHDC1	c22
0.119384156719159	0.377422666267609	0.011	0.009	1	CISD3	c22
0.088568364768136	0.376687722267564	0.013	0.01	1	RNPEPL1	c22
0.112467158977556	0.375363541320183	0.012	0.009	1	IRF2	c22
0.0312711223033683	0.375052145886016	0.02	0.016	1	MAF1	c22
0.00162650043888228	0.374490541636975	0.04	0.031	1	RALY	c22
0.0443484945539935	-0.37430043876551	0.015	0.019	1	ABI3	c22
0.0110918560302674	0.374151406612633	0.03	0.023	1	C5orf56	c22
0.00805991702394725	0.374064360627254	0.032	0.025	1	SPSB3	c22
0.0730165315025998	0.373460075301262	0.015	0.012	1	CAPN2	c22
0.00601939965885788	0.373108660347145	0.034	0.027	1	ARF4	c22
0.0874523879454332	0.373048671225874	0.011	0.008	1	CD70	c22
0.136173944117931	0.372195762515908	0.011	0.009	1	ODF2L	c22
0.0652188503985349	0.371502242473283	0.016	0.012	1	NDUFV1	c22
0.112303298287286	-0.371325698798453	0.008	0.011	1	PRKCB	c22
0.0173498382241606	0.371315570409764	0.025	0.019	1	RGS19	c22
0.00667369154152454	0.370017632124478	0.033	0.026	1	ATP5H	c22
0.0018864628210561	0.369553319071471	0.042	0.033	1	NDUFB4	c22
0.00023792080852141	0.369000712805054	0.05	0.039	1	CORO1B	c22
0.119274653099199	0.368866494569012	0.012	0.009	1	STX11	c22
0.118389651137713	0.368805519735805	0.014	0.011	1	CHCHD5	c22
0.139151350159187	0.368789161072658	0.011	0.009	1	STAG2	c22
0.016189206685467	0.368240822694707	0.02	0.015	1	PTTG1	c22
0.0387285314190429	0.368134966602241	0.021	0.016	1	HERPUD2	c22
0.0165695978513308	0.367821197722556	0.025	0.02	1	SSBP1	c22
0.082957085927259	0.366695572122123	0.014	0.011	1	WDR33	c22
0.0134054206448148	-0.366522094053816	0.028	0.035	1	NOSIP	c22
0.0750346394992221	0.366254375785357	0.015	0.012	1	ORMDL1	c22
0.109138683501815	0.365968500613069	0.012	0.01	1	ZSCAN16-AS1	c22
0.0402768094825125	0.364588036389182	0.02	0.016	1	TBRG1	c22
0.125073963211854	0.364504495121246	0.012	0.009	1	TIMM8B	c22
0.103613199469941	0.363054375979372	0.013	0.01	1	PLEKHF1	c22
0.0130729520220479	0.36300234454686	0.029	0.023	1	AIP	c22
0.17583802542275	0.36295985360229	0.012	0.009	1	SPTAN1	c22
0.00582484559142629	0.362484911812596	0.031	0.024	1	SLC3A2	c22
0.000227021584022319	0.362171525627867	0.062	0.049	1	C14orf2	c22
0.000530692645365951	0.361589057815483	0.055	0.043	1	C11orf31	c22
0.0208669742599598	0.361581486580496	0.024	0.019	1	AMD1	c22
0.22836190778126	0.361416864106664	0.011	0.009	1	MAPK1	c22
0.0822962611248018	-0.361232091863045	0.478	0.45	1	FTL	c22
0.110978088988595	0.360929118967168	0.013	0.01	1	CCT3	c22
0.00150970214653106	0.360862755105882	0.043	0.033	1	FKBP5	c22
0.0462366563036079	0.360450619757667	0.019	0.015	1	FBL	c22
0.00610276205552346	0.360307684317567	0.033	0.026	1	CSK	c22
0.00147341201366523	-0.359963435416941	0.045	0.058	1	CTSC	c22
0.0649222200870922	-0.359737379463478	0.016	0.021	1	CFP	c22
0.0430663019762679	0.359428009607372	0.02	0.016	1	XRCC5	c22
0.154228954482312	0.35810030425518	0.013	0.01	1	MRPL10	c22
0.000175321702047474	-0.357954027055047	0.053	0.069	1	LITAF	c22
0.0473065807631735	0.357540076896221	0.023	0.018	1	RNF181	c22
0.0708311483811215	-0.355359987766516	0.013	0.017	1	UBE2J1	c22
0.024073416046206	-0.355274161594333	0.018	0.024	1	NAPSB	c22
0.135856210698975	0.355261355927393	0.012	0.01	1	CCSER2	c22
0.00263289600016575	0.355107804222613	0.04	0.032	1	TMBIM4	c22
0.145667732328874	0.354589687843948	0.011	0.008	1	ATHL1	c22
0.128705961240016	0.354167248380718	0.012	0.01	1	PPP1R7	c22
0.00493629946972681	0.353442923063261	0.039	0.031	1	AKAP13	c22
0.070238249192612	0.353047764978188	0.016	0.013	1	ACADVL	c22
0.0214196472500328	0.352797643535412	0.028	0.022	1	NDUFS6	c22
0.0537225416843226	0.352326675559961	0.018	0.015	1	LIMS1	c22
0.00672302325496143	0.352029253137858	0.034	0.027	1	TMEM219	c22
0.000474428012771874	0.351653633063026	0.051	0.039	1	HSPD1	c22
0.12646416506111	0.351427457734665	0.015	0.013	1	FAM173A	c22
0.126575408682019	0.350422745433578	0.013	0.01	1	SLIRP	c22
0.00720901946212099	0.350195294497393	0.033	0.026	1	SNHG1	c22
0.0808654538482849	0.349705521933402	0.016	0.013	1	KPNB1	c22
0.0917980587984659	0.349340526890662	0.015	0.012	1	RPAIN	c22
0.0906352800801609	0.349252722314404	0.015	0.012	1	WBP2	c22
7.52285253087795e-05	-0.349214205401283	0.131	0.153	1	CD37	c22
0.0100598874138967	0.349151274101094	0.032	0.025	1	BZW1	c22
0.100344132403894	0.348749778247644	0.014	0.011	1	ITGB7	c22
0.042713546044608	0.348649210470887	0.02	0.016	1	IDI1	c22
0.0276691889540459	0.346493261451027	0.026	0.021	1	CCDC109B	c22
0.00601925559466604	0.346311825280941	0.035	0.027	1	DPP7	c22
0.186103120783686	0.345079730374575	0.01	0.008	1	SNRNP200	c22
0.0472133051984661	-0.344764872527318	0.014	0.019	1	RBL2	c22
0.0803618187911519	0.344625767173571	0.017	0.013	1	ZC3H15	c22
0.0660771156675545	-0.344567931015731	0.028	0.034	1	ITM2C	c22
0.090022221567636	0.344513260249259	0.016	0.013	1	TNIP1	c22
0.132608876159534	0.343980534099773	0.013	0.01	1	KCNAB2	c22
0.10840130592475	0.343339349246497	0.013	0.01	1	ALDH2	c22
0.00547351494425916	0.343334244737477	0.037	0.029	1	AP2S1	c22
0.000364114492944698	0.342406339373525	0.069	0.056	1	PSMB8	c22
0.0949166855052977	0.34202718947688	0.015	0.012	1	TANK	c22
0.202553554270718	-0.341480962873318	0.034	0.038	1	SOD2	c22
0.0913389820048242	0.340826444471329	0.015	0.012	1	IVNS1ABP	c22
0.585535646509148	-0.34061846565596	0.029	0.027	1	TNFRSF4	c22
0.0102079753368167	0.340556414515608	0.032	0.026	1	P4HB	c22
0.000472395948609598	0.339592104736145	0.055	0.043	1	ITGB1	c22
0.00077090643063236	0.339209747114636	0.059	0.047	1	ATPIF1	c22
0.0318286966154298	0.338559630442719	0.024	0.019	1	SET	c22
0.132931092085033	0.338452402746294	0.013	0.01	1	HNRNPD	c22
0.0200593338195007	0.338195296950652	0.028	0.022	1	TGFB1	c22
0.0484497423572221	0.337945616040146	0.021	0.016	1	TMED9	c22
0.0997150033684221	-0.336912214478126	0.011	0.015	1	MYCBP2	c22
0.0701537802107581	0.336772491828815	0.018	0.015	1	RAB2A	c22
0.02521415727347	0.336423572293675	0.03	0.025	1	SYF2	c22
0.00820506101671002	0.335699630633813	0.035	0.028	1	SUN2	c22
0.0033286048422714	0.33445646378318	0.046	0.037	1	CDC42SE2	c22
0.00218585810161524	-0.334318807054654	0.042	0.053	1	GAS5	c22
0.063688100151562	0.334016147881429	0.019	0.015	1	PNRC2	c22
0.219165964481862	0.332981339678626	0.01	0.008	1	NFKB2	c22
0.0281614734965659	0.332887516228769	0.026	0.021	1	SUMO1	c22
0.170836599181529	0.332855958803312	0.012	0.009	1	SFT2D1	c22
0.151544026304746	0.33272150446576	0.012	0.01	1	ATG12	c22
0.0239654883945238	0.331399606623036	0.028	0.022	1	RAP1A	c22
0.0238407632709537	0.331279903311795	0.027	0.022	1	ATF4	c22
0.124794238159088	0.331024473600448	0.014	0.012	1	ARIH2	c22
0.00257950367338832	0.330583782945588	0.05	0.04	1	PSMB10	c22
0.025966202463656	0.329433911635398	0.027	0.022	1	PA2G4	c22
0.224933803250151	0.329308021231037	0.01	0.008	1	METTL23	c22
0.128467968167978	-0.329278697703176	0.014	0.018	1	HLA-DRB5	c22
0.0470738287197348	0.329153327584974	0.022	0.018	1	RAB5C	c22
0.0161261168799871	0.328011926995927	0.031	0.025	1	CHURC1	c22
0.0243767036964652	0.327955174676338	0.027	0.021	1	SNORA78	c22
0.018230695811664	0.327949296885106	0.03	0.024	1	SMAP2	c22
0.151644972005369	0.32782821971321	0.018	0.015	1	RAPGEF6	c22
0.115867551779057	0.327254362463061	0.014	0.012	1	TLE4	c22
0.0985992457196597	-0.326931579439998	0.012	0.016	1	AKAP9	c22
0.051503486818779	0.326612380011312	0.023	0.018	1	GABARAPL1	c22
0.101817327796391	0.325892365627527	0.018	0.015	1	WASF2	c22
0.208058914137587	0.325529681993602	0.011	0.009	1	PPP1R11	c22
0.219175193465767	0.325307026689372	0.01	0.008	1	TADA3	c22
0.00451601531130649	0.325145117139694	0.038	0.03	1	SERPINB1	c22
0.163843382761007	-0.324575592778554	0.079	0.086	1	CTSD	c22
0.0451764349600445	0.324120111738929	0.025	0.02	1	NDUFAF3	c22
0.00499129686641333	0.322627130237819	0.044	0.036	1	ATP6V1F	c22
0.000108317471475732	0.32133490850034	0.076	0.061	1	NDUFA3	c22
0.00222784560374113	0.321002267958995	0.052	0.042	1	ANP32B	c22
0.239304547053756	-0.320666548910286	0.008	0.01	1	RTKN2	c22
0.0818799981883709	-0.319473745997453	0.015	0.019	1	APMAP	c22
0.0916155266836589	0.319197433169885	0.017	0.014	1	BCL11B	c22
0.105026659376267	0.318762901569422	0.017	0.014	1	ROCK1	c22
0.00461005231983552	0.318665681646821	0.052	0.043	1	PET100	c22
0.00270497328211507	0.318495562545051	0.052	0.042	1	SH2D2A	c22
0.0173156608676765	0.318144755238547	0.034	0.028	1	REEP5	c22
0.015722395371808	0.316863439012836	0.029	0.023	1	AIM1	c22
0.0151120554403559	0.316655475917213	0.034	0.027	1	DEK	c22
0.089041566735286	0.31645569647048	0.018	0.014	1	GTF2B	c22
0.257104052407602	0.316169848163896	0.011	0.009	1	CD81	c22
0.790961574851747	-0.315486605034438	0.018	0.018	1	SEC11C	c22
0.181246064572157	-0.314271651407939	0.011	0.013	1	NAAA	c22
0.126917440195622	-0.314057185231778	0.011	0.014	1	ABHD14B	c22
0.0595911632151346	0.314011658264641	0.024	0.02	1	LMAN2	c22
0.00874040275902044	0.313989712630115	0.04	0.033	1	FNBP1	c22
0.00029836548531738	0.313373955124932	0.072	0.058	1	ITM2A	c22
0.120638044369022	0.312892856315675	0.015	0.013	1	ADRBK1	c22
0.133470183448001	0.312304361491733	0.015	0.012	1	TM9SF2	c22
0.000347754006587548	0.311876515984183	0.085	0.07	1	C9orf142	c22
0.0822826519384302	-0.310595424179327	0.015	0.019	1	TAF1D	c22
0.0661981896639509	0.310378719680187	0.021	0.017	1	MAT2A	c22
0.000191298604202337	-0.310304528918559	0.082	0.101	1	LCP1	c22
0.0495156218676133	-0.310146422464486	0.021	0.027	1	SMCHD1	c22
0.10579709235028	0.310099641423995	0.016	0.013	1	TBCC	c22
0.176083093772888	0.310099641423995	0.013	0.01	1	TMEM147	c22
0.0427463682486414	-0.309601700902082	0.024	0.03	1	SYNE2	c22
0.253601886433667	0.309270267994492	0.01	0.008	1	NARF	c22
0.14273902369937	0.30862902999643	0.015	0.012	1	PPM1G	c22
0.246918122170975	0.3084849853619	0.01	0.008	1	THEM4	c22
0.00332617332922777	0.30843816543956	0.05	0.041	1	ARHGEF1	c22
0.24332008858893	0.307740368550072	0.01	0.009	1	DARS	c22
0.170747357862197	0.306061901125393	0.013	0.011	1	CDC25B	c22
0.0184113385721902	0.305756269279369	0.036	0.03	1	PSMB3	c22
0.034212113562082	0.305553868870331	0.03	0.025	1	TAP1	c22
0.0736448740159039	0.305372927687556	0.024	0.019	1	CBX3	c22
0.0229659271448969	-0.305060923232341	0.06	0.07	1	NPC2	c22
0.00430355125945137	0.304892006241042	0.049	0.04	1	DDX3X	c22
0.000470367671667982	0.304224657908756	0.08	0.066	1	UBE2D3	c22
0.0245465172602743	0.303213255838755	0.031	0.025	1	SIGIRR	c22
0.0702480035256062	0.302578956555401	0.025	0.02	1	ANXA2R	c22
0.101416209081837	0.302414997408801	0.018	0.015	1	C20orf24	c22
0.0104101463224613	0.302368966828815	0.043	0.035	1	C1orf162	c22
0.122234876589873	0.302214775085933	0.019	0.016	1	SNRPD1	c22
0.218412781927339	0.301500101342315	0.012	0.01	1	VTI1B	c22
0.166602318424519	0.300914982934859	0.014	0.012	1	GYG1	c22
0.00412311893729134	0.300822951683644	0.051	0.041	1	PPP1R2	c22
0.0193588554364095	0.300779148561679	0.043	0.036	1	PMAIP1	c22
8.50558101153345e-05	0.300676749878912	0.096	0.079	1	SKP1	c22
0.195783710443851	0.300365758439512	0.013	0.011	1	LRPAP1	c22
0.0104029388814815	-0.300235827282314	0.069	0.08	1	RHOB	c22
0.0590798298070969	0.299884429809465	0.025	0.02	1	SPCS3	c22
0.0131634416294124	0.299534473460656	0.041	0.034	1	TBCA	c22
0.0909245429148714	0.299032797356883	0.011	0.009	1	EREG	c22
0.13719624606513	0.298745900037968	0.016	0.013	1	SH3GLB1	c22
0.192806487250068	-0.298389342944405	0.008	0.011	1	ST3GAL1	c22
0.0913967688029976	0.297559285467795	0.02	0.016	1	HNRNPM	c22
0.0614815899040754	-0.29708646111136	0.021	0.026	1	ARID5B	c22
0.000675078129048632	0.296968071308958	0.071	0.058	1	ATP6V1G1	c22
0.000458065086658732	0.296804558687649	0.082	0.068	1	LCK	c22
0.0775885590569673	0.296413920590164	0.022	0.018	1	GHITM	c22
0.215348966045324	0.295845657743753	0.012	0.01	1	CARD8	c22
0.130152239679879	-0.295488531789118	0.009	0.012	1	BAZ1A	c22
0.000276959130293285	0.295168738042801	0.089	0.073	1	COX6C	c22
0.139050578765091	-0.294265390519677	0.009	0.011	1	OGT	c22
0.0259200539500213	0.293385696594366	0.033	0.027	1	CD47	c22
0.0967148066119259	-0.292888115913035	0.021	0.026	1	MAP3K8	c22
0.246698289695414	0.292239746151747	0.013	0.011	1	DNAJB14	c22
0.00899274426247185	0.291698634046552	0.056	0.047	1	PRDM1	c22
0.250544548873921	-0.291604642752914	0.02	0.018	1	STMN1	c22
0.187156242427801	0.291120746980588	0.014	0.011	1	DBNL	c22
0.241475820504945	0.291120746980588	0.014	0.011	1	MDH1	c22
0.00213080325537877	0.290657352845889	0.072	0.06	1	TMEM258	c22
0.00484973050270202	0.289775139014524	0.055	0.045	1	UBE2D2	c22
0.0875345080185191	0.288549842767482	0.022	0.018	1	H2AFY	c22
0.242283894561729	0.287946499185445	0.012	0.01	1	LOC283788	c22
0.13031545683043	0.287030793003709	0.017	0.014	1	ERN1	c22
0.256633029037497	0.286941486925444	0.011	0.009	1	MIB2	c22
0.0301725467285699	0.286788719922746	0.033	0.027	1	NDUFB7	c22
0.128507283150287	0.286492413686013	0.018	0.015	1	TWF2	c22
0.00160201738258361	0.286427821666979	0.068	0.056	1	ATP6V0E1	c22
0.0804978091110424	-0.286423332605867	0.018	0.023	1	RCSD1	c22
0.00172807350405625	-0.285297661287349	0.068	0.083	1	FYB	c22
0.00435399781041545	0.284981717831972	0.066	0.055	1	VAMP8	c22
0.041558906685727	-0.284097741282531	0.027	0.033	1	KMT2E	c22
0.000294663775408088	0.283853878003153	0.092	0.076	1	GUK1	c22
0.0477251314095725	0.283100719161133	0.029	0.024	1	NDUFA2	c22
0.0299800041600512	-0.282802891155099	0.029	0.036	1	PARP8	c22
0.0275365323204755	0.282351461787299	0.068	0.06	1	KLF2	c22
0.360669978395404	0.28218722989676	0.01	0.009	1	PCGF5	c22
0.129546378607222	0.281152285171772	0.018	0.015	1	STAT4	c22
0.0645289737654842	-0.280124222136939	0.019	0.024	1	PRKCH	c22
0.221185218724513	0.279725992380476	0.013	0.011	1	FLOT1	c22
0.0687986657997728	-0.278452076898688	0.07	0.078	1	NEAT1	c22
0.228733332784045	0.278301108273648	0.012	0.01	1	SMS	c22
0.263313091586423	0.27823637423999	0.012	0.01	1	FIBP	c22
0.236519886368374	-0.278006180808134	0.012	0.014	1	IER5	c22
0.00612467799483295	0.277206000401961	0.062	0.052	1	PPP1CA	c22
0.0291113991142665	0.277152048716649	0.037	0.031	1	PIM1	c22
0.0966171287346536	0.276996199624905	0.023	0.019	1	TMCO1	c22
0.00087012839161097	0.275886198492311	0.082	0.068	1	HNRNPK	c22
0.113681911093486	0.275474014528454	0.021	0.017	1	CASP1	c22
0.172228188111228	0.27528692721398	0.016	0.013	1	DGKA	c22
0.0411167989804654	0.274619101947388	0.037	0.032	1	BUB3	c22
0.230900797575748	0.274489344014329	0.013	0.011	1	RAB14	c22
0.111163754360289	0.27441870850104	0.029	0.025	1	AMICA1	c22
0.324675647504074	0.27403488030262	0.012	0.01	1	PHB	c22
0.149694499152875	0.273708486092751	0.023	0.019	1	BIN1	c22
0.190095233598975	-0.272929671280958	0.01	0.013	1	NOP58	c22
0.0864712660276073	0.272820523653711	0.024	0.02	1	EWSR1	c22
0.0114707228458633	0.272559817473595	0.047	0.039	1	SDCBP	c22
0.156485159660202	0.272557306620011	0.019	0.016	1	MYO1G	c22
0.0857230057177901	0.272537661410943	0.024	0.02	1	TCF25	c22
0.230827254630099	0.272519431562163	0.015	0.013	1	CHD1	c22
0.172448470455649	0.272355886743466	0.019	0.016	1	NDUFA12	c22
0.00350691408218502	0.271226064991486	0.079	0.067	1	ANAPC16	c22
0.0598864247144724	0.270309251059595	0.031	0.026	1	ITGAE	c22
0.309888417868938	0.269922817350118	0.011	0.009	1	MECP2	c22
0.0271117891502471	0.269901532226431	0.041	0.034	1	ARRB2	c22
0.0989543097611869	0.269847083339187	0.023	0.019	1	SF3B2	c22
0.282516198621553	0.269847083339187	0.011	0.01	1	XRN1	c22
0.313467159636259	0.269672327716552	0.01	0.009	1	RTN3	c22
0.0166020323940308	-0.269509014587944	0.034	0.042	1	BCL2A1	c22
0.00191203063216959	0.269451083295803	0.076	0.063	1	C19orf43	c22
0.200446278107709	-0.268533625378238	0.01	0.012	1	PPP1R12A	c22
0.243456758435667	0.268394995951699	0.013	0.011	1	PTPN1	c22
0.316895299822282	0.268003507355934	0.01	0.009	1	RNF10	c22
0.0109224382050221	0.267330278935232	0.05	0.042	1	ATP5O	c22
0.270570224091098	0.265540086137166	0.012	0.01	1	NDUFB5	c22
0.247263589108987	0.265370699403405	0.013	0.011	1	CCT8	c22
0.235912467201284	0.265295784691234	0.014	0.012	1	ZNF207	c22
0.25937143245695	0.264954241750512	0.014	0.012	1	SLC20A1	c22
0.10916025079506	0.264861229659518	0.021	0.018	1	PDE4D	c22
0.318666183777037	0.264671646658186	0.01	0.009	1	FUNDC2	c22
0.148971681978719	-0.264665225126869	0.014	0.017	1	DDX6	c22
0.0664572807960484	0.264526255216685	0.027	0.023	1	H2AFX	c22
0.138214934351252	-0.264002729875555	0.015	0.019	1	ATRX	c22
0.00531376601248805	0.263296547456	0.068	0.057	1	LAMTOR4	c22
0.132803538048071	-0.263057943614054	0.016	0.02	1	AKNA	c22
0.119597647805878	0.263028866981116	0.022	0.018	1	HMGN4	c22
0.207396526116069	0.262051100057286	0.016	0.013	1	TIAL1	c22
0.306193396660179	0.26188119055575	0.011	0.009	1	P2RY10	c22
0.144534615787113	0.26132793168709	0.023	0.019	1	STAT3	c22
0.00498742745182096	0.260853446939079	0.067	0.056	1	STK17A	c22
0.187640647168937	0.260504012442958	0.016	0.014	1	PNPLA2	c22
0.130461123327209	0.259548110442846	0.019	0.016	1	ATOX1	c22
0.231422759417233	-0.259515772759197	0.009	0.011	1	DPYD	c22
0.0483147052107077	-0.259332375665219	0.426	0.391	1	CD74	c22
0.000297946560662713	-0.259284651604862	0.213	0.237	1	IER2	c22
0.024691936157048	0.258664376852646	0.053	0.046	1	POLD4	c22
0.0957673057585453	-0.257191254984768	0.018	0.022	1	SASH3	c22
0.190496813959629	0.257118804515055	0.016	0.013	1	STARD7	c22
0.302368592092833	-0.256882202468971	0.014	0.016	1	FOXP3	c22
0.191416807347913	-0.256829326475604	0.012	0.015	1	SSH2	c22
0.1305910446702	0.255909533379498	0.019	0.016	1	KDM6B	c22
0.0493982709814801	0.255863782400216	0.037	0.031	1	RSL24D1	c22
0.188535851311121	0.255341833753517	0.016	0.013	1	PELI1	c22
0.252245967494607	-0.255064247105904	0.011	0.014	1	CD36	c22
0.0157290017300505	0.253766765317796	0.048	0.04	1	LCP2	c22
0.122543749146911	0.253582731608612	0.023	0.02	1	APBB1IP	c22
0.00998714719082678	0.253463840551204	0.052	0.043	1	ANXA5	c22
0.166359968875027	0.252657749182306	0.019	0.016	1	RABGAP1L	c22
0.1657082769893	0.252280109978806	0.019	0.016	1	GSTO1	c22
0.25696171074747	-0.251655468135836	0.008	0.01	1	ADAR	c22
0.0429546844610768	0.251398491862532	0.039	0.033	1	SLC38A2	c22
0.136737488038479	-0.251390913637655	0.018	0.021	1	FOXP1	c22
0.346123921763421	0.251317577194722	0.011	0.009	1	PQBP1	c22
0.000190510045931762	0.250529085864863	0.114	0.096	1	CYTIP	c22
0.190053278805025	0.249219808750868	0.018	0.015	1	DCK	c22
0.105901712893101	-0.248418376340835	0.022	0.026	1	DENND2D	c22
0.324356598937954	0.248068047408164	0.011	0.01	1	PHTF2	c22
5.06081335852156e-05	0.247462453824596	0.159	0.136	1	PSME1	c22
0.267915481361526	-0.24695967574132	0.008	0.01	1	RNMT	c22
0.260219460951216	0.246302990843025	0.017	0.015	1	CD4	c22
0.18678060693117	0.245931173279405	0.019	0.016	1	FGFR1OP2	c22
0.187271389151572	0.245419870343155	0.018	0.015	1	ANKRD10	c22
0.125013045190159	-0.245390312946182	0.015	0.018	1	CPVL	c22
0.017179713147949	-0.245105876794391	0.052	0.061	1	CD3G	c22
0.298799201245924	-0.244216070394818	0.008	0.01	1	ATP6V1B2	c22
0.19719789812654	0.244008001001093	0.018	0.016	1	RAB27A	c22
0.211466308241905	0.243856035912416	0.017	0.015	1	PSMB2	c22
0.290920342681475	-0.243455756785184	0.008	0.01	1	OFD1	c22
0.000538121631144731	0.242483804251372	0.108	0.092	1	TPM3	c22
0.101071139814411	-0.241827593373388	0.042	0.048	1	RNA45S5	c22
0.0612615784847873	0.241770949004692	0.036	0.03	1	C11orf58	c22
0.0564948647658199	0.241332380029659	0.039	0.034	1	REL	c22
0.145702643117807	0.24128229862441	0.023	0.019	1	BANF1	c22
0.0235168984424365	0.241152287706504	0.049	0.042	1	RHOG	c22
0.0847468530215357	0.240629222080823	0.031	0.026	1	PHB2	c22
0.394220911935823	0.240389246608371	0.01	0.008	1	CCM2	c22
0.127854485214269	-0.239552848088583	0.021	0.025	1	LOC374443	c22
0.0698189462011461	0.239246923025406	0.033	0.028	1	GPR65	c22
0.0422735027600156	0.239001210956889	0.041	0.035	1	STK4	c22
0.343308577743868	0.23878044238156	0.012	0.01	1	AP3S1	c22
0.116105768274194	0.237541545748201	0.029	0.025	1	MRPL57	c22
0.0815042404881883	-0.237472523014616	0.038	0.044	1	RHOC	c22
0.000192284547039923	0.237355067378077	0.137	0.117	1	HNRNPDL	c22
0.985549958936745	-0.236916549736747	0.025	0.025	1	FKBP11	c22
0.0213081001884514	0.236491529200466	0.052	0.044	1	CLK1	c22
0.251661329946871	-0.235457070562314	0.011	0.014	1	MAL	c22
0.392327607745882	0.235224461709693	0.01	0.008	1	TMED5	c22
0.444312023126355	0.234970612211098	0.011	0.01	1	PTRHD1	c22
0.360839171020126	0.234685028156985	0.011	0.01	1	ANXA7	c22
0.0156148534435569	0.234630684652988	0.034	0.027	1	ZFAND2A	c22
0.051381888558761	0.23436150162636	0.056	0.049	1	ETS1	c22
0.01163414117626	0.233746409393377	0.063	0.053	1	ACTR3	c22
0.119200431208839	-0.233588467232119	0.023	0.027	1	CLEC2D	c22
7.97031493829475e-05	0.233374007366813	0.146	0.125	1	LOC101929876	c22
0.00788216432996541	0.233202263550613	0.074	0.063	1	TMBIM6	c22
0.351180057717359	0.232804944992983	0.012	0.01	1	PITPNC1	c22
0.141713832385107	0.232118110873423	0.023	0.019	1	PRMT9	c22
5.33136001883982e-05	-0.231799734454543	0.147	0.172	1	RPS11	c22
0.0291677304101442	0.231039460325315	0.053	0.045	1	CAP1	c22
0.378073220977622	0.230608225815786	0.011	0.01	1	SMARCB1	c22
0.339664537372893	0.229677382309902	0.012	0.011	1	AZIN1	c22
0.00400228204102703	0.22907429599705	0.094	0.081	1	GPSM3	c22
0.0222330558537787	-0.2284289162783	0.052	0.061	1	CD53	c22
0.319614422779773	0.228195691740393	0.013	0.012	1	PPM1K	c22
0.297450241523856	-0.22806864781822	0.008	0.01	1	CENPC	c22
0.0897166039762523	-0.227529643552298	0.031	0.036	1	LBH	c22
0.0445340147771084	-0.227503835494947	0.046	0.053	1	CD247	c22
0.0101811094361416	0.227492795238846	0.072	0.062	1	EIF4A2	c22
0.184367420243645	0.226930724503816	0.02	0.017	1	EIF4A3	c22
0.0170556999492265	0.2266682219938	0.063	0.054	1	RHOH	c22
0.291540875417327	0.226276087833728	0.015	0.013	1	PCED1B	c22
0.000692882609690346	0.226247592461681	0.098	0.082	1	TUBA1A	c22
0.189122660956977	-0.225472055702822	0.016	0.019	1	MPHOSPH8	c22
0.0269443131247599	0.224421246621652	0.058	0.05	1	EPC1	c22
0.00129139275327166	0.224329867406972	0.114	0.098	1	DAZAP2	c22
0.125576749173583	0.224262443980477	0.026	0.023	1	RPS10	c22
0.139963382578055	0.223773150380825	0.027	0.023	1	IKZF1	c22
0.221458807858708	0.223232545188056	0.019	0.016	1	GBP2	c22
0.179581390773509	0.22294594279226	0.021	0.018	1	HM13	c22
0.120467190025055	0.222036843626631	0.033	0.028	1	JTB	c22
0.000962426009618793	0.221854042067127	0.106	0.09	1	LOC101929531	c22
0.319829410788128	-0.220942520352042	0.015	0.018	1	TMEM176B	c22
0.377348036518464	0.220376187281095	0.012	0.011	1	NUDT21	c22
0.280326111766566	0.219728270335674	0.02	0.017	1	GPR171	c22
0.398344929031614	0.218516091263473	0.011	0.01	1	TES	c22
0.0825716347157049	0.218280508005559	0.039	0.033	1	CKS2	c22
0.0373270753406102	0.21823916470797	0.051	0.044	1	PRELID1	c22
0.394008536870168	0.217964612867244	0.014	0.012	1	HSD17B11	c22
0.225433182147331	-0.217944430544513	0.023	0.027	1	FCGRT	c22
0.300860484110887	-0.217695597064569	0.009	0.011	1	SMARCA5	c22
0.280372611853137	-0.216699833739022	0.011	0.013	1	TCF7	c22
0.119941073305991	0.216136496594419	0.031	0.027	1	MAT2B	c22
0.443171677246869	0.21559565496076	0.01	0.009	1	ATP2B4	c22
0.0161029723191526	0.21547070843655	0.067	0.058	1	SEPT1	c22
0.108599033598743	0.21533860461872	0.033	0.028	1	MTDH	c22
0.169860481657328	-0.215038699369102	0.021	0.025	1	CHD2	c22
0.013163976039712	0.21498679441537	0.106	0.094	1	PSMB9	c22
0.507229190735451	0.21481179455523	0.01	0.009	1	UBE2S	c22
0.335309414151287	-0.214333397452885	0.009	0.01	1	VMP1	c22
0.187143387350242	0.214186772972925	0.024	0.021	1	CDC42SE1	c22
0.43274200803964	0.214028359813801	0.011	0.009	1	ATG3	c22
0.304291106243948	0.213974345510235	0.015	0.013	1	LINC00869	c22
0.0654104591022452	-0.212724369551142	0.041	0.047	1	HSPA5	c22
0.411367522046236	0.21261179652194	0.011	0.01	1	ABTB1	c22
0.415142728682823	0.21261179652194	0.011	0.01	1	CSNK1D	c22
0.37253567957029	0.212398899739897	0.013	0.011	1	PSMF1	c22
0.222337556677107	0.210725206502801	0.024	0.021	1	NAP1L4	c22
0.000244941265571042	0.209904542882905	0.156	0.136	1	PNRC1	c22
0.0364317475959614	0.20988885263194	0.049	0.042	1	TRA2B	c22
0.0474349474092328	0.20988885263194	0.049	0.042	1	ELF1	c22
0.0116025743550444	0.208769009537475	0.088	0.076	1	RBM3	c22
0.309835233363125	0.207157366429831	0.017	0.015	1	OCIAD1	c22
0.382508540735608	0.206662530190753	0.013	0.011	1	LMBRD1	c22
0.0629399845707913	0.205179039015422	0.052	0.046	1	UXT	c22
0.0977740588217097	0.205104904484387	0.038	0.033	1	PAIP2	c22
0.065743281157919	0.204772072851683	0.039	0.033	1	LAG3	c22
0.137983668819251	0.204715760683548	0.03	0.026	1	TALDO1	c22
0.333220436967199	-0.204659553589103	0.009	0.011	1	ARAP2	c22
0.166603171590444	-0.204569752771117	0.015	0.018	1	ZBTB20	c22
0.0985919721192137	0.204530490997807	0.025	0.021	1	UGP2	c22
0.000705254240010743	-0.204497796529106	0.127	0.147	1	NPM1	c22
0.130258110466872	0.204380867464835	0.031	0.027	1	UFC1	c22
0.0198026974970691	0.203958484762512	0.069	0.06	1	ARL6IP5	c22
0.271832851253503	0.203450225098671	0.019	0.017	1	RWDD1	c22
0.40092183629245	0.202850916240734	0.013	0.012	1	MTIF3	c22
0.000120420025882388	0.202504712831345	0.151	0.13	1	SRSF7	c22
0.0588361263908831	0.202459217230233	0.049	0.043	1	ATP6V0B	c22
0.474664788831342	0.201632656302816	0.01	0.009	1	DLGAP1-AS1	c22
0.333952816682812	-0.201285544301772	0.009	0.011	1	SNX2	c22
0.0717754491185302	0.20098550343002	0.046	0.04	1	CALM3	c22
0.322389121502769	0.200968678965355	0.025	0.023	1	LSM8	c22
0.213392182774534	-0.200889406283168	0.042	0.038	1	XBP1	c22
0.00159054687645423	0.200786643128477	0.116	0.1	1	GSTP1	c22
0.370602806226225	0.200291524886071	0.014	0.012	1	STK10	c22
0.130387600257177	-0.200001788063086	0.03	0.035	1	N4BP2L2	c22
0.354244792496823	0.199463973197077	0.015	0.014	1	PTBP3	c22
0.493873727407926	0.1983667917709	0.01	0.009	1	RAB8A	c22
0.363759807666824	-0.197670268744849	0.008	0.01	1	HSPA4	c22
0.314513929658627	-0.197617264536643	0.011	0.013	1	U2SURP	c22
0.240003350389624	0.197475659907163	0.023	0.02	1	PPP1CC	c22
0.262876288672278	0.197440695907558	0.027	0.024	1	MBP	c22
0.152598891978042	0.197299089096358	0.041	0.037	1	SRRM1	c22
0.492773431001025	0.19715231090828	0.013	0.012	1	KDELR2	c22
0.0627045765221947	0.196931810695724	0.05	0.044	1	SYNGR2	c22
0.500359589757687	0.196736627709444	0.01	0.009	1	UPF2	c22
0.40844057116979	0.196656765046835	0.014	0.012	1	WHSC1L1	c22
0.000139410376683542	0.196624686152072	0.126	0.106	1	PPIB	c22
0.272945994916092	0.196486832013055	0.02	0.018	1	RPN2	c22
0.219489964162082	0.194837094793963	0.025	0.022	1	COX7A2L	c22
0.0276068409093361	0.194654717568401	0.059	0.051	1	KMT2E-AS1	c22
0.312858375483113	0.193941289089373	0.018	0.016	1	TMEM14B	c22
0.364547698342211	0.193593927943331	0.015	0.014	1	CHMP2A	c22
0.148998228793976	0.193303128630426	0.037	0.033	1	ZAP70	c22
0.0214672079610443	0.193192701816098	0.094	0.084	1	GMFG	c22
0.237866462747931	0.192741147361523	0.03	0.027	1	ARHGAP9	c22
0.473616375702037	0.192630576330363	0.011	0.01	1	PDE3B	c22
0.140429133196661	-0.192544739986371	0.052	0.057	1	HLA-DMA	c22
9.66999033659279e-05	0.192076451044091	0.258	0.232	1	TMA7	c22
0.00731445262940883	0.192074993967706	0.037	0.029	1	PLAUR	c22
0.00240361938863605	0.192069851064076	0.116	0.101	1	ATP6V0C	c22
0.380643590517875	-0.190973169865635	0.01	0.012	1	LOC101927902	c22
0.0759176126785113	-0.190804084031328	0.048	0.055	1	CD27	c22
0.485765146502567	0.190720986321732	0.011	0.009	1	LOC643733	c22
0.000101102324901836	0.190712776806576	0.199	0.174	1	ATP5G2	c22
0.256673206689878	0.190314536103269	0.024	0.021	1	AAK1	c22
0.293060698661435	0.189555037486554	0.02	0.018	1	CDC42EP3	c22
0.00615959433245897	0.189490875114832	0.12	0.106	1	NR4A2	c22
0.384067215399863	-0.189289127957193	0.008	0.01	1	SAT2	c22
0.223643439148727	0.188908782791289	0.023	0.02	1	ZC3HAV1	c22
0.320708551442526	-0.188275843328164	0.011	0.013	1	SP140	c22
0.000512764893486485	0.188096394200088	0.154	0.134	1	ARPC3	c22
0.392948960648895	0.18769373176966	0.015	0.014	1	LOC100996919	c22
0.416564872311014	-0.187496239412176	0.023	0.025	1	DNAJB4	c22
0.475628029423515	0.186663163348263	0.012	0.01	1	UHMK1	c22
0.317488136587986	-0.186476706931443	0.017	0.02	1	IL6ST	c22
0.226206673189164	0.18631388479895	0.045	0.041	1	RNF213	c22
0.257671823286429	-0.186078902889632	0.014	0.017	1	NCR3	c22
0.458189919951616	0.185848311566708	0.013	0.011	1	ATP6V0D1	c22
0.185505621311039	0.185471854856879	0.036	0.032	1	OXNAD1	c22
0.370944261459928	0.18538754201869	0.02	0.018	1	VASP	c22
0.335740985150352	-0.18457503098004	0.012	0.014	1	GPCPD1	c22
0.466669393575618	0.184568759340136	0.012	0.011	1	PRPF40A	c22
0.00113822700757464	0.183802848560558	0.159	0.14	1	ARPC2	c22
0.410130341386654	0.183472902818862	0.015	0.013	1	SERINC1	c22
0.182189223025169	0.183279602752802	0.032	0.028	1	CNPY3	c22
0.150265666002154	0.183001220918754	0.037	0.033	1	TOMM20	c22
0.403814486423389	0.182981926871205	0.015	0.014	1	SUPT4H1	c22
0.487471299930877	0.182477391434559	0.012	0.01	1	NGRN	c22
0.285347420474703	0.181977090905052	0.037	0.034	1	ISCU	c22
0.130325913143324	0.181520368957917	0.046	0.041	1	UBXN1	c22
0.135113156138383	0.181409639678245	0.044	0.039	1	SFPQ	c22
0.544556859948351	0.18134125230974	0.01	0.009	1	CDKN1B	c22
0.360017966498781	-0.180011314369183	0.01	0.012	1	TPP1	c22
0.0919149159252136	0.179353407828104	0.038	0.033	1	SPCS2	c22
0.486888897788397	0.179240239742945	0.012	0.011	1	PTBP1	c22
0.347072920376678	-0.17916356536715	0.012	0.013	1	SLC44A2	c22
0.00469533747203138	0.178952172720545	0.013	0.009	1	CCL20	c22
0.761875953625165	-0.178214468459068	0.046	0.047	1	NAMPT	c22
0.522300078028485	0.177101377032604	0.011	0.01	1	ANP32E	c22
0.0900368232711659	0.176915186796701	0.055	0.049	1	HCLS1	c22
0.270512908410542	-0.176721767818	0.012	0.015	1	RNF130	c22
0.293378932561577	0.176251573610718	0.024	0.021	1	KLF10	c22
0.106316306294558	0.175848559766481	0.05	0.044	1	ABRACL	c22
0.304334133156708	0.17535972029466	0.027	0.024	1	DUT	c22
0.438751974120214	0.174372992234248	0.018	0.017	1	RTN4	c22
0.466145926076889	0.172810788463964	0.017	0.016	1	DOCK8	c22
0.232305622721497	-0.172533970854566	0.028	0.032	1	SYTL3	c22
0.0150743246873341	-0.171686531950082	0.109	0.122	1	LIMD2	c22
0.315941820940483	0.17158174249366	0.021	0.019	1	AGTRAP	c22
0.000289803282246424	0.171347258939681	0.154	0.133	1	HMGB1	c22
0.410146029908804	0.17132826009981	0.016	0.014	1	TSC22D4	c22
0.32375599075179	-0.171163889991019	0.011	0.013	1	PELO	c22
0.158663926046049	0.170642589781171	0.036	0.032	1	ITK	c22
0.252790636603341	-0.169350942717583	0.114	0.119	1	GADD45B	c22
0.580888025433155	0.169302002686825	0.01	0.009	1	HLA-L	c22
0.161969918715317	0.16909109777586	0.039	0.035	1	IL10RA	c22
0.583247895659194	0.168891621503319	0.01	0.009	1	RSBN1	c22
8.24657588305942e-05	-0.168440758041968	0.246	0.275	1	RPL27	c22
0.0619714947174808	-0.168224728630349	0.094	0.084	1	HLA-DQB1	c22
0.462085482818132	0.168177532605823	0.014	0.013	1	LBR	c22
0.162772642633927	-0.167983430740301	0.025	0.029	1	ARPC5L	c22
0.256073896653372	0.167524526697251	0.03	0.027	1	TECR	c22
0.578582019263831	0.167356358371856	0.01	0.009	1	IQGAP2	c22
0.11898884231851	0.167187434416287	0.056	0.051	1	CD83	c22
0.62580975338011	0.166941626961939	0.012	0.011	1	PSMD7	c22
0.313233697309595	0.166327372682715	0.027	0.025	1	PRPF38B	c22
0.534864761643963	0.166267942597193	0.011	0.01	1	DNAJC19	c22
0.146129764612	0.166126978696461	0.023	0.02	1	SSR3	c22
0.0203533398647392	0.166071225985152	0.128	0.116	1	ZFAS1	c22
0.195863329603358	-0.165882188902803	0.031	0.035	1	JAK1	c22
0.381475316772677	0.165670429629079	0.019	0.017	1	IK	c22
0.220829036822674	-0.165609812697776	0.036	0.04	1	TKT	c22
0.526158844231651	0.165345798084564	0.012	0.011	1	CCNDBP1	c22
0.325331919609331	-0.16532648688365	0.016	0.018	1	TMEM243	c22
0.221616135527379	0.165045477258314	0.03	0.027	1	FAM46C	c22
0.865407214141096	0.16424877496054	0.014	0.014	1	MARCKSL1	c22
0.348989082901817	-0.164238364292878	0.017	0.019	1	PPP1R10	c22
0.59032920458647	0.163976131089203	0.01	0.009	1	TBX21	c22
0.103801686369132	-0.163678914877465	0.053	0.059	1	RBM39	c22
0.431016245012369	-0.163217503468252	0.008	0.01	1	STK38	c22
0.00211171291832605	0.162654804845018	0.149	0.132	1	ALDOA	c22
0.941209997106384	-0.162030625226562	0.036	0.036	1	S100A12	c22
0.223266257910957	0.161922472321228	0.031	0.028	1	TCIRG1	c22
0.000330803639859688	-0.161921917171391	0.231	0.257	1	CD3E	c22
0.379828144128021	0.160797845120864	0.02	0.018	1	IDH2	c22
0.234096422312984	-0.160712556912973	0.028	0.031	1	PRRC2C	c22
0.0413162516876529	-0.160353454225148	0.079	0.088	1	RPL23	c22
0.144427777667612	0.160183597883013	0.046	0.041	1	PDIA3	c22
0.040217203529351	0.159394016970936	0.111	0.101	1	CCNI	c22
0.0537154778070248	-0.159210633011729	0.223	0.204	1	SAT1	c22
0.269501321956224	-0.158752194997378	0.025	0.028	1	EML4	c22
0.169716885912534	-0.158202346852623	0.043	0.048	1	C10orf54	c22
0.00015038750328193	-0.158155190360721	0.301	0.329	1	RPS16	c22
0.00613443687021021	0.157521540407613	0.199	0.182	1	CORO1A	c22
0.101899343883479	0.157254910045675	0.061	0.055	1	NFKBIZ	c22
0.533908658975059	0.157060443991007	0.017	0.015	1	NONO	c22
0.0903258631377286	0.156839831552182	0.049	0.043	1	SPCS1	c22
0.000313119998971451	0.155756246410272	0.276	0.251	1	PPIA	c22
0.598737191924083	0.155698700887005	0.011	0.01	1	CELF1	c22
0.0662274251172816	0.155677894896931	0.091	0.082	1	S100A8	c22
0.252408777013158	0.155308730607326	0.029	0.026	1	CCT4	c22
0.0313129451346444	0.155305791163817	0.101	0.091	1	YWHAB	c22
0.530108290707891	0.154195110296618	0.014	0.012	1	PNN	c22
0.00262979122868158	0.153871091195673	0.192	0.173	1	CALM1	c22
0.465772990861265	0.152764574690177	0.017	0.015	1	CYTH1	c22
0.335010062095585	0.152317823055947	0.026	0.023	1	WAS	c22
0.607798075102757	0.151942658565239	0.011	0.01	1	SDHC	c22
0.054991440068111	-0.151685683736845	0.09	0.099	1	ITGB2	c22
0.0606192868705971	0.151368168228958	0.101	0.092	1	SNHG8	c22
0.431274576135102	-0.151217897807729	0.011	0.012	1	DYNC1H1	c22
0.314953480197861	0.151045807494214	0.037	0.034	1	APOBEC3G	c22
0.459633437397721	0.150859397733361	0.017	0.015	1	TRA2A	c22
0.495597060352655	0.150508718334237	0.015	0.014	1	TSPAN14	c22
0.464313875610142	0.150322101149411	0.017	0.015	1	HSBP1	c22
0.0714007894786331	0.150170212191167	0.07	0.063	1	SRSF2	c22
0.711320525639926	0.150007313333184	0.011	0.01	1	NELL2	c22
0.000367951811905444	-0.149917309430385	0.344	0.368	1	NACA	c22
0.441393823249733	-0.149759550850486	0.009	0.011	1	PHF3	c22
0.0013943541168405	0.149595574723044	0.215	0.194	1	BTF3	c22
0.287116061670649	0.149329355124801	0.02	0.017	1	SDF2L1	c22
0.40069322901022	-0.149320947476864	0.012	0.014	1	PASK	c22
0.288219892967287	0.148711410973299	0.025	0.022	1	ZNRD1	c22
0.400887173148961	0.148125106120077	0.023	0.021	1	XRCC6	c22
0.410037943468369	0.148120595886933	0.021	0.019	1	ATRAID	c22
0.636874350373087	0.147881336364414	0.01	0.009	1	LINC00657	c22
0.0121102367542299	0.147459477701605	0.157	0.143	1	LRRC75A-AS1	c22
0.621432462454281	0.147448277856032	0.011	0.01	1	RBM4	c22
0.387037437905218	-0.147445262534223	0.02	0.022	1	PPT1	c22
5.08818435461329e-05	-0.147085098986882	0.641	0.634	1	RPS21	c22
0.418094693933074	0.146999608892413	0.02	0.018	1	RPN1	c22
0.633696909617923	0.146508917151484	0.01	0.01	1	ETNK1	c22
0.675768603450229	-0.146507317698286	0.05	0.048	1	GLUL	c22
0.295773945210937	0.146502133313688	0.03	0.028	1	TRAPPC5	c22
0.41344330109065	-0.145880748608555	0.014	0.015	1	MGAT1	c22
0.264744466335284	0.145162402057839	0.037	0.033	1	CSDE1	c22
0.568007757858622	0.144833007092926	0.013	0.012	1	TAOK3	c22
0.26745752763803	-0.144687517325616	0.033	0.036	1	PTPN6	c22
0.0961857071303751	0.144293252339931	0.065	0.059	1	EIF3G	c22
0.000230615562590427	-0.144089498481483	0.486	0.498	1	RPL14	c22
0.396271429277813	-0.143929960005538	0.015	0.016	1	EIF3A	c22
0.335489771039266	0.143789489203571	0.031	0.029	1	HMGN3	c22
0.59384620620764	0.143698245802162	0.022	0.02	1	ID3	c22
0.17844893404953	0.143151205580973	0.065	0.06	1	PRR13	c22
0.0011862215986191	0.143011598753565	0.312	0.289	1	UBC	c22
0.473510322782362	-0.142151050975108	0.015	0.016	1	SERPINB9	c22
0.512591442352683	0.142020396350516	0.016	0.014	1	PRPF4B	c22
0.291232335573898	-0.141854352765139	0.024	0.026	1	APLP2	c22
0.627790272162298	0.141668012420454	0.011	0.011	1	CSNK1A1	c22
0.155007944488242	0.141560226231541	0.036	0.032	1	ARL6IP1	c22
0.443254022825252	0.141371069939034	0.024	0.022	1	SRRM2	c22
0.391444905066499	0.140975241679224	0.023	0.021	1	DDX21	c22
0.378167873754474	0.140945558937309	0.019	0.017	1	NINJ1	c22
0.361022599947746	-0.140765936990476	0.019	0.021	1	BCLAF1	c22
0.741513008735815	0.140661954642924	0.011	0.01	1	B3GNT2	c22
0.113354973371036	0.140389310771587	0.07	0.064	1	UQCRH	c22
0.307642895175824	0.140355132189457	0.036	0.033	1	UQCRHL	c22
0.556718685616956	0.14005625945346	0.015	0.014	1	THRAP3	c22
0.00495514945919762	0.139824358409605	0.203	0.185	1	COX4I1	c22
0.0284565035683785	0.139793472763898	0.119	0.108	1	SLC2A3	c22
0.361868844561003	0.138958775165146	0.028	0.026	1	EID1	c22
0.000592000744028715	-0.138072467452094	0.271	0.296	1	UBA52	c22
0.292269651601223	-0.137980012693825	0.024	0.026	1	GNAI2	c22
0.458076319571605	0.137507395854506	0.021	0.019	1	CAMK4	c22
0.397819256062737	0.136715388317056	0.025	0.023	1	UBXN4	c22
0.19291851332696	-0.136099477337361	0.041	0.046	1	CD96	c22
0.00134888166691587	0.135631505395241	0.093	0.079	1	HSPB1	c22
0.642924391433161	0.135370026015668	0.012	0.011	1	LAP3	c22
0.489154361230246	-0.134566120655546	0.018	0.019	1	CXCR6	c22
0.55266951553913	0.134154395866394	0.018	0.017	1	MYO1F	c22
0.880854157533521	-0.133885214107072	0.012	0.012	1	GSN	c22
0.0484159995765911	0.132755535264813	0.152	0.141	1	CIRBP	c22
0.0901446932878281	0.132754586023106	0.111	0.103	1	SNRPD2	c22
0.153847680900743	0.131306374698542	0.075	0.069	1	RPS17	c22
0.421871155697951	-0.131207108565632	0.015	0.017	1	PPIG	c22
0.461415758259848	-0.131207108565632	0.014	0.016	1	NKTR	c22
0.355309510111076	-0.130833401779216	0.017	0.019	1	MATK	c22
0.0338027981243437	-0.130773042535276	0.127	0.14	1	RPL7	c22
0.00857834895698795	0.130556407427168	0.195	0.179	1	COX7C	c22
0.477344999278272	0.129881652953193	0.02	0.018	1	CCND2	c22
0.328273769328499	0.1297640934258	0.046	0.042	1	SMDT1	c22
0.0719850029693473	0.128203772323469	0.1	0.091	1	HMGN2	c22
0.531663324122629	0.128132813710421	0.015	0.014	1	MYLIP	c22
0.00874855931039709	-0.127506253759903	0.199	0.217	1	PABPC1	c22
0.38839576328527	0.126980225136782	0.034	0.031	1	ARL4C	c22
0.00785457022651167	0.126967257517374	0.229	0.211	1	RPL36A	c22
0.16596238666258	0.126742264165766	0.065	0.06	1	LIME1	c22
0.65586906308767	0.126552355227489	0.011	0.01	1	TGFBR2	c22
0.00137015251368219	-0.126039488883984	0.425	0.443	1	RPL5	c22
0.000112869106569702	-0.125908494042494	0.395	0.424	1	RPL15	c22
0.210894837699202	0.12550809567252	0.067	0.062	1	HIGD2A	c22
0.251025418637201	0.12511707567861	0.047	0.044	1	EIF4G2	c22
0.393003522120497	0.124983189080131	0.03	0.027	1	TCEA1	c22
0.0228390542372419	0.124332910268187	0.194	0.18	1	CYBA	c22
0.000681232803392117	-0.124224702304235	0.268	0.294	1	EEF1D	c22
0.428472631831837	-0.124090073289301	0.008	0.01	1	KIF2A	c22
0.253112832095253	0.123110080167053	0.041	0.038	1	TMEM59	c22
0.48340345241563	0.122736993500521	0.023	0.021	1	VCP	c22
0.520929043170813	-0.122549675568083	0.011	0.012	1	GABPB1-AS1	c22
0.00066549803460619	-0.122055876190322	0.554	0.565	1	RPL29	c22
0.415070534483944	-0.122001445963652	0.023	0.025	1	MAPRE2	c22
0.582431251639602	0.121821341562423	0.015	0.014	1	TRG-AS1	c22
0.401180145058461	-0.121308647499393	0.015	0.017	1	HLA-DRB3	c22
8.22967389367895e-05	-0.121139559722213	0.617	0.637	1	TPT1	c22
0.561377946048552	0.121054519456141	0.014	0.012	1	HIST1H1C	c22
0.620640767823036	0.121054519456141	0.014	0.013	1	EFHD2	c22
0.52990854319356	0.120720405745529	0.019	0.018	1	STXBP2	c22
0.283157023901269	0.120686739662962	0.021	0.019	1	TNFSF9	c22
0.700718071832793	0.120145492220527	0.011	0.01	1	USP3	c22
0.106493069911187	0.120134178847698	0.117	0.109	1	EIF3K	c22
0.327641776538774	0.119700854107847	0.043	0.04	1	WIPF1	c22
0.629053926823623	0.119157781196416	0.013	0.012	1	GPRIN3	c22
0.56558351867105	0.119077372791776	0.015	0.014	1	SEPP1	c22
0.419189381253439	-0.118823384109799	0.024	0.026	1	CBLB	c22
0.556851839738724	-0.118823384109799	0.009	0.01	1	ENTPD1	c22
0.228093583814674	0.117446451549022	0.046	0.042	1	CARD16	c22
0.497810686375829	0.116858959023644	0.024	0.022	1	LAMTOR1	c22
0.625869050875081	0.116720404877954	0.015	0.014	1	ATP6AP2	c22
0.0655574916362932	0.116531527431658	0.11	0.1	1	YBX1	c22
0.278630123068724	0.115936994747575	0.063	0.059	1	MBNL1	c22
0.0070394077356246	0.115926038486474	0.231	0.212	1	UBB	c22
0.195552501055483	0.114358949278981	0.076	0.071	1	VAMP2	c22
0.543397624023885	0.114260639128863	0.019	0.018	1	MRPS34	c22
0.830932440122205	-0.114010673429817	0.235	0.234	1	HSP90AA1	c22
0.683244749670636	0.113837372680477	0.012	0.012	1	PTPN2	c22
0.271169348103289	0.113593583734827	0.115	0.109	1	RPL17	c22
0.3485746561488	0.113473614374803	0.04	0.037	1	EIF5	c22
0.343729935500804	0.113409495450117	0.118	0.114	1	EVL	c22
0.669722528429482	0.113302679649716	0.013	0.013	1	PHIP	c22
0.569750184071044	0.112883015269643	0.019	0.018	1	PAPOLA	c22
0.00031220156272785	-0.112851786087262	0.406	0.434	1	RPS9	c22
0.566449364017938	-0.112782287440907	0.09	0.087	1	S100A9	c22
0.4448339692134	-0.11237098650743	0.023	0.024	1	IL2RB	c22
0.343241292665911	-0.112289895223001	0.039	0.042	1	TAPBP	c22
0.45530737119122	-0.112125278001296	0.018	0.02	1	RSL1D1	c22
0.0732143226942708	0.111541724629696	0.168	0.157	1	HINT1	c22
0.431258278849017	0.110537172533404	0.027	0.025	1	SCML4	c22
0.430459135947034	0.110434724768204	0.025	0.023	1	PRKCQ-AS1	c22
0.509693159678969	0.109957694901918	0.025	0.023	1	EIF3D	c22
0.423153891922814	-0.109852068510246	0.024	0.026	1	SEC62	c22
0.258762129333578	0.108837361422931	0.068	0.063	1	RPL22L1	c22
0.586380909619709	0.108680451044248	0.017	0.016	1	PAG1	c22
0.285490844548407	0.108383108719969	0.029	0.026	1	CTLA4	c22
0.259687151808783	-0.108344459298098	0.043	0.047	1	CD48	c22
0.745163021930687	0.108344458718648	0.011	0.01	1	DOCK10	c22
0.246850980375282	-0.106850742443723	0.031	0.035	1	PTP4A2	c22
0.189842143190253	-0.106693778293205	0.065	0.071	1	EIF3F	c22
0.320480839944178	0.106212195453499	0.039	0.036	1	HNRNPU	c22
0.728699134944232	0.105597236864133	0.012	0.011	1	ZRANB2	c22
0.246783955505288	0.1054931494547	0.081	0.076	1	CNBP	c22
0.76267168304215	0.104689925357689	0.01	0.009	1	SF3A1	c22
0.000617425219318058	-0.104213428134653	0.572	0.584	1	RPL36	c22
0.586651697222937	-0.103821220770552	0.009	0.01	1	AFF4	c22
0.33663878624503	-0.103583245547284	0.045	0.049	1	RNASET2	c22
0.903673395130506	-0.103455588115516	0.068	0.067	1	HLA-DRB1	c22
0.702781197489367	0.103304443912585	0.012	0.012	1	FLJ10038	c22
0.000153751572639141	-0.103288491364395	0.564	0.589	1	RPS13	c22
0.784966157613618	0.103120925702348	0.01	0.009	1	PRPF8	c22
0.0176258348115033	0.102589482934634	0.189	0.173	1	HSP90AB1	c22
0.377034495071711	0.102261635958896	0.05	0.047	1	EIF3H	c22
0.607142907247195	-0.102225292265305	0.055	0.057	1	CD63	c22
0.472462446608892	0.101863003530719	0.032	0.03	1	ST13	c22
0.0292044715922699	0.101338475703081	0.049	0.041	1	HMGB2	c22
0.485227334478388	0.100871167265415	0.029	0.027	1	GBP5	c22
0.273201409177024	-0.10056818028372	0.048	0.052	1	SON	c22
0.41421830847692	-0.100546088737691	0.034	0.036	1	SLC9A3R1	c22
