p_val	avg_log2FC	pct.1	pct.2	p_val_adj	gene	seurat_clusters
0	6.67932722349454	0.015	0	0	MT1M	c27
0	6.40655462205936	0.121	0.003	0	MT1G	c27
0	5.75225278709489	0.506	0.034	0	MT1X	c27
0	5.73792633306725	0.234	0.011	0	MT1E	c27
0	4.83528034978888	0.906	0.142	0	MT2A	c27
6.29889985240909e-289	3.81881148784008	0.092	0.01	1.30802954335127e-284	MT1F	c27
3.84918030857944e-93	0.734190419510293	0.689	0.493	7.99320782879606e-89	FTH1	c27
8.81049446696645e-89	1.01047675172984	0.392	0.213	1.82958728101025e-84	DUSP2	c27
7.46510254190611e-70	-0.590395642334619	0.828	0.891	1.55020319385222e-65	MALAT1	c27
1.22594831615462e-61	0.639045912383246	0.557	0.388	2.54580427332668e-57	ZFP36	c27
1.58345557538064e-53	0.617481160135706	0.638	0.496	3.28820384783545e-49	JUNB	c27
2.97546619061777e-48	1.4713215687693	0.103	0.04	6.17885309143687e-44	IER3	c27
4.20067590259485e-43	0.709828041688611	0.356	0.228	8.72312357932847e-39	NFKBIA	c27
3.23432201713508e-42	3.10618099613657	0.016	0.002	6.71639310078271e-38	MT1L	c27
1.40535604485348e-41	-0.731359065994322	0.755	0.835	2.91836236274274e-37	RNR2	c27
2.32293816176799e-41	0.460575856378514	0.579	0.449	4.82381338672741e-37	FTL	c27
4.58752455159816e-40	0.69320211295491	0.512	0.402	9.52645348384874e-36	FXYD5	c27
8.80782091435454e-40	1.68612886679417	0.072	0.026	1.82903209107486e-35	IL1B	c27
7.45714803396763e-36	1.78332494402876	0.053	0.017	1.54855136073372e-31	CXCL2	c27
2.18949737770898e-35	1.39845760114545	0.081	0.032	4.54671025455048e-31	H3F3C	c27
1.69417324108987e-33	1.77879423553586	0.044	0.013	3.51812015244723e-29	SEPP1	c27
3.26811690434821e-33	0.912107040442227	0.203	0.118	6.7865715635695e-29	GADD45B	c27
3.67058883989841e-32	-0.715372809520595	0.395	0.511	7.62234478493304e-28	ATP8	c27
5.10555964445413e-31	2.07746583811899	0.033	0.008	1.06022051576734e-26	CXCL3	c27
1.54275216262247e-29	0.701361490617955	0.3	0.204	3.20367914090182e-25	SAT1	c27
2.9907140909848e-29	-0.944000454819524	0.491	0.592	6.21051688133904e-25	RNR1	c27
6.07372784811871e-29	0.704992786180994	0.333	0.235	1.26127032494033e-24	IER2	c27
2.82533933310938e-28	0.841383981603514	0.173	0.099	5.86709965913493e-24	NR4A1	c27
5.46202199864022e-28	-0.695585648656846	0.381	0.489	1.13424348823763e-23	ND4L	c27
8.4616367698704e-27	1.84606640805785	0.036	0.011	1.75714349163129e-22	MRC1	c27
9.57632604701449e-27	0.544856558009511	0.37	0.267	1.98861986692303e-22	ZFP36L2	c27
1.37966601070984e-26	0.467638972143018	0.227	0.142	2.86501443784005e-22	CST3	c27
2.13656501668995e-26	0.655292664523792	0.246	0.161	4.43679091365834e-22	IFITM3	c27
2.90205641556865e-26	0.985912416259581	0.113	0.057	6.02641035256986e-22	SOCS1	c27
3.69607172590844e-26	0.838534051192968	0.062	0.025	7.67526254602146e-22	C1QB	c27
1.90442148694388e-25	1.09099787167499	0.097	0.047	3.95472165978767e-21	TUBB4B	c27
5.59854937517282e-25	1.37632476381533	0.053	0.02	1.16259476324839e-20	CH25H	c27
6.84584311279237e-25	1.11708991887148	0.065	0.027	1.42160778080246e-20	C1QA	c27
1.88252962286115e-24	2.62937357879419	0.014	0.002	3.90926101483346e-20	MMP19	c27
3.61980590687757e-24	0.922492321614542	0.059	0.024	7.51688894622196e-20	C1QC	c27
5.55900033465007e-24	1.16819313463155	0.083	0.039	1.15438200949343e-19	MS4A7	c27
1.01206775954306e-23	1.99717240396165	0.029	0.008	2.10165990946711e-19	PDK4	c27
2.38914047718483e-23	-0.465054046508448	0.549	0.644	4.96128911492202e-19	ATP6	c27
3.3483643437128e-23	2.10603702896342	0.028	0.008	6.953213396154e-19	THBS1	c27
3.70721957407155e-23	0.948336463980018	0.103	0.053	7.69841216751699e-19	CDKN1A	c27
4.85026507166611e-22	-4.59504538272753	0.002	0.048	1.00720604478218e-17	CD79A	c27
2.15507877948243e-21	-0.368499877589493	0.725	0.806	4.47523659347322e-17	COX1	c27
3.97525831025604e-21	-0.387762291010525	0.529	0.598	8.25502140707768e-17	RPL37	c27
7.85848950636446e-21	1.1627085741741	0.06	0.026	1.63189393089164e-16	CXCL8	c27
8.38488175710147e-21	0.802497213649865	0.136	0.08	1.74120454567969e-16	RHOB	c27
1.56244003482478e-20	1.65582832844744	0.036	0.013	3.24456297631715e-16	RNASE1	c27
2.7682919712309e-20	1.24787602207711	0.055	0.024	5.74863510745808e-16	BCL3	c27
2.82954351228892e-20	0.391966221333039	0.245	0.164	5.87583005761917e-16	TYROBP	c27
1.41464557437269e-19	1.40985151815776	0.077	0.038	2.93765299974232e-15	ISG15	c27
3.76071981649594e-19	-4.11130571628686	0.002	0.043	7.80951077093546e-15	MS4A1	c27
1.00540059340991e-18	1.62240879474189	0.03	0.01	2.08781487227502e-14	NLRP3	c27
1.72367543695532e-18	-0.45530429917642	0.382	0.466	3.57938441238143e-14	RPS26	c27
3.10256765905638e-18	1.19727527565494	0.053	0.024	6.44279200079647e-14	SPNS1	c27
3.59683396118284e-18	1.39313672456918	0.042	0.017	7.46918540379228e-14	CD163	c27
3.80993141440503e-18	-0.379690955083323	0.645	0.712	7.91170357515348e-14	ND3	c27
6.31623729478142e-18	0.324051121564537	0.572	0.486	1.31162983663431e-13	EIF1	c27
8.63622742165201e-18	1.29457654238101	0.046	0.019	1.79339898638026e-13	ATP5EP2	c27
1.03649756341274e-17	0.852834324604825	0.087	0.046	2.1523908401829e-13	NAMPT	c27
1.15025033589204e-17	-0.477473351471434	0.314	0.398	2.38860984751342e-13	RPL23A	c27
1.49676916191945e-17	1.70962256946111	0.026	0.008	3.10819084164192e-13	LOC646513	c27
2.53924678833398e-17	2.12558844610814	0.015	0.004	5.27299988065434e-13	LYVE1	c27
3.731576540787e-17	-0.248003412914988	0.853	0.861	7.74899184459828e-13	EEF1A1	c27
5.65810438334981e-17	1.06513041058594	0.061	0.029	1.17496195624642e-12	PLAUR	c27
8.36399612794963e-17	0.833666500002836	0.091	0.05	1.73686743593002e-12	ZNF331	c27
1.25449956411754e-16	1.28300398640729	0.04	0.017	2.60509379484648e-12	NINJ1	c27
1.264504640068e-16	0.632684575998587	0.136	0.085	2.62587033556521e-12	EGR1	c27
1.7307936058033e-16	0.982120601429928	0.079	0.042	3.59416600181113e-12	BCL2A1	c27
1.8975205976996e-16	-0.296656788166463	0.596	0.652	3.94039127318298e-12	RPS14	c27
2.78915087677779e-16	1.26894878565687	0.043	0.019	5.79195071071675e-12	C5AR1	c27
3.82119361428799e-16	-0.330823004436655	0.562	0.622	7.93509065943043e-12	RPS3A	c27
8.68993257670837e-16	-0.490251861651801	0.414	0.494	1.80455139887926e-11	CYTB	c27
1.22887567273622e-15	1.61527282738506	0.025	0.008	2.55188322200404e-11	DAB2	c27
1.41006096327526e-15	-0.461791815069914	0.244	0.325	2.92813259633741e-11	RPL37A	c27
2.4168409427562e-15	0.475583443930792	0.207	0.144	5.01881190172752e-11	GPX1	c27
3.28563983511797e-15	1.28072911927359	0.038	0.016	6.82295968160599e-11	PFKFB3	c27
3.38126421162217e-15	1.03650371714172	0.071	0.038	7.0215332618546e-11	SOD2	c27
7.43685161887043e-15	1.35015638872604	0.047	0.022	1.54433660717463e-10	ZFAND5	c27
8.31785655739473e-15	0.770021436716484	0.094	0.055	1.72728609270859e-10	SERTAD1	c27
1.21315555633621e-14	1.71134621965525	0.028	0.01	2.51923882828777e-10	MX1	c27
1.34231314593675e-14	0.388755458683227	0.305	0.234	2.78744747885225e-10	IFITM2	c27
1.70693759751823e-14	0.676074718041233	0.157	0.105	3.54462661500636e-10	NR4A2	c27
1.71245988392653e-14	-0.369091576062656	0.422	0.491	3.55609419496184e-10	RPS6	c27
1.97724660149088e-14	0.221444670007188	0.76	0.696	4.10595029265595e-10	TMSB10	c27
2.28683931622907e-14	1.65149973252134	0.022	0.007	4.7488505240813e-10	FOLR2	c27
3.40663471207354e-14	1.54359279259766	0.025	0.009	7.07421764309191e-10	F13A1	c27
3.54977946708981e-14	0.228228365588207	0.172	0.116	7.3714720413587e-10	IFI30	c27
5.1779025234008e-14	0.832406269095405	0.079	0.045	1.07524323800941e-09	CHMP1B	c27
5.79716862556358e-14	-0.503500290764885	0.205	0.279	1.20384003678453e-09	CD52	c27
6.47948621589892e-14	1.12900402571558	0.045	0.021	1.34553010759357e-09	CMPK1	c27
7.83000848010569e-14	0.492400690484041	0.211	0.151	1.62597956097875e-09	BTG2	c27
3.56192143856392e-13	0.407286751727478	0.143	0.094	7.39668605932183e-09	AIF1	c27
6.03698113575991e-13	-0.430182046899137	0.255	0.327	1.2536395026519e-08	RPSA	c27
6.86710260925096e-13	1.76434294583969	0.023	0.008	1.42602252783705e-08	EREG	c27
9.31608373976575e-13	0.920033451323464	0.06	0.032	1.93457794939976e-08	SNHG9	c27
1.55999613142894e-12	1.02308607310142	0.094	0.058	3.23948796652535e-08	AREG	c27
1.83478496643484e-12	0.292223422186847	0.48	0.411	3.81011446129858e-08	H3F3B	c27
2.62014689492663e-12	1.20700988846174	0.033	0.015	5.44099704200465e-08	NFE2L2	c27
6.89749731716261e-12	1.05536416312376	0.043	0.021	1.43233429288199e-07	RPL19P12	c27
7.15627598369582e-12	1.188671196122	0.035	0.016	1.48607227077427e-07	FOSL2	c27
8.28955949336765e-12	0.971479555619179	0.052	0.027	1.72140992439273e-07	LOC100506248	c27
1.16756369455406e-11	1.63057779504457	0.018	0.006	2.42456276811095e-07	A2M	c27
1.18256111022315e-11	-0.319850835120551	0.465	0.522	2.4557064014894e-07	RPS29	c27
1.20005122538824e-11	-0.364274347147236	0.329	0.396	2.49202637464123e-07	RPL9	c27
1.21443476456176e-11	1.14090730871041	0.031	0.013	2.52189523208896e-07	C15orf48	c27
1.24546695840104e-11	1.15090899466594	0.034	0.015	2.58633668581561e-07	ZC3H12A	c27
1.24891162034773e-11	-0.643544124541322	0.115	0.171	2.59348987081409e-07	RPL13A	c27
1.26650181001874e-11	1.23904670520216	0.03	0.013	2.63001765868491e-07	ATP1B3	c27
1.63733446609919e-11	0.149543284423821	0.512	0.432	3.40008875230158e-07	JUN	c27
1.65598404650769e-11	1.79695290749305	0.012	0.003	3.43881647097787e-07	VEGFA	c27
1.77733356476775e-11	0.835209034120467	0.072	0.042	3.69081088059671e-07	SGK1	c27
1.78992971227361e-11	0.87217677950983	0.062	0.034	3.71696804050737e-07	SNHG15	c27
1.93973264157468e-11	-0.385737817099277	0.522	0.588	4.02804880349399e-07	COX3	c27
2.15793140124368e-11	1.29074155406623	0.033	0.015	4.48116034782263e-07	NR4A3	c27
3.233910547556e-11	0.300713771598862	0.38	0.313	6.71553864305479e-07	SERF2	c27
5.26362767709787e-11	1.00561461296739	0.044	0.022	1.09304492342614e-06	MGST3	c27
5.918078979759e-11	1.54089562313435	0.016	0.005	1.22894828093675e-06	RASD1	c27
7.4529551373728e-11	-0.625413005350104	0.186	0.244	1.54768066382684e-06	ND5	c27
8.11068141772473e-11	1.38926066255455	0.021	0.008	1.68426410320472e-06	MS4A4A	c27
9.74727208061761e-11	1.52475018638566	0.021	0.008	2.02411852026105e-06	LGMN	c27
1.21454168517105e-10	0.675723547141896	0.1	0.065	2.52211726342621e-06	RPS18P9	c27
1.27979812878563e-10	-0.37904478429063	0.261	0.325	2.65762879423624e-06	RPL10A	c27
1.4024708497613e-10	-0.283773176111739	0.648	0.668	2.91237096661431e-06	RPS23	c27
1.61536315138987e-10	-0.501169901598358	0.258	0.317	3.35446312017621e-06	IL32	c27
1.72657137072212e-10	1.40698115745774	0.018	0.006	3.58539810844156e-06	GPR34	c27
1.97220733499327e-10	0.628280290750639	0.087	0.054	4.09548575184703e-06	TIMP1	c27
1.98881861391794e-10	1.16054759520761	0.047	0.025	4.129980733662e-06	IFI6	c27
2.94168398206845e-10	1.38156350562425	0.02	0.008	6.10870095716334e-06	ACSL1	c27
4.8393091300067e-10	-0.300926449555948	0.578	0.611	1.00493093393719e-05	RPS8	c27
5.53473358734048e-10	-1.01318014203626	0.037	0.073	1.14934277674712e-05	KLRD1	c27
5.6924349661282e-10	-0.208801027637449	0.719	0.739	1.18209104506618e-05	RPL34	c27
5.70211712345154e-10	0.868051932065593	0.053	0.029	1.18410164185595e-05	H2AFV	c27
6.83511568693132e-10	-0.829883567665429	0.126	0.174	1.41938012354816e-05	GZMA	c27
7.39290168441971e-10	1.64011334324177	0.014	0.005	1.5352099637866e-05	SLCO2B1	c27
7.43148569072314e-10	-0.685296514658142	0.123	0.173	1.54322231853557e-05	LTB	c27
7.45497504456656e-10	0.413370803178798	0.21	0.16	1.54810011775469e-05	DDIT4	c27
8.14093184415213e-10	0.628405061138589	0.114	0.078	1.69054590675663e-05	CCL3	c27
8.99706027608575e-10	1.86952082244284	0.01	0.003	1.86832953693197e-05	RNU5A-1	c27
1.02354035958509e-09	0.427713836271105	0.118	0.081	2.12548391071439e-05	CITED2	c27
1.04411092516875e-09	0.772958021112112	0.06	0.035	2.16820074720544e-05	CREM	c27
1.14549607458933e-09	1.30965025761557	0.022	0.009	2.37873714849221e-05	NFKB1	c27
1.44827800851679e-09	1.20122176405646	0.026	0.011	3.00749411248597e-05	PER1	c27
1.47972830201683e-09	0.53138845174656	0.08	0.051	3.07280379196815e-05	CTSB	c27
1.55083575862315e-09	0.646880159524823	0.087	0.056	3.22046553635683e-05	NDUFB2	c27
1.87996283679862e-09	1.20805399221273	0.025	0.011	3.90393082689601e-05	TUBB2A	c27
2.03514365035443e-09	0.65428967077312	0.097	0.064	4.22617930432602e-05	RPL21P28	c27
2.03803900989971e-09	-0.489734974174199	0.188	0.242	4.23219180795773e-05	TXNIP	c27
2.12147776605051e-09	0.410741221192479	0.42	0.363	4.40546072898048e-05	GAPDH	c27
2.15041437003684e-09	-0.410531419004012	0.177	0.233	4.46555048081851e-05	PTPRCAP	c27
2.39579546082416e-09	0.339766810151334	0.149	0.107	4.97510885394744e-05	FCER1G	c27
2.60572500086689e-09	1.81643987803462	0.013	0.004	5.41104853680019e-05	FN1	c27
2.78951093323896e-09	1.79370031569388	0.011	0.003	5.79269840396402e-05	RAB20	c27
3.15415276706059e-09	0.531516607691201	0.128	0.09	6.54991363607802e-05	LOC101929531	c27
3.86554263299894e-09	1.26160585674208	0.039	0.02	8.0271858316856e-05	G0S2	c27
3.99573322663667e-09	-1.65196297459651	0.083	0.125	8.29753961843371e-05	RN7SK	c27
4.56767443108773e-09	1.29421063596244	0.022	0.009	9.48523272359678e-05	UBE2S	c27
4.65119578435054e-09	1.03445582926974	0.04	0.021	9.65867316578233e-05	SNORA78	c27
4.81228554011526e-09	-0.250059086921336	0.465	0.519	9.99319215260336e-05	RPL3	c27
6.21188161197797e-09	1.30709665673655	0.019	0.008	0.000128995933554335	ELL2	c27
6.32428138269905e-09	0.767383400159736	0.052	0.03	0.000131330027193129	BRE-AS1	c27
6.35156878185827e-09	1.85224560810818	0.01	0.003	0.000131896677324069	CBWD1	c27
6.7505817696268e-09	-0.208992948829147	0.687	0.696	0.00014018258102807	RPS27A	c27
6.9826257352073e-09	0.556930592134814	0.108	0.074	0.000145001206017315	PCBP1	c27
7.39947079699948e-09	0.696217880334614	0.063	0.038	0.000153657410570491	DDIT3	c27
7.59236600661242e-09	0.651300383706094	0.077	0.049	0.000157663072493313	HNRNPA1P10	c27
7.68617887625953e-09	-0.323976474837788	0.27	0.329	0.000159611190544405	RPS16	c27
9.16066817720345e-09	1.34686846111501	0.018	0.007	0.000190230435367807	OLR1	c27
9.77981231758112e-09	0.528066213098735	0.114	0.079	0.000203087582586889	GPX4	c27
1.15732381097142e-08	0.947279442326329	0.043	0.024	0.000240329862586325	PLIN2	c27
1.19689129989729e-08	1.53650336781134	0.014	0.005	0.000248546447336672	PRR7	c27
1.2508281628921e-08	0.756163207834792	0.056	0.033	0.000259746976306174	SLC38A2	c27
1.56662080369269e-08	0.185387327695341	0.377	0.314	0.000325324476094823	S100A6	c27
1.72440683689667e-08	1.56158695456604	0.013	0.005	0.000358090323749962	PIN4	c27
1.79642233128044e-08	0.937184549171111	0.035	0.018	0.000373045061313697	KLF4	c27
1.80694564139147e-08	1.22961671082572	0.018	0.007	0.000375230331891353	GEM	c27
1.95801444706107e-08	1.33635458144463	0.017	0.007	0.000406601280076702	RNU4-2	c27
2.18795030966008e-08	0.184046820623393	0.58	0.521	0.000454349761304012	PTMA	c27
2.55028760868303e-08	-0.2076353252619	0.542	0.588	0.000529592724819118	RPL35A	c27
2.56817192619887e-08	1.06668067174339	0.024	0.011	0.000533306582194457	OSM	c27
2.85354047996175e-08	0.28477304842584	0.235	0.185	0.000592566216068857	S100A11	c27
3.06910627813952e-08	0.213945806306506	0.482	0.421	0.000637330609718453	SH3BGRL3	c27
3.19750850441424e-08	-1.12777005144373	0.024	0.051	0.000663994616026661	SELL	c27
3.49457740051336e-08	1.17602203215459	0.024	0.011	0.000725683942990605	STAB1	c27
3.58443285724289e-08	0.97142035039911	0.032	0.016	0.000744343327135059	ATP5L2	c27
4.32471180780279e-08	1.03182325670467	0.033	0.017	0.000898069654008328	INSIG1	c27
4.42485958209244e-08	0.419668140328107	0.101	0.069	0.000918866340817315	NPC2	c27
4.45727333448815e-08	0.935328037473808	0.036	0.02	0.00092559738063981	LINC00493	c27
5.01951309820381e-08	0.624017601955928	0.088	0.059	0.001042352089973	KLF2	c27
5.32246470267878e-08	0.854813213055525	0.041	0.023	0.00110526302015828	H2AFX	c27
5.85079419050989e-08	-0.330011512592954	0.204	0.257	0.00121497592160128	CD3E	c27
5.85147715566892e-08	0.399304855642945	0.097	0.066	0.00121511774614621	TNF	c27
6.44940521839484e-08	0.56310035937502	0.09	0.061	0.00133928348765187	ATF3	c27
6.77455188248066e-08	0.622875626270571	0.081	0.054	0.00140680344391593	SELK	c27
7.23011896652194e-08	0.823124041334871	0.043	0.024	0.00150140650458795	MZT2A	c27
7.2765610601817e-08	0.456744771696411	0.171	0.131	0.00151105066975733	COTL1	c27
7.45769595784449e-08	1.59540473994945	0.011	0.004	0.00154866514260599	SLC1A3	c27
8.10288811933999e-08	0.378447526397059	0.219	0.174	0.00168264574686214	MIF	c27
9.6298772655237e-08	0.575901254575408	0.086	0.058	0.00199974031295865	RBM8A	c27
9.64472726691635e-08	1.05535221479451	0.026	0.013	0.00200282406424785	SRSF9	c27
1.05312311076179e-07	0.900646610165762	0.037	0.02	0.00218691545180793	NAA10	c27
1.07769879049851e-07	1.3013478279825	0.017	0.007	0.00223794930834921	PABPC4	c27
1.08288359096996e-07	0.518312888754521	0.077	0.051	0.00224871606500822	CD83	c27
1.08937264634163e-07	-0.172431102898241	0.79	0.786	0.00226219123739303	RPL30	c27
1.18092779935841e-07	-0.265899358851144	0.559	0.586	0.00245231466814767	HLA-A	c27
1.22976437526893e-07	-0.384377794916503	0.157	0.205	0.00255372870168345	EEF1G	c27
1.25972209577236e-07	-0.167116883574441	0.84	0.832	0.00261593890408089	RPL39	c27
1.34349613026046e-07	0.80740828897207	0.044	0.025	0.00278990406409888	MZT2B	c27
1.35669909628036e-07	1.17274451148634	0.021	0.009	0.00281732134333579	THAP3	c27
1.40797650760367e-07	0.704500617684049	0.057	0.035	0.00292380401568979	CCDC85B	c27
1.42301468815318e-07	0.581860185014947	0.072	0.047	0.00295503230141888	SOCS3	c27
1.49069862718421e-07	-0.553467047525974	0.112	0.153	0.00309558476921073	CD37	c27
1.5339239318486e-07	1.09493733442642	0.023	0.011	0.0031853464368768	ICAM1	c27
1.56959986113174e-07	0.522193726695658	0.097	0.067	0.00325943107162618	SLC25A5	c27
1.68284733594458e-07	0.666351200514653	0.061	0.039	0.00349460077782251	BST2	c27
1.69496974467304e-07	1.34032561524824	0.016	0.006	0.00351977417178803	FAM159A	c27
2.02164262526161e-07	-0.275960693548666	0.378	0.426	0.00419814307561827	RPS5	c27
2.10304753718104e-07	0.480596107560815	0.114	0.082	0.00436718851571014	RGCC	c27
2.14120677902342e-07	1.16272843091805	0.021	0.009	0.00444642999732003	CYB5R3	c27
2.17726334006776e-07	0.759714728846113	0.048	0.029	0.00452130505198472	DYNLT1	c27
2.32178317925173e-07	0.581050861101309	0.076	0.051	0.00482141495003414	ARL6IP4	c27
2.36607598503372e-07	1.58502819830977	0.011	0.004	0.00491339339052102	HERC5	c27
2.52973440474014e-07	-0.226560033586909	0.431	0.479	0.00525324646488338	RPLP2	c27
2.65396859667606e-07	2.19884628134167	0.01	0.003	0.0055112311878575	SPP1	c27
2.81068697886969e-07	1.17566163369687	0.018	0.008	0.0058366725803208	THBD	c27
2.82510174825352e-07	-0.313848141604881	0.283	0.227	0.00586660629042325	CCL4	c27
2.90576777949502e-07	0.425941820808766	0.135	0.1	0.00603411737089936	ATP6V0C	c27
3.41854913614076e-07	-0.420747524479575	0.125	0.168	0.0070989591361099	RPL27A	c27
3.73265963898892e-07	1.2842861921272	0.017	0.007	0.00775124100632439	ARL5B	c27
3.75087656541524e-07	-1.85666552618342	0.007	0.024	0.00778907027574129	NAPSB	c27
4.10125186451836e-07	-4.68125862120213	0	0.012	0.00851665962185883	BANK1	c27
4.16157703538199e-07	0.605332249551714	0.066	0.043	0.00864193087167423	ATP5D	c27
4.60570327466212e-07	-0.420475591070171	0.13	0.172	0.00956420342016336	RPS11	c27
4.72337908358527e-07	-4.6961260025034	0	0.012	0.00980856900497318	LINC00926	c27
5.05902067887212e-07	0.560730576879789	0.068	0.045	0.0105055623417458	CXCL13	c27
5.3662503212432e-07	0.533741096897596	0.09	0.063	0.0111435554170936	SRSF2	c27
5.74774034179919e-07	0.536266939969092	0.096	0.068	0.0119357575937802	LITAF	c27
5.97945599176624e-07	0.860587328898813	0.038	0.022	0.0124169383125018	CEBPB	c27
6.21703770652852e-07	0.696122466037519	0.048	0.029	0.0129103005013771	FAM177A1	c27
6.40697403706813e-07	0.97994481213649	0.027	0.014	0.0133047222853757	MAGOH	c27
6.43897510376754e-07	0.934053070093243	0.03	0.016	0.0133711757004837	PIM3	c27
6.813831623791e-07	0.635290959784923	0.062	0.04	0.0141496027499644	NHP2L1	c27
6.92111745796762e-07	0.856006791339682	0.038	0.022	0.0143723925132156	DGCR6L	c27
7.05663959424846e-07	1.38982060629955	0.014	0.006	0.0146538177814164	CPM	c27
7.07509257586863e-07	0.258190027930098	0.232	0.187	0.0146921372430488	TNFAIP3	c27
7.14185724578655e-07	0.184866386838293	0.152	0.115	0.0148307807566004	PSAP	c27
8.25987470233206e-07	0.928516573329487	0.029	0.015	0.0171524558068628	SVIP	c27
8.3955370895422e-07	-0.31589103477907	0.206	0.253	0.0174341723201433	RPL38	c27
8.41614018462713e-07	-1.83102655749871	0.006	0.022	0.0174769567073967	HIST1H1E	c27
8.42811944099952e-07	0.600069368039849	0.082	0.057	0.0175018328311796	SQSTM1	c27
8.63143211380996e-07	-0.181693671042592	0.781	0.77	0.0179240319275378	RPL32	c27
8.86471652859536e-07	1.51738948143441	0.011	0.004	0.0184084703432811	FAM89B	c27
9.20926726828157e-07	0.935001035484219	0.029	0.015	0.0191239644093135	DCK	c27
9.38285699004417e-07	0.357378012031027	0.104	0.075	0.0194844408255257	HERPUD1	c27
9.65031808498778e-07	-0.185099923452981	0.6	0.637	0.0200398505352856	TPT1	c27
9.66258558230792e-07	-0.116730397289059	0.875	0.872	0.0200653252202206	RPS27	c27
1.00739505748204e-06	0.891113838928818	0.031	0.017	0.0209195657636721	KHDRBS1	c27
1.00911873311604e-06	-0.229065445921387	0.82	0.85	0.0209553596118876	COX2	c27
1.17926052467396e-06	1.27347664506209	0.015	0.007	0.0244885240553795	CD151	c27
1.23732226654059e-06	-4.43290669685291	0.002	0.015	0.0256942341869819	IGJ	c27
1.25228455399898e-06	1.19014826146319	0.018	0.008	0.0260049410483428	RNF144B	c27
1.2752452123017e-06	-0.35309610245503	0.189	0.233	0.026481742078657	SARAF	c27
1.36001328388352e-06	1.35347875923584	0.013	0.005	0.0282420358531251	MAFF	c27
1.37219382822802e-06	0.981175923917475	0.025	0.013	0.0284949770369831	TMUB1	c27
1.37552153306957e-06	1.55951560454634	0.01	0.003	0.0285640801557228	LOC613037	c27
1.38158245734894e-06	1.57593764124445	0.011	0.004	0.0286899413093081	ANKRD37	c27
1.38658222223619e-06	0.794527381963051	0.039	0.023	0.0287937664269566	MEAF6	c27
1.42253737965421e-06	0.99810418125533	0.024	0.012	0.0295404112258993	PDCL3	c27
1.4456684783273e-06	0.541799023316329	0.082	0.057	0.0300207516209447	SAP18	c27
1.47108978807993e-06	0.375915004274337	0.095	0.068	0.0305486505392677	LST1	c27
1.57347200267344e-06	0.244310913800092	0.376	0.331	0.0326747196075167	BTG1	c27
1.61106063685821e-06	-0.521592783180754	0.188	0.227	0.0334552851849977	IL7R	c27
1.61474087710117e-06	-0.362279078492294	0.159	0.201	0.033531709053883	DDX5	c27
1.65589592292172e-06	0.513977140605604	0.075	0.051	0.0343863347353924	KMT2E-AS1	c27
1.65661417907184e-06	-0.1745765479161	0.644	0.672	0.0344012500426058	RPS4X	c27
1.71818902046353e-06	0.540020949610736	0.079	0.055	0.0356799131989456	NFKBIZ	c27
1.80875618938503e-06	-0.15874423516167	0.626	0.656	0.0375606310287694	RPL26	c27
1.80910407464913e-06	-0.167885877391313	0.697	0.704	0.0375678552141638	RPS3	c27
1.90261353962096e-06	0.777494502401535	0.04	0.024	0.0395096727637689	MRPL52	c27
1.93914250942205e-06	-0.368078905790806	0.14	0.181	0.0402682333506583	PTPRC	c27
2.0422998143015e-06	0.495080394038006	0.095	0.068	0.0424103979437849	PSME2	c27
2.11120922233154e-06	1.35987764323864	0.016	0.007	0.0438413707109368	TWISTNB	c27
2.13460047942261e-06	1.02321017008876	0.024	0.012	0.04432711355569	LOC101929910	c27
2.15356593355128e-06	1.38487478369475	0.012	0.005	0.0447209501761259	ID1	c27
2.18066528478916e-06	-0.183506992584398	0.516	0.555	0.0452836953039317	RPL7A	c27
2.22839439382133e-06	-0.138369236331362	0.822	0.814	0.0462748379820936	RPL13	c27
2.42789122827436e-06	0.641764706260807	0.015	0.007	0.0504175892463453	APOE	c27
2.62309829982057e-06	-0.770464496483774	0.048	0.075	0.054471259294074	PRF1	c27
2.63789795095116e-06	0.634572520519892	0.061	0.04	0.0547785888494518	PSMB10	c27
2.65656093250903e-06	0.986131539589254	0.024	0.012	0.0551661443244826	NCF1B	c27
2.87543169034091e-06	0.710139448325261	0.044	0.027	0.0597112144816194	MRPL41	c27
2.88186013804904e-06	0.446904012038847	0.043	0.026	0.0598447076267265	LINC01272	c27
2.96522545375759e-06	1.52677218397088	0.01	0.004	0.0615758717727301	ZFYVE28	c27
3.09030896612973e-06	0.747944327687667	0.036	0.021	0.06417335599065	ODC1	c27
3.28626768148527e-06	0.612396308464668	0.06	0.039	0.0682426346737232	NDUFB8	c27
3.28647578454107e-06	0.661671424816989	0.05	0.032	0.0682469561417799	NDUFB10	c27
3.40316070148354e-06	1.30192484830452	0.013	0.006	0.0706700351270071	BBC3	c27
3.43285088158682e-06	0.430001062098465	0.081	0.057	0.0712865814070318	LGALS3	c27
3.49141190932758e-06	1.12469886703067	0.018	0.008	0.0725026597090965	PARP10	c27
3.59528502196532e-06	-0.311910961948053	0.195	0.238	0.0746596887661319	RPL4	c27
3.70726379586857e-06	-1.46093793957528	0.113	0.142	0.0769850399850067	GNLY	c27
3.74718737644847e-06	0.712111597690123	0.033	0.019	0.077814093059329	TNFSF9	c27
3.81149341906063e-06	0.87784784934588	0.029	0.016	0.079149472340213	BUD31	c27
4.16206857857067e-06	1.32681080877376	0.015	0.007	0.0864295161025986	OAS1	c27
4.4605765479325e-06	-4.42464741903704	0	0.01	0.0926283325943663	VPREB3	c27
4.76388153681184e-06	0.589678342241289	0.064	0.043	0.0989267639934346	CSRNP1	c27
4.91096531195323e-06	0.756524884685043	0.037	0.022	0.101981105668021	LOC642441	c27
5.0271424276937e-06	0.935910215376421	0.025	0.013	0.104393639653487	TMEM160	c27
5.42567558117821e-06	0.71008642658502	0.044	0.027	0.112669579118747	ZNF706	c27
5.77391018788448e-06	1.35482518494335	0.013	0.005	0.119901018961609	GOLT1B	c27
5.90856465169888e-06	1.17178425273231	0.016	0.007	0.122697253557179	ATG101	c27
5.93960576727665e-06	1.02097338122869	0.021	0.01	0.123341853363267	TMEM147	c27
5.9559464962093e-06	0.419773828401183	0.104	0.077	0.123681184940282	LDHA	c27
6.16649070674548e-06	-0.335890398577559	0.148	0.187	0.128053346016277	TOMM7	c27
6.35524877498656e-06	-4.3564537655592	0	0.01	0.131973096061371	RALGPS2	c27
6.48800534837417e-06	-0.405607677664652	0.105	0.14	0.134729919064338	RPL7	c27
6.543276580494e-06	0.782892275660175	0.034	0.02	0.135877681470538	PSMB6	c27
6.71932672224746e-06	1.18176047597047	0.015	0.007	0.139533538714191	COX19	c27
6.96794158344574e-06	-0.85385381171998	0.026	0.047	0.144696274921834	MYH9	c27
7.022585867438e-06	1.58469272684195	0.018	0.009	0.145831018123218	CCL20	c27
7.12514149502536e-06	1.46731204987617	0.01	0.004	0.147960688285697	TAF10	c27
7.45759610088159e-06	0.232469773053549	0.342	0.298	0.154864440630907	SRGN	c27
7.53003531686563e-06	-1.006073255542	0.018	0.036	0.156368713390032	EVI2B	c27
7.56424470298849e-06	-0.19418057996769	0.513	0.544	0.157079105502259	RPS25	c27
8.41283581241874e-06	0.404167267566654	0.132	0.102	0.174700948480688	MCL1	c27
8.41673005399177e-06	0.911773309494912	0.024	0.013	0.174781816301193	SYAP1	c27
8.44637971376673e-06	-4.91880283883158	0.001	0.012	0.17539752113608	IGLL5	c27
8.47268164021112e-06	0.817032819524502	0.033	0.019	0.175943706940624	C19orf66	c27
8.59330698689485e-06	1.10563842559956	0.018	0.009	0.178448612889859	IFI35	c27
8.63846717799705e-06	-2.38672992380708	0.003	0.016	0.179386409418287	MTRNR2L8	c27
9.292301140764e-06	0.898458306042275	0.027	0.015	0.192963925489105	STUB1	c27
9.73707674561485e-06	-0.27359305718725	0.248	0.291	0.202200135699438	EEF1B2	c27
1.03592759856287e-05	0.559032989776829	0.107	0.081	0.215120725117565	ISG20	c27
1.04391351547981e-05	1.29306201741921	0.012	0.005	0.216779080624536	MOB2	c27
1.08713350097363e-05	0.526086083941686	0.069	0.048	0.225754142812185	RGS10	c27
1.09466423977282e-05	1.29167280687288	0.012	0.005	0.227317976031224	SMIM19	c27
1.11559443115255e-05	1.21162798887364	0.014	0.006	0.231664339573138	LOC554223	c27
1.26677544283722e-05	0.881677573189027	0.025	0.014	0.263058588459576	YPEL3	c27
1.3082121330265e-05	1.21304193381618	0.012	0.005	0.271663331544283	PLTP	c27
1.36599368333818e-05	1.42122641066586	0.011	0.005	0.283662248282006	IL1RN	c27
1.37268215736194e-05	1.10908881897131	0.016	0.008	0.28505117679778	LUC7L	c27
1.37822856108015e-05	0.713637700239489	0.041	0.026	0.286202942993905	SNHG1	c27
1.39658053070429e-05	0.675367272383456	0.041	0.026	0.290013913006053	SH2D1A	c27
1.41843636612263e-05	-2.35789286297618	0.002	0.014	0.294552495789025	IRF8	c27
1.49495582112764e-05	0.663965002417093	0.044	0.028	0.310442525815365	MAFB	c27
1.55871130468426e-05	0.660895565451523	0.043	0.028	0.323681989530733	EMD	c27
1.56376025300453e-05	0.486799557152688	0.093	0.069	0.324730454138921	TUBA4A	c27
1.57819887868174e-05	0.687088083305474	0.035	0.021	0.327728779147051	IRF7	c27
1.58706317445446e-05	0.989812520554754	0.02	0.01	0.329569538807212	PSMD13	c27
1.69599559159809e-05	1.06274920813623	0.017	0.008	0.35219044455126	ETS2	c27
1.70075216265215e-05	0.526495030429298	0.069	0.049	0.353178194096346	BRD2	c27
1.80849770782589e-05	1.12537800607295	0.015	0.007	0.375552634007124	DAZAP1	c27
1.87903894368838e-05	-0.68213475066904	0.048	0.072	0.390201227046329	ND6	c27
1.88487654662452e-05	-0.132093175578731	0.799	0.795	0.391413463672047	RPS15A	c27
1.95051831120558e-05	1.37467712003901	0.01	0.004	0.405044632504952	ZDHHC12	c27
2.01551414329303e-05	0.625422884853615	0.047	0.03	0.41854166699623	FAM96B	c27
2.03923089651683e-05	1.68621360907978	0.011	0.004	0.423466687970684	CRIP2	c27
2.1080262373615e-05	0.568566418678153	0.056	0.038	0.437752728450489	HLA-G	c27
2.15026374065398e-05	0.216940270861918	0.097	0.072	0.446523768384206	TUBA1B	c27
2.16289076741967e-05	0.425895020928868	0.068	0.048	0.449145896762368	GLUL	c27
2.24659526081477e-05	1.1370025965089	0.015	0.007	0.466527971860794	TESC	c27
2.28671516706774e-05	1.02330118133087	0.018	0.009	0.474859271593287	SSBP4	c27
2.40454539467784e-05	-0.194369458853727	0.695	0.696	0.499327896658801	RPS18	c27
2.40641298283565e-05	0.503119740868843	0.071	0.05	0.499715720015651	C9orf16	c27
2.46655597803957e-05	0.301160289058814	0.116	0.089	0.512205014399697	HSPE1	c27
2.4909250896886e-05	-0.194977125404817	0.382	0.424	0.517265504124734	RPL15	c27
2.49465784180139e-05	0.64712418528234	0.04	0.026	0.518040647428478	BHLHE40	c27
2.55768363170668e-05	0.76476412365357	0.031	0.018	0.531128582960209	GABARAPL1	c27
2.82101003803203e-05	0.874900673453493	0.025	0.014	0.585810944497732	LOC100996919	c27
3.01407753948346e-05	0.785768732382174	0.048	0.032	0.625903341849135	FGL2	c27
3.15621462952767e-05	1.05324573544779	0.017	0.008	0.655419529967716	NDUFS3	c27
3.32359313352881e-05	1.17758479999928	0.013	0.006	0.690177350108593	TMEM191A	c27
3.40538536941415e-05	0.459583900316566	0.079	0.057	0.707162325812543	NDUFS5	c27
3.43437934138471e-05	-1.81218657484653	0.004	0.015	0.713183214031949	CD79B	c27
3.54290837540662e-05	-0.516198161768964	0.094	0.123	0.735720353236939	CTSW	c27
3.62468757028336e-05	0.339965174270936	0.093	0.069	0.752702620845043	SERPINA1	c27
3.7507836369125e-05	1.14810492178923	0.013	0.006	0.77888773004125	NPIPB11	c27
3.90549090471015e-05	1.08571378849944	0.015	0.007	0.811014241272109	SRM	c27
3.91224777405091e-05	0.399870822992031	0.101	0.077	0.812417372759412	GUK1	c27
4.04530060441103e-05	-0.304777985884821	0.155	0.19	0.840047123511996	EEF2	c27
4.35053654671875e-05	0.691454179523466	0.041	0.027	0.903432419291615	NDUFB7	c27
4.47874883813614e-05	0.429294807411587	0.089	0.066	0.93005698372735	HLA-DRB1	c27
4.61084414773281e-05	1.00308421578409	0.018	0.009	0.957487895718195	ADSL	c27
4.77799249871299e-05	0.21172643580295	0.293	0.253	0.992197922282741	MYL6	c27
0.00271868670629304	-2.9150467541462	0.004	0.011	1	MZB1	c27
0.000171925952941135	-2.12790501519712	0.002	0.01	1	KLRF1	c27
0.000217280150062925	-2.11638778300719	0.002	0.01	1	SMIM14	c27
0.000225827827118669	-2.05596284133413	0.002	0.01	1	BPTF	c27
0.000426317944388259	-1.42631408469045	0.006	0.016	1	FOXP3	c27
0.000136054010803839	1.39070923893676	0.011	0.005	1	CYB5A	c27
0.00156186884533882	-1.36633855309996	0.004	0.011	1	ZRANB2	c27
0.0025625319879772	1.29966616904295	0.01	0.005	1	CSRP1	c27
0.000105607009860332	1.29342464027921	0.01	0.005	1	C3AR1	c27
0.00012839907814561	1.28001659729481	0.01	0.004	1	RING1	c27
0.00356083096837232	-1.25403558347517	0.004	0.011	1	PHF3	c27
0.00820037490616363	1.2499769440951	0.01	0.006	1	FXYD2	c27
0.0458546682641823	-1.23327702330837	0.012	0.018	1	STMN1	c27
6.54588737616721e-05	1.23283466056474	0.011	0.005	1	IFI44L	c27
0.000403260027600698	1.22438299584956	0.01	0.005	1	CCDC28A	c27
0.000305473521166815	1.21418195366285	0.011	0.005	1	NTMT1	c27
0.000134239997890511	1.21377470029645	0.012	0.005	1	TSC22D1	c27
0.000186244779966952	1.21210985989065	0.01	0.005	1	RFXANK	c27
0.000376038738865083	1.1955662754955	0.01	0.005	1	ZNF267	c27
0.000125199601402628	1.17897534954393	0.011	0.005	1	MFSD11	c27
0.000458151362471998	1.17897534954393	0.011	0.005	1	RASGEF1B	c27
0.000596823086503534	1.15731106747922	0.012	0.006	1	LOC100996747	c27
9.02664446804104e-05	-1.15316870986668	0.025	0.043	1	MTRNR2L2	c27
0.00171800689480736	1.14980370919881	0.013	0.007	1	GBP1	c27
8.15417127364555e-05	1.14950627696584	0.014	0.007	1	COMTD1	c27
0.000263760522021347	1.14160766501037	0.012	0.006	1	IL10	c27
0.000723765826273958	1.1372517107051	0.01	0.005	1	TP53TG1	c27
0.000750680595100078	1.1372517107051	0.01	0.005	1	PEF1	c27
0.000101210348593497	1.13647959666961	0.012	0.006	1	CLEC4E	c27
0.00157765258757766	1.1247383718169	0.01	0.005	1	IRS2	c27
0.000166739185332345	1.12035993130633	0.012	0.006	1	UBE2J2	c27
0.000655143287226201	1.12035993130633	0.01	0.005	1	PFKP	c27
0.000348557176902091	1.10971268710682	0.011	0.005	1	TRAPPC4	c27
0.000287784259064844	1.10632209790605	0.012	0.006	1	HNRNPA1L2	c27
0.0008380721135708	1.09579667826652	0.01	0.005	1	JOSD1	c27
4.97085977233366e-05	1.09575046396233	0.015	0.007	1	BCL7B	c27
0.000505561798133625	1.09097612452523	0.012	0.006	1	LPAR2	c27
0.00117719833146581	1.0819460477011	0.012	0.006	1	CCDC53	c27
6.66074135592347e-05	-1.07875495326051	0.017	0.033	1	FGFBP2	c27
0.000122116202401689	1.07465988730127	0.014	0.007	1	BLOC1S4	c27
0.000144202774972399	1.07038206343789	0.014	0.007	1	CPSF3L	c27
0.00098794324934463	1.06602009707942	0.013	0.007	1	SLC40A1	c27
0.000180443379893942	1.05687569602413	0.017	0.009	1	RGS16	c27
0.000823840270688812	1.05251728552528	0.011	0.006	1	PFDN4	c27
0.000798288069846445	1.04997060341493	0.011	0.006	1	PARL	c27
0.00107557710152156	1.04831214244268	0.011	0.005	1	MOSPD3	c27
0.000317522092230964	1.04629998091784	0.013	0.006	1	METRNL	c27
0.000727163280403018	1.04586620508219	0.012	0.006	1	NACA2	c27
0.000920916148507197	1.03856584014268	0.011	0.006	1	GNPTG	c27
0.00180577006429837	1.03547103371982	0.01	0.005	1	MRPL9	c27
0.000980316921690252	1.03478419960025	0.011	0.006	1	TREX1	c27
0.000250824602827644	1.03068961088162	0.016	0.008	1	OASL	c27
0.00140398756118705	1.02986647512186	0.011	0.006	1	PPHLN1	c27
0.00142624477325922	1.02594432941422	0.011	0.006	1	AKR7A2	c27
0.002474069819784	1.02439087277561	0.01	0.005	1	ACYP1	c27
0.00192200312111842	-1.02185059512113	0.008	0.017	1	MEF2C	c27
6.39618337203895e-05	1.01442648655726	0.017	0.009	1	BAG1	c27
0.00010637798263353	1.01365292351413	0.016	0.008	1	NARF	c27
0.000113027916832816	1.0118495544782	0.016	0.008	1	PYCR2	c27
0.000453879290190629	1.01017701355591	0.013	0.007	1	EXOSC8	c27
0.000434056122067495	1.00911659818961	0.013	0.007	1	TMEM120A	c27
0.00444587106411363	-1.00788458218749	0.007	0.014	1	HIST1H1D	c27
0.00252265481091952	1.00769175016631	0.012	0.007	1	TRIB1	c27
0.00224061596026834	-1.00331443908023	0.008	0.017	1	CISH	c27
0.00145409132955446	1.00118823032865	0.011	0.006	1	EIF5AL1	c27
0.00093370918404379	0.995240132012226	0.012	0.006	1	LCMT1	c27
0.00353807275110644	0.994701833046655	0.01	0.005	1	C21orf91	c27
0.00358930772169436	0.994701833046655	0.01	0.005	1	MPV17	c27
9.70351667246594e-05	0.988279295402015	0.017	0.009	1	MRPS18C	c27
0.000284844312663837	0.985208756097921	0.015	0.008	1	UPF3A	c27
0.00226023645479561	0.984758444800768	0.011	0.006	1	UCKL1	c27
0.000101443409559131	0.981607861359135	0.017	0.009	1	CISD3	c27
0.000889293137334201	0.981238129158011	0.013	0.007	1	SLC25A38	c27
0.000289243054203426	0.978631821694669	0.015	0.008	1	USP36	c27
5.1337795202068e-05	0.977127047489011	0.016	0.008	1	TMEM176A	c27
0.000249423737223911	0.975588407092354	0.015	0.008	1	EPSTI1	c27
0.00426004990125723	0.973863314167822	0.01	0.005	1	NPRL2	c27
0.000125744720044629	0.970006575080371	0.017	0.009	1	SHARPIN	c27
0.00079773965210804	0.969387702528854	0.013	0.007	1	HAGH	c27
0.00021806506362392	0.96923146355699	0.016	0.008	1	BABAM1	c27
0.000233808772581555	0.9674827420812	0.016	0.008	1	C9orf89	c27
0.000797946343650498	0.96732670926279	0.013	0.007	1	RBM38	c27
0.0134881058117851	-0.967274343019002	0.005	0.011	1	ZNF292	c27
0.018676921816063	-0.965215800399745	0.005	0.01	1	ALDH2	c27
0.00922272147931072	0.96030028299022	0.011	0.006	1	GBP4	c27
0.000941208391077412	0.959112053383971	0.013	0.007	1	TMED4	c27
0.00407031513259861	0.948816651465633	0.01	0.006	1	CPNE7	c27
0.00277561564438458	0.946877110450828	0.011	0.006	1	ZNF524	c27
9.16059074338147e-05	0.946087674020245	0.04	0.026	1	FABP5	c27
0.000826997247073745	-0.945569748394369	0.011	0.022	1	UGP2	c27
9.8789209050131e-05	0.945008092128939	0.018	0.01	1	SAP30BP	c27
0.00436757618522725	-0.944771929958461	0.007	0.015	1	VPS13C	c27
0.000244085620794066	0.943953715244061	0.016	0.009	1	TMEM248	c27
0.000123188957454064	-0.943709800133799	0.021	0.037	1	KLRC2	c27
0.0171603075199742	-0.94307328358671	0.005	0.01	1	CSF3R	c27
0.00329388343096816	0.942249623191801	0.011	0.006	1	ZBP1	c27
0.000249859732034897	0.941277303804995	0.018	0.01	1	CBWD5	c27
0.0125657033987562	-0.937892417420657	0.005	0.011	1	OGT	c27
0.00115342037826025	0.933738640991703	0.013	0.007	1	HEXIM1	c27
0.0177176677961875	-0.932575820044895	0.005	0.01	1	ENTPD1	c27
0.00665284487933298	0.931727915870556	0.01	0.005	1	NSRP1	c27
0.000197432770563429	0.930388987662258	0.017	0.009	1	ZFAND2B	c27
0.00438599298404844	-0.929270836418272	0.009	0.018	1	HLA-DRB5	c27
0.00718586578209557	0.929051300926747	0.01	0.005	1	HOOK3	c27
0.00987300664614565	0.928760663515484	0.01	0.006	1	HSD17B10	c27
0.00537549837016777	0.92826143228348	0.01	0.006	1	MVD	c27
0.00342685701537249	0.92688020188512	0.011	0.006	1	PTOV1	c27
0.0219446757344561	-0.923267001093929	0.009	0.015	1	SPON2	c27
0.000593728595559512	0.923088622722745	0.015	0.008	1	IAH1	c27
0.000252555279665675	0.922603242695663	0.017	0.009	1	IQGAP2	c27
0.000118191261532162	0.91961987788529	0.019	0.01	1	LOC100996740	c27
0.0045767945041717	0.91902912549771	0.011	0.006	1	LYSMD2	c27
0.00245822544144786	0.916047964595237	0.012	0.007	1	IDH3B	c27
0.000107990065459082	0.914550394165484	0.019	0.01	1	MBOAT7	c27
0.0195567992092719	0.911773309494912	0.01	0.006	1	RPS26P11	c27
0.00108481934188281	0.910313830320479	0.017	0.01	1	GK	c27
0.000395899608270952	-0.909324092943519	0.014	0.027	1	KLRC3	c27
0.000283654863439224	0.90869391656294	0.017	0.009	1	LOC643733	c27
0.00323495124021875	0.908447848842593	0.012	0.007	1	POLE3	c27
0.0013446190734616	0.906997750546839	0.014	0.008	1	GSPT1	c27
0.0034336704675642	0.902554779465532	0.011	0.006	1	EDARADD	c27
0.000410681273048479	0.901504974041084	0.017	0.009	1	UQCC2	c27
0.00458321510663285	0.901406593936652	0.011	0.006	1	BEX4	c27
0.0172047881772685	-0.900451473864811	0.006	0.012	1	RNASE6	c27
0.0230045224333354	0.90025932147787	0.01	0.006	1	WDR82	c27
0.000188850068321225	0.8955034700184	0.019	0.01	1	CHCHD7	c27
0.00461594714460742	0.892090943633211	0.013	0.007	1	LINC00623	c27
0.000292842974158941	0.890190159378161	0.018	0.01	1	NDNL2	c27
0.00536938128607973	0.887699174516054	0.011	0.006	1	ZBTB1	c27
9.8848342148036e-05	0.886887349025671	0.02	0.011	1	PLD3	c27
0.000487137418725343	0.879009352265997	0.017	0.01	1	VTI1B	c27
0.0132781480143226	0.877503407410165	0.011	0.006	1	RARA	c27
0.00266718858114558	0.875569499559067	0.013	0.007	1	GPR108	c27
0.0165678084963516	0.873680138322836	0.01	0.006	1	SUGT1	c27
0.0017977141323485	0.873445190835811	0.014	0.008	1	TRAPPC3	c27
0.00467281001932339	0.871285467317375	0.012	0.007	1	NMRAL1	c27
0.011323069265675	0.868821164310364	0.01	0.006	1	CARS	c27
7.16010845376796e-05	0.868590351568349	0.024	0.013	1	LINC00869	c27
6.92936240800549e-05	0.868403052427742	0.022	0.012	1	MRPL43	c27
0.000158639000410308	0.868403052427742	0.022	0.012	1	PLSCR1	c27
0.00199705280140206	0.866258650242543	0.014	0.008	1	ISCA1	c27
0.000389429533547437	0.865787104220731	0.018	0.01	1	PHB	c27
0.0012289041783299	0.86569870649754	0.015	0.009	1	BOLA3	c27
0.0010103082459493	0.864630326095768	0.016	0.009	1	RASSF7	c27
5.17484077215174e-05	0.864020178046544	0.023	0.013	1	MAP1LC3B2	c27
0.018563819458403	0.859650578418778	0.01	0.006	1	MRPL36	c27
0.0139200191864711	0.856053868236486	0.01	0.006	1	IL10RB	c27
0.000794617952072611	0.855799671241575	0.017	0.009	1	RNF126	c27
0.00828794400887912	0.854783330910082	0.01	0.005	1	TFRC	c27
0.0142366623477394	0.853513911522516	0.01	0.006	1	DDA1	c27
0.000596144165305239	0.850841491902336	0.018	0.01	1	PITPNC1	c27
0.00845173914094926	0.849000660821603	0.014	0.008	1	HBEGF	c27
0.00364047168067714	0.848763511969111	0.013	0.008	1	PPM1M	c27
8.786485194299e-05	0.847926827470285	0.024	0.014	1	GSDMD	c27
0.000652519457836904	0.847251803459426	0.018	0.01	1	CARHSP1	c27
0.00563446255273595	-0.84656267144424	0.012	0.021	1	XIST	c27
5.97731394531861e-05	0.845379920566626	0.024	0.013	1	TMEM134	c27
0.00140919441114804	0.845232453484515	0.016	0.009	1	ELAVL1	c27
0.000100000766154633	0.843398567430457	0.028	0.017	1	EIF4A3	c27
0.000881634728234199	0.842894657177032	0.017	0.01	1	DNAJC19	c27
0.000381118481823621	0.842044707532574	0.019	0.011	1	FAM50A	c27
8.6170884049457e-05	0.838439808583151	0.025	0.014	1	GTF2B	c27
0.000314317587402621	0.837908071645295	0.02	0.011	1	C19orf24	c27
0.0024086842645756	0.837638488480215	0.015	0.009	1	TBL1XR1	c27
0.0135873315829005	0.835630454373216	0.01	0.006	1	SMIM12	c27
0.00350247798495202	-0.835245949335218	0.01	0.019	1	USP15	c27
0.00175758269294121	0.834833165023889	0.016	0.009	1	HLA-L	c27
0.00754241653516463	0.834004451237916	0.012	0.007	1	C20orf27	c27
0.00290148415321811	0.832603096061304	0.014	0.008	1	U2AF1L4	c27
0.014188786144869	0.832046117024177	0.01	0.006	1	ACTR1A	c27
0.011669690634902	0.830853314111343	0.029	0.021	1	DSTN	c27
0.00029830503522521	0.828065496739725	0.022	0.013	1	RAB11A	c27
0.0165536404627617	0.826972491217372	0.012	0.007	1	PPP1R14B	c27
0.00154425453435879	0.826231756370967	0.016	0.009	1	DECR1	c27
0.00027843347314377	0.825981397144154	0.021	0.012	1	CMC2	c27
0.170900486721857	-0.825859394425984	0.08	0.087	1	S100A9	c27
0.00271661723652823	0.825785293533466	0.015	0.009	1	HNRNPAB	c27
0.000110053821279554	0.825341578502321	0.027	0.016	1	SNRPA	c27
0.000152990404682954	0.82306096084144	0.023	0.013	1	DNAJA2	c27
0.00136814413658531	-0.822839168767319	0.023	0.036	1	S100A12	c27
0.0175474357746991	0.822136097010235	0.01	0.006	1	KAT8	c27
0.00236073000958427	0.821575500523333	0.015	0.009	1	ANXA2P2	c27
0.0028376064519827	0.819055508544817	0.015	0.009	1	SNX9	c27
0.00157801836306597	-0.817737629767764	0.011	0.022	1	PBXIP1	c27
0.0029754135810687	0.817425858995626	0.016	0.01	1	ABTB1	c27
0.0130251037535485	0.81661607645457	0.01	0.006	1	SLC25A37	c27
0.00248837068893094	0.814551501782243	0.015	0.009	1	PLK3	c27
0.00616336210777042	0.813471235883108	0.013	0.008	1	WDR45B	c27
0.00816623946493119	0.81280685869389	0.012	0.007	1	RAB1A	c27
0.016643539372266	0.811901382582518	0.01	0.006	1	B4GALT3	c27
0.000591055125749954	0.810653127228004	0.023	0.014	1	MRFAP1	c27
0.000228129175721531	0.807788626677218	0.021	0.012	1	DUSP5	c27
0.00384155397678501	0.804858105578399	0.014	0.008	1	MRPS31	c27
0.0178972487620927	0.803687561870461	0.01	0.006	1	KLF3	c27
0.00209905876929077	0.802712833746843	0.017	0.01	1	FAM26F	c27
0.00759018227038111	0.802367120716291	0.014	0.009	1	EHD1	c27
0.00952126511735749	0.801309038497329	0.013	0.008	1	PERP	c27
0.00906196765657101	0.797938691638609	0.012	0.007	1	GTF2H5	c27
0.00154995688248417	0.796296092074975	0.017	0.01	1	SKIL	c27
0.0234730474974536	0.795077084785814	0.01	0.006	1	ARHGAP18	c27
0.0194185182831287	0.794357246142944	0.01	0.006	1	SIAH2	c27
0.00771278612144304	0.792379166296708	0.016	0.01	1	TNFSF10	c27
0.00059999265602869	-0.791509158415006	0.021	0.035	1	PIM2	c27
0.00993037730783694	0.790071214522265	0.012	0.007	1	ORMDL2	c27
0.0122472252777971	0.789834499249863	0.013	0.008	1	NUDT16L1	c27
0.00527653290145297	0.788633486060301	0.014	0.009	1	RNF138	c27
0.0010660990071027	0.787784592219458	0.019	0.011	1	PITHD1	c27
0.042465591716183	0.78744517449271	0.011	0.007	1	ADRB2	c27
0.00888766852208948	0.787131936682026	0.012	0.007	1	C1orf228	c27
0.0242058049871496	0.781735547546653	0.01	0.006	1	DIP2A	c27
5.44848952927657e-05	0.779759466368522	0.028	0.017	1	RNF166	c27
0.00160039891624096	0.779323013471261	0.018	0.011	1	TNFRSF25	c27
0.0254317424676217	0.779323013471261	0.01	0.006	1	CHTOP	c27
0.00016710765930345	0.77751625676563	0.027	0.016	1	GPS2	c27
0.00342751434104132	0.774728439394011	0.016	0.009	1	ABCD4	c27
0.00369604312302564	0.773179519272617	0.017	0.011	1	EIF6	c27
0.00320983650561297	0.772638700166048	0.016	0.01	1	EMC6	c27
0.00894228345495654	0.770311772176293	0.013	0.008	1	LOC100507217	c27
0.000225662889338612	0.769234195847678	0.024	0.014	1	MARCKSL1	c27
0.00057601422364763	0.767863898096198	0.021	0.013	1	FAM173A	c27
0.0106586084017539	0.767187687612345	0.013	0.008	1	GRPEL1	c27
0.00420473717079315	0.76558295684496	0.016	0.01	1	SARNP	c27
0.0211903953777584	0.765087576885798	0.011	0.007	1	MRPS26	c27
0.00938616515557174	0.764037226537964	0.013	0.008	1	GNB1	c27
0.0245914320310945	0.762547300720435	0.011	0.007	1	SNX10	c27
0.00143522093841981	0.760058495607398	0.03	0.02	1	TMEM107	c27
0.00544688178115093	0.759683518231807	0.015	0.009	1	SUMO1P3	c27
0.0191492430023678	0.759423456033558	0.011	0.007	1	ZBTB8OS	c27
0.000701033908643527	0.758660877247883	0.022	0.013	1	BTF3L4	c27
0.00364585971369405	0.754963807842858	0.016	0.01	1	VPS37B	c27
0.0026768273852499	0.750874583841892	0.018	0.011	1	AZIN1	c27
0.00148213784036367	0.750596511791926	0.02	0.012	1	RNF187	c27
0.000681093137695831	-0.750096124103189	0.033	0.05	1	HSP90B1	c27
0.00323724397247336	0.750092302147507	0.017	0.011	1	LRPAP1	c27
0.0068576491472631	0.749425714767498	0.015	0.009	1	PCIF1	c27
0.00334352390124238	0.749265779615082	0.017	0.01	1	SMS	c27
0.0149780976488817	0.746934621699855	0.015	0.01	1	LMO4	c27
0.0345307526331683	0.746294213083791	0.011	0.007	1	RAB4A	c27
0.00287211180542092	0.744557595310585	0.019	0.012	1	SRRT	c27
0.0191487095535729	0.743975863431377	0.013	0.008	1	HCFC1R1	c27
0.022024066253116	0.743904894346537	0.011	0.007	1	SNRNP40	c27
0.0348484710614387	0.740087850188162	0.01	0.006	1	CDC123	c27
0.00307838500350896	0.739517351911082	0.018	0.011	1	GRAMD1A	c27
0.0374853841191674	0.737416061737338	0.011	0.007	1	ECHS1	c27
0.00018971861107764	0.736463676215948	0.03	0.019	1	ATP1A1	c27
0.020238754598688	0.735450536854448	0.012	0.007	1	TIPARP	c27
8.34273856281926e-05	0.735383955795011	0.029	0.017	1	MAT2A	c27
0.0166965519736328	0.73528686392434	0.014	0.009	1	NENF	c27
0.0263925126321715	-0.734431059723612	0.008	0.014	1	CD36	c27
0.000101965339138011	0.733651155085979	0.029	0.018	1	CMTM7	c27
0.028251848748708	0.732762960118019	0.011	0.007	1	HBP1	c27
0.0353326458171265	0.728629805519554	0.012	0.008	1	LUC7L2	c27
0.00396864961188001	0.727533711117643	0.017	0.011	1	C6orf1	c27
0.00178173423138439	-0.727282129822702	0.104	0.124	1	GZMB	c27
0.00534055581385059	0.726928888216859	0.017	0.011	1	FCGR2A	c27
0.000431777026662535	0.726403692229378	0.026	0.016	1	KDM6B	c27
0.0489359410651502	-0.726151957062032	0.005	0.01	1	KIF2A	c27
0.00126272278557202	0.726080992194282	0.023	0.015	1	ZNF428	c27
0.0430133931957791	0.72536018526403	0.013	0.009	1	PPP1R11	c27
0.0143558267904719	0.724339658197857	0.013	0.008	1	ZNF394	c27
0.0139078978236721	0.723469778737743	0.015	0.009	1	ATP6V1B2	c27
0.00319242803843075	0.72331370203062	0.018	0.011	1	GLA	c27
0.00140591338290241	0.723064014414752	0.021	0.013	1	ARRDC3	c27
0.00573881945878296	0.722689563997573	0.018	0.012	1	GYG1	c27
0.00449776761304634	0.722117674570463	0.017	0.011	1	PUF60	c27
0.0181532889134159	0.716946316124378	0.013	0.008	1	DPY30	c27
0.00678380991427465	0.715969676226994	0.016	0.01	1	SLIRP	c27
0.0308995961907116	0.71476212791379	0.011	0.007	1	C1orf52	c27
0.00460014576069554	0.713795478985339	0.018	0.011	1	RHEB	c27
0.00236049270426886	0.713556343726701	0.02	0.012	1	HSD17B11	c27
0.00278548154250073	0.713359751092904	0.021	0.013	1	PHF1	c27
0.000364280054253047	0.713359751092903	0.029	0.018	1	TCEB1	c27
0.0428157502573115	0.713359751092903	0.01	0.006	1	MPLKIP	c27
0.00616139904209105	-0.712638622569701	0.044	0.058	1	VCAN	c27
0.0105699518430798	0.712320158152305	0.015	0.009	1	ATG3	c27
0.00912175055997363	0.709878657463942	0.017	0.011	1	FLOT1	c27
0.0384756812357183	0.709700872538058	0.01	0.007	1	CRELD2	c27
0.0462747278960907	0.708761515994255	0.01	0.006	1	FAM45A	c27
0.0334169162764392	0.708462139558052	0.011	0.007	1	KRCC1	c27
0.0216008006987987	0.708099516698058	0.012	0.008	1	UBXN11	c27
0.00686357769350948	-0.706465346100543	0.011	0.02	1	IL6ST	c27
0.0345880779801411	0.704277379434965	0.011	0.007	1	COQ4	c27
0.0277560817588099	0.70283716863789	0.013	0.009	1	STARD3	c27
0.0409989113006488	-0.701317893094182	0.006	0.011	1	SORL1	c27
0.0351852610618155	0.701146756056291	0.011	0.007	1	SDF2	c27
0.00536853560725446	0.700654590984643	0.017	0.011	1	BLVRB	c27
0.000290534398251853	0.700440210647739	0.028	0.017	1	CEBPD	c27
0.048296656192549	0.699608780833091	0.01	0.006	1	AP1M1	c27
0.00030862032493669	0.699530129846816	0.028	0.017	1	POLR2K	c27
0.0107570126615905	0.699323691406041	0.015	0.01	1	SBDSP1	c27
0.031717098642641	-0.698399754023526	0.007	0.013	1	NOP58	c27
0.0100326088634918	0.698191595020813	0.017	0.011	1	SNHG16	c27
0.0243416259285779	0.697942901661887	0.012	0.008	1	MZT1	c27
0.00338239253091201	0.696267273743704	0.021	0.014	1	PARVG	c27
0.0406590994553725	0.695559463087587	0.012	0.008	1	NDUFS2	c27
0.00170044256326067	0.694051319692464	0.024	0.015	1	PIN1	c27
0.0379674599612715	0.693868279150776	0.011	0.007	1	UBL3	c27
0.0215367918392477	0.693349790361409	0.013	0.008	1	ARL4D	c27
0.00979716482946845	0.691544390249829	0.016	0.01	1	TBCD	c27
0.0718999615939342	0.690760137824593	0.01	0.007	1	CLINT1	c27
0.0338374514239679	0.690372090561514	0.011	0.007	1	PFKL	c27
0.0294282606204231	0.690015179239636	0.012	0.008	1	TIMM17B	c27
0.0258231323708387	0.688771255763637	0.012	0.008	1	NR1H2	c27
0.00163975337874991	0.688691757483364	0.022	0.014	1	YWHAH	c27
0.00129962406023529	0.688471531027259	0.028	0.018	1	GLRX	c27
0.0146383214322498	0.687004777205387	0.014	0.009	1	RELB	c27
0.0117071438954869	0.685175858915708	0.015	0.01	1	TXNL4A	c27
0.00295800406401897	0.684779573290067	0.021	0.013	1	NOL7	c27
0.000152550251998511	0.683572848637031	0.037	0.024	1	DNAJB6	c27
0.027622803472072	0.683447932404722	0.011	0.007	1	NACAP1	c27
0.0870038865612725	0.682551124368826	0.01	0.007	1	XAF1	c27
0.0146218709557145	0.682482455669374	0.02	0.014	1	BNIP3L	c27
9.36667504218215e-05	0.682447965774898	0.034	0.022	1	H1FX	c27
0.00992301523966686	0.682171467776928	0.016	0.01	1	RNPEPL1	c27
0.0289649887727633	0.681475690073118	0.012	0.008	1	NUTM2B-AS1	c27
0.000371625931501172	0.680293637535963	0.029	0.018	1	PFDN2	c27
0.036180812270502	-0.680108605166036	0.007	0.013	1	THEMIS	c27
0.00370016254780482	0.679899835147578	0.021	0.014	1	MYLIP	c27
0.0168033809406967	0.679845526011661	0.014	0.009	1	CD81	c27
0.0197833462469645	0.679031134208557	0.014	0.009	1	RTFDC1	c27
0.0249253081617869	0.678522372683769	0.015	0.01	1	CHMP5	c27
0.00681940374365544	-0.676692812652309	0.014	0.023	1	RCSD1	c27
0.0607878182584881	0.673613572300147	0.011	0.007	1	NSUN6	c27
0.029930858449016	0.673312037124864	0.012	0.008	1	MPC1	c27
0.000430308898372199	0.672829711894615	0.029	0.018	1	TMEM256	c27
0.0542472708953426	0.670765209991116	0.01	0.006	1	PHLDA2	c27
0.00139729272985213	0.670637165817766	0.024	0.015	1	TSEN54	c27
0.0187006862121133	0.670480682815183	0.014	0.009	1	CNIH4	c27
0.0129346736593376	0.670053997237798	0.016	0.01	1	EIF5B	c27
0.00261113165372121	0.669698522296764	0.022	0.014	1	SURF4	c27
0.0357949287366865	0.668291701082518	0.012	0.008	1	COA1	c27
0.0151727760704837	0.667500966592518	0.015	0.01	1	UQCRC1	c27
0.022314670029622	0.665256350711667	0.014	0.009	1	TNFRSF1A	c27
0.0448969446844554	-0.665151872160827	0.007	0.012	1	ZBTB38	c27
0.00017022353502065	0.663678923685066	0.034	0.022	1	ATP5C1	c27
0.000228267947222736	0.663235684863485	0.033	0.021	1	C7orf73	c27
0.0190714002663156	0.662815422213297	0.016	0.01	1	PTPRA	c27
0.0333992490118852	-0.662359258025493	0.008	0.014	1	TRG-AS1	c27
0.000281171922815785	0.662318991931167	0.032	0.02	1	SNRNP70	c27
0.0607972851445281	0.661344734966883	0.01	0.006	1	DNM2	c27
0.0266216838778141	0.660512010533438	0.013	0.009	1	ZRSR2	c27
0.0267225693630684	0.659762969277002	0.016	0.011	1	GADD45G	c27
0.0305451042669163	0.659741397718589	0.013	0.008	1	DCTN2	c27
0.0111152987049087	0.659347003227099	0.017	0.011	1	NMRK1	c27
0.0104193048784754	0.656724558595001	0.017	0.011	1	TMX1	c27
0.0317534269121005	0.656294096100121	0.013	0.008	1	CDC26	c27
0.00681283125099046	0.655632096803923	0.019	0.012	1	IVNS1ABP	c27
0.0412135016145826	0.655227103023427	0.012	0.008	1	GNAI3	c27
0.0173335350385579	0.655110986073717	0.015	0.01	1	C17orf89	c27
0.00514136350654893	0.655049225546261	0.021	0.013	1	WARS	c27
0.0504136031743186	0.654984782597199	0.011	0.007	1	CHD3	c27
0.155367259462184	0.654984782597199	0.01	0.007	1	LIX1L	c27
0.058904983024632	0.65484711866724	0.01	0.007	1	CIAO1	c27
0.00268218249244622	0.654061416510142	0.023	0.015	1	C20orf24	c27
0.00320300149808612	0.653792131387402	0.026	0.017	1	LINC00116	c27
0.000973853566059123	0.653610314976006	0.028	0.018	1	MAF	c27
0.00421097042210268	0.6527379150154	0.021	0.014	1	MLF2	c27
0.0145020093831945	0.652516072852832	0.018	0.012	1	JMJD6	c27
0.000353348373763567	0.65248702461933	0.031	0.019	1	ARID5A	c27
0.000565264110825108	0.652295068388347	0.033	0.021	1	DNAJB9	c27
0.0129680154417648	0.650721989940219	0.017	0.011	1	PTBP1	c27
0.042182018819646	0.650589699349059	0.012	0.008	1	MRPS18B	c27
0.054036211396448	0.649945674991112	0.011	0.007	1	TAF11	c27
0.0164722507610724	0.649579880100489	0.016	0.01	1	MRPL10	c27
0.00086984661041415	0.649229413673188	0.031	0.02	1	SELM	c27
0.00218841857726186	0.648437368485834	0.022	0.014	1	CXCL16	c27
0.00180145313862047	0.648078480193009	0.027	0.017	1	TGIF1	c27
0.00837791875612446	0.647909189528547	0.019	0.012	1	NRBP1	c27
0.000252437418992409	0.647535892651256	0.035	0.023	1	DCXR	c27
0.0166031090361396	0.646778529626348	0.016	0.01	1	PSMD9	c27
0.0495814323834727	0.646428742973916	0.011	0.008	1	CDK17	c27
0.0704842250152906	0.645879249521877	0.01	0.007	1	WDR74	c27
0.00097353583853328	0.645632992793296	0.028	0.018	1	CAPZA2	c27
0.0159895110508877	0.64468108068765	0.016	0.01	1	MFNG	c27
0.0495917193229597	0.643546234440795	0.011	0.008	1	SPAG7	c27
0.0499660824573063	0.643546234440795	0.011	0.008	1	ZNHIT3	c27
0.00712289923232897	0.642970423201505	0.019	0.013	1	VIM-AS1	c27
0.025698430209533	0.64285131852946	0.014	0.009	1	SLC7A5	c27
0.0670309574187359	0.64014704201525	0.01	0.007	1	ATXN10	c27
0.0327342090582645	0.638208236168948	0.013	0.009	1	TSTA3	c27
0.0641000901029045	0.637016418636575	0.01	0.007	1	NEK7	c27
0.00288265293851127	0.636803697644036	0.024	0.015	1	ANKRD10	c27
0.00756008300778631	0.635465758763105	0.02	0.013	1	TUBA1C	c27
0.00125109420994649	0.635290959784923	0.03	0.02	1	NCF1	c27
0.00714382908855363	0.633843043607546	0.02	0.013	1	SERINC1	c27
0.07945018461422	0.633843043607546	0.01	0.007	1	DERL2	c27
0.000429591737121041	0.632820812337242	0.032	0.02	1	SNHG7	c27
0.0425086527525274	-0.632018650195825	0.008	0.014	1	MAL	c27
0.00573500603123381	0.631813762291908	0.021	0.014	1	EIF2S2	c27
0.076589797024707	0.631665390302176	0.01	0.007	1	CFAP97	c27
0.00411157994197418	0.631257445992689	0.026	0.018	1	CHCHD10	c27
0.0537568495131887	0.628629675033	0.013	0.009	1	STX11	c27
0.0792870372629344	0.62790412535547	0.012	0.008	1	OSER1	c27
0.0463287054946719	0.626152218593877	0.012	0.008	1	CWC15	c27
0.00341917658678271	0.62608075736391	0.024	0.016	1	NXT1	c27
0.0135699639645784	0.625679095236444	0.018	0.012	1	NDUFB6	c27
0.000128504174292713	0.624664768682259	0.039	0.025	1	PRDX6	c27
0.0149558421082376	0.624159579132884	0.017	0.011	1	SDHAF2	c27
0.0452330779762454	0.623982804575546	0.012	0.008	1	CHN1	c27
0.041906566032039	0.623949135686972	0.013	0.009	1	LSM10	c27
0.00200983935985013	0.623734897531222	0.027	0.018	1	PSMA5	c27
0.0131319333262575	0.623251299088452	0.019	0.013	1	TBCC	c27
0.000619725916565102	0.623184145457007	0.032	0.021	1	CCDC109B	c27
0.0431268155080862	0.623107668739297	0.013	0.009	1	AKR1B1	c27
0.00319523771434325	0.622860271835512	0.025	0.016	1	SNX6	c27
0.073795243773059	0.622496000897864	0.01	0.007	1	PMVK	c27
0.0737997547642118	0.621464399108547	0.01	0.007	1	TNIP2	c27
0.000446190952548738	0.621373026921479	0.037	0.025	1	IFI27L2	c27
0.0339658340538511	-0.620447729154272	0.009	0.015	1	C8orf59	c27
0.0395937358844524	0.617859590777146	0.013	0.009	1	NDUFA10	c27
0.00823753764875157	0.616413016165289	0.021	0.014	1	SUPT4H1	c27
0.00893967714623011	0.615221777508342	0.021	0.014	1	LDLRAD4	c27
0.0966703078716982	0.614920619999496	0.011	0.008	1	ARFRP1	c27
0.0194322722932729	0.614146503521852	0.017	0.011	1	CCT8	c27
0.0879660442668698	0.613286860987321	0.01	0.007	1	MGMT	c27
0.0331521680196712	0.612964627049141	0.014	0.01	1	EMC4	c27
0.00692138748106965	0.612213027636003	0.011	0.006	1	C3	c27
0.000103769931237208	0.611938150043311	0.04	0.026	1	UPP1	c27
0.0244856985440237	0.611530095059517	0.016	0.011	1	GOLPH3	c27
0.028129120262274	0.611461819578994	0.014	0.01	1	TRAF1	c27
0.0353539235301293	0.611435922828155	0.014	0.009	1	AMZ2	c27
0.00429420367149292	-0.610964619344871	0.02	0.031	1	ANKRD12	c27
0.00014945500330919	0.610903034773012	0.041	0.028	1	NAA38	c27
0.0233147356867108	0.610847485611774	0.016	0.011	1	MMP24-AS1	c27
0.00467182601018408	0.610335740395334	0.023	0.015	1	GRINA	c27
0.0055876845009993	0.609816921719177	0.023	0.015	1	H3F3A	c27
0.0587393816929877	0.608610790955808	0.012	0.008	1	HPCAL1	c27
0.000259511627737378	0.608412227883393	0.037	0.025	1	MRPL33	c27
7.1030321580076e-05	-0.608353401147922	0.042	0.063	1	HOPX	c27
0.0425140101989076	0.608193256183665	0.013	0.009	1	EIF3J	c27
0.0154619545357605	0.606293056092186	0.018	0.012	1	GRK6	c27
7.52852688600646e-05	0.605715516036079	0.044	0.029	1	UBE2I	c27
0.0230152658085708	0.605466195195418	0.022	0.016	1	CSF1R	c27
0.0266224589156723	0.605398206079692	0.016	0.011	1	NUDT21	c27
0.0664378026321774	0.60471849108908	0.011	0.008	1	SURF2	c27
0.0950615765808614	0.604718491089079	0.01	0.007	1	NT5C3A	c27
0.00362897963988546	0.604236306913171	0.029	0.02	1	RAB11B	c27
0.00188120563846654	0.603452080332822	0.029	0.019	1	RPS19BP1	c27
0.00692009431709103	0.602445251387182	0.022	0.015	1	CHIC2	c27
0.000206862175348023	0.601670650004338	0.022	0.013	1	CCL3L1	c27
0.040129075617686	0.601371467988577	0.014	0.009	1	GLS	c27
0.000282583539838063	0.601280109669832	0.037	0.024	1	VAMP5	c27
0.000330893562273297	-0.600300727810859	0.034	0.052	1	KIAA1551	c27
0.046212714945366	0.600187158829008	0.013	0.009	1	PQBP1	c27
0.0180189279511298	0.598871490396842	0.018	0.012	1	PPM1G	c27
0.00844059069552004	0.597262686170033	0.022	0.015	1	RAB24	c27
0.00291714849741603	-0.595995383184592	0.021	0.032	1	MNDA	c27
0.642243232904092	-0.59549284851375	0.081	0.082	1	S100A8	c27
0.072203642962726	-0.594638542804667	0.007	0.011	1	DNAJB14	c27
0.0171222920703773	-0.594211939127467	0.014	0.021	1	BCLAF1	c27
0.0364434573920243	0.594147489289587	0.015	0.01	1	NDUFA5	c27
0.0531578528917942	0.594012848822777	0.015	0.01	1	NUDT22	c27
0.0822268407853015	0.592743163437778	0.011	0.007	1	PKN1	c27
0.000169585787667995	0.592569851944084	0.05	0.034	1	PEBP1	c27
0.00664718458532293	0.59169601029549	0.023	0.016	1	MAF1	c27
6.54790133368889e-05	0.589228809966303	0.049	0.033	1	CKS2	c27
0.034833354216891	0.589151777900669	0.015	0.01	1	CAMLG	c27
0.0123765646957671	0.588429187952836	0.022	0.015	1	A1BG	c27
0.062033200887139	0.588413969409917	0.014	0.01	1	RGL4	c27
0.0543751207598259	0.588202053791096	0.013	0.009	1	LINC00892	c27
0.0267057778689098	-0.588186115724996	0.013	0.02	1	KLRC4	c27
0.0330351970278673	0.587765903595356	0.015	0.01	1	MRPL55	c27
0.105378587621844	0.587732922808703	0.01	0.007	1	TMEM141	c27
0.0464266210898742	0.587381174656068	0.013	0.009	1	TIFA	c27
0.00344465139974713	0.586088194148656	0.028	0.019	1	PRMT9	c27
0.0378261481154952	-0.583438798924679	0.01	0.016	1	GCC2	c27
0.0982827514826834	0.583283770479291	0.012	0.009	1	DR1	c27
0.0988553697006682	0.582800299815964	0.01	0.007	1	LY96	c27
0.00738932468992408	-0.582663916272383	0.02	0.03	1	SYNE2	c27
0.0991544725317558	0.582465684241951	0.01	0.007	1	MED29	c27
0.0266498728555789	0.582255394169297	0.017	0.011	1	MDH1	c27
0.00066162412661533	0.58071857890865	0.038	0.026	1	UBE2B	c27
0.0536593077867835	0.579576879153722	0.013	0.009	1	JOSD2	c27
0.0703408324263067	0.578790026098553	0.011	0.008	1	MIF-AS1	c27
0.00572589935799418	0.577943125551258	0.025	0.017	1	STRAP	c27
0.0656404181103512	0.577943125551258	0.012	0.009	1	MVP	c27
0.0228174615029395	0.576113687009271	0.018	0.012	1	MEA1	c27
0.0384804751593737	0.576039415082518	0.015	0.011	1	SH3BP1	c27
0.0113890223400371	0.575612013200889	0.022	0.015	1	YWHAE	c27
0.0379920150028106	0.574666073673824	0.015	0.011	1	ST3GAL1	c27
0.0290393749175779	0.572197348788125	0.017	0.012	1	MTFP1	c27
0.00607560979076577	0.572028701287683	0.025	0.017	1	C7orf50	c27
0.0796319830229778	0.571320596989103	0.012	0.008	1	ARL5A	c27
0.016001662503835	0.570945009264269	0.02	0.014	1	UBAC2	c27
0.106979032317978	0.570802766716371	0.01	0.007	1	MKRN1	c27
0.0796370371760047	0.570444377684374	0.012	0.008	1	EIF4E2	c27
0.0360425206234659	-0.570312010585942	0.008	0.014	1	ACTN4	c27
0.0251535030420109	0.570183982644741	0.018	0.012	1	RAB31	c27
0.0881983722796328	0.569641643884368	0.011	0.008	1	NFKB2	c27
0.0319725944422969	-0.569287124068606	0.012	0.018	1	TMEM243	c27
0.000115494660676595	0.5690073876601	0.045	0.03	1	SNHG12	c27
0.169570742884573	0.568812842206555	0.01	0.007	1	ADI1	c27
0.0154733561879827	0.568284068701018	0.022	0.015	1	ICAM2	c27
0.00210941123147084	0.568135740394974	0.033	0.023	1	PSTPIP1	c27
0.0546139304164333	0.56781890827755	0.014	0.01	1	DUSP23	c27
0.0207207525423948	0.566698368383634	0.019	0.013	1	CMTM3	c27
0.0826824345710687	0.565998472653182	0.011	0.008	1	UBALD2	c27
0.00637047649068179	0.565935739963058	0.028	0.019	1	RBCK1	c27
0.0285060706442897	0.565687896012854	0.019	0.014	1	TRAPPC6A	c27
0.0216756277886621	0.564459896187635	0.019	0.013	1	SSNA1	c27
0.00763930566742553	0.564394111319933	0.025	0.017	1	VDAC1	c27
0.0815509362990233	-0.564180150709739	0.008	0.012	1	CCR6	c27
0.0983960708905605	0.564022340189471	0.011	0.008	1	CREBRF	c27
0.107020836742049	0.563850006074603	0.01	0.007	1	NUB1	c27
0.0404203658528441	-0.563797469594253	0.011	0.017	1	ACAP2	c27
0.121844457083181	0.562623745872524	0.01	0.007	1	FASTK	c27
0.0767858793068639	-0.562449892812972	0.009	0.013	1	NAAA	c27
0.000793576400856083	0.561923129574171	0.036	0.024	1	SLC3A2	c27
0.10702680982253	0.561869641946363	0.01	0.007	1	LOC100130476	c27
0.000586904622884629	0.561108686687997	0.043	0.03	1	UBE2L6	c27
0.0501783568845567	0.560784788829	0.015	0.01	1	FBXO7	c27
0.00175804932134683	0.560334514376644	0.033	0.022	1	NME3	c27
0.0719940270748817	0.560272099224202	0.012	0.009	1	PHF5A	c27
0.00500914074644639	0.559256894774126	0.027	0.019	1	NHP2	c27
0.00205091075978568	0.559036834917989	0.033	0.022	1	ARPC4	c27
0.100328513588335	0.558346155657267	0.011	0.008	1	EMC7	c27
0.0596218213267271	-0.558239178285367	0.009	0.014	1	PTBP3	c27
0.000721309982945699	0.557917050320864	0.037	0.026	1	AUP1	c27
0.0267498494681673	0.557501617292036	0.018	0.013	1	KCNA3	c27
0.012627990054839	0.557402292332212	0.022	0.015	1	R3HDM4	c27
0.045757988754156	0.556930592134814	0.015	0.011	1	FAM162A	c27
0.0463285039666	0.556930592134814	0.015	0.011	1	LRP10	c27
0.018988064827019	0.5564141450053	0.02	0.014	1	C6orf62	c27
0.002698636786117	-0.555532346498099	0.021	0.033	1	SF3B1	c27
0.0134885149680277	-0.555337166618405	0.018	0.027	1	KLRK1	c27
0.0187384200887699	0.554762755452104	0.019	0.013	1	KCTD12	c27
0.125587206420605	-0.554129416611745	0.02	0.026	1	FKBP11	c27
0.0165936578154249	0.554055595317418	0.023	0.016	1	NDUFA7	c27
0.0215652597263954	0.553495287730881	0.02	0.014	1	NDUFAB1	c27
0.131479017688617	0.553319338582435	0.01	0.007	1	OVCA2	c27
0.0362940042692112	-0.553052912365137	0.013	0.02	1	ATP2B1	c27
0.0144298905560277	0.55283852036739	0.022	0.015	1	HSBP1	c27
0.153798192658657	0.552417935840903	0.011	0.008	1	TMEM259	c27
0.110276883262937	0.551752043435474	0.011	0.008	1	MRPL4	c27
0.00662550830200733	0.551415149508744	0.026	0.018	1	PDE4D	c27
0.0153549013757194	-0.551296886205734	0.017	0.026	1	ARID5B	c27
0.0490014422708885	0.550166889915513	0.015	0.011	1	GTF2A2	c27
5.02665246573357e-05	-0.54988727063774	0.088	0.116	1	GZMH	c27
0.0478198956824681	0.549492260470958	0.015	0.011	1	TOPORS-AS1	c27
0.000951531734909719	0.548980402858097	0.04	0.028	1	ANAPC11	c27
0.101418942716932	0.548817946347494	0.011	0.008	1	SMARCE1	c27
0.00010850631268474	0.548353085689086	0.055	0.038	1	BAX	c27
0.018817018614916	0.547626905597804	0.021	0.014	1	CGGBP1	c27
0.0447004107887617	0.546123837178231	0.016	0.011	1	FBXW5	c27
0.000434020097670741	0.545254088822793	0.046	0.032	1	GeneID:102723863	c27
0.181758435558599	0.545187933777981	0.01	0.008	1	NMT1	c27
0.151767218620706	0.544402243846382	0.011	0.008	1	ADAM10	c27
0.00360842252802478	-0.543936595161645	0.027	0.04	1	FAIM3	c27
0.0102857432332323	0.543171383206352	0.025	0.017	1	CASP1	c27
0.0985969157879426	0.542682702473698	0.012	0.008	1	PSMC3	c27
0.126896510435014	0.542214092127149	0.01	0.007	1	DDRGK1	c27
0.0672097656612339	0.541675647505685	0.014	0.01	1	CSNK1D	c27
0.00890122859430416	-0.541617018683608	0.036	0.049	1	LOC101060038	c27
0.0623857679963815	-0.541399318670704	0.01	0.015	1	PLEC	c27
0.0010215905108649	0.540682778340036	0.038	0.027	1	SRI	c27
0.0285132239563987	0.540613154233268	0.019	0.013	1	RBMX	c27
0.0880501430393824	0.540338171855443	0.012	0.009	1	CD58	c27
0.125377196788055	0.539288720984453	0.01	0.007	1	RHOT2	c27
0.0596212115647258	0.539194452863044	0.015	0.01	1	SNRPC	c27
0.000826563126895379	-0.538211254538181	0.036	0.053	1	GAS5	c27
0.00764564622677508	0.537865686175922	0.031	0.022	1	TTC39C	c27
0.00455946367081541	0.537122111054634	0.03	0.021	1	TUFM	c27
0.0359635699744245	0.536924900331766	0.02	0.014	1	RASGRP2	c27
0.140791920372244	0.536924900331766	0.01	0.007	1	CDKN2D	c27
0.0905568110819328	0.536680396468646	0.012	0.008	1	ATHL1	c27
0.129263254695992	0.536369269652497	0.01	0.007	1	PEX16	c27
0.0443169614160377	-0.535740066716183	0.016	0.023	1	CCR7	c27
0.0851201222137951	0.535001683760338	0.013	0.009	1	POP5	c27
0.0691839213368618	0.534863198014398	0.018	0.014	1	COMMD7	c27
0.00348885668745656	0.534749901381803	0.032	0.022	1	RNH1	c27
0.0645755776000396	-0.534482920394653	0.009	0.014	1	LUC7L3	c27
0.0727016161545841	0.533556083761005	0.014	0.01	1	MRPL34	c27
0.000162488628111869	0.53338847384757	0.049	0.034	1	REL	c27
0.0114433364700298	0.531395500027677	0.023	0.016	1	SERPINB9	c27
0.0404845506190761	0.531247493354975	0.017	0.012	1	DYNC1H1	c27
0.0448835023108361	0.529607750034966	0.017	0.012	1	SARS	c27
0.0539104974209582	0.52796833414186	0.016	0.011	1	TEX264	c27
0.0827400097231107	0.527784246475298	0.013	0.01	1	ILK	c27
0.0740316694524664	0.527679517424335	0.014	0.01	1	ATG12	c27
0.109237864258229	0.527404639831642	0.011	0.008	1	SDR39U1	c27
0.142261398443443	0.526680213484063	0.01	0.008	1	MRPL11	c27
7.87275693503935e-05	0.526664383090075	0.059	0.042	1	RHOG	c27
0.118023368784768	0.52651927923872	0.011	0.008	1	TXNDC12	c27
0.00662103811159276	-0.525189293417324	0.035	0.048	1	RNA45S5	c27
0.0226687864922434	0.524750186385664	0.025	0.018	1	BTG3	c27
0.0626455360979307	0.524750186385663	0.015	0.011	1	DPYD	c27
0.00867207663664924	0.524005953693953	0.028	0.019	1	SET	c27
0.0671433939136348	0.523382054428331	0.015	0.011	1	ARL6IP6	c27
0.0483641278461882	-0.523239756549169	0.012	0.018	1	CDC42EP3	c27
0.00142501802495641	0.523063528108171	0.042	0.03	1	SLA	c27
0.107587998973334	-0.522702176032803	0.02	0.026	1	CLIC3	c27
0.107933517508185	0.522206497732186	0.012	0.009	1	CYTH4	c27
0.130712143801324	0.521985519220435	0.011	0.008	1	IL27RA	c27
0.146502358060773	0.52185997832544	0.01	0.008	1	CCT2	c27
0.00448918455429922	0.521722493688095	0.022	0.015	1	CD9	c27
0.00106739535464839	0.52168605417353	0.04	0.028	1	NDUFA6	c27
0.00104004125865974	0.521648726844624	0.04	0.028	1	IGFLR1	c27
0.00158782042225199	0.52019190442336	0.038	0.027	1	COX14	c27
0.131484221814043	0.519226139914027	0.011	0.008	1	POLR2C	c27
0.0053634554410763	0.519125637191785	0.031	0.022	1	COX7A2L	c27
0.0129227619245204	0.518545036858956	0.028	0.02	1	PSMB8-AS1	c27
0.0851337671008532	0.517452775577087	0.014	0.01	1	PPP1R7	c27
0.104097008969292	0.517424779748417	0.012	0.009	1	DLGAP1-AS1	c27
0.105302079934645	0.517424779748417	0.012	0.009	1	GCA	c27
0.0112141521661766	0.517343594917305	0.029	0.021	1	AURKAIP1	c27
0.000234593742212188	0.517332714823181	0.047	0.033	1	FNBP1	c27
0.00113143648769427	0.517033224449295	0.041	0.029	1	ERH	c27
0.125878504827201	0.516816004843447	0.011	0.008	1	GRSF1	c27
0.00981991431448171	0.515937116579354	0.029	0.02	1	ANXA2R	c27
0.502493387978418	-0.51529217634106	0.025	0.027	1	TNFRSF4	c27
0.0575129181793734	0.514800525978059	0.016	0.012	1	ETFB	c27
0.0225137544397458	0.514735294361794	0.027	0.02	1	MRPL54	c27
0.0934799513470472	0.512677354085089	0.013	0.01	1	XRN1	c27
0.0141911006266329	0.512157245310283	0.025	0.018	1	C1orf86	c27
0.000158043854157726	0.511871194939387	0.059	0.042	1	VPS28	c27
0.0531342011769621	0.511871194939387	0.019	0.014	1	LAMTOR5	c27
0.0588395215965857	0.511705276902144	0.016	0.012	1	PTPN2	c27
0.0281441117034393	0.511000776277705	0.021	0.015	1	PRMT1	c27
0.0266236405778395	0.510834177545359	0.021	0.015	1	MGAT1	c27
0.00630665047290325	0.510675001173941	0.031	0.022	1	ATF4	c27
0.00344470539679503	0.510477736520473	0.034	0.024	1	RNF167	c27
0.1191673690746	0.510394893408594	0.012	0.009	1	MESDC2	c27
0.0744880186316058	0.509771622909678	0.015	0.011	1	MED30	c27
0.00750508792061811	0.509233850103517	0.033	0.023	1	PRKCH	c27
0.0142113457700843	0.508430382984903	0.026	0.018	1	PPP1CB	c27
0.145599376337949	-0.507419819275244	0.006	0.01	1	BAG3	c27
0.0260151746383509	-0.507024560357459	0.017	0.024	1	MBP	c27
0.00197500797244641	0.506566374958275	0.039	0.028	1	TBCB	c27
0.155273183731645	0.506542567912987	0.01	0.008	1	SLBP	c27
0.168210499785006	0.505681243883039	0.01	0.007	1	TAZ	c27
0.000744483051598574	0.505469126518454	0.046	0.032	1	PSMB1	c27
0.115391801701506	0.505297823719491	0.012	0.009	1	CYC1	c27
0.109841026809836	0.503688570857834	0.013	0.009	1	PHF11	c27
0.151918803771585	0.503688570857834	0.013	0.01	1	RNF125	c27
0.000602113835870098	0.501982753288853	0.048	0.034	1	POMP	c27
0.110284177745776	-0.501529138413185	0.007	0.011	1	LINC00674	c27
0.162470904580502	0.500840208548803	0.01	0.008	1	DGKZ	c27
0.0203345865172244	0.500704712419012	0.024	0.017	1	RASSF1	c27
0.000392903607879332	0.499711462781923	0.051	0.036	1	CD164	c27
0.105742701061734	0.499215094278527	0.013	0.01	1	UBE2A	c27
0.000988128583181974	0.499215094278526	0.047	0.034	1	NDUFB9	c27
0.0462328418696473	0.498337321989284	0.019	0.014	1	RABGGTB	c27
0.0885761072825841	0.498322061108019	0.016	0.012	1	POLR2I	c27
0.00327295585624696	0.498020833050547	0.039	0.028	1	TOMM5	c27
0.103040478494748	-0.49754082422371	0.008	0.012	1	CAPN2	c27
0.0485341309328441	-0.49700821497599	0.014	0.021	1	TMEM2	c27
0.00834442617394821	0.496735810216068	0.036	0.027	1	NDUFV2	c27
0.00132102958028515	0.49652564268115	0.047	0.034	1	LYAR	c27
0.0541432289887922	0.49636093817527	0.018	0.013	1	RPA3	c27
0.0887915511715997	-0.494022733979745	0.015	0.021	1	ACP5	c27
0.0262419994009874	0.493687178700335	0.024	0.017	1	METTL12	c27
0.0189960948534012	0.493271954912496	0.025	0.018	1	FMNL1	c27
0.00106980770034841	-0.492538084129485	0.042	0.059	1	RBM39	c27
0.054474883556015	0.49130967630701	0.018	0.013	1	ACADVL	c27
0.128899282522491	0.490878763806528	0.012	0.009	1	DERL1	c27
0.191926623587702	0.490878763806528	0.012	0.009	1	MIB2	c27
0.0283540881407818	0.490844846371892	0.023	0.016	1	SYPL1	c27
0.109901847360833	0.490309541056634	0.013	0.01	1	ANP32E	c27
0.06453531442346	0.490013633960758	0.017	0.012	1	CLTB	c27
0.0176505634412529	0.489816396276277	0.026	0.019	1	CAMK4	c27
0.0199494398295071	0.488363896741665	0.018	0.012	1	LOC100509457	c27
0.000142657203989243	0.488301932339687	0.06	0.043	1	ARF5	c27
0.114739073966329	0.487353197725223	0.013	0.01	1	FIBP	c27
0.00664941022568225	0.486571649244437	0.033	0.024	1	GNAS	c27
0.0342065050371018	0.486571649244437	0.024	0.018	1	RAB5C	c27
0.000171323058757545	0.486506828682534	0.07	0.051	1	RPS14P3	c27
0.234240703930655	0.486369094657809	0.011	0.008	1	SRSF6	c27
0.057504500886785	0.486276038571028	0.018	0.013	1	SH3GLB1	c27
0.0569016588702639	0.486187885709396	0.018	0.013	1	TOMM22	c27
0.0670613188655073	0.485445608609821	0.019	0.014	1	TSC22D4	c27
0.072956998173491	0.485430349342685	0.016	0.011	1	CDK5RAP3	c27
0.0174042397685514	0.485377331109779	0.028	0.021	1	RPL13AP5	c27
0.142363004917873	-0.485066671974543	0.006	0.01	1	PHTF2	c27
0.0186444723488345	0.48372291812561	0.025	0.018	1	SUPT3H	c27
0.00112596270128403	-0.48357956113469	0.037	0.054	1	RPS20	c27
0.00117860927046851	0.483468933013661	0.065	0.05	1	GPR183	c27
0.0414140112503611	0.482930010691037	0.021	0.015	1	WASF2	c27
0.109765791288572	0.482930010691037	0.014	0.01	1	CCT7	c27
0.0858048704107948	-0.481378282165654	0.008	0.013	1	HLA-J	c27
0.00254844110844014	0.48058987223652	0.042	0.031	1	PRDX5	c27
0.0603414247390746	-0.479565152100266	0.013	0.018	1	IKZF3	c27
0.0196264077630317	0.479118396741018	0.026	0.019	1	LAMP1	c27
0.0114496879077424	0.478936601235795	0.032	0.023	1	C5orf56	c27
0.0018864733180516	0.477444471607307	0.044	0.032	1	TMBIM4	c27
0.0423268806042458	0.477053444354367	0.02	0.015	1	BIRC2	c27
0.00116572724323933	-0.47691753162454	0.043	0.061	1	CD53	c27
0.0803762303019913	0.476698056979522	0.016	0.012	1	TLE4	c27
0.138266134345019	0.476602390719026	0.012	0.009	1	YDJC	c27
0.0455090646834781	0.476564809280809	0.02	0.015	1	ENY2	c27
0.0389347250232318	0.476532239492887	0.022	0.016	1	NAPA	c27
0.213657086859767	0.47629691835859	0.014	0.011	1	MFSD1	c27
0.105545108554112	0.476076339649975	0.017	0.013	1	CCDC59	c27
0.0651249745211281	0.475281510121365	0.02	0.015	1	IMP3	c27
0.164193249473979	0.475221915555774	0.011	0.008	1	STT3B	c27
0.0646003796738898	0.475152660099318	0.018	0.013	1	MTCH1	c27
0.0429939754541687	0.474804822510588	0.021	0.015	1	DCTN3	c27
0.013367427935964	-0.474625675581288	0.025	0.035	1	N4BP2L2	c27
0.125336916434292	0.47455771315092	0.013	0.009	1	TMEM208	c27
0.0776398742234184	0.474124113315696	0.017	0.012	1	RNF114	c27
0.207328349664297	0.474124113315696	0.01	0.007	1	FAM32A	c27
0.177673161199948	0.473996885921029	0.011	0.008	1	PJA2	c27
0.288806742463364	0.471731804086173	0.01	0.008	1	RNF139	c27
0.0521570611842884	0.470616749252185	0.019	0.014	1	IRF3	c27
0.0165551934989199	0.469716514719337	0.029	0.021	1	PSMA6	c27
0.112802003312122	0.469489753752329	0.014	0.01	1	VMP1	c27
0.123095962648823	-0.468996249245888	0.008	0.012	1	ITGB7	c27
0.0910862683793586	0.468018301287109	0.016	0.012	1	TAOK3	c27
0.197506984392568	0.467091417194263	0.01	0.008	1	PREX1	c27
0.00686706991858662	0.465531026705766	0.035	0.026	1	MYEOV2	c27
0.0291397623219077	0.465320611097659	0.027	0.02	1	ZNHIT1	c27
0.0303721089242441	0.465257578742899	0.025	0.018	1	TMEM230	c27
0.196504383496669	0.465239433575515	0.01	0.008	1	SNW1	c27
0.178683404880091	0.465118734574576	0.011	0.008	1	ASXL1	c27
0.00678077204496042	0.46490632885571	0.036	0.027	1	FAM49B	c27
0.0403555492321318	-0.464602569414827	0.019	0.027	1	CTLA4	c27
0.0920530248357526	0.46431433252369	0.016	0.012	1	KRAS	c27
0.00724716318247296	0.463564685824106	0.035	0.026	1	H2AFJ	c27
0.219074792327242	0.462465908131321	0.012	0.01	1	PRDX3	c27
0.00149259582695962	-0.462408773073625	0.055	0.073	1	AHNAK	c27
0.0149467085663648	-0.46164366082354	0.022	0.032	1	DDX17	c27
0.0644872117952171	-0.460321572086952	0.014	0.02	1	ZC3HAV1	c27
0.0142787401409462	0.459611283616804	0.031	0.023	1	SELT	c27
0.127978789955155	-0.458302581059089	0.008	0.011	1	ATP6V0D1	c27
0.161445079943352	0.457784362516859	0.012	0.009	1	TIMM13	c27
0.152889614062637	-0.457460500170808	0.007	0.01	1	PDLIM2	c27
0.172864140450276	0.456190162738616	0.018	0.015	1	RANBP2	c27
0.137093473076994	0.455949332249635	0.013	0.01	1	ITGB2-AS1	c27
0.142673160709208	0.455227081901189	0.013	0.01	1	TMEM9B	c27
0.208015673282735	0.455095802494311	0.01	0.008	1	SLC16A3	c27
0.0575042738719462	0.454445051837985	0.023	0.017	1	GPI	c27
0.000516322619167709	0.45423932488925	0.064	0.047	1	RPSAP58	c27
0.124510965830065	0.454082184543064	0.014	0.01	1	POLR2A	c27
0.0123140497793533	0.454045997069863	0.036	0.027	1	C4orf48	c27
0.0162883322295353	0.452780400011334	0.033	0.025	1	MRPL57	c27
0.178010660466122	0.452745298369238	0.012	0.009	1	MECP2	c27
0.00630359641761289	-0.452292002081847	0.033	0.046	1	SEPT7	c27
0.0481443359967368	0.452117513242232	0.022	0.016	1	RHBDD2	c27
0.153299579809105	0.451968080848822	0.013	0.01	1	NCOA4	c27
0.191515892281885	0.451501204355026	0.011	0.009	1	PPCS	c27
0.315828136854548	0.450508532998659	0.01	0.008	1	YIPF4	c27
0.428087091888098	0.449174411778931	0.014	0.012	1	MARCKS	c27
0.203247356489468	0.44706674881694	0.01	0.007	1	LILRA2	c27
0.000333712673669894	0.446557621026075	0.068	0.05	1	DRAP1	c27
0.00393244744393356	0.445631469268061	0.046	0.035	1	MINOS1	c27
0.0310245365059214	0.444627622510021	0.029	0.022	1	HNRNPH1	c27
0.146022730085798	-0.444345000380549	0.008	0.011	1	HCK	c27
0.0486596684888288	0.443994348144094	0.023	0.017	1	HNRNPUL1	c27
0.150590181749448	-0.443747206816291	0.007	0.011	1	WNK1	c27
0.0154533691826901	0.442895348888785	0.032	0.024	1	SIT1	c27
0.128580965289595	0.442877482806953	0.016	0.012	1	SNORD3A	c27
0.337273290931338	0.442288026193691	0.012	0.01	1	HMGA1	c27
0.121800968443991	-0.441441389967141	0.009	0.013	1	U2SURP	c27
0.107106842923561	-0.441095816530198	0.01	0.015	1	MYCBP2	c27
0.149450986176771	0.440906795795331	0.014	0.011	1	NUTF2	c27
0.0895436051621735	-0.44014601265842	0.012	0.017	1	MYO1F	c27
0.0143932908817183	0.43996671428357	0.033	0.024	1	PLEK	c27
0.0833531647110329	0.43869603953066	0.019	0.014	1	EIF4H	c27
0.206241409799505	0.438000667790592	0.012	0.009	1	CLEC10A	c27
0.294637843642191	0.437287345135325	0.011	0.009	1	SMIM3	c27
0.205045237253563	0.436833596101582	0.01	0.008	1	LILRA5	c27
0.00111665579838035	0.436616930492151	0.113	0.093	1	LY6E	c27
0.053570385959215	0.435335265551924	0.022	0.017	1	UFM1	c27
0.033799205932606	0.435020025729652	0.027	0.02	1	STOM	c27
0.000453075355506883	0.434835722489992	0.082	0.063	1	RPL22L1	c27
0.0942417971271092	0.434726147940642	0.018	0.013	1	GPCPD1	c27
0.0130612555401731	0.43468821033553	0.034	0.026	1	C16orf13	c27
0.16437746082843	0.434437576226709	0.013	0.01	1	CAMTA1	c27
0.0334198637627126	0.43437043259641	0.026	0.019	1	SIRPG	c27
0.0579467974927942	0.434035345018665	0.022	0.017	1	M6PR	c27
0.156747664972449	0.434020410210091	0.014	0.011	1	SMG1	c27
0.101809387034348	-0.434001527346818	0.011	0.016	1	AKAP9	c27
0.159784051040206	0.433726012690267	0.013	0.01	1	RGS14	c27
0.0059588832511672	0.433602298327468	0.044	0.033	1	GNB2	c27
0.0673258853223354	0.433461334426737	0.021	0.016	1	HAX1	c27
0.120702680906363	0.43320873228283	0.016	0.012	1	LGALS9	c27
0.00130738930073989	0.433165973304924	0.061	0.046	1	C4orf3	c27
0.0450904304181709	0.43190600766657	0.024	0.018	1	DDX39A	c27
0.0884715801119888	0.431256989069398	0.018	0.014	1	LSM6	c27
0.154851204333609	-0.430894693919084	0.008	0.011	1	SYNE1	c27
0.0576160301641491	-0.429446124001212	0.017	0.023	1	ANKRD28	c27
0.174415493845143	0.42941822594265	0.014	0.011	1	LAP3	c27
0.0237671810961063	0.428676101462373	0.031	0.023	1	NDUFS8	c27
0.040558083584419	0.428430476362288	0.028	0.021	1	RANBP1	c27
0.0122309317936471	0.427403789107712	0.036	0.027	1	POLR1D	c27
0.0811693665192127	-0.427361316664446	0.063	0.073	1	LOC100996809	c27
0.163536906319537	0.427166739169028	0.014	0.011	1	TAF15	c27
0.121368671875039	0.426463059032009	0.016	0.012	1	NUDC	c27
0.000180831151770147	0.425665805246278	0.079	0.059	1	TRMT112	c27
0.00798281734199761	0.42546598486622	0.043	0.033	1	OCIAD2	c27
0.00241979545564962	0.425239997868903	0.054	0.04	1	LCP2	c27
0.173958289535955	0.425214512834749	0.013	0.01	1	KCNAB2	c27
0.00091255686071473	0.424002673165941	0.046	0.033	1	LAG3	c27
0.0419431210158325	0.423486828185429	0.026	0.02	1	SF3B6	c27
0.0115717720525032	-0.422854647691312	0.04	0.052	1	HSPH1	c27
0.00208432932227634	0.422590145563595	0.047	0.034	1	CMC1	c27
0.228835422177806	0.422388468755987	0.011	0.009	1	OXA1L	c27
0.00708587062642655	0.422184741432214	0.046	0.035	1	C1orf162	c27
0.00227936545324486	0.422041792065411	0.055	0.042	1	LSM7	c27
0.017083374942739	0.42181574344442	0.033	0.025	1	SPSB3	c27
0.127160780938906	0.421789715877133	0.016	0.012	1	DHPS	c27
0.146582986427014	-0.421789485875855	0.009	0.012	1	GPRIN3	c27
0.198381662027505	0.421598167426506	0.012	0.009	1	PNP	c27
0.0100501924219371	0.421326335864834	0.044	0.034	1	COX17	c27
0.0394941565270382	0.421310892427371	0.027	0.02	1	CD5	c27
0.128225640473051	0.421226410665861	0.016	0.012	1	MPC2	c27
0.0136944417412831	0.421035476965094	0.035	0.027	1	ARF4	c27
0.0116901605975826	0.420725179866302	0.042	0.032	1	FCGR3A	c27
0.0725037698989276	-0.420521500950711	0.015	0.021	1	CAPZA1	c27
0.270201812716908	0.420507510157222	0.01	0.008	1	NUBP2	c27
0.0318631709429704	0.419755812841329	0.029	0.022	1	SBDS	c27
0.186023118328879	0.419463591847644	0.013	0.01	1	B3GAT3	c27
0.216795247497616	0.417653141613391	0.012	0.009	1	LAIR1	c27
0.261519338441049	0.417008617745333	0.01	0.008	1	TMEM106B	c27
0.0466535870248837	0.41643459890413	0.026	0.019	1	IL16	c27
0.0267601569953185	-0.416371633325028	0.027	0.036	1	MYADM	c27
0.0656449294890162	0.41595838067489	0.022	0.017	1	ITGAL	c27
0.0692144005287432	0.4158158148325	0.022	0.017	1	LSM2	c27
0.00228912187379612	0.412709903964679	0.056	0.042	1	CARD16	c27
0.226749105677767	-0.412234096404644	0.007	0.01	1	RTKN2	c27
0.455293863950267	-0.411105699438229	0.016	0.018	1	SEC11C	c27
0.00593306277903223	0.411002013099449	0.049	0.038	1	SNRPG	c27
0.0492128231052286	0.410505199174641	0.026	0.02	1	HMHA1	c27
4.96883979789644e-05	0.409799519225556	0.091	0.068	1	SRSF3	c27
0.162259406837303	0.409694193798177	0.015	0.011	1	HSPA9	c27
0.248630104553799	0.409556824360817	0.011	0.008	1	YIF1A	c27
0.0372156047283517	0.409272968965728	0.012	0.008	1	NMB	c27
0.193277310194996	0.409039843807123	0.013	0.01	1	TXN2	c27
0.0257168608125024	0.40891531292649	0.034	0.026	1	STAT1	c27
0.0239775746999547	0.408690226686573	0.025	0.018	1	MIR155HG	c27
0.00863420089904969	0.408562170328647	0.048	0.037	1	CDC42SE2	c27
0.00543412413113389	0.407142939912731	0.048	0.036	1	RBX1	c27
0.242941172773355	0.406827031605245	0.011	0.009	1	MRPS36	c27
0.0808584525622714	0.406752976987212	0.021	0.016	1	SAMD3	c27
0.00339789631283152	0.406690356585211	0.069	0.055	1	FKBP1A	c27
0.116293607699415	-0.405626419440377	0.013	0.017	1	MPEG1	c27
0.283169890132346	0.405547479378673	0.01	0.008	1	LOC100507412	c27
0.201372221395916	-0.404966562340823	0.007	0.01	1	NABP1	c27
0.192471412333553	0.404850019833598	0.013	0.01	1	TGFBR2	c27
0.0652026802775218	0.404835183931548	0.023	0.017	1	RILPL2	c27
0.0148924022734647	-0.404678395731612	0.033	0.044	1	EIF4B	c27
0.0536696400720947	0.404231799931615	0.026	0.02	1	VPS29	c27
0.000998701075660844	0.403906934465835	0.073	0.056	1	NDUFA11	c27
0.23011010182336	0.403539708006532	0.012	0.009	1	MAZ	c27
0.0982225940703992	0.402759662007054	0.023	0.018	1	ATP5G1	c27
0.122339926935611	-0.401342282255462	0.011	0.016	1	SSR1	c27
0.240561139261077	0.400422051383463	0.012	0.009	1	LSM3	c27
0.241627754431711	0.399643688785197	0.012	0.009	1	SMNDC1	c27
0.26027332831753	0.399373052374726	0.011	0.009	1	B4GALT1	c27
0.252979711582732	0.39870372725554	0.011	0.009	1	DEDD2	c27
6.61331811158474e-05	0.398582389173197	0.113	0.088	1	TPI1	c27
0.389018972640965	0.397682724072526	0.01	0.009	1	CEBPZ	c27
0.0182041041100613	0.396773366941322	0.038	0.029	1	VAPA	c27
0.119042340718158	0.396426089410125	0.02	0.016	1	ATOX1	c27
0.221712871103389	0.396275628436855	0.013	0.01	1	PSMA3	c27
0.239022876121924	0.396275628436855	0.014	0.011	1	SESN1	c27
0.28772032857285	0.395687613331551	0.01	0.008	1	TADA3	c27
0.30980806792423	0.395351712272785	0.01	0.008	1	SMAP1	c27
0.232964547280321	0.395280666300255	0.012	0.01	1	DDTL	c27
0.171972008750412	0.395232540371107	0.015	0.012	1	RNF113A	c27
0.182745288897138	0.394982311415334	0.014	0.011	1	DNAJC4	c27
0.0315048843583714	0.394928448358677	0.034	0.027	1	CCDC107	c27
0.287695167621006	0.394046494741071	0.013	0.011	1	SCAMP2	c27
0.0114039266781688	0.392679175431984	0.044	0.034	1	CD14	c27
0.276953314168646	0.392623589580516	0.011	0.009	1	STAG2	c27
0.153645608994243	0.392439476743129	0.015	0.012	1	JARID2	c27
0.00972605622585983	0.391431656205541	0.046	0.036	1	ATP6V1F	c27
0.00136546706498405	0.39084258105441	0.07	0.054	1	NDUFB1	c27
0.00205945141726272	0.390722572593948	0.071	0.056	1	PSMB8	c27
0.0688928170401392	-0.390674095682718	0.019	0.025	1	TAP1	c27
0.227577002160226	0.390536406384142	0.013	0.01	1	UFD1L	c27
0.0539842838982069	0.390375937551221	0.028	0.022	1	ATP5A1	c27
0.0830991269449565	0.390120200328436	0.02	0.015	1	MYC	c27
0.0711135963948165	0.389820606299556	0.025	0.019	1	C17orf62	c27
0.0256349157205892	0.38874757163433	0.042	0.033	1	FKBP5	c27
0.00633934489349534	0.388568810090096	0.052	0.04	1	C19orf60	c27
0.00414819993697014	0.388011984279188	0.058	0.045	1	ARF6	c27
0.0601316748783945	0.387948191966784	0.027	0.021	1	ENSA	c27
0.0858289675672198	0.387675334467999	0.026	0.02	1	MRPL20	c27
0.072273491422041	0.387632461552559	0.024	0.019	1	AMD1	c27
0.126162697666513	0.387345575600074	0.019	0.015	1	LIMS1	c27
0.126700977445043	0.386851078580361	0.019	0.015	1	PAFAH1B1	c27
0.16028797630177	0.386144948156158	0.017	0.013	1	UTRN	c27
0.0445340364601143	0.385674076946957	0.036	0.029	1	FIS1	c27
0.0398412717922554	0.385533247896457	0.031	0.024	1	SSU72	c27
0.000833766426634377	0.384913763337323	0.072	0.055	1	IRF1	c27
0.10499702785277	0.384903827249988	0.024	0.019	1	RAD23A	c27
0.199182588316117	0.384677303023595	0.014	0.011	1	MPG	c27
0.0357140179836699	-0.384608528600101	0.034	0.044	1	SYNGR2	c27
0.0427990983769155	0.384325408512154	0.03	0.023	1	C19orf70	c27
0.0320494807456369	0.384255904822276	0.032	0.025	1	ASAH1	c27
0.106745090329005	-0.384196262853098	0.01	0.014	1	ABHD14B	c27
0.101169718223001	0.38414888477285	0.024	0.019	1	AGTRAP	c27
9.57634707727254e-05	0.384089779448546	0.117	0.092	1	ATP5I	c27
0.0462603619937998	0.384046550099191	0.029	0.022	1	TMEM173	c27
0.0341889436705423	0.383699701738762	0.027	0.02	1	ID3	c27
0.112801048157592	0.383394337140122	0.02	0.016	1	SUMO3	c27
0.132054362540156	0.383394337140122	0.019	0.015	1	CHMP4A	c27
0.00188172262050408	0.382844843688083	0.068	0.052	1	ATP5G3	c27
0.0925960143369891	0.382576018887389	0.023	0.018	1	POLR2E	c27
0.126263222466106	0.382382274635701	0.018	0.014	1	MTHFD2	c27
0.106854106501021	0.381646674853855	0.021	0.017	1	FERMT3	c27
0.0718213740465887	0.381545912747754	0.025	0.02	1	LMAN2	c27
0.0810960621530793	-0.381331950226698	0.02	0.026	1	APLP2	c27
0.00329625951534549	0.381308225376884	0.062	0.048	1	C10orf54	c27
0.14908308687432	0.380797225654083	0.018	0.014	1	LSM4	c27
0.236566728926414	0.380547380042813	0.013	0.01	1	MAP2K3	c27
0.0351213622442793	0.379439423644694	0.033	0.026	1	P4HB	c27
0.00101747987240394	0.378775375274511	0.077	0.059	1	PRR13	c27
0.441888293935154	0.378157688773975	0.01	0.008	1	CFDP1	c27
0.00664047483145928	0.3774876961734	0.057	0.044	1	BRK1	c27
0.154015768319207	-0.377459130113037	0.011	0.015	1	CD4	c27
0.00226660734221547	0.377141655200493	0.065	0.05	1	ATP5J2	c27
0.10069414256007	0.376996565941972	0.028	0.023	1	DEF6	c27
0.117570069761684	-0.37686332332776	0.014	0.018	1	ATRX	c27
0.360316218205505	0.376828586080237	0.017	0.014	1	TRADD	c27
0.144996379949198	-0.376471659136162	0.011	0.015	1	BTN3A2	c27
0.254259246088794	0.375256632013421	0.015	0.012	1	MAP4K1	c27
0.0418737832760283	0.375092269149	0.033	0.025	1	SNRPF	c27
5.78616749374525e-05	0.374725790090253	0.106	0.082	1	RGS2	c27
0.199024422808697	0.374405553912868	0.015	0.012	1	WBP2	c27
0.163799695489073	0.373586113052014	0.02	0.016	1	HNRNPM	c27
0.206937296142035	-0.373439193404031	0.013	0.017	1	LOC101928173	c27
0.0610338035671391	0.373305519516538	0.028	0.022	1	MRPS6	c27
0.00317061683579676	0.37261449838688	0.062	0.048	1	AES	c27
0.0943200672794543	0.372444037579581	0.024	0.019	1	DDOST	c27
0.273831471932279	0.371135569460967	0.012	0.009	1	MRPL14	c27
0.0201912908340541	0.371000941558395	0.041	0.032	1	ATP5J	c27
0.180058705297642	-0.370780547058307	0.009	0.013	1	BNIP2	c27
0.0457155523778066	0.37041161698926	0.029	0.022	1	PDCD1	c27
0.0561503260272114	0.369674033187779	0.029	0.023	1	HN1	c27
0.062068476426536	0.369623892312728	0.028	0.022	1	DANCR	c27
0.266949958824151	0.369405349875541	0.012	0.01	1	ZSCAN16-AS1	c27
0.320677384322737	0.368606257286883	0.01	0.008	1	LAGE3	c27
0.147494564594518	-0.367518374858009	0.013	0.018	1	GPR171	c27
0.213178757591683	0.367350514369857	0.015	0.012	1	TRAPPC2L	c27
0.112405972678469	-0.366854843844507	0.015	0.02	1	EWSR1	c27
0.000232271709960795	0.366698048267809	0.118	0.094	1	PSMB9	c27
0.0677139302184711	0.36657836636903	0.028	0.022	1	UBE2N	c27
0.120380011762707	0.366494510246238	0.021	0.016	1	HERPUD2	c27
0.0754188651987093	-0.365740265790205	0.023	0.029	1	DUSP6	c27
0.170877361702145	0.36479865488461	0.018	0.014	1	WTAP	c27
0.14641682435007	-0.364697495006463	0.015	0.019	1	CXCR6	c27
0.0891273857780695	0.364657774558537	0.025	0.019	1	MATK	c27
0.16468577066791	-0.363692245887695	0.012	0.016	1	TMC8	c27
0.00115599577181499	0.363555590047888	0.087	0.069	1	GNG5	c27
0.275836421098482	0.363555590047888	0.012	0.01	1	CARD8	c27
0.0185013770960926	0.363541281500707	0.049	0.039	1	TSTD1	c27
0.119330962131949	0.363359819556303	0.02	0.015	1	EIF4E	c27
0.287763050707853	0.362767686550165	0.012	0.01	1	OFD1	c27
0.325219146657011	0.362635776973325	0.011	0.009	1	SRPR	c27
0.21750358489941	-0.362520213753567	0.008	0.011	1	PGD	c27
0.00919949341121469	0.362501906721656	0.055	0.043	1	RHOC	c27
0.248421859479108	0.362323108483961	0.014	0.011	1	CRTAP	c27
0.201615846234755	0.361864207261732	0.022	0.018	1	MRPS34	c27
0.0645740484655478	0.361176926390082	0.03	0.023	1	PSMD8	c27
0.359612061032402	0.360674260640039	0.01	0.008	1	IFNAR2	c27
0.0297594600975719	0.360306954497638	0.039	0.031	1	SEC11A	c27
0.641232781300026	-0.360288173240664	0.087	0.089	1	HLA-DRB4	c27
0.00834987682126246	0.360108908328828	0.057	0.045	1	WDR83OS	c27
0.156748660706704	-0.359560419557369	0.012	0.016	1	MAPK1IP1L	c27
0.30079801312714	0.358980089097972	0.012	0.01	1	CNOT2	c27
0.0225721737631815	0.358900456982211	0.046	0.036	1	SLC9A3R1	c27
0.0797366692466868	0.358429993274753	0.027	0.021	1	DDX21	c27
0.227259633982819	0.35817497968309	0.015	0.012	1	ARRDC1	c27
0.000116094350962476	0.35774675857697	0.076	0.056	1	PHLDA1	c27
0.178511907100397	-0.357238905736891	0.01	0.014	1	ACP1	c27
0.290602561276005	0.357002838248722	0.012	0.01	1	IER3IP1	c27
0.182591956763567	-0.356865082751125	0.013	0.017	1	UBE2J1	c27
0.0119195713426227	0.356821241541214	0.05	0.039	1	SDCBP	c27
0.152543280067552	-0.356284365565951	0.016	0.02	1	LINC00936	c27
0.136830806364336	0.356111582746717	0.021	0.017	1	LPXN	c27
0.182535527712242	0.356099988455554	0.018	0.014	1	ATP6AP2	c27
0.144398854758827	0.354825184943351	0.02	0.016	1	GSTO1	c27
0.00744396749610727	0.354579222102267	0.056	0.044	1	PRELID1	c27
0.214840292341772	-0.354212312375839	0.008	0.011	1	NCF2	c27
0.0729142095052288	0.354175029438482	0.028	0.022	1	NDUFS7	c27
0.000604788618625449	0.353981009939225	0.215	0.188	1	ITM2B	c27
0.0759475938950957	0.353706878560328	0.029	0.023	1	BCAP31	c27
0.000713818080512799	0.353613345274543	0.063	0.047	1	CD68	c27
0.0345135261299223	0.353512830463791	0.038	0.03	1	CDK2AP2	c27
0.151933797752388	0.353162135720707	0.024	0.019	1	BCAS2	c27
0.00323985041698314	0.352669748329959	0.074	0.058	1	PSMA7	c27
0.18818400156168	0.352533373435362	0.018	0.014	1	CASP4	c27
0.132312024649392	0.35252206487658	0.021	0.017	1	PECAM1	c27
0.0645030753986722	0.352508346416064	0.03	0.023	1	CNOT6L	c27
0.0428883475386828	0.352469763945222	0.035	0.028	1	SUN2	c27
0.00506231334163141	0.35210651784796	0.071	0.057	1	SEC61G	c27
0.101327058658541	0.351958224372835	0.022	0.017	1	IRF2BP2	c27
0.254509273452397	0.351901789736585	0.014	0.011	1	ARAP2	c27
0.0676701004448974	0.351891150667234	0.03	0.023	1	LAPTM4A	c27
0.000262083690566555	0.351453178073922	0.116	0.093	1	COX6B1	c27
0.231823835701816	-0.351405589807969	0.007	0.01	1	XRN2	c27
0.148330187998178	0.350789671708195	0.02	0.016	1	IDI1	c27
0.0825323656077698	0.350624352999343	0.031	0.025	1	CHURC1	c27
0.556094073245849	0.350479714667387	0.011	0.01	1	SHKBP1	c27
0.0123137098005142	0.349715438567804	0.051	0.04	1	CDC37	c27
0.019448867829312	0.349574151630839	0.046	0.037	1	COX5A	c27
0.0168788017550341	0.349536477451046	0.051	0.04	1	UQCRQ	c27
0.23043949691547	0.348776140270546	0.013	0.011	1	MANF	c27
0.0588598381720513	-0.348003479436695	0.026	0.034	1	PNISR	c27
0.264595457716001	0.347366027955909	0.014	0.011	1	SMIM7	c27
0.14622248072733	-0.347189405133657	0.013	0.018	1	SDF2L1	c27
0.00498018823958508	0.34713079315335	0.065	0.051	1	NDUFB11	c27
0.0745344011365563	0.347070958840218	0.027	0.021	1	KLF10	c27
0.0869223610809923	0.347042589990001	0.028	0.022	1	RAP1A	c27
0.206311019094708	0.346467768141765	0.017	0.014	1	EPS15	c27
0.146837448569384	-0.346389685023994	0.014	0.018	1	PYHIN1	c27
0.110635828014134	0.346176133640686	0.024	0.019	1	AOAH	c27
0.0843746804995445	-0.345438089114981	0.017	0.023	1	AIP	c27
0.216865046409738	0.344324772461531	0.016	0.013	1	COX16	c27
0.353636690714132	0.343798162794327	0.011	0.009	1	THYN1	c27
0.147277917166504	0.343346176500055	0.022	0.017	1	PCNP	c27
0.243129068411313	0.341917701163963	0.015	0.012	1	COPS6	c27
0.209980677470392	-0.341401433563357	0.009	0.012	1	PNN	c27
0.272798499505305	0.3410612943797	0.014	0.012	1	ARIH2	c27
0.0589038093998552	0.340817666767634	0.033	0.027	1	TMEM219	c27
0.0124942779235171	0.340791318163917	0.054	0.043	1	PIK3R1	c27
0.0325791126337359	-0.340645347905015	0.042	0.053	1	CD247	c27
0.392471049231314	-0.340271291282751	0.016	0.018	1	CPVL	c27
0.192165609097378	-0.338944962833467	0.011	0.014	1	NCOR1	c27
0.0185791821523424	-0.337810796845168	0.071	0.085	1	TAGAP	c27
0.00740318515522719	0.33735318640542	0.075	0.061	1	SAMSN1	c27
0.232245479223287	-0.336461585443582	0.009	0.012	1	GABPB1-AS1	c27
0.0671703842525861	-0.33427949963786	0.025	0.032	1	ITK	c27
0.00648039397014744	0.333747765553647	0.071	0.057	1	LAMTOR4	c27
0.215635939512823	0.332625204718012	0.024	0.02	1	SYTL1	c27
0.245173059863566	-0.332369858044466	0.008	0.011	1	TTC3	c27
0.324551846011207	0.332301567222204	0.013	0.011	1	CSNK1A1	c27
0.234518240050146	0.332105108443268	0.017	0.014	1	POLE4	c27
0.134363160256154	0.331999031825384	0.024	0.02	1	CBX3	c27
0.118822178337646	0.331366212119362	0.029	0.024	1	NDUFA2	c27
0.000108576801489195	0.331169407378651	0.081	0.061	1	CSTB	c27
0.0412489947290477	0.331133031260323	0.043	0.035	1	PVRIG	c27
0.0513984906588263	0.330222012959265	0.037	0.03	1	FKBP8	c27
0.114102640179655	-0.330102663530678	0.028	0.034	1	BIRC3	c27
0.118496243512549	0.329846145556983	0.029	0.024	1	TRABD	c27
0.131324913895959	0.329659171082786	0.031	0.025	1	LOC374443	c27
0.40973734757451	0.329455530029318	0.01	0.008	1	RALGDS	c27
0.376117282982607	0.329246559885667	0.017	0.015	1	PSMB2	c27
0.159511785991807	-0.329128077849296	0.014	0.019	1	RBL2	c27
0.368000359392767	0.329124674612002	0.011	0.009	1	COQ10B	c27
0.00144511870423374	0.329075404764452	0.092	0.073	1	COX6C	c27
0.000129867689426705	0.328603931392057	0.138	0.112	1	CHCHD2	c27
0.168981257415345	-0.327872697599487	0.014	0.018	1	OSTC	c27
0.00304140887530728	0.327656592201695	0.084	0.068	1	POLR2L	c27
0.207555193050038	0.326810808773755	0.019	0.015	1	NONO	c27
0.139671563301834	0.326474555412277	0.026	0.021	1	DNPH1	c27
0.0063442678050958	0.326050895645367	0.071	0.057	1	GYPC	c27
0.031033291633822	0.325388733704557	0.044	0.035	1	NOSIP	c27
0.012079377480013	0.324610571896344	0.079	0.066	1	SLC25A3	c27
0.0832581078635551	0.324064006481464	0.035	0.029	1	ARPC5L	c27
0.00548196781766925	0.323977525538881	0.072	0.057	1	ENO1	c27
0.260759614412188	0.323451796683841	0.016	0.013	1	FAM195B	c27
0.104207294129658	0.322962593526285	0.023	0.018	1	C19orf10	c27
0.124568744641989	0.321923073864123	0.032	0.027	1	TECR	c27
0.178187559234637	-0.321477627316231	0.013	0.017	1	PPIG	c27
0.222352305355858	-0.320739864558711	0.007	0.01	1	CD300E	c27
0.0726653952878439	-0.320065925433382	0.033	0.041	1	WSB1	c27
0.0708451163551053	0.319891394833964	0.042	0.035	1	IL10RA	c27
0.0120105191446496	0.319534953809078	0.067	0.055	1	DBI	c27
0.0300371563270069	0.319013980111824	0.043	0.034	1	CFD	c27
0.0189010236483068	0.317998935183883	0.055	0.044	1	ABRACL	c27
0.11176022262565	-0.317953317055594	0.068	0.078	1	NEAT1	c27
0.161920728741116	0.316826720201133	0.023	0.019	1	MFSD10	c27
0.386064286391882	0.315296820756714	0.011	0.009	1	SLC25A39	c27
0.452122238705668	0.314969196129239	0.013	0.011	1	PLA2G16	c27
0.0469854222844807	0.314280413817619	0.046	0.038	1	RPS27L	c27
0.0551348357569814	0.314210771994121	0.037	0.03	1	RUNX3	c27
0.00446659384425595	0.313750780803656	0.083	0.067	1	APRT	c27
0.143622602519851	-0.313722258314093	0.018	0.023	1	ELOVL5	c27
0.0510142155931437	-0.313068111686384	0.037	0.046	1	CD96	c27
0.334510004925327	0.311584334549098	0.014	0.011	1	TCP1	c27
0.104668979334341	0.311574473642283	0.031	0.025	1	BZW1	c27
0.0391500362592789	-0.311519614361809	0.031	0.04	1	SEPT6	c27
0.259355174327748	0.311479155017764	0.017	0.014	1	LSM5	c27
0.390320204978005	0.311479155017764	0.011	0.009	1	MAPK1	c27
0.293531485936459	0.311288536659703	0.015	0.013	1	ADSS	c27
0.0350075203647297	0.31015207705894	0.041	0.033	1	SPCS2	c27
0.350097386514666	0.309954912888775	0.017	0.014	1	NUCB1	c27
0.0436442726835404	0.309201409180377	0.046	0.037	1	SF3B5	c27
0.536060138708472	0.309193395298705	0.011	0.01	1	SAT2	c27
0.00992047238988846	0.308880495397539	0.078	0.064	1	USMG5	c27
0.11847665582408	-0.308768316153595	0.022	0.027	1	TCEA1	c27
0.142106361346349	0.3084322794589	0.026	0.021	1	AKIRIN2	c27
0.0928160786862144	-0.307796206236215	0.025	0.031	1	CACYBP	c27
0.354073871462033	0.307756068975047	0.013	0.011	1	SRA1	c27
0.383884968990985	0.307028196583217	0.012	0.01	1	AP3S1	c27
0.0199891614179413	-0.306216577221474	0.054	0.067	1	GLTSCR2	c27
0.142413957748718	0.306151338207662	0.031	0.025	1	DGUOK	c27
9.50612622949821e-05	-0.305814886959053	0.297	0.332	1	ND1	c27
0.0888206883789282	-0.305565884115252	0.027	0.033	1	CSDE1	c27
0.252864974861358	0.305551689401952	0.018	0.015	1	TWF2	c27
0.0454528974056688	0.305299790113404	0.048	0.039	1	SFPQ	c27
0.290275616568065	-0.305159051840838	0.007	0.01	1	SETX	c27
0.446723527297435	0.305115737674435	0.01	0.009	1	DAP3	c27
0.227159202528812	0.304873362967999	0.02	0.016	1	POLR2G	c27
0.219902538470778	0.304224123706515	0.019	0.015	1	TMX4	c27
0.328802678925626	0.304177435302087	0.014	0.012	1	SLA2	c27
0.00292258257208116	0.303396338011747	0.087	0.07	1	C9orf142	c27
0.358697793427605	0.303223988456139	0.013	0.011	1	COX20	c27
0.0886040142028923	0.303148644031594	0.033	0.026	1	MIR4435-1HG	c27
0.193882164277929	0.30300277558479	0.023	0.019	1	C9orf78	c27
0.467174808992321	0.302761937916656	0.02	0.018	1	AQP3	c27
0.396799295852837	0.30260025518188	0.012	0.01	1	ACAA1	c27
0.169314241520465	0.302357765049216	0.027	0.023	1	RPS10	c27
0.00860345515959166	0.302247555733942	0.079	0.065	1	H3F3AP4	c27
0.0503950924070972	0.30197895579382	0.021	0.016	1	HMOX1	c27
0.222221309741134	0.301924848304515	0.02	0.017	1	RER1	c27
0.0379113962199659	0.301852708141944	0.052	0.042	1	SH2D2A	c27
0.248881800222869	0.301425490353841	0.019	0.016	1	RAB27A	c27
0.328861550705125	0.301145925380408	0.014	0.012	1	RNASEH2C	c27
0.102084713144401	0.300410661901746	0.04	0.033	1	SERBP1	c27
0.485201931079898	0.299666169042951	0.012	0.011	1	OTUD6B-AS1	c27
0.353424477255166	0.299642987446876	0.014	0.012	1	G3BP1	c27
0.30833616699457	0.299198577565895	0.03	0.026	1	FCGRT	c27
0.16972338282669	0.298981131718459	0.025	0.021	1	CDC42SE1	c27
0.424649990785454	0.298574140953222	0.011	0.01	1	ITGB1BP1	c27
0.316441690258893	0.298223965542203	0.019	0.016	1	MAX	c27
0.17281082580476	-0.296679920883663	0.017	0.022	1	CANX	c27
0.0306112277584866	0.296258833793274	0.058	0.048	1	ROMO1	c27
0.415662474105252	0.295760062814792	0.015	0.013	1	FAM96A	c27
0.00699567192288683	0.295197847917222	0.109	0.092	1	SNHG8	c27
0.0729283596820019	0.294900918593798	0.043	0.036	1	COPE	c27
0.163688549840602	0.294498941706022	0.029	0.024	1	KRT10	c27
0.724463510269749	-0.294098055998107	0.04	0.041	1	TUBB	c27
0.214626160080336	-0.293875848006961	0.014	0.018	1	ZBTB20	c27
0.0303783854521869	-0.293462666813656	0.048	0.059	1	MBNL1	c27
0.315195772783888	0.29301990046988	0.016	0.013	1	CHD1	c27
0.179113402692346	0.292762270604084	0.025	0.02	1	KTN1	c27
0.00182150518819463	0.292611462749221	0.122	0.101	1	TCEB2	c27
0.0218769334288273	-0.292312240719189	0.057	0.07	1	RPS17	c27
0.0273262019361732	-0.29227107026542	0.048	0.06	1	ARL6IP5	c27
0.111393398562479	0.292142537215018	0.033	0.027	1	ANXA11	c27
0.00256390213287756	0.292122867498321	0.101	0.083	1	SOD1	c27
0.033796894993464	0.292026075694057	0.055	0.045	1	DYNLL1	c27
0.464270668022383	0.290284932748641	0.01	0.009	1	S1PR4	c27
0.151170784666417	-0.290254121875468	0.288	0.257	1	NKG7	c27
0.0665070033714389	0.290102785782818	0.048	0.04	1	ATP5B	c27
0.000143503521169861	-0.290034485612003	0.15	0.183	1	CORO1A	c27
0.27286419739188	0.289810440048791	0.018	0.015	1	CCDC167	c27
0.00731504488992662	0.288816268936667	0.063	0.05	1	DUSP4	c27
0.313805265374741	0.288694601842547	0.016	0.014	1	LINC01420	c27
0.00842513795719271	-0.288339714784625	0.083	0.101	1	LCP1	c27
0.397734903962604	0.288282579837493	0.013	0.011	1	AKR1A1	c27
0.00549353554056287	0.288087377044395	0.099	0.082	1	EDF1	c27
0.0102494753929414	0.287876024122703	0.09	0.075	1	NDUFA4	c27
0.305767966403417	0.287782425545471	0.017	0.015	1	EIF3I	c27
0.489139173755049	0.287710989084815	0.01	0.008	1	C15orf61	c27
0.276016664096681	0.287513183498587	0.019	0.016	1	DDX18	c27
0.279482683786597	-0.286928068367581	0.019	0.023	1	KLRC1	c27
0.192588441090924	0.286322966596219	0.024	0.02	1	NDUFAF3	c27
0.376704152097498	0.285419177576825	0.017	0.015	1	CHST12	c27
0.096994797738445	0.285398359616768	0.034	0.028	1	GPR65	c27
0.240744320262903	0.284558321721684	0.021	0.018	1	PAPOLA	c27
0.274389979765196	0.284286192127198	0.019	0.016	1	CLPP	c27
0.336134995247202	-0.283981747364615	0.013	0.016	1	PPP1R2P9	c27
0.391448586979355	0.283858663589208	0.013	0.011	1	ETHE1	c27
0.0268675135589073	0.283708321594969	0.069	0.058	1	SEPT1	c27
0.327164826698725	0.283406124363136	0.016	0.014	1	CHMP2A	c27
0.328524237498393	0.282977285902203	0.015	0.013	1	ILF3-AS1	c27
0.00893884701084501	0.282855398569021	0.067	0.054	1	SEC61B	c27
0.375382643870292	0.282841949563079	0.014	0.012	1	RPAIN	c27
0.299658237367092	0.281538354682853	0.018	0.015	1	C1QBP	c27
0.244869156045198	0.281097033512391	0.022	0.018	1	H2AFY	c27
0.0825443609276386	0.280558386763867	0.041	0.034	1	ARRB2	c27
0.12377972617759	0.280272416967599	0.034	0.028	1	JTB	c27
0.38897950133316	0.280016597294814	0.013	0.011	1	HIGD1A	c27
0.232719967326686	-0.279950282225963	0.029	0.034	1	LMNA	c27
0.318104455350364	0.279918217190382	0.024	0.021	1	CFP	c27
0.0320568774290728	0.279593854290386	0.059	0.049	1	C14orf2	c27
0.467119949505206	0.279349455067485	0.011	0.009	1	PNKD	c27
0.546766354814719	0.278789293910812	0.011	0.01	1	FPR1	c27
0.000640398509888317	-0.278572072169584	0.139	0.167	1	RPL31	c27
0.0200486925057864	-0.278252020059404	0.05	0.063	1	EIF3E	c27
0.507709568932595	0.277460892391058	0.01	0.008	1	APOL6	c27
0.509377265634093	0.277460892391058	0.01	0.008	1	ATP2A3	c27
0.210281881737613	-0.27739957654068	0.023	0.028	1	PLAC8	c27
0.324322708816533	-0.277290935775473	0.007	0.01	1	P2RY10	c27
0.00694786842853774	0.277169855758436	0.094	0.077	1	COX7A2	c27
0.301838275663629	0.277057773576655	0.018	0.015	1	CYFIP2	c27
0.000121625446763414	0.276551450576988	0.102	0.079	1	HSPB1	c27
0.501464476556137	0.276416680244622	0.01	0.009	1	TBXAS1	c27
0.0848828864588612	-0.276410857092173	0.024	0.03	1	EMB	c27
0.323609733557295	0.276326475158721	0.017	0.015	1	RAB2A	c27
0.357129749775224	0.276264462433706	0.015	0.013	1	ZMYM6NB	c27
0.23162470777522	0.276078440250368	0.023	0.019	1	BANF1	c27
0.124443156883382	0.275665143475865	0.039	0.033	1	PAIP2	c27
0.2793070880215	0.275483330397281	0.019	0.016	1	GBP2	c27
0.21298499612231	0.274762660634589	0.025	0.021	1	SH3KBP1	c27
0.390101246154057	0.274739788124012	0.014	0.012	1	TMEM14C	c27
0.0616945781432271	0.274571392837563	0.054	0.046	1	SEPW1	c27
0.000406267086041198	0.274544533093664	0.159	0.132	1	ALDOA	c27
0.504772006630085	0.27398312041954	0.01	0.009	1	PCMT1	c27
0.162069558277388	-0.273881129366835	0.022	0.027	1	CLEC2D	c27
0.137419633864701	0.273751566765101	0.037	0.031	1	TRAM1	c27
0.387726712381414	0.27355091698884	0.014	0.012	1	RTF1	c27
0.0499177433854366	0.272876896543415	0.051	0.042	1	ZYX	c27
0.0103295191667571	0.271351388049883	0.086	0.071	1	NDUFA13	c27
0.183850108699935	0.271113667634211	0.028	0.023	1	OTUB1	c27
0.0082502462544154	0.271076868383409	0.123	0.105	1	UBL5	c27
0.489092134496801	0.270815068550416	0.011	0.009	1	TXNDC17	c27
0.325175339944612	-0.26971065245594	0.008	0.01	1	DOCK10	c27
0.0150735230358323	0.269693837975395	0.075	0.062	1	JUND	c27
0.258654289590158	-0.269524090744177	0.013	0.016	1	NDUFA12	c27
0.242375958947566	0.26920008560366	0.022	0.018	1	PTGER2	c27
0.187850653014908	0.269176507628462	0.032	0.027	1	TOB1	c27
0.117813639022951	0.269085767042808	0.037	0.031	1	RALY	c27
0.496743792115568	0.269027312188122	0.014	0.012	1	RN7SL1	c27
0.0707831889059483	0.268410433125879	0.048	0.04	1	DDX3X	c27
0.103978676508328	0.268025393579737	0.04	0.033	1	SHFM1	c27
0.50284136884137	0.267283107387025	0.01	0.008	1	PTGDR	c27
0.540229159285671	0.265593768738624	0.01	0.009	1	WBSCR22	c27
0.197294538571236	-0.264687563404304	0.031	0.036	1	PMAIP1	c27
0.349201711155177	0.264468640944504	0.017	0.015	1	SP110	c27
0.445209252974662	0.264468640944504	0.013	0.011	1	NCF4	c27
0.44377235681246	0.263906405925351	0.01	0.008	1	CD70	c27
0.00221256269999269	0.263775095703408	0.118	0.097	1	SUB1	c27
0.215490527450599	0.263484873404926	0.026	0.022	1	TGFB1	c27
0.498463938452996	0.263484873404925	0.01	0.009	1	PLXDC2	c27
0.50982423816087	0.263100103422411	0.011	0.009	1	IRF2	c27
0.516410480925721	0.263063464013617	0.01	0.009	1	LOC101929065	c27
0.198588798852674	0.263002178355236	0.027	0.022	1	PHPT1	c27
0.532829890221625	0.262894934717135	0.014	0.012	1	RBM17	c27
0.0223082001923584	0.262776975922181	0.073	0.061	1	NDUFA3	c27
0.250965709616342	0.262582003958792	0.024	0.02	1	MDH2	c27
0.450780282572846	0.261846750098589	0.013	0.011	1	POLR2F	c27
0.380524139114218	0.261633549935935	0.02	0.018	1	VDAC2	c27
0.265480880793372	0.261157570043498	0.027	0.023	1	WAS	c27
0.307211389217127	-0.261084596069693	0.01	0.012	1	PPP1R12A	c27
0.424270218290096	0.260958261479129	0.013	0.011	1	INO80E	c27
0.0447673781625987	0.260705843485153	0.067	0.057	1	NDUFA1	c27
0.525430782105653	0.26069255955087	0.017	0.016	1	DPM3	c27
0.28582018936631	-0.260615731898882	0.012	0.015	1	SF3A2	c27
0.440245333923751	0.260327299281935	0.013	0.011	1	RAB10	c27
0.0613371266154977	0.259315954590876	0.052	0.043	1	C11orf31	c27
0.0123720375161715	0.259303989415478	0.081	0.067	1	GZMM	c27
0.00111502215562045	0.258636387619898	0.092	0.073	1	H2AFZ	c27
0.348436034204414	0.258369752671879	0.018	0.016	1	SCP2	c27
0.333471220652647	-0.258151691947401	0.008	0.011	1	DIAPH1	c27
0.328172923628727	0.257302516049212	0.019	0.016	1	RASSF5	c27
0.073676339015003	-0.257249161395046	0.052	0.062	1	BATF	c27
0.0336525096972096	0.25708539945868	0.067	0.056	1	RAN	c27
0.41191382591557	0.256932984181772	0.015	0.013	1	STRA13	c27
0.386758316012403	0.256795187668772	0.016	0.014	1	SEMA4D	c27
0.118406209696203	0.255972961611713	0.071	0.063	1	PKM	c27
0.284801193749963	0.255834422871861	0.021	0.018	1	TMEM176B	c27
0.559411068534021	0.25549906837456	0.01	0.009	1	AIMP1	c27
0.0745444051974661	0.255188934851909	0.049	0.041	1	ARHGEF1	c27
0.0748571698645887	0.254316086963464	0.05	0.042	1	PDCD4	c27
0.191481403702318	0.254111320195156	0.031	0.026	1	PHB2	c27
6.70459591758211e-05	0.253934187876903	0.247	0.212	1	UBB	c27
0.128448371735725	0.253836547307764	0.031	0.026	1	MAP3K8	c27
0.250775719055204	-0.253520243215756	0.015	0.019	1	ARID4B	c27
0.414719042411368	0.25344816456827	0.014	0.012	1	SLC20A1	c27
0.234135785598916	0.253062468792443	0.015	0.012	1	GSN	c27
0.343146616163459	0.252857653981994	0.019	0.016	1	PTPN7	c27
0.0643125306768958	0.252032564006384	0.052	0.044	1	CLK1	c27
0.310864066210642	-0.251284972459135	0.013	0.016	1	GATA3	c27
0.561244330680876	0.250478082885839	0.01	0.009	1	GALM	c27
0.328359386695202	0.250358748335882	0.023	0.02	1	SIVA1	c27
0.032497832562102	-0.250229957869862	0.122	0.138	1	ANXA1	c27
0.241879495625859	-0.250025801494725	0.017	0.02	1	MGAT4A	c27
5.63804071032666e-05	0.2499703013787	0.153	0.122	1	FOSB	c27
0.0397693416564293	0.249870664302733	0.074	0.063	1	C19orf43	c27
0.326867135513626	-0.249317034572639	0.01	0.012	1	ADAM8	c27
0.540716493784726	0.249316287989311	0.011	0.01	1	FGD3	c27
0.540716493784726	0.249316287989311	0.011	0.01	1	CNOT7	c27
0.613598996120117	-0.24887387835939	0.068	0.071	1	IFNG	c27
0.181086773047038	0.248808296772482	0.036	0.031	1	AKAP13	c27
0.499121913768883	0.248641424406222	0.016	0.014	1	SSH2	c27
0.553362489336625	0.248277406227065	0.01	0.009	1	NCK1	c27
0.0072144911688274	0.248096171262742	0.118	0.1	1	YBX1	c27
0.0853234163513565	0.248058288193673	0.053	0.045	1	NME2	c27
0.432931964026692	0.248002884307243	0.014	0.012	1	LPAR6	c27
0.251527247061059	0.24737634127935	0.026	0.022	1	NDUFC1	c27
0.0952174239791233	-0.247222630564513	0.046	0.054	1	RHOH	c27
0.450107349541021	0.247140441048125	0.016	0.014	1	HLA-DRB6	c27
0.550034308134939	0.246685905744778	0.01	0.009	1	APOA1BP	c27
0.322597163548732	-0.246333176133819	0.01	0.013	1	KPNB1	c27
0.221601143108139	0.245890813390188	0.033	0.029	1	SHISA5	c27
0.146046451455842	-0.245767967491568	0.018	0.023	1	CFLAR	c27
0.548949788539003	0.245510706671906	0.011	0.01	1	ETNK1	c27
0.250394998844337	-0.245113238621294	0.008	0.011	1	PTPN1	c27
0.153731119676182	0.244143151103921	0.024	0.02	1	SSR3	c27
0.260138033290858	0.24325625974567	0.03	0.026	1	PRDX2	c27
0.0442387760010181	0.243152879726845	0.066	0.055	1	VAMP8	c27
0.204568403793141	-0.243127395363054	0.015	0.019	1	SLC38A1	c27
0.234281544253274	-0.242372057628057	0.021	0.025	1	ZEB2	c27
0.143640924294635	0.242243036375044	0.038	0.033	1	NDFIP1	c27
0.154482701749036	-0.241701171166807	0.023	0.028	1	CNPY3	c27
0.00180770768242098	0.241387458717897	0.16	0.136	1	PNRC1	c27
0.119846066770892	-0.241220305815955	0.03	0.037	1	SH3BGRL	c27
0.155303963761185	-0.241034139606149	0.024	0.029	1	TMEM123	c27
0.31783479491707	-0.240784559977313	0.012	0.014	1	PRPF4B	c27
0.0100365752135149	-0.240621767389825	0.111	0.13	1	LSP1	c27
0.139334979235066	0.240108460796182	0.04	0.034	1	NOP10	c27
5.99244446886681e-05	-0.239823253825867	0.263	0.301	1	RPL21	c27
0.0242897193751494	-0.239574328811618	0.079	0.094	1	UQCRB	c27
0.308532037585956	-0.239536013780055	0.012	0.015	1	FNBP4	c27
0.344405910447249	0.23919616081618	0.021	0.018	1	OPTN	c27
0.0401302152861231	0.239091988984616	0.065	0.054	1	PRDX1	c27
0.0464147306443262	0.238122009848526	0.08	0.069	1	HNRNPK	c27
0.203131868403088	0.237963897618559	0.032	0.027	1	UFC1	c27
0.129564749241928	0.2377945108848	0.041	0.035	1	SCAND1	c27
0.518501079239413	0.237670306585219	0.016	0.015	1	CECR1	c27
0.38697258380788	0.237631086396254	0.018	0.016	1	SNRPD1	c27
0.522555936812422	0.237173596289079	0.011	0.01	1	PHYKPL	c27
0.2275758061589	-0.237154837186861	0.02	0.024	1	PAK2	c27
0.295780565685219	0.236087638359829	0.023	0.02	1	TMC6	c27
0.392300558431128	0.235801995766604	0.018	0.016	1	PDCD6	c27
0.591274288271953	0.235519129317749	0.01	0.009	1	MRPS15	c27
0.251361014745534	0.235376591646252	0.028	0.024	1	SMAP2	c27
0.0910137852506339	-0.235205760281322	0.044	0.052	1	GIMAP4	c27
0.202134376100876	0.234874887230926	0.033	0.028	1	CD6	c27
0.60013772511169	0.234692606785323	0.01	0.009	1	RTN3	c27
0.0996528408427023	0.234560992038994	0.055	0.047	1	ATPIF1	c27
0.0595504385306438	0.234220520707522	0.07	0.06	1	TMEM258	c27
0.335530406125812	0.23377679802452	0.022	0.019	1	STAT3	c27
0.0860774375667802	0.233701404382273	0.051	0.043	1	ANXA5	c27
0.244889182191428	0.233701404382273	0.033	0.029	1	GPBP1	c27
0.681168409674767	-0.232779770876672	0.425	0.386	1	CCL5	c27
0.369625250159786	-0.232579900781694	0.008	0.01	1	CCT3	c27
0.379106558750873	-0.232538883082042	0.008	0.01	1	CASP8	c27
0.1584534806706	-0.230719258846035	0.026	0.031	1	PRRC2C	c27
0.143877796222882	0.230396624530624	0.042	0.036	1	MAP1LC3B	c27
0.122252891877384	-0.230213975361812	0.04	0.047	1	EIF3H	c27
0.0882558589784598	-0.230101187435202	0.041	0.05	1	ETS1	c27
0.0756914981250647	0.229861032191801	0.07	0.061	1	UQCR10	c27
0.159165913214877	0.229274409791261	0.037	0.032	1	ARL6IP1	c27
7.45637161862731e-05	0.229245890586641	0.196	0.162	1	GABARAP	c27
0.103843339966217	0.228692553094402	0.045	0.038	1	TSPYL2	c27
0.338377537198103	0.228508735161951	0.022	0.019	1	ARHGAP4	c27
0.315363255671011	-0.2283401245882	0.013	0.016	1	TGOLN2	c27
0.344992409924292	0.228287242102348	0.019	0.016	1	MRPL18	c27
0.344747062973019	0.228252974007545	0.331	0.328	1	IFITM1	c27
0.123727066583306	0.228188811656729	0.052	0.045	1	C19orf53	c27
0.305757996161106	0.22795149489203	0.03	0.026	1	CSK	c27
0.319890839400534	-0.227849592736064	0.021	0.025	1	MAPRE2	c27
0.563369156119046	-0.22762062078131	0.039	0.041	1	HMGB2	c27
0.570501489857338	0.227069637744979	0.011	0.01	1	NAA50	c27
0.00281521547606651	-0.226990760460941	0.139	0.164	1	RAC2	c27
0.219432930067167	0.226971121937364	0.035	0.03	1	LYST	c27
0.0766646330971045	0.226949777732374	0.069	0.06	1	LIME1	c27
0.388165703284771	-0.226620125894769	0.008	0.01	1	SDHC	c27
0.610945096336273	0.226453320879405	0.01	0.009	1	CTDSP1	c27
0.0376051215463086	0.22628106432229	0.09	0.077	1	COX8A	c27
0.346899796586496	-0.226168790042226	0.011	0.013	1	RASA2	c27
0.557581779197594	0.226091870821149	0.012	0.01	1	HNRNPL	c27
0.255060561232633	0.225724683659441	0.03	0.026	1	ATP5H	c27
0.027642699714397	0.225319628383195	0.09	0.077	1	RBM3	c27
0.481377458769094	0.225272782311692	0.015	0.013	1	SLTM	c27
0.467784876062935	0.225153071483852	0.017	0.015	1	RAPGEF6	c27
0.2263562563551	0.224587300181965	0.032	0.028	1	DPP7	c27
0.297264175484599	-0.224468565691113	0.024	0.028	1	HIF1A	c27
0.378369963139374	0.224400830789457	0.02	0.018	1	STXBP2	c27
0.678113007272064	0.224355253047943	0.012	0.011	1	ATP6V0E2	c27
0.339400603203116	0.22433467002374	0.029	0.026	1	PDE4B	c27
0.255142936079975	-0.224204360024063	0.021	0.025	1	PRPF38B	c27
0.226976259776052	0.224195742290869	0.038	0.034	1	TMEM50A	c27
0.562328386366558	0.22402349047992	0.012	0.011	1	HNRNPD	c27
0.260211075897295	-0.223686991878671	0.02	0.024	1	EIF1B	c27
0.379383885373126	0.223580651665099	0.02	0.018	1	IDH2	c27
0.217268905487247	0.223259838890619	0.044	0.039	1	DAD1	c27
0.610208788525288	0.223021705843962	0.01	0.009	1	PIH1D1	c27
0.00602249947710567	0.222653920842018	0.131	0.112	1	MYL12B	c27
0.0820723183652666	0.222413875594205	0.075	0.066	1	UBE2D3	c27
0.0494273992031109	-0.222227438092138	0.076	0.088	1	RPL23	c27
0.181484192458991	-0.222128494417794	0.029	0.035	1	APOBEC3G	c27
0.328191776721301	-0.222032266140749	0.013	0.016	1	FGFR1OP2	c27
0.402108832021143	-0.221881742374022	0.01	0.012	1	LOC101927902	c27
0.368439406304001	-0.221827002564834	0.01	0.013	1	CNIH1	c27
0.630672285287999	0.22153224149435	0.01	0.009	1	ANKRD11	c27
0.0302382800119227	0.220598387224419	0.106	0.092	1	TPM3	c27
0.562009401895502	0.220556330786304	0.012	0.011	1	SMARCA5	c27
0.106642671260308	0.220447959487402	0.129	0.118	1	ALOX5AP	c27
0.0709933131385627	0.220363025901633	0.071	0.062	1	HIGD2A	c27
0.196148329927884	0.220336055186077	0.038	0.033	1	UQCRHL	c27
0.361384148759217	0.220277320705717	0.022	0.019	1	NT5C	c27
0.0282096718492843	0.219809732708122	0.097	0.083	1	GSTK1	c27
0.316487107736758	-0.219471223783342	0.02	0.024	1	IFNGR1	c27
0.491870478300702	0.21935898776313	0.015	0.013	1	PDAP1	c27
0.497046688674213	0.21935898776313	0.015	0.014	1	THRAP3	c27
0.0771257180737129	0.218923765789918	0.076	0.067	1	COX5B	c27
0.329831272234777	-0.218566239932931	0.02	0.023	1	CTSH	c27
0.234539925549689	0.218203293764791	0.034	0.03	1	ST13	c27
0.16985025520818	-0.216082160154423	0.039	0.045	1	CELF2	c27
0.0250262745607001	-0.215946238051782	0.097	0.083	1	SSR4	c27
0.22736802586178	0.215766810507818	0.026	0.022	1	SNX3	c27
0.368187862807561	0.215608246454145	0.023	0.02	1	PPP1CC	c27
0.00200337647964377	0.215584507310159	0.238	0.212	1	RPL36A	c27
0.271389076472978	0.215485937519233	0.033	0.029	1	BLOC1S1	c27
0.662816634377392	0.215165452944846	0.013	0.012	1	EPB41L4A-AS1	c27
0.0333249954827069	0.21513604324267	0.131	0.116	1	ZFAS1	c27
0.302190510330893	-0.215041451859306	0.017	0.02	1	ANKRD44	c27
0.322200658319661	0.214517425130676	0.025	0.021	1	AAK1	c27
0.412366650302876	-0.214335459654912	0.01	0.012	1	LY9	c27
0.48567252454142	0.214314572593944	0.02	0.018	1	FAM107B	c27
0.387983636050528	0.214181953662849	0.026	0.023	1	PTP4A1	c27
0.185933974124609	-0.213777853247132	0.027	0.032	1	OXNAD1	c27
0.383437677086619	-0.213757572588948	0.01	0.013	1	CYLD	c27
0.135628468514864	0.212508839232281	0.053	0.046	1	POLD4	c27
0.12786286648662	-0.212266530015834	0.04	0.047	1	CD48	c27
0.356037558675241	-0.211888969258753	0.012	0.015	1	HNRNPR	c27
0.305691307670371	-0.211861762714207	0.017	0.02	1	TCF25	c27
0.0288151926451116	-0.211647165917693	0.113	0.129	1	CD2	c27
0.00885124188125723	-0.21125233884873	0.164	0.186	1	CD3D	c27
0.154442441441633	0.210622378600501	0.047	0.041	1	CALM3	c27
0.32846521700997	0.210557740277907	0.032	0.028	1	TMED2	c27
0.33027098785549	-0.209928785477735	0.019	0.022	1	PPT1	c27
0.641810078393001	0.209782306214149	0.01	0.009	1	FLOT2	c27
0.399380513144223	0.209007288714506	0.021	0.019	1	TMEM179B	c27
0.0509231874438422	0.208824992146045	0.091	0.079	1	SKP1	c27
0.359710699351598	0.208709315885538	0.025	0.022	1	NDUFS6	c27
0.514397489899555	0.208668349433989	0.015	0.014	1	TMEM50B	c27
0.566948887630265	0.208288002211599	0.013	0.012	1	TPP1	c27
0.0238324555458183	-0.208204554535085	0.101	0.117	1	IL2RG	c27
0.146320193373313	0.207786208364685	0.066	0.058	1	ATP6V1G1	c27
0.462623476746624	0.207743679601911	0.018	0.016	1	MED10	c27
0.631384559744525	0.20745850161902	0.01	0.009	1	SLAMF1	c27
0.00353895803624081	0.207415602781935	0.185	0.161	1	PPP1R15A	c27
0.384321991331746	-0.207410731754865	0.011	0.013	1	LBR	c27
0.0716338923125461	0.207355308239563	0.073	0.064	1	UQCRH	c27
0.13921440064923	-0.207327432869719	0.038	0.045	1	CAP1	c27
0.440130521071857	0.20729556807761	0.018	0.016	1	ARL4A	c27
0.505690863794601	0.206598782243786	0.021	0.019	1	RAB1B	c27
0.156284145183578	0.205772493160257	0.076	0.069	1	CLEC2B	c27
0.289545292722157	-0.205532032825468	0.413	0.391	1	CD74	c27
0.00018461870714511	-0.205435307794041	0.237	0.275	1	RPL27	c27
0.0013959161400501	-0.205254406033305	0.32	0.352	1	TSC22D3	c27
0.401192148447764	0.205165080305416	0.028	0.025	1	SYF2	c27
0.170726704108148	0.205075355070605	0.048	0.042	1	CSNK2B	c27
0.233995543985562	-0.204933241384292	0.029	0.033	1	TRAF3IP3	c27
0.113483562189046	0.20473759747683	0.065	0.056	1	ATP6V0E1	c27
0.442529894082875	0.204709201042567	0.013	0.011	1	LILRB1	c27
0.155378953346688	0.204653662573525	0.05	0.043	1	TRAPPC1	c27
0.584528637321732	0.203560231724631	0.011	0.01	1	PPIF	c27
0.0635954156091076	0.203515028610993	0.07	0.06	1	YPEL5	c27
0.000758683651257379	-0.202791080000266	0.202	0.235	1	ARHGDIB	c27
0.605868165424075	0.20216943596087	0.012	0.011	1	CCNDBP1	c27
0.0370267002433807	0.201732501406458	0.105	0.092	1	RNASEK	c27
0.238336325035175	-0.201568163581033	0.028	0.033	1	TOMM20	c27
0.0036238748145464	-0.201436166663895	0.3	0.331	1	VIM	c27
0.227525734584891	-0.201167359288725	0.031	0.036	1	IQGAP1	c27
0.409204314801736	0.201055165324114	0.023	0.021	1	XRCC6	c27
0.267606572685903	0.200963247574352	0.035	0.031	1	OSTF1	c27
0.47851261756969	0.20088363633144	0.017	0.015	1	PRNP	c27
0.443165714916067	0.200849849166697	0.021	0.018	1	CLTA	c27
0.798152892223939	0.200702039623932	0.011	0.01	1	ADAR	c27
0.595286148776645	0.199055261575382	0.013	0.012	1	TOP1	c27
0.0458039307637971	-0.198250295311335	0.084	0.097	1	PCED1B-AS1	c27
0.592422158890744	0.197980828428802	0.013	0.012	1	DNAJC15	c27
0.400720701297192	0.197707279880222	0.025	0.022	1	ZNRD1	c27
0.375443054102858	-0.1975253329959	0.013	0.015	1	SNRPB2	c27
0.11288530500789	-0.197462866834404	0.06	0.069	1	SSR2	c27
0.000296407390253984	-0.196816842615359	0.3	0.336	1	RPL22	c27
0.154350147586976	0.195989589087016	0.056	0.049	1	ARF1	c27
0.0659755697534397	0.195910964313506	0.095	0.083	1	COX6A1	c27
0.83068997014031	0.195895294853245	0.01	0.009	1	BID	c27
0.358704938826693	0.195659068230115	0.025	0.022	1	JMJD1C	c27
0.438477210733008	-0.1951418944216	0.008	0.01	1	RSF1	c27
0.491403598004862	0.194144200426305	0.019	0.017	1	METTL9	c27
0.436047695851747	-0.193709938928468	0.008	0.01	1	NIPBL	c27
0.104351532897027	0.193669136381438	0.06	0.052	1	RABAC1	c27
0.223333789385132	0.193423393496053	0.048	0.042	1	SMDT1	c27
0.416918586721455	-0.193079427964708	0.012	0.014	1	ERN1	c27
0.0964440008719423	-0.192850082913611	0.019	0.024	1	CD40LG	c27
0.578237997461792	0.191369906675954	0.015	0.013	1	TIAL1	c27
0.67302348683068	0.190331147315105	0.011	0.01	1	ANXA7	c27
0.0207703682109441	0.190037254086147	0.161	0.143	1	LRRC75A-AS1	c27
0.292567870117894	0.189787782960281	0.034	0.03	1	GABARAPL2	c27
0.678209984886865	0.189599742969457	0.011	0.01	1	RNMT	c27
0.477227201304497	0.189147154601224	0.02	0.018	1	HP1BP3	c27
0.433157345646102	0.189032786608704	0.024	0.021	1	SUMO1	c27
0.512335901969921	0.188599474367704	0.018	0.016	1	RABGAP1L	c27
0.000365804468462358	-0.188524546337411	0.26	0.296	1	UBA52	c27
0.52881939122642	0.188280090220093	0.017	0.016	1	PPP2CA	c27
0.602978980516825	0.188263995808132	0.014	0.013	1	SEPT2	c27
0.747469978903157	0.188263995808132	0.013	0.013	1	PHIP	c27
0.663674384550665	0.188046738817904	0.011	0.01	1	HSPB11	c27
0.426623967656955	-0.187762364056003	0.01	0.012	1	LOC100131564	c27
0.695230470066456	0.187474127164865	0.01	0.009	1	TIMM8B	c27
0.372683478360799	-0.186663740497297	0.015	0.018	1	EIF3M	c27
0.0282733787077583	-0.186207579948665	0.13	0.147	1	NPM1	c27
0.00741949481562097	0.185986227106747	0.202	0.18	1	CYBA	c27
0.176457377452212	-0.185801545359145	0.048	0.055	1	CD27	c27
0.450192633540661	-0.185619120303094	0.009	0.011	1	TOX	c27
0.227613584092087	-0.185527569497866	0.04	0.045	1	GIMAP7	c27
0.718529163798068	0.185149659550164	0.01	0.009	1	CDKN1B	c27
0.629493736000536	0.184706176394943	0.013	0.012	1	RNF145	c27
0.233709579281813	0.184682750887065	0.051	0.046	1	UXT	c27
0.314419454277035	-0.18458811626086	0.024	0.027	1	PGLS	c27
0.837252991520035	0.1845509894921	0.011	0.01	1	NDUFB5	c27
0.598476141354905	0.184271695126522	0.014	0.013	1	PCED1B	c27
0.601348638959138	0.184271695126522	0.014	0.013	1	TPST2	c27
0.287575371623008	0.184038402041173	0.038	0.034	1	TBCA	c27
0.067139924815641	0.18399041676793	0.06	0.051	1	MS4A6A	c27
0.61492215128721	0.183058836676872	0.014	0.013	1	RBMS1	c27
0.44783064492362	-0.182886742514959	0.009	0.011	1	DDX46	c27
0.547779522700963	0.182690047549597	0.017	0.016	1	UBE2L3	c27
0.172333358676069	0.182428300854231	0.058	0.051	1	FLNA	c27
0.680115273703539	0.182306021464168	0.011	0.01	1	GDI1	c27
0.541525237208516	0.182187245694302	0.023	0.021	1	EIF1AX	c27
0.203659060841854	-0.180834057737717	0.046	0.053	1	NCL	c27
0.346838994920109	-0.178603367404155	0.023	0.026	1	CBLB	c27
0.495487370203648	0.178511684092125	0.022	0.02	1	RSL1D1	c27
0.00112654576102709	0.178511684092124	0.313	0.281	1	ATP5E	c27
0.548643615332218	0.178001824150438	0.018	0.017	1	LILRB2	c27
0.533083725205083	0.177798643480125	0.019	0.017	1	RWDD1	c27
0.407440590603637	-0.177714051518232	0.014	0.016	1	TLN1	c27
0.0622928766778664	-0.17724651707286	0.084	0.096	1	CYTIP	c27
0.589290122402526	0.177242130655784	0.033	0.031	1	ARL4C	c27
0.324705279777695	0.176815225812704	0.061	0.056	1	HNRNPA0	c27
0.355524190966679	0.175808670646525	0.03	0.026	1	ITGAE	c27
0.347169705458638	-0.175556300463753	0.024	0.027	1	SAMHD1	c27
0.586955580588275	0.175501485498789	0.015	0.014	1	BCL11B	c27
0.0608888381975998	0.175432093466796	0.116	0.103	1	SNRPD2	c27
0.0412787389753561	-0.174438941225108	0.199	0.217	1	PABPC1	c27
0.177920689695501	-0.174238128171354	0.051	0.058	1	EZR	c27
0.0370665345081092	-0.173918130976192	0.277	0.294	1	ND2	c27
0.561238406948998	0.173898358197501	0.029	0.027	1	TRIM22	c27
0.722257766058445	0.173799190267789	0.01	0.01	1	HSPA4	c27
0.364776196784698	0.173777586730216	0.034	0.031	1	C11orf58	c27
0.212896178775955	0.173295191995104	0.048	0.043	1	NAP1L1	c27
0.466296775937877	-0.173282460457862	0.009	0.011	1	NGRN	c27
0.174201744003721	0.172932125886656	0.066	0.059	1	EIF3G	c27
0.264045544190303	-0.172639895926753	0.036	0.041	1	PDIA3	c27
0.0705829603230463	-0.172582698327693	0.089	0.101	1	CCNI	c27
0.422404588937774	-0.172527343653261	0.015	0.017	1	PTPRE	c27
0.651973468692836	0.172035966078651	0.017	0.016	1	NCF1C	c27
0.295665378773843	0.171954524601824	0.033	0.029	1	LOC284454	c27
0.426228200325574	-0.17152933719965	0.016	0.018	1	TPR	c27
0.361718422051706	0.170513770795737	0.038	0.035	1	SNHG5	c27
0.521480035607839	0.170454496979879	0.02	0.018	1	RPN1	c27
0.647556849546741	0.170454496979879	0.013	0.012	1	SNRPA1	c27
0.445157409678463	0.170245314740192	0.033	0.03	1	CAST	c27
0.532855476654979	-0.17005091345877	0.014	0.016	1	PTTG1	c27
0.147036449602576	0.170035090330519	0.119	0.109	1	RPL17	c27
0.418020141772691	-0.169583799978015	0.014	0.017	1	PRKACB	c27
0.320864010411681	0.169269531787275	0.039	0.035	1	JAK1	c27
0.374030987686546	-0.168834380434273	0.02	0.023	1	UBXN4	c27
0.380325238397835	-0.168490766331603	0.019	0.022	1	PA2G4	c27
0.533434514846028	0.168440634872264	0.019	0.017	1	HLA-DMB	c27
0.4012846204815	-0.168374984858815	0.016	0.019	1	TAX1BP1	c27
0.495728989641417	0.167888301388914	0.029	0.026	1	DENND2D	c27
0.600349048431601	0.167375609571222	0.017	0.015	1	PPP2R1A	c27
0.238731360552385	0.167298215826241	0.121	0.113	1	RARRES3	c27
0.477483048435698	-0.166783978533537	0.024	0.027	1	RPS4Y1	c27
0.138187364123268	-0.166685448372372	0.053	0.061	1	CD3G	c27
0.0672226701733134	0.166586570316862	0.118	0.105	1	CALM2	c27
0.570200170604483	0.166021680255991	0.024	0.022	1	SRRM2	c27
0.245997316432803	-0.16596368395571	0.021	0.025	1	HSPA6	c27
0.667694288355388	0.165842701100337	0.014	0.013	1	ADRM1	c27
0.453032298812425	0.165720464706204	0.027	0.025	1	RNPS1	c27
0.0920385450826042	-0.165206687879827	0.115	0.128	1	C12orf57	c27
0.434841692179257	-0.164909693002185	0.015	0.017	1	ATM	c27
0.000332891993761385	-0.164587138794755	0.409	0.443	1	RPL5	c27
0.67376590546115	0.164364486549305	0.013	0.012	1	FLJ10038	c27
0.381074654020634	0.164320315815541	0.046	0.042	1	HNRNPC	c27
0.0267559094134394	0.164283019839194	0.197	0.178	1	RGS1	c27
0.087754121277287	0.164180871372989	0.128	0.116	1	UQCR11	c27
0.299140692997009	-0.164114998800977	0.022	0.026	1	DHRS7	c27
0.332451827074522	-0.163984980772877	0.027	0.031	1	SP100	c27
0.64011856449147	0.163930165807915	0.015	0.014	1	LAMTOR2	c27
0.413274532722708	0.163490337806559	0.031	0.028	1	TRAPPC5	c27
0.102360650845751	0.163468087795954	0.129	0.117	1	HNRNPDL	c27
0.38964025321632	-0.162439583892673	0.024	0.027	1	RBPJ	c27
0.382275825302706	-0.162299520492381	0.023	0.026	1	TALDO1	c27
0.510848619198748	0.162218752515895	0.029	0.027	1	ARHGAP9	c27
0.395000656657573	0.162214774253325	0.033	0.03	1	PSMB3	c27
0.133653215367129	0.162202994025584	0.049	0.042	1	CAPG	c27
0.667792558062557	0.162180107000956	0.02	0.018	1	RNF181	c27
0.466151544843892	-0.162103408884536	0.013	0.015	1	POU2F2	c27
0.160193835681067	-0.162063271129668	0.12	0.13	1	SRSF7	c27
0.454432851791996	0.161700726687228	0.029	0.026	1	SEC62	c27
0.785231638665982	-0.161375780201196	0.111	0.108	1	GZMK	c27
0.148358874321477	0.161374272249383	0.076	0.068	1	CAPZB	c27
0.317100297739545	-0.161318695761634	0.02	0.023	1	RBM25	c27
0.174493271994057	-0.161127237552536	0.06	0.067	1	ANAPC16	c27
0.059939378838509	0.160395125268962	0.155	0.14	1	ARPC2	c27
0.115893771417531	0.159859044065245	0.065	0.057	1	CD63	c27
0.563378208791145	0.159734169640473	0.012	0.011	1	TGFBI	c27
0.440049269895387	0.159700822938497	0.028	0.025	1	SIGIRR	c27
0.414597122365171	0.159672855331155	0.014	0.012	1	LIPA	c27
0.576122581739522	0.159432489441789	0.02	0.019	1	RAB7A	c27
0.0696663141423618	-0.15905756748739	0.322	0.337	1	CD69	c27
0.380118512608225	0.158695448420506	0.036	0.033	1	NDUFB4	c27
0.333170856826902	-0.158575983013573	0.032	0.036	1	ARGLU1	c27
0.679742785400187	0.158256539064856	0.014	0.013	1	SP140	c27
0.473987554032427	0.158156805558137	0.027	0.024	1	RAC1	c27
0.359497380442665	0.158114064737179	0.037	0.034	1	ISCU	c27
0.307832171151618	0.157673089774384	0.046	0.041	1	SEPT9	c27
0.29650088706513	0.157399679123479	0.047	0.042	1	TAPBP	c27
0.455862399522192	-0.156459417871431	0.09	0.085	1	HLA-DQB1	c27
0.319133102533549	0.155901044110809	0.058	0.053	1	CCND3	c27
0.289430048036124	0.155003175182232	0.047	0.042	1	MRPS21	c27
0.493445329139323	0.154908157891001	0.026	0.024	1	HNRNPH3	c27
0.312934223406963	0.154661142216929	0.047	0.042	1	ANP32B	c27
0.218261421270625	-0.154134922036203	0.11	0.118	1	ZFP36L1	c27
0.000129044138174333	-0.154009498553663	0.498	0.531	1	RPL18	c27
0.499232171798413	0.153912491017356	0.028	0.025	1	CXCR3	c27
0.48360427278629	-0.153423715619157	0.012	0.014	1	ARHGAP30	c27
0.389169048808853	-0.153321718726974	0.024	0.027	1	DYNLRB1	c27
0.0347059159520352	-0.153298790478991	0.167	0.186	1	COX4I1	c27
0.000145847342971688	-0.151977783906716	0.363	0.405	1	RPL35	c27
0.712978815790421	0.151025949393484	0.013	0.012	1	NDUFV1	c27
0.380958691351409	0.150923462778123	0.047	0.043	1	ARPC5	c27
0.171135648611763	-0.150835650330797	0.068	0.077	1	HMGN1	c27
0.367228278868093	-0.150713073121762	0.028	0.032	1	RSL24D1	c27
0.254851277596217	-0.15007672289007	0.057	0.063	1	TMBIM6	c27
0.061419704712408	-0.150076722890069	0.17	0.185	1	CD7	c27
0.399665315693773	-0.149431840702774	0.034	0.038	1	C12orf75	c27
0.376618465638676	0.149230400678382	0.04	0.037	1	EIF5	c27
0.76451503974221	0.149221833936357	0.011	0.01	1	OBFC1	c27
0.464327450607188	0.148980609246096	0.027	0.025	1	SCML4	c27
0.248973686393944	-0.14881780419491	0.056	0.062	1	EIF4A2	c27
0.653154615892345	0.148571888953333	0.017	0.016	1	HMOX2	c27
0.0615969857127746	0.148504569047186	0.05	0.042	1	TXN	c27
0.53536302445098	0.148288028153344	0.025	0.023	1	SRSF10	c27
0.486759389755411	-0.148191479495031	0.014	0.016	1	TNRC6B	c27
0.716171179307056	0.148104921789233	0.013	0.012	1	VOPP1	c27
0.00350081220076917	0.147995557143211	0.242	0.213	1	S100A10	c27
0.740465956928271	0.147745819101408	0.012	0.012	1	DBNL	c27
0.621161856616777	-0.147732534035176	0.042	0.045	1	TIGIT	c27
0.634032150594469	0.147445334461928	0.02	0.019	1	SPRY1	c27
0.518212316671676	-0.14688672581438	0.009	0.01	1	B3GNT2	c27
0.344015253054013	-0.146827204190449	0.051	0.056	1	LINC00152	c27
0.460984509603717	0.146740806841406	0.032	0.029	1	RNF149	c27
0.516961930497046	-0.146676405084961	0.009	0.011	1	PSMD7	c27
0.762455426334898	0.146449160174989	0.014	0.014	1	PASK	c27
0.407512539509395	0.146419908747268	0.026	0.023	1	AIM1	c27
0.486019496739622	-0.146266461190496	0.012	0.014	1	ADD3	c27
0.103449686569414	0.146046574969978	0.066	0.057	1	HLA-DMA	c27
0.720943886331693	0.145772350479343	0.013	0.012	1	FDFT1	c27
0.316108161679424	0.145112483948272	0.055	0.05	1	TBC1D10C	c27
0.000554016384867184	-0.145039825868005	0.345	0.383	1	RPL24	c27
0.796598782230969	0.144607477553006	0.01	0.01	1	LOC283788	c27
0.796598782230969	0.144607477553006	0.01	0.01	1	RBM4	c27
0.356493000493172	-0.144474468573675	0.04	0.044	1	GRN	c27
0.489780056621572	-0.144157965702796	0.013	0.015	1	RNF130	c27
0.504966352184447	-0.143835597359469	0.011	0.012	1	TM9SF2	c27
0.251720127659539	-0.143315529877221	0.061	0.067	1	STK17B	c27
0.0121465999683146	0.143111756907785	0.248	0.225	1	HCST	c27
0.00746332172146431	-0.142806541945561	0.325	0.351	1	GNB2L1	c27
0.76323922151307	0.141893092855971	0.011	0.011	1	CAPNS1	c27
0.547378889278108	0.141848269869905	0.057	0.054	1	MORF4L1	c27
0.249900918626425	-0.14160541553754	0.035	0.04	1	YWHAQ	c27
0.515625028986599	-0.141401695405752	0.01	0.011	1	APEX1	c27
0.319456854267816	-0.141229612072308	0.035	0.04	1	FYN	c27
0.906373676252765	0.141179629095379	0.017	0.017	1	PSMC5	c27
0.664278572199306	0.141118491473126	0.017	0.016	1	SDF4	c27
0.0840790664110685	-0.141070588824876	0.067	0.077	1	UCP2	c27
0.422481486828759	-0.140851738920648	0.021	0.023	1	CSTA	c27
0.375262796161152	0.14080876733263	0.044	0.04	1	WIPF1	c27
0.270893770457382	0.139870755143772	0.065	0.059	1	FUS	c27
0.377340320245556	-0.139617916094126	0.016	0.019	1	MPHOSPH8	c27
0.594898520702913	0.139183805597984	0.02	0.019	1	PPP1R10	c27
0.273005080622523	0.139130733144435	0.074	0.068	1	LCK	c27
0.483965702592275	-0.139002825468357	0.025	0.027	1	FAM46C	c27
0.446106601621644	-0.138630259365592	0.021	0.023	1	IKZF1	c27
0.11291821513091	-0.138580890392138	0.176	0.189	1	LAPTM5	c27
0.597038464976187	0.138074910183681	0.029	0.027	1	CD47	c27
0.712353427824474	0.137525786012688	0.015	0.014	1	MRPL51	c27
0.646491231727783	0.137290327256205	0.019	0.018	1	VASP	c27
0.624573828028811	-0.137170862703148	0.097	0.092	1	CTSS	c27
0.00307200620209725	-0.136477010725238	0.664	0.666	1	HLA-C	c27
0.507228063314405	0.136202528291398	0.055	0.052	1	PARK7	c27
0.512513798575627	0.1360692738452	0.038	0.035	1	GTF3A	c27
0.728351954274609	0.135939362609411	0.014	0.013	1	EVI2A	c27
0.798225584949434	0.135774983693016	0.011	0.01	1	SYNRG	c27
0.501035877994434	-0.135748416861793	0.014	0.016	1	SNX17	c27
0.387793136415174	-0.135644272459936	0.039	0.043	1	PET100	c27
0.551333402300157	0.135626687959639	0.028	0.025	1	ATP5F1	c27
0.385815514181586	-0.135585049741146	0.033	0.037	1	SRRM1	c27
0.107421937645565	-0.135381758548471	0.137	0.15	1	TAGLN2	c27
0.0356158135350554	0.134753328753984	0.113	0.099	1	DNAJA1	c27
0.571481575184162	0.134165730831359	0.02	0.018	1	CCND2	c27
0.813719194089755	0.134165730831359	0.01	0.009	1	DUSP16	c27
0.623789470856165	0.133734742263055	0.028	0.026	1	GNAI2	c27
0.125870947498685	0.133432840269045	0.137	0.126	1	SRP14	c27
0.550474941707537	-0.133293238233156	0.009	0.011	1	CDC25B	c27
0.400196724422551	-0.133261224940483	0.041	0.045	1	RSRP1	c27
0.402245610693425	-0.131671980469993	0.037	0.041	1	RNF213	c27
0.408670304487909	-0.131381304996106	0.043	0.047	1	ZNF683	c27
0.566352229236229	0.131086337899387	0.028	0.026	1	EID1	c27
0.491045226426254	-0.130377115724081	0.017	0.019	1	RGS19	c27
0.839713923412762	0.130317515583889	0.01	0.009	1	ATP6AP1	c27
0.745060177161616	0.130218342541462	0.015	0.014	1	POLR3GL	c27
0.000443587760985899	-0.130157746839845	0.754	0.743	1	RPL11	c27
0.388936525005933	0.130010101340049	0.043	0.04	1	PGAM1	c27
0.222150461388038	-0.129850093883327	0.279	0.29	1	UBC	c27
0.399187064483431	0.129448905168083	0.033	0.03	1	SERPINB1	c27
0.00637279725963439	-0.129446238930028	0.477	0.498	1	RPL14	c27
5.21786740506948e-05	-0.129336170637456	0.9	0.881	1	RPLP1	c27
0.109922175084699	-0.129139273868439	0.264	0.277	1	CRIP1	c27
0.523115364262969	0.129037054826283	0.031	0.028	1	EML4	c27
0.496894794425367	-0.128879378718669	0.017	0.019	1	ATRAID	c27
0.385116378519081	-0.128216421833774	0.025	0.028	1	REEP5	c27
0.95203488539987	0.12743040455813	0.011	0.011	1	CPNE1	c27
0.823034755377893	0.127346361622435	0.011	0.01	1	SRP19	c27
0.517502629049736	-0.126872618404572	0.016	0.018	1	RAD21	c27
0.253188645751913	-0.12686256222275	0.077	0.084	1	GMFG	c27
0.777156992881808	0.126711311678552	0.02	0.019	1	SF3B2	c27
0.654622918617275	0.126070755352717	0.022	0.02	1	TAF7	c27
0.544764215511363	-0.125572046836752	0.01	0.012	1	ILF2	c27
0.913182507327221	-0.125536426935733	0.033	0.034	1	ITM2C	c27
0.484520112278861	0.124672924177411	0.033	0.03	1	TPM4	c27
0.158602084310749	-0.124504829766327	0.044	0.038	1	XBP1	c27
0.000844389916714292	-0.124498758861292	0.613	0.634	1	RPS21	c27
0.789102307210841	0.124372993812952	0.013	0.013	1	TNIP1	c27
0.479659336531488	0.123540540962107	0.052	0.048	1	NR3C1	c27
0.000803702074689691	0.123219585445569	0.291	0.256	1	HSPA8	c27
0.628505622762783	0.122828186897078	0.031	0.029	1	AP2S1	c27
0.710480854302066	0.122048281459099	0.018	0.017	1	DDX6	c27
0.56402743451337	-0.121426740823426	0.009	0.01	1	PTRHD1	c27
0.267900557729814	0.121310636474762	0.121	0.113	1	SLC25A6	c27
0.0115771110617819	-0.121012262679024	0.33	0.294	1	HSPA1A	c27
0.563206567550955	-0.120883020068551	0.01	0.011	1	ILF3	c27
0.727664622590078	-0.120839966754088	0.021	0.022	1	LGALS2	c27
0.10670453243067	0.120064206176485	0.246	0.233	1	TMA7	c27
0.497669376909816	-0.120031500079127	0.021	0.023	1	PRKAR1A	c27
0.819949115669091	0.119969010008479	0.019	0.019	1	HMGN4	c27
0.673748965890072	0.119417301386555	0.024	0.023	1	PRKCQ-AS1	c27
0.169947747187584	0.119402485078383	0.146	0.136	1	EMP3	c27
0.559084333750923	0.119326111813226	0.03	0.028	1	TC2N	c27
0.524568791967164	-0.118569918026768	0.018	0.02	1	ALKBH7	c27
0.533099855587733	0.117762819820289	0.036	0.033	1	WDR1	c27
0.840910980398406	0.11757480487979	0.011	0.01	1	SUSD3	c27
0.801957063555795	0.117500277167088	0.013	0.013	1	SRSF1	c27
0.814099865197417	0.117394472829767	0.013	0.012	1	PPP6C	c27
0.26803884202128	0.117309834946378	0.02	0.017	1	FKBP2	c27
0.0357108786801182	-0.117176338979566	0.269	0.241	1	HSPA1B	c27
0.558299780762086	-0.11655782190666	0.015	0.017	1	AP1S2	c27
0.574075913482882	-0.116423582335741	0.009	0.01	1	CENPC	c27
0.430682150822014	-0.116060898701814	0.037	0.041	1	GLIPR1	c27
0.0313962847150605	-0.115903731163493	0.855	0.827	1	RPS12	c27
0.406068661101816	-0.115707426927196	0.04	0.044	1	ITGB1	c27
0.514728450506655	0.115558945042507	0.039	0.036	1	COX7B	c27
0.567118944031185	0.114979376286321	0.054	0.051	1	CUTA	c27
0.000162745359313573	-0.114887225624386	0.945	0.924	1	B2M	c27
0.124260255987318	0.114863943551477	0.187	0.174	1	ATP5G2	c27
0.579554899454555	-0.114194374831626	0.008	0.01	1	CCSER2	c27
0.348427527105684	0.114080379884611	0.066	0.061	1	CDC42	c27
0.751503668957373	0.113696201025318	0.017	0.016	1	TMEM14B	c27
0.706752342597838	0.113665278732321	0.021	0.02	1	BIN1	c27
0.547776793187484	-0.113262476508783	0.018	0.02	1	NEU1	c27
0.723974998956694	0.112162778339709	0.019	0.018	1	MIEN1	c27
0.444377145716945	-0.11215252975057	0.044	0.047	1	PRDM1	c27
0.652604801114919	0.111615384483009	0.026	0.024	1	RNF7	c27
0.000184047591123306	0.111515751617457	0.674	0.642	1	RPS24	c27
0.468636197230712	-0.11148854291033	0.02	0.022	1	CD82	c27
0.0318908515098444	-0.111415817294823	0.222	0.243	1	MYL12A	c27
0.502319712087368	0.110144474752954	0.042	0.039	1	EIF5A	c27
0.760566574720447	0.110034179039268	0.046	0.045	1	UBE2D2	c27
0.784422629125427	0.10971268710682	0.016	0.015	1	FBL	c27
0.422779656462525	0.109667738435126	0.058	0.054	1	ACTR3	c27
0.709553043319144	0.109270752644523	0.017	0.016	1	GCHFR	c27
0.41012481511058	0.108446609762828	0.065	0.06	1	CCNL1	c27
0.684133865521858	0.107945760932632	0.017	0.016	1	VIMP	c27
0.539395519695772	0.107592635232451	0.034	0.032	1	SYTL3	c27
0.82840668178202	0.107592635232451	0.015	0.016	1	NKTR	c27
0.610624524688762	0.107348214216891	0.032	0.03	1	ACTR2	c27
0.593074087131611	-0.106605219819944	0.008	0.01	1	SPTAN1	c27
0.883421302450514	0.106487756724771	0.011	0.011	1	NELL2	c27
0.0146466255597527	-0.10642225082504	0.577	0.588	1	RPS13	c27
0.00531543948093808	-0.106353482316641	0.554	0.576	1	RPS7	c27
0.562993987279893	-0.106344311049743	0.017	0.018	1	APMAP	c27
0.00491165717871145	-0.106305035228495	0.544	0.565	1	RPL29	c27
0.0241626864612376	-0.10591726762061	0.344	0.368	1	NACA	c27
0.536023732223895	-0.105748936260793	0.023	0.025	1	TNFAIP8	c27
0.37412151901728	-0.10554308692879	0.02	0.023	1	NUCKS1	c27
0.600735235804652	-0.10530020386403	0.01	0.011	1	SRSF8	c27
0.917300889421431	-0.10524584742226	0.438	0.426	1	ND4	c27
0.296811970395991	0.10505267851848	0.063	0.057	1	XCL2	c27
0.587919425207713	-0.104848192394283	0.038	0.04	1	TKT	c27
0.423587212605648	-0.104714813293658	0.078	0.083	1	TUBA1A	c27
0.321225519040677	-0.104601849642252	0.092	0.098	1	DAZAP2	c27
0.594419624263915	-0.10452850283419	0.01	0.012	1	CNPY2	c27
0.464010189434239	-0.104320666625389	0.011	0.013	1	HADHA	c27
0.600439936807673	-0.10420032671283	0.009	0.01	1	TES	c27
0.726594714305654	-0.10420032671283	0.056	0.057	1	CTSC	c27
0.560913152850139	-0.103888046608601	0.018	0.02	1	PSMA2	c27
0.562447877658194	0.103625915546528	0.048	0.046	1	ARHGDIA	c27
0.697162254889898	0.103406798025131	0.023	0.021	1	FOXP1	c27
0.541012218788483	0.102868306064765	0.044	0.042	1	PPP1R2	c27
0.57557536359513	0.101849790246827	0.036	0.034	1	PYCARD	c27
0.515158738500933	-0.101459878377081	0.035	0.038	1	ITGA4	c27
0.604925272466791	-0.101309153318607	0.009	0.01	1	CCDC69	c27
0.694947643576197	0.100780889671228	0.035	0.034	1	ANXA6	c27
0.315302807920865	-0.10071435833414	0.031	0.035	1	ICOS	c27
0.00356222709893436	-0.100373870615553	0.464	0.498	1	RPL6	c27
0.832914374400844	0.100288532400862	0.022	0.021	1	NAP1L4	c27
0.745585093237322	0.100021264128241	0.052	0.054	1	LINC00861	c27
