p_val	avg_log2FC	pct.1	pct.2	p_val_adj	gene	seurat_clusters
0	-6.63804641075247	0.002	0.238	0	PTPRCAP	c18
0	-6.3511733438294	0.006	0.264	0	NKG7	c18
0	-5.9967864653857	0.004	0.263	0	CD3E	c18
0	-5.82127729519224	0.008	0.346	0	CD69	c18
0	-5.80878542962738	0.011	0.397	0	CCL5	c18
0	-5.62731665656042	0.008	0.325	0	IL32	c18
0	-4.45364579177048	0.013	0.232	0	IL7R	c18
0	-4.26189597472738	0.02	0.336	0	IFITM1	c18
0	4.11791299101152	0.027	0.002	0	FPR3	c18
0	4.0613902064207	0.031	0.002	0	PID1	c18
0	4.03778730711728	0.031	0.002	0	CXCL9	c18
0	3.89581714589997	0.045	0.003	0	GPNMB	c18
0	3.88425292895795	0.044	0.003	0	FN1	c18
0	3.76151225194834	0.073	0.006	0	APOC1	c18
0	3.66301840332482	0.118	0.009	0	LIPA	c18
0	3.54306525141316	0.056	0.005	0	FBP1	c18
0	3.52556908303711	0.046	0.004	0	ZNF385A	c18
0	3.50718995947023	0.095	0.009	0	TGFBI	c18
0	3.49903298182858	0.07	0.006	0	TMEM176A	c18
0	3.47921482415841	0.096	0.009	0	IGSF6	c18
0	3.44547047856986	0.105	0.01	0	MARCKS	c18
0	3.44458361068951	0.05	0.006	0	APOE	c18
0	3.42896757262542	0.873	0.096	0	IFI30	c18
0	3.34836793410017	0.184	0.017	0	LGALS2	c18
0	3.33874960659266	0.11	0.011	0	CD36	c18
0	3.30823261861638	0.186	0.019	0	CSTA	c18
0	3.27556437694293	0.918	0.101	0	LYZ	c18
0	3.27314445999413	0.336	0.036	0	GRN	c18
0	3.26071099461021	0.135	0.014	0	TMEM176B	c18
0	3.2452466368782	0.536	0.057	0	FCN1	c18
0	3.24428343487281	0.481	0.055	0	HLA-DRB1	c18
0	3.23183843294421	0.389	0.041	0	MS4A6A	c18
0	3.21258925975149	0.154	0.017	0	CFP	c18
0	3.18360615369266	0.102	0.011	0	C15orf48	c18
0	3.17599280696875	0.34	0.039	0	CD68	c18
0	3.13336929073293	0.084	0.01	0	LOC100509457	c18
0	3.12874501894135	0.479	0.058	0	NPC2	c18
0	3.1050631585355	0.051	0.006	0	OLR1	c18
0	3.10147917735887	0.08	0.009	0	NCF2	c18
0	3.09538091755149	0.231	0.027	0	MNDA	c18
0	3.08840632095849	0.071	0.008	0	CTSZ	c18
0	3.08047084233472	0.145	0.015	0	CPVL	c18
0	3.07434129086353	0.249	0.03	0	CYBB	c18
0	3.06974933783717	0.189	0.022	0	FCGRT	c18
0	3.06120014959339	0.676	0.078	0	AIF1	c18
0	3.06018128227895	0.327	0.043	0	CTSB	c18
0	3.03260650944954	0.092	0.011	0	KCTD12	c18
0	3.0318507092163	0.074	0.009	0	BLVRB	c18
0	3.02598305343739	0.098	0.012	0	HLA-DRB6	c18
0	3.01685710112463	0.099	0.012	0	RNF130	c18
0	3.00360743023724	0.098	0.013	0	HMOX1	c18
0	3.00236490615577	0.837	0.125	0	GPX1	c18
0	2.99537861648871	0.484	0.057	0	SERPINA1	c18
0	2.99391886915186	0.06	0.008	0	PLXDC2	c18
0	2.97587359270336	0.699	0.099	0	PSAP	c18
0	2.96698911336935	0.224	0.028	0	CD14	c18
0	2.96115775453656	0.133	0.017	0	CLEC7A	c18
0	2.95053894755018	0.935	0.121	0	CST3	c18
0	2.94517068462112	0.936	0.143	0	TYROBP	c18
0	2.94438247381613	0.055	0.007	0	SLC7A7	c18
0	2.90317017381554	0.23	0.029	0	CFD	c18
0	2.88543055638765	0.132	0.022	0	C1QB	c18
0	2.88198433690744	0.138	0.019	0	PPT1	c18
0	2.88053424747515	0.593	0.078	0	CTSS	c18
0	2.8683857474895	0.106	0.014	0	AP1S2	c18
0	2.86659081680628	0.175	0.024	0	SPI1	c18
0	2.85220184428885	0.649	0.071	0	S100A9	c18
0	2.84991497948181	0.099	0.014	0	CSF1R	c18
0	2.84726540106786	0.063	0.009	0	ALDH2	c18
0	-2.84118117151243	0.075	0.359	0	TSC22D3	c18
0	2.83850698003817	0.61	0.067	0	S100A8	c18
0	2.8158173793526	0.088	0.013	0	CECR1	c18
0	2.80307425806508	0.128	0.021	0	C1QC	c18
0	2.79660340923574	0.224	0.03	0	S100A12	c18
0	2.78550443970353	0.103	0.015	0	MPEG1	c18
0	2.78025871257111	0.065	0.01	0	LAP3	c18
0	2.77447598105597	0.063	0.009	0	CTSL	c18
0	2.77332455978603	0.088	0.013	0	TNFSF13B	c18
0	2.76490168811335	0.17	0.024	0	MAFB	c18
0	2.74493517851624	0.332	0.051	0	TYMP	c18
0	2.73747725552974	0.071	0.011	0	RAB31	c18
0	2.73624466325768	0.676	0.092	0	FCER1G	c18
0	2.7116028884667	0.171	0.025	0	DUSP6	c18
0	2.70976187731792	0.134	0.02	0	CTSH	c18
0	2.70865469194001	0.148	0.024	0	C1QA	c18
0	-2.69400073451357	0.127	0.441	0	JUN	c18
0	2.67482103630943	0.163	0.026	0	AP2S1	c18
0	2.67030380644945	0.187	0.027	0	FGL2	c18
0	2.65929057678877	0.096	0.015	0	HLA-DMB	c18
0	2.62836865320412	0.144	0.023	0	APLP2	c18
0	2.62134559888155	0.992	0.435	0	FTL	c18
0	2.61772339112985	0.365	0.049	0	VCAN	c18
0	-2.61104020207409	0.069	0.338	0	BTG1	c18
0	2.59292609079368	0.094	0.016	0	LTA4H	c18
0	2.57011449277337	0.184	0.031	0	C1orf162	c18
0	2.54298661436356	0.287	0.048	0	TIMP1	c18
0	2.52908407707536	0.293	0.05	0	HLA-DMA	c18
0	2.49512193616114	0.205	0.044	0	GLUL	c18
0	2.49490365324349	0.199	0.036	0	TKT	c18
0	2.49130081238884	0.266	0.052	0	LGALS3	c18
0	2.46107046112767	0.089	0.015	0	CD163	c18
0	2.45513173378737	0.118	0.022	0	ASAH1	c18
0	2.4436766946354	0.72	0.147	0	GABARAP	c18
0	2.4364571736458	0.115	0.021	0	FGR	c18
0	2.38922659297429	0.441	0.058	0	LST1	c18
0	2.36739952787606	0.098	0.019	0	KLF10	c18
0	2.35761275060417	0.383	0.081	0	HLA-DRB4	c18
0	2.35509009772633	0.144	0.026	0	PLAUR	c18
0	2.33548118565248	0.373	0.076	0	TSPO	c18
0	2.32186050797659	0.086	0.016	0	KLF4	c18
0	2.2995469467837	0.267	0.057	0	ANXA2	c18
0	-2.29693456112228	0.077	0.333	0	RPSA	c18
0	2.25341143945289	0.146	0.031	0	PYCARD	c18
0	2.23838693837964	0.186	0.04	0	ANXA5	c18
0	2.22109606826233	0.661	0.173	0	S100A11	c18
0	2.21975209299377	0.851	0.299	0	S100A6	c18
0	-2.1855151385255	0.159	0.529	0	RPL3	c18
0	2.18529279706946	0.109	0.024	0	GNAI2	c18
0	2.15739492463695	0.278	0.08	0	CTSD	c18
0	2.15020668218606	0.174	0.039	0	ATP6V0B	c18
0	-2.1326934657412	0.282	0.716	0	RPS3	c18
0	2.12481818017373	0.401	0.092	0	GSTP1	c18
0	2.110081864549	0.597	0.155	0	LGALS1	c18
0	2.09087725229219	0.171	0.036	0	MS4A7	c18
0	2.07880725949811	0.152	0.039	0	CAPG	c18
0	2.07371318710099	0.137	0.033	0	ATP6V1F	c18
0	2.06133344049782	0.967	0.482	0	FTH1	c18
0	2.03637948888891	0.238	0.068	0	LOC100996809	c18
0	1.97849986110212	0.614	0.202	0	S100A10	c18
0	-1.97765071631241	0.18	0.531	0	RPS29	c18
0	-1.92728374437714	0.616	0.88	0	RPS27	c18
0	1.9093332801982	0.183	0.053	0	CD63	c18
0	1.9007458208904	0.108	0.024	0	IL1B	c18
0	-1.88575314974558	0.149	0.451	0	RPL5	c18
0	1.87646847762299	0.19	0.052	0	VAMP8	c18
0	1.87275996597551	0.629	0.193	0	SAT1	c18
0	1.85432015860181	0.149	0.039	0	SGK1	c18
0	1.82118435614989	0.288	0.079	0	HLA-DQB1	c18
0	-1.82038416390556	0.206	0.553	0	RPS25	c18
0	1.81505441999308	0.227	0.065	0	GNG5	c18
0	1.80671554563219	0.159	0.045	0	C10orf54	c18
0	1.77643763067471	0.158	0.044	0	NAMPT	c18
0	1.77042408977926	0.251	0.075	0	GPX4	c18
0	-1.75195016163698	0.21	0.496	0	ND4L	c18
0	-1.74657093348606	0.287	0.503	0	JUNB	c18
0	1.72850280356377	0.314	0.095	0	ATP6V0C	c18
0	1.69289723582554	0.911	0.377	0	CD74	c18
0	-1.64582060311885	0.337	0.681	0	RPS4X	c18
0	-1.63094668377517	0.171	0.433	0	RPS5	c18
0	-1.51684785492273	0.501	0.803	0	RPS15A	c18
0	1.50422025445108	0.356	0.125	0	COTL1	c18
0	-1.5020199772632	0.392	0.704	0	RPS27A	c18
0	-1.487012198012	0.302	0.594	0	HLA-A	c18
0	1.45597907953229	0.259	0.096	0	YBX1	c18
0	-1.45398498453403	0.226	0.506	0	RPL14	c18
0	1.41211522491452	0.651	0.322	0	VIM	c18
0	-1.33667320648221	0.35	0.642	0	RPS21	c18
0	-1.29543852424151	0.422	0.673	0	HLA-C	c18
0	1.2517528695188	0.767	0.396	0	S100A4	c18
0	-1.24234570636336	0.485	0.751	0	RPS19	c18
0	-1.20835614190216	0.48	0.702	0	RPS18	c18
0	-1.12260947616674	0.616	0.791	0	RPL30	c18
0	1.10436051878418	0.614	0.305	0	SERF2	c18
0	-1.09614410100768	0.316	0.561	0	RPL7A	c18
0	1.05641904697919	0.541	0.291	0	SRGN	c18
0	-1.05443150381278	0.344	0.582	0	RPS7	c18
0	1.04201499867587	0.725	0.413	0	SH3BGRL3	c18
0	-0.979835882432223	0.746	0.83	0	RPS12	c18
0	-0.979817562926253	0.833	0.926	0	B2M	c18
0	-0.971464790467665	0.771	0.867	0	RPL10	c18
0	0.934796276004235	0.964	0.689	0	TMSB10	c18
0	0.873764595783181	0.93	0.578	0	COX3	c18
0	-0.842643443389078	0.581	0.732	0	RPL19	c18
0	0.829588289786323	0.538	0.287	0	ND2	c18
0	0.815659519007051	0.613	0.356	0	GAPDH	c18
0	0.75224836424738	0.58	0.324	0	ND1	c18
0	0.677886639020927	0.841	0.637	0	RPS24	c18
0	0.676481753365144	0.967	0.761	0	ACTB	c18
0	0.630347018736546	0.688	0.418	0	ND4	c18
0	-0.571722875167642	0.945	0.94	0	RPL41	c18
7.04122318774404e-304	1.58533642402226	0.196	0.066	1.46218040716693e-299	RPS17	c18
4.39545803132791e-302	1.29695806417546	0.305	0.131	9.12760814785553e-298	EMP3	c18
2.12858008420908e-301	1.91127528051343	0.134	0.036	4.42020940286858e-297	SOD2	c18
4.42294374568313e-301	3.71451019221608	0.03	0.002	9.18468498228559e-297	FCGR1A	c18
2.66722050765446e-300	2.61528969945653	0.074	0.013	5.53875010619525e-296	CD9	c18
8.43434432825732e-300	1.12022804898534	0.38	0.183	1.75147594320591e-295	ITM2B	c18
2.37189791308933e-290	-2.47388774382863	0.104	0.332	4.9254832063213e-286	DNAJB1	c18
5.62120300098181e-288	-4.4300152270492	0.015	0.22	1.16729901518388e-283	DUSP2	c18
1.32043330719026e-284	-4.74905095724775	0.009	0.21	2.7420118057113e-280	CST7	c18
1.65828843612672e-283	-1.50192048518786	0.167	0.403	3.44360176646075e-279	RPL23A	c18
2.7829054709412e-283	-0.807398723981294	0.846	0.891	5.77898150095649e-279	MALAT1	c18
4.76867751043093e-282	2.48608280323127	0.071	0.013	9.90263571816086e-278	CXCL16	c18
6.31042127194959e-278	1.3590922084186	0.244	0.097	1.31042208133305e-273	LCP1	c18
1.26826436104906e-277	3.20571937198033	0.039	0.004	2.63367777215448e-273	TREM2	c18
2.08727160222712e-277	2.67380379491198	0.06	0.009	4.33442820918484e-273	FCGR2A	c18
2.81657401510112e-277	2.53573247754287	0.071	0.013	5.84889759975898e-273	IER5	c18
2.17482986310961e-276	1.65160107882667	0.163	0.052	4.51625169373341e-272	FKBP1A	c18
2.00242485049007e-275	1.21786622014618	0.284	0.122	4.15823544452767e-271	ARPC1B	c18
4.52643956664203e-274	0.522392087803506	0.841	0.631	9.39960440408885e-270	TPT1	c18
2.31643198947677e-271	1.65118543304572	0.173	0.058	4.81030266934745e-267	CSTB	c18
5.57004926536502e-271	2.56387190759948	0.063	0.01	1.1566764304457e-266	GSN	c18
5.38034109178441e-270	1.1932694823781	0.291	0.128	1.11728163111995e-265	ALDOA	c18
1.50310636020418e-269	2.08123095083064	0.087	0.019	3.12135066759999e-265	G0S2	c18
2.29366713048912e-269	2.70846390598351	0.055	0.008	4.76302916317371e-265	CD300E	c18
2.12319221906085e-268	-5.89813471273497	0.003	0.191	4.40902096210176e-264	CD3D	c18
1.71277520546831e-267	2.70432484072437	0.057	0.009	3.55674899167549e-263	FPR1	c18
4.97499866776183e-267	1.29442091287919	0.327	0.157	1.03310822334742e-262	IFITM3	c18
5.19731888072561e-266	2.69683030417744	0.054	0.008	1.07927523877148e-261	CLEC10A	c18
1.04069701417409e-263	2.5632916575417	0.063	0.011	2.16111141963392e-259	LGALS9	c18
3.89251339593007e-262	-5.45340746835619	0.005	0.19	8.08319331798838e-258	CD7	c18
2.08849673509362e-261	-1.79448369579971	0.194	0.409	4.3369723200954e-257	FXYD5	c18
3.68249980584122e-261	1.74720323603461	0.1	0.024	7.64707909680989e-257	LINC01272	c18
2.65875097862232e-257	-2.53563864755719	0.047	0.249	5.52116228220712e-253	MYL12A	c18
4.4495592454225e-256	3.85116985552377	0.023	0.002	9.23995472904437e-252	MARCO	c18
2.71923705682377e-254	2.30333251881074	0.099	0.024	5.64676767220024e-250	FABP5	c18
1.65738332634653e-252	-2.6711527560915	0.041	0.238	3.44172221549121e-248	SARAF	c18
4.86681919614068e-252	2.18840618837565	0.081	0.017	1.01064367427057e-247	C5AR1	c18
1.50047028330589e-251	-0.741299859337217	0.639	0.747	3.11587659031301e-247	RPL11	c18
7.41946068347116e-250	2.31521818738134	0.076	0.015	1.54072520552962e-245	CXCL2	c18
5.23336340024932e-249	-2.27914553350577	0.07	0.274	1.08676024369577e-244	ZFP36L2	c18
9.50290427321212e-249	-2.39284566020763	0.06	0.262	1.97337310137523e-244	HSPA8	c18
3.02005953751491e-248	-6.1824432013377	0.003	0.179	6.27145563560345e-244	GZMA	c18
6.4608545817121e-246	1.99465463476311	0.101	0.026	1.34166106243833e-241	TRAPPC5	c18
1.13794448892267e-243	-4.15456294448077	0.043	0.233	2.36305552569681e-239	CCL4	c18
6.57489515402575e-240	-5.54158105603765	0.005	0.177	1.36534272768499e-235	LTB	c18
1.48905897895524e-237	3.25590512914855	0.033	0.003	3.09217987569844e-233	TNFSF13	c18
1.51588181290239e-236	1.36247927338228	0.2	0.077	3.1478801726731e-232	RHOB	c18
4.22996624719273e-232	1.98317597005237	0.096	0.024	8.78394790892042e-228	TALDO1	c18
1.01735483419392e-229	3.22889974207949	0.033	0.004	2.1126390486871e-225	LILRB4	c18
1.63141592554818e-228	2.93596962633934	0.04	0.005	3.38779831099336e-224	LRP1	c18
5.08541079266845e-228	2.56634947567036	0.054	0.009	1.05603640520553e-223	CSF3R	c18
2.8490106684776e-225	2.80969625062013	0.043	0.006	5.91625555416059e-221	TNFAIP2	c18
7.28532185473039e-224	1.6193317860821	0.129	0.04	1.51286993635331e-219	BCL2A1	c18
9.29092642620783e-222	-1.19517783846075	0.31	0.516	1.92935378166632e-217	ATP8	c18
2.14073898502803e-218	1.92956530573012	0.095	0.025	4.4454585763092e-214	SAMHD1	c18
6.05139467269052e-218	2.2322588169879	0.069	0.014	1.25663261773091e-213	SLC11A1	c18
1.53293301464757e-217	-0.616120016349089	0.754	0.816	3.18328869821715e-213	RPL13	c18
5.75607168944189e-217	-1.05728540913489	0.302	0.495	1.1953058470295e-212	RPS6	c18
1.31544435620044e-213	2.14913954876501	0.07	0.015	2.73165175008583e-209	LILRB2	c18
3.54846360247193e-211	2.69788777702963	0.044	0.007	7.36873951689321e-207	THBD	c18
3.92173540573678e-211	3.84965199390473	0.019	0.001	8.14387574355301e-207	SDS	c18
4.40452721329001e-210	0.265884045547475	0.945	0.801	9.14644121111803e-206	COX1	c18
1.54538454548911e-208	1.62990285361934	0.129	0.042	3.20914554716269e-204	PRELID1	c18
3.21839237525845e-207	1.64070985786582	0.093	0.025	6.68331360646169e-203	CXCL8	c18
4.63726743702435e-207	-0.83941942784047	0.413	0.588	9.62974955972477e-203	RPL36	c18
4.41921758585455e-205	2.72163132560454	0.043	0.006	9.17694723878556e-201	CLEC12A	c18
7.84861547376412e-205	2.46336914597747	0.053	0.01	1.62984348928186e-200	PILRA	c18
4.14357325242376e-204	-0.790681643730978	0.455	0.618	8.60454421598318e-200	RPL12	c18
1.36088644125323e-203	-2.15146442686344	0.06	0.236	2.82601678390646e-199	CXCR4	c18
6.00396747641358e-201	2.45287905863986	0.053	0.01	1.24678388615204e-196	MFSD1	c18
3.53687555210689e-198	1.06236820173299	0.278	0.136	7.34467577150517e-194	RPL7	c18
5.61646295791375e-196	2.51082952187508	0.05	0.009	1.16631469784037e-191	FAM26F	c18
4.32693273092787e-195	1.93295712083895	0.084	0.022	8.98530850904482e-191	IFNGR1	c18
1.08475309475432e-194	-3.4190526560896	0.016	0.168	2.25259827656682e-190	RAC2	c18
2.89079855793457e-194	-7.29792801803355	0.003	0.146	6.00303228540693e-190	GNLY	c18
2.8638355180253e-193	2.16619931631066	0.066	0.015	5.94704083673133e-189	GSTO1	c18
6.18366449001047e-193	2.394791333143	0.053	0.01	1.28409976799557e-188	PGD	c18
7.70067130680839e-193	2.58813017339375	0.045	0.008	1.59912140357183e-188	LY86	c18
4.24123887972055e-192	1.70466877355573	0.118	0.038	8.80735665762769e-188	IER3	c18
9.77275939890604e-192	-2.26410676160573	0.051	0.217	2.02941121677683e-187	UBB	c18
9.91732716850095e-192	3.46699331994969	0.023	0.002	2.05943215981091e-187	HNMT	c18
8.18165892601775e-191	2.26202734021963	0.059	0.012	1.69900329257685e-186	WARS	c18
2.86243674386481e-190	1.04265001065309	0.269	0.131	5.94413614230966e-186	ARPC3	c18
2.53671708999681e-188	2.81255972306913	0.039	0.006	5.26774670908738e-184	SNX10	c18
1.30811602090894e-185	3.64402408007632	0.023	0.002	2.71643372901951e-181	CXCL10	c18
5.49423256333049e-184	3.56730769219759	0.021	0.002	1.14093233410121e-179	ASGR1	c18
6.96551852163375e-183	1.18900792370619	0.204	0.089	1.44645957620247e-178	RNASEK	c18
1.21682877486565e-182	2.16399083961055	0.063	0.014	2.526866633886e-178	GRINA	c18
2.0272378414968e-180	2.82304329940254	0.035	0.005	4.20976210165225e-176	DPYSL2	c18
6.00273665663934e-179	-0.628807369394822	0.718	0.772	1.24652829411772e-174	RPL32	c18
2.15512498396568e-178	0.7514798513968	0.42	0.249	4.47533254170313e-174	MYL6	c18
6.89049464725922e-177	-6.39781187429182	0.001	0.132	1.43088011844985e-172	CD2	c18
1.81380184033784e-176	1.10401770321591	0.233	0.11	3.76654090164556e-172	SLC25A6	c18
3.18957096310278e-176	2.07259148557431	0.066	0.016	6.62346306197923e-172	PTPRE	c18
1.20878468711347e-175	-1.4537597125063	0.122	0.295	2.51016228125983e-171	EEF1B2	c18
8.07294255005067e-175	0.28963545332777	0.864	0.707	1.67642724994352e-170	ND3	c18
9.98354744989216e-175	3.10207930009668	0.027	0.003	2.07318346344461e-170	CLEC4A	c18
1.92364231791748e-174	1.13735541759036	0.211	0.096	3.99463563738743e-170	ITGB2	c18
3.00668466916034e-173	1.1832432365132	0.196	0.086	6.24368138397836e-169	SERP1	c18
2.33250774166254e-172	-6.45621094895623	0.001	0.129	4.84368557633642e-168	CD8A	c18
9.99771989578385e-172	2.07313373236252	0.066	0.016	2.07612651355847e-167	IRF2BP2	c18
4.79390972334629e-171	-0.805526965868706	0.367	0.535	9.95503293150091e-167	RPL18	c18
6.65700136759402e-170	3.07149682206809	0.028	0.003	1.38239290399457e-165	VSIG4	c18
7.2001731510076e-169	-0.607745323955745	0.865	0.861	1.49518795653824e-164	EEF1A1	c18
6.35854533432752e-168	-0.971212211224831	0.293	0.463	1.32041552412645e-163	RPLP0	c18
8.95904862386822e-168	1.58888485424028	0.111	0.037	1.86043603723247e-163	SDCBP	c18
8.25519409054351e-167	-6.29810636601542	0.002	0.126	1.71427360484226e-162	CTSW	c18
9.05504866290679e-167	0.838942651295433	0.334	0.185	1.88037140533922e-162	LAPTM5	c18
7.18311611660267e-166	-5.75766723731366	0.003	0.128	1.49164589277371e-161	GZMB	c18
1.4214617102877e-163	3.36363185572066	0.021	0.002	2.95180738758344e-159	PTAFR	c18
6.9642315957208e-163	2.4828106773382	0.042	0.008	1.44619233316738e-158	HBEGF	c18
2.27114679916636e-162	-5.2686490217976	0.004	0.127	4.71626344314887e-158	KLRB1	c18
2.66802618811982e-162	3.30344159514019	0.023	0.003	5.54042318224963e-158	RETN	c18
3.28691459004148e-162	-2.7909872508329	0.027	0.164	6.82560683768015e-158	DDIT4	c18
6.10748227379389e-162	-3.06913292754101	0.022	0.155	1.26827976897604e-157	BTG2	c18
1.44599019287805e-159	2.23760566314817	0.051	0.011	3.00274323453055e-155	TPP1	c18
4.96827099035748e-158	2.12383431704659	0.049	0.01	1.03171115385763e-153	MRC1	c18
3.49206779602176e-157	2.26086809660746	0.049	0.01	7.25162798521879e-153	HCK	c18
1.03840140969398e-156	-0.725390542633657	0.506	0.624	2.15634436737053e-152	RPS3A	c18
1.15875107278321e-156	2.09360258360535	0.059	0.014	2.40626247774162e-152	HSBP1	c18
1.96906774720861e-156	2.45349077735259	0.041	0.008	4.0889660838534e-152	EREG	c18
3.61328377794523e-155	-1.16209378268958	0.161	0.329	7.50334509328107e-151	RPL10A	c18
1.00156821569419e-154	-1.35286898606665	0.237	0.394	2.07985655671055e-150	ZFP36	c18
1.12117631104362e-154	-6.17958494654611	0.002	0.118	2.32823472751319e-150	GZMH	c18
1.89731883626736e-152	2.69837300197018	0.029	0.004	3.9399722953928e-148	IL1RN	c18
6.15430275256556e-152	1.08831128208127	0.213	0.102	1.27800250959776e-147	CALM2	c18
6.44686402733184e-152	1.81012495530167	0.078	0.023	1.33875578391573e-147	PLIN2	c18
5.21492658833675e-151	-3.53852088598363	0.012	0.133	1.08293165533401e-146	SRSF7	c18
1.37959871776427e-150	-3.59415494463958	0.011	0.131	2.86487469730928e-146	C12orf57	c18
2.35139122358877e-150	2.46790363339301	0.041	0.008	4.88289901490445e-146	CXCL3	c18
2.39406479294539e-150	1.0721844343301	0.206	0.098	4.97151494903039e-146	TCEB2	c18
3.73014716112521e-150	3.5039293671432	0.018	0.002	7.74602359479261e-146	SERPING1	c18
2.2957377637842e-149	-5.17553392286117	0.003	0.117	4.76732904027426e-145	EVL	c18
3.86169348846719e-149	1.75333651636983	0.08	0.024	8.01919269815096e-145	ZEB2	c18
1.35412781897866e-148	1.71290843263478	0.084	0.026	2.81198182889109e-144	PGLS	c18
1.90826285866077e-148	1.74991517156923	0.073	0.021	3.96269865229496e-144	ZFAND5	c18
1.91197486052377e-147	-4.40350673053207	0.006	0.12	3.97040699536367e-143	IL2RG	c18
1.04677425805403e-146	2.37006950295472	0.041	0.008	2.173731424275e-142	TBXAS1	c18
4.57948651515602e-146	2.04375287539364	0.059	0.015	9.50976169737298e-142	ATOX1	c18
4.59523990171942e-145	2.81187149453266	0.028	0.004	9.54247517991055e-141	CPPED1	c18
3.1085984076759e-144	1.8627269401537	0.068	0.019	6.45531545337978e-140	LINC00936	c18
3.5465449090782e-144	3.17880082362926	0.021	0.002	7.3647551581918e-140	MGST1	c18
7.06460565512892e-144	-6.33949264452026	0.002	0.111	1.46703601034407e-139	GZMK	c18
6.06957316911706e-143	2.25913562126802	0.039	0.007	1.26040756429885e-138	THBS1	c18
8.43140822299758e-143	2.31334005620642	0.043	0.009	1.75086623158768e-138	ATP6V1B2	c18
1.05654337355664e-142	3.37346389901724	0.016	0.001	2.19401796952772e-138	PLA2G7	c18
2.80349564785941e-140	2.64674544681821	0.031	0.005	5.82173906234485e-136	CCDC88A	c18
1.28690301070294e-139	-5.86735479392563	0.002	0.108	2.67238279202573e-135	CD8B	c18
5.06466019132283e-139	1.76301079456252	0.076	0.023	1.0517273353301e-134	VAMP5	c18
5.43218759161635e-139	1.1147210885717	0.174	0.079	1.12804807527505e-134	RGS2	c18
1.65976825669827e-137	2.45522841274248	0.035	0.006	3.44667476185964e-133	PLBD1	c18
2.9591938412977e-137	0.813747554367547	0.301	0.171	6.1450619308388e-133	ATP5G2	c18
3.96463321532676e-137	2.46418466856067	0.036	0.006	8.23295733494755e-133	LY96	c18
5.21733340568885e-137	0.417226947689573	0.741	0.584	1.08343145502535e-132	RPS13	c18
5.98676064185764e-137	2.76501698930814	0.027	0.004	1.24321071488816e-132	TIMP2	c18
3.4265214509814e-134	-2.48403457928232	0.027	0.145	7.11551444510797e-130	CIRBP	c18
3.23656097787383e-133	0.583122599385118	0.435	0.277	6.7210425266528e-129	ATP5E	c18
8.13775279510292e-133	2.50581810204928	0.034	0.006	1.68988574543107e-128	ODF3B	c18
3.04871987459547e-131	2.19334552794843	0.038	0.008	6.33097169158495e-127	PDK4	c18
3.31847469347538e-131	1.27000721037597	0.133	0.055	6.89114454847097e-127	LAMTOR4	c18
6.98057157316316e-130	2.32935072114871	0.038	0.007	1.44958549288306e-125	CD93	c18
2.59198406628504e-129	-6.12922712280202	0.001	0.1	5.3825141120475e-125	PCED1B-AS1	c18
1.91818244757117e-128	2.40211257088094	0.035	0.007	3.98329767062628e-124	NUP214	c18
2.21914006357889e-128	-3.42919465305784	0.011	0.116	4.60826625602792e-124	RARRES3	c18
1.57498058439347e-125	0.150741309864503	0.952	0.847	3.27060468155148e-121	COX2	c18
3.88008324389386e-125	0.859346623349739	0.26	0.144	8.05738086426999e-121	RHOA	c18
3.94639289856351e-125	1.89148940132454	0.044	0.01	8.19507949315699e-121	STAB1	c18
4.03747935975733e-125	2.48747776235447	0.032	0.006	8.38422963847207e-121	DMXL2	c18
4.26942971961052e-124	2.74633649221707	0.025	0.004	8.86589775574321e-120	CDA	c18
1.02811891465131e-123	2.07360658795749	0.045	0.011	2.13499173816491e-119	RNASE6	c18
1.06129836648771e-123	-0.60367746476659	0.588	0.67	2.20389218784839e-119	RPS23	c18
2.02406535612021e-123	1.46896639221889	0.095	0.035	4.20317411851922e-119	EVI2B	c18
4.07531398096424e-122	2.55133911367669	0.029	0.005	8.46279701287035e-118	PEA15	c18
1.08057436662472e-121	2.38274234014786	0.037	0.007	2.24392072973289e-117	LGMN	c18
6.87471784452746e-121	3.29337290717595	0.017	0.002	1.42760390759457e-116	CLEC5A	c18
1.85368316598099e-119	-1.42277631745154	0.081	0.21	3.84935846247613e-115	RPL36AL	c18
3.12913912282443e-119	-1.55121578836032	0.083	0.21	6.49797030245721e-115	HLA-H	c18
6.00437901778089e-118	2.33548724695066	0.035	0.007	1.24686934683238e-113	MS4A4A	c18
1.53287052634229e-117	1.80656176425363	0.06	0.017	3.1831589350024e-113	H2AFY	c18
1.55969231440462e-116	2.51877793374545	0.029	0.005	3.23885706009263e-112	CPM	c18
1.61821730169325e-116	-1.00882577137455	0.155	0.297	3.36039004869621e-112	EEF1D	c18
1.67322220353631e-116	2.50293089313221	0.029	0.005	3.47461322786349e-112	CLEC4E	c18
4.24132392689594e-115	-0.576421051222767	0.469	0.591	8.8075332665921e-111	RPL35A	c18
1.21379167411329e-114	2.76157693679357	0.023	0.003	2.52055979046365e-110	H1F0	c18
4.01608420277278e-114	0.601784518087043	0.416	0.277	8.33980045547795e-110	PFDN5	c18
8.44789766977794e-114	-4.73851657995985	0.004	0.093	1.75429043010609e-109	LOC101929531	c18
9.06620926394675e-113	2.21457798026512	0.036	0.008	1.88268901575118e-108	DAB2	c18
1.20856006729172e-112	1.78021487365042	0.057	0.016	2.50969583573798e-108	HLA-DRB3	c18
1.63826743854289e-112	1.99995960592295	0.043	0.01	3.40202616287817e-108	LILRB1	c18
2.48957646940494e-110	-3.6300145243096	0.008	0.098	5.16985449636631e-106	CYTIP	c18
3.36409717397422e-110	2.50471065559053	0.027	0.005	6.98588419147486e-106	GNS	c18
6.16911144633923e-109	1.9793689370752	0.045	0.012	1.2810776829468e-104	PLSCR1	c18
1.58331220535381e-108	2.41763052557605	0.03	0.006	3.28790612563772e-104	A2M	c18
1.6527048440599e-108	1.56141540448052	0.046	0.012	3.43200687917478e-104	RNASE1	c18
2.46621794625571e-108	2.57572952666805	0.026	0.004	5.1213481871946e-104	IFNGR2	c18
1.08467102772756e-107	-3.64257322664377	0.008	0.096	2.25242785617905e-103	LEPROTL1	c18
1.18779788507935e-107	2.42489525555454	0.029	0.005	2.46658108815577e-103	ITGAM	c18
1.76021950782999e-107	2.34042968083859	0.031	0.006	3.65527182995976e-103	BACH1	c18
2.60485468083687e-107	-1.5513135870857	0.073	0.191	5.40924123022584e-103	TNFAIP3	c18
4.78115883897231e-107	1.22965592714231	0.116	0.049	9.92855444500991e-103	FLNA	c18
6.49859953343708e-107	-0.517937322021843	0.632	0.697	1.34949917911354e-102	RPL18A	c18
9.50277490248879e-107	-0.76167985669618	0.244	0.386	1.97334623625082e-102	RPL24	c18
3.06975492517815e-106	2.05645596782642	0.041	0.01	6.37465307762495e-102	CAPNS1	c18
5.45648022289138e-106	3.5482516981285	0.012	0.001	1.13309268308562e-101	RNASE2	c18
1.02899215491069e-104	-1.6683561584171	0.052	0.16	2.13680510888755e-100	HINT1	c18
1.30507919944313e-104	2.20787396411928	0.034	0.007	2.7101274655636e-100	LRRC25	c18
9.62698727702303e-104	1.244595130152	0.111	0.047	1.9991401779466e-99	C14orf2	c18
2.62208431546246e-103	-3.35700475845363	0.009	0.096	5.44502028948935e-99	LDHB	c18
5.19996791658394e-103	3.19082351192676	0.015	0.002	1.07982533755782e-98	CYP27A1	c18
1.77563056911801e-102	-1.61771237737628	0.126	0.245	3.68727443983046e-98	HSPA1B	c18
7.24354180620481e-102	0.905749756868319	0.146	0.07	1.50419389147649e-97	TUBA1B	c18
2.04613179043574e-101	1.48632640726208	0.076	0.027	4.24899727601886e-97	CNPY3	c18
7.16718143648466e-101	1.05086450004917	0.147	0.071	1.48833689710041e-96	AHNAK	c18
3.92625221614262e-100	-0.576301768627737	0.46	0.568	8.15325535204177e-96	RPL29	c18
1.25873692091922e-99	-1.6140106196573	0.057	0.164	2.61389308998085e-95	PPP1R15A	c18
2.26005873736272e-99	-1.91243058813302	0.039	0.139	4.69323797400743e-95	PNRC1	c18
3.61697264691094e-98	-1.32625522180368	0.077	0.19	7.51100539857526e-94	TOMM7	c18
1.38204845070018e-97	-1.09416628422155	0.116	0.237	2.86996181272399e-93	ARHGDIB	c18
2.60675809258925e-97	2.66526756732497	0.021	0.003	5.41319385507085e-93	MSR1	c18
3.83870535635971e-97	-6.07236411763571	0.001	0.077	7.97145554301657e-93	PRF1	c18
7.15605100592599e-96	-0.858395652016934	0.381	0.497	1.48602555189059e-91	CYTB	c18
1.24959910597017e-95	1.05740754623265	0.13	0.061	2.59491750345766e-91	PKM	c18
1.36878037054417e-95	3.13542275929997	0.015	0.002	2.84240931747202e-91	MCEMP1	c18
1.45104817944814e-95	3.25049359805707	0.013	0.001	3.01324664944201e-91	SLAMF8	c18
2.03847245908954e-95	2.65845558025579	0.021	0.003	4.23309190854535e-91	CCR1	c18
3.79758440603536e-95	2.41544331749345	0.026	0.005	7.88606377757302e-91	C19orf38	c18
5.0998386361706e-95	-6.2178365334212	0.001	0.075	1.05903249118719e-90	KLRD1	c18
2.36347168867756e-94	2.17131666784819	0.031	0.007	4.90798530870783e-90	LILRA2	c18
2.91254878524649e-94	0.949374196777363	0.172	0.09	6.04819880744286e-90	TPM3	c18
9.61363911389544e-94	-0.508736672046322	0.582	0.654	1.99636829839153e-89	RPS14	c18
9.89560890012506e-94	0.996557388940253	0.151	0.075	2.05492214419997e-89	COX8A	c18
1.06796839433814e-93	2.50208195388019	0.023	0.004	2.21774316768259e-89	RASSF4	c18
1.35629486460721e-93	1.73096440144877	0.045	0.013	2.81648191584334e-89	SEPP1	c18
2.33746827491117e-93	2.41544331749345	0.025	0.005	4.85398661968054e-89	TREM1	c18
5.61542339436658e-93	2.16818637895733	0.032	0.007	1.16609882207416e-88	LILRA5	c18
6.4562644945774e-93	-3.67595745637651	0.007	0.084	1.34070788494394e-88	ISG20	c18
8.6003975422469e-93	1.77378015988349	0.049	0.014	1.78595855362299e-88	MGAT1	c18
1.41219551236744e-92	2.46103193043639	0.024	0.004	2.93256520098222e-88	PLTP	c18
6.96562263767856e-92	0.834935593348221	0.206	0.116	1.44648119694033e-87	ZFP36L1	c18
1.40931870133729e-91	2.57456789788334	0.022	0.004	2.92659121519701e-87	FAM46A	c18
5.18450803487643e-91	3.0962326947661	0.02	0.003	1.07661493852244e-86	SPP1	c18
5.67599492786627e-91	-3.26983367455874	0.01	0.087	1.17867710672071e-86	TAGAP	c18
7.99645243953805e-90	1.18634564459828	0.107	0.047	1.66054331359447e-85	RNASET2	c18
1.12059391506254e-89	-0.322552834282824	0.778	0.586	2.32702532401886e-85	RNR1	c18
5.09216741767112e-89	-0.806821797780606	0.371	0.468	1.05743948595358e-84	RPS26	c18
8.01824182013971e-89	-5.35534821908063	0.002	0.073	1.66506809637021e-84	IFNG	c18
2.35887154740455e-88	3.00328155701953	0.015	0.002	4.89843265534029e-84	TSPAN4	c18
2.8932746091444e-88	-0.647591671941676	0.28	0.409	6.00817405334925e-84	RPL35	c18
3.11914066691263e-88	2.2900478908296	0.026	0.005	6.47720750891077e-84	ANPEP	c18
2.06651318300537e-87	2.33648824135286	0.025	0.005	4.29132127582894e-83	ITGAX	c18
4.74328209816203e-87	1.91412037582411	0.039	0.01	9.84989960504328e-83	CRTAP	c18
4.80957251782477e-87	1.44295430838207	0.072	0.027	9.98755829051493e-83	HIF1A	c18
5.08292890220256e-87	-3.52507342320061	0.011	0.087	1.05552101583138e-82	CCL4L1	c18
5.2146243723747e-87	-2.46650813728041	0.02	0.101	1.08286889716733e-82	DNAJA1	c18
5.58585867749208e-87	1.62443915172005	0.052	0.016	1.159959412968e-82	CEBPD	c18
6.66271722897364e-87	2.13524616403188	0.031	0.007	1.38357985976867e-82	SYK	c18
7.9837436164133e-87	1.68743824938875	0.05	0.016	1.65790419938439e-82	RTN4	c18
2.02041727882867e-86	-5.4065558266046	0.001	0.07	4.19559852121562e-82	LCK	c18
2.31066941280813e-86	3.26674880537789	0.012	0.001	4.79833610263737e-82	ADAM15	c18
3.06352706938925e-85	1.50661892844245	0.067	0.025	6.36172031229373e-81	MAP3K8	c18
3.1816156265447e-85	2.64387394166146	0.019	0.003	6.60694301008272e-81	CCL2	c18
4.00314303109632e-85	1.20593404277024	0.094	0.04	8.31292681837462e-81	TNFRSF1B	c18
4.91304166703516e-85	-0.409485155993378	0.602	0.683	1.02024223257652e-80	RPS15	c18
5.14638383542101e-85	-3.01187591643929	0.011	0.085	1.06869806726353e-80	SOD1	c18
5.96037595115095e-85	1.31435318478801	0.081	0.033	1.23773167001601e-80	POMP	c18
7.95437065399512e-85	-5.12438265435273	0.002	0.069	1.65180461000863e-80	GZMM	c18
2.07924854666136e-84	-4.58804942720638	0.003	0.071	4.31776753199699e-80	TUBA4A	c18
2.22237224244775e-84	2.65317834895155	0.018	0.003	4.614978198667e-80	RBP7	c18
7.12489094381083e-84	1.74292874125312	0.033	0.008	1.47955485339176e-79	F13A1	c18
1.53414266729611e-83	-0.466408608044669	0.495	0.597	3.18580066290709e-79	FAU	c18
1.59416503198845e-83	-3.37817461097306	0.01	0.083	3.31044310542721e-79	CITED2	c18
1.69011172901342e-83	-1.06513985632776	0.103	0.211	3.50968601646926e-79	HNRNPA1	c18
1.8895731296247e-83	1.71274573575674	0.048	0.015	3.92388756097865e-79	NCF1C	c18
9.6499892231657e-83	-1.0594621689412	0.107	0.214	2.00391676208259e-78	PPDPF	c18
1.12560117552474e-82	-0.550962292331959	0.386	0.5	2.33742340109468e-78	RPL6	c18
1.18049476225678e-82	0.411417774386352	0.557	0.43	2.45141542330243e-78	RPS9	c18
1.33386188125237e-82	1.35439046731419	0.074	0.029	2.76989758260867e-78	SERPINB1	c18
2.32000979440172e-82	-0.304003097966318	0.866	0.86	4.81773233905461e-78	RPL28	c18
2.46745254375634e-82	1.29681243077331	0.081	0.033	5.12391195236442e-78	LRRFIP1	c18
2.82889749312614e-82	2.27242711762041	0.025	0.005	5.87448853422575e-78	FCGR2B	c18
6.25816519408359e-82	0.708543487716843	0.239	0.148	1.2995705842034e-77	MT2A	c18
9.58567443905607e-82	2.37952085145817	0.023	0.005	1.99056115401438e-77	CD86	c18
2.46785958570258e-81	-5.96726366036893	0.001	0.065	5.12475721566997e-77	HOPX	c18
4.70178882666207e-81	-1.43202257207218	0.056	0.149	9.76373467744645e-77	NPM1	c18
1.03395238650418e-80	1.36235650427147	0.073	0.028	2.14710552581459e-76	ACTR2	c18
3.38159834327693e-80	2.63615878727792	0.018	0.003	7.02222711964887e-76	RAB20	c18
3.46611762676246e-80	-5.71239112618426	0.002	0.065	7.19773986373492e-76	XCL1	c18
7.53630476172003e-80	1.97294121208256	0.033	0.008	1.56498904681878e-75	LYN	c18
8.7914965116487e-80	3.04409827597369	0.013	0.002	1.82564216560897e-75	PMP22	c18
5.15709154606051e-79	0.993056665579642	0.131	0.066	1.07092163045492e-74	SLC25A5	c18
7.34348166527441e-79	2.85282492640976	0.015	0.002	1.52494740261088e-74	MMP19	c18
1.67352285735481e-78	3.2045265690675	0.011	0.001	3.47523756558301e-74	SLC15A3	c18
2.86596671212352e-78	1.03566593118419	0.116	0.056	5.9514664743957e-74	ENO1	c18
3.92026042071498e-78	1.18606307130515	0.092	0.04	8.14081278965673e-74	RHOG	c18
4.1132621435732e-78	1.42192061300425	0.064	0.024	8.54160016734411e-74	IFI6	c18
2.95703989290721e-77	-4.56286790765845	0.003	0.065	6.14058904161111e-73	CLDND1	c18
4.04353686345229e-77	-5.25916667674907	0.001	0.063	8.39680865064502e-73	CD3G	c18
6.25459205834898e-77	1.16777421886988	0.093	0.041	1.29882858683675e-72	ARPC5	c18
1.28510604063819e-76	0.898214316376797	0.151	0.08	2.66865120398927e-72	FYB	c18
1.41811791576634e-76	1.73810195758012	0.042	0.013	2.94486366388039e-72	MIDN	c18
2.62099776872745e-76	0.852962934727503	0.159	0.086	5.44276396653942e-72	TPI1	c18
5.33023011885664e-76	0.641883727346071	0.373	0.274	1.10687558648177e-71	CRIP1	c18
5.58780981940221e-76	2.89816629936789	0.014	0.002	1.16036458709706e-71	KIAA0930	c18
6.11448326554564e-76	2.64632099990697	0.017	0.003	1.26973359492321e-71	DSE	c18
2.1959287228259e-75	2.30435307923685	0.022	0.005	4.56006558582027e-71	NAGK	c18
2.28175231340942e-75	1.64197039162915	0.05	0.017	4.73828685402599e-71	INSIG1	c18
4.12219782124162e-75	-1.43482734058162	0.051	0.138	8.56015599559035e-71	YWHAZ	c18
4.37032704540144e-75	2.80462106365936	0.015	0.002	9.07542114248063e-71	CD302	c18
5.3607254942881e-75	-1.15587098114762	0.081	0.176	1.11320825614387e-70	CALM1	c18
9.47004457101395e-75	-4.94241643300858	0.002	0.061	1.96654945561676e-70	LIME1	c18
1.22724230110782e-74	-4.65347691017813	0.003	0.063	2.5484913624805e-70	BATF	c18
1.53676160607557e-74	-5.41294848570356	0.001	0.06	3.19123915117653e-70	ITM2A	c18
3.00552253208882e-74	-1.51207937112132	0.039	0.12	6.24126809013563e-70	ALOX5AP	c18
4.06412944693138e-74	1.80681987534945	0.037	0.011	8.43957120949771e-70	ATP6V0D1	c18
2.48859157243953e-73	-3.09829050428476	0.008	0.072	5.16780925932792e-69	C9orf142	c18
3.66952268964423e-73	1.0076394332095	0.13	0.067	7.62013081731521e-69	PSME2	c18
3.94858682001242e-73	2.25331411711944	0.023	0.005	8.1996353904378e-69	YBX3	c18
4.70446146507355e-73	-6.35967917147057	0.001	0.059	9.76928467837173e-69	XCL2	c18
4.83131124117923e-73	2.12939248789724	0.026	0.006	1.00327009234328e-68	SCO2	c18
8.25014713175204e-73	-5.19882786297867	0.001	0.06	1.71322555337963e-68	SPOCK2	c18
1.12061253842433e-72	-1.15817178806399	0.139	0.239	2.32706399729197e-68	IER2	c18
1.26752805534946e-72	-2.09150967601796	0.022	0.094	2.63214875973868e-68	SNHG8	c18
3.1283038169684e-72	1.65439206665146	0.044	0.014	6.49623570631658e-68	CD4	c18
6.89531411102318e-72	-2.6662117605247	0.017	0.085	1.43188092829507e-67	RGCC	c18
7.86733144419944e-72	2.81349466441261	0.014	0.002	1.63373004770246e-67	HLA-DPB2	c18
1.00732932693326e-71	3.22166091584935	0.01	0.001	2.09182008030962e-67	CYFIP1	c18
1.11911288523076e-71	3.2359423138098	0.01	0.001	2.32394981747019e-67	UBD	c18
1.18921853985417e-70	-4.44833518998107	0.002	0.06	2.46953121986118e-66	SEPT1	c18
1.26280923293109e-70	-4.99521066192608	0.002	0.058	2.6223496531047e-66	STK17A	c18
1.46846526601915e-70	1.87162994946706	0.035	0.01	3.04941497141536e-66	PLD3	c18
2.02997957341166e-70	2.97041363184072	0.012	0.002	4.21545558214665e-66	GPBAR1	c18
3.16003740114541e-70	-2.85246792981146	0.01	0.072	6.56213366721855e-66	VAMP2	c18
6.48670835086235e-70	2.90267852138646	0.013	0.002	1.34702985614008e-65	EMILIN2	c18
1.57220063080267e-69	-6.01344914848183	0	0.055	3.26483182992482e-65	LINC00861	c18
1.64352619303875e-69	2.29645112275854	0.021	0.004	3.41294649246428e-65	OGFRL1	c18
2.41766789175684e-69	1.75035871481268	0.041	0.013	5.02052914402226e-65	BNIP3L	c18
3.42905902395591e-69	3.03063266542224	0.011	0.001	7.12078396914685e-65	CORO1C	c18
7.7331947245116e-69	-4.21893711526413	0.003	0.06	1.60587521649208e-64	SOCS1	c18
1.14958806268347e-68	-5.29892139042288	0.001	0.056	2.38723457096849e-64	CD27	c18
1.32567618598654e-68	1.94714233897066	0.025	0.006	2.75289916781965e-64	C3	c18
1.3404357103086e-68	1.53897991413916	0.053	0.019	2.78354879602683e-64	NCF1	c18
1.85963766443552e-68	-3.32392970749144	0.007	0.067	3.8617235739668e-64	RPS18P9	c18
1.10885363215208e-67	0.665997142752901	0.222	0.138	2.30264545252701e-63	ARPC2	c18
1.7967874060568e-67	2.91437959692639	0.012	0.002	3.73120872741754e-63	OSCAR	c18
1.98878691943291e-67	1.62910686403463	0.043	0.014	4.12991491689437e-63	LIMS1	c18
3.44005741817386e-67	-1.4533280452381	0.048	0.127	7.14362323457983e-63	LOC101929876	c18
4.51038903022763e-67	-0.499864124881015	0.377	0.481	9.3662738601707e-63	RPLP2	c18
7.46516417243282e-67	-0.326624782842283	0.903	0.88	1.5502159920474e-62	RPLP1	c18
8.11417879276727e-67	2.7398007036993	0.014	0.002	1.68499036810605e-62	IL13RA1	c18
9.04544270063514e-67	0.555518128707785	0.27	0.177	1.87837663121389e-62	CYBA	c18
2.1459746433052e-66	-5.23714439713848	0.001	0.054	4.45633094428757e-62	CD247	c18
2.17380411738662e-66	-2.82174582745106	0.009	0.068	4.51412163016505e-62	TNF	c18
2.22430355965303e-66	2.46644361712692	0.017	0.003	4.61898877197549e-62	PRAM1	c18
7.95287630635665e-66	2.32693295894941	0.019	0.004	1.65149429377802e-61	TLR2	c18
2.48882992280914e-65	-4.44801156572951	0.002	0.056	5.16830421770547e-61	RHOH	c18
2.70528841086165e-65	-0.664812723325853	0.315	0.415	5.6178019139953e-61	H3F3B	c18
2.82989832894573e-65	1.69696059509483	0.037	0.012	5.8765668698887e-61	TMEM167A	c18
4.06791546706388e-65	1.61665247292644	0.041	0.013	8.44743325890486e-61	ATP6AP2	c18
5.74923825648496e-65	1.54902855645021	0.053	0.02	1.19388681634167e-60	ACP5	c18
2.71625502010338e-64	1.65702682083255	0.039	0.012	5.64057517474668e-60	EFHD2	c18
4.19406240740938e-64	1.26660077712469	0.068	0.029	8.70938999522633e-60	TPM4	c18
6.43583791904647e-64	1.16480681395992	0.079	0.035	1.33646610226919e-59	SH3BGRL	c18
7.32461949553348e-64	1.09901931906577	0.087	0.041	1.52103048444248e-59	ZYX	c18
1.23587501200358e-63	1.498712924048	0.048	0.017	2.56641804992664e-59	VASP	c18
7.17418762147544e-63	2.69757246831001	0.013	0.002	1.48979180147559e-58	SULT1A1	c18
1.72351996169097e-62	-1.0627599749551	0.093	0.18	3.57906155244747e-58	RGS1	c18
2.60474513617996e-62	0.483845430350165	0.31	0.214	5.40901374979131e-58	PABPC1	c18
3.28243359509703e-62	2.7728405599413	0.012	0.002	6.81630160357849e-58	SH2B3	c18
3.81248939127952e-62	2.2915445331527	0.019	0.004	7.91701546993105e-58	BLVRA	c18
5.33752116745919e-62	1.09707535414707	0.086	0.041	1.10838964563458e-57	TXN	c18
6.00527478594862e-62	-1.06277730623516	0.081	0.165	1.24705536205009e-57	CD99	c18
1.470332685222e-61	-1.37405149521063	0.046	0.119	3.05329285413201e-57	HNRNPDL	c18
2.59669636852506e-61	2.00625492482901	0.027	0.007	5.39229967887915e-57	FOLR2	c18
3.14694959154841e-61	3.22898658079747	0.01	0.001	6.53495552180942e-57	MMP9	c18
7.50799527079501e-61	-5.18125463894219	0.001	0.05	1.55911029793329e-56	LOC101060038	c18
1.01064120437704e-60	1.11808041529405	0.136	0.077	2.09869752500935e-56	HSPB1	c18
1.3810154975956e-60	3.00803870414064	0.01	0.001	2.86781678230702e-56	SIRPA	c18
1.51436180601604e-60	1.47993925050598	0.045	0.016	3.14472372637291e-56	NINJ1	c18
1.62925508860359e-60	-4.54762596537473	0.002	0.051	3.38331111699422e-56	TBC1D10C	c18
1.94223246807905e-60	-2.65066083978523	0.011	0.066	4.03323994321295e-56	RPL21P28	c18
2.75039790083973e-60	2.57179389199584	0.014	0.002	5.71147628088379e-56	SLC43A2	c18
8.14856596911874e-60	2.68090701464573	0.013	0.002	1.6921312091472e-55	NRGN	c18
8.6917559834342e-60	-5.08435856668225	0.001	0.049	1.80493004751995e-55	LAT	c18
1.10398078865056e-59	-4.42627917928527	0.002	0.051	2.29252650571176e-55	ETS1	c18
1.92677764138127e-59	-0.964811302941813	0.098	0.183	4.00114645009234e-55	PTPRC	c18
2.05427827190553e-59	-5.83502697036298	0.001	0.048	4.26591425943903e-55	ZNF683	c18
2.2070164905132e-59	0.755455203050414	0.165	0.098	4.58309044419971e-55	CD44	c18
5.32802444309504e-59	1.15140418251169	0.074	0.033	1.10641755585312e-54	ARRB2	c18
7.29303527133556e-59	1.52458150678791	0.042	0.015	1.51447170444554e-54	POU2F2	c18
1.10411354129693e-58	-5.35962685852829	0.001	0.048	2.29280217985721e-54	CD79A	c18
1.64498020510302e-58	1.12033636351732	0.07	0.031	3.41596589391693e-54	FCGR3A	c18
1.71491034274814e-58	-5.69313390456277	0.001	0.047	3.56118281775079e-54	CD96	c18
1.93389093583323e-58	1.09174153153573	0.103	0.053	4.01591791735128e-54	PRDX1	c18
2.15446817512666e-58	-3.46380170118774	0.005	0.055	4.47396861246802e-54	CCND3	c18
2.27915603739567e-58	1.31365619404945	0.057	0.023	4.73289542725585e-54	PLEK	c18
6.8733395887219e-58	1.40258685384838	0.05	0.019	1.42731769899399e-53	ATP2B1	c18
9.81222058041899e-58	2.72803693571249	0.012	0.002	2.03760572572981e-53	SLC8A1	c18
4.1153345039523e-57	-1.46231272661132	0.038	0.105	8.54590363090735e-53	SNRPD2	c18
5.07060270698401e-57	-6.04633950379044	0.001	0.046	1.0529613581323e-52	TIGIT	c18
8.34201862670144e-57	-2.97813864516282	0.007	0.058	1.73230358802082e-52	HNRNPA0	c18
1.06008576869478e-56	2.58757443830843	0.013	0.002	2.20137410727157e-52	PLXNB2	c18
1.31430864192683e-56	-1.40807596933021	0.043	0.111	2.72929332582526e-52	RPL17	c18
1.37461237791124e-56	1.81095170167977	0.028	0.008	2.85452006397049e-52	ETS2	c18
2.23325663039457e-56	2.85675685004515	0.011	0.002	4.63758071867737e-52	GM2A	c18
2.40631117309296e-56	2.66553109733591	0.013	0.002	4.99694578204483e-52	IL4I1	c18
6.53280597716236e-56	0.747959609191665	0.134	0.076	1.35660248921754e-51	NEAT1	c18
9.21225910455461e-56	-3.66499022181517	0.004	0.051	1.91301772565181e-51	HNRNPA1P10	c18
1.57339815217205e-55	1.86845962333698	0.026	0.007	3.26731860280048e-51	EIF4EBP1	c18
1.86434210215287e-55	-0.833933960376585	0.117	0.203	3.87149280933065e-51	DDX5	c18
1.99965541802048e-55	-0.757269714178168	0.145	0.235	4.15248444106134e-51	TMA7	c18
2.90613982291013e-55	-2.16572385258274	0.015	0.07	6.03488995625519e-51	SSR2	c18
5.49025864173413e-55	1.72735593733266	0.03	0.009	1.14010710954251e-50	NCOA4	c18
5.98517797596942e-55	-3.06235498729624	0.006	0.054	1.24288205848981e-50	HIST1H4C	c18
8.26665195840206e-55	-0.932479204489756	0.418	0.469	1.71665294568177e-50	FOS	c18
8.41130487694934e-55	0.370651776636909	0.406	0.302	1.7466915707473e-50	CFL1	c18
1.11530732475875e-54	1.74053422611274	0.03	0.009	2.31604719059402e-50	PPIF	c18
1.21369403816296e-54	1.28565113817734	0.055	0.023	2.52035703964921e-50	GRB2	c18
1.67272434624326e-54	1.37218051811907	0.048	0.018	3.47357937740876e-50	AGTRAP	c18
8.77762968372781e-54	-1.41540683706204	0.044	0.11	1.82276258012292e-49	SLC2A3	c18
9.69973391323203e-54	-3.15696357896067	0.006	0.053	2.01424674442176e-49	RPS14P3	c18
1.03997433125034e-53	2.45133672473672	0.014	0.003	2.15961069627445e-49	TLR4	c18
1.1999134971986e-53	1.15713919153527	0.067	0.03	2.49174036828261e-49	SEC11A	c18
1.46094240292216e-53	2.48990361268591	0.013	0.002	3.03379299390816e-49	CREG1	c18
1.68588295773861e-53	1.30891282091804	0.052	0.021	3.50090455004e-49	CANX	c18
2.25003435478924e-53	-2.61820681972674	0.009	0.058	4.67242134115534e-49	GYPC	c18
4.95208955822294e-53	-0.883560113235233	0.104	0.185	1.02835091766057e-48	CORO1A	c18
6.19122611116594e-53	-5.33179061212659	0.001	0.043	1.28567001424472e-48	MS4A1	c18
8.86430851369136e-53	0.844911444144653	0.118	0.065	1.84076230595315e-48	COX5B	c18
9.37067699921356e-53	1.83927261031432	0.026	0.007	1.94591478565669e-48	SLC16A3	c18
2.43232637299464e-52	2.64662753237193	0.011	0.002	5.05096894616068e-48	LFNG	c18
2.43764486056803e-52	1.2531268290165	0.055	0.023	5.06201331745557e-48	RAC1	c18
5.62826361582525e-52	0.75984488682953	0.146	0.087	1.16876522246227e-47	RPL23	c18
7.23906892460829e-52	-0.793816216285129	0.205	0.292	1.50326505288416e-47	UBC	c18
8.42192728444896e-52	2.47175626597565	0.013	0.002	1.74889741988867e-47	RBM47	c18
1.73282165856151e-51	1.70976187731792	0.029	0.009	3.59837745616883e-47	MARCH1	c18
2.79519942000598e-51	0.835822366377299	0.119	0.066	5.80451111558442e-47	POLR2L	c18
3.1435085346371e-51	-3.11501919827659	0.006	0.051	6.5278098230274e-47	DUSP4	c18
4.53961507727789e-51	-2.89150243573234	0.007	0.053	9.42696466947527e-47	KIAA1551	c18
8.81337361466757e-51	-3.98356080554684	0.004	0.047	1.83018516482187e-46	CXCL13	c18
1.02447830053064e-50	-4.3271609926094	0.002	0.044	2.12743163888192e-46	SH2D2A	c18
1.10321530244109e-50	0.397723385042525	0.388	0.293	2.29093689704917e-46	UBA52	c18
1.44535885981255e-50	-5.82922064063404	0.001	0.041	3.00143220828675e-46	FAIM3	c18
1.78197399137592e-50	2.18734084266548	0.016	0.004	3.70044719049124e-46	SLC1A3	c18
2.07160966581804e-50	2.39198144712029	0.014	0.003	4.30190463203774e-46	SLC31A2	c18
2.15780135327482e-50	0.729380417638049	0.093	0.049	4.4808902902105e-46	HSP90B1	c18
2.48906879935601e-50	2.1503344687039	0.017	0.004	5.16880026874269e-46	RGS18	c18
4.02278056986236e-50	0.908553739234498	0.1	0.054	8.35370613137617e-46	DBI	c18
6.79887980983245e-50	-4.29160366470631	0.002	0.043	1.41185538130981e-45	PDCD4	c18
8.52279558853736e-50	1.7055098994659	0.028	0.009	1.76984373191567e-45	MAN2B1	c18
9.04601977225565e-50	2.39238763725722	0.014	0.003	1.87849646590661e-45	CHP1	c18
1.22177878977723e-49	1.74707111301525	0.027	0.008	2.5371458348514e-45	COMT	c18
2.347271485314e-49	-1.71120789291539	0.024	0.078	4.87434396640305e-45	HMGN1	c18
3.58297232777547e-49	1.15786549015371	0.061	0.027	7.44040033585854e-45	TCIRG1	c18
3.70146833882897e-49	-0.76235915388757	0.204	0.288	7.68646915241225e-45	KLF6	c18
7.15657909280198e-49	2.64669508218072	0.011	0.002	1.48613521441126e-44	FES	c18
8.92581588997666e-49	-2.29853370302038	0.012	0.059	1.85353492771255e-44	RBM8A	c18
1.17674429756913e-48	1.74536202744454	0.025	0.007	2.44362720833205e-44	ACSL1	c18
1.19715576780205e-48	-1.87206003396262	0.019	0.07	2.48601366741773e-44	CLEC2B	c18
1.44386658063845e-48	2.4814928896448	0.013	0.002	2.9983333413538e-44	LILRA1	c18
2.11369250555506e-48	0.967893321624314	0.086	0.044	4.38929385703565e-44	CAP1	c18
6.14556785440781e-48	0.510539086771634	0.261	0.183	1.27618862064633e-43	COX4I1	c18
7.57285883407018e-48	1.64290690256167	0.029	0.009	1.57257986548301e-43	GK	c18
8.61896816943403e-48	1.94588128176588	0.02	0.005	1.78981493006467e-43	NBPF14	c18
9.05178658012881e-48	-6.33247785239987	0	0.038	1.87969400122955e-43	KLRC2	c18
1.65383866575694e-47	1.04834518478654	0.072	0.035	3.43436137331086e-43	COX7B	c18
1.66928142004333e-47	-0.507411665104382	0.262	0.353	3.46642979686197e-43	GNB2L1	c18
1.76089561437525e-47	-1.87648587519504	0.019	0.068	3.65667583281165e-43	ANAPC16	c18
2.09548954986957e-47	-2.03140224761073	0.015	0.064	4.35149359925915e-43	EIF4A2	c18
2.24082741685729e-47	-1.06166659012343	0.316	0.369	4.65330221384586e-43	DUSP1	c18
2.36708138757906e-47	1.44155369406111	0.036	0.013	4.91548120944668e-43	NAAA	c18
3.15308828284269e-47	-2.92959057818256	0.006	0.048	6.54770312815113e-43	RPSAP58	c18
4.63208802918689e-47	1.67548005760002	0.028	0.009	9.61899400140949e-43	BID	c18
5.31121761886217e-47	-1.85903761499145	0.018	0.068	1.10292745073292e-42	GLTSCR2	c18
7.40471436962519e-47	1.3497918776135	0.042	0.016	1.53766298599637e-42	MYO1F	c18
1.06420492489698e-46	-0.759351705934774	0.135	0.214	2.20992794704106e-42	RPL36A	c18
1.15392108244964e-46	1.32469282281854	0.044	0.018	2.39623251981493e-42	CLTA	c18
1.17292655724812e-46	-2.80220635611378	0.007	0.05	2.43569928878145e-42	NR3C1	c18
1.22494316952174e-46	-4.75394825466605	0.001	0.039	2.54371698582884e-42	C12orf75	c18
1.55592939090285e-46	2.03134846550683	0.018	0.004	3.23104297314886e-42	C3AR1	c18
3.45980495355238e-46	2.41430599379175	0.012	0.002	7.18463096654687e-42	GAS7	c18
3.96225976924154e-46	2.09843084808738	0.017	0.004	8.22802863680698e-42	GNAQ	c18
6.17614399645591e-46	-4.29507376870256	0.002	0.04	1.28253806230403e-41	ACAP1	c18
6.41689130250427e-46	-0.3254715157084	0.717	0.739	1.33253164787804e-41	RPL34	c18
7.44084843237895e-46	1.99287072331475	0.018	0.004	1.54516658546781e-41	SLCO2B1	c18
1.02906225933338e-45	-2.25657040991668	0.012	0.057	2.1369506877317e-41	LINC00152	c18
1.05131907474838e-45	1.03689228744734	0.07	0.034	2.18316919062248e-41	PTP4A2	c18
1.92331671035002e-45	1.87897426079519	0.023	0.007	3.99395948071286e-41	GBP1	c18
2.13692997057526e-45	-1.59159772328012	0.026	0.077	4.43754877689659e-41	SNHG6	c18
3.01151943891709e-45	-3.72026573064552	0.003	0.041	6.25372126685522e-41	SEPT6	c18
3.09696729689624e-45	2.66366546272847	0.01	0.002	6.43116228873473e-41	RXRA	c18
3.74284901288884e-45	-0.539511290443219	0.245	0.33	7.77240026016497e-41	RPS16	c18
5.64644845855723e-45	-2.01994149306818	0.016	0.062	1.17254148690399e-40	YPEL5	c18
9.11602452454476e-45	1.28665276176245	0.044	0.018	1.89303365276697e-40	GLRX	c18
1.04525530809656e-44	-6.60806181923671	0	0.035	2.17057717279331e-40	APOBEC3G	c18
1.51374168135905e-44	-4.85713233064192	0.001	0.037	3.1434359755102e-40	LBH	c18
2.03973138649305e-44	1.7136531677172	0.025	0.008	4.23570619719147e-40	UBE2D1	c18
2.30906725066678e-44	2.13640356083755	0.016	0.004	4.79500905273463e-40	IL18	c18
3.07332937508463e-44	1.33243230660135	0.041	0.016	6.38207578030073e-40	MEF2C	c18
5.1496647744611e-44	1.32243290768444	0.041	0.016	1.06937938706459e-39	PECAM1	c18
5.45526657452089e-44	2.05371627853528	0.016	0.004	1.13284065686501e-39	P2RY13	c18
9.88273263751399e-44	-5.1487843264519	0.001	0.036	2.05224825950615e-39	PIM2	c18
1.2920826967174e-43	-2.80919918891177	0.006	0.046	2.68313892800335e-39	GNG2	c18
1.44772623244121e-43	-7.54655404687614	0	0.034	3.00634829428742e-39	ZAP70	c18
1.58145298458652e-43	-5.2774762913518	0.001	0.036	3.28404526779236e-39	PIK3IP1	c18
1.84936363451101e-43	-4.64137813878593	0.001	0.037	3.84038852342556e-39	PARP8	c18
2.34013090501063e-43	-4.74575216008511	0.001	0.036	4.85951583734507e-39	ICOS	c18
2.5603279824427e-43	2.03313194637919	0.016	0.004	5.31677708834051e-39	ADM	c18
2.99862725169907e-43	-3.41093044782956	0.004	0.041	6.22694935087829e-39	FYN	c18
3.09541612976654e-43	-5.33184749961071	0.001	0.035	6.4279411350732e-39	CMC1	c18
3.11432091038826e-43	-4.81339271037809	0.001	0.036	6.46719880251226e-39	PVRIG	c18
3.61644647182994e-43	2.0129759139335	0.017	0.004	7.50991274340204e-39	UBE2R2	c18
3.64127941797337e-43	-1.83682791981559	0.018	0.064	7.56148083936349e-39	SRSF2	c18
4.03995953061602e-43	-7.69847135242553	0	0.034	8.38937996127722e-39	FGFBP2	c18
4.3754273325954e-43	2.50753823823958	0.01	0.002	9.08601239886761e-39	HSPA7	c18
5.27595019094945e-43	-6.65297896552096	0	0.034	1.09560381665256e-38	LAG3	c18
6.41119347574839e-43	1.71785555936426	0.024	0.007	1.33134843717391e-38	NUDT16	c18
8.74339763742951e-43	2.10632543788435	0.016	0.004	1.81565395338861e-38	SCPEP1	c18
9.00156990510505e-43	-3.51933290064237	0.003	0.04	1.86926600649411e-38	TSTD1	c18
9.23832856813992e-43	2.12586606429112	0.014	0.003	1.91843131045994e-38	VEGFA	c18
2.41902269368894e-42	-1.02219502293197	0.062	0.123	5.02334252571444e-38	LIMD2	c18
4.21179286473705e-42	1.13482310454901	0.058	0.027	8.74620906291295e-38	PLAC8	c18
4.45203028889462e-42	-4.77185411038536	0.001	0.035	9.24508609791857e-38	SKAP1	c18
9.26053265126976e-42	1.96212935809986	0.018	0.005	1.92304221036268e-37	ALOX5	c18
1.46618892925053e-41	2.28053847179577	0.013	0.003	3.04468793048165e-37	NAIP	c18
1.51568862995171e-41	-1.39920640684425	0.03	0.08	3.14747900895771e-37	SKP1	c18
1.57574165257659e-41	2.1088929856874	0.015	0.003	3.27218511574054e-37	QKI	c18
1.61744926497315e-41	-2.9199793076156	0.006	0.043	3.35879514364323e-37	PPP1R2	c18
1.73236955305198e-41	-0.620622683088513	0.162	0.24	3.59743861386773e-37	RPL4	c18
1.94111210103398e-41	-2.38421427089109	0.009	0.048	4.03091338900715e-37	PRDM1	c18
2.1216416385811e-41	-3.39256161360461	0.008	0.046	4.40580102667752e-37	CCL4L2	c18
2.13306042667878e-41	1.79551502643743	0.021	0.006	4.42951328204116e-37	THEMIS2	c18
2.49854111345727e-41	-5.20606319238194	0.001	0.034	5.18847047620536e-37	OCIAD2	c18
5.08089622688782e-41	1.24163356341138	0.041	0.017	1.05509891047552e-36	HLA-DRB5	c18
9.21856852847283e-41	1.61004018158367	0.026	0.008	1.91432794062267e-36	GCA	c18
9.91872955111125e-41	-2.03211363097209	0.014	0.056	2.05972337858376e-36	SERTAD1	c18
1.16878294010618e-40	-4.55361403521433	0.001	0.034	2.42709465342449e-36	FLT3LG	c18
1.24941995402575e-40	-2.88958384203245	0.006	0.042	2.59454547652987e-36	ARHGEF1	c18
1.27897744469598e-40	-2.11756808891817	0.012	0.053	2.65592456165567e-36	CCNH	c18
1.65545234139823e-40	-1.81949119081695	0.017	0.06	3.43771233214757e-36	FUS	c18
1.68194071969474e-40	-5.1938461343013	0.001	0.033	3.49271809851809e-36	ITK	c18
2.4800744711717e-40	1.88635737236643	0.018	0.005	5.15012264683516e-36	LAMP2	c18
2.5849503381928e-40	-4.36666506266136	0.002	0.035	5.36790787229117e-36	ITM2C	c18
2.73783745877634e-40	-0.381490501973581	0.502	0.557	5.68539326689494e-36	RPL8	c18
2.90044172952255e-40	-2.67183281841911	0.007	0.044	6.02305729552654e-36	ATP5D	c18
2.998798842019e-40	-1.91673483526828	0.015	0.057	6.22730567533666e-36	CNN2	c18
4.75836850435433e-40	-2.61249406555197	0.007	0.044	9.88122803614221e-36	PIK3R1	c18
4.94887231039207e-40	-0.946359111167183	0.067	0.128	1.02768282397602e-35	SRP14	c18
1.45057230144972e-39	-1.01275180064077	0.227	0.296	3.01225844119048e-35	HSPA1A	c18
1.64896928913257e-39	1.28211138142688	0.04	0.017	3.4242496258127e-35	CASP1	c18
2.51626764861144e-39	2.29276818107375	0.012	0.003	5.22528139910651e-35	GGTA1P	c18
2.91988159260482e-39	0.637732462617348	0.143	0.091	6.06342611520317e-35	ATP5I	c18
3.42243033478957e-39	1.1116211890021	0.052	0.024	7.10701883322403e-35	AMICA1	c18
3.80149330080527e-39	-4.5005773925703	0.001	0.033	7.89418098845222e-35	OXNAD1	c18
6.08710613450492e-39	-4.54676849429993	0.001	0.033	1.26404845989129e-34	GeneID:102723863	c18
6.14928130315808e-39	-1.43881809181699	0.028	0.074	1.27695975541381e-34	CIB1	c18
7.83782337807717e-39	-3.68650557397883	0.003	0.035	1.62760240269151e-34	LYAR	c18
8.15046110155827e-39	-0.680435167027841	0.122	0.192	1.69252475234959e-34	EEF2	c18
1.27463638765112e-38	-2.06766487094899	0.012	0.051	2.64690992259632e-34	EPC1	c18
1.41824489117208e-38	-3.0238579329886	0.005	0.039	2.94512734100795e-34	DDX24	c18
1.85965785707491e-38	-4.64847543886759	0.001	0.032	3.86176550600175e-34	ARHGAP15	c18
2.33428988348109e-38	1.55180951754168	0.026	0.009	4.84738637203683e-34	ATP6AP1	c18
3.88421814909299e-38	1.42542634615002	0.03	0.011	8.06596740840651e-34	AHR	c18
5.91607280620894e-38	-1.26766827214567	0.036	0.084	1.22853167893735e-33	GSTK1	c18
1.0403409042243e-37	0.475175373103871	0.237	0.17	2.16037192171218e-33	RPS11	c18
1.65994232668314e-37	-3.87960772492602	0.002	0.033	3.44703623559022e-33	H3F3C	c18
2.06498494624522e-37	-4.15633683561234	0.002	0.032	4.28814773937283e-33	SYTL3	c18
2.09803887782463e-37	1.68442179407023	0.022	0.007	4.35678753369062e-33	HEXB	c18
2.12277291725232e-37	1.92992044782217	0.016	0.004	4.40815023996617e-33	EMR2	c18
3.50598856295602e-37	1.01976490139849	0.059	0.029	7.28053584983447e-33	CAST	c18
3.57684431758195e-37	-2.89939287048473	0.005	0.038	7.42767490989068e-33	CDC42SE2	c18
3.59503651008533e-37	-3.24725219771643	0.004	0.036	7.46545281684319e-33	NOSIP	c18
3.7086658666461e-37	-2.07991995675851	0.012	0.049	7.70141553867729e-33	AES	c18
4.0729284524409e-37	1.13910383554903	0.047	0.022	8.45784322433878e-33	LAMTOR1	c18
5.58772266112796e-37	-4.00527829475601	0.002	0.032	1.16034648780983e-32	BUB3	c18
5.83680265335729e-37	-2.78026848340494	0.006	0.039	1.21207043899617e-32	TSPYL2	c18
6.40850115340436e-37	0.475985803031425	0.211	0.148	1.33078934951595e-32	TAGLN2	c18
9.78142737487263e-37	-0.8476932438394	0.078	0.138	2.03121120866605e-32	PSME1	c18
1.56407167008314e-36	-1.83392643247996	0.015	0.054	3.24795123009466e-32	GAS5	c18
1.63919243030872e-36	-0.677582666098079	0.113	0.18	3.4039470007791e-32	PCBP2	c18
2.43876766490376e-36	-4.58402325322374	0.001	0.031	5.06434493293914e-32	SYNE2	c18
2.60676200382245e-36	-5.72713890795472	0	0.029	5.41320197713771e-32	CD6	c18
2.93488443783379e-36	0.629277186708195	0.142	0.092	6.09458102360564e-32	COX6B1	c18
3.45973944011399e-36	-7.28021311903036	0	0.028	7.18449492134072e-32	KLRG1	c18
3.80441858281625e-36	1.74378928111812	0.02	0.006	7.90025562907622e-32	PHLDA2	c18
3.95588312267527e-36	-3.369534338289	0.003	0.034	8.21478689254747e-32	TRAF3IP3	c18
4.293349661131e-36	1.14376129548175	0.045	0.02	8.91556990630463e-32	DDX21	c18
5.22404926157246e-36	-1.89339237055604	0.014	0.052	1.08482606965814e-31	KMT2E-AS1	c18
1.06701299675844e-35	0.844596214291871	0.079	0.044	2.21575918906857e-31	NME2	c18
1.08294355523391e-35	-2.45376677119096	0.073	0.126	2.24884058679874e-31	RN7SK	c18
1.1216289897596e-35	-0.649481799795022	0.158	0.227	2.32917476013479e-31	HCST	c18
2.77995630707844e-35	2.18905391831606	0.012	0.003	5.77285726727908e-31	NFIL3	c18
3.2929564093343e-35	2.39213249621121	0.01	0.002	6.83815327962361e-31	B3GNT5	c18
3.31924248228123e-35	-0.375496091022401	0.35	0.426	6.8927389387052e-31	RPL15	c18
4.39803182574365e-35	1.55066788676922	0.024	0.008	9.13295288933927e-31	FBXL5	c18
5.01356821092076e-35	1.54470263104742	0.024	0.008	1.04111757467981e-30	CD81	c18
5.16295139250991e-35	0.739192060078159	0.101	0.06	1.07213848616861e-30	CDC42	c18
5.46352157954321e-35	-6.31386648191645	0	0.028	1.13455489120794e-30	KLRC3	c18
5.67105248389047e-35	1.5291896316761	0.025	0.009	1.17765075880469e-30	RNF13	c18
6.5324768149948e-35	-2.05867885469637	0.011	0.046	1.35653413540182e-30	GIMAP7	c18
1.06453073919651e-34	-5.67053519483658	0	0.028	2.21060453301547e-30	KLRK1	c18
1.83671891988502e-34	-7.19822125529161	0	0.027	3.81413050903323e-30	DENND2D	c18
2.00514562573642e-34	-1.41709440223251	0.025	0.066	4.16388540640426e-30	PTGES3	c18
2.42350983789802e-34	-0.82372047642087	0.095	0.155	5.03266052937902e-30	CD37	c18
2.51810699351831e-34	1.73440176233533	0.019	0.006	5.22910098274013e-30	ARHGAP18	c18
2.54852441377781e-34	-0.686473770773853	0.106	0.168	5.29226579765101e-30	RPL31	c18
2.65885909955214e-34	1.87822785373942	0.02	0.006	5.52138680612998e-30	SLC40A1	c18
3.68614293620489e-34	-0.774386908982482	0.086	0.144	7.65464442132308e-30	LRRC75A-AS1	c18
4.67032149955035e-34	1.02989262835769	0.095	0.057	9.69838962596625e-30	AREG	c18
4.73957149855709e-34	-2.91826934529512	0.004	0.035	9.84219417390364e-30	ANXA6	c18
5.25751252690905e-34	-2.01408169700987	0.011	0.046	1.09177505133793e-29	UBE2D2	c18
5.5244948649563e-34	-4.48467520960055	0.001	0.029	1.14721660365683e-29	TC2N	c18
5.5821525730974e-34	-3.224411472684	0.004	0.033	1.15918980332941e-29	SNHG9	c18
7.60857479300204e-34	2.12009894642705	0.012	0.003	1.5799966415148e-29	AGPAT9	c18
1.63038867696683e-33	-1.13744056509043	0.039	0.084	3.38566512658932e-29	SRSF5	c18
1.72857253617386e-33	2.12009894642705	0.012	0.003	3.58955372861865e-29	MIR22HG	c18
1.95299122453463e-33	-1.68826919665523	0.018	0.055	4.05558157686862e-29	SELK	c18
3.23817103091941e-33	-1.62911628649938	0.022	0.061	6.72438596280725e-29	KLF2	c18
4.67534891079665e-33	-3.99797372457092	0.002	0.029	9.70882954816033e-29	LINC-PINT	c18
5.77305613389007e-33	-5.19931296555247	0.001	0.027	1.19883283676361e-28	SH2D1A	c18
6.07944369772199e-33	-2.68754326016389	0.005	0.035	1.26245727826895e-28	N4BP2L2	c18
8.34222648533205e-33	-1.47660114898637	0.022	0.06	1.73234675194405e-28	TRMT112	c18
8.85029000310658e-33	-1.50593513365669	0.02	0.058	1.83785122204511e-28	SAP18	c18
1.08438926802839e-32	-1.39612176231548	0.025	0.064	2.25184275398775e-28	C19orf43	c18
1.23234989215085e-32	1.76290847068534	0.017	0.005	2.55909778604047e-28	BRI3	c18
1.33326745388595e-32	-4.25050339235076	0.001	0.028	2.76866319473956e-28	CLEC2D	c18
1.3924251512023e-32	1.63558565376112	0.02	0.007	2.89151006898669e-28	IL17RA	c18
1.56499203823562e-32	-4.26569531057518	0.001	0.028	3.24986246660008e-28	FAM46C	c18
3.74267943895119e-32	-7.14028285788589	0	0.025	7.77204812292603e-28	CD40LG	c18
3.93043124754501e-32	-4.50146275316322	0.001	0.027	8.16193352865197e-28	CTLA4	c18
3.96868679777319e-32	-5.04512562484555	0.001	0.026	8.24137500425581e-28	CLIC3	c18
4.5362685209035e-32	-4.23949006334022	0.002	0.028	9.42001521050821e-28	TNFRSF4	c18
4.86921702441829e-32	-0.597662739937368	0.115	0.176	1.0111416072907e-27	MIF	c18
5.86863135184739e-32	-1.85317431707324	0.013	0.046	1.21867998652463e-27	SEPT7	c18
6.04702904142379e-32	-2.28165117060186	0.008	0.039	1.25572605074206e-27	DDIT3	c18
6.92464531154144e-32	-4.60088041002293	0.001	0.027	1.4379718453947e-27	TNFRSF18	c18
8.78505638824671e-32	0.810155453395387	0.078	0.045	1.82430480958331e-27	MSN	c18
8.97780393101391e-32	-1.70291098270654	0.014	0.049	1.86433076431435e-27	TUBB4B	c18
9.15294595409758e-32	-6.11591969254627	0	0.025	1.9007007568279e-27	IL2RB	c18
9.63739294344099e-32	1.45923100369562	0.026	0.01	2.00130101863496e-27	TNFSF10	c18
9.86765005275533e-32	-5.07635921030047	0.001	0.026	2.04911620995517e-27	FKBP11	c18
9.87808167184275e-32	1.85304775366186	0.013	0.004	2.05128243997487e-27	ATF5	c18
1.07150521303167e-31	-1.22246320089448	0.032	0.073	2.22508772538156e-27	CYCS	c18
1.26283460147569e-31	-1.76736796632964	0.014	0.048	2.62240233342441e-27	ATPIF1	c18
1.42188356491993e-31	-1.47599566148812	0.022	0.059	2.95268341091272e-27	EZR	c18
1.43655792409117e-31	-1.86614352913447	0.013	0.046	2.98315618516772e-27	HLA-F	c18
1.49827596334404e-31	-1.84155437915431	0.012	0.046	3.11131986548023e-27	RSRP1	c18
1.76194791047048e-31	2.26411875337546	0.01	0.002	3.658861030883e-27	CREB5	c18
1.79864202556068e-31	-4.37990355220893	0.001	0.027	3.73506003027931e-27	CBLB	c18
2.08312435456578e-31	-0.868132039733602	0.063	0.113	4.32581603469131e-27	MYL12B	c18
3.2492865063445e-31	1.53515159600745	0.022	0.007	6.74746835907499e-27	UBXN11	c18
3.85094703287476e-31	-3.25509631656182	0.003	0.03	7.99687660846774e-27	ARPC5L	c18
4.38550609061756e-31	-1.7058059270729	0.015	0.05	9.10694194777642e-27	BRD2	c18
4.76134817759986e-31	-5.11649769537487	0.001	0.025	9.88741562560386e-27	SCML4	c18
5.29500033869014e-31	-4.57676088143824	0.001	0.026	1.09955977033239e-26	CXCR3	c18
5.91034977399351e-31	-3.20714898684945	0.004	0.031	1.22734323406749e-26	BRE-AS1	c18
6.78775378948791e-31	-1.31974211699216	0.025	0.064	1.40954495192506e-26	RPL22L1	c18
6.83659385963906e-31	-0.710237506718214	0.091	0.147	1.41968708089265e-26	OST4	c18
7.08987723854076e-31	0.826343183099523	0.083	0.049	1.47228390735538e-26	GPR183	c18
1.17864754849105e-30	-6.0414778478304	0	0.024	2.44757949919652e-26	PRKCH	c18
1.36207217471452e-30	-3.07326610521005	0.004	0.03	2.82847907801218e-26	FAM177A1	c18
1.3929458343276e-30	-2.14276328927686	0.009	0.039	2.89259131956469e-26	HLA-G	c18
1.43505659149297e-30	-5.4785647112885	0	0.025	2.98003851789429e-26	SIT1	c18
1.6544469062125e-30	-0.601920320622834	0.168	0.231	3.43562444544088e-26	NFKBIA	c18
2.28910379173353e-30	-2.99762713690841	0.004	0.03	4.75355293391384e-26	RUNX3	c18
3.25384722222339e-30	-2.20466032099197	0.008	0.037	6.7569391416691e-26	SLC9A3R1	c18
6.18486377610898e-30	0.990675883996853	0.051	0.026	1.28434881174679e-25	UPP1	c18
6.34623362359619e-30	0.68493816299542	0.101	0.063	1.31785887427598e-25	UQCRH	c18
8.79866885898485e-30	2.13171879053655	0.01	0.002	1.82713157525679e-25	METTL7A	c18
9.72438603433511e-30	-0.682827876987728	0.117	0.175	2.01936600389003e-25	HSP90AB1	c18
1.61648861565897e-29	0.830078156379092	0.071	0.04	3.35680025927741e-25	GLIPR1	c18
1.73629603859375e-29	-2.30695551762701	0.007	0.035	3.60559235374378e-25	PEBP1	c18
2.13762869419732e-29	1.6712142968287	0.017	0.005	4.43899974637016e-25	RAP2B	c18
2.16035247909185e-29	-5.03201151134431	0.001	0.024	4.48618795808215e-25	PTPN22	c18
2.24462996505432e-29	-2.71274402154438	0.004	0.031	4.6611985854318e-25	SNHG12	c18
2.65876403740287e-29	2.06765546949316	0.011	0.003	5.52118940007079e-25	PPP1R9B	c18
2.72600598181404e-29	-0.470451822531102	0.237	0.303	5.66082402183503e-25	RPL21	c18
2.90165905532188e-29	1.50788010910395	0.021	0.007	6.02558519428143e-25	NOTCH2	c18
2.95478350746636e-29	-4.1405670487744	0.001	0.025	6.13590343160465e-25	MAPRE2	c18
3.66122529072407e-29	-5.54848292711118	0	0.023	7.6029004387176e-25	KLRC1	c18
4.51295997714926e-29	0.800017715573375	0.073	0.042	9.37161268854816e-25	NAP1L1	c18
6.72068438781889e-29	-1.09294787670807	0.037	0.078	1.39561731997447e-24	GUK1	c18
8.04832078134985e-29	-1.46029931094102	0.02	0.054	1.67131429345511e-24	SF1	c18
1.03537342224266e-28	-5.01071559405972	0.001	0.023	2.15005644862911e-24	PRKCQ-AS1	c18
1.49804188356957e-28	-3.36302326037188	0.002	0.026	3.11083377542057e-24	ARID5B	c18
1.57155557310839e-28	-1.4962114183385	0.019	0.053	3.26349230311689e-24	RABAC1	c18
1.83358301425855e-28	-2.76498879132104	0.004	0.03	3.8076184874093e-24	GPBP1	c18
2.99248473393111e-28	1.30193468723964	0.028	0.011	6.21419379848135e-24	JARID2	c18
3.22512941505501e-28	1.83561504132893	0.013	0.004	6.69730374330323e-24	PAK1	c18
3.24017324318434e-28	1.6695247462092	0.016	0.005	6.72854375679659e-24	ZNF106	c18
3.27910413926e-28	-3.28339095728581	0.003	0.027	6.80938765558731e-24	PRDX2	c18
3.62037906740543e-28	-1.29409731813771	0.026	0.062	7.51807917137412e-24	KRTCAP2	c18
3.81056887888006e-28	-0.756909086463961	0.083	0.134	7.91302733388232e-24	HMGB1	c18
3.87157883649207e-28	1.49702302458608	0.02	0.007	8.03972061185943e-24	TRMT1	c18
4.48954073640783e-28	-3.45003890685068	0.002	0.026	9.3229802932245e-24	LOC374443	c18
4.73482999235036e-28	1.55109040439359	0.019	0.007	9.83234796211475e-24	SKAP2	c18
4.89282327710778e-28	-3.21018487111604	0.003	0.027	1.0160436817242e-23	ITGAE	c18
5.00877304313009e-28	-1.4044817401629	0.022	0.057	1.0401218101364e-23	PHLDA1	c18
5.77163153005952e-28	-4.04815840931512	0.001	0.024	1.19853700353216e-23	C5orf56	c18
7.50629947011168e-28	-2.05055585859151	0.009	0.037	1.55875814796339e-23	PTGER4	c18
7.96084422150396e-28	1.56813701911376	0.019	0.006	1.65314891103751e-23	SH3BP2	c18
8.39021568143504e-28	-2.9898811385254	0.003	0.028	1.7423121884068e-23	MAT2B	c18
8.74675673463708e-28	0.656908096553158	0.087	0.053	1.81635150351474e-23	CDKN1A	c18
1.17944427990494e-27	-1.5907739235726	0.017	0.049	2.4492339916506e-23	RNA45S5	c18
1.39763994524897e-27	-2.096370594413	0.008	0.036	2.90233911030402e-23	STK4	c18
1.4091575815111e-27	-4.21451079651883	0.001	0.024	2.92625663376596e-23	H2AFX	c18
1.47975520877536e-27	-2.89689569450255	0.004	0.028	3.07285966654291e-23	LOC100506248	c18
2.11789891706802e-27	-4.65066625082842	0.001	0.023	4.39802889118346e-23	PDCD1	c18
2.26069688111679e-27	-1.5497821736233	0.015	0.046	4.69456314332713e-23	SEPW1	c18
2.67958656128856e-27	0.982952500226705	0.046	0.024	5.56442945317182e-23	SMAP2	c18
2.86776072691589e-27	-1.79875320985749	0.012	0.041	5.95519192551353e-23	WIPF1	c18
2.89247688614898e-27	-1.03065858588923	0.048	0.09	6.00651750177698e-23	HSPE1	c18
3.43925400006333e-27	-3.73257848514373	0.002	0.024	7.14195485653151e-23	RNF19A	c18
4.33477513783928e-27	0.92361628719797	0.053	0.028	9.00159405123705e-23	GDI2	c18
4.71800075286939e-27	1.38062286753546	0.023	0.009	9.79740036340858e-23	ATG3	c18
4.92850335971997e-27	-3.16452093013875	0.003	0.026	1.02345300767945e-22	MZT2B	c18
5.41378473062287e-27	-3.4009541263512	0.002	0.025	1.12422653716114e-22	MZT2A	c18
6.12276026923733e-27	-1.79285714981747	0.012	0.041	1.27145239750982e-22	YWHAQ	c18
1.05659869338518e-26	1.82466397213072	0.013	0.004	2.19413284668367e-22	SIGLEC10	c18
1.47153797480355e-26	-4.887782840223	0.001	0.022	3.05579575847704e-22	RORA	c18
1.58358927614338e-26	1.18540372313648	0.032	0.014	3.28848149083934e-22	PLEC	c18
1.68712365817869e-26	-4.1508011230463	0.001	0.023	3.50348098857386e-22	CD82	c18
1.77428814713554e-26	-1.66728340170741	0.013	0.043	3.68448676634167e-22	MRPS21	c18
1.84858847981647e-26	-1.37577093683402	0.02	0.053	3.83877883718688e-22	GIMAP4	c18
2.43086881856037e-26	0.470323870301864	0.162	0.115	5.04794218862247e-22	UQCR11	c18
2.71050258902653e-26	-2.06666118518779	0.008	0.034	5.62862967637249e-22	ISCU	c18
2.8195001739844e-26	0.972164353644945	0.046	0.023	5.854974061296e-22	GNAS	c18
4.03304558994482e-26	-3.95654283343979	0.001	0.023	8.37502247207941e-22	LOC642441	c18
5.47937726141068e-26	0.817153326274846	0.062	0.035	1.13784748210454e-21	IQGAP1	c18
5.53158339980471e-26	1.77405555411408	0.013	0.004	1.14868860880345e-21	ARAP1	c18
5.66712577037141e-26	-2.31651744748093	0.006	0.031	1.17683533747533e-21	CDK2AP2	c18
5.80119544263111e-26	-4.85974854736719	0.001	0.021	1.20467624561678e-21	SELM	c18
6.51019394036589e-26	0.69248515528361	0.104	0.067	1.35190687365638e-21	LITAF	c18
6.90896482685557e-26	-2.70759034452246	0.004	0.027	1.43471563594483e-21	CCDC107	c18
8.09098169418779e-26	-3.61365583570993	0.002	0.023	1.68017325861504e-21	CCR7	c18
9.118873405623e-26	1.80262148601301	0.013	0.004	1.89362525141167e-21	TCF7L2	c18
1.00901284489087e-25	-1.3672833315247	0.02	0.052	2.09531607370037e-21	CUTA	c18
1.01119688554337e-25	-0.855747585586232	0.053	0.095	2.09985145251935e-21	PSMB9	c18
1.01431391096622e-25	-4.10326966719953	0.001	0.022	2.10632426751246e-21	PBXIP1	c18
1.07865134444135e-25	0.901281891981891	0.052	0.028	2.2399273818669e-21	MTDH	c18
1.1475399440128e-25	0.751839902037198	0.072	0.042	2.38298144773698e-21	ARF5	c18
1.24348703237941e-25	1.54226770213037	0.018	0.006	2.58222517143909e-21	PTTG1IP	c18
1.38506456661922e-25	1.8344032501308	0.012	0.003	2.87622507904147e-21	STAT2	c18
1.43986512770916e-25	-2.09959911000968	0.008	0.033	2.99002392420083e-21	IDS	c18
1.48576410254154e-25	-2.60137129601648	0.004	0.028	3.08533773533777e-21	CD47	c18
1.55414135369602e-25	-1.66814571386829	0.013	0.041	3.22732993508516e-21	NHP2L1	c18
1.65624470382789e-25	-2.20653189865412	0.007	0.032	3.439357751969e-21	CACYBP	c18
1.67832886912612e-25	-1.26132338850294	0.024	0.057	3.48521772962729e-21	PSMB8	c18
1.78892930557755e-25	-2.46089157404691	0.005	0.029	3.71489059596234e-21	LOC284454	c18
1.83644472893367e-25	-4.82126506911849	0.001	0.021	3.81356112410367e-21	CD5	c18
1.86651598120898e-25	-3.77592515276418	0.001	0.022	3.87600708657857e-21	TTC39C	c18
2.29097982917051e-25	-3.01071559405972	0.003	0.025	4.75744871325548e-21	RNF167	c18
2.68772844654188e-25	1.37751073207994	0.022	0.008	5.58133689208887e-21	RTN3	c18
3.57161675309464e-25	-1.84063512141289	0.01	0.037	7.41681934947632e-21	ARGLU1	c18
4.46960763752795e-25	-1.62756719000609	0.013	0.041	9.28158722009055e-21	ICAM3	c18
4.62850264451254e-25	-1.96223479282131	0.009	0.034	9.61154859159475e-21	PNISR	c18
4.70486358577531e-25	-5.77258774632331	0	0.02	9.77011972222101e-21	CXCR6	c18
5.09952605332132e-25	-1.23981454239436	0.024	0.057	1.0589675802327e-20	RAN	c18
6.15738631451527e-25	-2.81037460413997	0.004	0.026	1.27864284207224e-20	TERF2IP	c18
7.20815251172919e-25	-2.16431498005558	0.007	0.031	1.49684495058568e-20	ANKRD12	c18
7.98492989534299e-25	-3.48674372322771	0.002	0.023	1.65815054206693e-20	SBDS	c18
8.04985657722147e-25	1.13244483720762	0.032	0.014	1.67163321682581e-20	ENY2	c18
8.1732782776104e-25	-3.81506671186777	0.001	0.022	1.69726296712858e-20	RPL19P12	c18
1.08977526263526e-24	-2.07932710898321	0.012	0.038	2.26302731038837e-20	XBP1	c18
1.27541561297754e-24	-4.77001838671118	0.001	0.02	2.64852806190916e-20	BIN1	c18
1.33099552804734e-24	-3.46214894004824	0.002	0.022	2.76394531354311e-20	DANCR	c18
1.63559421600925e-24	-4.04512562484555	0.001	0.021	3.39647494896482e-20	ANXA2R	c18
2.23124698539161e-24	1.24921557938642	0.025	0.011	4.63340748986422e-20	PRKCB	c18
2.2768537176204e-24	-2.49561589018729	0.005	0.027	4.72811443001052e-20	TOB1	c18
2.29653776575192e-24	-2.94730336603391	0.003	0.024	4.76899032436044e-20	CNOT6L	c18
3.11004647819853e-24	-4.47213576579047	0.001	0.02	6.45832251662706e-20	KLRC4	c18
3.52096263769145e-24	1.15908504248093	0.029	0.013	7.31163101343006e-20	LAMTOR2	c18
3.62477126801587e-24	-1.8450806350269	0.01	0.036	7.52720001516177e-20	CREM	c18
3.74450453075753e-24	-4.75487668963013	0.001	0.02	7.77583810857108e-20	SIRPG	c18
4.27243358508317e-24	1.89439937665895	0.01	0.003	8.87213558278371e-20	CYP1B1	c18
4.52809597886671e-24	-4.01391014706089	0.001	0.021	9.40304410971462e-20	RASAL3	c18
5.77336859936422e-24	-4.90327411228664	0.001	0.02	1.19889772334397e-19	TNFSF9	c18
6.30149718147826e-24	1.92259872629314	0.01	0.003	1.30856890470578e-19	JAK2	c18
6.69544866346807e-24	-2.93871587019718	0.003	0.024	1.39037686945578e-19	MEAF6	c18
6.94540984019091e-24	-1.55021755055615	0.014	0.041	1.44228380741404e-19	HNRNPF	c18
7.61503084968905e-24	-1.096673178579	0.029	0.062	1.58133730624643e-19	SAMSN1	c18
9.01374664382348e-24	-1.25776429572081	0.022	0.053	1.87179462805638e-19	PARK7	c18
1.33154140381335e-23	-2.55560454805325	0.004	0.026	2.76507887915879e-19	TNFAIP8	c18
1.34727884824368e-23	-3.98055362354946	0.001	0.02	2.79775925626282e-19	RHOF	c18
1.34966709811635e-23	-5.10188040314278	0	0.019	2.80271869594841e-19	IKZF3	c18
1.55579759867073e-23	-2.74549060937317	0.004	0.025	3.23076929339964e-19	ECH1	c18
1.77545612500853e-23	-2.20865497167163	0.006	0.029	3.68691218919272e-19	GPR65	c18
1.91752855527867e-23	-4.40483230196959	0.001	0.019	3.98193979789169e-19	CAMK4	c18
2.27486457317523e-23	0.881682998125217	0.048	0.026	4.72398377265569e-19	TMEM219	c18
2.28857326943022e-23	1.60348555231401	0.014	0.005	4.75245125129879e-19	PTGS2	c18
2.8564597547158e-23	0.919710851347912	0.045	0.024	5.93172432664284e-19	PAK2	c18
3.11253222826145e-23	-0.482212280622365	0.151	0.206	6.46348442520774e-19	EEF1G	c18
3.12094212675684e-23	-3.52985834806163	0.002	0.021	6.48094842042325e-19	SNHG7	c18
3.28680013084367e-23	-3.21749808744422	0.002	0.022	6.82536915170996e-19	DNAJB9	c18
3.36145434272823e-23	-4.15573708709367	0.001	0.02	6.98039608810945e-19	SLC38A1	c18
3.36456965101071e-23	0.719846511403881	0.071	0.043	6.98686533728885e-19	EIF4G2	c18
3.42331912652766e-23	-5.07278965373911	0	0.019	7.10886449814735e-19	PYHIN1	c18
3.51271336043033e-23	-3.95972143958939	0.001	0.02	7.29450056426962e-19	MATK	c18
3.65810061585863e-23	-3.53193965889275	0.002	0.021	7.59641173889203e-19	TMEM2	c18
4.04633073220905e-23	-2.22624326866772	0.006	0.028	8.4026103985053e-19	SUN2	c18
4.75656636326444e-23	1.3009704086782	0.022	0.009	9.87748570995493e-19	TXNDC17	c18
5.85380784597471e-23	1.10310430549745	0.031	0.015	1.21560173729511e-18	WASF2	c18
6.1597702401089e-23	1.59478918693264	0.015	0.005	1.27913788806101e-18	PLEKHB2	c18
6.29510349791348e-23	-2.3119331937814	0.005	0.027	1.30724119237671e-18	TECR	c18
6.90930445281012e-23	1.57691878981419	0.015	0.005	1.43478616267055e-18	PLEKHO1	c18
7.14751219232413e-23	-1.10582825924046	0.028	0.06	1.48425238185803e-18	RBM39	c18
8.01209433289553e-23	1.74598206523067	0.012	0.004	1.66379150916909e-18	ATP13A3	c18
9.25962438129809e-23	-2.44154744595705	0.005	0.026	1.92285359902036e-18	SPSB3	c18
9.46403029323933e-23	1.51098201320342	0.016	0.006	1.96530053069408e-18	SMCO4	c18
9.87241553770238e-23	-1.57482210064468	0.013	0.04	2.05010581055928e-18	CORO1B	c18
1.10077628708885e-22	-1.68368133173793	0.011	0.036	2.2858720377687e-18	GTF3A	c18
1.44050896217504e-22	-4.64578944047157	0.001	0.018	2.99136091085269e-18	OPTN	c18
1.70025386598127e-22	1.02094439116441	0.035	0.017	3.53074717809671e-18	STXBP2	c18
1.79410925203338e-22	-5.04310022083341	0	0.018	3.72564727277251e-18	GPR171	c18
1.95479436532937e-22	-3.60082795506116	0.001	0.02	4.05932597904296e-18	IL16	c18
2.1043729313036e-22	-1.37999720481877	0.017	0.045	4.36994082914505e-18	CLK1	c18
2.29493920956976e-22	-2.08844917232158	0.007	0.029	4.76567076259257e-18	EML4	c18
2.36910415210331e-22	-2.72532114831791	0.004	0.024	4.91968168225773e-18	ANKRD28	c18
2.39306620048669e-22	-0.647015761257144	0.08	0.124	4.96944127193066e-18	HNRNPA2B1	c18
2.39580739910533e-22	-1.89314599767854	0.008	0.031	4.97513364498213e-18	SP100	c18
2.45660351786471e-22	-1.79402371500307	0.01	0.034	5.10138286519786e-18	SPCS2	c18
2.65170891569832e-22	0.782170372845971	0.059	0.034	5.50653873433913e-18	CMTM6	c18
3.04905058571065e-22	1.74923331810733	0.011	0.003	6.33165844628674e-18	ABCA1	c18
3.06123116461737e-22	-1.8584821669284	0.008	0.032	6.35695263644444e-18	PIM1	c18
3.29449228302533e-22	-1.3794053660242	0.017	0.044	6.8413426749304e-18	ITGB1	c18
3.62412862195911e-22	-1.51768049616431	0.014	0.039	7.52586549636029e-18	DAD1	c18
4.00329829803389e-22	-0.801600151520614	0.081	0.124	8.31324924569717e-18	FOSB	c18
4.02845409629331e-22	-1.37612393039064	0.017	0.044	8.36548777636269e-18	CSRNP1	c18
5.14614239568254e-22	-4.09290134941496	0.001	0.019	1.06864792988744e-17	SUPT3H	c18
6.11888849690773e-22	-1.3886318180015	0.016	0.043	1.27064838526786e-17	SMDT1	c18
6.55623526837881e-22	-3.832566532372	0.001	0.019	1.36146781583154e-17	SPRY1	c18
8.25179450884971e-22	-2.97001675346507	0.003	0.022	1.71356764770773e-17	NAP1L4	c18
9.17603240371794e-22	-0.498384952833128	0.19	0.243	1.90549488895607e-17	TXNIP	c18
9.17783964205723e-22	-2.47315910322912	0.004	0.024	1.9058701800696e-17	G3BP2	c18
9.69591301842515e-22	-4.06282762657901	0.001	0.018	2.01345329740617e-17	AQP3	c18
1.04091410793018e-21	-2.64970817993042	0.004	0.023	2.16156223652782e-17	ELOVL5	c18
1.04381387917101e-21	-2.77755035856958	0.003	0.022	2.16758390148652e-17	DGCR6L	c18
1.05240211790543e-21	-5.14859594817379	0	0.017	2.18541823804242e-17	LOC101928173	c18
1.06713621112112e-21	-1.70097232722739	0.011	0.035	2.21601505601413e-17	BIRC3	c18
1.08939369231686e-21	0.922969483761497	0.041	0.022	2.2622349414652e-17	TGFB1	c18
1.14646704256563e-21	-3.21415079775442	0.002	0.02	2.38075346059178e-17	PSMB8-AS1	c18
1.31102680004796e-21	-2.85545732089231	0.003	0.022	2.72247825297959e-17	ODC1	c18
1.34417714773657e-21	-2.18753356150941	0.006	0.027	2.79131826498977e-17	SNHG1	c18
1.42267034420874e-21	-3.21198891666923	0.002	0.02	2.95431723678387e-17	SYTL1	c18
1.54453501598155e-21	-2.59299077513079	0.004	0.023	3.20738141418728e-17	DEF6	c18
1.82825009693849e-21	-3.15030494232848	0.002	0.021	3.79654415130247e-17	NEU1	c18
1.98531977983636e-21	-3.41351303082557	0.002	0.02	4.12271505480818e-17	C19orf66	c18
2.04021092995544e-21	-4.05360140691289	0.001	0.018	4.23670201714548e-17	PDE4D	c18
2.23835536496951e-21	-4.5714305485342	0.001	0.017	4.64816875089568e-17	TRAT1	c18
2.41681368411747e-21	-2.86907999218945	0.003	0.022	5.01875529643833e-17	SNORA78	c18
3.53026804679786e-21	0.632948424886371	0.083	0.053	7.33095462598043e-17	NDUFB1	c18
3.64643537772338e-21	-1.64094965792715	0.011	0.034	7.57218770538036e-17	SNRPB	c18
3.82073333428298e-21	-2.59109082528522	0.004	0.023	7.93413484197204e-17	ZNRD1	c18
3.99978681210257e-21	-4.29963415927573	0.001	0.018	8.30595729401221e-17	CISH	c18
4.25688329353677e-21	-2.36518421702101	0.005	0.024	8.83984384735845e-17	KRT10	c18
6.66637796922103e-21	1.1365925897394	0.023	0.01	1.38434004908844e-16	NLRP3	c18
6.74776920896398e-21	-2.24545529389358	0.005	0.025	1.40124175393346e-16	CHD2	c18
7.00472014685836e-21	-1.75526972910125	0.009	0.032	1.45460018569661e-16	RALY	c18
7.11973169507e-21	-1.87346078939339	0.008	0.03	1.47848348379824e-16	SHISA5	c18
7.17895880350164e-21	-1.16527489554982	0.023	0.051	1.49078258513515e-16	C9orf16	c18
7.18935274355672e-21	-3.09723268629123	0.002	0.02	1.49294099072699e-16	IL6ST	c18
1.05751535082876e-20	-1.92575315711949	0.007	0.029	2.196036377531e-16	TMED2	c18
1.19056998087525e-20	0.59942669891679	0.09	0.059	2.47233762228554e-16	ID2	c18
1.50790939496311e-20	-5.19740193011622	0	0.016	3.13132464958038e-16	PPP1R2P9	c18
1.53909437330431e-20	-1.81707218448078	0.008	0.03	3.19608337560374e-16	H2AFV	c18
1.60779416617778e-20	-4.51336224512509	0.001	0.017	3.33874536548478e-16	SAMD3	c18
1.72246859914787e-20	-1.53624690324424	0.013	0.036	3.57687829299046e-16	PMAIP1	c18
1.79554800260696e-20	-1.60397273992656	0.011	0.034	3.7286349822136e-16	SRSF11	c18
1.83319133220991e-20	-2.48674372322771	0.004	0.023	3.8068051204671e-16	UBE2N	c18
1.84949146854232e-20	0.682650031700679	0.067	0.041	3.84065398357498e-16	CARD16	c18
2.04256825404462e-20	-1.62434093151554	0.011	0.033	4.24159723634905e-16	KMT2E	c18
2.74314951204828e-20	-1.71943038877296	0.009	0.031	5.69642427671945e-16	EMB	c18
2.88277101785553e-20	-1.42034924356687	0.017	0.042	5.98636229567879e-16	HMGB2	c18
3.28595527137042e-20	-3.99947862217701	0.001	0.017	6.82361471652781e-16	NCR3	c18
3.41620886920146e-20	1.64183497181013	0.012	0.004	7.09409933778375e-16	IRAK3	c18
3.60980008168745e-20	1.24236897297794	0.021	0.009	7.49611084963216e-16	STX11	c18
3.69647952453568e-20	-1.0792841395316	0.025	0.053	7.67610938065079e-16	NCL	c18
4.02178520045872e-20	0.727219776222569	0.06	0.036	8.35163914727257e-16	COX5A	c18
4.06070649941798e-20	-2.14281110615687	0.006	0.025	8.43246311669137e-16	PRPF38B	c18
4.38270968383605e-20	-6.38443579796115	0	0.015	9.10113492945393e-16	CHST12	c18
4.51382467144118e-20	-1.70235638350827	0.009	0.031	9.37340831271476e-16	C11orf58	c18
4.83275815503677e-20	-2.8784757554361	0.003	0.02	1.00357055847494e-15	ARID5A	c18
5.23790240330508e-20	-1.95818998807427	0.007	0.027	1.08770281307033e-15	TRIM22	c18
5.55621104406479e-20	-3.32985510177866	0.002	0.018	1.15380278541049e-15	ZBTB20	c18
5.55661091282021e-20	-4.35828351010518	0.001	0.017	1.15388582215624e-15	FOXP3	c18
5.58105652952243e-20	-2.23286293002381	0.005	0.024	1.15896219892063e-15	SPNS1	c18
5.74661004438536e-20	-2.30091782122039	0.005	0.023	1.19334104181706e-15	AIP	c18
6.18765651789886e-20	-0.718731821309554	0.069	0.107	1.28492875250688e-15	NR4A2	c18
6.40454768502829e-20	-3.34492876421549	0.002	0.018	1.32996837227298e-15	PTMS	c18
6.8175387297504e-20	-3.12772271092407	0.002	0.019	1.41573009261997e-15	CCND2	c18
6.95572746833313e-20	1.60202030867759	0.012	0.004	1.44442636607406e-15	LRRK2	c18
7.46649851041752e-20	-0.381739098647982	0.201	0.254	1.5504930806733e-15	RPL38	c18
7.66393941632172e-20	-3.10265855582664	0.002	0.019	1.59149365919337e-15	APMAP	c18
8.13514849218901e-20	-2.53816563612567	0.003	0.021	1.68934493588797e-15	DSTN	c18
9.82485949854967e-20	0.692305964291393	0.064	0.04	2.04023032346882e-15	UQCRQ	c18
1.02076630867608e-19	0.786149051598575	0.051	0.029	2.11972331659674e-15	PSMB3	c18
1.21627617658439e-19	-1.5195382647764	0.012	0.035	2.52571910829515e-15	SNHG15	c18
1.31268163342474e-19	-4.45970765607297	0.001	0.016	2.72591467996982e-15	GATA3	c18
1.34194169878284e-19	-2.83678186054516	0.003	0.02	2.78667613169244e-15	ATP5EP2	c18
1.39194097431067e-19	1.49346553131088	0.014	0.005	2.89050462725353e-15	RASGEF1B	c18
1.47919543712423e-19	-6.34255915781216	0	0.015	3.07169724473218e-15	LEF1	c18
1.53990783762745e-19	-4.43813681779439	0.001	0.016	3.19777261561716e-15	HMOX2	c18
1.56590509275596e-19	0.726147005636276	0.059	0.036	3.25175851561702e-15	PTPN6	c18
1.59903299657258e-19	-1.57899935363424	0.011	0.033	3.32055192068261e-15	FNBP1	c18
1.70542331483366e-19	-1.9550675645098	0.007	0.026	3.54148205558358e-15	DHRS7	c18
1.7109712812688e-19	-0.262787329518604	0.578	0.598	3.5530029626828e-15	RPL37	c18
1.7825275025125e-19	-1.65759036045946	0.01	0.031	3.70159661171746e-15	FAM96B	c18
2.21554812306302e-19	-2.45030882861918	0.004	0.022	4.60080723235266e-15	UGP2	c18
2.31836064004848e-19	-1.80834663045656	0.008	0.028	4.81430770512468e-15	TBCB	c18
2.3787515099531e-19	-1.81016673798575	0.008	0.028	4.93971538556861e-15	EMD	c18
2.42336926407636e-19	-1.2446480928654	0.018	0.043	5.03236861378097e-15	ELF1	c18
2.51968138855137e-19	-5.03578513171454	0	0.015	5.23237037146578e-15	SPON2	c18
2.84410653883391e-19	-0.815636857134418	0.065	0.101	5.9060716385425e-15	NR4A1	c18
3.18661256222187e-19	-1.85938643674169	0.007	0.027	6.61731964670994e-15	ARHGAP9	c18
3.33181845570747e-19	-2.8191124809996	0.003	0.019	6.91885420512213e-15	NT5C	c18
3.5507675312258e-19	1.37063552213477	0.016	0.006	7.3735238553435e-15	GPR34	c18
3.56341856888326e-19	-4.12496772273954	0.001	0.016	7.39979500014299e-15	SVIP	c18
4.09226933139189e-19	0.474423765622363	0.129	0.093	8.49800649356841e-15	UQCRB	c18
4.10245461344935e-19	0.995501664589987	0.031	0.016	8.51915725028892e-15	TLN1	c18
4.51787659748603e-19	-1.8664304137755	0.007	0.027	9.38182254233948e-15	CCT4	c18
4.52350268413353e-19	1.48390393656133	0.014	0.005	9.39350567387169e-15	RABGEF1	c18
4.6273634214873e-19	-1.93508648867965	0.007	0.026	9.60918288106053e-15	DGUOK	c18
6.06642393119133e-19	-3.68255554546084	0.001	0.017	1.25975359355119e-14	PTPN7	c18
6.08490402439136e-19	-4.10553407683208	0.001	0.016	1.26359116970511e-14	STAT4	c18
6.69876027458326e-19	-1.27285818120845	0.017	0.041	1.39106455861996e-14	C19orf60	c18
7.13071220491294e-19	-2.49720805838851	0.004	0.021	1.48076369647222e-14	SNRNP70	c18
7.17357291897121e-19	-5.23168594032697	0.001	0.015	1.48966415235356e-14	IGJ	c18
7.75210217874284e-19	-1.82785153690991	0.008	0.027	1.60980153843774e-14	ARF4	c18
8.27060017774269e-19	-0.66574923775624	0.063	0.1	1.71747283291005e-14	SUMO2	c18
8.87092021925179e-19	0.475817170336694	0.077	0.05	1.84213529272983e-14	CD83	c18
8.90277631236344e-19	-1.95234002138481	0.006	0.025	1.84875052902539e-14	SIGIRR	c18
9.27187546938877e-19	-1.66642349650229	0.009	0.03	1.92539765997327e-14	UBE2I	c18
9.49743597500745e-19	1.19618937928979	0.021	0.009	1.97223755457005e-14	HMGA1	c18
9.5808576649937e-19	0.872518192999768	0.04	0.022	1.98956090271259e-14	RNH1	c18
9.70836576329334e-19	-1.79501608048334	0.008	0.028	2.0160392344055e-14	GBP5	c18
1.05673845363476e-18	-0.925843827261599	0.032	0.061	2.19442307281795e-14	CD53	c18
1.11081871074024e-18	1.50355731964636	0.013	0.005	2.30672613472317e-14	OTUD1	c18
1.27194607284873e-18	1.55275276376089	0.012	0.004	2.64132321487767e-14	RASSF2	c18
1.47308211640734e-18	-3.85178644294899	0.001	0.016	3.05900232293147e-14	TSEN54	c18
1.54978020815786e-18	-0.939208682987484	0.031	0.06	3.21827358026062e-14	MBNL1	c18
1.58550111195015e-18	1.15362869260301	0.022	0.01	3.29245160907568e-14	VMP1	c18
1.90461385875333e-18	-0.67218169324178	0.063	0.099	3.95512113908717e-14	SUB1	c18
2.03797965055226e-18	-3.34781967427286	0.001	0.017	4.23206854233682e-14	HERPUD2	c18
2.08943431714455e-18	-6.25392241419188	0	0.014	4.33891930298236e-14	MAL	c18
2.27546260678363e-18	-2.02730015045956	0.006	0.024	4.72522564924689e-14	BCL3	c18
2.41132218193622e-18	-1.25524667896544	0.017	0.04	5.00735164300876e-14	NDUFB8	c18
2.48749524443938e-18	-1.22419696148877	0.017	0.041	5.16553262460281e-14	CDC37	c18
2.49232453511152e-18	1.45647544803569	0.011	0.004	5.17556112961259e-14	SERPINF1	c18
2.49560117467331e-18	-3.02392113285898	0.002	0.018	5.1823653993266e-14	METTL12	c18
2.52498653413617e-18	-2.76193796674081	0.003	0.019	5.24338703678718e-14	DDX39A	c18
2.65127273196775e-18	-5.29433087731596	0	0.014	5.50563295520424e-14	LOC100996919	c18
2.89919960192738e-18	-1.82897051338045	0.008	0.027	6.0204778933624e-14	MIR4435-1HG	c18
3.06847255977996e-18	-2.684505924345	0.003	0.019	6.37199011763906e-14	RBL2	c18
3.40422679096984e-18	1.32604895460748	0.017	0.007	7.06921735412796e-14	C20orf27	c18
3.55138511996125e-18	0.980889965198051	0.031	0.016	7.37480634011153e-14	FOSL2	c18
4.19163244700632e-18	-3.62103862157339	0.001	0.016	8.70434393945333e-14	CYFIP2	c18
4.68627851272478e-18	-3.45834038851757	0.001	0.016	9.73152595952427e-14	CLPP	c18
4.83695065061722e-18	-1.82115264402271	0.007	0.026	1.00444117210717e-13	PDE4B	c18
5.75102237431221e-18	-4.70629989963326	0	0.014	1.19425730624967e-13	ERN1	c18
6.08130020996048e-18	-2.6024901582204	0.003	0.019	1.26284280160039e-13	HMGN4	c18
6.10195885972895e-18	1.1230517143105	0.023	0.011	1.26713277681131e-13	AKR1A1	c18
6.48482047758235e-18	-0.885785909646962	0.032	0.061	1.34663782037475e-13	ARL6IP5	c18
6.50583743638628e-18	0.940163437055049	0.033	0.017	1.35100220203997e-13	EIF3M	c18
6.68407100387042e-18	1.03852792496013	0.026	0.013	1.38801418466373e-13	ATP1B3	c18
7.72418696449779e-18	-2.65973633169627	0.003	0.019	1.60400466504761e-13	TMEM243	c18
8.28914451419858e-18	-2.29308648499111	0.004	0.021	1.72132374981848e-13	TAF7	c18
8.40334641833216e-18	-3.17377007844351	0.002	0.017	1.74503891723086e-13	MED10	c18
9.06177453630431e-18	-3.48051176951619	0.001	0.016	1.88176810020895e-13	PTTG1	c18
9.76859627646855e-18	0.719653699030466	0.056	0.034	2.02854670277146e-13	MINOS1	c18
1.0679841153332e-17	-3.61870906343621	0.001	0.015	2.21777581390093e-13	CD79B	c18
1.14768753816071e-17	-0.954433691458792	0.029	0.056	2.38328794174453e-13	RAP1B	c18
1.1928571984982e-17	-5.21666890468624	0	0.014	2.47708725840137e-13	PPP3CC	c18
1.63003494611699e-17	1.09706089178798	0.023	0.011	3.38493056910654e-13	PSMA4	c18
1.82794601463991e-17	-4.65841385012884	0	0.014	3.79591269400123e-13	LINC00869	c18
1.87154211330876e-17	-4.28201761587711	0.001	0.014	3.88644435249697e-13	BCL11B	c18
1.9092796279545e-17	-2.8188599525479	0.003	0.019	3.96481007541031e-13	SEC11C	c18
2.1154889049769e-17	-1.08547484538384	0.022	0.046	4.39302426007502e-13	C19orf53	c18
2.16956468015768e-17	-1.15142246146935	0.02	0.044	4.50531801481543e-13	SPCS1	c18
2.17568501463296e-17	1.44762606699178	0.013	0.005	4.51802750138681e-13	FAM120A	c18
2.33789323953917e-17	1.46276748274839	0.013	0.005	4.85486910122704e-13	HOTAIRM1	c18
2.63709250115776e-17	1.28103946292828	0.017	0.007	5.47618628790421e-13	CLTC	c18
3.00516257370682e-17	-3.97342415949136	0.001	0.014	6.24052060055958e-13	ABHD14B	c18
3.025902744065e-17	1.11660501717679	0.023	0.011	6.28358963832539e-13	ICAM1	c18
3.33768771869674e-17	-1.62575277298942	0.009	0.028	6.93104231664564e-13	DYNLRB1	c18
3.74856225155428e-17	1.38850652435969	0.014	0.005	7.78426437157762e-13	SERPINB6	c18
3.79044970207089e-17	-5.18505588599002	0	0.013	7.8712478513204e-13	GPR56	c18
4.07160135329014e-17	1.32947097937919	0.015	0.006	8.45508737024231e-13	RARA	c18
4.12328767898047e-17	1.1643277407834	0.02	0.009	8.56241919417085e-13	PTPLAD2	c18
4.53675413993428e-17	-2.82646495685955	0.002	0.017	9.42102364698753e-13	PRKACB	c18
4.60901306738635e-17	-3.24490444286001	0.001	0.016	9.5710765357345e-13	CCDC167	c18
4.70451517062476e-17	0.629360370723722	0.067	0.044	9.76939620331938e-13	BRK1	c18
4.81241400236743e-17	-4.62305453371218	0	0.014	9.99345891731621e-13	DGKA	c18
5.2246929213469e-17	0.695762338092804	0.055	0.034	1.0849597320469e-12	SNHG5	c18
5.28232735239887e-17	0.545743854439272	0.089	0.061	1.09692809799915e-12	HIGD2A	c18
5.48169780986141e-17	-2.2891198988507	0.004	0.02	1.13832936719582e-12	RBCK1	c18
5.61813967114636e-17	0.628728930676467	0.069	0.045	1.16666288411025e-12	DYNLL1	c18
5.80656942503796e-17	-4.6154413496023	0	0.013	1.20579220680338e-12	TCF7	c18
6.28543728996825e-17	-5.15386126438643	0	0.013	1.30523390763481e-12	KCNA3	c18
6.36113017829133e-17	-1.83324143296184	0.007	0.024	1.32095229282398e-12	SSU72	c18
7.1213948043873e-17	1.01916021260136	0.026	0.013	1.47882884507907e-12	FAM96A	c18
7.98516149518883e-17	-2.66200816805675	0.003	0.017	1.65819863609091e-12	ATM	c18
9.08630968313784e-17	-4.59567809478087	0	0.013	1.8868630688004e-12	PCED1B	c18
9.14875753856112e-17	-5.18174568559121	0	0.013	1.8998309904576e-12	HLA-J	c18
9.9057782213176e-17	-6.13914553418419	0	0.013	2.05703390543881e-12	LINC00926	c18
1.05563273049932e-16	-2.99754020531198	0.002	0.016	2.19212692815489e-12	TMC8	c18
1.07054882056168e-16	-3.51329954242648	0.001	0.015	2.22310168077839e-12	LOH12CR1	c18
1.07629105944374e-16	-2.41655973925594	0.003	0.019	2.23502601404086e-12	FAM107B	c18
1.09100279260544e-16	1.56433143779636	0.011	0.004	2.26557639912446e-12	PRCP	c18
1.26789259760744e-16	-1.13192528878589	0.019	0.041	2.63290576819162e-12	UBXN1	c18
1.33738553307057e-16	-2.36452557518469	0.004	0.019	2.77721479797436e-12	BTG3	c18
1.40547645476461e-16	-3.94246385030791	0.001	0.014	2.91861240596419e-12	PASK	c18
1.49400496131993e-16	-1.38911124970429	0.012	0.032	3.10245070267696e-12	OSTF1	c18
1.58273802956964e-16	-3.20487995273701	0.001	0.015	3.28671379220432e-12	PRMT1	c18
1.64955739430263e-16	-3.23073711093342	0.001	0.015	3.42547088500885e-12	RAPGEF6	c18
1.82236111298332e-16	-1.76517783607541	0.007	0.024	3.78431508722116e-12	TRABD	c18
1.87551613872433e-16	-0.688081679666647	0.052	0.083	3.89469681367493e-12	EDF1	c18
1.93086189350085e-16	1.00038990540566	0.026	0.013	4.00962780804387e-12	GPCPD1	c18
1.93912875460994e-16	-5.12370325945395	0	0.013	4.02679477182299e-12	BANK1	c18
2.11846945409445e-16	-2.44796782715409	0.003	0.018	4.39921366837254e-12	POLR2K	c18
2.24128913549413e-16	-4.19767509021187	0.001	0.013	4.65426101876712e-12	TBCC	c18
2.2891663064984e-16	-4.57058711381804	0	0.013	4.75368275207458e-12	PELO	c18
2.32157234390362e-16	-1.8429920424929	0.006	0.023	4.82097712935026e-12	SRSF10	c18
2.74489063331889e-16	-2.09939348805446	0.005	0.02	5.70003988915e-12	TMC6	c18
2.79533124987652e-16	-0.967834753522295	0.025	0.05	5.80478487349358e-12	ARF1	c18
2.87259756249676e-16	-2.9539873366745	0.002	0.016	5.96523609828077e-12	DCK	c18
3.07727919866748e-16	-1.92032105700506	0.005	0.021	6.3902779839529e-12	CMPK1	c18
3.19115424923471e-16	-4.54562440618217	0	0.013	6.6267509139608e-12	THEMIS	c18
3.2880509197276e-16	-2.63127504051715	0.003	0.017	6.82796653990634e-12	ATP5L2	c18
3.42955537200469e-16	-3.6573549913357	0.001	0.014	7.12181468550494e-12	PHF1	c18
3.51048430079379e-16	1.13566145953574	0.018	0.008	7.28987169902838e-12	RNF144B	c18
3.74886985322465e-16	1.26125784775418	0.017	0.007	7.78490313720632e-12	CD84	c18
4.5299897144137e-16	-3.30552645057126	0.001	0.014	9.40697664095148e-12	HNRNPLL	c18
4.65618435557304e-16	-1.53816563612567	0.009	0.028	9.66903243278297e-12	NDUFV2	c18
5.0284509020899e-16	-2.05641563806477	0.005	0.02	1.04420811432799e-11	ZC3HAV1	c18
5.34225741509892e-16	-1.51299081247861	0.009	0.027	1.10937317481944e-11	SRI	c18
5.3879081998394e-16	-0.256241709075513	0.318	0.369	1.11885301677865e-11	NACA	c18
5.82483631026233e-16	-1.60959787441897	0.008	0.026	1.20958550818908e-11	BIN2	c18
5.87187340445575e-16	-2.5360068821079	0.003	0.017	1.21935323116928e-11	ATF7IP	c18
6.09666542248737e-16	1.50133798688572	0.011	0.004	1.26603354163373e-11	CTDNEP1	c18
6.80017364068981e-16	-1.62551116932306	0.008	0.025	1.41212405822565e-11	TAP1	c18
7.20494474676989e-16	-0.326032749072413	0.231	0.279	1.49617882611423e-11	CD52	c18
7.23019919037069e-16	0.573003739810807	0.073	0.049	1.50142316387238e-11	ATP5J2	c18
8.37303375913308e-16	-3.61979665869382	0.001	0.014	1.73874419042158e-11	SP140	c18
8.67390432164108e-16	0.574458616257665	0.077	0.052	1.80122297143199e-11	ATP5G3	c18
9.68958248959235e-16	-3.28047104252097	0.001	0.014	2.01213869978875e-11	TRG-AS1	c18
1.01281723530258e-15	-0.570686367028558	0.068	0.102	2.10321627082933e-11	CCNI	c18
1.06426601695709e-15	-1.34913181173565	0.013	0.032	2.21005481081309e-11	ARL6IP1	c18
1.10772461941536e-15	-0.89436020168669	0.031	0.056	2.30030094467794e-11	IRF1	c18
1.11341454617368e-15	0.577804726074628	0.066	0.043	2.31211664658426e-11	SYNGR2	c18
1.11572410767929e-15	1.59316412000407	0.01	0.003	2.31691268200682e-11	PTEN	c18
1.1731598560794e-15	0.791395099180578	0.039	0.023	2.43618375713447e-11	GLIPR2	c18
1.18634536907743e-15	-4.51789052771356	0	0.012	2.46356479342618e-11	CCR6	c18
1.29168841985689e-15	-1.27662147531617	0.014	0.033	2.68232017267481e-11	NDFIP1	c18
1.5580232653619e-15	-2.63539852380716	0.002	0.016	3.23539111285052e-11	TBRG1	c18
1.80451526038649e-15	-2.70921117746189	0.002	0.016	3.74725638971859e-11	BTN3A2	c18
1.90721527400238e-15	1.29108580097573	0.015	0.006	3.96052323799335e-11	VPS35	c18
1.93359566184172e-15	-2.79562867127149	0.002	0.015	4.01530475138052e-11	CHIC2	c18
1.93782415506898e-15	-2.07188396221982	0.004	0.019	4.02408564041625e-11	MPHOSPH8	c18
2.03041854290019e-15	-1.15253641292443	0.017	0.037	4.21636714618653e-11	CD164	c18
2.58282913931384e-15	-3.82515994090364	0.001	0.013	5.36350299069913e-11	LOC101929910	c18
2.81707724219687e-15	-3.8063679103184	0.001	0.013	5.84994260114603e-11	MAP4K1	c18
2.87332598632821e-15	0.386924913305594	0.142	0.108	5.96674874320915e-11	EIF3K	c18
3.28739486617158e-15	-1.12644790741187	0.018	0.039	6.8266041790919e-11	BAX	c18
3.5005641754998e-15	-2.05538707012823	0.004	0.019	7.26927156684287e-11	ARID4B	c18
4.02775851080606e-15	-1.73932084213297	0.007	0.023	8.36404332353986e-11	TMEM173	c18
4.11750390392781e-15	1.10151016716852	0.02	0.009	8.55040860689649e-11	SAT2	c18
4.14098993772604e-15	-2.17348730399355	0.004	0.018	8.59917970468190e-11	CHCHD10	c18
4.46697218009893e-15	-1.89761327474162	0.005	0.02	9.27611442919344e-11	RAB11B	c18
4.75746858413143e-15	-3.37107295055531	0.001	0.013	9.87935926180733e-11	TPST2	c18
4.77659678136179e-15	-2.34956892582501	0.003	0.017	9.9190808761759e-11	SYPL1	c18
4.81862886358746e-15	1.29472437803908	0.014	0.006	1.00063646981257e-10	FUOM	c18
4.86042462488548e-15	-1.71022853166032	0.007	0.023	1.00931577760372e-10	NME3	c18
4.91654555616554e-15	0.927273048959505	0.028	0.015	1.02096985019334e-10	C8orf59	c18
4.96737530806692e-15	-1.97980084761749	0.005	0.02	1.03152515647318e-10	C17orf62	c18
5.75852541014278e-15	-2.40066211237573	0.003	0.016	1.19581538667025e-10	GCC2	c18
6.3047225469241e-15	1.32200914647097	0.013	0.005	1.30923868409426e-10	TLE3	c18
6.58945410777556e-15	0.656051290573153	0.053	0.034	1.36836604002067e-10	TOMM6	c18
6.66745362404927e-15	1.26724364161697	0.014	0.006	1.38456341957007e-10	SLC25A37	c18
7.23286310923486e-15	-2.67243132818713	0.002	0.015	1.50197635326371e-10	STUB1	c18
7.43958290929454e-15	-6.36182237051237	0	0.012	1.5449037869441e-10	IGLL5	c18
8.35578770099409e-15	-1.56659943203009	0.009	0.026	1.73516287398843e-10	DNAJB4	c18
9.17247334657231e-15	-1.96428174305196	0.005	0.019	1.90475581514921e-10	MFSD10	c18
9.48373007392865e-15	-2.28245144388847	0.003	0.017	1.96939138715202e-10	LSM2	c18
9.7653857686099e-15	-2.74219849188824	0.002	0.015	2.02788000870953e-10	TRADD	c18
9.77771460816045e-15	1.40089408242701	0.016	0.007	2.0304402155306e-10	TWISTNB	c18
1.00599644594864e-14	-0.262259064158535	0.495	0.522	2.08905221965695e-10	PTMA	c18
1.01539694346777e-14	-1.13622784377425	0.016	0.036	2.10857329280518e-10	JAK1	c18
1.0830009771291e-14	-1.8438364524939	0.006	0.02	2.24895982910629e-10	STOM	c18
1.090356940826e-14	-3.01623259902728	0.001	0.013	2.26423522331927e-10	TMUB1	c18
1.09276711114959e-14	-2.75115935945986	0.002	0.015	2.26924018301323e-10	LDLRAD4	c18
1.09472389276158e-14	-5.89756843643169	0	0.011	2.27330363570869e-10	TNFRSF25	c18
1.12967418186028e-14	-3.54103895920428	0.001	0.013	2.34588140605106e-10	LY9	c18
1.15010857584873e-14	-0.937746103977983	0.024	0.046	2.38831546860747e-10	UXT	c18
1.17280768426453e-14	-1.84563689580868	0.006	0.02	2.43545243714373e-10	PRMT2	c18
1.17658677638393e-14	-5.88879822680396	0	0.011	2.44330009983887e-10	TOX	c18
1.23165132498454e-14	-1.72056394985011	0.006	0.022	2.5576471414629e-10	VCP	c18
1.3002855644913e-14	-1.8682619425741	0.005	0.02	2.70017300322264e-10	AKNA	c18
1.36713429929573e-14	0.469323585097053	0.087	0.062	2.83899108591752e-10	JUND	c18
1.40000461425115e-14	-2.17658134088651	0.004	0.017	2.90724958195394e-10	RASSF1	c18
1.4256593538026e-14	0.883561530290845	0.029	0.016	2.96052421410648e-10	EIF3A	c18
1.50994832692694e-14	-4.01877709602898	0.001	0.012	3.13555869569648e-10	RNF113A	c18
1.54134177638614e-14	1.13577049441777	0.018	0.008	3.20075033284347e-10	MIS18BP1	c18
1.62353243198008e-14	-1.69983755582728	0.007	0.022	3.37142744824984e-10	MRPS6	c18
1.70683732754949e-14	-3.03429046283117	0.001	0.014	3.54441839438927e-10	RBMX	c18
1.71913235777262e-14	-4.0088488329096	0.001	0.012	3.56995025415062e-10	SDHAF2	c18
1.73495609103348e-14	-1.2791050407811	0.012	0.03	3.60280981864013e-10	SRP9	c18
1.74204981303525e-14	1.35569943680021	0.012	0.005	3.617540641749e-10	IRS2	c18
1.81847095590968e-14	-1.75631731116898	0.006	0.021	3.77623678704204e-10	ENSA	c18
1.92341226541645e-14	-2.43489636551396	0.003	0.016	3.9941579103638e-10	TMX4	c18
2.09610524230659e-14	0.548302462393913	0.071	0.048	4.35277214617386e-10	RGS10	c18
2.14795202158286e-14	-2.11620872290703	0.004	0.018	4.46043716801897e-10	DDX6	c18
2.3017229634244e-14	-1.4012043770094	0.01	0.027	4.77975790584711e-10	SMCHD1	c18
2.66034108400089e-14	-2.62422223514451	0.002	0.015	5.52446429503624e-10	GTF2B	c18
2.72595181999188e-14	-2.34974887549223	0.003	0.016	5.66071154939514e-10	PIN1	c18
2.96167673563605e-14	-5.84343104290984	0	0.011	6.15021790922183e-10	FAM102A	c18
3.1264638299019e-14	-2.69499264869906	0.002	0.014	6.49241478917428e-10	UBAC2	c18
3.21327276168426e-14	-1.49050514808782	0.009	0.025	6.67268221691354e-10	MBP	c18
3.25034899181104e-14	-0.773382417647631	0.035	0.06	6.74967471639481e-10	EIF3G	c18
3.46501334675716e-14	1.07853177303756	0.019	0.009	7.19544671587592e-10	TIMM8B	c18
3.46702107074034e-14	-1.96008952098975	0.005	0.019	7.19961595549939e-10	RAD21	c18
3.47070634943444e-14	0.631103178287153	0.055	0.035	7.20726880523557e-10	HNRNPU	c18
3.56781305826518e-14	-3.47526369155404	0.001	0.012	7.40892059679347e-10	SLA2	c18
3.70430002101549e-14	-3.69684900114162	0.001	0.012	7.69234942364076e-10	MTFP1	c18
3.79501581798931e-14	-1.21451079651883	0.013	0.032	7.88072984763661e-10	PRRC2C	c18
3.83986128760045e-14	-5.86766695071783	0	0.01	7.97385594983109e-10	VPREB3	c18
3.86164962771999e-14	-1.65635114457766	0.007	0.022	8.01910161692333e-10	RANBP1	c18
4.17556201803682e-14	-1.76226035269311	0.006	0.02	8.67097208665525e-10	NDUFAF3	c18
4.38866167514034e-14	-1.1064194060196	0.017	0.036	9.11349483459643e-10	CCDC85B	c18
4.48739796827004e-14	-2.60761910984164	0.002	0.014	9.31853062090955e-10	IRF3	c18
4.77304774760175e-14	2.11341050124902	0.01	0.004	9.9117109526698e-10	IFI27	c18
5.15450508557236e-14	-1.64930459123675	0.007	0.022	1.07038452606996e-09	FOXP1	c18
5.15563774825047e-14	-1.52227863223972	0.008	0.024	1.07061973480169e-09	EIF3D	c18
5.31935046074822e-14	-2.5213034189383	0.002	0.015	1.10461631667898e-09	TSC22D4	c18
5.63255646318117e-14	-4.85940328111189	0	0.011	1.1696566751442e-09	MRPL10	c18
5.66199831416441e-14	-2.76690902086979	0.002	0.014	1.17577056991938e-09	SLC44A2	c18
5.71425408816575e-14	-4.8635410326315	0	0.011	1.1866220039485e-09	SUSD3	c18
5.88043004767702e-14	-4.89487558443029	0	0.011	1.22113010370061e-09	KLRF1	c18
6.26080384245537e-14	-3.11909584622575	0.001	0.013	1.30011852592428e-09	GPRIN3	c18
6.33777182238754e-14	-3.44735534782377	0.001	0.012	1.316101696637e-09	LOC100131564	c18
6.40701179434204e-14	-1.60196579960164	0.007	0.022	1.33048006921307e-09	SASH3	c18
6.69670593044875e-14	-4.8545608573442	0	0.011	1.39063795351699e-09	PLEKHF1	c18
6.9736155719762e-14	-1.69905583462618	0.006	0.021	1.44814100967658e-09	ANKRD44	c18
7.17958162628228e-14	0.783331095313756	0.035	0.02	1.49091192051378e-09	C7orf73	c18
7.38854134498985e-14	-3.66559355338212	0.001	0.012	1.53430449570059e-09	ATP6V0E2	c18
7.65777227971098e-14	-2.27559134671768	0.003	0.016	1.59021299160478e-09	ZC3H12A	c18
7.89732768247927e-14	1.44221199036163	0.011	0.004	1.63995906654365e-09	PIK3AP1	c18
8.28411608882872e-14	-1.69304533317551	0.006	0.021	1.72027954700617e-09	MGAT4A	c18
9.48642890067316e-14	1.00958086894904	0.021	0.011	1.96995182551379e-09	DPYD	c18
1.01813801868127e-13	-3.09817843531006	0.001	0.013	2.11426540959352e-09	EPB41L4A-AS1	c18
1.05769374575577e-13	-2.73988134691518	0.002	0.014	2.19640683243644e-09	RASA2	c18
1.06238702180856e-13	-4.83221469843759	0	0.01	2.20615288948765e-09	OBFC1	c18
1.08553741388897e-13	-3.96651579014918	0.001	0.011	2.25422699368183e-09	TUBB2A	c18
1.13092459047198e-13	-4.28887128691817	0	0.011	2.34847800457412e-09	NELL2	c18
1.19156266426476e-13	-3.09172603770769	0.001	0.012	2.4743990286122e-09	SNRPA1	c18
1.2075417872944e-13	-2.19574748789224	0.003	0.016	2.50758127549555e-09	IRF9	c18
1.2814726509316e-13	-4.81949119081695	0	0.01	2.66110610692456e-09	CENPC	c18
1.40424651682334e-13	-1.67951885571278	0.006	0.021	2.91605831683534e-09	EWSR1	c18
1.52314184192597e-13	-4.86491765014137	0	0.01	3.16295634894348e-09	RTKN2	c18
1.53471695842851e-13	-5.52907708173681	0.001	0.011	3.18699323587265e-09	MZB1	c18
1.58786351158615e-13	-3.41827151196911	0.001	0.012	3.2973573681598e-09	INO80E	c18
1.63166694796274e-13	-3.08051256101449	0.001	0.012	3.38831958413942e-09	DHPS	c18
1.69739914528265e-13	-3.90895731177943	0.001	0.011	3.52481906509395e-09	CDC25B	c18
1.81249790195535e-13	-2.72507309445552	0.002	0.013	3.76383314320048e-09	MAP1LC3B2	c18
1.92762130815952e-13	-4.26473962444528	0	0.011	4.00289840852406e-09	INPP4B	c18
1.93067711411426e-13	1.19247221526611	0.015	0.007	4.00924409516968e-09	GNG10	c18
1.99999204298956e-13	-1.63850952479895	0.007	0.021	4.15318347647213e-09	RPL13AP5	c18
2.07427807659916e-13	-2.93176079793125	0.001	0.013	4.30744585386581e-09	GRK6	c18
2.08003474602086e-13	1.08258812577968	0.018	0.009	4.31940015358692e-09	MTSS1	c18
2.08891830205312e-13	-2.71899625397562	0.002	0.013	4.33784774604351e-09	ZMYM6NB	c18
2.21955915480636e-13	-1.47183726470014	0.008	0.023	4.6091365408709e-09	RBM25	c18
2.34033594297657e-13	-2.71122488829211	0.002	0.013	4.85994161918514e-09	RPA3	c18
2.40785611807421e-13	-2.54081813740768	0.002	0.014	5.00015401479291e-09	SEMA4D	c18
2.53184904356004e-13	-2.92766804329737	0.001	0.013	5.25763772385677e-09	CLTB	c18
2.59037219459684e-13	-0.810334955682198	0.058	0.086	5.3791668992998e-09	EGR1	c18
2.69212449109355e-13	-1.24430622200103	0.012	0.029	5.59046571820487e-09	TOMM5	c18
2.7539366183945e-13	-0.287672653470812	0.232	0.275	5.71882478175802e-09	RPL27	c18
2.77977690997842e-13	-0.884652548546405	0.025	0.046	5.77248473126119e-09	CELF2	c18
2.8090275327483e-13	-5.73091856702224	0	0.01	5.83322657450511e-09	LOC643733	c18
2.88566958893342e-13	-4.24936191543223	0	0.01	5.99238146837914e-09	LOC100996740	c18
2.96977986892649e-13	-1.12499978773598	0.016	0.034	6.16704487581274e-09	SLC38A2	c18
3.14655185721124e-13	-3.06502518228325	0.001	0.012	6.53412958668486e-09	LOC101927902	c18
3.22002440736166e-13	-3.19837726448786	0.001	0.012	6.68670268432723e-09	ITGB7	c18
3.29035929933707e-13	-2.35730574318135	0.003	0.015	6.83276012100337e-09	HIST1H1D	c18
3.87964178363577e-13	-2.79716775133839	0.002	0.013	8.05646412789803e-09	MRPL43	c18
3.91302212821832e-13	-2.26002861210405	0.003	0.015	8.12578175145816e-09	ZNF428	c18
4.09694547872026e-13	0.80814753483274	0.031	0.018	8.50771698111049e-09	CAPZA2	c18
4.10253773548155e-13	-2.04821349188164	0.004	0.016	8.51932986150098e-09	MRPL18	c18
4.71161747092135e-13	-2.36841319554007	0.003	0.014	9.78414484011528e-09	POLR3GL	c18
4.85697726699451e-13	-1.84410332665824	0.005	0.018	1.00859989926408e-08	PCNP	c18
6.41014814707231e-13	-2.42593075420214	0.002	0.014	1.33113136422104e-08	PDAP1	c18
6.4724282088141e-13	-2.00709300573853	0.004	0.016	1.34406444184234e-08	SNRPA	c18
6.76430429845804e-13	-3.3471631577469	0.001	0.011	1.4046754306178e-08	NMRK1	c18
6.80606889701803e-13	0.860667446905635	0.027	0.015	1.41334826715476e-08	LENG8	c18
6.81090823101225e-13	-1.81012961587783	0.005	0.018	1.414353203252e-08	IDH2	c18
7.18744638973764e-13	-0.2721743796565	0.193	0.236	1.49254511729292e-08	IFITM2	c18
7.26398197554079e-13	-2.88608893954597	0.001	0.012	1.5084384970408e-08	JMJD6	c18
7.65885199191077e-13	-1.43828779838591	0.009	0.024	1.59043720464019e-08	AIM1	c18
7.72319421835945e-13	-2.04304231034506	0.004	0.016	1.60379851138452e-08	RAB27A	c18
7.79825677669032e-13	-4.21307026215962	0	0.01	1.61938600224751e-08	RALGPS2	c18
7.8266923282833e-13	-2.04535691864017	0.004	0.016	1.62529092889131e-08	SDF4	c18
8.06114870502695e-13	1.12932903507728	0.016	0.007	1.6739781400859e-08	SQRDL	c18
8.09460436555948e-13	-1.12542725293641	0.014	0.03	1.68092554255208e-08	ST13	c18
8.17528403074106e-13	-1.44839374642529	0.008	0.023	1.69767948182369e-08	CFLAR	c18
8.26202549743074e-13	-4.19858525051011	0	0.01	1.71569221479647e-08	BCL2	c18
8.28056378378749e-13	-3.16044269406741	0.001	0.011	1.71954187534131e-08	SYNE1	c18
8.50921722913244e-13	-1.92488418971669	0.004	0.017	1.76702404980164e-08	MAX	c18
8.51121219171459e-13	-3.8279859849824	0.001	0.01	1.76743832373145e-08	RGL4	c18
8.81966060203027e-13	-0.670533300224442	0.048	0.074	1.83149072061761e-08	H2AFZ	c18
8.90120275150257e-13	0.688353938280629	0.041	0.026	1.84842376337702e-08	ATP5H	c18
8.94368216118179e-13	-1.22734542227423	0.012	0.028	1.85724503759101e-08	UFC1	c18
9.01141697273878e-13	-1.37148538171519	0.009	0.024	1.87131084855894e-08	HNRNPH3	c18
9.82838235565427e-13	-1.39568881013856	0.009	0.024	2.04096187997517e-08	DUT	c18
9.93180165674125e-13	-2.22413386389026	0.003	0.015	2.06243793203889e-08	SURF4	c18
1.01661521750461e-12	-1.15369607516959	0.014	0.03	2.11110316067008e-08	SLA	c18
1.10274829525186e-12	-3.81664844104812	0.001	0.01	2.28996710992e-08	TBCD	c18
1.16874424885675e-12	1.29674354567573	0.012	0.005	2.42701430717592e-08	MAP3K2	c18
1.1770962176157e-12	1.06839285516773	0.017	0.008	2.44435800550077e-08	CD300A	c18
1.18319119640395e-12	-2.56777209821099	0.002	0.013	2.45701483845244e-08	FAM173A	c18
1.18423377875056e-12	-3.14239265471069	0.001	0.011	2.45917986495341e-08	SRSF8	c18
1.41172318362057e-12	-1.09527806503743	0.015	0.032	2.93158436310648e-08	TRAM1	c18
1.43329001815567e-12	-1.65562063523716	0.006	0.019	2.97637005170206e-08	C9orf78	c18
1.46560729349889e-12	-4.69731271627098	0	0.01	3.04348010567979e-08	CD320	c18
1.59419799089543e-12	-0.656517203623376	0.047	0.071	3.31051154789344e-08	CKLF	c18
1.67469441875548e-12	-1.9062856535328	0.004	0.016	3.47767042998762e-08	SS18L2	c18
1.8853095952728e-12	-2.84141230994695	0.001	0.012	3.91503390554349e-08	PPM1K	c18
1.95069506771844e-12	-1.5078213606005	0.007	0.021	4.05081337762411e-08	XRCC6	c18
2.01285304911631e-12	-2.01213626875934	0.004	0.016	4.17989064179493e-08	IMP3	c18
2.03155115650604e-12	-1.03697029986462	0.016	0.034	4.21871913160044e-08	SF3B1	c18
2.07776423564805e-12	-4.14520092624674	0	0.01	4.31468521174674e-08	P2RY10	c18
2.11773252991247e-12	-1.31476881475499	0.01	0.025	4.39768337161624e-08	SLC3A2	c18
2.17448160169491e-12	-1.65523493946133	0.006	0.019	4.51552849407966e-08	PPP1R10	c18
2.17886717627087e-12	1.20122732359493	0.013	0.006	4.52463557824409e-08	MYD88	c18
2.3173165259848e-12	-2.30762020091032	0.003	0.014	4.81213949786003e-08	TIAL1	c18
2.33169680481439e-12	-1.37817323030389	0.009	0.023	4.84200158487757e-08	DCXR	c18
2.35755905036226e-12	0.670832094023347	0.042	0.026	4.89570712398227e-08	STAT1	c18
2.42852235116374e-12	-3.50252446917402	0.001	0.01	5.04306951442662e-08	PITPNC1	c18
2.4332483767082e-12	-3.77917373562946	0.001	0.01	5.05288357907224e-08	TARSL2	c18
2.45907339689603e-12	-2.96073343755518	0.001	0.011	5.10651181599429e-08	PITHD1	c18
2.53009105738005e-12	-1.34325650498157	0.009	0.024	5.25398708975542e-08	PSMD8	c18
2.53009142353321e-12	0.480469312164669	0.078	0.056	5.25398785010906e-08	NDUFA11	c18
2.59489249180683e-12	-1.44216669483055	0.008	0.022	5.38855374848606e-08	IFRD1	c18
2.67112493597779e-12	-2.4426825325938	0.002	0.013	5.54685804205148e-08	NOP58	c18
2.69298008775981e-12	-4.13001452243206	0	0.01	5.59224245024203e-08	COQ10B	c18
2.79328426098885e-12	-3.10293636581399	0.001	0.011	5.80053409636945e-08	TOPORS-AS1	c18
2.8669754347175e-12	-2.60858484616251	0.002	0.012	5.95356118773436e-08	RNF187	c18
2.90688890306363e-12	1.08267390092409	0.016	0.008	6.03644549610193e-08	SPG21	c18
2.9163095079109e-12	-2.96779761612501	0.001	0.011	6.05600832412777e-08	SESN1	c18
2.93398608034401e-12	-3.76449715899702	0.001	0.01	6.09271549444236e-08	DDTL	c18
3.04200641266732e-12	-1.02970673484565	0.016	0.033	6.31703051654495e-08	PAIP2	c18
3.0855187750749e-12	-1.44384249364934	0.008	0.022	6.40738828832054e-08	AAK1	c18
3.10669756230175e-12	-1.24978348901168	0.011	0.026	6.45136815787581e-08	AUP1	c18
3.16067518554891e-12	-1.99307793294366	0.004	0.015	6.56345809031087e-08	FNBP4	c18
3.40683493913635e-12	-1.44448890951178	0.008	0.022	7.07463343461054e-08	SUMO1	c18
3.45177045371717e-12	-2.70178762826943	0.002	0.012	7.16794652418908e-08	RNF145	c18
3.5256386356363e-12	-2.80935808478075	0.001	0.012	7.32134119076234e-08	ZRANB2	c18
3.55360787506073e-12	-1.84828306706524	0.004	0.016	7.37942211335111e-08	IDI1	c18
3.55425176646635e-12	-1.84783758457262	0.004	0.016	7.38075921824403e-08	RHBDD2	c18
3.64057878375895e-12	1.14879369751358	0.014	0.007	7.56002590235383e-08	PTPN18	c18
3.72834096169929e-12	-0.645180277389594	0.044	0.068	7.74227284106474e-08	STK17B	c18
3.73169087967442e-12	-1.27729906697458	0.01	0.025	7.74922928073191e-08	RNPS1	c18
4.07297773256126e-12	-3.47466269381951	0.001	0.01	8.45794555943671e-08	PDE3B	c18
4.11182102166566e-12	-1.01799359410817	0.016	0.033	8.53860753359091e-08	NDUFB4	c18
4.35017498693945e-12	-2.93212565846806	0.001	0.011	9.03357337787846e-08	GRAMD1A	c18
4.45985558362911e-12	-2.23008442855375	0.003	0.014	9.2613361049642e-08	TMEM134	c18
4.71713499311175e-12	-3.7376970996533	0.001	0.01	9.79560252669586e-08	CCSER2	c18
4.77304569865084e-12	0.875861519779098	0.034	0.02	9.91170669781834e-08	CH25H	c18
4.83028997018021e-12	-1.34556000248454	0.009	0.023	1.00305801520762e-07	PSTPIP1	c18
4.9548832651844e-12	0.714763714204572	0.036	0.022	1.02893105884819e-07	ARPC4	c18
5.06841182753183e-12	-3.73994955138468	0.001	0.01	1.05250640010526e-07	OFD1	c18
5.2238393182814e-12	-2.48406499495172	0.002	0.012	1.08478247283432e-07	RN7SL1	c18
5.22575591634246e-12	0.979923144793478	0.02	0.01	1.08518047358767e-07	SLIRP	c18
5.23278716214781e-12	-1.60382506223212	0.007	0.021	1.08664058209161e-07	TMEM107	c18
5.25532429868766e-12	-0.589066876574217	0.049	0.074	1.09132064386548e-07	COX6C	c18
5.40786713028668e-12	0.702741449640148	0.037	0.023	1.12299768827533e-07	LAPTM4A	c18
5.60406619022096e-12	-0.757406158290229	0.03	0.051	1.16374038506128e-07	DRAP1	c18
5.69952586064227e-12	-2.4105575781206	0.002	0.013	1.18356354022097e-07	RNF114	c18
5.72397812659507e-12	-0.800640243061837	0.027	0.047	1.18864129776873e-07	MYH9	c18
5.77855117930266e-12	-2.41287609214453	0.002	0.013	1.19997393789399e-07	FDFT1	c18
5.80286089473627e-12	-1.86239284710262	0.004	0.016	1.20502209340093e-07	MAF1	c18
6.018782616114e-12	-2.10537878970628	0.003	0.014	1.24986039806223e-07	LSM14A	c18
6.04140606492132e-12	-3.07873401748837	0.001	0.011	1.25455838344156e-07	PTPRA	c18
6.05369196382788e-12	-3.29569255277419	0.001	0.01	1.2571096732085e-07	SMIM14	c18
6.26923425295962e-12	-2.15432492983824	0.003	0.014	1.3018691849696e-07	RABGGTB	c18
6.29203136748391e-12	-1.85963346779621	0.004	0.016	1.30660323377171e-07	HAX1	c18
6.35154836199968e-12	-2.1601411904005	0.003	0.014	1.31896253285285e-07	TRAPPC6A	c18
6.38513065244342e-12	-1.48130596745012	0.007	0.02	1.3259362312864e-07	BCAS2	c18
6.85645681580251e-12	-3.72183069419428	0.001	0.01	1.42381182236955e-07	RALGAPA1	c18
6.94638906250347e-12	1.27302930693976	0.011	0.005	1.44248715271947e-07	SPTLC2	c18
7.27735623814381e-12	-2.77917373562946	0.001	0.011	1.51121579641294e-07	LINC00674	c18
7.69324290348829e-12	-2.14746516166974	0.006	0.018	1.59757882133838e-07	STMN1	c18
7.74788765924833e-12	-1.01425651237005	0.016	0.032	1.60892635131951e-07	NDUFB10	c18
7.91787249685848e-12	-3.71038975365756	0.001	0.01	1.64422540269763e-07	IPCEF1	c18
8.02900141651498e-12	-2.90293910821202	0.001	0.011	1.6673024341535e-07	MED30	c18
8.08441199268828e-12	0.890019387466171	0.023	0.012	1.67880899440165e-07	ADRBK1	c18
8.38652673572623e-12	-2.5611994442875	0.002	0.012	1.74154614194091e-07	GOLGA7	c18
8.45434742974254e-12	-1.42135003702924	0.008	0.021	1.75562978726033e-07	CDC42SE1	c18
8.66894265918518e-12	-0.36360611924444	0.133	0.168	1.8001926326064e-07	RPL27A	c18
8.87388960111319e-12	-2.55810817453635	0.002	0.012	1.84275191456717e-07	ZBTB38	c18
9.21313611814043e-12	-1.20499083606357	0.011	0.026	1.91319984629304e-07	SNRPF	c18
9.27028084733454e-12	-1.02712656531796	0.015	0.032	1.92506652075749e-07	MATR3	c18
9.39173454754926e-12	0.921265982511633	0.021	0.011	1.95028759614408e-07	MXD1	c18
9.39851018404234e-12	-1.95714223693941	0.004	0.015	1.95169462481823e-07	SF3A2	c18
9.67489103451243e-12	-1.84761479173134	0.004	0.016	2.00908787222685e-07	ANKRD10	c18
9.83468762031688e-12	-1.69563304008676	0.005	0.017	2.042271231235e-07	PSMC5	c18
1.0012290164402e-11	-1.32490204898542	0.009	0.023	2.07915217553972e-07	LSM8	c18
1.01056815619717e-11	-1.66790876949644	0.005	0.018	2.09854583315904e-07	STRAP	c18
1.05881004997124e-11	0.95588124767307	0.018	0.009	2.19872494977028e-07	SOX4	c18
1.06990694932668e-11	-0.682021917324184	0.036	0.058	2.22176877097179e-07	NDUFS5	c18
1.10206996678312e-11	-3.70501943887566	0.001	0.01	2.28855849302182e-07	UBE2S	c18
1.27299652016406e-11	-1.42930216041963	0.008	0.021	2.64350457377269e-07	NAA10	c18
1.3206818568794e-11	-2.24245871813899	0.003	0.013	2.74252794399576e-07	STRA13	c18
1.38818737633194e-11	-1.61011547800468	0.006	0.018	2.88270990569091e-07	PSMA5	c18
1.48151373815865e-11	-2.87178110286209	0.001	0.011	3.07651142866025e-07	NGRN	c18
1.50335169841826e-11	-1.75275760835547	0.005	0.017	3.12186013693535e-07	GCHFR	c18
1.51644857519201e-11	-3.2000403137105	0.001	0.01	3.14905711124373e-07	NDNL2	c18
1.52165613293611e-11	-2.76154384160767	0.001	0.011	3.15987112565513e-07	ALG13	c18
1.54806782264207e-11	-3.41200708596974	0.001	0.01	3.21471764049853e-07	ABCD4	c18
1.55642010001148e-11	-1.96456299756906	0.004	0.015	3.23206197968384e-07	MYC	c18
1.63938721997433e-11	-1.2728110509239	0.01	0.024	3.4043515009987e-07	UBXN4	c18
1.69381243413594e-11	-2.03099529601066	0.003	0.014	3.5173709007267e-07	YPEL3	c18
1.72544790549448e-11	-3.18615760046959	0.001	0.01	3.58306512054983e-07	CASP8	c18
1.79177656264433e-11	-1.73100244707929	0.005	0.016	3.72080320998721e-07	GPS2	c18
1.83905910327005e-11	-3.40369617246536	0.001	0.01	3.81899013385059e-07	THAP3	c18
1.89318048644573e-11	-2.01333154226673	0.003	0.014	3.93137859815321e-07	ACP1	c18
1.92703853293783e-11	-2.52619299445959	0.002	0.012	4.00168821749869e-07	WDR33	c18
1.99740530819976e-11	-2.6258720867044	0.002	0.011	4.14781186300762e-07	DNAJB14	c18
2.23994005828464e-11	-0.783114881720508	0.027	0.046	4.65145952503389e-07	POLD4	c18
2.35743662452678e-11	-2.10364208941249	0.003	0.013	4.89545289449232e-07	DNAJA2	c18
2.45080716268972e-11	-3.38462776057748	0.001	0.01	5.08934615404148e-07	ZFAND2B	c18
2.49690115101282e-11	-1.71797069480929	0.005	0.016	5.18506493019322e-07	FGFR1OP2	c18
2.52199821217642e-11	-3.38616254268062	0.001	0.01	5.23718148740556e-07	AMZ2	c18
2.52199821217642e-11	-3.38616254268062	0.001	0.01	5.23718148740556e-07	SLAMF1	c18
2.83678053567769e-11	0.262475740294299	0.201	0.167	5.89085846038829e-07	ATP5L	c18
2.87288138401103e-11	-1.45003890685068	0.007	0.02	5.9658254820373e-07	STAT3	c18
2.90259279777825e-11	-1.75012824920211	0.005	0.016	6.02752420386631e-07	MACF1	c18
3.1209591694693e-11	-0.875587456772195	0.021	0.038	6.48098381131995e-07	PPP1R18	c18
3.17711395580403e-11	-0.796256211933364	0.025	0.044	6.59759484062265e-07	TRAPPC1	c18
3.3597708060723e-11	-1.99333034210519	0.003	0.014	6.97690005588973e-07	TMEM50B	c18
3.45252095377181e-11	-1.99333034210519	0.003	0.014	7.16950501260254e-07	COMMD7	c18
4.01628431856305e-11	-1.70755080779895	0.005	0.016	8.34021601592803e-07	BUD31	c18
4.06834536640914e-11	-2.26483894598612	0.002	0.012	8.44832598788522e-07	SRRT	c18
4.40860966885184e-11	-2.58636176601693	0.002	0.011	9.15491883833773e-07	PUF60	c18
4.49764202802942e-11	-1.17036449295394	0.011	0.025	9.33980343540589e-07	MRPL57	c18
5.15252601763933e-11	-1.01496470689375	0.059	0.084	1.06997355282298e-06	SSR4	c18
5.26381020582923e-11	-0.770222471395693	0.026	0.045	1.0930828273425e-06	ABRACL	c18
5.33338881033667e-11	0.628525374190741	0.041	0.027	1.10753152035451e-06	DEK	c18
5.39552813752547e-11	-1.01965478473435	0.015	0.03	1.12043537303854e-06	FKBP8	c18
5.94112315074782e-11	-1.89073032169684	0.004	0.014	1.23373363348429e-06	GSDMD	c18
5.9958521546189e-11	-3.11851888359423	0.001	0.01	1.24509865842816e-06	SUMO1P3	c18
6.32361462032056e-11	-1.77429811408842	0.004	0.015	1.31316181205577e-06	OCIAD1	c18
7.37564156603766e-11	-1.37402249421677	0.008	0.02	1.53162572760338e-06	RSRC2	c18
8.12632076554055e-11	0.428018381743638	0.084	0.063	1.68751177017215e-06	TMBIM6	c18
8.24347109600955e-11	-2.16052810865202	0.003	0.012	1.71183920779734e-06	WHSC1L1	c18
8.25346873461149e-11	-1.76744444304735	0.004	0.015	1.71391531742942e-06	CHMP4A	c18
8.7384864401302e-11	-2.37512702026859	0.002	0.011	1.81463409415744e-06	ARAP2	c18
9.0597826117389e-11	0.972796283151714	0.018	0.009	1.8813544571537e-06	LAIR1	c18
9.51336183513283e-11	-0.809159462209925	0.023	0.041	1.97554471868368e-06	LCP2	c18
9.84404120391515e-11	-1.59368679696178	0.005	0.017	2.04421359640502e-06	POLR2G	c18
1.07680228673787e-10	-2.22005370851035	0.002	0.012	2.23608762863985e-06	RPAIN	c18
1.1228243543809e-10	0.717790676589434	0.032	0.019	2.33165705430737e-06	SET	c18
1.14871151577067e-10	-0.664237816420879	0.034	0.054	2.38541433364937e-06	MORF4L1	c18
1.16403815170746e-10	-2.15333559666668	0.003	0.012	2.41724162583571e-06	CMC2	c18
1.16771570595878e-10	-2.44082465283527	0.002	0.011	2.42487843499401e-06	LRP10	c18
1.30524068138784e-10	-1.40377388503727	0.007	0.019	2.71046279896998e-06	DDOST	c18
1.33713104917894e-10	-2.14308442889843	0.003	0.012	2.77668633672499e-06	TAP2	c18
1.50981124191258e-10	-0.326230778507984	0.147	0.18	3.13527402495567e-06	COX7C	c18
1.5336737298737e-10	0.430860477150879	0.08	0.059	3.18482686745572e-06	PRR13	c18
1.56282177250008e-10	-1.4915365123839	0.006	0.018	3.24535569277367e-06	C7orf50	c18
1.56834313195128e-10	-2.42801260052069	0.002	0.011	3.25682134781002e-06	ARL6IP6	c18
1.57596218303444e-10	1.11029980690165	0.013	0.006	3.27264306928931e-06	LAT2	c18
1.75112246326762e-10	-2.02121220897128	0.003	0.013	3.63638090722154e-06	VOPP1	c18
1.79535436901253e-10	0.795414170410204	0.025	0.015	3.72823288269142e-06	YWHAE	c18
1.80830302695266e-10	-2.51800719869668	0.002	0.011	3.7551220657699e-06	SYNRG	c18
1.87679748244216e-10	-1.96865153449317	0.003	0.013	3.89735765203938e-06	SRSF1	c18
1.91964876313142e-10	-1.61917527608881	0.005	0.016	3.9863426215187e-06	PNRC2	c18
1.92467585612546e-10	-2.63170640396509	0.001	0.01	3.99678188283012e-06	PHYKPL	c18
2.02846514603524e-10	-2.74966974131938	0.001	0.01	4.21231072225678e-06	DNAJC19	c18
2.09554921199118e-10	-2.62377750793973	0.001	0.01	4.35161749362089e-06	VPS37B	c18
2.15631332427876e-10	-2.61798354416476	0.001	0.01	4.47780024919727e-06	ATG12	c18
2.18676120703843e-10	1.10549882063783	0.013	0.006	4.54102832253601e-06	PICALM	c18
2.2146103270571e-10	-1.99127117623803	0.003	0.012	4.59885980516677e-06	PDCL3	c18
2.24082093816309e-10	-2.73994955138468	0.001	0.01	4.65328876018947e-06	PHTF2	c18
2.31152412387486e-10	1.08559329433728	0.014	0.007	4.80011099563853e-06	IL1R2	c18
2.31784500377349e-10	1.02562397150593	0.016	0.008	4.81323693483604e-06	CX3CR1	c18
2.60908339046864e-10	-2.49756309592959	0.002	0.01	5.41802256864718e-06	UFD1L	c18
2.62029138190239e-10	-2.244759840771	0.002	0.011	5.4412970836585e-06	POLR2F	c18
2.72103329149954e-10	-1.12256221872836	0.011	0.024	5.65049773312794e-06	EIF1B	c18
2.73854657275931e-10	-1.53214091681355	0.006	0.017	5.68686581299199e-06	RBBP4	c18
2.82930877258008e-10	-2.32332736018313	0.002	0.011	5.87534259713979e-06	OTUD6B-AS1	c18
2.85062592126371e-10	-2.05420491875641	0.003	0.012	5.91960978809622e-06	SARS	c18
2.90266303113738e-10	-1.94859388215192	0.003	0.013	6.02767005045989e-06	MPC2	c18
2.90288719716812e-10	-2.59751944160504	0.001	0.01	6.02813555363932e-06	RBM4	c18
2.96322547547261e-10	-1.35780663341393	0.007	0.019	6.15343402236642e-06	ATP1A1	c18
3.02841383242053e-10	-2.59751944160504	0.001	0.01	6.28880416440448e-06	SAP30BP	c18
3.14041085751453e-10	-1.21535749825151	0.009	0.022	6.52137718671468e-06	BCLAF1	c18
3.27587697689383e-10	-1.22682357809911	0.009	0.022	6.80268613021773e-06	DNPH1	c18
3.31772938210964e-10	-1.46316026581257	0.006	0.017	6.88959683488889e-06	LPXN	c18
3.35256147806108e-10	-1.48771884664495	0.006	0.017	6.96192916534164e-06	RNF166	c18
3.39352100266968e-10	-0.872226431424763	0.019	0.034	7.04698571414385e-06	COX17	c18
3.47432675125252e-10	-2.18903503624426	0.002	0.011	7.21478693165098e-06	GOLPH3	c18
3.4832206425481e-10	-1.6838040916581	0.004	0.015	7.23325598631538e-06	PRPF4B	c18
3.59690492666831e-10	-1.28293332205885	0.008	0.02	7.46933277071941e-06	APBB1IP	c18
3.617584691974e-10	0.495300658138659	0.049	0.033	7.5122763713532e-06	LMNA	c18
3.66052755339079e-10	-0.731002447079293	0.026	0.044	7.60145151737131e-06	EIF4B	c18
3.70320983287564e-10	-1.44971633668928	0.006	0.017	7.69008553894954e-06	LINC00116	c18
3.86116991802774e-10	-1.93933096082295	0.003	0.013	8.01810545177641e-06	COPS6	c18
4.01087178852634e-10	-2.71115531220081	0.001	0.01	8.3289763560538e-06	DUSP16	c18
4.18667805302962e-10	-2.70040034728557	0.001	0.01	8.69405564492131e-06	SMNDC1	c18
4.23413241850948e-10	-1.05011534401694	0.013	0.026	8.79259938027679e-06	C16orf13	c18
4.38762320227273e-10	-0.751843850415367	0.025	0.042	9.11133834183956e-06	RNF213	c18
4.75286781746623e-10	-2.37137488540749	0.002	0.01	9.86980530975037e-06	CCT7	c18
5.14081645306561e-10	1.04970625815198	0.014	0.007	1.0675419446436e-05	HIPK3	c18
5.67232002904177e-10	0.938958116661171	0.017	0.009	1.17791397723082e-05	TIMM13	c18
5.83892749016343e-10	-1.01650789624039	0.013	0.027	1.21251168260734e-05	UBE2B	c18
5.88389965449781e-10	-1.12152828553198	0.011	0.024	1.22185060225302e-05	OTUB1	c18
6.15220852939942e-10	-0.979483771783055	0.014	0.027	1.27756762321508e-05	COX14	c18
6.21090607471046e-10	-1.92003627146931	0.003	0.012	1.28975675547437e-05	NCF1B	c18
6.44885264422697e-10	-1.5497821736233	0.005	0.016	1.33916874010017e-05	PPP2R1A	c18
6.74356439026017e-10	-2.19847326176246	0.002	0.011	1.40036858128143e-05	FAM162A	c18
6.83919867639232e-10	-2.19510955065395	0.002	0.011	1.42022799713963e-05	NUDT21	c18
6.84548816599105e-10	-1.46016312412439	0.006	0.017	1.4215340725497e-05	RABGAP1L	c18
7.07490112708469e-10	-0.6622284997253	0.038	0.057	1.46917396805041e-05	SQSTM1	c18
7.09985486888387e-10	-1.33264368894708	0.007	0.019	1.47435586207242e-05	TMEM230	c18
7.39517566834487e-10	-1.04809510287257	0.012	0.025	1.5356821792885e-05	CHURC1	c18
7.60342600849176e-10	1.08173065470488	0.013	0.006	1.5789274449234e-05	FAM45A	c18
7.83864623711664e-10	-0.602722402214105	0.038	0.058	1.62777327759964e-05	ERP29	c18
7.95082213582594e-10	-1.39897376222296	0.006	0.017	1.65106772472561e-05	IK	c18
8.04813232554288e-10	-2.43813681779439	0.002	0.01	1.67127515872223e-05	SBDSP1	c18
8.75683660249823e-10	-2.4336909127632	0.002	0.01	1.81844468887478e-05	SMARCB1	c18
9.44060108737131e-10	-1.35890070585401	0.007	0.018	1.96043522180353e-05	RBBP6	c18
9.47580578465931e-10	-0.70513899664325	0.033	0.051	1.96774582924235e-05	SELL	c18
9.63361185929779e-10	0.743376157923131	0.027	0.016	2.00051583870178e-05	METTL9	c18
9.84541715966339e-10	-1.6757737446769	0.004	0.014	2.0444993273757e-05	MAGOH	c18
1.01701651917225e-09	0.71916057532017	0.028	0.017	2.1119365037131e-05	RILPL2	c18
1.07066973594208e-09	-0.492775933644534	0.934	0.832	2.22335277365732e-05	RNR2	c18
1.1048263675691e-09	-1.24056636872071	0.008	0.02	2.294282434894e-05	LMAN2	c18
1.21565613280023e-09	-1.94117466080664	0.003	0.012	2.52443152537295e-05	GABPB1-AS1	c18
1.26346863749492e-09	-1.63299972098661	0.004	0.014	2.62371897262195e-05	MGEA5	c18
1.26444769170945e-09	-1.62833834361674	0.004	0.014	2.62575207660385e-05	EPS15	c18
1.28524860616748e-09	-1.50511649036122	0.005	0.016	2.66894725556738e-05	TRA2A	c18
1.36486623770276e-09	-1.57476820841304	0.005	0.015	2.83428122921356e-05	CGGBP1	c18
1.38179722290562e-09	-1.83731713886845	0.003	0.012	2.8694401130858e-05	PPP6C	c18
1.39745190128775e-09	-1.30969941076807	0.007	0.019	2.90194861821414e-05	PTGER2	c18
1.66692255404452e-09	-1.97864739771712	0.003	0.012	3.46153137572884e-05	C19orf24	c18
1.69043563258796e-09	-1.9741897180346	0.003	0.012	3.51035863463216e-05	MPG	c18
1.69465821240825e-09	-1.236420749437	0.008	0.019	3.51912724388698e-05	RAB1B	c18
1.72188746059008e-09	0.29511205522802	0.127	0.102	3.57567150066137e-05	MCL1	c18
1.78203001414234e-09	-2.24090447035635	0.002	0.01	3.70056352736798e-05	STARD3NL	c18
1.93947887960995e-09	0.786174992837089	0.023	0.013	4.02752184139803e-05	POLE4	c18
1.97862438916864e-09	-2.39075711675787	0.002	0.01	4.10881140654761e-05	AKIRIN1	c18
1.98717475923167e-09	-1.44781473169675	0.006	0.016	4.12656710502049e-05	TNRC6B	c18
2.06485048021857e-09	0.734565268318493	0.026	0.016	4.28786850722187e-05	ARL4A	c18
2.1157624640927e-09	-1.24135421830745	0.008	0.019	4.3935923329349e-05	TMCO1	c18
2.1355215421617e-09	0.918619644183162	0.012	0.006	4.43462403445298e-05	IL10	c18
2.20903186895169e-09	-1.22617402318349	0.008	0.019	4.58727557906508e-05	TAF1D	c18
2.24609381278944e-09	-1.43465099298556	0.006	0.016	4.66423841163855e-05	PIM3	c18
2.29917839480517e-09	-1.21451079651883	0.008	0.02	4.77447385465242e-05	ATRAID	c18
2.30355980289413e-09	-1.90510540609912	0.003	0.012	4.78357228668995e-05	PSMF1	c18
2.35652659624817e-09	1.18701477304246	0.01	0.005	4.89356312976894e-05	DICER1	c18
2.38178975429492e-09	0.228725834388216	0.185	0.155	4.94602460376884e-05	CLIC1	c18
2.40337196834861e-09	-1.43952335806536	0.006	0.016	4.99084222947272e-05	NXT1	c18
2.42884287339702e-09	-1.32981312697349	0.007	0.017	5.04373511089625e-05	GPI	c18
2.48187075828177e-09	0.879359030777708	0.018	0.01	5.15385281664793e-05	USP3	c18
2.50854716106686e-09	-0.713097676565638	0.025	0.042	5.20924903467144e-05	SEPT9	c18
2.51507329010835e-09	-1.42122343485805	0.006	0.016	5.222801194239e-05	NKTR	c18
2.58302627378178e-09	-1.4130340370447	0.006	0.016	5.36391236013525e-05	PDCD6	c18
2.58826962991683e-09	-2.11909584622575	0.003	0.011	5.37480071348529e-05	GADD45G	c18
2.75022813027265e-09	-0.957063560217962	0.014	0.027	5.71112373532419e-05	PHB2	c18
2.7832051935219e-09	-2.20439671875464	0.002	0.01	5.77960390486759e-05	B3GAT3	c18
2.829392043045e-09	-1.84637642681334	0.003	0.012	5.87551551658725e-05	ARIH2	c18
2.83479274375688e-09	-0.889442545979015	0.026	0.043	5.88673061168554e-05	MTRNR2L2	c18
2.83980956213007e-09	-0.891937122716631	0.016	0.03	5.89714853671931e-05	ERH	c18
3.09657942384116e-09	-2.12188863197938	0.002	0.01	6.43035683154855e-05	CARHSP1	c18
3.15735474764175e-09	-1.05362119819001	0.011	0.023	6.55656286895285e-05	SELT	c18
3.16588043961591e-09	-2.16694109143042	0.002	0.01	6.57426732090639e-05	TRAF1	c18
3.29446935110329e-09	0.389782363801358	0.084	0.064	6.84129505450109e-05	USMG5	c18
3.53054822005848e-09	-1.65156567762439	0.004	0.013	7.33153643377344e-05	NUDC	c18
3.83201364758236e-09	-1.99269418642168	0.003	0.011	7.95755954056952e-05	C6orf1	c18
3.84343707989013e-09	-1.18648560817798	0.008	0.02	7.98128144009984e-05	SF3B2	c18
3.96064092753767e-09	-1.88225538093719	0.003	0.012	8.22466695012472e-05	TEX264	c18
4.02134281331243e-09	-2.12754626684131	0.002	0.01	8.3507204861246e-05	LMAN1	c18
4.44357000359172e-09	-1.79050345882795	0.003	0.012	9.22751746945857e-05	FLJ10038	c18
4.47434879156088e-09	-1.87520062340324	0.003	0.011	9.29143270055531e-05	OGT	c18
4.81517547042601e-09	-1.40917919540559	0.006	0.016	9.99919338188665e-05	CYTH1	c18
4.85834434320798e-09	0.403869346635296	0.074	0.056	0.000100888378631057	NDUFB2	c18
4.89325075952768e-09	-1.79402371500307	0.003	0.011	0.000101613245272352	CPNE1	c18
4.9195738500739e-09	-2.17362196540597	0.002	0.01	0.000102159870570635	RNF125	c18
5.08966972569462e-09	-1.38725449907363	0.006	0.016	0.000105692081523774	UBE2L3	c18
5.23795214565161e-09	-0.923898074378239	0.014	0.027	0.000108771314256601	MRPL41	c18
5.25963964655641e-09	0.942220527229176	0.013	0.007	0.00010922167690039	TRIB1	c18
5.26164774544755e-09	-1.24302348426125	0.008	0.018	0.000109263377081964	C1orf86	c18
5.34776583579619e-09	-2.16545224192688	0.002	0.01	0.000111051705346144	EMC4	c18
5.74233466301736e-09	-1.54505202171091	0.005	0.014	0.000119245321612218	POLR2J	c18
5.76121528466961e-09	-1.52010566458067	0.004	0.013	0.000119637396601449	ILF3-AS1	c18
5.94516940688551e-09	-1.85968762403191	0.003	0.011	0.000123457387903385	CCNDBP1	c18
6.13333847600614e-09	-1.01456192837327	0.011	0.023	0.000127364906792743	NUCKS1	c18
6.4234442466204e-09	-0.944689427696003	0.013	0.026	0.000133389243225319	BSG	c18
6.42428706137601e-09	-0.553802055055453	0.042	0.061	0.000133406745116534	PLP2	c18
6.59636043814085e-09	-0.678733834508431	0.026	0.042	0.000136980020858433	LSM7	c18
6.69692186424372e-09	0.954454647162205	0.015	0.008	0.000139068279432885	DOCK2	c18
6.78383293996653e-09	-1.69351765108475	0.004	0.012	0.000140873074831345	MEA1	c18
6.97331256708773e-09	-0.679900934457067	0.027	0.043	0.000144807808768144	VPS28	c18
6.98882595660688e-09	-1.65677710426973	0.004	0.013	0.000145129959814898	CYLD	c18
7.7753873399321e-09	-2.14897268013595	0.002	0.01	0.00016146369350103	RNF126	c18
7.78752360580984e-09	-1.85056073838583	0.003	0.011	0.000161715715198247	FAM50A	c18
7.84461854862929e-09	0.767259352853734	0.029	0.018	0.000162901348780836	PPA1	c18
8.08286815193793e-09	-1.64575303865385	0.004	0.013	0.000167848840043143	PNN	c18
8.11824960685855e-09	-1.58736282656887	0.004	0.013	0.000168583571336025	SSNA1	c18
8.33645080590412e-09	-2.13914553418419	0.002	0.01	0.000173114737435405	SPTAN1	c18
8.59428239944997e-09	-1.3709051816622	0.006	0.016	0.000178468868306978	R3HDM4	c18
8.63721969538321e-09	-1.50218375658341	0.005	0.014	0.000179360504194328	ACTN4	c18
8.96190952340623e-09	-0.89423487663121	0.015	0.028	0.000186103013163054	TCEA1	c18
9.04032740566572e-09	0.789476109956091	0.021	0.012	0.000187731438906054	TM9SF2	c18
9.68025995702591e-09	-0.789558217777265	0.018	0.032	0.0002010202782676	SELPLG	c18
9.8550759855501e-09	-0.979058757556339	0.012	0.024	0.000204650507915933	DNAJB6	c18
9.87541571853817e-09	-0.690754607682848	0.025	0.041	0.000205072882811164	CALM3	c18
9.93155666215239e-09	-1.22711258029285	0.008	0.018	0.000206238705646256	MAF	c18
1.00005517306313e-08	0.596479540955582	0.038	0.025	0.000207671457238289	ATP5F1	c18
1.00483959384898e-08	-1.74904207324731	0.003	0.012	0.00020866499005868	LMBRD1	c18
1.05219330619048e-08	-1.99355747259936	0.002	0.01	0.000218498461963514	C17orf89	c18
1.07518929498295e-08	0.966338219410603	0.014	0.007	0.000223273808996159	GNA13	c18
1.08010627203265e-08	-1.14141928570431	0.009	0.019	0.0002242948684503	RPS19BP1	c18
1.08661553935997e-08	-1.34789689187348	0.006	0.016	0.000225646582903492	ICAM2	c18
1.11204456063637e-08	-1.93374452580437	0.003	0.011	0.000230927173461748	B3GNT2	c18
1.11488094772615e-08	-2.12772271092407	0.002	0.01	0.000231516177604813	GLS	c18
1.12703878297409e-08	-1.98707019943115	0.002	0.01	0.000234040873672399	PPP1R7	c18
1.13050199094625e-08	-1.49060423768853	0.005	0.014	0.000234760043439898	LINC01420	c18
1.14016105678566e-08	-1.70505989186095	0.003	0.011	0.000236765845052109	COX20	c18
1.1671335408746e-08	-0.837802614246832	0.016	0.029	0.00024236695109802	DYNLT1	c18
1.27302026956965e-08	0.857066868363618	0.018	0.01	0.000264355389178834	UQCRC1	c18
1.31224647723002e-08	-1.35484357785379	0.006	0.015	0.000272501103461586	DCTN3	c18
1.31758937990727e-08	0.625870579200146	0.033	0.022	0.000273610610631543	H1FX	c18
1.34661354252426e-08	-0.686409929374869	0.031	0.048	0.000279637768240589	SOCS3	c18
1.35703875765067e-08	-1.58336895326201	0.004	0.012	0.000281802668413738	DUSP5	c18
1.36475381889436e-08	-1.26806578719654	0.007	0.017	0.000283404778031603	TMED9	c18
1.38334572551372e-08	-1.98345351405526	0.002	0.01	0.000287265573360179	GDI1	c18
1.39058695222343e-08	-1.43020638798975	0.005	0.014	0.000288769286498717	ADD3	c18
1.39214332631378e-08	-1.39132424779639	0.006	0.015	0.000289092483142319	PAFAH1B1	c18
1.50917481915767e-08	-1.8635410326315	0.003	0.011	0.000313395242946282	PSMD13	c18
1.56271513006483e-08	-1.91897637546898	0.003	0.01	0.000324513423909262	RGS14	c18
1.61620171990149e-08	-1.68629794714666	0.004	0.012	0.000335620449154742	CNPY2	c18
1.63774127666049e-08	-1.68567488730502	0.004	0.012	0.000340093353511318	PLEKHJ1	c18
1.71971810262441e-08	-1.90762210109561	0.003	0.01	0.000357116661190985	NDUFA5	c18
1.76835324502892e-08	-0.670321368643581	0.056	0.076	0.000367216234862704	HERPUD1	c18
1.76900040352169e-08	0.252431048254694	0.261	0.233	0.000367350623795313	HSP90AA1	c18
1.88039597097883e-08	-1.75825527159269	0.003	0.011	0.000390483027333464	SMARCA5	c18
1.89555221600267e-08	-1.96303079630187	0.002	0.01	0.000393630373175115	ANP32E	c18
1.99700711719536e-08	-1.67755052728965	0.004	0.012	0.000414698497956788	MDH1	c18
2.00533407408266e-08	-1.84691834226529	0.003	0.011	0.000416427673824006	CCT3	c18
2.06865115400329e-08	-1.07801750640292	0.01	0.02	0.000429576098640324	SIVA1	c18
2.14517594987472e-08	-1.84552443390479	0.003	0.011	0.000445467237750984	HSPB11	c18
2.21617727345258e-08	-1.05534419721279	0.01	0.021	0.000460211372605163	PPP1CC	c18
2.24679642181359e-08	-1.60319606406489	0.004	0.012	0.000466569744953811	PPM1G	c18
2.26431990966415e-08	-1.84412917747023	0.003	0.011	0.000470208672440858	SRP19	c18
2.31094657717101e-08	0.833204655874758	0.018	0.01	0.000479891166215331	MAP2K3	c18
2.4201867296794e-08	1.05964111249239	0.011	0.005	0.000502575976285225	MKNK2	c18
2.50660206779424e-08	-1.82149447052909	0.003	0.011	0.000520520985398152	MANF	c18
2.81641782336941e-08	-1.94529251906167	0.002	0.01	0.000584857325200891	KIF2A	c18
2.88132988364475e-08	0.956006031260238	0.013	0.007	0.000598336963637668	PARP14	c18
2.94010731189424e-08	-1.08706237724751	0.009	0.02	0.000610542684387959	RAD23A	c18
3.03609090483134e-08	-1.49926606096016	0.004	0.013	0.000630474637297276	CCDC59	c18
3.07945690093465e-08	-0.735141394749544	0.021	0.034	0.000639480020048089	NDUFB9	c18
3.17560763539777e-08	-0.695849723569512	0.024	0.038	0.000659446681566701	TMEM59	c18
3.53153292292893e-08	0.78389029492685	0.02	0.012	0.000733358126775421	CAPN2	c18
3.5557878858701e-08	-0.309081873619959	0.122	0.149	0.000738394912379784	COMMD6	c18
3.76822883677962e-08	-0.812020829276475	0.017	0.03	0.000782510400245657	BLOC1S1	c18
3.86344303444333e-08	-0.95786828107307	0.012	0.023	0.000802282580532501	PTP4A1	c18
3.91504938460059e-08	-1.64458769526182	0.004	0.011	0.000812999155206159	RAB8B	c18
4.23209856714889e-08	-0.553579191295408	0.036	0.053	0.000878837588454138	SON	c18
4.2406579179848e-08	-1.76223928391609	0.003	0.011	0.000880615023248724	SRSF4	c18
4.47186026174205e-08	-1.76640491252978	0.003	0.011	0.000928626501953354	MFNG	c18
4.56797541999205e-08	-1.86349512275096	0.003	0.01	0.000948585775715549	TXNL4A	c18
4.70640498939845e-08	-1.63751722201002	0.004	0.011	0.000977332060098483	SMIM7	c18
4.84609045063266e-08	-1.71684173705476	0.003	0.011	0.00100633914297838	MMP24-AS1	c18
5.01610848971497e-08	-1.80665447205157	0.003	0.01	0.00104164508897421	PDLIM2	c18
5.11389310543682e-08	-1.70732345060978	0.003	0.011	0.00106195104227501	MMADHC	c18
5.38194287094195e-08	1.02105994897182	0.011	0.006	0.0011176142565798	ARL8B	c18
5.63998566589009e-08	-0.452677169811764	0.052	0.071	0.00117119942337874	EIF3F	c18
5.74062799026596e-08	-1.79370250938204	0.003	0.01	0.00119209880845863	IER3IP1	c18
6.53903437444141e-08	-1.61870906343621	0.004	0.011	0.0013578958781965	PLA2G16	c18
6.64725808116635e-08	0.381078259473272	0.073	0.056	0.001380369613135	ATP6V0E1	c18
6.81887337616384e-08	-1.17554624984778	0.007	0.017	0.00141600724529418	TMEM14B	c18
7.03114902405967e-08	-1.08959803929187	0.008	0.018	0.00146008840633623	HP1BP3	c18
7.0708567973192e-08	-1.54630056790816	0.004	0.012	0.00146833412253131	G3BP1	c18
7.20830625840222e-08	-0.786536237117266	0.016	0.029	0.00149687687761981	NDUFA6	c18
7.64215123740408e-08	0.372517697690112	0.078	0.061	0.00158696912595933	UQCR10	c18
7.85055863656429e-08	-1.11497512296792	0.008	0.018	0.00163024700646894	TGIF1	c18
8.20565226713683e-08	0.661286421899091	0.026	0.016	0.00170398574979363	ACAP2	c18
8.21507217113922e-08	0.859902226745781	0.016	0.009	0.00170594188705877	OS9	c18
8.6630884415811e-08	-1.77657545479948	0.003	0.011	0.00179897694577873	MT1F	c18
8.75846823772609e-08	-1.05538707012823	0.009	0.019	0.0018187835142462	AMD1	c18
8.83409314072807e-08	-1.29330877664205	0.006	0.014	0.00183448778160359	LUC7L3	c18
9.39384380782767e-08	-1.29023812268208	0.006	0.014	0.00195072560513349	WTAP	c18
9.69420502747816e-08	-1.47165394394717	0.004	0.012	0.00201309861600611	ORMDL1	c18
1.02257230984551e-07	-1.76597155364848	0.003	0.01	0.00212347365862518	CBWD5	c18
1.09550389557958e-07	-0.90714351590599	0.012	0.023	0.00227492338956056	SNRPD3	c18
1.15160612080427e-07	-1.62932093860851	0.003	0.011	0.00239142527046215	ST3GAL1	c18
1.15275060901249e-07	-1.77185411038536	0.003	0.01	0.00239380191467534	NUCB2	c18
1.17127835810531e-07	-1.35382761846814	0.005	0.014	0.00243227663844149	STARD7	c18
1.17828806056871e-07	-0.70966557905574	0.02	0.033	0.00244683298657699	TOMM20	c18
1.20067030833855e-07	-1.31784258407668	0.005	0.014	0.00249331196229582	THRAP3	c18
1.20122259724971e-07	-1.00517741051829	0.01	0.02	0.00249445884544875	HMHA1	c18
1.23701915746524e-07	-0.40487934129665	0.062	0.082	0.00256879398239231	GPSM3	c18
1.25288321379852e-07	-1.43547091920849	0.004	0.012	0.002601737281774	RTF1	c18
1.26092606428135e-07	-1.16745610463891	0.007	0.016	0.00261843906508665	SNRPD1	c18
1.27119636261931e-07	0.930923330114766	0.013	0.007	0.00263976636661526	STX10	c18
1.28393241505573e-07	-0.451972814701783	0.05	0.068	0.00266621405310472	APRT	c18
1.42908206309807e-07	-1.69753997318132	0.003	0.01	0.00296763181222945	VDAC3	c18
1.44881351776095e-07	-1.3342210420831	0.005	0.013	0.00300860615098239	NOL7	c18
1.49790925792131e-07	-1.61630199213865	0.003	0.011	0.0031105583649994	ZNF292	c18
1.50891084346739e-07	0.348366454195133	0.082	0.065	0.00313340425754438	H3F3AP4	c18
1.69868486530411e-07	-1.68878749917235	0.003	0.01	0.0035274889912905	MRPL34	c18
1.77957309989192e-07	0.625868285076775	0.026	0.017	0.00369546149923556	MAT2A	c18
1.81169851904523e-07	-1.05839684619835	0.008	0.018	0.00376217314464932	MIEN1	c18
1.88920266702409e-07	-1.68292287710914	0.003	0.01	0.00392311825834222	EMC6	c18
1.89391671809164e-07	-1.72713890795472	0.003	0.01	0.0039329074567891	CYB5R3	c18
1.8954522964988e-07	-0.834607303797392	0.014	0.025	0.00393609623890941	MRPL33	c18
2.05057599362809e-07	-0.356076802564156	0.077	0.099	0.00425822610836809	DAZAP2	c18
2.15772227742008e-07	-1.67408100035733	0.003	0.01	0.00448072608129054	LOC283788	c18
2.36332212364753e-07	0.477222452266575	0.042	0.03	0.00490767472196647	LYST	c18
2.46536686059955e-07	-0.619827720799749	0.026	0.039	0.00511958082272102	EIF5A	c18
2.66098169612718e-07	-1.37175414990263	0.005	0.012	0.0055257945901777	WBP2	c18
2.71758540997245e-07	-1.54367737173469	0.004	0.011	0.00564333786234879	SNRPC	c18
2.76628234605698e-07	-1.32666153093195	0.005	0.013	0.00574446191982193	ADSS	c18
2.85791474480671e-07	0.574415554161882	0.032	0.022	0.00593474575906562	NDUFS6	c18
2.88864538245384e-07	-1.65847611174509	0.003	0.01	0.00599856100120364	XRN1	c18
2.93984069998659e-07	-1.10160238972183	0.008	0.016	0.00610487319759215	PAG1	c18
3.07674199544798e-07	-1.39029831724982	0.004	0.012	0.00638916242774727	NDUFB6	c18
3.13497199772126e-07	-1.53747518622453	0.004	0.011	0.00651008285046796	UHMK1	c18
3.31941059853213e-07	0.427355461918379	0.073	0.057	0.00689308804891182	CTSC	c18
3.37080595457242e-07	-1.42264048147123	0.004	0.012	0.00699981564526508	CDK5RAP3	c18
3.43208948354989e-07	-1.53540185167719	0.004	0.011	0.00712707702153969	NUDT22	c18
3.52327439874216e-07	-1.64647233960676	0.003	0.01	0.00731643161642796	SARNP	c18
3.78218280647672e-07	-1.40697588630793	0.004	0.012	0.00785408081592955	HSPA9	c18
3.80412046248665e-07	0.316164902312588	0.089	0.071	0.00789963655239979	NDUFA13	c18
3.911739468907e-07	-1.52220108258287	0.004	0.011	0.00812311818113227	FBXO7	c18
4.30704741481175e-07	-0.73059271295335	0.017	0.029	0.00894401466159808	IFI16	c18
4.55498167964246e-07	-0.91260059520843	0.011	0.021	0.00945887495594553	KTN1	c18
4.90204262995263e-07	-1.63056427826283	0.003	0.01	0.0101795817253596	SLC25A39	c18
4.93703015021265e-07	-0.858464976372678	0.012	0.022	0.0102522368099316	PA2G4	c18
5.27667435386826e-07	-1.37182565717834	0.004	0.012	0.0109575419632428	TLE4	c18
6.27170338785056e-07	-0.772331458094801	0.015	0.026	0.0130238192552105	TMED10	c18
6.37970548848859e-07	0.465246129500067	0.044	0.031	0.0132480964173954	TMBIM4	c18
7.17298607537159e-07	0.9718920555816	0.011	0.005	0.0148954228841166	ZCCHC6	c18
7.32893473926837e-07	-1.28083942467983	0.005	0.012	0.0152192658795647	RBM17	c18
7.3549208563233e-07	-1.23736584939932	0.005	0.013	0.015273228650241	KPNB1	c18
7.60329047363106e-07	-0.842205805862718	0.012	0.021	0.0157889929975423	CCDC109B	c18
7.62712445133018e-07	-1.00456336707812	0.008	0.017	0.0158384866356323	KHDRBS1	c18
8.06543929778849e-07	-0.80871368626801	0.013	0.023	0.0167486912457876	IKZF1	c18
8.08752185277078e-07	-0.894704258576044	0.011	0.02	0.0167945478794638	SEP15	c18
8.42851351967738e-07	-1.45320701112603	0.004	0.011	0.017502651174962	CHCHD7	c18
8.94082177919225e-07	-1.55114577962358	0.003	0.01	0.0185665105066706	CNOT7	c18
9.0272862965971e-07	-1.27078576001591	0.005	0.012	0.0187460627235135	TANK	c18
9.5004951939253e-07	-1.01358706948237	0.008	0.017	0.0197287283197053	RASSF5	c18
9.69177222354187e-07	-0.658394605085636	0.02	0.032	0.0201259341994071	RSL24D1	c18
1.01071383979314e-06	-0.90778820495175	0.026	0.039	0.0209884835971443	MT1X	c18
1.02154498096252e-06	0.2707151401629	0.11	0.091	0.0212134030746677	YWHAB	c18
1.05362964593844e-06	-0.427911360285798	0.052	0.068	0.0218796732275576	SRSF3	c18
1.1042417194974e-06	0.824955239342767	0.014	0.008	0.0229306835470829	GNB1	c18
1.11069517338973e-06	-0.403174845531233	0.058	0.075	0.0230646959706111	PCBP1	c18
1.23427407699286e-06	-1.34387608628415	0.004	0.011	0.0256309354828336	PTBP1	c18
1.26567519944371e-06	0.969521151118853	0.01	0.005	0.0262830111916482	CNDP2	c18
1.28088724347833e-06	-1.31945004389857	0.004	0.011	0.0265989044980711	TMX1	c18
1.31805958206285e-06	-1.22844425875681	0.005	0.012	0.0273708252811171	NRBP1	c18
1.36773115751437e-06	-0.447748758726731	0.065	0.083	0.0284023052169433	TUBA1A	c18
1.37583460007042e-06	-0.917090191129857	0.01	0.019	0.0285705813050623	PFDN2	c18
1.42144058481632e-06	0.890744037734737	0.012	0.006	0.0295176351842958	METRNL	c18
1.45446856204587e-06	-0.863326523114943	0.011	0.02	0.0302034941594445	TNFRSF14	c18
1.47062057768323e-06	-0.174284322805645	0.297	0.325	0.03053890691617	RPL37A	c18
1.48264220399727e-06	-1.09150357369019	0.007	0.014	0.0307885480082074	LSM5	c18
1.54492552967263e-06	-0.907816390374863	0.01	0.019	0.0320819235491819	TMEM179B	c18
1.55158958867233e-06	-1.3888792865169	0.004	0.011	0.0322203093983697	PSMD9	c18
1.70172804038819e-06	0.949515459315806	0.01	0.005	0.0353380844867012	ETF1	c18
1.86340241128676e-06	-1.06208923449214	0.007	0.015	0.0386954144727808	C20orf24	c18
1.94048326594429e-06	0.599595304886241	0.022	0.014	0.0402960755005991	MARCKSL1	c18
1.98938992511593e-06	-0.531246222185874	0.029	0.043	0.0413116711849573	ANP32B	c18
2.00001432665256e-06	0.793285232880204	0.015	0.008	0.041532297507267	SHOC2	c18
2.07699389228929e-06	-0.645917869736821	0.019	0.03	0.0431308551672794	GABARAPL2	c18
2.13141695771162e-06	-0.713168463285736	0.016	0.026	0.0442610045438396	SEC62	c18
2.32054506692412e-06	-1.28826946869333	0.004	0.011	0.0481884388597462	PTPN1	c18
2.41322205735311e-06	-0.771744580480979	0.01	0.018	0.0501129692429946	MIR155HG	c18
2.51080154555641e-06	0.934889266375607	0.01	0.005	0.0521393048950243	RIPK2	c18
2.57574905104013e-06	-1.3344594331476	0.004	0.011	0.0534880047938994	MIER1	c18
2.6301392883589e-06	0.650079158190311	0.021	0.013	0.054617472462061	OSBPL8	c18
2.75493437574988e-06	-1.12403428667884	0.006	0.013	0.0572089672468221	LBR	c18
2.80572213250313e-06	-0.945416456610895	0.009	0.017	0.05826362580356	UFM1	c18
2.98426128477361e-06	0.32684315254141	0.073	0.058	0.0619711698396088	PSMA7	c18
3.01659042259497e-06	0.878516335052296	0.011	0.006	0.0626425167156071	MEF2A	c18
3.07595086894868e-06	0.960476011515846	0.01	0.005	0.0638751957445884	NAPRT	c18
3.10293464805255e-06	-1.01144343147912	0.007	0.015	0.0644355409014592	C1QBP	c18
3.33206110981673e-06	-1.18166949965183	0.005	0.012	0.0691935810064543	GGNBP2	c18
3.50114792394442e-06	-1.37291712189283	0.004	0.01	0.0727048377886299	CSNK1D	c18
3.59622869758527e-06	-1.28544852127738	0.004	0.011	0.0746792851340556	SMG1	c18
3.8572239275525e-06	0.630697779513863	0.021	0.014	0.0800991120795552	C6orf62	c18
3.90562199983286e-06	-0.975707481804618	0.007	0.015	0.0811041464485292	PRNP	c18
4.2982356693515e-06	-0.878031420467379	0.01	0.018	0.0892571619097532	MRPS34	c18
4.33101912840497e-06	-1.17311111414151	0.005	0.012	0.0899379432204575	TRAPPC2L	c18
4.52782541416594e-06	-1.00122014056065	0.007	0.015	0.0940248225505698	BIRC2	c18
4.63911080387749e-06	-0.99043175211624	0.007	0.015	0.0963357749533199	HNRNPR	c18
4.64882066425338e-06	-1.38462776057748	0.004	0.01	0.0965374099138857	ANAPC5	c18
4.98036863767862e-06	0.915852486325268	0.01	0.005	0.103422335130034	KIAA1033	c18
5.02052655571542e-06	-0.919153078885321	0.009	0.017	0.104256254455986	NDUFA7	c18
5.08460911470806e-06	-0.661296692248529	0.017	0.028	0.105586992876027	ANXA11	c18
5.16862002362848e-06	-0.180454066651321	0.311	0.336	0.107331563410669	RPL22	c18
5.25444301914117e-06	-0.555247788816793	0.026	0.038	0.109113763735486	SF3B5	c18
5.78063384702889e-06	0.470544833340114	0.028	0.019	0.120040642467402	SSR3	c18
5.9042597966166e-06	-1.15397776578278	0.005	0.012	0.12260785893654	GYG1	c18
6.17940406865216e-06	-0.967431496330917	0.008	0.015	0.128321504889631	PSMB2	c18
6.44961337065308e-06	-0.89751969755765	0.013	0.021	0.133932671254982	IRF7	c18
6.59833120538115e-06	-1.07873401748837	0.006	0.013	0.137020945810945	TNIP1	c18
6.62376115750458e-06	-1.03077621980684	0.006	0.012	0.13754902419674	POLR2I	c18
6.80937793584572e-06	-1.03483415797266	0.006	0.014	0.141403542215772	SERINC1	c18
7.4819057743391e-06	-1.08160734056698	0.006	0.013	0.155369255309926	VIM-AS1	c18
7.66698075657466e-06	0.797634633343255	0.013	0.007	0.159212522391029	RIN3	c18
7.71015318503158e-06	-1.21899604120087	0.004	0.011	0.160109041040366	NUTF2	c18
7.82293635082894e-06	0.909263458700114	0.01	0.006	0.162451096261314	HLA-DQB2	c18
8.02618614238205e-06	-0.197458934356977	0.285	0.309	0.166671781432706	RPS2	c18
8.12464771061013e-06	-1.16300293438597	0.005	0.011	0.16871643435853	HIGD1A	c18
8.20011713764615e-06	-0.386557601044997	0.048	0.063	0.17028363248036	EIF3E	c18
8.62549248261884e-06	-0.974954870553672	0.007	0.014	0.179116976894063	NCOR1	c18
8.72587442214196e-06	0.844940348121612	0.011	0.006	0.1812015082502	MYO9B	c18
8.80074042397074e-06	-0.63973785500543	0.018	0.028	0.182756175644176	DPP7	c18
8.9397583110835e-06	-1.15273459893214	0.005	0.011	0.18564302108796	SNHG16	c18
8.94399943544396e-06	-1.11564812642013	0.006	0.013	0.185731092276429	HIST1H1C	c18
9.1195973159982e-06	-1.11188650042046	0.005	0.012	0.189377557864019	ZNF207	c18
9.34933270961254e-06	-0.749151252530008	0.013	0.021	0.194148243047814	TUFM	c18
1.04023517842694e-05	-0.431347652131754	0.039	0.053	0.216015237152137	PPP1CA	c18
1.13120367408637e-05	0.594369442023646	0.022	0.014	0.234905754960776	RAB24	c18
1.17595625048848e-05	-0.863923558164929	0.012	0.021	0.244199074976438	ID3	c18
1.17599308749348e-05	-0.247150891767339	0.644	0.61	0.244206724548896	RPS8	c18
1.19251439573133e-05	-0.52209858048651	0.026	0.038	0.247637539417568	NEDD8	c18
1.23745999402968e-05	0.492116438628852	0.031	0.022	0.256970942360202	RAP1A	c18
1.27106244276474e-05	-1.21594989393581	0.004	0.01	0.263948826864527	NAA50	c18
1.29875081025539e-05	-1.26239907555698	0.004	0.01	0.269698593257635	ETNK1	c18
1.31495221116107e-05	-1.04497841857626	0.006	0.013	0.273062976169707	PPP1R12A	c18
1.34380180570766e-05	0.654062687980636	0.018	0.011	0.279053882973254	RAB10	c18
1.38540113395759e-05	-1.23131473357311	0.004	0.01	0.287692399477634	UBE2A	c18
1.4059201057776e-05	0.611259909299783	0.02	0.013	0.291953369165777	EVI2A	c18
1.40851561047367e-05	-0.881697170428814	0.008	0.016	0.292492351670962	MAPK1IP1L	c18
1.4622576388014e-05	-0.546142082239445	0.023	0.034	0.303652421273499	WDR1	c18
1.46808804967176e-05	0.340117136392122	0.089	0.074	0.304863164394837	CALR	c18
1.48532279891365e-05	-0.503871707223772	0.039	0.053	0.308442132422408	HSPH1	c18
1.49056613737266e-05	-1.22908548506226	0.004	0.01	0.309530964086807	SDHC	c18
1.62020207404079e-05	-0.899519254128796	0.007	0.014	0.33645116269531	MYLIP	c18
1.64090701759349e-05	0.649516717401223	0.018	0.011	0.340750751273464	DBNL	c18
1.67658494072981e-05	-1.15619845423572	0.005	0.011	0.348159628791953	PDCD5	c18
1.72242619494311e-05	-0.886088939545972	0.008	0.016	0.357679023641885	A1BG	c18
1.84479339834172e-05	0.487369455981473	0.031	0.022	0.383089797099642	CTSA	c18
1.84678790887215e-05	0.551116276839929	0.024	0.016	0.383503977156391	FERMT3	c18
1.94502382409106e-05	-0.775506158917056	0.011	0.019	0.40390364731075	GHITM	c18
1.95174783097051e-05	0.655675871774083	0.017	0.011	0.405299954579336	SORL1	c18
1.97061329837603e-05	0.724974971264427	0.014	0.009	0.409217557540767	OXA1L	c18
1.98614962746159e-05	-0.292290223508213	0.088	0.106	0.412443831638673	UBL5	c18
2.10165481279189e-05	-1.1464786241242	0.005	0.011	0.436429638424365	TGFBR2	c18
2.14330074169698e-05	0.703378260527066	0.015	0.009	0.445077832020794	IQGAP2	c18
2.15332092708605e-05	-0.532080391067679	0.024	0.035	0.44715862371869	SCAND1	c18
2.20019238133397e-05	0.864416984452569	0.01	0.006	0.456891949907811	CTNNB1	c18
2.20213285610707e-05	-1.15921216300335	0.004	0.01	0.457294908899194	PSMA3	c18
2.2278833282738e-05	-1.08591649235959	0.005	0.011	0.462642251949336	FBXW5	c18
2.2359189233934e-05	-0.929891264936646	0.007	0.014	0.464310923631873	MRFAP1	c18
2.25889115385019e-05	-1.06729912242608	0.005	0.012	0.46908133700853	COPZ1	c18
2.27673909998454e-05	0.683317394361595	0.016	0.01	0.47278764150279	XRN2	c18
2.28324873227846e-05	-1.20433367630053	0.004	0.01	0.474139431744945	HSPA4	c18
2.28447067211022e-05	-0.929891264936646	0.007	0.014	0.474393179770409	MLF2	c18
2.4047099374401e-05	0.589790520575962	0.022	0.015	0.49936206560881	NR4A3	c18
2.4827318846828e-05	-1.13318180151074	0.005	0.01	0.51556410317323	PHB	c18
2.55947380527748e-05	-0.725624267352726	0.012	0.02	0.531500330403921	SF3B6	c18
2.60970881848824e-05	-1.19370324369147	0.004	0.01	0.541932133247267	FGD3	c18
2.67208568198927e-05	-0.758781946798281	0.011	0.019	0.554885312721891	ATRX	c18
2.71225052043402e-05	0.368271210449112	0.053	0.041	0.56322594307333	PDIA3	c18
2.78666221660676e-05	-0.691893410040176	0.013	0.021	0.578678275900561	SH3KBP1	c18
2.8453956002184e-05	-0.726929283308639	0.012	0.02	0.590874850341352	CBX3	c18
2.88564184998374e-05	-1.10451577894842	0.005	0.011	0.599232386567622	HNRNPL	c18
2.90952971505247e-05	-0.806253269685745	0.009	0.016	0.604192940627796	AKAP9	c18
2.9097438723755e-05	-1.18912325558821	0.004	0.01	0.604237412537495	DECR1	c18
3.26163020911714e-05	-1.14622781999056	0.004	0.01	0.677310129225266	LMO4	c18
3.50632559007777e-05	-1.1309302286138	0.004	0.01	0.72812357203555	ANXA7	c18
3.56314624835492e-05	-1.10357623648129	0.004	0.01	0.739922949933383	NABP1	c18
3.65592469053921e-05	-0.821576177991243	0.009	0.016	0.759189321237373	DDX18	c18
3.97438392170012e-05	0.577331943818755	0.02	0.014	0.825320565180248	YWHAH	c18
4.57749198572295e-05	-1.01039460283781	0.006	0.011	0.950561985755229	ETHE1	c18
6.14336965529311e-05	-1.0794639416329	0.005	0.01	1	CARD8	c18
0.00257298798815363	-1.07622467028194	0.009	0.013	1	MT1E	c18
0.000129033948664721	-1.02745591421645	0.005	0.01	1	ITGB1BP1	c18
0.00015851360387222	-1.02366831676425	0.005	0.01	1	TMEM208	c18
0.000194864628195839	-1.00073150548709	0.005	0.01	1	IRF2	c18
0.000132261583868717	-0.992118375182387	0.005	0.01	1	NIPBL	c18
0.000126698666446618	-0.988937347137722	0.005	0.011	1	POLR2A	c18
0.000146433806722515	-0.984901276385374	0.005	0.01	1	DOCK10	c18
0.000106904454692588	-0.967797616125011	0.006	0.011	1	GLUD1	c18
0.000256487338397207	-0.952709990624151	0.005	0.01	1	ABTB1	c18
0.000122658644025864	-0.951420654818361	0.006	0.011	1	AZIN1	c18
0.000167552487567069	-0.949747576768289	0.005	0.011	1	MRPL55	c18
0.000190503482101356	-0.929178244462061	0.006	0.011	1	EIF6	c18
0.000144219376824153	-0.926862743225728	0.006	0.011	1	PIAS1	c18
0.000404020514509106	-0.918269345295122	0.005	0.01	1	CNOT2	c18
0.000272202311083577	-0.913310408280996	0.005	0.01	1	YTHDC1	c18
0.000519767657412288	-0.90609463134902	0.005	0.01	1	MRPL14	c18
0.000133680154467408	-0.89073032169684	0.006	0.012	1	ILF2	c18
0.000148796602344202	-0.885778982505165	0.006	0.012	1	ETFB	c18
0.000720827448862363	-0.863849699066708	0.005	0.01	1	ILK	c18
0.000140326189419719	-0.858421546687919	0.007	0.013	1	STK10	c18
0.000457793424478311	-0.852480546903152	0.006	0.011	1	TTC3	c18
0.000236883563212405	-0.847614791731337	0.006	0.012	1	PTPN2	c18
0.000152861891929672	-0.827503881371939	0.007	0.013	1	TMEM160	c18
0.000922962418335552	-0.816923790803876	0.006	0.01	1	RNMT	c18
0.00101401579694863	-0.811038234284711	0.006	0.01	1	CHMP5	c18
0.000746271148792931	-0.80600311304421	0.006	0.011	1	PHF3	c18
9.73338787847482e-05	0.804356809598564	0.01	0.006	1	ARF3	c18
0.00100557104484859	-0.8016314054074	0.006	0.01	1	BPTF	c18
0.00166663629245817	-0.794280628019668	0.005	0.01	1	KXD1	c18
0.000161024046960435	-0.793439651580298	0.008	0.014	1	MRPL51	c18
0.000437206526624407	-0.787387434876863	0.007	0.012	1	IVNS1ABP	c18
0.000898445123570383	-0.787054526141599	0.006	0.011	1	WNK1	c18
0.000480178336705158	-0.786838693840659	0.007	0.012	1	ARRDC1	c18
9.74904206324883e-05	0.784255603542054	0.01	0.006	1	IDH3G	c18
0.00159963531454656	-0.779738870470227	0.006	0.01	1	STK38	c18
0.00063299823393468	-0.774905170123945	0.007	0.012	1	TCP1	c18
8.85096617191259e-05	-0.774259042603602	0.009	0.016	1	PPP2CA	c18
5.62644330450915e-05	0.773501346395801	0.011	0.007	1	CHMP4B	c18
4.98665542233501e-05	-0.773321009384023	0.01	0.017	1	RER1	c18
0.00081721811723716	-0.769405959380639	0.006	0.011	1	RHEB	c18
0.0020450789339975	-0.760780712766342	0.006	0.01	1	RSF1	c18
0.000107326413066799	-0.754104856174914	0.009	0.016	1	SCP2	c18
0.000324230887158784	-0.751835950496458	0.008	0.014	1	SLTM	c18
0.000393390977843132	-0.75105548250832	0.008	0.013	1	BTF3L4	c18
0.0018152887081821	-0.747138379525387	0.006	0.01	1	TMEM9B	c18
0.00196613795957404	-0.74641431675441	0.006	0.01	1	ITGB2-AS1	c18
5.14197570304045e-05	-0.741299336333496	0.011	0.018	1	TPR	c18
6.99453948962568e-05	0.740350197151344	0.012	0.007	1	PABPC4	c18
0.000306997603002045	-0.737697099653301	0.008	0.013	1	PELI1	c18
0.000692320917047596	-0.734174033089603	0.007	0.013	1	NDUFV1	c18
0.000576615194657362	-0.732094393423925	0.008	0.013	1	FAM195B	c18
6.38450702272707e-05	-0.731673312025531	0.009	0.016	1	EIF4E	c18
0.0020543241638139	-0.729185599797783	0.006	0.01	1	EIF5B	c18
0.00045308674118685	-0.724569665667688	0.008	0.014	1	PNPLA2	c18
0.000151356730327467	0.721257516155751	0.011	0.007	1	SH3BP5	c18
0.000617567328062338	-0.721208976864731	0.008	0.013	1	COX16	c18
0.000323469268511852	-0.715444292806173	0.009	0.015	1	DNAJC8	c18
0.000686971886098219	-0.711781376260779	0.008	0.013	1	RAB11A	c18
0.00010389473298208	-0.709368376594806	0.011	0.018	1	CMTM7	c18
0.000298218139776723	0.705396684756519	0.011	0.007	1	RIOK3	c18
0.000298218139776723	0.705396684756519	0.011	0.007	1	TACC1	c18
0.000847891341857691	-0.702851707267104	0.008	0.013	1	SH3GLB1	c18
0.000892055044451099	-0.700884434035574	0.008	0.013	1	ADRM1	c18
0.0202075546072823	-0.698885946671824	0.009	0.013	1	CCL3L1	c18
0.00190310161304846	-0.697272045468504	0.007	0.011	1	ILF3	c18
8.28804521993265e-05	-0.692551380881709	0.012	0.019	1	PRMT9	c18
0.000398296365971418	0.688419845506034	0.011	0.007	1	VMA21	c18
0.00338180149319155	-0.688076636856475	0.006	0.01	1	SKIL	c18
0.00254991529301419	-0.686872840575618	0.012	0.017	1	FKBP2	c18
0.000399236654568742	-0.683035883417962	0.009	0.015	1	SNRPB2	c18
0.000572001828814898	0.680059900979136	0.011	0.007	1	RB1	c18
0.000893647955117967	-0.677097088649329	0.008	0.014	1	TUBA1C	c18
0.000374048218603612	0.670344289423493	0.012	0.007	1	FAM200B	c18
0.00105590363782346	0.664800103007862	0.01	0.006	1	CD151	c18
8.17908368839126e-05	0.661851892356535	0.013	0.008	1	ELL2	c18
0.00275176951623939	-0.661098237379545	0.007	0.011	1	RAB14	c18
0.00112310699233324	0.659135804247952	0.01	0.007	1	TMEM205	c18
0.00294538514491004	-0.656083334099648	0.007	0.012	1	PER1	c18
0.00169085325787083	-0.65580059131758	0.008	0.013	1	SRSF9	c18
0.00105632464021452	-0.650474687541238	0.009	0.014	1	RASGRP2	c18
5.59533099031081e-05	0.644190285991238	0.016	0.01	1	NDUFB5	c18
0.00100139337300733	-0.643204056335432	0.009	0.015	1	SSH2	c18
0.00179359805090546	0.642214179340471	0.01	0.006	1	MAP3K1	c18
0.00521192261940403	-0.640306697933943	0.006	0.01	1	CAMTA1	c18
0.00208941959670053	-0.639305968043328	0.008	0.013	1	EIF4EBP2	c18
0.00013134420628848	-0.63743554178977	0.013	0.02	1	MDH2	c18
0.000451118917207261	-0.627138724505602	0.011	0.017	1	PPIG	c18
0.00364595065678132	-0.625222370394889	0.008	0.012	1	KRAS	c18
9.42089575259661e-05	0.62345230503178	0.016	0.01	1	HNRNPD	c18
0.000407991668552512	-0.623124514796371	0.011	0.017	1	EIF4A3	c18
0.00326259060514762	-0.61752166004335	0.008	0.012	1	DYNC1H1	c18
0.00263295326420735	0.616279924172687	0.01	0.007	1	RAB11FIP1	c18
0.000263153000886676	0.615884196504153	0.016	0.011	1	GLA	c18
0.00593804674920717	-0.614924717532006	0.007	0.011	1	SH3BP1	c18
0.000133491333097367	-0.614888926640617	0.014	0.022	1	AKIRIN2	c18
0.00212410642497818	-0.614350464831317	0.009	0.014	1	TOMM22	c18
0.00046235841738562	0.61046253680724	0.013	0.009	1	TNFRSF1A	c18
0.00340440332264696	0.605147962762082	0.01	0.007	1	MAPKAPK3	c18
0.00141900625954302	-0.60259606611867	0.01	0.015	1	H3F3A	c18
0.00522835207155001	-0.599620964250328	0.008	0.012	1	KDELR2	c18
0.00131063961086356	0.599104271715592	0.012	0.008	1	CDV3	c18
0.00558847947994928	-0.596729297670839	0.007	0.011	1	CCT8	c18
0.00231722802145514	-0.594572157554704	0.009	0.014	1	EIF2S2	c18
0.000844312542918319	-0.593000983155586	0.011	0.017	1	HNRNPUL1	c18
0.00428403824972087	-0.591249250041422	0.009	0.013	1	SYAP1	c18
0.00168309946817046	-0.588503539795076	0.01	0.016	1	DPM3	c18
0.000723810324375804	0.588244057740685	0.014	0.009	1	LINC00657	c18
0.0100148005425051	-0.587177497383581	0.006	0.01	1	FIBP	c18
0.00288033750374079	-0.58307235358624	0.009	0.014	1	TSPAN14	c18
0.00247332518803236	-0.582608026334508	0.009	0.014	1	EIF4H	c18
0.00135687905779673	-0.581234358017551	0.011	0.016	1	HNRNPM	c18
0.0051141075163008	-0.578551936964231	0.008	0.012	1	ADAM8	c18
0.00898089518818846	-0.573621173907675	0.007	0.011	1	PSMD4	c18
0.00607636709755126	0.569831616173445	0.01	0.007	1	XAF1	c18
0.0129835058775173	-0.56702049879785	0.006	0.01	1	SDHD	c18
0.000106963902885229	-0.566524548625046	0.017	0.026	1	IFI27L2	c18
5.72450311131096e-05	-0.564851930602571	0.019	0.028	1	POLR1D	c18
0.0101379769569922	-0.56360446399576	0.007	0.011	1	CAMLG	c18
0.00274660144190604	-0.563182474937702	0.011	0.016	1	VIMP	c18
0.00268835163996137	-0.559212959973834	0.01	0.015	1	FBL	c18
0.000371895605486618	-0.55640137024344	0.015	0.022	1	NDUFC1	c18
0.0254692683459999	0.551441060116392	0.01	0.007	1	ARL5B	c18
0.019256675729601	-0.53739844916747	0.006	0.01	1	MAPK1	c18
0.000136834966879349	-0.530986907897248	0.02	0.028	1	IGFLR1	c18
5.95502756031601e-05	-0.530305436341719	0.022	0.031	1	AKAP13	c18
0.00762234635380007	-0.526243614450152	0.009	0.013	1	MTCH1	c18
0.00628581565236496	-0.524293461544107	0.008	0.013	1	CNIH1	c18
0.0015443137566747	-0.523247651392556	0.015	0.021	1	SPCS3	c18
0.000239379114198364	0.521221197708261	0.011	0.007	1	CD1C	c18
0.00297312964505886	0.51919490183687	0.014	0.01	1	CELF1	c18
0.0231391940214571	0.515893865470908	0.011	0.008	1	SPINT2	c18
0.00140716130566807	-0.515462859890488	0.014	0.02	1	SSBP1	c18
0.0135144591005745	-0.515395754674377	0.008	0.012	1	VKORC1	c18
0.00477710664597647	-0.514406168908379	0.011	0.015	1	NDUFB3	c18
0.0184823230513343	-0.510990185637271	0.007	0.01	1	TXN2	c18
0.0099022625217695	-0.510005074611704	0.009	0.013	1	ACADVL	c18
0.00608774896793498	-0.507771005631446	0.01	0.015	1	EIF3I	c18
0.00177945616456114	-0.506206476020389	0.014	0.02	1	MRPL54	c18
0.0492019752261244	-0.502744037037535	0.011	0.014	1	IRF8	c18
0.00137799470056061	-0.501108674123308	0.015	0.021	1	PSMA1	c18
0.0022899076767324	0.499846232900218	0.015	0.011	1	OSM	c18
0.000527489337958663	-0.499691488311029	0.018	0.025	1	SYF2	c18
0.00422339786151414	-0.497649152480113	0.012	0.017	1	ITGAL	c18
0.0182552401138505	-0.496638164333475	0.008	0.011	1	NCF4	c18
6.23384077859493e-05	-0.496305164847144	0.024	0.034	1	TMEM50A	c18
0.00347893765017431	0.495354439964779	0.015	0.01	1	SNX2	c18
0.000144459146531701	0.493920224195254	0.024	0.017	1	VDAC1	c18
0.00745084866582144	-0.493271882116023	0.01	0.015	1	RAB2A	c18
0.0161286934946712	-0.492505439423219	0.008	0.012	1	MTIF3	c18
0.026083391011758	-0.488651681084088	0.007	0.01	1	ACAA1	c18
0.0130988998230905	0.480483070396232	0.01	0.007	1	MID1IP1	c18
0.00107946719804969	0.480001874835788	0.019	0.014	1	SUPT4H1	c18
0.0216231405829063	0.474711233110525	0.01	0.007	1	WAC	c18
0.00171900553847901	-0.473335467377337	0.016	0.022	1	COX7A2L	c18
0.0250033285087887	-0.472600227362615	0.008	0.011	1	TAF15	c18
0.000767695276425884	0.47121110261345	0.021	0.015	1	TWF2	c18
7.76605563302289e-05	0.463428208677455	0.029	0.021	1	PSMA6	c18
0.0250095782240377	0.461834363874335	0.01	0.007	1	HEXA	c18
0.00100925439834179	-0.461591111018062	0.019	0.026	1	PRDX6	c18
0.0116448120606901	-0.460438054099667	0.009	0.013	1	U2SURP	c18
0.000979387510839468	0.459135775252529	0.021	0.015	1	SSR1	c18
0.00179275927723179	-0.45889537796119	0.017	0.023	1	NDUFS8	c18
0.000780839218038095	0.457606046565377	0.022	0.016	1	TGOLN2	c18
0.00603297217985408	-0.457081099792912	0.013	0.018	1	PAPOLA	c18
0.000427159555481871	-0.454529610411287	0.023	0.032	1	ARL4C	c18
0.00649538067476411	-0.454198591259791	0.013	0.018	1	RPN2	c18
0.0153961302175123	0.45064784085547	0.012	0.009	1	SSB	c18
0.000479118701306535	0.448716024577581	0.024	0.018	1	RAB5C	c18
0.00333907170301682	0.448305789260709	0.018	0.013	1	UTRN	c18
0.0103557644178437	-0.447851184469712	0.011	0.016	1	XRCC5	c18
0.0116581323254953	-0.44317772705965	0.011	0.016	1	DOCK8	c18
0.0415683946268251	-0.441831301352134	0.007	0.01	1	ZSCAN16-AS1	c18
8.05354484626579e-05	0.436346722096577	0.031	0.023	1	DOK2	c18
0.0025524767303065	0.433414816739454	0.013	0.009	1	BAG3	c18
0.000648860971676013	-0.42921972305834	0.024	0.032	1	DDX17	c18
0.000207249147440973	-0.428795685062178	0.027	0.036	1	COPE	c18
0.0266788509195747	-0.427507841222705	0.009	0.013	1	PHIP	c18
0.00943969933758324	-0.421444126040828	0.013	0.018	1	TCEB1	c18
0.00333620982162871	-0.416072570267509	0.018	0.024	1	RNF7	c18
0.0369489750979953	0.415901895548391	0.012	0.009	1	CNIH4	c18
0.000671659658394248	-0.414679602735099	0.025	0.034	1	SERBP1	c18
0.00519498578031898	-0.414353904072894	0.015	0.021	1	AURKAIP1	c18
0.00849730983199375	0.414305993791749	0.017	0.013	1	HADHA	c18
0.008886287107332	0.413132116557832	0.017	0.013	1	BNIP2	c18
0.0128453661198516	0.411733197673633	0.015	0.011	1	TOP1	c18
0.0561764426061646	-0.408990472134876	0.007	0.01	1	VTI1B	c18
0.0145316362452431	-0.408019505161004	0.013	0.017	1	RWDD1	c18
6.99065708750979e-05	-0.407562885274331	0.035	0.047	1	HNRNPA3	c18
0.0272748558303577	0.4058127150742	0.013	0.01	1	DUSP23	c18
0.000253859923421621	0.404341300322152	0.031	0.024	1	MRPL52	c18
0.0500532161370316	0.396305822161417	0.011	0.008	1	EIF4E2	c18
0.0113046639893367	-0.394492345135524	0.013	0.018	1	POLR2E	c18
0.0176590463736323	0.388974703835128	0.013	0.009	1	CUX1	c18
0.00065033022161251	0.388830233517177	0.029	0.022	1	CEBPB	c18
0.0649829160748576	-0.38612601921785	0.008	0.01	1	TES	c18
0.0435225483335522	-0.384804934170947	0.009	0.012	1	CLNS1A	c18
0.074509669774943	0.383386354565979	0.01	0.007	1	PKN1	c18
0.030187061382586	0.382879710706366	0.013	0.01	1	TMEM147	c18
0.000770234841939016	-0.380560906319221	0.029	0.038	1	SNRPG	c18
0.0209442294544229	-0.375127020268592	0.012	0.016	1	SNX17	c18
0.0145936830190952	-0.372488455155392	0.016	0.02	1	MRPL20	c18
0.0184507897647989	-0.368624075228039	0.015	0.019	1	LAMP1	c18
0.023649468700178	-0.365877199521611	0.014	0.018	1	ATP5G1	c18
0.00468369156416769	-0.364450227480958	0.028	0.035	1	CD55	c18
0.0608909922818776	-0.36356348830193	0.009	0.012	1	RNASEH2C	c18
0.0356794238299542	-0.362086683712944	0.014	0.018	1	SDF2L1	c18
0.0226098308274165	-0.359846560139858	0.015	0.019	1	NHP2	c18
0.0712577875009443	0.358518215606002	0.011	0.009	1	KMT2C	c18
0.000768879533081267	-0.356262777944806	0.033	0.043	1	HNRNPC	c18
0.0334585483708282	0.356262335317943	0.015	0.012	1	DNAJC15	c18
0.00161005710774301	-0.355999135988811	0.032	0.04	1	DDX3X	c18
0.0122713064521316	-0.35598420116091	0.018	0.023	1	RCSD1	c18
0.0822320179464897	-0.354368460101795	0.008	0.01	1	KCNAB2	c18
0.0132847118461758	0.351471858339354	0.019	0.015	1	RANBP2	c18
0.0511927632226462	-0.350578303939431	0.011	0.014	1	MOB1A	c18
0.0574777524553037	-0.348303232192882	0.01	0.013	1	CHD1	c18
0.0433586201863389	-0.344354671473776	0.012	0.015	1	NONO	c18
0.00691947912040103	-0.343286250964415	0.023	0.029	1	TMEM123	c18
0.0140424964691585	-0.342384253885065	0.02	0.026	1	BHLHE40	c18
0.0849945427957805	-0.340286732752654	0.008	0.011	1	SCAMP2	c18
0.0430770329350221	-0.338601144243478	0.011	0.014	1	GADD45GIP1	c18
0.000628443086817495	-0.333690217189949	0.045	0.056	1	NFKBIZ	c18
6.48277269926446e-05	-0.33323516676792	0.054	0.068	1	CAPZB	c18
0.0681081613487876	0.332091230503561	0.013	0.011	1	LRPAP1	c18
0.0121365330121681	0.332057582032035	0.023	0.018	1	PPP1CB	c18
0.00553291367821079	-0.331662406755409	0.026	0.033	1	PSMB1	c18
0.0214879031170172	0.328798312133606	0.02	0.016	1	SNX6	c18
0.0959894410050163	-0.328106308272522	0.008	0.011	1	GTF2A2	c18
0.126972628012206	0.325757753619641	0.01	0.008	1	LOC100507217	c18
0.0112227731971658	0.323416179545275	0.024	0.019	1	AOAH	c18
5.16563859030572e-05	-0.321524290427307	0.062	0.077	1	RBM3	c18
0.125205974614943	0.319088926438276	0.01	0.008	1	PSMB4	c18
0.165004353284758	0.318211641497355	0.01	0.008	1	ADAM10	c18
0.0249789180115647	0.31694711639891	0.021	0.017	1	M6PR	c18
0.00134038327674287	-0.312326073890819	0.023	0.031	1	PRDX5	c18
0.0822192615108971	-0.312298109690992	0.011	0.013	1	APH1A	c18
0.000122553608129994	0.310757559411917	0.06	0.049	1	HCLS1	c18
0.141232898723074	-0.309711611819633	0.018	0.021	1	XIST	c18
0.000902099955380064	0.309582336766191	0.045	0.036	1	RBX1	c18
6.27242907476842e-05	0.307725622898508	0.063	0.051	1	NDUFB11	c18
0.0388377729992467	-0.306900113527815	0.016	0.02	1	ZNHIT1	c18
0.00771651612497633	-0.306286630640257	0.023	0.029	1	HMGN3	c18
0.00439197818469906	0.305970845615833	0.033	0.027	1	NDUFB7	c18
0.013482323705437	0.304807628861234	0.028	0.023	1	EIF2S3	c18
0.126543676609277	-0.298766394063464	0.008	0.01	1	AP3S1	c18
0.000235207374046877	0.297723121668912	0.055	0.045	1	WDR83OS	c18
0.00439025519471248	0.297431123750301	0.036	0.029	1	VAPA	c18
0.00810529354985354	0.29718561555536	0.01	0.007	1	FCER1A	c18
0.00599551404872005	-0.2965831358381	0.03	0.037	1	NSA2	c18
0.0560147375568153	-0.295894173212067	0.015	0.018	1	PPP4C	c18
0.0607516336861786	0.293823875518805	0.017	0.014	1	PARVG	c18
0.834789153010065	-0.292398385188369	0.015	0.016	1	MTRNR2L8	c18
0.0454396465265788	0.291449246006215	0.019	0.016	1	SUMO3	c18
0.0650841117710999	-0.289817695740189	0.014	0.018	1	ANP32A	c18
0.0768558212676568	0.287924834656631	0.016	0.013	1	C1orf43	c18
0.0803827399069289	0.286860004590678	0.014	0.012	1	SLC20A1	c18
0.00996812360228692	-0.286258271769534	0.03	0.037	1	EIF5	c18
0.00243842235397338	0.28569272062228	0.042	0.034	1	NOP10	c18
0.0409355114724626	-0.28523310451089	0.019	0.023	1	C19orf70	c18
0.197987318726643	0.27964648522422	0.01	0.008	1	EPSTI1	c18
0.0974396277661969	-0.278965248942618	0.013	0.016	1	PFKFB3	c18
0.0408578206686676	0.278422565709977	0.022	0.019	1	TAX1BP1	c18
0.0546725897894993	-0.274440780390734	0.018	0.021	1	EIF1AX	c18
0.0383972447328308	0.273029306939758	0.021	0.018	1	HM13	c18
0.175699049781858	-0.271585415780187	0.008	0.01	1	AFF4	c18
0.0490540570064481	-0.271333019866162	0.019	0.023	1	BCAP31	c18
0.0055497743246015	-0.268937648493472	0.039	0.047	1	EIF3H	c18
0.166307509141817	-0.268694242385965	0.008	0.01	1	PSMG2	c18
0.00698698944226407	-0.267749339976622	0.063	0.072	1	ND6	c18
0.00347702126611758	0.267431836823426	0.048	0.04	1	EIF3L	c18
0.0435420960109189	-0.264663668064785	0.022	0.026	1	FAM65B	c18
0.000360313761559091	-0.264411010719682	0.07	0.084	1	COX6A1	c18
0.0685541123877468	-0.262831965341428	0.017	0.021	1	PSMB6	c18
0.0595171145471233	0.261902207373456	0.022	0.018	1	RAB7A	c18
0.111048062833327	0.261222634447563	0.016	0.014	1	ROCK1	c18
0.0458985869223227	0.261176234892416	0.023	0.02	1	VPS29	c18
0.000569933734505445	-0.261007411358325	0.064	0.077	1	CNBP	c18
0.179066337777802	-0.259864473638561	0.009	0.011	1	MBOAT7	c18
0.0030298012215856	0.25871010659306	0.046	0.039	1	BST2	c18
0.0090009362286934	0.256669566204011	0.039	0.033	1	UQCRHL	c18
0.0654322384282674	-0.252703016087031	0.018	0.022	1	ATP5A1	c18
0.0133540554552341	-0.252408322819597	0.038	0.045	1	ARF6	c18
0.13640095831199	-0.248386837995831	0.011	0.013	1	ARRDC3	c18
0.176976180008765	-0.247544292313465	0.01	0.012	1	CD46	c18
0.07537683520247	0.246361356477678	0.021	0.018	1	FMNL1	c18
0.186785954683275	0.246361356477678	0.013	0.011	1	PRPF40A	c18
0.0937359417514421	-0.2447164573179	0.016	0.02	1	PSMA2	c18
0.0960355336090906	0.244268977516438	0.019	0.016	1	AP2M1	c18
0.415788196335341	-0.24424891322804	0.117	0.119	1	GADD45B	c18
0.05418830010491	0.24421137327442	0.026	0.022	1	ATP5C1	c18
0.256184855456198	0.242331479441526	0.01	0.009	1	CYTH4	c18
0.0967079730244459	-0.242247649874432	0.017	0.02	1	LINC00493	c18
0.140214440379853	0.241146248750137	0.016	0.014	1	CHMP2A	c18
0.056277814320714	-0.240329006918327	0.024	0.028	1	REEP5	c18
0.177164007528029	-0.23785445137537	0.011	0.013	1	SEPT2	c18
0.0457233154210522	0.237471047366764	0.026	0.022	1	PHPT1	c18
0.0364995566316566	-0.236291557248456	0.029	0.035	1	IL10RA	c18
0.0561800826443725	-0.235467916918523	0.024	0.029	1	FIS1	c18
0.0544530198759689	0.235081431611674	0.02	0.017	1	UBE2J1	c18
0.211750788954617	-0.234992281051223	0.009	0.011	1	DIAPH1	c18
0.239979451625884	0.234765455328414	0.012	0.01	1	SHKBP1	c18
0.0994643827685584	-0.233974446892321	0.015	0.018	1	VDAC2	c18
0.0463839596060781	0.23384874516413	0.03	0.026	1	P4HB	c18
0.179553053814635	-0.225269198655099	0.012	0.014	1	PTBP3	c18
0.0262725811114928	-0.225135212582016	0.047	0.054	1	RPS20	c18
0.0377959946627647	-0.22102323872325	0.033	0.038	1	RPS27L	c18
0.00752046368644429	0.219383946959288	0.047	0.039	1	PGAM1	c18
0.11531684308562	-0.218954285074587	0.018	0.021	1	C14orf166	c18
0.0966104582272243	0.218738704923408	0.025	0.022	1	HNRNPH1	c18
0.241328597511229	-0.21840151658114	0.009	0.011	1	PSMD7	c18
0.166897264561941	-0.215777278021482	0.014	0.016	1	NAPA	c18
0.0956300431142457	0.215702487484561	0.024	0.021	1	CAPZA1	c18
0.156308342695175	-0.214099362025561	0.015	0.018	1	OSTC	c18
0.0745210810934676	0.21375669104575	0.027	0.024	1	NDUFA2	c18
0.0195824441384786	0.213652767391759	0.032	0.027	1	RPS4Y1	c18
0.000466028921358823	-0.212028917737031	0.726	0.64	1	ATP6	c18
0.188539795358739	0.211341485771121	0.016	0.014	1	ARHGAP30	c18
0.0515556399429526	-0.21056046535963	0.032	0.037	1	SRRM1	c18
0.0416726019048242	-0.208797830950664	0.037	0.042	1	TAPBP	c18
0.100410365026766	-0.208450862444688	0.022	0.025	1	BZW1	c18
0.130482026983519	0.208102023291326	0.018	0.016	1	KDM6B	c18
0.958231496793677	-0.207171062327549	0.041	0.041	1	TUBB	c18
0.0117080803927532	0.207130780905121	0.054	0.047	1	CD48	c18
0.00806623344890472	-0.206454875011181	0.068	0.078	1	COX7A2	c18
0.610765952958674	-0.205694780795636	0.021	0.022	1	HIST1H1E	c18
0.281747325239588	0.205198449410712	0.013	0.011	1	APEX1	c18
0.268024532982195	0.20491541818918	0.012	0.011	1	MX1	c18
0.360144892888691	0.202585049579263	0.01	0.009	1	RAB8A	c18
0.329814592365428	0.2022927182353	0.011	0.01	1	SNRPE	c18
0.213666507018894	-0.196406588447763	0.02	0.022	1	SNX3	c18
0.00280591615859398	0.196076323671114	0.105	0.093	1	LY6E	c18
0.259753542629463	-0.193042587585682	0.011	0.013	1	RBMS1	c18
0.146912348305688	-0.192898082275079	0.033	0.036	1	MYADM	c18
0.0117251533702216	-0.188817976138085	0.097	0.107	1	PPIB	c18
0.0212302598550958	0.187672916562878	0.045	0.039	1	ISG15	c18
0.25506831382804	-0.184443458659483	0.01	0.011	1	DNAJC4	c18
7.46068387345322e-05	-0.182618878878043	0.382	0.395	1	RPL9	c18
0.166587964117167	-0.180865593966243	0.021	0.024	1	PRKAR1A	c18
0.0487287424778771	0.180818253356573	0.047	0.042	1	CSNK2B	c18
0.0791849978823332	-0.179956067667169	0.039	0.043	1	C11orf31	c18
0.152436565539598	-0.179666755061274	0.025	0.028	1	NAA38	c18
0.215732409228722	0.17924716061914	0.02	0.017	1	CDC42EP3	c18
0.0101603269002766	0.177342760319694	0.074	0.065	1	SLC25A3	c18
0.217113386160654	-0.174457275872221	0.021	0.024	1	PDIA6	c18
0.32790130475823	0.17415633208717	0.016	0.015	1	NFE2L2	c18
0.433423888350249	0.171487737161033	0.011	0.01	1	PRDX3	c18
0.355320974757644	-0.171430692642049	0.008	0.01	1	SFT2D1	c18
0.118724684116649	-0.169300681457232	0.034	0.038	1	ITGA4	c18
0.185307396903408	0.169193495955218	0.024	0.022	1	ATF4	c18
0.0580411482675135	-0.168676142801167	0.048	0.054	1	ACTR3	c18
0.644778019725744	-0.166508774409756	0.412	0.395	1	ACTG1	c18
0.377561197069432	-0.160976452274276	0.009	0.01	1	MRPL53	c18
0.163628704820462	0.160374865269692	0.029	0.026	1	MYEOV2	c18
0.0496338139890322	0.160262155145636	0.057	0.051	1	ARL6IP4	c18
0.0133795920841095	-0.158980175610631	0.105	0.116	1	ZFAS1	c18
0.247118088340246	-0.158134586674735	0.018	0.021	1	TCF25	c18
0.158022047514822	-0.157126368049302	0.03	0.034	1	SHFM1	c18
0.19027611628484	-0.155327043548668	0.025	0.028	1	JTB	c18
0.307051945499398	0.15379252351857	0.018	0.016	1	MYO1G	c18
0.444035364929699	0.15221642265386	0.012	0.011	1	CHCHD5	c18
0.507139534427635	0.150794585129709	0.01	0.009	1	CCT6A	c18
0.327364987283835	-0.150295553480728	0.013	0.015	1	VPS13C	c18
0.0698110042545114	-0.147858378143188	0.06	0.066	1	UBE2D3	c18
0.309085659613565	-0.143211824813638	0.017	0.019	1	UQCRFS1	c18
0.322699900981156	-0.140534145326617	0.017	0.019	1	ABI3	c18
0.36010477704193	-0.140329578041364	0.013	0.015	1	SP110	c18
0.250172522612449	0.140023577039913	0.028	0.026	1	EID1	c18
0.118365686600517	-0.137996113108159	0.056	0.061	1	NDUFA3	c18
0.112924093104868	-0.137773686684181	0.147	0.138	1	ANXA1	c18
0.37585602663192	-0.137667150843203	0.014	0.016	1	KDELR1	c18
0.406557949144775	-0.134851894071822	0.013	0.014	1	LSM6	c18
0.427792517774639	-0.134242645737292	0.01	0.011	1	TMPO	c18
0.0258106526994363	-0.134086213637286	0.069	0.077	1	LDHA	c18
0.0232064228000302	0.131795395353804	0.061	0.054	1	SEC61B	c18
0.391231384828001	-0.131201437382503	0.015	0.016	1	GBP2	c18
0.327115379110154	-0.130995613963164	0.02	0.022	1	MGST3	c18
0.474789816167046	-0.127263911416026	0.011	0.012	1	LPAR6	c18
0.36071618057699	-0.124661287937855	0.018	0.019	1	USP15	c18
0.349558097441993	0.121491200322881	0.024	0.022	1	SRRM2	c18
0.395464337282462	-0.121426432178049	0.017	0.018	1	RPN1	c18
0.41428492634247	-0.12128620229609	0.015	0.016	1	NDUFA12	c18
0.139429729227074	-0.120230292571912	0.256	0.243	1	ND5	c18
0.128836830917589	-0.117384295804387	0.064	0.069	1	HNRNPK	c18
0.163911043318181	0.117292394043188	0.05	0.046	1	C4orf3	c18
0.251823100319194	0.116872460825135	0.043	0.039	1	HSPD1	c18
0.399036823469019	-0.11640705876669	0.065	0.061	1	ATF3	c18
0.368078159169268	-0.113070381358629	0.022	0.023	1	WAS	c18
0.255934703832904	-0.112931358842242	0.04	0.044	1	RHOC	c18
0.286206215861857	-0.112902063103085	0.031	0.033	1	CSDE1	c18
0.382585447947576	0.110520082501878	0.024	0.022	1	NDUFS7	c18
0.475709440356931	0.107897316686344	0.02	0.018	1	RNF181	c18
0.322863872105398	0.106980566545412	0.033	0.03	1	UBE2L6	c18
0.30833550784865	0.106564326624879	0.03	0.027	1	C4orf48	c18
0.472846303096591	0.105751106210017	0.021	0.019	1	BANF1	c18
0.0155436013496671	0.105063158535502	0.029	0.024	1	NAPSB	c18
0.488933595796465	-0.104175294687201	0.013	0.014	1	LSM4	c18
0.435385727136028	-0.101262159232328	0.019	0.02	1	SCAF11	c18
0.182701007401708	0.101241478542321	0.061	0.057	1	NDUFA1	c18
