p_val	avg_log2FC	pct.1	pct.2	p_val_adj	gene	seurat_clusters
0	9.41950698582022	0.022	0	0	SPC25	c16
0	8.15647257998642	0.044	0	0	AURKB	c16
0	7.91587556327239	0.034	0	0	TROAP	c16
0	7.84902058851614	0.221	0.001	0	UBE2C	c16
0	7.82205354091587	0.034	0	0	DLGAP5	c16
0	7.7631598518623	0.026	0	0	HIST1H3C	c16
0	7.75607477910378	0.088	0	0	CDC20	c16
0	7.73459069966553	0.069	0	0	CCNB2	c16
0	7.62595786328765	0.063	0	0	PLK1	c16
0	7.59966111957942	0.017	0	0	CDCA5	c16
0	7.57115469189042	0.253	0.001	0	RRM2	c16
0	7.55438980941102	0.091	0	0	CCNA2	c16
0	7.44533297318812	0.023	0	0	GTSE1	c16
0	7.42861557824319	0.111	0.001	0	BIRC5	c16
0	7.42402246694271	0.024	0	0	CDCA3	c16
0	7.41214836665442	0.064	0	0	CCNB1	c16
0	7.3945675564139	0.173	0.001	0	TOP2A	c16
0	7.33091306255123	0.046	0	0	CDCA8	c16
0	7.22878261304745	0.15	0.001	0	CDK1	c16
0	7.22048907285758	0.037	0	0	KIFC1	c16
0	7.17296070277499	0.025	0	0	HMMR	c16
0	7.15929829846511	0.227	0.002	0	TYMS	c16
0	7.12903129433726	0.089	0.001	0	ASF1B	c16
0	7.11908233407315	0.206	0.002	0	NUSAP1	c16
0	7.1031105018467	0.303	0.002	0	KIAA0101	c16
0	7.00303570133268	0.068	0.001	0	TPX2	c16
0	6.96041606739489	0.059	0	0	ZWINT	c16
0	6.93115082761131	0.093	0.001	0	TK1	c16
0	6.90525845589836	0.146	0.001	0	MKI67	c16
0	6.81932374816029	0.034	0	0	PKMYT1	c16
0	6.78677806616834	0.072	0.001	0	ASPM	c16
0	6.75417106863504	0.024	0	0	NUF2	c16
0	6.68254139165401	0.061	0.001	0	HIST1H1B	c16
0	6.67700320811258	0.029	0	0	CDT1	c16
0	6.56648087263541	0.122	0.001	0	CENPF	c16
0	6.46938127710333	0.674	0.015	0	STMN1	c16
0	6.38095374505083	0.027	0	0	UHRF1	c16
0	6.28735102725365	0.033	0	0	CLSPN	c16
0	6.28034423814859	0.06	0.001	0	CDKN3	c16
0	6.20538218046737	0.042	0.001	0	GINS2	c16
0	6.16885630444226	0.03	0	0	HMGB3	c16
0	6.03545717902506	0.034	0.001	0	CENPU	c16
0	5.77024347513202	0.037	0.001	0	FEN1	c16
0	5.71947835046888	0.041	0.001	0	DHFR	c16
0	5.70895635434787	0.054	0.001	0	SMC2	c16
0	5.70474819859549	0.07	0.001	0	UBE2T	c16
0	5.56006206865847	0.151	0.003	0	CKS1B	c16
0	5.24245754994452	0.078	0.002	0	MAD2L1	c16
0	5.11262503954752	0.121	0.004	0	SMC4	c16
0	5.06631814272982	0.156	0.005	0	PCNA	c16
0	5.00463205288792	0.546	0.04	0	TUBB	c16
0	4.94218159697962	0.62	0.058	0	TUBA1B	c16
0	4.82329265036324	0.138	0.005	0	MCM7	c16
0	4.78542200261948	0.073	0.003	0	MCM3	c16
0	4.70251609141528	0.08	0.003	0	HIST1H2AM	c16
0	4.67451916733503	0.353	0.057	0	HIST1H4C	c16
0	4.63493807731248	0.1	0.004	0	CENPM	c16
0	4.51134023352443	0.087	0.004	0	MCM5	c16
0	4.41149475448832	0.523	0.043	0	HMGB2	c16
0	4.23388250343578	0.101	0.005	0	TMEM106C	c16
0	4.13642480806911	0.684	0.087	0	HMGN2	c16
0	4.0723274096332	0.25	0.017	0	PTTG1	c16
0	3.89425526064454	0.317	0.025	0	DUT	c16
0	3.55694021670283	0.542	0.076	0	H2AFZ	c16
0	3.54549119223965	0.131	0.011	0	CARHSP1	c16
0	3.49753276551794	0.277	0.025	0	DEK	c16
0	3.43849451903129	0.257	0.024	0	RANBP1	c16
0	3.32387690327877	0.194	0.021	0	FABP5	c16
0	3.27164200100247	0.301	0.033	0	H2AFV	c16
0	3.19748826617538	0.193	0.022	0	HN1	c16
0	3.09800560469994	0.661	0.144	0	HMGB1	c16
0	3.01000997306463	0.198	0.025	0	ANXA5	c16
0	2.97982197817972	0.372	0.055	0	PKM	c16
0	2.97121715565839	0.301	0.04	0	PGAM1	c16
0	2.91522821528908	0.443	0.063	0	RAN	c16
0	2.90524975838885	0.316	0.044	0	ANP32B	c16
0	2.87392711914659	0.401	0.06	0	SLC25A5	c16
0	2.84372064318415	0.502	0.084	0	TPI1	c16
0	2.82014430156039	0.311	0.045	0	CALM3	c16
0	2.70605297264177	0.301	0.054	0	CXCL13	c16
0	2.6753156479238	0.31	0.053	0	ENO1	c16
0	2.56443602000086	0.916	0.354	0	GAPDH	c16
0	2.49524665331119	0.294	0.053	0	ATP5G3	c16
0	2.42490380966648	0.392	0.075	0	COX8A	c16
0	-2.35913583810789	0.253	0.763	0	RPL34	c16
0	-2.32939526692304	0.303	0.84	0	RPL30	c16
0	2.0848599747609	0.494	0.127	0	HNRNPA2B1	c16
0	2.04381647990786	0.509	0.134	0	ARPC2	c16
0	1.96533731981623	0.707	0.258	0	PPIA	c16
0	1.92045176583834	0.824	0.31	0	CFL1	c16
0	1.90719073701247	0.845	0.411	0	ACTG1	c16
0	1.88128820161085	0.899	0.447	0	PFN1	c16
0	1.84538007796194	0.982	0.768	0	ACTB	c16
0	-1.84118052501485	0.466	0.869	0	RPS12	c16
0	-1.83521378399	0.582	0.942	0	RPS27	c16
0	1.75857360325511	0.696	0.243	0	MYL6	c16
0	-1.50332491829816	0.612	0.908	0	RPL10	c16
0	-1.1846328581622	0.799	0.961	0	RPL41	c16
1.40537874379958e-307	3.58241523567686	0.122	0.01	2.9184094993742e-303	ANP32E	c16
1.39351986797988e-301	-1.7188902380427	0.471	0.852	2.89378335784701e-297	RPL13	c16
1.09926182737417e-299	1.51784852083386	0.856	0.54	2.2827271107252e-295	PTMA	c16
1.32273951493517e-294	2.22681851711135	0.372	0.084	2.74680087671438e-290	LDHA	c16
8.78999133853418e-292	-1.70780698913744	0.474	0.847	1.82532960136001e-287	RPL39	c16
9.71862708582182e-292	3.58343068402073	0.113	0.009	2.01817010064176e-287	TMPO	c16
3.9488643485933e-290	3.280113055544	0.141	0.015	8.20021170628885e-286	RPA3	c16
1.8000822392337e-286	1.78603096786922	0.591	0.201	3.7380507779927e-282	CORO1A	c16
6.50782131248533e-286	7.54641909830244	0.014	0	1.3514141737507e-281	CENPA	c16
7.49079535683669e-285	7.73145099213496	0.013	0	1.55553856380071e-280	ELL3	c16
4.72192590438187e-284	5.94854911380189	0.026	0	9.8055513330394e-280	RACGAP1	c16
1.02767524097935e-279	6.88345408558001	0.017	0	2.13407040541773e-275	AURKA	c16
8.69121088659474e-274	-1.93269214089793	0.311	0.763	1.80481685271026e-269	RPS27A	c16
1.37036770205663e-268	2.7504765850773	0.216	0.034	2.84570557009079e-264	CKS2	c16
1.17530791550078e-267	2.03249816059073	0.411	0.107	2.44064441732891e-263	ARPC1B	c16
1.45385275727167e-263	2.86606968006581	0.18	0.025	3.01907063575034e-259	NUCKS1	c16
4.33647797526964e-260	4.77741244816969	0.045	0.002	9.00513016344493e-256	RRM1	c16
9.01468963497616e-260	2.16563228921068	0.357	0.085	1.87199044959915e-255	HMGN1	c16
1.75358692028399e-257	2.62569183958586	0.215	0.035	3.64149859866174e-253	COX5A	c16
5.52576308392885e-252	1.55094119136258	0.483	0.149	1.14747996200866e-247	MT2A	c16
5.44734064972847e-250	5.13089163636279	0.035	0.001	1.13119475932262e-245	CENPW	c16
3.84575733746063e-249	-1.69751741430655	0.383	0.782	7.98609968697075e-245	RPL11	c16
1.14346481543792e-246	2.36625339406215	0.259	0.05	2.37451903573839e-242	GNG5	c16
3.03683744738615e-243	6.42402246694271	0.018	0	6.30629664324208e-239	CASC5	c16
9.39040824931114e-243	2.53072529119729	0.221	0.038	1.95001217705195e-238	SNRPB	c16
1.5124001518301e-241	-1.62494595434336	0.434	0.805	3.14065015529039e-237	RPL32	c16
1.52278434633292e-238	6.68315543509418	0.02	0	3.16221397359494e-234	HIST1H3B	c16
2.43266580004314e-234	3.42700632538153	0.102	0.01	5.05167380036958e-230	NASP	c16
5.83622819209575e-234	5.75018755471655	0.023	0	1.2119511463706e-229	CENPN	c16
8.18181943575123e-234	7.27047720868926	0.012	0	1.6990366240281e-229	KIF23	c16
9.76754092258448e-230	1.88040518631218	0.393	0.108	2.02832754798389e-225	SUMO2	c16
2.32352132638243e-229	3.70895635434787	0.081	0.006	4.82502438636575e-225	KIF22	c16
3.05942287238214e-227	1.55620550210647	0.65	0.274	6.35319753678875e-223	CD74	c16
5.13980126948429e-227	-2.03155703055759	0.251	0.681	1.06733113162111e-222	RPS14	c16
9.09399467934349e-227	3.09712241409282	0.203	0.035	1.88845893511247e-222	ARL6IP1	c16
3.79046241186819e-226	3.79230619752181	0.09	0.008	7.87127424448549e-222	KPNA2	c16
1.02032446152322e-223	-2.40194813328224	0.145	0.604	2.11880577679913e-219	RPS25	c16
3.36510112496308e-223	1.64155017276935	0.641	0.276	6.98796899609833e-219	CRIP1	c16
1.27236037678165e-222	-1.2257265891039	0.595	0.865	2.64218355842477e-218	RPS15A	c16
3.1285761368546e-217	-2.16845087955065	0.176	0.625	6.49680120579227e-213	RPL35A	c16
5.12520534931135e-217	7.69080900763761	0.01	0	1.064300142838e-212	KIF2C	c16
3.97013974976338e-215	4.34817870895921	0.049	0.002	8.24439220435864e-211	ATAD2	c16
3.37015801793178e-214	3.22874295645212	0.11	0.012	6.99847014003712e-210	H2AFY	c16
2.42784150984868e-213	-1.43991228162603	0.457	0.791	5.04165567935176e-209	RPS3	c16
5.1515499177444e-213	1.71284885637231	0.44	0.138	1.0697708559188e-208	RHOA	c16
3.56138273617738e-212	-1.48558262856389	0.422	0.774	7.39556738994595e-208	RPL19	c16
1.83205655012678e-209	1.5572833341262	0.528	0.191	3.80444863199328e-205	RAC2	c16
2.96338410611093e-203	4.02480993482555	0.058	0.004	6.15376343474996e-199	LMNB1	c16
7.40122386134321e-202	2.88203107539636	0.142	0.02	1.53693814704653e-197	RAD21	c16
1.12673991144155e-200	-1.97322621389922	0.255	0.674	2.33978810009953e-196	ND3	c16
3.79764880693895e-196	4.49763237409402	0.041	0.002	7.88619751248941e-192	CDCA7	c16
3.88354268745415e-193	2.36217487531712	0.21	0.042	8.06456474476729e-189	SNRPG	c16
4.03837789717029e-192	2.05836900782136	0.327	0.091	8.38609554126382e-188	CALM2	c16
1.74592116225208e-190	6.25542286296697	0.016	0	3.62557988553267e-186	NCAPG	c16
3.64827121671659e-188	6.05748348535506	0.016	0	7.57600000863367e-184	KIF11	c16
2.30758761649101e-187	-1.86299341019305	0.269	0.655	4.79193644440523e-183	RPS3A	c16
4.42134604978342e-187	2.72448098229747	0.146	0.022	9.18136720698026e-183	SIVA1	c16
7.46577260297262e-187	2.38927967734021	0.198	0.038	1.55034233873329e-182	LOC100996809	c16
2.96625348243648e-185	-1.26177285282525	0.685	0.878	6.15972198162759e-181	EEF1A1	c16
9.90565590754695e-185	2.12589739664056	0.247	0.057	2.0570085057612e-180	PPP1CA	c16
9.52608574048442e-184	2.34597185227936	0.205	0.041	1.97818696486899e-179	HLA-DRB4	c16
3.33995572986215e-183	1.70913540430664	0.384	0.12	6.93575206863175e-179	CHCHD2	c16
3.42690269514476e-178	2.3342923062867	0.203	0.041	7.11630613673761e-174	FKBP1A	c16
9.23627955959114e-178	-1.60253701395061	0.328	0.691	1.9180058133447e-173	RPS23	c16
4.80445101896322e-177	-1.4462040436028	0.378	0.727	9.97692298597903e-173	RPL18A	c16
3.3543786557638e-174	2.65170087445243	0.151	0.025	6.96570271655911e-170	TPM4	c16
1.41024452914765e-173	6.63552657213642	0.012	0	2.92851378922802e-169	SGOL1	c16
6.53195838306194e-173	6.99036928949652	0.01	0	1.35642647782664e-168	HJURP	c16
4.36163560445488e-169	2.59184226585054	0.156	0.027	9.05737249621101e-165	H2AFX	c16
6.64186515353368e-168	1.99132906004365	0.262	0.067	1.3792497177828e-163	PSME2	c16
6.80780412156554e-166	4.87346999700739	0.027	0.001	1.4137086038843e-161	EZH2	c16
5.28272083139755e-165	-1.22645615961902	0.641	0.89	1.09700980784802e-160	MALAT1	c16
4.71720988378794e-164	2.20853488811996	0.23	0.055	9.79575804467403e-160	TUBB4B	c16
2.25487438320793e-163	5.59966111957942	0.017	0	4.68247214416958e-159	GGH	c16
3.46180822964071e-163	-1.65867156713384	0.257	0.631	7.1887909696719e-159	RPL36	c16
1.71857549850513e-162	2.78569204380715	0.12	0.018	3.56879388019575e-158	SNRPD1	c16
1.88105740157339e-161	-1.56144997459417	0.241	0.623	3.9062038001073e-157	FAU	c16
4.7544979773285e-161	-2.30047869373118	0.148	0.544	9.87319049972037e-157	JUNB	c16
7.67089679785769e-160	6.7839184120291	0.01	0	1.59293842904313e-155	CEP55	c16
1.04990650718779e-159	1.75062200155397	0.339	0.106	2.18023585282617e-155	SUB1	c16
2.52322575883196e-159	1.95582320113418	0.333	0.106	5.23973061079045e-155	COTL1	c16
2.57366739357524e-159	2.359892129523	0.175	0.035	5.34447770949834e-155	ARPC5	c16
2.00586553266883e-158	2.34793568781134	0.186	0.039	4.1653803651401e-154	ANXA2	c16
7.61359596027626e-153	-1.82673131203055	0.214	0.58	1.58103933711097e-148	RPS13	c16
3.30801475186781e-152	1.45914062528749	0.432	0.161	6.86942343372869e-148	CLIC1	c16
1.32039413776587e-149	1.83182895461854	0.29	0.085	2.74193046648461e-145	YBX1	c16
1.2354651551897e-148	5.58799820205384	0.016	0	2.56556694126694e-144	PRC1	c16
3.77432861847882e-146	1.73028044842702	0.297	0.089	7.83777080913312e-142	COX6A1	c16
5.25366674338409e-145	-1.7322497947957	0.234	0.582	1.09097643593114e-140	RPL3	c16
8.12426402241944e-145	-0.845314472466504	0.721	0.886	1.68708466689562e-140	RPL28	c16
3.30265976412492e-142	6.33091306255123	0.011	0	6.85830326618182e-138	RAD51AP1	c16
6.26733666790885e-141	2.10645588181079	0.198	0.047	1.30147513245795e-136	HNRNPF	c16
8.12668883863323e-141	1.45725665896558	0.584	0.3	1.68758820423058e-136	VIM	c16
1.48330077365224e-140	5.54785105379557	0.016	0	3.08022238656623e-136	CENPE	c16
7.29645001758973e-140	-1.20759194019953	0.462	0.751	1.51518081065268e-135	RPS18	c16
4.26807278313958e-139	4.89552691788059	0.023	0.001	8.86307994146765e-135	TCF19	c16
3.07232075247105e-138	2.86108627255155	0.101	0.015	6.37998127458138e-134	TUBA1C	c16
1.99717515490354e-137	-1.61677630113477	0.302	0.624	4.1473339266727e-133	TPT1	c16
2.14028197737161e-136	2.06867365457209	0.201	0.049	4.44450955420989e-132	HNRNPA3	c16
1.46737150635397e-135	1.95154639422463	0.228	0.061	3.04714367009464e-131	PARK7	c16
3.47833469073159e-135	3.07711981799786	0.078	0.009	7.22310981877323e-131	PRDX3	c16
5.06206846119896e-135	-1.27065457379691	0.358	0.67	1.05118913665258e-130	RPL26	c16
1.28485175883962e-134	5.31955320038668	0.017	0	2.66812316240635e-130	MCM2	c16
1.72909326565971e-134	2.27634354409694	0.157	0.032	3.59063507546895e-130	ERH	c16
4.35103423185883e-129	5.9265228074719	0.012	0	9.03535768587805e-125	C1orf54	c16
4.36589110994364e-129	5.92925777519313	0.012	0	9.06620947890895e-125	KIF14	c16
2.90235789249318e-128	-1.61145722376046	0.223	0.555	6.02703639955134e-124	RPL14	c16
1.40065746765336e-127	1.97400584328763	0.203	0.052	2.90860529732896e-123	ATP5J2	c16
3.18300657795092e-126	-1.49049856979018	0.265	0.589	6.60983145977287e-122	RPS29	c16
4.06701760635187e-125	1.48775604717376	0.354	0.129	8.4455687613503e-121	LSP1	c16
6.52141721534349e-125	2.52520315723043	0.116	0.02	1.35423749893823e-120	IDH2	c16
1.47070193023041e-124	1.22093458709668	0.542	0.264	3.05405962831647e-120	ARHGDIB	c16
3.01649360772354e-123	-2.56743369701724	0.074	0.401	6.2640506257987e-119	RPL9	c16
1.018420294387e-122	2.75417106863504	0.101	0.016	2.11485158332405e-118	HIST1H1D	c16
9.44563140327999e-122	-1.49399607524525	0.246	0.567	1.96147981720512e-117	RPL18	c16
1.97447755748455e-121	2.90467681369359	0.114	0.02	4.10020009587242e-117	HIST1H1E	c16
6.05558725027174e-121	-1.3676182557402	0.276	0.597	1.25750324839143e-116	RPL29	c16
2.12219370073968e-119	2.01620046220884	0.186	0.047	4.40694743895602e-115	C12orf75	c16
4.33235945276121e-118	1.67836521747238	0.262	0.082	8.99657763960392e-114	COX6C	c16
7.05829890705005e-116	1.99036928949652	0.185	0.047	1.46572635103801e-111	YWHAQ	c16
1.07240457259204e-115	3.205960299105	0.06	0.007	2.22695533544462e-111	NUDT1	c16
4.49487091073998e-115	1.89651484354253	0.204	0.056	9.33404893324263e-111	ACTR3	c16
3.57282480735326e-114	2.44650180987272	0.114	0.021	7.41932799494978e-110	CBX3	c16
3.97121146459648e-114	2.42865391567436	0.119	0.023	8.24661772738106e-110	PDIA6	c16
5.97359663882047e-114	1.99631758872906	0.216	0.062	1.24047707801746e-109	GSTP1	c16
3.70878503530352e-113	2.00861241891012	0.19	0.05	7.7016630043113e-109	PRDX1	c16
3.97916399075486e-113	1.00414777220024	0.695	0.423	8.26313194320155e-109	SH3BGRL3	c16
1.52048270164251e-112	6.08990496304744	0.01	0	3.15743437823085e-108	HIST1H2AH	c16
5.75796416673627e-110	-0.92924660857842	0.571	0.797	1.19569883886445e-105	RPS19	c16
2.00185837183459e-109	-1.06167934598685	0.429	0.694	4.15705909495171e-105	RPS21	c16
2.11233896178443e-107	-1.68947530138168	0.185	0.489	4.38648308804155e-103	RPL5	c16
1.0703262681348e-106	3.67323637818966	0.039	0.003	2.22263952840873e-102	DTYMK	c16
6.07358887486502e-106	3.69125992029666	0.038	0.003	1.26124146575447e-101	KIF20B	c16
1.03294845616529e-105	2.99177276529958	0.067	0.009	2.14502076407283e-101	SLBP	c16
1.46213123592872e-105	-1.11950275933358	0.369	0.65	3.03626172452957e-101	RPL12	c16
2.16436532838527e-105	4.1383145599681	0.03	0.002	4.49452104092484e-101	HIST1H3D	c16
2.87290068439947e-105	4.63797805113052	0.021	0.001	5.96586556122395e-101	HIST1H2AL	c16
4.48605499481283e-105	2.20184419063277	0.134	0.029	9.31574180222832e-101	ANAPC11	c16
8.61045198573783e-105	5.1392929900096	0.015	0	1.78804645935832e-100	ARHGAP11A	c16
9.66579027625105e-104	1.49544781447733	0.293	0.106	2.00719800876629e-99	PSMB9	c16
1.39615353591116e-103	0.605677519901129	0.964	0.891	2.89925243267311e-99	TMSB4X	c16
3.84570940771797e-103	2.30451537248662	0.141	0.033	7.98600015606713e-99	TNFRSF18	c16
4.9169035425167e-103	2.58968300318061	0.091	0.015	1.02104418963902e-98	LSM4	c16
6.97499445753919e-103	-1.12825884399053	0.343	0.627	1.44842734905259e-98	RPS7	c16
3.03770559861876e-102	5.0968577236892	0.015	0	6.30809944609172e-98	MXD3	c16
1.63794681188166e-101	3.00538632513724	0.066	0.009	3.40136034955346e-97	HMGA1	c16
1.19970190234394e-100	1.99774352582095	0.158	0.04	2.49130097040742e-96	TXN	c16
1.51009322736404e-99	1.62588834103857	0.242	0.08	3.13585959594417e-95	TPM3	c16
5.52902039198949e-99	2.02649392547885	0.151	0.037	1.14815637460054e-94	WDR1	c16
1.39563903294058e-98	2.37426125915569	0.105	0.02	2.89818401580442e-94	BANF1	c16
4.26774662988697e-98	2.04021659541756	0.297	0.117	8.86240265162328e-94	LGALS1	c16
5.48648989706762e-97	1.84912866639827	0.183	0.052	1.13932449202506e-92	DBI	c16
2.30481279956319e-96	1.94924288397198	0.158	0.041	4.78617425957293e-92	ATP5B	c16
1.28281326185457e-95	-0.911792658298736	0.486	0.716	2.66389001956721e-91	RPS15	c16
6.75954765407733e-95	2.82805245356197	0.069	0.01	1.4036876658457e-90	ENTPD1	c16
1.12845234571008e-94	-1.16910871001184	0.364	0.614	2.34334414110155e-90	RPL37	c16
3.4870331037817e-94	4.99036928949652	0.015	0	7.24117294331308e-90	HIST1H2AI	c16
6.15261872279579e-94	1.4371803482116	0.287	0.108	1.27765280397577e-89	ARPC3	c16
1.28355842017919e-93	-0.914247554591876	0.53	0.738	2.66543741534411e-89	RPS4X	c16
1.65364833159526e-93	4.37792605235326	0.021	0.001	3.43396612539072e-89	CENPH	c16
5.44630006659626e-92	2.32636627328232	0.104	0.021	1.13097867182938e-87	DDX39A	c16
7.16156337867429e-91	2.10990523661334	0.127	0.03	1.4871702512155e-86	NAP1L1	c16
1.85927447220053e-90	4.96145659758128	0.014	0	3.86096936897161e-86	NDC80	c16
2.62064882842623e-90	1.68071804232984	0.199	0.062	5.44203935710991e-86	PSMA7	c16
7.96085700784462e-90	2.85261668165742	0.062	0.009	1.65315156624901e-85	DNMT1	c16
1.07478083850771e-89	2.38366169405796	0.105	0.022	2.23188988924511e-85	PTMS	c16
1.53563094258748e-89	3.70212432086545	0.032	0.003	3.18889121537717e-85	MCM6	c16
1.29151465627357e-88	3.3965417305206	0.04	0.004	2.6819593352177e-84	SAE1	c16
1.00113921387771e-87	5.05056407141527	0.017	0.001	2.07896569153845e-83	HIST2H2AB	c16
9.75814111803176e-87	-1.63244582967897	0.149	0.421	2.02637558457048e-82	RPL24	c16
1.43588276496597e-86	-1.21396171242717	0.266	0.536	2.98175414972833e-82	RPL6	c16
3.05931524269327e-86	-1.04688580703536	0.341	0.601	6.35297403297684e-82	RPL7A	c16
1.5112582501186e-84	-3.32229474176336	0.039	0.286	3.13827888219628e-80	IL7R	c16
2.11281337966608e-84	1.60904214339849	0.349	0.159	4.38746826421457e-80	GZMB	c16
1.51947820493242e-83	2.16098806110892	0.112	0.025	3.15534844036267e-79	PA2G4	c16
2.60700388062977e-83	1.61369947174824	0.221	0.076	5.41370425851577e-79	CALR	c16
3.05628303282245e-83	1.62960230398657	0.205	0.068	6.34667734595909e-79	PGK1	c16
1.33182899089158e-82	1.13997007701086	0.378	0.173	2.76567608248546e-78	ATP5L	c16
2.04996959831871e-82	1.60475446038995	0.201	0.066	4.25696686786862e-78	SLC25A3	c16
3.63914811539637e-82	1.42497042350543	0.318	0.137	7.5570549764321e-78	ALOX5AP	c16
2.40179021533631e-81	1.20060815023964	0.401	0.196	4.98755756116738e-77	MIF	c16
1.86118634796739e-80	0.800259655893404	0.845	0.696	3.86493957018907e-76	TMSB10	c16
1.47943647773542e-79	1.58210616066213	0.212	0.073	3.07219778966538e-75	ITM2A	c16
5.22740940519976e-79	-1.6910610209523	0.229	0.48	1.08552383708378e-74	FOS	c16
1.7012972329227e-77	-1.22213771810294	0.25	0.503	3.53291383388728e-73	RPLP2	c16
6.465311046978e-77	2.61688798877596	0.065	0.011	1.34258649201545e-72	HLA-DRB5	c16
1.63216829955969e-76	1.05890001518233	0.593	0.393	3.38936069086566e-72	S100A4	c16
2.82551240441849e-76	1.51305728105817	0.209	0.073	5.86745905901543e-72	CAPZB	c16
6.50125757404483e-75	1.30870930399656	0.277	0.114	1.35005114782615e-70	ALDOA	c16
5.57882606625247e-74	-1.08049629434874	0.403	0.614	1.15849902091799e-69	RPS8	c16
8.32937755280059e-74	5.04695281786289	0.012	0	1.72967854261457e-69	RGS13	c16
2.49652359943729e-73	2.68340909576136	0.06	0.01	5.18428090659148e-69	HNRNPAB	c16
5.93685969121319e-73	-1.20431678489391	0.286	0.521	1.23284828347733e-68	RPS6	c16
1.58354930590622e-72	3.05056407141527	0.043	0.005	3.28839848864485e-68	USP1	c16
1.07368350664194e-71	1.56531221180826	0.189	0.065	2.22961116989266e-67	PSMB8	c16
2.38791491351141e-71	-0.86012723443692	0.406	0.634	4.95874410939779e-67	RPS24	c16
2.57723178643638e-71	2.91483450021978	0.047	0.006	5.3518795277138e-67	HPRT1	c16
5.586647396254e-71	-1.89798477048611	0.151	0.387	1.1601231983061e-66	DUSP1	c16
6.40613585382581e-71	-1.689088683859	0.189	0.428	1.33029817140547e-66	ZFP36	c16
9.15750847289859e-71	2.20529054878384	0.093	0.021	1.90164820948212e-66	PSMA2	c16
2.5442784849889e-70	-1.00523885400432	0.329	0.564	5.28344870192794e-66	RPL8	c16
7.92926257026381e-70	-1.53685101964137	0.143	0.386	1.64659066534098e-65	BTG1	c16
8.97357996937431e-70	3.74390273318122	0.024	0.002	1.86345361644027e-65	RNASEH2A	c16
2.92171299732808e-69	-1.11568963086084	0.258	0.502	6.0672292102515e-65	EIF1	c16
3.73494109549915e-68	4.79892057536834	0.016	0.001	7.75597867891354e-64	HIST1H2BH	c16
5.57013488267264e-68	-1.44197090281243	0.269	0.495	1.1566942097358e-63	JUN	c16
1.17582517359388e-67	-1.54582999404337	0.165	0.402	2.44171855548506e-63	TSC22D3	c16
2.99988886532957e-67	1.82167788799332	0.128	0.036	6.22956921774338e-63	RALY	c16
1.61203978592706e-65	4.75417106863504	0.012	0	3.34756181945613e-61	FBXO5	c16
5.97884462986286e-65	1.79624234432872	0.13	0.038	1.24156687583732e-60	RBX1	c16
1.50197136181346e-64	0.847280473026524	0.507	0.294	3.11899372994184e-60	SERF2	c16
3.55557761070647e-64	1.83247606413483	0.073	0.015	7.38351246639306e-60	MT1E	c16
3.64465739476883e-64	-1.20886955322093	0.232	0.459	7.56849554597695e-60	RPS5	c16
4.95439339702323e-64	2.79738313545634	0.047	0.007	1.02882933282584e-59	DNAJC9	c16
2.10999329402934e-63	1.39581939880813	0.209	0.08	4.38161207438133e-59	NDUFA4	c16
7.73680292462206e-63	1.49513305051154	0.183	0.066	1.60662449532702e-58	H3F3AP4	c16
1.54735049339454e-62	1.75195134764531	0.13	0.039	3.2132280345831e-58	BUB3	c16
1.66174777070999e-62	-1.40299556103198	0.152	0.377	3.45078542065637e-58	NACA	c16
2.04442845523243e-62	1.93462470085569	0.106	0.028	4.24546013013566e-58	RBPJ	c16
2.25606931180875e-62	1.80994060725366	0.123	0.035	4.68495353290204e-58	CDK2AP2	c16
3.66571177386248e-62	1.77994099938027	0.126	0.037	7.61221706960284e-58	SHFM1	c16
1.17387100028868e-61	3.56604147181514	0.024	0.002	2.43766051919948e-57	GMNN	c16
1.35794631723656e-61	2.48740780303377	0.065	0.012	2.81991132237343e-57	HIST1H1C	c16
4.63888742506509e-61	0.964627762398448	0.425	0.236	9.63311362689016e-57	CD3D	c16
7.82934121979923e-61	2.24501817158954	0.074	0.016	1.62584099770351e-56	LSM5	c16
2.84802156273831e-60	1.59091468391546	0.173	0.062	5.91420157718238e-56	CNN2	c16
4.99519077149594e-60	-1.20380685820555	0.214	0.435	1.03730131560885e-55	RPL23A	c16
8.92447490697488e-60	2.20526717428605	0.076	0.017	1.8532564591824e-55	TALDO1	c16
1.95126346832836e-59	-2.59015347810403	0.044	0.238	4.05199371833067e-55	ND2	c16
4.58659971210175e-59	1.93157603519818	0.133	0.042	9.5245329621505e-55	LAG3	c16
5.30987815453594e-59	-2.23698202385383	0.055	0.253	1.10264929757093e-54	TXNIP	c16
8.94630141064306e-59	2.54119918958827	0.055	0.01	1.85778895093414e-54	NUCB2	c16
1.01686024818738e-58	1.78907448431277	0.118	0.034	2.11161199138591e-54	SRP9	c16
1.4217865418288e-58	1.29539602628036	0.393	0.223	2.95248193276168e-54	GZMA	c16
4.4113830793585e-58	-1.28352552149639	0.264	0.474	9.16067810259587e-54	CYTB	c16
7.40917199515744e-57	4.76007167007473	0.01	0	1.53858865651439e-52	SAC3D1	c16
1.01310847204646e-56	1.35185341095198	0.193	0.075	2.10382105305168e-52	SRSF3	c16
1.24363353103852e-56	-1.69873598030364	0.105	0.308	2.5825293905546e-52	RPL21	c16
2.21933189986884e-56	-1.9130608191193	0.076	0.272	4.60866462326764e-52	PFDN5	c16
2.64380785128477e-56	2.76696834309916	0.042	0.006	5.49013138397794e-52	SMC3	c16
4.0277478220831e-56	-1.45704254234023	0.137	0.344	8.36402112733776e-52	RPL22	c16
2.00822509421756e-55	-2.06485751759305	0.078	0.272	4.17028023065219e-51	ND1	c16
2.78012539262333e-55	1.67852514484878	0.126	0.04	5.77320839032162e-51	CAP1	c16
3.74276061593761e-55	1.77763463830569	0.11	0.032	7.77221669505603e-51	MIR4435-1HG	c16
8.76892286900992e-55	2.21009646891314	0.069	0.015	1.8209545229786e-50	PPA1	c16
4.87521516652905e-54	2.91056593119725	0.036	0.005	1.01238718148142e-49	SKA2	c16
1.30643659875116e-53	4.0760991635224	0.015	0.001	2.71294624096666e-49	PAICS	c16
1.69725676506688e-53	4.54241716774494	0.011	0	3.52452339833789e-49	WDR34	c16
2.34677071586608e-53	2.23959789580528	0.068	0.015	4.87330406856751e-49	MTHFD2	c16
2.78090846834758e-53	1.72004239109637	0.115	0.035	5.77483452537057e-49	ATP5J	c16
2.93542889791578e-53	-1.60240278624181	0.109	0.306	6.09571164941191e-49	EEF1B2	c16
2.97842029093086e-53	1.29725846419248	0.203	0.083	6.18498757614703e-49	LCP1	c16
1.58843999977949e-52	4.24158919362438	0.016	0.001	3.29855450354208e-48	HIST1H4F	c16
4.11187145117426e-52	3.70076178806382	0.019	0.001	8.53871225550847e-48	NRM	c16
5.56338788891486e-52	2.63952850269392	0.044	0.007	1.15529312901206e-47	RBBP7	c16
1.31881876959237e-51	3.6527750530586	0.021	0.002	2.73865905693552e-47	HIST1H3H	c16
1.86673157922648e-51	1.84506605196108	0.096	0.027	3.87645479742171e-47	PSMD8	c16
3.17067653353964e-51	1.86850374411404	0.093	0.026	6.58422688954843e-47	SNRPD3	c16
3.48090691698705e-51	1.70950033245264	0.109	0.033	7.22845130381531e-47	CTLA4	c16
3.64789126333855e-51	-1.76117000132219	0.084	0.27	7.57521099744883e-47	RPL38	c16
6.04363438669586e-51	-1.35070102329291	0.131	0.329	1.25502111674126e-46	EEF1D	c16
3.95703786473363e-50	1.93994592014164	0.082	0.021	8.21718482990587e-46	LOC101928173	c16
4.33294019735365e-50	1.77351545286026	0.102	0.03	8.9977836138246e-46	PSMB3	c16
2.08838902283556e-49	0.881676710659025	0.372	0.205	4.33674864482032e-45	CALM1	c16
2.19386070312838e-49	-1.30473886460621	0.155	0.349	4.5557711361164e-45	RPL10A	c16
1.05295239293775e-48	-1.35323429094497	0.176	0.369	2.18656093917454e-44	ND4	c16
2.42135122419247e-48	1.73978531945639	0.103	0.031	5.02817795215808e-44	POMP	c16
5.67812422046572e-48	1.01198067911271	0.286	0.143	1.17911927562191e-43	SRP14	c16
1.11820795142848e-47	0.811981846116881	0.405	0.233	2.32207063193639e-43	HNRNPA1	c16
1.55382627190078e-47	1.41728280941984	0.153	0.058	3.22667563622916e-43	NCL	c16
3.94866689243417e-47	1.26302437179751	0.192	0.081	8.1998016688288e-43	CKLF	c16
5.11705532733287e-47	-0.995042498675013	0.227	0.424	1.06260770927394e-42	RPS9	c16
1.15151177759331e-46	2.76125469190476	0.042	0.007	2.39122935735027e-42	TNFRSF9	c16
1.26189009273678e-46	3.38702825946051	0.021	0.002	2.62044096657721e-42	LIG1	c16
1.27022384645989e-46	1.70760425018059	0.103	0.032	2.63774683955861e-42	ITGAE	c16
3.43171937423305e-46	2.0621149340867	0.068	0.016	7.12630845253236e-42	HNRNPR	c16
6.10887109619667e-46	3.0760991635224	0.027	0.003	1.2685681718362e-41	CKAP2	c16
7.16907943066166e-46	-1.07219893300517	0.313	0.492	1.4887310345712e-41	ND4L	c16
1.59014611092711e-45	1.39618825874599	0.156	0.061	3.30209741395124e-41	DUSP4	c16
2.31037477636902e-45	1.35794044691961	0.185	0.079	4.79772426060792e-41	UCP2	c16
4.18728076344066e-45	2.24193930022652	0.056	0.012	8.69530723336087e-41	HSPB11	c16
1.55736857127806e-44	1.99517916813884	0.07	0.018	3.23403157511601e-40	VDAC1	c16
2.65825240734764e-44	1.03566165709795	0.26	0.129	5.52012694909811e-40	MYL12B	c16
5.11441859053434e-44	-1.21162158551715	0.218	0.402	1.06206016451036e-39	CD69	c16
9.71937353096985e-44	-1.83375139862007	0.084	0.251	2.0183251074412e-39	IER2	c16
3.26797800343398e-43	-2.01559178239953	0.052	0.208	6.786283121931e-39	TOMM7	c16
3.79454568594298e-43	-1.46251310317668	0.108	0.28	7.87975357142919e-39	SARAF	c16
4.25061832859707e-43	2.31497970764742	0.05	0.01	8.82683402116468e-39	PSMA4	c16
7.54004341620501e-43	1.087610656239	0.237	0.115	1.56576541580913e-38	LOC101929531	c16
6.52092793565367e-42	1.00092557218527	0.299	0.162	1.35413589511784e-37	NPM1	c16
1.06985252718052e-41	1.96296588657077	0.068	0.018	2.22165575794306e-37	DCTN3	c16
1.7447916175081e-41	3.87992239460976	0.022	0.002	3.62323427291732e-37	CPVL	c16
3.88799654333654e-41	1.25255075397097	0.171	0.073	8.07381362189266e-37	SRSF2	c16
7.26948118096446e-41	2.93592150547415	0.027	0.004	1.50958046203908e-36	CDK4	c16
3.09896803783714e-40	1.06138343332017	0.235	0.116	6.4353170273726e-36	PPIB	c16
1.4061046562771e-39	1.14543173131334	0.207	0.098	2.91991692922502e-35	LY6E	c16
1.06716045639894e-38	-1.2229986103315	0.205	0.377	2.21606540375804e-34	DNAJB1	c16
6.08305348591122e-38	-2.34781154798181	0.039	0.176	1.26320688688432e-33	BTG2	c16
9.56310440881181e-38	2.59719183984228	0.033	0.006	1.98587426153386e-33	SMC1A	c16
1.38040627793869e-37	2.2848464954867	0.044	0.009	2.86655167676749e-33	TXNDC17	c16
2.85756930541274e-37	1.03892937093186	0.206	0.099	5.9340284196201e-33	SOD1	c16
1.45414639477705e-36	1.19229218102693	0.165	0.072	3.01968040339403e-32	HNRNPK	c16
2.23542322262607e-36	-1.08993980994904	0.2	0.371	4.6420798641053e-32	FTL	c16
3.65805883252044e-36	1.07135084862424	0.199	0.095	7.59632497161194e-32	YWHAB	c16
6.55269368360189e-36	-1.44760848987273	0.091	0.24	1.36073237033677e-31	RPL36A	c16
1.37738448427209e-35	2.61479513055234	0.03	0.005	2.86027662003943e-31	SHMT2	c16
1.69921995866633e-35	1.7481723280136	0.074	0.022	3.5286001661665e-31	PSMB6	c16
2.31853872303244e-35	1.38122403920448	0.12	0.046	4.81467751224916e-31	DYNLL1	c16
3.4405223614904e-35	4.0760991635224	0.015	0.001	7.14458873587096e-31	HIST1H2BF	c16
4.1000535718552e-35	-1.01004638625005	0.184	0.346	8.51417124731451e-31	RPS16	c16
8.01797795692212e-35	2.7090831791065	0.027	0.004	1.66501330253445e-30	TACC3	c16
8.98777487396741e-35	-0.930820250417385	0.205	0.368	1.86640133032807e-30	GNB2L1	c16
9.21406067636808e-35	0.948740626437133	0.229	0.117	1.9133918400546e-30	UBL5	c16
9.46593265089944e-35	1.9627953346438	0.056	0.014	1.96569557428578e-30	YWHAH	c16
1.83588044078338e-34	-1.05285299800524	0.162	0.321	3.81238932333076e-30	ZFP36L2	c16
2.36046723584967e-34	1.17179957994299	0.156	0.069	4.90174626196542e-30	LINC00152	c16
6.63604061336118e-34	3.58577353693932	0.013	0.001	1.37804019377058e-29	RFC4	c16
9.39167891754136e-34	1.42685591146899	0.107	0.04	1.95027604401664e-29	UQCRQ	c16
1.70274640911929e-33	1.83586462706175	0.063	0.018	3.53592319317712e-29	RBBP4	c16
1.85611920875596e-33	-1.87683023566043	0.047	0.175	3.85441714890263e-29	RPL27A	c16
2.33492237706106e-33	-0.771999619108226	0.472	0.605	4.848699808205e-29	ATP6	c16
3.88826654495239e-33	0.967828679993882	0.297	0.175	8.07437430724812e-29	S100A10	c16
6.20125687959403e-33	1.30012205597708	0.126	0.052	1.2877530036165e-28	ROMO1	c16
1.35241953410321e-32	1.19673808605812	0.148	0.065	2.80843440451873e-28	PLP2	c16
2.09424345066239e-32	1.49339087426126	0.094	0.033	4.34890594964552e-28	BLOC1S1	c16
2.19179083712864e-32	1.44297769417234	0.109	0.042	4.55147285238134e-28	EIF5A	c16
2.28202722302199e-32	1.56382301501191	0.085	0.029	4.73885773132746e-28	SNRPF	c16
4.83489180290958e-32	1.42127185592668	0.101	0.037	1.0040136317922e-27	CACYBP	c16
5.88390952252559e-32	2.18720825132511	0.041	0.009	1.22185265144766e-27	HLA-DRB3	c16
7.37492683049437e-32	1.76401885459139	0.065	0.019	1.53147730562046e-27	LSM2	c16
8.58417521715953e-32	-1.472559773377	0.078	0.212	1.78258982559535e-27	DDX5	c16
1.50725852439471e-31	1.51360805649458	0.088	0.031	3.12997305175806e-27	PRDX2	c16
1.6423162326944e-31	1.61434967556967	0.08	0.027	3.41043388881319e-27	DCXR	c16
1.77791853845629e-31	-1.49499560747084	0.075	0.207	3.69202563695834e-27	EEF1G	c16
2.70561305029024e-31	1.63402376466628	0.077	0.025	5.61847606023271e-27	DNPH1	c16
5.36753318530329e-31	1.18676000790092	0.138	0.06	1.11462194126008e-26	NDUFB2	c16
1.31015040326411e-30	1.51844788117487	0.087	0.031	2.72065832741825e-26	IFI16	c16
1.31780670652392e-30	3.03029547390928	0.02	0.003	2.73655740676757e-26	HIST1H2AG	c16
1.65679339367441e-30	-0.843653583023163	0.371	0.51	3.44049716130429e-26	ATP8	c16
2.04988401066483e-30	0.708404323679627	0.368	0.235	4.25678913654659e-26	PPDPF	c16
2.37215124854627e-30	3.7839184120291	0.01	0.001	4.92600928273118e-26	NCAPD2	c16
2.60274589194295e-30	1.42735267956281	0.102	0.039	5.40486211920873e-26	RPS27L	c16
3.4689613531489e-30	3.26521542998456	0.016	0.002	7.20364514594901e-26	HIST1H2BJ	c16
4.41895287116262e-30	1.80425412511213	0.066	0.02	9.1763975322563e-26	FOXP3	c16
4.48648083499849e-30	2.13564110917681	0.041	0.009	9.31662610195786e-26	CCT6A	c16
5.81094345560333e-30	1.21773057289502	0.128	0.055	1.20670051799059e-25	ATPIF1	c16
8.04750834614849e-30	1.63962672873929	0.092	0.034	1.6711455831612e-25	TNFRSF4	c16
1.41257084986405e-29	0.743589546369851	0.299	0.177	2.93334462682769e-25	HINT1	c16
1.75257217253058e-29	0.751040239382181	0.317	0.193	3.63939137347701e-25	CD99	c16
1.79364740012077e-29	-1.21106351320428	0.125	0.262	3.7246881910908e-25	CXCR4	c16
2.31135815301927e-29	-0.994964736460506	0.151	0.294	4.79976634055981e-25	UBA52	c16
2.43617599593375e-29	1.39499157845111	0.104	0.041	5.05896307315604e-25	HSP90B1	c16
2.68724688709311e-29	0.954537183641492	0.236	0.131	5.58033688573756e-25	S100A11	c16
3.67427354045203e-29	2.64266275341805	0.024	0.004	7.62999643410269e-25	PHF19	c16
5.03225384899369e-29	1.85186774252218	0.055	0.015	1.04499783428203e-24	MRPL51	c16
6.79575057881189e-29	0.99022296708893	0.183	0.092	1.41120556519608e-24	COX6B1	c16
6.93070593922656e-29	1.86202440743292	0.054	0.015	1.43923039533979e-24	STRA13	c16
1.14161669148772e-28	3.27929801962554	0.02	0.003	2.3706812215434e-24	TCL1A	c16
1.20367205141807e-28	2.92177101713111	0.021	0.003	2.49954538197476e-24	LRMP	c16
1.31219295016023e-28	3.62041967974622	0.011	0.001	2.72489988030273e-24	EAF2	c16
1.33162557340333e-28	2.06349912674277	0.043	0.011	2.76525366572936e-24	SNRPE	c16
1.48111874281703e-28	2.12333752716325	0.039	0.009	3.07569118133385e-24	MZT1	c16
1.49736940847244e-28	1.80189667640211	0.055	0.016	3.10943731363386e-24	AP2S1	c16
1.70350084687341e-28	-0.982690954330366	0.151	0.29	3.53748985861733e-24	RPL27	c16
2.56148226527381e-28	2.32662095804265	0.031	0.006	5.3191740720676e-24	GPR25	c16
4.52175253595655e-28	1.2922344665206	0.108	0.044	9.38987131616736e-24	CSNK2B	c16
5.43017981234637e-28	1.65004281547157	0.069	0.023	1.12763113983185e-23	CD82	c16
6.09357762543717e-28	2.63063607578935	0.023	0.004	1.26539232969828e-23	CD38	c16
6.57368711628297e-28	1.73911852834765	0.06	0.018	1.36509186656732e-23	RAB27A	c16
8.76701622842319e-28	1.87171075251187	0.05	0.014	1.82055858999436e-23	PPM1G	c16
1.15622939205426e-27	0.857411842161103	0.252	0.145	2.40102595553987e-23	TAGLN2	c16
1.78718877254094e-27	1.16304242007466	0.138	0.064	3.71127620505852e-23	CTSD	c16
1.79074305991503e-27	0.762282673012299	0.28	0.167	3.71865703821955e-23	ATP5G2	c16
3.68362567184343e-27	1.05044061114042	0.157	0.076	7.64941707015007e-23	NDUFA13	c16
5.51134595651829e-27	2.4600680050107	0.027	0.005	1.14448610133059e-22	HAT1	c16
1.2997041224768e-26	1.65508281175414	0.059	0.019	2.69896558073531e-22	MIR155HG	c16
1.44639326482266e-26	1.39935048885527	0.087	0.033	3.00358025373074e-22	NDUFA6	c16
2.01934132764111e-26	0.868903615244093	0.212	0.116	4.19336420097952e-22	LDHB	c16
2.70925637710358e-26	0.772124627942134	0.264	0.156	5.62604179269329e-22	PSME1	c16
3.54716423266103e-26	2.0055211123603	0.04	0.01	7.36604124554389e-22	TMIGD2	c16
4.42596229516921e-26	-1.65636940881132	0.052	0.159	9.19095330214839e-22	RPL13A	c16
4.67804667479921e-26	0.953016155518642	0.18	0.094	9.71443172488804e-22	TCEB2	c16
5.63327719986695e-26	0.846872099333242	0.351	0.235	1.16980634332437e-21	CD7	c16
6.08868220392376e-26	1.12919906700444	0.13	0.06	1.26437574646681e-21	UQCRH	c16
1.05034614801887e-25	1.37820962877498	0.087	0.033	2.18114881097599e-21	PRDX5	c16
1.10242243770586e-25	2.8427077432367	0.018	0.003	2.28929043413998e-21	CENPK	c16
1.17450298911343e-25	1.90073207701185	0.047	0.013	2.43897290719296e-21	CDC25B	c16
1.23872510147708e-25	1.72942045690759	0.055	0.017	2.57233654572731e-21	NDUFB3	c16
1.27063018806368e-25	0.769866019042924	0.257	0.151	2.63859064853304e-21	YWHAZ	c16
1.28579391842636e-25	3.23620730660451	0.012	0.001	2.67007965100418e-21	GNG4	c16
1.30340398420748e-25	1.55702459845771	0.068	0.023	2.70664871360525e-21	ATP5C1	c16
6.34056547387703e-25	1.16077093490776	0.117	0.052	1.3166818263053e-20	NDUFB11	c16
6.61540961270264e-25	1.76977319477732	0.059	0.019	1.37375596017383e-20	ACP5	c16
7.7561764267509e-25	1.35553517629569	0.088	0.035	1.61064759677909e-20	COX7B	c16
8.23245576370393e-25	1.70060514729548	0.055	0.017	1.70955176389076e-20	PSMB2	c16
1.12519262686755e-24	1.93530319875706	0.041	0.011	2.33657500895315e-20	UBE2A	c16
1.38767877063991e-24	2.66461948365675	0.02	0.003	2.88165373511084e-20	IL1R2	c16
1.4157373838476e-24	-1.39104840267024	0.069	0.178	2.93992025129792e-20	RPL31	c16
1.61481426806446e-24	2.65416630223627	0.016	0.002	3.35332330906266e-20	IL17A	c16
2.32744787902203e-24	1.47860760470831	0.075	0.028	4.83317826557714e-20	PDCD1	c16
2.78441489914892e-24	1.57989881134896	0.062	0.021	5.78211597957264e-20	GDI2	c16
2.87659802270511e-24	1.85497638500388	0.044	0.012	5.97354345394943e-20	RHEB	c16
3.01135767463174e-24	2.2743252737281	0.028	0.006	6.25338534714028e-20	ACYP1	c16
3.21218935223567e-24	2.43423427156677	0.031	0.007	6.67043240885259e-20	KRT86	c16
3.251642304955e-24	1.42622842309252	0.078	0.03	6.75236041046956e-20	HLA-DQB1	c16
3.67139395973405e-24	-1.10269338173717	0.144	0.266	7.62401669678372e-20	DUSP2	c16
4.35907799919605e-24	1.12361572382085	0.122	0.056	9.05206137313052e-20	TIGIT	c16
8.40645239524945e-24	-0.964694611710089	0.119	0.24	1.7456839043975e-19	RPL36AL	c16
9.35633408298956e-24	1.81772990335717	0.045	0.013	1.94293633567361e-19	TOX	c16
1.47048927285258e-23	1.45986063577713	0.063	0.022	3.05361802400568e-19	IFI6	c16
1.76487682559971e-23	1.75351693348854	0.048	0.015	3.66494321604036e-19	LBR	c16
1.85308490399796e-23	-2.11256995544108	0.033	0.125	3.84811611164216e-19	FOSB	c16
4.22947619015579e-23	2.8106977431447	0.027	0.006	8.78293025647752e-19	NAPSB	c16
4.27571170939671e-23	2.71687252721207	0.018	0.003	8.8789429357332e-19	UNG	c16
5.57166500419484e-23	1.62240391443425	0.055	0.018	1.1570119547711e-18	CCDC167	c16
6.66714072156827e-23	1.78738667583549	0.045	0.013	1.38449844224087e-18	ILF2	c16
7.31150506135827e-23	4.44681433181595	0.01	0.001	1.51830714104166e-18	HIST1H2AB	c16
1.32207101097507e-22	1.92122542820356	0.039	0.011	2.74541266139082e-18	SMS	c16
1.47158597906592e-22	2.04024678042975	0.034	0.008	3.05589544412829e-18	FDPS	c16
1.94166050379944e-22	0.588745545024694	0.409	0.293	4.03205220218992e-18	MYL12A	c16
2.41448171785648e-22	0.491577867441187	0.411	0.284	5.01391273530078e-18	ATP5E	c16
2.75283248959107e-22	1.14063941571712	0.109	0.049	5.71653194788482e-18	ABRACL	c16
4.88821470566639e-22	2.60844703808014	0.019	0.003	1.01508666577868e-17	FAM111A	c16
6.16830409432372e-22	1.35651381069352	0.077	0.03	1.28091002822726e-17	TNFRSF1B	c16
1.17409874794401e-21	-0.750419824053372	0.208	0.331	2.43813345998054e-17	RPL37A	c16
1.18172801202283e-21	0.917225963030746	0.159	0.084	2.4539763897666e-17	PCBP1	c16
1.72603315664819e-21	1.24830582769064	0.087	0.037	3.58428045309563e-17	SERBP1	c16
1.99899572652904e-21	1.52042868189268	0.059	0.021	4.15111452571021e-17	PSMA5	c16
2.87749847920239e-21	-1.41116666331162	0.061	0.157	5.97541334191168e-17	PNRC1	c16
3.07078521460202e-21	1.42289227100486	0.067	0.025	6.37679257664255e-17	UBE2N	c16
3.84458819677273e-21	0.621606594696658	0.305	0.198	7.98367184941825e-17	RGS1	c16
5.49467520452811e-21	1.22764433122456	0.092	0.04	1.14102425297231e-16	HSPD1	c16
5.67186582260114e-21	1.18602850531673	0.098	0.044	1.17781965672135e-16	APOBEC3G	c16
7.12593417124453e-21	0.625517294869841	0.299	0.195	1.47977149000064e-16	PCBP2	c16
8.43979178658685e-21	-1.30386954359803	0.066	0.162	1.75260716240263e-16	CIRBP	c16
9.2371367578512e-21	1.54336662157381	0.057	0.02	1.91818381913538e-16	HP1BP3	c16
1.08726430841891e-20	1.0319766102901	0.124	0.061	2.25781306286271e-16	TMBIM6	c16
1.11068172443461e-20	2.70023226152424	0.017	0.003	2.30644166896092e-16	SNRNP25	c16
1.21759021942705e-20	1.05811667499475	0.123	0.06	2.52844784966221e-16	CTSC	c16
1.26012388745394e-20	2.14468624877982	0.027	0.006	2.61677326468684e-16	IRF8	c16
1.40507711971384e-20	1.32535230566975	0.074	0.03	2.91778314679776e-16	NAA38	c16
1.48662218376689e-20	2.36422455031903	0.022	0.004	3.08711962681032e-16	DCTPP1	c16
1.69135452496818e-20	0.443418517228039	0.354	0.237	3.51226680654892e-16	HSP90AA1	c16
1.90844083722147e-20	-0.464175364792608	0.333	0.467	3.96306824257411e-16	FXYD5	c16
2.41470486447867e-20	1.40477637799807	0.067	0.026	5.01437612157641e-16	NAP1L4	c16
2.82522461173023e-20	1.23986508629422	0.084	0.035	5.86686142871899e-16	PRELID1	c16
3.26140218945954e-20	1.35323454945328	0.072	0.029	6.77262778663168e-16	IFI27L2	c16
4.0934358547125e-20	1.46192866482485	0.06	0.022	8.50042889589597e-16	PSMA6	c16
4.18029167203691e-20	-1.07355780388226	0.159	0.269	8.68079368615185e-16	HSPA1B	c16
4.40393301364097e-20	1.22183361632945	0.087	0.037	9.14520729612683e-16	COX17	c16
4.68872505046221e-20	1.39840616715545	0.066	0.025	9.73660643978982e-16	SRSF10	c16
5.31763145982028e-20	0.742135343165599	0.235	0.145	1.10425934894628e-15	IL2RG	c16
5.68017982899806e-20	-0.958674373022397	0.091	0.194	1.17954614328974e-15	LTB	c16
8.61247548455657e-20	2.24332579204204	0.023	0.005	1.78846665912302e-15	CD59	c16
9.35601331966228e-20	1.58671432278348	0.05	0.017	1.94286972596107e-15	CLTA	c16
9.72086202415347e-20	0.371054637730259	0.746	0.66	2.01863420793571e-15	HLA-A	c16
9.88137150529053e-20	1.91847525085466	0.033	0.009	2.05196560678863e-15	HAVCR2	c16
1.01058571583179e-19	-0.469183251188685	0.275	0.407	2.09858229749629e-15	IFITM1	c16
1.99682153846248e-19	2.71754214664432	0.015	0.002	4.14659960677119e-15	TRMT5	c16
3.03713249656563e-19	1.00919250489229	0.119	0.06	6.30690934236818e-15	EZR	c16
3.574508021531e-19	-1.11085480234213	0.097	0.195	7.42282335751128e-15	PABPC1	c16
5.06124836231902e-19	-0.541657835951274	0.322	0.44	1.05101883491917e-14	RPL35	c16
5.32958845727909e-19	1.32096544665727	0.071	0.029	1.10674233903858e-14	TAP1	c16
7.21034404147538e-19	-2.8853664322843	0.009	0.075	1.49730004365278e-14	GLTSCR2	c16
1.94744741626196e-18	2.36957468292034	0.02	0.004	4.04406930460958e-14	CDKN2A	c16
2.38930223446032e-18	0.842486403094982	0.154	0.085	4.9616250200803e-14	COX7A2	c16
2.47850422386968e-18	1.96954306229372	0.03	0.008	5.14686187128778e-14	PARP1	c16
2.56104483948361e-18	1.38835806562381	0.061	0.024	5.31826571367166e-14	XRCC6	c16
3.41732331215089e-18	1.86057019490667	0.032	0.009	7.09641359001255e-14	CD70	c16
3.61085634197373e-18	-1.01112500665341	0.097	0.192	7.49830427974264e-14	EEF2	c16
5.20833554949948e-18	1.22553414471885	0.076	0.032	1.08156296020906e-13	TOMM5	c16
5.88525802439211e-18	0.652102225035608	0.253	0.164	1.22213268134527e-13	CD2	c16
6.61430317994186e-18	1.80830181166265	0.034	0.01	1.37352619834673e-13	PSMC3	c16
7.96863477894513e-18	1.5669462664769	0.046	0.016	1.65476669819575e-13	TWF2	c16
1.1343152800942e-17	-1.03125017301413	0.12	0.217	2.35551911064362e-13	TNFAIP3	c16
1.39391934368671e-17	1.02675394097556	0.105	0.052	2.89461290909982e-13	SEPT7	c16
1.50330888374259e-17	0.984488089680582	0.111	0.056	3.12177122797986e-13	NDUFB1	c16
2.01708670028596e-17	1.33262180969033	0.067	0.028	4.18868224181383e-13	TCEA1	c16
3.08499877478793e-17	-1.13238714026212	0.089	0.179	6.40630845572461e-13	PPP1R15A	c16
3.36127377297424e-17	-1.62847040965513	0.034	0.106	6.9800211169583e-13	SNHG8	c16
3.42297402124027e-17	1.77075395283065	0.034	0.01	7.10814785250755e-13	LSM3	c16
3.92369442757146e-17	1.14556398318551	0.087	0.041	8.14794384829489e-13	BST2	c16
5.48644498611723e-17	-1.5726069199196	0.041	0.116	1.1393151658171e-12	SLC2A3	c16
6.16560649005071e-17	2.24173680656162	0.02	0.004	1.28034984372393e-12	CBX5	c16
8.35079780372374e-17	-0.851842629726911	0.343	0.433	1.73412667192127e-12	FTH1	c16
9.00318152498785e-17	1.64748680677775	0.039	0.013	1.86960067547898e-12	NUDT21	c16
1.10223771216231e-16	-1.36739091124587	0.048	0.125	2.28890683307625e-12	RPL17	c16
1.48136908595511e-16	1.18187073278459	0.075	0.033	3.07621104389438e-12	UBE2I	c16
1.65365171199402e-16	-2.12387055223965	0.021	0.085	3.43397314512678e-12	EGR1	c16
1.70235791885473e-16	1.04930955390936	0.094	0.045	3.53511645429374e-12	HNRNPC	c16
3.26986558596572e-16	1.60161319916282	0.04	0.013	6.79020287581642e-12	MDH1	c16
3.71738737024109e-16	0.908121220307789	0.119	0.063	7.71952661304265e-12	TMEM258	c16
5.71706044702883e-16	-2.71608688006404	0.011	0.068	1.18720477243001e-11	KLF2	c16
6.17335703604783e-16	1.26268630671493	0.07	0.031	1.28195932210569e-11	CAPG	c16
6.30082721104514e-16	0.650393211069272	0.481	0.403	1.30842977864563e-11	IL32	c16
6.54420129309766e-16	1.05772063420755	0.09	0.043	1.35896884052466e-11	NME2	c16
7.77020171055914e-16	-0.96855829343665	0.124	0.215	1.61356008721471e-11	ND5	c16
7.80693589839347e-16	1.28992957135543	0.059	0.024	1.62118830866039e-11	SIRPG	c16
8.45873940832908e-16	1.56629748820827	0.041	0.014	1.75654182553362e-11	YWHAE	c16
8.86669082862066e-16	-0.760001299902406	0.15	0.246	1.84125701747137e-11	RPL4	c16
1.17429818719767e-15	1.93336997286817	0.026	0.007	2.43854761553469e-11	RNASEH2B	c16
1.40280097199547e-15	1.46447710061311	0.046	0.017	2.9130564984458e-11	XRCC5	c16
1.53612839413041e-15	0.972561559413994	0.105	0.054	3.18992422325121e-11	SH2D2A	c16
1.78889979323573e-15	1.4816918170168	0.044	0.016	3.71482931063332e-11	NONO	c16
2.08866371944188e-15	-1.03460641209387	0.08	0.162	4.337319079793e-11	COMMD6	c16
4.31721458783035e-15	-0.973367059644071	0.09	0.172	8.9651278130885e-11	ITM2B	c16
4.59612034998638e-15	-0.732803009959181	0.166	0.26	9.54430351878171e-11	CST7	c16
5.79781786041254e-15	1.83784608727667	0.027	0.008	1.20397485689327e-10	NDFIP2	c16
8.34904452664841e-15	1.96775759259615	0.03	0.009	1.73376258640381e-10	LAIR2	c16
8.37901829009372e-15	1.24367278500805	0.06	0.026	1.73998693812086e-10	MRPS6	c16
1.0547194855816e-14	1.03850025283207	0.089	0.044	2.19023048375874e-10	SLC9A3R1	c16
1.69658348826667e-14	2.00334282108709	0.022	0.006	3.52312527173457e-10	MIS18BP1	c16
1.85362065110263e-14	1.781159136204	0.028	0.008	3.84922864407971e-10	MAD2L2	c16
1.94880377851337e-14	2.51034726676708	0.013	0.002	4.04688592646086e-10	YEATS4	c16
2.17185400015789e-14	1.68556725463602	0.033	0.011	4.51007201672788e-10	GALM	c16
2.60339417945455e-14	1.35804842953931	0.051	0.02	5.40620835305531e-10	HLA-DMA	c16
3.63254150189165e-14	0.717458208634194	0.236	0.161	7.54333568282821e-10	CD8A	c16
4.47961962473907e-14	-0.973091153873362	0.079	0.155	9.30237811273315e-10	RPS11	c16
5.34969412575081e-14	-1.23855028523708	0.05	0.118	1.11091748215341e-09	LEPROTL1	c16
6.37047506952804e-14	1.26262333690401	0.055	0.023	1.32289285293819e-09	ATP5A1	c16
6.79712759138588e-14	1.03989535358656	0.08	0.039	1.41149151562719e-09	ANXA6	c16
6.96651117111696e-14	-2.29733264516414	0.012	0.064	1.44666570979415e-09	RPS14P3	c16
7.96097523388662e-14	1.23548178733305	0.059	0.025	1.6531761170689e-09	NDUFA2	c16
9.73326884873561e-14	-1.96815917916277	0.016	0.069	2.02121060912844e-09	SERP1	c16
1.04286491858275e-13	0.994211962220232	0.091	0.046	2.16561328992894e-09	CORO1B	c16
1.07270990333063e-13	-1.23129828952888	0.052	0.119	2.22758938525638e-09	ZFAS1	c16
1.11197161271144e-13	1.50735085054161	0.037	0.013	2.30912025095657e-09	RNASEH2C	c16
1.25472475890334e-13	2.01995608548487	0.02	0.005	2.60556143433868e-09	SSRP1	c16
1.40727355778012e-13	1.60841237832348	0.033	0.011	2.92234427008621e-09	TAF15	c16
1.7383147447993e-13	1.51786068925365	0.037	0.013	3.60978439905023e-09	ETFB	c16
1.77507690915962e-13	1.30644495065002	0.053	0.022	3.68612470956087e-09	CCND2	c16
1.80366201256722e-13	-1.17539019526311	0.056	0.124	3.7454845352971e-09	CD37	c16
1.97187921053396e-13	1.84978637281461	0.028	0.009	4.09480436859482e-09	IL2RA	c16
2.08883772216936e-13	0.9602889216923	0.091	0.047	4.33768041385689e-09	CD63	c16
2.14024035228957e-13	1.87475439062962	0.023	0.007	4.44442311556452e-09	CCT5	c16
2.30551128932555e-13	1.40745494045117	0.045	0.018	4.78762474341345e-09	NDUFA12	c16
2.6424557538421e-13	1.12417290358548	0.066	0.03	5.4873236184285e-09	RNF167	c16
2.84014166727213e-13	-0.649715859758489	0.768	0.802	5.89783818625731e-09	RNR2	c16
3.48714207004519e-13	-2.08507557582089	0.016	0.066	7.24139922265583e-09	SERTAD1	c16
3.51858283358847e-13	-0.555082097648322	0.226	0.319	7.30668911222981e-09	RPS2	c16
3.59032866940126e-13	2.62041967974622	0.011	0.002	7.45567651487866e-09	LOC100506844	c16
4.2837904214207e-13	2.45573132667005	0.015	0.003	8.89571918912222e-09	VPREB3	c16
5.70950786471731e-13	2.31270544407855	0.012	0.002	1.1856364031872e-08	ZBED2	c16
5.83043693681539e-13	-1.8254971324166	0.02	0.071	1.21074853429908e-08	EIF4A2	c16
8.5422385062862e-13	-0.609015415390911	0.214	0.303	1.77388124821539e-08	KLF6	c16
8.57657823896585e-13	-2.50405526220367	0.06	0.125	1.78101223710365e-08	RN7SK	c16
9.77792929883702e-13	1.55566647275318	0.033	0.011	2.03048479819649e-08	GSTO1	c16
1.13120347850783e-12	1.62679176215882	0.03	0.01	2.34905714346936e-08	HNRNPD	c16
1.27016161378076e-12	2.35641156078803	0.013	0.003	2.63761760717712e-08	CDCA4	c16
1.42521825551753e-12	1.16719478096807	0.058	0.026	2.95960822940771e-08	ATP5F1	c16
1.44758102687079e-12	1.28210262431982	0.048	0.02	3.00604676039989e-08	GPI	c16
1.6990356860045e-12	0.907714474561538	0.092	0.049	3.52821750555695e-08	TRAPPC1	c16
1.82418166959608e-12	-0.926169480163372	0.087	0.159	3.78809565508322e-08	KLRB1	c16
1.97405186077936e-12	0.794101938076686	0.13	0.077	4.09931609409442e-08	BATF	c16
2.35972821980461e-12	-0.816224563273597	0.234	0.315	4.90021162124625e-08	HSPA1A	c16
2.58267363363289e-12	0.525842442052391	0.34	0.26	5.36318006760207e-08	S100A6	c16
2.74780819807366e-12	1.57967333740291	0.03	0.01	5.70609850411976e-08	PSIP1	c16
2.8505113153939e-12	0.712264116901119	0.145	0.089	5.91937179754696e-08	GMFG	c16
2.91056192271207e-12	1.12114564329934	0.061	0.028	6.04407288870388e-08	SEC11A	c16
3.05359431984678e-12	-1.27197483578873	0.042	0.101	6.34109396459383e-08	TAGAP	c16
3.30069424982456e-12	2.0275474186903	0.018	0.005	6.85422167918568e-08	SUPT16H	c16
3.38097216941446e-12	1.77830593514246	0.023	0.007	7.02092680700607e-08	CPNE3	c16
4.3045355173642e-12	1.06449156087676	0.065	0.031	8.9387984553585e-08	MZT2B	c16
4.31610644070509e-12	0.739259359231115	0.134	0.081	8.96282663476819e-08	RBM3	c16
4.66516831394687e-12	1.4966117928674	0.034	0.012	9.68768852074207e-08	NUTF2	c16
5.59048745143094e-12	-0.865033041428297	0.087	0.157	1.16092062416415e-07	LRRC75A-AS1	c16
5.62120396641909e-12	1.94765761352511	0.02	0.006	1.16729921566659e-07	APOBEC3C	c16
6.50320067418496e-12	-1.34818451142078	0.035	0.09	1.35045465200125e-07	SRSF5	c16
7.97167375547091e-12	2.41584853549701	0.012	0.002	1.65539777206109e-07	RFC2	c16
8.2276597379464e-12	1.78376023045546	0.026	0.008	1.70855582118195e-07	CD9	c16
8.47251147492494e-12	1.11945553271679	0.059	0.027	1.75940173288291e-07	EID1	c16
8.60298137344646e-12	1.31025622581545	0.044	0.019	1.78649511200989e-07	SNRPA	c16
8.89881580062068e-12	-1.4036388577707	0.031	0.084	1.84792808915689e-07	CNBP	c16
9.32145550753309e-12	0.804130387739479	0.113	0.066	1.93569345069432e-07	UQCR10	c16
9.58417083015411e-12	-1.25640729046689	0.049	0.108	1.9902489145898e-07	NR4A2	c16
1.52233341302246e-11	-2.03408375422802	0.013	0.057	3.16127756548245e-07	GAS5	c16
2.02957889471993e-11	1.65350431306548	0.026	0.008	4.2146235327754e-07	GTF3C6	c16
2.49006359910817e-11	-1.14153972784341	0.063	0.124	5.17086606990803e-07	GADD45B	c16
2.90903791943753e-11	1.21754205056719	0.053	0.024	6.04090814350397e-07	CXCR6	c16
3.31422494620331e-11	0.92948592337751	0.079	0.042	6.8823195232858e-07	MSN	c16
3.35386561580856e-11	-1.61213449102644	0.022	0.069	6.96463733778805e-07	YPEL5	c16
5.14499200841505e-11	0.843742606984363	0.107	0.062	1.06840904046747e-06	LOC101060038	c16
5.71247436537199e-11	1.42178861611051	0.034	0.013	1.18625242671315e-06	ARL6IP6	c16
5.73459693003837e-11	-2.11036885116591	0.012	0.053	1.19084639849177e-06	PIK3R1	c16
6.77053582841813e-11	1.31359847724906	0.041	0.017	1.40596947012931e-06	C1QBP	c16
9.49931732382691e-11	1.93737422439751	0.017	0.005	1.9726282354659e-06	LAYN	c16
1.13294006738288e-10	1.67938894298709	0.02	0.006	2.35266334392729e-06	SOX4	c16
1.1578908872588e-10	1.45065759344618	0.031	0.012	2.40447621648162e-06	ILF3	c16
1.1753295194856e-10	1.81902221298501	0.02	0.006	2.4406892801638e-06	MTCH2	c16
1.24230812409911e-10	0.894665184191488	0.082	0.045	2.57977705050422e-06	BAX	c16
1.29243570774397e-10	0.182313422411335	0.125	0.076	2.68387199070112e-06	CCL3	c16
1.36366750441324e-10	-1.56846753847593	0.022	0.067	2.83179193966454e-06	EIF3E	c16
2.29589934950496e-10	1.31994000412289	0.037	0.015	4.767664589182e-06	NDUFAB1	c16
2.35841324889394e-10	-0.586221309334848	0.173	0.248	4.89748095265315e-06	NFKBIA	c16
2.39204548000542e-10	-1.77956250999602	0.017	0.059	4.96732164377926e-06	KMT2E-AS1	c16
2.68385956773449e-10	-0.520938086344142	0.435	0.506	5.57330277835744e-06	COX3	c16
3.05563746726838e-10	-1.49375644480854	0.024	0.069	6.34533676452951e-06	LITAF	c16
3.2286308042417e-10	-3.21536757782943	0.003	0.036	6.70457472808831e-06	KLRG1	c16
3.34360957810535e-10	-1.18993773047291	0.037	0.087	6.94333964989358e-06	GZMM	c16
3.48143829447966e-10	-0.876976200672865	0.066	0.124	7.22955476231646e-06	PCED1B-AS1	c16
3.88654253894709e-10	0.754786421615534	0.104	0.061	8.07079423637754e-06	NDUFA1	c16
3.9004610845828e-10	1.59574170603056	0.024	0.008	8.09969748824464e-06	PRKDC	c16
4.04211218740272e-10	1.83360553612945	0.018	0.005	8.39385016836048e-06	TOX2	c16
4.90699238909567e-10	-1.51548389563743	0.024	0.068	1.01898603951961e-05	LINC00861	c16
4.95494313055383e-10	1.32087981660971	0.035	0.014	1.02894349049081e-05	MEA1	c16
6.17383932323309e-10	-1.61147840368164	0.018	0.059	1.28205947386258e-05	AHNAK	c16
6.28557601644136e-10	-0.66052516629191	0.077	0.138	1.30526271557421e-05	GZMK	c16
6.42831423741763e-10	-1.0353364480364	0.062	0.118	1.33490373454214e-05	DNAJA1	c16
6.73928312057371e-10	1.08574417230893	0.052	0.025	1.39947953281834e-05	SUMO1	c16
7.3404774322934e-10	1.17524748439523	0.044	0.02	1.52432354359005e-05	PTPN7	c16
7.54793400781963e-10	0.929257775193134	0.069	0.036	1.56740397606382e-05	PSMB1	c16
8.9490937604005e-10	0.681107606445319	0.119	0.074	1.85836881028477e-05	PTGES3	c16
8.98965356484086e-10	1.16896753624665	0.044	0.02	1.86679145927485e-05	PPP4C	c16
1.02137973574582e-09	1.46841658630117	0.024	0.008	2.12099715924978e-05	GEM	c16
1.11773937357918e-09	-1.86119291062666	0.013	0.051	2.32109758317452e-05	PDCD4	c16
1.62950299883417e-09	0.751656018896516	0.1	0.06	3.38382592737904e-05	C9orf16	c16
1.74108938782378e-09	0.529785128324678	0.14	0.091	3.61554622275486e-05	IFNG	c16
2.3241194013678e-09	-2.27951815522054	0.009	0.043	4.82626634888038e-05	FGFBP2	c16
2.36358739977364e-09	-2.07261086655448	0.01	0.045	4.90822559436994e-05	TSPYL2	c16
2.44065584762844e-09	0.900767121526109	0.071	0.039	5.06826593318521e-05	COPE	c16
2.5540132947506e-09	-2.27044335015375	0.008	0.041	5.30366400787909e-05	ITK	c16
3.24407907395684e-09	1.49739565327293	0.025	0.009	6.73665460497877e-05	TMEM109	c16
3.41091821204606e-09	0.35064229662078	0.322	0.25	7.08311275913484e-05	UBB	c16
3.63203681236264e-09	0.90777271630557	0.066	0.036	7.54228764455225e-05	MINOS1	c16
4.41424827610273e-09	0.701866166612116	0.115	0.072	9.16662797015494e-05	SPOCK2	c16
4.65267485959319e-09	1.21048484349241	0.039	0.017	9.66174461343122e-05	GBP2	c16
5.10373676556618e-09	1.45521708854631	0.026	0.01	0.000105984197673747	ANXA2P2	c16
5.36394215583214e-09	0.822016707872962	0.079	0.045	0.00011138762280801	BRK1	c16
5.37629915490668e-09	1.60202076892071	0.021	0.007	0.000111644228250792	CDKN2D	c16
5.38077531827719e-09	0.688732152671612	0.109	0.067	0.000111737180259344	NDUFS5	c16
6.38446896826652e-09	1.74784344866303	0.019	0.006	0.000132579882595023	BCAS4	c16
7.03122645504496e-09	0.981380506269267	0.059	0.031	0.000146010448565464	IL2RB	c16
7.18706524209499e-09	0.616229335438079	0.132	0.086	0.000149246596817345	LCK	c16
8.4044727498734e-09	1.87670725313942	0.015	0.004	0.000174527281123871	TFDP1	c16
8.47820084695669e-09	1.97923762426982	0.013	0.004	0.000176058318787903	ARL3	c16
8.85788808594402e-09	1.27423238898995	0.033	0.014	0.000183942903992714	NDUFB6	c16
9.86340518437111e-09	-0.344909244684556	0.37	0.44	0.00020482347205865	RPL15	c16
9.88550352574395e-09	0.821433411752292	0.08	0.046	0.000205282366215599	SEPT6	c16
1.03635816755274e-08	-0.737393397076643	0.091	0.148	0.000215210137074001	ANXA1	c16
1.15827660588435e-08	1.02348453735898	0.055	0.029	0.000240527719977944	PRDX6	c16
1.20951180041819e-08	-1.16117761221305	0.035	0.078	0.000251167220474841	RPL21P28	c16
1.20983835162585e-08	0.719520418469603	0.096	0.058	0.000251235032098624	CDC42	c16
1.24174914451685e-08	-1.56180912256043	0.016	0.052	0.000257861627350368	SOCS3	c16
1.34071061618914e-08	1.25577990888745	0.037	0.017	0.000278411966557837	SDF2L1	c16
1.53993174541609e-08	0.510347266767084	0.173	0.121	0.000319782226253106	SNRPD2	c16
1.56830069599818e-08	-0.557799643976715	0.479	0.493	0.000325673322530982	RPS26	c16
1.68709435893541e-08	1.38570727502146	0.028	0.011	0.000350342014576526	UBE2J1	c16
1.81918911964939e-08	1.26454425293552	0.032	0.014	0.000377772812586393	EIF3A	c16
1.8521840253959e-08	1.15118488607856	0.038	0.017	0.000384624534713713	HNRNPM	c16
1.85464367898854e-08	1.43997576301862	0.023	0.009	0.00038513530637876	KIR2DL4	c16
1.88606734442573e-08	-2.33732728585045	0.006	0.035	0.000391660744743447	TC2N	c16
2.04274445183408e-08	1.87871616657335	0.014	0.004	0.000424196312867865	SMCO4	c16
2.07974439390076e-08	-1.30278262440694	0.059	0.106	0.000431879720837432	CCL4L1	c16
2.16439782426789e-08	1.97437924270961	0.011	0.003	0.000449458852187471	CSF2	c16
2.62159986349993e-08	1.37974190538202	0.026	0.01	0.000544401427654396	MX1	c16
2.8279934767092e-08	-1.35860848362059	0.023	0.059	0.000587261125373432	KIAA1551	c16
3.00170106251344e-08	0.845352321904236	0.071	0.04	0.000623333242641542	ZYX	c16
3.57485538428231e-08	0.642874064326985	0.119	0.078	0.000742354469100065	CD3G	c16
3.61858805150169e-08	2.16333200157722	0.01	0.002	0.000751435994774841	CAMK1	c16
3.70872704240048e-08	0.792531542333803	0.076	0.044	0.000770154257624884	PDIA3	c16
3.73176925568129e-08	0.535067851727838	0.171	0.121	0.000774939203634777	EMP3	c16
3.73958675533424e-08	1.16920856791389	0.037	0.017	0.000776562585612709	H3F3A	c16
3.94468440898411e-08	0.912892195364437	0.062	0.034	0.00081915316436964	SPCS2	c16
4.04044604568579e-08	1.16920856791389	0.037	0.017	0.000839039025847112	SURF4	c16
4.11075025368812e-08	1.11708757497324	0.039	0.018	0.000853638397680875	ANP32A	c16
4.38159250855394e-08	2.00081103621817	0.012	0.003	0.000909881500326311	ITGB3BP	c16
4.48111821715225e-08	0.832368763622596	0.068	0.038	0.000930549008973836	NDUFB9	c16
5.11864857025507e-08	-1.38500436982384	0.021	0.056	0.00106293856209917	CCNL1	c16
5.98952128699974e-08	1.87845340452164	0.013	0.004	0.00124378399045837	PTPLAD1	c16
6.38855610194117e-08	1.14514618184847	0.036	0.016	0.0013266475601291	SUMO3	c16
7.05323352779259e-08	0.9575147405197	0.058	0.031	0.00146467447438141	IGFLR1	c16
9.34302433028257e-08	1.08980296615525	0.039	0.019	0.00194017243242648	SET	c16
1.00581391199518e-07	1.60935451578326	0.017	0.006	0.00208867316964919	FAM3C	c16
1.13350406546634e-07	-1.60205748387584	0.014	0.045	0.0023538345423474	PARP8	c16
1.15214111538732e-07	0.86051727430285	0.06	0.033	0.00239253624021331	UBE2L6	c16
1.18048433799596e-07	1.02422992360181	0.045	0.023	0.00245139377628242	EWSR1	c16
1.26403360833071e-07	-1.83152731327569	0.01	0.039	0.00262489219105955	IL10RA	c16
1.46648642664674e-07	0.904212645746806	0.054	0.029	0.00304530571357462	SIT1	c16
1.48510859788276e-07	-0.572292486249432	0.111	0.166	0.00308397651436335	OST4	c16
1.56812245786535e-07	2.07609916352241	0.01	0.003	0.00325636309600318	GGCT	c16
1.60679590832342e-07	0.932634081533753	0.052	0.028	0.00333667238322441	SLC3A2	c16
1.6217622000056e-07	0.940398332798335	0.05	0.026	0.00336775138453163	NDUFS8	c16
1.63387963642423e-07	-1.47429783520841	0.016	0.048	0.00339291445299857	EIF4B	c16
1.63696156182258e-07	-1.42666470701772	0.016	0.048	0.00339931437928076	RSRP1	c16
1.6568877124035e-07	0.745992384532775	0.076	0.045	0.00344069302357711	C11orf31	c16
1.67237124001144e-07	0.686900745397869	0.095	0.06	0.00347284611700775	SEC61G	c16
1.78921740177188e-07	1.57208418239122	0.018	0.006	0.00371548885651948	COPS3	c16
1.7898868044475e-07	-0.951257987123056	0.039	0.078	0.00371687893811568	RPS18P9	c16
1.81861204841736e-07	-1.48472164186675	0.023	0.057	0.00377652977974349	TYROBP	c16
2.00884181737685e-07	-1.39935635399255	0.019	0.051	0.00417156091796477	CSRNP1	c16
2.12696583832694e-07	1.7135290841377	0.017	0.006	0.00441685725986972	CTSH	c16
2.22655228086741e-07	1.03159547932312	0.043	0.022	0.00462365846644926	SF3B2	c16
2.23413304566472e-07	0.872993039235729	0.056	0.031	0.00463940068262735	HMGN3	c16
2.23904556978573e-07	1.10265258256372	0.036	0.017	0.00464960203021705	DCK	c16
2.44424354195489e-07	1.2622161984673	0.027	0.012	0.00507571613922352	TMEM14C	c16
2.52308925695794e-07	1.85457296559288	0.012	0.004	0.00523944715099886	GMDS	c16
2.58589898275406e-07	-0.887685785626771	0.06	0.104	0.00536987782758708	NR4A1	c16
2.611517755244e-07	0.676856600212361	0.094	0.059	0.00542307777053969	NDUFA11	c16
2.61189643985681e-07	-1.68331351045291	0.012	0.04	0.00542386414700666	N4BP2L2	c16
2.87021343619693e-07	0.858988242621982	0.057	0.032	0.00596028522160654	SRI	c16
3.03988603777156e-07	-0.445455721965976	0.185	0.246	0.00631262734603643	IFITM2	c16
3.11058709444547e-07	-0.59441397441024	0.094	0.144	0.00645944516032546	LOC101929876	c16
3.16141142164323e-07	-0.997295567363324	0.056	0.099	0.00656498695818432	CITED2	c16
3.22939786600416e-07	-0.941210065063086	0.041	0.08	0.00670616760854424	RPL23	c16
3.47986108211199e-07	0.597545213493629	0.112	0.074	0.00722627952311376	LIME1	c16
3.78262395434378e-07	0.381731268670233	0.24	0.184	0.0078549969035903	HSP90AB1	c16
4.09570709946122e-07	0.713330707369988	0.078	0.048	0.00850514536274117	WDR83OS	c16
4.39697225432202e-07	-1.8116403317412	0.009	0.036	0.00913075258332511	TOMM20	c16
4.47775872965267e-07	0.718307806760946	0.012	0.003	0.00929851377799673	IGLL5	c16
4.68978484168922e-07	1.11166452350612	0.034	0.016	0.00973880720225183	ACTN4	c16
4.73480166520538e-07	0.771785522549273	0.069	0.041	0.00983228913796549	LGALS3	c16
4.78894999111365e-07	0.611344737180592	0.101	0.066	0.0099447335515466	COX5B	c16
4.94555010597646e-07	-0.429017813943803	0.208	0.268	0.0102699293500707	HCST	c16
4.95223804593605e-07	-0.394735519850933	0.391	0.442	0.0102838175261908	H3F3B	c16
5.01095257214031e-07	1.27134447354308	0.026	0.011	0.0104057441113066	PSMG2	c16
5.37138726386334e-07	-0.88551519629422	0.045	0.084	0.0111542227921386	VAMP2	c16
5.64106190044731e-07	-2.24421788145897	0.005	0.029	0.0117142291424689	CD55	c16
6.01026275474591e-07	-1.33190556540715	0.02	0.051	0.0124809116365054	ZNF331	c16
6.19384771089399e-07	1.58849303829292	0.019	0.007	0.0128621441564425	METAP2	c16
6.3739255429118e-07	0.837542777059867	0.055	0.031	0.0132360937824106	NDUFV2	c16
6.64678321162849e-07	-1.48453261692761	0.016	0.044	0.0138027100172677	DDIT3	c16
6.96347370819218e-07	-0.82627595096362	0.048	0.088	0.0144603495024319	SNHG6	c16
7.06162724220106e-07	0.957288160584581	0.044	0.023	0.0146641751311547	C14orf166	c16
7.06977851353607e-07	0.652404378695719	0.086	0.054	0.014681102061209	SEC61B	c16
8.48024829986866e-07	0.693048380653508	0.079	0.049	0.0176100836195073	ARHGDIA	c16
8.93481867777788e-07	1.58424606719273	0.017	0.006	0.0185540444662736	PPT1	c16
9.0140913559899e-07	-1.19202506390801	0.024	0.056	0.0187186621098486	BRD2	c16
1.07645203452201e-06	1.359892129523	0.021	0.008	0.022353602948884	HINT2	c16
1.08527234988003e-06	-1.84729907172104	0.009	0.033	0.0225367656176087	TOB1	c16
1.10895663104198e-06	1.19695355839679	0.027	0.012	0.0230285934002177	CCT8	c16
1.1796028562166e-06	-0.694949042706099	0.072	0.115	0.0244956329121939	CYTIP	c16
1.24947905115774e-06	0.713955475463659	0.073	0.044	0.0259466819763415	C14orf2	c16
1.25940061697172e-06	1.50313419590084	0.017	0.006	0.0261527132120347	EBP	c16
1.30500756841226e-06	-1.52617256578424	0.011	0.036	0.0270997871656489	BRE-AS1	c16
1.31779404060869e-06	1.00570983563101	0.039	0.02	0.02736531104728	HLA-DRB1	c16
1.36684515954723e-06	-1.47502361367419	0.014	0.041	0.0283839065831578	STK4	c16
1.38830297747596e-06	1.60361139205966	0.015	0.005	0.0288294996302657	TPGS2	c16
1.40797924103959e-06	0.165380501242188	0.774	0.742	0.0292380969194282	HLA-C	c16
1.43985212066791e-06	-2.32216464073693	0.005	0.026	0.0298999691377899	RPS4Y1	c16
1.44971596715547e-06	-0.791091308265856	0.052	0.09	0.0301048017739505	MCL1	c16
1.8061253255562e-06	1.10669208379378	0.03	0.014	0.0375059985105001	CMC2	c16
1.82864706708873e-06	0.983311825220192	0.038	0.02	0.0379736849951646	ATP5G1	c16
1.92614916395168e-06	1.35641156078803	0.02	0.008	0.0399984135386206	EPSTI1	c16
1.94838761708217e-06	1.2895028016316	0.023	0.01	0.0404602172563283	TMEM14A	c16
2.11905274847548e-06	-1.0995394891143	0.027	0.058	0.0440042493748419	CCNH	c16
2.14872126155178e-06	1.18301436743892	0.027	0.012	0.0446203457173843	VDAC3	c16
2.1492179924295e-06	1.46596843529644	0.017	0.006	0.044630660830791	TESC	c16
2.16371581533663e-06	0.571550623198299	0.106	0.072	0.0449317226212805	POLR2L	c16
2.18106802170974e-06	0.802580271954826	0.055	0.031	0.0452920585388246	HNRNPU	c16
2.25979499865996e-06	1.52925718722031	0.016	0.006	0.0469269029421727	CD79B	c16
2.27792958123352e-06	0.704166980934006	0.073	0.046	0.0473034856838952	LSM7	c16
2.36158081297804e-06	-0.957009148289533	0.034	0.067	0.0490405871623021	EIF3G	c16
2.37666241757924e-06	-1.48929644311182	0.014	0.04	0.0493537717634505	GeneID:102723863	c16
2.41102090660467e-06	-1.60009300837201	0.011	0.035	0.0500672601465525	RNASET2	c16
2.77230322327244e-06	-1.58740811383369	0.011	0.035	0.0575696487344754	RSL24D1	c16
2.81949463233452e-06	0.980986677005676	0.037	0.019	0.0585496255350587	POLR2G	c16
2.85193467068509e-06	1.45136613410865	0.017	0.007	0.0592232753714466	PSMD14	c16
2.86525008198732e-06	-1.25322949211723	0.019	0.046	0.0594997832025488	CD48	c16
2.97982027647053e-06	-1.15377605945635	0.017	0.044	0.061878947861187	NOSIP	c16
2.98838629222708e-06	1.71603593974827	0.012	0.004	0.0620568297443875	CCDC50	c16
3.08328550096151e-06	1.47715243336555	0.016	0.006	0.0640275067129668	GBP4	c16
3.12868935760694e-06	-1.84663002558289	0.007	0.029	0.0649703632000656	DNAJB4	c16
3.17134228842964e-06	-1.74499145455717	0.009	0.031	0.06585609396153	DHRS7	c16
3.17224481536731e-06	0.908257476580582	0.042	0.023	0.0658748358359175	BTG3	c16
3.26971302752766e-06	1.22078571006247	0.024	0.011	0.0678988607296393	LIMS1	c16
3.28634128637023e-06	0.698415310777935	0.07	0.044	0.0682441631527642	PPP1R18	c16
3.62816571317287e-06	-0.76741367107422	0.491	0.533	0.0753424891997478	RNR1	c16
3.74413593158757e-06	1.0806146446449	0.03	0.015	0.0777507267553475	THRAP3	c16
3.76476626858071e-06	0.756984254526535	0.063	0.038	0.0781791363333471	PMAIP1	c16
3.76595267356185e-06	0.914865122344138	0.052	0.03	0.0782037732191853	SYNGR2	c16
3.82353343489725e-06	1.95745466702379	0.01	0.003	0.0793994953090763	HMCES	c16
4.25155237254344e-06	-1.11764129548961	0.027	0.056	0.088287736568237	NEAT1	c16
4.3369673380777e-06	1.31866946679648	0.02	0.008	0.0900614637425216	CCT2	c16
4.43199041144154e-06	1.6694207318478	0.012	0.004	0.0920347128839949	POLD2	c16
4.48847392701733e-06	1.94024979058341	0.011	0.003	0.0932076495684418	WARS	c16
4.66077491483158e-06	-1.21549341304631	0.016	0.041	0.0967856518813927	DDX3X	c16
4.78156889424665e-06	1.0225836541954	0.033	0.016	0.0992940596579259	MAGOH	c16
5.1582308107959e-06	-2.01249980723216	0.005	0.024	0.107115821016988	NEU1	c16
5.95870089543174e-06	1.34873433963847	0.02	0.008	0.123738382794535	CSF1	c16
6.5280647207509e-06	0.85395627864613	0.045	0.025	0.135561791991113	ZNF706	c16
7.24636673676935e-06	-0.998693220678315	0.028	0.057	0.150478051655752	SF1	c16
7.24841249566818e-06	0.755004033462391	0.065	0.04	0.150520533885045	ISG15	c16
7.5732464894296e-06	-2.06272115514355	0.005	0.025	0.157266036599495	CCR7	c16
7.663223817821e-06	-0.676147248583761	0.062	0.099	0.159134505800871	GSTK1	c16
8.59777119809178e-06	-1.38209927695545	0.014	0.038	0.178541316699574	FNBP1	c16
8.64142365436842e-06	-0.68834979454046	0.056	0.092	0.179447803606615	UQCRB	c16
8.88829263959273e-06	1.21787312465057	0.021	0.009	0.184574284953783	ICA1	c16
9.54202951769711e-06	0.754171068635043	0.053	0.031	0.198149784964498	CXCR3	c16
1.00634942760967e-05	-0.468435820411996	0.112	0.157	0.208978522137424	C12orf57	c16
1.02716147583116e-05	-1.12497453649057	0.021	0.047	0.213300352071098	SMDT1	c16
1.0628880353158e-05	0.604711440206336	0.08	0.052	0.220719329413679	TSPO	c16
1.10472658312407e-05	-1.11440671534236	0.022	0.048	0.229407522251544	RPS20	c16
1.11317046380744e-05	0.86958583307599	0.042	0.023	0.231160978514253	NDUFS6	c16
1.16640086081755e-05	1.2622161984673	0.02	0.009	0.242214802757372	CISD2	c16
1.19640110572506e-05	-0.657961159699227	0.059	0.095	0.248444653614866	CD44	c16
1.21737024197291e-05	1.16965186029436	0.023	0.011	0.252799104448095	UQCC2	c16
1.29566291340334e-05	-2.92067693560331	0.002	0.018	0.269057360597338	ICAM2	c16
1.30060314217789e-05	1.59587749548342	0.012	0.004	0.27008324850466	SNAP47	c16
1.34085783459172e-05	0.747221099156479	0.055	0.033	0.278442537931316	CLEC2D	c16
1.38266892668122e-05	1.02802653366926	0.03	0.015	0.287125029314622	FAM195B	c16
1.41979320946464e-05	-1.20869316522681	0.02	0.045	0.294834257877428	CMC1	c16
1.4360754773263e-05	-2.01287831832993	0.005	0.024	0.298215433621579	PLAC8	c16
1.52415427913732e-05	-2.59025166403941	0.002	0.019	0.316505877605656	GCC2	c16
1.55289289765329e-05	0.730543737968931	0.059	0.036	0.322473739126682	NOP10	c16
1.60283376529229e-05	0.863142858845492	0.041	0.023	0.332844459700597	PSMA1	c16
1.6097014613152e-05	-1.726899690766	0.008	0.028	0.334270605456714	AIM1	c16
1.64123033173926e-05	-1.1262066040667	0.016	0.04	0.340817890688975	H3F3C	c16
1.71009832582527e-05	1.15202555624053	0.023	0.011	0.355119018340876	DDX46	c16
1.7184635644671e-05	-1.4248849445594	0.01	0.031	0.356856143797238	SCML4	c16
1.75948911614729e-05	-0.899933967167158	0.032	0.061	0.365375509859146	ATP6V1G1	c16
1.76006633197429e-05	0.889326971576881	0.038	0.021	0.365495374497781	NHP2	c16
1.78694540905238e-05	-1.63355908464807	0.009	0.029	0.371077083643818	PRKCQ-AS1	c16
1.91221398022201e-05	-1.6980888946	0.008	0.027	0.397090355132903	REL	c16
1.92015144320643e-05	-0.952510945821833	0.027	0.054	0.398738648696248	JUND	c16
2.04535688970733e-05	-1.12820324736644	0.02	0.044	0.424738811716623	LYAR	c16
2.08758648706293e-05	0.817364895122236	0.044	0.025	0.433508209903487	TYMP	c16
2.09888418140256e-05	1.60268331544941	0.012	0.004	0.435854289110055	MEF2C	c16
2.12823312292439e-05	-0.855252348183809	0.033	0.061	0.441948890306479	ETS1	c16
2.15935630825771e-05	-0.248571371520232	0.82	0.823	0.448411930972796	COX2	c16
2.18767244309828e-05	1.73370696607533	0.01	0.003	0.454292059533789	HADH	c16
2.31948189644585e-05	-0.688042347540705	0.056	0.09	0.481663610615945	SSR4	c16
2.51016126483434e-05	-1.04074411312363	0.02	0.044	0.521260088255499	GPR183	c16
2.62100963892056e-05	0.185480591478284	0.425	0.362	0.544278861618244	RPSA	c16
2.73478995580671e-05	0.777967948719246	0.048	0.028	0.567906482222821	RNPS1	c16
2.84351207065962e-05	1.40772065461361	0.015	0.006	0.590483716593176	LTA	c16
2.89364383824743e-05	-0.679325795355131	0.055	0.088	0.600894079450461	GPSM3	c16
2.89900736066069e-05	-1.72276603570167	0.007	0.025	0.6020078685148	ANXA2R	c16
2.98959409419592e-05	1.20684398348543	0.02	0.009	0.620819109600725	HDAC1	c16
3.04726698544555e-05	1.49304625280988	0.013	0.005	0.632795462197622	ZDHHC12	c16
3.14851884465174e-05	0.511401198294127	0.103	0.073	0.653821423280381	C19orf43	c16
3.1876885749231e-05	-1.51380915980355	0.009	0.029	0.661955409468532	MBP	c16
3.29803040129264e-05	1.48542301160685	0.013	0.005	0.68486899313243	FUT8	c16
3.29866335155366e-05	0.808165958275771	0.043	0.025	0.685000431583633	MRPL52	c16
3.30560534254117e-05	-1.15951374098715	0.017	0.04	0.6864420054321	NSA2	c16
3.59252994849236e-05	-1.87809714686447	0.005	0.023	0.746024769103924	PTGER2	c16
3.59561357995444e-05	-1.5055566773948	0.009	0.029	0.746665116013339	CHURC1	c16
3.93572050266075e-05	-0.947325181988925	0.027	0.052	0.81729171958253	NFKBIZ	c16
3.98960588773723e-05	-0.282398754363766	0.45	0.492	0.828481558647513	CCL5	c16
4.31157301131359e-05	-1.5494357456048	0.009	0.027	0.895341251529381	CHD2	c16
4.5665256983879e-05	0.945237155777585	0.031	0.017	0.948284726527232	DNAJC8	c16
0.000440530255522528	-2.84105976753994	0.001	0.011	1	PTGDR	c16
0.000752356696768108	-2.73768202769463	0.001	0.01	1	LOC101929065	c16
0.000715137906728401	-2.7349314166786	0.001	0.01	1	THEM4	c16
0.00014514882872566	-2.59834534608574	0.002	0.014	1	RNF113A	c16
0.00161982131555898	-2.505722190507	0.003	0.013	1	S100A8	c16
4.92879756296222e-05	-2.47903772046605	0.002	0.017	1	PASK	c16
4.86527928151478e-05	-2.46139659836298	0.002	0.017	1	ERN1	c16
0.00137640920758787	-2.41293272429956	0.003	0.013	1	S100A9	c16
7.40458998371582e-05	-2.40368110050669	0.002	0.016	1	TCF7	c16
0.000532414614277183	-2.39034151363426	0.002	0.012	1	LY9	c16
0.000684557442678291	-2.33893833575644	0.002	0.012	1	CCSER2	c16
0.000733121749435991	-2.3276230225286	0.002	0.012	1	SBDSP1	c16
0.00109134989581982	-2.25694967159448	0.002	0.011	1	NCK1	c16
0.000247005222707873	-2.23872681567974	0.002	0.015	1	NCF1B	c16
0.000301217184755941	-2.21194293721255	0.002	0.014	1	EPB41L4A-AS1	c16
0.00167095175896825	-2.17182834992118	0.002	0.011	1	PHF11	c16
0.00171792312280239	-2.16457861084179	0.002	0.01	1	PHF3	c16
0.000434041210354435	-2.1575205132373	0.002	0.014	1	ILF3-AS1	c16
0.000512865966487871	-2.13056638473492	0.002	0.014	1	SYNE1	c16
0.00217991186476283	-2.12777316984324	0.002	0.01	1	NABP1	c16
0.000605783230300369	-2.12357318131396	0.002	0.013	1	RANBP2	c16
0.00275483218134851	-2.0852127076152	0.002	0.01	1	ATHL1	c16
0.000173503318840424	-2.08406039522096	0.003	0.016	1	PHF1	c16
0.000119128115414347	-2.08356626516445	0.005	0.02	1	SPON2	c16
6.22891658427752e-05	-2.04826836300844	0.004	0.019	1	STAT4	c16
8.98553146229507e-05	-2.02343651002851	0.004	0.019	1	ZC3H12A	c16
0.000280382169280797	-1.98947725101353	0.004	0.017	1	CTSS	c16
0.00123020227733331	-1.98382465412965	0.002	0.012	1	FAM102A	c16
0.000464211896283518	-1.97016737016882	0.003	0.015	1	LOC101929910	c16
4.94002454999158e-05	-1.94762690635286	0.005	0.021	1	AOAH	c16
0.00158365220186988	-1.93831989639056	0.002	0.012	1	CENPC	c16
0.00325847911943084	-1.80479622355317	0.002	0.011	1	LOC283788	c16
0.00129077252635552	-1.79672959601248	0.003	0.014	1	SSH2	c16
0.00348647513525737	-1.794265556061	0.002	0.011	1	FAM129A	c16
0.00397349249090849	-1.76849452514344	0.002	0.011	1	CCS	c16
0.00180782332417529	-1.74444453029174	0.003	0.013	1	SNHG16	c16
5.7601715327988e-05	-1.72716068044964	0.006	0.023	1	PYHIN1	c16
0.00495636893037675	-1.72202543248166	0.002	0.01	1	GPCPD1	c16
0.00716832666786562	-1.70338570238182	0.002	0.01	1	ARL4D	c16
0.00111627973286592	-1.68815272066884	0.007	0.02	1	PPP1R2P9	c16
9.31226282036481e-05	-1.68133053320352	0.006	0.022	1	TNFRSF14	c16
0.00364967977549989	-1.67343510414686	0.003	0.012	1	NR4A3	c16
0.00632322465169528	-1.67113476609763	0.002	0.01	1	CEBPZ	c16
0.00643823371235526	-1.66921501193426	0.002	0.01	1	IGBP1	c16
0.0794205562720064	1.66537982083725	0.034	0.027	1	CST3	c16
0.00152824804376662	-1.6608664306438	0.004	0.014	1	CCR6	c16
0.00306164431249062	-1.65337591946805	0.003	0.012	1	CHD1	c16
6.19799484008796e-05	-1.65065421935178	0.007	0.024	1	DNAJB9	c16
0.00102676524877627	-1.62150673905249	0.005	0.016	1	FCGR3A	c16
0.000175154519667165	-1.61816197968956	0.006	0.021	1	SLC38A1	c16
0.003686638487773	-1.6163918015032	0.003	0.012	1	UTRN	c16
0.000854727285505015	-1.61182991614994	0.005	0.017	1	TRAPPC6A	c16
0.00467780640698286	-1.58659464043132	0.003	0.012	1	KDM6B	c16
0.000493446057110927	-1.58466080079809	0.005	0.019	1	ATM	c16
0.000553520237366887	-1.57597753305729	0.005	0.018	1	ITGAL	c16
0.00524558347185375	-1.573516295541	0.003	0.011	1	KLF10	c16
0.00123244990994713	-1.55830444507612	0.005	0.016	1	AKAP9	c16
0.00529452916358423	-1.55200782889927	0.003	0.011	1	AKIRIN1	c16
0.000178330026444916	1.55125765523882	0.01	0.004	1	RAD51C	c16
0.00148116694200228	-1.54699846608552	0.005	0.016	1	TBCC	c16
0.0030936334822605	-1.52664388073155	0.004	0.013	1	SRSF8	c16
0.00153395919326611	-1.52654289763272	0.005	0.016	1	KCNA3	c16
0.00174287408850796	-1.52533054878752	0.005	0.016	1	IFNGR1	c16
0.00086173053559489	-1.51955793799499	0.005	0.018	1	TRADD	c16
0.00677673221476149	-1.50628479309698	0.003	0.011	1	DLGAP1-AS1	c16
0.000163318342099343	1.50032583425591	0.011	0.004	1	EMC9	c16
0.00102102421623142	-1.49808886560458	0.005	0.018	1	A1BG	c16
6.68230152005301e-05	1.4951055650042	0.026	0.013	1	MS4A1	c16
0.00120917503548851	-1.4795855446765	0.005	0.017	1	MAL	c16
0.000191566292561398	-1.47689422762117	0.008	0.024	1	RPS10	c16
0.00790678354458954	-1.47145642600678	0.003	0.011	1	TTC3	c16
0.00424465615408476	-1.46969273991807	0.004	0.013	1	INPP4B	c16
0.000379566247049565	-1.46748509596642	0.007	0.021	1	AMD1	c16
5.21906837902776e-05	1.45532658686072	0.013	0.005	1	ASB2	c16
0.00910063628456386	-1.45014854268827	0.003	0.011	1	OFD1	c16
0.000300483119816441	1.44827001318939	0.011	0.004	1	NBL1	c16
0.00547389985381171	-1.44297540154229	0.004	0.013	1	LOC101927902	c16
0.00283762499695919	-1.44233320476299	0.005	0.015	1	MRPL43	c16
0.00922264611465307	-1.44207624598755	0.003	0.011	1	STK38	c16
0.00156531097842263	-1.43678235966164	0.005	0.017	1	CYTH1	c16
0.009345697890865	-1.43666951246061	0.003	0.011	1	CDKN1B	c16
0.00224121230450914	-1.43086082519748	0.012	0.026	1	HSPA6	c16
0.000712847072122792	-1.41392077494831	0.007	0.02	1	METTL12	c16
0.000470553668240925	1.41096631411727	0.011	0.004	1	RPA1	c16
0.010947035041597	-1.40656476135261	0.003	0.01	1	BTN3A1	c16
0.00012136632080882	-1.40656476135261	0.009	0.027	1	PBXIP1	c16
0.0111412963349877	-1.40194813328224	0.003	0.01	1	FLOT2	c16
0.00021653488841279	-1.39924826207958	0.009	0.025	1	MGAT4A	c16
0.000512537224962914	1.3991642833268	0.012	0.005	1	NGFRAP1	c16
0.00659205984003462	-1.39422077125763	0.004	0.012	1	PDE3B	c16
0.00123754126930703	-1.39318732204375	0.006	0.018	1	HAX1	c16
0.000141891409306904	-1.38729046868357	0.009	0.026	1	SBDS	c16
0.0126519088744835	-1.38333245511489	0.003	0.01	1	SKIL	c16
0.00727650562584628	-1.38333245511489	0.004	0.012	1	NDNL2	c16
0.00247452194029385	-1.37922805678216	0.005	0.016	1	TNRC6B	c16
0.00136209792740351	-1.37811851723573	0.006	0.018	1	TBRG1	c16
0.00248524736595195	-1.37628917811077	0.005	0.016	1	MAP1LC3B2	c16
0.000366851225639365	1.3762467423733	0.012	0.005	1	IL10	c16
0.00734084913922884	-1.37550446498787	0.004	0.012	1	OGT	c16
0.0042862660777742	-1.3725860736509	0.005	0.014	1	WBP2	c16
0.0130489410787816	-1.36731804601992	0.003	0.01	1	ZNF394	c16
0.013455574467534	-1.36162318977966	0.003	0.01	1	TMEM106B	c16
7.48193512607285e-05	-1.35813190098975	0.011	0.03	1	LOC374443	c16
0.00107856442533481	-1.34536460491587	0.007	0.02	1	C7orf50	c16
0.000687989931682566	-1.339670036863	0.008	0.022	1	ALKBH7	c16
0.0150802612698737	-1.33668236181607	0.003	0.01	1	SRPR	c16
0.0150168601079042	-1.33474585811473	0.003	0.01	1	ALKBH5	c16
0.00129691167011108	-1.32892070198726	0.007	0.019	1	TSEN54	c16
0.000659781902787932	1.32886523390237	0.012	0.005	1	JAKMIP1	c16
0.00974522000499126	-1.32843420896599	0.004	0.012	1	BCL2	c16
0.000131016885928587	1.32563772687198	0.014	0.006	1	PPIF	c16
0.015894698931351	-1.32404837367878	0.003	0.01	1	NUTM2B-AS1	c16
0.000409242717044877	1.32166074931303	0.012	0.005	1	C20orf27	c16
0.00616543185575846	-1.31691910699464	0.005	0.014	1	NMRK1	c16
0.000129987741662549	-1.30719369445837	0.012	0.03	1	ZFAND2A	c16
0.000228466516892327	-1.30495814324019	0.01	0.027	1	PSTPIP1	c16
0.0108489287994774	-1.30389798762049	0.004	0.012	1	CARD8	c16
0.00662372715502333	-1.30354442922124	0.005	0.013	1	STK10	c16
0.017732736055856	-1.30142125732827	0.003	0.01	1	TRAPPC3	c16
9.71591688863305e-05	1.29277793366446	0.016	0.007	1	CD151	c16
0.0182850916269763	-1.29246965648375	0.003	0.01	1	PPCS	c16
0.00102583479880545	-1.29147159692067	0.008	0.021	1	ARID4B	c16
6.476219279437e-05	1.2851947622454	0.026	0.013	1	CD79A	c16
0.0120226141916017	-1.28396406025173	0.004	0.011	1	YDJC	c16
6.43846146805317e-05	1.28218977252975	0.016	0.007	1	SLC1A5	c16
0.00885268744097013	-1.25609726681878	0.005	0.013	1	DNAJB14	c16
0.000121650681580718	-1.25154258255935	0.009	0.027	1	IER3	c16
0.000839183388489299	1.24981773812316	0.012	0.006	1	GBP1	c16
0.000422672872441644	1.24873854966175	0.014	0.006	1	SYNCRIP	c16
0.0146950396495756	-1.24582893136496	0.004	0.011	1	PER1	c16
0.00150006121555441	1.24320914935766	0.012	0.005	1	LAP3	c16
0.00923367383137646	-1.24288164731462	0.005	0.013	1	LOC100131564	c16
0.00173255374686602	-1.24160709275857	0.008	0.02	1	GABARAPL1	c16
0.00109100198866686	-1.24023624938536	0.009	0.022	1	FAM65B	c16
0.00208587846302967	1.23959789580528	0.011	0.005	1	OAS1	c16
0.000446432221493265	1.23959789580528	0.014	0.006	1	TNIP3	c16
0.00991368440698631	-1.23474543223594	0.005	0.013	1	OBFC1	c16
8.61266892043321e-05	-1.23300289081876	0.015	0.035	1	MTRNR2L2	c16
0.000802191014765645	-1.22988738749593	0.009	0.024	1	SYTL1	c16
0.0100828160353677	-1.22730884339416	0.005	0.013	1	MTIF3	c16
0.00180526075538135	-1.22696990411364	0.008	0.02	1	STRAP	c16
7.70418960701683e-05	1.22167598780802	0.018	0.008	1	IMPDH2	c16
0.0013553816986827	1.21436060430626	0.012	0.006	1	NOP56	c16
0.0268980668608067	-1.21128341946808	0.005	0.012	1	MTRNR2L8	c16
0.00140269118572228	1.20936569438587	0.012	0.006	1	POP4	c16
0.000427456010216051	1.20820269952975	0.015	0.007	1	AKR7A2	c16
0.00335961906318712	-1.2061288075447	0.007	0.018	1	R3HDM4	c16
0.0322353709464532	1.20366803865726	0.012	0.007	1	FXYD2	c16
0.00110906460288482	-1.20237582392736	0.009	0.023	1	ZC3HAV1	c16
0.000484287477185666	-1.20046839796508	0.011	0.027	1	LOC642441	c16
0.0122681223715437	-1.20021518251188	0.005	0.012	1	MFNG	c16
0.000254736161731685	1.1999053651368	0.024	0.013	1	MARCKSL1	c16
0.0022866889388447	-1.19917883806614	0.008	0.02	1	HMOX2	c16
0.0123715998786322	-1.19564968806609	0.005	0.012	1	RGS14	c16
0.0191339923199572	-1.19157930612881	0.004	0.011	1	ITGB2-AS1	c16
0.0130584867488116	-1.19030495303748	0.005	0.012	1	OTUD6B-AS1	c16
0.00163239348060635	-1.19024120582492	0.009	0.021	1	MPHOSPH8	c16
0.000510292071023016	-1.18693524231139	0.011	0.027	1	IKZF1	c16
0.0201345650380938	-1.18083959121615	0.004	0.011	1	TMEM248	c16
0.0018597954214241	-1.17904184015375	0.009	0.021	1	FOXP1	c16
0.000416278776665724	-1.17825461908061	0.012	0.028	1	C10orf54	c16
0.000301202942046301	1.17546755838557	0.016	0.008	1	TIMM10	c16
0.00493387162415067	-1.17543960347356	0.007	0.017	1	CH25H	c16
0.00292694953431346	-1.1737992450923	0.008	0.019	1	ARHGAP4	c16
0.0114362906502376	-1.17318362953319	0.005	0.014	1	KLRF1	c16
0.00648447426538899	-1.16639446387055	0.006	0.016	1	TPST2	c16
0.00445215423305602	-1.16530522633985	0.007	0.017	1	DDX18	c16
0.0014973652859839	1.16463583812406	0.013	0.006	1	ATG3	c16
9.62995604107657e-05	-1.1644877581675	0.015	0.035	1	SF3B1	c16
6.68579954762649e-05	-1.16379968791768	0.016	0.037	1	EIF5	c16
0.000523594670037015	1.16333200157722	0.016	0.007	1	ASNA1	c16
0.000810016235912589	-1.16220057998436	0.009	0.023	1	SELM	c16
0.00010104109235577	-1.16180263173591	0.013	0.033	1	LINC-PINT	c16
0.000102385244530021	-1.16121324560407	0.015	0.035	1	PNISR	c16
0.022481876189188	-1.15911729817163	0.004	0.01	1	TNFSF8	c16
0.0014801722627596	-1.15883667279807	0.009	0.023	1	RBL2	c16
0.00155731098454237	-1.15462072870817	0.009	0.023	1	IL16	c16
0.0223905037552063	-1.15271952697348	0.004	0.01	1	RSF1	c16
0.000827807835225649	1.14849362730418	0.012	0.005	1	G0S2	c16
0.00539202877661003	-1.14555700107906	0.007	0.017	1	NKTR	c16
6.7786754438015e-05	1.14510195114284	0.02	0.009	1	HIST1H2AC	c16
0.0163515988833218	-1.13891372744845	0.005	0.012	1	SYNRG	c16
0.00123187793556444	-1.13851732820405	0.01	0.024	1	CAMK4	c16
5.46313929983867e-05	1.13813991012334	0.021	0.01	1	LAGE3	c16
0.0238600266544753	-1.13798862639662	0.004	0.01	1	NFATC2	c16
0.00366005368661949	-1.13592279929702	0.009	0.02	1	SOD2	c16
0.000486187820086659	-1.13470393443831	0.034	0.056	1	CCL4L2	c16
0.0244732131772082	-1.13335420210654	0.004	0.01	1	PTPN1	c16
0.0118365483267144	-1.1284719807268	0.005	0.014	1	ZBTB38	c16
0.000436637675478924	1.1212985829525	0.016	0.008	1	EDARADD	c16
0.00111668740453521	-1.11954840258151	0.011	0.025	1	PTP4A1	c16
0.00135231914717603	1.1181499674712	0.016	0.008	1	PMVK	c16
0.0266338168163506	-1.11372539535761	0.004	0.01	1	EPB41	c16
0.000239560037091136	1.11368234633056	0.019	0.009	1	SNX9	c16
0.00255617462145427	1.11086458168308	0.013	0.006	1	EIF4EBP1	c16
0.00755904061150472	1.10910626941072	0.011	0.005	1	HDAC2	c16
0.0197796920553625	-1.10685251821615	0.005	0.012	1	GDI1	c16
0.0277829619722442	-1.10428364018613	0.004	0.01	1	CDC26	c16
0.00698616699390405	-1.10124918124513	0.007	0.017	1	SMAP2	c16
0.000980193275389318	-1.09882651897827	0.011	0.025	1	SNORA78	c16
9.41793150535431e-05	-1.09631281498964	0.016	0.037	1	MYADM	c16
0.0212188036227214	-1.09300775168257	0.005	0.012	1	ABCD4	c16
0.0211331406393683	-1.09055070588705	0.005	0.012	1	PIAS1	c16
0.00146150869414468	-1.08732289287935	0.011	0.025	1	STOM	c16
0.00447584132762898	1.08674640772191	0.012	0.006	1	IL21R	c16
6.38553883406039e-05	1.08598327888059	0.025	0.012	1	PTBP1	c16
0.0161798350306957	-1.08377217325598	0.005	0.013	1	TNFRSF25	c16
0.000955468745601894	1.0819661705544	0.016	0.008	1	STOML2	c16
0.0218439998977393	-1.08150556628404	0.005	0.012	1	COQ10B	c16
0.00080689094334745	-1.08131146651705	0.012	0.028	1	TNFAIP8	c16
0.00364423092627785	1.07896449721679	0.013	0.007	1	PSMD2	c16
0.00600218171538539	-1.07865320263097	0.008	0.018	1	CHIC2	c16
0.00147955215941173	1.07609916352241	0.016	0.008	1	NUDT5	c16
0.0313984070101262	-1.07558186383338	0.004	0.01	1	ISCA1	c16
5.11185180234756e-05	1.06967289436297	0.024	0.012	1	CD4	c16
0.000144558037437216	1.06601355177738	0.021	0.01	1	OASL	c16
0.0241105681202131	-1.06574731488647	0.005	0.011	1	TMEM147	c16
0.0150887500532468	1.06510016457315	0.01	0.005	1	RNF5	c16
0.00987857860872303	-1.06491314600467	0.007	0.016	1	YPEL3	c16
0.00195046483373596	-1.06452370207171	0.011	0.024	1	DANCR	c16
6.02899214693834e-05	1.06407329471541	0.024	0.012	1	SNRPC	c16
0.000897082441229286	1.06383032618914	0.017	0.009	1	HSBP1	c16
0.033303976088003	-1.06296487421515	0.004	0.01	1	NIPBL	c16
6.54458517576494e-05	1.05929087583585	0.024	0.012	1	CCT3	c16
0.0360643459283837	-1.0571042227939	0.004	0.01	1	SDR39U1	c16
0.000270757091771033	-1.05104097142311	0.016	0.035	1	KLRK1	c16
0.0269344146300528	-1.05065797876353	0.005	0.011	1	POLR2A	c16
0.000326645580815994	1.05056407141527	0.02	0.01	1	SLIRP	c16
0.0354722985590713	-1.04826836300844	0.004	0.01	1	FLJ32255	c16
0.000847833066800541	1.04740373052194	0.018	0.009	1	CEP57	c16
0.0198014583196532	-1.04654397702902	0.005	0.013	1	C6orf1	c16
0.00546944880990856	-1.04629746783732	0.009	0.019	1	DDX6	c16
0.0101043271454085	-1.04450523731561	0.03	0.045	1	MT1X	c16
6.06469843570378e-05	1.04062758947008	0.025	0.012	1	ATOX1	c16
0.00444182726797108	-1.03815801573527	0.009	0.021	1	SRRM2	c16
9.39293621049836e-05	1.0371801742301	0.024	0.012	1	CCT7	c16
6.44186784991092e-05	-1.0371744563393	0.02	0.043	1	PIK3IP1	c16
0.0272759998966367	-1.03711144692559	0.005	0.011	1	RALGAPA1	c16
0.0110339480534819	-1.03660096922696	0.007	0.016	1	DGKA	c16
0.000289251629707293	1.03259752488582	0.021	0.011	1	SLC7A5	c16
0.0219794645240605	-1.03242529325576	0.005	0.013	1	CDK5RAP3	c16
9.52928369860908e-05	1.03170504416395	0.024	0.012	1	PSMD7	c16
0.0210370771560126	-1.03093104657543	0.005	0.013	1	ARL4A	c16
0.0189997636121951	1.03081311520764	0.01	0.005	1	MRPL47	c16
0.0217200635604948	-1.03018334246909	0.005	0.013	1	LENG8	c16
0.0155309413691433	-1.02810435107135	0.006	0.014	1	VPS13C	c16
0.0187707465992625	1.02547309045244	0.01	0.005	1	STX11	c16
0.000182542524712662	-1.02493853519374	0.018	0.038	1	ARHGAP15	c16
0.0121205212892191	-1.02223376294685	0.007	0.016	1	RBMX	c16
0.00706896561733393	-1.02193291943812	0.009	0.019	1	JMJD1C	c16
0.00624327931653649	1.02133336009151	0.013	0.007	1	AP1S2	c16
0.00446368852356016	-1.01525525969736	0.01	0.022	1	BCAS2	c16
0.0131515586839051	-1.01378633999479	0.007	0.016	1	TMEM134	c16
0.00330436166221598	-1.01136367772793	0.011	0.023	1	RPL13AP5	c16
0.023076011878201	-1.01060576069401	0.005	0.013	1	FAM162A	c16
0.00103382054633207	1.00898496766387	0.018	0.009	1	TBC1D4	c16
0.0119863058833449	1.00847273792624	0.012	0.006	1	CSRP1	c16
0.0232632776462731	-1.00757010456949	0.005	0.013	1	ZRANB2	c16
0.0172366199501075	1.00407505354006	0.011	0.006	1	SLC25A1	c16
0.000171927075919042	-1.00388371260711	0.02	0.04	1	SYTL3	c16
0.00275607180798382	-0.998424622020436	0.012	0.025	1	AAK1	c16
0.0098933214535514	0.997937140764058	0.012	0.007	1	PAFAH1B3	c16
0.0217714624603354	-0.997829853892443	0.006	0.014	1	ARRDC3	c16
0.0186272063421375	-0.997149818508234	0.006	0.014	1	ORMDL1	c16
0.00663553581655338	-0.996364763778685	0.009	0.02	1	PRMT9	c16
0.0333321575826523	-0.993939612784013	0.005	0.011	1	YTHDC1	c16
0.000234114256776202	-0.992325977488479	0.019	0.039	1	MAP1LC3B	c16
0.000498722664328599	-0.991387581089884	0.016	0.034	1	CSDE1	c16
0.000402839385819643	-0.991015032336131	0.015	0.032	1	EML4	c16
0.0143357221445502	-0.990605117561136	0.007	0.015	1	TIAL1	c16
0.00013930727803522	0.989619642796938	0.027	0.015	1	NUDC	c16
0.0342958542324021	-0.9895505158761	0.005	0.011	1	TES	c16
0.000321203022315044	-0.989220794690596	0.018	0.037	1	IDS	c16
0.00129185206876647	0.988636322272066	0.02	0.011	1	UBE2S	c16
8.52552459202805e-05	-0.985847248504607	0.022	0.045	1	TAPBP	c16
0.015666805278856	-0.984442378412645	0.007	0.015	1	PNPLA2	c16
0.000298559309671577	0.980446924458719	0.023	0.012	1	PDCD5	c16
0.0116762620595265	0.979395080754653	0.012	0.007	1	RRP7A	c16
0.0126102217962465	-0.979042390670056	0.008	0.017	1	IRF3	c16
0.00916631480128441	-0.978149822764902	0.009	0.018	1	USP15	c16
0.0396227913675155	-0.976016415836992	0.264	0.275	1	CCL4	c16
0.00193306679395245	-0.975562956300087	0.013	0.027	1	SMCHD1	c16
0.00556805096668382	-0.971933532899397	0.008	0.018	1	TMC8	c16
8.77225701979869e-05	-0.971191711080867	0.02	0.042	1	FLT3LG	c16
0.000449295555572306	0.970963890323929	0.023	0.012	1	PSMA3	c16
0.03874544787631	-0.967402475114182	0.005	0.011	1	PLK3	c16
0.0224023061462858	-0.966906413822326	0.006	0.014	1	FLJ10038	c16
0.00476017714405329	0.966295154517664	0.016	0.008	1	SNRNP40	c16
0.00221654507259066	0.965584782234421	0.018	0.01	1	SF3B4	c16
0.054103332005313	-0.96472171551803	0.005	0.01	1	ZFAND5	c16
0.000266955527293862	-0.964357277274488	0.02	0.039	1	SNHG9	c16
0.0302738165716593	-0.963603260511326	0.005	0.012	1	MRPL55	c16
0.0406749021981301	-0.962035965364366	0.005	0.011	1	TMEM208	c16
0.0302765011674814	-0.962035965364366	0.005	0.012	1	RNF125	c16
0.00152911097090413	0.961256237183642	0.019	0.01	1	LOC102724850	c16
0.0390666760873902	-0.961139603085833	0.005	0.011	1	ODF2L	c16
0.000107656132725743	-0.958477113426176	0.023	0.045	1	CDC42SE2	c16
5.53387465021932e-05	-0.957276162165637	0.025	0.049	1	CLK1	c16
0.0410105661927424	-0.956649418817307	0.005	0.011	1	ADRBK1	c16
0.0395487272582065	-0.955749702516935	0.005	0.011	1	RSBN1	c16
0.000693568165317934	-0.951909827517691	0.017	0.035	1	TRAM1	c16
0.00461288839842429	-0.94824901363429	0.012	0.024	1	UPP1	c16
0.00268133606249066	-0.94697309045798	0.013	0.027	1	NME3	c16
0.00715209833128708	-0.945362433998308	0.01	0.021	1	SAMD3	c16
0.0333034999825651	-0.943888618654106	0.005	0.012	1	ATP2B1	c16
0.0334388033986716	-0.940709124164148	0.005	0.012	1	LOC643733	c16
0.00229113126577409	-0.937396678961818	0.014	0.028	1	CNOT6L	c16
0.015000516547259	0.931997937538046	0.012	0.007	1	GALNT2	c16
0.0212523214573455	-0.929685765310444	0.007	0.015	1	MGEA5	c16
0.000323366816302728	0.928573547036657	0.026	0.014	1	KPNB1	c16
0.0176312892313887	0.927889643235801	0.012	0.007	1	CRELD2	c16
0.0298442765897942	0.927707323629734	0.011	0.006	1	ACAA2	c16
0.0350736032750733	-0.926314043130405	0.005	0.012	1	NDUFA5	c16
0.0381121657244894	0.925937416901522	0.01	0.006	1	SEC61A1	c16
0.00331842449423106	-0.925331372084035	0.013	0.026	1	RORA	c16
0.0108417294155073	-0.923405320401663	0.009	0.019	1	SS18L2	c16
0.00022000224470957	0.922808524216895	0.027	0.015	1	RAB11A	c16
0.00220720250184728	-0.920676935603308	0.015	0.029	1	C5orf56	c16
0.0154048599750142	0.92023687462172	0.013	0.007	1	ZMAT2	c16
0.0468796335482857	-0.920215789669739	0.005	0.01	1	DEDD2	c16
0.000841321231713879	-0.917715351013829	0.018	0.035	1	EMB	c16
0.0389226791835799	0.917669800917922	0.01	0.006	1	MRPL37	c16
0.00194753533681032	0.915534056573931	0.02	0.011	1	SARNP	c16
0.000115977636848594	-0.914894975793195	0.025	0.048	1	C19orf60	c16
0.000396129529496379	0.914787292384801	0.019	0.009	1	NMB	c16
0.0382533540535643	-0.914207440273751	0.005	0.012	1	TAOK3	c16
0.023476044035062	-0.913558892256136	0.007	0.015	1	CASP1	c16
0.00194843313407869	0.912975329847836	0.02	0.011	1	FAM96A	c16
0.00570604834571834	-0.909742773480935	0.012	0.023	1	SEC62	c16
0.0449793628564087	0.908870789109858	0.012	0.007	1	CARS	c16
0.0081921930140619	-0.908251475556503	0.008	0.018	1	TMEM243	c16
0.0240237914004303	-0.90705732631418	0.007	0.015	1	RNF114	c16
0.00138751807244176	0.906964030723359	0.022	0.012	1	SRSF4	c16
0.000135486028423432	-0.906864239682128	0.018	0.039	1	XBP1	c16
0.00613060600649561	-0.90607955939035	0.012	0.023	1	C19orf66	c16
0.049807951866958	-0.905380748506797	0.005	0.01	1	PQBP1	c16
0.0518426184524529	-0.905380748506797	0.005	0.01	1	PNP	c16
0.0164024664562677	0.904902504844045	0.013	0.007	1	PLSCR1	c16
0.000240673975654486	0.901231304856532	0.028	0.015	1	SSNA1	c16
0.00370510962975363	0.900688622996363	0.019	0.01	1	ARPP19	c16
0.0252425822951823	-0.900526328103785	0.007	0.015	1	CCDC59	c16
0.0516448155889927	-0.897905627944651	0.005	0.01	1	NUDT16L1	c16
0.00129582798286381	-0.897593322490267	0.015	0.03	1	SPSB3	c16
0.00819259344143095	-0.897031002248939	0.011	0.022	1	LINC00493	c16
0.0448771305686371	0.896393141287507	0.01	0.006	1	SUCLG1	c16
0.00366841058737542	-0.895487606239801	0.014	0.027	1	TTC39C	c16
0.0418845494435793	-0.894623043955349	0.005	0.012	1	PPM1K	c16
0.0170258508186203	-0.894075219744898	0.009	0.017	1	TSC22D4	c16
0.0427128223230516	-0.893801229611913	0.005	0.012	1	TGFBR2	c16
0.0170294202030228	-0.891332974021164	0.009	0.017	1	LOH12CR1	c16
0.000103037011119934	0.889909107717309	0.032	0.018	1	AP2M1	c16
0.0352949804705429	-0.888402155256209	0.006	0.013	1	TLE4	c16
0.000595582542191124	0.886772916215204	0.026	0.014	1	FDFT1	c16
0.026933924686783	-0.886714234523419	0.007	0.014	1	C8orf59	c16
0.053768342596707	-0.886619820398136	0.005	0.01	1	PPP1R11	c16
0.0546344897613764	-0.886619820398136	0.005	0.01	1	RAB9A	c16
0.00182516385927937	0.886346998201421	0.027	0.016	1	GLRX	c16
0.038543804836249	-0.88546537044385	0.006	0.013	1	SESN1	c16
0.0221008541386629	-0.885331738076128	0.008	0.016	1	MRFAP1	c16
0.035852393347168	-0.879573805172393	0.006	0.013	1	PITPNC1	c16
0.000151311510262227	-0.879550744005969	0.023	0.046	1	UBXN1	c16
0.0128004981445261	-0.87619636260942	0.01	0.02	1	PPP1R10	c16
0.0411664623030057	0.875959549033086	0.011	0.006	1	PSMD11	c16
0.00751507224265163	0.872713159182392	0.017	0.01	1	TADA3	c16
5.28955775839975e-05	-0.870378429303622	0.028	0.054	1	HLA-F	c16
0.0298382387834551	-0.869428280693082	0.007	0.014	1	PPP6C	c16
0.000118267469683941	-0.869019485196993	0.027	0.051	1	UXT	c16
0.0162476217698728	-0.868862225311392	0.009	0.018	1	NXT1	c16
0.0207888185910414	-0.863619962060485	0.009	0.017	1	LINC00869	c16
0.00703114452083298	0.862051608847786	0.017	0.01	1	CHN1	c16
0.0101036726552628	-0.861800056377247	0.012	0.022	1	GPR171	c16
0.00197111564084338	0.861086272551555	0.023	0.013	1	VOPP1	c16
0.0391702435045027	-0.860258341026782	0.006	0.013	1	PTPN2	c16
0.00325596659294528	-0.859937777745629	0.016	0.03	1	TRIM22	c16
0.0373244617726336	0.859699732280593	0.012	0.007	1	ETFA	c16
0.0130760723674266	0.857918993472873	0.016	0.009	1	LUC7L2	c16
0.0616219475896309	-0.857049498420803	0.005	0.01	1	U2AF1L4	c16
0.010940780745181	0.854273060168063	0.019	0.011	1	CHMP5	c16
0.0179945684645961	-0.852817738416111	0.009	0.018	1	ATF7IP	c16
0.0437477851552362	-0.85200791799581	0.006	0.013	1	LPAR6	c16
7.36938994675935e-05	0.851672242143683	0.036	0.02	1	ABI3	c16
0.0492038023303943	0.850765466873835	0.011	0.006	1	CYB5B	c16
0.000258582229652944	-0.846166657973029	0.023	0.045	1	DDX24	c16
0.0357517391341742	-0.843104693524965	0.007	0.014	1	RPAIN	c16
0.0536093009943614	-0.840206858829974	0.005	0.011	1	POP5	c16
0.000320816094392086	0.840126653915909	0.031	0.018	1	PPP2R1A	c16
0.00616917730202664	-0.839802673381082	0.014	0.026	1	FKBP11	c16
7.85411613190865e-05	-0.839710749774635	0.033	0.059	1	EPC1	c16
0.0434393169111074	-0.839163729626231	0.006	0.013	1	NGRN	c16
0.0444380579339442	-0.839163729626231	0.006	0.012	1	LOC100996740	c16
0.0240831314406801	-0.837075205809518	0.009	0.017	1	ABHD14B	c16
0.00157881444658449	-0.83485679593405	0.02	0.037	1	FAIM3	c16
0.00024359455216035	0.832972636342641	0.033	0.019	1	PIN1	c16
0.0670228043353968	-0.8327529484194	0.005	0.01	1	RNF138	c16
0.00289564904926432	0.832517120354784	0.023	0.013	1	TMX1	c16
0.000567112767075038	-0.832388217020442	0.033	0.055	1	HSPH1	c16
0.000264366116660897	-0.83040971623764	0.027	0.049	1	FYN	c16
0.0372666585193972	-0.830104270824783	0.007	0.014	1	ZC3H15	c16
0.0110749203360916	-0.829578573636463	0.012	0.023	1	IFRD1	c16
0.079096725814776	-0.828499620578124	0.006	0.011	1	OSM	c16
0.000726667522582368	-0.826903166949955	0.015	0.031	1	FAM46C	c16
0.0474152580317369	-0.825438197591907	0.006	0.012	1	NUDT22	c16
0.0216468841491202	-0.823905046500872	0.009	0.018	1	RABGAP1L	c16
0.00043631028522181	-0.822128935837043	0.026	0.046	1	CHMP1B	c16
5.57365726587422e-05	-0.818987985472231	0.034	0.061	1	RBM39	c16
0.0584048674136278	-0.818718599785538	0.005	0.011	1	PTPN4	c16
0.00789729728334277	-0.817332392577387	0.014	0.026	1	RPL19P12	c16
0.0186157960501985	-0.816985632561083	0.01	0.019	1	FGFR1OP2	c16
0.0711529339631214	-0.816985632561083	0.005	0.01	1	ZFAND6	c16
0.0124602311256582	-0.814535541328194	0.012	0.023	1	TMEM2	c16
0.0128242881415597	-0.813947921922699	0.012	0.022	1	SEP15	c16
0.00528195192613678	-0.813513440654278	0.012	0.025	1	COX7A2L	c16
0.0407699679025112	-0.813246002514502	0.009	0.017	1	XIST	c16
0.0108856615213396	0.812885863145523	0.018	0.011	1	TOP1	c16
0.0740342562078103	-0.810032871919316	0.005	0.01	1	C9orf89	c16
0.0614240530334953	-0.808289433591265	0.005	0.011	1	VTI1B	c16
0.00562602325616414	-0.807940492958076	0.014	0.027	1	ODC1	c16
0.014183885608592	-0.807416923712305	0.012	0.022	1	HMHA1	c16
0.0761138811862651	-0.807042829313505	0.005	0.01	1	KMT2A	c16
0.00394618999718075	-0.806088178004885	0.017	0.031	1	COX14	c16
0.0422048403322971	0.806010000154661	0.012	0.008	1	DEGS1	c16
0.0237342180525317	0.805570221141688	0.015	0.009	1	MAP2K3	c16
0.0638399357191591	-0.804796223553168	0.005	0.011	1	STARD3	c16
0.0635689839784447	0.804502744185188	0.011	0.007	1	DDB2	c16
0.00572465570513783	-0.804379801255317	0.016	0.028	1	PRPF38B	c16
0.0631084323896568	-0.803921597857458	0.005	0.011	1	PCIF1	c16
0.0367299220191227	0.803080669115989	0.013	0.008	1	DCAF7	c16
0.0527388788791278	-0.802268079004945	0.006	0.012	1	OSBPL8	c16
0.00335422770006833	0.801457155042968	0.026	0.016	1	TMEM160	c16
0.00719936300123632	-0.801397647091304	0.012	0.023	1	AKNA	c16
0.0153143855010373	-0.799540498101673	0.012	0.022	1	TCIRG1	c16
0.0454175672749121	-0.794617819532628	0.007	0.013	1	MYCBP2	c16
0.000556319672660404	-0.794083317061087	0.02	0.039	1	GLIPR1	c16
0.00763648594546415	-0.793208249277956	0.015	0.027	1	RNF149	c16
0.0460943151929201	-0.793208249277956	0.007	0.013	1	STXBP2	c16
0.0832361788216262	0.791452084714502	0.01	0.006	1	DPM2	c16
0.0599366123209663	-0.790541964266713	0.006	0.012	1	ALG13	c16
0.00838994661198257	0.78971864731414	0.02	0.012	1	MMADHC	c16
0.00114438387755944	0.789694574512462	0.034	0.021	1	LYZ	c16
0.0123184115411448	-0.789364093709336	0.013	0.024	1	ARID5A	c16
0.024123862203672	0.787931474535719	0.016	0.009	1	RAB8A	c16
0.0203681742079164	-0.787556155698442	0.011	0.02	1	HERPUD2	c16
0.00366752398887492	-0.785753108635291	0.016	0.029	1	AKAP13	c16
0.000214281447188548	0.785636929255395	0.037	0.022	1	PPP1CC	c16
0.0393814058445414	-0.785108616759087	0.008	0.015	1	SERINC1	c16
0.000152564171007772	-0.783695212014717	0.035	0.06	1	SQSTM1	c16
0.0409831257412979	0.783083760550282	0.013	0.008	1	COMTD1	c16
0.0164842590112255	-0.782769917223169	0.012	0.021	1	EIF2S3	c16
0.0147962653133214	0.781916059117947	0.018	0.011	1	DECR1	c16
0.0697753893422496	-0.781881831605167	0.005	0.011	1	ABTB1	c16
0.0362445551571456	0.781307198572557	0.016	0.01	1	IRF2	c16
0.0327670285103751	-0.7810919629619	0.005	0.012	1	MYO1F	c16
0.0500046442546829	-0.779748192999527	0.007	0.013	1	PITHD1	c16
0.0499528702441125	0.778624112359582	0.012	0.008	1	MBNL2	c16
7.27529385351715e-05	0.776451057934024	0.042	0.025	1	PHPT1	c16
0.0518832723632431	-0.774757397171785	0.007	0.013	1	GABPB1-AS1	c16
0.00396641422844748	-0.773900095943692	0.019	0.033	1	ANKRD12	c16
0.0212626316626822	-0.770465787539413	0.011	0.02	1	RSL1D1	c16
0.0371861746877557	-0.769988153023913	0.009	0.016	1	ZMYM6NB	c16
0.055924750705501	0.768793102999887	0.012	0.008	1	RSU1	c16
0.000177933561380043	0.767310095933531	0.04	0.024	1	ENSA	c16
0.0172702091929863	0.767110124342541	0.018	0.011	1	ILK	c16
0.000345324386760189	0.766676947626815	0.037	0.022	1	ARPC4	c16
0.00511693112291416	0.765517791799651	0.023	0.014	1	LSM6	c16
0.074207070351093	-0.764903496429656	0.005	0.011	1	PTRHD1	c16
0.0750710221350279	-0.760402104194715	0.005	0.011	1	SLC4A7	c16
0.0475547500222638	-0.759746184637661	0.008	0.014	1	DHPS	c16
0.0838322851290107	0.759677544941587	0.011	0.007	1	UBA2	c16
0.0412358954687577	0.75960495468567	0.014	0.009	1	MPC1	c16
0.0568807278351008	-0.758236436976601	0.007	0.013	1	HSD17B11	c16
0.0041937170297032	-0.756512687132193	0.02	0.034	1	GPBP1	c16
0.0170276376962135	-0.756274218572039	0.009	0.018	1	ZBTB20	c16
0.0418193170013462	-0.755585087896939	0.009	0.016	1	NCF1	c16
0.0393873346554521	-0.754981828410463	0.009	0.016	1	RASA2	c16
0.0141526891567287	0.754171068635044	0.02	0.012	1	DNAJC15	c16
0.000187134814963794	0.753782254445682	0.041	0.024	1	LRRFIP1	c16
0.0190793729366446	0.753407939793716	0.02	0.012	1	NINJ1	c16
0.000520634341228697	0.752418097531292	0.036	0.022	1	RAD23A	c16
0.0430038779908346	-0.752264034751039	0.005	0.01	1	MAPK1	c16
0.0131229713523333	-0.751356964591708	0.011	0.021	1	LAPTM4A	c16
0.0663738086407773	-0.750751934160996	0.006	0.012	1	IPCEF1	c16
0.00646245773213929	-0.750146649889105	0.018	0.031	1	DPP7	c16
0.000439444551360605	-0.749634287850053	0.029	0.05	1	PPP1R2	c16
0.0123841872459001	-0.749383103234562	0.017	0.029	1	BCL3	c16
0.0737131409389809	0.749027765359084	0.012	0.007	1	UBE2F	c16
0.00796769086807621	-0.748935318969169	0.016	0.029	1	PSAP	c16
0.0583786995192625	-0.747359066719116	0.007	0.013	1	DYNC1H1	c16
0.0709439358917419	0.74646297349978	0.012	0.007	1	FASLG	c16
0.0494989855427969	-0.7459025344996	0.008	0.014	1	TGOLN2	c16
0.080734294329302	-0.7459025344996	0.005	0.01	1	C15orf61	c16
0.0141308507803509	-0.745518992016712	0.014	0.025	1	MATK	c16
0.137732420264312	0.745182285407788	0.011	0.007	1	CD81	c16
0.000160711575251745	-0.745092714079297	0.034	0.058	1	CUTA	c16
0.0187156099132678	-0.744616136696234	0.012	0.022	1	C9orf78	c16
0.00840179089228524	0.743902733181216	0.023	0.014	1	GYG1	c16
0.0109053891653925	0.743902733181216	0.021	0.013	1	COPZ1	c16
0.000866027677866362	-0.74373469781689	0.028	0.048	1	WIPF1	c16
0.0380821097388018	-0.743097371179715	0.009	0.017	1	BIRC2	c16
0.0262581373338915	-0.742498229772754	0.011	0.02	1	SCAF11	c16
0.00578200801907783	-0.740646809048106	0.019	0.032	1	TMEM123	c16
0.0518680731520371	-0.739263337136565	0.008	0.014	1	CYLD	c16
0.026412389547886	0.738131057370776	0.017	0.011	1	CYB5R3	c16
0.0271756651838194	-0.738109429576261	0.011	0.019	1	MAX	c16
0.0471718739763506	-0.737987327672681	0.009	0.015	1	MYLIP	c16
0.0173055225272218	-0.737783801532697	0.013	0.023	1	APMAP	c16
0.00791292188080185	-0.737323549610817	0.017	0.03	1	BIN2	c16
7.44900468527341e-05	-0.737276529484002	0.044	0.072	1	SOCS1	c16
0.000125226285760575	-0.736729795212792	0.039	0.066	1	MBNL1	c16
0.000121501703530449	0.735401264615203	0.034	0.019	1	ID3	c16
0.0102485089666637	-0.733261823805199	0.016	0.028	1	SSU72	c16
0.0731363008290039	-0.732890540626144	0.006	0.012	1	RNF126	c16
0.0606740332593818	0.731450992134959	0.013	0.008	1	SDHA	c16
0.00489868554462194	-0.72922379335297	0.022	0.037	1	FAM177A1	c16
0.00706487004680689	-0.729209672472642	0.012	0.023	1	SUPT3H	c16
0.000482639295867679	0.727414610392647	0.043	0.027	1	TMEM173	c16
0.074240850283787	-0.727160680449639	0.006	0.012	1	SLFN5	c16
0.0632340474600643	0.726949599900019	0.016	0.01	1	RGS16	c16
0.0228285365039409	-0.725108774200049	0.013	0.023	1	IL6ST	c16
0.000979071427098971	0.723144173014418	0.035	0.022	1	RAC1	c16
0.0373583212121534	-0.722818921386559	0.01	0.018	1	DPM3	c16
0.00528351113169877	0.722718255592357	0.027	0.017	1	EIF3I	c16
0.0363584772691538	-0.721231506914038	0.01	0.018	1	IMP3	c16
0.0181155517153883	-0.721147910380601	0.014	0.024	1	TMC6	c16
0.0137750940684231	-0.718720287757987	0.017	0.029	1	SPNS1	c16
0.00955611313300248	0.718690789253476	0.026	0.016	1	SEC11C	c16
0.0663524996769677	-0.718688005117973	0.007	0.013	1	RAB24	c16
0.00314572825618682	0.718664066245327	0.032	0.02	1	SNX3	c16
0.0372431882556737	-0.718051428387147	0.01	0.018	1	ZNF428	c16
0.00700892424845432	0.716568257456455	0.025	0.016	1	HM13	c16
0.10501696781535	0.716203218436022	0.011	0.007	1	APOBEC3H	c16
0.0140118073937858	-0.713977767103363	0.016	0.027	1	TMEM219	c16
0.0283179036886628	0.712694432658884	0.018	0.011	1	ITGB1BP1	c16
0.0934737820114477	0.711026576934527	0.012	0.008	1	SQRDL	c16
0.00700596063038759	-0.711014077232552	0.02	0.033	1	DENND2D	c16
0.0057071822366671	-0.708468916871354	0.021	0.035	1	ARL4C	c16
0.0618042735304711	0.70616569572421	0.014	0.009	1	SMARCB1	c16
0.0450902602517032	0.704018864855224	0.016	0.01	1	FUNDC2	c16
0.0848392404608909	-0.70208630220711	0.009	0.015	1	MYC	c16
0.0182169022391236	-0.70115055949231	0.016	0.026	1	PDE4B	c16
0.0995069694186034	-0.700568854677532	0.005	0.01	1	PARP10	c16
0.000263650539551722	0.700344433124878	0.045	0.028	1	BZW1	c16
0.0965617467627219	-0.699628681922924	0.005	0.01	1	PRPF8	c16
0.061849053732117	-0.699457675576385	0.008	0.014	1	ARIH2	c16
0.0302699523419793	-0.69915836568701	0.012	0.02	1	TAF1D	c16
0.0955018512692648	-0.699001559530572	0.009	0.014	1	RN7SL1	c16
0.0868757724454134	0.698287141853979	0.012	0.008	1	TXNL1	c16
0.0502824973837442	-0.698036223234341	0.009	0.016	1	PFKFB3	c16
0.00015234174227397	-0.697802716559708	0.051	0.079	1	CLDND1	c16
0.00469129871580533	0.697704116976015	0.026	0.016	1	HLA-J	c16
0.0374492990099126	0.696209607937671	0.017	0.011	1	VASP	c16
0.0987779151226452	-0.694918605780796	0.005	0.01	1	BAG1	c16
0.0572714761433455	-0.693974742455739	0.009	0.015	1	ZEB2	c16
0.00632766617347397	-0.691815018937303	0.021	0.035	1	KMT2E	c16
0.0518670139359182	0.689870058667998	0.016	0.01	1	PPIH	c16
5.24069076814389e-05	0.68771279233356	0.054	0.033	1	SLA	c16
0.0451524920230461	0.687354981061664	0.016	0.011	1	DBNL	c16
0.104126840354507	-0.687350352144487	0.005	0.01	1	MED15	c16
0.122607408265037	0.68574592762416	0.011	0.007	1	AP1M1	c16
0.0916578722543112	-0.685557594653818	0.006	0.011	1	MIB2	c16
0.104525874028666	-0.684501989835457	0.005	0.01	1	RALGDS	c16
0.0113936171280319	-0.682418675334968	0.015	0.026	1	CAST	c16
0.00778989989869022	0.680141044735762	0.027	0.017	1	EIF4E	c16
0.106119628983816	-0.678788338641064	0.005	0.01	1	MRFAP1L1	c16
0.000292186919710497	-0.678081377760112	0.041	0.067	1	FUS	c16
0.0022007437704208	0.676970538757821	0.035	0.022	1	SF3B6	c16
0.00098324634381855	0.675876542658299	0.04	0.025	1	P4HB	c16
0.0281522936513003	-0.675816772109773	0.013	0.022	1	RPS19BP1	c16
0.0559487224363186	-0.675260965145737	0.009	0.016	1	CDC42EP3	c16
0.000186698222947543	0.673443802344881	0.053	0.034	1	UQCRHL	c16
0.00280649050360404	-0.671561031440038	0.027	0.044	1	PTGER4	c16
0.131195947728436	0.670106803846569	0.011	0.007	1	XPO1	c16
0.0112003226708342	-0.667884453314766	0.02	0.032	1	UFC1	c16
0.000445301617705541	0.667516686380861	0.046	0.029	1	BSG	c16
0.151914046398794	0.667054654338196	0.01	0.007	1	TIPRL	c16
0.0759096107071756	-0.666243085321949	0.008	0.014	1	ARRDC1	c16
0.0665127933979982	-0.665367822878742	0.009	0.015	1	SLC44A2	c16
0.0182464260440919	-0.663737072517596	0.02	0.031	1	CD40LG	c16
0.022460953961152	-0.66298648251817	0.012	0.021	1	HNRNPH1	c16
0.149933705229197	0.662903011067729	0.01	0.007	1	HIST3H2A	c16
0.0210212667743765	0.661950296880766	0.022	0.014	1	POLR2I	c16
0.0990193591627602	-0.661724922213846	0.006	0.011	1	PIH1D1	c16
0.0468283276785157	-0.660351090384387	0.011	0.018	1	IDI1	c16
0.0541275750558277	-0.660130173908818	0.01	0.017	1	DDX21	c16
0.000793640869335312	0.659797100199907	0.043	0.027	1	AIP	c16
0.000754965408253066	-0.658867144683136	0.037	0.06	1	ERP29	c16
0.0513334079988295	0.658823192047562	0.017	0.011	1	AP3S1	c16
0.110622917559601	0.65690022292899	0.012	0.008	1	RBM42	c16
0.000196458510566712	0.655496962766281	0.052	0.033	1	SH2D1A	c16
0.00145425979829576	0.655375428463212	0.04	0.026	1	UBXN4	c16
0.0484095441042394	-0.655187537839784	0.011	0.018	1	FMNL1	c16
0.0498823194627337	-0.654734846472409	0.012	0.019	1	MRPL18	c16
0.0341049342045071	0.654635395084129	0.02	0.013	1	VKORC1	c16
0.0492164767084471	-0.654152605915281	0.011	0.018	1	UFM1	c16
0.0538598667286969	0.653761299304048	0.016	0.011	1	NENF	c16
0.00571936908610323	-0.653563433794091	0.021	0.035	1	SELPLG	c16
0.113493434766552	0.653504313065479	0.012	0.008	1	FAS	c16
0.40123586552055	-0.653421618482636	0.011	0.009	1	CXCL8	c16
0.00234183914909767	0.653211214276578	0.016	0.009	1	CCL20	c16
0.0911357843843575	-0.6525988146602	0.007	0.012	1	CD46	c16
0.000482214397906342	0.650227331730623	0.047	0.03	1	MZT2A	c16
0.119229244245662	-0.648901839708838	0.005	0.01	1	GIMAP6	c16
0.000166737242888619	0.648143750375785	0.052	0.033	1	LOC100506248	c16
0.0101162602063264	-0.647927374936303	0.018	0.03	1	PTP4A2	c16
0.134852533273264	0.647918478869548	0.014	0.01	1	IFI35	c16
0.0505463243889156	-0.64688721985095	0.011	0.018	1	OSTC	c16
0.0406444662221506	-0.646550538463848	0.012	0.021	1	TGFB1	c16
0.0937737773156214	-0.646366860948685	0.007	0.012	1	LMBRD1	c16
0.091742927869711	0.644546577460544	0.014	0.009	1	TIMM8B	c16
0.124667168637938	-0.644022920480387	0.005	0.01	1	ASXL1	c16
0.0025988770337908	-0.643736813381603	0.031	0.05	1	ARHGEF1	c16
0.00020919132357412	-0.643004957174689	0.055	0.083	1	CYCS	c16
0.000970637976432654	-0.642506100719884	0.037	0.059	1	PRR13	c16
0.0117385425985224	0.640756317671999	0.03	0.02	1	TPR	c16
0.00760183392086436	0.640280102107059	0.03	0.02	1	PSMC5	c16
0.000144083808570256	0.640158020868069	0.059	0.039	1	SFPQ	c16
0.0773865108912296	-0.639454327978449	0.009	0.014	1	RASGRP2	c16
0.00845825050365558	0.638937776321933	0.03	0.019	1	KHDRBS1	c16
0.00376339240982708	0.638831716860096	0.035	0.023	1	AURKAIP1	c16
0.0564971002441055	-0.638538870821662	0.011	0.018	1	TMX4	c16
0.0870163103054717	-0.637967902162429	0.008	0.013	1	GRAMD1A	c16
0.0952598056035617	0.637526149782772	0.014	0.01	1	CCDC124	c16
0.00607664990092196	0.637335594368298	0.032	0.021	1	SERPINB1	c16
0.0114369535843122	-0.636317714314639	0.022	0.035	1	SNHG5	c16
0.0894610008589455	-0.635109664395655	0.008	0.013	1	ARAP2	c16
0.0176274212468632	-0.634451467949941	0.019	0.03	1	DDX17	c16
0.0115119263269147	-0.632771228958573	0.022	0.035	1	BIRC3	c16
0.0295193883931025	0.630299410472874	0.022	0.015	1	SNRPA1	c16
0.0919817059370475	-0.629376144515986	0.008	0.013	1	CPNE1	c16
0.198549595927328	-0.628737677927753	0.006	0.01	1	BAG3	c16
0.131828959892673	-0.62829856818737	0.005	0.01	1	SMIM3	c16
0.129902542939343	-0.627310082337881	0.005	0.01	1	KDM5A	c16
7.75032014165299e-05	0.627114332320224	0.073	0.049	1	ITGB1	c16
0.116630124871113	-0.626101012483124	0.006	0.011	1	SHARPIN	c16
0.0402733856987429	0.625717048878419	0.02	0.014	1	KIF5B	c16
0.0333723512381006	-0.624736844977143	0.015	0.024	1	PSMB8-AS1	c16
0.146543707053698	0.623710821889228	0.012	0.008	1	GPAA1	c16
0.150111330282646	0.623710821889228	0.012	0.008	1	ANAPC15	c16
0.0536586475660301	-0.623619747688434	0.007	0.013	1	G3BP1	c16
0.130393396990482	-0.623349352215636	0.005	0.01	1	EAPP	c16
0.0605675490769382	0.623199282316841	0.017	0.012	1	LMO4	c16
0.0726741124944938	-0.623120516456431	0.009	0.016	1	CASP4	c16
0.0837097738189582	-0.623018800022442	0.009	0.014	1	ACAP2	c16
0.0923262739665984	-0.62289858044478	0.008	0.013	1	CCNDBP1	c16
0.0179399438536219	0.622742059294792	0.026	0.017	1	PRMT1	c16
0.0929688651783982	-0.622177052527321	0.008	0.013	1	ADAM8	c16
0.0341374305916875	0.621197203365622	0.022	0.015	1	MPC2	c16
0.0857147715405834	-0.621033894814741	0.009	0.014	1	JMJD6	c16
0.0661519725719214	-0.620371652415741	0.005	0.011	1	MS4A6A	c16
0.151029038841353	0.620184885207347	0.012	0.008	1	RFC1	c16
0.105430865959109	-0.618781029276786	0.007	0.012	1	ATP6AP2	c16
0.0139720000110446	0.618187504682477	0.028	0.019	1	NDUFA7	c16
0.104697895552893	-0.617985059578863	0.007	0.012	1	APEX1	c16
0.0672381676603191	-0.617530022501795	0.01	0.017	1	UBAC2	c16
0.074234791516172	0.616667544885108	0.016	0.011	1	LINC00892	c16
0.00555632857654861	-0.616391801503196	0.025	0.04	1	SNHG15	c16
0.00367966066173334	-0.615822354074887	0.032	0.05	1	LAMTOR4	c16
0.106930973254176	-0.615594512153869	0.007	0.012	1	RBM4	c16
0.0455502815660162	-0.615062741030676	0.013	0.021	1	TMEM179B	c16
0.0965712673733911	-0.614941856616437	0.008	0.013	1	RBMS1	c16
0.0241819405779069	-0.613732455052706	0.018	0.028	1	G3BP2	c16
0.0699730700755228	0.613412732357616	0.017	0.012	1	IER3IP1	c16
0.00644287767275885	0.612925143199291	0.034	0.023	1	MDH2	c16
0.124453154996064	-0.612844915780857	0.006	0.011	1	ABLIM1	c16
0.044877291980945	0.611818145223712	0.02	0.014	1	RBM17	c16
0.0759717197322067	-0.611401498911189	0.005	0.01	1	ARHGAP25	c16
0.00267874377302547	0.61031826550843	0.041	0.027	1	CSK	c16
0.11270640006581	-0.610001115346167	0.007	0.012	1	TARSL2	c16
0.080601424612429	-0.607782342631325	0.009	0.015	1	MLF2	c16
0.000561153389762538	0.606925054012027	0.053	0.035	1	ARPC5L	c16
0.0920552444926792	-0.604385948243042	0.009	0.014	1	NFE2L2	c16
0.0340796964317996	0.604230441646886	0.023	0.015	1	TSPAN14	c16
0.124933957139501	-0.603939362558966	0.006	0.011	1	MECP2	c16
0.09267622729173	-0.603045776255459	0.009	0.014	1	FKBP2	c16
0.0284458029712523	-0.602462704251042	0.017	0.027	1	TMED10	c16
0.023279630860903	0.602410465322657	0.026	0.017	1	CHMP4A	c16
0.000721009220020843	0.601652818947815	0.055	0.037	1	NDUFB10	c16
0.0551075128982621	-0.600835716673197	0.012	0.02	1	RNF166	c16
0.00478304286292864	-0.600754796602453	0.031	0.048	1	VPS28	c16
0.0172356050423942	-0.600361691684247	0.021	0.033	1	PRRC2C	c16
0.0287969853328229	-0.600361691684247	0.017	0.027	1	RNF7	c16
0.00250790010657994	0.600034952996863	0.043	0.029	1	FAM49B	c16
8.24603312290525e-05	0.596572937791848	0.076	0.051	1	UBE2D2	c16
0.0120145589693406	-0.596465522153346	0.02	0.033	1	LOC284454	c16
0.116763146171739	-0.59632617844909	0.007	0.012	1	UHMK1	c16
0.147157904675258	-0.594978494987344	0.006	0.01	1	LOC646513	c16
0.317496734935586	-0.594708807157623	0.007	0.01	1	LST1	c16
0.0350886129596422	-0.594488115974842	0.016	0.026	1	DOK2	c16
0.105995222756971	-0.59301597805028	0.008	0.013	1	C6orf62	c16
0.14143915737847	0.592923190712685	0.013	0.009	1	RPA2	c16
0.039996185249207	0.591899639736166	0.023	0.016	1	EIF4H	c16
0.00967909222612389	-0.589394675510762	0.033	0.048	1	CDKN1A	c16
0.0165332583754042	0.588126652843299	0.03	0.02	1	POLR2E	c16
0.133285356502551	-0.586865849200024	0.006	0.011	1	RBM34	c16
0.019053304643077	0.586057895872124	0.031	0.022	1	CISH	c16
0.0890655513668108	-0.585404892071743	0.009	0.015	1	METTL9	c16
0.12304877256919	-0.584966316284542	0.007	0.012	1	AZIN1	c16
0.0704364196810864	0.58406287945318	0.019	0.013	1	PNN	c16
0.00556426503660649	0.583591932046231	0.042	0.029	1	PHB2	c16
0.0316216685030405	0.582442958220668	0.025	0.017	1	FERMT3	c16
0.00143216428938818	0.581703872630277	0.048	0.032	1	FKBP5	c16
0.131843382469364	0.580634813640351	0.014	0.01	1	BABAM1	c16
0.110267684568151	0.579673337402907	0.016	0.011	1	FIBP	c16
0.0787836267808522	-0.579559327869683	0.012	0.018	1	MAP3K8	c16
0.0405645701825611	0.577907132276103	0.023	0.016	1	PDAP1	c16
0.0661196650872621	-0.576941579228068	0.012	0.02	1	TGIF1	c16
0.157798474294369	-0.576607943834585	0.009	0.013	1	AIF1	c16
0.0360936343803723	0.574644329989401	0.02	0.013	1	GADD45G	c16
0.021689405033808	0.574396641429131	0.029	0.02	1	TCEB1	c16
0.000225678394146279	0.574374370743103	0.066	0.045	1	HCLS1	c16
0.000934079634590759	-0.573740217993929	0.041	0.063	1	GIMAP4	c16
0.058898684635633	-0.57324256533605	0.013	0.021	1	TCF25	c16
0.147259169084694	-0.57324256533605	0.006	0.01	1	PHF5A	c16
0.0134153729218286	0.571626580661617	0.033	0.022	1	GLIPR2	c16
0.1441672505443	-0.571416368837915	0.006	0.01	1	C18orf32	c16
0.000324327009960355	0.569952611511951	0.067	0.046	1	LCP2	c16
0.145715699591983	-0.568672732434055	0.006	0.01	1	RAB10	c16
0.239320018574535	0.567232109037863	0.013	0.01	1	IAH1	c16
0.0360702605315435	0.567001120758798	0.025	0.017	1	SF3A2	c16
0.109621763139865	-0.566382376276102	0.009	0.014	1	TRAPPC2L	c16
0.040258612702668	-0.56524580709627	0.017	0.026	1	C19orf70	c16
0.134700008263017	-0.563629140629643	0.007	0.011	1	SAP30BP	c16
0.138454476644417	-0.563629140629643	0.007	0.011	1	DNAJC19	c16
0.0305409048608388	0.563166349073903	0.025	0.017	1	EIF4A3	c16
0.0153314635072603	0.56278470390981	0.033	0.023	1	RAB1B	c16
0.0167899200393266	-0.56274305499985	0.02	0.032	1	FIS1	c16
0.0750662643127866	-0.562078133448303	0.012	0.018	1	BTN3A2	c16
0.000119766573850437	0.561697750326267	0.08	0.055	1	RPS17	c16
0.163683617280175	-0.561330757092887	0.006	0.01	1	TIFA	c16
0.0119803858315699	0.559958695545687	0.035	0.024	1	MTDH	c16
0.15107295237278	0.559628955520049	0.014	0.01	1	DCTN2	c16
0.0428284508270005	-0.558407524173107	0.017	0.026	1	DNAJB6	c16
0.0246930990071849	0.558207814337109	0.029	0.02	1	VPS29	c16
0.086516282546553	0.557923754012451	0.019	0.013	1	COX20	c16
0.136140660741072	-0.556169051977108	0.007	0.011	1	SMG1	c16
0.0918624472408724	0.556071560600539	0.023	0.017	1	LDLRAD4	c16
0.138435739972454	0.554330489288444	0.015	0.011	1	CD28	c16
0.152714548445004	0.553952770987846	0.014	0.01	1	MANF	c16
0.105984393535322	-0.553737794514326	0.009	0.015	1	BTF3L4	c16
0.0306009842062969	-0.553257456557205	0.017	0.027	1	FCER1G	c16
0.013155863559158	-0.552928712100754	0.029	0.043	1	SF3B5	c16
0.00521852338627937	0.550814997590483	0.04	0.027	1	STAT1	c16
0.06845530654864	0.549340452244529	0.021	0.015	1	EIF2S2	c16
0.0902159321014187	-0.548948618991567	0.011	0.017	1	RGS19	c16
0.00249443965738404	-0.548594241753669	0.041	0.061	1	SELK	c16
0.110281549256516	0.546704986717541	0.017	0.012	1	PSMD9	c16
0.0812294808234601	-0.546533755164806	0.013	0.02	1	H1FX	c16
0.135088820227472	0.54530137117455	0.016	0.011	1	WNK1	c16
0.0227257508054263	-0.544715720291402	0.014	0.024	1	ATP5EP2	c16
0.091663125831485	-0.544487246929473	0.011	0.017	1	EIF3M	c16
0.137171416675332	0.544452477333706	0.016	0.011	1	ADSL	c16
0.14534764541635	-0.543649201572832	0.007	0.011	1	TBX21	c16
0.0898844746691043	-0.542810669122089	0.012	0.018	1	STUB1	c16
0.271430823544684	0.542332425459336	0.01	0.007	1	BRE	c16
0.0664346761115083	-0.541437706365767	0.217	0.184	1	GNLY	c16
0.0294613375935425	0.54126242491642	0.029	0.02	1	MIEN1	c16
0.116781882300277	-0.540873732101371	0.009	0.015	1	VIM-AS1	c16
0.0491421711992248	-0.54071220323809	0.016	0.024	1	TNFSF9	c16
0.0984909942752766	-0.538330246139419	0.011	0.017	1	BCL11B	c16
0.106578826927378	-0.537408434655822	0.01	0.016	1	LINC01420	c16
0.000317448306909374	0.537340036225213	0.084	0.06	1	ZNF683	c16
0.0991184485627178	-0.536084805933775	0.011	0.017	1	TRA2A	c16
0.0029887552273371	0.534329677272495	0.052	0.036	1	OSTF1	c16
0.0991429424223613	-0.533273082103049	0.011	0.017	1	CGGBP1	c16
0.108294982170503	-0.533192666560492	0.01	0.016	1	DOCK8	c16
0.0174694073673751	0.532034693983248	0.035	0.025	1	PRKAR1A	c16
0.00583315083668002	0.531019034254383	0.047	0.033	1	GBP5	c16
0.129768731676587	-0.530173843444163	0.009	0.013	1	WDR33	c16
0.159151595705296	0.529425147525624	0.015	0.011	1	MAZ	c16
0.143296731020632	-0.52901953344188	0.008	0.012	1	ST3GAL1	c16
0.234694329061511	0.527002115358255	0.012	0.009	1	TNIP2	c16
7.90271192364355e-05	-0.526925223540553	0.079	0.114	1	EIF3K	c16
0.158883342285947	-0.525936850557692	0.007	0.011	1	ZSCAN16-AS1	c16
0.0416921013125482	-0.523734982630835	0.02	0.03	1	SIGIRR	c16
0.0262672399797098	-0.523510113163152	0.014	0.023	1	CDC42SE1	c16
0.0326791462961007	-0.523007519519021	0.022	0.032	1	SP100	c16
0.00309858886093469	0.522082393687261	0.053	0.037	1	NDUFB4	c16
0.108262549077903	0.5209841968298	0.019	0.014	1	ENY2	c16
0.136743336986588	-0.519557937994987	0.009	0.013	1	EVI2A	c16
0.101463113975665	0.519151038970846	0.02	0.014	1	CNIH1	c16
0.0265802379811111	0.518881653284153	0.03	0.021	1	CTSB	c16
0.109874086792408	0.518181485815478	0.019	0.014	1	KRAS	c16
0.071401125757201	-0.517852120426005	0.015	0.022	1	ATRAID	c16
0.18381354487643	0.517646292819726	0.012	0.009	1	PPP1R14B	c16
0.0908504331027362	-0.516923106992703	0.012	0.019	1	VDAC2	c16
0.0922119743667531	-0.515823838928958	0.009	0.014	1	CCL3L1	c16
0.303719270113226	0.515751962055497	0.013	0.01	1	PCMT1	c16
0.0647415441793473	0.514402078578621	0.024	0.017	1	PYCARD	c16
0.12824948899963	-0.514138279239424	0.009	0.014	1	GRK6	c16
0.0207007494828445	-0.513960386165192	0.028	0.041	1	OXNAD1	c16
0.735464729193982	-0.513762136611589	0.015	0.016	1	IFI30	c16
0.179060516614057	0.511895222968047	0.015	0.011	1	ELAVL1	c16
0.067600992092298	-0.509253623969936	0.016	0.024	1	PRMT2	c16
0.130399573250618	0.509139080580663	0.018	0.013	1	ETHE1	c16
0.182601554803821	-0.508863337198751	0.006	0.01	1	NECAP2	c16
0.0719100372511825	-0.508863337198751	0.016	0.024	1	SNHG7	c16
0.243128359279706	0.508414654233085	0.012	0.009	1	UBALD2	c16
0.144523639238356	-0.508147537114164	0.009	0.013	1	POLR2F	c16
0.0150485907467707	-0.507636033814748	0.032	0.046	1	ELF1	c16
0.00521103697558134	0.507612637141612	0.05	0.035	1	GNB2	c16
0.132268881309012	0.50696689190297	0.018	0.013	1	PLEKHJ1	c16
0.000331090764215893	-0.506214453756579	0.097	0.13	1	SAT1	c16
0.154247774754989	-0.505737236212031	0.008	0.012	1	FBXO7	c16
0.273293935408746	0.50494246232628	0.011	0.008	1	CDK6	c16
0.310495539787541	0.504694768095971	0.01	0.008	1	PFKL	c16
0.0665051179056159	-0.504563199765125	0.016	0.024	1	RAP1A	c16
0.129151284484574	-0.503947846784635	0.01	0.015	1	AGTRAP	c16
0.0114902827438148	-0.503197060934736	0.03	0.045	1	ICAM3	c16
0.266354986838742	0.502993020491036	0.012	0.009	1	AKR1B1	c16
0.000268289919747493	0.498582847284112	0.085	0.061	1	HNRNPA1P10	c16
0.174582431562955	0.496873032350394	0.016	0.012	1	SLAMF1	c16
0.137399097890812	0.496873032350393	0.018	0.013	1	HIGD1A	c16
0.0426373809802534	-0.496501821547359	0.023	0.033	1	CCDC107	c16
0.115317956718807	0.49304625280988	0.02	0.015	1	RNF187	c16
7.8666216485762e-05	0.492511312777467	0.097	0.069	1	USMG5	c16
0.0174379284103518	-0.492177787787789	0.034	0.048	1	CELF2	c16
0.0789651029131897	-0.491171432397016	0.016	0.023	1	TAF7	c16
0.233934629010054	0.491136662801249	0.013	0.01	1	MESDC2	c16
0.0521530249082195	-0.49061936311222	0.02	0.03	1	UBE2B	c16
0.0269218041223668	-0.490136129129846	0.027	0.039	1	EIF3L	c16
0.180801796742733	-0.487233321227208	0.007	0.011	1	FGD3	c16
0.0309529688854786	-0.486264419215715	0.027	0.039	1	NDFIP1	c16
0.314679070422359	0.485423011606856	0.011	0.008	1	PSMC4	c16
0.0802605663993562	0.485244824113158	0.024	0.018	1	TRG-AS1	c16
0.279219380234601	0.483642126254325	0.012	0.009	1	JARID2	c16
0.201946040199889	-0.482868128665807	0.006	0.01	1	CHORDC1	c16
0.177673621531611	-0.482073036311216	0.008	0.012	1	PDLIM2	c16
0.116444452351713	-0.481993502970095	0.006	0.011	1	TARP	c16
0.186357041434448	-0.481118346715847	0.007	0.011	1	DOCK10	c16
0.00612485745148581	0.480868327347422	0.054	0.039	1	TMEM50A	c16
0.161845740527389	-0.479220351650662	0.009	0.013	1	CNPY2	c16
0.00237150633801837	-0.47896367420989	0.057	0.08	1	SSR2	c16
0.144729720085057	0.478823401362397	0.019	0.014	1	RTF1	c16
0.251603061552368	0.477839840187791	0.013	0.01	1	CYC1	c16
0.175974186083087	-0.477293258197881	0.008	0.012	1	CASP8	c16
0.297489726864959	0.477249080161156	0.012	0.009	1	MAPRE1	c16
0.229203186799104	0.476745570495627	0.014	0.011	1	BOLA3	c16
0.0192715053749681	-0.475251152545436	0.047	0.063	1	HERPUD1	c16
0.0709751321026677	-0.47502361367419	0.013	0.02	1	CMTM7	c16
0.0575263785918221	0.473628012946507	0.03	0.022	1	TMCO1	c16
0.00857628731691998	-0.473458001067553	0.041	0.058	1	PRDM1	c16
0.0138720935461467	-0.471358499990054	0.034	0.048	1	C4orf3	c16
0.047363658822271	0.4708842387748	0.036	0.027	1	ATP5H	c16
0.0641627018787498	0.470855631752583	0.028	0.021	1	MRPS34	c16
0.195878388244365	0.470833836306862	0.016	0.012	1	SLC20A1	c16
0.0435605117728552	0.469727769742222	0.033	0.024	1	NAA10	c16
0.279034621807764	0.469079741928052	0.012	0.01	1	AKR1A1	c16
0.0324051627158079	-0.468619172927527	0.028	0.04	1	TMEM59	c16
0.180047937772453	0.468171584170851	0.017	0.013	1	TKT	c16
0.20978551740326	-0.467239593533958	0.006	0.01	1	NARF	c16
0.0713289966324459	0.467198608144495	0.028	0.021	1	GHITM	c16
0.0815607984385403	-0.467043161504124	0.019	0.027	1	ZNRD1	c16
0.00282926907086842	0.466827953531423	0.084	0.064	1	CD27	c16
0.364666059816278	0.466807333439508	0.01	0.008	1	LASP1	c16
0.0293623044039829	-0.466658237531486	0.065	0.081	1	XCL1	c16
0.201183909871741	0.466539299060495	0.02	0.015	1	MYO1G	c16
0.0190338558341816	0.46483479148877	0.049	0.037	1	RUNX3	c16
0.00627636194554508	0.464640734800528	0.06	0.044	1	ARF5	c16
0.104858530975575	0.463915194066225	0.023	0.017	1	GPR56	c16
0.184231515596753	-0.463663917768654	0.008	0.012	1	CAMLG	c16
0.141705324385212	-0.463502803798876	0.011	0.016	1	FNBP4	c16
0.117137031949245	-0.462889166635248	0.02	0.027	1	UGP2	c16
0.152303160003901	0.46236028638107	0.02	0.015	1	CHMP2A	c16
0.172418340027648	-0.461183248213839	0.009	0.014	1	INO80E	c16
0.022920435775816	0.461065808913435	0.04	0.029	1	CMTM6	c16
0.272348438085725	0.460922049754241	0.013	0.01	1	LMF2	c16
0.207364025598473	-0.459953736717805	0.007	0.011	1	KANSL1-AS1	c16
0.0227754963708589	0.459631472876026	0.042	0.031	1	ANXA11	c16
0.317863580271567	0.458238182280625	0.012	0.009	1	ELOVL1	c16
0.0197971454892887	-0.457532345123037	0.036	0.05	1	EIF3H	c16
0.0534451758620923	-0.457257484986769	0.023	0.033	1	ST13	c16
0.0053307652907747	0.456597375029811	0.06	0.044	1	ICOS	c16
0.147805661757687	-0.455802093447337	0.011	0.016	1	RABGGTB	c16
0.192154645335482	0.453381740805831	0.016	0.012	1	STARD3NL	c16
0.0802281336308802	0.449502174093285	0.028	0.021	1	UQCRFS1	c16
0.112212338750252	-0.449253848060596	0.015	0.021	1	ANKRD44	c16
0.184142358804939	0.448825857943285	0.018	0.014	1	GNAI2	c16
0.392609276376626	0.448387015341912	0.013	0.011	1	KXD1	c16
0.220547641349345	0.447635024164663	0.016	0.012	1	PHYKPL	c16
0.306967115205102	0.447354970773335	0.012	0.01	1	HCFC1R1	c16
0.00781936788275402	0.446194802428247	0.059	0.043	1	ATP5O	c16
0.0492697648341442	-0.445413145532581	0.027	0.037	1	ISCU	c16
0.247951917615284	0.444982085578359	0.019	0.015	1	CLTB	c16
0.156019392902123	-0.444824841459742	0.012	0.018	1	LOC100996919	c16
0.227003832327861	-0.444472749928797	0.006	0.01	1	METTL23	c16
0.0429106438238827	-0.444227389455937	0.084	0.1	1	RGCC	c16
0.199090824357197	0.44258491796914	0.018	0.014	1	PPP1R12A	c16
0.230112156392415	-0.44247593986485	0.006	0.01	1	BRWD1	c16
0.217275620417179	-0.439375412048885	0.007	0.011	1	CNOT7	c16
0.210989297261172	-0.439293489613902	0.008	0.012	1	DNAJC4	c16
0.0888655500756498	-0.439195176551007	0.019	0.026	1	EIF3D	c16
5.96128044861344e-05	0.438727477381342	0.117	0.085	1	TUBA4A	c16
0.150714298276286	-0.438474009307353	0.012	0.017	1	POLR3GL	c16
0.064527007316319	-0.438208783634965	0.026	0.035	1	WSB1	c16
0.26353364692518	0.436370859370357	0.015	0.011	1	CD320	c16
0.377469723063533	0.436095299243287	0.011	0.009	1	ARL5A	c16
0.286311325465549	0.435283428067732	0.014	0.011	1	SDHD	c16
0.110079784521903	-0.435191425318052	0.016	0.023	1	RBCK1	c16
0.211686590825887	-0.434369610974616	0.008	0.012	1	MBOAT7	c16
0.209015309761406	-0.433547328227426	0.008	0.012	1	FLOT1	c16
0.0070460949750734	-0.432994382896101	0.044	0.062	1	IRF1	c16
0.0460351464210542	-0.432291360803919	0.029	0.04	1	TRAF3IP3	c16
0.112703754835861	0.43224297374768	0.026	0.02	1	SPCS3	c16
0.241531721331157	0.43224297374768	0.016	0.013	1	TCP1	c16
0.178818955824507	-0.432018987170054	0.01	0.015	1	ERGIC3	c16
0.0780418024461023	-0.431617377066534	0.022	0.03	1	C16orf13	c16
0.414089586178615	0.431065743946832	0.01	0.008	1	SEC13	c16
0.0769451638158856	-0.430940336621946	0.007	0.013	1	MMP24-AS1	c16
0.119305842866246	-0.4302927589762	0.016	0.022	1	EVI2B	c16
0.025421456233609	0.430217190535043	0.047	0.035	1	C11orf58	c16
0.0818906693843783	-0.42975288880529	0.021	0.029	1	VAPA	c16
0.410777724879685	0.428714162267434	0.01	0.008	1	MRPS16	c16
0.0813014711132528	-0.428132065085895	0.021	0.029	1	SH3BGRL	c16
0.340257129170159	0.425952494041112	0.012	0.01	1	PYCR2	c16
0.260001766879613	0.425584670712996	0.016	0.012	1	HADHA	c16
0.118621297349894	0.424504731710996	0.026	0.02	1	RER1	c16
0.305239238174023	0.423159868985242	0.014	0.011	1	PRPF40A	c16
0.0695694291783461	0.421401766783577	0.037	0.029	1	NDUFB7	c16
0.234363315051142	-0.420326662597093	0.007	0.01	1	ZRSR2	c16
0.164692619067002	0.419345979733238	0.021	0.016	1	PELO	c16
0.431124912550466	0.418179222661244	0.01	0.008	1	THOC7	c16
0.00472366752771064	0.417995084086565	0.073	0.055	1	ARF1	c16
0.0136640165163484	0.417044484580139	0.058	0.044	1	DAD1	c16
0.0107071322643954	-0.416483890526196	0.052	0.071	1	STK17B	c16
0.0126572816942052	0.41541960876845	0.059	0.044	1	PSMB10	c16
0.401143890896915	0.415305249841603	0.011	0.009	1	ADH5	c16
0.195597928322066	-0.41444477206327	0.01	0.014	1	U2SURP	c16
0.0944375031320936	0.411955574604304	0.034	0.027	1	ATP6V0B	c16
0.045249480008388	0.41146629507562	0.04	0.03	1	CCT4	c16
0.439745814907878	0.411198426585129	0.01	0.008	1	EXOSC8	c16
0.184532769550052	0.410709812198039	0.027	0.022	1	AQP3	c16
0.0776826517291733	-0.410331044961648	0.025	0.034	1	DYNLT1	c16
0.337124292477368	0.409522897247597	0.013	0.011	1	CISD3	c16
0.322362329385732	0.409427986222209	0.014	0.011	1	SMNDC1	c16
0.00114072623846193	0.407843463299865	0.09	0.067	1	PHLDA1	c16
0.0509597335024263	0.407720654613612	0.044	0.035	1	TOMM6	c16
0.237759822799451	0.407720654613612	0.018	0.014	1	ATP6V0E2	c16
0.266428421988979	0.40698402194972	0.016	0.013	1	SUSD3	c16
0.0100983855520668	-0.406744331319553	0.059	0.079	1	APRT	c16
0.132041740625737	-0.406257445334642	0.01	0.015	1	STARD7	c16
0.184377270056045	0.406044726013656	0.022	0.017	1	RPN2	c16
0.444985913673066	0.404251246029656	0.01	0.008	1	GTF2H5	c16
0.0165760528524318	-0.40263812088011	0.052	0.068	1	STK17A	c16
0.0844698849880751	-0.399423731866692	0.025	0.034	1	SUN2	c16
0.31793183179484	0.398832558481411	0.015	0.012	1	GTF2A2	c16
0.105457447052273	-0.398641473478293	0.021	0.029	1	MRPL33	c16
0.195714878894805	-0.39824416451882	0.011	0.015	1	PPP3CC	c16
0.122959094456434	-0.395459933919929	0.014	0.02	1	MAF	c16
0.263442855077637	-0.395459933919929	0.007	0.01	1	MRPS31	c16
0.0123679290131442	-0.395223117449837	0.075	0.095	1	KLRD1	c16
0.276120906080887	0.394391502771963	0.017	0.014	1	MOB1A	c16
0.245820374693745	-0.394361638810431	0.008	0.011	1	CSNK1D	c16
0.255130174041772	-0.393600790568719	0.007	0.01	1	WBSCR22	c16
0.0144748713013188	0.390249699222298	0.063	0.048	1	CSTB	c16
0.0337648017638508	-0.389564408826407	0.041	0.055	1	SON	c16
0.212479721883267	-0.388527617519918	0.013	0.018	1	RAPGEF6	c16
0.215072110150265	-0.388008942324365	0.01	0.014	1	SLTM	c16
0.180447205449058	-0.387490080588548	0.013	0.018	1	CYFIP2	c16
0.239381666023803	-0.386931097641515	0.009	0.013	1	C1orf162	c16
0.0131828891489295	-0.38632715269437	0.058	0.076	1	EIF3F	c16
0.607373175611056	0.385602248628891	0.011	0.01	1	TXNDC12	c16
0.222725524722325	-0.384670141850404	0.01	0.014	1	MTCH1	c16
0.163956612764159	-0.384268966047413	0.015	0.02	1	PCNP	c16
0.250717108978739	-0.383332455114892	0.009	0.012	1	FOSL2	c16
0.00964934282472335	0.382911898423333	0.078	0.061	1	LAT	c16
0.200427984780706	-0.382746826918952	0.012	0.016	1	WTAP	c16
0.256081615349975	-0.382480553678335	0.008	0.011	1	RNPEPL1	c16
0.160056334811485	-0.38065335491901	0.016	0.021	1	DDOST	c16
0.129662419195314	-0.380206354128172	0.012	0.018	1	LEF1	c16
0.12405181112558	0.380025838988038	0.03	0.024	1	RAB11B	c16
0.00204389165097919	-0.378793990751801	0.12	0.15	1	GZMH	c16
0.228003670742925	-0.37729746822116	0.01	0.014	1	RNF145	c16
0.000573688972474826	0.376380252311565	0.119	0.091	1	GABARAP	c16
0.0182174957524835	0.376046175055493	0.063	0.049	1	RGS10	c16
0.068785118130009	0.374778947922863	0.041	0.032	1	TBCB	c16
0.239513221269028	-0.373933757112642	0.009	0.013	1	MRPL10	c16
0.247994254724995	0.37272654125902	0.02	0.016	1	COMMD7	c16
0.17057203759634	0.371933955794257	0.026	0.02	1	AMICA1	c16
0.321052363256032	0.371342150266535	0.016	0.013	1	PLEKHF1	c16
0.23607329686469	-0.371237130082878	0.01	0.014	1	SH3GLB1	c16
0.177135793457171	-0.370629693739408	0.015	0.02	1	PRKACB	c16
0.0167859598917123	0.370264842158561	0.067	0.052	1	ATP5D	c16
0.241681547940971	-0.369575158507746	0.009	0.013	1	WHSC1L1	c16
0.286424146755262	-0.36826500702595	0.007	0.01	1	EFHD2	c16
0.0111019247464392	0.365821833887527	0.081	0.064	1	CD53	c16
0.272558345393846	-0.365336025821046	0.008	0.011	1	SSBP4	c16
0.272558345393846	-0.365336025821046	0.008	0.011	1	DIAPH1	c16
0.277631062979491	-0.365336025821046	0.008	0.011	1	RASSF7	c16
0.19613609613338	-0.364972889541021	0.014	0.019	1	SVIP	c16
0.224139083499511	-0.364473427863576	0.012	0.016	1	GADD45GIP1	c16
0.270892879777491	-0.364473427863576	0.008	0.011	1	LRPAP1	c16
0.0237000345387859	0.363867593710878	0.061	0.047	1	PET100	c16
0.0804809448875086	-0.363569200293462	0.032	0.042	1	ZAP70	c16
0.121600020361255	-0.363523974034711	0.023	0.03	1	PRKCH	c16
0.373608025830336	0.363031837053564	0.015	0.012	1	SH3BP1	c16
0.517912435919577	0.362134080309666	0.01	0.008	1	DCP2	c16
0.255587131509114	-0.361550032656809	0.009	0.013	1	SMIM7	c16
0.0945942832253261	-0.360363182801663	0.027	0.036	1	SLC38A2	c16
0.237468388378746	-0.360314946381843	0.012	0.016	1	FAM173A	c16
0.490607652472328	0.359892129522997	0.011	0.009	1	AHSA1	c16
0.418356833474496	0.359892129522996	0.013	0.011	1	TSTA3	c16
0.0162826115778449	0.359421762174085	0.077	0.06	1	MORF4L1	c16
0.292007075166701	-0.356860243753701	0.007	0.01	1	RNF10	c16
0.225874505517149	0.356860194871068	0.023	0.019	1	CANX	c16
0.147161769045041	0.356835571089658	0.031	0.025	1	SASH3	c16
0.144572528812581	-0.356655765680808	0.021	0.028	1	TRABD	c16
0.202538403448136	-0.356458434799457	0.014	0.019	1	ATRX	c16
0.183403815961298	-0.356314904476412	0.016	0.021	1	TMEM230	c16
0.273573050214042	0.355832281502641	0.02	0.016	1	POLR2J	c16
0.300038355278016	-0.355746623442992	0.009	0.012	1	SNORD3A	c16
0.29105878589736	0.355075113225221	0.02	0.016	1	SSR3	c16
0.375065262908231	0.354414029484934	0.015	0.012	1	EIF6	c16
0.0335469546964315	0.354403885341262	0.059	0.047	1	NDUFB8	c16
0.159686074058285	0.353473008628718	0.03	0.024	1	NDUFAF3	c16
0.274584608994387	-0.353357395669402	0.009	0.012	1	B3GAT3	c16
0.305817083344714	0.353008730887103	0.019	0.015	1	SLA2	c16
0.356774211195875	0.352072625063697	0.016	0.013	1	SEPT2	c16
0.413021300348065	0.351662243880191	0.014	0.012	1	SDHC	c16
0.0245666230590518	-0.351597840794467	0.068	0.086	1	TUBA1A	c16
0.22219788350522	-0.35157461076712	0.012	0.017	1	SNX6	c16
0.523505908810952	0.350959004752989	0.01	0.009	1	IKZF2	c16
0.256664837833936	-0.350165591179693	0.01	0.014	1	SARS	c16
0.0838769101331651	-0.349947710783463	0.034	0.043	1	PVRIG	c16
0.232470266130914	-0.349566340894488	0.012	0.016	1	EPS15	c16
0.000267769389645633	-0.348582125933595	0.159	0.2	1	PTPRC	c16
0.203110142806717	0.346957074195492	0.027	0.021	1	LMAN2	c16
0.0664237537433569	-0.346404010609887	0.027	0.036	1	SNHG12	c16
0.302406485728265	-0.345364604915871	0.007	0.01	1	ADAR	c16
0.285292984464819	0.344849411233501	0.021	0.017	1	SNRPB2	c16
0.077844450474502	0.342455939865995	0.045	0.036	1	FAM96B	c16
0.367573290014144	0.34218143520606	0.016	0.013	1	TANK	c16
0.351644866264264	0.34092685117925	0.017	0.014	1	ACADVL	c16
0.392027324957379	0.340606458755075	0.016	0.013	1	PUF60	c16
0.494739772699061	0.340422265324771	0.012	0.01	1	PSMB7	c16
0.300814005761598	-0.338352707560498	0.008	0.011	1	IRF2BP2	c16
0.168826048736787	-0.338260218215922	0.04	0.048	1	RNA45S5	c16
0.31113450249975	-0.337649639787866	0.007	0.01	1	NDUFB5	c16
0.282853427313803	0.337110798589578	0.021	0.017	1	C20orf24	c16
0.219623663321174	-0.336175433461211	0.016	0.02	1	ATP1A1	c16
0.214265076686795	-0.335714434882152	0.016	0.021	1	ATF4	c16
0.150750391303943	-0.334151892716099	0.023	0.03	1	TERF2IP	c16
0.390348941768772	0.333720073169834	0.014	0.011	1	PELI1	c16
0.0448988610961686	-0.333419382631822	0.059	0.073	1	ATP6V0C	c16
0.0617141469004623	0.332613469424343	0.031	0.023	1	SPRY1	c16
0.54108751028715	0.331938067951995	0.011	0.009	1	FLI1	c16
0.571480712060243	0.329961923457948	0.01	0.009	1	CALCOCO2	c16
0.0391968396779621	-0.329539637754189	0.012	0.02	1	NPC2	c16
0.0399865202527259	0.328028322900914	0.073	0.059	1	RHOB	c16
0.318101277134349	-0.327947551838462	0.007	0.01	1	TBL1XR1	c16
0.302066744425642	-0.327623022528605	0.009	0.012	1	MIER1	c16
0.000598496689764194	0.327518115437157	0.316	0.28	1	SRGN	c16
0.476021200965461	0.327160927690123	0.013	0.011	1	EIF5B	c16
0.31110405985659	-0.326885184308211	0.008	0.011	1	CNOT2	c16
0.312994831310592	-0.32599928004894	0.008	0.011	1	DUSP23	c16
0.064372394346755	-0.325674312136565	0.046	0.058	1	ATP6V0E1	c16
0.281421133844225	0.324416282160832	0.023	0.019	1	HNRNPUL1	c16
0.26599279729609	0.324316029937625	0.044	0.039	1	PIM2	c16
0.3302586031723	-0.324048373678779	0.007	0.01	1	NEDD9	c16
0.00781660762251895	-0.323789070356729	0.098	0.123	1	RPL7	c16
0.210802537365221	0.3235622851635	0.035	0.029	1	KLRC1	c16
0.00414453610539221	-0.323443986658949	0.114	0.142	1	IFITM3	c16
0.317115859138034	0.322848297996043	0.021	0.017	1	PPP2CA	c16
0.281665366915897	-0.322746302253853	0.008	0.011	1	MAGEH1	c16
0.00534453470970762	-0.322640563056004	0.117	0.144	1	RARRES3	c16
0.50593262334994	0.322559344820683	0.012	0.011	1	DR1	c16
0.582745583930885	0.322302546129921	0.01	0.009	1	CHST11	c16
0.604937992500146	0.321308288735209	0.051	0.048	1	HSPA5	c16
0.00844622978542002	0.320797510346795	0.181	0.156	1	LAPTM5	c16
0.302240793628395	-0.320418247785641	0.01	0.013	1	SYAP1	c16
0.4444115900881	0.319685807127977	0.015	0.012	1	TBCD	c16
0.247561633571263	-0.317250968706958	0.014	0.018	1	RAB5C	c16
0.321671522456037	-0.317110188212671	0.008	0.011	1	ACAA1	c16
0.330308916554214	-0.316218259256355	0.007	0.01	1	DPY30	c16
0.20050734733545	0.316131743994584	0.032	0.026	1	SELT	c16
0.333413501359143	-0.315236500088908	0.007	0.01	1	HSPA4	c16
0.475800859281985	0.315197917591253	0.014	0.012	1	HNRNPL	c16
0.571360228623881	0.313598477249061	0.011	0.009	1	SMARCE1	c16
0.103913721250632	0.312374298099759	0.048	0.039	1	SRRM1	c16
0.339606509128349	0.311430640566351	0.021	0.018	1	RPN1	c16
0.342849326610857	-0.311302768842238	0.007	0.01	1	CFDP1	c16
0.0284666434956037	-0.311060590785957	0.044	0.058	1	AES	c16
0.203791796557527	-0.310923959586842	0.02	0.025	1	RBM25	c16
0.194246068433464	-0.310247266997165	0.021	0.027	1	SYF2	c16
0.355190090875664	0.310131500414728	0.026	0.022	1	RSRC2	c16
0.167122448760928	-0.309563883488025	0.026	0.033	1	CBLB	c16
0.252891738050534	0.30901457127086	0.032	0.027	1	PTPN6	c16
0.670212077636109	0.307177927974259	0.035	0.033	1	LMNA	c16
0.339730783448794	-0.306370473300007	0.007	0.01	1	UPF2	c16
0.279541035926911	-0.305207478443889	0.012	0.016	1	TMEM50B	c16
0.0561699315386623	0.305070548804366	0.066	0.054	1	GNG2	c16
0.195752995282225	-0.302082134591727	0.023	0.029	1	ATP6V1F	c16
0.255791395243232	-0.301421257328275	0.016	0.021	1	PDE4D	c16
0.31433499875208	-0.301421257328275	0.01	0.013	1	LAMTOR2	c16
0.596561842430076	0.300496720749231	0.011	0.009	1	C11orf73	c16
0.199253742104712	-0.300429373452222	0.023	0.029	1	ARID5B	c16
0.792257784511363	-0.299468836093971	0.359	0.33	1	NKG7	c16
0.265784817139635	-0.299294956219886	0.016	0.02	1	CEBPB	c16
0.220170231783042	0.298491584858853	0.038	0.032	1	IQGAP1	c16
0.223377759760722	0.297823825050177	0.034	0.028	1	BHLHE40	c16
0.139516181553991	-0.296455004434924	0.014	0.02	1	GATA3	c16
0.242292645916555	-0.295625631005421	0.018	0.023	1	KTN1	c16
0.356977740752637	-0.295459699089557	0.007	0.01	1	SURF2	c16
0.290737339442999	-0.295283985668613	0.012	0.016	1	LSM14A	c16
0.272315131568281	-0.294961788803032	0.015	0.019	1	CHST12	c16
0.0814552767560818	-0.294276881453262	0.049	0.061	1	HIGD2A	c16
0.389443986433955	0.293490903800486	0.02	0.017	1	NAPA	c16
0.152192913321602	-0.293342392567589	0.037	0.045	1	RNF213	c16
0.155583074019744	0.29249284423741	0.045	0.038	1	PIM1	c16
0.2983160529691	-0.292352273542313	0.012	0.016	1	SEMA4D	c16
0.278234328977035	-0.292259596052261	0.014	0.018	1	MAPK1IP1L	c16
0.146521108363685	-0.29181983565774	0.033	0.041	1	OCIAD2	c16
0.0122221639149404	0.291676763302542	0.183	0.158	1	CTSW	c16
0.318617375313603	0.2907705477948	0.025	0.021	1	CAPZA1	c16
0.416844073695974	0.286404302560123	0.02	0.017	1	ACP1	c16
0.0373067700909652	0.285726110886115	0.083	0.068	1	RPL22L1	c16
0.453731379683968	0.283541243392882	0.017	0.015	1	MAP4K1	c16
0.468955572101781	0.283541243392882	0.017	0.015	1	TOMM22	c16
0.0965908509314451	-0.28338493598856	0.05	0.061	1	TBC1D10C	c16
0.354656126514027	-0.283127472787933	0.009	0.011	1	ZFAND2B	c16
0.863608397539208	0.282611971192709	0.01	0.01	1	CRTAM	c16
0.337639928642097	-0.282170778428678	0.01	0.013	1	TOPORS-AS1	c16
0.225007223370815	0.281559519124015	0.034	0.029	1	SDCBP	c16
0.343774306333209	-0.279518155220535	0.009	0.012	1	GGNBP2	c16
0.125445754967839	0.279329639299218	0.052	0.043	1	NEDD8	c16
0.655039662494791	0.279298019625542	0.01	0.009	1	UPF3A	c16
0.339541325841984	-0.278577513704669	0.01	0.013	1	LINC00674	c16
0.342308418693562	-0.276417251198381	0.01	0.013	1	SP110	c16
0.199668062556443	-0.275123238158995	0.03	0.036	1	SYNE2	c16
0.346345396281024	0.274555259555648	0.025	0.021	1	GNAS	c16
0.167262000554511	-0.27453904746246	0.033	0.04	1	JAK1	c16
0.334198249913845	-0.273050400099981	0.011	0.014	1	TNIP1	c16
0.536112700386688	0.272429288272657	0.015	0.013	1	MED30	c16
0.478280031581087	0.271306755532623	0.017	0.015	1	SRSF9	c16
0.247168204779278	-0.271122951528866	0.031	0.037	1	ITM2C	c16
0.327794390883773	-0.270801459596419	0.013	0.017	1	MACF1	c16
0.0986999577358804	0.270628438283503	0.066	0.055	1	DRAP1	c16
0.255412803633019	-0.269192924430468	0.021	0.026	1	LSM8	c16
0.647741786215248	0.268744241464801	0.011	0.01	1	ATP2A3	c16
0.0244708360882971	-0.268549007865041	0.103	0.124	1	UQCR11	c16
0.356506099321002	-0.268468498082889	0.01	0.013	1	FBXW5	c16
0.366100381577931	-0.267985345017125	0.009	0.011	1	SPTAN1	c16
0.343180297302382	-0.266970196594175	0.011	0.014	1	GOLGA7	c16
0.369530640822603	-0.263163542370234	0.009	0.012	1	CHCHD7	c16
0.00135177184528733	0.262847025226666	0.101	0.077	1	HSPB1	c16
0.267887173278123	0.262216198467303	0.034	0.029	1	ECH1	c16
0.129903137628493	-0.261408057335725	0.037	0.046	1	ACAP1	c16
0.162061038421447	-0.261107967963516	0.041	0.049	1	MRPS21	c16
0.374689625349437	-0.257670544009473	0.009	0.012	1	C17orf89	c16
0.701300418399072	0.257223566487119	0.01	0.009	1	MRPS18B	c16
0.277379450721867	0.256587631396955	0.031	0.026	1	LYST	c16
0.578942205553653	-0.256476175564466	0.02	0.023	1	IRF7	c16
0.287585864163776	-0.256097266818784	0.022	0.027	1	DGCR6L	c16
0.134587341069476	-0.255414980194156	0.057	0.067	1	SAP18	c16
0.45975214995374	0.253577106598135	0.021	0.018	1	PPIG	c16
0.283763818605471	0.25346400992891	0.035	0.03	1	DGUOK	c16
0.0225849561806992	-0.252076628061734	0.121	0.143	1	EVL	c16
0.437976635069812	0.250650163881931	0.028	0.025	1	RASAL3	c16
0.38685822666127	-0.248574308103774	0.011	0.014	1	MAT2A	c16
0.025665251028231	0.247364778848975	0.114	0.095	1	ATP5I	c16
0.693941349297638	0.246346231053987	0.011	0.01	1	MRPS36	c16
0.561285206934851	0.246170549728771	0.016	0.014	1	NDUFV1	c16
0.113870423258138	-0.24597827094802	0.052	0.063	1	RHOH	c16
0.541032098128502	0.245884158652716	0.017	0.015	1	COPS6	c16
0.386910644866837	-0.245828931364957	0.012	0.015	1	RILPL2	c16
0.722641038161245	0.24579416176919	0.01	0.009	1	MRPL4	c16
0.0197382618331416	-0.245436841393556	0.132	0.155	1	SRSF7	c16
0.631461194282734	0.245219314153947	0.013	0.012	1	SCAMP2	c16
0.313634885477447	-0.244454281388739	0.01	0.013	1	TUBB2A	c16
0.367941093274346	0.243111428963351	0.028	0.024	1	NDUFS7	c16
0.160648625954529	-0.24246469733158	0.034	0.041	1	CREM	c16
0.579854982684186	0.24234850682132	0.016	0.014	1	TAP2	c16
0.714343331466836	-0.24230586480126	0.031	0.033	1	CLIC3	c16
0.638042599860381	0.24200439351238	0.013	0.012	1	MRPL34	c16
0.286168779258792	0.241955241167831	0.037	0.032	1	DYNLRB1	c16
0.2114109240601	-0.241924476909041	0.027	0.034	1	GPR65	c16
0.259733436477233	-0.24170104574228	0.027	0.032	1	TMED2	c16
0.259802537160649	0.240972545781503	0.032	0.027	1	ANKRD28	c16
0.409059887462288	-0.240197063285627	0.008	0.01	1	RNMT	c16
0.380343649918729	-0.240020712664131	0.012	0.015	1	APH1A	c16
0.110502566470079	0.240014117871226	0.08	0.068	1	ARL6IP5	c16
0.667631066484341	0.238749501166963	0.012	0.011	1	ANXA7	c16
0.286147350787819	0.2371030819704	0.04	0.034	1	MATR3	c16
0.667671735530927	0.237054207151806	0.012	0.011	1	SLC25A39	c16
0.0245301148766081	0.236371591722977	0.149	0.128	1	LIMD2	c16
0.401260723881329	-0.236285158694086	0.009	0.012	1	BNIP2	c16
0.408885566006678	-0.236285158694086	0.009	0.012	1	TXNL4A	c16
0.305344514488694	-0.236255604658156	0.02	0.025	1	CCDC109B	c16
0.41451330824013	-0.235486987143498	0.009	0.011	1	MGAT1	c16
0.37048133766973	-0.233126169989474	0.016	0.02	1	ATP5L2	c16
0.419841893060094	-0.232653542617224	0.008	0.01	1	DERL1	c16
0.347578104926825	-0.232180760361349	0.016	0.02	1	IK	c16
0.307468180666759	0.231804386085415	0.037	0.032	1	MRPL41	c16
0.477631434511369	0.231445700041826	0.023	0.02	1	RNF181	c16
0.349166176382684	-0.230761483276015	0.016	0.02	1	RNH1	c16
0.232446746492643	0.230239347574349	0.048	0.042	1	CD164	c16
0.36150469238409	-0.227557348267892	0.016	0.019	1	TRAPPC5	c16
0.020084752729363	0.227398634510201	0.301	0.276	1	CD52	c16
0.629990007026938	0.22738681185441	0.015	0.013	1	CLNS1A	c16
0.354182180028083	-0.226887367711496	0.017	0.021	1	C1orf86	c16
0.358355393510118	0.226571969465365	0.033	0.028	1	MYEOV2	c16
0.43331775663984	-0.226020450284777	0.008	0.01	1	CD58	c16
0.0959527925905932	-0.225738349249806	0.175	0.191	1	DDIT4	c16
0.122328862706039	-0.225402215947383	0.047	0.057	1	GIMAP7	c16
0.351602865454685	0.224621688232494	0.035	0.031	1	JTB	c16
0.640781208493102	0.223814898564357	0.015	0.013	1	PLA2G16	c16
0.580538731415784	0.223458193150032	0.018	0.016	1	SYPL1	c16
0.42744048816406	-0.222454422991149	0.009	0.011	1	THYN1	c16
0.0124000744696417	-0.220555491399167	0.165	0.193	1	COX7C	c16
0.370880005140892	-0.22031056799943	0.016	0.02	1	PGLS	c16
0.507728904377392	0.220085239393534	0.034	0.031	1	TECR	c16
0.417120276716771	-0.219833722832013	0.01	0.013	1	LRP10	c16
0.429827621813448	-0.219833722832012	0.009	0.011	1	ETNK1	c16
0.423665382798835	-0.218334039702284	0.01	0.013	1	RGL4	c16
0.318453400994482	0.217844853050473	0.04	0.035	1	FKBP8	c16
0.700501759108376	0.217700177651394	0.012	0.011	1	SRA1	c16
0.416874774567484	-0.217383433443726	0.011	0.014	1	TEX264	c16
0.529171379936888	0.216893365671732	0.022	0.019	1	LAMTOR1	c16
0.985754111957544	0.216479052474274	0.016	0.016	1	BCL2A1	c16
0.321507581674218	-0.216179593815913	0.035	0.041	1	CARD16	c16
0.122578886356561	-0.215821235650849	0.092	0.105	1	ZFP36L1	c16
0.626046454891571	0.215751153850917	0.016	0.014	1	PARVG	c16
0.111072832489727	0.214101008640708	0.081	0.07	1	RBM8A	c16
0.43465372887922	-0.213700178648909	0.009	0.011	1	CSNK1A1	c16
0.444636415116407	-0.213620350454621	0.008	0.01	1	CCM2	c16
0.324349304125469	-0.213338568575	0.026	0.031	1	SNHG1	c16
0.673407747710736	0.212443844301558	0.015	0.013	1	SP140	c16
0.221063508567668	-0.212286913778664	0.034	0.041	1	CCDC85B	c16
0.30526725843059	-0.212145805108668	0.009	0.012	1	THAP3	c16
0.344662360557621	-0.211942937212547	0.024	0.029	1	RNF19A	c16
0.651457522503741	0.211702427973261	0.016	0.014	1	TLN1	c16
0.603932257558695	0.211028743608514	0.018	0.016	1	PRPF4B	c16
0.440867108641105	-0.209709505558305	0.009	0.012	1	EMC6	c16
0.382432381177292	-0.209532802141967	0.017	0.021	1	LAMP1	c16
0.139636546716062	-0.20843057649946	0.079	0.091	1	ITGB2	c16
0.329621949983317	-0.206502611158888	0.026	0.03	1	POLR1D	c16
0.270432651334171	0.206174894267835	0.049	0.043	1	LBH	c16
0.371344855845655	-0.206128807544699	0.019	0.022	1	BCLAF1	c16
0.794702551822119	0.205986113375467	0.01	0.009	1	COA1	c16
0.619078782150947	0.205734443939001	0.018	0.016	1	FBL	c16
0.0639132431882162	0.205721950855459	0.26	0.242	1	HLA-H	c16
0.740296062599442	0.202732602053422	0.012	0.011	1	TXN2	c16
0.758599876454123	0.202215673802205	0.012	0.011	1	MRPL53	c16
0.542156208686947	0.201932275635836	0.023	0.021	1	PFDN2	c16
0.729630541086606	0.200849577618126	0.013	0.012	1	ROCK1	c16
0.644757829851422	0.200612127663176	0.017	0.016	1	NCOR1	c16
0.367103845639388	-0.200594989027409	0.021	0.025	1	BCAP31	c16
0.0378020428009875	-0.199564807036085	0.774	0.77	1	COX1	c16
0.149061546768205	0.199196380521077	0.011	0.007	1	IL1B	c16
0.137425162267585	-0.199043186505582	0.083	0.095	1	SLC25A6	c16
0.44053760552906	0.198955911307939	0.032	0.028	1	MEAF6	c16
0.160410247697274	-0.198859593738271	0.073	0.083	1	CLEC2B	c16
0.747318239627462	0.196953558396791	0.012	0.012	1	KIF2A	c16
0.233504775661725	0.196642330903212	0.069	0.061	1	RAP1B	c16
0.127585326130984	-0.196543437720124	0.079	0.091	1	GUK1	c16
0.341665612496076	0.196229253281976	0.044	0.039	1	PEBP1	c16
0.738106400467205	0.194620987086901	0.013	0.012	1	PHB	c16
0.507800828441326	-0.194363035315894	0.024	0.027	1	GLUL	c16
0.50016399488394	-0.19433269632129	0.008	0.01	1	MIF-AS1	c16
0.394570307597121	-0.194216188652743	0.019	0.022	1	STAT3	c16
0.455492591059732	-0.193361511470822	0.01	0.012	1	RAB14	c16
0.473212450935854	-0.193361511470822	0.008	0.01	1	ARFRP1	c16
0.215282544672754	-0.191274807016068	0.063	0.072	1	SEPT1	c16
0.624023847704411	0.18889528921943	0.02	0.018	1	HNRNPLL	c16
0.474598233762047	-0.188495756299005	0.008	0.01	1	HLA-L	c16
0.332312451717416	-0.188400651315887	0.031	0.036	1	TBCA	c16
0.172188068168006	0.187782260587451	0.079	0.069	1	TRMT112	c16
0.224577096494824	-0.186300801033584	0.032	0.039	1	SCAND1	c16
0.78222007497699	0.184749418809665	0.012	0.011	1	PHTF2	c16
0.505839284626779	-0.184591301843089	0.008	0.01	1	BNIP3L	c16
0.478438365057302	-0.184290521055824	0.009	0.011	1	NAA50	c16
0.460093730130575	-0.183980275176513	0.012	0.014	1	PTBP3	c16
0.335145402537607	0.183735174369169	0.059	0.053	1	C19orf53	c16
0.197489244596681	-0.183519741619363	0.055	0.064	1	CCND3	c16
0.477215874568496	-0.183463050404583	0.009	0.011	1	RTN4	c16
0.429538019361031	-0.182635104877763	0.016	0.019	1	RCSD1	c16
0.81994272089407	0.181905028636939	0.018	0.017	1	TMED9	c16
0.851068836774316	0.179056353870234	0.01	0.01	1	AIMP1	c16
0.466780249605036	-0.179041840153755	0.013	0.016	1	TMUB1	c16
0.440658365315399	-0.177732976338973	0.016	0.019	1	MED10	c16
0.429262690885686	-0.177657428723378	0.02	0.023	1	ZNHIT1	c16
0.196770275425245	0.177603260004404	0.066	0.058	1	NR3C1	c16
0.854968098200797	0.176094953499126	0.01	0.01	1	LOC102288414	c16
0.636691534950342	0.17538104253649	0.022	0.02	1	LPXN	c16
0.519030808364363	-0.1747180755561	0.011	0.013	1	GLUD1	c16
0.706978289442368	0.174595114460946	0.017	0.016	1	DNAJA2	c16
0.566047139834109	0.174561802408093	0.027	0.025	1	ELOVL5	c16
0.593359844633883	0.173078114375539	0.024	0.022	1	NT5C	c16
0.819989195441817	0.172647651880657	0.012	0.011	1	KCNAB2	c16
0.195466256629046	-0.172451625102987	0.042	0.05	1	AREG	c16
0.491107199799072	-0.17182834992118	0.009	0.011	1	SUMO1P3	c16
0.847183239853824	0.171041725772842	0.011	0.01	1	SFT2D1	c16
0.675444428750428	0.170354018582149	0.018	0.016	1	PRNP	c16
0.00127479074190766	-0.170183489151231	0.94	0.898	1	RPLP1	c16
0.779925214990855	0.169931904625399	0.014	0.013	1	NELL2	c16
0.150177930618211	-0.169764985707852	0.093	0.105	1	DAZAP2	c16
0.374027441896869	-0.169196294384488	0.024	0.028	1	H2AFJ	c16
0.823660077437163	0.168350076343842	0.012	0.011	1	ZNF292	c16
0.348577597284301	0.168306225525945	0.099	0.092	1	ISG20	c16
0.322317491955469	0.168280491303633	0.057	0.051	1	MYH9	c16
0.495381336677418	-0.167994791312394	0.012	0.015	1	CMTM3	c16
0.872424283740637	0.166267292601764	0.01	0.01	1	UQCRC1	c16
0.394597487497202	-0.165364125073892	0.024	0.028	1	CD83	c16
0.683075743985935	0.164987072463203	0.02	0.018	1	ANKRD10	c16
0.221745701343751	0.164783119533092	0.07	0.062	1	ID2	c16
0.468081708718229	-0.164578610841792	0.018	0.021	1	RASSF1	c16
0.882054501344676	0.163332001577217	0.01	0.01	1	NDUFS3	c16
0.514479510728026	-0.161933283415535	0.008	0.01	1	SNRNP200	c16
0.7150496089252	0.161215777160356	0.018	0.017	1	GSDMD	c16
0.760030084491357	0.160491350812778	0.016	0.015	1	SSR1	c16
0.885937059211553	0.160402670538545	0.01	0.01	1	SSB	c16
0.498993141822983	-0.160256777767146	0.012	0.014	1	SUPT4H1	c16
0.969928626482062	0.15894023246006	0.014	0.014	1	ITGB7	c16
0.702268212606751	0.158561323714378	0.02	0.019	1	TMEM14B	c16
0.987479806365817	0.158401812957304	0.013	0.013	1	FAM50A	c16
0.452107439649113	-0.158366090114618	0.026	0.029	1	AUP1	c16
0.478015364464784	-0.156123017480668	0.019	0.022	1	TRAT1	c16
0.468269496447385	-0.155464903712292	0.02	0.023	1	OPTN	c16
0.490604755529946	-0.155203664229299	0.016	0.018	1	UBE2L3	c16
0.527343038338909	-0.154966132733811	0.008	0.01	1	SFXN1	c16
0.528789794578628	-0.153968073170734	0.008	0.01	1	ANKRD11	c16
0.579217726397607	0.153720060644879	0.023	0.02	1	NCR3	c16
0.318462551299372	-0.153611455929792	0.081	0.074	1	XCL2	c16
0.24641854505014	-0.152414162374836	0.069	0.077	1	ANAPC16	c16
0.528872346126742	-0.152032365712145	0.012	0.014	1	C19orf24	c16
0.510512924231286	-0.151911067977319	0.012	0.015	1	LUC7L3	c16
0.388231905596079	-0.150849682188026	0.018	0.021	1	CHCHD10	c16
0.482360172350318	0.150848030792547	0.044	0.041	1	EIF4G2	c16
0.477461551064029	-0.150815816504736	0.02	0.022	1	HMGN4	c16
0.943610065695148	0.15059288974654	0.016	0.015	1	PAG1	c16
0.836049965010244	0.150250410210003	0.013	0.013	1	PHIP	c16
0.300072718778698	0.1476823911066	0.079	0.071	1	UBE2D3	c16
0.202051487001769	-0.147269345469042	0.073	0.083	1	RNASEK	c16
0.426147173303253	-0.145905801106762	0.013	0.016	1	PLEK	c16
0.410411921756034	-0.145475171576704	0.041	0.046	1	CDC37	c16
0.563781638033662	-0.145142691487099	0.012	0.014	1	DUSP5	c16
0.450187773257843	0.144928727267878	0.059	0.055	1	ARL6IP4	c16
0.440625582979528	0.144478442507814	0.05	0.045	1	TSTD1	c16
0.332095403172856	-0.144451910989876	0.052	0.058	1	RABAC1	c16
0.389367361825129	0.144295269695402	0.057	0.052	1	CD97	c16
0.508972947085196	-0.143730743746221	0.017	0.02	1	TMEM256	c16
0.546173451918539	-0.143530355518815	0.009	0.01	1	JOSD2	c16
0.438715913921911	0.143396472717257	0.052	0.047	1	NHP2L1	c16
0.676234119491861	0.141468610389495	0.019	0.017	1	NAMPT	c16
0.689646368068599	0.141117481888585	0.023	0.022	1	FAM107B	c16
0.343114190791324	-0.140728565254055	0.041	0.046	1	HLA-G	c16
0.278869260820763	-0.139479823214347	0.074	0.083	1	FYB	c16
0.693960887457227	0.137631491245867	0.026	0.024	1	VCP	c16
0.414404524179857	-0.137525853324203	0.017	0.02	1	LINC00116	c16
0.475223288081671	0.137423770873539	0.045	0.041	1	FLNA	c16
0.605152008355492	0.137012788258578	0.035	0.033	1	MAT2B	c16
0.868143960693163	0.135261235990549	0.013	0.013	1	RAB8B	c16
0.83628847999892	0.134941737585769	0.016	0.015	1	ADRM1	c16
0.00918916096445819	0.130698720463799	0.301	0.265	1	TMA7	c16
0.856027692065414	0.130571719306918	0.015	0.014	1	C1orf43	c16
0.562219720290289	-0.12974541217485	0.012	0.014	1	MTFP1	c16
0.566430640851803	-0.129635913860434	0.009	0.01	1	EIF3J	c16
0.723631346646035	-0.128471980726799	0.012	0.013	1	MT1F	c16
0.00855804166260753	0.127949419351	0.341	0.305	1	HSPA8	c16
0.519838838346231	-0.127133960687511	0.027	0.03	1	ARF4	c16
0.566307997674332	-0.12691262997825	0.009	0.011	1	XRN1	c16
0.576710365882234	-0.12684089514787	0.009	0.01	1	PERP	c16
0.743169091304984	0.126224925637576	0.042	0.04	1	ITGA4	c16
0.573751874556899	-0.126174615617768	0.01	0.012	1	ATG12	c16
0.441324740000111	0.125641706508199	0.056	0.051	1	ARF6	c16
0.530622653481649	-0.124787767762122	0.023	0.025	1	CD5	c16
0.558021382744105	-0.124237150816001	0.014	0.016	1	GRB2	c16
0.531478078750831	-0.123573181313959	0.024	0.027	1	OTUB1	c16
0.358408630217662	0.12347698863364	0.1	0.092	1	EDF1	c16
0.736456655325689	0.123381024413296	0.013	0.012	1	INSIG1	c16
0.948073810229102	0.121902853135531	0.023	0.023	1	SGK1	c16
0.11053182311876	0.12177974053223	0.073	0.062	1	ATF3	c16
0.815201383392412	0.121636943072867	0.019	0.018	1	IRF9	c16
0.94736824980521	0.119688432070088	0.011	0.011	1	TM9SF2	c16
0.390106850795865	0.119550143544616	0.067	0.061	1	RGS2	c16
0.940116962524389	0.118803614476644	0.011	0.011	1	APOA1BP	c16
0.968280817127577	0.118108781150321	0.01	0.01	1	TMEM167A	c16
0.911823513201012	0.117477404754735	0.013	0.013	1	HSPA9	c16
0.507791225734093	-0.117277615526556	0.057	0.061	1	ND6	c16
0.585782344231397	-0.116545914419991	0.011	0.013	1	B3GNT2	c16
0.862409704779869	0.116048543570112	0.025	0.024	1	CFLAR	c16
0.917960363993224	0.116048543570112	0.012	0.012	1	PSMD4	c16
0.711819344099461	0.116026286798861	0.027	0.025	1	DSTN	c16
0.552368407603873	-0.115042323829603	0.023	0.025	1	EIF1B	c16
0.571430190166257	-0.115008133097393	0.016	0.019	1	PPP1CB	c16
0.408529497771853	-0.113369015290024	0.079	0.085	1	CIB1	c16
0.780032561630602	0.112969728365522	0.034	0.033	1	EMD	c16
0.983386709007914	0.111493070057599	0.01	0.01	1	RTFDC1	c16
0.936839533683754	0.110605871910867	0.012	0.012	1	UFD1L	c16
0.591302095595499	-0.109767381788928	0.011	0.013	1	GOLPH3	c16
0.630158154760469	-0.108592548628819	0.077	0.08	1	TNF	c16
0.440673333781275	0.107569502121501	0.073	0.068	1	CD247	c16
0.518752299946099	-0.107332736258656	0.041	0.045	1	SEPT9	c16
0.594538158130828	-0.106203970198532	0.027	0.029	1	C4orf48	c16
0.603263180321031	-0.105230601192157	0.01	0.012	1	BAZ1A	c16
0.605463013801283	-0.10333605720238	0.009	0.01	1	BPTF	c16
0.609654558390224	-0.103224535922157	0.012	0.014	1	EIF4EBP2	c16
0.00319471346311677	0.103041592893026	0.533	0.489	1	RPLP0	c16
0.976692058396939	0.102968997751061	0.011	0.011	1	GLS	c16
0.595392004512792	0.102469146714137	0.025	0.023	1	TMEM107	c16
0.457211894512903	0.102362058305471	0.112	0.106	1	CCNI	c16
0.977434795859159	0.101365922132835	0.012	0.013	1	RTKN2	c16
0.856238624733774	0.101123187204881	0.02	0.02	1	VAMP5	c16
0.617461672480741	-0.100283082485743	0.017	0.019	1	HIF1A	c16
