p_val	avg_log2FC	pct.1	pct.2	p_val_adj	gene	seurat_clusters
0	3.08914458405328	0.254	0.031	0	FGFBP2	c29
0	2.9818280973651	0.997	0.134	0	GNLY	c29
0	2.43899183689517	0.364	0.072	0	PRF1	c29
0	2.39657485824681	0.96	0.221	0	CCL4	c29
0	2.28101163934472	0.331	0.071	0	KLRD1	c29
0	2.21208197560977	0.552	0.12	0	GZMB	c29
0	2.15033732375153	0.855	0.252	0	NKG7	c29
0	2.03319969545462	0.456	0.112	0	GZMH	c29
0	1.9084343063522	0.343	0.082	0	CCL4L1	c29
0	1.83081478198929	0.403	0.12	0	CTSW	c29
0	1.7030552818798	0.61	0.201	0	CST7	c29
0	1.26702554100771	0.859	0.382	0	CCL5	c29
5.14864641615089e-286	3.06806097530539	0.116	0.014	1.06916791477789e-281	SPON2	c29
1.2432863036696e-241	1.66101293719685	0.283	0.076	2.58180833820029e-237	CCL3	c29
2.10860636170396e-211	2.00401852938656	0.236	0.062	4.37873197071444e-207	HOPX	c29
4.5782983340091e-207	3.06981146945527	0.082	0.01	9.50729432040329e-203	KLRF1	c29
8.56307545086464e-187	2.43031329099977	0.132	0.025	1.77820824812655e-182	CLIC3	c29
8.63620786953987e-181	0.520984413389536	0.99	0.923	1.79339492618865e-176	B2M	c29
1.1265386492956e-171	2.68053974486258	0.059	0.006	2.33937015912725e-167	PTGDS	c29
2.4644685236712e-162	1.55634893507669	0.175	0.044	5.11771533625562e-158	CCL4L2	c29
2.2012626374975e-149	0.701096633505716	0.882	0.664	4.57114199302732e-145	HLA-C	c29
2.42283732305305e-148	1.27642005000962	0.399	0.172	5.03126398505197e-144	GZMA	c29
1.70952603872837e-134	1.10005126475816	0.457	0.223	3.55000177202333e-130	HCST	c29
4.1217218485974e-120	0.933889475174827	0.563	0.325	8.55916759079736e-116	IFITM1	c29
2.56853258085812e-115	1.55599526475952	0.201	0.067	5.33381475740998e-111	LITAF	c29
6.09908929236529e-112	2.52996739633834	0.071	0.012	1.26653688245258e-107	GPR56	c29
7.10079878143991e-106	0.873764527745299	0.451	0.233	1.47455187495381e-101	IFITM2	c29
6.08079899598964e-105	2.97948702690734	0.046	0.006	1.26273871950721e-100	S1PR5	c29
1.79226157046405e-103	-0.629537087730243	0.802	0.882	3.72181037722565e-99	RPLP1	c29
3.35965354396999e-94	0.942536019347333	0.441	0.241	6.97665654940808e-90	MYL12A	c29
9.20012909212205e-87	1.61699990800804	0.154	0.052	1.91049880727006e-82	CD247	c29
1.88994511872573e-86	3.21261279419024	0.03	0.003	3.92466003354586e-82	PRSS23	c29
2.01501768061147e-86	0.939345982041285	0.362	0.183	4.18438571555777e-82	CD7	c29
2.28701047642139e-78	3.07252509374394	0.032	0.004	4.74920595533665e-74	SH2D1B	c29
3.04239615206659e-77	1.37439103384082	0.18	0.07	6.31783984938147e-73	IFNG	c29
3.28598654742737e-77	0.519603201047442	0.785	0.584	6.82367966438767e-73	HLA-A	c29
5.9995594751037e-76	0.669964403625561	0.62	0.422	1.24586852060003e-71	PFN1	c29
9.35593660761648e-75	1.53177404228976	0.155	0.057	1.94285379593764e-70	XCL2	c29
1.25209496493269e-74	-2.49427237322694	0.217	0.393	2.60010040417922e-70	CD74	c29
7.8419121207496e-72	0.972641924213135	0.314	0.161	1.62845147099486e-67	CD99	c29
9.9371908626862e-67	1.43235025073929	0.145	0.054	2.06355705454542e-62	RAP1B	c29
4.78207915284198e-65	-5.62681497574897	0.006	0.144	9.93046556879165e-61	CST3	c29
6.51516677980725e-64	-0.846171656200173	0.483	0.612	1.35293953349477e-59	RPS8	c29
3.25117877329652e-63	1.28041194126378	0.164	0.066	6.75139784062755e-59	GZMM	c29
2.93002514294873e-59	-8.65267018408156	0.001	0.124	6.08449021184733e-55	LYZ	c29
6.05928499947195e-59	1.66510077857497	0.089	0.027	1.25827112299035e-54	PLAC8	c29
8.82699457467801e-59	1.5686478645024	0.107	0.036	1.83301369337763e-54	KLRC2	c29
1.44141071022163e-57	-2.36788210854757	0.033	0.174	2.99323348084624e-53	LTB	c29
2.38923258353294e-55	-7.01771883956439	0.001	0.118	4.9614803829645e-51	IFI30	c29
1.10703907153928e-54	-3.43025284219124	0.02	0.146	2.29887733595848e-50	GPX1	c29
1.34350480905168e-51	3.30732608428431	0.016	0.002	2.78992208647671e-47	MYOM2	c29
1.54653899053379e-51	-1.22529901457081	0.173	0.332	3.21154286774247e-47	VIM	c29
5.56803163832618e-50	-0.65218514473331	0.404	0.557	1.15625745001481e-45	RPL8	c29
1.7927887596113e-47	-0.474051227914881	0.781	0.815	3.72290513820883e-43	RPL13	c29
8.99934925332625e-46	1.41736350645043	0.1	0.037	1.86880486594573e-41	C12orf75	c29
1.34656905626444e-44	-0.356305537375375	0.825	0.86	2.79628530223874e-40	RPL28	c29
1.44597432764749e-44	-1.12174345353159	0.356	0.497	3.00271028879277e-40	FTH1	c29
2.10459964046654e-44	-6.98710601889387	0.001	0.095	4.37041161339282e-40	AIF1	c29
9.10605495481838e-44	1.4414582269476	0.092	0.034	1.89096337191759e-39	CMC1	c29
2.34540798442422e-43	0.936738936132754	0.227	0.122	4.87047422045533e-39	KLRB1	c29
3.59228126182759e-42	-3.30663990942677	0.016	0.116	7.45973126831117e-38	PSAP	c29
4.103073587625e-42	1.52940620016638	0.079	0.027	8.52044261206208e-38	KLRG1	c29
2.92366805680594e-41	0.479011166118386	0.571	0.42	6.07128908676322e-37	SH3BGRL3	c29
4.37482518886567e-41	-9.61413970418055	0	0.088	9.08476198719845e-37	S100A9	c29
4.39519666556596e-41	2.48770307649735	0.027	0.005	9.12706539571426e-37	C1orf21	c29
4.74166473595841e-41	-1.918543333996	0.085	0.206	9.84654099069124e-37	SAT1	c29
1.89269833616754e-40	-0.599787609689308	0.477	0.589	3.93037736488552e-36	RPS13	c29
2.21853122729207e-40	1.56435252994527	0.073	0.025	4.60700194659472e-36	BIN2	c29
1.1944504538797e-39	-4.46069521050684	0.005	0.093	2.48039581252658e-35	CTSS	c29
9.12073443579378e-39	-9.59185805309588	0	0.083	1.89401171293694e-34	S100A8	c29
1.80779215450971e-38	-0.743672951889353	0.33	0.459	3.75406118805486e-34	RPLP0	c29
4.57552304047383e-38	1.43877209721388	0.083	0.031	9.50153114584796e-34	SYTL3	c29
2.83839195161264e-37	1.68413102188451	0.058	0.018	5.89420472671881e-33	APMAP	c29
1.60810862367034e-36	-0.884087797880831	0.345	0.468	3.33939836791383e-32	FOS	c29
1.06756623431389e-35	1.48461654288936	0.073	0.027	2.21690804217622e-31	KLRC3	c29
2.6518303505206e-35	2.43999769947743	0.025	0.005	5.50679090589107e-31	CD160	c29
3.44378574312177e-35	0.727547180518431	0.28	0.173	7.15136547416666e-31	CALM1	c29
4.08413396792838e-35	1.22796793152918	0.104	0.044	8.48111259780007e-31	GNG2	c29
9.64026939711813e-35	-0.572276552624637	0.559	0.637	2.00189834300555e-30	TPT1	c29
9.64089344800236e-35	1.56591583026604	0.065	0.022	2.00202793341217e-30	KLRC1	c29
4.9116840875015e-34	1.18575370941076	0.132	0.063	1.01996031761056e-29	XCL1	c29
5.8030785174338e-34	1.10915346709211	0.116	0.053	1.2050672849303e-29	LINC00861	c29
9.29982111634305e-34	1.36509879811374	0.085	0.034	1.9312008530198e-29	LYAR	c29
9.8321773289715e-34	0.24364212807131	0.951	0.861	2.04174994413422e-29	TMSB4X	c29
2.03837184879422e-33	0.529120337911771	0.431	0.304	4.23288298120608e-29	CFL1	c29
4.17327800331728e-33	2.43723423783328	0.023	0.004	8.66622910168866e-29	TTC38	c29
4.526077300663e-33	1.44065393206306	0.072	0.027	9.39885212255678e-29	KLRK1	c29
8.96416743113408e-33	-7.40881196800217	0	0.07	1.8614990087493e-28	FCN1	c29
1.88979306404991e-32	-7.3899370563366	0	0.07	3.92434427680605e-28	SERPINA1	c29
3.24288115686047e-32	1.62077650660105	0.054	0.018	6.73416701033646e-28	PYHIN1	c29
3.747865448019e-32	1.25410104281527	0.107	0.048	7.78281738935626e-28	LOC101060038	c29
4.17817356182401e-32	1.57724012806802	0.057	0.019	8.67639521848373e-28	MATK	c29
1.49197703260573e-31	1.18408580078838	0.097	0.042	3.09823950590906e-27	SH2D2A	c29
9.9839706184374e-31	-5.73866971279365	0.002	0.069	2.07327133862471e-26	LST1	c29
2.00231533160104e-30	-3.4668283618983	0.012	0.085	4.15800801760272e-26	HLA-DQB1	c29
2.29363526850297e-30	1.17280417820506	0.102	0.046	4.76296299857326e-26	ZNF683	c29
5.64200581802301e-30	0.688587433732172	0.26	0.163	1.17161892817066e-25	RAC2	c29
7.94050333120115e-30	1.24825662396802	0.078	0.032	1.64892492175723e-25	FCGR3A	c29
1.95206632822921e-29	0.860751350691417	0.165	0.09	4.05366093720079e-25	LOC101929531	c29
2.27348958896121e-29	1.99831171722121	0.032	0.008	4.72112848043686e-25	TARP	c29
9.18072817434651e-29	0.864637068210715	0.175	0.098	1.9064700126848e-24	ITGB2	c29
1.13740780839154e-28	-0.654519899306859	0.28	0.396	2.36194105490587e-24	RPL9	c29
1.53168614561851e-28	-1.01510961456333	0.113	0.217	3.1806994499914e-24	PABPC1	c29
2.61424540656615e-28	-3.84458085192799	0.005	0.07	5.42874201127526e-24	NPC2	c29
3.04638262101269e-28	1.08610872371773	0.11	0.053	6.32611815079495e-24	CCND3	c29
7.03468221586822e-28	2.03704966289369	0.028	0.007	1.4608221089472e-23	ADRB2	c29
1.21892466948133e-27	0.996209384367699	0.132	0.068	2.53121896864493e-23	CLEC2B	c29
6.02159366694439e-27	1.71753395234478	0.041	0.013	1.25044414087767e-22	TPST2	c29
7.29642015226589e-27	-0.334703640072541	0.792	0.833	1.51517460881953e-22	RPL39	c29
7.59140707562902e-27	-0.891320745819413	0.225	0.332	1.57643159332512e-22	ND1	c29
9.13210538374728e-27	-6.44560139388275	0.001	0.058	1.89637300398896e-22	VCAN	c29
9.45948392135531e-27	-0.401202231028548	0.632	0.696	1.96435643110864e-22	RPL18A	c29
2.30021673365232e-26	-0.384340574202866	0.706	0.744	4.77663006910241e-22	RPL11	c29
3.0113185200005e-26	2.18603219508693	0.023	0.005	6.25330403863305e-22	LPCAT1	c29
4.03252364489318e-26	-0.801901135592376	0.26	0.369	8.37393860098518e-22	DUSP1	c29
6.78256654679876e-26	-1.20087151109844	0.094	0.187	1.40846776910823e-21	S100A11	c29
1.62914621683692e-25	-0.672936273735572	0.227	0.336	3.38308503388356e-21	RPL22	c29
3.59558120647739e-25	1.54329336308657	0.047	0.016	7.46658393337094e-21	NCR3	c29
4.02156159575232e-25	0.708902390138284	0.205	0.125	8.35117480973927e-21	CD8A	c29
7.48652339536453e-25	-0.396220182797273	0.755	0.77	1.5546514482814e-20	RPL32	c29
1.38770512091961e-24	0.723354105428974	0.193	0.116	2.88170845410167e-20	IL2RG	c29
7.61728786337384e-24	-6.82183604824641	0	0.051	1.58180599770821e-19	MS4A6A	c29
1.17951945438418e-23	1.26825067073397	0.066	0.028	2.44939009897419e-19	GPR65	c29
2.91836997952411e-23	-1.14620277587568	0.08	0.164	6.06028709947976e-19	GABARAP	c29
3.65375649553427e-23	-2.92614459395492	0.01	0.067	7.58739073862646e-19	HLA-DRB1	c29
4.12003215649511e-23	0.370173547165506	0.57	0.465	8.55565877617775e-19	RPS26	c29
9.02969896415854e-23	-1.31393326891065	0.056	0.132	1.87510728689716e-18	COTL1	c29
1.72139321632731e-22	-1.46936453463333	0.05	0.123	3.5746451530253e-18	FOSB	c29
2.973796563183e-22	1.13759539828992	0.078	0.036	6.17538594310582e-18	SLC9A3R1	c29
4.55466360995156e-22	-0.678137573468749	0.337	0.433	9.45821445242541e-18	JUN	c29
5.86173368103312e-22	1.7856597026963	0.03	0.009	1.21724761620334e-17	TBX21	c29
6.16859268812667e-22	1.97422064289346	0.024	0.006	1.28096995761638e-17	UBE2F	c29
6.97352252009792e-22	2.01422254929967	0.023	0.006	1.44812168652353e-17	FCRL6	c29
9.12724107151128e-22	-0.389718850579559	0.536	0.614	1.89536288091003e-17	RPL12	c29
9.29581043189007e-22	-5.68538387978521	0.001	0.048	1.93036799428629e-17	CD68	c29
1.06648787529131e-21	2.64770503127785	0.012	0.002	2.21466872182993e-17	GK5	c29
4.92544002991521e-21	0.677424633907098	0.182	0.113	1.02281687661219e-16	RARRES3	c29
1.8285379856963e-20	1.92971875661416	0.023	0.006	3.79714198109694e-16	LOC100130872	c29
2.09418635077751e-20	-4.0006334796988	0.002	0.048	4.34878737602458e-16	CD79A	c29
2.10509597237345e-20	-3.77234550550239	0.004	0.051	4.3714422962307e-16	CTSB	c29
2.76899199329209e-20	-0.407346022959451	0.515	0.584	5.75008877327035e-16	RPL36	c29
8.11024568594571e-20	0.98596387294215	0.089	0.045	1.68417361914349e-15	SEPT7	c29
1.08599187951418e-19	-0.529989457633734	0.405	0.498	2.25517073699915e-15	JUNB	c29
1.70481220191757e-19	-2.67683944309996	0.009	0.057	3.54021301850203e-15	HLA-DMA	c29
2.96138151417539e-19	0.520863292041952	0.26	0.179	6.14960485233661e-15	CYBA	c29
3.62745515461818e-19	1.30310149842259	0.05	0.02	7.53277337408011e-15	DSTN	c29
9.80864426011617e-19	0.819001570473022	0.122	0.07	2.03686306705572e-14	C9orf142	c29
1.35182889356054e-18	-3.93889326258354	0.003	0.044	2.80720788036781e-14	GRN	c29
1.42683508545256e-18	-4.00256473061438	0.002	0.043	2.96296573845079e-14	MS4A1	c29
1.79709983958253e-18	1.61491237589816	0.031	0.01	3.73185752687708e-14	MRPL10	c29
3.15118799961473e-18	1.31303973547871	0.047	0.019	6.54375699999994e-14	KLRC4	c29
4.15214977800804e-18	0.608193452276182	0.204	0.135	8.62235422901149e-14	PNRC1	c29
5.39278122926252e-18	-0.499701909106363	0.259	0.351	1.11986495006865e-13	GNB2L1	c29
6.52422207687836e-18	1.64045138677399	0.029	0.009	1.35481995648456e-13	MAPK1	c29
7.16072216937838e-18	-0.50457840069755	0.346	0.426	1.48699556569311e-13	RPS5	c29
9.57115296149832e-18	1.11701340360306	0.062	0.029	1.98754562398474e-13	ARPC5L	c29
2.63279625151374e-17	-2.21794697720265	0.013	0.059	5.46726469589343e-13	TYMP	c29
3.29966391671431e-17	-1.60286768234795	0.031	0.086	6.85208208944894e-13	EGR1	c29
3.30467902986832e-17	2.05282113222712	0.017	0.004	6.86249647342455e-13	TGFBR3	c29
3.60618008320005e-17	-0.724512213706594	0.127	0.205	7.48859356077322e-13	EEF1G	c29
5.34506195374706e-17	-1.3342530915376	0.038	0.094	1.10995556531512e-12	LDHB	c29
5.4842360519266e-17	-2.68352233753869	0.008	0.05	1.13885645854308e-12	GPR183	c29
5.74072231549538e-17	-4.28495118855448	0.002	0.04	1.19211839603577e-12	MS4A7	c29
6.39180166241269e-17	-6.13760984966388	0	0.036	1.32732153321662e-12	CYBB	c29
7.54127137025746e-17	-0.554235340366523	0.24	0.325	1.56602041274766e-12	RPL10A	c29
1.16291731822476e-16	-0.327149095740881	0.845	0.827	2.41491410302554e-12	RPS12	c29
1.36878072376274e-16	-5.60477305642768	0.001	0.036	2.84241005096571e-12	S100A12	c29
1.44151470314295e-16	1.65486482285071	0.026	0.008	2.99344943254665e-12	CD300A	c29
1.69183226063718e-16	1.16607004144144	0.054	0.024	3.51325887243916e-12	IL2RB	c29
1.79840434934125e-16	-0.828973444475895	0.53	0.592	3.73456647184205e-12	RNR1	c29
1.86313716730569e-16	-2.87030116751317	0.007	0.047	3.86899064162699e-12	NAMPT	c29
2.28664114751865e-16	1.50347708238616	0.032	0.012	4.74843900693724e-12	SLA2	c29
2.5597464087012e-16	1.57950911156201	0.028	0.01	5.3155693923089e-12	RNF125	c29
2.86913303586378e-16	1.0925692322962	0.062	0.029	5.95804166227473e-12	RUNX3	c29
3.44288707522271e-16	1.68609525609684	0.023	0.007	7.14949930040747e-12	LAIR2	c29
5.26234803497675e-16	-0.589916051800204	0.211	0.291	1.09277919294327e-11	EEF1B2	c29
6.90423814569409e-16	-0.665794441538933	0.157	0.234	1.43373409333483e-11	SARAF	c29
7.23678403071277e-16	0.176933785672963	0.791	0.696	1.50279057181781e-11	TMSB10	c29
8.98057789700357e-16	-0.628203731802366	0.161	0.239	1.86490680609176e-11	RPL4	c29
1.0204132960711e-15	-3.10631650744972	0.005	0.043	2.11899025062125e-11	BCL2A1	c29
1.04404825712918e-15	-5.24537118057979	0.001	0.034	2.16807061075445e-11	CD14	c29
1.05860862788884e-15	2.38272410609202	0.011	0.002	2.19830667667397e-11	GSAP	c29
1.24851431673342e-15	-4.60491356726693	0.001	0.035	2.59266483012861e-11	CFD	c29
1.57625156599157e-15	-6.05136056061317	0	0.033	3.27324400193809e-11	MNDA	c29
1.82744903931622e-15	0.407066471739298	0.31	0.231	3.79488067504406e-11	PTPRCAP	c29
2.11660200493304e-15	1.85660911266605	0.02	0.006	4.39533572344395e-11	TXK	c29
2.42105376774492e-15	0.784662501259409	0.104	0.06	5.02756025409911e-11	ID2	c29
2.51319442276581e-15	1.29872101262544	0.039	0.016	5.21889953831547e-11	SAMD3	c29
3.04135716454882e-15	1.56469031792212	0.028	0.01	6.31568228790209e-11	STARD3NL	c29
6.10633198732632e-15	0.422730398391801	0.308	0.232	1.26804090048818e-10	TMA7	c29
6.25318298526461e-15	1.58831002794563	0.025	0.009	1.29853597872005e-10	PTPN4	c29
7.57447868204694e-15	1.66962146402789	0.023	0.007	1.57291624311387e-10	S1PR1	c29
8.27550702433402e-15	-0.361405632509148	0.349	0.435	1.7184917886732e-10	RPS9	c29
1.23191165479909e-14	0.223798245246367	0.231	0.161	2.5581877423558e-10	IFITM3	c29
1.50689801813979e-14	1.44924527390886	0.03	0.011	3.12922442446909e-10	SYNE1	c29
1.52135736065183e-14	1.21618230777449	0.044	0.019	3.15925069512958e-10	AOAH	c29
1.73785936415165e-14	-1.09021775151277	0.047	0.1	3.60883875559732e-10	CD44	c29
1.9940730407802e-14	0.238334588986302	0.406	0.315	4.14089207648416e-10	IL32	c29
2.43844458157568e-14	-1.74702198100325	0.04	0.089	5.06367401810007e-10	HLA-DRB4	c29
3.49970808059685e-14	-2.10815883166454	0.013	0.051	7.26749380016741e-10	CD83	c29
3.60443640113562e-14	-0.767526532520314	0.106	0.171	7.48497263059823e-10	RPL13A	c29
3.92409275286414e-14	-0.475814843388592	0.251	0.329	8.14877101059768e-10	RPS16	c29
4.01521768800313e-14	1.0222809122492	0.058	0.029	8.33800105090729e-10	HMGN3	c29
4.14138816951418e-14	1.04081014795701	0.056	0.027	8.60000667281315e-10	UFC1	c29
4.69549255206153e-14	-0.866410977627974	0.092	0.154	9.75065983361097e-10	CD37	c29
5.00595466483149e-14	-0.752025346777306	0.158	0.227	1.03953654569891e-09	IL7R	c29
6.29563247995125e-14	-4.06061061393584	0.002	0.032	1.30735104078668e-09	FGL2	c29
6.45150036248626e-14	-0.509268217415035	0.253	0.327	1.3397185652739e-09	RPSA	c29
1.08950142364173e-13	-0.292185005767535	0.864	0.861	2.26245865633442e-09	EEF1A1	c29
1.10673493109957e-13	1.0666434658966	0.051	0.024	2.29824575792136e-09	MAPRE2	c29
1.20525775718176e-13	-5.77988786624844	0	0.028	2.50283825856364e-09	SPI1	c29
1.51510036068999e-13	0.77190927076243	0.095	0.056	3.14625740900883e-09	NDUFB2	c29
1.60177995818785e-13	-2.31074718943182	0.016	0.055	3.3262562611729e-09	TIMP1	c29
1.64321203702285e-13	0.946689877719305	0.065	0.034	3.41229411608165e-09	APOBEC3G	c29
1.82862242527836e-13	-0.362276812281661	0.496	0.544	3.79731732833303e-09	RPS25	c29
2.16074020653086e-13	-0.339692571852832	0.555	0.598	4.48699311288198e-09	RPL37	c29
5.91361450404835e-13	0.548840085952473	0.164	0.111	1.22802118791068e-08	MYL12B	c29
6.56074648652382e-13	1.00011782615902	0.055	0.027	1.36240461539154e-08	SUN2	c29
6.83142749364291e-13	0.817203125230535	0.083	0.048	1.41861423332989e-08	AES	c29
6.91515473053999e-13	-0.344852470501249	0.411	0.479	1.43600103134393e-08	RPLP2	c29
8.66778608428851e-13	1.21487431541085	0.038	0.017	1.79995245826335e-08	RASSF1	c29
8.69972281155684e-13	-6.107975814343	0	0.026	1.80658443904789e-08	LINC01272	c29
1.01179986719254e-12	-4.27951553756332	0.001	0.028	2.10110360421204e-08	MAFB	c29
1.22081884831957e-12	-0.286608964046656	0.524	0.588	2.53515242042042e-08	RPL35A	c29
1.80417615922064e-12	-3.89136162134276	0.002	0.03	3.74655221223758e-08	PLAUR	c29
2.18166675671226e-12	-0.578743605843971	0.116	0.179	4.53044918698868e-08	RGS1	c29
2.98783870545014e-12	-2.27944846822318	0.01	0.043	6.20454585573775e-08	SGK1	c29
3.18573382999427e-12	-0.588361235815602	0.227	0.295	6.61549487136609e-08	ND2	c29
3.72009009899834e-12	-1.67675117517855	0.018	0.054	7.72513909957996e-08	CDKN1A	c29
3.95559787969442e-12	-4.95511324578917	0.002	0.028	8.21419455697342e-08	C1QA	c29
4.89329603042357e-12	1.27616917063559	0.031	0.013	1.01614185367776e-07	CCL3L1	c29
5.00085626440101e-12	0.255362528876302	0.286	0.214	1.03847781186551e-07	DUSP2	c29
5.49831288373193e-12	-0.314862507558911	0.645	0.668	1.14177965343577e-07	RPS23	c29
5.52345975037011e-12	0.63591258319162	0.119	0.076	1.14700165176186e-07	GUK1	c29
5.93779019277933e-12	0.810632512299694	0.076	0.043	1.23304151143256e-07	ITGB1	c29
7.4613168843797e-12	-0.607410776681058	0.128	0.19	1.54941706421029e-07	LAPTM5	c29
7.6802093033641e-12	-3.83582571964196	0.001	0.026	1.59487226393659e-07	IL1B	c29
8.61256479173119e-12	-0.265395141139434	0.715	0.739	1.7884852046509e-07	RPL34	c29
9.97325684327168e-12	-3.44799661738077	0.002	0.027	2.0710465160738e-07	CXCL8	c29
1.20439317107146e-11	0.368961534032304	0.317	0.251	2.501042859047e-07	PPIA	c29
1.3742123576278e-11	-3.7175779644531	0.002	0.027	2.85368938184988e-07	FCGRT	c29
1.39298065982699e-11	-1.02664224988112	0.061	0.108	2.89266363819673e-07	GZMK	c29
1.48828662881599e-11	-0.403724895303628	0.446	0.49	3.09057601339929e-07	RPS6	c29
1.52404190110743e-11	-5.50455470692752	0	0.024	3.1648254118397e-07	CSTA	c29
1.77723569050552e-11	0.736431349927431	0.087	0.052	3.69060763490376e-07	PPP1CA	c29
2.06026739671024e-11	-4.75148298674284	0.001	0.024	4.27835127600849e-07	NAPSB	c29
2.17383818054443e-11	-0.714684681917008	0.087	0.14	4.51419236571856e-07	RPL7	c29
2.76688282313546e-11	1.02051429516739	0.047	0.023	5.74570887052309e-07	C5orf56	c29
3.02181803145828e-11	0.663310126517477	0.093	0.057	6.27510732412627e-07	CTSC	c29
3.26172623228921e-11	1.53569735811018	0.02	0.007	6.77330069397177e-07	PXN	c29
3.3968089185306e-11	0.510266436758595	0.154	0.106	7.05381340022065e-07	PPIB	c29
4.00955703290859e-11	-4.51416270108776	0.001	0.024	8.32624613453798e-07	CTSH	c29
4.17944509992888e-11	-3.3529197631939	0.002	0.027	8.67903569451231e-07	APLP2	c29
4.30093721800301e-11	-0.41144060391452	0.24	0.309	8.93132622690505e-07	RPS2	c29
4.80740812900054e-11	-1.89917851633833	0.011	0.041	9.98306372068251e-07	TKT	c29
5.33694320169083e-11	-0.67180498322495	0.09	0.143	1.10826962526312e-06	LRRC75A-AS1	c29
6.61777738761164e-11	-1.5429020062876	0.016	0.049	1.37424765231143e-06	RNASET2	c29
6.87183407719507e-11	-4.57653548785249	0.002	0.025	1.42700506447033e-06	C1QB	c29
7.56847943320189e-11	-5.51715212412359	0	0.022	1.5716704390987e-06	LGALS2	c29
7.72801324786691e-11	-0.559981767216171	0.132	0.191	1.60479923105204e-06	EEF2	c29
7.83454452777799e-11	-0.504867895038019	0.551	0.588	1.62692151663838e-06	COX3	c29
8.12267158904906e-11	-1.03758014143472	0.039	0.08	1.68675398218193e-06	GPX4	c29
1.17137719451826e-10	0.141518451390431	0.833	0.766	2.43248188213661e-06	ACTB	c29
1.36122247964289e-10	-0.615954169027691	0.104	0.158	2.82671460122642e-06	HINT1	c29
1.83247310209715e-10	0.947313086868598	0.048	0.025	3.80531364381494e-06	LOC374443	c29
1.96788176637313e-10	1.50071005855062	0.019	0.007	4.08650327605044e-06	KIR2DL4	c29
2.21839955778954e-10	-1.17718793359202	0.025	0.06	4.60672852170575e-06	PLP2	c29
2.70849098267595e-10	-5.32923475428795	0	0.021	5.62445237462489e-06	CFP	c29
2.88988462672933e-10	1.39388261514516	0.022	0.008	6.00113441586613e-06	PTGDR	c29
3.14465863049943e-10	0.859554037891563	0.057	0.032	6.53019811209511e-06	SELPLG	c29
3.95812483965015e-10	-5.30660646894029	0	0.02	8.2194420420175e-06	CLEC7A	c29
4.05217641061334e-10	-4.388114836156	0.002	0.024	8.41474953427965e-06	C1QC	c29
4.18118912014497e-10	1.1313028667937	0.033	0.015	8.68265732689304e-06	SCP2	c29
5.3301901505372e-10	-3.52340982181202	0.002	0.023	1.10686728666055e-05	CCR7	c29
5.60545684840492e-10	0.438131423394915	0.19	0.14	1.16402916913977e-05	ARPC2	c29
5.8441909152283e-10	0.845412772057669	0.056	0.031	1.21360468545631e-05	ARL4C	c29
6.24280249234581e-10	-1.98404995411883	0.011	0.039	1.29638036556053e-05	SOD2	c29
6.71575271222077e-10	1.04614010284289	0.037	0.018	1.39459320821976e-05	PTGER2	c29
6.89492525452207e-10	-0.937687649558279	0.044	0.083	1.43180017835405e-05	FYB	c29
7.33630235207835e-10	-4.67154230401336	0.001	0.021	1.52345654643259e-05	G0S2	c29
7.58155239960502e-10	1.16169035812809	0.031	0.014	1.57438517130198e-05	ADD3	c29
8.00124708328153e-10	0.656681982836565	0.087	0.055	1.66153896931424e-05	DBI	c29
8.76819229708671e-10	-0.864008487412669	0.049	0.089	1.82080281241303e-05	SERP1	c29
9.9275687067642e-10	1.1552938133602	0.03	0.014	2.06155891764665e-05	TRG-AS1	c29
1.1887935686314e-09	-1.03670023522668	0.04	0.078	2.46864872461997e-05	NEAT1	c29
1.19730622648216e-09	0.909726082103676	0.048	0.025	2.48632610991285e-05	MAP3K8	c29
1.3906202221257e-09	0.761654549929093	0.069	0.041	2.88776195326622e-05	PDIA3	c29
1.55764960678148e-09	-5.28642372001278	0	0.019	3.23461517344242e-05	C5AR1	c29
1.57016431952796e-09	0.91020584380446	0.048	0.026	3.26060322593177e-05	DHRS7	c29
1.67044267399333e-09	0.444645047688114	0.183	0.135	3.46884125681455e-05	YWHAZ	c29
1.76359151932364e-09	-0.716199057536347	0.07	0.114	3.66227414902747e-05	SLC25A6	c29
1.80534791431135e-09	1.77258678172381	0.012	0.004	3.74898547885895e-05	KIR3DL2	c29
1.98384030020789e-09	-1.25058954064229	0.023	0.055	4.1196427674117e-05	CD27	c29
2.04911434675344e-09	-0.908236998662017	0.046	0.085	4.2551908524682e-05	TSPO	c29
2.15308314521404e-09	0.581023752164012	0.11	0.074	4.47109245935148e-05	CALR	c29
2.60710975071076e-09	-5.22960188373903	0	0.018	5.41392410832597e-05	KLF4	c29
2.68778248546155e-09	-5.33025492760628	0	0.018	5.58144910930946e-05	CPVL	c29
3.02168927440569e-09	-0.20379668796771	0.592	0.643	6.27483994723085e-05	RPS24	c29
3.02704414038528e-09	-2.2374871635983	0.006	0.029	6.28595986192407e-05	DUSP6	c29
3.24420855025318e-09	-2.81343730480013	0.005	0.028	6.73692347545576e-05	TNFRSF4	c29
4.83435922515524e-09	-1.43180615546691	0.016	0.044	0.000100390303669574	SYNGR2	c29
6.11347919631706e-09	-0.929482324889951	0.036	0.07	0.00012695250899072	RPS17	c29
6.34836449388628e-09	-0.55780151663192	0.813	0.834	0.000131830137080043	RNR2	c29
6.95728290685339e-09	-1.38928887881697	0.039	0.073	0.000144474936843717	LOC100996809	c29
6.97539661290266e-09	-5.06245352886503	0	0.017	0.000144851086063537	MPEG1	c29
7.11391523128841e-09	1.34190894762276	0.02	0.008	0.000147727563692935	CX3CR1	c29
8.51298443160979e-09	0.687241226686023	0.079	0.05	0.000176780634706809	TBC1D10C	c29
9.51757434355278e-09	0.514102442867817	0.091	0.059	0.000197641948818217	KLF2	c29
9.65320918461384e-09	0.896725272686487	0.045	0.024	0.000200458541927691	MBP	c29
1.12594960838729e-08	-0.25946246249363	0.53	0.565	0.000233814695677705	RPL29	c29
1.15476500906368e-08	-1.24911499529633	0.02	0.048	0.000239798501782164	C10orf54	c29
1.26162158440008e-08	0.360262301159835	0.231	0.18	0.00026198833821652	PTPRC	c29
1.50728660479488e-08	-0.356927429649398	0.223	0.281	0.000313003136351705	PFDN5	c29
1.55629315574397e-08	-5.05136056061317	0	0.017	0.000323179836721793	LILRB2	c29
1.5959152199676e-08	0.849370286435921	0.048	0.027	0.000331407754578471	NDUFB7	c29
1.59791579981672e-08	-0.290594814953313	0.497	0.531	0.000331823194989941	RPL18	c29
1.63465034085048e-08	0.862115547106109	0.046	0.025	0.00033945148978101	ZEB2	c29
1.89587974914888e-08	0.813363250231292	0.054	0.031	0.000393698388708257	OSTF1	c29
2.9087968976779e-08	-4.95102925878338	0	0.016	0.000604040763771794	SLC11A1	c29
2.938291858818e-08	-4.95147132866301	0	0.016	0.000610165687402145	CSF1R	c29
3.43575216997174e-08	0.75197267288758	0.062	0.037	0.000713468295616332	PPP1R18	c29
3.53018612883363e-08	0.882350347949351	0.044	0.024	0.000733078451513592	DNAJB6	c29
3.55831755111504e-08	0.858229601144036	0.046	0.025	0.000738920222664549	BHLHE40	c29
3.94734187094328e-08	-0.303347887208932	0.62	0.621	0.000819705012920082	RPS3A	c29
4.18307156352861e-08	-0.552626796744411	0.191	0.242	0.000868656640882352	HSPA1B	c29
4.18971326127145e-08	0.191711369174495	0.475	0.411	0.00087003585583563	H3F3B	c29
4.190356798135e-08	-3.558656567744	0.001	0.018	0.000870169492700715	TMEM176B	c29
5.24144728726236e-08	1.39030870132002	0.017	0.007	0.0010884389436729	TINF2	c29
5.41445877746177e-08	-3.24915187730369	0.001	0.018	0.00112436650972771	CD163	c29
5.53772967562475e-08	-0.488947932507803	0.125	0.172	0.00114996494444024	RPS11	c29
5.5918796384989e-08	0.353127536576463	0.234	0.185	0.00116120972573068	CD3D	c29
5.71142518563743e-08	0.522426114841424	0.086	0.057	0.00118603455404947	CD63	c29
5.94978732373348e-08	0.241718257343323	0.372	0.313	0.00123553283564649	SERF2	c29
6.26356886550653e-08	-2.39668908808061	0.004	0.022	0.00130069271061109	PPT1	c29
9.4239643772243e-08	-1.19297133636077	0.443	0.45	0.0019569804425744	FTL	c29
9.70692782791947e-08	-1.11355378434295	0.022	0.049	0.00201574063274576	RGS10	c29
1.00168783804254e-07	-1.21322827396777	0.019	0.044	0.00208010496447914	ANXA5	c29
1.0863831740879e-07	-3.42157855499579	0.001	0.017	0.00225598329931094	MEF2C	c29
1.13747750046744e-07	-1.10938049277997	0.029	0.058	0.00236208577747069	LGALS3	c29
1.33329802681076e-07	-3.05958575416348	0.002	0.018	0.00276872668247522	HLA-DMB	c29
1.35406148840271e-07	0.677456033516016	0.064	0.04	0.00281184408681707	YWHAQ	c29
1.376234592522e-07	0.639912991538297	0.075	0.049	0.00285788875483118	CD97	c29
1.54126460347328e-07	-0.20375953662663	0.805	0.786	0.00320059007557261	RPL30	c29
1.56065882281191e-07	0.831876334996623	0.047	0.027	0.00324086411145122	CD47	c29
1.73040205384752e-07	-1.30121561371225	0.014	0.036	0.00359335290501977	EVI2B	c29
1.73536061872266e-07	0.310450037372614	0.255	0.206	0.00360364986083947	HLA-H	c29
1.7626519528283e-07	1.0005166619281	0.032	0.016	0.00366032304524324	PRKACB	c29
1.84213014427286e-07	-1.53473554191214	0.012	0.034	0.00382536745759702	LMNA	c29
1.86713920344648e-07	-2.50873877296747	0.004	0.021	0.00387730126987695	CH25H	c29
1.91415654223395e-07	-3.10460108756234	0.002	0.017	0.00397493747560302	CXCL2	c29
1.99400526392984e-07	0.531944651534996	0.101	0.071	0.0041407513310767	VAMP2	c29
2.08997423996006e-07	-2.79671537482533	0.002	0.018	0.00434004050670107	LTA4H	c29
2.10794315820732e-07	-1.25955814515508	0.023	0.048	0.00437735476233333	GLUL	c29
2.14499936869195e-07	-1.82704216105872	0.007	0.026	0.00445430568902571	PDE4B	c29
2.15518591395108e-07	-1.41011145363575	0.013	0.035	0.0044754590689108	BIRC3	c29
2.27609536528381e-07	1.63542119915655	0.011	0.004	0.00472653963554835	PRR5	c29
2.45128621794675e-07	0.884202299441811	0.038	0.021	0.00509034096018823	CDC42SE1	c29
2.56367788175321e-07	0.899480407477629	0.036	0.02	0.00532373348924872	AKNA	c29
2.84774689975727e-07	-0.931642792046012	0.034	0.063	0.00591363121203596	JUND	c29
2.8749987096138e-07	-0.987904957810577	0.033	0.062	0.00597022232038402	BATF	c29
3.18586390000292e-07	1.32531623223811	0.014	0.006	0.00661576497474607	KRT86	c29
3.20970282237162e-07	-4.72147118002312	0	0.014	0.0066652688809369	CD36	c29
4.21590923641588e-07	0.244639693688368	0.263	0.212	0.00875475712034122	UBB	c29
4.25761645678317e-07	-4.67939178322621	0	0.013	0.00884136633415594	KCTD12	c29
4.39926425558419e-07	-3.12884200893712	0.002	0.016	0.00913551215314612	FOXP3	c29
4.44366631127689e-07	0.373554103799945	0.163	0.125	0.0092277174619976	LOC101929876	c29
4.85886689052403e-07	-3.78832615477937	0.001	0.014	0.0100899229848622	CXCL16	c29
5.30126378394997e-07	1.50663489250772	0.012	0.004	0.0110086043737505	RECQL	c29
5.37316729464638e-07	1.39131782328586	0.014	0.006	0.0111579192040627	FASLG	c29
5.56082004338279e-07	1.27349503633727	0.017	0.007	0.0115475989020887	MYBL1	c29
5.69160785306746e-07	-0.479632114566241	0.106	0.147	0.0118191928676799	NPM1	c29
5.73219867693029e-07	-6.51734408957799	0.001	0.015	0.0119034837725134	IGJ	c29
6.13058010005975e-07	0.34944960126515	0.169	0.129	0.0127307626357841	LSP1	c29
6.17018199433537e-07	0.11137719653919	0.594	0.518	0.0128129999294368	RPL3	c29
6.23024506572461e-07	-3.25537143113519	0.001	0.015	0.0129377269034837	TNFSF13B	c29
6.55338691061774e-07	-0.793001286715063	0.051	0.082	0.0136087632585888	RGS2	c29
7.34628488859666e-07	1.07647070114141	0.024	0.012	0.0152552951996598	ARIH2	c29
7.51836887784871e-07	-0.628823864505749	0.061	0.094	0.0156126448117406	LEPROTL1	c29
7.65653501239363e-07	-1.77746783354372	0.007	0.025	0.0158995606067366	CD40LG	c29
7.79337599191315e-07	-0.269670110184299	0.399	0.443	0.0161837245848068	RPL5	c29
7.87616849758435e-07	-0.23811276107492	0.693	0.696	0.0163556515020837	RPS18	c29
8.09236888356598e-07	-4.56329173652118	0.001	0.014	0.0168046132236131	C15orf48	c29
8.23778055237263e-07	-0.689222490526757	0.051	0.083	0.017106575095057	TUBA1A	c29
8.48668069483952e-07	-0.628726998935832	0.051	0.083	0.0176234411309037	RGCC	c29
8.63091798315573e-07	-2.10559447398243	0.004	0.02	0.0179229642838212	NCF1	c29
8.91515724822039e-07	-2.90384144255175	0.002	0.016	0.0185132155416545	NCF1C	c29
9.03890502944944e-07	-3.70163642058407	0.001	0.014	0.0187701901841547	MAL	c29
9.65821448310602e-07	1.29144603122131	0.015	0.006	0.020056248195618	CSF1	c29
9.96817409191164e-07	-1.27562035260836	0.014	0.035	0.0206999103192637	C1orf162	c29
1.05998031168681e-06	1.02001894922574	0.028	0.015	0.0220115511524883	C20orf24	c29
1.06150456133093e-06	-4.59079430169647	0	0.012	0.022043203720598	MARCKS	c29
1.07768530985607e-06	-4.57251763552965	0	0.012	0.0223792131444711	BANK1	c29
1.10406169680702e-06	0.440220958230259	0.127	0.094	0.0229269451958945	PSMB9	c29
1.14562137859384e-06	-2.87197014231915	0.002	0.015	0.0237899735478797	POU2F2	c29
1.15077636769773e-06	-4.55167577166788	0	0.012	0.0238970220516111	RAB31	c29
1.22891591087418e-06	-4.58738501683092	0	0.012	0.0255196678052132	LINC00926	c29
1.33952041767163e-06	-1.81641374227356	0.006	0.022	0.027816480993369	ZFAND5	c29
1.38351369380006e-06	-2.43386409574362	0.003	0.017	0.028730045365452	AP1S2	c29
1.38737134187185e-06	-4.67082659270468	0	0.012	0.0288101532853108	LOC100509457	c29
1.41552704065041e-06	-4.55225879654585	0	0.012	0.0293948345261465	CCR6	c29
1.46611974363387e-06	-1.15230914028023	0.018	0.039	0.0304454425963009	CORO1B	c29
1.49465297521183e-06	-0.520021875152207	0.146	0.188	0.0310379636832489	TNFAIP3	c29
1.49797732635983e-06	1.18667892603618	0.018	0.008	0.0311069971591883	HAVCR2	c29
1.52292938616071e-06	0.913599091250883	0.031	0.017	0.0316251516330134	RNF166	c29
1.62595310448063e-06	0.620353751067606	0.065	0.043	0.0337645421676448	PIK3R1	c29
1.67250719523974e-06	-4.69953259951729	0	0.012	0.0347312844163484	GSN	c29
1.9385825803602e-06	1.13892680361188	0.021	0.01	0.0402566058637598	VPS37B	c29
1.96425447441703e-06	-1.51691983547118	0.009	0.027	0.0407897084157441	STAT1	c29
2.00632205790942e-06	0.883580411568484	0.032	0.018	0.041663283854547	OPTN	c29
2.17472710950902e-06	-0.486873780271421	0.283	0.326	0.0451603831560644	DNAJB1	c29
2.22934119726813e-06	-0.916814846587323	0.03	0.054	0.04629449930247	PRDX1	c29
2.49275738004812e-06	-1.07401482163439	0.024	0.047	0.0517645997540793	SOCS3	c29
2.58168891341785e-06	-0.274789973095026	0.247	0.296	0.053611351976035	UBA52	c29
2.71384117331509e-06	0.716643883839422	0.048	0.03	0.0563556258050611	CDK2AP2	c29
3.03097454757563e-06	0.250407700086956	0.28	0.234	0.0629412174549556	ARHGDIB	c29
3.2253574872811e-06	-4.43323119595681	0	0.011	0.0669777735808794	HCK	c29
3.24168269891976e-06	-4.42625091163374	0	0.011	0.0673167829257677	NCF2	c29
3.33982583789703e-06	0.240479444900575	0.303	0.256	0.0693548233497698	CD3E	c29
3.41516643484072e-06	0.985115965148005	0.025	0.013	0.0709193461859023	EFHD2	c29
3.56446596226831e-06	0.524870976255547	0.087	0.061	0.0740197001724637	CD3G	c29
3.56632843359589e-06	-0.907457772075219	0.028	0.051	0.0740583762520522	SELL	c29
3.63504636184522e-06	-0.999477956036181	0.021	0.043	0.0754853727500779	NAP1L1	c29
3.87335107740758e-06	-0.452260100514873	0.149	0.189	0.0804340084734458	ITM2B	c29
4.07001273231016e-06	-4.44269566270734	0	0.011	0.0845178843991527	IGSF6	c29
4.22910438255236e-06	0.293854519322665	0.223	0.182	0.0878215816080823	CORO1A	c29
4.32467370917408e-06	-4.44771810482374	0	0.011	0.0898061742447089	TGFBI	c29
4.33170863131501e-06	-2.60510089376734	0.003	0.016	0.0899522614378876	HMOX1	c29
4.59116988012574e-06	1.26832222677653	0.015	0.006	0.0953402337306911	RAB29	c29
4.796708932169e-06	0.402666331760487	0.13	0.098	0.0996084576854215	SUMO2	c29
4.858060380827e-06	-4.3973382197185	0	0.011	0.100882481868253	FCGR2A	c29
5.15893941169599e-06	0.352623473137035	0.172	0.136	0.107130535823279	PSME1	c29
5.51289647052525e-06	-4.35986351429984	0	0.011	0.114480808106927	PILRA	c29
5.69900497532555e-06	0.8600739601403	0.031	0.017	0.11834553731761	PSMA5	c29
5.80147025072262e-06	-0.937103868693534	0.048	0.076	0.120473331226506	HERPUD1	c29
6.21958678552469e-06	0.636213752675337	0.06	0.04	0.129155939188206	FYN	c29
6.27898863380528e-06	0.722040789285218	0.044	0.027	0.1303894779696	FAM49B	c29
6.46527491604488e-06	-2.96350241571145	0.002	0.014	0.134257898906588	SEPP1	c29
6.50792623651363e-06	0.417390685829691	0.128	0.097	0.135143596227442	PCED1B-AS1	c29
6.56157971762466e-06	0.528590739262072	0.074	0.051	0.136257764416194	FLNA	c29
6.67533370847802e-06	-2.71315291530147	0.002	0.014	0.138619979790254	PASK	c29
6.69004500737845e-06	-2.15029120373337	0.003	0.016	0.138925474623221	PAG1	c29
7.05800596718352e-06	-3.49881953758439	0.001	0.012	0.146566551914533	RNASE6	c29
7.1399343160544e-06	1.26738940170319	0.014	0.006	0.148267876007186	KLF3	c29
7.48325370247272e-06	1.09120359084049	0.019	0.009	0.155397246385549	CD320	c29
7.7467344267815e-06	0.770485599158364	0.039	0.023	0.160868687106545	PTPN22	c29
7.90631411789988e-06	-0.811433335371907	0.032	0.055	0.164182518972309	NFKBIZ	c29
8.34521983843659e-06	-0.869365697582177	0.025	0.047	0.173296835164974	EIF3H	c29
8.74167356098268e-06	0.715398769475316	0.042	0.026	0.181529593167366	DENND2D	c29
8.89390959866264e-06	0.640870702423745	0.051	0.033	0.184690926725828	ZAP70	c29
9.37056054425208e-06	-3.43386409574362	0.001	0.011	0.194589060261939	PGD	c29
9.37991911842454e-06	-4.30072002954988	0	0.01	0.194783400413204	CSF3R	c29
9.91744700261523e-06	-4.31590643336456	0	0.01	0.205945704456308	VPREB3	c29
1.00944329109844e-05	-0.727542713826807	0.038	0.063	0.209620993829502	PKM	c29
1.032762791547e-05	-4.32275685003867	0	0.01	0.21446352129265	ALDH2	c29
1.03445207945369e-05	-3.79671537482533	0.001	0.011	0.214814318819352	MRC1	c29
1.04428090405779e-05	-0.877569402539284	0.078	0.108	0.21685537253664	FCER1G	c29
1.08174368329614e-05	-1.41717554431584	0.009	0.025	0.224634893273277	ASAH1	c29
1.0898388028017e-05	0.531636285644252	0.079	0.055	0.226315925789801	IRF1	c29
1.16036023674463e-05	-4.27339942355037	0	0.01	0.240960406762391	FPR1	c29
1.17814178866512e-05	-4.28326645300971	0	0.01	0.2446529238342	FAM26F	c29
1.17995875444561e-05	0.806450233590093	0.033	0.019	0.245030234948176	ABI3	c29
1.19130071449648e-05	0.386158304616614	0.149	0.117	0.247385506372339	HNRNPDL	c29
1.2124084141285e-05	-0.965546513874732	0.022	0.043	0.251768731277924	CAPG	c29
1.25116555025473e-05	1.28568444534518	0.013	0.006	0.259817038165897	PSMD11	c29
1.37853678724029e-05	-4.24771277988672	0	0.01	0.286266949238319	RALGPS2	c29
1.42140957971002e-05	0.345237525222867	0.159	0.126	0.295169913322582	SRP14	c29
1.43948738310106e-05	0.647570281822663	0.051	0.033	0.298923949974766	LAG3	c29
1.46698263022301e-05	-2.21224484172731	0.003	0.015	0.30463361299211	CECR1	c29
1.49430031737799e-05	-1.54547216893796	0.006	0.02	0.310306403906713	IL6ST	c29
1.60301854535983e-05	-2.20336365405822	0.003	0.015	0.332882831129423	LEF1	c29
1.87697884056484e-05	-0.285961222146388	0.211	0.253	0.389773426031694	RPL38	c29
1.91672059471479e-05	-4.22302590103525	0	0.01	0.398026198698474	CD300E	c29
1.92189423534957e-05	-2.20286864803487	0.003	0.014	0.399100556912691	HLA-DRB6	c29
1.93351461764275e-05	0.395825138697961	0.125	0.096	0.401513645499693	CYTIP	c29
2.05215640042859e-05	1.12849697604041	0.016	0.008	0.426150798113001	RPA2	c29
2.07733463401842e-05	-0.497111013676342	0.001	0.012	0.431379310100266	IGLL5	c29
2.0817398774985e-05	1.43925576320966	0.01	0.004	0.432294102961338	COMMD1	c29
2.12135621516977e-05	-4.16702811974997	0	0.01	0.440520831642154	MARCH1	c29
2.14478077281011e-05	0.85150297015897	0.028	0.016	0.445385175281747	NDUFA12	c29
2.15709822399248e-05	1.16023905883401	0.015	0.007	0.447943017194277	RFC1	c29
2.18845188718299e-05	-0.284613117912011	0.698	0.711	0.454453918892419	ND3	c29
2.20147715493814e-05	-3.66867732595203	0.001	0.01	0.457158745994454	CTSL	c29
2.38437955062306e-05	-0.853576444014867	0.031	0.052	0.495140257482384	HSPH1	c29
2.46631899361811e-05	1.23156917256956	0.013	0.006	0.512155802214736	ZBP1	c29
2.56843629530158e-05	-1.48394312688401	0.007	0.022	0.533361481082326	KLF10	c29
2.74612150751006e-05	-1.80173648694378	0.004	0.017	0.57025959224954	SYPL1	c29
2.75529225218828e-05	0.861060897237137	0.027	0.015	0.572163989089418	BTN3A2	c29
2.80218208616801e-05	0.960352859950624	0.022	0.011	0.58190113201365	ITGB7	c29
2.91121210554265e-05	1.28354870100119	0.012	0.005	0.604542305836986	LOC100129361	c29
3.11484876673914e-05	-3.10400472722004	0.002	0.013	0.646829494901049	RNASE1	c29
3.18284463170388e-05	-1.18116982624163	0.012	0.028	0.660949516219628	HIF1A	c29
3.22497557468119e-05	-1.98938281857229	0.026	0.046	0.669698427838296	CXCL13	c29
3.24973421226445e-05	-0.434689822036335	0.239	0.277	0.674839806518835	CRIP1	c29
3.27178189886822e-05	-1.99280070828524	0.003	0.015	0.679418229118974	CD4	c29
3.27351353347659e-05	-1.27756219036521	0.01	0.024	0.679777820361748	SMAP2	c29
3.39586293183121e-05	0.778830535222187	0.031	0.018	0.705184896424069	GABARAPL1	c29
3.41806454942574e-05	0.572286216827379	0.059	0.04	0.709795284333748	PSMB10	c29
3.42714597473991e-05	1.17405955342085	0.014	0.007	0.711681133114489	PIP4K2A	c29
3.6440583210679e-05	-0.81547310075769	0.028	0.049	0.756725150952959	NR3C1	c29
3.9295892161285e-05	-2.22595226114791	0.003	0.014	0.816018496621244	WARS	c29
3.96876626304261e-05	-3.29027324211477	0.001	0.01	0.824154002183428	CTSZ	c29
4.17610184311485e-05	0.347103575572397	0.12	0.093	0.86720930874123	LY6E	c29
4.29006135491853e-05	0.458829236195427	0.083	0.06	0.890874140962381	CD53	c29
4.37800942396041e-05	0.477010432842031	0.085	0.063	0.909137436979618	SRSF2	c29
4.4710243008661e-05	-1.63459730448101	0.005	0.018	0.928452906317854	AQP3	c29
4.52325263383459e-05	-0.521986877290563	0.074	0.103	0.939298641942092	MCL1	c29
4.65813625242008e-05	-1.08168662030335	0.013	0.029	0.967308574177553	TMEM123	c29
4.70240199389386e-05	-1.87383710478078	0.004	0.015	0.976500798051999	CD79B	c29
8.50430665224378e-05	-2.72750648750781	0.001	0.01	1	RTKN2	c29
0.000122381491081724	-2.6692149428917	0.001	0.01	1	GK	c29
0.000155210952270344	-2.6321928121896	0.001	0.01	1	CUX1	c29
0.000163264830190967	-2.46081942550032	0.002	0.01	1	NLRP3	c29
8.60555752229075e-05	-2.4237042295234	0.002	0.011	1	STAB1	c29
7.42108878906763e-05	-2.19731294578408	0.002	0.012	1	LGALS9	c29
0.000182824592988418	-2.08059269004829	0.002	0.011	1	CRTAP	c29
5.64441673785759e-05	-2.06966599846086	0.003	0.013	1	DGKA	c29
0.0209267894292675	-2.06803614134055	0.005	0.011	1	MZB1	c29
0.000307300494276604	-2.02118697218966	0.002	0.011	1	TNFRSF25	c29
0.000468609042022254	-1.86963303660655	0.003	0.011	1	LILRB1	c29
0.000421405994692373	-1.84700206210698	0.003	0.011	1	LAP3	c29
0.000208584077846324	-1.83315513926552	0.004	0.014	1	IRF8	c29
7.15425994903297e-05	-1.80456679578658	0.004	0.015	1	LIMS1	c29
0.00202906734061089	-1.72681801455707	0.003	0.01	1	BAG3	c29
7.46469427448727e-05	-1.71413743316057	0.004	0.016	1	GRINA	c29
0.000633574770213943	-1.67258966967235	0.003	0.012	1	AHR	c29
0.00013594785032527	-1.6105494671189	0.098	0.125	1	RN7SK	c29
0.00100809470215176	-1.60932266286934	0.003	0.011	1	SESN1	c29
0.00197632507385351	-1.60472621643998	0.003	0.01	1	PHTF2	c29
8.77452959638636e-05	-1.58531485570532	0.005	0.017	1	PECAM1	c29
0.0011418786280391	-1.57759957320507	0.003	0.011	1	MFSD1	c29
0.00123226978132758	-1.57235340363911	0.003	0.011	1	BLVRB	c29
0.000225346504445115	-1.52507396721962	0.005	0.015	1	HSBP1	c29
0.000236287558562869	-1.48228274357176	0.005	0.015	1	MYC	c29
0.00022235043047747	-1.47961026048419	0.005	0.016	1	KDM6B	c29
0.00102503360930947	-1.40832900363648	0.005	0.014	1	IER5	c29
0.00390552431516119	-1.40168912724294	0.003	0.01	1	NABP1	c29
0.00222403616795272	-1.39408963685322	0.004	0.011	1	NCF4	c29
0.000172985077885439	-1.38314067154565	0.006	0.018	1	CMTM7	c29
0.000755840338550278	-1.36591937132859	0.004	0.012	1	TMEM14C	c29
0.000895649586675037	-1.34855678311911	0.005	0.014	1	HIST1H1D	c29
7.56945317108233e-05	-1.341092124412	0.007	0.02	1	LINC00936	c29
0.000703234555232045	-1.33875915605163	0.005	0.015	1	RNF130	c29
0.000117009718266929	-1.32859205264356	0.008	0.021	1	ID3	c29
0.00506884191186612	-1.32753286068385	0.004	0.01	1	SMIM14	c29
0.00136515952133895	-1.32194894825221	0.005	0.014	1	BNIP3L	c29
0.00436086090842006	-1.2944610390782	0.004	0.01	1	INPP4B	c29
0.0001007073216906	-1.27140123065353	0.008	0.022	1	DNPH1	c29
0.000450340700250969	-1.26854185990107	0.007	0.018	1	IRF2BP2	c29
0.00566949625407508	-1.23693948573414	0.005	0.012	1	LIPA	c29
0.000113127799303643	1.22214815633705	0.012	0.005	1	GNPTAB	c29
0.00307144059285055	-1.22097391140023	0.005	0.012	1	NCF1B	c29
0.00319810039559017	-1.21509495036813	0.005	0.012	1	TANK	c29
0.000428041178432608	-1.20702142944501	0.007	0.018	1	H2AFY	c29
0.000357945322617244	-1.18818903403141	0.008	0.019	1	USP15	c29
0.00274217418349188	-1.18484321730576	0.005	0.013	1	TCF7	c29
0.00930413953299202	-1.1746212690722	0.004	0.01	1	P2RY10	c29
0.000814418842987558	1.17122000089831	0.01	0.004	1	CD38	c29
0.000839333791801173	1.15718573485645	0.01	0.005	1	RAB37	c29
0.000155304501468809	1.15049108228245	0.013	0.006	1	RAB18	c29
0.000929217918901067	-1.14735411998098	0.007	0.017	1	RILPL2	c29
0.00123065610186373	1.14551428670584	0.01	0.005	1	STX8	c29
0.000229655296981721	-1.14290620904894	0.01	0.022	1	TTC39C	c29
0.000782406568198061	1.13170415418423	0.011	0.005	1	CD226	c29
0.00227886041364767	-1.12839093649828	0.006	0.015	1	PLEC	c29
0.00964823116550019	-1.11404366381825	0.004	0.01	1	SKIL	c29
0.00105405945116779	1.10484281401667	0.011	0.005	1	NFKBIB	c29
0.000352836487777587	-1.10392100779214	0.01	0.022	1	FOXP1	c29
0.00108858940356727	1.10344281871914	0.011	0.005	1	MPV17	c29
0.000436022916720762	1.09524517024402	0.012	0.006	1	ITGAM	c29
0.000906114102355173	1.09424940691847	0.011	0.005	1	CRBN	c29
9.49327036456077e-05	1.09411211417391	0.015	0.007	1	AP1G2	c29
8.79617593193784e-05	-1.09015304361022	0.012	0.027	1	RBPJ	c29
0.00127697734984621	1.08951708278783	0.011	0.005	1	PPID	c29
0.00116794020081935	-1.08617880189918	0.014	0.026	1	FABP5	c29
0.00022451970727365	-1.08240834940873	0.011	0.024	1	GRB2	c29
0.000711011455579419	-1.08188542762662	0.01	0.021	1	SNORA78	c29
0.000375830664607552	-1.08026932457773	0.01	0.022	1	CD82	c29
0.00188755561444606	1.07709782353376	0.01	0.005	1	PANK2	c29
0.000466567379187681	1.07363950376135	0.013	0.006	1	REST	c29
0.000260022642722492	1.06645057933425	0.014	0.007	1	CCDC88C	c29
0.000443615954678118	1.05288726994189	0.013	0.007	1	CCNG1	c29
0.000741211918205372	1.03165485277259	0.013	0.006	1	SYTL2	c29
0.00100324775267179	-1.03043064077068	0.011	0.022	1	UGP2	c29
0.000356596445719006	1.0267927416857	0.015	0.008	1	CRTAM	c29
0.0180095735533326	-1.01525998144458	0.004	0.01	1	ATP6V1B2	c29
0.00141946743794333	-1.00696644125471	0.01	0.02	1	ATP2B1	c29
0.0167766949918788	-1.00492344581174	0.005	0.01	1	TNFSF10	c29
0.00205248559834752	0.997775370872357	0.012	0.006	1	ETFA	c29
7.61399558671044e-05	0.996147850382879	0.018	0.009	1	AMZ2	c29
0.0158082573273343	-0.984332776963986	0.005	0.01	1	SUSD3	c29
0.000754751917392557	0.982986895297207	0.014	0.007	1	MRPS12	c29
0.0117197466192194	-0.981376111358891	0.005	0.012	1	ATP6V0D1	c29
0.00115072553098656	0.980524563838709	0.013	0.007	1	RBM42	c29
0.0018830910231949	-0.976626860220899	0.008	0.017	1	HLA-DRB3	c29
0.000945173023447913	0.974004330569658	0.014	0.007	1	HSH2D	c29
0.00760801215023879	-0.972532944190839	0.006	0.013	1	OSBPL8	c29
5.99199756590762e-05	0.970291097006744	0.02	0.01	1	PLEKHF1	c29
0.00407252790678615	-0.968492293440077	0.01	0.018	1	PPA1	c29
0.00879734859151528	0.959052909383963	0.01	0.005	1	JAZF1	c29
0.00196257497300774	0.956480462315819	0.013	0.007	1	RIOK3	c29
0.00913315465719242	0.952073239065518	0.01	0.005	1	PSMD6	c29
0.000246339412499159	0.946513713723617	0.019	0.01	1	SNRPC	c29
0.00349327614310951	0.946453401646483	0.012	0.006	1	LOC102724614	c29
0.00108025346002747	0.946166953707313	0.014	0.008	1	HDDC2	c29
0.0153768847843865	-0.942442362861883	0.005	0.011	1	SORL1	c29
0.00458991166404826	-0.941452572838018	0.008	0.017	1	NINJ1	c29
0.000435496890544345	0.938865849861313	0.018	0.01	1	TES	c29
0.000371145083477254	-0.938579466274462	0.014	0.027	1	NDUFV2	c29
0.00254513104682839	0.93645003037892	0.013	0.007	1	ATXN10	c29
0.00648730962254202	-0.934397815304068	0.007	0.015	1	LENG8	c29
0.00405384543654789	-0.923230024448762	0.011	0.021	1	XIST	c29
0.000871370149420336	-0.920495678759143	0.012	0.024	1	GNAS	c29
0.0117754592778359	0.91903297730151	0.01	0.005	1	ITPA	c29
0.00229469325438366	0.917567993453828	0.013	0.007	1	NUB1	c29
0.0144416216852554	-0.915066337052134	0.006	0.012	1	TPP1	c29
9.14054062582444e-05	-0.914864857400819	0.019	0.035	1	NOSIP	c29
0.00130420242423403	0.910936472763531	0.015	0.008	1	RALGDS	c29
0.000966870699406495	-0.910020885169506	0.013	0.025	1	DNAJB4	c29
0.002111830699351	0.909787477300863	0.014	0.008	1	DGKZ	c29
0.000418098989355571	-0.90684040300084	0.014	0.028	1	TRAPPC5	c29
0.0295707809572312	-0.898899134082681	0.005	0.01	1	PPIF	c29
0.00290535023062981	-0.896602319808184	0.015	0.026	1	TNFRSF18	c29
0.041514820711912	-0.896280424286993	0.03	0.039	1	MT1X	c29
0.00259286343761208	0.895608416360169	0.018	0.01	1	PTPRA	c29
0.000360515363740345	0.895111863872997	0.019	0.01	1	PHB	c29
0.0273082346526369	-0.8944917119963	0.005	0.01	1	HMGA1	c29
0.00192546969518946	-0.89442482921467	0.011	0.022	1	PBXIP1	c29
0.00288459683612657	0.892673252396334	0.011	0.006	1	RPS26P11	c29
0.000200000488258969	-0.892528527422719	0.015	0.029	1	AP2S1	c29
0.00773815743950544	0.889214932623924	0.011	0.006	1	NDUFA9	c29
0.0217886226223382	-0.889064135481999	0.005	0.011	1	FAM162A	c29
0.0015574402180744	0.886377622515858	0.015	0.009	1	AKR1B1	c29
7.62930359888864e-05	0.886339318674284	0.023	0.013	1	ADSS	c29
0.00237714777385988	0.885354711885758	0.014	0.008	1	FIP1L1	c29
0.00531257027233854	-0.885318993658082	0.014	0.024	1	PLIN2	c29
0.00194371909008739	0.883551342849834	0.014	0.008	1	TMIGD2	c29
0.00836754036935173	0.883469425066495	0.011	0.006	1	DAXX	c29
0.0319082495100568	-0.879702294517815	0.005	0.01	1	TRAF1	c29
0.0232902572594417	-0.878958828878641	0.005	0.011	1	WNK1	c29
0.00480665014455111	0.875965856625875	0.013	0.007	1	EOMES	c29
0.0076183184219271	0.869476538018575	0.012	0.007	1	F2R	c29
0.00263257834213572	-0.866056316061528	0.011	0.021	1	DDX21	c29
0.00684822738577816	0.865047346418773	0.012	0.007	1	IST1	c29
0.00187788786379831	-0.864309017575383	0.013	0.024	1	IFNGR1	c29
0.0208433387161226	-0.863382181763203	0.006	0.012	1	RAB10	c29
0.0249996107607915	-0.863325231401372	0.005	0.011	1	SNX2	c29
0.0188639415409459	0.860357069973903	0.01	0.006	1	IL12RB1	c29
0.00500661520094421	-0.858858122054885	0.01	0.018	1	TMEM243	c29
0.0147763285088636	0.848828835860644	0.011	0.006	1	SRP72	c29
0.0232256067421703	0.842177053908882	0.01	0.006	1	PHF20	c29
0.00225336415038302	0.837522390523957	0.016	0.009	1	JOSD2	c29
0.00501194964032555	0.834692918060722	0.014	0.008	1	HPS1	c29
0.00140761763549147	-0.833066288591985	0.014	0.025	1	TNFAIP8	c29
0.0320126747796533	-0.832937041479664	0.005	0.01	1	VMP1	c29
0.00016729311825587	0.828246224842292	0.024	0.014	1	ACP1	c29
0.00176542104309892	0.827238806447701	0.017	0.01	1	ZSCAN16-AS1	c29
0.0102383334374029	0.826136250000543	0.012	0.007	1	TMOD3	c29
0.0322839701291805	-0.825238917248094	0.005	0.01	1	FAM102A	c29
0.000673384633118284	0.822720850697516	0.02	0.012	1	CAPN2	c29
0.0124715823072894	-0.821594249026726	0.008	0.015	1	YWHAE	c29
0.00741302015674519	-0.820652118218288	0.01	0.018	1	STXBP2	c29
0.0213450398547832	0.818880433997744	0.01	0.006	1	DIP2A	c29
0.0332281922464702	-0.817499495883327	0.005	0.01	1	USP3	c29
0.00933337527647992	0.812141105568939	0.013	0.008	1	SPAG7	c29
0.00453713850142437	0.810750683659132	0.015	0.009	1	FUNDC2	c29
0.0201509970644854	0.809490687910143	0.011	0.006	1	BCAS4	c29
0.0001363230074575	0.805257520324627	0.025	0.015	1	CHST12	c29
0.0411291835985754	-0.804566795786583	0.006	0.011	1	MX1	c29
0.00495230582587311	0.803324727676521	0.015	0.009	1	S1PR4	c29
0.000110963520560026	0.802792305364948	0.027	0.015	1	PIN1	c29
0.0122184652732592	-0.802607942748526	0.008	0.016	1	DOCK8	c29
0.0219646585583974	0.800388480802891	0.011	0.006	1	ZBTB1	c29
0.0304148138610135	-0.799991994541515	0.006	0.011	1	PTBP1	c29
0.0260692031184819	-0.797169504740693	0.006	0.012	1	BAZ1A	c29
0.013059384875778	0.795152346111752	0.012	0.007	1	RAB4A	c29
0.0381805311768137	-0.793311734359568	0.005	0.01	1	DOCK10	c29
0.000402740488470115	0.791794253858936	0.023	0.014	1	SUPT4H1	c29
0.0279518010599244	0.791399697575637	0.01	0.006	1	SERTAD3	c29
0.000445850094823771	0.789679259073009	0.023	0.013	1	LINC00869	c29
0.0197154615212287	0.788068209167023	0.011	0.007	1	LYPLA2	c29
0.0259232962307141	-0.78684062689021	0.007	0.013	1	PELI1	c29
0.0019141104415611	-0.785746847428502	0.015	0.026	1	TALDO1	c29
0.014678858507798	-0.784040182709255	0.008	0.015	1	A1BG	c29
0.00404663113709383	-0.783030690589126	0.013	0.023	1	CFLAR	c29
0.00940501289337271	0.780613223976204	0.014	0.008	1	NDUFS3	c29
0.0180243648703738	0.7789495645561	0.012	0.007	1	CDKN2D	c29
0.0250381293062928	-0.774901013578685	0.007	0.013	1	TNIP1	c29
0.0189233369630831	-0.773401590224358	0.008	0.014	1	TRADD	c29
0.000164409684545506	0.772137553932264	0.027	0.016	1	IDI1	c29
0.0243235802177094	0.770994695808082	0.011	0.007	1	VPS26A	c29
0.0222780028085325	-0.770899083021188	0.007	0.014	1	GPCPD1	c29
0.0341613573681442	0.769086508981585	0.01	0.006	1	RASA3	c29
0.0459960385793261	-0.766520642510613	0.005	0.01	1	BCL2	c29
0.0108723699362685	0.765896135239458	0.014	0.008	1	BTN3A1	c29
0.00253753227478414	0.765465544267484	0.019	0.011	1	RAB8B	c29
0.0110670682834671	0.765035081772603	0.014	0.008	1	CDC26	c29
0.0254304106060663	0.764643863655693	0.011	0.007	1	ARHGEF3	c29
0.0199654802166541	-0.764372175932037	0.008	0.014	1	LOH12CR1	c29
0.00933734684870382	0.764266718059504	0.014	0.009	1	ARHGAP25	c29
0.0002174795081815	0.761397839019601	0.027	0.016	1	POLR2G	c29
0.0223612695840069	0.75768094780245	0.012	0.007	1	EMC3	c29
0.0293580162711347	-0.757671170562122	0.007	0.012	1	PLSCR1	c29
0.00505657303987485	0.756613145516068	0.016	0.01	1	PDLIM2	c29
0.0215961906937754	0.755671622908164	0.012	0.007	1	MBNL2	c29
0.0343642314109389	-0.75540274669802	0.006	0.012	1	TOP1	c29
0.0400819916726448	-0.753427946794782	0.006	0.011	1	TMPO	c29
0.000872685220456631	-0.752587204744247	0.019	0.033	1	NDFIP1	c29
0.0017263624577869	-0.751990620471124	0.016	0.028	1	CNPY3	c29
0.022632963731107	-0.749704860752065	0.008	0.014	1	HNRNPLL	c29
0.0212565176674494	0.749410459357715	0.012	0.008	1	CNPPD1	c29
0.0648444513606734	-0.749223186369686	0.01	0.015	1	CD9	c29
0.0187876031906313	-0.748089200113102	0.008	0.015	1	VPS13C	c29
0.000657321724731941	-0.747670029609531	0.021	0.035	1	CMTM6	c29
0.00397175629461688	0.745638276689084	0.018	0.011	1	CCNDBP1	c29
0.0403293611242058	0.744819540476833	0.01	0.006	1	SAR1A	c29
0.00531728137609228	0.744368193762728	0.017	0.01	1	PDCD5	c29
0.000480738227172783	0.74414151085296	0.025	0.015	1	RAB27A	c29
0.0413682150492621	0.743674089808571	0.01	0.006	1	YY1	c29
0.0183854476806522	0.74367408980857	0.013	0.008	1	HELZ	c29
0.0359634158718941	0.742584029280029	0.011	0.007	1	DERL2	c29
0.0341871840693848	0.741494791749322	0.011	0.007	1	PPIE	c29
0.000114851364028668	0.740769090003192	0.032	0.02	1	PRMT2	c29
0.222691791710604	-0.739546400320937	0.01	0.013	1	MT1E	c29
0.00732301708258355	0.732979489012334	0.016	0.01	1	YTHDC1	c29
0.0168892116381238	0.73226932653632	0.013	0.008	1	MED15	c29
0.000292285354784586	0.727463862627311	0.03	0.019	1	MFSD10	c29
0.0114361856086911	0.72718596702	0.015	0.009	1	PNKD	c29
0.0484612041582151	0.719827347854203	0.01	0.006	1	FDX1	c29
0.0100358418601178	-0.718035807714804	0.01	0.018	1	MAF	c29
0.0587453278204497	-0.717459824059728	0.005	0.01	1	SAT2	c29
0.00998768374770476	-0.716104455616714	0.012	0.021	1	SELM	c29
0.0369287647440191	0.715839881611845	0.011	0.007	1	UBE2E3	c29
0.00456820355286383	-0.7151896504349	0.008	0.017	1	LOC101928173	c29
0.0181136108424756	-0.715063424874569	0.012	0.02	1	SSR3	c29
0.00258990027662816	0.71382416206201	0.021	0.013	1	PPP3CC	c29
0.00561386789291675	-0.713674214328238	0.013	0.022	1	PDCD1	c29
0.0254059018702355	0.712525391237905	0.012	0.008	1	LOC102724850	c29
0.0616021362002663	0.710213086910869	0.011	0.007	1	PEX16	c29
0.034285820166038	0.70931260687309	0.013	0.009	1	CISD3	c29
0.0605103820789286	0.70913826306129	0.01	0.006	1	RNF115	c29
0.0126633277132517	0.706747520810213	0.015	0.01	1	SAP30BP	c29
0.0246859691578504	0.705260206203342	0.015	0.01	1	CASP8	c29
0.00636476174509235	-0.705000050094707	0.014	0.023	1	EIF2S3	c29
0.000333540348730263	0.703324119286695	0.031	0.02	1	SYTL1	c29
0.0438873772371175	-0.702912245345095	0.007	0.012	1	LPAR6	c29
0.000166913422509648	0.702899193151114	0.035	0.022	1	SASH3	c29
0.036838561897099	0.702702308752264	0.013	0.009	1	CTDSP1	c29
0.00706412436132005	0.699855061435605	0.018	0.011	1	PSMF1	c29
0.0130800145597645	0.699326233659115	0.015	0.01	1	TXNL4A	c29
0.00163200419698737	0.698142362392855	0.025	0.016	1	MYO1G	c29
0.037091072318822	0.697621509477863	0.012	0.008	1	HEXA	c29
0.0591052297021328	-0.697601398078959	0.006	0.01	1	ENTPD1	c29
0.0432879343521909	0.697577675219116	0.011	0.007	1	CUEDC2	c29
0.00114823539229531	0.696775475171434	0.025	0.016	1	TLN1	c29
0.00055288666434615	0.696532541512057	0.028	0.018	1	MIEN1	c29
0.0172220156989759	-0.696496692623167	0.01	0.017	1	CEBPD	c29
0.000683634990104697	0.696251741775702	0.029	0.019	1	TMEM179B	c29
0.0260339749497745	0.695925218816964	0.013	0.008	1	SDR39U1	c29
0.0215835644204044	0.695301747999994	0.014	0.009	1	ATP2B4	c29
0.0045113630127081	-0.693628936345976	0.016	0.026	1	GNAI2	c29
0.0199712627238644	-0.690980611482693	0.01	0.017	1	TRAT1	c29
7.85598733267409e-05	0.690286877061546	0.037	0.023	1	ANKRD28	c29
0.000343718828281687	-0.689823463100178	0.051	0.072	1	TUBA1B	c29
0.0171079474165897	0.688670731414949	0.015	0.009	1	RNF126	c29
0.0675652016062725	0.688110756621469	0.01	0.006	1	MRPL36	c29
0.0696710320237835	0.68579317372807	0.01	0.006	1	DENND1C	c29
0.000413049811518582	-0.685548643504389	0.026	0.042	1	ANP32B	c29
0.000395301795348436	0.684733825395734	0.031	0.019	1	BIN1	c29
0.0165061063410421	0.68313254787352	0.015	0.01	1	VDAC3	c29
0.0108313789968808	-0.68265457023521	0.013	0.021	1	CCDC109B	c29
0.0278269246205533	-0.682294769935686	0.009	0.015	1	MGAT1	c29
0.073473408915128	0.680015452586252	0.01	0.006	1	GID8	c29
0.0550260293912381	0.679685994936753	0.011	0.007	1	COQ4	c29
0.00959667821132375	0.675311347752774	0.018	0.012	1	GOLGA7	c29
0.0179343871482042	0.675103361730518	0.015	0.01	1	IER3IP1	c29
0.00165971654018979	0.674236338864284	0.024	0.015	1	ZC3H12A	c29
0.00752265219806635	0.67419869041005	0.019	0.012	1	PPP1R12A	c29
0.0271211609740212	0.674133156555493	0.014	0.009	1	MECP2	c29
0.00558005124790191	-0.67413090512209	0.016	0.026	1	ATP5H	c29
0.0306265744015753	0.674039901971518	0.013	0.009	1	PPP1R11	c29
0.0211787228257914	-0.672589669672354	0.011	0.018	1	TGIF1	c29
0.00590372796604405	0.672082946863544	0.02	0.013	1	LBR	c29
0.02099199529573	0.67204441282754	0.015	0.01	1	EMC4	c29
0.0100657821112565	0.670017048083261	0.02	0.013	1	TOMM22	c29
0.0112797554002557	-0.669711026926922	0.013	0.022	1	ATF4	c29
0.0275359850339551	0.669291893485994	0.014	0.009	1	TNFRSF1A	c29
0.066653533716064	-0.669214942891697	0.006	0.01	1	ITGB2-AS1	c29
0.0255767434807307	-0.667211766199807	0.014	0.022	1	HIST1H1E	c29
0.00751822925269607	-0.666617697819624	0.015	0.024	1	PAK2	c29
9.22778269363215e-05	-0.665405954173874	0.041	0.063	1	ANXA2	c29
0.00386766114199868	0.663906813011232	0.022	0.014	1	TSC22D4	c29
0.0547357716442875	0.663700682636174	0.011	0.007	1	SRPK2	c29
0.0138999227023955	0.662716243811972	0.017	0.011	1	LINC00674	c29
0.0889683461543316	-0.661515623513927	0.007	0.011	1	GLA	c29
0.0723784638109972	0.661339157011264	0.01	0.007	1	C1D	c29
0.0443235094505041	0.661158921513386	0.012	0.008	1	C11orf73	c29
0.0261019191350798	-0.661103836714816	0.011	0.017	1	METTL12	c29
0.000346314276503029	0.659888036465163	0.037	0.024	1	RNF167	c29
6.80906192875786e-05	-0.659705204285899	0.037	0.058	1	SPOCK2	c29
0.0364565549887934	-0.659661656618109	0.014	0.021	1	IRF7	c29
0.0103898001298718	-0.658584804748971	0.013	0.022	1	H1FX	c29
0.0495869065524645	-0.656401140912664	0.007	0.012	1	GPRIN3	c29
0.0196711131806249	0.65417038479115	0.016	0.01	1	UHMK1	c29
0.0666790350797377	0.653839817449949	0.011	0.007	1	RBM38	c29
0.00719964215489234	0.653761001036431	0.02	0.013	1	COX16	c29
0.000148644890522145	-0.653295116708958	0.056	0.079	1	HSPB1	c29
0.04123877547089	0.653143229518864	0.013	0.008	1	TMEM109	c29
0.0724083368112262	0.652713151995666	0.01	0.007	1	NMRAL1	c29
0.0143080472112799	-0.649282433857376	0.015	0.023	1	AIM1	c29
0.000147061665246743	-0.648366619397062	0.035	0.055	1	FKBP1A	c29
0.00254072398494411	-0.648350737524158	0.021	0.034	1	PYCARD	c29
0.0490010707268719	0.647705031277848	0.012	0.008	1	ISCA1	c29
0.0198546468264788	-0.644607686928738	0.012	0.019	1	CAMK4	c29
0.00080488112747183	0.64235840981237	0.031	0.02	1	TCF25	c29
0.084643817120568	0.640935984219312	0.01	0.007	1	SZRD1	c29
0.0103529923343782	-0.637770437567452	0.015	0.025	1	MZT2A	c29
0.0228257217789831	0.636917188963582	0.016	0.011	1	ST3GAL1	c29
0.0536615082723686	0.636145625504125	0.012	0.008	1	EAPP	c29
0.0012624411730916	0.636099014030012	0.03	0.019	1	BANF1	c29
5.42573810354463e-05	-0.633967943742515	0.04	0.063	1	EIF3E	c29
0.00103865996398197	0.632772161307711	0.031	0.02	1	CD5	c29
0.0773094358548857	0.63248123499143	0.011	0.007	1	P2RY8	c29
0.0443819368132647	0.631860086479219	0.013	0.009	1	ARPP19	c29
0.00137378412202406	0.629892928439242	0.028	0.018	1	PTMS	c29
0.0821929976370096	0.627442127385342	0.011	0.007	1	SPATA13	c29
0.00102198483157023	-0.625434273568571	0.028	0.043	1	ATP6V0B	c29
0.000426948099412856	0.625401853676069	0.036	0.023	1	DOK2	c29
0.00891984650298729	0.625029593309951	0.023	0.015	1	TSEN54	c29
0.000166463220118233	0.623302605412631	0.043	0.028	1	IFI16	c29
0.0289175707409801	0.62262108683923	0.016	0.011	1	OSM	c29
0.000602859029165407	-0.62221512563015	0.033	0.05	1	DUSP4	c29
0.00161294648220661	0.621998487289555	0.03	0.02	1	LINC00493	c29
5.77553529028755e-05	0.62076954613306	0.046	0.03	1	UBE2L6	c29
0.0098487330342348	-0.620675996021424	0.017	0.027	1	CTLA4	c29
0.0540182311630328	0.619976365583665	0.013	0.009	1	LSM10	c29
0.0250096127854896	0.618978342359256	0.016	0.011	1	PLA2G16	c29
0.0781261798179962	0.618143207724711	0.011	0.008	1	SEC13	c29
0.0851376824688269	-0.61741097138955	0.006	0.01	1	SMARCB1	c29
0.0362394243282264	-0.61666788868402	0.01	0.016	1	GSTO1	c29
0.0781986909786678	-0.6161532225126	0.006	0.011	1	ZNF292	c29
0.0648302659411572	-0.61522434051703	0.008	0.013	1	NAAA	c29
0.0107392036830156	-0.613598620443935	0.016	0.026	1	ARID5B	c29
0.0033142666520178	-0.613501179455039	0.022	0.035	1	PIK3IP1	c29
0.000566996381132667	0.612429556530317	0.039	0.026	1	TECR	c29
0.00434335386507666	-0.612307844332354	0.022	0.034	1	FKBP5	c29
0.000239206159338015	0.610978298948037	0.037	0.024	1	PLEK	c29
0.0220660960559931	0.610585856546629	0.018	0.012	1	NDUFB6	c29
0.0477187638402619	0.60981834307378	0.016	0.011	1	RHEB	c29
0.065659320934419	0.608948987795356	0.012	0.008	1	C9orf89	c29
0.0719514718340133	-0.608859570580951	0.032	0.04	1	IER3	c29
0.0988626318397938	-0.607400350738309	0.007	0.011	1	PLD3	c29
0.00511642890321562	-0.601537524288982	0.023	0.035	1	ICOS	c29
0.108431147608567	0.60097540365361	0.01	0.007	1	ZBTB8OS	c29
0.0306097452841577	0.600716135966527	0.016	0.011	1	RAB14	c29
0.0569348566751059	-0.599933301174794	0.012	0.018	1	MIR155HG	c29
0.0720155956670643	-0.599094348360653	0.012	0.018	1	INSIG1	c29
0.0301732138940895	-0.599012565245589	0.012	0.018	1	PPP1CB	c29
0.0193028610063038	0.598725753897471	0.021	0.014	1	GTF2B	c29
0.0145131669563006	0.598557381948759	0.02	0.014	1	POLR2J	c29
0.0877472647448913	0.597024230857727	0.013	0.009	1	DECR1	c29
0.0284368416664081	0.596049436874094	0.017	0.012	1	CNPY2	c29
0.00773822319494294	0.59570901963973	0.024	0.016	1	MED10	c29
0.00681432384740457	0.594304453208319	0.024	0.016	1	TMED9	c29
0.0028742732415678	0.593512343187688	0.029	0.02	1	VPS29	c29
0.000325013070028033	-0.593282568497474	0.035	0.053	1	GAS5	c29
0.00451613397364984	-0.590691108317015	0.023	0.035	1	SNHG5	c29
0.0648691176392777	-0.590495563774612	0.01	0.015	1	RANBP2	c29
0.0110940050927278	-0.589090666339019	0.024	0.035	1	PIM2	c29
0.0775241124776538	0.588240090963247	0.012	0.008	1	PQLC3	c29
0.104403011980297	-0.588143332244379	0.012	0.017	1	FKBP2	c29
0.0658876231873872	-0.587953790755453	0.008	0.013	1	SRSF1	c29
0.00452678589496055	0.587399792745913	0.028	0.019	1	C9orf78	c29
0.0682413802625478	-0.587385016830921	0.008	0.013	1	ADRBK1	c29
0.00666217966110916	-0.587157444460248	0.021	0.032	1	DDX17	c29
0.0123831018990534	0.585305794953292	0.022	0.015	1	PRMT1	c29
0.047184464764482	0.585288948419462	0.015	0.01	1	KCNAB2	c29
0.107959894566863	0.583840881941096	0.011	0.007	1	TIA1	c29
0.0643473344821894	0.583765798278174	0.013	0.009	1	LAIR1	c29
0.00390463363244306	0.583450489558552	0.029	0.019	1	PSMA2	c29
0.0482444013875133	-0.582826734868616	0.011	0.017	1	EIF4A3	c29
0.000456566394980358	0.582749589437078	0.04	0.027	1	CCDC107	c29
0.00432392341618662	0.582539984611391	0.028	0.019	1	RPS19BP1	c29
8.20635168734363e-05	-0.581730600809892	0.049	0.073	1	AHNAK	c29
0.00217155290215784	-0.580707850638438	0.035	0.05	1	ZNF331	c29
0.0642977597514151	-0.580676667345648	0.008	0.013	1	MIDN	c29
0.017501796240909	0.580472789758656	0.022	0.015	1	ICAM2	c29
0.00576524840165367	0.580222542201035	0.027	0.018	1	RAB7A	c29
0.00493440637996051	-0.580126419411563	0.023	0.035	1	PEBP1	c29
0.0487866645830053	-0.579627346487485	0.01	0.016	1	TNRC6B	c29
0.123002867406516	0.57833635786191	0.01	0.007	1	RANGRF	c29
0.0281167180140552	0.577607245277084	0.018	0.012	1	NUDC	c29
0.0114474240315032	-0.577490472358727	0.019	0.028	1	TCIRG1	c29
0.137669190491237	0.575491069308085	0.01	0.007	1	MGMT	c29
0.00130418322600444	0.574272012378249	0.038	0.026	1	MYEOV2	c29
0.100916003840631	0.573980419248	0.011	0.008	1	SNW1	c29
0.0342904331375523	0.573055318196174	0.017	0.012	1	KRAS	c29
0.0915034610386455	0.572974902653615	0.012	0.008	1	RAB9A	c29
0.00111756593154482	0.572065726078928	0.037	0.025	1	BZW1	c29
0.0147336779724133	0.572053794351101	0.024	0.017	1	DDX6	c29
0.0529067624697854	0.571206893803804	0.014	0.01	1	PHYKPL	c29
0.0873966749394401	-0.571038875037103	0.007	0.011	1	DPYD	c29
0.0109824563428054	0.570323701219817	0.024	0.016	1	RASSF5	c29
0.0705595284424264	0.568864222045383	0.013	0.009	1	SF3A1	c29
0.026352033134294	0.567915572891373	0.019	0.013	1	ZC3H15	c29
0.0570569913568708	-0.567527598485734	0.011	0.016	1	VIMP	c29
0.036219885783714	-0.566941553980513	0.032	0.042	1	TXN	c29
0.0549590941783801	0.566310469570999	0.015	0.01	1	PSMD9	c29
0.0515080488121203	0.564449527628496	0.015	0.011	1	GTF2A2	c29
0.111799218059696	0.563836788166794	0.011	0.008	1	DNAJC1	c29
0.124877317142077	0.562524650704003	0.011	0.008	1	CCT2	c29
0.0460278416054385	-0.56234484457339	0.011	0.017	1	PTPRE	c29
0.0180387810631985	0.561858945066925	0.02	0.014	1	LOC100996919	c29
0.151636420191111	0.56161376250734	0.01	0.007	1	THOC2	c29
0.0849609961406856	0.560679181899894	0.013	0.009	1	NDUFA10	c29
0.00227250175804078	0.560656453165663	0.037	0.025	1	EID1	c29
0.000699008170878355	0.560644100742896	0.046	0.032	1	ARL6IP1	c29
0.00201923854386485	-0.560088786424341	0.304	0.314	1	S100A6	c29
0.125631742148297	0.559642142170882	0.011	0.008	1	CDK17	c29
0.00694221587001329	-0.559394977827476	0.023	0.034	1	LRRFIP1	c29
0.0158992480760125	-0.555967975165401	0.018	0.027	1	SAMHD1	c29
0.0717631549496312	-0.555945826029509	0.012	0.018	1	HLA-DRB5	c29
0.0866777567622184	0.555209527804695	0.012	0.009	1	ANXA2P2	c29
0.13152507547537	-0.555170391965751	0.007	0.011	1	ICAM1	c29
0.0253206010550565	-0.554849400743849	0.015	0.023	1	RNH1	c29
0.0832310808802411	0.554114991739916	0.013	0.009	1	IQGAP2	c29
0.0708313413674881	-0.553100527850454	0.009	0.014	1	BCL11B	c29
0.00198339779064964	0.553093164550688	0.036	0.024	1	PRPF38B	c29
0.0427166447289112	0.552243913025033	0.017	0.012	1	SARS	c29
0.00278555571516893	0.551954112918001	0.034	0.023	1	PRKCH	c29
0.106286671880786	0.55190046767092	0.012	0.008	1	CFDP1	c29
0.0043810085069888	-0.551698639827834	0.027	0.039	1	SFPQ	c29
0.108062244194648	-0.550149822501194	0.006	0.01	1	SHKBP1	c29
0.000763223063128978	0.549777215656715	0.042	0.029	1	SHISA5	c29
0.0588513858017756	-0.54806131670794	0.011	0.016	1	PFKFB3	c29
0.00485100958331183	-0.547730227981285	0.034	0.048	1	RNA45S5	c29
0.0439832528708784	0.546784896476669	0.017	0.012	1	CMC2	c29
0.0310049603017067	-0.545509451572527	0.015	0.022	1	JMJD1C	c29
0.0659052418206113	-0.545339382606057	0.01	0.015	1	MYCBP2	c29
0.00126178148514221	-0.544021635156542	0.046	0.064	1	CLDND1	c29
0.00640865804608772	0.543761011402135	0.029	0.02	1	TMC6	c29
0.165541318471236	0.543665623452688	0.01	0.007	1	FAM204A	c29
0.0954335434980381	0.543036221112644	0.013	0.009	1	PCIF1	c29
0.068141116992827	0.542761395882573	0.015	0.011	1	DDX46	c29
0.0938325467740263	0.542239372133043	0.013	0.009	1	APOA1BP	c29
0.0158506567064196	0.541708383889696	0.023	0.016	1	HERPUD2	c29
0.000604585358453678	0.541396129131507	0.045	0.031	1	RALY	c29
0.0207738396194771	0.539426126091374	0.022	0.016	1	MAF1	c29
0.0184949176981623	-0.538856491651021	0.018	0.027	1	TMEM219	c29
0.139501226381332	0.538677908749635	0.011	0.008	1	TMBIM1	c29
0.0305810749595215	0.538241345792636	0.02	0.014	1	CASP4	c29
0.0125003730569907	-0.53808302778148	0.021	0.031	1	ANKRD12	c29
0.0286276429112677	0.537223212341143	0.02	0.014	1	RASGRP2	c29
0.131494856949386	0.534727199537074	0.011	0.008	1	MRFAP1L1	c29
0.0568336766790242	0.534220724179621	0.016	0.012	1	ZNF207	c29
0.226894247920317	0.533955498507233	0.01	0.008	1	EMC7	c29
0.0179123521423066	-0.533549749286963	0.019	0.028	1	ZNF706	c29
0.176202541781572	0.533211265815521	0.01	0.007	1	ELF2	c29
0.0886025581512871	0.532594119570401	0.014	0.01	1	RNMT	c29
0.111245101011441	0.531953145596085	0.012	0.009	1	CD58	c29
0.0562230266778487	-0.530420801753568	0.011	0.017	1	METTL9	c29
0.136732023675639	0.53023141827069	0.011	0.008	1	SMARCE1	c29
0.061768216232756	-0.529859303436563	0.012	0.017	1	MAT2A	c29
0.0102263459236554	-0.528730099695701	0.028	0.04	1	HSPD1	c29
0.00316373915863148	0.526839546299104	0.036	0.025	1	SNRPF	c29
0.115044912649878	0.525376746557682	0.012	0.009	1	SHARPIN	c29
0.00321622475664107	0.524841946279385	0.036	0.025	1	DGUOK	c29
0.00213519443926774	0.524669868810295	0.029	0.019	1	TNFSF9	c29
0.0851251980763854	0.523386256797045	0.014	0.01	1	SRP19	c29
0.00920294669026004	0.523035278802153	0.029	0.021	1	ENSA	c29
0.000506318982608273	0.522372553243107	0.051	0.036	1	CD164	c29
0.0335854640610563	0.52226342763957	0.021	0.015	1	OCIAD1	c29
0.146025822778614	0.522174149193989	0.011	0.008	1	CALCOCO2	c29
0.0869954613032218	0.521982856841157	0.014	0.01	1	HSPB11	c29
0.00579576518106118	-0.52159097290831	0.028	0.04	1	SEPT6	c29
0.0708792483055494	-0.520314164020887	0.01	0.015	1	TWF2	c29
0.115782178410132	-0.520177938626246	0.007	0.011	1	SH3BP1	c29
0.067983308192287	-0.519269440459644	0.011	0.016	1	AKAP9	c29
0.0568575017489172	0.519201358031075	0.017	0.012	1	SNRPA1	c29
6.24668854978883e-05	0.51906724740668	0.065	0.045	1	SEPW1	c29
0.00553927095800135	-0.518969923642679	0.046	0.061	1	CSTB	c29
0.032597261470525	-0.51872406682378	0.015	0.023	1	RCSD1	c29
0.00940491298948262	0.518701279587319	0.03	0.021	1	SUMO1	c29
0.0593329997958991	0.518607534173797	0.017	0.012	1	ADAM8	c29
0.00275017178016978	0.518192815913036	0.038	0.027	1	MAT2B	c29
0.0901719966669982	0.518013954638211	0.014	0.01	1	LMO4	c29
0.0199726592563731	0.517183353366248	0.026	0.019	1	SPRY1	c29
0.0481878709632641	0.516926359380606	0.019	0.013	1	SERINC1	c29
0.0182133555471097	0.515484895008507	0.025	0.018	1	TMEM230	c29
0.0752400625716861	0.515405102135453	0.015	0.011	1	FBXW5	c29
0.108105005587181	0.51450313584106	0.013	0.01	1	STK38	c29
0.0875526511783572	-0.514262448385545	0.009	0.014	1	PHF1	c29
0.0044583636411179	0.513538969804098	0.035	0.025	1	MRPL33	c29
0.0290544334706553	0.512407717838867	0.022	0.016	1	FGFR1OP2	c29
0.00541498857382532	0.511222162003373	0.036	0.026	1	CBLB	c29
0.000930727013901499	0.510885119671527	0.049	0.035	1	JAK1	c29
0.103087178171009	0.510778758727327	0.014	0.01	1	TMEM9B	c29
0.197712533739886	0.510474913515539	0.01	0.007	1	FXR1	c29
0.12374338508073	-0.509238018596088	0.007	0.011	1	TMEM147	c29
0.0411749897690158	-0.508700779813455	0.011	0.017	1	CASP1	c29
0.0493602753852025	-0.508576943329183	0.014	0.02	1	SIVA1	c29
0.0136607353262623	-0.508301791276752	0.023	0.033	1	OCIAD2	c29
0.0804981864165155	-0.507864677187395	0.011	0.016	1	GATA3	c29
0.0581682738875179	-0.507095034575975	0.013	0.019	1	PPP1R10	c29
0.021324038253741	0.506634892507721	0.025	0.018	1	RAB5C	c29
0.000432619426179164	0.505336921173305	0.053	0.038	1	SNRPG	c29
0.0574685986483515	0.504831783535658	0.018	0.013	1	RAB11A	c29
0.00471302014904584	0.504533897525422	0.035	0.025	1	SIGIRR	c29
0.158271697567776	0.504428599004035	0.011	0.008	1	TADA3	c29
0.0172739436573206	0.504255698985745	0.027	0.019	1	C19orf66	c29
0.0932875605737358	0.502787480413553	0.015	0.011	1	SCAMP2	c29
0.131759011740595	0.502592594988152	0.012	0.009	1	ABLIM1	c29
0.190689920405589	0.501785492846325	0.01	0.007	1	KLF12	c29
0.056329585283222	0.501247675490278	0.019	0.013	1	MOB1A	c29
0.0560558333864629	0.500172641878024	0.019	0.013	1	PDAP1	c29
0.0571934863662023	0.500172641878024	0.019	0.013	1	THRAP3	c29
0.0518523600387555	0.497641799119149	0.018	0.013	1	SYAP1	c29
0.132773661761812	0.497531463373549	0.013	0.009	1	COQ10B	c29
0.15210517146205	0.497162139887439	0.012	0.009	1	MESDC2	c29
0.0545402249664071	0.49706455433549	0.022	0.016	1	RBBP4	c29
0.0311069634766877	-0.496905465197528	0.019	0.027	1	FAM46C	c29
0.00711514787381633	-0.496629224609938	0.029	0.041	1	GLIPR1	c29
0.0225014560605045	0.49606637440252	0.025	0.018	1	RNF181	c29
0.199795087715555	0.495987648308213	0.01	0.008	1	MRPL11	c29
0.00141557766521136	-0.494904487581004	0.041	0.059	1	ITM2A	c29
0.0511453791273955	-0.494387389229217	0.018	0.025	1	IFI6	c29
0.00448644778017834	0.493981044582443	0.037	0.027	1	RPS4Y1	c29
0.00480218159637427	0.493219444630212	0.037	0.027	1	SRI	c29
0.000203279260666731	0.492135322812606	0.063	0.045	1	HLA-F	c29
0.0373793081927026	-0.491663959264143	0.021	0.029	1	LOC284454	c29
0.00535148622461759	0.491648419317978	0.04	0.029	1	H2AFV	c29
0.136250428892715	0.489828855429437	0.013	0.009	1	RALGAPA1	c29
0.0904199549341662	0.489572808744784	0.015	0.011	1	HIGD1A	c29
0.0578401297671877	-0.488124382847037	0.013	0.019	1	STAT3	c29
0.00380518495229323	-0.488104111450208	0.039	0.054	1	RPS20	c29
0.0719881433122382	-0.487651456297885	0.012	0.017	1	VDAC1	c29
0.03232480966657	0.487440851742519	0.023	0.017	1	ATM	c29
0.205023224362084	0.486376053523921	0.01	0.008	1	INPP5D	c29
0.089451657195433	0.48604898065849	0.02	0.015	1	TMX4	c29
0.0227534565160688	0.484611472430793	0.027	0.019	1	SF3B2	c29
0.00316891287704067	0.484105459554778	0.045	0.032	1	PSMB1	c29
0.156052600044038	0.483345683079475	0.012	0.009	1	PQBP1	c29
0.198395073613271	0.482094380383268	0.011	0.008	1	VPS51	c29
0.00833049201243619	0.481232044911404	0.029	0.021	1	ACP5	c29
0.00415394771964003	0.481185023252065	0.04	0.029	1	ERH	c29
0.128277345474181	-0.480449219606994	0.008	0.012	1	LY9	c29
0.0125320818687625	0.480201773805716	0.032	0.023	1	IKZF1	c29
0.00121469421536987	0.480046927542674	0.053	0.039	1	BST2	c29
0.0870869576986546	-0.479610260484193	0.011	0.016	1	ARL4A	c29
0.0020908395031176	0.479512476805521	0.046	0.033	1	WDR1	c29
0.00191632731337303	0.479437109748816	0.048	0.035	1	SCAND1	c29
0.0131143974504947	0.479252477097812	0.029	0.02	1	SPCS3	c29
0.0496886942756724	0.479058036397851	0.021	0.016	1	TBRG1	c29
0.108785774692655	-0.478172992250589	0.009	0.013	1	FAM96A	c29
0.0966002191601343	-0.477245442129002	0.01	0.015	1	PAFAH1B1	c29
0.0238482941972367	0.477047697311745	0.027	0.02	1	SF3B6	c29
0.32552264216022	0.476828070024757	0.012	0.009	1	ABCD4	c29
0.0957011460572372	-0.476262679801565	0.01	0.015	1	RAB24	c29
0.00927225666040876	-0.476039231331996	0.029	0.041	1	EIF3L	c29
0.000169009319930711	0.475383958523282	0.071	0.052	1	PARK7	c29
0.132333460261701	0.475261504248209	0.016	0.013	1	HLA-J	c29
0.146594858136594	0.474864718471064	0.015	0.012	1	FLJ10038	c29
0.0516024705980276	-0.474787279937964	0.012	0.018	1	SUPT3H	c29
0.0167166668293984	0.474533860822098	0.032	0.024	1	ECH1	c29
0.130460257016514	-0.474418194094252	0.008	0.012	1	RPAIN	c29
0.176956033460507	0.47385207644874	0.012	0.009	1	EHD1	c29
0.00897842727453209	-0.473716454775549	0.03	0.042	1	RHOG	c29
0.0332231655497057	0.473026499864901	0.024	0.018	1	C1orf86	c29
0.125176495602628	0.471129464692304	0.02	0.015	1	PPP2R1A	c29
0.0866277976045844	-0.470217390269526	0.011	0.016	1	TGOLN2	c29
0.0296302383426602	-0.469377198795663	0.02	0.029	1	MTDH	c29
0.0371734116002428	0.468905688605962	0.024	0.018	1	POLR2K	c29
0.141621672835832	-0.46887054557153	0.007	0.011	1	GRAMD1A	c29
0.0033831903897519	0.468687564140564	0.044	0.032	1	NDUFB10	c29
0.0578403433474961	0.468288580858238	0.021	0.015	1	CYTH1	c29
0.0408258212230259	0.468113400839701	0.027	0.02	1	TMEM2	c29
0.107446290460031	0.467525855468604	0.016	0.012	1	GGNBP2	c29
0.142787520322272	0.467412893401374	0.014	0.01	1	FBXO7	c29
0.153109126057042	0.466470439419258	0.013	0.01	1	PPP1R7	c29
0.000379553589203721	0.465210760911034	0.057	0.041	1	RNF213	c29
0.00010867746386432	0.463566170615834	0.074	0.054	1	MORF4L1	c29
0.0335522316807006	-0.462754336580947	0.017	0.025	1	VAMP5	c29
0.0121156478848046	0.462551056206339	0.034	0.025	1	TAP1	c29
0.000188576412926042	0.46184650626355	0.072	0.052	1	NCL	c29
0.0108775828091606	0.461737748676576	0.035	0.026	1	BSG	c29
0.000322370912327034	-0.461164411044634	0.184	0.214	1	S100A10	c29
0.0614831350770806	0.460740126537072	0.021	0.015	1	CYFIP2	c29
6.41311595700402e-05	0.459953948291929	0.077	0.056	1	PSMB8	c29
0.219872343207083	0.459530657380678	0.011	0.008	1	NARF	c29
0.167450720733631	0.45942319806508	0.013	0.01	1	DUSP23	c29
0.197788344911221	0.459286443238599	0.011	0.008	1	MRPS31	c29
0.0495251215663718	-0.458351943319365	0.017	0.024	1	SIT1	c29
0.180589065448192	0.45807615839893	0.012	0.009	1	SSBP4	c29
0.125572061044396	0.458030112245984	0.017	0.013	1	TBCC	c29
0.0301671526723082	-0.457498299361979	0.021	0.03	1	CAST	c29
0.256076011207548	0.456141063948573	0.01	0.007	1	RBM33	c29
0.244603918016197	0.456042320234022	0.01	0.008	1	MRPL4	c29
0.00871535341994602	0.455208753814248	0.038	0.028	1	REEP5	c29
0.0799962438688895	-0.454969728755269	0.013	0.018	1	TCEB1	c29
0.000203843650187058	0.454167472613586	0.067	0.049	1	BRD2	c29
0.210414962706663	0.454167472613586	0.011	0.008	1	APOL6	c29
0.020691535433093	0.453844469132802	0.03	0.022	1	MGST3	c29
0.000126468496714413	0.453677717863609	0.08	0.059	1	EIF3G	c29
0.0670081941617202	-0.453638829176668	0.015	0.022	1	DNAJB9	c29
0.0347227174946505	0.45121213861826	0.029	0.022	1	TGFB1	c29
0.129353734220217	-0.450878053898485	0.011	0.015	1	RAPGEF6	c29
0.0459630314347226	-0.450222784343286	0.016	0.023	1	PRKCQ-AS1	c29
0.0884748533611774	-0.450172733343579	0.013	0.018	1	ZBTB20	c29
0.12130904972875	0.44994288675186	0.016	0.012	1	RNF187	c29
0.146920349517911	-0.449597022008214	0.008	0.012	1	SDHAF2	c29
0.000327422243955935	-0.449406518715515	0.075	0.1	1	NR4A1	c29
0.0297047666426558	0.44897231020856	0.028	0.021	1	PSMA6	c29
0.0638147027331875	0.447491407757763	0.022	0.016	1	SNX6	c29
0.181278319048454	0.446692352051438	0.013	0.01	1	DDTL	c29
0.125276372190793	0.446071170108198	0.015	0.012	1	TLE4	c29
0.000283487066749322	0.446044168263881	0.061	0.043	1	RHOC	c29
0.0724404647480408	0.445295068609633	0.021	0.016	1	UBE2L3	c29
0.0325261501718351	0.444829608034249	0.031	0.023	1	WAS	c29
0.000114221661559314	0.444005109886632	0.082	0.061	1	UQCR10	c29
0.14168751940207	0.443867062658242	0.015	0.011	1	ETHE1	c29
0.0952634681969129	0.442969266008721	0.018	0.014	1	TRAPPC6A	c29
0.172889299752748	0.442683272343221	0.013	0.01	1	PITPNC1	c29
0.0505506427354049	-0.442372192510843	0.018	0.025	1	CHURC1	c29
0.118647500478187	0.441923876858838	0.016	0.012	1	STK10	c29
0.125211930052182	0.440023290293316	0.015	0.011	1	GLUD1	c29
0.00415118373710993	0.440004835332372	0.054	0.041	1	HNRNPF	c29
0.0754276947601774	0.439719428661467	0.021	0.016	1	IRF9	c29
0.0609075088798033	-0.439664446759976	0.013	0.019	1	SIRPG	c29
0.0202351601749456	-0.438917323469902	0.031	0.041	1	WSB1	c29
0.0286232263354439	-0.438917323469902	0.024	0.034	1	FLT3LG	c29
0.0791202838422542	0.437865660284485	0.021	0.016	1	XRCC5	c29
0.108422177870288	-0.437540924852967	0.011	0.016	1	DDX18	c29
9.61079344118816e-05	-0.437189027317252	0.121	0.152	1	BTG2	c29
0.0324780613039723	0.437093959254645	0.031	0.023	1	CNOT6L	c29
0.00129825211730477	0.436885462247144	0.058	0.043	1	TRAPPC1	c29
0.0962366392695995	-0.436813962489532	0.012	0.017	1	PPIG	c29
0.000183320788132925	-0.436212438531147	0.081	0.108	1	SLC2A3	c29
0.0193142902925203	0.436121017196132	0.034	0.025	1	ATP5F1	c29
0.0459022854212327	0.435929315066184	0.025	0.019	1	UQCRFS1	c29
0.174000511401712	0.435551794446238	0.014	0.011	1	MMADHC	c29
0.149567313339083	0.434914139169166	0.015	0.011	1	COPZ1	c29
0.180114481653032	0.43412971937704	0.013	0.01	1	RGS14	c29
0.0469402938975035	-0.432695448420996	0.02	0.028	1	DPP7	c29
0.17914142450583	-0.430968570354413	0.007	0.01	1	PDE3B	c29
0.160450676153178	-0.430696816664934	0.008	0.011	1	WDR33	c29
0.0170125516802884	0.429580141348212	0.036	0.027	1	ARHGAP9	c29
0.0109454575419984	0.42798354080993	0.041	0.031	1	SP100	c29
0.151409712305775	-0.4269990810437	0.008	0.012	1	WHSC1L1	c29
0.00271305173449828	-0.42598020158831	0.049	0.067	1	GLTSCR2	c29
0.0794752796554375	0.425661044924591	0.021	0.016	1	SS18L2	c29
0.0909840641290822	0.425626580571777	0.02	0.015	1	STAT4	c29
0.000587966424020664	0.425265155209199	0.068	0.05	1	DRAP1	c29
0.0058213916577137	0.423548237555194	0.047	0.035	1	PVRIG	c29
0.11372568318365	-0.423500300617707	0.013	0.018	1	GPR171	c29
0.164679750992325	-0.423066855958406	0.008	0.011	1	ZRANB2	c29
0.101354768187931	0.422951757666604	0.02	0.015	1	C8orf59	c29
0.236938974362096	0.421945138415332	0.012	0.009	1	NCK1	c29
0.0675624940590979	0.421237197511283	0.023	0.018	1	OSTC	c29
0.167567087446246	0.420956558490627	0.015	0.011	1	HSPA9	c29
0.267244589441563	0.420559079970765	0.013	0.011	1	EIF6	c29
0.174974128093522	-0.420401835937055	0.008	0.012	1	JARID2	c29
0.0092560860732303	0.420036411713662	0.044	0.033	1	PAIP2	c29
0.504256430254443	-0.419286104207917	0.181	0.165	1	TYROBP	c29
0.00128547296935393	0.418862334075293	0.063	0.047	1	ATPIF1	c29
0.00538024407149628	0.418269399190107	0.052	0.039	1	NDUFB8	c29
0.000433433220092108	0.417449988070928	0.07	0.051	1	RABAC1	c29
0.120295593353968	-0.417262128406487	0.012	0.016	1	RHBDD2	c29
0.0121439229570639	0.416748630826364	0.045	0.034	1	TBCA	c29
0.260172062060767	0.416343414639197	0.011	0.009	1	ZRSR2	c29
0.279698491486017	0.416303909852959	0.011	0.008	1	UQCRC2	c29
0.172658802732939	0.415914368855265	0.015	0.011	1	MDH1	c29
0.00132696518390245	0.415689316182518	0.065	0.049	1	ARF1	c29
0.0575554462234381	0.4149834923241	0.026	0.02	1	SEP15	c29
0.315098196127263	0.4149834923241	0.012	0.01	1	CARD8	c29
0.0363918011160062	0.41409003323825	0.036	0.028	1	TOMM5	c29
0.105462553533128	-0.414042654830874	0.014	0.019	1	ATP1A1	c29
0.00823925767896657	-0.413774283897506	0.044	0.058	1	EZR	c29
7.93904282635572e-05	-0.412307391232192	0.102	0.132	1	ALDOA	c29
0.01079775075292	-0.411882290598594	0.044	0.058	1	ENO1	c29
0.00629073002053229	0.411765030251802	0.048	0.036	1	LBH	c29
0.115227141465948	-0.411637517092596	0.014	0.019	1	BCAS2	c29
0.237400519022551	0.411098750721699	0.012	0.01	1	ILK	c29
0.193076307429488	-0.410902947300306	0.008	0.011	1	MXD1	c29
0.0293579286277884	-0.41049684031919	0.03	0.04	1	SDCBP	c29
0.00493286185441814	0.409553215638391	0.051	0.039	1	EIF5A	c29
0.132921706583385	-0.409265514569001	0.011	0.015	1	R3HDM4	c29
0.029847619473205	0.409079583085047	0.033	0.025	1	TERF2IP	c29
0.189474725712567	-0.409015837756041	0.007	0.011	1	MBOAT7	c29
0.0693520033542868	-0.408821867630645	0.169	0.15	1	MT2A	c29
0.0838673882031818	-0.40832900363648	0.016	0.022	1	NME3	c29
0.201918637190218	-0.40832900363648	0.007	0.01	1	CBWD5	c29
0.307444298343701	0.408071058024132	0.01	0.008	1	METTL23	c29
0.101182086991259	0.407373261134643	0.02	0.015	1	DPM3	c29
0.141120091460081	-0.406535721813428	0.012	0.016	1	ATOX1	c29
0.0147252367254405	0.406349259226984	0.041	0.032	1	BUB3	c29
0.311363218474615	0.4062574876522	0.01	0.008	1	NUTM2B-AS1	c29
0.096165529152963	-0.406195365030841	0.015	0.02	1	SNRNP70	c29
0.262850478586109	0.405882550661944	0.014	0.012	1	MTFP1	c29
0.177486081819224	0.405653470460673	0.015	0.012	1	ORMDL1	c29
0.166457145951382	-0.404889919669709	0.009	0.013	1	CNIH1	c29
0.0444631997123048	-0.403511987338704	0.023	0.031	1	ARHGAP15	c29
0.0650124434568911	0.40344910545531	0.025	0.02	1	LMAN2	c29
0.166478678541771	-0.402592634087336	0.009	0.013	1	RBMS1	c29
0.0885158172756636	0.402384930511039	0.022	0.017	1	GPI	c29
0.00530314791893254	-0.401689127242935	0.051	0.068	1	SLC25A5	c29
0.213330299073887	-0.400291684571061	0.023	0.027	1	ZFAND2A	c29
0.0360530990678162	0.399572497340672	0.034	0.026	1	ITGAE	c29
0.256950318816756	0.399025918421124	0.012	0.01	1	PRDX3	c29
0.0329251070516064	0.397595382814684	0.033	0.025	1	SPSB3	c29
0.0249220021072831	0.397458623274164	0.036	0.028	1	NAA38	c29
0.170134274916794	-0.396833364798651	0.009	0.013	1	MPC2	c29
0.174333108885179	-0.396833364798651	0.009	0.013	1	CYLD	c29
0.106484383091439	0.396828362716878	0.021	0.016	1	AP2M1	c29
0.084166601525547	0.396675613734787	0.024	0.018	1	HMGN4	c29
0.210768558034734	-0.39650356823969	0.007	0.01	1	NCOA4	c29
0.0389201776365517	-0.396325446745435	0.026	0.035	1	MINOS1	c29
0.272502991164433	-0.396256171335905	0.008	0.011	1	GADD45G	c29
0.000242584298615499	0.395000479907185	0.09	0.068	1	SSR2	c29
6.23352168342328e-05	0.39485636399646	0.134	0.106	1	NR4A2	c29
0.142877237817721	-0.394824739286732	0.012	0.016	1	NKTR	c29
0.0465705029458468	0.394287999414461	0.03	0.023	1	DCXR	c29
0.348018966309908	0.394287999414461	0.01	0.008	1	MTERF4	c29
0.0160413191899618	0.393757397504944	0.039	0.03	1	BRE-AS1	c29
0.0210675337533654	-0.393467334412353	0.036	0.047	1	RPSAP58	c29
0.000435408083940225	0.393174088015015	0.085	0.065	1	H3F3AP4	c29
0.23181442454493	0.392796954382471	0.013	0.01	1	MRPL55	c29
0.251506920361044	0.392548354349919	0.013	0.01	1	PSMA3	c29
0.34804343287777	0.39239717995522	0.01	0.008	1	ATF6B	c29
0.236513963358352	0.392106504481333	0.013	0.01	1	HNRNPL	c29
0.000736657886062852	0.391975915987433	0.078	0.059	1	PRR13	c29
0.108442073185131	-0.391746119440875	0.015	0.021	1	RPL13AP5	c29
0.267621702024576	0.390784065078993	0.012	0.01	1	SDHD	c29
0.216369264111561	-0.390554301908504	0.007	0.01	1	SETX	c29
0.317050640681214	0.390463904917699	0.011	0.008	1	COMT	c29
0.00197842614383141	-0.389157566887053	0.078	0.099	1	DNAJA1	c29
0.155649391989079	0.388508046507125	0.021	0.017	1	LSM2	c29
0.202036690474793	-0.38806818197415	0.011	0.014	1	MARCKSL1	c29
0.00521645171705813	0.387094109865473	0.074	0.059	1	RBM39	c29
0.188180752559645	-0.386339999863422	0.008	0.012	1	LOC100131564	c29
0.228644460783196	-0.386076196789352	0.007	0.01	1	DNAJC19	c29
0.206130326915512	-0.385478064508442	0.007	0.01	1	AP3S1	c29
0.15000328139467	-0.385192504838545	0.011	0.015	1	WASF2	c29
0.0473968685679129	-0.385087624101837	0.031	0.04	1	FAIM3	c29
0.15160486843451	0.385067460831205	0.019	0.015	1	DNAJC8	c29
0.339611388916892	0.384670625444055	0.01	0.008	1	ELOVL1	c29
0.0561606780462864	0.384545331680382	0.03	0.023	1	GLIPR2	c29
0.0106691972953102	0.384111416303324	0.044	0.033	1	SPCS2	c29
0.00563041066921146	0.383172847084334	0.058	0.045	1	CELF2	c29
0.31087107580946	0.382724106092024	0.011	0.009	1	PCMT1	c29
0.0577987731765726	0.382564671721955	0.031	0.025	1	SCML4	c29
0.253027085293587	0.382474742157276	0.013	0.011	1	LRPAP1	c29
0.0789209418334709	-0.382333795103536	0.02	0.026	1	FAM65B	c29
0.0018804837044143	0.379841368087981	0.074	0.057	1	NDUFA1	c29
0.317077341450122	0.378677273029322	0.011	0.009	1	RAB8A	c29
0.350659750791627	0.378434823647878	0.01	0.008	1	PJA2	c29
0.0994347574170045	-0.377980412039982	0.018	0.024	1	FGR	c29
0.149682349616368	0.376891759136948	0.02	0.016	1	SSR1	c29
0.000607270844200909	0.376763801208746	0.088	0.068	1	POLR2L	c29
0.164771070745504	-0.37616207276991	0.012	0.016	1	TMC8	c29
0.0984343443105947	0.375737084761303	0.027	0.022	1	MRPS6	c29
0.22792252977414	-0.375102225872459	0.008	0.011	1	ALG13	c29
0.191689702747056	-0.374736031733659	0.009	0.012	1	GRK6	c29
0.313444845974887	0.374641759794166	0.011	0.009	1	IFI35	c29
0.0146355477716305	0.373852449336532	0.051	0.04	1	WIPF1	c29
0.106252934755478	0.373209626616987	0.023	0.018	1	IKZF3	c29
0.359065502769814	0.373111219670331	0.01	0.008	1	SMEK2	c29
0.167680417837169	-0.372243443513117	0.012	0.016	1	GCHFR	c29
0.245742961625031	-0.372020286495029	0.036	0.041	1	TUBB	c29
0.21416820455403	0.371940374750586	0.016	0.013	1	ADRM1	c29
0.120280675975796	-0.371450778106405	0.015	0.02	1	KTN1	c29
0.299860627564059	0.370751464425948	0.012	0.01	1	FIBP	c29
0.199348226149593	-0.370628294451256	0.009	0.012	1	DYNC1H1	c29
0.0200682623795106	0.368730906788214	0.045	0.035	1	GTF3A	c29
0.235902739336354	0.368263664650438	0.015	0.012	1	TAP2	c29
0.246099361155276	-0.36818281193267	0.01	0.013	1	HIST1H1C	c29
0.38775880640596	0.368039412364771	0.01	0.008	1	LOC102288414	c29
0.0695887608835211	-0.367794079733661	0.014	0.02	1	TMEM107	c29
0.073145935175215	0.366862087848083	0.029	0.023	1	RBM25	c29
0.23158868555007	0.365830788794152	0.015	0.012	1	JMJD6	c29
0.303361191516882	0.365602916883674	0.012	0.01	1	MRPL34	c29
0.239329341078659	-0.36347476785222	0.007	0.01	1	SPTAN1	c29
0.16912976570547	-0.36327667255371	0.012	0.016	1	SVIP	c29
0.283787371034837	0.362049270625153	0.013	0.011	1	LRP10	c29
0.237561070061675	0.360472677651731	0.018	0.015	1	BIRC2	c29
0.0333148416562433	0.358589812631354	0.038	0.03	1	SLA	c29
0.0670158577331129	-0.358325623693826	0.02	0.026	1	UBE2B	c29
0.0143708244702498	0.357303372009992	0.049	0.038	1	DDIT3	c29
0.129158753867221	0.356770709819006	0.023	0.019	1	DDOST	c29
0.162620237254528	0.356650966699323	0.02	0.016	1	GPS2	c29
0.387733022183877	0.356381581012631	0.01	0.008	1	SF3B4	c29
0.240796193414512	-0.355148965777305	0.007	0.01	1	BPTF	c29
0.00147496800939953	-0.354506304130334	0.071	0.093	1	SNHG8	c29
0.412180858962687	0.354171682636863	0.01	0.008	1	GLG1	c29
0.148447053327801	0.353799314884413	0.022	0.017	1	ANP32A	c29
0.156463884467314	0.353139760030929	0.021	0.017	1	HNRNPUL1	c29
0.000102215540034766	0.353004006747881	0.106	0.081	1	ISG20	c29
0.170066250039432	-0.352910531747614	0.015	0.019	1	CXCR6	c29
0.128554039360898	-0.352294968722152	0.017	0.022	1	LOC642441	c29
0.134687926233405	0.352108077026174	0.023	0.019	1	ARID4B	c29
0.343989670295194	0.351973152716948	0.012	0.01	1	CCSER2	c29
0.179699034550953	0.350750976168699	0.019	0.015	1	PRNP	c29
0.00148461213161915	0.350329775931884	0.072	0.055	1	SERTAD1	c29
0.000285616862561155	-0.349229748783201	0.201	0.234	1	HSP90AA1	c29
0.378915056778469	0.348399845351156	0.011	0.009	1	MRPS18C	c29
0.0231792780066624	-0.347568376942859	0.044	0.056	1	CNN2	c29
0.00167393662980137	-0.34737209043808	0.264	0.294	1	HSPA1A	c29
0.216576541806521	-0.346268035504228	0.01	0.013	1	EIF4EBP2	c29
0.0571360888510738	0.345914581961562	0.037	0.03	1	SYNE2	c29
0.351636955630058	0.345914581961562	0.012	0.01	1	CNOT2	c29
0.182823021368558	0.345914581961561	0.02	0.016	1	SUMO3	c29
0.388070217954352	0.345914581961561	0.01	0.008	1	MIF-AS1	c29
0.106034741289367	0.345258811477139	0.028	0.022	1	NDUFS6	c29
0.427770405033972	0.345000036738614	0.01	0.008	1	LYPLA1	c29
0.0588697370191498	0.344618010434651	0.035	0.028	1	ANAPC11	c29
0.21240013164596	0.342442390054757	0.018	0.015	1	ZNF428	c29
9.30388406443292e-05	-0.342385274634058	0.14	0.174	1	HSP90AB1	c29
0.136052349882738	0.341852210033891	0.024	0.02	1	RSRC2	c29
0.136194290171748	-0.340079588372625	0.016	0.021	1	VCP	c29
0.194457674895555	-0.339976827610375	0.012	0.015	1	TRA2A	c29
0.0562635283653879	-0.339656148334103	0.033	0.042	1	PPP1R2	c29
0.0655315907150113	-0.339541780341584	0.028	0.036	1	IQGAP1	c29
0.329302009760217	0.338978534751185	0.013	0.01	1	MIER1	c29
0.00804038571533228	-0.338827215016931	0.066	0.083	1	SOD1	c29
0.33513975381674	0.338286760563445	0.013	0.01	1	PSMD13	c29
0.0305388656527063	0.337848580230837	0.052	0.042	1	MRPS21	c29
0.158301923682603	0.337642451214126	0.023	0.018	1	RBL2	c29
0.294918640939464	0.336632789013663	0.014	0.012	1	TAOK3	c29
0.25694581073188	-0.336360864474217	0.008	0.011	1	MMP24-AS1	c29
0.00410211955527462	0.335926118397345	0.071	0.055	1	LINC00152	c29
0.0119140308207488	0.335145979107252	0.062	0.049	1	ETS1	c29
0.304199729440796	0.334783574864876	0.014	0.012	1	ILF2	c29
0.125483375555606	0.334111720595877	0.033	0.028	1	TBCB	c29
0.0171746525687523	0.334002182631214	0.049	0.038	1	BAX	c29
0.185135879605792	-0.333894463687133	0.013	0.017	1	ACAP2	c29
0.00145305432084448	0.333158224801378	0.092	0.073	1	COX6C	c29
0.0446287983780039	0.332936727963352	0.042	0.034	1	TMEM50A	c29
0.355762160562961	0.332936727963352	0.016	0.013	1	C1orf43	c29
0.139308797954588	0.332497350758528	0.025	0.021	1	PSMA1	c29
0.172256542403966	0.332321637337582	0.022	0.018	1	IDH2	c29
0.265830669447327	0.33196460824748	0.016	0.013	1	TMUB1	c29
0.019190181596684	-0.331749878090926	0.041	0.053	1	SF1	c29
0.248329385772134	0.331241204056986	0.017	0.014	1	TSPAN14	c29
0.0790425231346697	0.330608832861331	0.032	0.025	1	MZT2B	c29
0.190569806142352	-0.330568682011275	0.013	0.017	1	LINC00116	c29
0.413152965262935	0.330273227166833	0.011	0.009	1	ANKRD11	c29
0.256757177232258	0.33019879430001	0.017	0.014	1	POLR3GL	c29
0.236855184495311	0.330109479928602	0.018	0.015	1	HNRNPR	c29
0.136288869271555	0.330039308229817	0.025	0.021	1	AURKAIP1	c29
0.00143215296961847	-0.329929551894862	0.083	0.106	1	CALM2	c29
0.000814369484681771	-0.329823722840821	0.123	0.15	1	TAGLN2	c29
0.109756249780459	-0.329574892222069	0.016	0.021	1	EIF1AX	c29
0.372434661838613	0.32938352041485	0.012	0.01	1	KIF2A	c29
0.368891575106023	0.327921145416681	0.012	0.01	1	PTRHD1	c29
0.191228480797255	-0.327805298611369	0.013	0.017	1	RTN4	c29
0.00676917253942516	0.325160890673558	0.08	0.064	1	USMG5	c29
0.423388277318773	0.324553103396788	0.011	0.009	1	DR1	c29
0.231464186020214	0.324349232126628	0.019	0.015	1	IMP3	c29
0.409641391948982	0.323906438617329	0.014	0.012	1	CLTB	c29
0.231489950147527	0.323873644503766	0.019	0.015	1	DCTN3	c29
0.257988549583313	-0.323440106049967	0.008	0.011	1	OGT	c29
0.0457136247877491	-0.322767364120831	0.033	0.042	1	CARD16	c29
0.464524799491838	0.322322816597524	0.01	0.008	1	ARFRP1	c29
0.0969006144678386	0.321722943391006	0.03	0.024	1	PDIA6	c29
0.129171612541764	-0.320835492522708	0.022	0.027	1	C4orf48	c29
0.427821295471747	0.320481141786183	0.011	0.009	1	MRPS36	c29
0.464538995724572	0.319625349234758	0.01	0.008	1	DHX36	c29
0.00197246647493148	0.319471101246717	0.103	0.083	1	COX6A1	c29
0.173133553683872	0.318961529491945	0.024	0.02	1	CBX3	c29
0.123427936866022	0.318678345359928	0.029	0.023	1	MEAF6	c29
0.411714570122822	0.31774827438699	0.011	0.009	1	ZFAND2B	c29
0.00216643119880446	-0.316782525980256	0.093	0.116	1	ZFAS1	c29
0.329749379925902	0.316600865060282	0.014	0.011	1	INO80E	c29
0.240744776158462	-0.316318376937782	0.01	0.013	1	BTF3L4	c29
0.479178185725599	0.316036553750092	0.01	0.008	1	MAPRE1	c29
0.311285339553785	0.315665808063397	0.015	0.012	1	HSD17B11	c29
0.288344795895244	0.315400763373032	0.016	0.013	1	TMEM160	c29
0.277115228588091	0.315167885502187	0.017	0.014	1	ABHD14B	c29
0.393422579269866	0.315103434876034	0.012	0.01	1	CCT7	c29
0.455750696854531	0.31496165363265	0.01	0.008	1	ATP2A3	c29
0.00367417540696221	-0.314826975745259	0.081	0.101	1	CCNI	c29
0.0363314880806493	-0.314598951766771	0.049	0.06	1	CCNL1	c29
0.377829772656077	0.314281297552656	0.013	0.011	1	GOLPH3	c29
0.172579921422606	0.314093170587928	0.024	0.02	1	STOM	c29
0.124302652520269	0.313686249063754	0.029	0.024	1	TRABD	c29
0.274654517829097	-0.313157132788106	0.008	0.011	1	CAMLG	c29
0.0091281150965531	0.313155163086512	0.083	0.068	1	LCK	c29
0.118956218271262	-0.31271926059335	0.023	0.029	1	RNF149	c29
0.0923359304014193	-0.312638408115353	0.034	0.042	1	TNFRSF1B	c29
0.0137836863017397	0.31191672223712	0.074	0.061	1	NDUFA3	c29
0.277950501039455	-0.311780515278227	0.008	0.011	1	TTC3	c29
0.000450661371917774	0.311418017089129	0.122	0.097	1	SUB1	c29
0.0103619300211493	-0.310875041342171	0.083	0.101	1	ATP6V0C	c29
0.121531692456636	-0.310264717302234	0.026	0.032	1	ITK	c29
0.139899552934768	-0.309713122938454	0.021	0.026	1	PRDX2	c29
0.162105242754938	0.309235344664837	0.027	0.022	1	ATP5C1	c29
8.41782863631187e-05	-0.309157550284903	0.152	0.187	1	TOMM7	c29
0.00021008449441253	0.309147176454029	0.146	0.119	1	GADD45B	c29
0.454444222125353	0.309140414903929	0.014	0.012	1	RNASEH2C	c29
0.226610727847135	-0.309113324550864	0.012	0.015	1	FNBP4	c29
0.260365280340707	-0.307824493140359	0.01	0.012	1	VOPP1	c29
0.250911668049861	-0.307215176738529	0.011	0.014	1	PARVG	c29
0.26849981093548	-0.306951983261398	0.009	0.012	1	PTPN2	c29
0.401412967300845	0.306621127006232	0.012	0.01	1	SYNRG	c29
0.148477072539292	0.306229632867744	0.028	0.023	1	UBXN4	c29
0.391008574154421	0.305916514029643	0.012	0.01	1	SMS	c29
0.20291088177473	0.305810187240274	0.027	0.023	1	BCAP31	c29
0.337719701941842	0.305722198581725	0.015	0.012	1	FDFT1	c29
0.252744797111824	-0.305635295170653	0.01	0.013	1	ATP1B3	c29
0.264038716097673	-0.305583124361344	0.047	0.053	1	HIST1H4C	c29
0.256573925592708	-0.305443676756121	0.011	0.014	1	MTHFD2	c29
0.117992915275343	0.305353071319537	0.031	0.026	1	P4HB	c29
0.468340918133755	0.304789848575359	0.01	0.009	1	CYTH4	c29
0.051747999021026	-0.304557468121016	0.035	0.044	1	EIF4G2	c29
0.52175739077287	0.304114271395657	0.012	0.011	1	SRA1	c29
0.466823851854752	0.30394542651971	0.01	0.009	1	B4GALT1	c29
0.111284561688203	0.303223776258055	0.036	0.029	1	BLOC1S1	c29
5.17069075095781e-05	0.302920072989643	0.189	0.155	1	CLIC1	c29
0.391537791780281	0.302845860069676	0.016	0.014	1	ARHGAP30	c29
0.297092609293423	-0.302153453692021	0.007	0.01	1	UBE2A	c29
0.463837544199094	0.301896742577305	0.011	0.009	1	CYC1	c29
0.216955426160708	-0.301810090078424	0.014	0.018	1	TPR	c29
0.15796986854341	-0.301215613712253	0.029	0.035	1	CD55	c29
0.160500454277439	-0.301121726626373	0.02	0.025	1	CHD2	c29
0.00056260806077885	-0.300951323344509	0.138	0.167	1	RPL27A	c29
0.391885589823298	0.300741122697701	0.013	0.011	1	CDC25B	c29
0.0619301834244254	0.30056252511428	0.044	0.036	1	PARP8	c29
0.143152622651812	0.300291964835765	0.03	0.024	1	RNPS1	c29
0.140740854766995	-0.300092045123723	0.022	0.027	1	PGLS	c29
0.137132094270516	-0.299510089251229	0.018	0.023	1	RPS10	c29
0.0927788447110628	-0.299465527930447	0.03	0.037	1	NSA2	c29
0.273349159594643	0.299230323233457	0.019	0.016	1	NAPA	c29
0.370544350401266	0.298889247135675	0.018	0.015	1	PNRC2	c29
0.006235579533611	0.298573823520187	0.084	0.068	1	SRSF3	c29
0.138120525437429	-0.298269530315062	0.028	0.034	1	REL	c29
0.289234143518842	-0.298146085886057	0.008	0.011	1	PTPN1	c29
0.289242172847902	-0.297491654012332	0.008	0.011	1	PIAS1	c29
0.404669078716866	0.297375842326689	0.013	0.011	1	PUF60	c29
0.248641593518889	-0.297372634498104	0.011	0.014	1	LSM5	c29
0.29761722785214	-0.297246165504739	0.008	0.01	1	NDUFB5	c29
0.00102779772403246	0.296832405879766	0.098	0.077	1	UCP2	c29
0.110068507470043	0.296456184780577	0.039	0.033	1	KMT2E	c29
0.322577903339523	0.295738110009102	0.016	0.014	1	MLF2	c29
0.122238517918838	-0.295631447125962	0.026	0.032	1	OXNAD1	c29
0.507439987463876	0.295572451190377	0.01	0.008	1	BRWD1	c29
0.1087274823642	0.295451983996022	0.035	0.028	1	NDUFA6	c29
0.500819322561142	0.294689258606389	0.01	0.008	1	ASXL1	c29
0.00309269462885233	0.294451888648211	0.104	0.085	1	TAGAP	c29
0.342940295637655	0.293571323609815	0.015	0.013	1	ACADVL	c29
0.0853681673929293	-0.293366942458722	0.034	0.042	1	PDCD4	c29
0.428241044131065	0.293291975164583	0.012	0.01	1	CHCHD7	c29
0.46669653697901	0.293165016477399	0.011	0.01	1	CNOT7	c29
0.347206717777715	0.293012680799005	0.015	0.013	1	FAM195B	c29
0.174056702664808	0.292791391583004	0.028	0.023	1	SELT	c29
0.277023491039821	-0.292625782449983	0.01	0.012	1	NRBP1	c29
0.212564887293713	-0.292368660116961	0.016	0.021	1	SNHG7	c29
0.0928517218459546	-0.291692693751487	0.033	0.041	1	LCP2	c29
0.147764666059145	-0.290527394329093	0.023	0.028	1	CD6	c29
0.24507953708577	0.289904196041012	0.022	0.018	1	FMNL1	c29
0.352631025363247	0.289665359016894	0.015	0.013	1	SSNA1	c29
0.131526060817559	-0.289602065065729	0.048	0.056	1	PHLDA1	c29
0.282978700476554	0.288502891277401	0.023	0.02	1	PSMB8-AS1	c29
0.0501511777690634	0.288251519048977	0.054	0.045	1	NME2	c29
0.415107621308584	0.288251519048977	0.013	0.011	1	CCT8	c29
0.0234998617594005	0.287589866223052	0.069	0.057	1	GYPC	c29
0.483891410616212	0.287517603204133	0.011	0.009	1	MIB2	c29
0.49467029942643	0.287517603204133	0.011	0.009	1	DERL1	c29
0.424303162715057	0.287326846223704	0.013	0.011	1	PSMD7	c29
0.000466299586025477	-0.287312983386244	0.253	0.286	1	KLF6	c29
0.248057231518666	0.28592873185313	0.022	0.018	1	DDX39A	c29
0.0777838487585636	0.285421809914264	0.044	0.036	1	COPE	c29
0.000285266988721897	-0.285421455835417	0.147	0.179	1	COX7C	c29
0.194082935156465	-0.28512562080822	0.019	0.024	1	RNF19A	c29
0.102041343391023	-0.285102286611609	0.025	0.032	1	GeneID:102723863	c29
0.07156541565464	0.284968867159072	0.045	0.037	1	NEDD8	c29
0.156238179195916	-0.284925676931398	0.023	0.028	1	EML4	c29
0.121721911612167	0.284918542226358	0.04	0.033	1	SHFM1	c29
0.471284115683712	0.2848103495651	0.011	0.01	1	OFD1	c29
0.126660089450192	-0.284747432457693	0.038	0.045	1	CHMP1B	c29
0.110253717419115	-0.283586802748093	0.03	0.037	1	SRRM1	c29
0.0191428524518191	0.283350542214957	0.059	0.047	1	PRDM1	c29
0.0914805358695625	-0.281369887266057	0.032	0.04	1	DDX3X	c29
0.23719320978742	0.281258612732452	0.024	0.02	1	SCAF11	c29
0.383664638654059	0.280974757337361	0.014	0.012	1	POLR2I	c29
0.241360266455572	-0.280655239553171	0.01	0.013	1	ARRDC3	c29
0.492207843910546	0.280273568968328	0.011	0.01	1	ITGB1BP1	c29
0.389554605655208	0.279788330427661	0.014	0.012	1	IVNS1ABP	c29
0.271077030622603	0.279195482652362	0.022	0.018	1	GHITM	c29
0.210304642424881	-0.279045986691513	0.011	0.014	1	YWHAH	c29
0.0315633674359873	0.278954557249108	0.065	0.054	1	ACTR3	c29
0.549737811058991	0.278883555332627	0.01	0.008	1	ARL5A	c29
0.205480018964426	-0.278482323843597	0.021	0.025	1	CXCR3	c29
0.127313424674148	-0.278395586932558	0.027	0.033	1	CSDE1	c29
0.114634369997815	-0.278056958723192	0.03	0.037	1	SH3BGRL	c29
0.275903986321871	-0.278020981290749	0.011	0.014	1	C6orf62	c29
0.329663202838014	0.277536803766161	0.018	0.015	1	NONO	c29
0.0311248085900399	0.276629287061397	0.063	0.052	1	GIMAP4	c29
0.553189001554435	0.276266025057492	0.01	0.008	1	CWC15	c29
0.793871409250958	-0.276156605547506	0.084	0.085	1	CTSD	c29
0.413449764708074	0.275643502915842	0.014	0.012	1	TMEM167A	c29
0.0532718340173432	0.275461585629063	0.055	0.045	1	MSN	c29
0.148998024871647	0.27438760424242	0.033	0.028	1	TMED2	c29
0.000742164551616976	0.27415481635454	0.129	0.105	1	CD8B	c29
0.0794869355649201	0.273530396943179	0.044	0.036	1	PTGER4	c29
0.244059109136513	-0.273399423550371	0.014	0.018	1	VASP	c29
0.515174331592786	0.273280365547361	0.011	0.009	1	YDJC	c29
0.551546717393453	0.272783355796209	0.01	0.008	1	U2AF1L4	c29
0.377938081669148	0.272671151480398	0.016	0.014	1	LAMTOR2	c29
0.513638509366461	0.272493512492192	0.011	0.009	1	CCS	c29
0.242909437080014	-0.272186565100721	0.014	0.018	1	EIF3M	c29
0.000662508385154181	0.272049931481199	0.086	0.066	1	TNF	c29
0.237243816666774	0.27180536793305	0.025	0.021	1	TUFM	c29
0.296621858051226	-0.271512314006106	0.011	0.013	1	APH1A	c29
0.277833605629708	-0.271040150676449	0.012	0.015	1	CCDC167	c29
0.404160716677163	0.269742901476158	0.015	0.013	1	RASA2	c29
0.481167966007617	0.269742901476158	0.012	0.011	1	DIAPH1	c29
0.353240616996128	0.269258043450795	0.018	0.015	1	CHIC2	c29
0.341970559462754	-0.269244519395751	0.007	0.01	1	CYB5R3	c29
0.388557693205163	0.268890328788553	0.015	0.013	1	PELO	c29
0.41067276597114	0.26832222677653	0.015	0.013	1	STRA13	c29
0.12180227224109	0.267496295715822	0.04	0.034	1	ANXA6	c29
0.339235338264214	0.267454724880888	0.019	0.016	1	SNRPD1	c29
0.518224793530606	0.266748203896681	0.011	0.01	1	VTI1B	c29
0.507355979603589	0.266520600752538	0.012	0.01	1	PSMG2	c29
0.308360968422876	-0.265456921943558	0.01	0.013	1	NOP58	c29
0.408880373065054	0.265352802870942	0.015	0.013	1	KIF5B	c29
0.423785665168835	0.2649183045347	0.015	0.013	1	KPNB1	c29
0.349232846305371	-0.264887923694854	0.008	0.01	1	AFF4	c29
0.320604000119864	-0.26473815000763	0.01	0.012	1	PPM1G	c29
0.0302915054149757	0.264418404424284	0.072	0.06	1	ARL6IP5	c29
0.2388579051547	0.263915207750509	0.025	0.021	1	RORA	c29
0.0103915359757616	0.263739538247081	0.097	0.081	1	GPSM3	c29
0.563672699454844	0.263249139390657	0.01	0.008	1	LAGE3	c29
0.195399560961362	0.263219350413856	0.03	0.026	1	PRDX6	c29
0.125682551026222	0.263127073248294	0.047	0.04	1	C19orf60	c29
0.362751660737666	0.262666634023351	0.022	0.019	1	NT5C	c29
0.294667773804009	-0.262557863902944	0.011	0.014	1	EPS15	c29
0.31426535403672	0.262178314228243	0.025	0.022	1	SBDS	c29
0.300038625221597	-0.262039561385824	0.011	0.014	1	LSM14A	c29
0.351172017090014	-0.26165935449447	0.007	0.01	1	TIMM8B	c29
0.0557439604227582	0.261522394671189	0.054	0.045	1	ARF6	c29
0.397306671588781	0.261522394671189	0.016	0.014	1	WTAP	c29
0.977152491081542	-0.261405827555783	0.019	0.018	1	SEC11C	c29
0.0609984439614031	-0.260898639981254	0.047	0.057	1	NDUFA11	c29
0.419205771295696	0.260261848465272	0.02	0.017	1	C7orf50	c29
0.610445098266102	0.259631988144903	0.013	0.011	1	LMBRD1	c29
0.502776678508533	0.258110960022053	0.012	0.011	1	ARL6IP6	c29
0.391183044001086	0.258049008544174	0.017	0.015	1	RAB2A	c29
0.353246517530258	0.257982036965941	0.019	0.016	1	EIF3A	c29
0.513466329967787	0.25796281960884	0.012	0.01	1	OBFC1	c29
0.536852673202232	0.25780122923212	0.011	0.01	1	SDHC	c29
0.349321804394945	-0.25775644579787	0.008	0.01	1	CENPC	c29
0.418361656574314	0.257702129421607	0.015	0.013	1	U2SURP	c29
0.281145498477091	-0.256766226093181	0.013	0.016	1	MAX	c29
0.357351392033925	-0.25632591019143	0.008	0.01	1	TBCD	c29
0.304611809991942	-0.256325910191429	0.012	0.015	1	CGGBP1	c29
0.248426410838694	-0.255689660989987	0.008	0.011	1	C19orf24	c29
0.145773771331718	0.254979548804418	0.037	0.031	1	PRDX5	c29
0.162720264812857	-0.252265005830385	0.024	0.03	1	TPM4	c29
0.023611770943605	-0.251795362669517	0.085	0.101	1	YBX1	c29
0.359911446781161	-0.251603499949027	0.008	0.011	1	CAPNS1	c29
0.267037469431755	-0.251366059871372	0.019	0.023	1	H2AFX	c29
0.564621511430812	0.250905287297161	0.01	0.009	1	NENF	c29
0.282720931678191	-0.25078772665	0.015	0.018	1	FAM107B	c29
0.0974754290489338	-0.250508583596115	0.037	0.045	1	ABRACL	c29
0.0611040023026054	0.250444452334927	0.074	0.063	1	C19orf43	c29
0.484011813837699	0.250216933797806	0.013	0.012	1	KDELR2	c29
0.172635679872392	-0.249950756022202	0.028	0.034	1	ISCU	c29
0.223484478429035	0.249943958907119	0.028	0.024	1	SPNS1	c29
0.280807484080793	-0.249598202019558	0.015	0.018	1	RAD21	c29
0.326551923986461	-0.249544109407489	0.011	0.014	1	PNPLA2	c29
0.190887643687236	-0.248588923173634	0.024	0.029	1	GDI2	c29
0.0256203178175483	-0.24844988833125	0.102	0.118	1	ZFP36L1	c29
0.000284564653812189	-0.248028153057092	0.297	0.331	1	BTG1	c29
0.0109239141636477	-0.247849898647542	0.14	0.161	1	PPP1R15A	c29
0.424343652897887	0.24775562963096	0.016	0.014	1	SURF4	c29
0.161944420048368	-0.247550993803221	0.047	0.054	1	SEC61B	c29
0.515141046238899	0.246517970056221	0.013	0.011	1	COX20	c29
0.0829120632484636	-0.245862567868175	0.094	0.083	1	SSR4	c29
0.404437091032042	0.245220582342089	0.018	0.015	1	H3F3A	c29
0.139757193199099	-0.244999990198675	0.036	0.042	1	SMDT1	c29
0.598254137436282	0.24441030709423	0.01	0.009	1	RTFDC1	c29
0.340233384143583	-0.244253077890854	0.01	0.013	1	PHIP	c29
0.295230392466032	-0.244085462332985	0.016	0.019	1	PRMT9	c29
0.51002544338996	0.243974193460342	0.013	0.012	1	ZBTB38	c29
0.157632402942713	0.243174447914404	0.049	0.042	1	VPS28	c29
0.606741219848465	0.242791120570854	0.01	0.009	1	ZFAND6	c29
0.456759353351757	0.242521432741134	0.015	0.013	1	SLC44A2	c29
0.00196423674162953	-0.242468154421111	0.203	0.232	1	CXCR4	c29
0.106403213740302	0.242228350964425	0.048	0.041	1	ARHGEF1	c29
0.481043511602078	0.242221838712253	0.014	0.012	1	SRRT	c29
0.0605222226751347	0.240394086510171	0.06	0.05	1	C9orf16	c29
0.163426738626368	-0.240070019433511	0.036	0.042	1	TRA2B	c29
0.292144080521115	0.240042667260737	0.026	0.022	1	ARPC4	c29
0.150004959889719	0.24001296277188	0.045	0.039	1	TSTD1	c29
0.577901866891353	0.239338025605203	0.011	0.01	1	CHMP5	c29
0.165675238790974	0.239260783199033	0.04	0.034	1	POMP	c29
0.379301303288103	-0.239047918759594	0.008	0.01	1	ACAA1	c29
0.541037671713086	0.23781003817087	0.012	0.011	1	TOPORS-AS1	c29
0.289553526129657	-0.2377390125346	0.016	0.019	1	ARHGAP4	c29
0.0583899077511161	0.237683735698581	0.07	0.059	1	FUS	c29
0.389285011503103	0.237309730254345	0.024	0.021	1	CMPK1	c29
0.114158725014494	0.237055148242733	0.05	0.043	1	CSRNP1	c29
0.256973933436382	-0.237018607606912	0.021	0.025	1	AMICA1	c29
0.0146093627320977	-0.236835002538827	0.108	0.126	1	ARPC1B	c29
0.261955707900556	-0.236697103442498	0.019	0.023	1	AIP	c29
0.367985425087662	-0.23647052630832	0.009	0.011	1	ILF3	c29
0.275899175006145	0.23620856462925	0.027	0.023	1	C19orf70	c29
0.30234499788553	-0.236009792730205	0.01	0.012	1	RN7SL1	c29
0.0907240781754401	0.236007486468649	0.059	0.05	1	EPC1	c29
0.0489871261766933	0.235639526608437	0.089	0.077	1	RBM3	c29
0.478613404641989	0.235194089963858	0.015	0.013	1	MAP1LC3B2	c29
0.521649017747482	0.23501880707353	0.01	0.008	1	ARL4D	c29
0.198860125330108	-0.234445378488669	0.03	0.036	1	ATP6V1F	c29
0.22062372130546	-0.233242297078389	0.026	0.031	1	AKAP13	c29
0.0311318890193287	0.233113979485435	0.107	0.093	1	COX6B1	c29
0.442436048517623	0.232992207378092	0.017	0.015	1	ENY2	c29
0.380010971705215	-0.232595783493342	0.009	0.011	1	PITHD1	c29
0.0118150390417127	0.232397654014613	0.132	0.114	1	EVL	c29
0.450376443564189	0.232018400361106	0.017	0.015	1	PSMB2	c29
0.248410192234636	-0.23074700379408	0.022	0.026	1	CSK	c29
0.579131373417159	0.230495499050565	0.012	0.01	1	TXN2	c29
0.2167905742468	0.22981885431181	0.035	0.03	1	EMB	c29
0.58068878646014	0.22979803950549	0.012	0.01	1	SRSF4	c29
0.390132546782592	-0.229601883739026	0.008	0.01	1	ANXA7	c29
0.503593560871644	0.229511999768568	0.019	0.017	1	CISH	c29
0.382083389377408	-0.228710605990323	0.009	0.011	1	PRKCB	c29
0.522848009208856	0.228507337443226	0.014	0.012	1	RTF1	c29
0.353137919455119	-0.227862446067736	0.013	0.015	1	NR4A3	c29
0.465236814027319	0.22759889181358	0.016	0.014	1	PRPF4B	c29
0.321946414496552	-0.227413218276191	0.016	0.02	1	ARID5A	c29
0.740794885641455	0.226315790552274	0.011	0.01	1	TGFBR2	c29
0.2841658016456	-0.226307765287266	0.019	0.023	1	HN1	c29
0.00419302699345	0.225979325337102	0.143	0.121	1	LIMD2	c29
0.420585227546296	0.225639139574837	0.019	0.017	1	RER1	c29
0.574603067774484	0.22562034824385	0.012	0.01	1	MFNG	c29
0.376453238582463	-0.225259712111064	0.01	0.012	1	ETFB	c29
0.509446361169937	0.225236799388024	0.015	0.013	1	DNAJA2	c29
0.551097010233472	-0.224814937446213	0.009	0.01	1	MT1F	c29
0.204828863896932	-0.224557876327339	0.045	0.052	1	CCNH	c29
0.52838398362822	0.224359104851743	0.014	0.012	1	MEA1	c29
0.497941987068688	0.223235211079293	0.015	0.014	1	COMMD7	c29
0.435059521998585	0.222880479078271	0.019	0.016	1	HNRNPM	c29
0.317736330914076	-0.222732938288608	0.015	0.019	1	PFDN2	c29
0.65883033330806	0.222367205613608	0.01	0.009	1	STAG2	c29
0.249587708968323	0.221685828167446	0.036	0.031	1	PIM1	c29
0.299058519346742	-0.221560492030753	0.017	0.02	1	PPP1CC	c29
0.410975614793918	0.221108126225281	0.02	0.017	1	MYO1F	c29
0.245437833812834	-0.221081668580991	0.025	0.03	1	GABARAPL2	c29
0.389373307583659	0.220922773229473	0.022	0.02	1	SET	c29
0.380819015987542	-0.220191432714807	0.03	0.034	1	ITM2C	c29
0.346767584321562	-0.21953679266556	0.015	0.018	1	PDE4D	c29
0.332984308031035	0.219514868149614	0.026	0.023	1	DEF6	c29
0.602614647585244	0.219376407086991	0.012	0.01	1	RNPEPL1	c29
0.425261179931012	0.218861732473973	0.02	0.018	1	POLR2E	c29
0.285184033853976	-0.21764544202737	0.022	0.026	1	AUP1	c29
0.269699068159234	0.217323749202458	0.032	0.028	1	EMD	c29
0.415842285488254	-0.217155312910752	0.008	0.01	1	ABTB1	c29
0.344671076884926	0.216969309410874	0.026	0.023	1	SNRPD3	c29
0.214565406383152	0.216586418014014	0.046	0.04	1	ICAM3	c29
0.798301931611118	0.21618230777449	0.01	0.01	1	TMEM208	c29
0.524729483888816	0.215804094365354	0.015	0.014	1	POLE4	c29
0.318488736664943	-0.215148503516519	0.017	0.02	1	ALKBH7	c29
8.51209422919649e-05	0.215142459388892	0.249	0.211	1	PPDPF	c29
0.378829185331855	-0.215029493820359	0.019	0.022	1	ODC1	c29
0.481807125364672	0.215025731767089	0.018	0.016	1	HMOX2	c29
0.327234156855321	-0.214898571814652	0.015	0.018	1	CLTA	c29
0.64295545585413	0.214670048683309	0.011	0.01	1	HSPA4	c29
0.21519707141195	0.21462033023807	0.04	0.035	1	IL10RA	c29
0.0653815578797664	-0.214527765588755	0.055	0.065	1	PTGES3	c29
0.109232936907845	0.21252110660142	0.077	0.068	1	CAPZB	c29
0.391955524647038	0.211958827945321	0.033	0.03	1	FAM177A1	c29
0.281124962218119	-0.211260738659899	0.012	0.015	1	SF3A2	c29
0.366648925222503	-0.211201671123569	0.013	0.015	1	DCK	c29
0.43751629377794	0.21117900898155	0.021	0.018	1	CAPZA2	c29
0.0797701274619037	-0.210659011711263	0.056	0.066	1	SLC25A3	c29
0.198178591530346	0.210246675507907	0.046	0.04	1	ATP5B	c29
0.169445628234642	0.209866800267435	0.053	0.046	1	CD96	c29
0.464339180080407	0.209735592111881	0.019	0.017	1	RWDD1	c29
0.337956384424101	0.209640602972994	0.028	0.025	1	SYF2	c29
0.171510668477843	-0.209365897900263	0.045	0.052	1	KIAA1551	c29
0.295270891447787	-0.208438906077816	0.023	0.027	1	ARF4	c29
0.386889854380073	0.208434643028506	0.034	0.031	1	FAM96B	c29
0.364867546585301	-0.208418212932655	0.013	0.016	1	PDCD6	c29
0.6552857124847	0.208411058211627	0.01	0.009	1	SLC7A5	c29
0.383169077508329	0.207555386697547	0.025	0.022	1	COX7A2L	c29
0.174957611931297	0.207386447125404	0.039	0.033	1	SLC38A2	c29
0.287302342923937	0.206831753137779	0.034	0.03	1	SRP9	c29
0.460211613655433	0.206746434527453	0.019	0.017	1	ITGAL	c29
0.266576065393001	-0.206400684859747	0.025	0.03	1	PSMB3	c29
0.386414071093605	-0.206179802207415	0.012	0.014	1	EIF2S2	c29
0.0438508505313321	0.205971042140257	0.087	0.075	1	PCBP1	c29
0.227309290344842	0.205952889210186	0.041	0.036	1	COX7B	c29
0.189489423342493	0.205061905411194	0.041	0.036	1	PMAIP1	c29
0.00530077721515113	-0.205053889800924	0.338	0.363	1	GAPDH	c29
0.331159958228886	0.20412838874735	0.029	0.026	1	TMED10	c29
0.215530124031202	0.20357504546191	0.032	0.027	1	LOC100506248	c29
0.528649807907821	0.203284625174675	0.016	0.015	1	CHMP4A	c29
0.00727422534478006	0.203242233666996	0.169	0.147	1	RHOA	c29
0.209307223524723	0.203190904120892	0.044	0.038	1	ACAP1	c29
0.0210013484674658	0.202929178003201	0.119	0.103	1	SNRPD2	c29
0.570598996059106	0.202809619159884	0.015	0.013	1	TIAL1	c29
0.394835289095099	-0.202567256844152	0.012	0.014	1	MGEA5	c29
0.431010859729468	-0.202373472110706	0.008	0.01	1	CELF1	c29
0.000146526167484942	-0.201962452383584	0.344	0.383	1	RPL24	c29
0.186912942720249	0.201706597942151	0.048	0.042	1	LSM7	c29
0.253610119822347	-0.201589846611517	0.028	0.033	1	FNBP1	c29
0.407644151069058	-0.201311808186948	0.011	0.013	1	CCDC59	c29
0.247372643190224	0.200950909189663	0.039	0.034	1	NOP10	c29
0.506713672625824	0.200624212639616	0.018	0.016	1	NXT1	c29
0.373862086031287	-0.200556371572809	0.014	0.016	1	RABGAP1L	c29
0.072298646686726	-0.200520142069758	0.076	0.088	1	RPL23	c29
0.389879570380961	0.199903276407523	0.026	0.023	1	NDUFS8	c29
0.642615481005729	0.199238116416846	0.017	0.016	1	HAX1	c29
0.254790091237673	-0.199055220563732	0.027	0.031	1	CACYBP	c29
0.633948210168088	0.19869943843826	0.012	0.011	1	POLR2F	c29
0.0907556882376393	0.198023663992342	0.079	0.069	1	HNRNPK	c29
0.568687704851577	0.19799531673795	0.013	0.012	1	LOC101927902	c29
0.42299653190227	-0.197281555894041	0.01	0.012	1	CD46	c29
0.322194435239888	0.197139152519317	0.032	0.029	1	FIS1	c29
0.261609421254222	-0.196804810652671	0.028	0.033	1	TOMM20	c29
0.667453818852022	0.195967173144646	0.011	0.01	1	RGL4	c29
0.723021224700845	0.195230715962007	0.014	0.013	1	EVI2A	c29
0.223048271022057	0.193104698848376	0.044	0.038	1	HLA-G	c29
0.000130436144658919	0.192769703416898	0.055	0.038	1	XBP1	c29
0.71291825367149	0.192695270550075	0.01	0.009	1	PDCD10	c29
0.39693709968097	0.192575040953698	0.027	0.024	1	RNF7	c29
0.4551065920775	0.192055982714696	0.023	0.02	1	MGAT4A	c29
0.187554960286263	-0.191969143352606	0.092	0.101	1	GSTP1	c29
0.166189105471211	-0.191935322921475	0.053	0.061	1	YPEL5	c29
0.89748681480943	-0.191935322921475	0.026	0.025	1	FKBP11	c29
0.344520303293242	-0.191474765841463	0.02	0.023	1	LAPTM4A	c29
0.711205881256205	0.191133066779791	0.01	0.009	1	UQCC2	c29
0.438285632307888	-0.190989810026317	0.01	0.011	1	VKORC1	c29
0.211768136413264	-0.190658992542436	0.031	0.037	1	EIF5	c29
0.316390503158445	-0.190403133981923	0.022	0.026	1	SEC62	c29
0.448486593949868	0.190281668088284	0.023	0.02	1	NAA10	c29
0.675799260520249	0.190281668088284	0.011	0.01	1	MAP2K3	c29
0.00099441719722494	0.189942349609955	0.238	0.206	1	RPL36AL	c29
0.00252001962142153	0.189745311429765	0.27	0.241	1	TXNIP	c29
0.520263994947274	0.189361801927598	0.019	0.017	1	STRAP	c29
0.522591805797916	0.189349759950887	0.018	0.016	1	GBP2	c29
0.556519713617782	0.189085238130933	0.016	0.015	1	NFE2L2	c29
0.490926227857995	0.188792928325276	0.021	0.019	1	TMEM256	c29
0.593453614380863	0.188013724935613	0.015	0.014	1	UBAC2	c29
0.361666760351098	-0.18793893521118	0.019	0.022	1	CANX	c29
0.326425608691213	-0.187906132149802	0.032	0.036	1	HNRNPU	c29
0.604140189240458	0.187902444512796	0.014	0.013	1	SH3GLB1	c29
0.449527303461989	-0.187350296318976	0.008	0.01	1	SLIRP	c29
0.117640461699642	0.187066488924788	0.089	0.079	1	SKP1	c29
0.00775122227550295	-0.186946353043238	0.52	0.521	1	RPS29	c29
0.183141908422521	-0.186556163602614	0.051	0.058	1	ATP6V1G1	c29
0.685697802667727	0.186524246606324	0.012	0.011	1	NUDT21	c29
0.523883135583332	0.1861107753882	0.019	0.017	1	UFM1	c29
0.462616063212021	-0.18522920545777	0.008	0.01	1	LOC100996740	c29
0.543583859553086	0.184814747415829	0.019	0.017	1	M6PR	c29
0.297526556498905	-0.183825835704225	0.03	0.034	1	COX17	c29
0.247295821150867	0.182903688648295	0.051	0.045	1	GIMAP7	c29
0.0946423014745994	0.182845326017939	0.07	0.061	1	KRTCAP2	c29
0.73413972728795	0.182571053276368	0.01	0.009	1	SMNDC1	c29
0.000301215505894347	-0.182376044200924	0.645	0.634	1	RPS21	c29
0.229819585050733	0.18211509023744	0.051	0.045	1	CAP1	c29
0.29917756750343	0.181984395701597	0.042	0.038	1	TMEM59	c29
0.82315585721227	0.181174821609993	0.012	0.012	1	RNF145	c29
0.677823087882359	0.181120888076991	0.012	0.011	1	C6orf1	c29
0.598292154956756	0.180294739204164	0.016	0.014	1	SSH2	c29
0.480851374799884	0.180244750637056	0.021	0.018	1	GLRX	c29
0.193188728687982	-0.179713779377192	0.047	0.054	1	NDUFB1	c29
0.0183429026501276	0.179639397490161	0.151	0.133	1	HMGB1	c29
0.373571289722816	-0.179481560162733	0.029	0.032	1	SNHG9	c29
0.741223360048366	0.179470149254212	0.01	0.009	1	FLOT2	c29
0.478181209191878	-0.179309030260483	0.01	0.012	1	SLC20A1	c29
0.106029835451866	0.178966266902913	0.066	0.057	1	SAP18	c29
0.220690952844105	0.178778158239732	0.059	0.053	1	ATP5G3	c29
0.728164064334693	0.178106386483551	0.011	0.01	1	MRPL53	c29
0.634962548794186	0.177206108737714	0.014	0.013	1	VIM-AS1	c29
0.421772242130274	-0.177003457530025	0.014	0.016	1	GCC2	c29
0.674813610694984	0.176633497084676	0.012	0.011	1	CPNE1	c29
0.334826867506659	0.176418826294772	0.038	0.034	1	SNRPB	c29
0.6537666115618	0.176061112613415	0.014	0.013	1	HADHA	c29
0.133556606306865	0.175196311137277	0.068	0.06	1	LIME1	c29
0.659598880543188	0.174917024495654	0.014	0.013	1	BNIP2	c29
0.47630350043182	-0.174621269072198	0.008	0.01	1	ETNK1	c29
0.463220075706648	-0.174501687237749	0.01	0.011	1	PSMA4	c29
0.68922968183025	0.174395024888677	0.012	0.011	1	OTUD6B-AS1	c29
0.441175315725477	-0.17426780966906	0.015	0.018	1	HM13	c29
0.626952131299392	0.174247735126053	0.021	0.019	1	AGTRAP	c29
0.692091413377198	0.17405955342085	0.012	0.011	1	SNHG16	c29
0.420851527742148	-0.173863749999456	0.015	0.018	1	ATP5G1	c29
0.765865882871228	0.173653560723394	0.01	0.009	1	THYN1	c29
0.370421276529034	-0.173036911668931	0.023	0.026	1	SNHG1	c29
0.465936037825182	0.172718447081293	0.024	0.021	1	AAK1	c29
0.593168445914328	0.171023528742093	0.017	0.015	1	KDELR1	c29
0.00155143726924116	0.170772695925508	0.143	0.118	1	ALOX5AP	c29
0.643084646089955	0.170374506612994	0.012	0.011	1	MANF	c29
0.731782017988489	0.170024040185693	0.011	0.01	1	NDNL2	c29
0.533545702363589	0.168925401949413	0.022	0.02	1	RHOF	c29
0.785907430849656	0.168790539127077	0.01	0.009	1	KMT2C	c29
0.764305564989859	0.168669173364975	0.01	0.009	1	AKIRIN1	c29
0.742423066227824	0.168459565638976	0.011	0.01	1	CCT3	c29
0.398098038285988	-0.168093569530546	0.021	0.024	1	SSU72	c29
0.313866425414107	0.167948279358992	0.05	0.046	1	ARHGDIA	c29
0.767841621843798	0.167900760542075	0.01	0.009	1	IRF2	c29
0.460419236908605	-0.167870397584725	0.036	0.039	1	ISG15	c29
0.265827451628441	-0.167789235589773	0.03	0.034	1	ARRB2	c29
0.309167287956063	0.167644713857421	0.05	0.045	1	WDR83OS	c29
0.478382885472363	-0.167468814702084	0.01	0.011	1	TMX1	c29
0.291155401107094	0.167079190371427	0.045	0.04	1	CDC37	c29
0.375097569169254	0.166803737418051	0.037	0.033	1	NDUFB4	c29
0.488623386083389	-0.166714602362514	0.008	0.01	1	NAA50	c29
0.409052161008699	-0.166667164204171	0.231	0.236	1	IER2	c29
0.25380697502217	-0.166383784878632	0.04	0.046	1	POLD4	c29
0.588125055991561	0.166365161630849	0.019	0.017	1	PCNP	c29
0.0658188825139999	0.166173326640753	0.125	0.112	1	CHCHD2	c29
0.448696485356343	0.166064255374488	0.027	0.024	1	KRT10	c29
0.321158321993945	-0.165314139564473	0.033	0.038	1	DDX24	c29
0.434350982524283	-0.164945685384058	0.015	0.018	1	PAPOLA	c29
0.659038726471355	0.164320235645825	0.015	0.014	1	EIF4H	c29
0.19674433566252	0.16395537510902	0.073	0.066	1	UBE2D3	c29
0.346761950151824	-0.163630214524628	0.053	0.058	1	SOCS1	c29
0.465291160313834	-0.163282880856475	0.012	0.014	1	RABGGTB	c29
0.113358387478831	-0.162962039789784	0.098	0.11	1	RPL17	c29
0.539454699476493	0.162444307963744	0.022	0.02	1	ZNHIT1	c29
0.825379021010881	0.161986721120274	0.014	0.013	1	CHD1	c29
0.475990983369188	-0.161689036053355	0.011	0.012	1	PNN	c29
0.403686877336765	-0.161092511322553	0.021	0.024	1	RAC1	c29
0.265089548383465	-0.161030550384424	0.066	0.072	1	CYCS	c29
0.334287881954673	0.160812277187707	0.042	0.038	1	ITGA4	c29
0.391358873838468	0.160810177071119	0.047	0.043	1	PET100	c29
0.465753118318921	-0.160669823689602	0.012	0.014	1	LUC7L3	c29
0.673554450033691	0.160028277178159	0.015	0.014	1	CHMP2A	c29
0.0564613934242143	-0.159692402383516	0.151	0.167	1	RPL31	c29
0.1602478141674	-0.159447375562126	0.068	0.077	1	HMGN1	c29
0.734316514941705	0.159405693041572	0.011	0.01	1	POLR2A	c29
0.393820895910407	0.159249246098403	0.037	0.034	1	PNISR	c29
0.0993820718908356	0.15922546087945	0.109	0.098	1	DAZAP2	c29
0.50369598197498	0.159179010131804	0.025	0.023	1	OTUB1	c29
0.79094442224624	0.158711589087415	0.01	0.009	1	SFT2D1	c29
0.783931220553941	0.157185734856454	0.01	0.009	1	LOC643733	c29
0.332416220601815	0.156804523322755	0.046	0.042	1	CSNK2B	c29
0.687730366913351	0.156344574543498	0.015	0.014	1	NDUFAB1	c29
0.39070064286377	0.156099808365974	0.038	0.035	1	N4BP2L2	c29
0.569938117091327	0.15607170721471	0.026	0.024	1	DUT	c29
0.809767410298514	0.155902055500589	0.01	0.009	1	NASP	c29
0.274611730090443	-0.155631910571957	0.047	0.052	1	SON	c29
0.481300743304729	0.155100335535035	0.02	0.017	1	SDF2L1	c29
0.446790257095255	-0.154593271492069	0.02	0.022	1	CEBPB	c29
0.503956602155938	-0.154479150778434	0.008	0.01	1	XRN2	c29
0.801625083477133	0.15413885929759	0.01	0.01	1	FGD3	c29
0.356397378993946	-0.153622957561833	0.019	0.022	1	NDUFS7	c29
0.782812762279245	0.153170746785949	0.011	0.01	1	PHF3	c29
0.412948998738098	0.15268117534023	0.025	0.022	1	SNX3	c29
0.288744894360568	-0.152633166942121	0.082	0.089	1	HSPE1	c29
0.130899436708409	-0.152450149188448	0.117	0.129	1	CD2	c29
0.69632988160237	0.152146113840497	0.015	0.014	1	MRFAP1	c29
0.686509867607837	0.151622164301094	0.015	0.014	1	MAGOH	c29
0.311703705533873	-0.151408899171761	0.039	0.044	1	EIF4B	c29
0.55387369394392	-0.151171164139356	0.011	0.012	1	SNORD3A	c29
0.820759081694967	0.151098404977539	0.01	0.009	1	SLFN5	c29
0.386712594613735	-0.151018166096804	0.011	0.013	1	TMEM134	c29
0.350162491211413	0.150423617761827	0.047	0.043	1	ARPC5	c29
0.818961249940868	0.150299349271214	0.01	0.009	1	EIF3J	c29
0.426500891728939	0.150218310369865	0.036	0.033	1	UQCRHL	c29
0.546587118878258	0.150168933212829	0.025	0.023	1	PSMD8	c29
0.33495374343176	0.149396277114115	0.056	0.051	1	NDUFB11	c29
0.595691240034327	0.149333640181474	0.022	0.021	1	XRCC6	c29
0.417352178989632	0.149258819084825	0.048	0.044	1	TIGIT	c29
0.325758830162199	0.148439346850132	0.051	0.046	1	C4orf3	c29
0.25960768908522	0.148284344301542	0.064	0.058	1	RBM8A	c29
0.0330380266290943	0.147899738231227	0.163	0.146	1	OST4	c29
0.456513128856895	-0.147868541466512	0.016	0.019	1	TAX1BP1	c29
0.28453065934761	-0.147697088017991	0.037	0.042	1	ATP5O	c29
0.736947589762404	0.147598132235314	0.013	0.012	1	COPS6	c29
0.494874163679021	0.147543507800912	0.033	0.03	1	SNHG12	c29
0.245880310978989	-0.146942450684168	0.041	0.047	1	MYH9	c29
0.630089022670263	0.146709065275894	0.02	0.018	1	PPP4C	c29
0.0394605353736386	-0.146032251746704	0.282	0.301	1	RPL21	c29
0.422772812347336	-0.145469990793101	0.024	0.027	1	POLR1D	c29
0.167659474682768	0.144316708545031	0.054	0.047	1	HSPA5	c29
0.62551067721618	0.143902903573335	0.021	0.019	1	C17orf62	c29
0.517649956745503	-0.143851180933017	0.01	0.012	1	GYG1	c29
0.165677088425987	-0.143723462291144	0.099	0.109	1	EIF3K	c29
0.627822717858287	0.143525185272738	0.021	0.019	1	RAB1B	c29
0.605476899261574	0.143392675969233	0.029	0.027	1	ANXA11	c29
0.644099844204019	0.143321054385819	0.019	0.018	1	RPN2	c29
0.525624357753	-0.143232131345794	0.009	0.011	1	NGRN	c29
0.417162048410416	0.143203800766868	0.049	0.045	1	UBE2D2	c29
0.501588722058334	-0.143002786294697	0.014	0.016	1	CLPP	c29
0.741659184033906	0.14236359499993	0.013	0.012	1	MRPL43	c29
0.488537074004758	0.141935876336587	0.039	0.036	1	MAP1LC3B	c29
0.525649432809964	-0.141855513835915	0.009	0.011	1	NELL2	c29
0.520158330178278	-0.139985143693908	0.011	0.012	1	PPP6C	c29
0.478361528919495	-0.139585276418845	0.018	0.02	1	SSBP1	c29
0.813232095679314	0.139411033128478	0.011	0.011	1	SMG1	c29
0.437200162254929	-0.139163013631294	0.033	0.036	1	MYADM	c29
0.567667723469316	0.139000262459668	0.026	0.024	1	EIF1B	c29
0.741486459360169	0.138219613479447	0.014	0.013	1	CMTM3	c29
0.720271182952316	0.13774002212252	0.021	0.02	1	NEU1	c29
0.605466488231132	0.136971937389514	0.024	0.022	1	UBE2N	c29
0.284965856664311	0.13620621532467	0.073	0.067	1	ANAPC16	c29
0.475682425577971	0.135779865107909	0.037	0.034	1	SKAP1	c29
0.712067091592488	0.134625970563101	0.017	0.016	1	SNRPA	c29
0.000307123089205668	0.134467122701014	0.439	0.395	1	ACTG1	c29
0.175247724142087	0.133760496198921	0.092	0.083	1	GSTK1	c29
0.00598718193499478	-0.13329216731358	0.761	0.728	1	RPL19	c29
0.604039308415344	0.132797588234595	0.024	0.023	1	NUCKS1	c29
0.828483171675366	0.132580077938194	0.011	0.011	1	TAF15	c29
0.344763934194201	-0.131559572397265	0.051	0.057	1	ATP6V0E1	c29
0.553153694723734	-0.131162359755868	0.008	0.01	1	EMC6	c29
0.290086328100755	-0.131135647880346	0.057	0.063	1	TMBIM6	c29
0.475355978494057	0.131088717680298	0.075	0.071	1	CKLF	c29
0.742454970430699	0.130818703026596	0.015	0.014	1	GSDMD	c29
0.407510242225977	-0.130427602907345	0.017	0.02	1	MRPL54	c29
0.789790834941375	0.130366963393453	0.012	0.012	1	RNF113A	c29
0.177007685380605	-0.129992319022685	0.091	0.101	1	LCP1	c29
0.568573997070308	-0.129232824337287	0.012	0.014	1	MYLIP	c29
0.783486059898678	0.129120035882044	0.012	0.012	1	CDK5RAP3	c29
0.000285813817564101	-0.129065678068415	0.908	0.864	1	RPL10	c29
0.528396274524517	-0.128872075419162	0.013	0.015	1	FBL	c29
0.655055700933402	0.128663099023017	0.023	0.022	1	ATP5A1	c29
0.540491941538168	-0.12694655622657	0.013	0.015	1	ERGIC3	c29
0.73255500163472	0.126912218676468	0.016	0.015	1	PTTG1	c29
0.185730984777211	0.126899734889863	0.076	0.069	1	PSME2	c29
0.548840864761239	-0.126416587596997	0.01	0.012	1	MTIF3	c29
0.221767763230619	0.126362811389553	0.019	0.016	1	MTRNR2L8	c29
0.573848729018308	0.126362811389553	0.029	0.027	1	COX14	c29
0.472170916244031	0.125808445317628	0.039	0.036	1	PTPN6	c29
0.369619699161087	0.125734857408779	0.037	0.033	1	CKS2	c29
0.487423511932378	0.125410570234884	0.039	0.036	1	RBX1	c29
0.74225334130915	0.125230319206859	0.016	0.016	1	PPP2CA	c29
0.793541310556275	0.125211673834087	0.013	0.012	1	DHPS	c29
0.336483526617797	-0.124894426667887	0.017	0.02	1	NDUFAF3	c29
0.403767252921922	0.12447752457029	0.048	0.044	1	CLK1	c29
0.493461506419816	-0.124250891861487	0.023	0.025	1	IFI27L2	c29
0.545006709555817	-0.124053450228516	0.013	0.015	1	C1QBP	c29
0.676034781582825	0.123876936242514	0.022	0.02	1	PSMB6	c29
0.786614819806301	0.123798089676522	0.014	0.013	1	MTCH1	c29
0.310670053969714	0.123668234137201	0.088	0.082	1	EDF1	c29
0.132082586520016	0.123606052388335	0.148	0.136	1	EMP3	c29
0.0186726576195481	0.123348241410074	0.303	0.278	1	CD52	c29
0.497541465532608	-0.122926784774232	0.02	0.022	1	RAP1A	c29
0.818547652904315	0.122827053388883	0.013	0.012	1	WBP2	c29
0.783999417329132	0.122635603084224	0.014	0.014	1	TMEM50B	c29
0.575716210595949	0.122529252780768	0.031	0.029	1	VAPA	c29
0.519908351945463	-0.122383831805292	0.018	0.02	1	TNFRSF14	c29
0.518781932454574	0.122335068105747	0.036	0.033	1	GNB2	c29
0.826934976298284	0.122335068105747	0.012	0.011	1	ARAP2	c29
0.567041780809998	-0.12232048300406	0.008	0.01	1	LOC283788	c29
0.567041780809998	-0.12232048300406	0.008	0.01	1	RBM4	c29
0.56240374182616	0.121695083898963	0.047	0.044	1	PRELID1	c29
0.508395905004916	0.121510925846589	0.049	0.046	1	HNRNPA3	c29
0.557798599094231	-0.121396330105321	0.01	0.012	1	TCP1	c29
0.560826792387259	-0.121259665960769	0.012	0.013	1	RBMX	c29
0.487097803014672	0.121234341777186	0.04	0.037	1	CDC42SE2	c29
0.527399486155387	0.12068282659868	0.042	0.04	1	PGAM1	c29
0.773417050693683	0.120561472017724	0.016	0.015	1	NDUFB3	c29
0.682919242519893	0.120258586322734	0.02	0.018	1	BTG3	c29
0.560856736174216	-0.120165886499061	0.012	0.013	1	NOL7	c29
0.534776049849764	0.11940768471396	0.047	0.044	1	BRK1	c29
0.753344493321388	0.119183224900777	0.016	0.016	1	SDF4	c29
0.492470783011181	-0.118523660891015	0.024	0.026	1	PHB2	c29
0.682844528896807	0.118276724688175	0.022	0.021	1	CAPZA1	c29
0.742094390277005	-0.118249774788458	0.019	0.018	1	STMN1	c29
0.895742664933468	0.117913375769634	0.01	0.009	1	PIH1D1	c29
0.755186488665906	0.117889706212019	0.017	0.016	1	PTPN7	c29
0.469144107072863	-0.117549607319781	0.033	0.036	1	ARGLU1	c29
0.558529215468885	-0.117427804369742	0.012	0.013	1	UTRN	c29
0.403769581988234	0.116656721271886	0.055	0.051	1	CUTA	c29
0.544945459308012	0.116586113414737	0.037	0.034	1	NDUFB9	c29
0.600343367398908	0.116444908066588	0.021	0.02	1	ATP5EP2	c29
0.840138002379166	0.115877156512902	0.012	0.011	1	DNAJC4	c29
0.517404172669677	-0.114774174971958	0.025	0.028	1	TC2N	c29
0.71352746380316	0.114363732937959	0.021	0.02	1	IL16	c29
0.804783954565403	0.11415225609195	0.014	0.014	1	LINC01420	c29
0.436067429019982	-0.113086016892351	0.034	0.037	1	SF3B5	c29
0.74263201552422	0.113023951040203	0.019	0.018	1	HP1BP3	c29
0.546791217550881	-0.112934751357125	0.02	0.022	1	HNRNPH1	c29
0.797243539629738	0.112430896646043	0.016	0.015	1	SNRPB2	c29
0.0397050754461908	-0.111414127133068	0.529	0.493	1	CYTB	c29
0.69806921072932	0.110701697524068	0.022	0.021	1	NAP1L4	c29
0.59923756642573	0.110339247278838	0.028	0.026	1	UPP1	c29
0.685323677809173	-0.110202399856637	0.078	0.08	1	RHOB	c29
0.453369345642413	-0.109936423209906	0.009	0.011	1	PSMD4	c29
0.427718771912273	-0.109850104533736	0.044	0.048	1	ROMO1	c29
0.709196299807293	-0.109265546109253	0.25	0.243	1	ND5	c29
0.841930723575364	-0.109202069697214	0.071	0.072	1	ND6	c29
0.922972408487293	0.10857047183259	0.01	0.009	1	TIMM13	c29
0.546543760888085	-0.108511610354866	0.019	0.021	1	C14orf166	c29
0.585959160798418	-0.108480442220036	0.011	0.013	1	THEMIS	c29
0.516201641746942	-0.108019075077987	0.029	0.031	1	TRAM1	c29
0.360889289475048	0.108006777892538	0.062	0.057	1	SEC61G	c29
0.124370985829936	-0.107741502265147	0.67	0.652	1	RPS14	c29
0.822119099567818	0.107259794044015	0.015	0.014	1	NCOR1	c29
0.560510109360751	-0.106300466186823	0.019	0.02	1	ANKRD44	c29
0.897824271103379	0.106244169193279	0.01	0.01	1	TARSL2	c29
0.732463820248513	0.106244169193278	0.022	0.021	1	SH3KBP1	c29
0.930210070426543	0.106244169193278	0.01	0.009	1	SUMO1P3	c29
0.85651261824765	0.105655434216371	0.013	0.012	1	RBM17	c29
0.591069829120098	-0.105594473982428	0.011	0.013	1	SEPT2	c29
0.0886332208741425	0.105000645162068	0.217	0.2	1	DDX5	c29
0.570472815240822	-0.104846576069936	0.018	0.019	1	RBCK1	c29
0.56168890493116	0.103588588191218	0.038	0.035	1	CCDC85B	c29
0.838087179430611	0.103201577469661	0.015	0.014	1	NUCB1	c29
0.643110809279847	-0.102767045265797	0.009	0.01	1	LMAN1	c29
0.74994978048428	0.102658049919786	0.021	0.02	1	EWSR1	c29
0.835974793193402	0.10256851104988	0.014	0.014	1	ACTN4	c29
0.686114656818123	0.101985389138563	0.054	0.052	1	RPS14P3	c29
0.00742925976692187	0.100540473870043	0.551	0.521	1	PTMA	c29
0.563794650011221	-0.100048405202624	0.015	0.017	1	UBE2J1	c29
0.49622185017862	0.10003308312633	0.069	0.065	1	RPS18P9	c29
