p_val	avg_log2FC	pct.1	pct.2	p_val_adj	gene	seurat_clusters
0	-9.52034882353828	0	0.115	0	FCER1G	c2
0	-8.47222670693716	0.001	0.153	0	CST3	c2
0	-7.52949785037222	0.001	0.176	0	TYROBP	c2
0	-7.49757209099926	0.001	0.131	0	LYZ	c2
0	-6.91431735879335	0.008	0.243	0	CCL4	c2
0	-6.63603390598227	0.002	0.133	0	GZMB	c2
0	-6.37341820094018	0.006	0.151	0	GNLY	c2
0	-6.18946458672781	0.004	0.124	0	IFI30	c2
0	-6.17697545410625	0.002	0.123	0	GZMH	c2
0	-5.5888269855878	0.01	0.274	0	NKG7	c2
0	-4.66080543128936	0.007	0.123	0	PSAP	c2
0	-4.49139185477451	0.011	0.185	0	GZMA	c2
0	-4.14451401605518	0.014	0.218	0	CST7	c2
0	-4.109961448153	0.043	0.41	0	CCL5	c2
0	-3.39975311632265	0.022	0.153	0	GPX1	c2
0	-3.34229363660355	0.015	0.13	0	CTSW	c2
0	-3.18840224395224	0.016	0.133	0	CD8A	c2
0	-3.04494906426332	0.026	0.177	0	LGALS1	c2
0	2.55656003840559	0.156	0.027	0	NOSIP	c2
0	2.48113905667502	0.059	0.01	0	MAL	c2
0	-2.40124887662326	0.044	0.187	0	RGS1	c2
0	2.37574246913022	0.054	0.01	0	TCF7	c2
0	-2.32653301268781	0.067	0.214	0	SAT1	c2
0	-2.23532849384887	0.077	0.313	0	SRGN	c2
0	-2.05350441410706	0.139	0.409	0	CD74	c2
0	2.05347869109153	0.319	0.078	0	LDHB	c2
0	-1.94812471013637	0.128	0.327	0	S100A6	c2
0	1.88073584148897	0.073	0.019	0	CCR7	c2
0	-1.86164462077398	0.32	0.459	0	FTL	c2
0	1.84679901836837	0.162	0.046	0	GAS5	c2
0	-1.83785520203263	0.071	0.235	0	HCST	c2
0	1.81471179755937	0.502	0.15	0	LTB	c2
0	-1.74153759427858	0.395	0.604	0	RNR1	c2
0	1.70883268986022	0.718	0.261	0	EEF1B2	c2
0	-1.64129327194031	0.097	0.243	0	HSP90AA1	c2
0	-1.60710379330223	0.151	0.304	0	HSPA1A	c2
0	1.60371038801357	0.374	0.127	0	LRRC75A-AS1	c2
0	1.57877764484247	0.134	0.045	0	SELL	c2
0	1.57283287274067	0.517	0.183	0	EEF1G	c2
0	1.56532244942837	0.165	0.056	0	EIF3E	c2
0	-1.55962236801225	0.095	0.264	0	MYL6	c2
0	-1.5587546744937	0.118	0.302	0	UBC	c2
0	-1.53358811041818	0.185	0.438	0	SH3BGRL3	c2
0	1.53336169132395	0.872	0.395	0	RPS5	c2
0	1.5310432415968	0.171	0.059	0	GLTSCR2	c2
0	1.52549426903412	0.882	0.413	0	RPL5	c2
0	1.5151307930624	0.715	0.3	0	RPSA	c2
0	1.51401121315843	0.563	0.216	0	RPL4	c2
0	1.50832931590276	0.877	0.429	0	RPLP0	c2
0	1.49934634062368	0.889	0.463	0	RPS6	c2
0	1.48238035206217	0.955	0.587	0	RPS8	c2
0	1.47640002943642	0.966	0.598	0	RPS3A	c2
0	1.44240944667422	0.704	0.298	0	RPL10A	c2
0	1.43506573406637	0.913	0.492	0	RPL3	c2
0	1.41218527077367	0.727	0.309	0	RPL22	c2
0	-1.39759149876859	0.13	0.317	0	CFL1	c2
0	-1.37603144143007	0.186	0.375	0	GAPDH	c2
0	1.37194152580779	0.431	0.174	0	EEF2	c2
0	1.37160341744984	0.995	0.755	0	RPL32	c2
0	1.34507944453719	0.999	0.816	0	RPS12	c2
0	1.34299119278963	0.33	0.134	0	NPM1	c2
0	1.34281955792126	0.92	0.504	0	RPL18	c2
0	1.33985096864879	0.779	0.369	0	RPL9	c2
0	1.32862639028327	0.942	0.564	0	RPS13	c2
0	1.30948902096171	0.972	0.677	0	RPS18	c2
0	1.29475870798709	0.881	0.472	0	RPL14	c2
0	1.29412658638191	0.936	0.54	0	RPL29	c2
0	1.28437227003287	0.984	0.722	0	RPL34	c2
0	1.28030236650186	0.993	0.727	0	RPL11	c2
0	1.28015277032498	0.972	0.651	0	RPS4X	c2
0	1.27863855207977	0.917	0.518	0	RPS25	c2
0	1.27269157062242	0.437	0.196	0	RPL36A	c2
0	1.26435014319057	0.944	0.559	0	RPL36	c2
0	1.25920123920758	0.996	0.802	0	RPL13	c2
0	1.24230010124753	0.981	0.676	0	RPL18A	c2
0	-1.23962569176333	0.535	0.783	0	ACTB	c2
0	1.23137739055723	0.99	0.853	0	EEF1A1	c2
0	1.22095292553294	0.931	0.564	0	RPL35A	c2
0	-1.22093380708568	0.232	0.437	0	PFN1	c2
0	1.21921118607825	0.924	0.575	0	RPL37	c2
0	1.21239623018235	0.984	0.711	0	RPL19	c2
0	1.21007260313559	0.645	0.307	0	RPS16	c2
0	1.20950423227072	0.959	0.648	0	RPS23	c2
0	1.20731852059264	0.939	0.632	0	RPS14	c2
0	1.2005498715452	0.951	0.59	0	RPL12	c2
0	1.19833473209965	0.684	0.328	0	GNB2L1	c2
0	-1.19339911249757	0.36	0.601	0	HLA-A	c2
0	1.18924444247927	0.974	0.677	0	RPS27A	c2
0	-1.17800353560769	0.24	0.418	0	S100A4	c2
0	1.16563767521113	0.992	0.772	0	RPL30	c2
0	1.16472332586027	0.957	0.612	0	RPS21	c2
0	1.15310531612167	0.216	0.102	0	RPL17	c2
0	1.14271102592732	0.998	0.855	0	RPL10	c2
0	1.1392220447266	0.404	0.204	0	PABPC1	c2
0	1.13400043758664	0.842	0.474	0	RPL6	c2
0	1.13289198299902	0.689	0.346	0	NACA	c2
0	1.13087241884915	0.895	0.532	0	RPL8	c2
0	1.1274475355042	0.976	0.686	0	RPS3	c2
0	1.12729372973947	0.887	0.619	0	TPT1	c2
0	1.12629764652105	0.712	0.36	0	RPL24	c2
0	1.11339275329727	0.492	0.236	0	RPL38	c2
0	1.08204625476957	0.55	0.284	0	RPL21	c2
0	1.08145289533226	0.56	0.291	0	RPS2	c2
0	-1.07756384154214	0.647	0.816	0	COX1	c2
0	1.0714649592552	0.709	0.376	0	RPL23A	c2
0	1.06855861577282	0.992	0.782	0	RPS15A	c2
0	1.06543941459168	0.324	0.156	0	RPL31	c2
0	1.05063628263224	0.515	0.258	0	RPL27	c2
0	1.04978411200536	0.993	0.821	0	RPL39	c2
0	-1.04932659818977	0.274	0.436	0	ND4	c2
0	1.04494577971126	0.876	0.533	0	RPL7A	c2
0	1.04477127760509	0.805	0.456	0	RPLP2	c2
0	1.03808047725341	0.742	0.413	0	RPS9	c2
0	-1.03033689599995	0.472	0.679	0	HLA-C	c2
0	1.00950679742785	0.898	0.554	0	RPS7	c2
0	0.982485040996812	0.428	0.213	0	IL7R	c2
0	0.980584017267963	0.345	0.176	0	TOMM7	c2
0	0.971243188374513	0.992	0.873	0	RPLP1	c2
0	0.968702166577595	0.715	0.404	0	RPL15	c2
0	0.964148331839487	0.29	0.148	0	HINT1	c2
0	0.950179172898705	0.255	0.132	0	RPL7	c2
0	0.942887540450141	0.814	0.501	0	RPS29	c2
0	0.934049982343776	0.947	0.662	0	RPS15	c2
0	0.921499572483195	0.344	0.184	0	BTF3	c2
0	0.91868230591285	0.915	0.638	0	RPL26	c2
0	0.918618255149275	0.68	0.386	0	RPL35	c2
0	0.908731047654021	0.976	0.728	0	RPS19	c2
0	0.902135975007449	0.552	0.309	0	RPL37A	c2
0	0.853790693660751	0.497	0.28	0	EEF1D	c2
0	0.832726480538425	0.349	0.198	0	HNRNPA1	c2
0	0.817917852909324	0.999	0.864	0	RPS27	c2
0	0.817815225264304	0.489	0.283	0	UBA52	c2
0	0.793374061693929	0.991	0.851	0	RPL28	c2
0	0.761244429724741	1	0.936	0	RPL41	c2
0	0.756775908745319	0.859	0.576	0	FAU	c2
0	-0.647300912976951	0.781	0.867	0	TMSB4X	c2
0	-0.505724885236355	0.955	0.922	0	B2M	c2
0	0.409079323236492	0.793	0.632	0	RPS24	c2
1.31098669151784e-307	-2.04465885182334	0.045	0.171	2.72239496360596e-303	GABARAP	c2
4.81214168324749e-301	-4.28803183510812	0.021	0.132	9.99289341943173e-297	RN7SK	c2
1.59137638078124e-298	-1.272944882695	0.156	0.304	3.30465219233033e-294	ND2	c2
1.15301395720466e-296	0.725201052932473	0.365	0.224	2.39434878353119e-292	SARAF	c2
2.09655217412375e-294	-1.72025979751606	0.06	0.188	4.35370024478538e-290	CYBA	c2
4.88990351547635e-290	-1.27550632149691	0.15	0.295	1.01543736402382e-285	KLF6	c2
1.21062291847554e-289	-1.00906740768653	0.775	0.838	2.51397955250631e-285	RNR2	c2
6.63791982084715e-288	-1.78289912611606	0.091	0.223	1.37843042999712e-283	DUSP2	c2
6.33993662402001e-285	-5.04829838241816	0.004	0.1	1.316551239344e-280	AIF1	c2
1.33797868843674e-279	-1.14083536051471	0.231	0.377	2.77844654440773e-275	DUSP1	c2
3.55257260343028e-277	-6.90415961237185	0.001	0.093	7.37727226828333e-273	S100A9	c2
8.72024754535998e-276	-4.79222288705152	0.004	0.098	1.81084660526945e-271	CTSS	c2
5.79412507303173e-270	-6.79994781724305	0.001	0.091	1.20320801266577e-265	CCL4L1	c2
1.79748180181874e-268	0.802526719450577	0.279	0.159	3.73265070965679e-264	RPL27A	c2
8.21246515071508e-268	-5.24599123521974	0.004	0.095	1.70540051319749e-263	HLA-DRB4	c2
5.66091656281508e-265	-1.80136916938064	0.048	0.163	1.17554593343418e-260	CLIC1	c2
2.40174165822369e-264	1.77682748770441	0.067	0.02	4.98745672746732e-260	PRKCQ-AS1	c2
1.43995936042028e-260	-6.70842745716712	0.001	0.088	2.99021960784876e-256	S100A8	c2
6.22732462271984e-260	-1.43014426213012	0.089	0.215	1.293166231154e-255	HLA-H	c2
4.63001756363166e-251	-1.646237575984	0.056	0.17	9.61469447263751e-247	CD99	c2
3.1275310516449e-250	-2.08775692732468	0.033	0.136	6.49463098184579e-246	LSP1	c2
3.27994409260917e-248	-1.4703297462628	0.122	0.25	6.81113190271221e-244	HSPA1B	c2
1.91984701162083e-246	-7.29516521922778	0.001	0.083	3.98675430433182e-242	CCL3	c2
1.36328551627168e-243	-2.38599959465711	0.026	0.124	2.83099870308976e-239	ALOX5AP	c2
3.03104415892248e-241	-4.14497473522022	0.006	0.091	6.29426630041842e-237	CTSD	c2
4.82950589323382e-240	-2.85957367384711	0.015	0.106	1.00289519378894e-235	GSTP1	c2
5.66771548536488e-240	-0.87597626567813	0.184	0.322	1.17695779769087e-235	SERF2	c2
2.86213484598743e-239	-1.44101771351061	0.1	0.221	5.9435092211775e-235	S100A10	c2
2.54655170266695e-237	1.98362141917044	0.048	0.012	5.28816926575819e-233	LEF1	c2
8.43880973707689e-234	-1.77859680798808	0.044	0.147	1.75240323000139e-229	ARPC2	c2
1.05110381680406e-230	-0.762334914194213	0.283	0.421	2.1827221859753e-226	H3F3B	c2
6.055738907874e-222	0.728203798943607	0.273	0.163	1.25753474160912e-217	RPL13A	c2
2.90269196920724e-221	-7.44638581276707	0	0.074	6.02773014325576e-217	FCN1	c2
8.08890479239083e-221	-4.6782789744124	0.003	0.08	1.67974196918788e-216	PRF1	c2
2.05660836610514e-220	-8.23510414545752	0	0.074	4.27075293305393e-216	SERPINA1	c2
1.33548220226801e-219	0.569722089177813	0.402	0.272	2.77326234122975e-215	PFDN5	c2
8.87238637354222e-218	-4.80808220116823	0.003	0.078	1.84243975432978e-213	KLRD1	c2
6.15401496232726e-217	-2.44984774065969	0.025	0.114	1.27794274707688e-212	GZMK	c2
6.0033473214995e-215	-1.82879689152474	0.041	0.138	1.24665510478259e-210	COTL1	c2
4.13528813333828e-210	-4.75628682363883	0.004	0.077	8.58733933769027e-206	LOC100996809	c2
4.49247256723649e-208	-1.44151634913525	0.085	0.193	9.32906853312329e-204	S100A11	c2
1.15960515559324e-205	-2.3464415356549	0.021	0.104	2.40803606610491e-201	ITGB2	c2
5.4269123324757e-204	-1.00914893394434	0.219	0.339	1.1269526149619e-199	ND1	c2
9.41591541739683e-203	-5.44917833003042	0.002	0.071	1.95530899557663e-198	HLA-DRB1	c2
3.19755538313387e-202	-5.37251348798345	0.003	0.073	6.6400435086158e-198	LST1	c2
3.72134999390003e-202	-4.40831777193355	0.004	0.075	7.72775539733281e-198	IFNG	c2
5.28306170680863e-202	-2.26148393245609	0.023	0.106	1.09708059403588e-197	LCP1	c2
1.83330697727771e-200	-1.25447939221363	0.082	0.187	3.8070452690149e-196	PTPRC	c2
1.90047717725706e-194	1.39101968252017	0.079	0.03	3.946530906292e-190	FLT3LG	c2
5.4484242110575e-192	-1.42289196577866	0.058	0.154	1.1314197716682e-187	RHOA	c2
3.90679522502193e-190	-5.5759043525337	0.002	0.068	8.11285096428055e-186	XCL1	c2
6.75964349484926e-188	-1.07894669386062	0.129	0.238	1.4037075681404e-183	CXCR4	c2
3.33933823763568e-187	-2.07060774393545	0.027	0.108	6.93446978427426e-183	MCL1	c2
9.52329807871923e-186	-1.1520328645504	0.133	0.242	1.97760807902683e-181	IFITM2	c2
2.6951782992998e-182	-0.743832938375319	0.508	0.593	5.59680725632596e-178	COX3	c2
4.0490127509094e-182	-7.29054232281258	0	0.062	8.40817987853845e-178	VCAN	c2
5.36549807212475e-181	-1.08150233199743	0.114	0.219	1.11419932965743e-176	UBB	c2
5.36996846435894e-179	0.375446694251241	0.535	0.394	1.11512765130878e-174	FXYD5	c2
7.61941240106101e-179	-2.7236909162338	0.014	0.085	1.58224717920433e-174	RHOB	c2
8.21617925588014e-178	-1.45646238360781	0.052	0.14	1.70617178427607e-173	ARPC3	c2
2.29747848728027e-176	-1.61553320677348	0.075	0.168	4.77094382668622e-172	IFITM3	c2
3.54180674789682e-176	-3.41325851320382	0.008	0.074	7.35491589268253e-172	NPC2	c2
3.92911753467019e-175	-0.93241730408419	0.214	0.323	8.15920547249612e-171	IL32	c2
8.23875162652881e-174	-2.30339915919394	0.022	0.095	1.71085916276497e-169	LOC101929531	c2
7.55160592470426e-173	-2.5553112011351	0.016	0.086	1.56816648632409e-168	RGS2	c2
1.27604332208766e-172	0.65135477952444	0.271	0.173	2.64983156264722e-168	COX7C	c2
2.20066852369518e-170	-2.88124453860871	0.019	0.089	4.56990825630541e-166	HLA-DQB1	c2
3.42209959786656e-170	-5.60116901044599	0.002	0.061	7.1063320249297e-166	XCL2	c2
1.90842336091671e-165	-0.479673440961549	0.829	0.851	3.96303195127964e-161	COX2	c2
1.24921533250713e-163	1.15948319408224	0.097	0.044	2.59412055948431e-159	RPSAP58	c2
1.50012391707857e-160	-1.64004439029783	0.048	0.128	3.11515732620537e-156	FOSB	c2
1.65245710763698e-159	-1.81024586168532	0.069	0.156	3.43149242971895e-155	MT2A	c2
6.01003507549844e-158	-1.67796437913368	0.035	0.11	1.24804388377801e-153	CALM2	c2
1.67737086216052e-157	-0.599587864308203	0.571	0.648	3.48322833236254e-153	ATP6	c2
4.36956572833518e-157	-6.66640130480438	0.001	0.054	9.07384019146084e-153	MS4A6A	c2
1.82667374302853e-154	-0.717680685111662	0.285	0.397	3.79327069477304e-150	ZFP36	c2
1.56712648065061e-152	-3.68670014210078	0.005	0.061	3.25429484971906e-148	HLA-DMA	c2
3.79119848907722e-151	-0.924867963462169	0.182	0.283	7.87280278241774e-147	CRIP1	c2
3.84458699159008e-150	1.08426040089662	0.101	0.048	7.98366934673597e-146	RPS14P3	c2
1.67393035174291e-149	-3.57447355620465	0.005	0.06	3.47608376842932e-145	CD63	c2
4.2002322524473e-149	-2.9512216292476	0.009	0.067	8.72220229543206e-145	HOPX	c2
1.46178416715194e-148	0.821372051541683	0.163	0.093	3.03554100150772e-144	PCED1B-AS1	c2
1.7342068361742e-148	1.73752752695435	0.039	0.012	3.60125391599935e-144	PASK	c2
1.0038490723611e-147	-3.29733976182853	0.007	0.062	2.08459298366505e-143	TYMP	c2
1.03565771719626e-147	-2.94663364391241	0.009	0.066	2.15064681552976e-143	ANXA2	c2
1.01816528214754e-146	0.710558021948254	0.201	0.122	2.11432202490758e-142	C12orf57	c2
5.57942116710777e-146	-6.72277612810397	0	0.05	1.1586225995616e-141	CD68	c2
1.00628643496566e-144	1.02245877104949	0.119	0.061	2.08965441084969e-140	RPS18P9	c2
7.17301389521114e-144	-1.9423325570538	0.024	0.088	1.48954806547955e-139	TSPO	c2
3.12446662536507e-141	-1.58988338568373	0.036	0.105	6.4882673942331e-137	ATP6V0C	c2
1.13415827732433e-139	-0.695852968725273	0.187	0.288	2.3551930786917e-135	ATP5E	c2
2.90970704896387e-138	-1.16245823561257	0.105	0.19	6.04229765787836e-134	CD7	c2
4.26414526829545e-138	-6.78429148241819	0.001	0.048	8.85492406414234e-134	CCL4L2	c2
6.7786526442119e-138	-0.938603180034389	0.155	0.249	1.40765500809704e-133	ND5	c2
2.3256862926369e-137	-3.0315887426265	0.008	0.061	4.82952015528979e-133	CTSC	c2
4.07325730431081e-136	1.06610178681783	0.092	0.044	8.45852611813183e-132	EIF3H	c2
1.46628920634108e-135	-1.26305884816018	0.058	0.134	3.04489616588788e-131	CD2	c2
7.60265309847028e-135	0.955847795020499	0.117	0.061	1.57876694242834e-130	RPL21P28	c2
8.68454790670098e-135	1.13540940887541	0.092	0.044	1.80343321830553e-130	SOCS3	c2
7.29706919800214e-134	-1.22826790095357	0.056	0.131	1.51530938965712e-129	ARPC1B	c2
6.19299909658689e-133	1.27638589981639	0.064	0.027	1.28603819239723e-128	TMEM123	c2
2.11622176859244e-131	-4.3171027958221	0.003	0.05	4.39454612465906e-127	ZNF683	c2
5.08485461950668e-131	0.861720203122221	0.131	0.072	1.05592091028676e-126	SNHG6	c2
1.80866137709697e-130	-5.11940657160252	0.001	0.047	3.75586621567957e-126	GRN	c2
4.10467715543349e-129	-0.376670424752927	0.861	0.892	8.52377258097318e-125	MALAT1	c2
4.61218226219361e-129	-1.46706004027335	0.042	0.109	9.57765768567126e-125	CD8B	c2
2.05262985812882e-128	-2.11230615948482	0.018	0.074	4.26249116339032e-124	CKLF	c2
2.8842939930086e-128	0.526030894029615	0.29	0.201	5.98952490588165e-124	RPL36AL	c2
7.98718298748042e-128	-0.866203153950019	0.239	0.332	1.65861841918018e-123	DNAJB1	c2
1.80319081663843e-127	0.76736199835474	0.152	0.088	3.74450604983137e-123	SNHG8	c2
1.53778607339056e-126	-2.48166470395235	0.012	0.064	3.19336656000284e-122	ID2	c2
6.37857003058939e-126	-1.66028851126998	0.03	0.092	1.32457385255219e-121	TPI1	c2
1.42442949206443e-124	-3.30383606382873	0.006	0.053	2.957970283221e-120	DUSP4	c2
2.70976262281451e-124	-1.13917310597205	0.064	0.137	5.62709306253661e-120	ALDOA	c2
9.11808527233935e-123	-7.45243132049359	0	0.042	1.89346158765399e-118	MS4A7	c2
2.293726828219e-122	0.563210863689054	0.248	0.167	4.76315313147958e-118	RPS11	c2
3.24425513940203e-122	-3.33603837470755	0.007	0.054	6.73702022248225e-118	CTSB	c2
2.04463429305361e-121	-2.64324461413342	0.01	0.059	4.24588757295513e-117	LINC00152	c2
1.56536509776648e-120	-1.98024227253092	0.018	0.073	3.25063716202188e-116	GNG5	c2
2.18517026017905e-120	-1.49208494808143	0.034	0.096	4.53772456228781e-116	TPM3	c2
6.47671102891096e-120	-1.46682811296412	0.036	0.098	1.34495381226365e-115	PSMB9	c2
4.2654877642763e-118	1.04237002300877	0.084	0.041	8.85771189129617e-114	EIF4B	c2
3.18539333666451e-117	-1.14109640949845	0.064	0.135	6.61478780291753e-113	SRSF7	c2
7.72544336759516e-117	-3.38628400497642	0.005	0.049	1.60426556971481e-112	NAMPT	c2
1.57180555669318e-116	-0.830959098491526	0.251	0.336	3.26401141902906e-112	VIM	c2
1.41356689605423e-115	0.846667861763476	0.121	0.067	2.93541301634621e-111	EIF3F	c2
6.84565548417903e-115	-0.541620720864573	0.307	0.401	1.42156881784462e-110	ACTG1	c2
1.02500309359521e-114	-1.87362206374158	0.022	0.076	2.1285214241598e-110	AHNAK	c2
2.03563561799695e-114	1.06554747818999	0.079	0.038	4.22720092433246e-110	EIF3L	c2
8.34730138210839e-114	-6.40307310801605	0	0.04	1.73340060500863e-109	KLRC2	c2
4.2871343889047e-113	-1.91018262396577	0.019	0.071	8.90266327199949e-109	GZMM	c2
5.68177165299428e-113	-1.80914446741391	0.026	0.081	1.17987670146079e-108	NEAT1	c2
2.92499727455359e-111	-1.29052007968962	0.043	0.105	6.07404934033798e-107	TCEB2	c2
2.13672840427752e-110	-2.99257874332365	0.007	0.051	4.43713020432269e-106	GLUL	c2
2.72411179348082e-110	-1.84368628816006	0.02	0.072	5.65689055034226e-106	CLEC2B	c2
3.86245773270319e-110	-6.64212710601351	0	0.038	8.02077972773144e-106	S100A12	c2
3.02332218945732e-109	-0.823885373516374	0.11	0.187	6.27823085862706e-105	CORO1A	c2
1.50209433574681e-108	-1.70133840496775	0.024	0.077	3.11924909761183e-104	CALR	c2
1.38875142673124e-107	-2.30666968341724	0.014	0.06	2.88388121275009e-103	LGALS3	c2
1.41547614459149e-107	1.5046315869523	0.038	0.013	2.9393777618587e-103	MYC	c2
1.54775704395635e-106	-6.71298497830216	0	0.037	3.21407227747975e-102	CFD	c2
1.96710115287106e-106	-5.52164615291925	0.001	0.038	4.08488225405205e-102	CYBB	c2
2.46059638414929e-106	-2.10272013599733	0.016	0.064	5.10967445132442e-102	ATF3	c2
3.53509470768287e-106	-2.02639277186955	0.016	0.064	7.34097766997424e-102	SAMSN1	c2
1.08192751549306e-105	-3.0937003223142	0.005	0.046	2.24673067867288e-101	ANXA5	c2
7.51321818203266e-105	-7.50564013050415	0	0.036	1.5601948876809e-100	CD14	c2
3.43757923362716e-104	-1.62591680918836	0.034	0.089	7.13847703655017e-100	EGR1	c2
4.42979223937756e-103	-1.91916238315799	0.024	0.075	9.19890656429144e-99	TUBA1B	c2
4.76679885452911e-103	-8.99212256626045	0	0.035	9.89873450131514e-99	FGFBP2	c2
6.76161972500052e-103	-3.20347680893012	0.005	0.044	1.40411795209361e-98	TNFRSF1B	c2
1.98036087494204e-102	1.37585787294878	0.042	0.016	4.11241739290464e-98	AQP3	c2
1.28238571342399e-100	-0.720496215019229	0.128	0.205	2.66300217249625e-96	DDX5	c2
1.17603544776189e-99	-0.972011341556938	0.074	0.14	2.44215521082234e-95	EMP3	c2
1.40731348745004e-99	-7.31982992528244	0	0.034	2.92242718803876e-95	FCGR3A	c2
2.10843506678182e-99	-6.57401909249294	0	0.035	4.37837625967913e-95	MNDA	c2
1.03029245718783e-97	0.927154264668948	0.087	0.045	2.13950531659626e-93	AES	c2
7.21069868675792e-97	-0.670197715545981	0.398	0.472	1.49737368929215e-92	FOS	c2
1.27164427283698e-96	-6.09805259457176	0	0.034	2.64069649697328e-92	FGL2	c2
6.83368105377245e-96	-0.988224016757027	0.073	0.137	1.41908220762639e-91	HMGB1	c2
1.19875114635487e-95	-2.28625965569975	0.011	0.052	2.48932663052053e-91	CD97	c2
6.01771533853456e-95	-2.51772372050781	0.009	0.048	1.24963876720009e-90	CXCL13	c2
1.55289077267923e-94	-1.21232590543312	0.046	0.103	3.2247329785457e-90	DNAJA1	c2
2.83076917119067e-94	-1.95757370041219	0.016	0.059	5.87837526089454e-90	PHLDA1	c2
3.86957907206583e-94	-1.15608932692882	0.047	0.104	8.0355679010519e-90	CD44	c2
6.84094983604217e-94	2.14971724555929	0.016	0.004	1.42059164295252e-89	LOC102724246	c2
9.23549977965662e-94	0.489393328244722	0.254	0.181	1.91784388424349e-89	COX4I1	c2
1.86759774920656e-93	-0.701071820074373	0.371	0.437	3.87825348600234e-89	JUN	c2
4.07684297773466e-93	-1.61178244825731	0.024	0.071	8.4659721275638e-89	LITAF	c2
6.47620764120608e-92	-1.92078561778828	0.015	0.058	1.34484927877285e-87	FKBP1A	c2
3.09085714933876e-91	-0.961604570359582	0.066	0.126	6.41847395631686e-87	HNRNPA2B1	c2
5.63652075143418e-91	-1.72179621701668	0.021	0.065	1.17047989924282e-86	JUND	c2
4.03535271384538e-90	-3.57195426454509	0.003	0.037	8.37981344557132e-86	APOBEC3G	c2
1.06728685273037e-89	-2.31652996590483	0.01	0.048	2.21632787837989e-85	CAP1	c2
4.86641843593802e-89	0.542703018194344	0.209	0.144	1.01056045240689e-84	COMMD6	c2
5.40480163616754e-89	-2.00681805216306	0.013	0.054	1.12236110776655e-84	FLNA	c2
1.12489238779978e-88	-3.85277842075755	0.003	0.035	2.33595153250503e-84	LAG3	c2
1.69388306393172e-88	-1.61447108170103	0.022	0.066	3.51751757056062e-84	TMBIM6	c2
1.86627778385899e-88	-1.01129103345532	0.059	0.117	3.87551244596159e-84	RARRES3	c2
4.28172779484798e-88	-1.19911927690695	0.044	0.096	8.8914359387813e-84	LY6E	c2
8.50754374736581e-88	-0.604477556635087	0.28	0.356	1.76667653457798e-83	TSC22D3	c2
9.44852685088385e-88	-2.38671460009409	0.009	0.046	1.96208108585454e-83	RHOC	c2
1.72214525025073e-87	-1.12660298971126	0.047	0.101	3.57620682667067e-83	SUB1	c2
2.622149914263e-87	-7.71012448761211	0	0.03	5.44515651195854e-83	MAFB	c2
2.68221582040166e-87	-1.02685065162127	0.064	0.122	5.5698893726461e-83	ZFP36L1	c2
6.70621568133191e-87	0.92912332232514	0.076	0.04	1.39261274838538e-82	SMDT1	c2
1.66689051286303e-86	-2.19951772585945	0.01	0.048	3.46146483901138e-82	MSN	c2
4.47475795235872e-86	-8.80074540402758	0	0.03	9.29228236386813e-82	C1QA	c2
5.22742555773365e-86	-5.08289889478649	0.001	0.031	1.08552719131897e-81	DUSP6	c2
1.3803320494438e-85	-6.0390919986483	0	0.03	2.86639753387499e-81	SPI1	c2
2.37215069531227e-85	-1.30288418788803	0.033	0.08	4.92600813388547e-81	COX8A	c2
3.14159482787825e-85	-0.846124327644681	0.078	0.139	6.52383581957197e-81	YWHAZ	c2
4.11690339792209e-84	-0.750083675223408	0.102	0.168	8.54916159612502e-80	RAC2	c2
9.88011404844016e-84	-1.73577635972257	0.017	0.057	2.05170448329908e-79	DBI	c2
1.89006921114432e-83	-3.15607747560653	0.004	0.036	3.92491772386229e-79	CMC1	c2
2.21259037798101e-83	-8.46430772076433	0	0.029	4.59466517891536e-79	CXCL8	c2
3.59915899389638e-83	-0.86425048633959	0.081	0.142	7.47401356672521e-79	ANXA1	c2
2.14008761292201e-82	-4.59613293227175	0.002	0.031	4.44410593699385e-78	PLAUR	c2
3.4631444391972e-82	-2.43601867633291	0.008	0.042	7.1915657424369e-78	TKT	c2
6.17578700011293e-82	-6.02154684619246	0	0.029	1.28246392844345e-77	KLRC3	c2
6.93470027723476e-82	-8.95338754553119	0	0.028	1.44005985957057e-77	LINC01272	c2
1.19877206204401e-81	-9.48941309636161	0	0.028	2.4893700640406e-77	IL1B	c2
1.80946483560132e-81	-2.30340361989343	0.01	0.045	3.75753467760971e-77	CAPG	c2
1.48966429946139e-80	-3.09004636961168	0.004	0.036	3.09343688426153e-76	ITM2C	c2
8.71353644033246e-80	-0.928937099157004	0.065	0.121	1.80945297719944e-75	IL2RG	c2
5.49120316572267e-79	-1.38425328060589	0.028	0.071	1.14030324939397e-74	PSME2	c2
4.84245478010244e-78	-0.9167057475471	0.061	0.115	1.00558415963607e-73	MYL12B	c2
5.03038077304828e-78	-1.9846868747241	0.014	0.051	1.04460887133121e-73	LOC101060038	c2
1.59182531619505e-77	0.222009109192949	0.412	0.322	3.30558445161064e-73	IFITM1	c2
3.50829729360198e-77	-0.700786030513074	0.125	0.19	7.28533015989388e-73	CD3D	c2
7.21473794804965e-77	-8.15914206714681	0	0.027	1.49821248229199e-72	C1QB	c2
1.41579984271192e-76	-2.12377960033919	0.01	0.044	2.94004995337558e-72	CARD16	c2
9.18089858908995e-76	-2.35760741547087	0.008	0.04	1.90650540101042e-71	C12orf75	c2
1.52740655381556e-75	-1.46100158270215	0.025	0.066	3.1718124496534e-71	CLDND1	c2
1.86553212813877e-75	-4.51731175775258	0.001	0.028	3.87396401729296e-71	APLP2	c2
5.34582024410048e-75	-0.9718051170573	0.059	0.11	1.11011303188991e-70	PPIB	c2
8.58651993986568e-75	-2.69516863676832	0.005	0.036	1.78307673071251e-70	PYCARD	c2
9.49505177488296e-75	-1.58242837938872	0.019	0.057	1.9717424515722e-70	RAP1B	c2
1.49336181131758e-74	-1.44771812215882	0.034	0.078	3.10111513738208e-70	HERPUD1	c2
2.76384108544306e-74	-0.699113408303885	0.129	0.192	5.73939239803106e-70	ITM2B	c2
5.49801658219392e-74	-4.8625499775002	0.001	0.027	1.14171812345839e-69	ZEB2	c2
6.80844296266119e-74	-1.44472531570186	0.025	0.065	1.41384126562622e-69	PKM	c2
4.25137982655326e-73	-8.34996643811571	0	0.025	8.82841534782051e-69	CSTA	c2
4.97183063814149e-73	-6.36196646605236	0	0.025	1.03245035031646e-68	FGR	c2
5.78369179948535e-73	-0.765930989532792	0.105	0.165	1.20104143908113e-68	PPP1R15A	c2
5.90561249407642e-73	-7.23352656734419	0	0.026	1.22635949051991e-68	C1QC	c2
1.06472252511976e-72	-1.611843398088	0.018	0.055	2.21100279566369e-68	PPP1CA	c2
1.09012633390333e-72	-4.03448120297318	0.002	0.028	2.26375634498366e-68	FCGRT	c2
1.1295950281793e-72	-2.37722378825967	0.007	0.038	2.34571703551714e-68	IQGAP1	c2
2.19628737870109e-72	-5.42280673353789	0.001	0.026	4.56081037061068e-68	PLEK	c2
4.90783496526982e-72	-1.52073315422715	0.02	0.058	1.01916100888793e-67	VAMP8	c2
7.83123539791968e-72	-1.9440447013138	0.012	0.045	1.626234342732e-67	SH2D2A	c2
1.05856748357678e-71	-2.9763245928435	0.004	0.032	2.19822123639555e-67	LYST	c2
1.2409002660646e-71	-0.50525679321038	0.266	0.336	2.57685349250974e-67	BTG1	c2
2.52734446600101e-71	-2.3474523720428	0.01	0.042	5.2482835180977e-67	IER3	c2
2.92888281944133e-71	-1.7813269750212	0.014	0.048	6.08211806285186e-67	CD96	c2
2.35111074731798e-70	-0.892780630076611	0.059	0.108	4.88231657788051e-66	UBL5	c2
2.88002588255329e-70	-1.3676620282299	0.024	0.063	5.98066174771017e-66	CD53	c2
4.50059267162458e-70	-2.24539339211115	0.008	0.038	9.3459307418956e-66	SLC9A3R1	c2
1.59023557810103e-69	0.572677282070292	0.149	0.1	3.30228320148459e-65	SNRPD2	c2
1.66983616654931e-69	-1.86389156763666	0.017	0.052	3.46758178345629e-65	HSP90B1	c2
9.02761712733386e-69	-1.29449403408932	0.028	0.067	1.87467497266215e-64	PGK1	c2
1.69518008334211e-68	-2.0675585654505	0.012	0.044	3.52021096106822e-64	BCL2A1	c2
8.36809990289936e-68	-0.957347732044445	0.049	0.095	1.73771962583608e-63	RNASEK	c2
8.55097495632845e-68	1.81006844464302	0.016	0.005	1.77569545943117e-63	USP10	c2
1.0934418757383e-67	-1.74970237009975	0.014	0.047	2.27064139915816e-63	GNG2	c2
1.14410640978153e-67	-1.81358741872892	0.013	0.045	2.37585137055233e-63	ATP6V0B	c2
1.20166931936479e-67	2.3093407095078	0.01	0.002	2.49538650859293e-63	ADTRP	c2
1.42387082384039e-67	-0.962223952833402	0.049	0.094	2.95681015278695e-63	YWHAB	c2
2.47965464360652e-67	-1.75811348968662	0.014	0.046	5.14925083291331e-63	PRELID1	c2
3.03382363740743e-67	-1.55805920760928	0.019	0.054	6.30003816544026e-63	HSPH1	c2
3.17612056083706e-67	-1.20371236038195	0.031	0.07	6.59553195663424e-63	CAPZB	c2
5.65375879490566e-67	-3.65413227964435	0.002	0.027	1.17405955135011e-62	CLIC3	c2
2.09306031568232e-66	0.888123374084712	0.065	0.035	4.34644905154591e-62	NSA2	c2
2.69868970739875e-66	0.68816607568409	0.095	0.057	5.60409904638424e-62	KLF2	c2
2.72328317686154e-66	-5.7761074173743	0	0.023	5.65516984507067e-62	LGALS2	c2
4.97688327686409e-66	-1.68016524757365	0.015	0.047	1.0334995812736e-61	DYNLL1	c2
7.81992754612151e-66	-1.13686985386878	0.033	0.074	1.62388615422759e-61	NDUFA13	c2
1.42383076837432e-65	-0.584458140341202	0.133	0.193	2.95672697360611e-61	LAPTM5	c2
2.3178268648061e-65	0.586975176924714	0.136	0.091	4.81319926745635e-61	UQCRB	c2
3.82963492111869e-65	-4.61659703483146	0.001	0.024	7.95261987719506e-61	KLRC1	c2
5.08386005569277e-65	0.798704831186045	0.076	0.044	1.05571437916516e-60	UXT	c2
1.18572376701887e-64	-1.06901270992562	0.038	0.079	2.46227397459138e-60	GUK1	c2
3.27924505894899e-64	-1.06693191603054	0.043	0.085	6.80968028941348e-60	TUBA1A	c2
8.98156272159341e-64	-1.16276112587499	0.032	0.07	1.86511131476609e-59	SRSF3	c2
9.84515920037044e-64	-1.29875926234734	0.025	0.061	2.04444575954892e-59	PSMA7	c2
1.22358792514282e-63	-2.38036791336565	0.006	0.033	2.54090268535159e-59	SYTL3	c2
2.13499777768114e-63	2.09958255633823	0.011	0.003	4.43353638513266e-59	SH3YL1	c2
3.8982237537259e-63	-0.621296330437241	0.178	0.24	8.0950514469872e-59	IER2	c2
3.94993271426252e-63	-0.690062822325023	0.447	0.498	8.20243027443755e-59	FTH1	c2
3.998125399903e-63	-8.15201820012848	0	0.022	8.30250720543858e-59	CLEC7A	c2
5.37877876842784e-63	-0.962247510142497	0.057	0.103	1.11695719905172e-58	NR4A1	c2
5.70872159523648e-63	-1.72627168588249	0.013	0.044	1.18547312646681e-58	ZYX	c2
1.21921474374142e-62	-1.9538524061896	0.023	0.057	2.53182133685344e-58	TIMP1	c2
1.43953025231719e-62	-2.04978639145195	0.014	0.044	2.98932852196188e-58	MTRNR2L2	c2
1.63537537252177e-62	-2.80804825132858	0.004	0.029	3.39602049857871e-58	KLRK1	c2
3.33747033423282e-62	-1.65143140194824	0.015	0.046	6.93059089606788e-58	TIGIT	c2
1.48171084761283e-61	-1.11983455285786	0.032	0.07	3.07692074615281e-57	POLR2L	c2
2.21117370492767e-61	-1.05210999636818	0.051	0.094	4.59172331565279e-57	HMGN2	c2
3.37728038640701e-61	-0.760217144531343	0.071	0.119	7.0132604504128e-57	UQCR11	c2
5.57908560737398e-61	-0.965436764448987	0.044	0.086	1.15855291722728e-56	COX6A1	c2
7.2051893122913e-61	-1.7854135329045	0.012	0.041	1.49622961259041e-56	SDCBP	c2
8.1562056307459e-61	-1.48683428978094	0.018	0.05	1.69371766128069e-56	C10orf54	c2
9.03390339048577e-61	-1.20567407625546	0.027	0.063	1.87598037806828e-56	CDC42	c2
1.0968040050745e-60	-2.40335967274502	0.006	0.031	2.27762319693771e-56	RUNX3	c2
1.39822713194552e-60	-1.72985866481065	0.013	0.042	2.90355846219808e-56	LCP2	c2
1.52760713839789e-60	-5.00199748975581	0.001	0.022	3.17222898359705e-56	CFP	c2
3.31765808528209e-60	-1.57112204044312	0.018	0.049	6.88944877989678e-56	HSPA5	c2
3.46040797104535e-60	-1.62349352128365	0.015	0.045	7.18588319267278e-56	ARPC5	c2
6.82784073952596e-60	-1.13189769059308	0.032	0.069	1.41786940796996e-55	STK17B	c2
6.85777819607181e-60	-2.81833912378638	0.004	0.028	1.42408622019627e-55	MIR4435-1HG	c2
7.05588683113247e-60	-3.11225116444383	0.004	0.028	1.46522545935297e-55	FABP5	c2
1.40262622212112e-59	-2.38556289074262	0.006	0.031	2.91269361285672e-55	AP2S1	c2
1.55021016768162e-59	-1.4284639047698	0.019	0.051	3.21916643420765e-55	HCLS1	c2
2.24490549253209e-59	-1.69413876089603	0.014	0.043	4.66177074579215e-55	RNF213	c2
3.32605545893671e-59	-0.470416357041363	0.176	0.238	6.90688676602797e-55	ARHGDIB	c2
3.88575241780619e-59	-0.433397101931919	0.713	0.711	8.06915347081634e-55	ND3	c2
6.13890372792273e-59	-8.13183545120097	0	0.02	1.27480474814043e-54	C5AR1	c2
7.24367331981888e-59	-1.50474258516357	0.017	0.048	1.50422120159359e-54	SEPT7	c2
1.84279797101003e-58	-1.72763170810068	0.013	0.041	3.82675426659942e-54	PGAM1	c2
3.9345768648929e-58	-0.747983334564046	0.069	0.115	8.17054231763661e-54	CHCHD2	c2
7.70161163851831e-58	1.95184564943349	0.012	0.003	1.59931667285471e-53	TAF4B	c2
2.84030565420874e-57	-8.17566665879447	0	0.02	5.89817872152987e-53	CPVL	c2
3.58973941500784e-57	-1.03999092836883	0.035	0.073	7.45445286920528e-53	C9orf142	c2
3.79288763386934e-57	-1.45188778908206	0.018	0.048	7.87631046049308e-53	MYH9	c2
6.54229382341664e-57	-1.22177897036518	0.025	0.059	1.3585727353707e-52	STK17A	c2
7.16049386150034e-57	-1.64656019476228	0.013	0.042	1.48694815527916e-52	WIPF1	c2
1.10075331332206e-56	-4.8797162358716	0.001	0.021	2.2858243304446e-52	AOAH	c2
1.43682244497512e-56	-1.82162972218689	0.01	0.037	2.98370548923533e-52	PARP8	c2
1.80882156418797e-56	-1.86509473443723	0.01	0.037	3.75619886019275e-52	PTP4A2	c2
3.15959446969094e-56	-1.26151808541639	0.029	0.063	6.5612138757602e-52	CSTB	c2
3.35998334055416e-56	-4.34272943030597	0.001	0.022	6.97734140499478e-52	G0S2	c2
1.41328116036469e-55	-1.30715001539589	0.021	0.053	2.93481965761332e-51	DRAP1	c2
1.95482904169595e-55	-2.95614196929905	0.003	0.025	4.05939798798582e-51	IFNGR1	c2
2.28943131823324e-55	-1.29126674610016	0.024	0.056	4.75423307544315e-51	PRDX1	c2
3.79407009573963e-55	-2.48420727820203	0.005	0.028	7.87876596081291e-51	GNAI2	c2
4.56935749251779e-55	-1.28068127764295	0.022	0.054	9.48872776896244e-51	RABAC1	c2
6.40582439749222e-55	-0.80259155053687	0.065	0.109	1.33023349438323e-50	NR4A2	c2
1.12295020913238e-54	-6.9894176330223	0	0.019	2.3319184042843e-50	TMEM176B	c2
1.84180307574574e-54	-0.672638640378119	0.082	0.129	3.82468826709359e-50	SRP14	c2
2.07637728769531e-54	-8.09564199028438	0	0.019	4.31180507562808e-50	CD163	c2
2.09768853179067e-54	-2.69459983103552	0.004	0.026	4.3560600051165e-50	ASAH1	c2
2.30100168288494e-54	-7.90786526005322	0	0.019	4.77826009467887e-50	MPEG1	c2
2.56983720352018e-54	-1.52493901677744	0.015	0.043	5.33652393683001e-50	PDIA3	c2
3.40362152100377e-54	-2.64540372572971	0.004	0.026	7.06796045051643e-50	AMICA1	c2
3.45069437867221e-54	-1.71821580331396	0.015	0.044	7.16571194675071e-50	TXN	c2
4.32950941184504e-54	-2.69460534018612	0.004	0.026	8.99065924463741e-50	IL2RB	c2
4.45644244089878e-54	-1.62136404193566	0.013	0.041	9.2542483727704e-50	BST2	c2
5.12154839961352e-54	-2.02362396042889	0.008	0.032	1.06354074066374e-49	AKAP13	c2
1.00165405034779e-53	-0.620674254218333	0.125	0.177	2.08003480095222e-49	HSP90AB1	c2
1.08983561631551e-53	-1.5680423911801	0.014	0.042	2.26315264084078e-49	FYN	c2
1.70658966755327e-53	-1.65313108775432	0.015	0.043	3.54390410364111e-49	HMGB2	c2
2.05607128872734e-53	-1.72918888966597	0.012	0.038	4.26963763817119e-49	MYADM	c2
7.99061607038297e-53	-1.78663751272818	0.01	0.036	1.65933133317573e-48	POMP	c2
8.87883317100655e-53	-3.06305717321556	0.003	0.023	1.84377849629122e-48	PPT1	c2
1.03252221661586e-52	-0.793490589401795	0.058	0.099	2.14413563502449e-48	CYTIP	c2
1.08823338112294e-52	-1.99305982876385	0.008	0.032	2.25982543923989e-48	SERPINB1	c2
1.88618161960981e-52	0.971452893847998	0.048	0.025	3.91684475128173e-48	RPS4Y1	c2
1.99571771626125e-52	-2.37656655501406	0.005	0.027	4.1443074095881e-48	CBLB	c2
4.03164051605775e-52	-6.36544775468227	0	0.018	8.37210469564552e-48	CXCL2	c2
4.70040689322283e-52	-3.03224971622975	0.003	0.023	9.76086495446652e-48	ZFAND5	c2
4.79006888956032e-52	-0.275019790701735	0.43	0.491	9.94705705606097e-48	EIF1	c2
5.4197575212918e-52	-2.27799286104833	0.006	0.028	1.12546684687146e-47	RBPJ	c2
6.40746465286319e-52	-7.89677229180136	0	0.018	1.33057410981357e-47	LILRB2	c2
1.29143716696174e-51	-5.89305560007408	0	0.018	2.68179842091274e-47	PECAM1	c2
1.50468915534167e-51	-1.24771387836754	0.022	0.052	3.12463749998251e-47	ATP5J2	c2
1.53929966930633e-51	-2.72330780124095	0.004	0.025	3.19650969328152e-47	PLIN2	c2
2.46031791070637e-51	-1.04191348145156	0.04	0.075	5.10909617337285e-47	H2AFZ	c2
5.20669425323297e-51	-2.58265150285815	0.004	0.025	1.08122212862636e-46	PTPN22	c2
1.06088880662338e-50	-2.61631081420938	0.004	0.025	2.2030416958341e-46	CTSH	c2
1.52075197894556e-50	0.474757224028088	0.154	0.11	3.15799355947835e-46	SLC25A6	c2
1.76226205781074e-50	-3.43661460619308	0.002	0.021	3.65951338924979e-46	KLRC4	c2
2.34793460457288e-50	-0.535168048141797	0.126	0.177	4.87572099985605e-46	CALM1	c2
2.80940356267655e-50	-2.65904669608574	0.004	0.024	5.83400743825413e-46	ANKRD28	c2
2.8482188332358e-50	-1.44638581276707	0.016	0.043	5.91461122909746e-46	GLIPR1	c2
6.32934404619868e-50	-4.59043218238377	0.001	0.018	1.31435158463362e-45	HLA-DRB3	c2
7.72794817055972e-50	-1.27494086874614	0.021	0.05	1.60478571709843e-45	NR3C1	c2
1.36340684142427e-49	-4.05164307570607	0.001	0.019	2.83125064690165e-45	PTMS	c2
1.52166790454566e-49	-6.79599878459159	0	0.017	3.15989557057953e-45	SLC11A1	c2
1.63307433649948e-49	-6.79644098997157	0	0.017	3.39124216717482e-45	CSF1R	c2
1.82384514680028e-49	-1.44112016521417	0.015	0.042	3.78739683184546e-45	PSMB10	c2
4.69415634513207e-49	-1.89978860925495	0.008	0.031	9.74788506630126e-45	TPM4	c2
5.81899183607978e-49	-2.69818546910561	0.004	0.023	1.20837184468033e-44	PDCD1	c2
1.17619248835483e-48	-1.99250857162486	0.007	0.03	2.44248132131765e-44	TCIRG1	c2
1.503378342967e-48	-2.04266569101037	0.007	0.029	3.12191546700528e-44	KLRG1	c2
2.93268538326631e-48	-3.2221136582124	0.002	0.02	6.09001446689081e-44	ABI3	c2
4.0360889671106e-48	-1.16216288576545	0.025	0.055	8.38134234910188e-44	CD247	c2
4.22868158151996e-48	-0.723583604818968	0.062	0.101	8.78128017218434e-44	SUMO2	c2
6.14409494969948e-48	-3.24931754779048	0.002	0.02	1.27588275725459e-43	CXCR6	c2
7.62772605423129e-48	-1.3337408037751	0.018	0.045	1.58397359242167e-43	ARF5	c2
7.65104135278053e-48	-3.4816431375534	0.002	0.019	1.5888152473184e-43	KLF4	c2
1.03006311007214e-47	-5.7139216108358	0	0.017	2.1390290543758e-43	HMOX1	c2
1.13317168871418e-47	-2.16856792598252	0.006	0.027	2.35314432878386e-43	CXCR3	c2
3.41899494502884e-47	-1.02602202938847	0.031	0.062	7.09988490284688e-43	CCNL1	c2
3.5176717701403e-47	-1.37814728876791	0.017	0.043	7.30479719787335e-43	WSB1	c2
3.6002836174879e-47	-1.13921977940532	0.025	0.054	7.47634896007538e-43	PARK7	c2
3.88184038518741e-47	-0.45557839675498	0.193	0.247	8.06102974388017e-43	MYL12A	c2
4.31899955734673e-47	-2.0756395632227	0.007	0.028	8.96883448078622e-43	ITGAE	c2
4.54589661042822e-47	-3.2812992424681	0.002	0.02	9.44000890121523e-43	TNFSF9	c2
4.84062022526688e-47	-1.85866553112974	0.008	0.03	1.00520319597892e-42	ARPC5L	c2
5.80845206514332e-47	-0.9552200870183	0.038	0.071	1.20618315584766e-42	TUBA4A	c2
6.66294711801376e-47	-1.0498015701262	0.03	0.061	1.38362759852674e-42	ITM2A	c2
7.70399729215981e-47	-2.13830592404311	0.006	0.027	1.59981207768991e-42	MAP3K8	c2
9.35297537841935e-47	-1.06388918992609	0.028	0.058	1.94223886708256e-42	PSMB8	c2
1.11141834882123e-46	-1.46011652862918	0.014	0.039	2.30797134316217e-42	PPP1R18	c2
1.22920044815719e-46	-1.06678404151374	0.029	0.06	2.55255765064322e-42	ENO1	c2
2.10099859854097e-46	-1.2543922850405	0.02	0.047	4.36293368973019e-42	WDR83OS	c2
2.30696400125641e-46	-1.01069588456368	0.031	0.062	4.79064144500905e-42	PRR13	c2
3.13432247100679e-46	-3.59516500533783	0.002	0.019	6.5087340432927e-42	HLA-DRB5	c2
3.89198919726887e-46	-2.04415255958172	0.007	0.027	8.08210476704853e-42	SH2D1A	c2
5.2780265092143e-46	-1.08131092596205	0.046	0.081	1.09603498490344e-41	HSPB1	c2
7.10223331553819e-46	-2.98732984705232	0.003	0.02	1.47484977030466e-41	AGTRAP	c2
7.4811591464655e-46	-2.92109996590759	0.003	0.021	1.55353750835503e-41	MATK	c2
9.87388335016591e-46	0.982932838608122	0.036	0.018	2.05041061649545e-41	RSL1D1	c2
9.91071527024502e-46	-0.934470439280829	0.048	0.083	2.05805913301908e-41	CITED2	c2
1.05008179288211e-45	-2.79490811766614	0.003	0.022	2.18059985109899e-41	XIST	c2
2.69062697203988e-45	-3.54190842381136	0.001	0.018	5.58735597013802e-41	CEBPD	c2
4.12657043051172e-45	-1.50659991934949	0.013	0.037	8.56923615600065e-41	PVRIG	c2
4.1886440639576e-45	-1.65985092804824	0.01	0.033	8.69813826321435e-41	SEC11A	c2
5.22204944562324e-45	-0.696756983335108	0.062	0.1	1.08441078787812e-40	DAZAP2	c2
6.75849667088235e-45	-1.2957943584179	0.018	0.043	1.40346941867543e-40	RHOG	c2
7.55440052982968e-45	-5.32821354984901	0	0.016	1.56874681402443e-40	SPON2	c2
9.67350030317994e-45	-1.01718821066765	0.029	0.058	2.00879907295835e-40	ATP6V0E1	c2
1.44630677401961e-44	-1.05691784115624	0.027	0.055	3.00340064692912e-40	ACTR3	c2
1.5179518039596e-44	0.90997577918417	0.041	0.022	3.1521787161025e-40	EIF2S3	c2
1.64856941007389e-44	-1.44376401355085	0.014	0.038	3.42341923695945e-40	PTPN6	c2
2.18401214088663e-44	-0.970790109200793	0.041	0.074	4.53531961176518e-40	ND6	c2
2.47933475653191e-44	-2.12661439220675	0.007	0.028	5.14858655541417e-40	TNFRSF18	c2
4.1257062136739e-44	-0.640390589130546	0.076	0.116	8.56744152331521e-40	EVL	c2
5.9828541510604e-44	-1.06805720637964	0.026	0.054	1.2423994930092e-39	ATP5G3	c2
1.44046770101501e-43	-5.63423272220664	0	0.015	2.99127522792778e-39	HLA-DRB6	c2
1.47801450781644e-43	-1.49928254230308	0.013	0.036	3.06924492693163e-39	LRRFIP1	c2
1.73091758550156e-43	-1.46265219284328	0.014	0.037	3.59442345805255e-39	PMAIP1	c2
2.02205984024137e-43	-3.19550746923921	0.002	0.018	4.19900946424524e-39	HLA-DMB	c2
2.13439482328395e-43	-2.68758746302234	0.003	0.02	4.43228429003146e-39	SPRY1	c2
2.60253612727489e-43	-0.912656334729983	0.036	0.067	5.40442652189904e-39	H3F3AP4	c2
3.10127157688725e-43	-3.2813834898938	0.002	0.018	6.44010055656406e-39	PTPRE	c2
3.16262279649092e-43	-5.04033709671548	0	0.016	6.56750249919305e-39	CD9	c2
3.31928957685363e-43	-1.17062910268114	0.023	0.049	6.89283673529425e-39	TUBB4B	c2
5.21454982409513e-43	0.796093373884575	0.052	0.03	1.0828534164716e-38	ARHGAP15	c2
6.07027219120527e-43	-2.52369455459825	0.004	0.022	1.26055272322569e-38	ACP5	c2
6.66770989203448e-43	-1.43224651153203	0.014	0.038	1.38461663617988e-38	HNRNPU	c2
8.2899649685776e-43	-1.10558694378014	0.024	0.051	1.72149412537482e-38	C14orf2	c2
9.99101832357825e-43	-7.56688291121131	0	0.014	2.07473486507426e-38	CD36	c2
1.27999262294012e-42	-0.708625914203276	0.058	0.094	2.65803268079745e-38	ATP5I	c2
1.44209122978629e-42	-1.15093879097683	0.038	0.068	2.99464664777421e-38	TNF	c2
2.50884880965899e-42	-1.63621037164708	0.01	0.031	5.20987543813787e-38	ACTR2	c2
2.72272363587068e-42	-5.04679434128131	0	0.015	5.65400790224906e-38	CXCL16	c2
7.09791655862066e-42	-0.842519354321027	0.039	0.071	1.47395335256317e-37	HNRNPK	c2
7.16136210769798e-42	-2.07896844366303	0.006	0.024	1.48712845528456e-37	GLIPR2	c2
7.16545776756139e-42	-7.5248035144144	0	0.014	1.4879789600118e-37	KCTD12	c2
8.5927327694905e-42	-2.73412249013364	0.003	0.02	1.7843668869124e-37	GABARAPL1	c2
8.86005108573043e-42	-7.81022854243198	0	0.014	1.83987820846278e-37	SEPP1	c2
1.15876843775158e-41	-6.4081248853712	0	0.015	2.40629853783493e-37	C15orf48	c2
1.31412186997913e-41	-1.36709690296243	0.014	0.037	2.72890547519867e-37	COPE	c2
2.0489942868792e-41	0.346133181167018	0.222	0.175	4.25494153613334e-37	PCBP2	c2
3.452865926718e-41	-1.4103552826836	0.017	0.04	7.1702213834226e-37	ISG15	c2
3.50962971364611e-41	-0.871560463590496	0.036	0.066	7.28809706335751e-37	USMG5	c2
4.07478162809279e-41	-1.7650437248242	0.008	0.028	8.46169152889749e-37	ARHGAP9	c2
4.63602944053951e-41	-1.80825717033297	0.008	0.028	9.62717873622435e-37	CTLA4	c2
4.81689184407065e-41	-1.79660569850441	0.008	0.027	1.00027576033971e-36	TALDO1	c2
5.03045396863477e-41	-4.05814837283194	0.001	0.016	1.0446240711267e-36	RNF130	c2
6.62025759857583e-41	-1.0474758136029	0.026	0.053	1.37476269292026e-36	CCNH	c2
6.96681647701009e-41	0.113997946335708	0.558	0.493	1.44672910961591e-36	JUNB	c2
7.16309829331018e-41	-0.40682559091871	0.185	0.235	1.48748899158879e-36	PTPRCAP	c2
8.75931515348095e-41	-1.61334840035352	0.01	0.031	1.81895938477185e-36	BLOC1S1	c2
1.07656895288983e-40	-0.531356428614718	0.097	0.139	2.23560308757102e-36	PSME1	c2
1.08747078611502e-40	-0.965847569847307	0.03	0.058	2.25824183444645e-36	NDUFB2	c2
1.54815010877599e-40	-1.4244060228004	0.013	0.035	3.21488851588422e-36	WDR1	c2
1.80767945933577e-40	-0.409910679581445	0.166	0.214	3.75382716525665e-36	PPDPF	c2
2.28347771749999e-40	-1.72277612810397	0.009	0.028	4.74186982816048e-36	GBP5	c2
2.57405254509385e-40	-6.47870709982495	0	0.014	5.34527751514189e-36	GPR56	c2
2.84419378737758e-40	-2.39192541771893	0.004	0.021	5.90625281886828e-36	LINC00936	c2
2.96196173818022e-40	-6.77101642803425	0	0.014	6.15080974550505e-36	CCL3L1	c2
2.96554639431864e-40	-2.87474598547136	0.002	0.018	6.15825364244208e-36	MYO1F	c2
3.55759099038404e-40	-1.18438153553176	0.021	0.046	7.3876934506315e-36	SYNGR2	c2
7.64100544367376e-40	-1.30633518639778	0.015	0.038	1.58673119043329e-35	SH3BGRL	c2
1.01461440143527e-39	0.545666068776976	0.097	0.066	2.10694826602048e-35	SSR2	c2
1.17178682099813e-39	-0.725460229865128	0.057	0.091	2.43333251248472e-35	HSPE1	c2
1.31637851781956e-39	0.436185103646039	0.144	0.107	2.7335916301041e-35	EIF3K	c2
1.33929175999387e-39	-0.668246952550506	0.06	0.095	2.78117326880327e-35	COX6B1	c2
1.3986565181682e-39	-0.765071563772632	0.045	0.077	2.90445012562809e-35	PCBP1	c2
1.75701891283513e-39	-1.33350273506526	0.015	0.037	3.64862547439342e-35	ATP6V1F	c2
2.36708270548643e-39	-2.97146759518627	0.002	0.018	4.91548394621312e-35	LOC101928173	c2
2.49380978300108e-39	-1.12750530858417	0.021	0.045	5.17864539538005e-35	EIF4G2	c2
2.58726772985658e-39	-6.95021155076282	0	0.014	5.37272016782017e-35	RNASE1	c2
2.74673655026042e-39	-1.43170176700995	0.012	0.033	5.70387312027079e-35	TMBIM4	c2
3.61136444961246e-39	0.757939014268606	0.05	0.03	7.49935941606524e-35	PIM1	c2
3.6503466920841e-39	-1.88782100211052	0.007	0.025	7.58030994078185e-35	PDIA6	c2
3.97173815345858e-39	-1.19993107918829	0.018	0.041	8.24771144947208e-35	ATP5B	c2
4.28489793815098e-39	-1.20282523811591	0.018	0.041	8.89801905836432e-35	DDX3X	c2
4.93534716371188e-39	-0.913329461337561	0.031	0.059	1.02487419201641e-34	NDUFA1	c2
5.59195819150813e-39	-1.27742020584923	0.016	0.038	1.16122603804858e-34	COX5A	c2
5.88699774692165e-39	-1.32668803331685	0.014	0.036	1.22249395212575e-34	NOP10	c2
6.36413688440813e-39	-0.963148083060804	0.031	0.059	1.32157666541619e-34	SQSTM1	c2
9.05679942498224e-39	-1.06765259817282	0.023	0.048	1.88073496859181e-34	HNRNPA3	c2
1.11839922117699e-38	-1.10206242639695	0.022	0.047	2.32246782269614e-34	ARF6	c2
1.29950953273862e-38	-1.09219137120801	0.022	0.047	2.69856149568503e-34	CELF2	c2
2.12204456641741e-38	-1.20177345345998	0.018	0.041	4.40663774662238e-34	YWHAQ	c2
2.16994178009766e-38	-0.817400077191712	0.04	0.069	4.5061011005508e-34	SLC25A5	c2
2.80579199232615e-38	-1.34115198584307	0.015	0.036	5.82650765126449e-34	C1orf162	c2
2.87762534583407e-38	-0.8734495396809	0.035	0.063	5.97567679315902e-34	CD3G	c2
3.06002077938918e-38	-2.08892236372041	0.005	0.022	6.35443915047957e-34	KLF10	c2
3.16344538585672e-38	-0.778267381683853	0.048	0.079	6.56921068827007e-34	UCP2	c2
3.993576441764e-38	-0.850219889759455	0.036	0.065	8.29306083896713e-34	SRSF2	c2
4.64850481958167e-38	-1.10584203971236	0.021	0.045	9.6530851083433e-34	CLK1	c2
4.84887882686262e-38	-1.63143210123404	0.009	0.028	1.00691817718629e-33	FAM49B	c2
5.14774798336474e-38	-1.34575809840942	0.014	0.035	1.06898134622552e-33	TMEM50A	c2
5.22228582707277e-38	-1.49120197551972	0.011	0.031	1.08445987484993e-33	CDK2AP2	c2
8.88297827741147e-38	-2.38223839789021	0.004	0.019	1.84463926908727e-33	APMAP	c2
9.8002597645981e-38	-7.54494433070548	0	0.013	2.03512194271644e-33	GSN	c2
1.16156563328609e-37	-2.48918930898656	0.003	0.019	2.41210719408189e-33	LTA4H	c2
1.22153101553317e-37	-1.87392813677195	0.006	0.024	2.53663130685618e-33	HN1	c2
2.23132863606175e-37	-1.08837377631689	0.021	0.045	4.63357704564582e-33	TRAPPC1	c2
2.8726268657954e-37	-3.9524721105034	0.001	0.014	5.96529694951074e-33	WARS	c2
3.02735120584914e-37	-1.06801537162153	0.022	0.046	6.28659751406632e-33	BRK1	c2
3.34918681659213e-37	-1.45908825549797	0.011	0.031	6.95492134333521e-33	SLA	c2
4.00411967074169e-37	-1.03605214093767	0.023	0.047	8.31495490826219e-33	ARHGDIA	c2
5.34576140530887e-37	-5.07282494946438	0	0.013	1.11010081342644e-32	RAB31	c2
5.64966286242167e-37	-1.0111827838676	0.026	0.051	1.17320899001048e-32	BRD2	c2
8.84718405321978e-37	-0.511448995251905	0.112	0.152	1.83720624049162e-32	TAGLN2	c2
9.43982598788659e-37	-1.36565612283338	0.013	0.033	1.96027426464453e-32	BUB3	c2
1.21842684238223e-36	-1.19982845247538	0.017	0.039	2.53018518089094e-32	TMEM59	c2
1.79994660884992e-36	-0.888575705709179	0.033	0.06	3.73776912793774e-32	EZR	c2
2.05079781918589e-36	-0.934648683785311	0.028	0.054	4.25868675132141e-32	SON	c2
2.5421535665059e-36	-1.22457406965979	0.016	0.038	5.27903609620615e-32	EVI2B	c2
3.78934457939249e-36	-0.993332819322622	0.025	0.049	7.86895295356645e-32	ROMO1	c2
3.86502618934306e-36	-0.861255936323129	0.034	0.061	8.02611338478979e-32	RBM39	c2
7.1120095658258e-36	-4.43222774977041	0.001	0.013	1.47687990643938e-31	MARCKS	c2
8.17470842980873e-36	-1.19553876142733	0.016	0.038	1.69755995253408e-31	COX7B	c2
9.6989407175054e-36	-7.27166264282193	0	0.012	2.01408202939717e-31	NCF2	c2
1.49410145010672e-35	-2.06136741057175	0.005	0.021	3.10265107129162e-31	ATP2B1	c2
1.74584343412137e-35	-1.48887217068449	0.01	0.029	3.62541847529645e-31	REEP5	c2
1.74935048552866e-35	0.384361010808031	0.15	0.114	3.63270121824881e-31	ZFAS1	c2
1.84103390273581e-35	-0.943537599522841	0.026	0.05	3.82309100242118e-31	ARF1	c2
2.23781692223017e-35	-2.01256483780881	0.005	0.021	4.64705062070317e-31	STOM	c2
2.25396802026049e-35	-7.64261907363666	0	0.012	4.68058999087293e-31	MRC1	c2
2.40977474400006e-35	-1.36742467042156	0.013	0.032	5.00413823339052e-31	PRDX5	c2
2.76693998732793e-35	-6.27800974958782	0	0.012	5.74582757768518e-31	HCK	c2
2.8115826462976e-35	-1.19622362464776	0.016	0.038	5.8385325233016e-31	MAP1LC3B	c2
3.70230184681174e-35	-1.87086573729904	0.006	0.022	7.68820001508926e-31	AKIRIN2	c2
4.37771750245584e-35	-1.47386654918917	0.011	0.03	9.0907681655998e-31	LOC284454	c2
4.58739856567614e-35	-4.34201158227977	0.001	0.013	9.52619186148307e-31	LOC100509457	c2
4.6994229405036e-35	-7.28810739389553	0	0.012	9.75882167824978e-31	IGSF6	c2
5.0021965183519e-35	-1.28291931911931	0.014	0.034	1.03875612900096e-30	PSMB1	c2
7.42242616102129e-35	-7.59308176079772	0	0.012	1.54134101659768e-30	STAB1	c2
7.84722590476816e-35	-1.06423701617941	0.022	0.044	1.62955493138416e-30	PIK3R1	c2
1.15551411280228e-34	-1.00220196782871	0.023	0.046	2.39954060664521e-30	HLA-F	c2
1.22598812402755e-34	-1.10305097332365	0.019	0.041	2.54588693835562e-30	SFPQ	c2
1.31429896315748e-34	-1.04484874841461	0.021	0.044	2.72927322689282e-30	ELF1	c2
1.36387276378846e-34	-2.52038639421084	0.003	0.017	2.83221818128312e-30	TLN1	c2
1.92016644249436e-34	-1.22670657163289	0.015	0.036	3.98741763448379e-30	LYAR	c2
1.97046854721425e-34	-0.754397127319244	0.041	0.068	4.09187498514512e-30	COX5B	c2
2.11341408973454e-34	-6.29250298610379	0	0.012	4.38871569874275e-30	TGFBI	c2
3.8477878181753e-34	-7.20527524548803	0	0.011	7.99031618322282e-30	PILRA	c2
4.73230813020339e-34	-6.2421008192688	0	0.012	9.82711106318036e-30	FCGR2A	c2
5.29460796773036e-34	-1.02568966995285	0.022	0.044	1.09947829057889e-29	PET100	c2
6.85614041922731e-34	-1.2276081856242	0.015	0.035	1.42374611945674e-29	GNB2	c2
8.78507577248149e-34	-2.16073310427125	0.004	0.019	1.82430883491351e-29	VASP	c2
8.92519883437437e-34	-1.32196597813195	0.014	0.033	1.85340678994618e-29	ARL6IP1	c2
8.98856084508854e-34	-1.28147821198506	0.015	0.035	1.86656454509109e-29	LMNA	c2
1.10870997064141e-33	-2.90657389128758	0.004	0.018	2.30234712503396e-29	STMN1	c2
1.17443226285145e-33	-2.39792032343043	0.003	0.017	2.43882603703732e-29	SAMD3	c2
1.22849137769506e-33	-1.14510157781966	0.017	0.038	2.55108519492156e-29	RBX1	c2
1.2612952503859e-33	-1.18979681619845	0.016	0.036	2.61920571695135e-29	ARRB2	c2
1.26846993706701e-33	-5.3012541960273	0	0.012	2.63410467131336e-29	LILRB1	c2
1.47353927085848e-33	-2.77328016054778	0.002	0.015	3.05995164986471e-29	CECR1	c2
2.47633316081489e-33	-1.03939928329372	0.021	0.043	5.14235344174819e-29	TRA2B	c2
2.48907409438128e-33	-0.733660357275425	0.042	0.07	5.16881126439216e-29	LCK	c2
2.58717458281447e-33	-1.02453695689855	0.021	0.044	5.37252673867253e-29	TAPBP	c2
3.71497275880242e-33	-1.43183492991583	0.011	0.029	7.71451243092911e-29	HIF1A	c2
3.8420056157563e-33	-2.41481378754343	0.003	0.017	7.97830886167954e-29	FOSL2	c2
3.89114607207325e-33	0.43784943061872	0.464	0.466	8.0803539332673e-29	RPS26	c2
4.30671735478049e-33	-2.05124787092593	0.005	0.019	8.94332925893716e-29	IKZF3	c2
6.01208065171544e-33	-1.05100461416341	0.02	0.042	1.24846866813523e-28	UQCRQ	c2
6.5999639827383e-33	-1.22774552629173	0.015	0.034	1.37054852065544e-28	SPCS2	c2
6.94130429832008e-33	-2.07141439480404	0.004	0.019	1.44143125058915e-28	PYHIN1	c2
8.68917583816504e-33	-1.47945351445273	0.01	0.027	1.80439425455335e-28	BSG	c2
9.39009818790149e-33	-2.11870828511458	0.004	0.019	1.94994778969962e-28	IDH2	c2
1.0186333950753e-32	-2.23639953521561	0.004	0.019	2.11529410821338e-28	INSIG1	c2
1.13739952329477e-32	-2.46805255100685	0.003	0.016	2.36192385007393e-28	GRINA	c2
1.14976521263937e-32	-1.38655256324988	0.011	0.029	2.38760244056692e-28	IGFLR1	c2
1.26020575381086e-32	0.720939950325813	0.047	0.029	2.61694326836364e-28	ST13	c2
1.35540679924979e-32	-1.10058256122113	0.019	0.039	2.81463775932212e-28	RPS27L	c2
1.39431867681498e-32	-1.22467767602818	0.015	0.035	2.89544216427399e-28	CKS2	c2
1.52245137110499e-32	-7.14613176073807	0	0.011	3.16152251723663e-28	CSF3R	c2
1.99765743303553e-32	-0.765771072982224	0.037	0.062	4.14833542544158e-28	NDUFA3	c2
2.07392377994977e-32	-2.4747736193485	0.003	0.016	4.30671012144369e-28	PTTG1	c2
2.19582590004451e-32	-1.48810378684595	0.009	0.026	4.55985206403244e-28	IFI27L2	c2
2.40571280378505e-32	-1.28087998700228	0.013	0.031	4.99570320834004e-28	PSMB3	c2
2.4958483676853e-32	-1.58763173820282	0.008	0.024	5.18287872033529e-28	LAPTM4A	c2
3.9779989164279e-32	-1.08379461649712	0.019	0.039	8.26071254985417e-28	HLA-G	c2
5.40834329029743e-32	-2.47007274358409	0.003	0.016	1.12309656766316e-27	HSBP1	c2
5.71571195241817e-32	-3.87934522004317	0.001	0.012	1.18692474403916e-27	RNASE6	c2
6.62444416834827e-32	-7.11881115473856	0	0.011	1.3756320759992e-27	FPR1	c2
7.03172672185615e-32	-0.769281428885017	0.037	0.063	1.46020837106065e-27	UQCR10	c2
7.09257869684481e-32	-2.36216319471066	0.003	0.016	1.47284489218679e-27	RAB27A	c2
8.73950543900115e-32	-6.16748500147425	0	0.011	1.81484569946298e-27	ALDH2	c2
9.27834955099713e-32	-2.14126600556626	0.004	0.018	1.92674206776006e-27	ITGAL	c2
9.6334024304356e-32	-1.60395221484025	0.008	0.023	2.00047234870426e-27	ARPC4	c2
1.2558174161829e-31	-1.67702126032315	0.007	0.023	2.60783044644541e-27	MRPS6	c2
1.37778494100333e-31	-1.78537882712305	0.006	0.021	2.86110820848752e-27	RASAL3	c2
1.7219632805044e-31	-0.766753393666811	0.037	0.062	3.57582894829543e-27	KRTCAP2	c2
2.21041812957885e-31	-0.825517283523731	0.038	0.063	4.59015428788344e-27	BATF	c2
3.11927997990291e-31	-2.69169262605152	0.002	0.015	6.47749680626638e-27	ACTN4	c2
3.59106029453606e-31	-4.86457576071283	0	0.011	7.45719580763357e-27	KLRF1	c2
3.9571557966804e-31	-2.17685941583952	0.004	0.017	8.21742972738651e-27	MYO1G	c2
4.78103602719678e-31	-1.46417770724278	0.01	0.026	9.92829941407683e-27	IFI6	c2
5.97152326917567e-31	-5.82185972538241	0.001	0.011	1.24004652207702e-26	MZB1	c2
6.07045331463803e-31	0.605397932098034	0.062	0.041	1.26059033531773e-26	ATP5O	c2
7.93779047592249e-31	-0.895318219505103	0.026	0.048	1.64836157023006e-26	ATPIF1	c2
7.95132927302693e-31	-1.31854903045277	0.011	0.029	1.65117303683677e-26	TRAPPC5	c2
8.23393103071442e-31	-1.59886727167966	0.008	0.023	1.70985811783816e-26	TGFB1	c2
8.7295447928179e-31	-1.12251498468152	0.016	0.035	1.81277727167656e-26	SKAP1	c2
9.69884008178636e-31	-1.53736703408951	0.008	0.024	2.01406113138376e-26	PSTPIP1	c2
1.32765941933253e-30	-1.91957596741841	0.005	0.019	2.75701755018593e-26	MIR155HG	c2
1.36354194989315e-30	-1.89464606442753	0.005	0.019	2.83153121314812e-26	H2AFY	c2
1.61788119417071e-30	-2.33979317901196	0.003	0.016	3.35969208781489e-26	NR4A3	c2
1.84424000072838e-30	-3.01407032205639	0.002	0.013	3.82974878551255e-26	PLSCR1	c2
1.85116446787677e-30	-1.21192055913004	0.014	0.031	3.8441281339929e-26	UBE2L6	c2
1.91987490952195e-30	-0.443667954705292	0.3	0.339	3.98681223711328e-26	CD69	c2
1.94533662311871e-30	-1.74483213875793	0.006	0.021	4.03968603156832e-26	NEU1	c2
2.05067454398047e-30	-1.54652248405252	0.008	0.024	4.25843075802985e-26	CFLAR	c2
2.07581000161431e-30	-3.90121971966593	0.001	0.012	4.31062704935228e-26	BLVRB	c2
2.11728480580547e-30	-7.06843763222344	0	0.01	4.39675362773565e-26	CD300E	c2
2.1409660551054e-30	-0.628104419248615	0.051	0.079	4.44593011003188e-26	COX7A2	c2
2.18274850076219e-30	-1.1088421049701	0.016	0.035	4.53269553668276e-26	ANXA6	c2
2.18839650618369e-30	-1.10184316711136	0.017	0.036	4.54442418474106e-26	SCAND1	c2
2.27563531028617e-30	-1.3274427967569	0.011	0.028	4.72558428534026e-26	DEK	c2
2.69134996778321e-30	-1.3837302049173	0.01	0.026	5.58885734309861e-26	BZW1	c2
3.32423940889933e-30	-0.771719890446156	0.034	0.058	6.90311555652035e-26	NDUFA11	c2
3.38888358720288e-30	-2.57260352897049	0.003	0.015	7.0373556571855e-26	IER5	c2
4.93009339262258e-30	-3.14418080965259	0.002	0.013	1.02378319391201e-25	LIPA	c2
4.99865019874197e-30	-2.25948090834244	0.003	0.016	1.03801970027076e-25	MGAT1	c2
5.60332542861889e-30	-1.12817347111852	0.016	0.035	1.163586558507e-25	FKBP5	c2
6.02406423262664e-30	-0.839770021834116	0.032	0.055	1.25095717854725e-25	SEC61B	c2
6.51985923282508e-30	-1.91866726388039	0.005	0.019	1.35391396828846e-25	STXBP2	c2
8.39241460746859e-30	-1.24787663097637	0.013	0.03	1.74276881738693e-25	RNF149	c2
1.3922765729271e-29	-0.745418416838257	0.036	0.061	2.89120153134042e-25	TRMT112	c2
1.39374283766497e-29	-1.39970926135003	0.01	0.026	2.89424637669507e-25	MAPRE2	c2
1.65264432358126e-29	-1.10538374221744	0.016	0.035	3.43188120234884e-25	SHFM1	c2
1.69794723838789e-29	-2.26595668453431	0.003	0.016	3.52595723523629e-25	CHST12	c2
1.84323714283663e-29	-0.851544646156325	0.03	0.053	3.82766625081455e-25	KMT2E-AS1	c2
2.17167559733675e-29	-3.02351247407412	0.001	0.013	4.50970154542949e-25	SLA2	c2
2.53749135751515e-29	-7.12516198689095	0	0.01	5.26935455301597e-25	CLEC10A	c2
2.98392705677003e-29	-2.6530513610244	0.002	0.014	6.19642292608865e-25	TPST2	c2
3.10888108377994e-29	-4.13319756744386	0.001	0.011	6.45590245857743e-25	NLRP3	c2
3.63796979262933e-29	-1.90708610659169	0.005	0.018	7.55460807137406e-25	CASP1	c2
4.58368587911733e-29	0.381948028562467	0.137	0.106	9.51848209657504e-25	SLC2A3	c2
4.68181543772282e-29	-1.22797080407944	0.013	0.03	9.72225793797521e-25	IFI16	c2
5.11488786227834e-29	-1.52449998415007	0.008	0.023	1.06215761348072e-24	SASH3	c2
5.34757999795514e-29	-0.953987239699824	0.022	0.042	1.11047846237536e-24	CALM3	c2
5.58091026689632e-29	-2.03497317730698	0.004	0.017	1.15893182602369e-24	PTPN7	c2
5.94874978857503e-29	-2.23346833979841	0.003	0.016	1.23531738109549e-24	PLEC	c2
7.75140472293195e-29	-1.3968694004829	0.01	0.025	1.60965670476405e-24	RAC1	c2
8.90999239341071e-29	-3.96015726563127	0.001	0.011	1.85024902041567e-24	ENTPD1	c2
9.00218484190461e-29	-2.38968205480432	0.003	0.015	1.86939370426991e-24	TRG-AS1	c2
1.16548097151211e-28	-1.1360991243151	0.015	0.032	2.42023778544204e-24	OSTF1	c2
1.20238638039521e-28	-3.27102639362049	0.001	0.012	2.4968755575287e-24	LAP3	c2
1.22325554860862e-28	-6.94941645840823	0	0.01	2.54021247224066e-24	PLXDC2	c2
1.24455305830821e-28	-0.978335982114664	0.02	0.039	2.58443888088284e-24	ITGA4	c2
1.37207661622202e-28	-1.39032250683999	0.009	0.025	2.84925430124665e-24	GNAS	c2
1.38760517032874e-28	-1.4199421444727	0.009	0.024	2.88150089670466e-24	GRB2	c2
1.45099924741753e-28	-0.786990255092768	0.033	0.056	3.01314503718723e-24	SERTAD1	c2
1.86593753023803e-28	-1.42182473939954	0.009	0.024	3.87480587529229e-24	DOK2	c2
2.65666646680283e-28	-0.783315071031422	0.031	0.053	5.51683358496275e-24	KIAA1551	c2
2.67963564516041e-28	-0.99872442330293	0.019	0.038	5.56453138074011e-24	CD164	c2
2.89695040213569e-28	-0.855113750273865	0.026	0.047	6.01580720507497e-24	POLD4	c2
3.36629472701932e-28	-1.96276122823081	0.004	0.017	6.99044763012831e-24	PFKFB3	c2
3.43398084610613e-28	-0.907150585703039	0.023	0.043	7.13100462502399e-24	CSNK2B	c2
4.44419513769226e-28	-6.32167441098976	0	0.01	9.22881562293174e-24	F13A1	c2
4.54157553883393e-28	0.543492189713741	0.07	0.048	9.43103576394255e-24	HNRNPA1P10	c2
6.40352985572551e-28	-1.09678091190157	0.015	0.033	1.32975700983996e-23	SELPLG	c2
1.09463301667783e-27	-3.96085879496233	0.001	0.01	2.27311492243318e-23	CTSZ	c2
1.22550352477305e-27	-3.13634268703256	0.001	0.012	2.54488061954371e-23	MFSD1	c2
1.34562417349643e-27	-1.83956172711587	0.005	0.018	2.79432315868268e-23	AP1S2	c2
1.72271905818098e-27	-2.52704347611229	0.002	0.013	3.57739839621863e-23	PELO	c2
1.7521090277639e-27	-1.44310322877777	0.009	0.023	3.63842960705452e-23	CEBPB	c2
2.0859936043026e-27	-1.46583357499529	0.008	0.023	4.33177431869477e-23	CANX	c2
2.08606663401857e-27	-0.448203388997533	0.223	0.259	4.33192597220296e-23	HSPA8	c2
3.39220152566076e-27	-2.98701351425234	0.001	0.012	7.04424568818714e-23	PLA2G16	c2
3.63657588352495e-27	0.459554524958476	0.074	0.052	7.5517134797279e-23	LINC00861	c2
3.67004310604727e-27	-1.32663850331479	0.01	0.025	7.62121151401777e-23	SMAP2	c2
5.69510045911779e-27	-1.2159433195417	0.012	0.028	1.1826445613404e-22	FAM46C	c2
5.95211630253526e-27	-1.90581743140436	0.005	0.017	1.23601647138447e-22	VIMP	c2
6.03637335268815e-27	-1.32833005124535	0.01	0.025	1.25351329041922e-22	C5orf56	c2
7.59217670946765e-27	-4.3802731407536	0	0.01	1.57659141548805e-22	LYN	c2
8.16351431444763e-27	-4.6114937979116	0	0.01	1.69523538253819e-22	TBXAS1	c2
8.46985946356984e-27	-1.45824269154113	0.008	0.022	1.75885101620491e-22	SH3KBP1	c2
9.34673714996818e-27	-1.24699521679223	0.011	0.027	1.94094343656239e-22	BHLHE40	c2
9.65471350754018e-27	-1.16595194673236	0.013	0.029	2.00489780697579e-22	ANAPC11	c2
1.10974628816654e-26	-1.09783450733602	0.015	0.031	2.30449914200663e-22	EMB	c2
1.15058211960542e-26	-1.32515038403442	0.01	0.024	2.38929882957261e-22	PRKAR1A	c2
1.16595532562787e-26	-1.15255879186735	0.013	0.029	2.42122282919883e-22	CNPY3	c2
1.30253900382446e-26	-1.22742429683089	0.011	0.027	2.70485249534188e-22	DHRS7	c2
1.44151723993055e-26	-3.88822337138963	0.001	0.01	2.99345470043978e-22	CUX1	c2
1.4852608190854e-26	-1.04052287566873	0.016	0.033	3.08429261691274e-22	IDS	c2
1.51070901936922e-26	-1.38959978667549	0.009	0.023	3.13713834962211e-22	SRRM2	c2
1.92735881975258e-26	-0.772755901612773	0.033	0.055	4.00235332509821e-22	CDKN1A	c2
1.94861787048705e-26	-1.26467141402304	0.011	0.026	4.04649986985342e-22	TAP1	c2
2.01188138163001e-26	-2.36551398348119	0.003	0.014	4.17787287709287e-22	ATP1B3	c2
2.27779464814932e-26	-2.32328859576839	0.003	0.014	4.73006836634688e-22	EFHD2	c2
2.33270596029801e-26	-0.427886479518118	0.105	0.138	4.84409719715486e-22	PNRC1	c2
2.59802120884702e-26	-1.67406029141092	0.006	0.018	5.39505084229171e-22	CDC42EP3	c2
3.72094422073484e-26	-1.5223648223541	0.007	0.021	7.72691276877797e-22	AKNA	c2
3.81317150805811e-26	-1.62151116242479	0.006	0.019	7.91843195363348e-22	RPN1	c2
3.92990749904226e-26	-0.927843737734363	0.022	0.041	8.16084591251115e-22	HSPD1	c2
4.27109953688879e-26	-1.06673761958547	0.015	0.032	8.86936529830327e-22	CACYBP	c2
4.68848256000598e-26	-1.01465472666899	0.017	0.035	9.73610288410841e-22	REL	c2
4.75531983236929e-26	-1.61631081420938	0.006	0.019	9.87489716389807e-22	BTG3	c2
6.76712287747837e-26	-0.464128540411716	0.492	0.511	1.40526073673716e-21	ATP8	c2
6.98666151921992e-26	-1.75469726028852	0.005	0.017	1.45085013108121e-21	RTN4	c2
7.78829741361132e-26	0.357856167119782	0.154	0.123	1.61731784091053e-21	LOC101929876	c2
8.58805095306611e-26	-1.72786588592168	0.005	0.018	1.78339466091371e-21	METTL9	c2
1.01464731691622e-25	0.391594383875967	0.114	0.086	2.10701661830823e-21	RPL23	c2
1.03138381115279e-25	-2.10693280378465	0.003	0.015	2.14177162223988e-21	LOC100996919	c2
1.05296505536086e-25	-3.61497436664656	0.001	0.01	2.18658723396236e-21	SOX4	c2
1.08319868853508e-25	-1.17242184677501	0.012	0.028	2.24937039661195e-21	NDUFB7	c2
1.29518605476165e-25	-1.14536282324336	0.013	0.029	2.68958336131805e-21	SUN2	c2
1.63754416172756e-25	-1.68826777785307	0.006	0.018	3.40052420624344e-21	MAT2A	c2
1.82583975699818e-25	-1.10314421321271	0.014	0.03	3.79153883938243e-21	HMGN3	c2
1.88321415357464e-25	-1.07765820766387	0.015	0.031	3.9106825113131e-21	CAST	c2
1.96027516406414e-25	-1.00111108305772	0.017	0.034	4.07070740569558e-21	SLC38A2	c2
2.11592471183632e-25	-1.22014776292185	0.011	0.026	4.39392925659931e-21	TERF2IP	c2
2.15598377896254e-25	-0.966699673551386	0.018	0.035	4.47711591539362e-21	COX17	c2
2.54471249109074e-25	-0.676298816073309	0.038	0.061	5.28434995899904e-21	FUS	c2
2.79495482551889e-25	-1.34981966693535	0.009	0.023	5.80400319067253e-21	JMJD1C	c2
3.18874890456363e-25	-1.97429362409843	0.004	0.015	6.62175597521683e-21	SURF4	c2
3.20870855671047e-25	-0.910261296825866	0.021	0.039	6.66320418886496e-21	DDIT3	c2
3.21203366429082e-25	-0.747648271711739	0.035	0.057	6.67010910726632e-21	NFKBIZ	c2
3.37592535078688e-25	-1.23673782586738	0.011	0.025	7.01044658344404e-21	RNF167	c2
4.20312557399816e-25	-1.50806707434603	0.007	0.02	8.72821056696458e-21	SIRPG	c2
4.4359130901823e-25	-2.10772280759145	0.003	0.014	9.21161712307256e-21	MIDN	c2
4.74624966876966e-25	-1.34872255354892	0.008	0.022	9.85606206216707e-21	CAPZA1	c2
4.79783818935541e-25	-0.294751111611101	0.215	0.254	9.96319078401544e-21	PPIA	c2
5.07123117345104e-25	-0.744747155287945	0.031	0.051	1.05309186547884e-20	TBC1D10C	c2
5.61240972014748e-25	-1.11573871491019	0.024	0.042	1.16547300248582e-20	TUBB	c2
6.53587397500953e-25	-1.25528952192016	0.01	0.025	1.35723958965048e-20	RNF19A	c2
6.84476302294026e-25	-1.06873571908441	0.025	0.043	1.42138348934378e-20	SGK1	c2
8.05888721575774e-25	-0.965613453296473	0.018	0.035	1.67350851922425e-20	SNRPB	c2
8.36557122969633e-25	-1.69387936770508	0.005	0.017	1.73719452155874e-20	MEF2C	c2
9.11715367571319e-25	1.28253349706801	0.011	0.005	1.8932681322986e-20	FXYD7	c2
9.42661121845133e-25	-1.68747432781342	0.005	0.017	1.9575300856236e-20	TMED9	c2
1.01353043909496e-24	-1.6287479174476	0.006	0.018	2.1046973098246e-20	IRF2BP2	c2
1.03239311583878e-24	-1.43418926610369	0.008	0.021	2.14386754435081e-20	APBB1IP	c2
1.22952579819071e-24	-1.61793318721239	0.006	0.018	2.55323327252283e-20	SDF2L1	c2
1.35866007005574e-24	-2.33330170861432	0.002	0.013	2.82139350147775e-20	TPP1	c2
1.64501096013609e-24	1.14962895603074	0.014	0.007	3.4160297598186e-20	FXYD1	c2
1.65579544810672e-24	-1.47433987433807	0.007	0.02	3.4384248275384e-20	LAMP1	c2
1.65646365989497e-24	-1.33770175700197	0.009	0.022	3.43981243613789e-20	VCP	c2
1.71245844897366e-24	-0.924493014693211	0.019	0.036	3.55609121513871e-20	JAK1	c2
1.72392506580697e-24	-1.23941333471516	0.01	0.024	3.57990279165474e-20	PRKCH	c2
1.76378364102608e-24	-2.51462667407989	0.003	0.014	3.66267310895475e-20	MT1E	c2
1.9310947739638e-24	-0.663111957839498	0.038	0.06	4.01011140761322e-20	RBM8A	c2
2.15476774233277e-24	-0.55815353424815	0.052	0.076	4.47459069372824e-20	NDUFA4	c2
2.33390901549355e-24	-2.41685869156998	0.002	0.012	4.84659546157391e-20	ATP6V0D1	c2
2.42861489807449e-24	-0.982006055921746	0.017	0.033	5.04326169734148e-20	H3F3C	c2
2.43004895848587e-24	-0.650435077926654	0.032	0.052	5.04623966719176e-20	CD83	c2
2.60672014829934e-24	-0.618651971505173	0.044	0.067	5.41311505995842e-20	PTGES3	c2
2.72788205668415e-24	-2.05841655668639	0.005	0.016	5.6647198789103e-20	MTRNR2L8	c2
3.26818299351684e-24	-1.32096702384521	0.022	0.04	6.78670880433707e-20	MT1X	c2
3.5336149412955e-24	-1.61381047555773	0.006	0.018	7.33790478709423e-20	UBE2J1	c2
4.11270429542938e-24	-2.45537459599432	0.002	0.012	8.54044173988864e-20	PGD	c2
4.21431619129459e-24	-1.3879134100476	0.008	0.021	8.75144900284234e-20	SPCS3	c2
4.86068994242893e-24	-0.861423312045909	0.022	0.04	1.00937087344479e-19	DAD1	c2
5.04793568247052e-24	-1.19861816358658	0.011	0.025	1.04825432382183e-19	DNAJB6	c2
6.96655138633528e-24	-1.18325190729249	0.011	0.025	1.44667406088638e-19	SLC3A2	c2
7.63670607188949e-24	-0.750880763934641	0.028	0.047	1.58583838288857e-19	C4orf3	c2
8.40685719369329e-24	-2.19830174839924	0.003	0.013	1.74576796484235e-19	IVNS1ABP	c2
9.23100667182649e-24	-0.993077035352645	0.016	0.032	1.91691084547149e-19	SP100	c2
1.03473183764804e-23	-1.46996377129432	0.007	0.019	2.14872413405993e-19	FMNL1	c2
1.26223378627211e-23	-1.51760261130971	0.006	0.018	2.62115468057266e-19	RPN2	c2
1.31884094594386e-23	-1.03569032184584	0.015	0.03	2.73870510834701e-19	SHISA5	c2
1.33301646343417e-23	-1.64528988118114	0.005	0.017	2.76814198796739e-19	TGOLN2	c2
1.49646584726967e-23	-2.79334270214595	0.001	0.011	3.10756097844019e-19	FAM26F	c2
1.64757096802658e-23	-1.62015288050377	0.006	0.017	3.42134587220399e-19	NCR3	c2
1.72775811161739e-23	-1.59184295872491	0.006	0.017	3.58786249458467e-19	FERMT3	c2
1.84684084357091e-23	-1.33787701014703	0.008	0.021	3.83514969575935e-19	TCF25	c2
2.13836009341252e-23	-2.1761198377022	0.003	0.013	4.44051856998044e-19	LGALS9	c2
2.32731426025966e-23	-1.03572823095857	0.022	0.039	4.83290079285521e-19	SOD2	c2
2.47156500283399e-23	-1.88521092594269	0.004	0.014	5.13245188488507e-19	ROCK1	c2
2.71325315274702e-23	-1.01269360083607	0.015	0.03	5.63434149699446e-19	DYNLT1	c2
2.72502334707108e-23	-0.64111950880612	0.06	0.084	5.6587834825278e-19	RGCC	c2
2.73534435685987e-23	-0.674047312757699	0.035	0.055	5.68021609145521e-19	NDUFB1	c2
3.08535913141742e-23	-0.783983090744675	0.025	0.044	6.40705677230141e-19	HNRNPC	c2
3.21514982621959e-23	-0.778863826995338	0.025	0.044	6.6765801291276e-19	VPS28	c2
3.392367122845e-23	0.515011348009186	0.05	0.033	7.04458956729992e-19	BIRC3	c2
3.43172189543553e-23	-1.18162541342165	0.014	0.028	7.12631368806142e-19	ZFAND2A	c2
4.0463258485585e-23	-1.8778321679476	0.004	0.015	8.40260025711658e-19	BNIP3L	c2
4.06461330235124e-23	-1.03134831348822	0.014	0.029	8.44057598366259e-19	MTDH	c2
4.28942177653019e-23	-1.68046259621205	0.005	0.016	8.90741326114258e-19	TSEN54	c2
4.46382915888799e-23	-1.4432461052365	0.007	0.019	9.2695876313468e-19	GLRX	c2
5.10570005748212e-23	-1.65963338167323	0.006	0.017	1.06024967393674e-18	FOXP3	c2
5.73915509516167e-23	-0.763538130656351	0.027	0.046	1.19179294706127e-18	RSRP1	c2
5.85222864443495e-23	-0.535815183598962	0.062	0.087	1.21527380030336e-18	TAGAP	c2
6.07530415003311e-23	-0.442540469478511	0.157	0.189	1.26159765979587e-18	TNFAIP3	c2
6.11054020937752e-23	-1.59883967798297	0.006	0.017	1.26891477987934e-18	GBP2	c2
6.67717045380489e-23	-0.613506741332676	0.04	0.061	1.38658121643712e-18	ARL6IP5	c2
8.09388281653136e-23	-0.716321978092259	0.03	0.049	1.6807757056809e-18	PRDM1	c2
8.36970543890017e-23	-1.29474370895004	0.009	0.021	1.73805303144201e-18	PSMB6	c2
1.09417089973172e-22	-1.14249915817256	0.012	0.025	2.27215529038289e-18	VAMP5	c2
1.46430025008421e-22	-0.844036679848867	0.022	0.039	3.04076589932487e-18	BAX	c2
1.52287261245844e-22	-2.13175021044606	0.003	0.012	3.16239726703119e-18	JARID2	c2
1.6372808042795e-22	-1.20959817958147	0.01	0.023	3.39997731816681e-18	LAMTOR1	c2
1.7008832174084e-22	-0.995592902122749	0.015	0.03	3.53205408927027e-18	GDI2	c2
1.80691613060583e-22	-1.35711847466998	0.008	0.02	3.75224203681607e-18	RAB1B	c2
2.18854833373409e-22	-0.78766686209284	0.024	0.042	4.54473946983222e-18	HNRNPF	c2
2.33529081882776e-22	-0.97889897576492	0.015	0.03	4.84946491437772e-18	ERH	c2
2.82721134401091e-22	-1.19169705534745	0.01	0.023	5.87098707697306e-18	RNH1	c2
2.88520468525723e-22	-1.91582846260618	0.004	0.014	5.99141604940516e-18	SYAP1	c2
3.25856624807944e-22	-0.500682298084955	0.06	0.085	6.76673867076176e-18	SRSF5	c2
3.55941981477305e-22	-1.02201907517188	0.014	0.028	7.39149118735771e-18	C4orf48	c2
3.92142639521769e-22	-1.77258223929123	0.004	0.014	8.14323405230905e-18	PARVG	c2
4.5486686377328e-22	-0.617772881768906	0.041	0.062	9.44576529311594e-18	TMEM258	c2
4.69642639008994e-22	-1.82380902024613	0.004	0.014	9.75259904166077e-18	EVI2A	c2
4.90321911815532e-22	-0.379150601742376	0.198	0.232	1.01820248207613e-17	NFKBIA	c2
4.9736839579032e-22	-0.918582136573037	0.017	0.033	1.03283521069818e-17	NDUFB10	c2
6.00895502366251e-22	-1.14162150970561	0.011	0.024	1.24781960021376e-17	PSMD8	c2
7.48911007613101e-22	-2.6264757936406	0.002	0.01	1.55518859840937e-17	GK	c2
8.74258371058265e-22	-1.46108526009713	0.006	0.018	1.81548493333959e-17	RASSF1	c2
9.26633360030152e-22	-1.00900137263287	0.014	0.028	1.92424683543861e-17	PGLS	c2
1.03252627598731e-21	-2.6292294234137	0.002	0.01	2.14414406471524e-17	ATP6V1B2	c2
1.09674202926101e-21	-0.918053704744686	0.017	0.033	2.27749449796342e-17	DDX17	c2
1.12213956460107e-21	-0.826314323582768	0.021	0.038	2.33023501985058e-17	EIF5	c2
1.14846126884616e-21	-2.05207975507231	0.003	0.012	2.38489467088595e-17	GYG1	c2
1.15185923500355e-21	0.564037347363312	0.05	0.034	2.39195088740837e-17	PIK3IP1	c2
1.21430962589991e-21	-0.957471192319296	0.016	0.031	2.52163536914376e-17	SYNE2	c2
1.29195291090939e-21	-1.09489696928924	0.012	0.025	2.68286941479445e-17	PAK2	c2
1.29428962241347e-21	-1.22739573963929	0.009	0.022	2.68772182990382e-17	NAP1L4	c2
1.56081775099182e-21	-1.22646648259242	0.009	0.022	3.24119414170961e-17	C7orf73	c2
1.57837566429938e-21	-1.55305052705001	0.006	0.016	3.2776549044841e-17	MACF1	c2
1.71417116630763e-21	-1.51051615018678	0.006	0.017	3.55964784395442e-17	SERPINB9	c2
1.7743803009666e-21	-0.770000284282315	0.027	0.044	3.68467813298724e-17	SPCS1	c2
1.84540913075836e-21	0.801092332960414	0.025	0.014	3.8321766009328e-17	FBL	c2
2.31650736117804e-21	-1.13415545800879	0.011	0.024	4.81045918622233e-17	SELT	c2
2.34698825570423e-21	-1.47441774840917	0.006	0.017	4.8737558117954e-17	EIF3A	c2
2.35950224243545e-21	-1.05519505544259	0.014	0.029	4.89974235664146e-17	PLAC8	c2
2.50080609609892e-21	0.874886660640761	0.021	0.011	5.19317393915902e-17	CCR6	c2
2.63559051897439e-21	-1.31156716229086	0.008	0.02	5.47306727170222e-17	MFSD10	c2
3.19325455037329e-21	0.807155307140047	0.024	0.014	6.63111239930518e-17	TRADD	c2
3.24985949294022e-21	-0.798077838421257	0.022	0.038	6.74865822303966e-17	NEDD8	c2
3.55742670747714e-21	-1.10882706616594	0.011	0.024	7.38735230074702e-17	CNOT6L	c2
3.70845726174432e-21	-1.03191731173693	0.013	0.027	7.70098234973824e-17	CSK	c2
3.77549012522849e-21	-0.874904105128095	0.019	0.034	7.84018279404949e-17	ZAP70	c2
4.17616155316114e-21	-1.88408703217024	0.003	0.013	8.67221708129441e-17	PPP1R12A	c2
4.49741690616038e-21	-1.51959565972084	0.006	0.016	9.33933594733265e-17	DOCK8	c2
5.09047215425815e-21	-0.985949250168843	0.014	0.028	1.05708744755325e-16	ZNF706	c2
5.21150897923431e-21	-0.606628042739787	0.038	0.058	1.0822219546278e-16	LAMTOR4	c2
5.33545562695915e-21	-1.37773999422486	0.007	0.018	1.10796071549434e-16	HM13	c2
6.11592360656768e-21	-0.623359826803903	0.038	0.058	1.27003269613984e-16	SEC61G	c2
6.4821437099467e-21	-1.01551300705774	0.013	0.027	1.34608196280753e-16	MYEOV2	c2
7.33393670638993e-21	-2.17430626733027	0.002	0.011	1.52296529644893e-16	CAPNS1	c2
9.3618381204545e-21	-1.53243355332436	0.006	0.016	1.94407930409358e-16	TMX4	c2
9.55552753366006e-21	-1.18475822814752	0.01	0.022	1.98430084763985e-16	PSMA6	c2
1.15339878986415e-20	-0.98162293970825	0.014	0.028	2.39514792703189e-16	CLEC2D	c2
1.16416229949328e-20	-1.61631081420938	0.005	0.015	2.41749943112775e-16	EPS15	c2
1.20748678224687e-20	-2.16131816455275	0.002	0.011	2.50746705201386e-16	TOX	c2
1.23933340159295e-20	-0.953838946267306	0.015	0.029	2.57359974174793e-16	NDUFA6	c2
1.28690799902791e-20	-0.846065385195196	0.019	0.034	2.67239315078136e-16	PAIP2	c2
1.29972071081403e-20	-1.48429282954317	0.006	0.017	2.69900002807641e-16	ATOX1	c2
1.35246968828439e-20	-1.30452472974263	0.01	0.022	2.80853855469137e-16	IRF7	c2
1.3978622264117e-20	-1.29998231896958	0.008	0.019	2.90280069936654e-16	RNF181	c2
1.4262554068149e-20	-1.11954891749608	0.011	0.023	2.96176197779183e-16	PHPT1	c2
1.5488244146441e-20	-0.98854008521146	0.014	0.028	3.21628877944994e-16	SRI	c2
1.70770417931762e-20	-1.28139707772754	0.012	0.025	3.54621849877097e-16	NAPSB	c2
1.72506007159693e-20	-1.60147708799969	0.005	0.015	3.58225974467819e-16	NCOR1	c2
1.9951724784404e-20	-1.31921457230195	0.007	0.019	4.14317516872933e-16	RAB5C	c2
2.09969520805402e-20	-1.53093607892139	0.005	0.016	4.36022706904499e-16	LENG8	c2
2.15885356486224e-20	-1.05365847521331	0.012	0.025	4.48307531279293e-16	ECH1	c2
2.52319266743084e-20	-1.53461994248319	0.007	0.018	5.23966189318688e-16	FKBP2	c2
2.62425372480933e-20	0.672179607033894	0.033	0.02	5.44952528493905e-16	CCDC109B	c2
2.66644213943846e-20	-0.958163966884261	0.014	0.028	5.53713374675791e-16	DYNLRB1	c2
2.84675165442159e-20	-1.94681480327656	0.003	0.012	5.91156448557188e-16	AHR	c2
2.96139151851975e-20	-1.9935238819831	0.003	0.012	6.14962562735811e-16	SYNE1	c2
3.25683570623386e-20	0.394625776619879	0.087	0.066	6.76314502756523e-16	APRT	c2
3.35284551070491e-20	-2.0843030480436	0.003	0.012	6.96251898752982e-16	ICAM1	c2
3.37316195373235e-20	-1.07045508356289	0.011	0.024	7.0047081131206e-16	WAS	c2
3.47390641315401e-20	-1.43262391152258	0.006	0.017	7.21391405755563e-16	NAPA	c2
3.90160931766278e-20	-2.08070573997652	0.003	0.011	8.10208190905854e-16	WNK1	c2
3.96554641934572e-20	-0.805924150573803	0.02	0.036	8.23485369441331e-16	IL10RA	c2
4.09494237331153e-20	-0.86646392874644	0.017	0.032	8.50355733241872e-16	RALY	c2
4.64334741781057e-20	-0.771658262557003	0.023	0.039	9.64237524782543e-16	DDX24	c2
4.73986447643483e-20	-1.25059675092525	0.008	0.019	9.84280257176457e-16	TAX1BP1	c2
4.80647735586631e-20	-0.85180378256356	0.018	0.033	9.98113087719198e-16	ATP5J	c2
4.81153341764571e-20	-1.87265056746916	0.003	0.012	9.99163029508307e-16	SLC20A1	c2
6.93748472164296e-20	-2.15396760015218	0.002	0.011	1.44063807729638e-15	MAP2K3	c2
7.2937075644828e-20	-0.933126450282989	0.015	0.029	1.5146113128405e-15	GPR65	c2
8.23317403962137e-20	-0.790383786115353	0.023	0.039	1.70970092106777e-15	TSPYL2	c2
8.37662945167507e-20	-1.51777044600383	0.005	0.015	1.73949087193484e-15	C20orf24	c2
8.81799936099307e-20	-0.777624987208313	0.021	0.037	1.83114574730382e-15	ARGLU1	c2
1.20493631750646e-19	-0.952332564627111	0.014	0.027	2.50217075693391e-15	TRIM22	c2
1.26501394391155e-19	0.488693071981049	0.061	0.044	2.62692795592673e-15	NME2	c2
1.43266653577028e-19	-1.11429438843363	0.011	0.023	2.97507532818057e-15	H1FX	c2
1.77761546666838e-19	-1.17530007084527	0.009	0.02	3.69139627808357e-15	PSMA2	c2
2.0729580671113e-19	-0.734927739159882	0.024	0.04	4.30470472216332e-15	ACAP1	c2
2.20995631639979e-19	-1.21466817668921	0.008	0.02	4.58919528663581e-15	TMCO1	c2
2.41704335159195e-19	-2.32530729251692	0.002	0.01	5.01923222391584e-15	STX11	c2
2.4496696900395e-19	-1.21965184424539	0.008	0.019	5.08698407833602e-15	PPP4C	c2
2.49804003679754e-19	-0.740747515654135	0.023	0.039	5.18742994041377e-15	SNRPG	c2
2.63390122933193e-19	-1.64322754723204	0.005	0.014	5.46955929283069e-15	NAAA	c2
2.82095440870202e-19	-1.24242264752739	0.009	0.02	5.85799392511062e-15	SSR3	c2
3.30508493033603e-19	-2.10531132425944	0.002	0.011	6.8633393663358e-15	STARD3NL	c2
3.38896046895611e-19	-1.1749215597475	0.009	0.02	7.03751530983425e-15	BANF1	c2
3.47818262295684e-19	-1.21631719515498	0.008	0.019	7.22279403483218e-15	RAB7A	c2
3.74790205074912e-19	-1.51424720056732	0.005	0.015	7.78289339858563e-15	LDLRAD4	c2
3.76319913414089e-19	1.00874417755708	0.014	0.007	7.81465932195698e-15	IMPDH2	c2
4.14679645030477e-19	-2.34845939207781	0.002	0.01	8.61123750870288e-15	TNFRSF1A	c2
4.18444412474749e-19	-1.52730580815063	0.005	0.015	8.68941666945064e-15	MGEA5	c2
4.36511924123857e-19	-1.05185787315833	0.011	0.024	9.06460661635601e-15	H2AFX	c2
4.54665317075057e-19	-0.787911176607438	0.021	0.036	9.44157997438064e-15	CREM	c2
4.73091194309073e-19	-1.44737362180318	0.006	0.015	9.82421174102222e-15	ENY2	c2
4.80891525240605e-19	-1.41079614380978	0.006	0.016	9.98619341314641e-15	NCF1C	c2
5.03213863042876e-19	-1.30281825828859	0.007	0.017	1.04497390799484e-14	ACAP2	c2
5.24913943713813e-19	-1.40129792323853	0.006	0.016	1.0900362955161e-14	STAT4	c2
5.40435179570648e-19	-2.31111673508182	0.002	0.01	1.12226769389641e-14	SLC7A5	c2
5.59134124227182e-19	-2.19974584518394	0.002	0.01	1.16109792237017e-14	MAPK1	c2
5.872362030418e-19	-1.25414678465591	0.013	0.025	1.2194546992366e-14	HSPA6	c2
6.63178793803353e-19	-1.28747159213722	0.007	0.018	1.37715708321204e-14	VDAC1	c2
7.50416678317831e-19	-0.723530303925255	0.023	0.038	1.55831527419481e-14	SF3B5	c2
8.07223363100919e-19	1.19927487385441	0.01	0.004	1.67628003581537e-14	AP3M2	c2
8.42056039743889e-19	-0.908224375213753	0.015	0.028	1.74861357213216e-14	NAA38	c2
8.66459397260164e-19	-1.06012096311687	0.011	0.023	1.79928958435046e-14	ATP5C1	c2
1.01749458303591e-18	-2.18823798006514	0.002	0.01	2.11292925113238e-14	BID	c2
1.02771824173482e-18	0.537219748982265	0.046	0.032	2.13415970078654e-14	NDFIP1	c2
1.06521416426398e-18	-0.844891163714046	0.018	0.031	2.21202373351059e-14	FAM96B	c2
1.12408680632324e-18	-0.828888945718871	0.018	0.032	2.33427866201085e-14	ARL4C	c2
1.33656106642708e-18	0.816203041784345	0.02	0.011	2.77550271054247e-14	LPAR6	c2
1.40673642062637e-18	-0.946006521520062	0.014	0.026	2.92122885107272e-14	P4HB	c2
1.57554993562341e-18	-1.95453271643739	0.003	0.011	3.27178699631558e-14	PLEKHF1	c2
1.66537999282177e-18	-0.570324608935199	0.037	0.055	3.45832809309369e-14	MORF4L1	c2
1.80167587500494e-18	-1.90305364695589	0.003	0.011	3.74136012203527e-14	DIAPH1	c2
1.87546422854723e-18	-1.17993736410376	0.009	0.019	3.89458901700118e-14	TMEM179B	c2
2.31605643542353e-18	-0.463353638052931	0.061	0.083	4.80952279380051e-14	ISG20	c2
2.32705911279411e-18	0.988670652577335	0.014	0.007	4.83237095362826e-14	S1PR1	c2
2.33243829623572e-18	-0.577941238200577	0.036	0.054	4.84354136596309e-14	NCL	c2
2.34229670346926e-18	-0.780981113882222	0.02	0.034	4.86401333442426e-14	SF3B1	c2
2.58429179646139e-18	-1.12748541057727	0.009	0.02	5.36654034453172e-14	SET	c2
2.65387276829409e-18	-0.437518575012844	0.063	0.085	5.51103219063951e-14	GMFG	c2
2.8617905633206e-18	-1.02800487041385	0.011	0.023	5.94279428379156e-14	NDUFS6	c2
3.41727394794991e-18	-1.00742676318484	0.012	0.023	7.09631108031279e-14	BCAP31	c2
3.49685184010046e-18	-1.12333017187398	0.009	0.02	7.26156253115262e-14	LMAN2	c2
3.68041403289976e-18	-1.68716741175373	0.004	0.012	7.64274778071965e-14	CAPN2	c2
4.48435785179808e-18	-1.04263947425316	0.011	0.022	9.3122175150439e-14	HNRNPH1	c2
4.56417665857175e-18	-1.2939272512706	0.007	0.017	9.4779692491901e-14	GSTO1	c2
4.70214671950439e-18	-2.24667268393152	0.003	0.011	9.76447787772281e-14	CTSL	c2
4.90471176909515e-18	0.336832688043991	0.104	0.082	1.0185124459703e-13	GSTK1	c2
5.12920279702412e-18	-1.18024694898834	0.008	0.019	1.06513025283003e-13	RAD21	c2
5.20497082708748e-18	-1.3874921237135	0.006	0.015	1.08086424195299e-13	RAB24	c2
5.24993334744985e-18	-2.05001215775326	0.002	0.01	1.09020115893144e-13	PPIF	c2
5.68440191525289e-18	-1.38849364755857	0.006	0.015	1.18042290172142e-13	PAFAH1B1	c2
6.07091391444368e-18	-1.24978874472049	0.007	0.017	1.26068598347338e-13	RER1	c2
6.51576469281444e-18	-1.0107310208898	0.011	0.023	1.35306369610985e-13	MGST3	c2
6.95635429685998e-18	-0.924350902383969	0.014	0.026	1.44455653328594e-13	AUP1	c2
7.3541277821006e-18	-1.65170472074457	0.004	0.012	1.52715817523101e-13	JMJD6	c2
7.99590497899904e-18	-1.3229327059863	0.006	0.016	1.66042962793894e-13	POU2F2	c2
8.36201946206852e-18	-0.934586757952201	0.013	0.025	1.73645696149315e-13	RNF7	c2
8.56820723998397e-18	-0.972263171307057	0.012	0.024	1.77927391545507e-13	OTUB1	c2
9.41559380454955e-18	-1.40213257471734	0.006	0.015	1.95524220945276e-13	ATP6AP2	c2
9.4779801292252e-18	-0.814455689299149	0.017	0.03	1.96819735363491e-13	H2AFV	c2
1.08043003923785e-17	-1.48702779726441	0.005	0.014	2.24362101948132e-13	UTRN	c2
1.18501307305335e-17	-1.24395669889776	0.007	0.017	2.4607981475026e-13	AP2M1	c2
1.24888589959054e-17	-1.69528233668538	0.004	0.012	2.59343645908973e-13	PSMA4	c2
1.43138687304324e-17	-0.589172864443857	0.035	0.052	2.9724179805616e-13	C9orf16	c2
1.53618895292351e-17	-1.51840992274941	0.005	0.014	3.19004997964096e-13	ARRDC3	c2
1.62422396578266e-17	-0.896758769303235	0.014	0.026	3.37286348734428e-13	TMED10	c2
1.69533834495139e-17	-0.603739112376023	0.03	0.047	3.52053960712605e-13	SEPW1	c2
1.80027400633759e-17	-0.529177522969293	0.04	0.058	3.73844900156063e-13	SAP18	c2
1.90835306429549e-17	-1.33242962346998	0.006	0.016	3.96288597331601e-13	YWHAE	c2
2.08132132650052e-17	-1.27750890075762	0.007	0.016	4.32207186661099e-13	SCP2	c2
2.32907524208905e-17	-0.872443020288589	0.015	0.027	4.83655764772212e-13	ARF4	c2
2.34641956497566e-17	-0.575181832702552	0.038	0.055	4.87257486862846e-13	SELK	c2
2.38710809780143e-17	-1.13336577057109	0.009	0.019	4.95706867589445e-13	CAPZA2	c2
2.49819451615338e-17	-1.07527226988312	0.01	0.02	5.18775073224411e-13	RSRC2	c2
2.5136137852548e-17	-0.804801817521015	0.018	0.031	5.21977038646011e-13	GABARAPL2	c2
2.91421735238502e-17	-1.29193705838562	0.006	0.016	6.05166375396274e-13	VPS13C	c2
3.20593733232396e-17	-1.23500417224308	0.007	0.017	6.65744946430394e-13	HERPUD2	c2
4.113145742955e-17	-0.57689302436542	0.035	0.051	8.54135844982035e-13	EPC1	c2
4.27472101945876e-17	-1.83797989883432	0.003	0.011	8.87688566900806e-13	TBCD	c2
4.42452928226137e-17	-1.04618335465116	0.01	0.021	9.18797750754396e-13	SCAF11	c2
4.45969302236304e-17	-1.10093391153104	0.009	0.019	9.26099853023909e-13	CLTA	c2
5.08026011068952e-17	-0.832539824188139	0.016	0.029	1.05496681458579e-12	EML4	c2
5.21165155627119e-17	0.926861059405276	0.014	0.008	1.08225156217527e-12	SATB1	c2
6.59753285151475e-17	-1.35639238159744	0.006	0.015	1.37004367194555e-12	ARHGAP30	c2
6.8051614035885e-17	-1.15329282915934	0.009	0.019	1.41315981706919e-12	C19orf10	c2
7.545135523571e-17	-1.29438271932202	0.006	0.015	1.56682284282475e-12	PSMB2	c2
7.65973447391254e-17	0.706635414129477	0.024	0.015	1.59062046085268e-12	ICAM2	c2
7.95507193517443e-17	-0.519682144659291	0.042	0.06	1.65195023805832e-12	MBNL1	c2
8.16695640473872e-17	-1.12092506603488	0.009	0.019	1.69595016700804e-12	CCND2	c2
1.00471907183941e-16	-1.18364883916624	0.008	0.017	2.08639962458173e-12	PRKACB	c2
1.06130674968673e-16	-1.53324235224723	0.004	0.013	2.20390959639947e-12	SRRT	c2
1.09142846369303e-16	-0.976123484451391	0.012	0.023	2.26646034770495e-12	CD82	c2
1.12381718042436e-16	-0.733713131902804	0.021	0.034	2.33371875686922e-12	SRSF11	c2
1.25220912236181e-16	-0.946599530993442	0.012	0.023	2.60033746349653e-12	NUCKS1	c2
1.39806200366471e-16	-1.55703901087219	0.004	0.012	2.90321555681014e-12	ZBTB38	c2
1.47621068271165e-16	-0.787848291810166	0.017	0.03	3.06549910371901e-12	VAPA	c2
1.60340995322774e-16	-1.7159394119844	0.004	0.011	3.32964110887273e-12	PLD3	c2
1.6159412448504e-16	-0.587287912978866	0.033	0.049	3.35566358905635e-12	LAT	c2
1.62269336760242e-16	-1.11491303012735	0.008	0.018	3.36968504716318e-12	POLR2E	c2
1.66936602226726e-16	0.450986088600939	0.056	0.041	3.4666054818402e-12	ANP32B	c2
1.82465049064559e-16	-1.45219143444827	0.005	0.013	3.78906920887464e-12	ADRBK1	c2
2.04038916019696e-16	0.918214651440517	0.015	0.008	4.23707213006501e-12	SESN3	c2
2.11675600414437e-16	-1.00051644781678	0.01	0.021	4.3956555182062e-12	EWSR1	c2
2.18405113799574e-16	-1.47902462927288	0.005	0.013	4.53540059316196e-12	DYNC1H1	c2
2.2522339983744e-16	-0.834801559866665	0.016	0.028	4.67698912102429e-12	SAMHD1	c2
2.27755625391772e-16	-1.45874932277498	0.005	0.013	4.72957331688553e-12	MAP4K1	c2
2.28453104200817e-16	-1.23274722717085	0.007	0.016	4.74405716183417e-12	EIF4E	c2
2.62262098679082e-16	-1.47303584922905	0.005	0.013	5.44613474116981e-12	ADAM8	c2
2.84317484877684e-16	-0.891669598914031	0.014	0.025	5.90413689096998e-12	SCML4	c2
3.30487687187552e-16	-1.10362722258084	0.008	0.018	6.86290731213671e-12	PSMA5	c2
3.34479717801544e-16	-0.89684022055081	0.013	0.025	6.94580581986685e-12	SIT1	c2
3.46078114571861e-16	-5.1902905431585	0.007	0.016	7.18665812719927e-12	IGJ	c2
3.48402469216283e-16	-0.910797509426443	0.013	0.024	7.23492567574533e-12	UBXN4	c2
3.53546541810834e-16	-0.803334473803112	0.016	0.028	7.34174748724378e-12	TBCB	c2
3.76694339668338e-16	0.615242844007741	0.03	0.02	7.8224346575527e-12	ALKBH7	c2
4.07407220815077e-16	-0.815665025181476	0.016	0.028	8.46021834744589e-12	ANXA11	c2
4.1735972407872e-16	-1.78342080004464	0.003	0.01	8.66689203021871e-12	NCOA4	c2
4.29638137698364e-16	-1.25423136398801	0.006	0.015	8.92186556744422e-12	TNFSF13B	c2
4.58764870878621e-16	-1.32426449826021	0.006	0.014	9.52671130866545e-12	PTBP3	c2
4.86342764141363e-16	-1.29698263900365	0.006	0.015	1.00993938401595e-11	HNRNPLL	c2
4.94422964928149e-16	-0.688257657872447	0.022	0.036	1.02671872896979e-11	STK4	c2
5.27107590008991e-16	-1.37691133712466	0.005	0.014	1.09459162141267e-11	LBR	c2
5.57170161928281e-16	-1.68900604233122	0.003	0.011	1.15701955826027e-11	VMP1	c2
5.90030657086466e-16	-1.81717007399619	0.003	0.01	1.22525766250576e-11	ATP6AP1	c2
6.04897548174397e-16	0.942455615459763	0.013	0.007	1.25613024853895e-11	TESPA1	c2
6.14766491745061e-16	-1.28760091853808	0.006	0.015	1.27662409675779e-11	C6orf62	c2
6.29040358712713e-16	-1.37691133712466	0.005	0.014	1.30626520890282e-11	SH3GLB1	c2
6.7953358822759e-16	-1.36272788372016	0.005	0.014	1.41111944931341e-11	TUBA1C	c2
7.97614866873321e-16	-1.37351808967823	0.005	0.013	1.65632703254914e-11	CMTM3	c2
8.4009618729321e-16	-0.983154335562073	0.011	0.021	1.74454374253308e-11	TMEM2	c2
8.50953873204797e-16	-0.627142534470885	0.027	0.041	1.76709081309708e-11	CDC37	c2
8.91539864943641e-16	-1.20709064152585	0.007	0.016	1.85137168354197e-11	DCTN3	c2
9.08309063958417e-16	-1.1244577178797	0.008	0.017	1.88619460221605e-11	RABGAP1L	c2
9.59575396558458e-16	-1.35537628396677	0.009	0.019	1.99265426849329e-11	SEC11C	c2
1.03550681824728e-15	-0.681091495542366	0.022	0.036	2.15033345877231e-11	MINOS1	c2
1.04013788777231e-15	-0.889230007583929	0.013	0.024	2.15995033774798e-11	MEAF6	c2
1.06756967750036e-15	-0.854212107063871	0.014	0.025	2.21691519229724e-11	MBP	c2
1.10050542099178e-15	-1.53254245651678	0.004	0.012	2.28530955723154e-11	MXD1	c2
1.13278746995662e-15	-1.27787239729757	0.006	0.015	2.35234646011192e-11	RANBP2	c2
1.19850582944973e-15	-0.983175533779619	0.01	0.021	2.48881720543531e-11	RAB11B	c2
1.22572286672504e-15	-1.13697482143616	0.008	0.017	2.54533610504121e-11	NINJ1	c2
1.23270976336418e-15	-1.73463078139814	0.003	0.01	2.55984509460207e-11	PRDX3	c2
1.24613432246207e-15	-1.38890031810631	0.005	0.013	2.58772253402474e-11	THEMIS	c2
1.35021406960593e-15	-1.29010172199414	0.006	0.014	2.80385453694368e-11	CHMP2A	c2
1.36237113172404e-15	-0.896395450796091	0.013	0.023	2.82909989213815e-11	SNRPD3	c2
1.36573361118509e-15	-1.62786058896124	0.004	0.011	2.83608241698696e-11	MANF	c2
1.55217058012555e-15	-0.704648721085239	0.021	0.034	3.22323742668872e-11	KMT2E	c2
1.74930466646444e-15	-0.9865784433682	0.01	0.02	3.63260607038005e-11	VPS29	c2
1.78758890894695e-15	-1.65456912042728	0.003	0.011	3.71210712831923e-11	NAA50	c2
1.82520720623889e-15	0.279324800187006	0.113	0.092	3.79022528447568e-11	LEPROTL1	c2
2.03024575357736e-15	-1.52684283706866	0.004	0.011	4.21600833187874e-11	DPYD	c2
2.09006632258678e-15	-1.31456060125965	0.005	0.014	4.34023172548371e-11	FAM96A	c2
2.34507103662194e-15	-0.748522845764049	0.018	0.03	4.86977451464911e-11	UBE2I	c2
2.65688094496466e-15	-0.896138866613056	0.012	0.022	5.51727897031362e-11	ATF4	c2
3.00409294756671e-15	-1.49916915217147	0.004	0.012	6.23829941491703e-11	ARAP2	c2
3.18867498685889e-15	-1.02250479432309	0.009	0.019	6.62160247771116e-11	PPP1CB	c2
3.22124041157115e-15	-0.73216417425715	0.018	0.03	6.68922783866866e-11	FKBP8	c2
3.4045647057212e-15	-1.10128855342552	0.008	0.017	7.06991906790063e-11	RASSF5	c2
3.63474830338078e-15	-1.16544753251131	0.007	0.016	7.54791832680053e-11	WASF2	c2
4.06640475781718e-15	-1.44067969442185	0.004	0.012	8.44429612008316e-11	TOP1	c2
4.49478256357008e-15	-0.598890290616439	0.029	0.044	9.33386547150963e-11	NAP1L1	c2
4.67020382806096e-15	-1.03677433913256	0.009	0.018	9.69814526935138e-11	PAPOLA	c2
4.79019543909828e-15	-1.05905999461019	0.009	0.018	9.94731984883148e-11	C7orf50	c2
4.91931781786597e-15	-0.647385940106676	0.023	0.036	1.02154553805805e-10	CMTM6	c2
5.15778035569154e-15	-1.15260402344338	0.007	0.016	1.07106466866291e-10	TRA2A	c2
5.32001166201355e-15	-0.815669395424144	0.014	0.026	1.10475362173373e-10	MRPL33	c2
5.47862869675652e-15	-1.69625897052562	0.003	0.01	1.13769203516846e-10	IQGAP2	c2
5.72676455608751e-15	-1.56280720236788	0.004	0.011	1.18921992771713e-10	HSPB11	c2
6.19422116369139e-15	0.872636550944885	0.014	0.008	1.28629196685216e-10	THEM4	c2
6.23102616713196e-15	-1.06586526771241	0.008	0.017	1.29393489386662e-10	RNF166	c2
6.32714659613361e-15	-1.05409174949869	0.015	0.026	1.3138952621531e-10	FKBP11	c2
7.01671349487235e-15	-1.14199237717222	0.007	0.016	1.45709072434519e-10	BTN3A2	c2
7.27618356591831e-15	-1.43453339067865	0.004	0.012	1.5109722792986e-10	CCNDBP1	c2
8.26277509976266e-15	-1.48471393142617	0.004	0.011	1.71584787721671e-10	SCAMP2	c2
8.55137221953687e-15	-1.60514489655705	0.004	0.011	1.77577795510903e-10	MT1F	c2
9.03521874243383e-15	-0.630160792970403	0.024	0.037	1.87625352405381e-10	SRRM1	c2
1.02700734210061e-14	-0.908729026824266	0.011	0.021	2.13268344660614e-10	NAA10	c2
1.04985363485249e-14	-1.12065614771985	0.007	0.016	2.18012605813468e-10	PPP2CA	c2
1.11455584133608e-14	-0.640415166478323	0.024	0.037	2.31448666011851e-10	LBH	c2
1.1457023725711e-14	-1.42954230260365	0.004	0.012	2.37916554688115e-10	RAB8B	c2
1.14593606844311e-14	-0.409674034410545	0.062	0.081	2.37965083972895e-10	GPX4	c2
1.19039871259465e-14	-1.33271083798112	0.005	0.013	2.47198196657406e-10	TMEM167A	c2
1.19769839368475e-14	-0.991563447382358	0.01	0.019	2.48714048432576e-10	PPP1R10	c2
1.26433180673212e-14	-1.14633221750247	0.007	0.015	2.62551142985992e-10	PRNP	c2
1.30186534674522e-14	-0.956196798564267	0.01	0.02	2.70345357905112e-10	RBCK1	c2
1.48414062546209e-14	-1.15255002490906	0.007	0.015	3.08196642283457e-10	NFE2L2	c2
1.5232393734239e-14	0.589946399919159	0.03	0.02	3.16315888285207e-10	MGAT4A	c2
1.63049649764835e-14	-1.22508592843163	0.006	0.014	3.38588902701656e-10	MOB1A	c2
1.64137577845529e-14	-0.750320879134559	0.016	0.028	3.40848094154025e-10	MRPL41	c2
1.69861526261896e-14	-0.711876250370956	0.021	0.033	3.52734445435454e-10	GeneID:102723863	c2
1.90515729119488e-14	-1.5055150246423	0.004	0.011	3.95624963089529e-10	MRPL10	c2
1.93091838800234e-14	-0.8572130017423	0.013	0.023	4.00974512452566e-10	NDUFS7	c2
2.02300516440342e-14	-1.21789221222807	0.006	0.014	4.20097252440015e-10	COMMD7	c2
2.06271959241839e-14	-0.922515694239004	0.011	0.021	4.28344350561602e-10	SEP15	c2
2.25743837050942e-14	-0.518108500310573	0.04	0.056	4.68779652019987e-10	CD27	c2
2.27844929471586e-14	-1.19806375845465	0.006	0.014	4.73142780540694e-10	NDUFAB1	c2
2.28073733490386e-14	-0.902899948022069	0.011	0.021	4.73617914966136e-10	ZNHIT1	c2
2.45566108912887e-14	-1.34423126877258	0.005	0.013	5.09942581768502e-10	PDCL3	c2
2.59916663846896e-14	-1.09345103019466	0.008	0.016	5.39742944144465e-10	PIN1	c2
2.60538079088188e-14	-1.3370023532598	0.005	0.012	5.4103337503453e-10	TAP2	c2
2.69301295173033e-14	-0.934003521210118	0.011	0.021	5.5923106955632e-10	NCF1	c2
2.99482460350869e-14	-1.53072781266871	0.004	0.011	6.21905277164614e-10	TNFSF10	c2
3.06569336798682e-14	-1.34283237102371	0.005	0.012	6.36621884796144e-10	KDELR2	c2
3.21530212689733e-14	-0.60012551959369	0.034	0.049	6.676896396715e-10	RNA45S5	c2
3.41163111039164e-14	-0.890941753666791	0.066	0.084	7.08459316383928e-10	SSR4	c2
3.41902654714736e-14	-0.862915775118696	0.012	0.022	7.09995052780621e-10	RANBP1	c2
3.49275859991154e-14	-0.773960470795571	0.016	0.027	7.25306250857631e-10	H2AFJ	c2
3.56994791944078e-14	-1.63621037164708	0.003	0.01	7.41335384951073e-10	FAM129A	c2
3.57435330776888e-14	-0.869660345229838	0.012	0.022	7.42250207891285e-10	BCLAF1	c2
3.71922102206364e-14	-0.443081749393832	0.048	0.064	7.72333437441734e-10	C19orf43	c2
3.96441392814371e-14	-1.48845833287085	0.004	0.011	8.23250196318324e-10	ADAR	c2
4.19013811960849e-14	-1.41245354650275	0.004	0.012	8.70124081917899e-10	GLUD1	c2
4.45286287721033e-14	-1.25197308701413	0.005	0.013	9.24681505081497e-10	STK10	c2
4.48286714080461e-14	-0.891094178722253	0.012	0.022	9.30912190459486e-10	IFRD1	c2
4.55143245034833e-14	-0.632575868572163	0.023	0.035	9.45150462639334e-10	N4BP2L2	c2
4.7288706177661e-14	-0.672513420420092	0.02	0.032	9.81997272485309e-10	MATR3	c2
4.80517477720687e-14	-0.782747253762196	0.014	0.024	9.97842594234778e-10	NDUFA2	c2
5.25397372951107e-14	0.594719390562608	0.028	0.018	1.09104018467027e-09	CAMK4	c2
5.73528331229145e-14	-0.830468326689737	0.013	0.023	1.19098893263044e-09	DEF6	c2
6.66610114543134e-14	-0.882924706586714	0.013	0.023	1.38428256386027e-09	SNX3	c2
6.8704032421278e-14	-1.06495670613104	0.008	0.016	1.42670793726026e-09	UBE2L3	c2
7.1624842466195e-14	-0.92676756807604	0.01	0.02	1.48736147865301e-09	C19orf66	c2
7.3539573369891e-14	-1.22448070609186	0.006	0.013	1.52712278059916e-09	ACADVL	c2
7.46759273974819e-14	-0.882250219848551	0.011	0.021	1.55072030833611e-09	ANKRD44	c2
7.57048751797879e-14	-1.05226389314156	0.008	0.017	1.57208743798348e-09	GCHFR	c2
7.74439049904265e-14	-0.574464662029233	0.028	0.042	1.6082001310312e-09	ARHGEF1	c2
8.39795712633612e-14	-0.972291709292378	0.009	0.019	1.74391977685496e-09	MAF	c2
8.85012151743887e-14	-1.22619300899523	0.005	0.013	1.83781623431136e-09	TM9SF2	c2
8.99805503105563e-14	-0.598835491896193	0.025	0.037	1.86853610774901e-09	PTGER4	c2
9.70177910911182e-14	-1.50778635743121	0.004	0.01	2.01467144979816e-09	UBE2A	c2
9.86325263145688e-14	-1.04728985735724	0.008	0.016	2.04820304144834e-09	AKAP9	c2
1.08530325273841e-13	-0.573358669024832	0.027	0.04	2.25374073463659e-09	NDUFB8	c2
1.10879836654219e-13	-1.34641342208223	0.005	0.012	2.30253068796152e-09	OGT	c2
1.12315111559659e-13	-0.70835589170575	0.018	0.029	2.33233560664788e-09	TMED2	c2
1.20708315670322e-13	-1.03088583711276	0.008	0.017	2.5066288832099e-09	FGFR1OP2	c2
1.2741143868453e-13	-1.21133110251678	0.005	0.013	2.64582593572296e-09	SEPT2	c2
1.35288244136088e-13	-0.969309737543294	0.009	0.018	2.80939567772999e-09	ANP32A	c2
1.38576698518844e-13	-0.71632902904994	0.017	0.028	2.87768372144231e-09	MAT2B	c2
1.42046410162824e-13	-1.31045211068466	0.005	0.012	2.94973575344121e-09	ITGB7	c2
1.42195500444993e-13	-1.13940805934568	0.006	0.014	2.95283176224072e-09	TSPAN14	c2
1.66689192900471e-13	-0.957138539694208	0.009	0.018	3.46146777977118e-09	MIEN1	c2
1.72669629436504e-13	0.742787073268524	0.018	0.011	3.58565752487845e-09	OSM	c2
1.7515280014551e-13	0.459785533117762	0.044	0.032	3.63722304782167e-09	TOMM20	c2
1.90970897199428e-13	-0.787422730602134	0.014	0.024	3.96570165124333e-09	G3BP2	c2
2.02786884223861e-13	-1.09663977373994	0.007	0.015	4.2110724377927e-09	PRPF4B	c2
2.32486780183567e-13	-0.738284008813745	0.015	0.026	4.82782047729194e-09	BIN2	c2
2.40649268545441e-13	-0.96747951323333	0.009	0.018	4.99732271061463e-09	GPI	c2
2.41569913759189e-13	-1.14764734525159	0.006	0.014	5.01644082912331e-09	GPCPD1	c2
2.42864677745544e-13	-1.54672276100722	0.003	0.01	5.04332789806397e-09	HLA-L	c2
2.74196183141744e-13	-0.845065243800014	0.012	0.021	5.69395793912145e-09	CDC42SE1	c2
2.75164100403202e-13	-0.717468360312248	0.017	0.028	5.71405770897289e-09	CCDC107	c2
2.9996391759942e-13	-0.970937837517326	0.011	0.021	6.22905071286956e-09	TMEM107	c2
3.02708833792668e-13	-0.845602794563511	0.011	0.021	6.28605164253854e-09	TAF7	c2
3.0798141441532e-13	0.527741662065928	0.033	0.023	6.39554205174853e-09	EIF3D	c2
3.10857135945313e-13	-1.02020775588302	0.008	0.016	6.45525928504038e-09	BUD31	c2
3.32989901701617e-13	-0.81122249912372	0.012	0.022	6.91486829873579e-09	SUMO1	c2
3.33678361877085e-13	-0.988756436763754	0.009	0.017	6.92916486273955e-09	NDUFA7	c2
3.68727970350908e-13	-1.01349643753102	0.008	0.016	7.65700503230695e-09	XRCC5	c2
3.88570544490447e-13	-0.767477320190634	0.015	0.026	8.06905592688862e-09	DNAJB4	c2
3.97830605475692e-13	-1.34639002279035	0.004	0.011	8.26135035330822e-09	TMPO	c2
4.206023920576e-13	-1.13388894381253	0.006	0.014	8.73422927346812e-09	SERINC1	c2
4.29448037339465e-13	-1.20533153150489	0.005	0.013	8.91791794339132e-09	NRBP1	c2
4.67770527451044e-13	-1.06356293835339	0.007	0.015	9.71372277304838e-09	CD4	c2
5.451345829088e-13	-1.38763661718258	0.004	0.011	1.13202647486841e-08	CARHSP1	c2
6.18129671243355e-13	-0.947061467006256	0.009	0.018	1.28360807530395e-08	RBBP6	c2
7.0489239185929e-13	-1.36816064546156	0.004	0.011	1.463779540935e-08	POLR2A	c2
7.07434078629187e-13	-1.47574053266138	0.003	0.01	1.46905760768137e-08	ATG3	c2
7.55248273243552e-13	-1.43279674801911	0.004	0.01	1.56834856421756e-08	SETX	c2
8.36085210492104e-13	-0.257223950509561	0.245	0.27	1.7362145481079e-08	ZFP36L2	c2
9.23356495475266e-13	-1.45420531722637	0.004	0.01	1.91744209850394e-08	MARCH1	c2
9.85583768394196e-13	-0.868220003484647	0.01	0.019	2.04666325344739e-08	DDOST	c2
1.08018497502323e-12	-0.66244281092363	0.018	0.029	2.24311211913325e-08	FIS1	c2
1.08098237516301e-12	-0.863773616732248	0.011	0.019	2.24476800026351e-08	NT5C	c2
1.10429013051516e-12	-0.622932554210414	0.022	0.034	2.29316888502779e-08	FNBP1	c2
1.12388527583164e-12	-0.377411154930551	0.057	0.074	2.33386016379199e-08	COX6C	c2
1.19190398448573e-12	-0.999245135861315	0.008	0.016	2.47510781418308e-08	KDELR1	c2
1.32380699989287e-12	-1.01522864812495	0.007	0.015	2.74901761597753e-08	DNAJC8	c2
1.33266376453682e-12	-1.00514324314083	0.008	0.016	2.76740957343716e-08	TWF2	c2
1.35758584680095e-12	-1.07105802329019	0.007	0.014	2.81916276946684e-08	LAMTOR2	c2
1.42084162734997e-12	-1.17551556751917	0.006	0.013	2.95051972335494e-08	TANK	c2
1.50727780010499e-12	-0.679438375572755	0.018	0.029	3.13001307969802e-08	LINC-PINT	c2
1.55771795589822e-12	-1.4551754525002	0.003	0.01	3.23475710721825e-08	LAIR1	c2
1.60074167102009e-12	-1.35581476903701	0.004	0.011	3.32410015404032e-08	AFF4	c2
1.60124562176113e-12	-0.628163015499637	0.021	0.032	3.32514665814916e-08	PRRC2C	c2
1.70589010465966e-12	-1.45278358396522	0.003	0.01	3.54245139133625e-08	BIRC6	c2
1.72215821714522e-12	-1.07920143675005	0.007	0.014	3.57623375372376e-08	THRAP3	c2
1.72876389352395e-12	-0.998611527076223	0.008	0.016	3.58995110129184e-08	ZC3H12A	c2
1.75813661466211e-12	-0.719151756618634	0.015	0.025	3.65094649400733e-08	PRPF38B	c2
1.92020407469441e-12	-0.93624761127765	0.009	0.017	3.98749578151041e-08	UFM1	c2
1.92952300339985e-12	-1.11343365226382	0.006	0.013	4.00684746886012e-08	ADSS	c2
2.25346551409076e-12	-1.08648262521752	0.006	0.014	4.67954648656086e-08	ZC3H15	c2
2.29234726894206e-12	-0.970545034426022	0.008	0.016	4.76028833868508e-08	SSR1	c2
2.34381764800086e-12	-0.693377376105137	0.016	0.027	4.86717172783859e-08	SEC62	c2
2.49826121030716e-12	-1.0098710649331	0.008	0.015	5.18788922932386e-08	CHMP4A	c2
2.65309302164718e-12	-0.912634538253443	0.009	0.017	5.50941296875253e-08	LPXN	c2
3.15780554460606e-12	-0.958267818198648	0.008	0.016	6.55749899392895e-08	KDM6B	c2
3.1880068207821e-12	-1.39669868866671	0.004	0.01	6.6202149640361e-08	RALGAPA1	c2
3.35311676247566e-12	-0.902614999366019	0.009	0.018	6.96308226895696e-08	EIF4A3	c2
3.37664545540644e-12	-0.631562898069633	0.02	0.031	7.01194195269702e-08	SRP9	c2
3.80508710414942e-12	-0.834245384757675	0.011	0.02	7.90164388047669e-08	RPS19BP1	c2
3.83778958404848e-12	-1.20865284529613	0.005	0.012	7.96955385023508e-08	TMX1	c2
4.04983472407756e-12	-0.723076663082444	0.014	0.024	8.40988678801945e-08	NDUFS8	c2
4.17846999976829e-12	-1.04030427275686	0.007	0.014	8.67701080151883e-08	YWHAH	c2
4.49974461725175e-12	-1.25931906962728	0.005	0.011	9.34416967218498e-08	SH3BP1	c2
4.83936733213386e-12	-0.96592283183044	0.008	0.016	1.00494302019092e-07	SNRPB2	c2
4.86469323366544e-12	-1.01326785886287	0.007	0.014	1.01020219690296e-07	SUPT4H1	c2
4.90545850035923e-12	0.859240469791195	0.012	0.007	1.0186675121846e-07	C1orf228	c2
5.07979011753138e-12	-0.723513737135846	0.015	0.024	1.05486921580657e-07	MRPL52	c2
5.2006543839572e-12	-1.06473635289016	0.006	0.014	1.07996788937255e-07	KIF5B	c2
5.74468116416343e-12	-0.421795634477006	0.044	0.059	1.19294049055018e-07	SEPT1	c2
5.79705577365896e-12	-1.04960372319549	0.007	0.014	1.20381660195802e-07	MYLIP	c2
5.99780863998009e-12	-0.740996178411852	0.014	0.023	1.24550494217826e-07	RAP1A	c2
6.67268718182906e-12	-0.682713632283278	0.016	0.026	1.38565022017862e-07	ATP5F1	c2
6.75476581365565e-12	-1.06545352405484	0.007	0.014	1.40269466886373e-07	STARD7	c2
6.92562060741636e-12	-1.25024329058844	0.005	0.011	1.43817437533608e-07	HNRNPD	c2
7.03965661791121e-12	-0.349703702037921	0.132	0.153	1.46185509327544e-07	BTG2	c2
7.20024031604676e-12	-0.780241555790557	0.012	0.021	1.49520190403027e-07	ENSA	c2
7.35978352549104e-12	-0.371115625749224	0.056	0.072	1.52833264690347e-07	VAMP2	c2
7.82808576189699e-12	-0.793365869968164	0.012	0.021	1.62558028931553e-07	MDH2	c2
7.85929071427471e-12	-0.89765377845611	0.009	0.017	1.63206030972629e-07	POLR2G	c2
7.9647174893849e-12	-1.26140539687574	0.005	0.011	1.65395323384567e-07	PTPRA	c2
8.0663135621206e-12	-0.902256318727036	0.009	0.017	1.67505067430996e-07	ATF7IP	c2
8.22489697122136e-12	0.241757302814466	0.118	0.1	1.70798210504383e-07	CCNI	c2
8.46332298629385e-12	-1.06668611612016	0.006	0.013	1.75749365133378e-07	RPA3	c2
8.57835297622877e-12	-1.28414561069563	0.004	0.01	1.78138077904367e-07	SHKBP1	c2
8.81538180303813e-12	-1.16563368948196	0.005	0.012	1.8306021852189e-07	VKORC1	c2
8.96553465246189e-12	-1.18623391546639	0.005	0.012	1.86178292593024e-07	CRTAP	c2
9.27754709092035e-12	0.514863765928931	0.029	0.02	1.92657542890052e-07	RPL13AP5	c2
1.04727550137985e-11	-1.22576610724763	0.005	0.011	2.1747723061654e-07	EIF6	c2
1.1473979534311e-11	-1.28694229519308	0.004	0.01	2.38268659009502e-07	CHMP5	c2
1.26633391210191e-11	-1.02147806946416	0.007	0.014	2.62966900187082e-07	SLTM	c2
1.29077434735282e-11	-0.831557321088908	0.01	0.018	2.68042200971287e-07	OPTN	c2
1.54735956542065e-11	-0.783796452967183	0.012	0.02	3.21324687355253e-07	SF3B6	c2
1.55300371447134e-11	-0.713314134705351	0.014	0.024	3.22496751347118e-07	RBM25	c2
1.63943833821541e-11	-0.960381792134079	0.008	0.015	3.40445765313812e-07	LIMS1	c2
1.65595320307753e-11	-1.20494763574007	0.005	0.011	3.43875242151081e-07	CSNK1A1	c2
1.67712063513046e-11	-1.12257798466148	0.006	0.012	3.48270871091192e-07	KRAS	c2
1.68039927159932e-11	-0.899645709070739	0.009	0.017	3.48951712740316e-07	IDI1	c2
1.74453289978658e-11	-0.720921248182216	0.014	0.023	3.62269701969681e-07	UBE2N	c2
1.75800798914887e-11	-0.854276039466288	0.01	0.018	3.65067939026654e-07	TGIF1	c2
1.76541102316548e-11	-0.816489865158361	0.011	0.019	3.66605253070544e-07	HMGN4	c2
1.9376760470851e-11	-0.718689516468404	0.014	0.023	4.02377807937692e-07	SRSF10	c2
1.96325509195324e-11	-0.954307277724395	0.008	0.015	4.0768955239501e-07	RAB2A	c2
2.10828182938066e-11	-0.928865355886971	0.008	0.016	4.37805804689187e-07	NDUFB3	c2
2.14922821979996e-11	-1.33311511381073	0.004	0.01	4.46308732123659e-07	JOSD2	c2
2.33069458079925e-11	-0.883484950404096	0.009	0.017	4.83992036648772e-07	RBBP4	c2
2.46834662186994e-11	-1.10618354641081	0.006	0.012	5.12576859497512e-07	ARIH2	c2
2.5832898599209e-11	-1.30378141732427	0.004	0.01	5.36445972311173e-07	GLS	c2
2.62268297760133e-11	-1.23481509961652	0.004	0.01	5.44626347128692e-07	TMEM9B	c2
2.73311672426638e-11	-1.01522864812495	0.007	0.014	5.67559018961157e-07	CHD1	c2
3.01051934673691e-11	-0.98136846441154	0.007	0.014	6.25164447543387e-07	MRPL51	c2
3.08134213598489e-11	-1.09576504198399	0.006	0.012	6.39871507958622e-07	ZNF207	c2
3.20677272948324e-11	-0.716574937682808	0.014	0.022	6.65918425004489e-07	NDUFC1	c2
3.4157223118705e-11	-1.23819988392889	0.004	0.01	7.09308895283029e-07	ANXA7	c2
3.50459995242384e-11	-1.10785281077562	0.005	0.012	7.27765226120334e-07	CD46	c2
3.63764337166613e-11	-1.24697985009122	0.004	0.01	7.55393022560189e-07	CASP8	c2
3.73768119858844e-11	-0.811781936230538	0.011	0.019	7.76166877698874e-07	TCEB1	c2
3.78806503742443e-11	-0.57982977649419	0.021	0.032	7.86629585671557e-07	TRAM1	c2
3.86999068655623e-11	-1.25679083118462	0.004	0.01	8.03642265970266e-07	XRN1	c2
4.01437458236637e-11	0.422256842050109	0.043	0.032	8.336250257742e-07	OCIAD2	c2
4.2333859127257e-11	-1.26458811706166	0.004	0.01	8.79104918636619e-07	CYB5R3	c2
4.51419024064786e-11	-0.860817010275739	0.009	0.017	9.37416745372934e-07	SNX6	c2
4.5825515282713e-11	-1.11281780232383	0.005	0.012	9.51612650360818e-07	COPZ1	c2
5.16462355130793e-11	-0.986903536813417	0.007	0.014	1.0724857266646e-06	PPP3CC	c2
5.18433676852986e-11	-1.18911067622196	0.005	0.011	1.07657937335291e-06	KCNAB2	c2
5.7043228161024e-11	-0.762226577775514	0.012	0.02	1.18455967599182e-06	CBX3	c2
5.83849811284804e-11	-0.77259663794828	0.011	0.02	1.21242251811402e-06	C17orf62	c2
6.31734327443917e-11	-1.18262987901581	0.005	0.011	1.31185950437004e-06	SLIRP	c2
6.57679432993096e-11	-1.19309938348484	0.005	0.011	1.36573711055346e-06	BPTF	c2
6.71385191994173e-11	-1.10761420771629	0.005	0.012	1.3941984896951e-06	HIGD1A	c2
7.04964861301451e-11	-0.787422730602133	0.011	0.019	1.46393003097859e-06	ATRX	c2
7.0924245793468e-11	-0.897047221776631	0.008	0.016	1.47281288814716e-06	H3F3A	c2
7.42255290258643e-11	-1.14335333900135	0.005	0.011	1.5413673357511e-06	TAF15	c2
7.75660906185054e-11	0.623718425697282	0.02	0.013	1.61073743778388e-06	DGKA	c2
7.77784584824036e-11	0.347163309765508	0.057	0.044	1.61514746884559e-06	C19orf53	c2
8.06496634534922e-11	-1.11581282659134	0.005	0.011	1.67477091127522e-06	DNAJB14	c2
8.50167074850969e-11	-0.8731849099666	0.009	0.016	1.76545694763552e-06	IRF9	c2
8.58892153017255e-11	-1.22574105371689	0.004	0.01	1.78357544495563e-06	DUSP23	c2
8.62540630617077e-11	-0.858085494708942	0.009	0.017	1.79115187353942e-06	PAG1	c2
8.84221351668954e-11	-1.15396760015218	0.005	0.011	1.83617405887575e-06	FBXO7	c2
8.97900221258683e-11	-0.907065977601622	0.008	0.015	1.86457959946578e-06	PRMT1	c2
9.29363447275581e-11	-1.10206948612884	0.005	0.012	1.92991613461247e-06	PRKCB	c2
9.70413973152872e-11	-0.471775511212637	0.029	0.041	2.01516165664925e-06	C19orf60	c2
9.82285733731766e-11	-0.736488461799031	0.013	0.021	2.03981455466738e-06	DSTN	c2
9.86446715076465e-11	-1.20164177235583	0.004	0.01	2.04845524852779e-06	LMO4	c2
1.03271373882452e-10	-1.02591442743759	0.046	0.059	2.14453335004299e-06	AREG	c2
1.13876467977923e-10	-0.630863569838064	0.017	0.026	2.36475873402954e-06	EID1	c2
1.15632125241857e-10	-0.967093771768926	0.007	0.013	2.40121671277239e-06	FAM195B	c2
1.17608954280865e-10	-0.922937701258614	0.008	0.015	2.44226754459645e-06	LAMTOR5	c2
1.20185686021238e-10	0.510345921731873	0.029	0.021	2.49577595591702e-06	RPL19P12	c2
1.28891508742309e-10	-0.716698695506374	0.013	0.022	2.67656107054278e-06	DNPH1	c2
1.36230355774242e-10	-1.01684874379311	0.006	0.013	2.82895956800791e-06	TMEM14C	c2
1.4854740385435e-10	-0.911778454156221	0.008	0.015	3.08473538843943e-06	MTHFD2	c2
1.56002751116874e-10	-1.08806586526877	0.005	0.011	3.23955312969301e-06	PTPN1	c2
1.65174233378937e-10	-1.06944810342312	0.005	0.012	3.430008130347e-06	RAB14	c2
1.66439552117607e-10	0.351128324006459	0.057	0.045	3.45628373927424e-06	GIMAP7	c2
1.87144872371093e-10	-1.13676685939857	0.005	0.011	3.88625041965813e-06	YTHDC1	c2
2.0011197373293e-10	-0.680233205578206	0.014	0.023	4.15552524653803e-06	PA2G4	c2
2.0444186026723e-10	-0.709055855663985	0.013	0.021	4.24543967030931e-06	KTN1	c2
2.05230846367076e-10	-1.19054690833748	0.004	0.01	4.2618237556587e-06	SARNP	c2
2.11076833266325e-10	-1.19054690833748	0.004	0.01	4.38322151960851e-06	CNOT2	c2
2.14532181130686e-10	-0.770784981694275	0.011	0.019	4.45497527335983e-06	HP1BP3	c2
2.19426142655483e-10	-0.743422732112718	0.012	0.02	4.55660327838377e-06	ARHGAP4	c2
2.22938893949328e-10	-0.70115260261726	0.014	0.022	4.62954907175175e-06	AAK1	c2
2.32103578308528e-10	-0.716540951533596	0.012	0.02	4.8198629071549e-06	PSMB8-AS1	c2
2.32817029329323e-10	-1.11046703060582	0.005	0.011	4.83467843105273e-06	MX1	c2
2.48903173956346e-10	-0.640196777418955	0.016	0.024	5.16872331037747e-06	HNRNPH3	c2
2.60306732058942e-10	-0.881379333937973	0.008	0.015	5.405529597936e-06	MYCBP2	c2
2.64276090308453e-10	-0.612224683504462	0.017	0.026	5.48795729134533e-06	PRDX6	c2
2.86340564939945e-10	-0.977803544230091	0.007	0.013	5.9461481715429e-06	FAM173A	c2
2.89498904214669e-10	-0.789305294034285	0.01	0.018	6.01173424492182e-06	DDX6	c2
2.91480208059685e-10	-0.322908867904043	0.062	0.077	6.05287800056742e-06	HMGN1	c2
3.01258275898777e-10	-1.04029727021571	0.006	0.012	6.255929357314e-06	CDK5RAP3	c2
3.19846771270602e-10	-1.14163730785653	0.005	0.01	6.64193805220533e-06	UQCRC1	c2
3.23560336239152e-10	-0.999131749515512	0.006	0.012	6.71905394234222e-06	PPM1G	c2
3.31860286132662e-10	-1.13109420050897	0.005	0.01	6.89141070183086e-06	DOCK10	c2
3.45167173344129e-10	-0.57850413041017	0.019	0.028	7.16774152166419e-06	DPP7	c2
3.52074922892575e-10	-1.06635476331614	0.007	0.014	7.31118784878721e-06	IRF8	c2
3.54075872368606e-10	-0.343241167869234	0.053	0.067	7.35273956560648e-06	UBE2D3	c2
3.55083383987491e-10	-0.749486299916677	0.011	0.019	7.37366155188424e-06	PFDN2	c2
3.65237933679929e-10	-1.09919095926927	0.005	0.011	7.5845309307974e-06	PITPNC1	c2
3.70990451490505e-10	-1.17352832444763	0.004	0.01	7.70398771565182e-06	SFT2D1	c2
3.77084885529572e-10	-0.654972434578484	0.015	0.023	7.83054473290709e-06	LSM8	c2
3.80208039061432e-10	-0.985468949451891	0.006	0.013	7.89540013914969e-06	MEA1	c2
3.83613789342938e-10	-1.02427784023642	0.006	0.012	7.96612394949545e-06	HSPA9	c2
3.87268443014911e-10	-0.544832911590542	0.021	0.031	8.04201648764763e-06	C11orf58	c2
3.95355113506802e-10	-0.6942223876345	0.013	0.021	8.20994428708225e-06	XRCC6	c2
4.04470013461909e-10	-0.995123155555055	0.006	0.012	8.39922429954999e-06	SNORD3A	c2
4.24379672208879e-10	-0.723790970487872	0.012	0.02	8.81266827308958e-06	ATRAID	c2
4.79967068585856e-10	-0.594054315948226	0.017	0.026	9.96699614625389e-06	C16orf13	c2
4.93541201419195e-10	-1.01173618423426	0.006	0.012	1.0248876588671e-05	LOC101927902	c2
5.11535369832967e-10	-1.08722027831815	0.005	0.011	1.06225434899514e-05	SRSF4	c2
5.26281821207706e-10	-1.06835147288507	0.005	0.011	1.09287682991992e-05	SRA1	c2
5.30029661722568e-10	-1.10136218398234	0.005	0.01	1.10065959553308e-05	FIBP	c2
5.43348016486386e-10	-0.717541563156292	0.012	0.02	1.12831649103563e-05	SF3B2	c2
5.55438104264629e-10	-1.0807678675325	0.005	0.011	1.15342276731593e-05	ZNF292	c2
5.98349249606815e-10	0.647932151512828	0.016	0.01	1.24253205173351e-05	TNFRSF25	c2
6.19553827064855e-10	-1.07512406555397	0.005	0.011	1.28656547728288e-05	RNPEPL1	c2
6.31374983429222e-10	-1.03675673609551	0.005	0.011	1.31111329058912e-05	SMARCA5	c2
6.41531455347811e-10	-1.12667327251153	0.005	0.01	1.33220422017526e-05	PHYKPL	c2
6.68953175067271e-10	-0.886488649427818	0.007	0.014	1.38914816334469e-05	LINC00869	c2
6.8387300635757e-10	-0.34429828016837	0.053	0.067	1.42013068500213e-05	SLC25A3	c2
6.85861021844694e-10	0.576109602753406	0.02	0.014	1.42425899796269e-05	RASGRP2	c2
6.8984979025519e-10	-1.07441703538011	0.005	0.011	1.43254207444393e-05	NUDT22	c2
7.16314758141159e-10	-0.668778234103514	0.013	0.021	1.48749922675593e-05	AURKAIP1	c2
7.19584077775516e-10	-0.656571082858251	0.036	0.048	1.49428829590864e-05	CD79A	c2
7.60305154806533e-10	-0.56107012275243	0.02	0.029	1.57884968447125e-05	JTB	c2
7.67700076652594e-10	-1.05449927773878	0.005	0.011	1.59420597917678e-05	ARL6IP6	c2
8.14244647704983e-10	-0.973814549592103	0.006	0.012	1.69086043542417e-05	CMC2	c2
8.30531067480764e-10	-1.09042519028134	0.005	0.01	1.72468081473055e-05	NIPBL	c2
8.64262774885251e-10	-0.705948026694055	0.012	0.02	1.79472807832671e-05	RGS19	c2
8.92522103764371e-10	-0.72496536322549	0.012	0.019	1.85341140067709e-05	AMD1	c2
8.98099494629534e-10	-0.942943647033994	0.006	0.012	1.86499341054769e-05	RNF187	c2
9.4626020910896e-10	-0.793312914399274	0.009	0.016	1.96500395023567e-05	SNX17	c2
9.53389481811508e-10	-1.0680381228174	0.005	0.011	1.97980859792978e-05	TGFBR2	c2
9.74536710902098e-10	-0.710980732588477	0.012	0.02	2.0237229338593e-05	SLC38A1	c2
9.83562777164153e-10	-0.89517432129175	0.007	0.014	2.04246646305908e-05	SP140	c2
9.84335515235397e-10	-0.954665310991126	0.006	0.013	2.04407113093783e-05	DUSP5	c2
1.03146520128238e-09	0.121396525495475	0.195	0.173	2.14194063698299e-05	MIF	c2
1.08094333080314e-09	-0.514460160956211	0.023	0.033	2.24468692074581e-05	OXNAD1	c2
1.10607433289584e-09	-0.828927313056949	0.009	0.015	2.2968739596915e-05	OCIAD1	c2
1.15818408077757e-09	-0.404371967956306	0.038	0.05	2.4050850621427e-05	ETS1	c2
1.16423929353942e-09	-1.11371990617705	0.005	0.01	2.41765931696395e-05	ITGB1BP1	c2
1.17439114888554e-09	-0.888223371389625	0.007	0.014	2.43874065977571e-05	OSBPL8	c2
1.19420187999612e-09	0.514085823046297	0.025	0.018	2.47987962399995e-05	TMEM243	c2
1.20110882084235e-09	-0.847748375148834	0.008	0.015	2.49422257736121e-05	TSC22D4	c2
1.21154702416162e-09	-0.577373471549844	0.018	0.027	2.51589855037403e-05	UBE2B	c2
1.25344846484379e-09	-3.25337265342431	0.006	0.012	2.60291108209462e-05	IGLL5	c2
1.25366702532565e-09	-0.898181862056028	0.007	0.013	2.60336494479124e-05	RAB11A	c2
1.28800098483379e-09	-0.16775110540169	0.211	0.234	2.67466284510584e-05	TMA7	c2
1.31092266466361e-09	0.620217219601154	0.017	0.011	2.72226200544046e-05	SNHG16	c2
1.33955756298615e-09	-0.716762193942028	0.011	0.019	2.78172523529703e-05	GHITM	c2
1.34991664972833e-09	-0.742341344255062	0.011	0.018	2.80323691482586e-05	POLR2K	c2
1.36174190160328e-09	-1.04440446631367	0.005	0.011	2.82779323286938e-05	SKIL	c2
1.36275429350427e-09	-1.05297609313759	0.005	0.01	2.82989556589096e-05	CCDC69	c2
1.36299659648851e-09	-1.12290225137766	0.004	0.01	2.83039873226804e-05	LOC643733	c2
1.41927231049086e-09	-0.665734215773881	0.014	0.022	2.94726087996532e-05	ODC1	c2
1.42653987639102e-09	-0.888875394855947	0.007	0.014	2.96235270731359e-05	U2SURP	c2
1.44409588934873e-09	-1.12978678421727	0.006	0.011	2.99880952382158e-05	GADD45G	c2
1.53283455641045e-09	-0.958612699281024	0.006	0.012	3.18308423984194e-05	ETFB	c2
1.53829421197807e-09	-1.03699487662936	0.005	0.011	3.19442176059366e-05	HNRNPL	c2
1.53838368777736e-09	-0.777743320574359	0.009	0.016	3.19460756603847e-05	SUMO3	c2
1.62868699370144e-09	-0.349974209386438	0.051	0.064	3.38213141112041e-05	RPL22L1	c2
1.67971063920203e-09	-0.799278370115687	0.009	0.016	3.48808711336693e-05	ANKRD10	c2
1.74868227915417e-09	0.795115431517086	0.01	0.006	3.63131362089155e-05	RASA3	c2
2.16589723018177e-09	-0.978453365056097	0.006	0.012	4.49770218819545e-05	RHEB	c2
2.21516676566724e-09	-1.03282724241414	0.005	0.01	4.60001530558459e-05	TES	c2
2.21620628966743e-09	-0.673350963893339	0.013	0.02	4.60217398112338e-05	HMHA1	c2
2.68247309844289e-09	-0.836166452163337	0.008	0.014	5.5704236362265e-05	POLR3GL	c2
2.71077179859549e-09	-1.06209183691933	0.005	0.01	5.6291887169634e-05	LMAN1	c2
2.79986913736047e-09	-0.700333646650788	0.011	0.018	5.81420825064276e-05	ZBTB20	c2
2.83924183058282e-09	-0.67656590820526	0.013	0.02	5.89596958538829e-05	IL16	c2
2.87597322146009e-09	-0.574661295920349	0.017	0.026	5.97224599168403e-05	CHURC1	c2
2.88349417670752e-09	-1.07942946233034	0.005	0.01	5.98786400735083e-05	ETNK1	c2
3.56562393036509e-09	-0.586619129272574	0.017	0.025	7.40437465379615e-05	CHD2	c2
3.57576323908481e-09	-1.08259259211292	0.005	0.01	7.42542994228352e-05	PTPLAD2	c2
3.61855602048598e-09	-0.582363482286041	0.017	0.025	7.51429343214118e-05	RNPS1	c2
3.91452234050601e-09	-0.979710210934628	0.006	0.011	8.12889709229478e-05	PSMD7	c2
4.21460914641434e-09	-0.924884163207053	0.006	0.012	8.75205735344402e-05	TAOK3	c2
4.44300717204129e-09	-0.774657579479145	0.009	0.016	9.22634869346095e-05	NONO	c2
4.46967597159399e-09	-0.536888396536785	0.019	0.028	9.28172912261209e-05	EMD	c2
5.09663268281002e-09	-1.01329181945225	0.005	0.011	0.000105836674291233	OBFC1	c2
5.1164112025474e-09	-0.799965742735387	0.009	0.015	0.000106247395032099	CGGBP1	c2
5.20650576862726e-09	-1.0389614975981	0.005	0.01	0.000108118298791314	SDHC	c2
5.54858920276638e-09	-0.950671667188624	0.006	0.011	0.000115222003384647	LINC00674	c2
5.5997876775126e-09	-0.825974476041621	0.008	0.014	0.000116285190911227	MAGOH	c2
5.97349890226413e-09	-0.658125504882493	0.013	0.02	0.000124045678204417	TMC6	c2
6.05272998409808e-09	-0.521771098885672	0.021	0.03	0.000125690990849781	BRE-AS1	c2
6.38582303863438e-09	-0.460916360243974	0.025	0.035	0.000132608001220282	TOMM6	c2
6.62833372359974e-09	-0.884799650135281	0.007	0.013	0.000137643978104272	CLTB	c2
6.7628661856539e-09	-1.02683283236573	0.005	0.01	0.000140437679211289	CSNK1D	c2
7.28828118232526e-09	-0.556769661998545	0.018	0.026	0.000151348447032166	DGUOK	c2
7.53294848337782e-09	-0.852670838036946	0.007	0.013	0.000156429208205824	ADRM1	c2
7.83448054103955e-09	-1.05361747732926	0.005	0.01	0.000162690822915227	TXNDC17	c2
7.86057521664192e-09	-0.910021185478394	0.006	0.012	0.000163232704948786	TCP1	c2
7.94862446665031e-09	-0.810958245062922	0.008	0.014	0.00016506113567446	MLF2	c2
8.1954932231248e-09	-1.0536683938812	0.005	0.01	0.00017018761227141	TRAF1	c2
8.22582809456929e-09	-0.647650651031292	0.013	0.021	0.000170817546211826	SIVA1	c2
8.27015273506407e-09	-0.963920385967932	0.006	0.011	0.00017173799169634	C6orf1	c2
8.39551802579011e-09	-0.550870266982472	0.018	0.026	0.000174341327323558	SPSB3	c2
8.49704394679628e-09	-0.96906403523388	0.005	0.011	0.000176449614599172	PSMD13	c2
8.69505298441174e-09	-0.846574886094498	0.007	0.013	0.000180561470274294	KPNB1	c2
8.73882723380885e-09	0.56894855701061	0.018	0.012	0.000181470486337274	EPB41L4A-AS1	c2
8.94436549587878e-09	-0.923863886821818	0.006	0.012	0.000185738693887419	FLOT1	c2
9.16476313188308e-09	-0.575708274013299	0.016	0.024	0.000190315471196684	SSU72	c2
9.35091800880336e-09	-0.566952962974201	0.017	0.025	0.000194181163370811	SIGIRR	c2
9.35469742961089e-09	-0.910021185478394	0.006	0.012	0.0001942596468233	RAB10	c2
9.60206675016951e-09	-0.745428641937506	0.009	0.016	0.00019939651813402	HMOX2	c2
9.62526033641253e-09	-0.942080975391135	0.006	0.011	0.000199878156145943	AKR1A1	c2
1.00020139862781e-08	-1.05077884343712	0.005	0.01	0.000207701822439052	MAN2B1	c2
1.04754085071569e-08	-0.736404659699684	0.01	0.016	0.000217532333059621	ARL4A	c2
1.07308978785166e-08	-1.02901950742825	0.005	0.01	0.000222837825345276	SAT2	c2
1.1105717212791e-08	-1.04252586279971	0.005	0.01	0.000230621323640817	CNIH4	c2
1.13761193872881e-08	-1.03055974006553	0.005	0.01	0.000236236495196424	PHF11	c2
1.15562711182348e-08	-0.759147782262354	0.009	0.015	0.000239977526041263	CD79B	c2
1.17770539009931e-08	-0.590634066150349	0.015	0.023	0.000244562301308023	TMEM173	c2
1.17827092008642e-08	-0.412108316464686	0.032	0.042	0.000244679739265147	LSM7	c2
1.21299464379371e-08	-0.983181031027712	0.005	0.01	0.000251890467730203	PPP1R7	c2
1.22595208674799e-08	0.275595866633633	0.069	0.057	0.000254581210334088	ERP29	c2
1.31389160988964e-08	-0.814773218747089	0.008	0.014	0.000272842731709683	RASA2	c2
1.31410846132396e-08	-0.856261606930131	0.007	0.013	0.000272887763078534	GPRIN3	c2
1.47440974625598e-08	-0.696664211176408	0.011	0.018	0.000306175927907517	RILPL2	c2
1.55651130267284e-08	-0.961680152840478	0.005	0.011	0.000323225137113041	SYNRG	c2
1.60146944742064e-08	-0.784109996561297	0.008	0.015	0.00033256114545137	IRF3	c2
1.73558547337584e-08	-0.988548600554954	0.005	0.01	0.000360411679401227	CELF1	c2
1.77582272729069e-08	-0.637917270398754	0.013	0.02	0.000368767347549186	USP15	c2
1.89225285548348e-08	-0.763627292680092	0.009	0.015	0.000392945227969699	NUCB1	c2
1.9467089283955e-08	-0.86372810455553	0.007	0.012	0.000404253576070609	NDUFB6	c2
1.99859706902912e-08	-0.860134616077338	0.006	0.012	0.000415028667354587	DBNL	c2
2.02169685872352e-08	-0.620883543999203	0.013	0.02	0.000419825569682527	MRPL54	c2
2.10213340841113e-08	-0.901101636737947	0.006	0.011	0.000436529023590655	PTBP1	c2
2.16335154967702e-08	-0.766753393666812	0.009	0.015	0.000449241582805931	GADD45GIP1	c2
2.27444500393589e-08	-0.999191235144315	0.005	0.01	0.000472311249517327	UBE2S	c2
2.29402332038558e-08	-0.726076305605665	0.009	0.016	0.00047637688271127	PPP2R1A	c2
2.35975080067788e-08	-0.724491474875676	0.01	0.016	0.000490025851268768	CYFIP2	c2
2.44578719320348e-08	-0.718751725440818	0.009	0.016	0.000507892168540635	IMP3	c2
2.46749472732825e-08	-0.614098091320266	0.014	0.021	0.000512399955076985	SNRNP70	c2
2.54057431867073e-08	0.632450868116012	0.013	0.009	0.000527575663015164	ABLIM1	c2
2.553614301681e-08	-0.808383280498737	0.008	0.013	0.000530283545887077	ZMYM6NB	c2
2.60991832859121e-08	-0.785413532904501	0.008	0.014	0.000541975640115251	SEMA4D	c2
2.744702382974e-08	-0.926863423965575	0.006	0.011	0.000569964896848381	MIER1	c2
2.76348586352207e-08	-0.636860651134943	0.012	0.019	0.000573865474418993	ARID4B	c2
2.78093631912183e-08	-0.997604111726944	0.005	0.01	0.000577489236028839	SMNDC1	c2
2.87367879000959e-08	-0.853643694489743	0.007	0.012	0.000596748137533391	PTPN2	c2
2.90741425470707e-08	-0.716615720005064	0.01	0.016	0.00060375364413247	SDF4	c2
2.95979765708998e-08	-0.847566511370511	0.006	0.012	0.000614631581471306	PPM1K	c2
3.02037147843682e-08	-0.705187369478661	0.01	0.016	0.00062721034121219	SNRPD1	c2
3.15215119360761e-08	-0.733368028546504	0.009	0.015	0.000654575716864556	HNRNPR	c2
3.20270369816789e-08	-0.799452419463332	0.008	0.013	0.000665073449961544	MAP1LC3B2	c2
3.24472402887268e-08	-0.868224867684897	0.006	0.012	0.000673799391835701	ZRANB2	c2
3.24685855605451e-08	-0.958480590399388	0.005	0.01	0.000674242647750279	ANP32E	c2
3.39196362875721e-08	-0.67271942804584	0.011	0.017	0.000704375167147721	KHDRBS1	c2
3.42158714484086e-08	-0.837557784877564	0.007	0.013	0.000710526786497654	HLA-J	c2
3.67918095225591e-08	-0.69241379329517	0.01	0.016	0.000764018716545463	MAF1	c2
3.79756591799964e-08	-0.69247139165992	0.01	0.017	0.000788602538531804	RHBDD2	c2
3.87508195716671e-08	0.473048705929265	0.023	0.017	0.00080469951922524	TRAT1	c2
3.92021816044656e-08	-0.703817512371484	0.01	0.016	0.000814072503198332	NKTR	c2
4.20198005727414e-08	-0.962400959770731	0.005	0.01	0.000872583178693548	CCSER2	c2
4.20635014714294e-08	-0.605955614370173	0.014	0.021	0.000873490671555703	NDUFAF3	c2
4.35648891684567e-08	-0.787046784009545	0.008	0.014	0.000904668488472172	TMEM160	c2
4.71558554625733e-08	-0.513406324087703	0.019	0.027	0.000979238494535797	SMCHD1	c2
4.76353104451554e-08	-0.384626790019108	0.033	0.042	0.000989194856704097	PDCD4	c2
4.83728321404148e-08	-0.917957994276576	0.005	0.01	0.00100451023222785	NDUFA5	c2
4.91019984041094e-08	-0.618527090806085	0.012	0.019	0.00101965209885974	TMEM256	c2
5.15243034742279e-08	-0.635827812302227	0.012	0.019	0.00106995368594582	SUPT3H	c2
5.24801138988457e-08	-0.325469164336353	0.049	0.061	0.00108980204522343	PLP2	c2
5.40297586582038e-08	-0.899695915744315	0.006	0.011	0.00112198196829626	SMS	c2
5.60791330257938e-08	-0.673884061374097	0.011	0.017	0.00116453927641363	LSM2	c2
5.90778342625163e-08	-0.532446542210267	0.017	0.024	0.00122681030629541	KRT10	c2
5.91074957868502e-08	-0.410060967194572	0.029	0.038	0.00122742625750973	CDC42SE2	c2
6.14892847411775e-08	-0.79806125104848	0.007	0.013	0.00127688648693529	VIM-AS1	c2
6.25658668551955e-08	-0.733992897046569	0.009	0.015	0.00129924279111499	GTF2B	c2
6.43484150920517e-08	0.707994044050617	0.01	0.006	0.00133625918780155	CCNG1	c2
6.45680252013344e-08	-0.319597037421341	0.047	0.058	0.00134081961133091	NDUFS5	c2
6.5856130628497e-08	-0.94424974317553	0.005	0.01	0.00136756840863137	HSPA4	c2
6.87174550844281e-08	-0.88004811654472	0.006	0.011	0.00142698667228323	DDX46	c2
6.97369763354486e-08	0.49419597716254	0.021	0.015	0.00144815805058193	C1QBP	c2
7.44985591082876e-08	-0.439564546911052	0.025	0.034	0.0015470370784427	NDUFB4	c2
7.7479757128112e-08	-0.624303604962909	0.012	0.018	0.00160894463652237	PDE4D	c2
7.81432173380372e-08	-0.931054722903387	0.005	0.01	0.00162272205124168	HMGA1	c2
8.23501795758146e-08	-0.889697766041087	0.005	0.01	0.00171008382907137	PDLIM2	c2
8.41542368597525e-08	-0.942080975391135	0.005	0.01	0.00174754688262962	IRF2	c2
8.64107806577001e-08	-1.0046179478737	0.005	0.01	0.0017944062711378	BAG3	c2
9.95849274124186e-08	-0.943039895360561	0.005	0.01	0.00206798060264628	LINC00657	c2
1.03599550318786e-07	-0.73380437722782	0.009	0.014	0.00215134826191991	LSM6	c2
1.1582938184665e-07	-0.846355863956968	0.006	0.011	0.00240531294342754	UHMK1	c2
1.17207776199586e-07	-0.707851218945519	0.009	0.015	0.00243393668056061	CASP4	c2
1.19122385096913e-07	-0.681442675474167	0.01	0.016	0.0024736954489225	DPM3	c2
1.20910872906799e-07	-0.851344105949543	0.006	0.011	0.00251083518678258	PUF60	c2
1.26011735236214e-07	-0.900406835571002	0.005	0.01	0.00261675969391522	PHTF2	c2
1.26428855889049e-07	-0.770716397869733	0.007	0.013	0.00262542162139199	RNF114	c2
1.35316180223151e-07	-0.771916144334624	0.007	0.013	0.00280997579851395	COPS6	c2
1.41768688641612e-07	-0.787214112997708	0.007	0.012	0.00294396858833171	GGNBP2	c2
1.44216020227162e-07	-0.370654550884348	0.034	0.044	0.00299478987603724	C11orf31	c2
1.47624967272242e-07	-0.533434621860485	0.016	0.023	0.00306558007037538	CTSA	c2
1.49222896509582e-07	-0.83097479364713	0.006	0.011	0.00309876266891799	FAM50A	c2
1.52887787701645e-07	-0.625067715394741	0.011	0.018	0.00317486779941235	PPIG	c2
1.56443112329198e-07	-0.915324517148739	0.005	0.01	0.00324869767062813	COQ10B	c2
1.60941675845726e-07	-0.754255866666933	0.008	0.013	0.00334211484061235	BNIP2	c2
1.68659814862649e-07	-0.892082677851864	0.005	0.01	0.00350238971543777	VPS37B	c2
1.72315255758303e-07	-0.760559067592661	0.008	0.013	0.00357829860107692	NUDC	c2
1.74365100976812e-07	-0.841167275497308	0.006	0.011	0.00362086568688447	SMG1	c2
1.79381450587531e-07	0.397102548715914	0.029	0.022	0.00372503520290066	RPS10	c2
1.87305243213424e-07	-0.718217166838019	0.008	0.014	0.00388958068056997	TMEM50B	c2
1.95379220665302e-07	-0.886198891084235	0.005	0.01	0.00405724489633566	SAP30BP	c2
2.01404383957065e-07	-0.873395953711986	0.006	0.01	0.00418236343725241	ACAA1	c2
2.06143431296928e-07	-0.608378163409751	0.012	0.018	0.004280774494312	ATP5G1	c2
2.16383804119157e-07	-0.755165808822443	0.008	0.013	0.00449342607633841	VOPP1	c2
2.16993574399535e-07	-0.868170144486495	0.006	0.01	0.00450608856598073	SNRPE	c2
2.20730019284603e-07	-0.620486490180571	0.011	0.017	0.00458367958046406	GPS2	c2
2.26366654350434e-07	-0.527305808150634	0.016	0.023	0.00470072994424112	PTP4A1	c2
2.3050987011881e-07	-0.720612633471065	0.008	0.014	0.00478676796288721	APH1A	c2
2.31063216208704e-07	-0.799210792357147	0.007	0.012	0.00479825874778995	PRPF40A	c2
2.41530133190471e-07	-0.544664537831934	0.017	0.024	0.00501561474583333	DUT	c2
2.45558689145433e-07	0.676865929757656	0.011	0.007	0.00509927173879406	CHMP7	c2
2.4556529881192e-07	-0.46029811962232	0.02	0.028	0.00509940899512833	COX14	c2
2.49405005103137e-07	-0.876244316021016	0.005	0.01	0.00517914433597173	TMEM208	c2
2.49648993362047e-07	-0.470600612645718	0.02	0.028	0.00518421099615627	CD47	c2
2.59484055642806e-07	-0.801203006769311	0.007	0.012	0.00538844589947851	SMIM7	c2
2.69276303943025e-07	-0.863773616732248	0.005	0.01	0.00559179172768086	TIMM8B	c2
2.7534134583026e-07	-0.735372914277327	0.008	0.013	0.00571773838751117	STRA13	c2
2.87995269258408e-07	-0.822788746182454	0.006	0.011	0.0059805097614201	LRPAP1	c2
2.89352095747912e-07	-0.665116991984027	0.01	0.015	0.00600868562030115	CHIC2	c2
3.02650625912342e-07	-0.559464953804669	0.014	0.02	0.00628484289769569	RHOF	c2
3.24696403485363e-07	-0.817150458435829	0.006	0.011	0.00674264551477706	SNX2	c2
3.26443629695017e-07	-0.652389273564481	0.01	0.016	0.00677892841424671	A1BG	c2
3.26892266559779e-07	0.212983376378983	0.043	0.035	0.00678824480738036	PIM2	c2
3.43169071395587e-07	-0.6344819087907	0.01	0.016	0.00712624893660077	NDUFA12	c2
3.6341104350939e-07	-0.348178082719233	0.034	0.044	0.00754659372951599	CSRNP1	c2
3.681950580267e-07	-0.725989498818691	0.008	0.013	0.00764593857498245	SRSF1	c2
3.69520924414241e-07	-0.832180111964492	0.006	0.011	0.00767347151638612	EIF5B	c2
3.70395969397635e-07	-0.875468047484187	0.005	0.01	0.00769164270051128	OFD1	c2
3.76710981652733e-07	-0.680913790911866	0.009	0.014	0.00782278024500065	ERN1	c2
4.11309407957233e-07	0.204890469544929	0.093	0.08	0.0085412511656399	GPSM3	c2
4.18660171025402e-07	-0.707106352762613	0.008	0.013	0.00869389711151349	SRSF9	c2
4.22089068647527e-07	-0.661835266694916	0.009	0.015	0.00876510159953454	SF3A2	c2
4.28206935030805e-07	-0.83154070965141	0.006	0.01	0.00889214521284971	CENPC	c2
4.3500697293487e-07	-0.68506350546367	0.009	0.014	0.00903335479996551	POLE4	c2
4.39438584902182e-07	-0.289886587779938	0.066	0.078	0.00912538165407871	LDHA	c2
4.5281339599312e-07	-0.77027987894329	0.007	0.012	0.00940312298119314	WDR33	c2
4.71973369770887e-07	0.679554984091788	0.01	0.006	0.00980099899666224	RCAN3	c2
4.84111963596144e-07	-0.875352150677313	0.005	0.01	0.0100530690360375	CCT6A	c2
4.93940110374629e-07	-0.616310814209378	0.011	0.017	0.0102571603320395	HNRNPM	c2
4.95903096967228e-07	-0.877749318286531	0.005	0.01	0.0102979237116215	MAZ	c2
5.1137181662758e-07	-0.825535091297868	0.006	0.011	0.0106191471440883	GLA	c2
5.17252620491378e-07	-0.433841672517902	0.022	0.03	0.0107412679171239	GPBP1	c2
5.23153832522738e-07	-0.85470948731739	0.005	0.01	0.0108638124861672	ILK	c2
5.23287058790175e-07	-0.688309941464428	0.008	0.014	0.0108665790628368	TIAL1	c2
5.97534006388778e-07	-0.795467959158156	0.006	0.011	0.0124083911766694	SNRPC	c2
6.17215029822287e-07	-0.7485200382898	0.007	0.012	0.0128170873092896	PLEKHJ1	c2
6.50752040757388e-07	-0.865131360823471	0.005	0.01	0.0135135168783679	AMZ2	c2
6.53736704424739e-07	-0.84327596533565	0.005	0.01	0.0135754964040841	SLAMF1	c2
6.68680662616264e-07	-0.807497887943914	0.006	0.011	0.0138858226398893	CAMTA1	c2
6.9043392989955e-07	-0.704743731391387	0.008	0.013	0.0143375509882941	EIF4EBP2	c2
7.02762701150709e-07	0.358901152494113	0.033	0.026	0.0145935702520956	PHB2	c2
7.41917840328826e-07	-0.711822708816165	0.008	0.013	0.0154066658722684	FDFT1	c2
7.46765438820559e-07	-0.693862178542132	0.008	0.013	0.0155073311025477	PNN	c2
7.60078228645139e-07	-0.584763432297081	0.012	0.018	0.015783784496045	IK	c2
7.87454727703736e-07	-0.628100011912986	0.01	0.016	0.0163522848754958	CCDC167	c2
8.22931675238066e-07	-0.597677543165533	0.011	0.016	0.0170889991679937	MRPL18	c2
8.44575682512402e-07	-0.719404307173482	0.007	0.012	0.0175384586230525	DNAJC15	c2
8.49467453332724e-07	-0.547899048311758	0.034	0.043	0.0176400411359073	MS4A1	c2
8.66858271592155e-07	-0.802383238228288	0.006	0.01	0.0180011788678827	RGL4	c2
8.75351088785931e-07	-0.64235294804737	0.009	0.015	0.0181775407097286	SSH2	c2
8.77158248286623e-07	-0.829714452318571	0.005	0.01	0.01821506818392	CD320	c2
8.88478536770987e-07	-0.796515634650974	0.006	0.01	0.0184501452945863	PSMG2	c2
8.96229031227493e-07	-0.747648271711739	0.007	0.012	0.0186110920624701	PER1	c2
8.997782529875e-07	-0.758213317685459	0.007	0.011	0.0186847952015384	PIAS1	c2
9.07791234237418e-07	-0.731000749186373	0.007	0.012	0.0188511927701742	FLJ10038	c2
9.31390444404145e-07	-0.679046569557341	0.008	0.013	0.0193412539684965	DNAJA2	c2
9.42557259529524e-07	-0.515320444249972	0.015	0.021	0.0195731440513901	PSMA1	c2
9.72852009514988e-07	-0.766226574219333	0.006	0.011	0.0202022448295882	NUDT21	c2
1.05968667928254e-06	-0.48903015017556	0.016	0.023	0.0220054535819812	ELOVL5	c2
1.07850302050515e-06	-0.723570706943893	0.007	0.012	0.0223961937238099	GOLGA7	c2
1.08042285963604e-06	-0.323529064981533	0.038	0.048	0.022436061103202	CD48	c2
1.12289693230703e-06	-0.816511866600132	0.006	0.01	0.0233180776962878	RNF125	c2
1.13252318873308e-06	-0.65898245496179	0.009	0.014	0.0235179765372311	POLR2J	c2
1.14883593452489e-06	-0.633510047148452	0.01	0.015	0.0238567270163439	STUB1	c2
1.1490900403704e-06	-0.716914755147784	0.007	0.012	0.0238620037783317	RNASEH2C	c2
1.15646267152137e-06	-0.75866373762071	0.006	0.011	0.0240151038368128	GTF2A2	c2
1.21113667860309e-06	-0.670125917565261	0.008	0.013	0.0251504642678718	HIST1H1C	c2
1.21718207542418e-06	-0.503393933781092	0.015	0.022	0.0252760029782584	EIF1AX	c2
1.27296403561019e-06	-0.360645271036548	0.041	0.051	0.0264343711634813	ZNF331	c2
1.29593661789515e-06	-0.808077271515064	0.006	0.01	0.0269114198072106	EMC4	c2
1.33170970617191e-06	-0.428031712043857	0.021	0.028	0.0276542837583659	TCEA1	c2
1.3573377851037e-06	-0.619868633622568	0.01	0.015	0.0281864764454634	SP110	c2
1.37247743745452e-06	-0.516775140658464	0.014	0.021	0.0285008664661805	MRPL20	c2
1.40366146021607e-06	-0.478094672494405	0.017	0.023	0.029148433882847	DCXR	c2
1.41693018456935e-06	-0.561714060695323	0.011	0.017	0.0294239722127671	M6PR	c2
1.43902617486302e-06	-0.716512811857945	0.007	0.012	0.0298828175472055	CNPY2	c2
1.47076773048299e-06	0.12539182075635	0.175	0.159	0.0305419626912097	DDIT4	c2
1.47562759078372e-06	-0.643227547232041	0.009	0.014	0.0306428825502148	GSDMD	c2
1.49010592076188e-06	-0.652790889664927	0.008	0.013	0.0309435395505411	RBMS1	c2
1.50955452889748e-06	-0.778634713332149	0.006	0.01	0.0313474093470851	UFD1L	c2
1.51457464974488e-06	-0.507940483283702	0.015	0.021	0.0314516571766022	RORA	c2
1.61070859569404e-06	0.527891622571326	0.015	0.01	0.0334479746981824	NELL2	c2
1.62954274759822e-06	-0.814555491799337	0.005	0.01	0.0338390846966247	PRPF8	c2
1.67373818927023e-06	-0.551764054491811	0.013	0.018	0.0347568472383856	MRPS34	c2
1.70162252935312e-06	-0.766148240436315	0.006	0.011	0.0353358934445469	B3GNT2	c2
1.71742284651808e-06	-0.307743481264086	0.048	0.059	0.0356640028307944	SPOCK2	c2
1.72327697483422e-06	-0.787922192279577	0.006	0.01	0.0357855696594075	B3GAT3	c2
1.79982929131818e-06	-0.603429522912646	0.01	0.015	0.0373752550635134	FNBP4	c2
1.90559347657188e-06	-0.28893180773901	0.047	0.057	0.0395715541344917	RAN	c2
1.91584009402034e-06	-0.499027292508297	0.017	0.024	0.0397843353924263	AIM1	c2
2.00693855619889e-06	-0.642357598219705	0.009	0.013	0.0416760860580262	COX16	c2
2.27798205928999e-06	-0.722196440889766	0.007	0.011	0.047304575443216	FBXW5	c2
2.31548531866621e-06	-0.794587601863538	0.006	0.01	0.0480833681274226	NABP1	c2
2.52489897189654e-06	-0.578652688150854	0.011	0.016	0.0524320520504035	MAPK1IP1L	c2
2.62680913696851e-06	-0.661825473461747	0.008	0.013	0.0545483185382881	PHIP	c2
2.63112382560304e-06	-0.757173350049229	0.006	0.01	0.0546379173624727	XRN2	c2
2.69339836527834e-06	-0.707437132321758	0.007	0.012	0.0559311104533699	TEX264	c2
2.73019219241872e-06	0.500070530779459	0.016	0.011	0.0566951710677671	APEX1	c2
2.73197940574453e-06	-0.649745041940912	0.008	0.013	0.056732284339691	SSNA1	c2
2.75584151484081e-06	-0.780907070349593	0.006	0.01	0.0572278048971842	SPTAN1	c2
2.85728561168659e-06	-0.661958864894591	0.008	0.013	0.0593343930122838	NDUFV1	c2
3.10458609061157e-06	-0.442946728800295	0.018	0.024	0.0644698347576399	EIF1B	c2
3.1148745318183e-06	-0.691402383542099	0.007	0.012	0.0646834845277388	MDH1	c2
3.20969064646508e-06	0.450664600922689	0.019	0.014	0.0666524359644938	ADD3	c2
3.25388285079708e-06	0.233845007886333	0.066	0.056	0.0675701312796522	GYPC	c2
3.37711007671745e-06	-0.661264180446207	0.008	0.012	0.0701290678531146	ARRDC1	c2
3.47217744820113e-06	-0.725407848337441	0.007	0.011	0.0721032368893447	OTUD6B-AS1	c2
3.5734139924554e-06	-0.162462161949058	0.132	0.147	0.0742055149673288	OST4	c2
3.63454646574709e-06	-0.677681673484971	0.007	0.011	0.0754749919077042	CHCHD5	c2
3.67654502235523e-06	-0.656053795961317	0.008	0.012	0.0763471339342288	RN7SL1	c2
3.83808356370499e-06	-0.656603520157412	0.008	0.013	0.0797016432838979	PPP6C	c2
3.85455144443173e-06	-0.632551455216589	0.008	0.013	0.0800436152950692	MPC2	c2
4.04275144101635e-06	-0.400476749004561	0.02	0.027	0.0839517764241455	TMEM219	c2
4.0493380152627e-06	0.408375014703394	0.027	0.021	0.0840885532249452	SNORA78	c2
4.27209807854098e-06	-0.513067999327304	0.013	0.019	0.0887143886989821	TMEM230	c2
4.41789066136574e-06	-0.415988460332557	0.02	0.027	0.0917419174739209	UPP1	c2
4.49236256952665e-06	-0.517597657807818	0.013	0.019	0.0932884011187903	DDX39A	c2
4.55657752275542e-06	-0.434616035827524	0.019	0.025	0.094621888837539	MRPL57	c2
4.58947433092407e-06	-0.701199711795892	0.007	0.011	0.0953050239559693	AZIN1	c2
4.63886941702927e-06	-0.208498146515798	0.089	0.101	0.0963307623140299	YBX1	c2
4.86765999295521e-06	-0.714481043277407	0.006	0.011	0.101081827413708	AP3S1	c2
5.5527318781702e-06	-0.683330989732199	0.007	0.012	0.115308030182082	C19orf24	c2
5.71264178597903e-06	-0.763496891356652	0.006	0.01	0.118628719327641	PIH1D1	c2
5.8282968952437e-06	-0.355264961469039	0.027	0.035	0.121030413326631	TBCA	c2
6.27724180026555e-06	0.44313957754872	0.019	0.014	0.130353203224314	ABHD14B	c2
6.35667520457477e-06	-0.598266638739617	0.009	0.014	0.1320027172982	RABGGTB	c2
6.48581976377821e-06	-0.757203989949855	0.006	0.01	0.134684533214618	ZFAND2B	c2
7.10356175793917e-06	-0.434527539515205	0.018	0.024	0.147512563465365	C19orf70	c2
7.61406144887139e-06	-0.678432526117176	0.031	0.038	0.158113600047263	XBP1	c2
8.65719038419488e-06	-0.385169744164921	0.021	0.027	0.179775215518191	NDUFV2	c2
8.8263258931112e-06	-0.299257545537323	0.037	0.046	0.183287483496347	UBE2D2	c2
8.8283744238544e-06	-0.680080883169015	0.007	0.011	0.183330023285761	PSMD4	c2
8.91395872227328e-06	-0.403681361812827	0.02	0.027	0.185107266826727	TECR	c2
9.26958740423031e-06	-0.53709512503806	0.011	0.016	0.192492252036247	TBRG1	c2
9.47399907010747e-06	-0.69358998949914	0.006	0.011	0.196737064689852	PHB	c2
9.53274864472899e-06	-0.613889168586839	0.008	0.013	0.197957058356442	HSD17B11	c2
1.00237875103936e-05	-0.697643050824507	0.006	0.01	0.208153971440834	PSMA3	c2
1.03078234262813e-05	-0.621492147695589	0.008	0.013	0.214052261270158	RBM17	c2
1.03590569611834e-05	-0.245283318641367	0.054	0.064	0.215116176855935	UQCRH	c2
1.03795014367043e-05	-0.685172672354183	0.007	0.011	0.215540726834601	TXN2	c2
1.04524222495597e-05	-0.71326843384833	0.006	0.01	0.217055000434356	SDHD	c2
1.05508725740917e-05	-0.529338602122376	0.011	0.016	0.219099419873588	SS18L2	c2
1.07780657038341e-05	-0.638937930559884	0.007	0.012	0.22381731240582	INO80E	c2
1.08852041934233e-05	-0.699740163945729	0.006	0.01	0.226042150280628	IER3IP1	c2
1.1024879983008e-05	0.5989492193815	0.01	0.007	0.228942657727144	NACAP1	c2
1.10428640254591e-05	-0.466068178628766	0.014	0.02	0.229316114352684	RAD23A	c2
1.12788496995921e-05	-0.694313326210652	0.006	0.01	0.23421659286173	TARSL2	c2
1.1373899374805e-05	-0.629078110283257	0.008	0.012	0.236190394417201	ILF2	c2
1.14244324912326e-05	-0.710190683260501	0.006	0.01	0.237239765112936	VTI1B	c2
1.14786905012298e-05	-0.571036734444938	0.01	0.014	0.238366486948539	LSM14A	c2
1.23497632257594e-05	-0.473625904491318	0.014	0.02	0.256455183146119	UQCRFS1	c2
1.24777389424598e-05	-0.204688035862091	0.069	0.08	0.259112726879121	SKP1	c2
1.25277756423614e-05	-0.467753909595135	0.015	0.02	0.260151788989277	ZC3HAV1	c2
1.2586187466309e-05	-0.717308128031173	0.006	0.01	0.261364768925372	DECR1	c2
1.35637603920351e-05	-0.525874326266144	0.011	0.016	0.281665048301001	DDX18	c2
1.40188872088512e-05	-0.384806040195258	0.022	0.028	0.291116211779003	TC2N	c2
1.50857180688349e-05	-0.226547085748289	0.047	0.056	0.313270021417426	IRF1	c2
1.53968079854069e-05	-0.621696966440046	0.008	0.012	0.319730114624959	TRAPPC2L	c2
1.54394029567667e-05	-0.646609414742417	0.007	0.011	0.320614641800217	ST3GAL1	c2
1.56167146423472e-05	-0.442547463556556	0.016	0.022	0.324296696262981	PBXIP1	c2
1.61012901434213e-05	-0.627860588961243	0.007	0.011	0.334359391118287	NCF4	c2
1.66650779166512e-05	-0.315057086145094	0.032	0.039	0.34606700801718	TSTD1	c2
1.66993784714319e-05	-0.659778842785488	0.006	0.01	0.346779293337754	RGS14	c2
1.70632560772018e-05	-0.666859756372814	0.007	0.011	0.354335575699173	CHCHD7	c2
1.71836547317036e-05	-0.608353292430459	0.008	0.012	0.356835774158557	RPAIN	c2
1.72341914402638e-05	-0.625441825961508	0.008	0.012	0.357885219448519	LMBRD1	c2
1.75612924378973e-05	-0.391172470201447	0.02	0.027	0.364677798765375	DENND2D	c2
1.7670969275679e-05	-0.70002152059861	0.006	0.01	0.366955347978751	P2RY10	c2
1.79268904609103e-05	-0.685936609380712	0.006	0.01	0.372269807311264	RBM4	c2
2.04941687007067e-05	-0.417566571754885	0.018	0.023	0.425581907238875	AIP	c2
2.09915290825603e-05	-0.673044709457001	0.006	0.01	0.435910092928447	VDAC3	c2
2.15813282169426e-05	-0.598661087146966	0.008	0.012	0.448157861753031	SNRPA1	c2
2.22646898799343e-05	0.284175456205223	0.038	0.031	0.462348550046716	RSL24D1	c2
2.23529878009726e-05	0.273129839160877	0.042	0.035	0.464182144674997	GTF3A	c2
2.28517744304592e-05	-0.417441115726355	0.017	0.023	0.474539947822915	NME3	c2
2.58921315015956e-05	-0.45209946396146	0.015	0.02	0.537676002762135	ARID5A	c2
2.61065032211981e-05	-0.633761453447057	0.006	0.01	0.5421276458914	ATG12	c2
2.74818482455575e-05	-0.540984835299035	0.009	0.014	0.570688060667248	SLC44A2	c2
2.77570793359711e-05	-0.599860293428785	0.008	0.012	0.576403509490776	MPG	c2
2.7986181536509e-05	-0.527581895615048	0.01	0.015	0.581161045787146	ZNF428	c2
2.82620587138053e-05	-0.453775289975379	0.014	0.02	0.58688991125088	PRMT9	c2
2.89743914198389e-05	-0.466030341913337	0.014	0.02	0.601682212224375	BCAS2	c2
2.90974236282122e-05	-0.495145124686921	0.011	0.016	0.604237099063454	PNRC2	c2
2.92773661740825e-05	-0.586385349321071	0.008	0.012	0.607973785970996	ORMDL1	c2
3.0984293848377e-05	-0.380200353858961	0.021	0.028	0.643419846055398	LOC100506248	c2
3.20883243347673e-05	-0.427614752043682	0.016	0.021	0.666346143135778	DDX21	c2
3.22106651196236e-05	-0.642172877521344	0.007	0.01	0.668886671874104	USP3	c2
3.24646100029222e-05	-0.553562983522822	0.009	0.013	0.674160091320683	NOL7	c2
3.25183396101918e-05	-0.586409328495517	0.008	0.012	0.675275840345243	BAZ1A	c2
3.42149246892774e-05	-0.596690618740091	0.008	0.012	0.710507126097534	GABPB1-AS1	c2
3.53606704560152e-05	-0.59759520565196	0.008	0.012	0.734299682689611	SDHAF2	c2
3.58315057309475e-05	-0.400582123153941	0.017	0.023	0.744077048008855	RCSD1	c2
4.09963346818521e-05	-0.337990162295923	0.024	0.031	0.851329886003342	SNHG12	c2
4.31106837315565e-05	-0.671452368401839	0.006	0.01	0.895236458369503	PNKD	c2
4.72476203994243e-05	-0.203072449300683	0.064	0.074	0.981144085214445	CIB1	c2
4.90178014216233e-05	-0.638279291296324	0.006	0.01	1	CARD8	c2
0.00011113319573138	-0.618713304424683	0.006	0.01	1	FLOT2	c2
5.89247911196163e-05	-0.602505014684348	0.007	0.011	1	NUTF2	c2
7.05750755203617e-05	-0.600369270340357	0.007	0.011	1	TMEM147	c2
5.71584252007315e-05	-0.59862158019712	0.007	0.011	1	LRP10	c2
0.108239139092248	-0.58869770798038	0.025	0.028	1	TNFRSF4	c2
0.00015549328284975	-0.58617509623606	0.007	0.01	1	EMC6	c2
0.000213707840874717	-0.585468641590849	0.006	0.01	1	SLC25A39	c2
0.000178637204850987	-0.583889336517001	0.007	0.01	1	ABTB1	c2
0.000127659785060171	-0.573386778310669	0.007	0.011	1	MMP24-AS1	c2
0.000111474705070288	-0.572683881809121	0.007	0.011	1	GOLPH3	c2
0.000105635384727987	-0.568842467635399	0.007	0.011	1	PSMD9	c2
0.000397240494295332	-0.560276779295051	0.006	0.01	1	KXD1	c2
5.17368514081713e-05	-0.558860542025479	0.009	0.013	1	MRPL43	c2
8.5310821596719e-05	-0.545064185089887	0.008	0.011	1	CPNE1	c2
9.04800869933564e-05	-0.540314697465097	0.009	0.012	1	RTF1	c2
0.000405937312239007	-0.538378839295143	0.008	0.011	1	TUBB2A	c2
0.000710081188103602	-0.53524574415719	0.007	0.01	1	DUSP16	c2
0.00066364414490553	-0.535182982617011	0.007	0.01	1	NUCB2	c2
0.000280142564618251	-0.531725482124435	0.007	0.011	1	MMADHC	c2
0.000294319745332418	-0.530450077555541	0.007	0.011	1	PHF3	c2
0.000403018801180207	-0.529414137080582	0.007	0.01	1	PTRHD1	c2
0.000142335726889837	-0.519866410409615	0.009	0.012	1	WBP2	c2
0.000297125098168329	-0.514753143073253	0.008	0.011	1	SORL1	c2
8.32435447714015e-05	-0.509725686477731	0.01	0.014	1	PNPLA2	c2
0.00033934611825629	-0.50941955325311	0.008	0.011	1	ILF3	c2
0.000199851689322113	-0.507314811409398	0.008	0.011	1	POLR2F	c2
0.000780181376401051	-0.506927354702117	0.007	0.01	1	MRPL34	c2
0.00032904841066006	-0.506167041092484	0.008	0.012	1	CCT8	c2
0.000322809106249724	-0.505165224420211	0.008	0.011	1	GRAMD1A	c2
0.000957236451556128	-0.505017169782293	0.007	0.01	1	RSF1	c2
0.000745849256662589	-0.50488146207721	0.007	0.01	1	ANAPC5	c2
0.000371721351755592	-0.504719123083394	0.008	0.011	1	COX20	c2
0.000201019553944961	-0.502348070023184	0.01	0.014	1	MARCKSL1	c2
6.60879543311536e-05	-0.502015983386049	0.01	0.014	1	EIF4H	c2
0.000294902776292988	-0.500266053493025	0.009	0.012	1	POLR2I	c2
0.00150067964662384	-0.488063844016937	0.007	0.01	1	LSM3	c2
6.52359321322502e-05	-0.485863864130776	0.012	0.016	1	PIM3	c2
0.000321935032444326	-0.48138123412327	0.009	0.012	1	SARS	c2
0.000182749454324547	-0.48000578025948	0.009	0.013	1	MTCH1	c2
0.000801682960653274	-0.476301390671353	0.008	0.011	1	PITHD1	c2
0.00014142027033634	-0.475911765070238	0.01	0.014	1	WTAP	c2
0.00135145056908274	-0.473185872110782	0.007	0.01	1	SUMO1P3	c2
0.00120568373837594	-0.47238102130001	0.008	0.011	1	MRPL55	c2
0.00175216273306533	-0.468174501532353	0.007	0.01	1	SBDSP1	c2
6.70137279253552e-05	-0.46698271737418	0.012	0.016	1	MED10	c2
0.000537197215268261	-0.466762327976429	0.009	0.012	1	NCF1B	c2
0.00027418609189864	-0.464864208732998	0.01	0.014	1	PDAP1	c2
0.000547400576190311	-0.460496912270147	0.009	0.013	1	GRK6	c2
0.000336257994921607	-0.457881451604895	0.01	0.013	1	TBCC	c2
0.000325453465306883	-0.455516824519195	0.01	0.013	1	RBMX	c2
0.0629257776943131	-0.45120206330294	0.019	0.021	1	CH25H	c2
0.00104095084908897	-0.448334084556588	0.009	0.012	1	G3BP1	c2
0.00178929432615428	-0.444984457590454	0.008	0.011	1	MED30	c2
0.00366045747349971	-0.444799561875114	0.007	0.01	1	THAP3	c2
0.00320302305238685	-0.444781927064477	0.007	0.01	1	IPCEF1	c2
0.000382985680486748	-0.443152277515284	0.01	0.014	1	UBAC2	c2
0.00279110662139236	-0.442543746472673	0.007	0.01	1	LOC283788	c2
0.00166356774969387	-0.442372750260443	0.008	0.011	1	DNAJC4	c2
0.00149084473675431	-0.442094203134694	0.008	0.011	1	NGRN	c2
8.98472017148385e-05	-0.441597862845318	0.013	0.017	1	LINC00116	c2
5.2638203759642e-05	-0.438084215437328	0.014	0.019	1	ATP1A1	c2
0.0038539170605202	-0.435245255161865	0.007	0.01	1	AKIRIN1	c2
0.00370108314626879	-0.434185359161539	0.007	0.01	1	TXNL4A	c2
0.00263683871687712	-0.434070490333827	0.008	0.011	1	SRP19	c2
0.000857899585503234	-0.433915434296742	0.009	0.013	1	TNIP1	c2
0.000141104645544075	-0.429676570345773	0.013	0.017	1	HNRNPUL1	c2
0.00060469733585639	-0.429055934229149	0.01	0.014	1	MRFAP1	c2
0.000112156989145098	-0.428344022672247	0.013	0.018	1	OSTC	c2
7.58941500385402e-05	-0.423116033444219	0.013	0.018	1	C1orf86	c2
0.000133713642777333	-0.42087292946437	0.013	0.018	1	CHCHD10	c2
0.00203084535956565	-0.418917244774081	0.009	0.012	1	RNF145	c2
8.06666133385978e-05	-0.417317770184499	0.015	0.02	1	STAT3	c2
0.000536853232297074	-0.417048267711486	0.012	0.016	1	TMC8	c2
0.00136548692987606	-0.412747060060673	0.01	0.013	1	TMUB1	c2
0.000382893855684837	0.412141761280052	0.013	0.01	1	BCL2	c2
0.00123890490339628	-0.411293030175466	0.01	0.013	1	BTF3L4	c2
0.000338279268544505	-0.40843645853975	0.012	0.016	1	PDCD6	c2
0.000428346626009645	-0.40771040313215	0.012	0.016	1	TNRC6B	c2
0.0030963661502697	-0.407593329770007	0.007	0.01	1	GDI1	c2
0.00707497707972552	-0.407131618952952	0.007	0.01	1	DNAJC19	c2
0.00175662191079303	0.406705838515593	0.011	0.008	1	C6orf48	c2
0.00107213096458159	-0.403412126943913	0.011	0.014	1	LSM4	c2
0.00129965855117512	-0.401771340167729	0.01	0.014	1	C1orf43	c2
0.0444705142969197	-0.396997785804903	0.014	0.016	1	PPP1R2P9	c2
7.11164027866879e-05	-0.394736276204697	0.016	0.021	1	TUFM	c2
0.00696848718860421	-0.394687625117701	0.01	0.012	1	LINC00926	c2
0.00142185071142132	-0.393840386166005	0.011	0.014	1	ACP1	c2
0.00375812143132668	-0.390915514118155	0.009	0.012	1	PSMF1	c2
0.00644478590653037	-0.386460416535012	0.008	0.01	1	CCT7	c2
0.00869586736704503	-0.385117316525594	0.007	0.01	1	CNOT7	c2
0.0017375247359858	-0.379852061511366	0.011	0.014	1	LUC7L3	c2
0.00107773266269141	-0.374282266495888	0.012	0.016	1	SNRPA	c2
0.0100754295723147	-0.371618044365094	0.008	0.01	1	MRPL53	c2
5.83906182270123e-05	-0.367946621399554	0.02	0.026	1	LOC374443	c2
0.00097343707724621	-0.367492473296372	0.013	0.017	1	PSMC5	c2
0.00621432963600599	-0.366951345272661	0.01	0.013	1	BANK1	c2
0.00907420641847241	-0.365923784658787	0.008	0.011	1	PDCD5	c2
0.00095442542548814	-0.36363098698105	0.014	0.017	1	STRAP	c2
0.00117352948167366	-0.362918990249751	0.013	0.017	1	ATP5L2	c2
0.00646141930734176	-0.361310073887682	0.009	0.012	1	MTIF3	c2
0.01640690225031	-0.361063998435853	0.008	0.01	1	RALGPS2	c2
0.00815725906947479	-0.357785616897307	0.009	0.011	1	ETHE1	c2
0.00832599855729214	-0.357508620714874	0.009	0.012	1	RNF113A	c2
0.0126462066420984	-0.354228368186363	0.008	0.01	1	RNMT	c2
0.0028758585791362	-0.352899183888957	0.012	0.015	1	ERGIC3	c2
4.83319806725054e-05	-0.349077002006458	0.022	0.029	1	TOMM5	c2
0.00622744025326253	-0.34645373997176	0.01	0.013	1	NOP58	c2
0.00130786028225606	0.346055492106178	0.018	0.015	1	RAPGEF6	c2
0.00185141862705558	-0.343044111692008	0.014	0.018	1	CMTM7	c2
0.0111975048564251	-0.342334658093659	0.009	0.012	1	TLE4	c2
0.0108868644847695	-0.342242358100608	0.011	0.013	1	PELI1	c2
0.00231914557177204	-0.340857149121517	0.013	0.017	1	TMEM14B	c2
0.00879991581555041	0.340018714133645	0.011	0.009	1	OXA1L	c2
0.0126464696933508	-0.339373257722552	0.009	0.011	1	SRSF8	c2
0.00553136624887232	-0.337553193517848	0.011	0.014	1	TMEM134	c2
0.00100787446872358	-0.336584509895443	0.016	0.02	1	SSBP1	c2
0.000282287170514045	-0.334917899290128	0.021	0.026	1	CCT4	c2
0.0136800756597999	0.33388356562	0.01	0.008	1	MAPKAPK5-AS1	c2
0.0201466911095663	-0.331659803404139	0.008	0.01	1	ITGB2-AS1	c2
0.00469896550358326	0.331221765896486	0.013	0.011	1	CDC25B	c2
0.00606233285760108	-0.330950051505547	0.011	0.014	1	EIF2S2	c2
0.00455225539714342	-0.328234461048805	0.018	0.022	1	UGP2	c2
0.000428586095198289	-0.325395862350583	0.019	0.024	1	TRABD	c2
0.00151655360781892	-0.323307945348808	0.016	0.02	1	BIN1	c2
0.0278702510255949	-0.32244380203421	0.008	0.01	1	MRPL14	c2
0.00599300609639456	-0.321723239491176	0.012	0.015	1	EIF3I	c2
0.00406532395618283	-0.321494564939258	0.013	0.016	1	CLPP	c2
0.00276513141941528	-0.31778732365696	0.016	0.02	1	ATP5EP2	c2
0.000941428121872633	0.316725749641808	0.018	0.014	1	HIST1H1D	c2
0.00177525460557749	-0.316375447664073	0.017	0.021	1	SELM	c2
0.000230288981045432	-0.315468961993925	0.021	0.027	1	STAT1	c2
0.0252907525255508	-0.3133408770259	0.008	0.01	1	C17orf89	c2
0.011198811166765	-0.310758548275861	0.011	0.014	1	BCL11B	c2
0.030254384113019	-0.306900759168445	0.008	0.01	1	SMARCB1	c2
0.000953393030907323	-0.30265720900134	0.5	0.493	1	CYTB	c2
0.0116845571662253	0.301824538566763	0.013	0.01	1	INPP4B	c2
0.0071554877244151	-0.30040291600784	0.014	0.017	1	CISH	c2
0.0179238128755137	-0.294924169897293	0.011	0.014	1	YPEL3	c2
0.0101521806304398	-0.294382719322016	0.013	0.015	1	DCK	c2
0.877584387898396	-0.293006101812138	0.053	0.053	1	HIST1H4C	c2
7.66096591147789e-05	-0.29280588017898	0.027	0.034	1	SERBP1	c2
0.0722512555658202	-0.287143893091884	0.009	0.01	1	RTKN2	c2
0.00798588823188803	0.284363937915158	0.015	0.012	1	LY9	c2
0.0290716961754813	0.282078312833128	0.011	0.009	1	ADSL	c2
0.00580585366408047	-0.282029779256094	0.016	0.019	1	MPHOSPH8	c2
0.0532583405543929	-0.280168860102315	0.008	0.01	1	ABCD4	c2
0.532807052155352	-0.277985358328769	0.513	0.486	1	ND4L	c2
0.00685666103046768	-0.276326225286046	0.016	0.019	1	C9orf78	c2
0.000747203071931636	0.270085077283762	0.026	0.021	1	DANCR	c2
0.0103972178442024	-0.269706118784923	0.015	0.018	1	VDAC2	c2
0.0493182815788258	0.266390315832069	0.011	0.009	1	IGBP1	c2
0.0112938960666358	-0.260731147730286	0.016	0.019	1	RBL2	c2
0.00232408695333616	-0.255241891716918	0.019	0.023	1	ZNRD1	c2
0.00425509420594849	0.254702745070543	0.021	0.018	1	PTGER2	c2
0.00265160282961244	-0.254666726538674	0.028	0.033	1	ITK	c2
0.0366742857543015	0.254510526691618	0.012	0.01	1	VPREB3	c2
0.00586427246311476	-0.253911761443434	0.018	0.022	1	DGCR6L	c2
0.041861912876168	-0.250750692218858	0.011	0.013	1	HADHA	c2
0.02352668030166	0.250009233362451	0.015	0.012	1	CLNS1A	c2
5.03038929209599e-05	0.24942459536408	0.041	0.034	1	SNHG5	c2
0.0367012453988768	-0.249277637557945	0.011	0.014	1	PHF1	c2
0.0188045950338461	-0.245733556614299	0.015	0.018	1	PCNP	c2
0.00942532581888893	-0.244991383187193	0.019	0.022	1	COX7A2L	c2
0.00941908530537195	-0.243827615336889	0.019	0.022	1	SBDS	c2
0.00375302581369128	-0.24211258860501	0.025	0.03	1	FAM177A1	c2
0.072225440853894	-0.237581819395665	0.009	0.011	1	FAM162A	c2
0.0711414883089645	-0.237387353777874	0.008	0.01	1	ZSCAN16-AS1	c2
0.00293759555340584	-0.237133104785705	0.026	0.031	1	ANKRD12	c2
5.94749380816534e-05	-0.23603505083514	0.052	0.061	1	YPEL5	c2
0.0056858216365057	0.234399747662976	0.023	0.019	1	IL6ST	c2
0.0923339147183786	-0.232783031163749	0.008	0.01	1	FGD3	c2
0.000775356918855117	0.232251966069589	0.031	0.027	1	TOB1	c2
0.0598567073109394	-0.229864758632043	0.011	0.013	1	CCDC59	c2
0.098687644025548	-0.227696495890495	0.008	0.01	1	STK38	c2
0.000221906284008616	0.226736876373838	0.023	0.018	1	PPA1	c2
0.0890257103096027	-0.226604604887156	0.009	0.01	1	NDUFB5	c2
0.00279454959965097	-0.226337331898917	0.029	0.034	1	CSDE1	c2
0.0807983838289764	-0.225328602114438	0.01	0.011	1	ATP6V0E2	c2
6.43088900589704e-05	-0.222620881450363	0.074	0.084	1	SOD1	c2
5.96932177680013e-05	-0.221413609510659	0.054	0.063	1	EIF4A2	c2
0.111291749513884	-0.221233308245377	0.008	0.01	1	CBWD5	c2
0.00916301119693004	-0.221148917083581	0.021	0.025	1	SYF2	c2
0.00130095684958997	-0.218742652059872	0.037	0.043	1	ATP5D	c2
0.0629909674752337	-0.217604944107649	0.012	0.014	1	TOMM22	c2
0.113728891645567	0.217129628756603	0.01	0.009	1	LOC101927412	c2
0.0429176819883901	-0.216825414866596	0.015	0.017	1	ATM	c2
0.0413570912218094	-0.216403766718177	0.015	0.017	1	RWDD1	c2
0.000254420350405195	0.215602581208213	0.047	0.04	1	UBXN1	c2
0.0488545824965917	0.214646189047108	0.016	0.014	1	LINC01420	c2
0.027001377434023	-0.214489918742177	0.018	0.021	1	ANXA2R	c2
0.0262690670280751	-0.210841370668634	0.018	0.021	1	C14orf166	c2
0.0694536261673152	-0.210187591905588	0.015	0.017	1	METTL12	c2
8.4295142792371e-05	0.205978684134269	0.058	0.05	1	CUTA	c2
0.000821247680935769	-0.205965010255256	0.048	0.055	1	RHOH	c2
0.00817067805220736	-0.205222798535321	0.03	0.034	1	ISCU	c2
0.0178559942399954	-0.205174183932996	0.023	0.026	1	ARID5B	c2
0.00692130078123272	-0.19800738666443	0.029	0.034	1	PNISR	c2
0.10631105698565	-0.197505501243133	0.011	0.013	1	CNIH1	c2
0.0036250840149424	-0.195220365747539	0.036	0.041	1	NHP2L1	c2
0.0166584026354404	0.194736227690298	0.024	0.021	1	FOXP1	c2
0.00454710552494311	0.193667190463364	0.028	0.024	1	CD40LG	c2
0.0316029324410123	-0.190546908337477	0.023	0.026	1	PDE4B	c2
0.155273022364518	-0.189975128803912	0.009	0.01	1	PDE3B	c2
0.00611885201682126	-0.187710864489473	0.035	0.04	1	SEPT6	c2
0.139548325122686	-0.187280674112633	0.01	0.012	1	MTFP1	c2
0.0034369008431934	-0.186589780999816	0.04	0.045	1	CHMP1B	c2
0.0163337379330764	0.186334544228894	0.029	0.025	1	TNFAIP8	c2
0.000565373788418746	0.186262109285734	0.045	0.039	1	FAIM3	c2
0.000111137636464987	0.184186112071548	0.041	0.034	1	CD55	c2
0.0521584401298899	-0.179430196340086	0.021	0.024	1	SPNS1	c2
0.169270880502874	-0.176844627991688	0.009	0.011	1	TTC3	c2
0.00026397209787594	0.176370619665899	0.061	0.053	1	RPS20	c2
0.00382695572512126	-0.173734058617904	0.046	0.052	1	ARL6IP4	c2
0.137792430023325	-0.171891280151688	0.019	0.021	1	ID3	c2
0.224088673123026	0.170670317663943	0.01	0.009	1	EPB41	c2
0.0105698449396208	-0.17065254075831	0.036	0.04	1	ICAM3	c2
0.198730319096075	-0.167767511714818	0.009	0.011	1	MBOAT7	c2
0.268382404422149	0.166192427324567	0.011	0.01	1	MFNG	c2
0.0891987755945737	-0.165574078969533	0.018	0.02	1	LINC00493	c2
0.00684139321846636	0.165394413636389	0.048	0.043	1	ITGB1	c2
0.122435220076428	-0.165086236298664	0.014	0.016	1	GCC2	c2
0.0422848954808925	-0.163071923175755	0.021	0.024	1	BCL3	c2
0.0566274572781756	-0.162852155228992	0.029	0.032	1	SNHG9	c2
0.0200662809941516	-0.16115112688662	0.031	0.035	1	ICOS	c2
0.01544021654952	-0.157513574729872	0.037	0.042	1	SEPT9	c2
0.23085709195032	-0.157417916654103	0.009	0.01	1	FAM102A	c2
0.261001289480705	0.156724034664349	0.01	0.009	1	TIFA	c2
0.0012318179149572	-0.156477554411111	0.074	0.082	1	EDF1	c2
0.213224367058334	0.155339309157775	0.011	0.01	1	LOC100996740	c2
0.0356405319486945	-0.153324710349161	0.054	0.058	1	SOCS1	c2
0.00873125952583013	-0.152419547381381	0.046	0.051	1	NDUFB11	c2
0.168423735248982	-0.15182044082855	0.013	0.015	1	BIRC2	c2
0.172374968161074	-0.14743183267833	0.014	0.016	1	HAX1	c2
0.00431344768677245	0.1387931950515	0.065	0.059	1	EIF3G	c2
0.198542825915755	-0.138381960411318	0.009	0.01	1	NDNL2	c2
0.0141946171488883	-0.133514213664723	0.062	0.067	1	ANAPC16	c2
0.160378699413278	0.130329217154673	0.021	0.019	1	TAF1D	c2
0.0882112869475209	-0.127930466987064	0.03	0.033	1	UQCRHL	c2
0.0173134444996431	-0.127044441630617	0.113	0.119	1	GADD45B	c2
0.19616625014946	-0.126779777033641	0.015	0.017	1	MAX	c2
0.220708685227957	-0.126306142272072	0.015	0.017	1	SYPL1	c2
0.0182019416997427	-0.126053823359857	0.057	0.062	1	HIGD2A	c2
0.274708727645625	0.124658729909148	0.011	0.01	1	SMIM14	c2
0.33090730596733	-0.121323467155571	0.011	0.012	1	DHPS	c2
0.000295268295363454	-0.120183456494302	0.525	0.521	1	PTMA	c2
0.0353009748201505	-0.118956214820217	0.048	0.052	1	GIMAP4	c2
0.121052899799654	0.11874246404782	0.028	0.026	1	PRDX2	c2
0.0852803365013672	0.118605267048915	0.037	0.034	1	SNHG15	c2
0.0754255110359178	-0.115163966344169	0.045	0.049	1	RNASET2	c2
0.258523931589496	0.113041595846953	0.02	0.019	1	NHP2	c2
0.213631901240248	-0.111900883671564	0.018	0.02	1	SYTL1	c2
0.319015318807928	-0.11174666613015	0.013	0.014	1	LOH12CR1	c2
0.686738153272987	0.10972655512718	0.011	0.011	1	ALG13	c2
0.154434174752493	-0.108322817420347	0.031	0.033	1	TRAF3IP3	c2
0.315546478054303	0.107542653830389	0.017	0.016	1	SVIP	c2
0.00111719726868343	-0.107004952515522	0.065	0.073	1	CYCS	c2
0.0312588641384944	-0.103781719360497	0.072	0.077	1	CNBP	c2
0.348164599249187	0.103311880911193	0.015	0.014	1	LSM5	c2
0.206301354602705	0.102704998911314	0.022	0.02	1	SNHG7	c2
0.301932698391824	0.102134691986029	0.017	0.016	1	NXT1	c2
0.469851745213271	0.10203910178948	0.012	0.011	1	SESN1	c2
0.249001879737366	0.101487369218869	0.017	0.015	1	GATA3	c2
