p_val	avg_log2FC	pct.1	pct.2	p_val_adj	gene	seurat_clusters
0	2.48470509801248	0.53	0.101	0	GZMK	c23
0	1.98203795023358	0.581	0.209	0	DUSP2	c23
0	1.8814146831548	0.614	0.236	0	HSPA1B	c23
0	1.86876176336416	0.32	0.096	0	DNAJA1	c23
0	1.83018557243371	0.759	0.319	0	DNAJB1	c23
0	1.69212044842429	0.638	0.289	0	HSPA1A	c23
0	1.54484104113206	0.866	0.426	0	JUN	c23
0	1.53434197037434	0.393	0.148	0	BTG2	c23
0	1.51776829217168	0.701	0.363	0	DUSP1	c23
0	1.46727810815096	0.516	0.232	0	IER2	c23
0	1.41114239312083	0.553	0.252	0	HSPA8	c23
0	1.39102166815437	0.517	0.229	0	HSP90AA1	c23
0	1.36595421668972	0.816	0.462	0	FOS	c23
0	1.33506398117045	0.485	0.2	0	CST7	c23
0	1.30555378700794	0.718	0.385	0	ZFP36	c23
0	1.28468369023875	0.849	0.492	0	JUNB	c23
0	1.2068246053248	0.639	0.332	0	CD69	c23
0	1.15627268596801	0.85	0.38	0	CCL5	c23
4.50353091730852e-290	1.53253772645658	0.337	0.119	9.35203230288286e-286	FOSB	c23
1.53453562591732e-288	1.08658697149055	0.685	0.408	3.18661668077991e-284	H3F3B	c23
3.35563037504996e-267	1.43985605277296	0.335	0.123	6.96830203682875e-263	CD8A	c23
1.34586320941024e-265	1.34048719829414	0.457	0.209	2.79481954066131e-261	UBB	c23
1.47515339912124e-254	1.2509186958002	0.48	0.228	3.06330354861516e-250	CXCR4	c23
2.49902657191646e-233	1.47995351347153	0.325	0.127	5.18947857924171e-229	SRSF7	c23
3.49596197878402e-231	1.00812112796405	0.591	0.327	7.25971464514289e-227	BTG1	c23
3.73290511970653e-222	1.78772531878422	0.203	0.061	7.75175077158259e-218	CLDND1	c23
8.67609168524961e-217	1.63013384573977	0.242	0.083	1.80167719935893e-212	EGR1	c23
9.51949307911345e-188	1.26002548328584	0.351	0.158	1.9768179328087e-183	PPP1R15A	c23
6.00709693767452e-177	2.44864294458796	0.089	0.018	1.24743375007749e-172	TNFSF9	c23
1.23187753015349e-172	0.549877544473127	0.867	0.663	2.55811687911674e-168	HLA-C	c23
1.37493278669351e-166	1.33505486120505	0.257	0.103	2.85518542484775e-162	CD8B	c23
4.6026915465925e-161	0.585164884361567	0.807	0.582	9.55794926565399e-157	HLA-A	c23
2.17832747337287e-157	1.66521381522385	0.165	0.053	4.52351483120611e-153	SERTAD1	c23
2.22626233529484e-156	1.17193487013536	0.35	0.171	4.62305636547327e-152	HSP90AB1	c23
4.27640821486346e-145	0.733595357698298	0.357	0.171	8.88038929898547e-141	GZMA	c23
1.00709577534537e-144	0.946496444942242	0.487	0.287	2.09133508708219e-140	UBC	c23
2.22959459383292e-139	0.347397045761346	0.495	0.254	4.62997613355345e-135	NKG7	c23
3.09337848654695e-137	1.35090638612332	0.233	0.098	6.42370976516339e-133	NR4A1	c23
1.10197295914715e-131	1.42141701939408	0.203	0.081	2.28835704696498e-127	TUBA1A	c23
3.77766329958311e-126	0.642257938924016	0.679	0.484	7.84469560791428e-122	EIF1	c23
4.4916258035557e-120	1.62020637380166	0.177	0.069	9.32731014366377e-116	IFNG	c23
9.90146635150767e-119	1.58903030951719	0.145	0.051	2.05613850255408e-114	HSPH1	c23
6.48817656763503e-117	0.280952702977008	0.992	0.923	1.34733474603509e-112	B2M	c23
5.77957119938167e-113	1.73021454533496	0.162	0.062	1.2001857552636e-108	XCL1	c23
3.84830987379269e-112	-4.1548460589482	0.015	0.167	7.99140028391789e-108	TYROBP	c23
6.0343893173678e-111	-0.762123330626722	0.476	0.639	1.2531012856446e-106	TPT1	c23
5.07256795866862e-110	-6.64266029938387	0.002	0.145	1.05336946229713e-105	CST3	c23
1.07710688889721e-105	1.26505362540574	0.201	0.087	2.23672016548396e-101	HSPE1	c23
1.31147652121624e-102	1.5376606876433	0.153	0.06	2.72341214395765e-98	ATF3	c23
8.25981895265131e-102	1.45189410834483	0.166	0.068	1.71523400370757e-97	TUBA4A	c23
9.00083598706538e-97	-0.766134001613947	0.446	0.59	1.869113601074e-92	RPS13	c23
9.20539515829657e-97	1.22886337204304	0.19	0.084	1.91159235857187e-92	TAGAP	c23
8.85453164556593e-96	1.37721543980404	0.143	0.055	1.83873204151822e-91	STK17A	c23
1.85670127209944e-95	-0.818285142575244	0.489	0.612	3.85562586164169e-91	RPS8	c23
2.79828436886726e-93	1.32404356770659	0.143	0.056	5.81091732038975e-89	XCL2	c23
2.95382554338783e-92	0.752707986506905	0.444	0.283	6.13391412339916e-88	KLF6	c23
1.95497712913859e-90	-6.40770603738119	0.004	0.125	4.05970550636919e-86	LYZ	c23
1.77952467772417e-88	0.676945635088315	0.51	0.349	3.69536094576202e-84	TSC22D3	c23
1.37825098444716e-87	-6.90414663441477	0.002	0.118	2.86207599430298e-83	IFI30	c23
1.66447038021012e-87	1.44332639841204	0.124	0.047	3.45643919154433e-83	TUBB4B	c23
2.7949199714701e-87	-0.662370133199943	0.585	0.698	5.80393081275482e-83	TMSB10	c23
5.1364131610252e-87	-1.12455008320364	0.248	0.409	1.06662755701849e-82	S100A4	c23
7.13720027191375e-87	1.52425400132696	0.098	0.033	1.48211100846561e-82	ITM2C	c23
2.67352530300659e-80	-0.652820785128518	0.462	0.599	5.55184264422348e-76	RPL37	c23
1.66264091293777e-77	0.777211159483	0.341	0.205	3.45264011980658e-73	HLA-H	c23
5.37532100055948e-77	0.935330989904312	0.25	0.134	1.11623915897618e-72	PNRC1	c23
3.22592134338183e-76	-5.04633538399859	0.004	0.109	6.6989482616667e-72	FCER1G	c23
6.42558087561644e-76	-4.17602641014917	0.028	0.144	1.33433612463051e-71	GNLY	c23
1.44573701409961e-75	1.84629775165946	0.076	0.024	3.00221748347925e-71	HSPA6	c23
9.89043266636863e-75	-0.532412984486375	0.69	0.744	2.05384724749811e-70	RPL11	c23
1.56620863874516e-74	1.65012267990512	0.079	0.025	3.25238885921819e-70	SH2D1A	c23
3.34483066002057e-74	1.02192074152556	0.207	0.104	6.94587534859872e-70	NR4A2	c23
2.46991390755239e-72	-3.74497718354497	0.012	0.117	5.12902322042329e-68	PSAP	c23
3.42214898368328e-71	-0.583030436269116	0.492	0.615	7.1064345795167e-67	RPL12	c23
4.13566120210034e-71	-0.525489842216649	0.686	0.739	8.58811405228158e-67	RPL34	c23
2.97225714187444e-70	-2.72973419265914	0.034	0.146	6.17218918081646e-66	GPX1	c23
3.98407711247551e-69	-6.09578976782066	0.002	0.096	8.27333453176664e-65	AIF1	c23
3.57080082314753e-68	-0.513444231941627	0.736	0.771	7.41512498934817e-64	RPL32	c23
1.28029637649684e-67	-0.617712880817834	0.444	0.567	2.65866345543335e-63	RPL29	c23
1.31789241385405e-67	1.74005080356763	0.064	0.019	2.73673538660932e-63	NEU1	c23
6.97649768774233e-67	1.13564594713294	0.153	0.071	1.44873950983657e-62	CYCS	c23
7.98128705625783e-66	3.16202171843655	0.016	0.002	1.6573940701025e-61	DKK3	c23
1.84226420684759e-65	1.11905700080098	0.147	0.067	3.82564585193971e-61	CLEC2B	c23
1.40581129576947e-62	1.16840231826222	0.132	0.06	2.91930773679488e-58	YPEL5	c23
1.54864739895646e-62	-6.13777987948632	0.002	0.088	3.21592118867299e-58	S100A9	c23
2.63968607977402e-62	1.41733372578214	0.089	0.034	5.48157211325872e-58	LYAR	c23
6.68919931232287e-62	-4.30606321196018	0.006	0.093	1.38907912919697e-57	CTSS	c23
1.48911553403317e-61	-0.870432352401494	0.198	0.338	3.09229731797329e-57	RPL22	c23
1.07258099034516e-60	-1.64687649022004	0.072	0.188	2.22732168455076e-56	S100A11	c23
1.96781425400924e-60	-1.73234797311119	0.062	0.174	4.08636307987559e-56	LTB	c23
5.74515459736618e-60	1.36071425628298	0.094	0.037	1.19303880368906e-55	DDIT3	c23
6.38834991522262e-60	-0.501446267936127	0.627	0.696	1.32660474339513e-55	RPL18A	c23
1.14237153063809e-59	0.297854301748652	0.939	0.889	2.37224872052307e-55	MALAT1	c23
2.27764624126713e-59	1.31938441974531	0.097	0.039	4.72976018461532e-55	FYN	c23
8.59771724661142e-59	-5.9634550634106	0.002	0.083	1.78540196343133e-54	S100A8	c23
7.23836260709314e-58	1.1654773247783	0.159	0.08	1.50311837898896e-53	CITED2	c23
4.35337054143227e-57	0.580963576761703	0.397	0.267	9.04020926633825e-53	ZFP36L2	c23
8.81151189115782e-57	-0.579425569291611	0.543	0.622	1.82979855931783e-52	RPS3A	c23
5.93924653942261e-56	1.03973220849309	0.16	0.081	1.2333439363765e-51	RGCC	c23
8.70557773477846e-54	-0.651151253747326	0.374	0.492	1.80780027240409e-49	RPS6	c23
1.49163901687565e-53	-0.369922843769098	0.866	0.881	3.09753758244398e-49	RPLP1	c23
5.42310272709933e-53	2.16382847514218	0.031	0.007	1.12616151230945e-48	EOMES	c23
5.66506045020598e-53	1.23487228384423	0.099	0.042	1.17640645308977e-48	PIK3R1	c23
2.03954035779408e-52	1.31892572930573	0.086	0.035	4.23530950699518e-48	PARP8	c23
2.25307029984183e-51	-1.47891275926508	0.063	0.164	4.67872578465154e-47	GABARAP	c23
3.28560746299059e-51	1.05328123987803	0.134	0.065	6.82289245764626e-47	TNF	c23
5.18340847700832e-51	-6.51755037208091	0.001	0.071	1.07638660433555e-46	FCN1	c23
2.04618652102701e-50	0.877513357115307	0.205	0.118	4.24911092956468e-46	GADD45B	c23
7.57160955144149e-50	1.19383105110027	0.107	0.048	1.57232043945234e-45	BRD2	c23
7.79252904702189e-50	-1.20224029085532	0.41	0.497	1.61819658190457e-45	FTH1	c23
3.68623775902932e-49	1.4302644152731	0.071	0.027	7.65484133040029e-45	KLRG1	c23
4.44540836139451e-49	-5.2759546836108	0.002	0.07	9.23133500327183e-45	SERPINA1	c23
7.55819097362959e-48	-1.16706479935733	0.209	0.316	1.56953393758392e-43	S100A6	c23
3.26057544882589e-47	-5.2622863929883	0.003	0.069	6.77091097703185e-43	LST1	c23
1.16578151602302e-46	1.26662360392367	0.082	0.034	2.42086189617341e-42	CMC1	c23
9.94033354978239e-46	0.207239544256482	0.944	0.86	2.06420966494781e-41	TMSB4X	c23
1.14817081485377e-45	1.20266370293389	0.089	0.039	2.38429151412533e-41	HSPD1	c23
2.88315891771951e-45	-0.717228372772588	0.507	0.588	5.98716780853633e-41	COX3	c23
3.79285205163468e-45	-0.650004604856433	0.249	0.37	7.87623657042458e-41	NACA	c23
1.18402753453341e-44	1.44757558962627	0.061	0.022	2.45875157821208e-40	H2AFX	c23
2.83273783604915e-44	-0.486980214838226	0.617	0.669	5.88246339033966e-40	RPS23	c23
1.55252492755227e-43	0.784527114268694	0.192	0.112	3.22397326455504e-39	RARRES3	c23
2.39634966606033e-43	-0.400366545601029	0.582	0.656	4.97625971654089e-39	RPL26	c23
4.28126731178787e-43	-0.828674163761558	0.169	0.279	8.89047969965869e-39	CD52	c23
5.90880441789214e-43	0.615553004090514	0.284	0.186	1.22702232541948e-38	TNFAIP3	c23
3.58380662189852e-42	0.623253326587712	0.297	0.199	7.44213283103446e-38	DDX5	c23
4.55421426766919e-42	-0.389003836578855	0.695	0.745	9.45728134824185e-38	RPS19	c23
8.02883229576925e-42	-0.530764096775022	0.318	0.435	1.66726731453944e-37	RPS9	c23
1.74177254995756e-41	1.11856768634885	0.103	0.05	3.61696487724188e-37	ZNF331	c23
3.59159013258968e-41	-5.81729979202918	0.001	0.059	7.45829606933573e-37	VCAN	c23
1.90019433322866e-40	1.21699464976806	0.079	0.034	3.94594355238264e-36	PVRIG	c23
3.17394550234912e-40	0.500241853209346	0.328	0.223	6.59101523017819e-36	HCST	c23
4.06099290568021e-40	1.82302699575752	0.036	0.01	8.43305786793552e-36	TUBB2A	c23
4.31417433031373e-40	1.19300685067831	0.081	0.036	8.95881441432948e-36	MYADM	c23
4.3341107624847e-40	-3.13833470966221	0.009	0.071	9.00021440937572e-36	NPC2	c23
1.00488707548173e-39	-0.836683349441139	0.36	0.226	2.08674850094537e-35	CCL4	c23
1.04033522792697e-39	0.966149962296653	0.12	0.062	2.16036013431315e-35	SRSF2	c23
2.64498388647635e-39	-0.838486853328479	0.138	0.239	5.49257353865679e-35	RPL4	c23
5.68208180444764e-39	-0.479360803320111	0.439	0.532	1.1799411075116e-34	RPL18	c23
1.19170644421655e-38	1.18138947300131	0.077	0.034	2.47469760206008e-34	APOBEC3G	c23
5.19009557427771e-38	0.416609665338122	0.152	0.084	1.07777524695451e-33	CCL4L1	c23
2.01571491561066e-37	-0.921958074306424	0.112	0.206	4.18583359375709e-33	EEF1G	c23
2.70225928408689e-37	0.756228528647698	0.105	0.052	5.61151162933483e-33	HIST1H4C	c23
2.89874452026427e-36	0.81840653126278	0.158	0.091	6.01953287078079e-32	SNHG8	c23
1.03353110067711e-35	-5.19328618934479	0.001	0.051	2.14623068366608e-31	MS4A6A	c23
2.1282523677324e-35	0.785857881556951	0.162	0.095	4.41952886683311e-31	CYTIP	c23
3.36150568656342e-35	1.36378202455212	0.053	0.021	6.9805027087176e-31	IFRD1	c23
9.53639643286779e-35	0.56188454711005	0.32	0.228	1.98032808324932e-30	NFKBIA	c23
1.36015758351661e-34	1.23736818223029	0.064	0.027	2.82450323793059e-30	TC2N	c23
1.42413690193404e-33	-5.50221639650855	0.001	0.048	2.95736269055623e-29	CD79A	c23
1.93603835042379e-33	-0.435897313828792	0.825	0.85	4.02037723849004e-29	COX2	c23
2.05991066102658e-33	-0.547983797963703	0.371	0.459	4.27761047868779e-29	RPLP0	c23
2.07164350145625e-33	1.04913385817133	0.087	0.042	4.30197489512404e-29	CSRNP1	c23
3.08594647250354e-33	-1.25144128780307	0.054	0.127	6.40827644480084e-29	ARPC1B	c23
3.59314433453159e-33	0.87595539657468	0.122	0.067	7.46152352508831e-29	SRSF3	c23
4.82889112047052e-33	1.33035638897277	0.053	0.021	1.00276753007691e-28	ODC1	c23
1.20464185227622e-32	-4.79375162986467	0.002	0.048	2.50155927043681e-28	CD68	c23
1.29210534113384e-32	0.166096448640569	0.981	0.871	2.68318595139852e-28	RPS27	c23
1.36191861655041e-32	-1.11678825480748	0.089	0.169	2.82816019912858e-28	LGALS1	c23
2.37156003797446e-32	0.44357049169878	0.351	0.255	4.92478157485776e-28	CD3E	c23
2.45542103122273e-32	-3.68371429534891	0.006	0.056	5.09892731343713e-28	TIMP1	c23
3.09894875393251e-32	1.2567484941195	0.062	0.027	6.43527698241624e-28	FAM46C	c23
5.18694196423757e-32	-0.390200747615821	0.633	0.672	1.07712036829357e-27	RPS4X	c23
2.83504532969088e-31	-2.44783056202936	0.015	0.068	5.88725513163608e-27	HLA-DRB1	c23
3.31269254954172e-31	-0.42621751035236	0.482	0.556	6.87913734837833e-27	RPL8	c23
5.31971676494283e-31	-2.25459533052319	0.027	0.085	1.10469238340803e-26	HLA-DQB1	c23
9.49759431103937e-31	0.939629297100101	0.098	0.051	1.97227043463044e-26	GIMAP4	c23
1.32022670323146e-30	-0.533630372488156	0.255	0.352	2.74158277193046e-26	GNB2L1	c23
2.58056416569535e-30	-0.33607147870632	0.719	0.728	5.35879954648296e-26	RPL19	c23
4.18670396044983e-30	-0.522530273590002	0.34	0.427	8.69410944427011e-26	RPS5	c23
4.21105804716609e-30	0.882168713180601	0.112	0.062	8.74468314074509e-26	EIF4A2	c23
7.25505401779819e-30	-0.558377978237777	0.231	0.326	1.50658451733597e-25	RPL37A	c23
2.25810844516015e-29	-0.667603539063738	0.204	0.292	4.68918799721957e-25	EEF1B2	c23
2.73664724492121e-29	1.89033400084333	0.025	0.007	5.68292166880339e-25	CRTAM	c23
3.82173521786641e-29	0.553843467199427	0.255	0.177	7.93621535342139e-25	RGS1	c23
4.18493876352759e-29	-4.04734669532776	0.003	0.045	8.69044383634139e-25	GRN	c23
5.87258040974163e-29	1.77739986011079	0.026	0.008	1.21950004788695e-24	ARL4D	c23
9.42013316239827e-29	1.04756152010249	0.077	0.038	1.95618485250362e-24	TSPYL2	c23
1.03672329555704e-28	-0.542313341150388	0.34	0.423	2.15285959555374e-24	SH3BGRL3	c23
2.06622967397845e-28	-5.30088146426344	0.001	0.04	4.29073254098364e-24	MS4A7	c23
8.96134262438926e-28	0.463270052350999	0.315	0.232	1.86091240938067e-23	SARAF	c23
1.13163694068911e-27	-0.490507591426403	0.365	0.444	2.34995727103501e-23	RPL5	c23
1.93914520166918e-27	-2.99049577380301	0.008	0.052	4.02682892578621e-23	CTSB	c23
5.9700537184778e-27	-1.248327893263	0.093	0.163	1.2397413551791e-22	IFITM3	c23
7.78169779825348e-27	-3.82124627490296	0.003	0.043	1.61594736478532e-22	MS4A1	c23
1.25544524302467e-26	1.62601418881842	0.028	0.009	2.60705759166502e-22	RALGAPA1	c23
1.27267986473679e-26	-0.481887928246471	0.31	0.396	2.64284700711242e-22	RPL9	c23
1.96856053213211e-26	-0.971036563197408	0.073	0.14	4.08791280102555e-22	RPL7	c23
3.70897311708029e-26	-1.06412224967029	0.541	0.592	7.70205357492894e-22	RNR1	c23
3.95457110253971e-26	-1.2851868191945	0.4	0.451	8.21206235153397e-22	FTL	c23
1.14345304990785e-25	-5.29835386864552	0.001	0.036	2.37449460343864e-21	S100A12	c23
1.19762720902276e-25	0.880271675779811	0.087	0.047	2.48699266225666e-21	HSPA5	c23
1.26376821264003e-25	-2.08642356273621	0.015	0.06	2.62434107036829e-21	TYMP	c23
1.29363442058728e-25	-0.42007744070045	0.338	0.425	2.68636123779155e-21	RPL15	c23
2.59593634923744e-25	-5.88392526944655	0	0.035	5.39072142282646e-21	CFD	c23
3.94856981797912e-25	-0.535597980223609	0.218	0.302	8.19960008401544e-21	RPL21	c23
3.99359343009864e-25	0.96678714042306	0.077	0.039	8.29309611694284e-21	WIPF1	c23
4.98645094282007e-25	-4.83088885677713	0.001	0.036	1.03548640278602e-20	CYBB	c23
5.41286533995365e-25	1.18089215790389	0.058	0.027	1.12403561649477e-20	ZFAND2A	c23
8.4397326864544e-25	-0.552460117258994	0.246	0.328	1.75259488966912e-20	RPSA	c23
1.02787870615532e-24	-5.93923305553784	0	0.034	2.13449292120215e-20	CD14	c23
1.0801874352626e-24	-0.781366464781689	0.102	0.173	2.24311722806631e-20	RPS11	c23
1.95442914413022e-24	-2.72619147811044	0.008	0.047	4.05856756070082e-20	NAMPT	c23
2.2255275710658e-24	-0.689008935894165	0.142	0.218	4.62153055407524e-20	PABPC1	c23
4.0828949079892e-24	-0.511920120173479	0.231	0.315	8.47853956593038e-20	SERF2	c23
5.39831373101363e-24	1.83069492554694	0.019	0.006	1.12101382938229e-19	RALGAPA1P	c23
6.81148850180542e-24	1.32902566476638	0.038	0.015	1.41447370228491e-19	ZC3H12A	c23
8.73767243418516e-24	-3.07951442033275	0.005	0.041	1.81446505768289e-19	TKT	c23
1.57048128579975e-23	0.776695601285986	0.11	0.064	3.26126143809177e-19	PTGES3	c23
2.80238123013397e-23	-5.7548822290389	0	0.032	5.81942486249621e-19	FGL2	c23
2.90777788551062e-23	1.33797483777204	0.039	0.016	6.03829155705135e-19	MRPL18	c23
3.61480079594916e-23	-0.697228647517179	0.12	0.191	7.50649533286802e-19	EEF2	c23
3.9420327622278e-23	0.195999361590123	0.412	0.315	8.18602523404224e-19	IL32	c23
7.01758998106619e-23	-0.516704301446627	0.356	0.425	1.4572727354682e-18	PFN1	c23
7.79950957423393e-23	1.19660584605308	0.045	0.02	1.61964615818542e-18	STOM	c23
8.53204358011929e-23	-4.74460365149958	0.001	0.033	1.77176416984757e-18	MNDA	c23
8.4885429606897e-22	1.03177165929031	0.061	0.031	1.76273083121682e-17	CACYBP	c23
9.34397874466742e-22	-1.2521867886682	0.036	0.085	1.94037062611764e-17	TSPO	c23
1.63362435979385e-21	1.20394042429234	0.043	0.019	3.3923843455479e-17	AOAH	c23
1.90921442138815e-21	0.783604565802721	0.105	0.062	3.96467466745463e-17	RPL22L1	c23
2.52658787182045e-21	1.14139576501104	0.052	0.025	5.24671237462235e-17	DNAJB4	c23
4.01140786599297e-21	-6.47374974120649	0	0.029	8.330089574521e-17	SPI1	c23
4.07123917953045e-21	0.67435615390964	0.195	0.137	8.45433528021293e-17	ANXA1	c23
4.92318969680987e-21	1.59233944925128	0.022	0.007	1.02234957243954e-16	PPP1R14B	c23
5.05516810118969e-21	-3.66910265351032	0.003	0.033	1.04975620789305e-16	FGFBP2	c23
6.3147079929627e-21	0.670675667077787	0.13	0.082	1.31131226181864e-16	SRSF5	c23
8.95212424933972e-21	-0.480802459240741	0.25	0.325	1.85899812161789e-16	RPL10A	c23
9.47934721688018e-21	1.82974139276874	0.017	0.005	1.96848124305734e-16	MLLT3	c23
9.78130118095585e-21	-1.71289094072929	0.014	0.051	2.03118500323729e-16	SELL	c23
2.78581432174594e-20	-4.58522349630081	0.001	0.03	5.78502202053761e-16	PLAUR	c23
2.95332159763334e-20	0.990864644635406	0.062	0.032	6.13286762964539e-16	H3F3C	c23
4.50338929256099e-20	-0.461580567283573	0.206	0.281	9.35173820493215e-16	PFDN5	c23
7.14428572845236e-20	1.29862737325791	0.032	0.013	1.48358237437042e-15	TUBA1C	c23
9.60756644547994e-20	-6.80183768930105	0	0.027	1.99510724806837e-15	LINC01272	c23
1.1457791832024e-19	-0.833806340159426	0.081	0.137	2.37932505183811e-15	EMP3	c23
1.21119937855376e-19	0.428750877254042	0.294	0.225	2.51517662950473e-15	IL7R	c23
1.27857910199557e-19	-3.2921694262361	0.003	0.033	2.655097363204e-15	FCGR3A	c23
1.81399072399941e-19	0.753766047114014	0.091	0.053	3.76693313745718e-15	SELK	c23
1.88601123463773e-19	-0.526607468517582	0.184	0.255	3.91649092984871e-15	MYL6	c23
2.76996414458251e-19	0.90514716580995	0.063	0.033	5.75210754264003e-15	LMNA	c23
2.77278949533781e-19	0.696362513794512	0.108	0.067	5.7579746660185e-15	GZMM	c23
3.00288226136422e-19	0.757350263660214	0.097	0.059	6.23578530394893e-15	FUS	c23
3.05727116453223e-19	-1.03265789668109	0.052	0.101	6.34872930026763e-15	GSTP1	c23
3.13308703653058e-19	-5.75262721679296	0	0.026	6.50616854005939e-15	IL1B	c23
4.0022747258954e-19	0.418961433632087	0.243	0.18	8.31112369579438e-15	PTPRC	c23
4.2305044050466e-19	0.581201358451375	0.151	0.102	8.78506544751977e-15	MCL1	c23
4.85361186307575e-19	0.576689485514268	0.148	0.099	1.00790103948631e-14	CD44	c23
5.12101021124065e-19	-4.64853416558496	0.001	0.028	1.06342898046623e-14	C1QA	c23
6.57424674434746e-19	1.21973721629284	0.037	0.016	1.36520807893119e-14	HERPUD2	c23
7.41439361617131e-19	-5.31247954003426	0.001	0.027	1.53967297833414e-14	CXCL8	c23
8.08036628175236e-19	-0.605271319777563	0.127	0.19	1.6779688620687e-14	LAPTM5	c23
8.9817419613215e-19	-0.796834477622739	0.097	0.154	1.86514853568802e-14	CD37	c23
1.13036628382872e-18	0.956457475020837	0.057	0.029	2.34731862499872e-14	RUNX3	c23
1.96922948271804e-18	-3.75004573656783	0.002	0.028	4.08930194381228e-14	MAFB	c23
2.57919995218474e-18	-0.590834418448311	0.124	0.186	5.35596662070684e-14	COX4I1	c23
2.68748654465673e-18	-0.424618873860859	0.225	0.297	5.58083455863417e-14	UBA52	c23
2.90774659186073e-18	-6.44559870089234	0	0.024	6.03822657265798e-14	NAPSB	c23
3.82669168553477e-18	0.843627477222747	0.071	0.039	7.9465079541815e-14	DDX3X	c23
5.47514276628975e-18	0.121642208872917	0.828	0.702	1.13696814684773e-13	RPS3	c23
7.44137550969399e-18	-1.45477238072778	0.019	0.055	1.54527603834305e-13	FKBP1A	c23
8.44086984934395e-18	-6.20832379725209	0	0.024	1.75283103291476e-13	CTSH	c23
8.54286034211898e-18	-0.610324251523121	0.116	0.175	1.77401037864443e-13	ATP5G2	c23
9.7285467996526e-18	-2.16750472573978	0.076	0.126	2.02023002841586e-13	RN7SK	c23
1.16630623387137e-17	-2.38593126728718	0.007	0.035	2.4219515252573e-13	C1orf162	c23
1.3252916294044e-17	-1.94664742744423	0.011	0.042	2.75210059762117e-13	TNFRSF1B	c23
1.36706158385887e-17	-0.318299924407962	0.435	0.498	2.83884008504134e-13	RPL6	c23
2.38338978736515e-17	-0.963333334297252	0.049	0.094	4.94934723244248e-13	LDHB	c23
2.46982260699742e-17	-0.558465691484963	0.303	0.364	5.12883362569085e-13	GAPDH	c23
2.54475298725446e-17	-1.11263714880942	0.037	0.078	5.2844340533326e-13	UCP2	c23
2.71173347610657e-17	1.39055928938157	0.025	0.01	5.6311857364829e-13	PITPNC1	c23
2.7134990061226e-17	-5.19811529859306	0	0.024	5.63485203611419e-13	CSTA	c23
3.18615521504818e-17	-0.415017707712604	0.24	0.309	6.61636991956906e-13	RPS2	c23
3.25679848573447e-17	0.816805855984026	0.075	0.043	6.76306773547621e-13	CLK1	c23
3.33513267060342e-17	0.376936301246396	0.175	0.122	6.92573650377505e-13	CTSW	c23
3.60925642967024e-17	-3.64497955855472	0.003	0.028	7.49498190185323e-13	TNFRSF4	c23
3.94543064576361e-17	0.866908811293476	0.061	0.033	8.19308127899272e-13	CKS2	c23
5.51820915372198e-17	-2.00539042777761	0.012	0.043	1.14591131286191e-12	SGK1	c23
5.90249868263544e-17	0.72973458285988	0.085	0.051	1.22571287643608e-12	CCNH	c23
6.25943693047585e-17	-0.403860532930766	0.261	0.329	1.29983467298261e-12	RPS16	c23
6.38849251363002e-17	0.780922113343432	0.083	0.05	1.32663435538041e-12	DUSP4	c23
6.78130084964537e-17	-3.41039987177491	0.002	0.027	1.40820493443736e-12	FCGRT	c23
7.11282014463743e-17	0.966126064345668	0.051	0.027	1.47704823123541e-12	KLRK1	c23
8.24670077169373e-17	1.14580819887799	0.035	0.016	1.71250988224992e-12	SAMD3	c23
8.9274343256394e-17	-2.2291951904452	0.01	0.039	1.85387101206228e-12	SOD2	c23
1.2677124444965e-16	-4.59198150846731	0.002	0.025	2.63253166224144e-12	C1QB	c23
1.34599127787802e-16	-0.243906591203055	0.867	0.832	2.79508548764149e-12	RPL39	c23
1.59392295819509e-16	-1.13828111818611	0.031	0.07	3.30994041498792e-12	GNG5	c23
1.76993201999229e-16	-4.85947542767297	0.001	0.024	3.67544083271599e-12	C1QC	c23
2.32744336083692e-16	-1.38456803173141	0.023	0.058	4.83316888311394e-12	HLA-DMA	c23
2.83041152406094e-16	-3.88818972751722	0.001	0.024	5.87763257086496e-12	FGR	c23
4.60307422155196e-16	-1.52602020614593	0.017	0.049	9.55874392847481e-12	C10orf54	c23
5.46740254870972e-16	0.714760079033727	0.092	0.058	1.13536081326506e-11	SOCS1	c23
8.07702059371055e-16	1.05281861352303	0.039	0.019	1.67727409648993e-11	BCAS2	c23
9.64872418733564e-16	-6.02309662924599	0	0.021	2.00365406474212e-11	CFP	c23
2.30638134973074e-15	0.354305856013162	0.27	0.21	4.78943151085086e-11	PPDPF	c23
2.49310710033037e-15	-5.95054555205544	0	0.021	5.17718620454604e-11	G0S2	c23
2.49390553437091e-15	0.486895439057525	0.152	0.107	5.17884423267464e-11	SLC2A3	c23
2.72180351323612e-15	-4.21011782240458	0.001	0.022	5.65209717558613e-11	LGALS2	c23
3.01325681910463e-15	0.745256534508384	0.083	0.051	6.25732911055267e-11	KMT2E-AS1	c23
3.12437766721702e-15	0.535423659724119	0.161	0.115	6.48808266374287e-11	ZFAS1	c23
3.55916922066531e-15	-2.78187203656882	0.004	0.027	7.39097080363359e-11	APLP2	c23
5.03106882261392e-15	-5.00012274680939	0	0.02	1.04475175170401e-10	CLEC7A	c23
6.66286168467933e-15	1.39100864344267	0.021	0.008	1.38360985744051e-10	LOC101929065	c23
6.92901063679691e-15	0.764582062902534	0.07	0.041	1.43887834883725e-10	PDCD4	c23
7.02595703291701e-15	-0.925844726263837	0.155	0.205	1.45901023745555e-10	SAT1	c23
7.08660768276893e-15	-0.707807372634591	0.069	0.114	1.4716049514038e-10	SLC25A6	c23
7.09575946329673e-15	-1.43680372843146	0.05	0.089	1.4735054101482e-10	HLA-DRB4	c23
7.91602619780056e-15	0.76497602918954	0.064	0.037	1.64384200023526e-10	KLRC2	c23
1.12290639587695e-14	-1.17595671674844	0.029	0.063	2.33182742167808e-10	PKM	c23
1.28219630021608e-14	0.817813634250204	0.069	0.041	2.66260883702871e-10	PPP1R2	c23
1.59336545651819e-14	-5.98028559497083	0	0.019	3.30878270700567e-10	C5AR1	c23
1.62510749280792e-14	-0.301055333258298	0.557	0.584	3.37469821956492e-10	RPL36	c23
2.37240552885182e-14	-2.74132851946672	0.004	0.027	4.92653732121369e-10	TNFRSF18	c23
2.43920017166907e-14	1.35506527588455	0.022	0.009	5.06524307648799e-10	UBE2S	c23
2.48478211242122e-14	0.668576409554309	0.091	0.058	5.1598985346539e-10	ITM2A	c23
3.2396280284171e-14	-1.69981442477138	0.015	0.043	6.72741156381094e-10	BCL2A1	c23
3.43167317371026e-14	0.521161617522536	0.133	0.093	7.12621251252673e-10	LEPROTL1	c23
3.5208530844869e-14	-0.221729966982727	0.605	0.643	7.31140351524549e-10	RPS24	c23
3.81860973214148e-14	-6.02411680256432	0	0.019	7.929724969765e-10	CPVL	c23
4.23693785796303e-14	-1.48409574929468	0.016	0.044	8.79842515584603e-10	ITGB1	c23
4.86462075294284e-14	-1.09971556479159	0.048	0.086	1.01018714555611e-09	CTSD	c23
6.12529237280989e-14	-1.38629629283832	0.017	0.045	1.2719782141377e-09	NME2	c23
1.1130588853763e-13	0.109105475304872	0.909	0.859	2.31137808137243e-09	RPL28	c23
1.30564730217576e-13	-2.58194449734957	0.004	0.025	2.71130718769819e-09	ASAH1	c23
1.41241268971272e-13	0.706589902516426	0.091	0.059	2.93301619145744e-09	KLF2	c23
1.42894571749941e-13	-0.257968484729594	0.713	0.696	2.96734867695928e-09	RPS27A	c23
1.69089533697013e-13	0.855831926224308	0.052	0.03	3.51131325675217e-09	BRE-AS1	c23
1.75886880933032e-13	-5.75631540382308	0	0.018	3.65246696945534e-09	MPEG1	c23
1.78840523393018e-13	0.812858240401156	0.056	0.032	3.71380230877942e-09	IDS	c23
2.02504816391504e-13	1.00372488292601	0.036	0.018	4.20521501718598e-09	APMAP	c23
2.28884774876836e-13	-1.55259225665487	0.38	0.392	4.75302123509238e-09	CD74	c23
2.77720840324954e-13	1.02969549852916	0.034	0.017	5.76715097018799e-09	TRAT1	c23
3.30019146408112e-13	-4.83786777679216	0	0.018	6.85317759431086e-09	TMEM176B	c23
4.85957030573365e-13	-4.94373276301218	0	0.018	1.00913836968865e-08	CD163	c23
5.05742117463939e-13	0.669665809505848	0.077	0.048	1.05022408112562e-08	LOC101060038	c23
5.36291294003826e-13	-5.70125357636054	0	0.017	1.11366250112835e-08	MEF2C	c23
6.35557059688045e-13	-5.74522243557121	0	0.017	1.31979779014819e-08	LILRB2	c23
6.36784072390455e-13	-1.64957019650753	0.011	0.035	1.32234580472602e-08	NOSIP	c23
6.91306289764413e-13	-0.274099965951552	0.345	0.406	1.43556664132478e-08	RPL35	c23
7.24225338308469e-13	-0.766311610879201	0.055	0.093	1.50392633753137e-08	TPM3	c23
7.54692203520316e-13	0.597623857602083	0.087	0.056	1.56719382983029e-08	SQSTM1	c23
7.66388450942074e-13	-5.79965494416976	0	0.017	1.59148225722631e-08	CXCL2	c23
7.86171193270694e-13	-1.36729115860757	0.017	0.044	1.63256309994592e-08	SYNGR2	c23
9.14489062314685e-13	0.807923617888279	0.054	0.031	1.89902798680268e-08	SYTL3	c23
1.04539946783362e-12	0.868244663863336	0.045	0.025	2.1708765349033e-08	TERF2IP	c23
1.22408616618748e-12	-0.770263504953486	0.052	0.089	2.54193733270492e-08	RPL23	c23
1.25919103607695e-12	0.191981195127713	0.578	0.521	2.6148361055174e-08	PTMA	c23
1.40144322420553e-12	-0.575398434901897	0.096	0.141	2.91023699938521e-08	ARPC2	c23
1.60481765114457e-12	0.592586552363034	0.089	0.059	3.3325643343668e-08	TRMT112	c23
1.71562032533034e-12	-0.540425227911307	0.123	0.171	3.56265716758099e-08	RPL13A	c23
1.72899001370274e-12	-5.64489113374142	0	0.016	3.59042066245511e-08	SLC11A1	c23
1.75712343811852e-12	-5.64533320362106	0	0.016	3.64884253159691e-08	CSF1R	c23
2.34731926907928e-12	-1.16553191135101	0.021	0.049	4.87444319417004e-08	RNASET2	c23
2.99078583424879e-12	1.73811446526436	0.01	0.003	6.21066586340104e-08	SERPINH1	c23
3.62263473425976e-12	1.19669968021597	0.023	0.01	7.52276328916382e-08	MRPL10	c23
4.57987607199939e-12	0.867517560812198	0.044	0.024	9.51057065111394e-08	SCML4	c23
4.80753258298145e-12	-1.79382320606673	0.008	0.03	9.98332216181929e-08	AP2S1	c23
4.88561303995802e-12	-0.628117349475566	0.167	0.214	1.01454640387768e-07	S100A10	c23
5.58092601246373e-12	0.66667306699705	0.086	0.057	1.15893509574822e-07	SAP18	c23
5.81364915375085e-12	-0.877433130004752	0.038	0.07	1.2072623832679e-07	RPS17	c23
5.82909999761761e-12	0.724609271685843	0.06	0.036	1.21047090550527e-07	EIF5	c23
6.65094565896534e-12	-0.537417226740133	0.186	0.235	1.38113537554074e-07	IFITM2	c23
6.742097195342e-12	0.744628798159575	0.061	0.037	1.40006390358472e-07	CDC42SE2	c23
7.27951031871492e-12	0.871497844289626	0.049	0.028	1.51166311278434e-07	LOC284454	c23
9.57424767566066e-12	-1.53090331477045	0.012	0.034	1.98818827232769e-07	PYCARD	c23
1.09139976430399e-11	-1.89846230152311	0.008	0.028	2.26640075055366e-07	PLAC8	c23
1.21023753692721e-11	-0.472901738054284	0.122	0.169	2.51317926918304e-07	ATP5L	c23
1.22285409898478e-11	1.23784315325149	0.02	0.009	2.5393788219518e-07	DEDD2	c23
1.7623312523633e-11	0.956072675030422	0.035	0.018	3.65965707865763e-07	PPP1R10	c23
1.93297577218576e-11	1.17127572733619	0.022	0.01	4.01401748852094e-07	FAM102A	c23
1.93422189067844e-11	0.651179909207074	0.071	0.046	4.01660517818285e-07	CD96	c23
1.93693870250463e-11	-1.21542495493887	0.019	0.044	4.02224690962112e-07	ANXA5	c23
1.9741837225217e-11	-0.465144602454541	0.122	0.167	4.09958991818857e-07	RPL31	c23
1.97459481694423e-11	1.22748671589777	0.019	0.008	4.10044359686638e-07	LOC646513	c23
2.33296613905068e-11	-3.16766471607181	0.002	0.018	4.84463748435264e-07	HLA-DMB	c23
2.53427954494177e-11	1.05087772083757	0.028	0.014	5.26268490302607e-07	MYLIP	c23
2.698706614803e-11	-3.00436292530052	0.002	0.018	5.6041341562999e-07	LTA4H	c23
3.23012586268182e-11	-1.745666527186	0.007	0.027	6.70767936644507e-07	CTLA4	c23
3.29190760690096e-11	1.92473042072076	0.01	0.003	6.83597533649054e-07	ZNF296	c23
3.76118773676818e-11	-1.5442184142011	0.047	0.079	7.8104824541728e-07	CCL3	c23
3.83766796673479e-11	-0.317959525687397	0.503	0.519	7.96930129972146e-07	RPL3	c23
3.8708903699647e-11	-3.98133648372014	0.001	0.015	8.03829094226869e-07	POU2F2	c23
3.99431262673929e-11	0.559087323836176	0.108	0.076	8.29458960068682e-07	GUK1	c23
4.74436026637112e-11	-3.29896276872539	0.001	0.016	9.85213852914627e-07	HMOX1	c23
4.90507230666008e-11	-0.526649688473341	0.094	0.135	1.01858731520103e-06	ARPC3	c23
6.19516225591489e-11	-2.18138610386127	0.005	0.022	1.28648739406329e-06	PPT1	c23
6.36388652982173e-11	1.26957916678015	0.019	0.008	1.32152467678278e-06	OASL	c23
7.8564496412096e-11	0.922285213401681	0.035	0.019	1.63147033249359e-06	AMD1	c23
8.02917735343256e-11	-5.41533305498117	0	0.014	1.6673389692138e-06	CD36	c23
8.1616692372344e-11	-5.53037156324738	0	0.014	1.69485223380409e-06	IRF8	c23
8.79228576805401e-11	-2.20981897309416	0.005	0.022	1.8258060625941e-06	ZFAND5	c23
9.80615944973932e-11	-1.07742297344558	0.03	0.058	2.03634707133287e-06	LGALS3	c23
9.96196178491019e-11	0.78250330650931	0.048	0.028	2.06870098425445e-06	LINC-PINT	c23
1.06583431472911e-10	-0.506163656989797	0.102	0.143	2.21331153796647e-06	LRRC75A-AS1	c23
1.22133836733991e-10	-1.03544467025001	0.025	0.051	2.53623125361805e-06	CD83	c23
1.24020637333585e-10	-0.328925873365745	0.224	0.275	2.57541255486923e-06	RPL27	c23
1.32809775533101e-10	0.870092943693158	0.036	0.019	2.75792779872037e-06	KLRC4	c23
1.60915930995574e-10	-8.01862486940264	0.001	0.015	3.34158022305408e-06	IGJ	c23
1.66214400707398e-10	-0.2725301190132	0.464	0.499	3.45160824508982e-06	RPL14	c23
1.89473549776308e-10	-5.25715361147923	0	0.014	3.93460773465481e-06	C15orf48	c23
2.25123029842708e-10	0.120341229521975	0.598	0.52	4.67490483771368e-06	RPS29	c23
2.31181492742795e-10	-3.89673052299292	0.001	0.014	4.80071487829689e-06	CXCL16	c23
3.28444815700825e-10	1.01599646166237	0.027	0.014	6.82048504284334e-06	LOC100996919	c23
3.44738831218507e-10	1.71684584851071	0.01	0.003	7.15884656908352e-06	DTHD1	c23
3.56698317871574e-10	-4.37271982097524	0	0.013	7.4071972689211e-06	KCTD12	c23
3.63329890466402e-10	1.05184275007789	0.025	0.013	7.5449085054253e-06	KCNA3	c23
3.73211059613307e-10	-0.3830902263226	0.166	0.213	7.75010086392993e-06	RPL36A	c23
3.9812937818759e-10	0.630872901047621	0.068	0.044	8.26755466744349e-06	RSRP1	c23
4.00258591622878e-10	-3.01417588002129	0.002	0.016	8.31176991364069e-06	FOXP3	c23
4.29301304869147e-10	-3.44010581318743	0.001	0.015	8.91487089691271e-06	SPON2	c23
4.36492871523675e-10	0.895828757277233	0.034	0.018	9.06421097006062e-06	GABARAPL1	c23
4.53877072069541e-10	-0.715089009337929	0.049	0.08	9.42521127859609e-06	GPX4	c23
4.84205796616349e-10	0.897809121405474	0.033	0.018	1.00550175725351e-05	PYHIN1	c23
5.41824043287891e-10	-5.28465617665452	0	0.013	1.12515180829163e-05	MARCKS	c23
5.92803833235437e-10	1.24430236188937	0.017	0.008	1.23101644009671e-05	LOC102724850	c23
6.16317401345027e-10	-5.24553764662593	0	0.012	1.27984471563308e-05	RAB31	c23
6.22306349285881e-10	-3.81001012710122	0.001	0.014	1.29228136492706e-05	MAL	c23
6.86351407167357e-10	-1.10893245647358	0.02	0.042	1.42527733212373e-05	CARD16	c23
7.61329592864379e-10	0.330119188766608	0.203	0.162	1.58097703254217e-05	CD99	c23
8.20281852109052e-10	0.772098810798171	0.044	0.026	1.70339729408966e-05	CBLB	c23
8.38041198527092e-10	-1.23390244382295	0.015	0.036	1.74027635286136e-05	ATP6V1F	c23
8.46908727148701e-10	-0.874228949352746	0.03	0.056	1.75869066279699e-05	VAMP8	c23
8.74965447894131e-10	0.708517050341378	0.045	0.027	1.81695324909695e-05	KLRC3	c23
8.79120681999212e-10	0.802125773350165	0.039	0.023	1.82558200823956e-05	PTP4A1	c23
8.89943060570099e-10	-1.04537546989142	0.02	0.043	1.84805575957987e-05	ATP6V0B	c23
9.76130919352489e-10	-3.80895821670763	0.001	0.013	2.02703346712738e-05	PELI1	c23
1.01950789349636e-09	0.877914841132498	0.034	0.019	2.11711009163454e-05	PRMT9	c23
1.15328255211159e-09	-0.342984120998131	0.205	0.252	2.39490654771493e-05	PPIA	c23
1.20810817538099e-09	-1.52272571674396	0.009	0.027	2.50875743699616e-05	SAMHD1	c23
1.22431939190906e-09	1.08138229385139	0.021	0.01	2.54242164923836e-05	POLR2A	c23
1.37232761061815e-09	-1.32803548982688	0.02	0.043	2.84977551620965e-05	MTRNR2L2	c23
1.56291266441619e-09	-0.681051195000439	0.057	0.089	3.24554443892666e-05	TPI1	c23
1.5702771519466e-09	-4.26580461705873	0	0.013	3.26083753373231e-05	BANK1	c23
1.93568742677494e-09	-4.28067789354026	0	0.012	4.01964851044084e-05	LINC00926	c23
1.99080027797838e-09	-2.90954580065213	0.002	0.015	4.1340958572499e-05	RNF130	c23
2.0160777016575e-09	-1.20744505639715	0.015	0.035	4.18658695526196e-05	CMTM6	c23
2.11372480333184e-09	-5.19328618934479	0	0.012	4.3893609265989e-05	RNASE6	c23
2.19401832036379e-09	0.804255605869685	0.038	0.022	4.55609844406745e-05	SBDS	c23
2.19607111358506e-09	-1.11565313840109	0.021	0.043	4.56036127447074e-05	CAPG	c23
2.43812131862027e-09	-2.76081042104099	0.002	0.015	5.06300273024685e-05	CD79B	c23
3.04965950928283e-09	-0.613715142467172	0.058	0.089	6.33292293697672e-05	SERP1	c23
3.16108168223647e-09	-4.39286803949745	0	0.012	6.56430222133226e-05	GSN	c23
3.18740185966779e-09	-5.12709307091486	0	0.011	6.61895870178612e-05	HCK	c23
3.21314855883157e-09	-5.12011278659179	0	0.011	6.67242429726964e-05	NCF2	c23
3.24850071314774e-09	-2.72493003011864	0.002	0.015	6.74583658092259e-05	TNFSF13B	c23
3.54868507170927e-09	-0.361558594504363	0.152	0.195	7.36919941991147e-05	BTF3	c23
3.86333071505155e-09	0.742263555694909	0.042	0.025	8.02259256287604e-05	CXCR3	c23
4.04540679166688e-09	-0.916016129746801	0.025	0.048	8.40069174357544e-05	AES	c23
4.37967267852554e-09	-4.242911115028	0.001	0.014	9.09482828422614e-05	SEPP1	c23
4.42886015576651e-09	-0.875878848681262	0.028	0.051	9.19697099946474e-05	FLNA	c23
4.54721873522463e-09	1.23701520772467	0.016	0.007	9.44275442556747e-05	HEXIM1	c23
4.55596061534749e-09	0.868903244959096	0.031	0.017	9.46090781383059e-05	METTL12	c23
4.69241874038492e-09	-5.15157271265603	0	0.011	9.74427675628332e-05	LILRB1	c23
4.82035770786589e-09	-1.9137923871059	0.006	0.021	0.000100099548161543	ACP5	c23
4.87819924088942e-09	-3.92353003008783	0.001	0.013	0.00010130068543631	RNASE1	c23
4.91459433478698e-09	-2.41321078536977	0.003	0.017	0.000102056465956186	LOC101928173	c23
5.12868879060191e-09	-5.44153190456758	0	0.011	0.000106502351425639	STAB1	c23
5.45131089726948e-09	-0.426565380145574	0.119	0.158	0.000113201922092698	HINT1	c23
5.93365587462326e-09	-0.385276907372049	0.139	0.179	0.000123218297892427	COX7C	c23
5.93715483870134e-09	1.42058410734802	0.011	0.004	0.000123290957380472	ANKRD37	c23
6.12110584060614e-09	-5.09120009467655	0	0.011	0.000127110883886027	FCGR2A	c23
6.30683802072249e-09	-1.38749081130402	0.01	0.027	0.000130967798338323	GNAI2	c23
6.45553662839872e-09	-3.77865173380118	0.001	0.012	0.000134055673625328	LOC100509457	c23
6.72924443452495e-09	-1.91798585675738	0.004	0.019	0.000139739489927345	KLF4	c23
7.48671425286966e-09	-5.05372538925789	0	0.011	0.000155469108175091	PILRA	c23
7.75853553532327e-09	-0.323064963161988	0.615	0.643	0.000161113748926523	ATP6	c23
8.04350148982098e-09	-0.478026172522694	0.203	0.244	0.000167031351937622	ND5	c23
8.18855343635162e-09	-0.219579469069842	0.572	0.588	0.000170043500659278	RPL35A	c23
8.55695957872489e-09	1.0519606814291	0.021	0.01	0.000177693822611801	B3GNT2	c23
9.03465325292957e-09	-1.30357580610108	0.012	0.029	0.000187613609450336	TMEM123	c23
9.21681107780835e-09	-0.82921777438947	0.092	0.125	0.000191396298841768	GZMB	c23
9.45307571453746e-09	0.446338149198925	0.1	0.073	0.000196302570288085	KLRD1	c23
1.11553797224862e-08	0.693111383214054	0.048	0.03	0.000231652615317149	SNHG12	c23
1.18514552614702e-08	0.314110927505148	0.164	0.128	0.000246107319959689	CD2	c23
1.30596830002278e-08	-4.13592850123035	0	0.011	0.000271197377182731	IGSF6	c23
1.42012062024117e-08	-0.316160406849691	0.708	0.711	0.000294902247999282	ND3	c23
1.43845585460102e-08	-4.14095312987365	0	0.011	0.000298709742766448	TGFBI	c23
1.65326415807158e-08	-0.937688183125071	0.022	0.043	0.000343316835065143	NAP1L1	c23
1.68077081493523e-08	0.553192313294606	0.074	0.051	0.00034902886742945	KIAA1551	c23
1.70311029349557e-08	-0.78248197356312	0.038	0.063	0.00035366788354729	ANXA2	c23
1.72945342614431e-08	-0.416239204813183	0.112	0.148	0.000359138298473127	RHOA	c23
1.73556655203881e-08	0.520786581504282	0.08	0.056	0.00036040775019638	HNRNPA0	c23
1.82540222776905e-08	0.892001552177351	0.028	0.015	0.000379063026618521	BTN3A2	c23
1.84487269825483e-08	0.223973951744001	0.277	0.231	0.000383106264519598	PTPRCAP	c23
1.88880759322526e-08	0.747296254422442	0.039	0.023	0.000392229784809158	PRKCH	c23
1.90657918492541e-08	-5.00976830832261	0	0.01	0.000395920233541611	VPREB3	c23
1.90868475630795e-08	-1.97933413080899	0.004	0.018	0.00039635747649491	AQP3	c23
2.03139162380573e-08	-2.11756610448144	0.003	0.016	0.000421838784599498	GRINA	c23
2.03358132340362e-08	-5.01661872499672	0	0.01	0.000422293497617996	ALDH2	c23
2.22066820565448e-08	0.848665668342115	0.03	0.017	0.00046114395958621	EIF4A3	c23
2.32298438948663e-08	1.18936356724932	0.015	0.007	0.000482390938320794	RNU4-2	c23
2.35712879239357e-08	0.796220586056817	0.034	0.019	0.000489481365028449	AKNA	c23
2.40398609068762e-08	0.362870532010645	0.146	0.113	0.000499211751592192	EVL	c23
2.42428534270929e-08	-0.806314322943814	0.032	0.055	0.000503427094267011	DBI	c23
2.42540815773637e-08	0.652659178689412	0.055	0.036	0.000503660258035534	LBH	c23
2.43046227910858e-08	-2.00929284260733	0.004	0.017	0.000504709796879687	AP1S2	c23
2.44769094025231e-08	-4.96726129850842	0	0.01	0.000508287500652794	FPR1	c23
2.44888178321951e-08	-0.533551731645155	0.07	0.101	0.000508534791103364	YBX1	c23
2.69299095060352e-08	0.460341288457621	0.093	0.067	0.000559226500802328	LCK	c23
2.71157503193227e-08	1.17929970986838	0.016	0.007	0.000563085671131055	KPNA2	c23
2.77040232355632e-08	-0.781243875238268	0.034	0.058	0.000575301746509706	ENO1	c23
2.79513026917764e-08	1.20082000295021	0.015	0.007	0.000580436751697429	F2R	c23
2.82074288186183e-08	-2.69693440010827	0.002	0.014	0.000585755466847427	WARS	c23
2.91057632074388e-08	-0.997779422743196	0.02	0.04	0.000604410278765674	PGAM1	c23
2.93692996012124e-08	0.593791224375878	0.058	0.038	0.000609882875518777	ACAP1	c23
3.04695138918966e-08	-3.48959281095917	0.001	0.011	0.000632729925479124	MRC1	c23
3.21946654433157e-08	-4.94157465484477	0	0.01	0.000668554422595894	RALGPS2	c23
3.46356846306942e-08	-0.517949545117024	0.064	0.093	0.000719244627040995	COX6B1	c23
3.51226532486787e-08	-1.30382473976418	0.013	0.03	0.000729357017362063	DUSP6	c23
3.65907899283336e-08	-4.36253920091008	0	0.011	0.000759844343651775	CTSL	c23
4.083982292234e-08	0.48217559028965	0.078	0.055	0.000848079762805312	IRF1	c23
4.56942754163611e-08	0.706282845412043	0.042	0.026	0.000948887323296154	DENND2D	c23
4.91651246148291e-08	0.615748071715501	0.052	0.034	0.00102096297775154	SNHG15	c23
4.93677973352996e-08	-3.99388780055377	0	0.01	0.00102517167946483	CSF3R	c23
5.43749512651298e-08	-4.9168877759933	0	0.01	0.00112915023797168	CD300E	c23
6.96704773241283e-08	0.728538551836887	0.04	0.024	0.00144677713211285	MAPRE2	c23
7.36797635369814e-08	-2.17061601960541	0.003	0.015	0.00153003396960896	CD4	c23
7.55229223505037e-08	0.602033314374079	0.054	0.036	0.00156830900553056	MAP1LC3B	c23
8.01898815686442e-08	-1.0387859311527	0.017	0.034	0.00166522308065446	LRRFIP1	c23
9.12528425055646e-08	-0.88986906167978	0.022	0.042	0.00189495652747055	RHOG	c23
9.33207106868095e-08	-3.98413511707281	0	0.01	0.00193789787812229	CTSZ	c23
9.9100331022436e-08	0.786254049693174	0.033	0.019	0.00205791747401191	RSRC2	c23
9.97741410736324e-08	0.889076384862872	0.026	0.014	0.00207190981353505	GTF2B	c23
1.01149299319488e-07	-0.648159247699819	0.043	0.067	0.0021004663496685	GLTSCR2	c23
1.18182701168273e-07	0.527045996552244	0.065	0.045	0.00245418197246035	GIMAP7	c23
1.21731230470413e-07	-0.193926322040233	0.869	0.814	0.00252787073194859	RPL13	c23
1.30451658770772e-07	0.956702810459042	0.021	0.011	0.00270895914603384	PITHD1	c23
1.37335287975373e-07	0.704547638821832	0.038	0.024	0.00285190459009659	HNRNPH3	c23
1.42473221712032e-07	-0.516425506517882	0.065	0.093	0.00295859892207206	RNASEK	c23
1.73041647083678e-07	-0.229762851605912	0.888	0.861	0.00359338284333966	EEF1A1	c23
1.76508773150916e-07	-0.247266487993238	0.733	0.695	0.00366538118325191	RPS18	c23
1.8063947004966e-07	-1.10602019747415	0.014	0.03	0.00375115923505123	TPM4	c23
1.91773879559611e-07	-1.24564366867565	0.011	0.026	0.00398237638293487	ZEB2	c23
2.02640807744087e-07	0.726903028432059	0.033	0.02	0.00420803901361372	TMEM107	c23
2.07911276158655e-07	0.922878833248352	0.022	0.012	0.00431748556071062	SLA2	c23
2.2029926967195e-07	-0.285033600256188	0.267	0.306	0.00457473463400771	CFL1	c23
2.43669645998488e-07	-1.31045783209662	0.01	0.024	0.00506004386880459	PLEK	c23
2.64241703639651e-07	-0.828533985020472	0.024	0.043	0.005487243217781	ARPC5	c23
2.81662625848684e-07	0.764809331929785	0.032	0.019	0.00584900608837377	IL16	c23
2.84403041882282e-07	-2.01978382411257	0.003	0.014	0.00590591356772748	HLA-DRB6	c23
2.89322177311621e-07	-0.15705613154883	0.682	0.68	0.00600806433405312	RPS15	c23
3.0117534402657e-07	0.66247107233276	0.045	0.029	0.00625420719405576	FAM177A1	c23
3.0827812516186e-07	-1.56953612692832	0.008	0.021	0.00640170354711119	CH25H	c23
3.14581656728331e-07	-0.758472810417401	0.036	0.057	0.00653260268362052	CD63	c23
3.34559207693481e-07	1.07955955824458	0.016	0.008	0.00694745650696282	GIMAP2	c23
3.34670747514727e-07	0.458224592751985	0.081	0.059	0.00694977274289082	RBM39	c23
3.3469876017127e-07	0.895455621632501	0.023	0.012	0.00695035445371659	THEMIS	c23
3.51053271357139e-07	-1.11978654000147	0.013	0.028	0.00728997223300234	TRAPPC5	c23
3.95686363704978e-07	-2.06249075477427	0.004	0.016	0.00821682302869757	MTRNR2L8	c23
3.95856319656088e-07	-0.62332778684177	0.041	0.063	0.00822035233397832	EIF3E	c23
4.04372190034886e-07	-0.913632052333954	0.019	0.036	0.00839719289826444	EVI2B	c23
4.84989402884142e-07	-0.796683346142586	0.025	0.044	0.0100712899402921	PRELID1	c23
4.94391197765251e-07	-3.27440405663211	0.001	0.01	0.0102665276127932	MARCH1	c23
4.99504847578779e-07	-0.947181386476969	0.018	0.035	0.0103727176648209	ICOS	c23
5.115407176331e-07	0.869817393687449	0.023	0.012	0.0106226545423689	PELO	c23
5.33753075755064e-07	0.304858366472258	0.192	0.16	0.0110839163711297	DDIT4	c23
5.56858652074394e-07	-0.963588495186623	0.029	0.049	0.0115637267689769	GLUL	c23
5.68177212948038e-07	0.492587532716135	0.066	0.046	0.011798768004079	ZNF683	c23
5.98837135482373e-07	0.913750665274495	0.021	0.011	0.0124354519554269	TCP1	c23
6.53105735836742e-07	-1.44728982175283	0.008	0.02	0.0135623937103858	LINC00936	c23
6.79480693003682e-07	0.811470358282039	0.026	0.015	0.0141100960709145	TMX4	c23
7.31796313899877e-07	-0.965374188964153	0.018	0.035	0.0151964822544448	BIRC3	c23
7.6397440988437e-07	-2.21131260097464	0.002	0.012	0.0158646925956588	LGALS9	c23
7.80015908261856e-07	-4.69620311934197	0.002	0.012	0.0161978103509657	IGLL5	c23
7.8661896691209e-07	0.84704291963442	0.023	0.013	0.0163349294668965	TBCC	c23
8.3917147732143e-07	-2.94732245145509	0.001	0.01	0.0174262348980568	GK	c23
8.894595532562e-07	0.457730476798567	0.079	0.058	0.0184705170829182	RBM8A	c23
9.88931885539085e-07	0.881044238926068	0.021	0.012	0.0205361595351046	JMJD6	c23
1.03636657669984e-06	0.845131411438684	0.02	0.011	0.0215211883317488	GLA	c23
1.08294278477421e-06	-0.391212752994147	0.103	0.133	0.0224883898686213	ALDOA	c23
1.08586258683324e-06	0.712758144431427	0.033	0.02	0.022549022478179	TAF7	c23
1.10240568043382e-06	-1.00708155006938	0.014	0.029	0.0228925563598887	GDI2	c23
1.11693859409233e-06	-0.296347417207931	0.805	0.805	0.0231943468449214	COX1	c23
1.13509682605607e-06	-1.08719816411905	0.012	0.026	0.0235714206898803	TALDO1	c23
1.14103518217412e-06	0.682276433981193	0.036	0.023	0.0236947365930277	PSTPIP1	c23
1.53002112087478e-06	-0.932482807464763	0.031	0.05	0.0317724185960857	HSP90B1	c23
1.75806706888939e-06	-2.27146144816311	0.002	0.011	0.036508020752557	MFSD1	c23
1.78050502597362e-06	1.15411417823205	0.011	0.005	0.0369739673693682	ID1	c23
1.99167438770348e-06	0.994991295183415	0.016	0.008	0.0413591103350505	HIST1H2AC	c23
1.99606182371186e-06	-1.67977384895008	0.004	0.015	0.0414502198312006	CECR1	c23
2.07017671299607e-06	-1.58416815614832	0.028	0.046	0.0429892896220764	CXCL13	c23
2.11197520849282e-06	-0.726165383930129	0.027	0.045	0.0438572771795618	BRK1	c23
2.22902664576242e-06	0.44722505003783	0.081	0.06	0.0462879673259024	ID2	c23
2.28268836414189e-06	-1.67086829572819	0.004	0.015	0.0474023065697705	LEF1	c23
2.41739240542425e-06	0.724657636393298	0.031	0.019	0.0501995706910399	C19orf66	c23
2.44334941256612e-06	-1.12049825565142	0.011	0.024	0.050738593901348	GRB2	c23
2.6182966593082e-06	0.499082084051618	0.058	0.041	0.0543715484271941	ARHGEF1	c23
2.62411662307763e-06	-0.284089834963636	0.365	0.396	0.05449240579483	ACTG1	c23
2.74180951505447e-06	-0.758214759690882	0.024	0.041	0.0569364163896212	EIF3L	c23
2.82832445752111e-06	-0.969243779218575	0.025	0.042	0.0587329856848834	TXN	c23
3.03867942988991e-06	-0.190159503325355	0.665	0.652	0.0631012170410939	RPS14	c23
3.19666176009879e-06	0.487933327242408	0.062	0.045	0.0663818781102115	HLA-F	c23
3.27483817662956e-06	-2.38864962993965	0.002	0.01	0.0680052895758895	FAM26F	c23
3.2799279976067e-06	0.95521728256988	0.017	0.009	0.0681109847983006	TBX21	c23
3.56439261323224e-06	0.672173390298936	0.033	0.021	0.0740181770063808	SNORA78	c23
3.60394802372568e-06	0.443502147609539	0.078	0.058	0.0748395846606874	SEPT1	c23
3.74519903594275e-06	-1.39455195569783	0.006	0.017	0.0777728031803872	PTPRE	c23
4.06272618719911e-06	0.10525120127595	0.22	0.184	0.0843665720033767	CD7	c23
4.22690581671868e-06	0.793472461590738	0.023	0.014	0.08777592618998	PNPLA2	c23
4.28059252467587e-06	-0.699693675933363	0.027	0.045	0.0888907843674192	ABRACL	c23
4.30645129716779e-06	0.367747441306708	0.099	0.077	0.0894277676369864	LDHA	c23
4.34707683804248e-06	0.301196260945392	0.144	0.117	0.0902713976187902	HNRNPDL	c23
4.4491923190929e-06	0.973803446793121	0.016	0.008	0.0923919276982832	NFATC2	c23
4.48493046438973e-06	-0.674854625828548	0.042	0.062	0.093134066023517	BATF	c23
4.52552496427221e-06	0.373936556377104	0.098	0.076	0.0939770514080767	CNBP	c23
4.59831431642721e-06	-2.34546202960689	0.002	0.01	0.0954885950949275	NLRP3	c23
4.65179875058561e-06	-1.31760726419558	0.007	0.018	0.0965992528546607	VASP	c23
4.77430227156937e-06	-0.497719945132341	0.053	0.075	0.0991431609714095	NDUFA4	c23
4.77759153882198e-06	-1.41294646214429	0.006	0.017	0.0992114658951771	PECAM1	c23
4.8385565679846e-06	0.761825557452908	0.024	0.014	0.100477465690768	MARCKSL1	c23
5.0043835592027e-06	0.99990730902421	0.015	0.008	0.103921028990403	AHSA1	c23
5.0402313131756e-06	0.868566599282411	0.019	0.011	0.104665443449405	NMRK1	c23
5.05230935477944e-06	-1.7289081251801	0.004	0.013	0.10491625606135	EFHD2	c23
5.31111402391648e-06	0.66881479684383	0.032	0.02	0.11029059382065	RASAL3	c23
5.31690418321744e-06	0.622063663822126	0.037	0.024	0.110410832268693	MBP	c23
5.43811684324893e-06	0.86280267157756	0.017	0.009	0.112927934366907	BAG3	c23
5.7332182952764e-06	-0.376702632478251	0.103	0.13	0.11905601111971	LSP1	c23
5.95907433076671e-06	-1.93080136069218	0.003	0.012	0.123746137552702	LIPA	c23
6.03740311646012e-06	0.506866348602931	0.052	0.036	0.125372713116411	PTGER4	c23
6.40651417718132e-06	0.705573958238073	0.029	0.018	0.133037673403347	OPTN	c23
6.62053600976357e-06	-0.777684239605388	0.019	0.034	0.13748205077875	FLT3LG	c23
6.82744140843225e-06	-1.54731217067214	0.005	0.014	0.141778648287504	RASGRP2	c23
6.90460030665094e-06	0.955774733848788	0.012	0.005	0.143380929967913	RASD1	c23
7.05323936590039e-06	1.15021411180836	0.011	0.005	0.146467568672287	MEPCE	c23
7.31983633939364e-06	1.07082892927065	0.014	0.007	0.152003721423848	ADRB2	c23
7.68937830526553e-06	-2.32384704319599	0.002	0.01	0.159677629887144	CUX1	c23
7.74733918732528e-06	-1.69229668259164	0.005	0.015	0.160881245563997	CD9	c23
7.89325772659042e-06	0.979849656682957	0.015	0.008	0.163911389950377	GIMAP6	c23
8.09420339187359e-06	0.55900085961433	0.048	0.033	0.168084227635647	SLC38A2	c23
8.17168737858389e-06	-1.91737591507455	0.003	0.011	0.169693260103673	NCF4	c23
8.59580573052102e-06	0.850503406627117	0.019	0.011	0.178500501799999	PLA2G16	c23
8.60289884917999e-06	-1.30707955229167	0.007	0.018	0.178647797502072	IRF2BP2	c23
9.07661946414003e-06	0.699304525523614	0.028	0.017	0.188485079792332	CDC42EP3	c23
9.36728471318908e-06	-0.601415338066698	0.033	0.051	0.194521034354084	C9orf16	c23
9.65370472792917e-06	-0.994310338381784	0.053	0.073	0.200468832380177	LOC100996809	c23
9.83409912627162e-06	0.622337612333458	0.036	0.023	0.204214902456156	C5orf56	c23
9.91201404785284e-06	-0.994983601584419	0.012	0.025	0.205832883717712	VAMP5	c23
1.01259143227883e-05	1.09241838622838	0.012	0.006	0.210274736827021	CPNE7	c23
1.03613218051414e-05	0.769869732850893	0.018	0.01	0.215163208605567	MT1F	c23
1.05143195215269e-05	-1.093856395329	0.01	0.022	0.218340359184027	DNPH1	c23
1.07754863020924e-05	-1.90233067061044	0.003	0.011	0.223763748549251	BLVRB	c23
1.12866518490608e-05	-0.594617429060374	0.035	0.053	0.234378612297596	ATP5G3	c23
1.18437881847924e-05	-1.43330352645764	0.005	0.015	0.245948105445398	PLEC	c23
1.18574787141399e-05	-0.422268672315455	0.069	0.092	0.246232402977829	ATP5I	c23
1.33659264842394e-05	0.712395612694154	0.026	0.016	0.277556829371716	IDI1	c23
1.35746411444429e-05	0.47824702331203	0.054	0.039	0.281890998005501	SFPQ	c23
1.47972306145068e-05	0.433770892184088	0.047	0.033	0.307279290940849	LAG3	c23
1.55755981852825e-05	-0.157574643157975	0.56	0.576	0.323442871915576	RPS7	c23
1.61526601419292e-05	-1.36713235019298	0.006	0.015	0.335426140507302	HSBP1	c23
1.65471205798479e-05	0.859354696145892	0.018	0.01	0.343617505961122	TBCD	c23
1.67372642688958e-05	1.04499921608839	0.012	0.006	0.34756602980789	SERTAD3	c23
1.77690704587118e-05	-1.6547319016233	0.004	0.012	0.36899251714561	CCR6	c23
1.81217872840626e-05	-1.58814337348452	0.004	0.013	0.376317034740844	ATP1B3	c23
1.86552631948637e-05	0.53873278077287	0.046	0.032	0.38739519550454	SNHG9	c23
1.92388526191658e-05	0.662436334963753	0.027	0.017	0.399514013489598	RBBP6	c23
1.95095798312324e-05	0.575411933670249	0.039	0.027	0.405135934775373	TOB1	c23
2.01223328717577e-05	-0.289735767486037	0.815	0.766	0.41786036441492	ACTB	c23
2.13044477706901e-05	0.839386593375325	0.018	0.01	0.442408162406152	TGFBR2	c23
2.21064803085194e-05	1.14839843457257	0.01	0.005	0.459063170086713	FAM53C	c23
2.35701467809523e-05	0.706101162717131	0.025	0.015	0.489457668053256	NXT1	c23
2.36738316915692e-05	-0.861651110547819	0.015	0.027	0.491610788907126	PGLS	c23
2.40221441993778e-05	1.07657461034166	0.012	0.006	0.49884384644428	LYSMD2	c23
2.51948120583607e-05	0.894701537994157	0.017	0.009	0.523195467203918	LOC643733	c23
2.65343407966956e-05	0.39773551827083	0.071	0.054	0.55101212098418	RHOH	c23
2.66257963382892e-05	-0.489016420226367	0.044	0.062	0.552911286760914	HIGD2A	c23
2.68236198538433e-05	-1.08105890182389	0.009	0.019	0.55701928988491	RGS19	c23
2.73305067190806e-05	0.61821562369827	0.032	0.021	0.567545302528427	VCP	c23
2.77681703897852e-05	-1.09822197639158	0.013	0.024	0.57663382631428	PLIN2	c23
2.89243493723625e-05	0.988173149058138	0.013	0.007	0.60064303906648	GGA2	c23
2.92565887605816e-05	-1.66258823371915	0.003	0.011	0.607542322202238	PGD	c23
3.19590514830203e-05	-1.85078841421484	0.003	0.01	0.6636616630964	SMIM14	c23
3.40747219625284e-05	-0.812811477575356	0.017	0.03	0.707595676273864	SERPINB1	c23
3.44145261005374e-05	-0.949328782420384	0.013	0.025	0.714652049003761	CD40LG	c23
3.47451592372222e-05	-1.0732416807761	0.01	0.021	0.721517976720157	XIST	c23
3.47522675753293e-05	-1.10298335048531	0.008	0.018	0.721665588469288	H2AFY	c23
3.60956677852965e-05	-0.863033929632781	0.014	0.026	0.749562637229468	FAM65B	c23
3.69328581933275e-05	-0.570074501957842	0.034	0.05	0.76694773324264	ATP5J2	c23
3.74593307645188e-05	-0.344777075306531	0.079	0.101	0.777880462655997	TCEB2	c23
4.18770227849753e-05	-0.535744373068611	0.053	0.072	0.869618255152798	ND6	c23
4.21204994003497e-05	-1.14157997978179	0.008	0.017	0.874674290547661	MYO1F	c23
4.23269677814194e-05	-0.961917077731584	0.011	0.022	0.878961812948956	CD82	c23
4.26176311181743e-05	0.896056150301723	0.015	0.008	0.884997727800007	ALKBH5	c23
4.43476003569445e-05	0.201209617434463	0.202	0.173	0.92092226901231	CALM1	c23
4.49517511335546e-05	0.432518042844992	0.061	0.045	0.933468064039394	DYNLL1	c23
4.69140524443725e-05	0.33233266811865	0.102	0.081	0.974217213059839	ISG20	c23
0.000124031297664031	-3.0844782750067	0.004	0.011	1	MZB1	c23
8.25171122989693e-05	-1.67957654382931	0.003	0.01	1	RTKN2	c23
6.74758789690636e-05	-1.65590244533124	0.003	0.01	1	ENTPD1	c23
0.000149465807130656	-1.59276100904073	0.003	0.01	1	PPIF	c23
0.000160764019749543	-1.44728982175283	0.004	0.011	1	TNFRSF25	c23
0.000386669837989955	-1.41811086468041	0.003	0.01	1	ATP6V1B2	c23
0.000301958791476197	-1.33518891067351	0.004	0.011	1	CAPNS1	c23
9.12618958165591e-05	-1.3194215948152	0.005	0.013	1	GPR56	c23
0.000580212321703506	-1.31424135570952	0.004	0.01	1	NCOA4	c23
0.000188881848114437	-1.2851857865032	0.005	0.012	1	TPP1	c23
0.0154767381683429	-1.24978674878927	0.012	0.018	1	STMN1	c23
5.72630384225456e-05	-1.24510789853083	0.006	0.015	1	LIMS1	c23
0.000194867953622596	-1.23547256373807	0.006	0.014	1	IER5	c23
0.000183461304731271	-1.22609877035435	0.006	0.013	1	NAAA	c23
0.00101240328191642	-1.17678019501521	0.004	0.01	1	VMP1	c23
5.07758053863347e-05	-1.17213403513835	0.007	0.016	1	GSTO1	c23
0.000604556767895943	-1.1682800690523	0.005	0.012	1	AHR	c23
0.000298607308862846	-1.14883160371332	0.006	0.014	1	BNIP3L	c23
0.00176203037279764	-1.11041138539949	0.005	0.01	1	TNFSF10	c23
0.00166436224725714	-1.10733418187049	0.005	0.011	1	PLD3	c23
8.41527757241832e-05	-1.10671795275559	0.008	0.017	1	UBE2J1	c23
0.0014105210498309	-1.10219087859453	0.005	0.011	1	ZNF292	c23
8.94736635104296e-05	-1.09105032098933	0.008	0.018	1	SDF2L1	c23
0.00110097044166539	-1.08925182288703	0.005	0.011	1	CRTAP	c23
7.04539734619036e-05	-1.08143231842773	0.008	0.017	1	CASP1	c23
7.71611363839493e-05	-1.03283167930162	0.009	0.019	1	GLRX	c23
0.00296725936201445	-1.02751217961023	0.005	0.01	1	KLRF1	c23
0.0002307784441423	1.00544048073053	0.01	0.005	1	ANKRD32	c23
0.00280718526254296	-0.996226588723793	0.011	0.019	1	SEC11C	c23
0.000377436487514363	0.991468228619719	0.01	0.005	1	NELFCD	c23
0.00143390268474779	-0.982957406769953	0.006	0.012	1	TMEM167A	c23
0.000258047848578279	0.982698018991986	0.01	0.005	1	FKBP4	c23
0.00384009070746477	-0.967261298508418	0.005	0.01	1	MAP2K3	c23
0.00230432444308928	-0.96032979557009	0.006	0.012	1	ATP6V0D1	c23
0.00226169902020011	-0.953197790499409	0.006	0.012	1	LPAR6	c23
0.000573794490246328	-0.952571223723776	0.008	0.015	1	WASF2	c23
0.000377259160356977	0.950276541299609	0.01	0.005	1	TRAPPC4	c23
0.00346862793462526	-0.948278195140845	0.006	0.011	1	LAP3	c23
0.0011685614386457	-0.947409363412756	0.01	0.018	1	MIR155HG	c23
5.30317744201606e-05	0.945852290390262	0.013	0.007	1	RBM38	c23
0.000451807738285308	0.944943096996568	0.01	0.005	1	AASDHPPT	c23
0.000197854752395249	-0.944329117033659	0.015	0.026	1	CLIC3	c23
0.000151765849183667	-0.944092134054237	0.01	0.02	1	ATP2B1	c23
0.000479369813410682	0.943612811018598	0.01	0.005	1	CDKN2AIP	c23
0.00202870162333668	-0.933489073003034	0.006	0.013	1	PLSCR1	c23
0.000367835552322651	0.93216062619625	0.011	0.006	1	PSMD5-AS1	c23
0.000180495777934639	0.930230599097851	0.012	0.006	1	HIST2H2BC	c23
0.00521463815616049	-0.92783115367988	0.005	0.01	1	SNRPE	c23
0.00347551080801894	-0.921275093234238	0.006	0.011	1	SORL1	c23
0.000748581205230282	0.92059251704976	0.01	0.005	1	MPZL3	c23
0.000232774909691948	0.915744955097753	0.012	0.006	1	ARL16	c23
0.000650934802690405	0.907836581693068	0.011	0.006	1	CLK3	c23
0.000740177460915043	-0.90549173093885	0.01	0.019	1	PPA1	c23
0.00147499547328099	0.892323582321744	0.01	0.005	1	DIABLO	c23
6.31761891667442e-05	-0.879218945283672	0.027	0.042	1	TUBB	c23
0.00031083184080571	0.870942515552791	0.012	0.007	1	MED29	c23
0.00189260682239715	0.87058765267045	0.01	0.005	1	MAFF	c23
5.31259484643427e-05	0.86657698079191	0.015	0.008	1	PTGDR	c23
0.0718685863425804	-0.865584598038378	0.01	0.013	1	MT1E	c23
0.00163283336161306	0.858420020218209	0.01	0.006	1	HCP5	c23
7.30793093448446e-05	-0.855252679477339	0.013	0.024	1	SMAP2	c23
0.000550673836228751	0.848754897091927	0.012	0.007	1	UBL3	c23
7.23884431630193e-05	0.848198673186242	0.016	0.009	1	SLFN5	c23
0.00611025391521683	-0.843921420929482	0.006	0.011	1	PRKCB	c23
0.000490463235710606	-0.835779990822171	0.011	0.019	1	AGTRAP	c23
0.000573603569355279	0.833724737736925	0.013	0.007	1	ATG101	c23
0.0112864897023249	-0.830888856777132	0.006	0.011	1	ICAM1	c23
0.00209650135538363	0.82474565921575	0.011	0.006	1	PAF1	c23
0.00128676778500614	-0.820808431184616	0.008	0.015	1	ERGIC3	c23
0.00345773345224534	0.818939083797249	0.01	0.006	1	BBC3	c23
6.11894089561284e-05	0.81314672433609	0.017	0.01	1	NUCB2	c23
0.000575620398626541	0.811943916481232	0.013	0.008	1	COA1	c23
0.000149561577073917	-0.811061271075505	0.016	0.027	1	MIR4435-1HG	c23
0.00286788537672646	0.810831301185384	0.012	0.007	1	MID1IP1	c23
0.00103683159171685	-0.810430676598696	0.009	0.017	1	NINJ1	c23
0.0013119693984105	0.80713876246541	0.012	0.007	1	RBM42	c23
0.00421690172512539	-0.807002631659585	0.006	0.012	1	JARID2	c23
8.38594521345739e-05	0.805915437184431	0.017	0.01	1	NAA50	c23
0.000398754594829691	0.805285345209932	0.014	0.008	1	ZNF394	c23
0.012233439050754	-0.805053259002475	0.005	0.01	1	SMARCB1	c23
0.0127713967469179	-0.802070942610457	0.005	0.01	1	SETX	c23
0.00398956506883463	0.800840521558357	0.01	0.006	1	HIST3H2A	c23
0.000187503353380285	0.799877333557149	0.016	0.009	1	SLC7A5	c23
0.0107801401883906	-0.798043327239967	0.006	0.01	1	SLIRP	c23
0.00015470736148443	0.79673539329429	0.016	0.009	1	OFD1	c23
0.000103052973971864	0.796055622604741	0.017	0.01	1	VPS37B	c23
0.00067857562101178	0.790964020992019	0.014	0.008	1	DHX36	c23
0.00164870596907421	0.790496097262841	0.012	0.007	1	CIR1	c23
0.00433333347639047	0.790229234205658	0.01	0.006	1	SAFB2	c23
0.00300668941424747	-0.779342404064535	0.009	0.016	1	NCF1C	c23
0.000117438491269848	-0.777576700188925	0.016	0.027	1	RBPJ	c23
0.000627178505160086	0.775717323288386	0.014	0.008	1	CHORDC1	c23
0.00464908825557877	0.763147227569486	0.011	0.006	1	RCAN3	c23
0.00684193779642795	0.762805936307187	0.01	0.006	1	KAT8	c23
0.000457059972119722	0.762649538123838	0.016	0.009	1	COQ10B	c23
0.000308871465422381	-0.760426368052995	0.015	0.025	1	IFI6	c23
0.000180257505642736	0.759611827485454	0.017	0.01	1	ST3GAL1	c23
0.0114767782766513	-0.755578520326567	0.006	0.011	1	PTPN1	c23
0.00492056139744401	0.755204725962673	0.011	0.006	1	FAM159A	c23
0.000374791095505885	0.753819849407194	0.016	0.009	1	DNAJC19	c23
0.00623392313966483	-0.753720996254672	0.008	0.013	1	FAM96A	c23
0.0103848804081133	-0.748635707094889	0.007	0.012	1	DBNL	c23
0.000950684988751296	-0.74804159794131	0.012	0.021	1	DSTN	c23
7.25302206894195e-05	-0.747938887606416	0.017	0.03	1	ACTR2	c23
7.86692058438241e-05	0.74472525627142	0.02	0.012	1	SRRT	c23
0.00284740129675571	-0.74153331012382	0.01	0.017	1	EIF3A	c23
0.00251318089916503	-0.741092186426487	0.01	0.017	1	RILPL2	c23
0.000240641963179667	0.738330907398277	0.018	0.011	1	GRAMD1A	c23
0.00811571798031696	0.734093914511806	0.01	0.006	1	CSF1	c23
0.000831029300928509	0.732870972632919	0.015	0.009	1	PNP	c23
0.0102259611631293	0.730634730979197	0.01	0.006	1	C12orf65	c23
0.0028774234309635	0.730352375553911	0.013	0.008	1	LOC102288414	c23
0.0180898396358442	-0.728498260314577	0.006	0.01	1	SMS	c23
0.00710850311157535	0.727190349793077	0.011	0.007	1	SUMF2	c23
0.0033749338587141	0.725234983846166	0.012	0.008	1	SLBP	c23
0.000108028452562331	-0.724147586797883	0.018	0.03	1	CAST	c23
0.000128444503528374	-0.723072953570625	0.016	0.027	1	RPS4Y1	c23
0.00105879553411476	-0.72262495336801	0.014	0.023	1	ANKRD28	c23
0.0242010640458257	-0.719608782418484	0.006	0.01	1	TRAF1	c23
0.00286977614822466	-0.712330501611288	0.011	0.018	1	STXBP2	c23
0.00327539143733814	0.710584319247331	0.013	0.008	1	PYCR2	c23
0.00378550157834591	-0.70870952268213	0.01	0.017	1	RTN4	c23
0.00939372330837225	0.708549328647716	0.01	0.006	1	MLLT6	c23
0.0013720766025274	0.707468055197203	0.015	0.009	1	CCSER2	c23
0.0043724435543316	-0.707001603513478	0.011	0.017	1	HLA-DRB3	c23
0.00700649998772765	-0.706864705943429	0.009	0.014	1	TRADD	c23
0.00630026894201511	0.706282845412043	0.022	0.016	1	PPP1R2P9	c23
0.00687160168386213	0.705164043463077	0.011	0.007	1	UBE2E3	c23
0.0245010429221469	-0.70460401855336	0.006	0.01	1	PHTF2	c23
0.00807894147887387	-0.703965747766518	0.008	0.014	1	MRPL51	c23
0.0233395314995931	0.70167786768483	0.01	0.006	1	IRAK4	c23
0.00574823759098804	0.701270127358587	0.012	0.008	1	CCT2	c23
0.00363044104410852	-0.701253576360537	0.01	0.017	1	VDAC1	c23
0.00256716232810099	0.700976246499645	0.014	0.009	1	PTPN4	c23
0.00582203025756695	0.698356571926971	0.012	0.008	1	CDK17	c23
0.00122605135771853	-0.696934400108268	0.014	0.022	1	TMEM173	c23
0.00766532147878224	-0.693247137228357	0.009	0.014	1	LSM5	c23
0.000880704543348685	-0.689025793648454	0.014	0.023	1	EIF2S3	c23
0.00402527292868368	0.686807785006147	0.013	0.008	1	TMEM109	c23
0.0147067534658634	0.686667699845688	0.01	0.006	1	ZNF638	c23
0.0231327494362453	-0.686430042604171	0.006	0.01	1	XRN2	c23
0.0109105332460327	0.685264486025372	0.011	0.007	1	NSUN6	c23
0.00300617667592263	-0.684402768299648	0.011	0.019	1	CLTA	c23
9.66307345831737e-05	0.6829838086143	0.023	0.015	1	SF3A2	c23
0.000679326909356357	0.68111343023855	0.018	0.012	1	LOC101927902	c23
0.0105773082952591	0.679926751964055	0.011	0.007	1	NUTM2A-AS1	c23
0.000271499006456715	0.67962895135594	0.02	0.013	1	MAP1LC3B2	c23
6.10294375724162e-05	0.674575723629655	0.025	0.016	1	FGFR1OP2	c23
0.00393347528509723	0.672817125580576	0.014	0.009	1	SLC4A7	c23
0.00393981300655985	0.672055731651139	0.014	0.009	1	KANSL1-AS1	c23
0.00669391329927994	-0.67149678410271	0.01	0.016	1	SNX17	c23
0.00674261638703334	0.667736764696431	0.013	0.008	1	ISCA1	c23
0.00464945205019453	0.667028914576307	0.014	0.009	1	ARHGAP25	c23
0.00611551351842193	-0.666394819148885	0.013	0.02	1	SSR3	c23
0.00636597456387098	-0.665270261417233	0.01	0.016	1	TGOLN2	c23
0.000649711328763232	-0.664721158820941	0.016	0.026	1	SEC62	c23
0.000261409527987205	-0.663604305627257	0.019	0.031	1	PRDX5	c23
0.0128714430584041	-0.659408388832778	0.008	0.013	1	OSBPL8	c23
7.65757887804254e-05	-0.659044531317385	0.025	0.039	1	CORO1B	c23
0.00874379605023433	0.656634149535418	0.012	0.008	1	METTL23	c23
0.012577274660242	0.656069493934909	0.012	0.008	1	ASXL1	c23
0.00163979688591633	0.653693438490362	0.017	0.011	1	FLOT1	c23
0.00775467419693327	0.653390393739027	0.013	0.008	1	RALGDS	c23
0.00149885303945971	0.652380704058671	0.017	0.011	1	ARAP2	c23
0.0134623044341891	0.64858051509671	0.011	0.007	1	TBC1D10A	c23
0.0121693603541506	-0.648472911151623	0.009	0.014	1	SUPT4H1	c23
0.00162376425894808	0.647795517322256	0.017	0.011	1	SYNE1	c23
0.00472138161213683	-0.647755865887912	0.011	0.017	1	CEBPD	c23
0.000606371646428636	0.644946520628971	0.02	0.013	1	ILF3-AS1	c23
0.015550979143915	0.644913162361263	0.011	0.007	1	PRPF6	c23
0.00238307569566875	0.642288769228987	0.017	0.012	1	TLE4	c23
0.0280084266828922	-0.641470563988657	0.007	0.011	1	SESN1	c23
0.000769846163011765	0.64088195788402	0.02	0.013	1	RASA2	c23
0.000355908719545678	0.639851653506208	0.02	0.013	1	HLA-J	c23
0.0205817368313327	-0.638835896651744	0.008	0.012	1	IVNS1ABP	c23
0.00254296684633866	0.638146287662125	0.017	0.011	1	AZIN1	c23
0.0308204161415218	-0.637532916518857	0.006	0.01	1	CARHSP1	c23
0.0163478877226411	-0.637149999373028	0.008	0.013	1	DGKA	c23
0.000303093379572755	0.636247604970555	0.023	0.015	1	CHST12	c23
0.0226685453114118	0.633701680906453	0.01	0.007	1	HBP1	c23
0.00243297879620859	-0.633442792570915	0.014	0.022	1	ATP5C1	c23
0.000110121446081801	-0.631912687858734	0.023	0.037	1	SH3BGRL	c23
0.0166267038855929	0.629875916158841	0.011	0.007	1	KLF12	c23
0.0170173157335116	0.629732085338634	0.011	0.007	1	DAZAP1	c23
0.0203084383247007	0.629579553166654	0.01	0.007	1	EGR2	c23
0.015059415247934	0.627161531461804	0.012	0.008	1	ATP8A1	c23
0.00491082821077022	0.625304832778407	0.015	0.01	1	CENPC	c23
0.000751015771642796	0.624733773142343	0.024	0.016	1	GCC2	c23
0.0177428710704567	0.624019230006558	0.011	0.007	1	GRAP2	c23
0.0193946135894153	0.623704102860481	0.011	0.007	1	CD84	c23
0.0129028078377958	-0.621085657374378	0.01	0.015	1	LENG8	c23
0.0160697036716496	0.620532792995901	0.012	0.008	1	EIF4EBP1	c23
0.000172957891830398	0.619936206596046	0.025	0.016	1	GCHFR	c23
0.00174414715991519	-0.616229620952943	0.017	0.027	1	STAT1	c23
0.0246128441242069	0.616159037404333	0.011	0.007	1	TMED4	c23
0.0057303823306867	-0.615780060224909	0.014	0.021	1	KLF10	c23
0.0252804198544011	0.615581150338369	0.01	0.007	1	C1orf52	c23
5.83504629157041e-05	-0.607911044870312	0.028	0.043	1	ANP32B	c23
0.000101582996578268	0.607706472373509	0.029	0.019	1	SLC38A1	c23
0.0309473334262912	-0.607553928684167	0.007	0.011	1	DPYD	c23
0.00906016293192277	0.607082981702631	0.014	0.009	1	ZFAND2B	c23
0.0351159341608577	0.606430089877718	0.01	0.006	1	SYTL2	c23
0.00442402911658372	0.605439794650032	0.017	0.011	1	CCNDBP1	c23
0.000315717268075589	-0.605132005879625	0.021	0.033	1	NDFIP1	c23
0.00148991932606068	0.604620386879647	0.02	0.013	1	PDAP1	c23
0.010039404111017	0.603951792104779	0.014	0.009	1	IPCEF1	c23
0.00102112960775034	0.603927732350583	0.021	0.014	1	HNRNPLL	c23
5.94550156881489e-05	0.60365550519284	0.031	0.02	1	TMEM2	c23
0.0249691503269729	0.602802325833399	0.011	0.007	1	TIPARP	c23
0.000168423754675705	0.602152375360232	0.025	0.016	1	PIM3	c23
0.0015070079651146	0.600286339186389	0.02	0.013	1	LINC00869	c23
0.000217925102266346	-0.60009664504646	0.024	0.037	1	COX5A	c23
0.000365722253259597	-0.598246124549934	0.022	0.034	1	NDUFB9	c23
0.0086684671982288	-0.598210826235926	0.012	0.018	1	OSTC	c23
0.00130247018673628	0.596189317368271	0.021	0.014	1	NCOR1	c23
0.0127563390831839	-0.595625284366134	0.011	0.016	1	PAG1	c23
0.00214932385480313	-0.593443714198439	0.019	0.028	1	HIF1A	c23
0.000106604643071192	0.593189247602242	0.03	0.02	1	EWSR1	c23
0.000306866313687091	0.590513483888067	0.03	0.02	1	ANXA2R	c23
8.26496440841246e-05	-0.59034131435335	0.044	0.061	1	CSTB	c23
0.00235408498218732	0.589304199057504	0.019	0.013	1	FAM173A	c23
0.00621275191234594	-0.589119105672247	0.016	0.023	1	CCR7	c23
0.00464576225285906	0.588849510267526	0.017	0.012	1	GYG1	c23
0.0159904539163121	-0.588092510784979	0.01	0.015	1	DCTN3	c23
0.0342280276332327	-0.584413851370364	0.007	0.011	1	CCT8	c23
0.0412933292661871	0.583613815789048	0.01	0.007	1	CPSF3L	c23
0.00226300356184463	-0.58336489230618	0.017	0.026	1	ATP5F1	c23
0.00294919966020109	0.583359206071131	0.02	0.014	1	TRG-AS1	c23
0.0184721267569555	-0.58023817539917	0.01	0.015	1	RAB24	c23
0.0380486632073195	-0.57927283910294	0.007	0.011	1	CPNE1	c23
0.00991829417979872	0.577674308341162	0.015	0.01	1	LOC100996740	c23
0.0228246356883959	0.574579933652933	0.012	0.008	1	BTN3A1	c23
0.0102640303792551	-0.572095002090556	0.013	0.02	1	IL6ST	c23
0.000733427412462751	-0.569843004036792	0.023	0.035	1	CD55	c23
0.0136671442919876	0.569151677510896	0.014	0.01	1	CSNK1D	c23
0.0108458538044891	0.568922168277054	0.017	0.012	1	MTFP1	c23
0.00100821750114603	-0.568631555751187	0.021	0.031	1	SEC11A	c23
0.0146904499296402	-0.567122675608913	0.011	0.017	1	SYPL1	c23
0.000150799943465212	-0.565966218720696	0.028	0.042	1	ATP5O	c23
0.00456504078068251	0.565935839243681	0.018	0.013	1	CCDC59	c23
0.000458438538991352	-0.563669546308683	0.024	0.036	1	COX7B	c23
0.0317599914046826	0.563667450347283	0.013	0.009	1	POP5	c23
0.0319818370362419	-0.563638842830328	0.008	0.013	1	CNIH1	c23
0.0583409423011143	-0.563247750798777	0.14	0.15	1	MT2A	c23
0.000912094261070252	-0.563227572540224	0.023	0.034	1	FKBP5	c23
0.00163711611900593	0.561584037206142	0.023	0.016	1	MAPK1IP1L	c23
0.000549220209935775	0.561117673846371	0.029	0.02	1	ZC3HAV1	c23
0.00309771464145956	0.560910449622963	0.02	0.014	1	WTAP	c23
0.0144797085210557	0.560227762206626	0.014	0.01	1	NDNL2	c23
0.00188550525367606	0.559132248331758	0.022	0.015	1	PNRC2	c23
0.000352949166947643	-0.557708761133819	0.03	0.044	1	RHOC	c23
0.0281644149774417	-0.557333545605122	0.009	0.014	1	GPCPD1	c23
0.0764837674005513	0.555416923958395	0.01	0.007	1	LIX1L	c23
0.0158963061254623	0.555047523100946	0.014	0.01	1	ATG12	c23
0.00529467096767746	-0.552954871956599	0.016	0.024	1	LAPTM4A	c23
0.00343152528030086	-0.552181890268195	0.014	0.022	1	RANBP1	c23
0.544692763165446	-0.551858744814446	0.081	0.083	1	SSR4	c23
0.0208665815512512	-0.551280553010365	0.01	0.015	1	CYTH1	c23
5.31870692660913e-05	0.551220166543595	0.038	0.026	1	H2AFJ	c23
0.00015671481736566	0.550278441484906	0.034	0.023	1	SSU72	c23
0.0426687909623277	-0.549707104233079	0.008	0.012	1	RAB10	c23
0.0488112369383274	-0.549649855565748	0.007	0.011	1	SNX2	c23
0.00521017971061951	-0.54882522276771	0.016	0.024	1	MRPL52	c23
0.0564590771789258	0.54770300758682	0.01	0.007	1	IST1	c23
0.0511628941000043	-0.547587389108855	0.007	0.011	1	HNRNPD	c23
0.0503720976069597	-0.546899244549713	0.007	0.011	1	SNRPC	c23
0.00138967862780274	0.546466297444019	0.027	0.019	1	MATK	c23
0.0554670694647747	-0.546374723532886	0.007	0.01	1	SHKBP1	c23
0.0154430266079794	-0.546081646336045	0.01	0.015	1	CCDC167	c23
0.00723652020461943	0.541964905209078	0.014	0.009	1	RGS16	c23
0.0104469758606836	0.540798567362667	0.017	0.012	1	NDUFB6	c23
0.0337143526409971	0.539577977745103	0.012	0.008	1	PARP10	c23
0.0001209252596954	0.538508102117579	0.035	0.024	1	PRPF38B	c23
0.0319367349817134	0.537840837209045	0.012	0.008	1	TARP	c23
0.0121211109895742	0.537755737017261	0.017	0.012	1	ZBTB38	c23
0.0603415657852022	-0.53696659612047	0.007	0.01	1	ACAA1	c23
0.0253595548604674	0.535239042020765	0.013	0.009	1	AMZ2	c23
0.0400188976122933	0.535239042020765	0.013	0.01	1	CNOT2	c23
0.0661712668343944	-0.535150285870633	0.006	0.01	1	DECR1	c23
0.000809278674371375	0.533694813839196	0.027	0.019	1	ATP1A1	c23
0.0517543911227842	0.532710215710027	0.012	0.009	1	PHF5A	c23
0.0263997230870807	-0.531553661905324	0.011	0.016	1	ATOX1	c23
0.00105450276352451	0.531237111463269	0.026	0.018	1	SUPT3H	c23
0.00796031884063148	-0.530106745772934	0.015	0.022	1	LAMTOR1	c23
0.0114112051179659	0.529805155970137	0.017	0.012	1	WBP2	c23
0.00831287590465363	-0.529733202599408	0.015	0.022	1	RPL19P12	c23
0.00779684945078891	0.529722037053199	0.019	0.013	1	PPP3CC	c23
0.0336138640484379	0.529550734835382	0.014	0.01	1	INPP4B	c23
0.0145992530186868	0.528600400124853	0.017	0.012	1	PDCL3	c23
6.65645229409453e-05	0.528404850932457	0.038	0.027	1	ARF4	c23
0.0402618527093186	0.528323773941038	0.012	0.008	1	CCM2	c23
0.0707999315322152	0.527777728540104	0.01	0.007	1	CCDC88C	c23
0.0490230485134072	0.527018535215797	0.011	0.008	1	BBX	c23
0.0739507199423317	0.526714969714227	0.01	0.007	1	ARHGEF3	c23
0.0954706889329092	-0.526297166371179	0.021	0.026	1	FKBP11	c23
0.0113037975486067	0.525770951986521	0.017	0.012	1	RNF114	c23
0.0470098240188299	0.525109356585871	0.013	0.009	1	GLS	c23
0.0518442670784325	0.523967929685745	0.011	0.008	1	LUC7L	c23
0.0163103526159811	0.523509749438658	0.016	0.011	1	TEX264	c23
0.000573731520078531	0.523229938737428	0.032	0.023	1	KLRC1	c23
0.0321229820593085	-0.522885004421385	0.01	0.014	1	ADD3	c23
0.00343658349806522	-0.521801107663194	0.025	0.035	1	PIM2	c23
0.000426864978204467	0.521660635520225	0.031	0.021	1	DNAJB9	c23
0.08645122421904	0.520517536314	0.012	0.009	1	PLK3	c23
0.0287370605170026	-0.520284425147661	0.01	0.015	1	FBL	c23
0.0701830184909787	-0.520169653185492	0.007	0.01	1	BCL2	c23
0.00133999222781455	-0.519593794393538	0.024	0.035	1	MINOS1	c23
0.000170266593402034	-0.518440217542178	0.039	0.054	1	SEC61B	c23
0.0446550869053948	0.518012627910169	0.012	0.008	1	LMF2	c23
0.0691191773533505	-0.51722837787337	0.007	0.01	1	EMC6	c23
0.0108073400889351	-0.513056515020016	0.015	0.022	1	NDUFC1	c23
0.00386507154125817	-0.512320959361032	0.02	0.029	1	MTDH	c23
0.0268274044740219	0.51210916718221	0.014	0.01	1	RGS14	c23
0.000217240179721661	-0.511759454902749	0.033	0.047	1	EIF3H	c23
0.0396428941646399	0.511707677713492	0.016	0.011	1	RNF113A	c23
0.0813040337933528	0.509816445140858	0.01	0.007	1	COQ4	c23
0.0625209346083867	0.50907546153911	0.011	0.008	1	DNAJC1	c23
0.0799453336425119	0.507717979256861	0.01	0.007	1	NEK7	c23
0.00762950284920674	0.5075826991179	0.02	0.014	1	TSC22D4	c23
0.000303504536815883	0.507564083577916	0.036	0.025	1	BZW1	c23
0.0423985665877271	0.507556685160781	0.013	0.009	1	KDM5A	c23
0.0153314593935902	-0.507257068218083	0.014	0.02	1	RSL1D1	c23
0.0862078652719141	0.506669889823995	0.01	0.007	1	C22orf39	c23
0.0102038081704651	-0.50608782026817	0.017	0.024	1	PDIA6	c23
0.0547907048950945	0.505772133080097	0.013	0.01	1	CASP8	c23
0.0754961558417692	0.504542244797848	0.01	0.007	1	ARL2BP	c23
0.0288245324582962	-0.504512115007159	0.011	0.016	1	GBP2	c23
0.013690288386598	-0.503769338364644	0.015	0.021	1	C7orf73	c23
0.0698096486833959	-0.503580206869763	0.007	0.01	1	USP3	c23
0.0249197253292281	-0.502235663397898	0.012	0.017	1	CISH	c23
0.00256805908186877	0.501962887146467	0.026	0.019	1	ARID4B	c23
0.0680844104064509	0.501119663702747	0.012	0.009	1	MIB2	c23
0.021859699664768	0.500972211692647	0.016	0.011	1	VKORC1	c23
0.0898609777379284	0.500397292808464	0.01	0.007	1	METAP2	c23
0.0408200694947907	-0.499950386441535	0.007	0.011	1	GADD45G	c23
6.06307299817914e-05	-0.499907991018711	0.04	0.057	1	NDUFA11	c23
0.00553037861301523	-0.499390522753033	0.019	0.027	1	TCEA1	c23
0.0055702236957981	0.498378402191431	0.025	0.018	1	BTG3	c23
0.0464146334482139	-0.497550893096904	0.009	0.013	1	MIDN	c23
0.0200311795222796	-0.497538612698699	0.014	0.02	1	NCF1	c23
0.000201515833481383	-0.497032271920671	0.073	0.092	1	HMGN2	c23
0.0695795164419032	0.496169477342172	0.011	0.008	1	NFKB2	c23
0.000535781503020802	0.495863594792339	0.033	0.024	1	G3BP2	c23
0.000969253949702943	0.495710677834127	0.031	0.022	1	ELOVL5	c23
0.14882682189675	0.495487884992841	0.011	0.008	1	CCDC124	c23
0.0356858793414029	-0.494567780462198	0.011	0.015	1	MGAT1	c23
0.0755159609144834	0.494057429673145	0.011	0.008	1	LUC7L2	c23
0.0130693572250008	-0.49352654220584	0.016	0.022	1	TGFB1	c23
0.00166883210956075	-0.492910965768383	0.024	0.035	1	NOP10	c23
0.0541688017476872	-0.492398512732455	0.009	0.012	1	FDFT1	c23
0.096694453301857	0.49207602941672	0.01	0.007	1	OVCA2	c23
0.000735841115011933	-0.489613763461743	0.031	0.043	1	ARF5	c23
0.0288739408027569	0.488923849108225	0.015	0.011	1	SRSF8	c23
0.0419949058755441	-0.487335594180704	0.01	0.014	1	ATP6AP2	c23
0.0867094346306173	0.48696409976834	0.01	0.008	1	GPR108	c23
7.52629419927196e-05	-0.486747771418608	0.04	0.056	1	NDUFB2	c23
0.0144385798196111	0.486093992636426	0.019	0.014	1	EPS15	c23
0.0167438723812152	-0.485626380487542	0.015	0.021	1	PSMA1	c23
0.119953904758954	-0.485423094202615	0.035	0.04	1	IER3	c23
0.0218536810938398	0.485350166228406	0.016	0.011	1	GLUD1	c23
0.00702598639781702	0.485276429546941	0.023	0.016	1	PRKACB	c23
0.00573992223330245	0.48519835952117	0.027	0.02	1	MDH2	c23
0.000873388475653625	0.484646469747067	0.032	0.023	1	PTPN22	c23
0.00021729714881289	0.484543876015228	0.042	0.03	1	EMB	c23
0.024371533288334	-0.482682865976497	0.013	0.018	1	CAPZA2	c23
0.0919634175669202	0.48243924220559	0.01	0.007	1	NUB1	c23
0.0439067100934225	0.482035740937052	0.014	0.01	1	CARD8	c23
0.0811918065340889	0.481835111194108	0.011	0.008	1	RNF139	c23
0.00991790356700264	0.481028758211434	0.021	0.015	1	STAT4	c23
0.00377554178169764	0.478579400064421	0.026	0.019	1	RAD23A	c23
0.0482991876923707	0.478505146773144	0.013	0.01	1	RNF125	c23
0.0556170185810679	0.477114995578615	0.013	0.009	1	SPTAN1	c23
0.000484548563922205	0.475860494941834	0.039	0.028	1	EML4	c23
0.00448687198800451	0.475191658350827	0.026	0.019	1	TAF1D	c23
0.0296912798836166	0.474961030096656	0.016	0.012	1	GGNBP2	c23
0.0155592919702805	-0.474950886093864	0.019	0.026	1	MAP3K8	c23
0.000886940265996654	0.474008760085935	0.033	0.024	1	DNAJB6	c23
0.00236473966331827	-0.473922310002043	0.024	0.034	1	POMP	c23
0.0106936829189129	0.473899218122678	0.021	0.016	1	DDX18	c23
7.58500037313477e-05	-0.473734423452072	0.041	0.058	1	SPOCK2	c23
0.0294793023211595	0.473117330112967	0.016	0.012	1	TAP2	c23
0.070844100141812	-0.472434885864656	0.008	0.011	1	APEX1	c23
0.0407324841226301	0.471821322566089	0.015	0.011	1	MED30	c23
0.0704806804795518	0.47165088189711	0.012	0.009	1	B4GALT1	c23
0.00945299946295615	-0.471315694565418	0.02	0.028	1	C4orf48	c23
0.00103718228781535	-0.471209928191695	0.831	0.834	1	RNR2	c23
0.00854151833871021	0.47110870460105	0.021	0.015	1	GATA3	c23
0.000315942252760231	-0.470427088791507	0.03	0.043	1	C11orf31	c23
0.0447419757737115	0.469715469301184	0.014	0.01	1	HNRNPL	c23
0.00378522275502592	-0.467358069465273	0.024	0.034	1	WDR1	c23
0.000501323965172568	-0.466985623093749	0.035	0.049	1	HCLS1	c23
0.000727615229819926	0.466956992270524	0.038	0.027	1	SUN2	c23
0.00232282196710311	-0.466460102667311	0.02	0.03	1	PSMB3	c23
0.114956478770875	0.466377183875961	0.01	0.007	1	RFC1	c23
0.0622563224870151	-0.465905499920176	0.009	0.013	1	BNIP2	c23
0.0524041039756045	-0.465277960328752	0.01	0.014	1	EIF2S2	c23
0.0740292082551914	0.464230930057737	0.012	0.009	1	ATP2B4	c23
0.0978080765961254	-0.463997425259169	0.007	0.01	1	SFT2D1	c23
0.0413955709327084	0.463662799178925	0.015	0.011	1	OTUD6B-AS1	c23
0.117617173371899	0.462307519566914	0.01	0.007	1	SLAMF6	c23
0.113349977341113	0.461652195894102	0.01	0.007	1	TIA1	c23
0.00811625128719509	-0.460684105980818	0.02	0.029	1	CNPY3	c23
0.149763460213101	0.460461460401541	0.01	0.008	1	ZNF644	c23
0.0028032090253785	-0.460332113239783	0.028	0.039	1	BST2	c23
0.000898871587217076	0.459886108433441	0.036	0.026	1	SNHG1	c23
0.00147055682732843	0.459846631906879	0.032	0.023	1	RNF19A	c23
0.000135001454228171	0.457025625108527	0.047	0.034	1	IL10RA	c23
0.00426633699343959	0.456700643785055	0.028	0.02	1	KTN1	c23
0.0457139257356907	0.456576408735549	0.015	0.011	1	LINC00674	c23
0.0220343575456404	0.456189581467821	0.019	0.014	1	MGEA5	c23
0.00513301337107159	0.456042598960487	0.029	0.021	1	AKIRIN2	c23
0.0895953084935033	0.455935437154314	0.011	0.008	1	ERAP2	c23
0.00434418387081496	0.454646080359497	0.027	0.019	1	ARID5A	c23
0.0125723388967948	-0.454034551386177	0.018	0.026	1	EID1	c23
0.0612513089390857	-0.453698062745376	0.01	0.014	1	MTHFD2	c23
0.0119648819295822	0.453388435528901	0.022	0.016	1	ARL4A	c23
9.82525419590503e-05	0.453276131383898	0.051	0.038	1	DDX24	c23
0.0493391413959685	-0.453137073882342	0.012	0.016	1	FOSL2	c23
0.00112615043201227	0.452825458237184	0.036	0.026	1	TRIM22	c23
0.144015169682981	0.452776881828792	0.011	0.008	1	RAB9A	c23
0.0230576600249955	0.450303569074984	0.019	0.014	1	SURF4	c23
0.0923053460762529	0.449879137234218	0.011	0.008	1	ZCCHC11	c23
0.0697654459697022	-0.449758794639989	0.009	0.013	1	ACADVL	c23
0.0264743930928399	0.449530801011186	0.018	0.014	1	ACP1	c23
0.0414056542546502	-0.44904648712526	0.013	0.018	1	HM13	c23
0.0116533722264399	-0.448641292615958	0.02	0.028	1	IGFLR1	c23
0.001836123970551	0.4483309767976	0.033	0.024	1	CHD2	c23
0.0174480667895796	0.448318815036083	0.023	0.017	1	GPR171	c23
0.00342921759052142	0.447717875891565	0.031	0.023	1	CNOT6L	c23
0.0220147902556531	0.447559805015149	0.02	0.015	1	OCIAD1	c23
0.0360587327429748	-0.446613611268975	0.013	0.018	1	EIF3M	c23
0.0877096485208097	0.445568721596055	0.011	0.008	1	ATHL1	c23
0.0701179776737483	-0.44472320474269	0.009	0.013	1	RPA3	c23
0.000891216992155598	-0.444482313935503	0.037	0.05	1	GPR183	c23
0.132554729670089	0.444134773519661	0.01	0.007	1	TAZ	c23
0.0474034288703254	0.442129637629284	0.015	0.011	1	ALG13	c23
0.0534653435699353	-0.441951075071149	0.011	0.015	1	TWF2	c23
9.24157156893936e-05	-0.441750979932734	0.051	0.069	1	PSME2	c23
0.000131898595869284	-0.441538647157182	0.05	0.067	1	COX5B	c23
0.00872043889350693	0.441368923116068	0.026	0.019	1	STAT3	c23
0.000512446277390966	-0.441301985155246	0.041	0.055	1	RAP1B	c23
0.00409299280579821	-0.439426226269737	0.029	0.04	1	SDCBP	c23
0.111463831751956	0.43859794665903	0.011	0.008	1	NUDT16L1	c23
0.0546898433665079	-0.438594295997769	0.011	0.015	1	NDUFB3	c23
0.0686052948307336	0.438214587625901	0.015	0.011	1	MXD1	c23
0.0407395654273652	0.437513009558915	0.017	0.013	1	NOP58	c23
0.0404481248365503	0.437230838216445	0.016	0.012	1	SLC20A1	c23
0.0794721393765493	-0.43701596749633	0.009	0.012	1	VOPP1	c23
0.0130164627178329	-0.436300391645265	0.02	0.028	1	ZNF706	c23
0.0041856554885164	0.436196681875543	0.03	0.022	1	LOC642441	c23
0.0206755748332246	-0.435372264756426	0.017	0.024	1	GNAS	c23
0.124221269884545	0.434861637165245	0.011	0.008	1	C11orf73	c23
0.131834585838651	0.434635101082359	0.01	0.008	1	CISD2	c23
0.052576671197303	-0.434587920079874	0.017	0.022	1	UGP2	c23
0.00674216072219199	0.434482556007844	0.031	0.023	1	AIM1	c23
0.03997322665208	-0.43433739646392	0.013	0.018	1	TMEM243	c23
0.0901489386519967	0.432669308380217	0.012	0.009	1	MAZ	c23
0.116072671860569	0.432630978079037	0.013	0.01	1	DOCK10	c23
0.0752762953670503	0.431533394580144	0.017	0.013	1	CCL3L1	c23
0.111190265686287	0.431008897399765	0.011	0.009	1	PSMB7	c23
0.047498609510343	0.430753274145239	0.016	0.012	1	NCF1B	c23
8.621309056488e-05	-0.430186127183811	0.052	0.071	1	EIF3F	c23
0.11509389528299	0.4293055972717	0.011	0.009	1	BAG1	c23
0.148679344926678	0.429163746326117	0.01	0.007	1	RAB4A	c23
0.122919848563453	0.428930139874424	0.011	0.008	1	UQCRC2	c23
0.00476017598249938	-0.428626480502611	0.027	0.037	1	NSA2	c23
0.0499133544461488	-0.427286252560571	0.012	0.017	1	NCR3	c23
0.000955176548199798	-0.427177775171079	0.033	0.046	1	POLD4	c23
0.0272435602776475	-0.42675463539949	0.016	0.022	1	COX7A2L	c23
0.0128053355833038	0.425441923187172	0.025	0.019	1	CAMK4	c23
0.00185695429558195	0.424986564952044	0.039	0.03	1	SYNE2	c23
0.0597856477725753	0.423702540082646	0.015	0.011	1	KDELR2	c23
0.00206052711934469	-0.42359898968066	0.036	0.048	1	PRDM1	c23
0.103134888029199	0.423566032727908	0.012	0.009	1	APOA1BP	c23
0.121106207975413	-0.423369326782304	0.007	0.01	1	STK38	c23
0.0373192403238432	0.423359833609444	0.022	0.017	1	C7orf50	c23
0.0406007264041347	0.423128675699228	0.018	0.013	1	PHF1	c23
0.121115589692175	-0.421868863786013	0.007	0.01	1	PRDX3	c23
0.0848971732141424	0.42152443330009	0.014	0.01	1	CCT3	c23
0.040756390174288	-0.421493504075065	0.014	0.019	1	ARHGAP4	c23
0.000618443245087662	-0.421410395972766	0.043	0.057	1	NDUFA1	c23
0.000422464412433079	-0.421408555114894	0.043	0.058	1	CTSC	c23
0.0776675447995544	-0.421190723477649	0.01	0.014	1	LAMTOR2	c23
0.217120873522128	0.420955614524874	0.01	0.008	1	TIMM17B	c23
0.097458406727214	-0.419531703986237	0.009	0.012	1	TRAPPC2L	c23
0.0156138453211772	-0.419474270715627	0.021	0.028	1	TMED2	c23
0.700334486373605	-0.418393985648259	0.047	0.045	1	CCL4L2	c23
0.0514515663637197	0.414693380097313	0.017	0.013	1	VIM-AS1	c23
0.0484853448845466	-0.414666392305683	0.014	0.018	1	RPN1	c23
0.110560871474827	-0.413297914281468	0.008	0.011	1	HIGD1A	c23
0.0121239553911235	-0.413037988742282	0.018	0.026	1	P4HB	c23
0.0845093107768939	-0.41296452303652	0.007	0.01	1	C17orf89	c23
0.00011010821908828	-0.41162590838855	0.055	0.074	1	COX6C	c23
0.0203362211466546	0.41155315913144	0.023	0.018	1	POLR2K	c23
0.0274701457000733	0.41155315913144	0.023	0.017	1	TGIF1	c23
0.0181124659475051	-0.411507811191528	0.021	0.028	1	TCIRG1	c23
0.00101003562116048	-0.411067617141073	0.041	0.054	1	NDUFB1	c23
0.0276964777245149	0.41104460749972	0.021	0.016	1	MAX	c23
0.143500435212357	0.410598987406328	0.011	0.008	1	BRWD1	c23
0.19028283548712	-0.410313173956858	0.01	0.012	1	RN7SL1	c23
0.00399363112098956	-0.410139762689039	0.031	0.042	1	CSNK2B	c23
6.67373818921639e-05	0.409957731946657	0.06	0.045	1	GNG2	c23
0.00010958805031578	0.409455637301179	0.065	0.049	1	ETS1	c23
0.00595684556954767	0.408775901523389	0.034	0.026	1	UBE2B	c23
0.153333645380792	0.408706636091833	0.01	0.008	1	NR1H2	c23
0.063265791332611	-0.407761457566191	0.012	0.016	1	TLN1	c23
0.0578592024632691	0.407408258450918	0.02	0.016	1	SS18L2	c23
0.0189938355425128	0.406461962786366	0.04	0.033	1	FNBP1	c23
0.099317895024629	0.406086887703753	0.014	0.01	1	PHF3	c23
0.000206918622174362	0.405471167050435	0.056	0.042	1	ELF1	c23
0.0809592200466558	-0.405259946230573	0.011	0.014	1	LOH12CR1	c23
0.041793803908078	0.405168804002657	0.018	0.014	1	IRF3	c23
0.000697887239664971	0.404493905585677	0.043	0.032	1	GeneID:102723863	c23
0.101018016210031	-0.403659077024032	0.017	0.022	1	HIST1H1E	c23
0.125984960011265	0.403413830513346	0.012	0.009	1	ABLIM1	c23
0.0377418724342803	-0.403193134627341	0.016	0.022	1	CANX	c23
0.182275099782598	0.402601273442646	0.01	0.007	1	SETD2	c23
0.16164542007058	0.402296682490203	0.01	0.008	1	PIK3CD	c23
0.136247402237522	0.401487653131937	0.011	0.009	1	TMEM248	c23
0.00753283035979718	0.401417430199222	0.034	0.026	1	TECR	c23
0.0296927125344629	-0.400669653988206	0.018	0.024	1	RAC1	c23
0.0134977592746652	0.400589515325984	0.03	0.023	1	RBM25	c23
0.12658124310292	-0.400569899793464	0.008	0.01	1	NDUFB5	c23
0.061776665406726	0.400540681590716	0.017	0.013	1	LBR	c23
0.0218735794713801	-0.400503393164852	0.02	0.027	1	DEK	c23
0.00456720085310043	0.400325513370645	0.035	0.027	1	ARHGAP9	c23
0.224062083050993	-0.399934938715968	0.014	0.017	1	FKBP2	c23
0.0712471125077621	0.398627998992698	0.016	0.012	1	DYNC1H1	c23
0.00330799614471044	0.397986793206742	0.038	0.029	1	ARPC5L	c23
0.164584420988025	0.396411337323449	0.011	0.008	1	SF3B4	c23
0.0232963161086391	0.395479544330462	0.023	0.018	1	PDE4D	c23
0.129141436337472	0.395436402181242	0.012	0.01	1	CYB5R3	c23
0.1406278259089	-0.394789741970459	0.007	0.01	1	ZSCAN16-AS1	c23
0.111750031238726	-0.39377038188539	0.009	0.012	1	PPM1G	c23
0.175093904266636	0.393510932409105	0.01	0.008	1	USP36	c23
0.0439755629198714	-0.391965132380742	0.016	0.021	1	TUFM	c23
0.187831731701674	0.39163730222253	0.01	0.008	1	FLJ32255	c23
0.106418574808692	-0.391051271796226	0.009	0.013	1	TM9SF2	c23
0.0665294702126033	-0.391016014888371	0.01	0.014	1	ARHGAP30	c23
0.0802011887520123	-0.391001408202695	0.011	0.015	1	C8orf59	c23
0.0637465250783544	0.390736051086466	0.017	0.014	1	RABGGTB	c23
0.0890976272188991	-0.390504692876678	0.011	0.014	1	LUC7L3	c23
0.00220267731420145	-0.390068668682686	0.04	0.052	1	PPP1CA	c23
0.0866159477534575	-0.389225594432318	0.014	0.018	1	C19orf10	c23
0.000541646229341062	0.388052964873491	0.054	0.042	1	TRA2B	c23
0.169949699152894	0.38761438908629	0.011	0.008	1	CFDP1	c23
0.17641324112754	0.38761438908629	0.011	0.008	1	SERINC3	c23
0.152957471477737	0.387363834198392	0.011	0.009	1	KMT2A	c23
0.184916521123966	0.385943540939207	0.01	0.008	1	SMARCE1	c23
0.193874942399147	0.385098692592904	0.01	0.008	1	GRPEL1	c23
0.00316873378306466	0.385083781093317	0.041	0.031	1	BUB3	c23
0.0636670032149699	-0.384721460054117	0.011	0.015	1	C1QBP	c23
0.0175132404785842	-0.38415764171121	0.024	0.031	1	OSTF1	c23
0.0295046639531045	0.383235948575716	0.024	0.019	1	C9orf78	c23
0.132634319436295	0.383235948575716	0.013	0.01	1	PSMG2	c23
0.18607564529224	0.383235948575716	0.01	0.008	1	NARF	c23
0.0131964197400243	0.382282415797521	0.038	0.03	1	LYST	c23
0.191929644512539	0.381433705941729	0.01	0.008	1	TMEM106B	c23
0.166890812251376	0.381176426397421	0.013	0.011	1	WNK1	c23
0.0730462590039512	0.379356988955976	0.017	0.013	1	TMEM160	c23
0.0956216905749728	-0.378800141894128	0.011	0.015	1	SSH2	c23
0.0947977775591621	0.377570908413539	0.019	0.015	1	TSEN54	c23
0.0257876406753719	-0.376045233418814	0.022	0.029	1	HMGN3	c23
0.00750821490004032	0.375978034719213	0.037	0.029	1	GPBP1	c23
0.111875728846115	0.374924365413222	0.015	0.011	1	PSMF1	c23
0.101429104396101	-0.374518825898515	0.011	0.015	1	BIRC2	c23
0.165442110755907	0.374084250206185	0.014	0.011	1	RAB14	c23
0.000163014349182744	0.374037942660705	0.065	0.05	1	TBC1D10C	c23
0.007994678116795	0.37346439183307	0.034	0.026	1	CCT4	c23
0.00557060099282415	-0.373154814343846	0.035	0.046	1	UXT	c23
0.00347391484643039	0.372597057197057	0.042	0.032	1	OXNAD1	c23
0.125248886053613	0.372539365444211	0.014	0.011	1	SMARCA5	c23
0.0841092906339058	-0.372254263208937	0.013	0.017	1	TMED9	c23
0.061326596786501	0.371740309737886	0.019	0.015	1	PPP2R1A	c23
0.0617421806017107	-0.371558623377995	0.015	0.02	1	PSMA2	c23
0.07892530760775	0.371506655993608	0.016	0.012	1	LY9	c23
0.0622316814193787	-0.371186842667037	0.015	0.02	1	BANF1	c23
0.0774408186178445	-0.37080631669162	0.014	0.018	1	TPR	c23
0.086006378961734	-0.369382909901977	0.01	0.014	1	YPEL3	c23
0.0110972217134268	-0.368815568423639	0.028	0.036	1	RBX1	c23
0.00623457944435457	-0.368592135526718	0.035	0.045	1	CAP1	c23
0.17834126836111	0.368472595903975	0.011	0.009	1	DLGAP1-AS1	c23
0.185838359895124	0.368472595903975	0.011	0.009	1	ZFAND6	c23
0.0801715940302917	-0.368227772589844	0.013	0.017	1	LPXN	c23
0.00298890423315041	-0.368197407485248	0.042	0.054	1	ACTR3	c23
0.0403884158107713	0.368148323074855	0.025	0.02	1	PSMB8-AS1	c23
0.0110757593304439	-0.366834537289978	0.031	0.04	1	YWHAQ	c23
0.15029463258638	0.36673962867952	0.013	0.01	1	YTHDC1	c23
0.00195138502442777	0.365871500847982	0.046	0.036	1	PMAIP1	c23
0.168459968854957	0.364640266320203	0.012	0.009	1	SLC25A39	c23
0.152507100780642	-0.36453812316699	0.008	0.011	1	DIAPH1	c23
0.131290611030924	0.363244473388249	0.014	0.011	1	FAM50A	c23
0.047319352942888	0.361663927076956	0.025	0.02	1	SSBP1	c23
0.19475141738764	0.361147189266728	0.011	0.009	1	MECP2	c23
0.147085977802469	-0.360765636237621	0.009	0.011	1	ATP6V0E2	c23
0.120264772231862	-0.360011346549157	0.011	0.014	1	LSM6	c23
0.168588654777395	0.359887202843375	0.012	0.01	1	SAP30BP	c23
0.171503801250388	0.359887202843375	0.012	0.01	1	LOC283788	c23
0.199445617687131	0.359819284144547	0.011	0.008	1	MRPS31	c23
0.155640689041991	0.359504580690015	0.013	0.011	1	CSNK1A1	c23
0.000112470871411177	0.359369078473781	0.076	0.059	1	LIME1	c23
0.23384802481318	0.359236629280939	0.01	0.008	1	VPS51	c23
0.097269463002686	-0.359046709499196	0.013	0.016	1	MYO1G	c23
0.0271177321458078	0.358949259971331	0.028	0.022	1	DGCR6L	c23
0.000657632642770493	-0.358839824963272	0.061	0.078	1	COX8A	c23
0.0234104406715434	-0.358518182432337	0.025	0.032	1	ATP5J	c23
0.0319043611860912	0.357083660719747	0.027	0.021	1	SH3KBP1	c23
0.0197452767658438	-0.357033501977334	0.027	0.035	1	ARRB2	c23
0.0528457270830385	-0.356932077628835	0.017	0.023	1	RCSD1	c23
0.157416147621932	0.356738146398639	0.013	0.011	1	SMG1	c23
0.0197349529081303	-0.356489321039783	0.067	0.078	1	NEAT1	c23
0.00215356877224149	-0.355259857093762	0.048	0.061	1	UQCR10	c23
0.0360062729279111	-0.354832461363567	0.022	0.028	1	NDUFA6	c23
0.174687732798959	-0.354450812834145	0.008	0.01	1	ITGB2-AS1	c23
0.153607815749407	-0.354370700940247	0.009	0.011	1	ETHE1	c23
0.154934914670104	-0.354370700940247	0.009	0.011	1	MPG	c23
0.0754680099656606	0.354187416065217	0.019	0.015	1	IMP3	c23
0.248250554908812	0.353724166459171	0.01	0.008	1	MAML2	c23
0.109663302359715	0.353003747156301	0.017	0.013	1	UTRN	c23
0.161021915985944	-0.351952927335283	0.008	0.011	1	AKR1A1	c23
0.173573902510517	0.351692166374833	0.012	0.01	1	TARSL2	c23
0.0338812367075283	0.351221141431074	0.027	0.021	1	EIF1AX	c23
0.0623078429405813	0.350849130639995	0.024	0.019	1	RPS19BP1	c23
0.211330408249563	0.350512762294192	0.011	0.009	1	FUNDC2	c23
0.190140924707261	0.350086808275685	0.012	0.01	1	HSPA4	c23
0.181655826495336	-0.348702828515658	0.007	0.01	1	ITGB1BP1	c23
0.0400339286984091	0.348514569397349	0.025	0.02	1	CD5	c23
0.00243485264742479	0.347568864418725	0.053	0.042	1	TAPBP	c23
0.0793790886444519	-0.347191361598059	0.015	0.019	1	USP15	c23
0.0233738786582912	-0.34667488805654	0.027	0.034	1	TBCA	c23
0.0673415683288613	0.346166693884344	0.023	0.019	1	MFSD10	c23
0.064849125622037	0.346119999813252	0.021	0.017	1	IK	c23
0.0047851401071886	-0.344956686922333	0.042	0.053	1	GAS5	c23
0.188250830247637	-0.344921187973231	0.007	0.01	1	ILK	c23
0.0764540749208087	0.344799766919607	0.019	0.015	1	DPM3	c23
0.205116884105495	-0.344600747675702	0.008	0.011	1	MANF	c23
0.168800988963806	-0.344079475556772	0.009	0.011	1	DNAJC4	c23
0.163866327935915	-0.343433829969406	0.009	0.011	1	OGT	c23
0.215801125367218	0.343395684043924	0.011	0.009	1	NCK1	c23
0.0769477387802414	-0.343159343074737	0.013	0.017	1	ACAP2	c23
0.000506813323534784	0.34182803036093	0.067	0.053	1	SF1	c23
0.0600492040329892	-0.340104171675455	0.019	0.025	1	AMICA1	c23
0.160801091217072	0.33961472700335	0.014	0.011	1	SMIM7	c23
5.67958711917141e-05	-0.339493017535669	0.086	0.109	1	EIF3K	c23
0.107558981375588	-0.339454253510757	0.013	0.016	1	RBBP4	c23
0.0233612104301768	-0.338727482251244	0.028	0.036	1	IQGAP1	c23
0.142432773789759	-0.338715654409844	0.011	0.014	1	YWHAH	c23
0.0426784333638819	0.338690713072272	0.026	0.021	1	CCDC109B	c23
0.197671003911378	-0.338089154490806	0.007	0.01	1	SAT2	c23
0.077002802243047	-0.337210908258723	0.017	0.022	1	PBXIP1	c23
0.00290619108061408	-0.336973671663592	0.052	0.065	1	H3F3AP4	c23
0.147323565746095	0.336722596876944	0.015	0.012	1	NRBP1	c23
0.211238894705819	0.336433441001934	0.012	0.01	1	XRN1	c23
0.251449370838841	0.336395694372743	0.013	0.01	1	NUDT22	c23
0.0155187987120601	0.336181815460023	0.036	0.029	1	SHISA5	c23
0.21240116384389	0.335678695998642	0.012	0.01	1	EMC4	c23
0.118222495028475	-0.33564870448844	0.014	0.018	1	MAF	c23
0.130220657607595	0.335382825313884	0.017	0.013	1	TIAL1	c23
0.273524171344254	0.334999762922868	0.01	0.008	1	SNW1	c23
0.154028319268769	0.334514537982319	0.015	0.012	1	RNF187	c23
0.130924112084403	0.333741844995668	0.017	0.013	1	SERINC1	c23
0.223669243608794	0.333605180851115	0.012	0.009	1	ANAPC5	c23
0.00186365030157307	0.333245970869704	0.061	0.049	1	CD97	c23
0.00597104671155464	-0.333115483080824	0.046	0.057	1	LAMTOR4	c23
0.199455955072568	-0.332752891980917	0.007	0.01	1	TIMM8B	c23
0.220547576497937	0.331158498961259	0.012	0.01	1	SDHD	c23
0.174363317609954	0.331011018814245	0.016	0.013	1	APH1A	c23
0.0113995044932511	-0.330763176484442	0.038	0.047	1	RPSAP58	c23
0.2905132164242	0.330356388972767	0.01	0.008	1	TMEM14A	c23
0.0864805964537311	-0.32920261560778	0.018	0.023	1	PRKCQ-AS1	c23
0.139693968508801	0.328873660126026	0.016	0.013	1	DNAJA2	c23
0.00111722490923807	0.32868390851623	0.067	0.054	1	MORF4L1	c23
0.0169604580800755	0.328327607473326	0.038	0.03	1	C11orf58	c23
0.00435589611825254	0.326986725631047	0.054	0.043	1	EIF4G2	c23
0.116649132229214	-0.326606070697594	0.01	0.013	1	TCF7	c23
0.0383103448201904	-0.326227209681416	0.056	0.065	1	RPS18P9	c23
0.230105272425806	0.325153516135931	0.012	0.01	1	SDHC	c23
0.0385902153588145	0.325040290148993	0.028	0.022	1	CFLAR	c23
0.102992325088108	0.324636074610844	0.018	0.014	1	LDLRAD4	c23
0.0192538392663035	0.324598761441373	0.043	0.035	1	CREM	c23
0.153683174996999	-0.323405108733693	0.013	0.016	1	VIMP	c23
0.184874711520578	-0.323223763118359	0.013	0.016	1	PTTG1	c23
0.118365697527728	0.322763751976585	0.018	0.015	1	FNBP4	c23
0.0295495286049663	0.322129861518654	0.032	0.026	1	C16orf13	c23
0.374422535801041	0.321459750989026	0.01	0.008	1	CD28	c23
0.304917832229882	0.321114236667918	0.01	0.008	1	HDAC1	c23
0.284579151186885	0.320596120289252	0.01	0.008	1	CDC26	c23
0.0928114454716933	0.31952384424804	0.021	0.017	1	PCNP	c23
0.106815269289708	0.31927288984375	0.019	0.016	1	AKAP9	c23
0.193405941785826	0.318930572831611	0.014	0.011	1	WDR33	c23
0.133193093882291	-0.31868269849129	0.013	0.016	1	NDUFA12	c23
0.0724573019435283	0.31831530982652	0.024	0.019	1	RBCK1	c23
0.0119426606159664	0.317995168226591	0.043	0.034	1	N4BP2L2	c23
0.0820579396286562	0.31795907949807	0.023	0.018	1	HMGN4	c23
0.038384733671398	-0.317095495705828	0.027	0.034	1	SHFM1	c23
0.134298109409748	-0.3169701158211	0.012	0.016	1	SSR1	c23
0.0277989058821805	-0.316731451656136	0.03	0.038	1	RPS27L	c23
0.172345339795753	-0.316201052423665	0.01	0.013	1	HADHA	c23
0.147203850194417	0.31577778298535	0.019	0.016	1	MED10	c23
0.0214646438572657	0.315692173955718	0.038	0.031	1	SP100	c23
0.0842561410968997	-0.314699580898475	0.018	0.023	1	ARPC4	c23
0.0613063119080572	-0.314617521413762	0.022	0.027	1	ANXA11	c23
0.000617991153426103	0.314161476026151	0.075	0.06	1	CCNL1	c23
0.187099770577929	0.313151985282958	0.015	0.012	1	SARS	c23
0.104943815118469	-0.312757864534185	0.016	0.02	1	CBX3	c23
0.239907888152577	0.312494357212689	0.013	0.01	1	FBXO7	c23
0.104943815118658	-0.312386753267601	0.016	0.02	1	SET	c23
0.0517447535839443	0.311357515056614	0.027	0.022	1	TTC39C	c23
0.110924445700219	-0.31093926472084	0.016	0.02	1	SYTL1	c23
0.0708739942496327	-0.310808464510488	0.021	0.026	1	CSK	c23
0.0340808708008303	-0.310777500405944	0.029	0.037	1	CD164	c23
0.000972920104624059	0.310558444089047	0.074	0.06	1	PLP2	c23
0.0801049776908706	0.310260253649274	0.022	0.018	1	PTGER2	c23
0.291939102547127	0.309104218998501	0.011	0.009	1	EHD1	c23
0.00683627358023895	0.308336433217724	0.048	0.038	1	HLA-G	c23
0.000448286692996079	0.30695628771383	0.091	0.075	1	PCBP1	c23
0.28392423246748	0.306188317649633	0.011	0.009	1	SUMO1P3	c23
0.109200594119183	0.305992949643255	0.021	0.017	1	KHDRBS1	c23
0.130781959167271	-0.305699046107632	0.014	0.017	1	ANP32A	c23
0.136281423847187	-0.305453063910951	0.014	0.018	1	CMTM7	c23
0.243803417825817	0.304913761181845	0.012	0.01	1	AFF4	c23
0.000192115783526417	-0.304515134596728	0.25	0.277	1	CRIP1	c23
0.0602961469062192	0.304304693572597	0.027	0.022	1	ZNRD1	c23
0.115093544788947	-0.303824739764178	0.01	0.014	1	PASK	c23
0.159176632125022	-0.303824739764177	0.013	0.016	1	PFKFB3	c23
0.0294691809077955	0.302836254840635	0.039	0.032	1	NDUFB10	c23
0.00703813896873892	-0.301895168201202	0.052	0.064	1	UQCRH	c23
0.161391359218928	-0.301755370476712	0.008	0.011	1	MBOAT7	c23
0.330719222156249	0.300928925223602	0.01	0.008	1	OSER1	c23
0.000427223681604692	0.300809946607303	0.087	0.071	1	VAMP2	c23
0.0474634310460356	0.300219012356568	0.034	0.028	1	REEP5	c23
0.0288046398589637	0.299171683787241	0.038	0.031	1	MATR3	c23
0.305582834311718	0.29917168378724	0.011	0.009	1	S1PR4	c23
0.067605498052549	-0.298894173111275	0.023	0.029	1	FIS1	c23
0.231088829779243	0.298538784000434	0.014	0.012	1	MTIF3	c23
0.18859067882739	-0.298182204584925	0.064	0.058	1	AREG	c23
0.124490456273688	0.297471394797402	0.021	0.017	1	STRAP	c23
0.149364701364284	-0.297033512241168	0.013	0.017	1	AP2M1	c23
0.271839358774443	0.29669919810772	0.011	0.009	1	TIFA	c23
0.0606757546917535	-0.296573759849104	0.513	0.51	1	ATP8	c23
0.00241225977061359	-0.295356065311728	0.067	0.083	1	FYB	c23
0.101269069742083	0.295342873045013	0.023	0.019	1	LAMP1	c23
0.1361034090327	-0.295236649510166	0.015	0.018	1	HP1BP3	c23
0.734066619367291	-0.295145514534224	0.074	0.075	1	HERPUD1	c23
0.0989699345505536	-0.294835956536923	0.018	0.023	1	SELT	c23
0.338371937408336	0.294642025306727	0.01	0.008	1	TMEM259	c23
0.0992248065337176	0.294139606690858	0.026	0.022	1	ATF4	c23
0.201532570699121	-0.293633209455264	0.01	0.012	1	WHSC1L1	c23
0.021101998080508	-0.29350498874553	0.04	0.049	1	C14orf2	c23
0.0148063133573364	-0.293069339455119	0.047	0.057	1	SEC61G	c23
0.304199608142317	0.292963196353769	0.011	0.009	1	IRF2	c23
0.141394612266581	0.292726960060317	0.019	0.016	1	BUD31	c23
0.173983604313303	0.292601025514779	0.02	0.017	1	RNF166	c23
0.0718813141414202	0.292382518124602	0.027	0.022	1	LSM8	c23
0.168611946294894	0.292382518124602	0.017	0.014	1	ERN1	c23
0.215796361373639	0.291329291265892	0.015	0.012	1	DHPS	c23
0.000462497283702547	-0.291326912142556	0.09	0.11	1	RPL17	c23
0.0531778200407237	0.291290477317871	0.03	0.025	1	SIGIRR	c23
0.349218127972585	0.29129047731787	0.01	0.008	1	IAH1	c23
0.0224897380015049	-0.290553577972803	0.322	0.331	1	ND1	c23
0.296783951219863	0.289639229522993	0.012	0.01	1	PPP1R7	c23
0.043700877311814	-0.289243274557329	0.027	0.034	1	PNISR	c23
0.0242429478002855	-0.288277876983599	0.037	0.045	1	WDR83OS	c23
0.295426639893375	0.288178272394712	0.012	0.01	1	CCDC69	c23
0.160843611601736	0.287020633316412	0.019	0.016	1	HAX1	c23
0.352668182130073	0.286930561515863	0.01	0.008	1	PTK2B	c23
0.179483692968985	0.286695638783961	0.02	0.017	1	ATM	c23
0.371526924125161	0.286524307504038	0.01	0.008	1	DPY30	c23
0.207975247707241	0.286187058496178	0.016	0.013	1	CMTM3	c23
0.175800239418636	-0.286023453399934	0.013	0.016	1	SDF4	c23
0.211758256812226	-0.285498091957586	0.01	0.012	1	CLNS1A	c23
0.221892603720936	-0.285477901838688	0.009	0.012	1	G3BP1	c23
0.207544980847718	-0.284415380619524	0.011	0.013	1	COX16	c23
0.242404000121178	-0.284394209815275	0.008	0.01	1	TXN2	c23
0.159739563833294	-0.284061484942747	0.014	0.017	1	M6PR	c23
0.0390558399712264	0.283598140938114	0.037	0.03	1	ANKRD12	c23
0.319470827150413	0.28263200763731	0.012	0.01	1	UBE2A	c23
0.212467257080447	0.282052422143319	0.016	0.013	1	U2SURP	c23
0.130864979195492	-0.280979155861523	0.017	0.02	1	PPP1CC	c23
0.0622275950822496	0.280153389302463	0.03	0.024	1	SLC3A2	c23
0.114754025550355	0.278630905346405	0.024	0.02	1	MGAT4A	c23
0.131351707488435	0.278598862901937	0.022	0.018	1	FAM107B	c23
0.128971284340382	-0.278410408623811	0.017	0.021	1	C14orf166	c23
0.142542790135397	0.277970481878296	0.021	0.018	1	IDH2	c23
0.0264266271711779	0.277798032994674	0.044	0.036	1	SLC9A3R1	c23
0.252857991059425	-0.277364820310517	0.009	0.011	1	SRA1	c23
0.203965819647935	-0.277225626412387	0.011	0.014	1	THRAP3	c23
0.375299164219825	0.276520209374716	0.01	0.008	1	SRSF6	c23
0.0384579043257335	-0.276507786984928	0.033	0.04	1	SEPT6	c23
0.00461653705529458	-0.274619735130498	0.069	0.084	1	COX6A1	c23
0.0772749726445326	0.274529689133216	0.03	0.025	1	CHURC1	c23
0.0679387984748554	0.274055431874913	0.041	0.035	1	CCDC85B	c23
0.00412213113723785	-0.274031055590902	0.091	0.107	1	PPIB	c23
0.177838840306015	0.274017067381234	0.019	0.016	1	PTPN7	c23
0.368378752081998	0.273875389171485	0.01	0.009	1	NECAP2	c23
0.380636466471588	0.273066718698963	0.01	0.008	1	C15orf61	c23
0.422708970316406	0.272926886535418	0.012	0.01	1	PSMA3	c23
0.138941289525668	-0.272202292246196	0.017	0.021	1	PSMA6	c23
0.0515496888610062	-0.271715631722192	0.034	0.041	1	CALM3	c23
0.0289860046018953	-0.271583225409821	0.042	0.051	1	NDUFB11	c23
0.401691117935257	0.271519758395383	0.012	0.011	1	GOLPH3	c23
0.373552192158845	0.271369984708159	0.01	0.009	1	MRPS18C	c23
0.375268199945057	0.271369984708159	0.01	0.009	1	ZRSR2	c23
0.0428112036834522	0.271314358441417	0.039	0.033	1	KMT2E	c23
0.299199927054087	-0.271238595095918	0.015	0.018	1	HLA-DRB5	c23
0.00731393847311797	0.270129711277474	0.063	0.052	1	NCL	c23
0.0434488222149609	-0.269923788248321	0.029	0.036	1	PTPN6	c23
0.0564129922100372	-0.269476506542806	0.032	0.039	1	EIF5A	c23
0.255328462596982	-0.269112075787286	0.009	0.011	1	PER1	c23
0.191652582828713	-0.269096635738045	0.013	0.016	1	RHBDD2	c23
0.206407128218851	-0.268769852156847	0.012	0.015	1	MYCBP2	c23
0.000126041103645019	0.268621435310901	0.099	0.08	1	RHOB	c23
0.132156117224371	-0.268184828446923	0.018	0.022	1	NDUFS6	c23
0.159683743278009	0.267970130532066	0.02	0.017	1	LINC00116	c23
0.258023982142852	-0.267188231858261	0.009	0.011	1	TMPO	c23
0.408029556706151	0.266591029723444	0.012	0.01	1	MFNG	c23
0.0454387980820613	-0.266114203525064	0.043	0.051	1	EPC1	c23
0.20098102961878	0.265770178062326	0.019	0.016	1	SNRPA	c23
0.38358600618064	0.265742385557274	0.011	0.009	1	PCM1	c23
0.0874067010867683	-0.265635487149055	0.022	0.027	1	TMEM219	c23
0.204635931702793	-0.264991445603457	0.019	0.022	1	SNX3	c23
0.0723666899130337	-0.264961917426723	0.028	0.034	1	ANXA6	c23
0.260929874775075	0.264724671066146	0.018	0.016	1	IRF9	c23
0.225409188335966	-0.264139159314007	0.012	0.015	1	PRNP	c23
0.0045693074313032	-0.263251149939402	0.477	0.494	1	CYTB	c23
0.189714893040547	0.262957744891958	0.023	0.02	1	APBB1IP	c23
0.12672038547951	0.262716207741365	0.028	0.024	1	SIT1	c23
0.426311813729954	0.261965451682133	0.012	0.011	1	LRP10	c23
0.308616331591597	-0.26044266780462	0.008	0.01	1	LMAN1	c23
0.125861199691114	0.259668688566568	0.028	0.023	1	IFNGR1	c23
0.502509054685705	0.259308952194446	0.01	0.009	1	SSB	c23
0.315789265149204	0.259265580479473	0.012	0.01	1	STARD3NL	c23
0.0334903752422181	0.25898521760502	0.055	0.047	1	CD48	c23
0.40587012511237	0.258192545814247	0.021	0.019	1	SPRY1	c23
0.167265682282742	-0.257967519655186	0.017	0.021	1	RORA	c23
0.325840464705194	0.257890039252016	0.013	0.011	1	CDC25B	c23
0.134474467356676	0.257705066491856	0.021	0.018	1	PTMS	c23
0.0503590718190704	0.257627504327331	0.041	0.034	1	SKAP1	c23
0.00919621552518542	0.257097743796763	0.062	0.051	1	RABAC1	c23
0.39163978324134	0.256573984473207	0.011	0.009	1	PHF11	c23
0.0484391545595728	0.256175746247759	0.04	0.033	1	ZAP70	c23
0.353985028671105	0.256124030672376	0.012	0.01	1	NELL2	c23
0.359558005857585	0.255969533452172	0.012	0.01	1	B3GAT3	c23
0.263294856630854	0.255206559835074	0.016	0.014	1	MRFAP1	c23
0.363538933665384	0.254604927858802	0.023	0.02	1	ID3	c23
0.133273710735399	-0.254426646024581	0.02	0.024	1	PAK2	c23
0.128482132969023	-0.254320796798209	0.021	0.026	1	SNRPF	c23
0.241583013096196	-0.254076196208588	0.011	0.014	1	LINC01420	c23
0.0631940087699458	-0.253533659158738	0.041	0.049	1	NR3C1	c23
0.316570606170976	0.253071287828241	0.014	0.012	1	BAZ1A	c23
0.0249605459826801	0.251824514907982	0.065	0.056	1	PHLDA1	c23
0.135585028104363	0.251690362528127	0.024	0.021	1	SELM	c23
0.381071562014798	0.250236159100027	0.011	0.01	1	KIF2A	c23
0.0731662723131478	0.250189172663478	0.037	0.031	1	PRRC2C	c23
0.312364913019756	0.249313796232716	0.014	0.012	1	RTF1	c23
0.140993575419282	-0.249175455355347	0.021	0.025	1	IFI27L2	c23
0.340183041836177	0.2488585258125	0.014	0.012	1	ARIH2	c23
0.00593106847099258	0.247840087787772	0.089	0.075	1	SNHG6	c23
0.428996069712032	0.247372783207036	0.01	0.009	1	DR1	c23
0.0545227096573401	-0.247075539320314	0.039	0.046	1	C4orf3	c23
0.324138900076716	0.246925227738614	0.014	0.012	1	PPP6C	c23
0.250034261897977	0.246686588247393	0.018	0.015	1	DCK	c23
0.0124693950506314	-0.246530313750875	0.056	0.068	1	CAPZB	c23
0.374880372958566	0.24644154012189	0.012	0.01	1	SYNRG	c23
0.317103742254156	0.246315449703745	0.015	0.012	1	SEPT2	c23
0.0337503401480808	0.246246846311313	0.05	0.042	1	HNRNPC	c23
0.194000974414269	0.24611822374261	0.022	0.019	1	MPHOSPH8	c23
0.132826139635416	-0.246104016919557	0.023	0.027	1	CD47	c23
0.0956347522307449	-0.245677594086071	0.024	0.029	1	VAPA	c23
0.441485580630264	0.244886517419024	0.01	0.009	1	STAG2	c23
0.286334723349558	-0.244853800032382	0.009	0.011	1	RAB8B	c23
0.211080255815363	-0.244573871621225	0.015	0.018	1	ATP5G1	c23
0.178753700146186	-0.244531877674493	0.019	0.022	1	PHPT1	c23
0.452484512503107	0.243984762539514	0.01	0.008	1	BABAM1	c23
0.440122737251732	0.243275379030258	0.01	0.009	1	RSBN1	c23
0.137200343284791	-0.242447112664205	0.022	0.026	1	PHB2	c23
0.0504372373727893	-0.242114070632622	0.04	0.048	1	RNA45S5	c23
0.0136261976901745	0.242101043805223	0.065	0.054	1	CD27	c23
0.202441062484855	0.242048423570716	0.021	0.018	1	CHCHD10	c23
0.277194332268915	0.241199603722868	0.017	0.014	1	CGGBP1	c23
0.332916701154887	0.240860507858589	0.014	0.012	1	CMC2	c23
0.00179219805174047	0.240848778725974	0.099	0.083	1	SOD1	c23
0.0389057310490875	-0.240574362750448	0.049	0.058	1	ERP29	c23
0.204500295914417	0.240179013906842	0.021	0.018	1	IKZF3	c23
0.341783478057995	0.240122456483197	0.014	0.012	1	RPAIN	c23
0.000853322297822438	0.240111477946163	0.099	0.082	1	RGS2	c23
0.21052387379771	-0.239694402344461	0.015	0.018	1	FMNL1	c23
0.00347298660308053	0.239414701069301	0.035	0.026	1	FABP5	c23
0.11107091922999	-0.239253480873765	0.028	0.033	1	UQCRHL	c23
0.261315086918814	0.239070892352806	0.018	0.015	1	TRA2A	c23
0.307611399064838	-0.239069723815157	0.01	0.012	1	CDK5RAP3	c23
0.407202635308787	0.238660376150279	0.012	0.01	1	AP3S1	c23
0.282331898664884	-0.238485102155559	0.01	0.012	1	DNAJC15	c23
0.262751344161819	-0.238174442547092	0.012	0.014	1	GADD45GIP1	c23
0.462605946111483	0.238137054624815	0.01	0.009	1	PPP1R11	c23
0.122779750419091	0.237397277388157	0.03	0.025	1	LOC374443	c23
0.111667658733114	-0.236583747920299	0.289	0.294	1	ND2	c23
0.0532950016257551	-0.23573778941046	0.048	0.056	1	RAN	c23
0.274137549296608	0.235278067188614	0.021	0.018	1	RAD21	c23
0.257468310551785	-0.235129710412655	0.012	0.014	1	NUCB1	c23
8.55617903543083e-05	0.234977620474629	0.166	0.141	1	CIRBP	c23
0.0296570278949145	0.234467424206897	0.055	0.046	1	MYH9	c23
0.268993931273722	-0.233793800904778	0.011	0.014	1	MOB1A	c23
0.00487288087855465	-0.233086892716382	0.085	0.101	1	ATP6V0C	c23
0.407341075012857	0.233027591870788	0.012	0.01	1	CHCHD7	c23
0.131575047957557	0.232816034174422	0.03	0.026	1	PDE4B	c23
0.285340391701488	-0.232718366609068	0.011	0.013	1	TMEM134	c23
0.444468483565839	0.232676272000334	0.011	0.01	1	ETNK1	c23
0.447964237153528	0.232282469611949	0.011	0.009	1	FAM129A	c23
0.232194729482582	-0.23193466508751	0.015	0.018	1	MIEN1	c23
0.128061672924469	-0.231920544068969	0.018	0.022	1	CEBPB	c23
0.207985557632193	-0.231896031784054	0.017	0.02	1	NAA10	c23
0.201576757020105	0.231725566831901	0.026	0.023	1	AIP	c23
0.168182184331581	0.231553489656019	0.026	0.023	1	DEF6	c23
0.3431157010392	-0.230884920213538	0.01	0.012	1	SNORD3A	c23
0.20310742736511	0.230511687887011	0.023	0.02	1	ALKBH7	c23
0.0112052440681902	-0.230488127822442	0.081	0.094	1	UQCRB	c23
0.0447637606840329	0.229951029154836	0.053	0.045	1	SEPT7	c23
0.482212885937654	0.229744389648217	0.01	0.009	1	EPB41	c23
0.330057374796839	-0.228866302619327	0.011	0.013	1	LOC101929910	c23
0.127827163620854	-0.228572789305708	0.038	0.043	1	SPCS1	c23
0.268331784831272	0.228504620782677	0.018	0.016	1	MACF1	c23
0.565528134454382	-0.227730639867217	0.338	0.331	1	VIM	c23
0.198928391645736	-0.227378220959917	0.018	0.021	1	SUMO1	c23
0.422392260412442	0.227214097786436	0.012	0.011	1	NUDT21	c23
0.293730325655892	-0.226699080376902	0.014	0.016	1	KDM6B	c23
0.282542792459816	0.226415341351927	0.019	0.016	1	TMEM14B	c23
0.218503209993905	0.22626033987417	0.03	0.027	1	FAM49B	c23
0.287456743906509	-0.22624887127951	0.011	0.013	1	SLC44A2	c23
0.787242781073888	-0.225806190993469	0.498	0.488	1	ND4L	c23
0.167181605430307	0.22537448943497	0.028	0.024	1	RNPS1	c23
0.0544993456795008	0.224934831230296	0.047	0.04	1	C19orf60	c23
0.453516461751187	0.224898921408615	0.011	0.01	1	CHMP5	c23
0.160273374988859	0.224717495975668	0.018	0.015	1	NR4A3	c23
0.372203601663558	-0.224248244438176	0.016	0.018	1	INSIG1	c23
0.188128971702411	-0.223943962895481	0.02	0.023	1	PSMD8	c23
0.018278354876878	-0.223486451608673	0.118	0.132	1	COTL1	c23
0.029626261901203	0.223422263100692	0.062	0.053	1	CCND3	c23
0.277808840960595	-0.223398344395541	0.012	0.014	1	EIF4H	c23
0.178256931654064	-0.223345623260149	0.022	0.026	1	MYEOV2	c23
0.154520350064437	-0.22325668202383	0.015	0.018	1	MRPS34	c23
0.0470068874682766	-0.222969364366775	0.052	0.061	1	CDC42	c23
0.479805982342053	0.222863317279556	0.011	0.009	1	PRPF8	c23
0.323473900667645	0.222667737391655	0.014	0.012	1	DUSP5	c23
0.256609691178082	-0.22215915103024	0.014	0.017	1	RASSF5	c23
0.514901667634592	0.221455733519136	0.01	0.008	1	PQLC3	c23
0.317012328366522	-0.221428466587989	0.01	0.012	1	MEA1	c23
0.242110404464918	-0.221222727771238	0.016	0.019	1	NHP2	c23
0.622784999022233	0.220568501271692	0.01	0.009	1	MRPS15	c23
0.30813477755529	-0.220276948517221	0.011	0.013	1	ZMYM6NB	c23
0.200516957322707	-0.220169157098906	0.018	0.022	1	ATP5A1	c23
0.0345076730070167	0.219851720443131	0.073	0.063	1	C19orf43	c23
0.201821540973324	0.219434160931804	0.027	0.024	1	KRT10	c23
0.0856539573725187	-0.219388338822496	0.034	0.04	1	ICAM3	c23
0.00243680886010224	0.218827170819596	0.087	0.073	1	H2AFZ	c23
0.487480977545073	0.218176702305219	0.011	0.009	1	FLOT2	c23
0.306054391294674	-0.218041078188435	0.011	0.013	1	TPST2	c23
0.319236846202519	0.217864801960066	0.018	0.016	1	UBE2L3	c23
0.000439904330148229	0.217572456614501	0.144	0.122	1	HNRNPA2B1	c23
0.290866719759383	-0.216662383153317	0.013	0.016	1	ICAM2	c23
0.408238851819089	0.216520503609293	0.013	0.011	1	C19orf24	c23
0.319345674457142	-0.216081845122511	0.01	0.012	1	TMEM14C	c23
0.0301968176112804	-0.216067665869473	0.418	0.426	1	ND4	c23
0.37300035614002	0.215822166289453	0.015	0.013	1	TMUB1	c23
0.473499878970361	0.215327548954826	0.011	0.01	1	VDAC3	c23
0.0925668080920438	-0.215162691551136	0.037	0.044	1	EIF4B	c23
0.542368321131541	0.215120588222466	0.012	0.011	1	POLR2F	c23
0.274250691062473	0.214988901394673	0.021	0.018	1	RBL2	c23
0.480824110918505	0.214952153727459	0.014	0.012	1	POLR2I	c23
0.219478578324617	-0.214782704970887	0.014	0.017	1	UFM1	c23
0.469385685783588	0.214736535234469	0.012	0.01	1	CCT7	c23
0.187558030962208	-0.214058475357612	0.024	0.028	1	NAA38	c23
0.359541363232979	-0.213985319824597	0.008	0.01	1	CNOT7	c23
0.236912055607856	0.213310947133404	0.027	0.024	1	TRABD	c23
0.403282842538309	0.213310947133403	0.014	0.012	1	PHIP	c23
0.0181976823816486	0.212718365005628	0.078	0.067	1	STK17B	c23
0.13866854625698	-0.212676851705982	0.025	0.029	1	ERH	c23
0.0688395452799454	0.212189287135077	0.052	0.045	1	ARF6	c23
0.291228075689475	-0.212047357823161	0.021	0.024	1	DUT	c23
0.305738409582347	-0.211843296232008	0.012	0.014	1	POLE4	c23
0.127305099775648	0.21183201820749	0.038	0.033	1	CSDE1	c23
0.0116390588568085	-0.211102930872512	0.103	0.117	1	IL2RG	c23
0.21936721294614	-0.210675508872924	0.019	0.023	1	SNRPD3	c23
0.201633784606141	-0.210639607987257	0.023	0.027	1	CCDC107	c23
0.0262418129452939	0.21045695007825	0.065	0.055	1	LINC00152	c23
0.214850604234484	0.210276887043769	0.031	0.027	1	MAT2B	c23
0.312843008585331	0.210108515095059	0.018	0.016	1	NKTR	c23
0.519460966870794	0.210108515095059	0.01	0.009	1	DERL1	c23
0.282346776027252	-0.209491590898989	0.014	0.016	1	NAPA	c23
0.0686607870823136	-0.208622956411456	0.041	0.048	1	LAT	c23
0.3427504053154	-0.208536110142703	0.01	0.012	1	TAOK3	c23
0.254047816701085	-0.208124323343592	0.018	0.022	1	AAK1	c23
0.512650290612969	0.207300113054613	0.011	0.009	1	AKIRIN1	c23
0.142295918653252	-0.207294215744105	0.033	0.038	1	ITGA4	c23
0.493802600001322	0.207277999566198	0.011	0.01	1	IER3IP1	c23
0.0843444645494045	0.206825128878932	0.048	0.041	1	SEPT9	c23
0.263194182071134	-0.206063624463182	0.01	0.012	1	ZNF207	c23
0.172344618762204	-0.206057559240728	0.033	0.038	1	C12orf75	c23
0.452884838366739	0.204735052953589	0.013	0.012	1	LOC100131564	c23
0.36371946649065	0.204140361241818	0.015	0.013	1	SYAP1	c23
0.290434122926226	-0.203474214431708	0.014	0.017	1	FERMT3	c23
0.209496927632067	-0.203119787445307	0.022	0.026	1	ATP5H	c23
0.00371671445520216	-0.20306176282926	0.131	0.15	1	TAGLN2	c23
0.0879997495855517	0.202424668049595	0.047	0.04	1	NHP2L1	c23
0.00491774074453648	-0.202001325032832	0.107	0.124	1	KLRB1	c23
0.556883414689256	0.201815308295574	0.01	0.009	1	CEBPZ	c23
0.689354560608266	0.201746541402122	0.011	0.01	1	PTPRA	c23
0.326444821127604	-0.201726552145441	0.011	0.013	1	SP140	c23
0.232037395865359	-0.201105904667214	0.02	0.023	1	WAS	c23
0.272849708398652	0.199484792266387	0.023	0.021	1	AURKAIP1	c23
0.344610172219938	0.198498419918497	0.019	0.017	1	RWDD1	c23
0.51867983129277	0.198042145193517	0.011	0.009	1	THAP3	c23
0.376818571337706	0.197956700256366	0.017	0.015	1	HMOX2	c23
0.286054416929703	0.197097649574903	0.023	0.02	1	RAB11B	c23
0.000140975403055471	-0.196977276104515	0.89	0.826	1	RPS12	c23
0.683174191540311	0.196576931373602	0.01	0.009	1	BIRC6	c23
0.532949916222458	0.196437128569007	0.011	0.01	1	RBM4	c23
0.389989634387746	0.196385710255476	0.018	0.016	1	ATP5L2	c23
0.513283741277161	0.196312870781505	0.012	0.01	1	HSPB11	c23
0.370523977608898	0.195736906288838	0.021	0.019	1	NT5C	c23
0.0906006181782334	0.195691742326185	0.055	0.049	1	ARF1	c23
0.276716836475009	0.193869130522157	0.025	0.022	1	SASH3	c23
0.176148732298253	0.193737787187518	0.036	0.031	1	ARHGAP15	c23
0.0135596546033144	0.193329614306738	0.091	0.079	1	HSPB1	c23
0.0625934472728567	-0.193204001558867	0.068	0.077	1	HMGN1	c23
0.393382489595576	-0.19276782475179	0.009	0.011	1	MRPL55	c23
0.531574723940117	0.192756537851434	0.011	0.01	1	NIPBL	c23
0.531123231467338	0.192714042526289	0.011	0.01	1	CBWD5	c23
0.670651995345954	0.192668973094665	0.01	0.009	1	MAPK1	c23
0.222482481244855	-0.192599666499355	0.024	0.028	1	TBCB	c23
0.442368587433924	0.192515747557811	0.015	0.013	1	FAM195B	c23
0.155217731000088	0.192464286142732	0.043	0.038	1	SNRPG	c23
0.194720746770698	0.192002893514566	0.03	0.026	1	ITGAE	c23
7.87422197251444e-05	-0.190918599061056	0.25	0.282	1	ATP5E	c23
0.170023312968291	0.190875641178881	0.037	0.033	1	PAIP2	c23
0.469743326962037	0.19075482256723	0.014	0.013	1	ADRM1	c23
0.26316086989846	-0.189815357292897	0.019	0.023	1	RNH1	c23
0.377773024196693	-0.189262586579385	0.01	0.012	1	CNPY2	c23
0.00513529206593696	0.188576747393741	0.152	0.135	1	YWHAZ	c23
0.251593830235379	-0.188563951490132	0.022	0.026	1	ARID5B	c23
0.578499673815894	0.188498154436251	0.01	0.009	1	C18orf32	c23
0.0568484794302936	-0.188170559699139	0.064	0.073	1	AHNAK	c23
0.247362610730284	-0.187920752620411	0.023	0.026	1	PRDX2	c23
0.0726337926398732	0.187888350253496	0.054	0.047	1	SOCS3	c23
0.304881912178418	0.18737763160722	0.024	0.021	1	BCLAF1	c23
0.089944039921618	0.187366347048946	0.059	0.052	1	SON	c23
0.310269082963718	-0.187226982450326	0.016	0.018	1	RAB5C	c23
0.279266808827057	0.18694366286349	0.026	0.023	1	GLIPR2	c23
0.0114793781463019	0.186628904480898	0.126	0.112	1	MYL12B	c23
0.19518548449943	-0.184901929504082	0.03	0.034	1	TOMM6	c23
0.474313303576736	0.18423021390312	0.014	0.012	1	MRPL43	c23
0.209304686001765	-0.183876777096915	0.029	0.033	1	SERBP1	c23
0.387430037027618	-0.183507588118237	0.011	0.013	1	ADRBK1	c23
0.0160135166120165	0.183457784381557	0.11	0.097	1	PCED1B-AS1	c23
0.214874131190345	0.183340158075825	0.042	0.037	1	SF3B5	c23
0.177611547854085	-0.183323665633675	0.026	0.03	1	SLA	c23
0.136235168454096	0.182937298089884	0.046	0.041	1	GLIPR1	c23
0.260395338776352	-0.182647902896123	0.022	0.025	1	TNFAIP8	c23
0.523272837383602	0.182619622448286	0.012	0.011	1	C6orf1	c23
0.527311979985696	0.181923794407262	0.013	0.011	1	PSMA4	c23
0.273692813495504	-0.181432553258101	0.02	0.023	1	PRKAR1A	c23
0.556718754982318	0.181243698374066	0.011	0.01	1	RGL4	c23
0.398638091084741	-0.181060916202751	0.01	0.011	1	COX20	c23
0.397798759812095	0.180539328580188	0.019	0.017	1	DDX6	c23
0.500275673233438	0.180407803363618	0.014	0.012	1	TANK	c23
0.250444044450604	-0.180307568510536	0.025	0.028	1	TOMM5	c23
0.363206242799198	-0.179922181827092	0.013	0.015	1	ENY2	c23
0.351702667232013	0.179758387422376	0.022	0.02	1	RHOF	c23
0.486307228770909	0.17909523179549	0.015	0.013	1	RAB11A	c23
0.600025064339202	0.17909523179549	0.01	0.009	1	SMIM3	c23
0.43231745195385	0.179000718706859	0.017	0.015	1	CYFIP2	c23
0.369965783593721	-0.178945407896152	0.013	0.015	1	NFE2L2	c23
0.388243100497488	0.178618228967244	0.02	0.018	1	GHITM	c23
0.343519801401551	-0.178607139703847	0.017	0.019	1	SIRPG	c23
0.245191621459484	-0.177401376958451	0.02	0.023	1	C19orf70	c23
0.385063732446869	-0.17719130123316	0.011	0.013	1	TNIP1	c23
0.323630917378204	-0.176832947270034	0.017	0.02	1	MRPL54	c23
7.37687171821288e-05	-0.17662277534651	0.659	0.633	1	RPS21	c23
0.5904412512785	0.17644565338154	0.011	0.01	1	RNMT	c23
0.451446965869376	-0.176422962693827	0.072	0.075	1	PRF1	c23
0.146336258816629	-0.176403390551315	0.046	0.052	1	PARK7	c23
0.450465183789774	-0.175847920319836	0.009	0.01	1	PHYKPL	c23
0.0778520788283177	-0.175283223278738	0.06	0.069	1	SSR2	c23
0.298863581249074	-0.175273913233777	0.03	0.033	1	SPCS2	c23
0.239836932832001	0.174718688770171	0.039	0.035	1	SCAND1	c23
0.221263429918169	0.174674098526435	0.037	0.033	1	TOMM20	c23
0.273602306004434	-0.17454172281921	0.026	0.029	1	BLOC1S1	c23
0.468565448676642	0.173782582946766	0.016	0.014	1	GSDMD	c23
0.626159931856339	0.173262786493336	0.01	0.009	1	PSIP1	c23
0.504684097329297	0.172606469077714	0.018	0.017	1	ATF7IP	c23
0.251947128485719	0.17204047426154	0.033	0.03	1	SRP9	c23
0.0645203451515205	-0.170478683840637	0.075	0.084	1	GMFG	c23
0.416898850065372	0.17039830617001	0.019	0.017	1	ITGAL	c23
0.408427662418037	0.170193029318479	0.015	0.013	1	ARRDC3	c23
0.626260622829629	0.169940516652372	0.01	0.009	1	CISD3	c23
0.310951220402103	0.169624101465033	0.031	0.028	1	CD6	c23
0.856064775669418	0.169111143222868	0.013	0.013	1	SRSF9	c23
0.130643024724589	0.168937209285604	0.047	0.041	1	RNF213	c23
0.381628604110624	0.168739936469016	0.022	0.02	1	HMHA1	c23
0.342683391278401	-0.167761259387726	0.017	0.019	1	TMCO1	c23
0.427354405348297	0.16753270210164	0.02	0.019	1	RAB7A	c23
0.635039520072784	0.167453825360094	0.01	0.009	1	STARD3	c23
0.292304906060418	-0.167327425012621	0.024	0.027	1	NDUFB7	c23
0.38246159395704	-0.167321149082872	0.014	0.016	1	SUMO3	c23
0.3110619405522	0.167133880987528	0.029	0.026	1	DHRS7	c23
0.379155488743191	-0.166862932454948	0.014	0.016	1	SNRPD1	c23
0.55235704352125	0.166766440868821	0.017	0.015	1	ANKRD10	c23
0.00439193556710567	0.166751613109244	0.154	0.136	1	PSME1	c23
0.0948648075502242	0.166625879833274	0.068	0.061	1	CD3G	c23
0.216497601515806	-0.166336799997487	0.038	0.042	1	MRPS21	c23
0.623902200161266	0.166099252690763	0.011	0.01	1	VTI1B	c23
0.457916281919708	0.165948823094579	0.018	0.016	1	GPS2	c23
0.313053384723007	-0.165400619997147	0.024	0.027	1	NDUFV2	c23
0.40046105452538	-0.165330467406537	0.012	0.014	1	LSM4	c23
0.170655260859763	0.164791693765992	0.045	0.04	1	CDC37	c23
0.647135439059315	0.164304825481934	0.01	0.009	1	PQBP1	c23
0.110329781137906	0.164034723093323	0.072	0.065	1	PGK1	c23
0.288754494159022	0.163966244997168	0.036	0.033	1	PSMB1	c23
0.0707698872320519	-0.163948089479443	0.063	0.071	1	NDUFA13	c23
0.359633531317983	0.163629894994653	0.025	0.023	1	CTSA	c23
0.609201103851444	0.162905993696159	0.012	0.011	1	MMADHC	c23
0.0551142599686055	-0.16284912611869	0.162	0.175	1	MIF	c23
0.0380965387932767	-0.162791325275661	0.394	0.404	1	FXYD5	c23
0.366570397540881	-0.162732420529577	0.016	0.018	1	VDAC2	c23
0.235926229687439	-0.162167654407318	0.022	0.026	1	MZT2B	c23
0.27212771608117	-0.162073505221987	0.019	0.022	1	PA2G4	c23
0.000522440761688128	-0.161631999602152	0.462	0.479	1	RPLP2	c23
0.445105250530703	-0.161456828014214	0.01	0.011	1	COPZ1	c23
0.0959102621549748	-0.161098904918875	0.075	0.083	1	GSTK1	c23
0.435402432730978	0.160978680646167	0.02	0.018	1	C1orf86	c23
0.846486614948747	0.160642468770419	0.012	0.011	1	OSM	c23
0.401388568747569	0.160126838182855	0.022	0.02	1	ZNHIT1	c23
0.509071524040852	0.159955987967419	0.021	0.019	1	C17orf62	c23
0.119149152621567	-0.159746246028218	0.051	0.058	1	ATP6V1G1	c23
0.493212762003923	0.159689832622897	0.016	0.015	1	C20orf24	c23
0.00154729999534488	0.159642644373512	0.265	0.241	1	TXNIP	c23
0.415506636933982	-0.15908727681593	0.012	0.014	1	LSM14A	c23
0.659451386582717	0.158372453199421	0.01	0.009	1	SHARPIN	c23
0.237520671632044	-0.157270246315679	0.028	0.032	1	TMBIM4	c23
0.368738126883444	-0.157074785667651	0.009	0.01	1	SKIL	c23
0.212187756058343	-0.157052813629045	0.042	0.047	1	ATPIF1	c23
0.151222225421601	-0.156727304750254	0.05	0.057	1	ATP6V0E1	c23
0.042735359663782	-0.156178345672648	0.088	0.099	1	SUMO2	c23
0.376470430723879	0.156078579070518	0.024	0.022	1	PDCD1	c23
0.199087467175154	0.155980295476962	0.043	0.039	1	TSTD1	c23
0.403902258801205	-0.155688427087151	0.015	0.016	1	NDUFA7	c23
0.0757257063171151	0.155515069921836	0.079	0.07	1	C9orf142	c23
0.0634852889843863	0.154111882958974	0.104	0.094	1	PSMB9	c23
0.00715255469491078	-0.153786076337289	0.188	0.208	1	HNRNPA1	c23
0.436487912915664	-0.153369602520089	0.012	0.013	1	BTF3L4	c23
0.46412303535493	-0.153160001253767	0.009	0.011	1	SH3BP1	c23
0.340053415823121	0.152444832940602	0.03	0.027	1	DYNLRB1	c23
0.323883235836114	-0.152319384823595	0.026	0.029	1	DYNLT1	c23
0.0317314218079815	-0.152317112435262	0.142	0.156	1	CLIC1	c23
0.613323110618927	0.152191656986358	0.012	0.011	1	SNHG16	c23
0.144570546951633	-0.151353029630322	0.066	0.073	1	CIB1	c23
0.402443676849349	-0.151353029630322	0.022	0.024	1	IL2RB	c23
0.608535328508829	0.150732613908014	0.013	0.012	1	PPM1K	c23
0.581207699248036	0.150717969264986	0.014	0.013	1	STRA13	c23
0.56253648663103	0.150705817440008	0.015	0.014	1	UBAC2	c23
0.395831814699802	-0.150278541923672	0.017	0.019	1	TMEM256	c23
0.412934024691301	-0.150269451933654	0.014	0.016	1	XRCC5	c23
0.269063132360898	0.149990631388104	0.027	0.024	1	BCL3	c23
0.376265418566878	-0.149971398393093	0.018	0.02	1	PSMB6	c23
0.676175751129358	0.149808004827245	0.01	0.009	1	P2RY10	c23
0.512334568064885	0.149794059749015	0.018	0.016	1	POLR2G	c23
0.355380273649459	-0.149496593372883	0.021	0.024	1	EIF1B	c23
0.384845629765425	-0.149381961849174	0.019	0.021	1	CMPK1	c23
0.269909822851739	-0.148933659073478	0.183	0.188	1	ITM2B	c23
0.439739653538796	-0.148777672196482	0.012	0.014	1	C1orf43	c23
0.695247100244852	0.148530265800416	0.01	0.009	1	MRPS36	c23
0.00041285375420499	-0.148422966112258	0.354	0.383	1	RPL24	c23
0.485970290920493	-0.148018422095118	0.009	0.01	1	ANP32E	c23
0.213854001865773	0.147530308804334	0.047	0.042	1	VPS28	c23
0.647545089069153	0.147095022863483	0.012	0.011	1	PTBP1	c23
0.10756411316046	0.146088587004243	0.06	0.053	1	LINC00861	c23
0.477599601615547	-0.145776538956823	0.011	0.012	1	HSD17B11	c23
0.614300327285618	0.145613961914936	0.014	0.013	1	MPC2	c23
0.543747527464018	0.145560992736038	0.021	0.02	1	LMAN2	c23
0.41928923163032	-0.145502049867857	0.015	0.016	1	SNX6	c23
0.680831465729709	0.145190262927782	0.011	0.01	1	MRPL53	c23
0.531535672073059	0.144449088988599	0.018	0.016	1	RABGAP1L	c23
0.668670487074427	0.144449088988599	0.01	0.009	1	CD81	c23
0.307235778177376	-0.143933400974891	0.03	0.033	1	NDUFB4	c23
0.58981751158483	0.14390580333319	0.015	0.013	1	EVI2A	c23
0.37052328910727	-0.14345889696626	0.021	0.023	1	IKZF1	c23
0.23424234598672	-0.142832863091873	0.049	0.054	1	RPS20	c23
0.494057784173438	-0.142141751681823	0.009	0.011	1	TMEM147	c23
0.603254696008718	0.142109793751623	0.029	0.027	1	LOC100506248	c23
0.541510755029142	0.14209980489857	0.017	0.015	1	KDELR1	c23
0.314511668042796	-0.141961407287127	0.03	0.033	1	TRAF3IP3	c23
0.323867691429407	0.141928419638063	0.041	0.037	1	PPP1R18	c23
0.469352588035718	-0.14168741242361	0.011	0.013	1	SRSF1	c23
0.313069335707033	0.141613645407274	0.037	0.033	1	SRSF11	c23
0.486747077668881	-0.141496415529058	0.01	0.011	1	SCAMP2	c23
0.338237009217793	-0.141162110107358	0.027	0.03	1	UBE2L6	c23
0.0112561844293679	-0.140804663454388	0.275	0.294	1	EEF1D	c23
0.380520963177798	-0.14056879687534	0.02	0.023	1	RAP1A	c23
0.454935990441357	-0.139967529397483	0.014	0.015	1	H3F3A	c23
0.395761931171292	-0.139883168666477	0.022	0.025	1	MZT2A	c23
0.717692679036968	0.13972410100674	0.01	0.009	1	PDCD10	c23
0.254888489951938	-0.139689246194751	0.044	0.048	1	ROMO1	c23
0.501630459441785	-0.139250305897307	0.009	0.01	1	BPTF	c23
0.695813136557404	0.139110005291986	0.01	0.01	1	RNF126	c23
0.33891611244963	-0.138722962416272	0.027	0.03	1	ST13	c23
0.497335793742987	-0.138681219821406	0.009	0.011	1	PSMD13	c23
0.290345189804304	-0.138532725658247	0.041	0.045	1	CELF2	c23
0.211347066845559	0.138219377800683	0.046	0.041	1	WSB1	c23
0.189477181320309	0.138166645848123	0.055	0.05	1	HNRNPA1P10	c23
0.465635968818295	-0.137950641712126	0.012	0.013	1	TOMM22	c23
0.257670149777422	-0.137641439566747	0.038	0.042	1	LSM7	c23
0.294008490291941	0.1376329117497	0.044	0.04	1	LCP2	c23
0.776065515971995	0.137545127619442	0.017	0.016	1	PDCD6	c23
0.65765290717704	0.137197693576197	0.012	0.011	1	DNAJB14	c23
0.481403382937485	0.137168250720114	0.022	0.02	1	PRMT2	c23
0.504198865312608	0.135688141685417	0.021	0.019	1	ABI3	c23
0.527878356115711	0.135264417648308	0.022	0.02	1	SNHG7	c23
0.765167794075323	0.13493808599882	0.013	0.012	1	RBM17	c23
0.415934838212676	-0.133755201424395	0.02	0.022	1	SRRM2	c23
0.717242374691706	0.133376931489654	0.011	0.01	1	ANXA7	c23
0.487900989501328	-0.133310088973366	0.012	0.014	1	POLR2J	c23
0.340556072843842	0.133275744408885	0.035	0.032	1	ITK	c23
0.516850393591927	0.133082834038654	0.019	0.018	1	ZBTB20	c23
0.66019970796601	0.13257010017234	0.013	0.012	1	GRK6	c23
0.298058175503772	-0.132482439187802	0.045	0.049	1	RGS10	c23
0.599457527514104	0.132274375042497	0.017	0.016	1	SCP2	c23
0.572925311061963	0.131211302972518	0.018	0.017	1	PPIG	c23
0.170853182634213	-0.130932509127433	0.053	0.059	1	PSMA7	c23
0.509336480193639	-0.130886311594992	0.01	0.012	1	LMBRD1	c23
0.665841678105794	0.13079665798112	0.013	0.012	1	PPP1R12A	c23
0.502081399613261	-0.130653680487841	0.012	0.014	1	TRAPPC6A	c23
0.425442603591771	0.130232536176091	0.029	0.027	1	SRI	c23
0.522064188899492	-0.130086346426551	0.01	0.011	1	TOPORS-AS1	c23
0.230233373886877	0.129876287901326	0.064	0.059	1	EIF3G	c23
0.188642649391925	0.129789646693725	0.05	0.045	1	CHMP1B	c23
0.500479729549193	0.12973912976096	0.014	0.012	1	HIST1H1C	c23
0.506112311284469	0.12956271136424	0.022	0.02	1	NDUFAF3	c23
0.376209546875293	0.129187379291138	0.033	0.031	1	FAM96B	c23
0.530336419401346	-0.128947336836923	0.009	0.01	1	SUSD3	c23
0.320256618778297	-0.128462979678555	0.066	0.071	1	CKLF	c23
0.249200327624081	-0.128358592961697	0.041	0.046	1	SEPW1	c23
0.383731121688307	-0.128046320440049	0.026	0.028	1	JTB	c23
0.0976077259518823	-0.127756649695847	0.107	0.116	1	UQCR11	c23
0.417501454486052	-0.127648090324799	0.021	0.023	1	EIF3D	c23
0.873366748904921	0.127506343365154	0.01	0.01	1	UQCRC1	c23
0.703902598098773	0.126896195315929	0.012	0.011	1	PSMD7	c23
0.198328368124275	0.126225330369691	0.075	0.069	1	HNRNPK	c23
0.498294609790159	-0.125946302066673	0.012	0.013	1	ZC3H15	c23
0.000913441019149553	-0.125589079416879	0.927	0.863	1	RPL10	c23
0.507590569891582	0.125184950256177	0.019	0.017	1	MAT2A	c23
0.20253157268891	0.124269656287068	0.072	0.066	1	UBE2D3	c23
0.017634634194322	-0.123611847742244	0.235	0.253	1	RPL38	c23
0.537187863216038	-0.123380500425699	0.009	0.01	1	TES	c23
0.612611386500792	0.123033133525085	0.017	0.015	1	A1BG	c23
0.279287534215701	-0.12285615176614	0.032	0.036	1	ARGLU1	c23
0.533740396235493	-0.122654981154242	0.01	0.011	1	FAM162A	c23
0.379939536094758	0.122052338429864	0.038	0.035	1	JAK1	c23
0.545869372708733	-0.121902205222272	0.009	0.01	1	DUSP23	c23
0.425564745136444	-0.12186308924475	0.025	0.027	1	UFC1	c23
0.541908324281545	0.121637774857441	0.022	0.02	1	SNRNP70	c23
0.448598887980988	-0.121015368475332	0.02	0.022	1	UBE2N	c23
0.534545643370478	0.120682521256424	0.016	0.015	1	RAPGEF6	c23
0.619163949746805	0.120201542741922	0.017	0.016	1	CLPP	c23
0.394122957353769	0.119651000838316	0.043	0.04	1	NDUFB8	c23
0.694323529612775	0.119615200510364	0.013	0.012	1	COPS6	c23
0.366353598418182	0.119165495989397	0.038	0.035	1	PTP4A2	c23
0.510754568414346	-0.118684713658138	0.013	0.015	1	RAB2A	c23
0.715213256896467	0.118304507569324	0.012	0.011	1	SDHAF2	c23
0.721150324497648	0.117672716431183	0.012	0.012	1	MDH1	c23
0.108920512524444	-0.117482137246569	0.138	0.148	1	COMMD6	c23
0.408336460095056	-0.117353677912423	0.031	0.034	1	COX17	c23
0.503779997068432	0.117260267429799	0.032	0.03	1	FKBP8	c23
0.704908283513792	0.11712214980995	0.013	0.012	1	FLJ10038	c23
0.109240848276512	0.11672412004984	0.07	0.063	1	HOPX	c23
0.224411159339564	-0.116594756159349	0.054	0.06	1	PRR13	c23
0.457932883717796	-0.11657662777318	0.022	0.024	1	NDUFA2	c23
0.617065509164215	0.116475251283637	0.019	0.018	1	PSMA5	c23
0.0420768297899131	0.115612652013815	0.181	0.167	1	RPL27A	c23
0.548526145632164	-0.115426705751221	0.01	0.011	1	PIAS1	c23
0.229868283381308	-0.115042978487482	0.059	0.064	1	USMG5	c23
0.34784645641805	-0.11501491895211	0.042	0.045	1	MSN	c23
0.123348993506007	-0.11430074642986	0.137	0.147	1	NPM1	c23
0.781412389201579	0.114202802120478	0.01	0.01	1	SBDSP1	c23
0.733146537477811	0.113887768809719	0.012	0.012	1	TOP1	c23
0.501273272254426	-0.11341813401778	0.021	0.023	1	RPS10	c23
0.442222653686876	-0.112055267513196	0.05	0.053	1	CD247	c23
0.505962946532401	-0.112049880795249	0.016	0.018	1	POLR2E	c23
0.748090158264731	0.111981035936953	0.011	0.011	1	MMP24-AS1	c23
0.317703387193838	-0.11111786161012	0.047	0.051	1	ARL6IP4	c23
0.719185915684021	0.110848543754259	0.013	0.012	1	STK10	c23
0.784437929659019	0.110760262869835	0.011	0.01	1	TMEM9B	c23
0.0270448424014449	-0.109830940796658	0.561	0.554	1	RPL7A	c23
0.566085916275197	-0.109728129388198	0.01	0.011	1	ARL6IP6	c23
0.73830488697745	0.109146354232927	0.013	0.012	1	ARRDC1	c23
0.260316151989681	0.108782711670184	0.104	0.098	1	DAZAP2	c23
0.559470651320669	-0.108474652317932	0.012	0.013	1	EIF4EBP2	c23
0.554135020011376	-0.108067444931196	0.011	0.012	1	NDUFV1	c23
0.58156785205235	0.108056112879832	0.022	0.021	1	NAP1L4	c23
0.570215286165473	-0.107865202687802	0.009	0.01	1	ADAR	c23
0.510392176592553	-0.10757112299946	0.021	0.023	1	DCXR	c23
0.556299952191455	-0.1074658206352	0.013	0.014	1	ACTN4	c23
0.594748987002995	0.107223688743711	0.027	0.025	1	SPSB3	c23
0.398847037936	-0.106874957517342	0.04	0.043	1	TRAPPC1	c23
0.36364349172118	-0.106787892704623	0.061	0.065	1	RPL21P28	c23
0.643416349782113	0.10658527225564	0.019	0.018	1	RPN2	c23
0.503146956703105	-0.106128269811541	0.037	0.04	1	FAIM3	c23
0.786043468766925	0.105995050243648	0.01	0.01	1	HMGA1	c23
0.0602818798861072	0.1052893380486	0.193	0.18	1	CYBA	c23
0.564716658458671	-0.105218571292095	0.011	0.012	1	ORMDL1	c23
0.622968226170524	0.10520680451206	0.021	0.02	1	ATP5EP2	c23
0.702239718429498	0.104726362232672	0.017	0.016	1	TBRG1	c23
0.692267241111268	0.104259998872901	0.017	0.016	1	DOCK8	c23
0.18923455773796	-0.104242515491348	0.084	0.091	1	YWHAB	c23
0.127877697531265	0.103743608003434	0.114	0.105	1	CALM2	c23
0.550470671088329	-0.103595417119438	0.014	0.016	1	PPP2CA	c23
0.761704661686053	0.103588384391757	0.019	0.018	1	TCEB1	c23
0.167881841201326	0.10346752698212	0.108	0.101	1	CCNI	c23
0.543880150574266	-0.102620188236406	0.016	0.017	1	PSMC5	c23
0.00184159967782552	0.102501596365296	0.138	0.118	1	ALOX5AP	c23
0.560429765727361	0.102499541008463	0.026	0.025	1	MRPL57	c23
0.503746823856733	-0.102473178769752	0.024	0.026	1	TMED10	c23
0.382220100616953	0.101865483732517	0.055	0.052	1	RPS14P3	c23
0.467330833673057	-0.101839530204376	0.058	0.061	1	KRTCAP2	c23
0.56865236207983	-0.101133571811483	0.013	0.014	1	CHMP2A	c23
0.809990868880525	0.100939640581288	0.01	0.009	1	MRPL14	c23
0.610097006642863	0.10071093179183	0.028	0.027	1	SMCHD1	c23
0.819336680153202	0.100661356346277	0.011	0.01	1	NDUFA5	c23
0.552908643460976	0.100216062011801	0.03	0.028	1	GPR65	c23
0.571911428158665	0.100203173959301	0.026	0.024	1	RNF167	c23
0.407018377710542	-0.100194989356358	0.12	0.125	1	LOC101929876	c23
0.208845976098299	-0.100170967002863	0.062	0.068	1	SLC25A5	c23
0.725354167933003	0.100038503422216	0.015	0.014	1	MAGOH	c23
