p_val	avg_log2FC	pct.1	pct.2	p_val_adj	gene	seurat_clusters
0	9.51436363159074	0.024	0	0	SHD	c36
0	9.32475261373798	0.12	0	0	CLEC4C	c36
0	9.30235322878141	0.037	0	0	SMIM5	c36
0	9.21391526411383	0.079	0	0	SCT	c36
0	9.21391526411383	0.025	0	0	KRT5	c36
0	9.03149931848832	0.07	0	0	PTCRA	c36
0	8.78219902368835	0.04	0	0	MYBL2	c36
0	8.67786236387362	0.015	0	0	SCAMP5	c36
0	8.51280311760312	0.063	0	0	LAMP5	c36
0	8.42376108280983	0.241	0.001	0	LILRA4	c36
0	8.24614612344815	0.042	0	0	MAP1A	c36
0	7.91232761751064	0.019	0	0	PTPRS	c36
0	7.58001504047547	0.102	0	0	TPM2	c36
0	7.56892799232046	0.103	0.001	0	SMPD3	c36
0	7.40549009346049	0.143	0.001	0	IL3RA	c36
0	7.21843074523632	0.045	0	0	FUT7	c36
0	6.79418648184085	0.175	0.002	0	TSPAN13	c36
0	6.19524021527716	0.267	0.004	0	PLD4	c36
0	5.93948994849317	0.186	0.003	0	SERPINF1	c36
0	5.92513851830985	0.168	0.003	0	APP	c36
0	5.90613135154674	0.082	0.001	0	BCL11A	c36
0	5.66082317424519	0.119	0.006	0	PTGDS	c36
0	5.65796280643591	0.054	0.001	0	CLN8	c36
0	5.65135660965566	0.166	0.007	0	TCL1A	c36
0	5.59966315202326	0.181	0.004	0	CCDC50	c36
0	5.45250752868131	0.138	0.003	0	LOC101929219	c36
0	5.37770637832134	0.209	0.006	0	TCF4	c36
0	5.13175079212382	0.192	0.006	0	UGCG	c36
0	5.04830490923659	0.367	0.02	0	IRF7	c36
0	4.99391705224134	0.284	0.012	0	IRF8	c36
0	4.79916866009575	0.058	0.002	0	PPP1R14A	c36
0	4.78601116772924	0.164	0.007	0	PPP1R14B	c36
0	4.74784189342655	0.13	0.005	0	SPIB	c36
0	4.73500627097723	0.101	0.004	0	LILRB4	c36
0	4.6422384541429	0.096	0.004	0	CYB561A3	c36
0	4.26724299458926	0.282	0.025	0	CLIC3	c36
0	4.26553605812885	0.952	0.12	0	GZMB	c36
0	3.84418161521888	0.299	0.026	0	PLAC8	c36
0	3.82661979781501	0.145	0.011	0	HIGD1A	c36
0	3.82454308082926	0.363	0.032	0	ITM2C	c36
0	3.28648634082868	0.388	0.052	0	SEC61B	c36
0	3.16143397534112	0.209	0.023	0	NAPSB	c36
0	3.15579465449694	0.148	0.006	0	DERL3	c36
0	3.02878706663114	0.268	0.037	0	C12orf75	c36
0	2.99682389159742	0.312	0.042	0	SPCS1	c36
0	2.69609923278557	0.17	0.01	0	MZB1	c36
0	1.65549455084516	0.337	0.013	0	IGJ	c36
3.6033127230676e-301	5.35593426898626	0.044	0.001	7.48263920072218e-297	TNFRSF21	c36
9.69140937153886e-297	6.26977762523654	0.026	0	2.01251807009376e-292	ZFAT	c36
2.38386495542232e-284	3.39085268518948	0.161	0.015	4.95033396642998e-280	VIMP	c36
7.69343064608651e-267	2.17193572342841	0.472	0.117	1.59761780796633e-262	ALOX5AP	c36
1.12401933606285e-247	3.51239701062201	0.126	0.011	2.33413855326812e-243	RNASE6	c36
1.42595980399269e-243	2.6947721423837	0.158	0.017	2.96114812897122e-239	STMN1	c36
4.80905677550195e-240	3.79770213387962	0.111	0.009	9.98648730000736e-236	SOX4	c36
4.47517202237949e-239	2.59239185166891	0.278	0.049	9.29314222167325e-235	HSP90B1	c36
2.62235716602779e-234	3.09925735866934	0.249	0.041	5.4455868909733e-230	TXN	c36
3.70339694855648e-218	2.51503201671358	0.321	0.068	7.69047410337239e-214	NPC2	c36
5.8059143789804e-195	5.47855355565021	0.027	0.001	1.20565617993907e-190	P2RY14	c36
1.00826706047711e-180	3.85955714225547	0.073	0.005	2.09376737778677e-176	IRF4	c36
1.27806056648739e-169	4.27501427360269	0.051	0.003	2.65402057236771e-165	GAPT	c36
1.81628308952901e-165	4.1016700727802	0.055	0.003	3.77169346371595e-161	FAM129C	c36
5.82841730998885e-162	2.2919824308604	0.244	0.051	1.21032913859228e-157	PARK7	c36
2.67448349212516e-158	6.88936646906733	0.01	0	5.5538324197471e-154	PFKFB2	c36
2.6943409055301e-155	1.9033362248394	0.366	0.106	5.5950683244238e-151	PPIB	c36
3.89122390300642e-147	4.13150270237621	0.067	0.005	8.08051555698313e-143	RASD1	c36
2.0897485951044e-136	2.14137627161555	0.24	0.056	4.3395719325938e-132	SEC61G	c36
1.35054345865455e-132	4.93212656007968	0.032	0.001	2.80453854624203e-128	PNOC	c36
4.1685861056878e-128	1.96427869544111	0.277	0.074	8.65648590707129e-124	HERPUD1	c36
1.21462131182209e-124	2.82045995108422	0.144	0.025	2.52228261612976e-120	CXCR3	c36
4.49217029530152e-123	4.3086285542079	0.036	0.002	9.32844083522314e-119	CD2AP	c36
5.64249746233883e-118	2.0878991820941	0.224	0.055	1.17172102302928e-113	VAMP8	c36
7.28122092605394e-118	2.04289319404516	0.235	0.059	1.51201833750436e-113	PLP2	c36
1.79030058466084e-109	3.07251836315444	0.082	0.01	3.7177381941067e-105	PHB	c36
8.34828429388377e-106	1.58206235264943	0.356	0.125	1.7336047164679e-101	SRP14	c36
9.03217995973661e-102	1.83605491149802	0.245	0.069	1.8756224904389e-97	C9orf142	c36
1.94772884809027e-98	4.40639933596924	0.029	0.001	4.04465372594425e-94	CXorf21	c36
2.36399510987022e-98	3.11073507333167	0.075	0.009	4.90907224515649e-94	OFD1	c36
1.19559692983227e-96	-1.773562336455	0.273	0.589	2.4827765844897e-92	COX3	c36
1.90025323555525e-90	1.4169067142286	0.367	0.144	3.94606586895404e-86	GPX1	c36
2.31566123790966e-89	5.49565903265287	0.012	0	4.80870212664321e-85	VEGFB	c36
4.65393888541578e-88	5.47141148640619	0.012	0	9.6643694894544e-84	SUSD1	c36
2.41067004820072e-85	-1.21715744341489	0.433	0.712	5.00599742209361e-81	ND3	c36
4.12301202030108e-84	1.41515734464859	0.254	0.082	8.56184676135723e-80	SSR4	c36
2.99353478261256e-82	3.90967803909669	0.032	0.002	6.21637432957324e-78	BLNK	c36
3.07435840317523e-79	2.50752427866588	0.097	0.017	6.38421266003368e-75	OSTC	c36
2.07070686068126e-77	1.92773231050896	0.176	0.048	4.30002986689069e-73	RNASET2	c36
3.97564624535553e-76	5.33208752703189	0.011	0	8.25582699310529e-72	EGLN3	c36
4.07714699197816e-76	3.72640621583165	0.034	0.003	8.46660344354184e-72	FCHSD2	c36
1.2664621758147e-72	1.44770846269392	0.348	0.149	2.62993535429681e-68	TAGLN2	c36
2.21105447553104e-72	-1.63899098925363	0.209	0.495	4.59147572388776e-68	CYTB	c36
2.93360347739244e-72	-1.23487730743159	0.382	0.644	6.09192098115315e-68	ATP6	c36
5.22470022620435e-72	4.42236163072523	0.019	0.001	1.0849612489736e-67	CSF2RB	c36
3.16326573548989e-70	2.03898958161315	0.143	0.036	6.5688376263183e-66	CD164	c36
2.16619347240259e-69	3.89411999903797	0.022	0.001	4.49831736479122e-65	DNASE1L3	c36
2.41127419694679e-69	1.18524613870262	0.616	0.391	5.0072519973797e-65	CD74	c36
3.79512225214244e-68	2.25598048355272	0.11	0.024	7.88095086879899e-64	PLEK	c36
4.63087406830782e-68	2.8593867015865	0.059	0.008	9.61647309024801e-64	SPINT2	c36
4.70680064887882e-66	2.74900329117816	0.064	0.009	9.77414222746176e-62	NUCB2	c36
9.55832784887089e-66	1.60476374872423	0.171	0.05	1.98488236109653e-61	CTSB	c36
4.79080777548152e-64	-1.32257505402184	0.703	0.835	9.94859142656493e-60	RNR2	c36
1.59406252140957e-62	2.28826290542718	0.163	0.049	3.31023023195911e-58	GPR183	c36
1.78799326647815e-62	-0.839455313451063	0.707	0.85	3.71294681716852e-58	COX2	c36
2.12374966046088e-60	1.65385605544941	0.179	0.057	4.41017854491306e-56	ERP29	c36
1.01070388559118e-59	4.01835290978741	0.022	0.001	2.09882768881864e-55	MGST2	c36
1.6161591015958e-57	1.51624336480896	0.213	0.077	3.35611599037384e-53	UCP2	c36
2.74567783000577e-57	1.19204986970124	0.341	0.157	5.70167458178999e-53	HINT1	c36
5.08222265895193e-56	2.30345132965063	0.083	0.017	1.05537435735796e-51	MPEG1	c36
1.01370784001981e-55	2.01835290978741	0.111	0.028	2.10506570058514e-51	IGFLR1	c36
1.08412288709058e-55	2.16350913083252	0.082	0.017	2.2512895873323e-51	FKBP2	c36
1.12924445151374e-55	2.00620872293196	0.112	0.028	2.34498902801343e-51	CNPY3	c36
1.79583102510759e-55	4.28959177415756	0.016	0.001	3.72922270673843e-51	SLC15A4	c36
2.86382473358763e-55	3.27381564851275	0.035	0.004	5.94701844176807e-51	RUNX2	c36
3.13405871381444e-53	-1.35011251039418	0.25	0.489	6.50818632510707e-49	ND4L	c36
5.58731006253894e-52	2.22633822378832	0.08	0.017	1.16026080758684e-47	UBE2J1	c36
1.4269339941466e-50	2.24430367075166	0.079	0.017	2.96317113224482e-46	PTPRE	c36
4.1960503372195e-50	4.07300030571476	0.017	0.001	8.71351813027e-46	IDH3A	c36
4.27344843637134e-50	-0.824668470547396	0.679	0.806	8.87424302296872e-46	COX1	c36
4.7029016489836e-50	4.04473258069195	0.022	0.002	9.76604556427934e-46	RNVU1-19	c36
5.08977303920395e-48	1.45772591647754	0.223	0.09	1.05694226932109e-43	LOC101929531	c36
3.38313775252766e-45	1.77400582835473	0.114	0.033	7.02542385689893e-41	LAG3	c36
2.54932715349897e-43	0.856301626334063	0.44	0.25	5.29393276695597e-39	PPIA	c36
2.9720713957302e-43	-1.13990714484589	0.304	0.511	6.17180346037334e-39	ATP8	c36
7.43531981308823e-43	1.87720209439002	0.105	0.03	1.5440185123859e-38	CDK2AP2	c36
1.18606554458438e-42	1.63463675661679	0.132	0.043	2.46298370988392e-38	C11orf31	c36
1.45119496699922e-42	2.61304036281738	0.049	0.008	3.01355146847059e-38	SMIM3	c36
1.24979339684879e-40	1.68471515505117	0.121	0.038	2.5953209678962e-36	BST2	c36
2.0394267326163e-38	1.40016738225773	0.154	0.057	4.235073552951e-34	CTSC	c36
2.42052294031898e-38	4.19839299199978	0.012	0.001	5.0264579378664e-34	CERS6	c36
3.49491394986668e-38	3.6220091291401	0.018	0.002	7.25753830829314e-34	CORO1C	c36
1.29804120415471e-37	2.59444635568598	0.042	0.007	2.69551236454766e-33	ATG101	c36
2.24843536377775e-36	3.34939142311949	0.022	0.002	4.66910087642088e-32	RPS6KA4	c36
6.95812232586846e-36	2.05671370275147	0.071	0.018	1.44492368218984e-31	PTMS	c36
1.31574884874148e-35	4.09289986315246	0.012	0.001	2.73228405929656e-31	LOC102724297	c36
1.01048155214784e-33	2.19830254373537	0.055	0.012	2.09836599119021e-29	TM9SF2	c36
1.06649440702747e-33	1.33907433751165	0.153	0.06	2.21468228563324e-29	TMEM258	c36
1.12219026944136e-33	-1.439255096758	0.423	0.592	2.33034031352194e-29	RNR1	c36
3.45776753630186e-33	2.0607800557459	0.063	0.015	7.18040006588445e-29	A1BG	c36
2.39377537778331e-32	1.74314444333602	0.089	0.027	4.97091394950482e-28	ZNF706	c36
2.71535572461124e-31	2.19610249657982	0.051	0.011	5.63870769772769e-27	PPM1K	c36
7.09213252404612e-31	2.93121885580506	0.026	0.003	1.47275223994342e-26	CCDC186	c36
1.69463471262735e-30	-1.0462699871528	0.253	0.426	3.51907844424196e-26	ND4	c36
3.40706011661229e-30	-1.92827690542974	0.076	0.227	7.07510103815708e-26	IL7R	c36
3.66816227549102e-30	2.20179815334808	0.049	0.011	7.61730578128466e-26	PLA2G16	c36
3.13387373005729e-29	2.16023011218114	0.051	0.012	6.50780218783696e-25	SNORD3A	c36
9.49621446497079e-29	0.668526868876152	0.44	0.281	1.97198389579583e-24	ATP5E	c36
1.39081621517959e-28	2.07870598156971	0.056	0.014	2.88816895244194e-24	LDLRAD4	c36
1.5534753299238e-28	-5.82120209334092	0.007	0.124	3.22594687011975e-24	LYZ	c36
1.96891707748043e-28	-5.73885600857779	0.003	0.117	4.08865320309587e-24	IFI30	c36
3.58105781190269e-28	2.86639133334378	0.025	0.003	7.43642465219714e-24	MAPKAPK2	c36
3.74859328567404e-28	-1.5119621950064	0.091	0.242	7.78432881703072e-24	TXNIP	c36
6.06665165365207e-28	0.60653365117759	0.596	0.457	1.25980088239739e-23	RPLP0	c36
9.79776404406152e-28	2.56412019782443	0.032	0.006	2.03460368138981e-23	CCDC88A	c36
3.95236974673976e-27	0.816964651379367	0.312	0.179	8.20749101607978e-23	CYBA	c36
8.27158852280161e-27	1.47016789515966	0.114	0.044	1.71767807264498e-22	SYNGR2	c36
1.267905083696e-26	2.68830411059527	0.026	0.004	2.63293169680311e-22	RRBP1	c36
4.72071684902772e-26	1.75970065593008	0.067	0.02	9.80304060869096e-22	SSR3	c36
5.4327835357929e-26	1.18342610652994	0.163	0.074	1.12817182904275e-21	PRF1	c36
6.64430294287936e-26	-1.19570478774813	0.178	0.332	1.37975594911833e-21	ND1	c36
8.16737387807987e-26	0.989636010025099	0.217	0.111	1.69603685952207e-21	CHCHD2	c36
3.99636756298615e-25	1.62695365880336	0.078	0.025	8.29885688129704e-21	P4HB	c36
6.02148378005101e-25	-1.02385856425438	0.318	0.468	1.25042132176539e-20	FOS	c36
8.23916349833496e-25	0.267431888301226	0.273	0.143	1.71094469206424e-20	CST3	c36
1.95715487100016e-24	0.647458286976806	0.385	0.243	4.06422780511893e-20	MYL12A	c36
6.26612585145126e-24	1.29704057993269	0.108	0.042	1.30122369431237e-19	CAPG	c36
6.51495080283677e-24	-0.565650295173137	0.397	0.556	1.35289468371708e-19	RPL8	c36
1.56824415192584e-23	-1.16790277431363	0.152	0.295	3.2566158058892e-19	ND2	c36
1.83260136145465e-23	-6.03019766832874	0.001	0.095	3.80557998719672e-19	AIF1	c36
2.89770278329435e-23	3.62620024405113	0.011	0.001	6.01736959978904e-19	EIF2AK4	c36
2.90164164607178e-23	-0.897328381746477	0.259	0.407	6.02554904223266e-19	S100A4	c36
4.3818888320434e-23	-0.560099507008785	0.443	0.584	9.09943034862133e-19	RPL36	c36
4.55031775108421e-23	2.90127979061083	0.021	0.003	9.44918984190146e-19	C12orf45	c36
1.68204060618028e-22	0.817137732342186	0.111	0.045	3.49292552279397e-18	CXCL13	c36
7.59521433683532e-22	1.59969275917681	0.071	0.024	1.57722220918722e-17	PDIA6	c36
1.10927576854296e-21	1.73144340407846	0.057	0.017	2.30352206095631e-17	IRF2BP2	c36
1.57763609845215e-21	-1.87729182300795	0.086	0.205	3.27611912204573e-17	SAT1	c36
2.12584054263933e-21	2.10561091490202	0.038	0.009	4.41452047084482e-17	SLC7A5	c36
8.01183994412643e-21	1.2031799674842	0.106	0.044	1.66373868279729e-16	GRN	c36
9.5287078305109e-21	0.822027278766692	0.253	0.148	1.97873146808389e-16	COMMD6	c36
1.00023035634342e-20	1.96270114002576	0.044	0.012	2.07707835798275e-16	SLC20A1	c36
1.30309015890572e-20	-6.07218159504869	0.003	0.087	2.70599702398362e-16	S100A9	c36
2.84370449967881e-20	1.72711747867567	0.054	0.016	5.90523676403301e-16	MEF2C	c36
4.33377679093623e-20	1.12562158547854	0.146	0.07	8.99952088405817e-16	CKLF	c36
7.80136498316326e-20	-5.82748844062167	0.002	0.082	1.62003145240368e-15	S100A8	c36
1.08412357305712e-19	1.93874217756847	0.044	0.012	2.25129101181041e-15	DUSP5	c36
1.44911479980377e-19	2.26621014977941	0.03	0.006	3.00923179327252e-15	THEMIS2	c36
1.49586551463287e-19	1.72718267933736	0.053	0.016	3.10631432768662e-15	TMED9	c36
1.83211615923342e-19	1.8477261108826	0.046	0.013	3.80457241626411e-15	FAM96A	c36
2.13260891968228e-19	2.91045682186372	0.016	0.002	4.42857568261221e-15	PAIP1	c36
2.46820468211902e-19	0.949218137138069	0.183	0.097	5.12547384288835e-15	SUB1	c36
2.80433432692679e-19	1.19901995433302	0.12	0.055	5.82348066329617e-15	DBI	c36
4.22351016474432e-19	1.50765517269136	0.071	0.025	8.77054120810806e-15	TMED10	c36
5.39927167491655e-19	-0.928719104288896	0.151	0.278	1.12121275601317e-14	CD52	c36
8.53254583814053e-19	0.678181391267589	0.17	0.088	1.77186846874826e-14	HLA-DRB4	c36
8.5737737440169e-19	0.786009633835799	0.147	0.072	1.78042985568255e-14	LOC100996809	c36
8.61075396058111e-19	2.32913420964254	0.027	0.005	1.78810916745427e-14	KRT86	c36
1.67421223637908e-18	3.2083770805724	0.012	0.001	3.47666913006481e-14	AHCY	c36
2.33770738492685e-18	2.02044466108182	0.036	0.009	4.8544831555391e-14	MAN2B1	c36
4.60645138202717e-18	-0.396501251330124	0.809	0.832	9.56575693991761e-14	RPL39	c36
5.28265816336361e-18	0.633590594940621	0.268	0.162	1.09699679420409e-13	GABARAP	c36
7.0027431313674e-18	2.35882254831108	0.025	0.005	1.45418963865975e-13	IFI44L	c36
1.15037746932313e-17	-6.45190361743703	0	0.07	2.38887385279641e-13	FCN1	c36
1.62278539307562e-17	2.78233163042965	0.016	0.003	3.36987614726084e-13	SIDT1	c36
2.15428998572939e-17	-0.40760701685663	0.778	0.786	4.47359858436565e-13	RPL30	c36
2.54202426127649e-17	0.904858946606792	0.17	0.092	5.27876758096676e-13	RNASEK	c36
3.11015748928394e-17	0.654357566292394	0.289	0.184	6.45855304224702e-13	CD7	c36
4.41454494624245e-17	1.5608446283779	0.054	0.018	9.16724403536707e-13	C19orf10	c36
4.92584403728306e-17	-5.43294716302503	0.001	0.069	1.0229007727822e-12	SERPINA1	c36
7.13590454971145e-17	0.984883210659324	0.149	0.077	1.48184193879308e-12	COX7A2	c36
8.13059575455445e-17	0.988499661086582	0.134	0.067	1.68839951439078e-12	SLC25A5	c36
1.63249630187979e-16	1.04422601641677	0.109	0.05	3.39004182048358e-12	MS4A6A	c36
1.72946025632394e-16	-1.03781760672678	0.132	0.244	3.59139716828229e-12	ND5	c36
1.82265380219813e-16	1.05077704606344	0.122	0.059	3.78492288564464e-12	LIME1	c36
3.18545798331916e-16	1.49556591473703	0.118	0.058	6.61492204816057e-12	AREG	c36
3.56444643738098e-16	-0.368012231538812	0.585	0.681	7.40192947186534e-12	RPS15	c36
3.9267703230203e-16	1.66687307876693	0.047	0.015	8.15433125278396e-12	DCK	c36
1.11619694289568e-15	1.79323804383066	0.037	0.011	2.31789457161717e-11	MX1	c36
4.15126223895001e-15	2.27364635784829	0.023	0.005	8.6205111654036e-11	FAM105A	c36
4.30065743395431e-15	1.2813732898772	0.075	0.031	8.93074522734951e-11	TRAM1	c36
4.40101955176522e-15	-4.19667079270649	0.005	0.069	9.13915720119565e-11	LST1	c36
6.22803551328756e-15	1.12839854437385	0.096	0.045	1.29331385468929e-10	NME2	c36
6.6366342266444e-15	-2.43271415835039	0.021	0.092	1.37816346350498e-10	CTSS	c36
7.34439421755688e-15	-0.259293074700788	0.863	0.86	1.52513690321786e-10	RPL28	c36
1.05671707807314e-14	0.497848983907369	0.426	0.313	2.19437868432668e-10	SERF2	c36
1.46350273401506e-14	0.681334555780424	0.233	0.145	3.03910977745567e-10	OST4	c36
2.33129814614835e-14	0.763134837427088	0.181	0.105	4.84117373029167e-10	CALM2	c36
2.49093010779618e-14	-5.48869304331762	0.001	0.058	5.17266546184954e-10	VCAN	c36
2.61028241863667e-14	-0.404574557624078	0.701	0.704	5.42051247054091e-10	RPS3	c36
3.66856058312498e-14	1.04246935406334	0.107	0.052	7.61813290691734e-10	ATP5G3	c36
4.08548424738346e-14	1.12873446219219	0.098	0.047	8.4839165881165e-10	HSPA5	c36
4.39884412413416e-14	1.91144388392044	0.03	0.008	9.13463970817699e-10	PDIA4	c36
8.68956191692694e-14	0.936623923222001	0.147	0.082	1.80447442766905e-09	RGS2	c36
1.11157521014774e-13	2.08212002439922	0.025	0.006	2.30829708139279e-09	MIF4GD	c36
1.14141064536483e-13	1.60079826194905	0.043	0.014	2.37025334616461e-09	CD4	c36
1.68669657853997e-13	-0.989214383024057	0.096	0.189	3.5025941149961e-09	ITM2B	c36
1.95483891422897e-13	2.80844647368376	0.012	0.002	4.05941848928789e-09	PARVB	c36
2.02640254483588e-13	1.29816071828332	0.067	0.028	4.20802752460619e-09	TMED2	c36
4.53952860485399e-13	1.71143702386177	0.036	0.011	9.4267851008398e-09	APEX1	c36
5.60143121024585e-13	2.86194542831259	0.011	0.002	1.16319320511965e-08	FEZ2	c36
6.1127436235244e-13	2.06683756656627	0.024	0.006	1.26937234086108e-08	EIF5AL1	c36
6.46306647759008e-13	1.25337792941265	0.067	0.028	1.34212038473636e-08	MTDH	c36
1.57412315264609e-12	2.54309380784492	0.014	0.003	3.26882413878487e-08	SNRNP25	c36
2.08309609405128e-12	1.50930419819521	0.044	0.016	4.32575734890689e-08	NAPA	c36
2.43963851503742e-12	2.70234504907296	0.012	0.002	5.06615334032671e-08	UNC93B1	c36
2.53219558618979e-12	1.2861272599891	0.059	0.025	5.25835735428171e-08	AMICA1	c36
3.11286527412232e-12	1.78109052327806	0.031	0.009	6.46417602824242e-08	TIMM13	c36
3.51199085166073e-12	0.73261129456634	0.156	0.091	7.29300020255866e-08	HMGN2	c36
3.56325911064736e-12	-1.29318369949317	0.046	0.119	7.39946386917032e-08	ZFP36L1	c36
3.63956987331237e-12	1.36010190320149	0.052	0.021	7.55793079892048e-08	DSTN	c36
4.07089514737482e-12	0.841227519466352	0.135	0.076	8.45362086303856e-08	HMGN1	c36
4.26931532874579e-12	-1.44911375179487	0.051	0.124	8.86566021167351e-08	KLRB1	c36
4.58538734944099e-12	-0.703977963809003	0.157	0.253	9.52201536984916e-08	RPL38	c36
4.62567631393786e-12	0.65657525813461	0.219	0.142	9.60567943352336e-08	LRRC75A-AS1	c36
5.09004753385052e-12	1.17387765997601	0.048	0.018	1.0569992708794e-07	SEC11C	c36
5.96458265835491e-12	0.608652190147486	0.249	0.168	1.23860523483398e-07	ATP5L	c36
6.52802743717515e-12	0.806385526261824	0.135	0.076	1.35561017760379e-07	GUK1	c36
1.0659269371048e-11	1.65482212247555	0.033	0.01	2.21350387759183e-07	MANF	c36
1.1268634725349e-11	0.743076300433076	0.171	0.105	2.34004468706598e-07	UBL5	c36
1.27973974496913e-11	0.415949674668489	0.483	0.389	2.6575075544029e-07	ZFP36	c36
1.35368217546362e-11	2.09289986315246	0.021	0.005	2.81105640556776e-07	N4BP2L1	c36
1.60972400923201e-11	-0.730621115604441	0.144	0.235	3.34275287757119e-07	ARHGDIB	c36
1.74401217729906e-11	1.37147511988203	0.049	0.019	3.62161568737922e-07	PSMA2	c36
1.78928816031044e-11	-1.65916479626119	0.042	0.108	3.71563579370067e-07	GZMK	c36
1.90323625351474e-11	1.34551246349974	0.05	0.02	3.95226040404871e-07	SIVA1	c36
3.22436372422122e-11	2.69296925626383	0.011	0.002	6.69571370971779e-07	KIAA0226L	c36
3.49795784760105e-11	-0.746345646052103	0.145	0.233	7.26385926632834e-07	SARAF	c36
4.32870247706488e-11	0.913381007124459	0.112	0.061	8.98898356387293e-07	ATF3	c36
4.66498405714988e-11	0.440838056987332	0.346	0.253	9.68730589307744e-07	MYL6	c36
6.01086962566981e-11	-0.918609124202971	0.152	0.237	1.24821718646659e-06	IER2	c36
6.1374677493662e-11	0.72090546995881	0.161	0.098	1.27450655283339e-06	SUMO2	c36
7.37601982292993e-11	2.54541206784997	0.012	0.002	1.53170427642963e-06	HYOU1	c36
8.44770714187336e-11	2.54225172695664	0.012	0.002	1.75425086508142e-06	ST6GALNAC4	c36
8.87991058393148e-11	-0.323228198729359	0.842	0.89	1.84400223185921e-06	MALAT1	c36
9.8858127847764e-11	1.27140075877459	0.056	0.024	2.05288788288667e-06	SLC3A2	c36
9.89118310333087e-11	-0.633542969313572	0.272	0.368	2.05400308323769e-06	DUSP1	c36
1.05290333396561e-10	-0.440714311090376	0.442	0.521	2.18645906331299e-06	RPS29	c36
1.163640194496e-10	0.957060484810121	0.077	0.038	2.4164152278904e-06	XBP1	c36
1.31616615186339e-10	1.55840242941429	0.038	0.014	2.73315063095951e-06	ERN1	c36
1.47809791965612e-10	1.78677973544398	0.026	0.008	3.06941813995791e-06	LOC102724850	c36
1.55610438323873e-10	0.621251562453129	0.233	0.16	3.23140636223354e-06	DDIT4	c36
2.14888272049571e-10	0.411111309030348	0.456	0.367	4.46236985738139e-06	NACA	c36
2.16737328302069e-10	0.946356829708112	0.091	0.048	4.50076735952077e-06	ROMO1	c36
2.21051462684535e-10	-5.65053207447884	0	0.04	4.59035467410706e-06	MS4A7	c36
2.30369646756058e-10	-0.644308019993248	0.347	0.433	4.7838560845363e-06	JUN	c36
3.78162433409911e-10	-4.02503177724577	0.002	0.043	7.85292109219022e-06	BCL2A1	c36
4.16346054977448e-10	1.07149738642024	0.069	0.033	8.64584217766169e-06	SPCS2	c36
4.92275902551714e-10	2.66968843242792	0.01	0.002	1.02226013923889e-05	GNG7	c36
4.94356019645388e-10	2.15984568706229	0.016	0.004	1.02657971039561e-05	GFI1	c36
5.69104493914079e-10	1.14051452140403	0.061	0.028	1.18180239206198e-05	ANAPC11	c36
6.84767587721793e-10	0.871403804094548	0.111	0.063	1.42198837266308e-05	RPL22L1	c36
6.92877318385677e-10	1.26397543092172	0.049	0.021	1.4388290393597e-05	PSMA6	c36
7.76616258188997e-10	-0.727351845079647	0.112	0.19	1.61272132175527e-05	LAPTM5	c36
8.58816117847909e-10	-1.11359655321242	0.058	0.123	1.78341755032297e-05	FOSB	c36
9.92474656957023e-10	-1.50247552538385	0.029	0.083	2.06097287263695e-05	FYB	c36
1.00203292073515e-09	0.561431434793847	0.247	0.174	2.08082156319861e-05	MIF	c36
1.15591030523854e-09	0.379086749545854	0.644	0.61	2.40036333985835e-05	RPS8	c36
1.32076776206479e-09	-1.29879045064035	0.397	0.45	2.74270633470375e-05	FTL	c36
1.71706476581203e-09	-5.6480052167018	0	0.036	3.56565669268526e-05	S100A12	c36
1.9048539381886e-09	-0.320733194077439	0.707	0.739	3.95561968804244e-05	RPL34	c36
1.95890096354248e-09	0.763324206212213	0.124	0.074	4.06785374089231e-05	CALR	c36
2.04443090203399e-09	-0.346531216187078	0.599	0.652	4.24546521116379e-05	RPS14	c36
2.73437582528691e-09	1.24757709089584	0.049	0.021	5.6782048387908e-05	CANX	c36
2.83730002916057e-09	2.08956415058921	0.021	0.006	5.89193724055484e-05	TNFRSF9	c36
2.84991564313367e-09	1.48231155475581	0.031	0.011	5.91813482453139e-05	TGFBI	c36
3.10260341594823e-09	-1.49545784639115	0.056	0.115	6.4428662535581e-05	PSAP	c36
3.23144405690139e-09	1.59039952262328	0.029	0.01	6.71041672856142e-05	SNRPE	c36
3.72886415987891e-09	2.12327351219598	0.015	0.004	7.74335931440454e-05	SUPV3L1	c36
3.81612905026358e-09	0.734122936963283	0.133	0.082	7.92457358577734e-05	EDF1	c36
3.92670395391362e-09	1.11252223666516	0.063	0.03	8.15419343069702e-05	UBE2L6	c36
4.35877664814201e-09	1.27233406736832	0.044	0.019	9.0514355875317e-05	NHP2	c36
4.72356138084288e-09	0.834446484205281	0.111	0.065	9.80894756345833e-05	PGK1	c36
4.80575371223963e-09	0.290428375394674	0.169	0.107	9.97962815883682e-05	FCER1G	c36
4.81648023686246e-09	2.35593426898626	0.013	0.003	0.000100019028598686	GNA15	c36
4.94502808384738e-09	-5.28864308803212	0	0.034	0.000102688453189175	CD14	c36
5.14092468331135e-09	1.27520555267045	0.044	0.019	0.000106756441973643	SPRY1	c36
5.38584916276225e-09	0.872674935662763	0.102	0.058	0.000111842543713921	SOCS1	c36
5.84817850399744e-09	1.75640947406221	0.023	0.007	0.000121443274814011	CLINT1	c36
6.40566916480675e-09	0.625326277421367	0.17	0.111	0.000133020125876377	MYL12B	c36
6.55617323600667e-09	0.7768858076869	0.111	0.065	0.000136145493418914	H3F3AP4	c36
6.74881160986088e-09	0.206848102438222	0.489	0.386	0.000140145821890371	CCL5	c36
7.31948693734463e-09	1.16457788701243	0.046	0.02	0.000151996465740899	TMEM107	c36
7.52604860079797e-09	0.772527234767141	0.116	0.069	0.000156285925244171	GNG5	c36
9.02005651469373e-09	0.375354858395917	0.406	0.324	0.00018731049358413	RPL37A	c36
9.53201238967394e-09	0.886143569370224	0.083	0.045	0.000197941769283969	ARF6	c36
1.17903408624339e-08	0.691986950172225	0.086	0.047	0.000244838218349302	CD68	c36
1.40327306587545e-08	-0.453827010882301	0.414	0.498	0.000291403684859697	JUNB	c36
1.40568275477325e-08	-1.47103785508377	0.035	0.085	0.000291904080856213	EGR1	c36
1.47554901211911e-08	0.276573478165984	0.606	0.521	0.000306412507856655	PTMA	c36
1.62184814931461e-08	1.40502677850591	0.034	0.013	0.000336792986686672	KIF5B	c36
1.72552565393114e-08	2.1905965370396	0.013	0.003	0.000358322657295342	TSPAN3	c36
2.12849893823399e-08	0.948026233765517	0.072	0.038	0.000442004089513671	SNRPG	c36
2.50868668025306e-08	-3.6480052167018	0.002	0.035	0.00052095387602135	CFD	c36
2.71628948997265e-08	0.850870538794562	0.087	0.049	0.000564064675487721	ARF1	c36
2.80785540343215e-08	1.32295185228683	0.039	0.016	0.00058307925307672	NDUFA7	c36
3.02542878046366e-08	-4.0942459781785	0.001	0.032	0.000628260540551084	MNDA	c36
3.22870431840636e-08	1.20323458761012	0.044	0.019	0.000670472738760264	LMAN2	c36
3.28231357556736e-08	1.80134541730862	0.019	0.006	0.000681605237102318	ERCC1	c36
3.28805653775595e-08	1.610051580084	0.025	0.008	0.000682797820630401	TMEM109	c36
3.30187120622006e-08	-0.362642397893281	0.491	0.544	0.000685666574683657	RPS25	c36
3.47733150326521e-08	1.15730637148494	0.047	0.021	0.000722102659968053	MRPS6	c36
4.97957375828769e-08	-2.63033443774092	0.007	0.042	0.00103405828664602	MS4A1	c36
5.09955659033166e-08	0.509089398778468	0.242	0.178	0.00105897392154827	RGS1	c36
5.53333265617324e-08	-1.92174058785138	0.024	0.067	0.00114905185938094	TNF	c36
5.9897779474657e-08	0.762978977511569	0.103	0.061	0.00124383728857073	UQCR10	c36
6.44955276303116e-08	1.07450095232695	0.055	0.027	0.00133931412677105	ANXA11	c36
6.7016855066923e-08	0.761006277234723	0.107	0.064	0.00139167201231972	USMG5	c36
7.72351443369421e-08	0.694916708899004	0.12	0.075	0.00160386500730094	NDUFA4	c36
8.02157112664071e-08	1.9653353634338	0.015	0.004	0.00166575946015821	SEL1L3	c36
8.18803257120732e-08	-1.35377803193861	0.032	0.078	0.00170032684373691	NEAT1	c36
8.46671528852917e-08	1.80037640683389	0.018	0.006	0.00175819809681597	ADA	c36
8.84937811534248e-08	-0.759359720810376	0.147	0.214	0.00183766185943202	S100A10	c36
9.35325191031594e-08	1.94654333284855	0.015	0.004	0.00194229629169621	SLAMF7	c36
9.50120941022464e-08	1.63061988220614	0.023	0.008	0.00197302114612725	SYK	c36
9.75020206886613e-08	0.310141850472167	0.558	0.497	0.00202472696162074	RPL6	c36
1.00026637958406e-07	0.930170363114354	0.068	0.036	0.00207715316384425	COPE	c36
1.05200580308083e-07	-4.90803908581715	0	0.028	0.00218459525067764	MAFB	c36
1.06469281475877e-07	1.36952333373421	0.032	0.013	0.00221094109912807	CCDC59	c36
1.10779894104125e-07	-1.51421598723405	0.019	0.06	0.00230045528096627	KLF2	c36
1.14134133348509e-07	-3.51894464726836	0.002	0.032	0.00237010941311513	FGL2	c36
1.14529814392935e-07	2.33963245665716	0.01	0.002	0.00237832612568369	LIMK2	c36
1.1752665436159e-07	2.16155622381941	0.012	0.003	0.00244055850447278	SNAP29	c36
1.18127105637052e-07	0.283918073661896	0.657	0.621	0.00245302747565903	RPS3A	c36
1.19093028637862e-07	1.18707832653387	0.044	0.02	0.00247308583269384	MRPL20	c36
1.26322258051619e-07	1.20172373839792	0.04	0.018	0.00262320801069992	HM13	c36
1.27893475629012e-07	1.32031035925553	0.034	0.014	0.00265583591491207	EIF2S2	c36
1.30877409546344e-07	-0.302492468427643	0.776	0.77	0.00271780028663938	RPL32	c36
1.3875295538371e-07	0.671275804170063	0.136	0.089	0.00288134387149812	SERP1	c36
1.431066321604e-07	-4.25693422830478	0.001	0.03	0.00297175232344286	PLAUR	c36
1.72118275499297e-07	0.824552808469944	0.087	0.05	0.00357420810901841	DRAP1	c36
2.05415780583817e-07	-5.66212678112819	0	0.027	0.00426566409960355	CXCL8	c36
2.20799566016635e-07	1.25960815191123	0.021	0.007	0.00458512378790145	FCER1A	c36
2.24973621864878e-07	1.28961843568128	0.036	0.015	0.00467180223164606	PTTG1	c36
2.37683942732804e-07	1.65760993984717	0.021	0.007	0.00493574475478941	TACC1	c36
2.44468729581865e-07	0.25534871884446	0.704	0.668	0.005076637638497	RPS23	c36
2.48002840221604e-07	-0.77105172363945	0.066	0.119	0.00515002698004183	GADD45B	c36
2.53291975249773e-07	-2.10703072835798	0.017	0.055	0.00525986115803679	TIMP1	c36
2.62396451644475e-07	1.59720470052839	0.024	0.008	0.00544892471484917	YIF1A	c36
2.81251910013133e-07	0.623965359055937	0.141	0.093	0.00584047716333272	COX6B1	c36
2.87233645596994e-07	-5.15106746377787	0	0.026	0.00596469388446718	LINC01272	c36
2.8834780482483e-07	1.3711232516232	0.034	0.014	0.00598783051499242	HIST1H1D	c36
2.9149573531321e-07	-3.82273058202021	0.001	0.028	0.00605320043951411	SPI1	c36
2.97040142745508e-07	0.7400471950702	0.096	0.058	0.00616833560425322	ATP6V1G1	c36
2.99110926192614e-07	-5.68709301460829	0	0.026	0.00621133749331581	IL1B	c36
3.07102316435606e-07	1.49914772269817	0.025	0.009	0.00637728670310179	APOA1BP	c36
3.10964168326188e-07	1.5870089334225	0.024	0.008	0.00645748191946163	B4GALT1	c36
3.27833146924449e-07	2.01151153631181	0.013	0.004	0.0068077831290331	GTPBP6	c36
3.32567227752883e-07	-2.16675623126601	0.008	0.04	0.00690609105151637	TKT	c36
3.3983745011541e-07	1.29756529171912	0.033	0.014	0.00705706448909661	MLF2	c36
3.79171491359171e-07	0.641001917200573	0.128	0.083	0.00787387518956455	COX6A1	c36
3.96013533371665e-07	0.418475735054969	0.297	0.231	0.008223617033996	CXCR4	c36
4.19581620074251e-07	2.16479278163425	0.011	0.003	0.0087130319224619	AHI1	c36
4.71864215992594e-07	2.15168919436007	0.011	0.003	0.0097987323093022	LOC101928000	c36
4.78648247927277e-07	1.05489541908311	0.047	0.023	0.00993960951645784	ANKRD28	c36
4.7865230936204e-07	-0.93774992393908	0.052	0.101	0.00993969385621212	LCP1	c36
4.95853542334133e-07	-0.237267314530712	0.836	0.861	0.0102968946601106	EEF1A1	c36
5.08813508417981e-07	1.42432124396651	0.027	0.01	0.0105660213158078	FBXO7	c36
5.12806695341545e-07	0.70440415132611	0.094	0.057	0.0106489438354625	HLA-DMA	c36
5.55625593869388e-07	0.678450538798211	0.115	0.073	0.0115381210822917	COX6C	c36
5.57122472074637e-07	1.04577595103844	0.048	0.024	0.0115692052551019	TRABD	c36
6.52756862789813e-07	1.56364679501759	0.022	0.008	0.0135551490126933	AHSA1	c36
6.62695374096373e-07	-2.78013404320693	0.004	0.032	0.0137615321384853	FCGR3A	c36
6.89143263883642e-07	0.965366628157456	0.055	0.029	0.0143107490178077	HMGN3	c36
7.34413022734068e-07	1.49051029067312	0.024	0.009	0.0152508208300957	SRPR	c36
7.63737797118708e-07	-1.67425464816247	0.014	0.048	0.0158597790949671	C10orf54	c36
7.92442749104995e-07	0.492527100115293	0.187	0.133	0.0164558661279143	HMGB1	c36
7.96085286065557e-07	0.755171783052022	0.08	0.046	0.0165315070504374	ZNF683	c36
8.03975361802935e-07	1.34630556778848	0.028	0.011	0.0166953523631997	LAP3	c36
8.20657093126157e-07	-0.302979887444352	0.747	0.767	0.0170417651958578	ACTB	c36
8.5518854126488e-07	0.899467238295486	0.063	0.034	0.0177588452479065	POMP	c36
8.72498562884622e-07	2.13427810438479	0.012	0.003	0.0181183051568621	FAM207A	c36
8.86772418732866e-07	-6.01671317365237	0	0.024	0.0184147160474067	C1QC	c36
9.62446589608546e-07	-0.900645114710238	0.059	0.108	0.0199861658798111	SLC2A3	c36
9.87198544345893e-07	-4.41335261223783	0.002	0.028	0.0205001649718868	C1QA	c36
1.01012018444975e-06	1.49925163456508	0.023	0.008	0.0209761557502834	LAGE3	c36
1.02168742278866e-06	0.869416226998929	0.059	0.032	0.0212163610216293	ARL6IP1	c36
1.03424159277169e-06	1.07889918384314	0.045	0.022	0.0214770609154968	SNX3	c36
1.07938608322361e-06	-0.897712558353558	0.052	0.099	0.0224145314042216	ITGB2	c36
1.09177720099712e-06	-0.256342964557671	0.837	0.814	0.0226718453559062	RPL13	c36
1.09999886638548e-06	1.39032755771856	0.026	0.01	0.0228425764593609	LMAN1	c36
1.26107845842705e-06	1.05747589729856	0.044	0.021	0.0261875552676961	DANCR	c36
1.28782886903025e-06	-4.54764635636238	0	0.023	0.0267430542942821	CSTA	c36
1.41355466798576e-06	1.67161421620844	0.017	0.006	0.0293538762353922	GALNT2	c36
1.57049875515568e-06	-0.599363849368636	0.014	0.047	0.0326129771495629	CD79A	c36
1.66760319342477e-06	1.48032513122345	0.023	0.008	0.0346294479146587	COMT	c36
1.68494782036056e-06	0.68018816647453	0.097	0.061	0.0349896264376075	KRTCAP2	c36
1.75227222336617e-06	-3.17232447377215	0.002	0.027	0.0363876849904219	RPS4Y1	c36
1.786506818925e-06	-1.49094901725799	0.017	0.051	0.0370986006017964	FLNA	c36
1.90375014288738e-06	-0.369671778410939	0.21	0.281	0.0395332754671994	PFDN5	c36
2.04004723377332e-06	-3.13351232963632	0.002	0.026	0.0423636208565367	APLP2	c36
2.29293209551329e-06	2.04607900639947	0.011	0.003	0.047615027895429	PPIL3	c36
2.29398674900389e-06	0.861132642352563	0.063	0.035	0.0476369288298149	CREM	c36
2.32458331344111e-06	1.6106403150609	0.018	0.006	0.048272297086918	RNASEH2B	c36
2.32824973655562e-06	1.24618041712654	0.033	0.015	0.048348434029314	C20orf24	c36
2.33443382809398e-06	1.64385985036176	0.017	0.006	0.0484768528741996	FXYD2	c36
2.5125415745504e-06	-1.73417815067803	0.01	0.04	0.0521754383371136	FAIM3	c36
2.54621751397369e-06	0.914175738330131	0.056	0.03	0.0528747528951777	C11orf58	c36
2.60797602838437e-06	0.929787242061031	0.056	0.03	0.0541572302054298	FAM96B	c36
2.65320350409355e-06	0.386071817048823	0.165	0.115	0.0550964239660067	GZMH	c36
2.66637519165735e-06	-2.38128892629498	0.006	0.033	0.0553699472299566	FGFBP2	c36
2.96990233465398e-06	-3.3171981031591	0.003	0.028	0.0616729918814245	TNFRSF4	c36
3.15126977109704e-06	0.920503223207908	0.054	0.029	0.0654392680666011	ERH	c36
3.36359075897109e-06	1.54857934692865	0.019	0.007	0.0698483257007937	GLO1	c36
3.3995182396231e-06	1.73534785853438	0.015	0.005	0.0705943957640132	TNIP3	c36
3.51226544961436e-06	1.95175776233918	0.013	0.004	0.0729357043266918	FAM89B	c36
3.5157183994497e-06	1.15430040781661	0.034	0.015	0.0730074082829725	NCF1C	c36
3.54671149851707e-06	1.29662844022387	0.028	0.012	0.0736510109782054	ETFB	c36
3.55270349872199e-06	1.18406755117965	0.033	0.015	0.0737754408544608	CHST12	c36
3.69012008006605e-06	-0.316322346589995	0.446	0.499	0.0766290335826516	RPL14	c36
3.95642910397529e-06	1.3144576330101	0.029	0.012	0.0821592067731509	VOPP1	c36
4.12722641661357e-06	1.30669074996641	0.027	0.011	0.0857059837673974	DNAJC4	c36
4.36774162191975e-06	-4.35682198539349	0.002	0.025	0.0907005225207856	C1QB	c36
4.49602945652502e-06	-1.14532287856409	0.035	0.073	0.0933645476941985	AHNAK	c36
4.57778642262678e-06	-0.515219726739225	0.253	0.317	0.0950623128522677	IL32	c36
4.94176978803586e-06	-0.729590148103583	0.132	0.186	0.102620791418353	S100A11	c36
5.0138092250115e-06	-3.04949088209533	0.002	0.025	0.104116762366589	ASAH1	c36
5.03401018778863e-06	1.13911184342655	0.037	0.018	0.104536255559619	RPN2	c36
5.08180078263431e-06	1.98670045932054	0.011	0.003	0.105528675052184	ZNRF1	c36
5.23897242705129e-06	1.98437540637429	0.011	0.003	0.108792501420147	ABCE1	c36
5.52301206341889e-06	2.08598044921267	0.011	0.003	0.114690868508957	MTX1	c36
5.83490641250378e-06	-4.37232640372282	0	0.021	0.121167666562053	CFP	c36
6.13504238761364e-06	0.952212082935247	0.048	0.025	0.127400290221185	DGUOK	c36
6.37122954423084e-06	0.692511122783614	0.101	0.065	0.132304952715498	RPS18P9	c36
6.60251196388756e-06	-1.83329727966103	0.009	0.036	0.137107763442089	LBH	c36
6.68662929087016e-06	0.504093833883501	0.162	0.116	0.13885454385421	UQCR11	c36
6.91921940554939e-06	1.49497147112814	0.019	0.007	0.143684510175639	ADI1	c36
6.94505149382818e-06	-0.528553069589214	0.159	0.217	0.144220939320836	PABPC1	c36
7.01865759970417e-06	1.114529879124	0.035	0.016	0.145749443715457	LSM2	c36
7.15368715318977e-06	0.730865864022356	0.081	0.05	0.148553467423139	ATP5J2	c36
7.21321747096811e-06	1.62449543435096	0.016	0.006	0.149789674002124	CARS	c36
7.25092911128357e-06	-2.3976167856144	0.005	0.029	0.150572793924915	DUSP6	c36
7.38506892142186e-06	1.11964307399668	0.037	0.018	0.153358341222246	C1orf86	c36
7.66557394489691e-06	0.742976138254729	0.075	0.045	0.159183308539729	C19orf53	c36
7.91243189257213e-06	0.654980862023327	0.105	0.068	0.164309560681153	PSME2	c36
8.05652192955891e-06	2.04453684159106	0.01	0.003	0.16730173438922	DLGAP4	c36
8.18996008750151e-06	0.771668890791778	0.07	0.041	0.170072711177056	PDIA3	c36
8.23508423630761e-06	0.648073198989242	0.088	0.055	0.171009759251164	LINC00152	c36
8.52825292939058e-06	0.612075066146879	0.108	0.071	0.177097700331725	NDUFA13	c36
8.58812119787937e-06	0.786668098742976	0.068	0.04	0.178340924795163	ATP5B	c36
8.6242319371577e-06	1.54629117033338	0.017	0.006	0.179090800407017	EDARADD	c36
8.98542451295552e-06	0.544521130354299	0.07	0.041	0.186591325436034	TUBB	c36
9.09157176476579e-06	0.386742612030545	0.226	0.172	0.188795579267126	RPS11	c36
9.13605388152719e-06	1.19942978330627	0.03	0.013	0.189719294903794	SLC44A2	c36
9.34103872414732e-06	0.875620365209667	0.053	0.029	0.193976010145643	BLOC1S1	c36
9.36158878846397e-06	1.03232959629151	0.042	0.021	0.194402752781243	RANBP1	c36
9.9265641970064e-06	0.932188039871485	0.048	0.026	0.206135032115035	DHRS7	c36
1.02702652721854e-05	1.23432675020788	0.028	0.012	0.213272328642202	MEA1	c36
1.03455887318496e-05	-0.943438149724929	0.039	0.077	0.214836495605589	CNBP	c36
1.1176891209041e-05	1.14501945291234	0.032	0.015	0.232099322846945	PRMT1	c36
1.15122676273477e-05	1.5531666164243	0.017	0.006	0.239063749549502	NUDT5	c36
1.16827086953581e-05	1.71130884696676	0.014	0.005	0.242603128767806	PPP2R2B	c36
1.18449285108448e-05	-1.80776571809794	0.009	0.035	0.245971785456203	C1orf162	c36
1.23309829905087e-05	1.1507637696294	0.031	0.014	0.256065192780903	MTHFD2	c36
1.26659458600186e-05	1.32987197240006	0.024	0.01	0.263021031729147	MRPL53	c36
1.27388478922992e-05	1.54514844152838	0.017	0.006	0.264534915331486	BEX4	c36
1.32259360956036e-05	1.11909380369769	0.033	0.015	0.274649788961305	SVIP	c36
1.33668936620311e-05	2.00286766228999	0.01	0.003	0.277576913785737	NFX1	c36
1.33765003814332e-05	-1.55028825759394	0.017	0.047	0.277776406920841	NAMPT	c36
1.34336797884766e-05	0.843617070096865	0.056	0.032	0.278963794487506	SELPLG	c36
1.36207745154492e-05	0.298772853553925	0.271	0.212	0.282849003587817	UBB	c36
1.36210236167194e-05	1.15835292464108	0.031	0.014	0.282854176424795	SURF4	c36
1.39370586871741e-05	1.90747376816996	0.011	0.003	0.289416960697857	KLHL18	c36
1.39826988444563e-05	0.854314865809921	0.053	0.03	0.290364724203979	RUNX3	c36
1.43931275102872e-05	1.41643900794581	0.021	0.008	0.298887685878623	NARF	c36
1.44781260519149e-05	1.32324565028008	0.024	0.01	0.300652765594066	CHMP5	c36
1.45603168745902e-05	1.21948882745528	0.03	0.014	0.30235954021774	LINC01420	c36
1.46455564625092e-05	-4.32951536944765	0	0.019	0.304129625500465	C5AR1	c36
1.53167500727241e-05	0.606820704109475	0.103	0.068	0.318067632010189	POLR2L	c36
1.5331733437336e-05	-2.63076108125752	0.003	0.024	0.318378776559719	CD40LG	c36
1.60265517858164e-05	-4.29977532653226	0.001	0.021	0.332807374384264	G0S2	c36
1.66210459609347e-05	0.793781651173186	0.047	0.025	0.345152640424769	FKBP11	c36
1.68134184950898e-05	1.0912761206728	0.036	0.018	0.349147448469036	CHCHD10	c36
1.70342161662749e-05	1.97742264573253	0.01	0.003	0.353732532908864	CARD11	c36
1.82452038346453e-05	0.913625995151558	0.047	0.025	0.378879902830244	PRDX6	c36
1.85100256400271e-05	1.80087325397896	0.012	0.004	0.384379192440804	CREB3L2	c36
1.91618508034267e-05	0.400350634019521	0.108	0.072	0.397914993783959	TUBA1B	c36
1.92030855603146e-05	0.779009087330518	0.065	0.038	0.398771274745493	TSPYL2	c36
1.99259087548887e-05	0.869451991450052	0.056	0.032	0.413781421204019	H3F3C	c36
1.99658034454905e-05	0.912467203891756	0.054	0.031	0.414609874349055	PRDX5	c36
2.02858423382198e-05	-3.34935252128622	0.001	0.02	0.421255801995473	CLEC7A	c36
2.08335221117981e-05	-2.55964638429904	0.003	0.024	0.4326289201736	FGR	c36
2.12459138100732e-05	0.940252853141986	0.042	0.022	0.44119264617998	PDCD1	c36
2.12616891759027e-05	-1.18484236683955	0.023	0.053	0.441520237426796	GAS5	c36
2.2025103846761e-05	0.212014091071192	0.625	0.588	0.457373306481838	RPS13	c36
2.3131831059288e-05	0.136301625033619	0.754	0.671	0.480355603777174	RPS4X	c36
2.34423786632612e-05	1.59704483626529	0.015	0.005	0.486804435321283	GOLT1B	c36
2.36987173129006e-05	-4.16330882537492	0	0.018	0.492127563719693	LTA4H	c36
2.37213368583133e-05	1.78506659815089	0.011	0.003	0.492597281199733	RPPH1	c36
2.4072379941629e-05	0.781455510452223	0.062	0.036	0.499887041867867	RBX1	c36
2.41218862180899e-05	0.623086902071602	0.103	0.068	0.500915089204856	CLEC2B	c36
2.54276850055796e-05	1.01930253027119	0.036	0.018	0.528031306825865	MIR155HG	c36
2.61607745651927e-05	1.36724958221409	0.028	0.013	0.543254644620793	FAM173A	c36
2.62801922285076e-05	1.13715310120219	0.03	0.014	0.545734471817189	GSDMD	c36
2.62834666296558e-05	1.12277850617263	0.031	0.015	0.545802468031433	RNF130	c36
2.71295183325538e-05	0.565976397163187	0.127	0.089	0.563371577693813	HSPE1	c36
2.72858222072801e-05	0.84927676376489	0.052	0.029	0.566617383956378	FAM177A1	c36
2.75012273740381e-05	-0.428880730334791	0.128	0.181	0.571090487649275	PTPRC	c36
2.76276985642543e-05	1.53891301233517	0.016	0.006	0.573716788385306	MDFIC	c36
2.77386854363823e-05	-0.599586897916152	0.136	0.188	0.576021541771916	TNFAIP3	c36
2.81754243903636e-05	-4.18748428094316	0	0.018	0.58509086289029	TMEM176B	c36
2.95026171308447e-05	0.937022636195783	0.043	0.023	0.612651347339121	NDUFS8	c36
2.96399318625712e-05	-1.56986739821048	0.011	0.036	0.615502825058153	EVI2B	c36
2.97092615317261e-05	-0.501712246329724	0.091	0.138	0.616942524967823	ANXA1	c36
3.01366051669295e-05	0.698239171746467	0.081	0.051	0.625816742896458	RABAC1	c36
3.02283599389098e-05	1.69242699163016	0.013	0.004	0.627722122491401	NGLY1	c36
3.07937525674751e-05	1.01464084923196	0.037	0.019	0.639463065816188	TMCO1	c36
3.08868550640308e-05	1.67625311101196	0.013	0.004	0.641396432259664	RNU2-2P	c36
3.09338626174877e-05	-0.428747906939169	0.173	0.23	0.64237259111475	NFKBIA	c36
3.11785237953426e-05	1.48146515107011	0.017	0.007	0.647453225134083	CRELD2	c36
3.1214037048972e-05	0.916008964700443	0.044	0.024	0.648190693358953	G3BP2	c36
3.15405750717197e-05	0.365451715453748	0.261	0.208	0.654971581939331	HNRNPA1	c36
3.15746420844844e-05	0.712222355929577	0.077	0.048	0.655679017526403	NR3C1	c36
3.2020136564189e-05	-4.29332190853106	0	0.017	0.664930155891949	CD163	c36
3.2216899957296e-05	1.34737225548283	0.021	0.008	0.669016144513209	OASL	c36
3.26184435639553e-05	1.48146515107011	0.017	0.007	0.677354599049097	RSU1	c36
3.27915721843668e-05	0.790226325345046	0.065	0.039	0.68094978798056	EIF5A	c36
3.29020413755692e-05	1.0840044250154	0.032	0.015	0.68324379120507	TSEN54	c36
3.49419353597758e-05	0.992162444391795	0.035	0.017	0.725604229681104	SDF2L1	c36
3.65572702783861e-05	1.62185695414488	0.014	0.005	0.759148274600967	STX7	c36
3.79370956904209e-05	1.46516333874101	0.017	0.007	0.787801729107281	COMTD1	c36
3.87309416192626e-05	0.339688631214384	0.287	0.232	0.804286733665606	TMA7	c36
3.92353547760866e-05	-2.0971991549771	0.005	0.026	0.814761377280214	FAM65B	c36
4.04600463521529e-05	0.947951527241363	0.041	0.022	0.840193322548806	ATP5C1	c36
4.06480345243907e-05	0.798716758748005	0.056	0.033	0.844097084933497	NDUFB4	c36
4.15517419873337e-05	-1.14688888917293	0.023	0.052	0.862863474108972	KIAA1551	c36
4.38645598871395e-05	1.61033836967661	0.014	0.005	0.910891450616338	ZNF271	c36
4.54710333928207e-05	-1.58078218189579	0.013	0.038	0.944251479435314	SOD2	c36
0.000347934261034116	-5.73351621212965	0	0.013	1	RNASE1	c36
0.000245032514921212	-5.59316288674295	0	0.014	1	SEPP1	c36
6.85616888234242e-05	-3.99412090821824	0	0.016	1	SLC11A1	c36
0.000890558024281393	-3.84029899188334	0	0.011	1	MRC1	c36
0.000975999172643163	-3.7907616790444	0	0.011	1	STAB1	c36
0.000306668044056564	-3.6928250429336	0	0.013	1	TCF7	c36
0.000460888029784706	-3.63388595113134	0	0.012	1	MARCKS	c36
0.00048109580548119	-3.59476742110275	0	0.012	1	RAB31	c36
0.000832462755344416	-3.47632284539168	0	0.011	1	HCK	c36
0.000834704447727705	-3.46934256106861	0	0.011	1	NCF2	c36
0.00103552612986396	-3.44042986915337	0	0.011	1	FCGR2A	c36
0.00110776034799558	-3.40295516373471	0	0.011	1	PILRA	c36
0.00151551965258342	-3.35899808279943	0	0.01	1	VPREB3	c36
0.00147107694365264	-3.34381167898475	0	0.01	1	CSF3R	c36
0.00164814581263732	-3.31649107298524	0	0.01	1	FPR1	c36
0.00196027124210914	-3.29870175954171	0	0.01	1	GK	c36
0.00180714020869512	-3.29080442932159	0	0.01	1	RALGPS2	c36
5.46772357754795e-05	-3.27232898609908	0.001	0.018	1	KLF4	c36
0.0021555598410724	-3.26611755047012	0	0.01	1	CD300E	c36
0.000695739346661336	-2.74472807001894	0.001	0.014	1	MAL	c36
0.00081053494346547	-2.72194959545206	0.001	0.013	1	KCTD12	c36
0.00142439854583209	-2.62990766801708	0.001	0.012	1	LINC00926	c36
0.00132850156657516	-2.61503439153555	0.001	0.012	1	BANK1	c36
0.00174927849316047	-2.60580480361788	0.002	0.014	1	C15orf48	c36
0.00153614841043688	-2.59476742110275	0.001	0.012	1	CCR6	c36
5.98345027670377e-05	-2.5593475968814	0.003	0.022	1	LGALS2	c36
0.000526303983123791	-2.40871620211711	0.002	0.016	1	CSF1R	c36
0.000138603581667854	-2.38822682658415	0.003	0.02	1	LINC00936	c36
0.00386945882152709	-2.38620671651189	0.001	0.01	1	KLRF1	c36
0.00462844215137567	-2.35624878222297	0.001	0.01	1	RTKN2	c36
0.000635569202724914	-2.35601943717188	0.002	0.016	1	ICAM2	c36
0.000739274178858358	-2.33056625819696	0.002	0.015	1	POU2F2	c36
0.00129560843650534	-2.32963217267331	0.002	0.014	1	IER5	c36
0.00476963522096968	-2.32565554823498	0.001	0.01	1	FAM26F	c36
0.00534806233245749	-2.26391887840491	0.001	0.01	1	LOC283788	c36
0.00113648551536899	-2.24793930332312	0.002	0.015	1	LEF1	c36
0.00133216134369486	-2.24596029746974	0.002	0.014	1	CXCL16	c36
0.0004521111308099	-2.17193365837199	0.002	0.016	1	FOXP3	c36
0.00188221860409015	-2.17180336304195	0.002	0.014	1	PASK	c36
0.000951500760861444	-2.09321437638918	0.003	0.017	1	LILRB2	c36
0.00259121987456252	-2.08313473180934	0.002	0.013	1	EFHD2	c36
0.000209070806263308	-2.05447468086478	0.004	0.021	1	CCDC109B	c36
0.000436847821055208	-1.98106314761875	0.004	0.02	1	ATP2B1	c36
0.000201507512553977	-1.98094416736708	0.005	0.023	1	CCR7	c36
0.00443894731478962	-1.97498260912836	0.002	0.012	1	LPAR6	c36
0.00536495346415785	-1.94052313838499	0.002	0.012	1	AHR	c36
0.00169097541153405	-1.92946794987599	0.003	0.016	1	GRINA	c36
0.0103482881315078	-1.91956948880975	0.002	0.01	1	NLRP3	c36
0.00203499999219549	-1.91879330380104	0.003	0.015	1	CD79B	c36
0.00708228947616172	-1.89956646416213	0.002	0.011	1	IGSF6	c36
0.000341658342427183	-1.85546736843222	0.005	0.022	1	PPT1	c36
0.00270094648715995	-1.8412824241238	0.003	0.015	1	CECR1	c36
0.000732616624562941	-1.8253670959401	0.003	0.017	1	CXCL2	c36
0.00018108652364419	-1.79641142384894	0.021	0.045	1	CCL4L2	c36
0.000154928632086304	-1.78668338646032	0.002	0.018	1	CPVL	c36
0.000167408507454431	1.76878752100322	0.01	0.003	1	LOC100996255	c36
7.08465273675107e-05	1.7669698377076	0.011	0.004	1	ZFYVE28	c36
0.000609428554263094	1.75899912659902	0.01	0.004	1	EXOSC7	c36
0.00178391486453542	-1.74251897732302	0.004	0.017	1	ATM	c36
0.000546516481676297	-1.74104436738428	0.007	0.024	1	PLIN2	c36
0.000217109674852909	1.74068920132906	0.01	0.003	1	SIRT7	c36
0.000113867403874046	1.72754948797397	0.011	0.004	1	NAA20	c36
5.62253645006807e-05	1.71474397779744	0.012	0.004	1	GET4	c36
0.00975149170550636	-1.71230659232656	0.003	0.012	1	LOC100509457	c36
0.00385527106550035	-1.71069314010894	0.001	0.01	1	CTSL	c36
0.000181425043709319	1.67786236387362	0.011	0.004	1	DCTPP1	c36
0.000203814644206336	1.67036782732669	0.011	0.004	1	MLEC	c36
0.0149337054399987	-1.67012802759994	0.002	0.01	1	NABP1	c36
0.000473910810657138	1.66156055154452	0.01	0.004	1	ARMCX6	c36
0.000108493007243721	1.65720289330753	0.012	0.004	1	CAT	c36
0.000539986279589584	1.64945394868787	0.01	0.004	1	INPP4A	c36
0.0155501595772602	-1.64931599170095	0.002	0.01	1	HSPA4	c36
0.000570606381474516	1.64343853327009	0.01	0.004	1	COMMD2	c36
0.000726212655504765	1.64020982239422	0.011	0.004	1	ADAM19	c36
0.000591818090971228	1.6394421455598	0.01	0.004	1	IWS1	c36
0.000128610669247435	1.63852147224145	0.012	0.004	1	JKAMP	c36
0.000591934247065335	1.63545679760862	0.01	0.004	1	DUSP12	c36
0.000131061314872176	1.63346824451517	0.012	0.004	1	IGF2R	c36
0.000157425751923804	1.62508533283576	0.012	0.004	1	NDUFS4	c36
0.000319036769251825	1.61896867482005	0.011	0.004	1	ASNSD1	c36
0.000307760284678506	1.61716643218606	0.011	0.004	1	HIST1H2BK	c36
0.000746422800361914	1.6137320264539	0.01	0.004	1	ANKLE2	c36
9.00372017543857e-05	1.60716637320269	0.013	0.005	1	FAM118A	c36
0.000219018392182305	-1.59955420005475	0.008	0.028	1	KLRG1	c36
0.00085732146629244	1.59813517140288	0.01	0.004	1	TBC1D20	c36
0.00105109269763558	1.59694236849005	0.011	0.004	1	MAP1LC3A	c36
5.18865917574582e-05	-1.59487344315247	0.01	0.034	1	FKBP5	c36
0.000205783227356265	1.59203245436625	0.012	0.004	1	NDUFV3	c36
0.000445595809236321	1.59039952262328	0.011	0.004	1	SGSM3	c36
0.000134502031292061	1.57232794970126	0.013	0.005	1	HDAC2	c36
0.000130043317046689	1.57083215377578	0.013	0.005	1	PTPMT1	c36
0.000141515444912471	1.56784520645438	0.013	0.005	1	CLN3	c36
0.00108440058337217	1.56743837417997	0.01	0.004	1	ASB1	c36
5.40491851456242e-05	1.56585733836049	0.016	0.006	1	MRPL36	c36
0.00143639571849804	-1.56143781049058	0.007	0.022	1	ZFAND5	c36
0.000299312404816321	1.55652810004414	0.012	0.005	1	YARS	c36
8.47793266405226e-05	1.55546573251389	0.014	0.005	1	SND1	c36
0.0028736333212433	-1.55183042240234	0.007	0.021	1	CH25H	c36
0.00212075308352185	1.53281203107034	0.011	0.005	1	BCCIP	c36
0.00147011407038429	1.52996366876131	0.01	0.004	1	NDRG1	c36
0.00153993239021357	1.52996366876131	0.01	0.004	1	USP20	c36
0.000433189439471381	1.52248191022625	0.015	0.006	1	SLC1A5	c36
0.000433898615652997	1.52032108688714	0.012	0.005	1	RALBP1	c36
0.00149397213909688	1.51890848025231	0.01	0.004	1	C8orf33	c36
0.000252501430835825	-1.51086383557696	0.017	0.04	1	IER3	c36
0.000923792969857067	1.50793736243131	0.011	0.004	1	RPIA	c36
5.21905257711516e-05	1.48571462407147	0.016	0.006	1	TRPT1	c36
0.000104917873338424	1.48310550945137	0.015	0.006	1	NUDT1	c36
0.00131809045514679	1.47655523694631	0.011	0.004	1	RNF5	c36
0.000724683728075591	1.47442023627853	0.012	0.005	1	CDS2	c36
0.000120026209075487	1.47206911447646	0.015	0.006	1	PSENEN	c36
0.000125484236966048	1.467191020088	0.015	0.006	1	ABCF1	c36
0.000230305539659642	1.46710985809305	0.014	0.006	1	DNAJC3	c36
8.30207565508638e-05	1.45506746100551	0.011	0.004	1	IFI27	c36
0.000836752146071855	1.45497459659552	0.012	0.005	1	TRIM28	c36
0.000148067174750976	-1.44307331035783	0.012	0.034	1	CMC1	c36
0.000554400174472747	1.44082316657277	0.013	0.005	1	USP11	c36
0.000539311215234913	1.43945762454854	0.013	0.005	1	GORASP2	c36
0.00181871175410388	1.43627637730386	0.011	0.005	1	MRPL47	c36
0.000594168108505014	1.43400834501646	0.013	0.005	1	LLPH	c36
0.000111685113745476	1.43105191981677	0.016	0.006	1	MIIP	c36
0.0179202047265541	-1.430008550406	0.003	0.011	1	MFSD1	c36
0.00339278706629417	1.42821016996057	0.01	0.004	1	EIF2B5	c36
0.000580686218120541	-1.4254254445384	0.002	0.016	1	HMOX1	c36
0.00199879402235147	1.42519693142337	0.011	0.005	1	PRR14	c36
0.0186830010148312	-1.42476952498135	0.003	0.011	1	BLVRB	c36
0.000382783251939004	1.42362107649783	0.014	0.006	1	CHD9	c36
0.00903312536932478	1.42362107649783	0.01	0.005	1	CAPN1	c36
0.000314962406668745	1.42152261061383	0.016	0.007	1	C1orf52	c36
0.00213617154534202	1.4173348136504	0.011	0.005	1	EPS8L2	c36
0.00402213589847112	1.41107582317872	0.01	0.004	1	TNFSF13	c36
0.000147245240688596	1.39463779831674	0.016	0.007	1	PPP6R2	c36
0.00413615083674477	1.38630791802978	0.015	0.007	1	GEM	c36
0.00419899070630667	-1.37198618557694	0.006	0.019	1	RBL2	c36
0.00536423435127277	1.36580451301032	0.01	0.004	1	ATXN1	c36
0.00332921904934888	1.36497940858926	0.011	0.005	1	PEX2	c36
9.43792170918676e-05	1.35878450707017	0.018	0.008	1	DDAH2	c36
0.000260950481923611	1.35699546435657	0.016	0.007	1	BLOC1S4	c36
0.000779797065639499	1.3547325237765	0.014	0.006	1	MED21	c36
0.0145612255957824	-1.35280477237332	0.004	0.013	1	GPR56	c36
0.00434973838470453	1.3526591369534	0.01	0.004	1	PPAP2A	c36
0.000442889539775861	1.35143287675132	0.015	0.006	1	POLR2H	c36
0.00611969117722355	1.34939142311949	0.01	0.004	1	MRPL12	c36
0.000488610851915157	1.34918743654567	0.015	0.006	1	LCMT1	c36
0.00239476856690037	1.34075512805253	0.012	0.005	1	MTCH2	c36
0.00245175312331334	1.34075512805253	0.012	0.005	1	TSG101	c36
0.00593046753036339	1.34055904309934	0.012	0.006	1	STIP1	c36
0.0248385261220075	-1.34033781493961	0.003	0.01	1	INPP4B	c36
0.0256254316720251	-1.34033781493961	0.003	0.01	1	VMP1	c36
0.00094615980659698	1.33682544603855	0.014	0.006	1	COA4	c36
0.00156743703550269	1.33420074703897	0.013	0.006	1	PSMD11	c36
5.36108272633557e-05	1.33124310497624	0.021	0.009	1	BAG1	c36
0.0003548927588116	1.32965494418741	0.016	0.007	1	MAD2L2	c36
0.00170157824855206	1.32534594915283	0.013	0.006	1	NBPF14	c36
0.00104036216083508	1.32383342581923	0.014	0.006	1	ZNF524	c36
0.0028859738331581	1.32166436690151	0.012	0.005	1	APPL1	c36
6.05069487413804e-05	1.32114840461218	0.021	0.009	1	HNRNPAB	c36
0.00796764682138621	1.31552000054035	0.01	0.005	1	DHRS4	c36
0.00190964267381254	1.31278977728574	0.013	0.006	1	RELA	c36
0.00796877087588889	1.31233524198239	0.01	0.005	1	REXO4	c36
0.00823891946926561	1.30757124742486	0.01	0.005	1	ZDHHC6	c36
0.00860953287476865	1.30282293252669	0.01	0.005	1	IFNAR1	c36
0.000803507436169474	1.30173697459744	0.015	0.007	1	CHMP4B	c36
0.00879992972129823	1.29966604933951	0.01	0.005	1	APOBEC3C	c36
0.00541835673952233	1.29848399680236	0.011	0.005	1	ENO2	c36
7.75655970128892e-05	1.29761777339543	0.019	0.008	1	HIST1H2AC	c36
0.000546627871433645	1.29568338788444	0.016	0.007	1	UBE2E3	c36
0.00131071369377104	1.29473411254952	0.014	0.006	1	LPAR2	c36
0.00928957324050999	1.29337293122188	0.01	0.005	1	ARFGAP2	c36
0.00309429132328408	1.29083924076437	0.012	0.005	1	TOR3A	c36
0.00377517050720484	1.2895138432978	0.012	0.005	1	LPIN1	c36
0.00905998004027521	-1.28213956819446	0.006	0.017	1	PECAM1	c36
0.00185777781238858	1.27805040454793	0.014	0.006	1	CSF1	c36
0.010226382536563	1.27620707651552	0.01	0.005	1	FUT8	c36
0.00787790146851857	-1.2755026615344	0.006	0.017	1	MYO1F	c36
0.00407428376403101	1.27370332845034	0.012	0.005	1	C1orf35	c36
0.000907515708448988	1.27294490431522	0.017	0.008	1	TMIGD2	c36
0.00272282029378743	1.26725958806711	0.013	0.006	1	HSD17B10	c36
0.0018129745120632	1.26668591384354	0.016	0.008	1	CRTAM	c36
0.000722134437333485	1.26249340105721	0.016	0.007	1	MRPS12	c36
0.00448437001126481	1.26195812077724	0.012	0.006	1	BCL2L11	c36
0.0120652115850369	1.25465093314907	0.01	0.005	1	PBDC1	c36
0.00872827326650692	-1.25414142150217	0.006	0.017	1	TRAT1	c36
0.295553095067534	-1.2487265954569	0.116	0.125	1	RN7SK	c36
0.000620810223248458	1.24601657690822	0.017	0.008	1	LOC102288414	c36
0.000620810223248458	1.24601657690822	0.017	0.008	1	FLJ32255	c36
0.00540247215628801	1.24387576179379	0.012	0.006	1	YTHDF2	c36
0.00818702382984664	1.24323413623689	0.011	0.005	1	UBE2K	c36
0.000426935014763868	1.24104125689558	0.018	0.008	1	GRSF1	c36
0.000463971837770397	1.23491886802489	0.018	0.008	1	OSER1	c36
0.000291041878548802	1.2324336046353	0.019	0.009	1	TMEM248	c36
8.91253966963502e-05	1.2323699361942	0.025	0.011	1	COPZ1	c36
0.00165580451005271	1.23077913766397	0.015	0.007	1	FASTK	c36
8.49638045501605e-05	1.23059941856801	0.023	0.01	1	PDLIM2	c36
0.000215429538698577	1.2286154389218	0.021	0.009	1	LAIR1	c36
0.00609568193082676	1.22728554312246	0.012	0.006	1	ACD	c36
0.0147093244204818	1.22440464628095	0.01	0.005	1	FAM127A	c36
0.00184975829375252	1.22356307025372	0.015	0.007	1	REXO2	c36
0.000104502571018013	1.22271386082427	0.023	0.01	1	PTRHD1	c36
0.00179575655163429	1.22150794876533	0.015	0.007	1	TNIP2	c36
0.0102730000443566	1.21706520321209	0.011	0.005	1	CYB5B	c36
0.0336437623446103	1.21433799060244	0.01	0.005	1	ELOF1	c36
0.004412023989529	1.21258750095485	0.013	0.006	1	CDC123	c36
0.0148587863739093	1.21248147890514	0.01	0.005	1	LOC101927752	c36
0.000862332956785564	1.21206924498488	0.017	0.008	1	CDV3	c36
0.000610456801118378	1.20982788706206	0.018	0.008	1	PSMB4	c36
0.00206371687231854	1.2092383209556	0.015	0.007	1	RANGRF	c36
0.00139389735634448	1.20901400391544	0.029	0.016	1	PPP1R2P9	c36
0.000600113275601432	1.20877560725303	0.021	0.01	1	HMGA1	c36
0.00307490292660991	1.20754242909359	0.014	0.007	1	WBP1	c36
0.00325850655304508	1.20754242909359	0.014	0.007	1	DERL2	c36
0.00313534051400584	1.20645810357025	0.014	0.007	1	RAB11FIP1	c36
0.000113678751060536	1.20565716905283	0.023	0.01	1	ENTPD1	c36
8.161047673619e-05	1.20550998681207	0.024	0.011	1	EIF6	c36
0.00319703473002212	1.20429189439316	0.014	0.007	1	URM1	c36
0.0168068858549841	1.20212893290722	0.01	0.005	1	G6PD	c36
0.00505210807190461	1.19981506706897	0.013	0.006	1	ASNA1	c36
6.94325194700216e-05	1.19501408080515	0.025	0.011	1	OGT	c36
0.000382296694462318	-1.19102727583506	0.019	0.042	1	SGK1	c36
0.0179390140617026	1.1874672717518	0.01	0.005	1	MAP2K2	c36
0.00386958160280407	1.18600926754394	0.014	0.007	1	SLC25A38	c36
0.000834008446324315	1.18516583282779	0.018	0.009	1	WBSCR22	c36
0.0184387133130259	1.18455273532443	0.01	0.005	1	OAT	c36
0.00178385208387028	1.184124623199	0.016	0.008	1	PPM1M	c36
0.0187771870067887	1.18309767212404	0.01	0.005	1	MRPS7	c36
0.00383470051663227	1.1828068355056	0.014	0.007	1	STOML2	c36
0.0264905904012176	1.1823147839862	0.011	0.006	1	ACTR1B	c36
0.00598377183512121	1.18143653775412	0.013	0.006	1	FAM45A	c36
0.00130953755791753	-1.18083597362767	0.012	0.03	1	SYNE2	c36
0.00592953832106269	1.18029561634955	0.013	0.006	1	SAR1A	c36
0.0134690401180978	1.17801647679041	0.011	0.005	1	COPS5	c36
0.00268511848797362	-1.17502176417919	0.01	0.025	1	BIN2	c36
0.00302103775647867	-1.1736264276922	0.011	0.027	1	FCGRT	c36
0.0134721778687384	1.17271244493049	0.011	0.005	1	SIPA1	c36
0.0196574422175964	1.17233433064687	0.012	0.006	1	AP1M1	c36
0.000926498216325616	1.16839986795057	0.018	0.009	1	BOLA3	c36
9.58137597611135e-05	-1.16527354723773	0.019	0.046	1	GIMAP7	c36
0.0210994492344681	1.16431419644463	0.01	0.005	1	NOP56	c36
5.46894474380936e-05	1.16362318688767	0.027	0.012	1	NDUFV1	c36
0.00668075455456998	1.16328919104386	0.013	0.006	1	NIN	c36
0.0218516743865954	1.16287939270539	0.01	0.005	1	LSM1	c36
7.92323854102424e-05	1.15792375431948	0.026	0.012	1	RNASEH2C	c36
0.0201235907716231	-1.15713531325311	0.004	0.012	1	LIPA	c36
0.000368277470964731	1.1557267006079	0.022	0.01	1	PITPNC1	c36
0.000848594573689067	1.14804141734492	0.019	0.009	1	UQCC2	c36
0.0232264393392011	1.14719001865342	0.01	0.005	1	CXorf40B	c36
0.011409228208479	1.14550643858477	0.014	0.007	1	ORMDL2	c36
0.0236292607922095	1.1443556463451	0.01	0.005	1	CDK12	c36
0.000486435160972162	1.14036660198823	0.026	0.013	1	TMUB1	c36
0.0350263437635159	-1.13848134141124	0.004	0.011	1	SYNE1	c36
0.00402653278401153	1.13676574852409	0.015	0.007	1	UBE2G1	c36
0.0324923289923259	1.13676574852409	0.013	0.007	1	PEX16	c36
0.00561606426435146	1.13663665407267	0.014	0.007	1	COX19	c36
0.0246601917282363	1.13447896690386	0.01	0.005	1	GOPC	c36
0.0019055569602653	1.1344008503789	0.017	0.008	1	PARP10	c36
0.00106915261491865	1.13096790398598	0.019	0.009	1	PHF11	c36
0.000556548612088635	1.12886536044034	0.022	0.01	1	AP3S1	c36
0.00222865775419869	1.12839854437385	0.017	0.008	1	PSMC3	c36
0.0246543980980431	-1.12734409160541	0.005	0.013	1	SERINC1	c36
0.0361957525932201	-1.12433085306821	0.004	0.011	1	CCNDBP1	c36
0.0272600787178832	1.12327351219598	0.01	0.005	1	STX5	c36
0.000140557575057152	1.12150369593532	0.026	0.012	1	CLTB	c36
0.0133691760450341	1.12091423932206	0.012	0.006	1	DENR	c36
0.018752780037431	1.12071780729223	0.011	0.006	1	EML3	c36
0.000243208299481608	1.11966677271525	0.03	0.015	1	NR4A3	c36
0.00162006844020164	1.11763010444883	0.018	0.009	1	IFI35	c36
0.0279444278623124	1.1163140436067	0.01	0.005	1	CCDC90B	c36
0.0135967476456529	1.11620723664453	0.012	0.006	1	FAM192A	c36
0.000792977104424409	1.1159834762655	0.021	0.01	1	VPS37B	c36
0.00234851684074522	1.11561993965255	0.017	0.008	1	NEDD9	c36
0.0284037962222929	1.1135396292115	0.01	0.005	1	C21orf91	c36
0.00253455231135886	1.11307774509009	0.017	0.009	1	DARS	c36
0.000634449709490046	1.11215442023241	0.022	0.01	1	NUDT22	c36
0.00453796363737003	-1.11152307676759	0.01	0.024	1	SMAP2	c36
0.0025357910195552	1.10800675554267	0.017	0.009	1	CYTH4	c36
0.00138379368360833	1.10648892790042	0.019	0.01	1	CYB5R3	c36
0.010300301586376	1.10583891885996	0.013	0.007	1	NUDT14	c36
0.000645549991443372	1.10015380824787	0.025	0.012	1	HIST1H1C	c36
0.0112702425978672	1.09720000058609	0.013	0.007	1	C1D	c36
0.0226228447741781	1.09666178194866	0.011	0.006	1	CCDC101	c36
0.0111807050120884	1.09612376402675	0.013	0.007	1	GGA2	c36
0.00307200707612829	1.08956415058921	0.017	0.009	1	SNX9	c36
0.00171692600265212	1.08615303071188	0.019	0.01	1	EMC4	c36
0.000641684151216968	1.08508035869316	0.023	0.011	1	PRKCB	c36
0.0018025299249375	1.08241837928414	0.019	0.01	1	SMARCB1	c36
0.00301231988804193	-1.08138567422484	0.012	0.028	1	TC2N	c36
0.000144051123978289	1.08007582279488	0.028	0.014	1	RABGGTB	c36
0.0177592005835576	1.07909406362743	0.012	0.006	1	RFTN1	c36
0.00829224008565416	-1.079027491201	0.009	0.022	1	PBXIP1	c36
0.00244900559240165	1.07854457017539	0.023	0.012	1	PDCL3	c36
0.0134242329171694	1.07688754516383	0.013	0.007	1	SZRD1	c36
0.00203235448888056	1.07349446397987	0.019	0.01	1	UBE2A	c36
0.0101684743729315	1.07201249667864	0.014	0.007	1	ESD	c36
0.00160996147326063	1.07127208350309	0.018	0.009	1	RGS16	c36
0.0193392434777624	1.0711012728739	0.012	0.006	1	YY1	c36
0.0135331769621768	1.06947551764113	0.013	0.007	1	YIF1B	c36
0.00201815023852249	1.0675757067926	0.019	0.01	1	CBWD5	c36
0.000168732299217179	1.06618657984804	0.032	0.016	1	ATP5L2	c36
0.0196420776751298	1.06541912673036	0.012	0.006	1	BCAS4	c36
0.0101731913774077	1.06511670663892	0.014	0.007	1	RAB4A	c36
0.0382413173883149	1.06449144796671	0.01	0.005	1	DNAJB11	c36
0.0373912290570488	1.06315251975841	0.01	0.005	1	TM9SF3	c36
0.000140780187244299	1.06163042180725	0.029	0.014	1	LSM5	c36
0.00795741918243819	1.06131352009463	0.015	0.008	1	TMEM14A	c36
0.000388384082532219	-1.06022989574687	0.021	0.044	1	ITGB1	c36
0.0394014892199475	1.05914317477627	0.01	0.005	1	SNHG17	c36
0.010246345159267	1.05790444179626	0.013	0.007	1	RNU4-2	c36
5.50649413690152e-05	1.04850574379401	0.035	0.018	1	ATP5G1	c36
0.0479501468196944	-1.04801509524661	0.004	0.011	1	SNX2	c36
0.0161323757500172	1.04642543335296	0.013	0.007	1	IMP4	c36
0.0450184255368532	-1.04616417458509	0.006	0.014	1	WARS	c36
0.0116793468058043	1.04462492090004	0.014	0.007	1	LINC00623	c36
0.000791334195197959	1.0442616284045	0.024	0.012	1	SLA2	c36
0.000530553929131725	-1.04409124892777	0.027	0.051	1	CD83	c36
0.0120351814765588	1.0417211392269	0.014	0.007	1	SRM	c36
0.00206713341156076	1.04089255968413	0.021	0.01	1	PSMD13	c36
0.00853404965733284	1.03942644988315	0.015	0.008	1	UBALD2	c36
0.0446078668007266	1.03794617210772	0.01	0.005	1	RB1CC1	c36
0.00209931619995127	1.03744525806567	0.021	0.01	1	TMEM147	c36
0.00011829018038234	1.03680119281146	0.031	0.015	1	SSR1	c36
0.0433525656551415	1.03663164350572	0.01	0.005	1	PAFAH1B3	c36
0.00224484663862169	1.03538082407511	0.021	0.01	1	NUTF2	c36
0.0136394881519423	1.03304469786145	0.014	0.008	1	MRPL11	c36
7.39347330254625e-05	1.02746332823212	0.033	0.017	1	FERMT3	c36
0.000915376258851909	1.02740892899225	0.024	0.012	1	SRRT	c36
0.024389568070231	1.02625865621928	0.012	0.006	1	DNM2	c36
0.00575845935174321	1.02601338334536	0.017	0.009	1	KDM5A	c36
0.00247247574673163	1.02578566729393	0.021	0.011	1	MMADHC	c36
0.00580187618239278	1.0244201252697	0.017	0.009	1	ELAVL1	c36
0.0108033330256773	1.02412158516705	0.015	0.008	1	FIP1L1	c36
0.0436827022951649	1.02355181646173	0.01	0.005	1	TPGS1	c36
0.0130945278122358	-1.02327079097435	0.009	0.021	1	TMEM2	c36
0.0357510518435447	1.02203353243282	0.011	0.006	1	UBL7	c36
0.00157343726478715	-1.02094442252451	0.016	0.035	1	PTP4A2	c36
0.0110412875462586	1.01965088112182	0.015	0.008	1	TRAPPC3	c36
0.0382550524451328	-1.01910516236067	0.006	0.014	1	BNIP3L	c36
0.011280780441265	1.01786647144364	0.015	0.008	1	LOC100507217	c36
0.000731559748255123	1.01669857100378	0.028	0.015	1	CHMP4A	c36
0.00474939526874901	1.01589679354716	0.018	0.01	1	DUSP23	c36
0.000807615075041672	1.00940280695824	0.025	0.013	1	PELO	c36
0.0156410059399626	1.00921371264761	0.014	0.008	1	TIMM17B	c36
0.0378159373633036	1.00897737960737	0.011	0.006	1	RRP7A	c36
0.00123846821226519	1.00720611475518	0.024	0.012	1	NCF1B	c36
0.00122911892578489	1.00634983119603	0.029	0.016	1	SNRPD1	c36
0.0399518364645485	1.00308160090399	0.011	0.006	1	ETFA	c36
0.000180104960927413	1.00224672987826	0.031	0.016	1	BUD31	c36
0.00182541530356814	-1.00099664283	0.016	0.035	1	N4BP2L2	c36
0.0609701428706594	-0.998447363127065	0.008	0.016	1	MTRNR2L8	c36
6.54048116493162e-05	0.997377252108172	0.035	0.018	1	MRPS34	c36
0.00567514684433771	0.996531468680231	0.018	0.01	1	SAP30BP	c36
0.0176090605925918	0.995101812967352	0.014	0.008	1	NUBP2	c36
0.041898282401693	0.992529538122735	0.011	0.006	1	SURF1	c36
0.00162044388720803	0.98902926538051	0.024	0.012	1	RNF114	c36
0.165006916166919	-0.988894228011184	0.008	0.013	1	MT1E	c36
0.0187240420961407	0.988563203337727	0.014	0.008	1	ATXN2L	c36
0.0103627003683271	0.988069889932035	0.016	0.009	1	STARD3	c36
0.000337798945723276	0.984375406374293	0.03	0.015	1	RAB27A	c36
0.0419163994845936	0.984375406374293	0.011	0.006	1	LOC554223	c36
0.0338059357418093	0.980627449066444	0.012	0.007	1	TIMM10	c36
0.0111731814028325	0.979055577475492	0.016	0.009	1	SHARPIN	c36
0.0572140652639725	0.978684294296438	0.01	0.006	1	FASLG	c36
0.0195053166296538	0.978347746784353	0.014	0.008	1	RNF139	c36
6.14026894258607e-05	0.975174873206848	0.037	0.019	1	RBCK1	c36
0.0422132948926855	0.975112485045325	0.011	0.006	1	GADD45A	c36
0.0626709309995531	0.973644306495091	0.01	0.006	1	DDA1	c36
0.0160347915641489	0.97309412451102	0.015	0.008	1	NDUFS3	c36
5.39983324395045e-05	0.971593566930329	0.038	0.02	1	SEP15	c36
0.000235697249136479	0.971388483732452	0.037	0.02	1	NAA10	c36
0.00133143734325151	-0.971214139312448	0.019	0.04	1	SDCBP	c36
0.0634823839954131	0.971130899864803	0.01	0.006	1	MCTS1	c36
0.00934290140708183	0.970503231792736	0.017	0.009	1	GLS	c36
0.000329719912131282	0.968879946062107	0.033	0.018	1	PDE4D	c36
0.00151376086885295	0.968571728150261	0.025	0.013	1	MTCH1	c36
0.00345294412871864	0.966117184859144	0.022	0.012	1	TOP1	c36
0.0002162527548783	0.965379454906756	0.036	0.019	1	ATP5EP2	c36
0.00781103091673402	0.964340182919008	0.018	0.01	1	CCDC69	c36
0.000777559879738681	0.963616846207496	0.028	0.015	1	SP110	c36
5.8125127774582e-05	0.962962711060997	0.041	0.022	1	NDUFS6	c36
0.00707835167335415	0.962171259873231	0.018	0.01	1	PHYKPL	c36
0.0103828435801629	0.962090991976535	0.017	0.009	1	SFT2D1	c36
0.0390184638958466	0.961504554408651	0.012	0.007	1	CPSF3L	c36
0.00165025818581644	0.960743904585896	0.036	0.021	1	RPL19P12	c36
0.0137238200940019	0.959581332972339	0.016	0.009	1	RAB8A	c36
0.00812617195348215	0.959284425411463	0.018	0.01	1	C17orf89	c36
8.68823046106095e-05	0.958797354244679	0.037	0.019	1	SET	c36
0.0238076533003021	-0.958359438004593	0.008	0.018	1	CMTM7	c36
0.0180409209021203	0.957618105586053	0.015	0.008	1	CDC26	c36
0.00474599871426734	-0.957553463100453	0.014	0.03	1	CAST	c36
0.0672276821492679	0.957384892495981	0.01	0.006	1	MKKS	c36
0.0431960297199606	0.956763175166434	0.014	0.008	1	C15orf61	c36
0.00508448807407699	0.956437620603191	0.019	0.01	1	MT1F	c36
0.0103904114423371	0.954485834455368	0.017	0.009	1	ABCD4	c36
0.00979125450460928	0.95179905830005	0.021	0.012	1	RNF145	c36
6.87158488836909e-05	0.951733854691573	0.038	0.02	1	NDUFAF3	c36
0.000822312054354125	0.950428074450955	0.028	0.015	1	STUB1	c36
0.0110873586347721	0.949185977911993	0.017	0.01	1	RNF126	c36
0.0383048692684877	0.948895340500731	0.012	0.007	1	CDK6	c36
0.0003308409233395	0.947297880481282	0.035	0.019	1	C17orf62	c36
0.0549869139659891	0.946543332848554	0.011	0.006	1	MAGED2	c36
0.00406556904384431	-0.945104580916891	0.015	0.031	1	ARHGAP15	c36
0.0317087164449406	0.945089247349123	0.013	0.007	1	RHOT2	c36
0.0496570409823414	-0.943666266078968	0.006	0.013	1	NAAA	c36
0.00843770593919792	0.94109280137303	0.022	0.012	1	RBM17	c36
0.00468982950051312	0.940077289400864	0.022	0.012	1	ILF2	c36
6.64128721339532e-05	0.939592290110931	0.038	0.02	1	NCF1	c36
0.00955006353973922	0.939236727560545	0.018	0.01	1	RGL4	c36
0.0044892662401023	0.938235158857895	0.022	0.012	1	KRAS	c36
0.389545456866212	-0.937843896035298	0.162	0.142	1	GNLY	c36
0.0327229953774858	-0.93684748024159	0.007	0.016	1	TBRG1	c36
0.0207541869939767	0.936395377472472	0.015	0.009	1	PSMB7	c36
0.044256816715741	0.936395377472472	0.012	0.007	1	LPCAT4	c36
0.00973505149344973	0.936395377472471	0.018	0.01	1	OBFC1	c36
0.00961563900424827	-0.934580873269644	0.012	0.025	1	TNFAIP8	c36
0.00748623230035652	0.934374324084434	0.019	0.011	1	C6orf1	c36
0.0102337079792428	0.934268031241508	0.018	0.01	1	CAMTA1	c36
0.0456335881452882	0.933287236146288	0.012	0.007	1	FBXL15	c36
0.0148521358962972	0.933028526374073	0.015	0.008	1	CD70	c36
0.00569440045522908	-0.932907944979927	0.025	0.042	1	MTRNR2L2	c36
0.0577826648690116	0.931907986480158	0.011	0.006	1	SLC2A4RG	c36
0.000194874803976103	-0.931247956321278	0.026	0.052	1	GIMAP4	c36
0.0175659278246483	0.930854155139736	0.016	0.009	1	HLA-L	c36
0.0365674791811641	0.930628434253585	0.013	0.008	1	SQRDL	c36
0.00010659962235171	0.929316388583977	0.038	0.02	1	KTN1	c36
0.0729043885270628	0.929059624171128	0.01	0.006	1	ZBP1	c36
0.0747603231175163	-0.928727916496909	0.004	0.01	1	KIF2A	c36
0.0243491776355342	0.927904749488093	0.017	0.01	1	SKIL	c36
0.0797831627987674	0.926622638725295	0.01	0.006	1	MORF4L2	c36
0.0151147250512357	0.925521543820497	0.019	0.011	1	C19orf24	c36
0.0227699606386108	0.925481717320725	0.015	0.009	1	LSM10	c36
0.000592688603199912	0.925131034643091	0.031	0.017	1	UFM1	c36
0.0487745664460595	0.925031448004088	0.012	0.007	1	SNX5	c36
0.000619216988918796	0.924699542179611	0.031	0.017	1	RER1	c36
0.00678030800040402	0.923611110911594	0.021	0.011	1	ATP6V0E2	c36
0.0374790068416559	0.922021013714486	0.013	0.008	1	SPAG7	c36
0.0817003251730382	0.919336284646802	0.01	0.006	1	ABCA11P	c36
0.00135708779604379	0.919163247760131	0.028	0.015	1	H3F3A	c36
0.0115141443772073	0.918762610423236	0.018	0.01	1	B3GNT2	c36
0.0636207440200102	0.918528956678958	0.011	0.006	1	AK2	c36
0.021763239928497	0.917641417407109	0.018	0.011	1	SCAMP2	c36
0.0639992262495138	0.91741961787698	0.011	0.006	1	PHF20L1	c36
0.0225063052255688	0.917142416407995	0.015	0.009	1	PHF5A	c36
0.0505575495972458	0.916822634728556	0.012	0.007	1	YIPF3	c36
0.0035187682379282	0.916311131429139	0.024	0.013	1	MAP1LC3B2	c36
0.0402663570763496	0.915361677600274	0.013	0.008	1	SEC13	c36
0.0514642693211984	0.913756331680772	0.012	0.007	1	SNRNP40	c36
0.0767956795091963	-0.912724686041416	0.005	0.011	1	LILRB1	c36
0.0514725053880327	0.910696531931714	0.012	0.007	1	RBM38	c36
0.0526881217099959	0.910696531931714	0.012	0.007	1	SUPT5H	c36
0.00296049986820057	-0.909273614687891	0.018	0.036	1	PTPN6	c36
0.0493687815638328	-0.909245408679094	0.006	0.013	1	MIDN	c36
0.0159046505494351	0.90894290784976	0.017	0.01	1	EMC6	c36
0.0127604993341051	0.908285476207789	0.018	0.01	1	SRSF4	c36
0.0402850143002754	0.907788457895474	0.013	0.008	1	GSPT1	c36
0.0536214155907984	0.90764320795416	0.012	0.007	1	AP2B1	c36
0.00471723456422195	-0.90668262995969	0.017	0.034	1	REL	c36
0.000334530855571383	0.906655895983937	0.035	0.019	1	RPS19BP1	c36
0.0427114021357184	0.905901348351208	0.013	0.008	1	GIT2	c36
0.0638174615124097	-0.905847253537456	0.005	0.011	1	PER1	c36
0.00639557122723531	0.905472803853511	0.022	0.012	1	PPM1G	c36
0.0013207492072097	-0.904811441685116	0.023	0.044	1	ANXA5	c36
0.0329162682397076	0.904393435968425	0.014	0.008	1	RALGDS	c36
0.0797556815895006	-0.904091386975199	0.004	0.01	1	RSF1	c36
0.0424694978190438	0.904016704006265	0.013	0.008	1	ATF6B	c36
0.0308434637511098	0.903514547704333	0.014	0.008	1	PERP	c36
0.000266239583162149	-0.90321670236031	0.031	0.058	1	SPOCK2	c36
0.0213085290055644	0.902687847565164	0.016	0.009	1	SMNDC1	c36
0.000349288604459348	0.90213451842829	0.035	0.019	1	UQCRFS1	c36
0.00848862446356738	0.90213451842829	0.021	0.011	1	DBNL	c36
0.0906672963916854	0.898889243185837	0.01	0.006	1	UBA2	c36
0.0141150277350514	0.895122741070263	0.018	0.01	1	PDCD5	c36
0.0444979874587721	0.894630236016188	0.013	0.008	1	ATP8A1	c36
0.0361293537796238	0.893881950189823	0.014	0.008	1	SF3B4	c36
0.00603948128050696	0.893654288039929	0.023	0.013	1	ADRM1	c36
0.0174947249949047	0.893591054929056	0.017	0.01	1	B3GAT3	c36
0.118181370580522	0.893479187752566	0.011	0.007	1	CLECL1	c36
0.0141205937582497	0.892366875779754	0.018	0.01	1	MRPL55	c36
0.0341415318571393	-0.890727167113337	0.008	0.017	1	AP1S2	c36
0.000359574548426212	0.889400367375369	0.035	0.019	1	PRMT9	c36
0.0185400445721919	0.88923464988492	0.017	0.01	1	ACAA1	c36
0.0529269523506892	0.888808258558958	0.015	0.009	1	AKIRIN1	c36
0.0109441473444437	-0.888191674297474	0.013	0.026	1	GNAI2	c36
0.00252323525716605	0.88778543324785	0.027	0.015	1	C1QBP	c36
0.000100755303637504	0.887696752973619	0.047	0.027	1	MRPL41	c36
0.0588038920374331	0.887451205274413	0.012	0.007	1	LIX1L	c36
0.0465898906546209	0.887164785769622	0.013	0.008	1	COA1	c36
0.0289077770603816	0.88263439784494	0.015	0.009	1	NENF	c36
0.0769291196933217	0.882363799505802	0.011	0.007	1	SENP6	c36
0.00215960069984161	0.88159094094503	0.028	0.016	1	SDF4	c36
0.0457697710613591	-0.881036617273083	0.007	0.015	1	TNFSF13B	c36
0.0161229314753755	0.880712825382263	0.018	0.011	1	SH3BP1	c36
0.0398020069314736	0.87825694142095	0.014	0.008	1	ZNF394	c36
0.0629012778767708	0.877460202457782	0.012	0.007	1	AP1G2	c36
0.0259200616071874	0.877343072065504	0.016	0.009	1	TIMM8B	c36
0.0018588413740867	0.876374448848011	0.032	0.018	1	RNF181	c36
9.59685180549103e-05	0.876210394374229	0.043	0.024	1	EIF1B	c36
0.0323697104157092	0.876154004957156	0.015	0.009	1	RTFDC1	c36
0.0795331101097623	0.875884619270464	0.011	0.007	1	FRG1	c36
0.0748886187851142	-0.875446935577446	0.005	0.011	1	MXD1	c36
0.0991685433744787	0.875199137140736	0.01	0.006	1	TMEM191A	c36
6.79681305791909e-05	0.875076763883482	0.047	0.027	1	ARF4	c36
0.0168733946117307	0.874580936402439	0.018	0.011	1	ARL6IP6	c36
0.0636065454710265	0.87447634401896	0.012	0.007	1	PABPC4	c36
0.0327388112155175	0.87292469182171	0.015	0.009	1	C18orf32	c36
0.0209100251561025	0.871939397309146	0.017	0.01	1	TBCD	c36
0.00387107835241636	0.869992285573836	0.025	0.014	1	LOC100996919	c36
0.00149040969715983	-0.869280943800903	0.031	0.054	1	LINC00861	c36
0.00131878857199096	0.868668442152233	0.034	0.02	1	MRPL54	c36
0.0100335437520957	0.862915829264553	0.022	0.012	1	PNN	c36
0.0152437904371071	0.862799346680752	0.019	0.011	1	CCT8	c36
0.000885812454253849	0.86272169684942	0.033	0.018	1	GABARAPL1	c36
0.0187622910226317	0.861720796931695	0.018	0.011	1	FAM162A	c36
0.00174214809129849	0.861651090855507	0.029	0.016	1	SERPINB9	c36
0.000108748378437709	0.860878740618238	0.019	0.008	1	LGMN	c36
0.00128696010567978	0.860878740618237	0.032	0.018	1	TCEB1	c36
0.0679389257997934	0.860632693880899	0.012	0.007	1	PFKL	c36
0.0100388382171695	0.860006582380559	0.022	0.012	1	FDFT1	c36
0.0844649052321477	0.859812841019778	0.011	0.007	1	LYPLA2	c36
0.0454314260483169	0.859386701586496	0.014	0.008	1	PQLC3	c36
0.039306501082923	-0.857845022045484	0.008	0.017	1	ACAP2	c36
0.0496374500778021	0.857683401458431	0.013	0.008	1	MIF-AS1	c36
0.0159310143628927	0.857045182009452	0.019	0.011	1	PSMA4	c36
0.0210556149953056	0.856974286162322	0.017	0.01	1	STARD3NL	c36
0.00376028095122971	0.856265519240235	0.027	0.015	1	NONO	c36
0.00567900770749802	0.85564209225209	0.025	0.014	1	LAMTOR5	c36
0.0705458782744486	0.854740125957698	0.012	0.007	1	LETMD1	c36
0.131703877282789	0.853760366978862	0.011	0.007	1	NACAP1	c36
0.0591954966928076	0.852469882286293	0.017	0.011	1	GADD45G	c36
0.000107210390216513	0.852302846438424	0.045	0.025	1	EID1	c36
0.0127570579460083	0.852222088788265	0.021	0.012	1	JMJD6	c36
0.00502769402804181	0.850825075954315	0.026	0.015	1	OCIAD1	c36
0.0728470593627242	0.847895744915643	0.012	0.007	1	ECHS1	c36
0.0514001915074964	-0.847658445221451	0.007	0.015	1	LIMS1	c36
0.0743933065984279	0.846920621498399	0.012	0.007	1	THOC7	c36
0.0138429840872962	0.844369846028837	0.021	0.012	1	CMC2	c36
0.09294244559566	0.843918133336875	0.011	0.007	1	SKAP2	c36
0.115184652677863	0.843822333672782	0.01	0.006	1	ZNF593	c36
0.0759725974018454	0.843026705393908	0.012	0.007	1	CHST11	c36
0.0953783073331704	0.842864686746886	0.011	0.007	1	VPS26A	c36
0.0147535765012819	0.842563843238156	0.021	0.012	1	ORMDL1	c36
0.0190333404610843	0.842443523398138	0.014	0.008	1	THBD	c36
0.0508147249172241	0.841601565369637	0.014	0.009	1	RNF138	c36
0.0335012872752148	0.841255019538614	0.016	0.01	1	SBDSP1	c36
0.151815119029576	0.840113149962293	0.011	0.007	1	C1orf228	c36
0.0918332210732011	0.839919121982592	0.013	0.008	1	LOC646513	c36
0.0615999145640047	0.839558853522512	0.013	0.008	1	UBE2D1	c36
0.000256075495416423	-0.83733202822199	0.039	0.068	1	LITAF	c36
0.0417848003227026	0.837084440278565	0.015	0.009	1	POP5	c36
0.0280568329719195	0.835861299009124	0.017	0.01	1	SRP19	c36
0.0405058352618842	0.834726452762269	0.015	0.009	1	RELB	c36
0.0294046749383176	0.833069435455921	0.017	0.01	1	CCT3	c36
0.0662341842758791	0.831476507224654	0.013	0.008	1	C11orf73	c36
0.0546443842390616	0.830700591953213	0.014	0.009	1	AKR1B1	c36
0.0240751527843806	0.830662620798415	0.021	0.012	1	LOC101929910	c36
0.0295641084230054	0.830282964206516	0.017	0.01	1	TXN2	c36
0.0500646098217292	0.826529744755413	0.014	0.009	1	ANXA2P2	c36
0.0379524432075139	0.825011607977989	0.016	0.01	1	FIBP	c36
0.00471687662048973	-0.823121744208184	0.021	0.038	1	ITGA4	c36
0.0141500767966063	0.822710738236721	0.022	0.013	1	STRA13	c36
0.020904881064425	0.821125607754509	0.019	0.012	1	MTFP1	c36
0.0385485145532112	0.819881368746047	0.016	0.01	1	MRPL34	c36
0.125785367113043	-0.81958118518968	0.262	0.227	1	CCL4	c36
0.0176413440008193	0.819289250929039	0.021	0.012	1	RTF1	c36
0.000136835069431033	-0.819245886429902	0.049	0.083	1	TUBA1A	c36
0.016765081211749	0.818697376032167	0.021	0.012	1	POLR2I	c36
0.000737920976280923	0.818155037271794	0.036	0.021	1	SPCS3	c36
0.000414411505564588	0.817759535127681	0.041	0.024	1	NDUFA2	c36
0.0707719411536864	0.817218750258695	0.013	0.008	1	GNB1	c36
0.0885285243843629	0.817014136849882	0.012	0.008	1	ZNF655	c36
0.104564881521064	0.816775457878225	0.011	0.007	1	SDF2	c36
0.143592703446101	0.81415259202898	0.011	0.007	1	MID1IP1	c36
0.0502261401089692	0.812902448731019	0.015	0.009	1	SUMO1P3	c36
0.000392329328297572	0.812202728088401	0.042	0.024	1	RNPS1	c36
0.00392252580665808	0.811025017785539	0.028	0.016	1	MRPL18	c36
0.00239012289443763	0.810583624163957	0.032	0.019	1	TMEM179B	c36
0.000127464591372985	0.810401913093638	0.05	0.029	1	H2AFV	c36
0.00796868145326527	-0.80917371615828	0.019	0.035	1	NOSIP	c36
0.00910017374223778	0.808978090844844	0.025	0.015	1	ZNF428	c36
0.0744259353445871	-0.808829027340278	0.006	0.013	1	CYLD	c36
0.112046634179769	0.807497644290214	0.011	0.007	1	RBM42	c36
0.0625235790542266	-0.806960530388527	0.007	0.014	1	RASGRP2	c36
0.00770422594947744	0.806549438511166	0.026	0.015	1	DCTN3	c36
0.028305802024526	0.806200256576082	0.018	0.011	1	FBXW5	c36
0.0758758520209534	0.805737186425777	0.013	0.008	1	TXNDC12	c36
0.135345497969447	0.805257434149265	0.01	0.006	1	NCOA7	c36
0.126649968377806	0.805033604338734	0.013	0.009	1	FUNDC2	c36
0.0923491436768177	-0.804609496161747	0.005	0.011	1	CAPNS1	c36
0.00204318263784367	0.803649429042745	0.032	0.018	1	CCND2	c36
0.0527843678183601	0.803649429042745	0.015	0.009	1	COQ10B	c36
0.0248245960192621	0.803188332237811	0.019	0.012	1	PTPN2	c36
0.145206383809851	0.803100520981148	0.012	0.008	1	HAVCR2	c36
0.0910602180866655	-0.800570216693735	0.005	0.011	1	TMPO	c36
0.0917054770656511	-0.800570216693735	0.005	0.011	1	GOLPH3	c36
0.000152584182718307	0.800322591997511	0.048	0.028	1	TOMM5	c36
0.117034880333819	0.800322591997511	0.011	0.007	1	VMA21	c36
0.0329784906015261	0.799981811308341	0.017	0.01	1	PTPRA	c36
0.139332475260857	0.799672080518409	0.01	0.006	1	NCBP2-AS2	c36
0.136033260766528	0.798557599936999	0.01	0.006	1	METRNL	c36
0.140010808891647	0.798557599936999	0.01	0.006	1	CCDC130	c36
0.0652414472297341	-0.796857582652864	0.007	0.014	1	HNRNPLL	c36
0.0308036044764642	0.796506860372237	0.018	0.011	1	SMIM7	c36
0.117609955737197	0.79623852687553	0.011	0.007	1	HAGH	c36
0.00317133221126572	0.794870035962465	0.034	0.02	1	SNHG7	c36
0.000919224672790024	0.794296875195896	0.049	0.031	1	PIM1	c36
7.94554570976076e-05	0.793075954971964	0.056	0.034	1	SNRPB	c36
0.00211724158766158	0.793063356390665	0.034	0.02	1	RAB11B	c36
0.0962585939313883	0.791462294052885	0.012	0.008	1	EMC7	c36
0.147523683942428	0.789672613942781	0.01	0.007	1	GMIP	c36
0.0470370651567088	0.789409016521777	0.019	0.012	1	NUDC	c36
0.0225582444167412	0.788249759696936	0.021	0.012	1	PLSCR1	c36
0.039780595712712	-0.787147409828281	0.01	0.019	1	AOAH	c36
0.0693494490196613	0.787091433628377	0.014	0.009	1	MRPS36	c36
0.114401909947711	0.786078660655309	0.014	0.009	1	MRPL14	c36
0.0824313616474232	0.785644832643953	0.013	0.008	1	MED15	c36
0.0676269430614926	-0.785151049576074	0.007	0.014	1	ABHD14B	c36
0.0282022109935019	0.784864270818547	0.019	0.012	1	ARRDC1	c36
0.0350928669224589	0.783682820014654	0.018	0.011	1	ZRANB2	c36
0.0604227328827833	0.782287081492934	0.015	0.01	1	ETNK1	c36
0.103864352763789	0.782112325870301	0.012	0.008	1	LUC7L2	c36
0.0876447183262104	0.780449046568624	0.013	0.008	1	IAH1	c36
0.000995959367074832	0.777978557370159	0.042	0.025	1	MZT2B	c36
0.0519729345807636	0.776640518351792	0.016	0.01	1	CARHSP1	c36
0.0431074279586692	0.775654761148697	0.017	0.011	1	PUF60	c36
0.105844445464186	0.775603216996746	0.012	0.008	1	SURF2	c36
0.0184031001881464	0.770971768265101	0.023	0.014	1	MAGOH	c36
0.131045191186791	0.7709717682651	0.011	0.007	1	PRPF6	c36
0.216847697254484	0.770047260036803	0.011	0.008	1	ILKAP	c36
0.133455151353841	0.769970244420027	0.011	0.007	1	CUEDC2	c36
0.0779894016829439	0.768569278049796	0.014	0.009	1	NASP	c36
0.112373542864063	0.768200019015047	0.012	0.008	1	CISD2	c36
0.00100761465750643	0.765517338172992	0.043	0.026	1	ITGAE	c36
0.000383534364275684	0.765355181645509	0.047	0.028	1	JTB	c36
0.00169375786850493	0.764973027643657	0.038	0.023	1	SELT	c36
0.16182369363258	0.764428922398328	0.01	0.007	1	COPB1	c36
0.0471023019431172	0.764308037984089	0.017	0.011	1	AZIN1	c36
0.164019974846955	0.763341327140723	0.01	0.007	1	UBE3A	c36
0.00632245796541956	-0.761760773683497	0.018	0.034	1	LYAR	c36
0.0106358872408225	0.761651140288621	0.027	0.016	1	POLR2G	c36
0.0109321630330533	0.760324524065592	0.027	0.016	1	TMEM14B	c36
0.0492944707387569	-0.757460636249872	0.011	0.02	1	NEU1	c36
0.0390561876729578	0.754893560251526	0.026	0.017	1	CISH	c36
0.0916750800478665	-0.75378447183436	0.006	0.012	1	LGALS9	c36
0.0108000070695366	0.753709679644026	0.027	0.016	1	HERPUD2	c36
0.00107288634387608	0.753484341536259	0.04	0.024	1	BCL3	c36
0.0081462907060805	0.753254599506227	0.029	0.018	1	POLR2K	c36
0.198490828722813	-0.752263088441991	0.137	0.15	1	MT2A	c36
0.059969352606734	0.75200253169851	0.016	0.01	1	PLEKHF1	c36
0.0101411355869899	0.750825195153324	0.031	0.019	1	MATK	c36
0.072972149612294	0.750825195153324	0.015	0.01	1	SDHC	c36
0.0430792586752476	0.750240326681014	0.018	0.012	1	KDELR2	c36
0.0138412788794647	0.74985654187753	0.026	0.016	1	SUMO3	c36
0.0378021170078852	0.749492040854649	0.019	0.012	1	TMEM14C	c36
0.0448407555055706	0.748993399169605	0.018	0.012	1	G3BP1	c36
0.0627117427342676	0.747820804014543	0.016	0.01	1	NDUFB5	c36
0.0020920047160845	-0.747184298409572	0.03	0.052	1	CCNH	c36
0.15651623488205	0.747125026310732	0.012	0.008	1	ARL4D	c36
0.110252261209571	-0.747003752773334	0.005	0.01	1	KCNAB2	c36
0.0749485065529732	0.746386129986827	0.015	0.01	1	RBM4	c36
0.111289262929066	-0.746303924944481	0.005	0.01	1	FAM102A	c36
0.123507217317262	0.74621566917953	0.012	0.008	1	HELZ	c36
0.146652530130634	0.746139915285164	0.011	0.007	1	NCOA3	c36
0.0390050438133029	0.745942973773578	0.019	0.012	1	PPP6C	c36
0.178387374727482	0.744976559732156	0.01	0.007	1	NSMCE1	c36
0.146664031813832	0.744171708921384	0.011	0.007	1	ADH5	c36
0.179163002052654	0.74390352506693	0.01	0.007	1	MAPKAPK3	c36
0.124069061534984	0.742583961683663	0.012	0.008	1	NR1H2	c36
0.0114554795210459	0.740383448431677	0.028	0.017	1	STRAP	c36
0.090100663469816	0.7400471950702	0.014	0.009	1	YDJC	c36
0.0753135050289848	0.739017906407447	0.015	0.01	1	TXNL4A	c36
0.0413119871522062	0.738870925098077	0.019	0.012	1	NRBP1	c36
0.113143226990101	-0.738583329798034	0.005	0.01	1	USP3	c36
0.0221911495384538	0.737304055499705	0.024	0.015	1	HNRNPR	c36
0.130146947132153	0.737153484603478	0.012	0.008	1	METTL23	c36
0.00166835634870639	0.737108316398817	0.04	0.024	1	MZT2A	c36
0.0970485565532799	-0.73697385252511	0.006	0.012	1	BAZ1A	c36
0.0929101150447633	0.734566121836363	0.014	0.009	1	JOSD2	c36
0.00549466142388625	0.733926834000984	0.033	0.02	1	ZNHIT1	c36
0.0711000558251894	-0.732942286283027	0.008	0.015	1	BTN3A2	c36
0.183888263819633	0.732152519374572	0.01	0.007	1	ASXL2	c36
0.0137541177829518	-0.73094983519372	0.022	0.036	1	MYADM	c36
0.182942979061694	0.730663779611564	0.013	0.009	1	PIH1D1	c36
0.112275558364164	0.730329783767754	0.013	0.009	1	MESDC2	c36
0.190217745919715	0.728964241743525	0.01	0.007	1	MED4	c36
0.160560270889944	0.728521982140144	0.011	0.007	1	USP16	c36
0.0714966441245953	0.728464758450912	0.016	0.011	1	SNRPC	c36
0.134148756480825	0.727250390835783	0.012	0.008	1	MPC1	c36
0.135288170536015	0.727250390835783	0.012	0.008	1	IFNAR2	c36
0.191027912717561	0.726842631006922	0.01	0.007	1	NT5C3A	c36
0.0978432933479925	0.726771964354565	0.014	0.009	1	CCT6A	c36
0.00839832549591212	-0.726598020510131	0.025	0.041	1	WSB1	c36
0.0238104108678437	0.726091974759361	0.024	0.015	1	ENY2	c36
0.136450470361012	0.724561303308143	0.012	0.008	1	MRFAP1L1	c36
0.0740784301437756	-0.723965278187615	0.008	0.015	1	WASF2	c36
0.074602651627965	0.723666053486744	0.016	0.011	1	CSNK1A1	c36
0.162622504617606	0.723666053486744	0.011	0.007	1	DDRGK1	c36
0.000115831708930258	0.723499853954173	0.068	0.043	1	ATP5D	c36
0.0271483649902639	0.723137303236776	0.022	0.013	1	TUBA1C	c36
0.0102457763072234	0.722890619422986	0.03	0.019	1	DDOST	c36
0.101652250538366	0.7213410005405	0.014	0.009	1	LSM3	c36
0.0193187392832794	0.720537046749348	0.026	0.016	1	RBBP4	c36
0.022146797006111	0.719019688630378	0.025	0.016	1	PIN1	c36
0.0488537844497306	-0.71802874178496	0.011	0.02	1	TNFRSF14	c36
0.0219806033221574	-0.717552761892524	0.017	0.03	1	SLA	c36
0.0462678279470057	0.717281152520145	0.019	0.012	1	MRPL43	c36
0.143505424820933	0.71563370649717	0.012	0.008	1	PYCR2	c36
0.000117707560653635	0.714756868498543	0.068	0.043	1	ATP6V0B	c36
0.026393541564258	0.7135214960812	0.024	0.015	1	ERGIC3	c36
0.000302255206584791	-0.713298589872563	0.052	0.084	1	TSPO	c36
0.0783417828408956	-0.71254546889651	0.008	0.015	1	FNBP4	c36
0.0236030244644185	0.711616490648678	0.025	0.016	1	IRF9	c36
0.0590969520227499	0.71086368937477	0.018	0.012	1	GGNBP2	c36
0.2033094115872	0.709981138375952	0.01	0.007	1	TMEM141	c36
0.205796627880898	0.709981138375952	0.01	0.007	1	ZMAT2	c36
0.124278817756557	-0.708000036767842	0.005	0.01	1	XRN2	c36
0.123782251090756	0.7079619707393	0.013	0.009	1	CISD3	c36
0.17524557543783	0.705361162996951	0.011	0.008	1	RIN3	c36
0.175949363760729	0.705361162996951	0.011	0.008	1	HEXA	c36
0.208334515537023	0.703708541360422	0.01	0.007	1	MPRIP	c36
0.00253932459337944	-0.701898224697002	0.034	0.056	1	CNN2	c36
0.0303925385575261	0.701536919429945	0.024	0.015	1	TWF2	c36
5.04231739251841e-05	0.700914361470505	0.07	0.043	1	TRAPPC1	c36
0.128408015336639	-0.700793752849198	0.005	0.01	1	UQCRC1	c36
0.208355473450972	0.700582440373703	0.01	0.007	1	HIPK3	c36
0.0825007616064577	0.699236014666186	0.016	0.011	1	SRA1	c36
0.0703419699151838	-0.697966936116573	0.01	0.018	1	MAF	c36
0.0255958478597244	0.697821300696645	0.028	0.018	1	SUPT3H	c36
0.134852519821006	0.696498953240764	0.013	0.009	1	ANKRD11	c36
0.210899691303932	0.696424814900046	0.01	0.007	1	GPAA1	c36
0.00467386438564982	0.696256514970912	0.037	0.023	1	PTPN22	c36
0.00251465163655383	0.695955360528648	0.042	0.026	1	TRIM22	c36
0.0129873305193601	0.695248996070662	0.03	0.019	1	NT5C	c36
0.0564475209786232	0.694868789179309	0.019	0.013	1	BNIP2	c36
0.217701755106033	0.694350486662188	0.01	0.007	1	ATXN10	c36
0.00336150629474688	0.69401368985117	0.04	0.025	1	IFI27L2	c36
0.0983238377133674	-0.69228011562178	0.007	0.013	1	RASA2	c36
0.00141703625654987	0.691679000992246	0.049	0.031	1	ARL4C	c36
0.141449996337957	0.689989319902544	0.013	0.009	1	OS9	c36
0.00379245246208668	0.688893709963269	0.04	0.025	1	SNRPF	c36
0.0443165796626143	0.688661414780364	0.022	0.014	1	LSM4	c36
0.0356240271421867	-0.687366485377926	0.015	0.026	1	SH2D1A	c36
0.0666434372953345	-0.686471297278743	0.01	0.018	1	PYHIN1	c36
0.222059396013668	0.686082870678587	0.01	0.007	1	STX10	c36
0.223791658190994	0.686082870678587	0.01	0.007	1	ZBTB8OS	c36
0.0117049457622836	0.684924027707805	0.032	0.02	1	PSMB6	c36
0.00226347464232905	0.684795324818127	0.043	0.027	1	LOC100506248	c36
0.0807237003319839	0.682880438640243	0.017	0.011	1	HSPA9	c36
0.0120554846530686	0.681624282669818	0.035	0.023	1	DCXR	c36
0.109539164441996	0.681388875140391	0.015	0.01	1	SLIRP	c36
0.000264897124389818	0.680730735898534	0.059	0.037	1	SF3B5	c36
0.0823305228235991	0.679742097091841	0.017	0.011	1	ITGB7	c36
0.193676221837871	0.679742097091841	0.011	0.008	1	TMBIM1	c36
0.000226765457954344	0.678589712031646	0.063	0.039	1	NDUFB8	c36
0.0820208882751444	0.678488669523086	0.017	0.011	1	SDHAF2	c36
0.0102742435945382	0.677530900336057	0.034	0.022	1	ATP5A1	c36
0.0165785762223663	0.67711115581661	0.03	0.019	1	RAD23A	c36
0.230856970437827	0.676838086201279	0.01	0.007	1	RABIF	c36
0.0562406705715274	-0.675623799516393	0.012	0.021	1	RORA	c36
0.0327476128649467	-0.672686882527174	0.016	0.028	1	TRAPPC5	c36
0.00796623083204186	0.672549715024894	0.036	0.023	1	UBXN4	c36
0.0581875301883393	0.672505153704112	0.021	0.013	1	MOB1A	c36
0.00675091259663457	-0.671933605926823	0.029	0.047	1	CD48	c36
0.0945565653084695	-0.671357422681484	0.008	0.015	1	MYCBP2	c36
0.073782433885647	0.671351729049947	0.018	0.012	1	SNRPA1	c36
0.170660315344661	0.670942949933829	0.012	0.008	1	MFF	c36
0.0909804018170751	0.669928182331401	0.016	0.011	1	ALG13	c36
0.238019458485824	0.669688432427918	0.01	0.007	1	SDHA	c36
0.0849886737368818	0.668500260669927	0.017	0.012	1	RNF113A	c36
0.00095230413019809	0.66832419986636	0.053	0.034	1	TBCA	c36
0.00136292455780367	0.666635108450364	0.061	0.04	1	NHP2L1	c36
0.149497109531851	0.665836495066623	0.013	0.009	1	NFKB1	c36
0.0018364243417198	0.665237825008559	0.048	0.031	1	RALY	c36
0.0433036953105525	-0.664953097487567	0.014	0.024	1	PAK2	c36
0.0363784681144693	0.663507070896548	0.025	0.016	1	MED10	c36
0.00268976525485905	0.663283898950726	0.049	0.032	1	ATP5J	c36
0.0472978438450316	0.663235387878213	0.023	0.015	1	PSMB2	c36
0.009165664939612	0.662487137986703	0.035	0.022	1	CFLAR	c36
0.210708726248633	0.661982750207474	0.011	0.008	1	ADIPOR1	c36
0.00555874985979437	0.661813855915442	0.043	0.028	1	NDUFA6	c36
0.0101545267226563	0.661332615630133	0.039	0.026	1	SEC62	c36
0.0614250866742112	0.660788850514678	0.021	0.014	1	COMMD7	c36
0.0695485342229128	0.659940455876357	0.019	0.013	1	ACADVL	c36
0.00260116345461255	0.659816773331731	0.052	0.035	1	SCAND1	c36
0.0134767055754664	0.659744023846522	0.032	0.021	1	ACP5	c36
0.00221601092797583	0.659131089773284	0.052	0.034	1	SNHG15	c36
0.0255375196977914	0.659066071131015	0.028	0.018	1	PPP4C	c36
0.146647683726154	-0.659016072479715	0.005	0.01	1	STK38	c36
0.0144686708029899	0.658762264679075	0.033	0.021	1	ODC1	c36
0.00437868192277241	0.658668798640308	0.042	0.027	1	DYNLRB1	c36
0.013637373431951	0.658619147270011	0.032	0.021	1	SELM	c36
0.100135067030267	-0.658024188603664	0.008	0.015	1	SSH2	c36
0.0565832133224705	0.658018952260711	0.022	0.014	1	NUCB1	c36
0.0489471905021537	0.656942797619841	0.023	0.015	1	CHIC2	c36
0.0879337388567729	-0.65618740372596	0.009	0.016	1	TGOLN2	c36
0.108163054185777	0.656147501768683	0.016	0.011	1	NCF4	c36
0.0461062092695126	0.65501212481128	0.023	0.015	1	PRNP	c36
0.166159179110364	0.653910042129172	0.013	0.009	1	DERL1	c36
0.287559594672923	0.653910042129172	0.012	0.009	1	MIB2	c36
0.0942236804838179	0.653646126452795	0.017	0.012	1	RPAIN	c36
0.0664555373837862	0.653382259046319	0.021	0.014	1	POLE4	c36
0.00136150445480375	0.652765403583652	0.063	0.042	1	MRPS21	c36
0.140956111918727	-0.652414312304206	0.006	0.011	1	SESN1	c36
0.000187100133794071	0.650036479197632	0.07	0.045	1	UBE2D2	c36
0.0981667945000172	0.649956367303735	0.017	0.012	1	TAOK3	c36
0.0652664424996896	0.649693173826604	0.021	0.014	1	PARVG	c36
0.186310826542317	0.649531232472047	0.012	0.008	1	MRPS31	c36
0.221159636498192	0.649035400122195	0.011	0.008	1	PREX1	c36
0.00796335669703174	0.648793138020084	0.038	0.025	1	MRPL57	c36
0.154308371645079	-0.648567123248685	0.006	0.011	1	TUBB2A	c36
0.0822263590686989	-0.647749732268808	0.01	0.018	1	CDC42EP3	c36
0.0578173765026851	-0.647368124600084	0.014	0.024	1	IFNGR1	c36
0.0783839811950491	0.646092249712947	0.019	0.013	1	RAB11A	c36
0.000318962526780392	0.646013497834279	0.07	0.046	1	UXT	c36
0.0478989703052823	0.64581663694281	0.024	0.016	1	DDX18	c36
0.157546809148448	-0.645567756178976	0.005	0.01	1	ATP6V1B2	c36
0.0573957589724146	-0.645353276874205	0.013	0.022	1	SRRM2	c36
0.000969848501975218	0.64502946189074	0.056	0.037	1	COX5A	c36
0.14690583992692	0.644439362336168	0.014	0.01	1	TARSL2	c36
0.255537120520098	0.644439362336168	0.01	0.007	1	CHD3	c36
0.00419873602994925	0.644189089971782	0.044	0.029	1	RNF149	c36
0.0152537951644391	0.643859850361761	0.037	0.025	1	MRPL33	c36
0.192790378927386	-0.64316376471935	0.008	0.013	1	CCL3L1	c36
0.134346520404834	0.642375912581464	0.015	0.01	1	NGRN	c36
0.165643634929906	0.642081374819873	0.013	0.009	1	PNP	c36
0.120657451183743	-0.641809757073376	0.007	0.013	1	KCNA3	c36
0.00261403453840061	0.641419365633441	0.049	0.032	1	SNHG9	c36
0.218815590202856	0.639857919804265	0.011	0.008	1	ERLEC1	c36
0.135339963442253	0.639629229141839	0.015	0.01	1	HNRNPD	c36
0.173703156038807	0.638943374581316	0.013	0.009	1	CCS	c36
0.00773777238082218	-0.637966486651163	0.039	0.059	1	TYMP	c36
0.0197771397648238	0.637230163311364	0.032	0.021	1	C14orf166	c36
0.138224427606158	-0.63696361532853	0.006	0.011	1	CRTAP	c36
0.0021366246548411	-0.636963615328529	0.042	0.067	1	GLTSCR2	c36
0.230213600169665	0.636203212236404	0.011	0.008	1	POLR2C	c36
0.123866113569647	0.635398271613565	0.016	0.011	1	RAB14	c36
0.103207900425667	0.634835080279071	0.015	0.01	1	SMIM14	c36
0.00217942625108373	0.634111300037685	0.051	0.034	1	TMEM50A	c36
0.0816469263739153	0.634014823434713	0.019	0.013	1	TMEM160	c36
0.110350994331079	-0.634012066349821	0.008	0.014	1	NCOR1	c36
0.0846167188118088	0.633468244515165	0.019	0.013	1	NOL7	c36
0.125439764243001	-0.63275041778591	0.007	0.013	1	HADHA	c36
0.0530279906877142	0.632102702490935	0.024	0.016	1	PDCD6	c36
0.00236635726782423	0.631431977358647	0.057	0.039	1	TSTD1	c36
0.0061724307388032	0.630868324833534	0.042	0.028	1	EMD	c36
0.0388468986528731	0.630556649095262	0.029	0.02	1	KLRC4	c36
0.185262568463285	0.630348902670986	0.013	0.009	1	PDCD10	c36
0.13319879604833	0.629829667451817	0.019	0.014	1	TSPAN14	c36
0.0600758348782167	-0.62968495542639	0.015	0.025	1	HSPA6	c36
0.183972829980568	0.629570119903956	0.013	0.009	1	SSBP4	c36
0.0154800540450874	0.628013814423057	0.034	0.022	1	PHPT1	c36
0.183987183780095	0.628013814423057	0.013	0.009	1	CD320	c36
0.104511451791337	-0.627287381756412	0.009	0.016	1	MACF1	c36
0.036695605300738	0.626490262152593	0.025	0.016	1	PIM3	c36
0.0118751691885526	0.625808420300514	0.037	0.024	1	RNF167	c36
0.245399960551043	0.624388950604303	0.011	0.008	1	NFKB2	c36
0.32172524463558	0.624130379935829	0.012	0.009	1	MAZ	c36
0.0574276741231801	-0.621956189876512	0.014	0.024	1	PRKCH	c36
0.130687348151534	-0.62134565451366	0.007	0.013	1	RBMS1	c36
0.116067293219082	-0.619818184767067	0.008	0.014	1	ADD3	c36
0.0572717807371208	0.618844309918384	0.028	0.019	1	SF3B2	c36
0.146789754193578	-0.618726143960335	0.006	0.011	1	DPYD	c36
0.000157918841687255	0.617971411305927	0.089	0.06	1	YPEL5	c36
0.00273814155862117	0.617166432186065	0.055	0.037	1	NEDD8	c36
0.107332912793696	0.616882073253265	0.018	0.013	1	NOP58	c36
0.0455535839640109	0.616848622945681	0.032	0.022	1	ZNRD1	c36
0.0195746771588705	0.61621321441707	0.034	0.023	1	BCAP31	c36
0.143235771713019	-0.616183949397882	0.007	0.012	1	LY9	c36
0.0240307621827459	0.615966186658526	0.035	0.024	1	KRT10	c36
0.156416031292351	0.615141596708574	0.015	0.011	1	NUDT21	c36
0.197334861932929	0.613312048272036	0.013	0.009	1	TXNDC17	c36
0.00560257268260968	0.612012446165527	0.045	0.03	1	GABARAPL2	c36
0.0141542539231009	0.611351024168974	0.048	0.034	1	COX17	c36
0.0694318564871498	0.611305145823456	0.023	0.015	1	CYFIP2	c36
0.0826370072381589	0.610235938277449	0.021	0.014	1	YWHAH	c36
0.00411210055762661	0.609138915153425	0.049	0.033	1	PAIP2	c36
0.293259861422797	0.607863428364765	0.01	0.007	1	GTF2H5	c36
0.103554968208522	0.605327764150664	0.019	0.013	1	C1orf43	c36
0.0640722456267452	0.605059829329411	0.024	0.016	1	GSTO1	c36
0.0485033628701314	0.6038200383856	0.027	0.018	1	TMEM230	c36
0.263778175802147	0.603720901121113	0.011	0.008	1	HPCAL1	c36
0.0463089441630648	0.60342353019542	0.027	0.018	1	RAD21	c36
0.00567264685195398	0.602441348894541	0.046	0.031	1	AKAP13	c36
0.07213921426349	0.602441348894541	0.023	0.015	1	KDELR1	c36
0.0164816788395512	0.602152704048957	0.029	0.018	1	PPA1	c36
0.00268198235959513	0.60056834034157	0.065	0.045	1	GNG2	c36
0.000247707799995896	0.599648005490724	0.083	0.056	1	RAN	c36
0.081654385919903	0.599464430452605	0.026	0.018	1	DDX39A	c36
0.0640400882273207	-0.59855287801906	0.015	0.025	1	VAMP5	c36
0.0916045700613197	0.596981402974852	0.021	0.014	1	IRF3	c36
0.0784001190395061	0.595944801868963	0.023	0.016	1	UBE2L3	c36
0.0627684977178235	0.595926282154187	0.025	0.017	1	RWDD1	c36
0.00731509057770601	0.595074632164349	0.049	0.034	1	ISCU	c36
0.246603932713416	0.594485322694529	0.012	0.009	1	OXA1L	c36
0.154918223761902	0.594148407472185	0.016	0.012	1	MTIF3	c36
0.467011992833725	-0.593992956572027	0.086	0.078	1	CCL3	c36
0.00127681093412922	0.593239352881705	0.071	0.049	1	LOC101060038	c36
7.5107944560763e-05	0.592933213080789	0.089	0.059	1	TRMT112	c36
0.00386765305480678	0.592849613856169	0.052	0.035	1	GTF3A	c36
0.0507130385077051	0.592758795497201	0.027	0.018	1	RPN1	c36
0.0805030384283437	0.592707465910058	0.023	0.016	1	SNX17	c36
0.0342065697207422	0.5921115140914	0.031	0.021	1	TUFM	c36
0.165392770840137	-0.590930242091283	0.006	0.011	1	CDC25B	c36
0.00142805874389491	-0.59040860732397	0.038	0.063	1	EIF3E	c36
0.419785232405089	-0.589444535723547	0.079	0.085	1	CCL4L1	c36
0.0837216573682721	0.588555822639591	0.023	0.016	1	XRCC5	c36
0.0364990837178812	0.588006142459192	0.031	0.021	1	SUMO1	c36
0.0998827141676785	0.587371829925711	0.021	0.014	1	GADD45GIP1	c36
0.226998480072092	0.587139193459693	0.012	0.009	1	TIFA	c36
0.147994824756035	-0.586580236352984	0.007	0.012	1	TMEM167A	c36
0.0670787501969422	0.584664907052015	0.024	0.016	1	GCHFR	c36
0.321789683657717	0.584624884996645	0.01	0.008	1	GTF3C6	c36
0.0238998233043878	0.58404869047089	0.035	0.024	1	GNAS	c36
0.0322368570676721	-0.583870949094996	0.026	0.039	1	CORO1B	c36
0.281916800192634	0.583344765089329	0.011	0.008	1	BRWD1	c36
0.254816219080318	0.583074115986033	0.012	0.009	1	DR1	c36
0.256452470580326	0.583074115986033	0.012	0.009	1	RBM34	c36
0.00017281831865839	0.582339752829327	0.085	0.057	1	NDUFA1	c36
0.147240018798667	0.582172318831473	0.017	0.012	1	GRK6	c36
0.180650186004774	0.581806124692672	0.015	0.011	1	GRAMD1A	c36
0.00251981305283315	-0.581645530693403	0.058	0.085	1	TAGAP	c36
0.0570264234789803	0.58100082462103	0.027	0.018	1	PFDN2	c36
0.0508094030030109	0.580206423540927	0.028	0.019	1	ABI3	c36
0.0184418531145856	0.579553185926954	0.038	0.026	1	MYEOV2	c36
0.168557843496327	0.579210965582315	0.016	0.012	1	ARIH2	c36
0.259784092268429	0.57902046049279	0.012	0.009	1	RSBN1	c36
0.198876478753148	0.578426880957204	0.014	0.01	1	SMS	c36
0.000724196994434031	-0.576707989317187	0.068	0.1	1	CD44	c36
0.0175566015721444	0.57659372309825	0.039	0.027	1	ARHGAP9	c36
0.000784338219156928	-0.576175684079295	0.063	0.094	1	UQCRB	c36
0.122079472911215	0.576149263685125	0.019	0.014	1	CHMP2A	c36
0.0303236860367307	0.575191883259158	0.034	0.023	1	PSMD8	c36
0.0160007774222565	0.574312271115653	0.04	0.027	1	UFC1	c36
0.0369104193827074	0.574246707479073	0.032	0.022	1	COX7A2L	c36
0.000381866010536713	0.573977014995704	0.075	0.05	1	DUSP4	c36
0.0202801673160444	0.572535821845604	0.036	0.024	1	IL2RB	c36
0.325001339292888	0.572191904150603	0.01	0.008	1	TRMT1	c36
0.011676006137442	-0.571499185359681	0.043	0.063	1	ANXA2	c36
0.264844167386091	0.570947159957107	0.012	0.009	1	DEDD2	c36
0.240526261662575	0.57083215377578	0.013	0.01	1	PRDX3	c36
0.128016055438296	0.569860717407709	0.019	0.014	1	ACP1	c36
0.00105766565350297	0.569620483737405	0.074	0.051	1	NDUFB11	c36
0.331263875645521	0.568387828008833	0.01	0.008	1	WDR45B	c36
0.0100868607244973	0.565706199599584	0.046	0.032	1	NDUFB10	c36
0.268247780928577	0.565322610763229	0.012	0.009	1	PLK3	c36
0.196996056173112	-0.564631263519339	0.006	0.01	1	TNFSF10	c36
0.00204247719209365	0.564120197824431	0.065	0.044	1	BRK1	c36
0.106115725906057	0.564120197824431	0.022	0.015	1	IMP3	c36
0.198107869736908	0.564120197824431	0.015	0.011	1	LINC00674	c36
0.0972954036850118	0.56298840594016	0.023	0.016	1	NDUFA12	c36
0.159790340479175	-0.562928968288338	0.007	0.012	1	WHSC1L1	c36
0.221601178606572	0.562385146453683	0.014	0.01	1	PSMD9	c36
0.144418911448775	0.562202630792627	0.018	0.013	1	COX16	c36
0.069352321572538	0.561193507906506	0.031	0.022	1	LAMTOR1	c36
0.306307824240853	0.560652179229227	0.011	0.008	1	U2AF1L4	c36
0.306307824240853	0.560652179229227	0.011	0.008	1	CFDP1	c36
0.000290972483897335	0.559980772023819	0.096	0.067	1	APRT	c36
0.0284774535510561	-0.559238931567384	0.021	0.033	1	SF3B1	c36
0.0287373476219545	0.558633011592575	0.036	0.025	1	TAP1	c36
0.0382057998570275	0.558596980697832	0.032	0.022	1	CD82	c36
0.0330759122157661	-0.558417640102923	0.027	0.04	1	YWHAQ	c36
0.368152639030503	0.558229516962371	0.012	0.01	1	BAG3	c36
0.00411851764661821	0.558026818407162	0.058	0.04	1	EIF3L	c36
0.185799549890349	0.55709084678417	0.016	0.012	1	NDUFB6	c36
8.917612724549e-05	-0.557032585417617	0.122	0.168	1	LGALS1	c36
0.175998777011605	-0.556356314364852	0.007	0.012	1	JARID2	c36
0.0762270586082376	-0.556321085867423	0.016	0.025	1	ZEB2	c36
0.0581913501155466	0.555703781362034	0.029	0.02	1	EWSR1	c36
0.0298976904491082	0.555465732513892	0.036	0.025	1	CHURC1	c36
0.315900026509789	0.555465732513892	0.011	0.008	1	C9orf89	c36
0.0254083883947191	0.554999399303352	0.037	0.026	1	AUP1	c36
0.0652394142989908	0.554849538492271	0.028	0.019	1	BIN1	c36
0.0422591387583533	-0.553975953916204	0.068	0.086	1	CTSD	c36
0.139038538523631	0.553002533962837	0.026	0.019	1	CXCR6	c36
0.181835228633724	-0.552329668030956	0.006	0.011	1	PHF3	c36
0.131356180962015	-0.551757601311501	0.011	0.018	1	AQP3	c36
0.185905149910595	0.550641813385544	0.014	0.01	1	ALDH2	c36
0.0279885988893259	0.550530253298814	0.037	0.026	1	C16orf13	c36
0.449072574967048	0.550297864154952	0.01	0.008	1	CPNE3	c36
0.382119365687335	0.548947428329014	0.014	0.011	1	IGLL5	c36
0.216509511853224	0.548579346928652	0.015	0.011	1	PRPF40A	c36
0.235667126814918	0.547892512809091	0.014	0.01	1	MBOAT7	c36
0.2363736516539	0.547892512809091	0.014	0.01	1	HNRNPL	c36
0.291559763080404	0.546994838212661	0.012	0.009	1	PCIF1	c36
0.0720078952391939	0.546862874339631	0.022	0.015	1	CD9	c36
0.0780795305527862	0.546730922536284	0.036	0.027	1	TOB1	c36
0.261524577753053	0.545638071616529	0.013	0.01	1	ABTB1	c36
0.0470034417051711	0.54439901735018	0.032	0.022	1	MGST3	c36
0.089268077939756	-0.544026797597647	0.015	0.024	1	RNF19A	c36
0.315070893888247	0.542580606307209	0.011	0.008	1	TARP	c36
0.330593236782123	0.542580606307209	0.011	0.008	1	DCTN2	c36
0.0405223509462768	0.541926790412329	0.034	0.024	1	SIT1	c36
0.000153057240651818	0.541849997921437	0.109	0.077	1	RBM3	c36
0.330602811516023	0.54172567588759	0.011	0.008	1	SRSF6	c36
0.00148152693783119	-0.540588754763273	0.075	0.106	1	NR4A2	c36
0.0710072069779178	0.540139290823406	0.028	0.02	1	AKNA	c36
0.222460002683387	0.539590563701398	0.015	0.011	1	TMX1	c36
0.0472150447868687	0.539388453676426	0.037	0.027	1	SRI	c36
0.182936320950743	0.538879561251992	0.017	0.013	1	ADSS	c36
0.127285919900506	0.538776171898293	0.022	0.015	1	PNRC2	c36
0.0980899597118435	0.537492693222092	0.025	0.018	1	VDAC2	c36
0.0750673153911244	0.535755306571068	0.028	0.02	1	RHOF	c36
0.0015137374683595	0.535552666632413	0.058	0.039	1	ISG15	c36
0.0822146059847215	0.534526394821529	0.027	0.019	1	C19orf66	c36
0.0081357901382879	0.533667637524724	0.054	0.038	1	HLA-G	c36
0.0101003892956652	-0.533562451416647	0.042	0.062	1	HIGD2A	c36
0.0891430300259231	0.533408049947425	0.025	0.017	1	GPR171	c36
0.176135725787828	0.531863201676787	0.018	0.013	1	SLTM	c36
0.0490799569708894	0.531814464449247	0.033	0.023	1	MEAF6	c36
0.00694069451771672	0.531784104385674	0.061	0.043	1	ARF5	c36
0.276004506196136	0.531748323702375	0.013	0.01	1	ATG12	c36
0.0172281619947858	-0.531443298142109	0.032	0.048	1	AES	c36
0.161498960057607	0.531166415842963	0.019	0.014	1	EIF4H	c36
0.0464588613932924	0.531106526885488	0.034	0.024	1	RNF7	c36
0.372365071778118	0.530888769813131	0.01	0.008	1	USP36	c36
0.380066585450894	0.530888769813131	0.01	0.008	1	NOTCH2	c36
0.209062052713196	0.53065743893139	0.015	0.011	1	GLUD1	c36
0.127756721234625	0.530426145136764	0.022	0.015	1	DPM3	c36
0.000255992715678441	0.530238087406509	0.083	0.056	1	PHLDA1	c36
0.040894090426496	0.529602814572108	0.04	0.029	1	ARPC5L	c36
0.103964311067947	0.528521694587399	0.025	0.018	1	POLR2E	c36
0.0102150203564837	-0.52846327421347	0.038	0.057	1	LAMTOR4	c36
0.339607805484913	0.528115244368936	0.011	0.008	1	TMED5	c36
0.345587299336576	0.528115244368936	0.011	0.008	1	ATP2A3	c36
0.0857617143701451	-0.527523632157139	0.017	0.026	1	UPP1	c36
0.282552295780327	0.527389725097478	0.013	0.01	1	CARD8	c36
0.212011825793851	0.526920465798879	0.015	0.011	1	OSM	c36
0.0242694676993389	0.526422933276485	0.042	0.03	1	PSMB3	c36
0.182327598841772	0.525977917991519	0.018	0.014	1	THRAP3	c36
0.135483586350967	-0.525374393006626	0.009	0.015	1	MYC	c36
0.0907083400764955	0.524992526611037	0.026	0.018	1	BTG3	c36
0.00155323766953436	0.524817074369835	0.08	0.057	1	NDUFA11	c36
0.114039670648137	0.524732604974284	0.024	0.017	1	KHDRBS1	c36
0.203128487100251	0.524425485219876	0.021	0.015	1	ZC3H12A	c36
0.000212588414636288	0.524116189798278	0.13	0.096	1	CYTIP	c36
0.317663771791602	0.523433698754475	0.012	0.009	1	FAM129A	c36
0.145002506598647	-0.522701909919062	0.01	0.016	1	GCC2	c36
0.157974063399132	-0.522701909919062	0.01	0.016	1	KDM6B	c36
0.0995783010335011	0.522654915987445	0.026	0.019	1	HMGN4	c36
0.139286817808834	0.522584138395707	0.022	0.016	1	HAX1	c36
0.390146506879766	0.522584138395707	0.01	0.008	1	GRPEL1	c36
0.29582635918816	0.52159866848725	0.013	0.01	1	PPP1R7	c36
0.0775950629393922	0.521125429141181	0.029	0.021	1	ENSA	c36
0.215116000762667	0.520961370003447	0.016	0.012	1	DHPS	c36
0.389051616587159	0.520745138731927	0.01	0.008	1	SNW1	c36
0.354723394521889	0.520515428510776	0.011	0.009	1	CD300A	c36
0.00234126251114604	0.520443241423077	0.071	0.05	1	HNRNPA1P10	c36
0.0347226015731399	0.520382455098	0.038	0.027	1	SAMHD1	c36
0.121338549567593	0.5200943880756	0.024	0.017	1	PPIG	c36
0.114787022447478	-0.519705392637823	0.013	0.021	1	ANKRD44	c36
0.39578916901694	0.517991027095229	0.01	0.008	1	EMC10	c36
0.400284229343284	0.517991027095229	0.01	0.008	1	CEP57	c36
0.454118134672165	0.517991027095229	0.012	0.01	1	LMO4	c36
0.187129568889851	0.516929441292444	0.018	0.014	1	LAMTOR2	c36
0.0014367472568763	-0.515535540686332	0.055	0.084	1	GMFG	c36
0.0898215109605957	0.513314539885756	0.028	0.02	1	MDH2	c36
0.401471845189995	0.512498526650679	0.01	0.008	1	IL27RA	c36
0.278241766825342	0.511280805505677	0.014	0.011	1	GTF2A2	c36
0.128657165071511	-0.511201881396764	0.012	0.019	1	MPHOSPH8	c36
0.0406497701228904	0.511104641509989	0.038	0.027	1	TCEA1	c36
0.192320161028291	-0.510726481833729	0.007	0.012	1	ZBTB38	c36
0.40827664139271	0.510672330152545	0.01	0.008	1	DNAJC1	c36
0.126595293593987	0.510444218041881	0.024	0.017	1	C7orf50	c36
0.0509747369441631	0.509942498321683	0.035	0.025	1	TERF2IP	c36
0.254040095809689	0.509817095649529	0.015	0.011	1	LMBRD1	c36
0.0111798983280987	-0.508889680187627	0.058	0.08	1	RHOB	c36
8.68907752200479e-05	0.508384695863587	0.111	0.077	1	LDHA	c36
0.012485425277802	0.508160017735536	0.039	0.026	1	FABP5	c36
0.214895570974138	0.506268542070687	0.017	0.013	1	FAM195B	c36
0.217848804579393	0.506268542070687	0.017	0.013	1	TPST2	c36
0.403779691443763	0.506116926806937	0.01	0.008	1	YIPF4	c36
0.41061905196596	0.504298785367959	0.01	0.008	1	PTDSS1	c36
0.000903487446474822	0.503423790364109	0.083	0.058	1	RBM8A	c36
0.282221125887844	0.503269521388464	0.014	0.011	1	PSMD4	c36
0.0593015884933142	-0.501839427478571	0.024	0.035	1	PIK3IP1	c36
0.0797862252978631	-0.501691338766471	0.012	0.02	1	CD5	c36
0.320758202163342	0.500798827130084	0.013	0.01	1	PSMG2	c36
8.7572430893698e-05	-0.498840990265916	0.08	0.122	1	LIMD2	c36
0.144407808220343	-0.498214864550288	0.012	0.019	1	PPP1R10	c36
0.351483580920981	0.497953273858685	0.012	0.009	1	IRF2	c36
0.292470505402377	0.497953273858684	0.014	0.011	1	AKR1A1	c36
0.190613942147102	0.497455878562984	0.019	0.014	1	CGGBP1	c36
0.195235868555582	0.497455878562984	0.019	0.015	1	EIF3I	c36
0.149545790006549	0.495791932569217	0.023	0.017	1	RNF166	c36
0.345832558503052	0.49565903265287	0.012	0.009	1	BID	c36
0.208515437148255	0.495337325651673	0.018	0.014	1	ACTN4	c36
0.423290741521774	0.495242289582939	0.01	0.008	1	PRKDC	c36
0.0447691477548009	-0.495065125730217	0.03	0.043	1	NAP1L1	c36
0.151263228351416	-0.494981807602453	0.011	0.017	1	CASP1	c36
0.0938624623831631	-0.494842933362476	0.045	0.057	1	LGALS3	c36
0.207422059968262	0.494292273059153	0.018	0.014	1	PNPLA2	c36
0.213022070834095	0.493770030504712	0.018	0.014	1	MRFAP1	c36
0.223477115055158	-0.493493173175135	0.006	0.01	1	ITGB2-AS1	c36
0.42443985620057	0.493437792736191	0.01	0.008	1	PIK3CD	c36
0.0503842928123142	0.49071094832071	0.037	0.027	1	CCDC107	c36
0.101644059452774	-0.490670477814917	0.017	0.026	1	ARID5B	c36
0.222061954197553	-0.490630682075563	0.006	0.01	1	SHKBP1	c36
0.392193408108301	0.490510290673122	0.011	0.009	1	MRPS18C	c36
0.15936495304916	0.489757346366286	0.023	0.017	1	M6PR	c36
0.124032501894951	0.489558833116452	0.026	0.019	1	MFSD10	c36
0.326136606835362	0.489450135053421	0.013	0.01	1	MAP2K3	c36
0.109260300243389	-0.489137548866079	0.01	0.017	1	NINJ1	c36
0.175216244297793	-0.488871337393583	0.01	0.016	1	TMC8	c36
0.360204759734884	0.488037804993602	0.012	0.009	1	SLC25A39	c36
0.400666668799189	0.488037804993602	0.011	0.009	1	DAP3	c36
0.224464259049972	-0.487762500135068	0.006	0.01	1	TES	c36
0.610022227375096	0.486391832150042	0.01	0.009	1	MRPS15	c36
0.204859206961121	0.486062862808544	0.019	0.015	1	RAB2A	c36
0.335861577772954	0.485217285931222	0.013	0.01	1	EIF5B	c36
0.127129791751654	-0.484361102291802	0.014	0.021	1	BCLAF1	c36
0.290076079394854	0.48249015647088	0.015	0.012	1	LOC100131564	c36
0.218911753045025	0.481810334715951	0.018	0.014	1	TRG-AS1	c36
0.0696008110751178	0.481738414645302	0.035	0.026	1	MAP3K8	c36
0.00345861216629294	0.480702828705805	0.083	0.061	1	SAMSN1	c36
0.208161691904327	0.480645670763566	0.019	0.015	1	SF3A2	c36
0.210862136288025	0.480645670763566	0.019	0.015	1	RAB24	c36
0.179535407713763	0.479975532929629	0.022	0.016	1	GPS2	c36
0.0843692325555754	0.47788335625772	0.032	0.023	1	LAPTM4A	c36
0.0183993579359377	-0.477415861604292	0.044	0.062	1	EIF4A2	c36
0.18572414239181	0.476882045202523	0.037	0.03	1	BRE-AS1	c36
0.0185463431233397	0.476115419627561	0.052	0.038	1	TMEM59	c36
0.249171862302496	0.476010720978007	0.017	0.013	1	CHD1	c36
0.568145197876104	0.475173405202392	0.011	0.01	1	TMEM208	c36
0.0291424996169451	-0.474806592772912	0.032	0.047	1	MYH9	c36
0.34972559314854	0.474514360893856	0.022	0.018	1	IDH2	c36
0.0272256862575382	0.472680037644976	0.046	0.033	1	CKS2	c36
0.09341350194697	0.471987677596821	0.03	0.022	1	DGCR6L	c36
0.324454796421872	0.471661976039757	0.014	0.011	1	POLR2F	c36
0.0306718542305011	-0.471431120737257	0.054	0.072	1	ND6	c36
0.386760452944067	0.471411486406192	0.012	0.01	1	ITGB1BP1	c36
0.0406682555248359	-0.471344238206551	0.045	0.061	1	CSTB	c36
0.0429938888366976	-0.471249626833269	0.032	0.045	1	CAP1	c36
0.0151999969012663	0.470895909359927	0.05	0.036	1	PMAIP1	c36
0.179049131993025	0.469256894267247	0.023	0.017	1	VDAC1	c36
0.278668884822722	0.468982520431068	0.016	0.013	1	CNIH1	c36
0.0246292314053205	-0.468009145400039	0.042	0.059	1	EIF3G	c36
0.135600940924248	0.467799880633388	0.031	0.024	1	C5orf56	c36
6.27094291856288e-05	-0.467353349931291	0.125	0.174	1	CALM1	c36
0.00335592486514194	0.467275961949183	0.086	0.063	1	C19orf43	c36
6.64143823506991e-05	0.467267799150721	0.429	0.403	1	FXYD5	c36
0.111313196726953	-0.466418210097236	0.025	0.034	1	LMNA	c36
0.00630598779715125	0.465974069327615	0.076	0.056	1	PSMB8	c36
0.00512353683280694	0.465081264839474	0.079	0.058	1	SEPT1	c36
0.465668516654379	0.464868640539421	0.01	0.008	1	PJA2	c36
0.465668516654379	0.464868640539421	0.01	0.008	1	PHC3	c36
0.0443098283833017	0.464473713947344	0.046	0.034	1	APOBEC3G	c36
0.0669394950094719	0.463396051822316	0.033	0.024	1	SPNS1	c36
0.270990412908365	0.463003615222578	0.017	0.013	1	TOMM22	c36
0.515109492197243	0.462572058222385	0.013	0.011	1	RHEB	c36
0.0450162411991012	0.462439674564297	0.044	0.033	1	TOMM20	c36
0.00384886841132225	0.461536847815862	0.075	0.054	1	SELK	c36
0.0407983292177856	-0.459851327411233	0.039	0.054	1	RPS20	c36
0.336358036696704	0.459339488998823	0.014	0.011	1	PITHD1	c36
0.165453604630158	0.458693843411457	0.029	0.022	1	CEBPB	c36
0.35776737538537	0.458693843411456	0.013	0.01	1	POLR2A	c36
0.170719574200272	-0.457748273043358	0.012	0.018	1	FAM107B	c36
0.0737047620182391	0.4565699769335	0.04	0.03	1	SNHG12	c36
0.0296785996337937	0.456148060077687	0.056	0.042	1	HNRNPC	c36
0.0216178667177235	0.456102640462183	0.056	0.042	1	CSNK2B	c36
0.463387872197338	0.456055570733112	0.01	0.008	1	SDR39U1	c36
0.478864621963343	0.455177217560841	0.01	0.008	1	CCDC124	c36
0.0502241544041213	-0.45494173536579	0.051	0.067	1	HLA-DRB1	c36
0.172871574158946	0.454826025971744	0.029	0.022	1	NME3	c36
0.483195128646795	0.45446394916199	0.014	0.012	1	SARS	c36
0.138893552430742	-0.454361928383471	0.005	0.01	1	CASP8	c36
0.0384879879277501	-0.454101744794259	0.047	0.063	1	HOPX	c36
0.182744965016759	0.453860689675514	0.024	0.018	1	RAB5C	c36
0.226856345538951	0.452712321358183	0.021	0.016	1	MAPK1IP1L	c36
0.0072507665525117	-0.452279144641393	0.067	0.091	1	YWHAB	c36
0.0214759004815096	0.452138479800603	0.056	0.042	1	LSM7	c36
0.387528865982233	0.449730834639068	0.013	0.011	1	CAMLG	c36
0.522634120499892	0.449685013704321	0.013	0.011	1	CPNE1	c36
0.277303396808223	0.449578103849079	0.017	0.013	1	TMEM134	c36
0.332634706954031	0.449043673377738	0.015	0.012	1	DNAJC15	c36
0.0786734159367692	0.448523876924308	0.037	0.028	1	TBCB	c36
0.45100486152552	0.448242398688499	0.011	0.009	1	NDUFA10	c36
0.197828363619804	0.448207570751677	0.023	0.017	1	GPI	c36
0.356921902408099	0.447564744451825	0.012	0.009	1	CUX1	c36
0.217204984691893	0.447296011091471	0.022	0.016	1	AP2M1	c36
0.033844877195872	-0.447015473951346	0.041	0.057	1	STK17A	c36
0.056011790694243	0.446730092973011	0.052	0.04	1	UQCRQ	c36
0.0657192476380056	0.446536817767163	0.045	0.034	1	NOP10	c36
0.00024610077326353	0.446232646813128	0.164	0.126	1	CD8A	c36
0.169272905918598	0.445349189819996	0.026	0.02	1	CBX3	c36
0.102306273180464	0.444611427062478	0.048	0.038	1	BAX	c36
0.0906817542087414	-0.444534267486108	0.024	0.033	1	TRAF3IP3	c36
0.455487080076448	0.444242687113917	0.011	0.009	1	CYC1	c36
0.0378901877520878	0.443900370101778	0.055	0.042	1	ATP5O	c36
0.226276686950979	-0.442634734570626	0.009	0.014	1	MYLIP	c36
0.0480422374531412	0.441328150686539	0.046	0.035	1	PEBP1	c36
0.497069136169306	0.441195811555053	0.01	0.008	1	NUDT16L1	c36
0.147310760473402	0.440823166572769	0.028	0.021	1	DDX21	c36
0.148372920249297	0.440481659874314	0.028	0.021	1	CMPK1	c36
0.130767096383604	0.440413368234298	0.03	0.023	1	LSM8	c36
0.121258465548693	0.440382527908066	0.031	0.023	1	C19orf70	c36
0.175040869799262	0.440067600616068	0.043	0.035	1	CCDC85B	c36
0.0760453338158219	-0.439738848023713	0.031	0.042	1	CARD16	c36
0.214632914066326	-0.439521003057864	0.009	0.014	1	SUPT4H1	c36
0.501927299222742	0.43945762454854	0.01	0.008	1	EIF4E2	c36
0.400974193371369	0.438093373817197	0.013	0.011	1	LRPAP1	c36
0.241596676435189	0.437638910105489	0.021	0.016	1	AKAP9	c36
0.0068509185247475	0.437132177107457	0.079	0.059	1	PSMA7	c36
0.300359742372559	0.436806098272135	0.017	0.014	1	TMEM50B	c36
0.129968100515783	0.436378888764512	0.031	0.023	1	PRKAR1A	c36
0.0258108612025361	-0.435986089797888	0.046	0.064	1	CLDND1	c36
0.120336205308733	0.435581413571176	0.032	0.024	1	RAC1	c36
0.195206635665467	-0.435445713097256	0.011	0.017	1	RTN4	c36
0.0704033969706974	-0.435300987708071	0.026	0.037	1	PTGER4	c36
0.145434690127095	0.435181019995992	0.029	0.022	1	NDUFC1	c36
0.000135302622608846	0.434452019703938	0.137	0.1	1	GSTP1	c36
0.116427173499968	-0.434142661639512	0.021	0.029	1	TMEM123	c36
0.194870393416091	-0.433708049483525	0.011	0.017	1	PRKACB	c36
0.159832658638755	0.433328630025845	0.028	0.021	1	EIF1AX	c36
0.410652885652502	0.431970160018796	0.013	0.011	1	TAF15	c36
0.514173259005999	0.431661595149501	0.01	0.008	1	UQCRC2	c36
0.30188137660177	0.431517620792724	0.017	0.014	1	TRAPPC6A	c36
0.111017978902839	0.430772571371536	0.034	0.026	1	BSG	c36
0.475758875842903	0.430726018555641	0.011	0.009	1	PQBP1	c36
0.0469031788930481	0.430330380258662	0.048	0.036	1	MAP1LC3B	c36
0.188782561148653	-0.429455321574555	0.012	0.018	1	VASP	c36
0.0927541058082147	-0.428650246196025	0.026	0.036	1	PARP8	c36
0.190599899149408	0.427381729984615	0.026	0.02	1	APBB1IP	c36
0.063581292340901	0.427348602278419	0.044	0.033	1	SHFM1	c36
0.0596502561378293	-0.427063939934158	0.031	0.043	1	PIK3R1	c36
0.0373748596816389	0.426178994362358	0.053	0.04	1	PSMB10	c36
0.225575839200169	-0.425949965555229	0.009	0.014	1	ROCK1	c36
0.449539137123951	0.425560834828223	0.012	0.01	1	ANXA7	c36
0.486008997238235	0.424408788797438	0.011	0.009	1	ADSL	c36
0.0714646532987181	-0.423675662588444	0.033	0.045	1	RSRP1	c36
0.363425619368705	0.423424215606362	0.015	0.012	1	TANK	c36
0.173452742474399	0.422833794054889	0.028	0.021	1	VCP	c36
0.529312642953222	0.422243614034023	0.014	0.012	1	IVNS1ABP	c36
0.337343709493952	0.422139489676077	0.016	0.013	1	CMTM3	c36
0.206502527892785	-0.421485446529574	0.011	0.016	1	MAX	c36
0.21248759556328	-0.420608428240627	0.011	0.016	1	MYO1G	c36
0.327384387958718	0.419427192611639	0.017	0.014	1	NDUFAB1	c36
0.208806432629978	0.418966608798183	0.025	0.019	1	SLC38A1	c36
0.240110544360691	0.418426111010218	0.023	0.018	1	PSMA5	c36
0.387572489841438	0.417962208763957	0.014	0.011	1	INO80E	c36
0.228104109292282	0.417726903621801	0.024	0.018	1	CLTA	c36
0.495198313875165	0.416550953244869	0.011	0.009	1	BIRC6	c36
0.0977144629012587	0.414037223549824	0.038	0.029	1	DYNLT1	c36
8.81896562188121e-05	0.414026120814027	0.177	0.135	1	ARPC3	c36
0.466567627384437	0.413239325270084	0.012	0.01	1	IER3IP1	c36
0.139705785790386	0.412780129390966	0.033	0.025	1	BZW1	c36
0.0596592478848105	-0.412480527740821	0.577	0.495	1	FTH1	c36
0.462054565437509	0.411568967959075	0.017	0.015	1	DNAJC8	c36
0.262708371153743	0.41150171101676	0.022	0.017	1	PSMC5	c36
0.0365327130592231	0.411075823178717	0.069	0.054	1	MORF4L1	c36
0.0827556618382564	-0.410455711879737	0.031	0.042	1	PDCD4	c36
0.435346767802981	0.410406824770768	0.013	0.011	1	TOPORS-AS1	c36
0.000230038505284597	0.409693269128599	0.142	0.105	1	CD8B	c36
0.432121865696968	0.409203408845947	0.018	0.015	1	R3HDM4	c36
0.0144623214404567	-0.408067388947696	0.04	0.059	1	ITM2A	c36
0.214928304761908	0.407836641234717	0.026	0.02	1	SCAF11	c36
0.0331819256818245	0.406554974897158	0.061	0.046	1	C4orf3	c36
0.183961200251964	0.405602424109469	0.039	0.032	1	DDX17	c36
0.322890566607172	0.405171196760924	0.018	0.015	1	PAFAH1B1	c36
0.419774893321574	0.404843869467203	0.014	0.012	1	PLEKHJ1	c36
0.183917112476794	0.404307890324845	0.029	0.022	1	ARPC4	c36
0.175444706414452	0.403600702616571	0.03	0.023	1	IKZF1	c36
0.00475198137189572	0.403120954430699	0.102	0.077	1	COX8A	c36
0.407847953767656	0.402358606077608	0.014	0.012	1	CDK5RAP3	c36
0.280484010383344	-0.402288945740469	0.007	0.011	1	OTUD6B-AS1	c36
0.186308760930214	0.402058949821283	0.029	0.022	1	RNH1	c36
0.0589858037553096	0.401365698233262	0.05	0.039	1	DAD1	c36
0.157941825152623	0.400962524535624	0.024	0.018	1	HLA-DRB5	c36
0.234355945531915	-0.40018577920766	0.012	0.017	1	MAT2A	c36
0.274035121493182	0.399624119333463	0.022	0.017	1	RASSF1	c36
0.526453568959094	0.397864949452175	0.011	0.009	1	PRPF8	c36
0.289548041625237	0.397754444680884	0.021	0.016	1	PAG1	c36
0.227275563774749	-0.397719633238101	0.012	0.017	1	RILPL2	c36
0.00223055900010074	-0.396954348145441	0.103	0.136	1	EMP3	c36
0.192237479808312	-0.395944483304874	0.015	0.021	1	FOXP1	c36
0.324112561500082	0.395308507320401	0.025	0.02	1	ALKBH7	c36
0.511522856325617	0.394774010849617	0.011	0.009	1	UBE2S	c36
0.52653728359256	0.392460145011371	0.011	0.009	1	ZFAND2B	c36
0.352237989672786	0.392090270623781	0.024	0.019	1	BANF1	c36
0.0435227888754342	0.391503767753351	0.058	0.045	1	WDR83OS	c36
0.52424929760006	0.390919626935588	0.011	0.009	1	AMZ2	c36
0.112947674471016	0.38979490309154	0.05	0.04	1	C19orf60	c36
0.0989117393429493	-0.389482357873219	0.03	0.04	1	ICAM3	c36
0.000806169349726451	0.389086996313415	0.172	0.136	1	PSME1	c36
0.00305057075443388	-0.387800755797231	0.135	0.17	1	RPL13A	c36
0.167434259040782	-0.387688407081398	0.019	0.027	1	SMCHD1	c36
0.489420941574839	0.387115924234536	0.017	0.015	1	BIRC2	c36
0.00730952698784551	0.387065541788619	0.077	0.057	1	CD63	c36
0.0270827383735473	0.386243297078794	0.091	0.073	1	CIB1	c36
0.154153235559554	0.385640775802447	0.044	0.036	1	ATP6V1F	c36
0.530105916532119	0.38554073107158	0.011	0.009	1	DUSP16	c36
0.479828842432933	0.385212061508502	0.013	0.011	1	SMARCA5	c36
0.000969688795993637	-0.384047904253818	0.462	0.466	1	RPS26	c36
0.0177654770060629	0.383917445340952	0.068	0.051	1	SELL	c36
0.2923940821713	0.38365936365753	0.022	0.017	1	LINC00116	c36
0.0942530118365821	0.38352880420179	0.031	0.023	1	KLRC1	c36
0.15490492369666	-0.382342270332297	0.022	0.029	1	GPBP1	c36
0.507859760268304	0.381828593281484	0.012	0.01	1	LOC100996740	c36
0.235103716796281	-0.381391953863464	0.014	0.02	1	IL6ST	c36
0.000169666828560751	-0.381359173162474	0.274	0.326	1	DNAJB1	c36
0.269286845467465	-0.381211650789945	0.009	0.013	1	U2SURP	c36
0.0242805161697925	0.38116024527443	0.074	0.057	1	SAP18	c36
0.548809063131572	0.380946156994329	0.011	0.009	1	ANAPC5	c36
0.0702449649191692	-0.380264689783915	0.04	0.053	1	SF1	c36
0.589180412311834	0.379903973144278	0.01	0.009	1	AIMP1	c36
0.544163807062394	0.37865434548634	0.011	0.009	1	KXD1	c36
0.40631975107395	0.378384959799647	0.016	0.013	1	APH1A	c36
0.171913957641877	0.378115624404319	0.034	0.027	1	FAM49B	c36
0.342750067515663	0.377738639304605	0.019	0.016	1	CLPP	c36
0.21221911464894	0.376602708589518	0.029	0.023	1	HN1	c36
0.197032203022651	-0.376462636547045	0.016	0.023	1	ELOVL5	c36
0.217828355123479	0.376366168891069	0.028	0.022	1	TTC39C	c36
0.148537795902166	0.37630437662033	0.037	0.029	1	VAPA	c36
0.459938879740487	0.375908968747523	0.014	0.012	1	TRAPPC2L	c36
0.147392709026243	0.375810133710087	0.037	0.029	1	UBE2I	c36
0.00115727707765342	0.375673497934375	0.132	0.101	1	ATP6V0C	c36
0.00190674601474737	0.374542074780447	0.121	0.092	1	ATP5I	c36
0.00935283642960329	-0.374085149916469	0.124	0.153	1	CD37	c36
0.249000572861909	0.37297525441462	0.032	0.026	1	CBLB	c36
0.616235553214171	0.372940694291946	0.014	0.013	1	VIM-AS1	c36
0.296770380041845	-0.372666541656936	0.007	0.011	1	SMG1	c36
0.161457702987873	0.372146039884144	0.033	0.026	1	PDE4B	c36
0.16590735854828	0.371934747679972	0.034	0.027	1	RBPJ	c36
0.0474254088686493	0.371874196934318	0.063	0.049	1	C14orf2	c36
0.706534024388092	0.370824231063915	0.012	0.011	1	SRSF8	c36
0.440315183103401	0.369523333734212	0.015	0.013	1	ADRBK1	c36
0.0879621109583258	0.36925564748409	0.05	0.04	1	PGAM1	c36
0.534586726867729	0.36910965773399	0.01	0.008	1	RNF144B	c36
0.288101393395637	-0.36901359858939	0.01	0.014	1	HLA-DRB6	c36
0.44942796458981	0.36895455980968	0.015	0.013	1	SRSF1	c36
0.157056229414057	0.368282661413901	0.033	0.026	1	BHLHE40	c36
0.563081512005916	0.368007101286831	0.011	0.009	1	MAPK1	c36
0.571323235896905	0.368007101286831	0.011	0.01	1	FGD3	c36
0.186278510418431	-0.367351235791383	0.019	0.026	1	TALDO1	c36
0.272625930290456	0.367074826591457	0.026	0.021	1	PSMA1	c36
0.10188994224532	-0.366366147375729	0.033	0.044	1	EIF4B	c36
0.163263530330814	-0.366294137920122	0.023	0.03	1	EMB	c36
0.234765307759173	0.365951902755436	0.028	0.022	1	LOC642441	c36
0.186965953080258	0.365804513010318	0.033	0.026	1	SNHG1	c36
0.0205964191697364	0.365102029390909	0.071	0.054	1	CDKN1A	c36
0.2690583591947	0.364630467956074	0.026	0.021	1	AURKAIP1	c36
0.433099758708068	0.364445768841773	0.016	0.014	1	PDAP1	c36
0.000367018672359575	0.3638215473386	0.188	0.147	1	RHOA	c36
0.40775626076043	0.363467941671663	0.017	0.014	1	LOH12CR1	c36
0.0783527663384369	-0.363144840063546	0.042	0.055	1	RAP1B	c36
0.222896332549459	-0.362991397779586	0.016	0.022	1	JMJD1C	c36
0.189423976508089	-0.362427357152098	0.019	0.026	1	DENND2D	c36
0.178008983638529	0.361871825177947	0.035	0.028	1	REEP5	c36
0.0702212244407038	0.361580832127398	0.056	0.044	1	ABRACL	c36
0.0513203107060411	-0.361406723306967	0.046	0.061	1	CD3G	c36
0.0789335391753901	0.361300104988954	0.097	0.083	1	RGCC	c36
0.212302575422644	0.361297978476676	0.032	0.025	1	ATP5F1	c36
0.308219002860743	-0.360370770858161	0.007	0.011	1	TTC3	c36
0.439278171280948	0.359651872842091	0.016	0.014	1	PHF1	c36
0.225724475977448	-0.359119254884628	0.016	0.022	1	TMEM173	c36
0.310674907727852	-0.358998082799427	0.007	0.01	1	UHMK1	c36
0.101131809910389	0.358608403284582	0.053	0.043	1	PET100	c36
0.309563801692157	0.357895785319543	0.023	0.018	1	PTGER2	c36
0.554481509468849	0.357322143110499	0.012	0.01	1	MRPL10	c36
0.0784512227825179	0.357295944444482	0.053	0.042	1	ZYX	c36
0.524754156383964	0.35529035242083	0.013	0.011	1	ILF3	c36
0.777306819748963	0.354705223015952	0.018	0.017	1	RBBP6	c36
0.0889516505432443	0.354406799239663	0.058	0.047	1	ATPIF1	c36
0.137900981954183	-0.354351393786935	0.041	0.051	1	KMT2E-AS1	c36
0.303060246137797	0.354295773590502	0.022	0.017	1	HLA-DRB3	c36
0.120862509030457	-0.354011111246241	0.032	0.042	1	RHOG	c36
0.0266119570249963	-0.35390110836578	0.081	0.102	1	MCL1	c36
0.145692346699011	-0.351227625410146	0.028	0.036	1	SLC9A3R1	c36
0.10031517739609	0.350639969316743	0.051	0.041	1	GLIPR1	c36
0.224724141819908	-0.350294863875114	0.022	0.028	1	HIF1A	c36
0.507253110359165	0.349935528364814	0.014	0.012	1	RNF187	c36
0.00509989363273652	-0.349564121167434	0.17	0.205	1	CST7	c36
0.0975798118432257	0.348675807664048	0.056	0.045	1	DYNLL1	c36
0.217646955297414	-0.348199932712578	0.017	0.023	1	WAS	c36
0.30094268992297	-0.34616913764313	0.009	0.013	1	PCED1B	c36
0.46596160001413	0.34589165441858	0.016	0.014	1	PTBP3	c36
0.407301114051216	-0.345121853796082	0.008	0.011	1	GLA	c36
0.386527598592266	0.344813528756738	0.021	0.017	1	LPXN	c36
0.191184124821506	0.344042191052766	0.037	0.03	1	SRP9	c36
0.216114826499692	-0.343921243825577	0.018	0.025	1	PRPF38B	c36
0.62461960485415	-0.343851679811654	0.327	0.314	1	S100A6	c36
0.173242613818792	-0.343173115637745	0.025	0.032	1	IDS	c36
0.296816218820507	-0.343117575030593	0.011	0.015	1	TMX4	c36
0.0334610879044884	-0.342829358300163	0.05	0.067	1	GZMM	c36
0.384101379619556	0.342472009179694	0.019	0.016	1	FOSL2	c36
0.64540749784484	0.342066016482238	0.01	0.009	1	TSTA3	c36
0.511477402365025	0.341254373681146	0.021	0.018	1	PAPOLA	c36
6.68609759736162e-05	-0.340232813389977	0.2	0.256	1	CD3E	c36
0.0110059404888941	-0.339741454597299	0.102	0.129	1	CD2	c36
0.200061684740768	-0.339199094830675	0.022	0.028	1	CD6	c36
0.220299092543881	-0.338945923812935	0.024	0.03	1	SERPINB1	c36
0.0953312133796331	0.338526232781031	0.052	0.042	1	PPP1R2	c36
0.303026705733857	-0.336411767108499	0.01	0.014	1	ARHGAP30	c36
0.0711562072673847	0.336359425054284	0.07	0.056	1	ATP6V0E1	c36
0.112548498944066	-0.335413777756734	0.029	0.039	1	ACAP1	c36
0.0281263993261945	0.335408217608836	0.082	0.065	1	RPL21P28	c36
0.506124070467949	0.331902767469507	0.015	0.013	1	SSNA1	c36
0.597596668863352	0.331178169900686	0.012	0.011	1	DDX46	c36
0.140027584648631	-0.330990642680354	0.033	0.042	1	ANP32B	c36
0.51280604248734	0.330794706707748	0.015	0.013	1	LBR	c36
0.170578320161576	0.33061011262639	0.042	0.034	1	NDUFB9	c36
0.295467359617346	-0.330566258196962	0.011	0.015	1	STAT4	c36
0.302297758008159	0.330399176879118	0.028	0.023	1	SNRPD3	c36
0.479468261578796	-0.330056831976666	0.022	0.025	1	IFI6	c36
0.336905741287975	-0.329865750758636	0.007	0.01	1	ADAR	c36
0.4887723307825	0.32913420964254	0.016	0.014	1	MRPL51	c36
0.134430895791323	-0.328463714651315	0.04	0.05	1	EPC1	c36
0.29111458092164	-0.328193936046477	0.012	0.017	1	ATF7IP	c36
0.597661849166742	0.327773176484157	0.012	0.011	1	ST3GAL1	c36
0.330345930905752	-0.327762185320259	0.008	0.012	1	MDH1	c36
0.659654632495139	0.327525853800503	0.01	0.009	1	RASSF7	c36
0.352398494508717	-0.327361158204157	0.013	0.017	1	CEBPD	c36
0.0388478842365134	0.325535684195831	0.107	0.088	1	TPI1	c36
0.0337062937158	-0.325184668639673	0.277	0.298	1	SRGN	c36
0.300082149183994	-0.324952651733436	0.011	0.015	1	CYTH1	c36
0.243659131491541	0.324085402946917	0.041	0.034	1	TOMM6	c36
0.435290061353125	-0.323639661291613	0.014	0.018	1	INSIG1	c36
0.330583832975792	0.322592847083021	0.027	0.022	1	SBDS	c36
0.0941559406790903	-0.322257535984408	0.047	0.06	1	ARL6IP5	c36
0.186233504450798	0.322242684176897	0.041	0.033	1	GNB2	c36
0.00186610808494052	0.322090609754691	0.176	0.141	1	CIRBP	c36
0.640068915580214	0.321777258254194	0.011	0.01	1	CSNK1D	c36
0.550955086549011	0.321483759109475	0.014	0.012	1	DYNC1H1	c36
0.15372164059682	-0.320666748956432	0.022	0.029	1	AP2S1	c36
0.328476109736742	-0.320445986480667	0.009	0.013	1	EIF4EBP2	c36
0.309939463594923	-0.319787586672245	0.011	0.015	1	CCDC167	c36
0.0833869486721384	-0.319003385402249	0.044	0.057	1	GYPC	c36
0.608012645741576	0.318957621190286	0.012	0.011	1	MMP24-AS1	c36
0.10563132341217	0.318426535213042	0.056	0.046	1	SEPW1	c36
0.0553495034863203	-0.318225036350267	0.076	0.094	1	LDHB	c36
0.258635680095734	0.318112803551289	0.032	0.026	1	CCT4	c36
0.587060682002568	0.317172017707133	0.013	0.011	1	RAB10	c36
0.537134882893147	0.317015279693954	0.015	0.013	1	DNAJA2	c36
0.679093306635065	0.316176559748522	0.015	0.014	1	YPEL3	c36
0.275248675242658	-0.316158232969715	0.016	0.021	1	AAK1	c36
0.312887238105389	0.316069808108317	0.029	0.024	1	HNRNPH3	c36
0.118831122440407	-0.315682613989082	0.042	0.053	1	CCND3	c36
0.33857070494746	-0.315233274264862	0.008	0.011	1	ATP6V0D1	c36
0.479365116871227	0.315226373392163	0.018	0.016	1	SCP2	c36
0.0611789977197482	0.315170110204137	0.082	0.067	1	ANAPC16	c36
0.1706151865679	-0.314972373821139	0.038	0.047	1	SOCS3	c36
0.291813783850707	-0.314492880088396	0.016	0.021	1	IFRD1	c36
0.281342241942954	-0.3138484279218	0.014	0.019	1	TAF1D	c36
0.323492781267021	-0.312370555965275	0.01	0.014	1	UBAC2	c36
0.36814610424761	0.311540149627803	0.024	0.02	1	ARID5A	c36
0.0860837269450984	0.311258125378858	0.063	0.05	1	C9orf16	c36
0.63324908787346	0.310195606155938	0.012	0.011	1	LRP10	c36
0.21883878642965	-0.31003867538287	0.029	0.036	1	HNRNPU	c36
0.629835887115641	0.309523804029299	0.012	0.011	1	MED30	c36
0.446470139945859	0.309241033538215	0.018	0.015	1	EIF4E	c36
0.066261496059581	-0.30888744241957	0.045	0.059	1	MBNL1	c36
0.548971483059021	0.308265017594942	0.015	0.013	1	RBMX	c36
0.15186909204339	-0.307573008369841	0.027	0.035	1	STK4	c36
0.277325116341941	-0.307347089541824	0.017	0.023	1	RPS10	c36
0.347298679879622	0.306690749966407	0.027	0.022	1	NDUFS7	c36
0.359389791848493	-0.30655609492752	0.007	0.01	1	CENPC	c36
0.54484198783096	0.306552434924751	0.019	0.017	1	EIF4A3	c36
0.285481038584146	0.306514714941982	0.033	0.027	1	PGLS	c36
0.363463325800996	0.306303501261655	0.025	0.02	1	ANXA2R	c36
0.157978018548677	0.30584130981318	0.049	0.04	1	CDC37	c36
0.311470505065496	-0.305431303393982	0.018	0.023	1	AIM1	c36
0.215168669535152	-0.30423055838843	0.017	0.023	1	CTSH	c36
0.613263320177218	0.304065029065656	0.013	0.012	1	CNPY2	c36
0.366727353987694	-0.302594603501917	0.008	0.011	1	PGD	c36
0.676656568852122	0.302098869755716	0.011	0.01	1	PDE3B	c36
0.176339271864325	-0.302057441499001	0.025	0.032	1	ITK	c36
0.422787141420467	0.30168977757312	0.023	0.019	1	LAMP1	c36
0.0176063619139397	0.301204940693032	0.103	0.081	1	ISG20	c36
0.133016932065192	0.300865740378614	0.069	0.058	1	ENO1	c36
0.581023797594715	0.300013896246775	0.031	0.028	1	GPR65	c36
0.00549891057636484	0.299798296088311	0.156	0.126	1	ARPC1B	c36
0.468971009798156	0.29951589373562	0.021	0.017	1	PCNP	c36
0.367879177696003	-0.297985604133166	0.007	0.01	1	DOCK10	c36
0.604903613625726	0.295310383793805	0.014	0.013	1	MPC2	c36
0.147235009057644	0.295299508620593	0.053	0.044	1	CLK1	c36
0.603881692103099	0.294734112549519	0.014	0.013	1	SEPT2	c36
0.366143689016817	-0.293681190077153	0.008	0.011	1	SNHG16	c36
0.426978793928139	0.293078613780266	0.024	0.02	1	STOM	c36
0.657662284206567	0.292829622833429	0.012	0.011	1	PSMD7	c36
0.200760462598222	-0.292603076906376	0.032	0.04	1	FYN	c36
0.542036178720103	0.292239593668866	0.017	0.015	1	C8orf59	c36
0.156370560889413	-0.292138275589538	0.041	0.051	1	CUTA	c36
0.14208044760065	-0.291139231263378	0.043	0.054	1	ACTR3	c36
0.598306013136712	0.290781589461005	0.022	0.019	1	STAT3	c36
0.223750401218272	0.290706646210638	0.039	0.032	1	GeneID:102723863	c36
0.986493250335913	0.289845078528484	0.013	0.013	1	STARD7	c36
0.000628736352314531	-0.289712787899263	0.355	0.397	1	RPL23A	c36
0.0984033886535571	0.288700752738713	0.079	0.066	1	UBE2D3	c36
0.336488724061676	0.288553690967198	0.039	0.033	1	WDR1	c36
0.000530821862156163	-0.288337357140281	0.247	0.296	1	UBA52	c36
0.329349715317073	0.287962191100554	0.032	0.027	1	TMEM219	c36
0.719013047337925	-0.287490396059045	0.082	0.085	1	HLA-DQB1	c36
0.269003185634438	0.28673813861626	0.036	0.03	1	TPM4	c36
0.452016524927797	0.285544941094859	0.023	0.019	1	ARHGAP4	c36
0.70611034295296	0.284114405488418	0.011	0.01	1	NAA50	c36
0.379923252932682	-0.283426539770342	0.008	0.011	1	ARAP2	c36
0.737313702317127	0.28164681648365	0.01	0.009	1	STX11	c36
0.675157707383222	0.281586927526176	0.012	0.011	1	CHCHD5	c36
0.18992616802252	-0.281415141846884	0.047	0.057	1	SQSTM1	c36
0.377180411319498	-0.280851447536667	0.008	0.011	1	COX20	c36
0.421436336695835	0.280599118490056	0.026	0.022	1	SASH3	c36
0.236027826789888	-0.279032319435937	0.028	0.035	1	IL10RA	c36
0.141399413718888	0.278663248124071	0.062	0.051	1	ARL6IP4	c36
0.391326446711489	-0.278513793376051	0.007	0.01	1	ZSCAN16-AS1	c36
0.187330012906736	-0.277410825745827	0.026	0.033	1	ZAP70	c36
0.141723728309583	0.277220076443927	0.034	0.026	1	TNFRSF18	c36
0.359060356971218	0.276982927591434	0.031	0.026	1	PRDX2	c36
0.723294469140443	0.276982927591434	0.011	0.01	1	NDUFA5	c36
0.346162556964099	-0.276781363183267	0.012	0.016	1	TLN1	c36
0.115428144550307	0.275247702315526	0.058	0.048	1	TUBB4B	c36
0.0333329135819336	-0.274711350729629	0.266	0.294	1	HSPA1A	c36
0.453014954919883	0.274594641534318	0.025	0.021	1	SH3KBP1	c36
0.0422954756784822	-0.273959638260856	0.307	0.257	1	NKG7	c36
0.755438629032106	0.273882023569278	0.01	0.009	1	CNIH4	c36
0.0782010670866252	0.273678759602309	0.081	0.067	1	STK17B	c36
0.104109715991186	-0.273166667434573	0.107	0.123	1	CTSW	c36
0.147086639267726	0.272028272536582	0.043	0.035	1	CD55	c36
0.7541910591569	0.271560711659157	0.01	0.009	1	PNKD	c36
0.445002471529979	0.271085006423329	0.026	0.022	1	PA2G4	c36
0.37595165205547	-0.271035758256475	0.01	0.014	1	LINC00869	c36
0.339397614832136	-0.270894206545129	0.014	0.018	1	APMAP	c36
0.404448334704169	0.270594599628887	0.028	0.024	1	SSU72	c36
0.0911746176246076	-0.270504867711058	0.049	0.062	1	JUND	c36
0.365386750928211	0.269532623106228	0.032	0.027	1	COX14	c36
0.400824835446278	0.269532623106228	0.038	0.033	1	SLC38A2	c36
0.328206349526635	-0.267064963742565	0.016	0.021	1	C7orf73	c36
0.371449161326143	-0.265554107760013	0.012	0.016	1	NKTR	c36
0.551780134572508	0.265504226664635	0.019	0.017	1	HNRNPUL1	c36
0.00191311396665446	0.265199671782678	0.212	0.174	1	HSP90AB1	c36
0.0371274758441059	0.264796151787233	0.114	0.094	1	PSMB9	c36
0.306875516080375	0.264770432856744	0.363	0.363	1	GAPDH	c36
0.359260018388917	0.264763378958356	0.032	0.027	1	NDUFV2	c36
0.259048953170606	0.264643923013666	0.061	0.053	1	NCL	c36
0.217032508063568	-0.264252225997811	0.044	0.053	1	CD247	c36
0.38244194780632	-0.263585453771269	0.01	0.013	1	GPCPD1	c36
0.391070400980796	-0.263022161582723	0.017	0.021	1	KLF10	c36
0.00696750298628122	0.262936939097084	0.177	0.146	1	NPM1	c36
0.664260590532898	0.262824864594775	0.014	0.013	1	KPNB1	c36
0.569709620979632	0.262231773099931	0.018	0.016	1	RHBDD2	c36
0.201150840509669	0.261215611733117	0.068	0.058	1	EZR	c36
9.06981387156834e-05	0.261183792097637	0.325	0.268	1	ZFP36L2	c36
0.169487337157102	0.261126918374455	0.068	0.057	1	NDUFS5	c36
0.364291675610984	0.260754465799548	0.034	0.029	1	SHISA5	c36
0.154147354518984	-0.259217148883628	0.039	0.049	1	HCLS1	c36
0.238626041705532	0.25860439827658	0.065	0.056	1	NDUFB2	c36
0.063309269483313	-0.258388118421671	0.075	0.092	1	TPM3	c36
0.642523473006197	0.25790218602573	0.015	0.014	1	POLR2J	c36
0.000680445684133695	-0.25768559788143	0.443	0.479	1	RPLP2	c36
0.0188341288555271	-0.25749978355106	0.158	0.187	1	TOMM7	c36
0.154366874018665	0.256307519077818	0.067	0.056	1	HNRNPA0	c36
0.391637797347865	-0.25609647493307	0.01	0.013	1	EVI2A	c36
0.745324165534353	0.254956621261436	0.018	0.017	1	IK	c36
0.0771440365634028	-0.254440732460338	0.113	0.132	1	COTL1	c36
0.419239123336492	-0.252874973689267	0.007	0.01	1	RNF125	c36
0.289741727068672	-0.25243693055826	0.027	0.033	1	NDFIP1	c36
0.192031889111949	-0.251261521471645	0.032	0.04	1	WIPF1	c36
0.449328174686152	0.250998607692752	0.028	0.024	1	ECH1	c36
0.739480101241129	0.250952540955592	0.012	0.011	1	FLOT1	c36
0.343227835248178	-0.250211809079467	0.019	0.024	1	DNAJB6	c36
0.366832501991852	-0.249447772973832	0.018	0.023	1	PRKCQ-AS1	c36
0.467043343163475	0.249424641512475	0.027	0.023	1	OTUB1	c36
0.531363626813783	0.249411155041146	0.023	0.02	1	SSBP1	c36
0.473832106940334	-0.249026600517521	0.018	0.022	1	HIST1H1E	c36
0.692149825140752	0.24713105748963	0.014	0.013	1	RPA3	c36
0.790563057956059	0.247029705489807	0.01	0.009	1	THAP3	c36
0.000238658609908452	0.246731262552236	0.344	0.29	1	EEF1B2	c36
0.327377246977707	-0.245960297469738	0.029	0.034	1	BIRC3	c36
0.342748106195595	0.245941305208056	0.037	0.032	1	SYTL3	c36
0.312192889772269	-0.245665889026782	0.037	0.043	1	RHOC	c36
0.775088238147706	0.24532046348536	0.011	0.01	1	HSPB11	c36
0.626202810984413	0.243234136236894	0.017	0.016	1	ANKRD10	c36
0.000303563322548547	-0.243100377284573	0.492	0.531	1	RPL18	c36
0.0106971694050174	0.242079928844516	0.194	0.163	1	RAC2	c36
0.405057352242418	0.241150821736405	0.032	0.027	1	C4orf48	c36
0.542618521056921	0.239251288820924	0.023	0.02	1	SYTL1	c36
0.0208220839008171	0.237611950846706	0.15	0.125	1	LOC101929876	c36
0.646092500318146	0.23722386139089	0.017	0.016	1	DOCK8	c36
0.70409741342618	0.237131590914003	0.014	0.013	1	SH3GLB1	c36
0.554392020893023	0.237083452138213	0.023	0.02	1	PSMB8-AS1	c36
0.75837205818506	0.236833526621627	0.012	0.011	1	TEX264	c36
0.824096110646789	0.235672824164804	0.01	0.01	1	CCSER2	c36
0.03905021339558	-0.235329278381984	0.094	0.116	1	ZFAS1	c36
0.467461616825713	0.235195272861619	0.03	0.026	1	ATP5H	c36
0.000179762656980416	-0.235053656893259	0.556	0.588	1	RPL35A	c36
0.376802507775838	-0.235026972356343	0.022	0.026	1	H2AFJ	c36
0.940232222501243	0.234622778738907	0.025	0.024	1	MBP	c36
0.667107041228603	0.233962490766872	0.025	0.023	1	SRSF10	c36
0.765428313228461	0.233006747081114	0.012	0.011	1	ETHE1	c36
0.734954750339909	0.232157728347834	0.013	0.012	1	RN7SL1	c36
0.242357846448671	0.231960706150068	0.055	0.047	1	PRDM1	c36
0.269567749480165	0.231733406273926	0.052	0.045	1	HLA-F	c36
0.609389282263345	-0.231395121010069	0.177	0.165	1	TYROBP	c36
0.27372861127752	-0.231083240632363	0.038	0.045	1	CELF2	c36
0.607664969477382	0.230975998555436	0.021	0.018	1	CAPZA2	c36
0.0151941406358389	0.230673146770859	0.196	0.167	1	RPL31	c36
0.5378233145056	0.230283167324736	0.025	0.022	1	ATF4	c36
0.269405652704714	0.230117881761069	0.05	0.043	1	CSRNP1	c36
0.0243742811427639	0.229858430185116	0.189	0.162	1	CD99	c36
0.833150532733467	0.229652178845389	0.01	0.01	1	SARNP	c36
0.372939803845969	-0.229344577540551	0.018	0.023	1	DEF6	c36
0.214447560519817	0.228844353615206	0.078	0.068	1	SRSF3	c36
0.278338530011164	-0.228540752412509	0.037	0.044	1	PRELID1	c36
0.307791558707128	0.228438552554016	0.059	0.052	1	SON	c36
0.564173074314141	0.22733841330262	0.024	0.021	1	CAPZA1	c36
0.326559693276842	-0.226251147064326	0.026	0.031	1	SEC11A	c36
0.619649644755967	0.225827090327424	0.019	0.017	1	HLA-DMB	c36
0.592626244621998	0.225003399159808	0.019	0.017	1	METTL12	c36
0.783042442989907	0.224750050306599	0.012	0.011	1	WDR33	c36
0.37410745048944	-0.224274701764266	0.018	0.023	1	RCSD1	c36
0.739599489352706	0.222809185746896	0.014	0.013	1	BTF3L4	c36
0.630187590418513	0.219992949006605	0.021	0.018	1	ATRX	c36
0.538245755920673	-0.219983092131893	0.014	0.017	1	LOC101928173	c36
0.26657473867735	0.219602239446766	0.042	0.035	1	CYBB	c36
0.556242159003576	0.219569685092496	0.035	0.032	1	BUB3	c36
0.453911120691196	-0.217712918507066	0.007	0.01	1	P2RY10	c36
0.373817294126127	0.21742736392251	0.048	0.042	1	SH2D2A	c36
0.286481897435726	0.217225788145571	0.068	0.06	1	PRR13	c36
0.447143297214704	-0.216470378404075	0.025	0.029	1	LOC284454	c36
0.731280156653417	0.216382916587463	0.015	0.014	1	C6orf62	c36
0.824390557266388	0.215453045436426	0.01	0.01	1	TRAF1	c36
0.604442881560271	0.214160307858093	0.023	0.02	1	SNRNP70	c36
0.373901103231559	-0.214053387767363	0.023	0.027	1	DEK	c36
0.805351985665645	0.214023643713541	0.012	0.011	1	PSMF1	c36
0.243618683864541	-0.213784166571876	0.139	0.152	1	BTG2	c36
6.91190523322779e-05	0.213195291376141	0.485	0.424	1	RPL15	c36
0.157653844032163	-0.212501141236107	0.225	0.242	1	HSPA1B	c36
0.828080565818107	0.21229595906422	0.011	0.011	1	TOX	c36
0.350775925463813	-0.212284967900323	0.026	0.031	1	SP100	c36
0.561383938180723	0.212138999368598	0.026	0.023	1	PSTPIP1	c36
0.344228274385707	-0.211201234763026	0.017	0.022	1	H1FX	c36
0.967244332618468	-0.211129325707343	0.048	0.048	1	GLUL	c36
0.00764449419180599	0.211100248506775	0.093	0.071	1	IFNG	c36
0.409926749788404	-0.210590983478223	0.021	0.025	1	SCML4	c36
0.767688447314971	0.210256813790622	0.014	0.013	1	ZC3H15	c36
0.705721078037403	0.210256813790621	0.017	0.016	1	SNRPA	c36
0.289439615204815	-0.209919408787195	0.017	0.022	1	RAP1A	c36
0.402237357069257	0.209238320955601	0.04	0.035	1	CMTM6	c36
0.0533192817544145	0.20889898306367	0.162	0.14	1	ARPC2	c36
0.464907163942287	0.20889898306367	0.036	0.032	1	TMBIM4	c36
0.727251418799893	0.20881915045203	0.016	0.015	1	VPS13C	c36
0.590456386322924	0.208627570205962	0.025	0.022	1	TGFB1	c36
0.598858709869087	0.207325498781036	0.025	0.022	1	UBE2N	c36
0.453355797862269	0.207257001247983	0.038	0.034	1	PNISR	c36
0.357305273651003	-0.207097591665398	0.029	0.034	1	LRRFIP1	c36
0.140216801899765	0.206674903486634	0.102	0.088	1	RPL23	c36
0.253123242000995	-0.206425585949209	0.052	0.061	1	CDC42	c36
0.0284110237405105	-0.206138516215174	0.183	0.211	1	PPDPF	c36
0.37113290481517	-0.205955805729856	0.026	0.031	1	ANKRD12	c36
0.00498518432748409	0.205524568505494	0.314	0.274	1	RPL27	c36
0.489232577720628	0.205007781109615	0.031	0.027	1	GBP5	c36
0.947923316056591	0.204992370911516	0.014	0.015	1	RANBP2	c36
0.26149290698775	-0.204977869256846	0.03	0.037	1	SH3BGRL	c36
0.0189397832215226	-0.20374340463849	0.368	0.395	1	RPL9	c36
0.108121381986396	-0.203287175416281	0.085	0.101	1	CCNI	c36
0.419364241100132	-0.203251596801477	0.019	0.023	1	CNOT6L	c36
0.00242924690137726	-0.20311695938076	0.281	0.331	1	BTG1	c36
0.471625699625777	-0.202333365069479	0.009	0.012	1	GABPB1-AS1	c36
0.587649486882009	0.201034074358136	0.036	0.033	1	UQCRHL	c36
0.643819880074771	0.200200453752418	0.021	0.019	1	GLRX	c36
0.0808101970374901	-0.199702345904547	0.077	0.094	1	LEPROTL1	c36
0.471324200781076	-0.198654582691382	0.008	0.011	1	DIAPH1	c36
0.167533808338453	-0.198359402119325	0.075	0.064	1	XCL1	c36
0.46439012763145	0.198294808291773	0.038	0.034	1	PYCARD	c36
0.687997212408531	0.19712023899091	0.021	0.019	1	TAX1BP1	c36
0.847759179733776	0.196246376170335	0.01	0.01	1	PPIF	c36
0.416939128438281	-0.196196839267527	0.019	0.023	1	GRB2	c36
0.439693681309583	0.196162169488167	0.059	0.054	1	NDUFB1	c36
0.810236445782038	0.19577471024289	0.013	0.012	1	STK10	c36
0.700522058581232	0.194494419933116	0.017	0.016	1	ATOX1	c36
0.0283554943214744	0.194280706193194	0.235	0.207	1	RPL36AL	c36
0.63826468532973	0.194046586609362	0.024	0.021	1	AKIRIN2	c36
0.256123840544601	-0.193815687653818	0.062	0.071	1	VAMP2	c36
0.736911025977489	0.193598892256386	0.017	0.016	1	PTPN7	c36
0.463304038060884	-0.192942671611537	0.013	0.016	1	SAMD3	c36
0.810309103562852	0.192895653129184	0.013	0.012	1	MAP4K1	c36
0.547810557828183	0.192284592970432	0.032	0.029	1	FIS1	c36
0.132677096033823	-0.191902820821154	0.07	0.083	1	SRSF5	c36
0.0133843760840952	-0.191862842968654	0.257	0.294	1	EEF1D	c36
0.1607073659812	-0.191621320542931	0.069	0.081	1	GPSM3	c36
0.711524137925942	0.191228428803456	0.019	0.018	1	OPTN	c36
0.479752412640911	-0.191131623976371	0.008	0.011	1	NELL2	c36
0.684789684335929	0.190596537039596	0.021	0.019	1	AMD1	c36
0.552828227973882	0.190151969718254	0.031	0.028	1	NAA38	c36
0.473910706187136	-0.189931164437719	0.011	0.014	1	MGEA5	c36
0.852255165263946	0.189713236307363	0.012	0.012	1	GOLGA7	c36
0.487385369137954	-0.189073081357115	0.008	0.01	1	MIER1	c36
0.453005297463954	-0.188011472578767	0.031	0.035	1	ICOS	c36
0.379577767397139	-0.18792078666217	0.031	0.036	1	IQGAP1	c36
0.740476181777079	0.187613153246533	0.014	0.013	1	ARRDC3	c36
0.411240159253378	0.186900095013366	0.045	0.04	1	DDX3X	c36
0.894923516002574	0.186738085463404	0.01	0.01	1	NDNL2	c36
0.394770170116028	-0.186323780780662	0.027	0.031	1	MATR3	c36
0.63556024129378	0.185341507735267	0.024	0.021	1	DNPH1	c36
0.473993918096381	-0.185291440814688	0.011	0.014	1	EPS15	c36
0.484521036748675	-0.184894190202026	0.012	0.015	1	LENG8	c36
0.00878545471897247	0.184411858601306	0.269	0.234	1	IFITM2	c36
0.448154905692129	0.183919918821217	0.046	0.041	1	SEPT9	c36
0.437481166438075	-0.183224542121775	0.019	0.023	1	EIF2S3	c36
0.0913039504641323	-0.182875063586944	0.281	0.301	1	RPL21	c36
0.000102505177104176	0.182811905055485	0.476	0.412	1	H3F3B	c36
0.782647246868412	0.182712753856938	0.016	0.015	1	PPP2R1A	c36
0.846113020629729	0.182007336986447	0.013	0.013	1	TNIP1	c36
0.590054606678226	0.181258209298016	0.032	0.029	1	GDI2	c36
0.154297633930167	0.18116623797362	0.115	0.101	1	TCEB2	c36
0.994286772374128	0.181008586485578	0.014	0.014	1	TSC22D4	c36
0.00605709653757801	-0.180158824222923	0.699	0.696	1	RPS27A	c36
0.324173575902806	-0.180118631253953	0.007	0.01	1	TGFBR2	c36
0.500392425779773	-0.180118631253953	0.008	0.01	1	SUSD3	c36
0.870952327736286	0.179857040562349	0.012	0.012	1	ZNF207	c36
0.758509314337577	0.179345537262933	0.017	0.016	1	GBP2	c36
0.496846315247365	-0.179229998616749	0.013	0.016	1	PFKFB3	c36
0.494022745866936	-0.178340818286051	0.013	0.016	1	ARL4A	c36
0.461099661162514	-0.177698291492458	0.017	0.021	1	CDC42SE1	c36
0.677357823016709	0.177597027727744	0.018	0.017	1	NCR3	c36
0.000549277805649614	-0.176951612500233	0.678	0.697	1	TMSB10	c36
0.4632305666944	0.176600160524116	0.045	0.04	1	LCP2	c36
0.745456727155273	0.175627249016824	0.019	0.018	1	HP1BP3	c36
0.919066272981756	0.175120951401208	0.01	0.01	1	GDI1	c36
0.0885181429420975	-0.174096240612529	0.147	0.167	1	RPL27A	c36
0.538992348197041	-0.173886677542439	0.011	0.014	1	CD36	c36
0.794360912513531	0.173070211836446	0.035	0.033	1	SERBP1	c36
0.93722553626327	0.172447754526866	0.018	0.018	1	TMEM243	c36
0.172222406334002	0.171884186382957	0.131	0.117	1	HNRNPDL	c36
0.554306528238153	0.171767344968165	0.053	0.049	1	CD97	c36
0.684522462864745	0.171653974566874	0.013	0.012	1	GSN	c36
0.988611240580445	0.171389478271167	0.016	0.016	1	SNX6	c36
0.786188168066177	0.169784648025845	0.027	0.025	1	LOC374443	c36
0.41959242562894	-0.168924880361408	0.029	0.033	1	CSDE1	c36
0.41290917629646	0.168701664448826	0.057	0.052	1	RPS14P3	c36
0.652229881507012	0.168155602731145	0.029	0.026	1	PHB2	c36
0.520820626728025	0.167955431876077	0.073	0.068	1	LCK	c36
0.883901774133127	0.167022134532703	0.012	0.012	1	FLJ10038	c36
0.770234470543146	0.16690044459624	0.019	0.018	1	H2AFY	c36
0.486117368319009	-0.166451097329677	0.015	0.018	1	GHITM	c36
0.904919775632276	0.165319408776759	0.078	0.079	1	HSPB1	c36
0.623422967080985	0.162416857020977	0.031	0.028	1	TCIRG1	c36
0.20393940950125	-0.162197477930414	0.101	0.113	1	RARRES3	c36
0.487675167211923	0.161374382963643	0.05	0.046	1	ARHGDIA	c36
0.355898286475936	0.161321855427606	0.076	0.068	1	SSR2	c36
0.953068675515557	0.160729859095587	0.01	0.01	1	TMEM9B	c36
0.700605025948793	0.159641983274031	0.025	0.023	1	PTP4A1	c36
0.689359555325441	-0.159450191650691	0.045	0.048	1	RNA45S5	c36
0.655790477143459	0.159274771836809	0.03	0.027	1	POLR1D	c36
0.444444386751479	-0.158819229453497	0.03	0.034	1	SKAP1	c36
0.606798947463712	-0.158538713209003	0.008	0.01	1	CTSZ	c36
0.735672361999491	0.158055205972943	0.023	0.021	1	NAP1L4	c36
0.858301030995754	0.157923754319484	0.011	0.012	1	TAP2	c36
0.937537572273634	0.156916356023618	0.011	0.011	1	PTBP1	c36
0.959356180768467	0.156440376131181	0.01	0.01	1	NIPBL	c36
0.46171860028081	-0.156118205215597	0.029	0.033	1	OCIAD2	c36
0.616479526790794	0.155607789003392	0.03	0.027	1	FAM46C	c36
0.767623945441939	0.155223142124293	0.033	0.031	1	OSTF1	c36
0.524622645054999	-0.155027650291123	0.01	0.013	1	PHIP	c36
0.905528308305128	0.155013377952633	0.021	0.02	1	ZC3HAV1	c36
0.963102115492727	0.155013377952633	0.01	0.01	1	PSMA3	c36
0.506107069735865	-0.154283033479296	0.016	0.019	1	RGS19	c36
0.462690810507676	0.153887796619488	0.057	0.052	1	PPP1CA	c36
0.939982345134968	0.1536471612395	0.011	0.011	1	PIAS1	c36
0.783636878025985	0.153553864441143	0.021	0.019	1	ATRAID	c36
0.394587144693327	-0.153151583653685	0.026	0.03	1	LYST	c36
0.195395593784178	0.153133111297255	0.045	0.037	1	KLRC2	c36
0.939995755304563	0.152994210315981	0.011	0.011	1	PTPN1	c36
0.463929929136203	-0.152985040519231	0.031	0.035	1	PVRIG	c36
0.00486993212943223	-0.152795701555532	0.547	0.586	1	HLA-A	c36
0.463234374493364	0.15279336177871	0.052	0.047	1	RPSAP58	c36
0.00904723259052359	0.152788774194598	0.369	0.328	1	RPS16	c36
0.937604637777506	0.152341554778549	0.011	0.011	1	FAM50A	c36
0.250204433182362	-0.152335906581539	0.12	0.132	1	ALDOA	c36
0.966881594279064	0.151452045507575	0.01	0.01	1	BPTF	c36
0.512041136897467	0.151382303263209	0.049	0.045	1	CHMP1B	c36
0.714762125155106	0.151287888365578	0.026	0.024	1	MRPL52	c36
0.892199406904086	0.150944000624031	0.013	0.013	1	SRSF9	c36
0.182285781509776	-0.150729757020609	0.196	0.212	1	RPL36A	c36
0.796284553460933	0.150385357813223	0.019	0.018	1	IKZF3	c36
0.843409412811427	0.14969556815586	0.016	0.016	1	NXT1	c36
0.062215563268129	-0.149562988116002	0.653	0.634	1	RPS21	c36
0.000131505985769309	-0.148480557321722	0.945	0.872	1	RPS27	c36
0.825291026485308	-0.148383449537891	0.019	0.02	1	ID3	c36
0.963229624697686	0.147899482666183	0.01	0.01	1	AFF4	c36
0.100762597014923	0.147622577150114	0.206	0.185	1	COX4I1	c36
0.445678816614651	0.147611542161953	0.069	0.063	1	SRSF2	c36
0.943666547028798	0.147130912397763	0.011	0.011	1	DNAJB14	c36
0.89582881845574	0.147080901303526	0.012	0.012	1	LOC101927902	c36
0.401274771094736	0.146700591958445	0.072	0.065	1	PTGES3	c36
0.202559926325622	0.146300605917026	0.17	0.156	1	CLIC1	c36
0.0124452904057991	-0.146149645417112	0.601	0.613	1	RPL12	c36
0.0803530515307782	-0.145125134944514	0.768	0.743	1	RPL11	c36
0.150475241370934	0.144803067589514	0.146	0.13	1	LSP1	c36
0.406803927167544	0.144668472163044	0.086	0.079	1	SKP1	c36
0.887867644789856	0.143883791871268	0.014	0.014	1	LSM6	c36
0.645205462782369	0.14336493013545	0.035	0.032	1	OXNAD1	c36
0.794845642335389	0.141900915254046	0.046	0.044	1	TIGIT	c36
0.801402117943234	0.14117361947787	0.022	0.02	1	MGAT4A	c36
0.840465771084517	0.140921378015405	0.013	0.013	1	HLA-J	c36
0.550866698415314	-0.140034935815651	0.013	0.016	1	TNRC6B	c36
0.368338344622018	-0.139831946608394	0.072	0.08	1	GPX4	c36
0.527364645605718	-0.139831946608394	0.017	0.02	1	TAF7	c36
0.352961473411495	-0.139760893637813	0.062	0.069	1	TUBA4A	c36
0.981912700207008	0.139408854681805	0.01	0.01	1	RGS14	c36
0.919965182260906	0.139257689527111	0.013	0.013	1	ZMYM6NB	c36
0.682329318668053	0.138931700949962	0.034	0.032	1	RSL24D1	c36
0.631638194958632	-0.138481341411239	0.009	0.011	1	PLD3	c36
0.391253087508487	0.138449266162146	0.061	0.054	1	PRDX1	c36
0.489298706195702	-0.137383678380184	0.034	0.038	1	DDIT3	c36
0.522083118396168	0.13734158065677	0.074	0.069	1	HNRNPK	c36
0.424467033693079	-0.136275004370506	0.054	0.06	1	CD53	c36
0.722538495042995	0.136223629437477	0.025	0.023	1	H2AFX	c36
0.550967142426484	-0.135918827343419	0.013	0.016	1	MAF1	c36
0.834713312685925	0.135751746025575	0.021	0.02	1	RSL1D1	c36
0.402136954911828	-0.135149825737636	0.726	0.696	1	RPS18	c36
0.558245995091702	-0.134737189731439	0.038	0.042	1	TNFRSF1B	c36
0.0816520868808478	-0.133574960818241	0.212	0.234	1	HSP90AA1	c36
0.49067132192156	-0.132709270867529	0.038	0.042	1	SMDT1	c36
0.830207667182615	0.132020325946979	0.022	0.021	1	XRCC6	c36
0.562746300279684	-0.131637830015542	0.011	0.013	1	OSBPL8	c36
0.11139580423187	0.131627451881207	0.115	0.099	1	DNAJA1	c36
0.734625419616313	0.13126466322613	0.05	0.048	1	LAT	c36
0.676331100821141	0.130967903985982	0.029	0.027	1	STAT1	c36
0.90684478741693	0.12952207619747	0.014	0.015	1	PLEC	c36
0.347237740670368	-0.129336413907531	0.151	0.161	1	PPP1R15A	c36
0.574568424966863	-0.12835553326695	0.016	0.019	1	ATP1A1	c36
0.497889337076536	-0.127796666321971	0.038	0.042	1	ELF1	c36
0.644454059278314	-0.12747226299037	0.433	0.424	1	PFN1	c36
0.555169466961006	-0.127344091605408	0.021	0.023	1	DOK2	c36
0.559604456567352	-0.126806474665746	0.024	0.027	1	TECR	c36
0.340072618201636	-0.125966046917213	0.129	0.14	1	RPL7	c36
0.530510145059164	-0.1258610864004	0.29	0.277	1	CRIP1	c36
0.711984807518968	0.125687330608311	0.035	0.033	1	KMT2E	c36
0.516210700660644	-0.125583872398641	0.033	0.037	1	EIF5	c36
0.0383759550236044	-0.1248671496621	0.742	0.728	1	RPL19	c36
0.742517754509406	0.124713088275071	0.032	0.03	1	ST13	c36
0.589658917289594	-0.124546293230018	0.03	0.033	1	FNBP1	c36
0.380700492629901	-0.124205164781647	0.066	0.073	1	H2AFZ	c36
0.392180772034311	0.12419997113211	0.056	0.05	1	ZNF331	c36
0.648713101915524	0.12345623590478	0.042	0.039	1	SFPQ	c36
0.569619312703716	-0.122498311581097	0.011	0.013	1	TIAL1	c36
0.0792369664465514	-0.122183369176153	0.411	0.434	1	RPS9	c36
0.497495294706886	0.121890355646947	0.061	0.055	1	IRF1	c36
0.890665150156382	0.121658856133886	0.018	0.018	1	EIF3M	c36
0.71215937745312	0.121325897940169	0.062	0.059	1	RBM39	c36
0.00867213315201573	-0.12076801933736	0.637	0.655	1	RPL26	c36
0.391141119646067	0.120609290065188	0.298	0.29	1	UBC	c36
0.563159685840717	-0.120188150893896	0.025	0.028	1	SUN2	c36
0.528585526309177	-0.1198974014028	0.033	0.037	1	SRRM1	c36
0.390594399006725	-0.119012051348533	0.105	0.113	1	SLC25A6	c36
0.518543539769637	0.118778494978068	0.076	0.071	1	EIF3F	c36
0.213693839169401	-0.118580437045483	0.518	0.519	1	RPL3	c36
0.972776479697119	0.118348699764129	0.013	0.013	1	UTRN	c36
0.403088694458432	0.117751739140383	0.195	0.185	1	CD3D	c36
0.815481176957854	0.117612612677751	0.023	0.021	1	DNAJB9	c36
0.998068883325491	0.116892718774259	0.011	0.011	1	MPG	c36
0.00113455347969688	0.116714687428023	0.491	0.425	1	RPS5	c36
0.527399987409477	0.116492581470102	0.071	0.066	1	SLC25A3	c36
0.760027437738854	0.116087360696936	0.048	0.046	1	HNRNPA3	c36
0.0499575359447919	-0.115713410362171	0.841	0.795	1	RPS15A	c36
0.972503269560885	0.115619939652547	0.01	0.01	1	CHCHD7	c36
0.826495099664979	0.115619939652546	0.022	0.023	1	CTSA	c36
0.0225874093662328	0.115600061385602	0.362	0.324	1	RPL10A	c36
0.440211666426859	-0.114927930427445	0.031	0.035	1	JAK1	c36
0.541526771746146	-0.114832251477853	0.034	0.038	1	PPP1R18	c36
0.710561374150234	0.114794953187813	0.037	0.035	1	SNHG5	c36
0.880661222978606	0.114529879124006	0.021	0.02	1	SF3B6	c36
0.201842493074285	0.113395274538032	0.194	0.178	1	PCBP2	c36
0.0222835919133762	-0.113195467696763	0.075	0.057	1	XCL2	c36
0.586280091076446	-0.113004435395417	0.01	0.012	1	WBP2	c36
0.854440112605489	0.112760285513305	0.014	0.015	1	HSBP1	c36
0.964361900271961	0.112569843292596	0.027	0.026	1	CTLA4	c36
0.617956886704308	0.111984024857256	0.065	0.061	1	NDUFA3	c36
0.609007081809928	-0.111671281096741	0.051	0.055	1	SERTAD1	c36
0.971218938550693	0.110079097351081	0.01	0.01	1	MFNG	c36
0.604634654842842	-0.110040195517812	0.015	0.018	1	TGIF1	c36
0.60071873213953	-0.109496090272484	0.011	0.013	1	DGKA	c36
0.576753558469096	-0.108784258256559	0.026	0.029	1	IFI16	c36
0.433631246525169	0.108756889468781	0.079	0.072	1	CYCS	c36
0.476130232504099	-0.108378087475925	0.185	0.174	1	GZMA	c36
0.766602958209048	0.108006755542672	0.011	0.012	1	PPP1R12A	c36
0.962887987705936	0.108006755542671	0.015	0.015	1	SNRPB2	c36
0.665178982749338	0.107744947168685	0.029	0.026	1	MIR4435-1HG	c36
0.559540073121683	0.106557885434111	0.109	0.103	1	SNRPD2	c36
0.826482984953503	0.10588929668767	0.042	0.041	1	UBXN1	c36
0.995714570280978	0.10583891885996	0.013	0.013	1	PPP3CC	c36
0.925646580455864	0.104972695453037	0.009	0.01	1	SPTAN1	c36
0.541549476703547	-0.104067472180052	0.022	0.025	1	MAPRE2	c36
0.532544484714313	0.104025858744583	0.081	0.076	1	SNHG6	c36
0.94944740144721	0.103870980973466	0.01	0.01	1	RNPEPL1	c36
0.60459286691364	-0.103060103082793	0.014	0.016	1	RASSF5	c36
0.601872411247731	-0.102992822616387	0.012	0.014	1	CASP4	c36
0.635643842037256	-0.10240398465677	0.011	0.013	1	SYAP1	c36
0.608893108789548	-0.101935145880757	0.021	0.023	1	AIP	c36
0.981049679402952	0.101014681884354	0.012	0.012	1	CLNS1A	c36
0.608259410197733	-0.100579866268746	0.008	0.01	1	BCL2	c36
0.202011572090006	-0.100082750944764	0.378	0.395	1	ACTG1	c36
