p_val	avg_log2FC	pct.1	pct.2	p_val_adj	gene	seurat_clusters
0	-6.52066085371957	0.003	0.172	0	TYROBP	c10
0	-5.63362399959328	0.019	0.237	0	CCL4	c10
0	-4.49391553562265	0.023	0.268	0	NKG7	c10
0	-2.82227218304475	0.148	0.402	0	CD74	c10
0	-2.42789928142689	0.124	0.398	0	CCL5	c10
0	1.36590852441204	0.37	0.164	0	LTB	c10
0	0.965955394672823	0.406	0.219	0	IL7R	c10
0	-0.782431362013541	0.715	0.809	0	COX1	c10
0	-0.687261664372982	0.756	0.854	0	COX2	c10
0	0.631820916289533	0.816	0.573	0	RPL36	c10
0	0.622439706061152	0.653	0.45	0	RPLP0	c10
0	0.61970943999628	0.658	0.434	0	RPL5	c10
0	0.596329452732546	0.891	0.662	0	RPS4X	c10
0	0.589986302194884	0.949	0.735	0	RPL11	c10
0	0.572199134782747	0.763	0.534	0	RPS25	c10
0	0.558951882846366	0.953	0.762	0	RPL32	c10
0	0.557152559376806	0.694	0.49	0	RPL14	c10
0	0.552077772351485	0.98	0.877	0	RPLP1	c10
0	0.53761420483014	0.773	0.556	0	RPL29	c10
0	0.533267766753164	0.923	0.72	0	RPL19	c10
0	0.53215447912245	0.73	0.522	0	RPL18	c10
0	0.524466470148528	0.965	0.857	0	EEF1A1	c10
0	0.52431470402623	0.897	0.686	0	RPL18A	c10
0	0.523758889831801	0.961	0.778	0	RPL30	c10
0	0.523567091908723	0.817	0.604	0	RPL12	c10
0	0.52264469447756	0.924	0.73	0	RPL34	c10
0	0.521275170998234	0.968	0.808	0	RPL13	c10
0	0.517446143748517	0.841	0.612	0	RPS3A	c10
0	0.509022216065775	0.896	0.687	0	RPS27A	c10
0	0.508612640060247	0.819	0.601	0	RPS8	c10
0	0.497656226426166	0.986	0.859	0	RPL10	c10
0	0.490365465802053	0.84	0.625	0	RPS21	c10
0	0.484567871341346	0.883	0.688	0	RPS18	c10
0	0.474219400070132	0.965	0.788	0	RPS15A	c10
0	0.469407348682944	0.912	0.695	0	RPS3	c10
0	0.46669764231845	0.974	0.821	0	RPS12	c10
0	0.464907396507202	0.977	0.855	0	RPL28	c10
0	0.459898097316621	0.906	0.737	0	RPS19	c10
0	0.438634291792173	0.994	0.867	0	RPS27	c10
0	0.409179734919837	0.997	0.937	0	RPL41	c10
0	0.383623431096056	0.956	0.827	0	RPL39	c10
4.55343330685875e-308	-6.82583499817149	0.002	0.149	9.45565960502288e-304	CST3	c10
1.48622565993135e-305	0.480338143266046	0.781	0.589	3.08629620541345e-301	RPL37	c10
7.25615335236526e-299	0.482712359106829	0.774	0.579	1.50681280515217e-294	RPL35A	c10
2.18512431437401e-294	0.430462199121123	0.85	0.673	4.53762915122907e-290	RPS15	c10
5.46073904499707e-290	0.500881009286994	0.723	0.51	1.13397707008409e-285	RPL3	c10
5.74021912531672e-287	-1.01592153324067	0.43	0.594	1.19201390356327e-282	COX3	c10
2.45908575264513e-286	-2.34550817700453	0.05	0.211	5.10653747394288e-282	CST7	c10
5.06391437636814e-285	-6.13747226473547	0.008	0.148	1.05157245939661e-280	GNLY	c10
8.93368362677235e-285	0.525569485276969	0.683	0.482	1.85516874193555e-280	RPS6	c10
1.56291591545428e-281	0.492806772587675	0.738	0.547	3.24555119003237e-277	RPL8	c10
3.09587054533752e-266	-1.12494220136298	0.251	0.433	6.42888477444789e-262	ND4	c10
2.77547965818914e-258	-7.01021158510099	0.002	0.128	5.76356105819556e-254	LYZ	c10
3.29038167393602e-255	-1.38031019759227	0.44	0.597	6.83280658409553e-251	RNR1	c10
4.98837069168393e-253	0.355662394775078	0.85	0.66	1.03588505783509e-248	RPS23	c10
2.16196979765617e-247	0.454182414612514	0.747	0.568	4.48954648181279e-243	RPS7	c10
4.52158052224853e-244	-7.12920977195669	0.002	0.122	9.38951411250129e-240	IFI30	c10
2.50360189814565e-238	0.489283049402507	0.69	0.514	5.19897970168926e-234	RPS29	c10
5.28439255158593e-238	0.414041898014217	0.765	0.58	1.09735695726234e-233	RPS13	c10
1.47949771110503e-235	-4.42029194049659	0.009	0.129	3.0723249468807e-231	GZMB	c10
1.36609522740125e-234	1.15694477943617	0.195	0.089	2.83683334922144e-230	LDHB	c10
1.70603268141768e-232	-0.966524152308388	0.75	0.838	3.54274746623196e-228	RNR2	c10
3.42564979109744e-227	-7.6516630201882	0.001	0.112	7.11370435619294e-223	FCER1G	c10
2.39930649182194e-226	0.495395211877743	0.661	0.49	4.98239986091744e-222	RPL6	c10
5.91275399160522e-225	1.05778316497032	0.235	0.119	1.22784249389674e-220	KLRB1	c10
2.20742538634418e-222	-1.85520610605715	0.322	0.456	4.58393955728232e-218	FTL	c10
2.62908192063991e-219	0.511862804693606	0.577	0.396	5.45955151640084e-215	FXYD5	c10
3.69145082784814e-219	0.470601500541469	0.759	0.631	7.66566678910944e-215	TPT1	c10
2.42115035073251e-216	-4.15429984286518	0.008	0.12	5.02776081833114e-212	GZMH	c10
3.85419095671935e-210	-2.26781417762583	0.05	0.179	8.0036129407234e-206	GZMA	c10
5.78096087113893e-208	0.48183552961518	0.597	0.418	1.20047433450071e-203	RPS5	c10
9.70952457487562e-207	0.561199025514905	0.539	0.376	2.01627987321867e-202	RPL24	c10
2.1191826586017e-204	0.581947605552342	0.49	0.329	4.4006947088523e-200	RPL22	c10
6.22218357178002e-203	0.366110655193583	0.805	0.645	1.29209864051584e-198	RPS14	c10
1.94454282357722e-198	0.584278547202716	0.5	0.344	4.03803762744046e-194	GNB2L1	c10
5.59656842825902e-195	0.501526580057982	0.555	0.388	1.16218339981227e-190	RPL9	c10
1.48104348573775e-192	-0.665135484570834	0.61	0.715	3.07553490248302e-188	ND3	c10
2.43189679868166e-192	0.573424617295629	0.476	0.32	5.05007689214233e-188	RPSA	c10
7.61443465348435e-188	-5.54130636648252	0.003	0.098	1.58121350014256e-183	AIF1	c10
4.44204608269643e-187	-3.38944408737473	0.016	0.12	9.22435289532741e-183	PSAP	c10
2.94529583664353e-176	-6.28908906068746	0.001	0.09	6.11620133437395e-172	S100A9	c10
1.93434178788842e-175	0.383989817043064	0.711	0.548	4.01685415672909e-171	RPL7A	c10
3.31116185447256e-171	-0.680974237714174	0.53	0.648	6.87595870699772e-167	ATP6	c10
8.21336790332147e-171	-4.30694601957239	0.006	0.096	1.70558797880374e-166	CTSS	c10
2.3721503134877e-170	-6.15383290928678	0.002	0.089	4.92600734098855e-166	CCL4L1	c10
6.81291932154579e-170	-2.36108816719872	0.027	0.13	1.4147708263122e-165	CD8A	c10
2.29349826696188e-166	0.705334275750713	0.354	0.228	4.76267850117305e-162	SARAF	c10
3.49303123695895e-165	-6.00883782184603	0.002	0.086	7.25362866666895e-161	S100A8	c10
8.10113863540765e-156	-6.64905031127151	0.002	0.082	1.68228244902875e-151	CCL3	c10
1.81710194639876e-155	0.518860555443042	0.459	0.318	3.77339390189166e-151	RPL10A	c10
2.02992332423853e-155	1.58080779214673	0.068	0.022	4.21533877511373e-151	CD40LG	c10
2.9360979059001e-155	0.579103315286466	0.421	0.288	6.09710091139216e-151	EEF1D	c10
2.37636465522961e-151	-3.60155758803357	0.033	0.129	4.93475884304981e-147	RN7SK	c10
6.52373886343042e-149	-1.03933988056233	0.209	0.337	1.35471961237996e-144	ND1	c10
3.80996328561564e-148	-3.76963261391734	0.01	0.092	7.91176975890944e-144	HLA-DRB4	c10
3.25973714165514e-145	-2.18073546922254	0.05	0.149	6.76917014836106e-141	GPX1	c10
3.31904951052718e-145	-1.03708588965632	0.174	0.3	6.89233821356073e-141	ND2	c10
1.32438152207056e-143	-2.07835857677643	0.033	0.127	2.75021066873173e-139	CTSW	c10
4.77022883115335e-143	-8.02298532035478	0	0.073	9.90585719077305e-139	FCN1	c10
2.18683123664478e-142	0.341754222918299	0.725	0.588	4.54117374601656e-138	FAU	c10
5.71505572517413e-142	0.3129449697276	0.783	0.65	1.18678847188966e-137	RPL26	c10
1.39228838984588e-140	-7.0038636190185	0	0.072	2.89122607035395e-136	SERPINA1	c10
3.10321877312819e-139	0.474698768390309	0.446	0.311	6.444144104278e-135	IL32	c10
4.02775291713644e-138	-4.54128838348409	0.003	0.076	8.36403170772553e-134	KLRD1	c10
6.33479681347447e-137	0.191190081309505	0.989	0.921	1.31548390628611e-132	B2M	c10
6.87151740891964e-136	2.58522231885403	0.031	0.007	1.42693930513625e-131	NMB	c10
1.03861097229137e-135	-1.62357872890424	0.102	0.209	2.15677954506026e-131	SAT1	c10
1.17968274311714e-135	-3.63127486673452	0.011	0.088	2.44972918435705e-131	HLA-DQB1	c10
3.23996633547183e-135	0.378669153720871	0.614	0.472	6.7281140922408e-131	RPLP2	c10
2.83709842659963e-132	0.73910782113619	0.252	0.153	5.89151859267678e-128	HINT1	c10
6.39909063023167e-126	1.27063985913582	0.088	0.037	1.32883516027391e-121	CORO1B	c10
2.63667581943634e-124	-1.39972134054273	0.074	0.171	5.4753210066415e-120	LGALS1	c10
1.94238160773473e-119	-3.16330519144558	0.009	0.078	4.03354964662194e-115	PRF1	c10
3.31322220504007e-119	0.473042542973256	0.444	0.323	6.88023723098621e-115	RPS16	c10
4.79111371978938e-119	-4.32037239049249	0.006	0.071	9.94922675051462e-115	LST1	c10
6.1160351227405e-119	0.418191906316238	0.524	0.4	1.27005585358829e-114	RPL35	c10
2.78095754758489e-118	-4.01903405365986	0.005	0.069	5.77493644331477e-114	HLA-DRB1	c10
4.44078861900363e-118	0.396614296445489	0.546	0.419	9.22174164622294e-114	RPL15	c10
9.57596471736514e-118	-1.93632343751464	0.029	0.108	1.98854483320805e-113	CD8B	c10
2.22708490247256e-116	0.552303311349965	0.343	0.233	4.62476450847452e-112	RPL4	c10
6.69013987619472e-115	-6.32234235173456	0.001	0.06	1.3892744466906e-110	VCAN	c10
3.59481342153445e-110	-3.23515702520094	0.011	0.075	7.46498955115843e-106	LOC100996809	c10
7.41549747774723e-108	1.26487260071798	0.076	0.032	1.53990220622899e-103	FLT3LG	c10
1.84500674974939e-107	-1.8592324837983	0.03	0.104	3.83134101652958e-103	GSTP1	c10
4.58051581980564e-105	0.423299365623828	0.439	0.323	9.51189915140838e-101	IFITM1	c10
1.74837658849552e-103	0.917297363138523	0.117	0.059	3.6306788236698e-99	BATF	c10
1.06807968980546e-102	0.987788337901849	0.112	0.056	2.21797428385001e-98	SPOCK2	c10
1.58262388514708e-102	-1.5581835287375	0.048	0.126	3.28647675989643e-98	FOSB	c10
4.47623478002004e-102	-2.89593436884572	0.011	0.072	9.29534914418962e-98	NPC2	c10
1.18205476256587e-99	0.887975934174152	0.065	0.026	2.45465491994429e-95	TNFRSF4	c10
6.01319434965331e-98	1.52345270373818	0.047	0.016	1.24869993864901e-93	AQP3	c10
8.56543214029786e-98	0.398679481514288	0.476	0.363	1.77869763825425e-93	NACA	c10
6.64593767890624e-96	-2.17704747669378	0.02	0.083	1.38009541840167e-91	RHOB	c10
6.84988194352909e-95	-4.77102770472938	0.002	0.053	1.42244648439325e-90	MS4A6A	c10
1.13816395676998e-94	-0.700655824381811	0.395	0.492	2.36351127262854e-90	ND4L	c10
1.99992171196629e-94	-6.88441491542594	0	0.049	4.15303742706919e-90	CD68	c10
1.12903685071258e-93	1.71696406774248	0.036	0.011	2.34455792418975e-89	CCR6	c10
6.82241281576595e-93	0.699223527531283	0.2	0.124	1.41674224532196e-88	C12orf57	c10
8.803145866413e-93	-3.26029855528507	0.006	0.059	1.82806127061932e-88	HLA-DMA	c10
9.14299313486504e-92	-0.977933797748048	0.146	0.238	1.89863395438607e-87	HSP90AA1	c10
1.51331889281518e-90	-1.65667212821133	0.041	0.111	3.14255801282e-86	GZMK	c10
6.61472378606547e-90	0.521765137179652	0.292	0.2	1.37361354141436e-85	EEF1G	c10
2.25811164409965e-89	1.62396994829805	0.038	0.012	4.68919464013734e-85	MAL	c10
3.04539610025898e-88	1.58770469824075	0.04	0.013	6.32406954179779e-84	LEF1	c10
3.71652557371069e-88	-1.13678421815979	0.133	0.218	7.71773700636763e-84	DUSP2	c10
1.59545666951989e-87	1.0302326613907	0.094	0.046	3.31312531992501e-83	NR3C1	c10
1.07289670610532e-85	-5.69039328703842	0.002	0.047	2.22797729989831e-81	CCL4L2	c10
7.28730514705743e-85	-1.57637489288396	0.038	0.103	1.51328178683795e-80	NR4A1	c10
4.68941022954265e-84	-3.43422025669113	0.009	0.06	9.73802928266828e-80	XCL2	c10
3.69711290740989e-82	0.748587933903127	0.153	0.091	7.67742466352738e-78	LEPROTL1	c10
7.80419233548519e-82	0.804040687830372	0.14	0.081	1.62061858038686e-77	GSTK1	c10
1.37679148256707e-81	-2.29064355458584	0.019	0.073	2.85904519269878e-77	IFNG	c10
1.81968644610115e-81	0.550777181361648	0.27	0.187	3.77876087397366e-77	EEF2	c10
1.13018010798004e-80	-0.864335764887324	0.159	0.247	2.34693201223134e-76	ND5	c10
1.48295440707981e-79	0.436214368489818	0.346	0.252	3.07950312174193e-75	CD3E	c10
3.9801871152666e-79	-7.22149420403593	0	0.041	8.26525656356261e-75	MS4A7	c10
5.29050574798932e-79	-4.13551236688465	0.003	0.046	1.09862642362746e-74	GRN	c10
3.11043789081297e-78	0.333998314350762	0.497	0.392	6.4591353240622e-74	RPL23A	c10
3.18076049414353e-78	0.37344921496983	0.386	0.286	6.60516724213846e-74	EEF1B2	c10
1.85130917097814e-77	0.545888056707303	0.255	0.176	3.8444286244532e-73	COX7C	c10
3.77407078643427e-77	-0.86051527652235	0.154	0.24	7.8372353951094e-73	IER2	c10
4.96327428683897e-77	0.315831644010699	0.534	0.429	1.03067353840498e-72	RPS9	c10
6.55285941363289e-77	-0.981284510315605	0.09	0.166	1.36076678583501e-72	GABARAP	c10
1.65269111661622e-75	-1.79921745822081	0.031	0.087	3.43197837276524e-71	EGR1	c10
3.12595068220763e-75	0.484512560278671	0.292	0.208	6.49134918667237e-71	RPL36A	c10
3.21578865047417e-75	-1.80401150959553	0.031	0.088	6.67790671157467e-71	CTSD	c10
2.74621149810718e-72	-2.74803174139066	0.017	0.066	5.70278279696936e-68	XCL1	c10
2.99594796703931e-72	1.53798535998057	0.036	0.013	6.22138554835382e-68	PASK	c10
4.28545666316943e-72	-2.90399068556329	0.007	0.051	8.89917930673763e-68	LOC101060038	c10
2.40369958512863e-71	-6.48172017012575	0	0.037	4.99152255847812e-67	S100A12	c10
3.88890545610333e-71	-3.06397605083097	0.006	0.048	8.07570107014418e-67	NAMPT	c10
1.77174391171724e-70	0.396447300118645	0.395	0.304	3.67920340707201e-66	RPS2	c10
7.69401305288698e-70	-0.63463186854795	0.438	0.513	1.59773875056251e-65	ATP8	c10
2.08887012559275e-69	-5.7509725948998	0.001	0.037	4.33774770280591e-65	CYBB	c10
3.00425678510648e-69	-4.65609453650288	0.002	0.039	6.23863963995211e-65	KLRC2	c10
4.22488970070359e-69	-2.19860207135724	0.013	0.059	8.77340595248107e-65	CD63	c10
1.38889887615775e-68	-6.38898554039306	0	0.036	2.88418740622917e-64	CFD	c10
1.4086124460308e-68	-1.78908322417834	0.021	0.07	2.92512460542756e-64	LITAF	c10
7.160848199782e-68	-0.707706783989198	0.149	0.228	1.48702173716673e-63	HCST	c10
1.95756014384582e-66	-6.12219899969816	0	0.035	4.06506939471024e-62	CD14	c10
1.74239110416966e-65	-1.97000040587462	0.018	0.063	3.61824936691872e-61	ATF3	c10
7.20710416859255e-65	0.363135548854691	0.386	0.297	1.49662725164993e-60	RPL21	c10
1.74632356019592e-64	-6.6652823899	0	0.034	3.62641550510284e-60	MNDA	c10
3.63232277450311e-64	2.033556228608	0.018	0.004	7.54288147353315e-60	LOC101059954	c10
1.24639719294259e-63	0.554109989024002	0.212	0.146	2.58826841086459e-59	COMMD6	c10
1.98527592158554e-63	-1.96507087407524	0.017	0.061	4.12262397876453e-59	TYMP	c10
4.62360685438664e-63	-5.93633921700398	0	0.033	9.6013819938193e-59	FCGR3A	c10
6.4369701959554e-63	0.410942881094412	0.33	0.249	1.3367012308921e-58	RPL38	c10
1.82554969248852e-61	-4.53614118080389	0.001	0.034	3.79093649142167e-57	FGFBP2	c10
4.32857699058736e-61	-2.57134572512683	0.01	0.049	8.98872297865371e-57	CD79A	c10
7.0143621820679e-61	1.0130756968227	0.067	0.033	1.45660245072822e-56	PIK3IP1	c10
9.273006957612e-61	1.5682367307656	0.028	0.009	1.92563262481771e-56	RTKN2	c10
2.22864129868494e-60	-2.82707096415451	0.007	0.044	4.62799652084916e-56	BCL2A1	c10
3.10184209686346e-60	-0.558964697021844	0.313	0.393	6.44128529834666e-56	ZFP36	c10
3.76767130266499e-60	1.53382586340826	0.029	0.01	7.82394622711412e-56	SESN1	c10
4.04203787998635e-60	1.73411552180211	0.022	0.007	8.39369586157965e-56	ICA1	c10
1.03276284266945e-59	-0.539045086041906	0.42	0.497	2.14463531908738e-55	CYTB	c10
1.2025418692207e-59	-4.79904081091144	0.001	0.033	2.4971984456237e-55	FGL2	c10
1.46982108284993e-58	-1.13354877179092	0.053	0.108	3.05223046064616e-54	NR4A2	c10
7.46292231930291e-58	0.471682268944801	0.253	0.184	1.54975044882644e-53	TOMM7	c10
1.96627859522213e-57	-1.40089364502887	0.035	0.084	4.08317413083827e-53	RGS2	c10
4.15076099021463e-57	0.143674460628324	0.925	0.859	8.61947027227971e-53	TMSB4X	c10
7.07336101662116e-57	-7.97918468948036	0	0.029	1.46885414871155e-52	SPI1	c10
6.37887879311883e-56	-2.16186914512818	0.011	0.048	1.32463797017906e-51	ZNF683	c10
7.8050577291059e-56	-6.47881236079524	0	0.029	1.62079828802613e-51	MAFB	c10
5.61029281548533e-55	-2.5481595261618	0.009	0.044	1.16503340606368e-50	MS4A1	c10
1.57396234562841e-54	0.400333019522186	0.305	0.231	3.26849020693196e-50	ARHGDIB	c10
1.63055603579063e-54	-4.71067148432326	0.001	0.031	3.38601266392282e-50	PLAUR	c10
1.91924998628709e-54	0.507021992027144	0.221	0.157	3.98551452152378e-50	DDIT4	c10
2.0675878161893e-54	-2.15389398195359	0.013	0.05	4.2935528590987e-50	GLUL	c10
2.16615548020032e-54	-2.70055120229849	0.008	0.042	4.49823847018398e-50	IER3	c10
1.12803322087829e-53	-5.9839338525639	0.001	0.029	2.34247378647586e-49	C1QA	c10
1.82638788452269e-53	-1.53575524390336	0.094	0.153	3.79267708099982e-49	MT2A	c10
4.2220810474972e-53	1.28328483847704	0.079	0.044	8.76757350323269e-49	CXCL13	c10
6.28294115769591e-53	1.84514075146597	0.017	0.005	1.30471556080713e-48	FBLN7	c10
7.16178240308891e-53	-6.81791448830813	0	0.028	1.48721573382544e-48	CXCL8	c10
7.75184970975928e-53	-8.84329818840535	0	0.027	1.60974911072861e-48	IL1B	c10
8.23472464793102e-53	-1.5497509979418	0.023	0.065	1.71002292038935e-48	HOPX	c10
4.57735577724375e-52	-6.7219135196579	0	0.027	9.50533700702438e-48	LINC01272	c10
6.4179426372244e-52	-0.843938212307949	0.231	0.297	1.33274996804602e-47	HSPA1A	c10
1.51972942383996e-51	-1.0202665205843	0.051	0.101	3.15587012154606e-47	ITGB2	c10
3.37545748366578e-51	-0.80717666050017	0.258	0.317	7.00947501058036e-47	S100A6	c10
8.8526599800886e-51	1.00319737163637	0.056	0.028	1.8383433714652e-46	TMEM123	c10
1.2598689028011e-50	1.16863360759211	0.042	0.019	2.61624376355676e-46	IL6ST	c10
1.63161622496488e-49	0.673074298525383	0.126	0.08	3.38821425276207e-45	FYB	c10
1.86393563025792e-49	-1.75415897995648	0.016	0.052	3.8706487297936e-45	CD83	c10
1.92037442587625e-49	-6.51268326461797	0	0.026	3.98784953277462e-45	C1QB	c10
2.02863000169908e-49	0.88184621235979	0.071	0.039	4.21265306152831e-45	SEPT6	c10
4.41224756905439e-49	-4.25818841271871	0.001	0.028	9.16247330189835e-45	KLRC3	c10
4.53973057315669e-49	0.433387440149027	0.256	0.191	9.42720450821718e-45	BTF3	c10
5.54430975936403e-49	-2.17684968014741	0.009	0.042	1.15133136462953e-44	TKT	c10
5.96365444935584e-49	-0.634448787692691	0.12	0.183	1.23841248295323e-44	CYBA	c10
9.08013390861255e-48	-1.29876885852212	0.036	0.079	1.88558060746248e-43	NEAT1	c10
9.1127647698781e-48	-6.71644894735551	0	0.025	1.89235673211289e-43	FGR	c10
1.33195554282206e-47	0.365826065427936	0.522	0.463	2.76593888022429e-43	RPS26	c10
1.7096889572612e-47	0.404372980835834	0.269	0.204	3.5503400886486e-43	RPL36AL	c10
2.2986456871136e-47	-7.70385153015944	0	0.024	4.7733676338601e-43	CSTA	c10
3.32803424136846e-47	-0.973310417124842	0.056	0.104	6.91099590562575e-43	MCL1	c10
6.20892483689634e-47	-6.36491037594684	0	0.025	1.28934533162989e-42	C1QC	c10
1.02246776720484e-46	0.402357038940895	0.27	0.205	2.12325656537757e-42	HNRNPA1	c10
5.71544051239092e-46	1.1278424189113	0.035	0.015	1.1868683768031e-41	FOXP3	c10
6.59839776858422e-46	0.327310843088078	0.365	0.293	1.3702232806242e-41	UBA52	c10
2.30743235756196e-45	0.207909514218342	0.754	0.694	4.79161403371316e-41	TMSB10	c10
2.31183504194399e-45	-4.60648037620014	0.001	0.025	4.8007566481009e-41	PLEK	c10
4.2167542324956e-45	1.50337183704882	0.023	0.008	8.75651183920035e-41	LINC00892	c10
4.60771490006013e-45	0.730970866804791	0.094	0.057	9.56838076146488e-41	ITM2A	c10
7.13865310759509e-45	0.895142199910904	0.063	0.034	1.4824127043232e-40	NOSIP	c10
7.37112785820757e-45	-3.54819532104924	0.002	0.027	1.53068841103538e-40	APLP2	c10
4.31646757632617e-44	0.331826076337222	0.341	0.271	8.96357656899892e-40	RPL27	c10
4.41235751822694e-44	-1.93642535221286	0.023	0.059	9.16270162235005e-40	AREG	c10
7.72761000166399e-44	-3.38836629501692	0.003	0.028	1.60471549294555e-39	FCGRT	c10
9.37615489365714e-44	0.466286155991452	0.199	0.144	1.94705232521684e-39	NPM1	c10
1.01483543617349e-43	-0.765302436800788	0.184	0.244	2.10740726675787e-39	HSPA1B	c10
1.29271284614965e-43	-3.62978224052057	0.002	0.026	2.68444749631437e-39	ZEB2	c10
2.68750356368513e-43	-6.13088905737493	0	0.023	5.58086990034853e-39	LGALS2	c10
1.06071522540909e-42	0.331870661740968	0.346	0.277	2.20268123708452e-38	PFDN5	c10
1.49145854423164e-42	-0.370508460841223	0.346	0.415	3.09716281295142e-38	H3F3B	c10
2.01715331913171e-42	-2.73842224862235	0.005	0.03	4.18882058250891e-38	DUSP6	c10
2.23687318612299e-42	-0.536600517693765	0.414	0.469	4.64509085830299e-38	FOS	c10
3.41882547439892e-42	0.469734312388146	0.192	0.139	7.0995329801368e-38	CIRBP	c10
1.01622392466204e-41	0.392252466085349	0.23	0.172	2.11029060195319e-37	MIF	c10
1.01851505255933e-41	-1.26868081794573	0.027	0.064	2.1150483581447e-37	ANXA2	c10
8.96866944854807e-41	1.02172371564301	0.043	0.021	1.86243389768549e-36	TMEM173	c10
1.01792340870505e-40	0.870517612750926	0.058	0.032	2.11381975051691e-36	OCIAD2	c10
1.0716299380156e-40	-1.13267271886097	0.032	0.069	2.2253467292832e-36	GZMM	c10
2.43201697492722e-40	-5.5275106822956	0	0.021	5.05032645013386e-36	CFP	c10
4.67884634222346e-40	-5.92024951446567	0	0.021	9.71609231426123e-36	CLEC7A	c10
5.12043969933987e-39	0.347373730109872	0.292	0.23	1.06331050796492e-34	TMA7	c10
1.24610928448078e-38	0.272354381522447	0.391	0.321	2.58767054015278e-34	RPL37A	c10
1.62459348164721e-38	-0.833429571591794	0.059	0.103	3.37363082398859e-34	ATP6V0C	c10
2.66984291146422e-38	-7.4857205432447	0	0.02	5.54419578994661e-34	C5AR1	c10
3.13816902226462e-38	-0.979426500748964	0.051	0.092	6.5167217916347e-34	LOC101929531	c10
1.52218352787471e-37	-0.549779298884758	0.158	0.215	3.16096631398463e-33	UBB	c10
4.19146756009026e-37	1.00634813605723	0.041	0.02	8.70400153528343e-33	RORA	c10
4.26245126421951e-37	1.41503477054277	0.021	0.008	8.85140629527823e-33	SESN3	c10
5.59253552567457e-37	-1.25573917978899	0.04	0.077	1.16134592726158e-32	HERPUD1	c10
7.70808216432839e-37	0.44148249222924	0.194	0.144	1.60066034224443e-32	OST4	c10
8.26869893955243e-37	-1.89317902632216	0.01	0.035	1.71707802178746e-32	CMC1	c10
9.01483910608585e-37	-6.52921177321417	0	0.019	1.87202148876979e-32	CPVL	c10
2.13027319245608e-36	0.994112386603582	0.041	0.021	4.4237253114543e-32	PBXIP1	c10
2.52191631827128e-36	1.18596909623374	0.029	0.013	5.23701142652213e-32	DGKA	c10
2.73085066401015e-36	0.606217418100001	0.108	0.072	5.67088448888347e-32	CIB1	c10
2.88967165769286e-36	1.30174405280258	0.024	0.01	6.000692164365e-32	TNFRSF25	c10
3.15383621466302e-36	-1.98131305089584	0.009	0.034	6.54925628336923e-32	LAG3	c10
3.94027989463416e-36	1.47278612363162	0.018	0.007	8.1823852291973e-32	FXYD1	c10
4.73439120421036e-36	-1.47850855121156	0.016	0.045	9.83143677466324e-32	ANXA5	c10
4.97072330543904e-36	0.499657672004793	0.151	0.108	1.03222040160747e-31	RPL17	c10
5.83218019999128e-36	-0.47268134514007	0.309	0.37	1.21111054033019e-31	DUSP1	c10
8.52337934229743e-36	0.619348400751458	0.1	0.065	1.76996495422148e-31	GLTSCR2	c10
1.30557173579872e-35	0.395522729453584	0.228	0.176	2.71115026655962e-31	PCBP2	c10
1.46398964082671e-35	0.492219396377334	0.168	0.123	3.04012088814076e-31	LOC101929876	c10
3.571077584611e-35	0.643287790840005	0.085	0.053	7.4156997122032e-31	CD27	c10
3.62597524616655e-35	0.43181741519826	0.189	0.141	7.52970019618946e-31	LRRC75A-AS1	c10
4.0002823451718e-35	-0.816420195104094	0.077	0.121	8.30698631798376e-31	GADD45B	c10
6.57698986083524e-35	-6.26134101884385	0	0.018	1.36577771450105e-30	MPEG1	c10
8.11596072933305e-35	-0.778154265909657	0.061	0.102	1.6853604050533e-30	LCP1	c10
1.71973347982759e-34	0.272137949582378	0.393	0.328	3.57119854420998e-30	BTG1	c10
1.76598701012978e-34	-5.86384574998227	0	0.018	3.66724862523549e-30	CD163	c10
2.2326199667504e-34	-7.30508989244364	0	0.018	4.63625862295389e-30	CXCL2	c10
2.41214296776636e-34	-2.24679182510398	0.006	0.028	5.00905608686363e-30	KLRK1	c10
3.9720673648216e-34	-0.825198472769439	0.478	0.496	8.24839508978854e-30	FTH1	c10
5.66367786079575e-34	0.693774964204542	0.076	0.047	1.17611934457285e-29	LAT	c10
6.36163668238319e-34	-2.73241381756567	0.004	0.025	1.32105747346369e-29	NAPSB	c10
7.87564617748646e-34	0.544047966846638	0.119	0.082	1.63545668521684e-29	SOD1	c10
8.34502780413959e-34	-7.25065738384509	0	0.017	1.73292847380763e-29	LILRB2	c10
8.59635496465226e-34	0.654294958654685	0.087	0.056	1.78511907195969e-29	GYPC	c10
9.30424250104417e-34	0.911072171782187	0.046	0.024	1.93211899776683e-29	TNFAIP8	c10
1.36019057927186e-33	-4.75679226814392	0.001	0.018	2.82457175691595e-29	TMEM176B	c10
2.24483438670626e-33	0.56148614704289	0.11	0.074	4.66162308743423e-29	SNHG6	c10
4.24436638991203e-33	-2.4222870002879	0.005	0.026	8.81385124529133e-29	ASAH1	c10
5.19666622559986e-33	1.85292633166281	0.011	0.003	1.07913970840807e-28	IGFBP4	c10
6.78011412944943e-33	-1.78074834654598	0.011	0.035	1.40795850012147e-28	ITM2C	c10
7.8540958597573e-33	1.66962168934601	0.013	0.004	1.6309815462372e-28	LOC102724246	c10
8.42803725319031e-33	-0.58496886515773	0.115	0.163	1.7501662159975e-28	PPP1R15A	c10
1.21744117773717e-32	0.745793464306758	0.059	0.034	2.52813834968901e-28	ICOS	c10
1.4466298737647e-32	-7.15076815189493	0	0.017	3.00407159585978e-28	CSF1R	c10
1.86791307864105e-32	-0.588026891912566	0.092	0.137	3.878908299106e-28	ARPC3	c10
4.51747367981478e-32	-0.670735870723039	0.108	0.154	9.38098584350337e-28	BTG2	c10
6.20313461762635e-32	-3.61679747276665	0.001	0.019	1.28814293469629e-27	KLF4	c10
6.4584496933504e-32	-4.08690566970349	0.001	0.018	1.34116166332114e-27	HLA-DMB	c10
6.53299188196191e-32	0.717378956846704	0.068	0.041	1.35664109420821e-27	ANP32B	c10
9.79295673594173e-32	0.357238370323811	0.292	0.239	2.03360539578566e-27	TXNIP	c10
2.51635970341676e-31	-1.48365702627916	0.024	0.052	5.22547256011524e-27	CTSB	c10
4.51777548879263e-31	-1.57689611657578	0.012	0.035	9.38161258002678e-27	APOBEC3G	c10
5.00530329796443e-31	-1.60848431843845	0.011	0.035	1.03940128285529e-26	PYCARD	c10
5.65203810670674e-31	0.686358669441102	0.07	0.043	1.17370223323872e-26	ABRACL	c10
5.66633061046918e-31	0.406273076786305	0.17	0.127	1.17667021457003e-26	CD2	c10
7.72381482873447e-31	-1.12658673654181	0.04	0.073	1.603927387335e-26	TUBA1B	c10
7.90378136658574e-31	0.797963653372066	0.053	0.03	1.6412992385852e-26	ARHGAP15	c10
8.01259213087851e-31	-2.2210350151166	0.006	0.027	1.66389488189823e-26	CLIC3	c10
9.28119742374595e-31	-4.82662835177464	0	0.017	1.92733345701508e-26	SLC11A1	c10
9.58312561040089e-31	-1.63749901682361	0.015	0.039	1.99003186425585e-26	SOD2	c10
1.12601848427825e-30	-1.74820924923965	0.009	0.031	2.33828998445222e-26	LYST	c10
1.27335105058666e-30	1.05248625366424	0.03	0.015	2.64424079164825e-26	CCDC167	c10
2.32457928046821e-30	-2.50005767202837	0.004	0.023	4.82722133382028e-26	PPT1	c10
4.88198512913748e-30	0.848124382754849	0.046	0.025	1.01379303191669e-25	PRDX2	c10
4.8846316141345e-30	-3.78461167893724	0.001	0.018	1.01434260099117e-25	PECAM1	c10
6.10797045071549e-30	0.365775821904023	0.212	0.165	1.26838114379558e-25	RPL31	c10
7.27758353773293e-30	-3.56458112567299	0.001	0.018	1.51126299744562e-25	HLA-DRB3	c10
1.99669048845649e-29	1.26039187709583	0.02	0.008	4.14632746832874e-25	TNFSF8	c10
5.6347017827412e-29	-1.39870817662352	0.014	0.037	1.17010217220404e-24	PTPN6	c10
7.49442866882215e-29	0.67436411078485	0.07	0.044	1.55629305736761e-24	GIMAP7	c10
1.02294250229398e-28	-4.21831089225116	0.001	0.016	2.12424240026369e-24	HMOX1	c10
2.34263670477856e-28	-2.21377280517842	0.005	0.024	4.86471938114315e-24	KLRC1	c10
3.1427157528687e-28	-0.526088019024793	0.1	0.142	6.52616353240715e-24	ARPC2	c10
3.48862232649285e-28	1.20395368105093	0.02	0.008	7.24447312319506e-24	MAGEH1	c10
5.21046846530369e-28	-3.16394518913462	0.004	0.021	1.08200588150496e-23	G0S2	c10
5.53469081071072e-28	-4.98811781425037	0	0.015	1.14933389375219e-23	HLA-DRB6	c10
6.47430328888007e-28	-6.92076800325504	0	0.014	1.34445382096883e-23	CD36	c10
6.92351250185123e-28	0.920114021282922	0.037	0.019	1.43773660613443e-23	CD5	c10
9.17265483318216e-28	0.828674818431718	0.044	0.025	1.90479350265861e-23	ARID5B	c10
1.09487696284953e-27	-1.41912238662753	0.014	0.036	2.27362150105334e-23	C1orf162	c10
1.18483736372741e-27	-0.948418963857857	0.03	0.059	2.46043326951635e-23	CTSC	c10
2.00649592382264e-27	-3.20029642272482	0.002	0.017	4.1666894354101e-23	MEF2C	c10
2.28851024320275e-27	-6.87868860645813	0	0.014	4.75232037103483e-23	KCTD12	c10
2.36822062445553e-27	-2.53810682823908	0.003	0.02	4.91784694874436e-23	AOAH	c10
2.97992117760203e-27	0.179394263180361	0.411	0.349	6.18810431740837e-23	TSC22D3	c10
3.25376791463416e-27	0.230260561165911	0.332	0.275	6.75677445152929e-23	CD52	c10
3.26130393262482e-27	-1.83671929025167	0.007	0.026	6.77242374648871e-23	MAP3K8	c10
7.09024076994483e-27	-0.863258617283655	0.04	0.07	1.47235939828674e-22	CLEC2B	c10
8.34710110843268e-27	-1.40744813934748	0.019	0.043	1.73335901617713e-22	SGK1	c10
9.00314287331311e-27	-2.43181177215228	0.004	0.02	1.8695926490722e-22	KLRC4	c10
9.14886876538558e-27	-5.76200997741494	0	0.014	1.89985408781997e-22	C15orf48	c10
1.55852945027152e-26	0.556220858101841	0.09	0.062	3.23644225643384e-22	EIF3E	c10
1.65125187841533e-26	-2.81703075471793	0.003	0.018	3.42898965071727e-22	HLA-DRB5	c10
1.67145980489843e-26	-1.05555581103966	0.025	0.05	3.47095343085208e-22	CD97	c10
2.8551810520079e-26	-1.66034503783312	0.009	0.028	5.92906897259961e-22	KLRG1	c10
2.95340913784259e-26	0.526393694987565	0.1	0.069	6.13304941564392e-22	EIF3F	c10
3.41462790568507e-26	0.132649967696615	0.703	0.64	7.09081630894562e-22	RPS24	c10
3.54917220149856e-26	-2.15136990166002	0.005	0.023	7.37021099363191e-22	ZFAND5	c10
4.29419758196337e-26	0.439868152215128	0.131	0.096	8.91733069870513e-22	PCED1B-AS1	c10
5.52737691291083e-26	1.23298090098559	0.019	0.008	1.14781508973506e-21	CD28	c10
6.71540763671748e-26	-3.67964993685074	0.001	0.016	1.39452154984075e-21	SPON2	c10
7.22297634050639e-26	0.721765304594803	0.053	0.032	1.49992326686956e-21	NDFIP1	c10
7.34866013604933e-26	0.680143938648683	0.055	0.034	1.526022763852e-21	BIRC3	c10
1.10641561849258e-25	-0.778698667331627	0.041	0.07	2.2975826733617e-21	GNG5	c10
1.11545160429416e-25	1.48669114403298	0.013	0.005	2.31634680147726e-21	CYSLTR1	c10
1.20379964385679e-25	0.498524224529041	0.109	0.078	2.49981034043301e-21	SKP1	c10
1.49227976007584e-25	0.723350243996659	0.054	0.033	3.09886814977349e-21	FKBP5	c10
1.50788033513211e-25	-3.81422936240072	0.001	0.015	3.13126430393534e-21	CXCL16	c10
1.72286325617262e-25	0.593775208088191	0.076	0.051	3.57769783776807e-21	RPS14P3	c10
2.63630952883438e-25	-0.805552359916001	0.124	0.164	5.47456036757747e-21	IFITM3	c10
2.93145395822399e-25	-4.80162279781075	0	0.013	6.08745728964794e-21	CCL3L1	c10
3.2571104279581e-25	-5.04717590362785	0.001	0.014	6.76371551469779e-21	SEPP1	c10
3.34782707346099e-25	1.22602895184726	0.018	0.008	6.9520977007491e-21	THEM4	c10
3.97218947531757e-25	-1.28081021785169	0.016	0.037	8.24864866444447e-21	MYADM	c10
4.3313796821223e-25	0.869727315252606	0.038	0.021	8.99454304789516e-21	UGP2	c10
4.45821996455809e-25	0.598423744604535	0.056	0.034	9.25793957840133e-21	PIM2	c10
5.59447795552078e-25	-5.75038933431337	0	0.013	1.16174929224344e-20	RAB31	c10
5.92372414614124e-25	-0.700030397969093	0.054	0.086	1.23012055618769e-20	TSPO	c10
9.63222589555089e-25	-0.510865101356874	0.093	0.131	2.0002280294701e-20	LSP1	c10
1.11575025637281e-24	-5.20399309086181	0	0.013	2.31696698238377e-20	MARCKS	c10
1.13343864877608e-24	-7.61693460456095	0.002	0.016	2.3536986980484e-20	IGJ	c10
1.53170272471004e-24	0.646162107645328	0.067	0.044	3.18073387813287e-20	TIGIT	c10
1.67387920365001e-24	-0.694414983753993	0.067	0.1	3.47597755429962e-20	DNAJA1	c10
1.87009201636633e-24	0.410296081128862	0.143	0.108	3.88343308118632e-20	EIF3K	c10
2.09587252157753e-24	-1.04231612222362	0.028	0.053	4.3522888783079e-20	HSPH1	c10
2.52109886852768e-24	-0.471272182348038	0.398	0.434	5.23531391038458e-20	JUN	c10
4.99390733576073e-24	0.847918755231234	0.038	0.021	1.03703479734407e-19	TTC39C	c10
5.1003894590904e-24	0.71664620848726	0.051	0.031	1.05914687507471e-19	ITK	c10
7.2677516354693e-24	-2.25363652274874	0.004	0.02	1.50922130462155e-19	TNFSF9	c10
8.43713973190784e-24	-5.31281385990766	0	0.012	1.75205643672798e-19	GSN	c10
1.32313860118592e-23	0.459108907283072	0.114	0.083	2.74762961922269e-19	GMFG	c10
1.66730912932476e-23	-5.18769177502753	0.001	0.013	3.46233413795581e-19	RNASE1	c10
1.68067068675716e-23	-1.09838038018004	0.02	0.043	3.49008074811991e-19	TNFRSF1B	c10
1.8371066147812e-23	0.421767958126408	0.133	0.099	3.81493559625464e-19	CCNI	c10
1.85639259720891e-23	-1.7411954130929	0.007	0.024	3.85498486736402e-19	CTSH	c10
1.90733625096649e-23	-6.63252801918873	0	0.012	3.96077445875702e-19	HCK	c10
1.95065550195789e-23	-6.62554773486566	0	0.012	4.05073121536576e-19	NCF2	c10
5.36591842659017e-23	-6.64199248593926	0	0.012	1.11428662046571e-18	IGSF6	c10
6.49143056434835e-23	1.19705990841322	0.019	0.008	1.34801047099258e-18	TIFA	c10
6.70336397236557e-23	0.586583826697338	0.074	0.05	1.39202056250143e-18	SELL	c10
7.19348461636838e-23	-6.94696685284145	0	0.011	1.49379901543506e-18	STAB1	c10
7.34654564035889e-23	-2.2190164528672	0.004	0.019	1.52558366767693e-18	LTA4H	c10
8.04287172271746e-23	-4.28247383110675	0.001	0.013	1.67018274193951e-18	LOC100509457	c10
9.49848835331174e-23	-2.31081092174831	0.003	0.018	1.97245609144872e-18	PTPRE	c10
1.17837165526937e-22	-6.59663504295042	0	0.011	2.44700657933238e-18	FCGR2A	c10
1.45728765300878e-22	0.465118314979665	0.11	0.08	3.02620354023802e-18	GPSM3	c10
1.61951717972895e-22	-5.65638513878826	0	0.012	3.36308937542513e-18	LILRB1	c10
2.06663056367582e-22	-6.55916033753176	0	0.011	4.2915650285292e-18	PILRA	c10
2.31189049600089e-22	-1.79567319307237	0.006	0.022	4.80087180399546e-18	KLF10	c10
2.52691481068787e-22	-2.7456223268886	0.002	0.015	5.24739129587443e-18	RNF130	c10
2.74582795939777e-22	-5.41055756189182	0	0.012	5.70198634048541e-18	MRC1	c10
3.11899926594459e-22	-1.02056861024548	0.023	0.045	6.47691387566054e-18	SYNGR2	c10
3.41366675294144e-22	-0.88510374919982	0.028	0.052	7.0888203791582e-18	FLNA	c10
3.94166302521925e-22	-4.37437241290019	0	0.012	8.18525743817029e-18	RNASE6	c10
4.07046818590966e-22	0.474523595586282	0.091	0.064	8.45273423486e-18	RPS18P9	c10
4.9911301521616e-22	-1.46440361896556	0.011	0.028	1.03645808739788e-17	PLAC8	c10
6.6051553332752e-22	0.497780661605542	0.093	0.066	1.37162655650793e-17	APRT	c10
6.64085048692873e-22	-1.33361476005071	0.022	0.043	1.37903901211562e-17	MTRNR2L2	c10
1.02579856253455e-21	-0.707001192064143	0.055	0.084	2.13017329495925e-17	TUBA1A	c10
1.09298291193794e-21	1.23014691129608	0.016	0.007	2.26968831493033e-17	C1orf228	c10
1.2408533405493e-21	-0.92862869172864	0.024	0.046	2.57675604698467e-17	MSN	c10
1.42867718008838e-21	1.20830383092721	0.016	0.007	2.96679103217154e-17	TESPA1	c10
1.63171883514455e-21	-4.64513356064161	0	0.011	3.38842733306117e-17	TGFBI	c10
1.84101698165265e-21	0.553863839607479	0.073	0.05	3.82305586409989e-17	CUTA	c10
1.87006651346582e-21	1.3851183571288	0.012	0.005	3.88338012186313e-17	METTL8	c10
2.18666310492054e-21	-6.5000168527818	0	0.011	4.54082460367799e-17	CSF3R	c10
3.07430969603871e-21	-5.54241189030894	0	0.011	6.38411151479399e-17	KLRF1	c10
3.35083048680889e-21	-6.52205367327059	0	0.011	6.95833458890735e-17	ALDH2	c10
3.95762182580266e-21	-0.92745098529197	0.024	0.046	8.21839748346181e-17	CAP1	c10
4.63608587945573e-21	-0.503485610898156	0.098	0.133	9.62729593727778e-17	COTL1	c10
4.68943674740144e-21	0.678619220535741	0.05	0.031	9.73808434965382e-17	OXNAD1	c10
4.86680353961964e-21	0.654844033843382	0.052	0.033	1.01064042303741e-16	ISCU	c10
5.61608011242871e-21	-6.47269624678229	0	0.01	1.16623519614695e-16	FPR1	c10
6.69798802051416e-21	0.57628813483033	0.069	0.046	1.39090419233997e-16	RPSAP58	c10
1.22870415201337e-20	-2.83442791554286	0.002	0.014	2.55152704207097e-16	WARS	c10
1.59726381090442e-20	-1.36975500274918	0.032	0.056	3.31687802972412e-16	TIMP1	c10
2.2004935427191e-20	0.644668080181909	0.042	0.026	4.56954489081047e-16	CTLA4	c10
2.23588632137045e-20	0.248589097215795	0.225	0.184	4.64304153495787e-16	CD3D	c10
2.41802819036396e-20	-1.35548043363503	0.011	0.027	5.02127734010981e-16	GNAI2	c10
3.35510483101591e-20	0.381861163340388	0.133	0.102	6.96721069208763e-16	SNRPD2	c10
3.77948829437352e-20	-0.744059916249217	0.039	0.063	7.84848539209604e-16	JUND	c10
4.19419194055275e-20	1.14980386985752	0.017	0.008	8.70965898375184e-16	CHN1	c10
5.50651214253103e-20	0.488934272800214	0.089	0.064	1.14348231151799e-15	RPL21P28	c10
6.06049853060244e-20	-0.184591400685926	0.251	0.3	1.2585231248649e-15	SRGN	c10
8.8158816691907e-20	0.848690031506187	0.031	0.017	1.83070598742414e-15	CMTM7	c10
9.20140346244386e-20	-1.0527162238031	0.029	0.051	1.91076344301109e-15	HSP90B1	c10
9.32392004730091e-20	-0.415710077364678	0.138	0.175	1.93620523702251e-15	HSP90AB1	c10
1.07319244327988e-19	0.921542464122862	0.026	0.014	2.228591427715e-15	TRADD	c10
1.35763670566448e-19	-0.737541071844114	0.047	0.073	2.81926838298285e-15	ND6	c10
1.49504855964155e-19	-5.42159020582499	0	0.01	3.10461783895164e-15	CD300E	c10
2.18522086016666e-19	0.587842379687711	0.059	0.04	4.53782963822208e-15	EIF3L	c10
2.68288554403459e-19	-1.70224987186188	0.006	0.02	5.57128012074223e-15	ABI3	c10
3.78122312400407e-19	0.930784418734355	0.024	0.013	7.85208793930685e-15	TCF7	c10
3.85839693226727e-19	-4.15782290942888	0	0.01	8.01234706954621e-15	FAM26F	c10
4.45760892408699e-19	0.555725752769514	0.065	0.044	9.25667069175903e-15	C19orf53	c10
4.89138802178003e-19	0.706005392450397	0.037	0.022	1.01574563660284e-14	CCR7	c10
5.11380194924769e-19	0.4258308758916	0.102	0.075	1.06193211278077e-14	HMGN1	c10
5.41784678694057e-19	1.01461768993221	0.02	0.01	1.12507006377608e-14	INPP4B	c10
5.56156877018871e-19	-1.66816736880345	0.007	0.021	1.15491537081739e-14	LINC00936	c10
5.71413604032445e-19	-1.77655483583699	0.005	0.018	1.18659749013378e-14	PTMS	c10
8.11520260145039e-19	-2.12490152007798	0.004	0.016	1.68520297221719e-14	NR4A3	c10
1.09268407514665e-18	-2.50167531375406	0.003	0.014	2.26906775044952e-14	IRF8	c10
1.10541682750388e-18	1.348325587191	0.011	0.004	2.29550858399456e-14	CRIP2	c10
1.36917305843404e-18	-1.04660457345126	0.017	0.034	2.84322477314412e-14	REL	c10
1.37028816166756e-18	-1.15800973459145	0.013	0.03	2.84554039651885e-14	AP2S1	c10
1.49122138710542e-18	-1.01823022862144	0.018	0.036	3.09667033246311e-14	PTP4A2	c10
1.62964193758532e-18	-2.23710332123411	0.003	0.015	3.38411444758968e-14	CD9	c10
1.70111805975745e-18	0.530530551454128	0.067	0.047	3.53254176289232e-14	PRDM1	c10
1.73423154196173e-18	1.25947368078227	0.013	0.005	3.60130522003772e-14	TNIK	c10
1.78481595162535e-18	0.428131134314735	0.101	0.075	3.70634880514521e-14	CNBP	c10
1.8722176020017e-18	1.14528131116683	0.013	0.006	3.88784707231673e-14	IL2	c10
2.08952308519248e-18	-4.89267569622569	0	0.01	4.33910363871069e-14	CLEC10A	c10
2.64844075198895e-18	-2.013264628145	0.004	0.016	5.49975206558026e-14	POU2F2	c10
2.89507349468208e-18	-0.953033111686088	0.02	0.039	6.01190961905681e-14	C12orf75	c10
3.37714500688308e-18	0.609690174338503	0.052	0.034	7.01297932129341e-14	PEBP1	c10
6.13182798709305e-18	-3.67871600249808	0.001	0.01	1.27333539979974e-13	CTSZ	c10
6.55915237071729e-18	0.44763883572517	0.09	0.066	1.36207358130315e-13	ANAPC16	c10
6.64485488688902e-18	0.716558241959329	0.038	0.023	1.37987056581137e-13	RNF19A	c10
6.85226712592313e-18	0.747369969704625	0.034	0.021	1.4229417913692e-13	CCDC109B	c10
7.67134063306838e-18	-0.855133970767236	0.028	0.048	1.59303059586298e-13	HSPA5	c10
8.54202021716292e-18	-1.56958927526977	0.007	0.02	1.77383591829605e-13	AGTRAP	c10
8.87768122939384e-18	0.468220293402605	0.082	0.059	1.84353928409592e-13	PLP2	c10
9.11996855168115e-18	0.668308094277194	0.042	0.026	1.89385266944211e-13	NDUFV2	c10
1.18292706094727e-17	-4.36708605882169	0.001	0.011	2.45646633476311e-13	MZB1	c10
1.36439137903322e-17	0.517780979099201	0.07	0.05	2.83329513770038e-13	C9orf16	c10
2.34158288617761e-17	0.654892019279001	0.043	0.028	4.86253102143642e-13	CD6	c10
2.36081330938202e-17	-0.67501242391151	0.039	0.061	4.9024649182627e-13	ID2	c10
3.2303708553233e-17	0.743509134487317	0.033	0.02	6.70818811816437e-13	PPP1CC	c10
4.49345911183601e-17	-0.511470456189034	0.297	0.327	9.33111719163866e-13	DNAJB1	c10
5.12581859182737e-17	-0.888008955747702	0.022	0.04	1.06442748877887e-12	SDCBP	c10
5.18175611132343e-17	0.533598770114409	0.06	0.042	1.07604347407742e-12	SMDT1	c10
6.06289284356194e-17	-2.38294159402396	0.002	0.013	1.25902032789407e-12	LINC00926	c10
6.08081207237073e-17	0.476873941911738	0.079	0.057	1.26274143494851e-12	SEPT1	c10
9.03316172572573e-17	-2.17600544339395	0.003	0.013	1.8758263639642e-12	GPR56	c10
9.32874788032631e-17	0.889758375434503	0.022	0.012	1.93720778482856e-12	CNIH1	c10
9.63539156706304e-17	-1.46385817117276	0.007	0.02	2.00088541281631e-12	MATK	c10
1.11154786489846e-16	0.753929342139672	0.031	0.018	2.30824029624815e-12	CAMK4	c10
1.44948080220594e-16	0.810896666257753	0.027	0.015	3.00999183386086e-12	GATA3	c10
1.82405763191985e-16	-0.601107759653252	0.051	0.075	3.78783807844476e-12	CALR	c10
2.37490927287497e-16	0.691175751710072	0.036	0.022	4.93173659605217e-12	PRKCQ-AS1	c10
2.51150701761518e-16	-0.797887128678656	0.025	0.044	5.21539547277969e-12	ATP6V0B	c10
2.56175702285552e-16	-1.49563963340447	0.007	0.019	5.31974463366176e-12	GABARAPL1	c10
2.62817750530998e-16	-0.775876047077711	0.029	0.048	5.45767340752671e-12	TUBB4B	c10
2.69684157819732e-16	0.491826441852839	0.04	0.026	5.60026122128456e-12	TNFRSF18	c10
4.41954550936917e-16	-2.17357110141918	0.003	0.013	9.17762820475601e-12	BANK1	c10
5.82409484093342e-16	-3.08936760723079	0.001	0.01	1.20943153466823e-11	CUX1	c10
6.51295194451062e-16	0.532655730815676	0.059	0.041	1.35247960079707e-11	PPP1R2	c10
7.47021564946891e-16	-1.51990056682182	0.006	0.018	1.55126498176871e-11	CEBPD	c10
9.27117179971934e-16	0.962400403547885	0.018	0.009	1.92525153592972e-11	PHTF2	c10
9.73192481412189e-16	-0.955987961766342	0.019	0.035	2.02093150690055e-11	CD55	c10
9.78576243777142e-16	1.29558911059672	0.01	0.004	2.03211142782761e-11	STAM	c10
1.01950490781173e-15	1.06542800347761	0.015	0.007	2.11710389156185e-11	ADI1	c10
1.02407068472682e-15	-1.61713604615087	0.006	0.018	2.12658518390371e-11	INSIG1	c10
1.25572901873086e-15	0.256095048145756	0.219	0.184	2.60764688029651e-11	COX4I1	c10
1.27347876285897e-15	-0.453471062568302	0.079	0.106	2.64450599895294e-11	CALM2	c10
1.3333258512597e-15	0.479993158658393	0.066	0.047	2.76878446272589e-11	AES	c10
1.44337903892175e-15	-0.63248426009436	0.051	0.074	2.99732091222491e-11	AHNAK	c10
1.56009646729153e-15	0.495316797897785	0.069	0.05	3.23969632397759e-11	EPC1	c10
1.56379683611159e-15	0.984561000620668	0.017	0.009	3.24738050986932e-11	DLGAP1-AS1	c10
1.60144129901327e-15	-2.05693322823199	0.003	0.013	3.32555300153095e-11	PLSCR1	c10
1.96849326280878e-15	0.694264514782416	0.034	0.021	4.08777310954871e-11	DNPH1	c10
1.99912871318861e-15	-0.78087530652231	0.038	0.058	4.15139068580746e-11	LGALS3	c10
2.1372787948724e-15	0.492984800193902	0.065	0.046	4.43827314543203e-11	EIF3H	c10
2.14130331896433e-15	0.814197044257701	0.024	0.014	4.44663047216133e-11	LOH12CR1	c10
2.28738033676783e-15	1.0021045790017	0.017	0.008	4.74997400733208e-11	NECAP2	c10
2.72195234001362e-15	-0.436882462729861	0.102	0.131	5.65240622927227e-11	SRSF7	c10
2.90987323520588e-15	-2.65264435439107	0.002	0.011	6.04264276022853e-11	NLRP3	c10
3.14624127919471e-15	-0.988817907856262	0.015	0.03	6.53348464037574e-11	RUNX3	c10
4.372860434902e-15	-0.614157701211338	0.04	0.061	9.0806819791175e-11	CCNL1	c10
4.51315342396222e-15	-2.77296355881506	0.001	0.01	9.37201440019994e-11	MARCH1	c10
4.9823427455197e-15	0.7497716115612	0.029	0.017	1.03463329453462e-10	MAF	c10
5.19124880585775e-15	0.432563263247298	0.08	0.059	1.07801472702442e-10	LIME1	c10
5.47372770419665e-15	-1.66486977870288	0.005	0.016	1.13667429505348e-10	CD79B	c10
5.48500503168968e-15	-1.69477777596348	0.005	0.015	1.13901614488068e-10	CECR1	c10
5.66623374043812e-15	1.1982425468445	0.011	0.005	1.17665009853938e-10	WIBG	c10
7.62765159510231e-15	-0.453314993821772	0.068	0.093	1.58395813023895e-10	TPM3	c10
8.48822550476647e-15	1.17292903584549	0.011	0.005	1.7626649083198e-10	BTLA	c10
9.09957847669373e-15	-2.05198999741676	0.007	0.018	1.88961846647022e-10	STMN1	c10
1.0143263016868e-14	0.173923949751556	0.307	0.267	2.10634999808282e-10	ZFP36L2	c10
1.02159570869081e-14	-1.80642717068663	0.004	0.015	2.12144564866735e-10	IER5	c10
1.14881791757266e-14	0.324940902840513	0.142	0.115	2.38563528763139e-10	UQCR11	c10
1.16885519496565e-14	0.140992459151291	0.438	0.393	2.42724469786566e-10	ACTG1	c10
1.24718008091144e-14	1.25715737523827	0.01	0.004	2.58989415602069e-10	TOX2	c10
1.27667234255333e-14	-2.68629571255609	0.001	0.01	2.65113778654623e-10	LOC101927412	c10
1.52030665202043e-14	-0.612384017794104	0.036	0.056	3.15706879358563e-10	SERTAD1	c10
1.74966149523763e-14	-1.77079978631963	0.004	0.014	3.63334706101045e-10	MIDN	c10
2.622933195833e-14	0.592200660287774	0.042	0.028	5.44678307446681e-10	EML4	c10
2.87080642393085e-14	0.451996312107682	0.067	0.049	5.96151661993481e-10	ETS1	c10
2.87401426040413e-14	-0.349375769261729	0.255	0.287	5.96817801315522e-10	KLF6	c10
2.88503189332568e-14	0.646150833607665	0.037	0.024	5.9910572296801e-10	MZT2A	c10
3.19065829537048e-14	0.361549817816623	0.115	0.09	6.62572101616634e-10	YWHAB	c10
4.64217077992347e-14	-1.51106268657934	0.005	0.016	9.63993184158908e-10	GRINA	c10
4.67959476400097e-14	-1.33511971953872	0.012	0.025	9.71764648692441e-10	HSPA6	c10
5.0226051258309e-14	-2.03421007997528	0.003	0.012	1.04299418043005e-09	PGD	c10
5.27374762006488e-14	-0.816495524328895	0.02	0.035	1.09514643078267e-09	LYAR	c10
7.12997579125632e-14	0.757341107765404	0.024	0.014	1.48061077281229e-09	RAPGEF6	c10
7.2785194198658e-14	0.548218402925301	0.047	0.032	1.51145734272933e-09	TOMM20	c10
9.95652615222229e-14	0.850518245908437	0.021	0.012	2.06757222077048e-09	LPAR6	c10
1.66736190855749e-13	0.541631889837832	0.047	0.033	3.46244373931047e-09	TRAF3IP3	c10
1.78536627199812e-13	0.490233701735953	0.056	0.04	3.70749160043129e-09	UBXN1	c10
1.93475007099751e-13	0.477088209189398	0.059	0.042	4.01770199743344e-09	ATP5D	c10
3.58706921642811e-13	-1.00515574460691	0.012	0.025	7.44890793483461e-09	IL2RB	c10
3.94886366748274e-13	-1.08917339641527	0.013	0.026	8.20021029189465e-09	IFI6	c10
4.36758649862855e-13	-1.5289688829934	0.005	0.014	9.06973012305204e-09	LOC100996919	c10
5.1322366946914e-13	0.725472829108482	0.025	0.015	1.06576027201962e-08	CLPP	c10
6.51729792971292e-13	-1.67926370095706	0.006	0.016	1.35338208808418e-08	MTRNR2L8	c10
6.767191218998e-13	-0.312486191160396	0.128	0.157	1.40527492853712e-08	CLIC1	c10
6.96639316337872e-13	-1.20428940312949	0.008	0.019	1.44664120430723e-08	APMAP	c10
8.78460495867936e-13	-1.0117107173491	0.012	0.024	1.82421106571936e-08	IFNGR1	c10
9.83607736416862e-13	-1.5958806191953	0.004	0.013	2.04255982544325e-08	EFHD2	c10
1.00788284052142e-12	0.472576754245302	0.057	0.041	2.09296950662679e-08	SEPT9	c10
1.04194991143707e-12	0.545583029322046	0.043	0.029	2.16371318609021e-08	ST13	c10
1.18032985503165e-12	-0.748497948689964	0.024	0.039	2.45107297695872e-08	DDIT3	c10
1.23442845530898e-12	1.10962844067006	0.011	0.005	2.56341413029464e-08	FXYD7	c10
1.26577025873279e-12	0.762369547130061	0.023	0.014	2.62849851928451e-08	ERN1	c10
1.87381871084724e-12	-1.19811472522526	0.008	0.018	3.89117193494539e-08	VASP	c10
2.39388494382329e-12	-0.791173915397693	0.02	0.034	4.97114147434344e-08	CKS2	c10
2.93479869542805e-12	0.429803916220297	0.068	0.051	6.09440297092589e-08	KIAA1551	c10
2.94660958782034e-12	-0.681487769840566	0.026	0.042	6.11892947006771e-08	RNF213	c10
3.02050922476785e-12	-0.606999249207785	0.037	0.055	6.27238945615291e-08	CDKN1A	c10
3.55338426735977e-12	0.691582191518878	0.027	0.017	7.3789577695993e-08	GPR171	c10
3.73639190707136e-12	-0.657339200639716	0.027	0.043	7.75899143422439e-08	ZYX	c10
3.84906708493342e-12	-0.464870810225367	0.068	0.09	7.99297270857273e-08	HSPE1	c10
4.07998775062527e-12	-1.76308430285662	0.003	0.011	8.47250256294844e-08	MFSD1	c10
4.16216771338167e-12	-1.61367487154121	0.004	0.012	8.64315747360837e-08	LGALS9	c10
4.16780754769994e-12	0.330253376232734	0.102	0.081	8.65486915355369e-08	EDF1	c10
4.64900637846237e-12	-1.25391124331339	0.007	0.017	9.65412664551497e-08	SAMD3	c10
4.87769347617729e-12	-1.85477212099336	0.003	0.01	1.01290182726298e-07	VPREB3	c10
4.90525598992606e-12	0.672061542826854	0.028	0.018	1.01862545886805e-07	TPR	c10
4.91690694030436e-12	0.456747760905222	0.059	0.043	1.0210448952236e-07	EIF4B	c10
4.92854426765971e-12	0.270809700065983	0.138	0.113	1.02346150262221e-07	EVL	c10
4.98341274710362e-12	0.684254519617913	0.027	0.017	1.03485549106354e-07	TRAT1	c10
5.81176492005162e-12	-1.79466335926349	0.003	0.011	1.20687110329792e-07	ICAM1	c10
6.13621387027166e-12	-0.299469630410079	0.136	0.163	1.27424617230061e-07	CD99	c10
6.20066394732846e-12	-1.14053505870756	0.01	0.021	1.28762987530223e-07	ACP5	c10
6.31720409204909e-12	0.244390416889646	0.165	0.138	1.31183060175491e-07	RPL7	c10
8.01839498795443e-12	0.302756590219157	0.12	0.097	1.66509990319862e-07	DAZAP2	c10
8.02004458333766e-12	1.00220464281481	0.013	0.006	1.6654424581759e-07	WDR74	c10
8.22113653377895e-12	-1.80089262214034	0.003	0.011	1.70720121260454e-07	GLA	c10
8.61795661008974e-12	-1.90752210105291	0.003	0.01	1.78960486965123e-07	RALGPS2	c10
1.01554055439799e-11	-0.247658077330436	0.259	0.291	2.10887151526287e-07	UBC	c10
1.1069742201491e-11	-0.484874189646529	0.05	0.069	2.29874266556162e-07	PSME2	c10
1.15481455862499e-11	0.665566601475279	0.028	0.018	2.39808791244065e-07	FAM107B	c10
1.17668312995052e-11	0.362723366593342	0.087	0.068	2.44350018765526e-07	SSR2	c10
1.20071993193349e-11	-1.56094808752447	0.004	0.012	2.49341501065308e-07	SLA2	c10
1.22217102789831e-11	0.374149654741851	0.075	0.057	2.53796035653363e-07	SOCS1	c10
1.60668484070559e-11	-0.760524726018041	0.019	0.032	3.33644174020922e-07	SYTL3	c10
2.08788808503733e-11	-1.06365886904383	0.01	0.021	4.33570839738853e-07	NEU1	c10
2.18982453548932e-11	-1.27887646612502	0.006	0.015	4.54738963039712e-07	CHST12	c10
2.30262724116051e-11	-0.865365933032682	0.014	0.025	4.78163572899392e-07	AMICA1	c10
2.32530848800574e-11	-0.802167939983394	0.018	0.031	4.82873560619271e-07	SERPINB1	c10
2.3495397073222e-11	0.627080950724269	0.03	0.019	4.87905415622527e-07	ARID5A	c10
2.38811052201931e-11	-1.63342732005485	0.004	0.013	4.95915031002529e-07	LIPA	c10
2.48051865181497e-11	-0.604243187473749	0.035	0.051	5.15104503235897e-07	ZNF331	c10
2.90575712206172e-11	-1.17255774475204	0.008	0.018	6.03409523967337e-07	UBE2J1	c10
2.94710935073901e-11	0.194319465449675	0.246	0.215	6.11996727774462e-07	PABPC1	c10
3.29676670192502e-11	-1.76303346524924	0.003	0.01	6.84606573321749e-07	STARD3NL	c10
3.59892339589869e-11	0.488122951017114	0.047	0.034	7.47352432392322e-07	NDUFB9	c10
3.65830382058255e-11	-0.380239382296848	0.074	0.095	7.59683371382173e-07	PSMB9	c10
3.74450970008282e-11	0.835980824607214	0.016	0.009	7.77584884319199e-07	SLAMF1	c10
4.10724396393943e-11	0.848809698858199	0.016	0.009	8.52910281551663e-07	ADSL	c10
4.18513598848332e-11	0.7202493049017	0.022	0.014	8.69085339368447e-07	HNRNPLL	c10
4.31895262887728e-11	-0.516421427909441	0.039	0.056	8.96873702912656e-07	DBI	c10
4.57064796707763e-11	-0.906174519315133	0.013	0.024	9.4914075684334e-07	PTPN22	c10
4.63797061206998e-11	0.708285332112633	0.022	0.014	9.63120977302453e-07	ABHD14B	c10
4.89942726705567e-11	-1.37963069930258	0.005	0.013	1.01741506627678e-06	TPST2	c10
5.00132316023248e-11	0.247465868159913	0.15	0.125	1.03857476745388e-06	SRP14	c10
5.29319362975296e-11	-0.783806303393065	0.017	0.029	1.0991845891545e-06	CNPY3	c10
7.04383732319651e-11	0.659890833535909	0.025	0.016	1.46272325853499e-06	RHBDD2	c10
7.17704299488527e-11	-0.43924010981889	0.162	0.187	1.49038474831788e-06	S100A11	c10
7.2182266005972e-11	-1.56965797666938	0.004	0.011	1.49893693588001e-06	LAP3	c10
8.53286626450322e-11	-0.679683833884443	0.029	0.043	1.77193500848674e-06	CAPG	c10
8.85000914105133e-11	0.180895646730145	0.197	0.169	1.83779289823072e-06	RPL13A	c10
9.97296100935956e-11	0.584023071036939	0.031	0.021	2.07098508320361e-06	NAP1L4	c10
1.02904386038988e-10	0.479012852668072	0.047	0.034	2.13691248048563e-06	MINOS1	c10
1.03113219690659e-10	-1.7057868504431	0.003	0.01	2.14124912009623e-06	SMIM14	c10
1.05032265743308e-10	0.451492388687977	0.054	0.039	2.18110003042553e-06	YWHAQ	c10
1.06828517928831e-10	-1.56248682053858	0.004	0.011	2.21840100331011e-06	BLVRB	c10
1.07669734225697e-10	0.557510637732066	0.031	0.021	2.23586970093082e-06	RPL19P12	c10
1.17340664979428e-10	0.4192663524867	0.06	0.045	2.4366962489628e-06	SEPW1	c10
1.46863092040219e-10	0.456589101289591	0.052	0.038	3.04975896930718e-06	TSTD1	c10
1.71197920056617e-10	0.95104998233248	0.012	0.006	3.5550960078957e-06	RCAN3	c10
1.77981553231877e-10	-0.502787841502031	0.039	0.056	3.69596493441316e-06	RAP1B	c10
1.85757777538809e-10	-0.552871868175756	0.034	0.05	3.85744600837092e-06	BRD2	c10
1.95139387743414e-10	-0.627783570543746	0.023	0.037	4.05226452587974e-06	IQGAP1	c10
2.04700319409915e-10	0.395326870580362	0.064	0.049	4.25080683286629e-06	HNRNPA1P10	c10
2.78240914896323e-10	0.212760711247245	0.193	0.167	5.77795083873704e-06	ATP5L	c10
2.86632448734893e-10	0.399147401727025	0.057	0.043	5.95220943042879e-06	ITGB1	c10
2.89772898421689e-10	0.811313348089605	0.016	0.009	6.01742400862479e-06	IPCEF1	c10
3.38363605222092e-10	0.673171648448057	0.024	0.015	7.02645862604196e-06	HAX1	c10
3.51063157792366e-10	-0.438940259400567	0.051	0.068	7.29017753471627e-06	SLC25A5	c10
3.62484433911832e-10	0.69395043307853	0.021	0.013	7.52735175461309e-06	TRAPPC6A	c10
3.86420465692834e-10	-1.00357204345815	0.011	0.021	8.02440739057738e-06	XIST	c10
4.17794607586743e-10	0.281441407298403	0.119	0.098	8.67592282114631e-06	SUMO2	c10
4.85003914592334e-10	0.358882946954048	0.073	0.057	1.00715912904244e-05	NDUFS5	c10
5.17336862066215e-10	-1.48311656293715	0.004	0.011	1.0743017277667e-05	CAPNS1	c10
5.30759311513689e-10	-0.210368472572271	0.278	0.306	1.10217478628933e-05	CFL1	c10
5.56784943518995e-10	0.369742935268256	0.071	0.056	1.15621961371154e-05	RAN	c10
5.57979641716969e-10	0.481306015549873	0.03	0.02	1.15870052398946e-05	CH25H	c10
6.42589233979649e-10	-0.642928840573876	0.022	0.035	1.33440080328214e-05	ARRB2	c10
7.09083327940377e-10	-1.06921334710449	0.008	0.016	1.47248243880099e-05	KDM6B	c10
7.23445108153185e-10	-0.3754577792926	0.097	0.119	1.5023061115909e-05	ZFP36L1	c10
8.11841364487033e-10	-0.868087540855679	0.017	0.028	1.68586977749377e-05	ZFAND2A	c10
8.15630232148647e-10	0.857693426853266	0.014	0.007	1.69373774007988e-05	SFXN1	c10
8.59477708400984e-10	-1.20827820202211	0.006	0.014	1.78479140926548e-05	MARCKSL1	c10
8.71298103182472e-10	-1.07057331110863	0.008	0.016	1.80933764106872e-05	FOSL2	c10
9.03467737089039e-10	-0.824117646765164	0.013	0.023	1.8761411028391e-05	CEBPB	c10
9.84395701924432e-10	-0.94830411067244	0.014	0.025	2.04419611461628e-05	PLIN2	c10
1.01936408317756e-09	0.365862517469142	0.068	0.052	2.11681145512651e-05	GAS5	c10
1.03512491197975e-09	-0.842536631787807	0.013	0.023	2.14954039221716e-05	H2AFX	c10
1.054863487686e-09	0.564337167624907	0.03	0.02	2.19052951852875e-05	SELM	c10
1.11281432114375e-09	-1.02192706941226	0.008	0.017	2.31087021928711e-05	RTN4	c10
1.14527898026049e-09	-1.00148088025949	0.009	0.018	2.37828633040893e-05	MYO1F	c10
1.24250270295067e-09	-0.260099905365188	0.124	0.148	2.58018111294736e-05	RHOA	c10
1.33967131373856e-09	0.74931377488657	0.017	0.01	2.7819614501095e-05	SUSD3	c10
1.34204798380276e-09	-0.355888865578438	0.116	0.139	2.78689684316482e-05	ANXA1	c10
1.42071872396364e-09	-0.418337885082496	0.052	0.069	2.9502645021829e-05	SRSF3	c10
1.43304578392093e-09	-1.56277159108414	0.003	0.01	2.97586287489021e-05	ATP6V1B2	c10
1.60195204641133e-09	0.204934622580425	0.191	0.166	3.32661361957776e-05	RPL27A	c10
1.64346251752503e-09	-0.463992805408229	0.04	0.055	3.41281426389247e-05	FKBP1A	c10
1.65737722794953e-09	0.659936564902413	0.022	0.014	3.44170955156e-05	MTHFD2	c10
1.84638595877733e-09	0.306229091800815	0.092	0.074	3.834205081997e-05	NDUFA4	c10
1.86278791707196e-09	0.653959362328323	0.023	0.015	3.86826538859163e-05	R3HDM4	c10
1.94332823462948e-09	0.255204913796872	0.111	0.092	4.03551541203157e-05	SNHG8	c10
1.95868457224933e-09	-0.212616032091838	0.227	0.255	4.06740438273295e-05	MYL6	c10
2.62775103075224e-09	0.416418902183682	0.055	0.041	5.4567877904601e-05	PDCD4	c10
2.69189214107769e-09	-0.671921078274947	0.019	0.03	5.58998322016194e-05	CDK2AP2	c10
2.90613014008959e-09	-1.23803129835072	0.006	0.013	6.03486984891005e-05	ATP1B3	c10
3.12559278671808e-09	-0.22104161725069	0.406	0.422	6.49060598089877e-05	SH3BGRL3	c10
4.01437385486916e-09	-1.19258832758956	0.006	0.013	8.3362487470213e-05	PELO	c10
4.02509244655184e-09	-0.371095096647762	0.07	0.089	8.35850697450955e-05	TPI1	c10
4.16466992958026e-09	-0.963604483977946	0.009	0.018	8.64835357576636e-05	IRF2BP2	c10
4.83131263564452e-09	0.303257328080501	0.09	0.073	0.000100327038191794	COX6C	c10
4.90094772620636e-09	0.479023693845004	0.038	0.027	0.000101773080482401	TC2N	c10
6.23537166829122e-09	0.48984845184589	0.037	0.027	0.000129483728063736	MAT2B	c10
6.46760142085669e-09	0.202890821286749	0.198	0.173	0.00013430621110551	ATP5G2	c10
7.32571874176817e-09	-0.58622046326513	0.023	0.035	0.000152125875391558	LRRFIP1	c10
7.43308138130232e-09	0.230837970458197	0.137	0.116	0.000154355367964124	IL2RG	c10
8.08331692547775e-09	0.581599730532847	0.026	0.017	0.000167858159274471	PCNP	c10
8.1826776318242e-09	-3.44951943706771	0.005	0.012	0.000169921483702461	IGLL5	c10
9.47645145826887e-09	-0.546006708604735	0.029	0.042	0.000196787990982411	WSB1	c10
1.13639968456846e-08	-0.973492419940114	0.008	0.016	0.000235984758497487	RAB27A	c10
1.25610171943267e-08	0.688429742851956	0.018	0.011	0.000260842083057389	ATP6V0E2	c10
1.25974064607215e-08	-0.921070929935248	0.009	0.017	0.000261597742563343	AP1S2	c10
1.28334722054695e-08	0.396837270398325	0.052	0.04	0.000266499883818779	NHP2L1	c10
1.32832721567426e-08	0.938161588354069	0.01	0.005	0.000275840429606917	BEX2	c10
1.48660279223265e-08	0.817113073602737	0.013	0.007	0.000308707935835033	MRPL11	c10
1.69944186810248e-08	-0.932721200834447	0.009	0.017	0.000352906098330161	EIF4A3	c10
1.80129098728136e-08	0.378531217246283	0.057	0.044	0.000374056086418847	UBE2D2	c10
1.91020701618604e-08	-0.550033915517313	0.025	0.037	0.000396673588981193	EVI2B	c10
1.94709802363745e-08	0.444967323562299	0.04	0.029	0.000404334375588553	FAM177A1	c10
2.0518860552647e-08	0.390295769858141	0.052	0.04	0.000426094658236268	ICAM3	c10
2.08223579895622e-08	0.332739473291206	0.06	0.047	0.000432397086011249	SOCS3	c10
2.3238359980695e-08	0.498255557555009	0.033	0.023	0.000482567783359112	SIT1	c10
2.43271031481151e-08	0.399618528528372	0.048	0.037	0.000505176623973757	NSA2	c10
2.63580208166642e-08	-0.531527177593162	0.028	0.04	0.000547350660278848	DDX3X	c10
2.64974643854307e-08	-0.887948576683362	0.009	0.017	0.000550246345427853	RASSF1	c10
2.7377447106423e-08	0.563197593369497	0.026	0.018	0.00056852006661198	OPTN	c10
2.82602980094065e-08	0.528813243327573	0.028	0.02	0.000586853348463336	NDUFAF3	c10
2.84289764737908e-08	-0.455945231477871	0.042	0.056	0.000590356125454739	NFKBIZ	c10
2.94315170231359e-08	-1.01881567070869	0.007	0.014	0.00061117488250244	TRG-AS1	c10
3.38567228148678e-08	0.75025095058133	0.014	0.008	0.000703068705973545	NUPL1	c10
3.5895883651537e-08	0.551893197080111	0.026	0.018	0.000745413919907817	RBL2	c10
4.3261890889755e-08	-0.807950207373421	0.01	0.019	0.000898376426216653	H2AFY	c10
4.35844479602639e-08	0.83983315010282	0.011	0.006	0.000905074646342839	TLK1	c10
4.60553638825396e-08	-0.542995768265688	0.028	0.04	0.000956385686384817	HSPD1	c10
4.65363102127945e-08	0.411414480169933	0.045	0.034	0.00096637301787889	SKAP1	c10
5.36990624925241e-08	0.389775262218628	0.049	0.037	0.00111511473171975	DDX24	c10
5.73948857828747e-08	0.800032142044845	0.012	0.007	0.00119186219816718	ESD	c10
5.94006384746821e-08	-0.651626823455661	0.017	0.027	0.00123351365856525	TALDO1	c10
6.45034503454223e-08	-0.312292557890955	0.133	0.154	0.00133947864987304	CD37	c10
6.51564761268115e-08	-0.318493342877683	0.072	0.09	0.00135303938324937	SERP1	c10
6.59695794589638e-08	-1.30122743027464	0.004	0.01	0.00136992428704484	BID	c10
7.03381868379629e-08	-0.795892464300223	0.012	0.02	0.00146064278787714	ATP2B1	c10
7.72404521354375e-08	0.461495754859795	0.032	0.023	0.00160397522904449	AIM1	c10
8.37355232298838e-08	-0.488655934038781	0.03	0.042	0.00173885187539177	TRA2B	c10
8.6960490165945e-08	0.636095103908559	0.019	0.012	0.00180582153878601	GPRIN3	c10
8.86202837213004e-08	-0.442209023869721	0.033	0.045	0.00184028881175652	GNG2	c10
9.27788835990034e-08	0.800074628609745	0.012	0.007	0.0019266462968169	CHMP7	c10
9.33778555654603e-08	-0.909461859383301	0.008	0.015	0.00193908454867235	HSBP1	c10
9.85336308732973e-08	-0.587862572046971	0.02	0.03	0.00204614937871489	ACTR2	c10
1.01266623059404e-07	0.496367375013302	0.03	0.022	0.00210290269445158	DGCR6L	c10
1.03248171498449e-07	0.507668551055582	0.031	0.022	0.00214405152933678	NME3	c10
1.16755347956628e-07	-0.857036948838219	0.009	0.016	0.00242454155566734	TLN1	c10
1.17515285277857e-07	-0.401174949400975	0.195	0.214	0.00244032241407998	S100A10	c10
1.27144935473199e-07	0.360644618774944	0.051	0.04	0.00264029173003646	C19orf60	c10
1.27273081018794e-07	0.536274286148747	0.026	0.018	0.00264295280043627	TMEM243	c10
1.72247527720982e-07	0.473127296148907	0.033	0.024	0.00357689216065391	MRPL57	c10
1.87898567014297e-07	0.356832135626041	0.066	0.053	0.00390190164261889	LINC00861	c10
2.08834333894456e-07	-0.755601855477069	0.017	0.027	0.00433665377765228	FABP5	c10
2.18716980019098e-07	-0.455450543288769	0.032	0.043	0.00454187680707658	ARPC5	c10
2.33067945842693e-07	-0.360889301430918	0.216	0.235	0.00483988896336936	IFITM2	c10
2.36423809252394e-07	0.457609389058995	0.034	0.025	0.00490957682293522	CHURC1	c10
2.6615587077976e-07	-0.366170491003876	0.049	0.063	0.0055269928126125	SRSF2	c10
2.66720093096521e-07	-0.606213496808581	0.017	0.026	0.00553870945324236	CBLB	c10
2.73941927194461e-07	0.408981803170565	0.04	0.03	0.00568867806012018	ANKRD12	c10
2.75230859177845e-07	-0.589105738897603	0.019	0.029	0.00571544402168713	LOC284454	c10
2.8280947286911e-07	-0.319695744354766	0.077	0.094	0.00587282151359994	LY6E	c10
3.11971228524479e-07	0.695532463999121	0.014	0.009	0.00647839453153932	IGBP1	c10
3.34530035472031e-07	0.32045499351121	0.064	0.052	0.0069468507166122	GIMAP4	c10
3.37339596953956e-07	0.299135315194256	0.071	0.058	0.00700519407034585	ATP6V1G1	c10
3.38545927706572e-07	0.787732050230411	0.011	0.007	0.00703024473475468	FAS	c10
3.39309155418356e-07	-0.566072495721079	0.019	0.028	0.00704609392141759	TRAPPC5	c10
3.66402961752141e-07	0.745051831002391	0.012	0.007	0.00760872390374496	MTERF4	c10
3.74227084444526e-07	0.601266159541657	0.019	0.012	0.00777119963557502	CYLD	c10
3.92065041547755e-07	0.674638050445446	0.015	0.009	0.00814162265278067	DUSP16	c10
3.9857204415536e-07	0.418553763419653	0.037	0.028	0.00827674706893021	TOMM5	c10
4.23855304516762e-07	0.752175827505822	0.012	0.007	0.00880177925359507	IMPDH2	c10
4.32879449749985e-07	0.367418073419161	0.048	0.037	0.00898917465350819	RPS27L	c10
4.34372262537695e-07	0.295111197608492	0.068	0.055	0.00902017440385777	CNN2	c10
4.698592465119e-07	-0.80351332229948	0.011	0.019	0.00975709711306612	SPRY1	c10
5.0112240050472e-07	-0.264267920275762	0.188	0.207	0.010406307768881	HLA-H	c10
5.02681734488377e-07	-0.419562762856033	0.033	0.044	0.0104386888983856	PRELID1	c10
5.32294347034632e-07	0.509395691658922	0.027	0.019	0.0110536244105212	SIRPG	c10
5.42752908408554e-07	0.4571667225527	0.033	0.025	0.011270806896012	MRPL33	c10
5.83122912097435e-07	-0.548272021389026	0.02	0.029	0.0121091303926153	GDI2	c10
5.96561448925909e-07	-0.773187666783029	0.01	0.017	0.0123881950483954	MYO1G	c10
5.98033669279391e-07	0.277592020809361	0.081	0.067	0.0124187671762558	LCK	c10
6.0545897849115e-07	-0.566302817926458	0.029	0.039	0.0125729611473472	ISG15	c10
6.10708874509078e-07	0.721188653604202	0.012	0.008	0.0126819804880555	CFAP20	c10
6.51178679898497e-07	0.398480447825732	0.041	0.031	0.0135223764667722	RSL24D1	c10
6.78230870791512e-07	0.382105837677773	0.043	0.033	0.0140841422628565	CSDE1	c10
7.14079006294005e-07	0.713348420023297	0.013	0.008	0.0148285646447013	IFNAR2	c10
7.40859633823793e-07	-0.467074632039585	0.029	0.039	0.0153846911559849	BST2	c10
7.5346871776841e-07	0.482622476892482	0.028	0.02	0.0156465313931788	XRCC6	c10
7.63112542098043e-07	-0.815301639413837	0.009	0.015	0.015846795049208	MGAT1	c10
8.74426859464106e-07	0.376129495241809	0.045	0.035	0.0181583481636316	STK4	c10
9.55591891818438e-07	0.545418547777312	0.021	0.014	0.0198438212255017	CD4	c10
9.81203100335297e-07	0.647704519289938	0.015	0.01	0.0203756635815628	MRPL34	c10
1.02335629393024e-06	-1.03965404257995	0.005	0.01	0.0212510167997554	PPIF	c10
1.04289800843753e-06	-0.54578928363248	0.024	0.034	0.0216568200432138	LMNA	c10
1.05256417312727e-06	-0.842234197914488	0.008	0.015	0.0218575476191609	RANBP2	c10
1.05639155969045e-06	-1.25025546884389	0.004	0.01	0.021937027128532	SOX4	c10
1.06702354615238e-06	-0.770579219873992	0.01	0.016	0.0221578109594003	GSTO1	c10
1.10484879148408e-06	0.355159737684809	0.047	0.037	0.0229432900039583	CDC42SE2	c10
1.19222598056329e-06	-0.824771667857444	0.028	0.038	0.0247577647123773	XBP1	c10
1.26483264876535e-06	-0.547169934044549	0.02	0.029	0.0262655147842612	TCIRG1	c10
1.26745344759241e-06	0.526062369196567	0.024	0.017	0.0263199382927039	LINC00116	c10
1.29983174242106e-06	0.589642000312431	0.018	0.012	0.0269923059631158	SARS	c10
1.43319172261722e-06	-0.410351132539795	0.033	0.044	0.0297616593118692	EIF4G2	c10
1.45819132812054e-06	-1.0618017200542	0.005	0.01	0.0302808011197512	NCOA4	c10
1.77904968334428e-06	0.450991985897705	0.03	0.022	0.0369437457243274	COX7A2L	c10
1.80416875284581e-06	0.338108227658631	0.052	0.042	0.0374653683215961	MRPS21	c10
1.87019011050878e-06	0.473785298746595	0.027	0.019	0.0388363678348254	LINC00493	c10
2.01153396861684e-06	-0.733004034732223	0.011	0.018	0.0417715143922973	MAT2A	c10
2.16257726963725e-06	-0.943664323503985	0.006	0.011	0.0449080795812872	SYNE1	c10
2.18010465014909e-06	-0.434224315036307	0.033	0.043	0.0452720531649961	PIK3R1	c10
2.28579499042351e-06	0.412391483196856	0.034	0.025	0.0474668187711347	EID1	c10
2.33459844216943e-06	-0.537420270079842	0.019	0.027	0.0484802712500903	FAM49B	c10
2.42146836083488e-06	0.596967526527131	0.017	0.011	0.0502842119810972	GOLGA7	c10
2.42494496921475e-06	-0.891739950821023	0.006	0.012	0.0503564072307134	TPP1	c10
2.62019412200162e-06	-0.807787754927965	0.008	0.014	0.0544109511374856	ROCK1	c10
2.78235371781166e-06	-0.25275624771635	0.085	0.101	0.0577783573040769	YBX1	c10
3.03179620734094e-06	0.130855999745186	0.232	0.21	0.062958280041642	PPDPF	c10
3.27952695197586e-06	-0.605645915705565	0.015	0.022	0.0681026566847307	JMJD1C	c10
3.31072678865861e-06	0.325499002256567	0.052	0.042	0.0687505524932848	ATP5O	c10
3.59258057497557e-06	-0.156080563903843	0.69	0.665	0.0746035282199426	HLA-C	c10
3.62924095425285e-06	-0.942649579367447	0.005	0.011	0.0753648176560146	SNX2	c10
3.90208065257229e-06	-0.382810743265098	0.035	0.046	0.0810306068313162	DYNLL1	c10
3.94046217201256e-06	0.742128695381507	0.01	0.006	0.0818276374640128	LPAR2	c10
4.1903483234645e-06	0.672148816604016	0.013	0.008	0.0870167732850637	DPY30	c10
4.24533946486321e-06	-0.338988800804453	0.044	0.056	0.0881587193273494	VAMP8	c10
4.8033085964135e-06	0.366196668030192	0.038	0.03	0.0997455063131228	SLA	c10
4.8568530877716e-06	0.629639870949577	0.014	0.009	0.100857411220665	YDJC	c10
5.15097058317231e-06	0.715447718687225	0.011	0.006	0.106965055130156	HTATIP2	c10
5.34516837953869e-06	-0.443856140496851	0.025	0.034	0.1109977665695	POMP	c10
5.38497921489461e-06	-0.384860567943396	0.046	0.057	0.111824478376501	SQSTM1	c10
5.4787344610716e-06	-0.557494215345326	0.015	0.022	0.113771399818613	TGFB1	c10
5.65299778796297e-06	-0.566721163657732	0.016	0.024	0.117390152064839	PDIA6	c10
5.7773429771015e-06	0.608767853846604	0.015	0.01	0.11997230426249	RGS14	c10
6.00774978532845e-06	-0.58533655563929	0.015	0.022	0.12475693204213	CANX	c10
6.06068424878886e-06	-0.536463419540326	0.02	0.028	0.125856169110349	HIF1A	c10
6.60598060027131e-06	0.32348271183008	0.049	0.039	0.137179793145234	NDUFB8	c10
6.70145802485675e-06	-0.369822755894409	0.038	0.049	0.139162477344175	C10orf54	c10
6.70707082180666e-06	-0.5243315962298	0.016	0.023	0.139279032685637	GLIPR2	c10
6.90337515594817e-06	0.134716249179697	0.182	0.163	0.14335548848842	RAC2	c10
7.00547573873036e-06	-0.436698359323835	0.055	0.067	0.145475709190475	TNF	c10
7.13500171598636e-06	0.607912923426984	0.015	0.01	0.148165445634173	ITGB2-AS1	c10
7.51423479226236e-06	0.309136138356725	0.049	0.039	0.15604059969612	FAIM3	c10
7.69418745115779e-06	0.715460594087521	0.011	0.006	0.159777496610743	PBX4	c10
7.96217296233162e-06	0.480026855166592	0.023	0.016	0.165342483735778	SYPL1	c10
8.03018201715753e-06	0.503121238639138	0.021	0.015	0.166754759768293	BIRC2	c10
8.07114144720338e-06	-0.651186981399507	0.011	0.018	0.167605323292625	STXBP2	c10
8.87810531338009e-06	-0.70128094183903	0.014	0.02	0.184362734937651	TMEM107	c10
9.11786255835225e-06	0.294977410337019	0.056	0.045	0.189341533886743	UXT	c10
9.8695397292563e-06	0.540177278047364	0.017	0.012	0.204950862017736	NCF1B	c10
9.95354452401886e-06	-0.686899534727445	0.01	0.016	0.206695305585776	VIMP	c10
9.96334231550956e-06	-0.812839578313852	0.007	0.012	0.206898766523872	SNORD3A	c10
1.00902849801942e-05	0.441644074790469	0.026	0.019	0.209534857898714	ATRAID	c10
1.04601927937553e-05	0.692072320635496	0.011	0.007	0.217216363555122	GLOD4	c10
1.067650908599e-05	-0.683255110925315	0.01	0.016	0.221708387679669	ARL4A	c10
1.07796751427631e-05	0.369066799639531	0.036	0.028	0.22385073401462	FIS1	c10
1.1121172553671e-05	-0.10249507194824	0.894	0.89	0.230942269249533	MALAT1	c10
1.17316626618069e-05	0.490758913202336	0.021	0.015	0.243619706835082	A1BG	c10
1.18463310818941e-05	0.488660166198488	0.021	0.015	0.246000911246613	SVIP	c10
1.18797006445203e-05	-0.308511955033338	0.05	0.062	0.246693863584108	CDC42	c10
1.1934445799223e-05	0.687667141515495	0.011	0.007	0.247830701466665	DYNLT3	c10
1.29541376833027e-05	0.566029634492059	0.015	0.01	0.269005623131464	MMP24-AS1	c10
1.29837983799109e-05	0.470967010048383	0.023	0.017	0.26962155715723	PSMC5	c10
1.32579040294707e-05	-0.824321518035324	0.007	0.012	0.275313635075988	LOC101927902	c10
1.33620626337362e-05	0.631192142381159	0.013	0.008	0.277476592652166	U2AF1L4	c10
1.33658844166966e-05	-0.787484749854953	0.008	0.014	0.277555955797122	NAAA	c10
1.36157831634007e-05	0.384265196228189	0.035	0.027	0.28274535317118	COX14	c10
1.37227753530256e-05	0.568527041857357	0.016	0.011	0.284967152980929	LRP10	c10
1.4094438213786e-05	0.369501276861139	0.034	0.026	0.29268510394748	MIR4435-1HG	c10
1.41051016075692e-05	0.171902667826659	0.137	0.121	0.292906539982781	LIMD2	c10
1.41796643262045e-05	0.253503452136494	0.07	0.058	0.294454909397962	EIF3G	c10
1.45493897320481e-05	0.504848902390012	0.021	0.015	0.302132627175711	FBL	c10
1.60682466051249e-05	0.672798715839463	0.011	0.007	0.333673209002024	RANGRF	c10
1.63163426837471e-05	-0.880644321274817	0.006	0.01	0.338825172170692	VMP1	c10
1.67262829362723e-05	0.660570284081173	0.011	0.007	0.34733799145463	TBC1D10A	c10
1.72423805858135e-05	0.26762554943614	0.067	0.056	0.358055275245004	NDUFA11	c10
1.79786158254329e-05	0.342424446408025	0.047	0.038	0.37334393623094	BAX	c10
1.90693118546561e-05	-0.359611471222021	0.031	0.04	0.395993329973789	PGAM1	c10
1.94082287935683e-05	-0.403206056368708	0.028	0.037	0.40303127912724	SLC9A3R1	c10
2.01692672094989e-05	0.419051779572991	0.027	0.02	0.418835002872454	TNFRSF14	c10
2.06062105165463e-05	-0.692231449880143	0.009	0.015	0.4279085675866	PLEC	c10
2.11247091304826e-05	-0.871375677815239	0.006	0.01	0.438675709803602	ENTPD1	c10
2.13174249424868e-05	0.264375299357001	0.063	0.053	0.442677646355681	CCND3	c10
2.20372324391182e-05	0.382997687866126	0.028	0.021	0.45762516883073	SNORA78	c10
2.2424946836376e-05	0.725519823771719	0.01	0.006	0.465676446004185	TMEM261	c10
2.29270581274759e-05	-0.283867661259696	0.17	0.186	0.476103289075164	CD7	c10
2.32160543113339e-05	0.417765966906408	0.027	0.02	0.48210458382916	NAA10	c10
2.5511063185182e-05	0.666473742928346	0.011	0.007	0.529762738103489	IKZF2	c10
2.64265081094687e-05	-0.385644371220785	0.027	0.036	0.548772867401227	ATP6V1F	c10
2.71500520006937e-05	-0.889275910869541	0.005	0.01	0.563797979846406	MAPK1	c10
2.73338461988819e-05	0.624226923717114	0.012	0.008	0.56761465016598	ARFRP1	c10
2.76985558136869e-05	0.46170085402528	0.022	0.016	0.575188210027022	ATP5L2	c10
2.84510065732779e-05	0.455010263870984	0.023	0.017	0.590813602500688	HNRNPUL1	c10
2.87146781808573e-05	-0.296616632379855	0.054	0.065	0.596289007103684	PGK1	c10
2.95038774834675e-05	0.524791440800699	0.017	0.012	0.612677519821687	DHPS	c10
3.09823538445995e-05	0.392546651467735	0.028	0.022	0.643379559936953	NDUFC1	c10
3.10544305036781e-05	-0.66441002218563	0.009	0.015	0.64487630383938	RAB24	c10
3.23545241324145e-05	-0.330091851339492	0.053	0.064	0.671874048133719	CLDND1	c10
3.27531931161742e-05	0.420816500569738	0.026	0.02	0.680152808250473	SYTL1	c10
3.32973038132227e-05	0.572811278026668	0.014	0.01	0.691451810985383	GDI1	c10
3.40747103069247e-05	-0.369725310775921	0.032	0.041	0.707595434233599	PSMB10	c10
3.52395838831166e-05	0.422509389909057	0.026	0.019	0.731785198916799	CBX3	c10
3.54117099000277e-05	-0.608441830872558	0.012	0.018	0.735359567783976	SDF2L1	c10
3.65326210828616e-05	-0.486574140364183	0.017	0.024	0.758636409406703	GRB2	c10
3.80034104969015e-05	0.365648492930576	0.032	0.025	0.789178822378657	SNRPF	c10
3.91897841804512e-05	-0.239276811743776	0.242	0.257	0.813815058291249	HSPA8	c10
4.15723784814855e-05	-0.389655946891522	0.027	0.035	0.863292011546529	PVRIG	c10
4.18829121222801e-05	0.541266234015095	0.015	0.01	0.869740553131269	MFNG	c10
4.25268285388321e-05	0.404660546459429	0.026	0.02	0.883112121437388	PSMB8-AS1	c10
4.28072580502077e-05	-0.355045778671773	0.031	0.04	0.888935520670613	ATP5B	c10
4.35625304525786e-05	-0.405856495015437	0.05	0.061	0.904619507378247	CSTB	c10
4.41567617884716e-05	-0.518078562170644	0.016	0.023	0.916959315299401	ANKRD28	c10
4.64850411110768e-05	0.356406002287523	0.035	0.027	0.965308363712621	POLR1D	c10
4.76546279130771e-05	-0.424677002537339	0.022	0.029	0.98959600324296	ARPC5L	c10
4.7888863203752e-05	0.503121238639139	0.017	0.012	0.994460133289114	CLNS1A	c10
4.81081294812458e-05	0.344909632455478	0.035	0.027	0.99901341680755	DPP7	c10
4.81549797231678e-05	-0.685008358180765	0.008	0.013	0.999986308931302	UTRN	c10
8.76459810190831e-05	-1.1572814588536	0.008	0.013	1	MT1E	c10
6.44924556492189e-05	-0.959703532435467	0.005	0.01	1	BAG3	c10
0.000906898300166712	-0.95435096145448	0.007	0.011	1	CTSL	c10
0.000350773007118907	-0.921900349212328	0.031	0.039	1	MT1X	c10
5.1212751766965e-05	-0.83328596203876	0.006	0.011	1	PLD3	c10
0.000184375398659599	-0.765318305976373	0.005	0.01	1	ATG3	c10
0.000140740039628813	-0.750365998984483	0.006	0.01	1	NUCB2	c10
0.000140332584055888	-0.746569884977551	0.006	0.01	1	MAP2K3	c10
7.92467206409302e-05	-0.725657844036705	0.007	0.012	1	JARID2	c10
4.85665691306336e-05	0.684307527721124	0.01	0.006	1	NCOA7	c10
0.000207827799338525	-0.674740022726938	0.007	0.011	1	MXD1	c10
0.0003411304430946	-0.670103612606219	0.012	0.017	1	FKBP2	c10
7.56307413379235e-05	-0.650403555709738	0.009	0.014	1	ACTN4	c10
0.000162168834585968	-0.647686899322106	0.008	0.013	1	ADRBK1	c10
0.000240517813773474	-0.646388078147524	0.008	0.012	1	CAPN2	c10
0.000840750787013965	-0.646295569034142	0.007	0.011	1	TUBB2A	c10
8.23049468929953e-05	-0.635057954148135	0.015	0.021	1	IRF7	c10
0.000850161850610753	-0.63214814600247	0.006	0.01	1	CCDC69	c10
0.000948878134382043	-0.628089929428117	0.007	0.01	1	AFF4	c10
0.000426451765527049	-0.628089929428116	0.008	0.012	1	SLC20A1	c10
0.00038707640697269	-0.615484650211594	0.008	0.012	1	IVNS1ABP	c10
0.000158542860853484	0.612557260129861	0.01	0.007	1	MPRIP	c10
0.000554538533417562	-0.606337130899828	0.008	0.012	1	ATP6V0D1	c10
0.000718626350084158	-0.60629554089043	0.007	0.011	1	PLA2G16	c10
9.26633526114946e-05	0.600204300265155	0.011	0.007	1	NACAP1	c10
0.00113871284316487	-0.59950626312372	0.006	0.01	1	VPS37B	c10
0.000123572506589914	0.589934741488112	0.011	0.007	1	TBC1D4	c10
0.000454164295058861	-0.584739397523983	0.013	0.018	1	MIR155HG	c10
0.000162119206886611	0.579372687932853	0.012	0.008	1	NUDT16L1	c10
0.000338210054281487	0.578738285283833	0.01	0.007	1	MRPS16	c10
0.00103596339596159	-0.576374892883961	0.008	0.011	1	PRPF40A	c10
0.000141460130134055	0.567895884981962	0.013	0.009	1	PSIP1	c10
0.00032499617957089	-0.56632941049733	0.01	0.014	1	C6orf62	c10
0.000369832528394791	0.565927457004082	0.011	0.007	1	S1PR1	c10
0.000639332794269711	0.565246458624248	0.01	0.007	1	EXOSC8	c10
5.50509323927045e-05	0.563311624483068	0.013	0.009	1	RELB	c10
0.000468202818057247	-0.559809177228279	0.009	0.014	1	MOB1A	c10
0.000429655040599241	0.557776615883218	0.011	0.007	1	FAM200B	c10
6.91201032492914e-05	0.556760991032482	0.014	0.009	1	DNAJC19	c10
0.000799936427895206	-0.556684261205225	0.008	0.012	1	SRRT	c10
0.000264757844667429	0.555872905414478	0.011	0.008	1	USF2	c10
0.000699486123903843	-0.555751986509851	0.008	0.012	1	DUSP5	c10
6.83523482772232e-05	0.550211059567832	0.014	0.01	1	LOC283788	c10
0.001393653824354	-0.547595112897796	0.008	0.012	1	GYG1	c10
0.00111193951847162	-0.546679939686588	0.008	0.012	1	RAB10	c10
0.00128102946388103	0.54635763070489	0.01	0.007	1	NSMCE1	c10
0.000173364093416366	0.546304715147763	0.013	0.009	1	DR1	c10
0.000240881502183115	0.545848653793318	0.013	0.009	1	SLFN5	c10
0.00114102138418423	0.543818840000724	0.01	0.007	1	IDH3B	c10
0.00010596906915692	0.539163908427769	0.014	0.009	1	MRPL14	c10
0.000454883808839013	0.537501468141344	0.012	0.008	1	ODF2L	c10
0.00637027229026276	-0.534388939815909	0.008	0.011	1	OSM	c10
0.00190896152288452	-0.532987025975645	0.008	0.012	1	TOP1	c10
0.000316868909545716	0.5329725033044	0.012	0.009	1	EPB41	c10
0.00266280768404679	-0.532209681902169	0.008	0.012	1	AHR	c10
0.000557807088244567	0.531080443963192	0.011	0.008	1	SATB1	c10
0.000138150145592591	0.52783576500569	0.014	0.01	1	EMC6	c10
0.000747888247376598	0.526218354295938	0.012	0.008	1	CFDP1	c10
0.000105634561955321	0.525387978400509	0.014	0.01	1	OBFC1	c10
0.000493538302384303	-0.524209818680763	0.011	0.015	1	VPS13C	c10
0.00135479611432417	-0.522074382753187	0.008	0.011	1	PRKCB	c10
0.000921222403481089	0.519719385835073	0.011	0.008	1	MRPS18B	c10
0.000333388051662027	0.518258613614701	0.013	0.009	1	RASSF7	c10
0.00375453992559009	-0.518127676029298	0.007	0.01	1	CNOT2	c10
0.000584255902188177	0.515482392948602	0.012	0.009	1	PPCS	c10
0.00158797132876575	0.511330051914671	0.01	0.007	1	GTF2H5	c10
0.00286263104965085	0.510169872455061	0.01	0.007	1	COA3	c10
0.00261670019745926	0.509463767165757	0.01	0.007	1	TMEM141	c10
0.000242023206246826	0.509378860298129	0.014	0.01	1	PDE3B	c10
7.91562979783383e-05	-0.509116860779313	0.015	0.022	1	IFRD1	c10
0.00213948276626615	0.508521787887431	0.01	0.007	1	NEK7	c10
0.00422345750507868	-0.507852692195908	0.007	0.011	1	FBXO7	c10
0.00147209859619291	0.507851390551536	0.011	0.008	1	GIMAP2	c10
0.000191750357094775	-0.507582430264248	0.014	0.019	1	PRMT9	c10
0.000775482960475108	-0.507038242923899	0.012	0.016	1	SERPINB9	c10
0.0048899656513206	-0.505713781439574	0.007	0.01	1	PLEKHF1	c10
0.000693344911611666	-0.505634501591174	0.011	0.015	1	TNFSF13B	c10
0.00119685778138949	0.503735282079304	0.011	0.008	1	TMEM106B	c10
0.001503685254801	-0.501532437295324	0.01	0.014	1	GPCPD1	c10
9.91015261501006e-05	0.500853274264548	0.017	0.012	1	WBP2	c10
0.000687788459592123	0.500689760613133	0.013	0.009	1	P2RY10	c10
0.000876899854549208	0.500648913860727	0.012	0.008	1	LAGE3	c10
0.000119583167484248	0.498616948678498	0.016	0.011	1	ETHE1	c10
0.000501398717290175	0.498289934652138	0.013	0.009	1	CNOT7	c10
0.000370588343893438	-0.49609667936237	0.013	0.018	1	CDC42EP3	c10
0.00015598172751429	0.495337491537642	0.015	0.011	1	SRSF8	c10
0.000949747767096858	0.494857130732851	0.012	0.008	1	MVP	c10
4.83312127887118e-05	-0.494332856710341	0.017	0.024	1	C5orf56	c10
0.000913350436459239	0.49247616466462	0.012	0.009	1	SLC4A7	c10
0.000385091455648714	0.491191909349515	0.014	0.01	1	TOX	c10
0.000410405140616906	-0.490928191051212	0.013	0.018	1	IDH2	c10
7.44527919572867e-05	-0.490546234479446	0.068	0.079	1	HSPB1	c10
0.00033770338892275	0.489703328218913	0.014	0.01	1	SRP19	c10
0.00402259985592021	0.488642132848603	0.01	0.007	1	C22orf39	c10
0.00594035126488134	-0.486904823426858	0.007	0.011	1	MRPL10	c10
0.000223764918499029	0.486858227499298	0.015	0.011	1	NCF4	c10
0.000473524837521068	0.485268533420496	0.014	0.01	1	B3GAT3	c10
0.00437202457823966	0.484296662572638	0.01	0.007	1	ZBTB8OS	c10
8.69919196342287e-05	0.482738200784263	0.017	0.012	1	MRPL43	c10
0.000410759052982025	-0.48268649609778	0.014	0.019	1	PPP1R10	c10
0.00875892276389456	-0.480633408511355	0.007	0.01	1	SETX	c10
0.000103036159147899	0.477545150109155	0.018	0.013	1	C1orf43	c10
0.000489604938889831	0.477263070718112	0.015	0.011	1	GRAMD1A	c10
5.48762179297566e-05	0.4761705337171	0.019	0.014	1	POLR3GL	c10
0.00494805992353742	0.474566947636879	0.01	0.007	1	PMVK	c10
0.0267477658339429	-0.473694306345369	0.008	0.011	1	MT1F	c10
0.00173373147265537	-0.472349819828799	0.011	0.016	1	PTTG1	c10
0.00113072863806924	0.472058393078958	0.013	0.009	1	SPTAN1	c10
0.000699000958497817	0.471233359249992	0.014	0.011	1	MED30	c10
0.000203472114080163	0.469787950155966	0.017	0.012	1	PPP6C	c10
0.000812031029876886	0.469745101434096	0.014	0.01	1	NDUFA5	c10
0.00194406958821013	-0.469658163835769	0.035	0.042	1	TXN	c10
0.00923406959831655	-0.468126413880298	0.007	0.01	1	TBCD	c10
0.000463496369995674	0.466461535834441	0.015	0.011	1	NMRK1	c10
0.0023926114155749	0.466039309108051	0.011	0.008	1	CCM2	c10
0.000845589574139485	0.463758806368364	0.014	0.01	1	RGL4	c10
0.00307821567657442	0.463067258270333	0.011	0.008	1	C6orf48	c10
0.00310397248172432	0.461889405242918	0.012	0.009	1	BOLA3	c10
0.00475327341270696	0.459488368990137	0.01	0.008	1	MRPL4	c10
0.00588193320433995	0.45924901684676	0.01	0.007	1	CHD3	c10
0.00028862900924471	0.458647392550765	0.017	0.012	1	GRK6	c10
0.0024994133399137	0.457380304326094	0.013	0.009	1	AKIRIN1	c10
0.0022727327366246	-0.456330804623277	0.011	0.016	1	ZC3H12A	c10
0.0013938006937663	0.454393963171887	0.013	0.01	1	KIF2A	c10
0.00517947395550646	0.452426188253726	0.011	0.008	1	SMAP1	c10
0.0024978923226929	0.452309143385831	0.012	0.009	1	KANSL1-AS1	c10
0.00322609291540728	0.452259064588218	0.012	0.009	1	POP5	c10
0.000513718303059706	-0.45218364945658	0.014	0.02	1	RGS19	c10
0.0012914152855718	0.451267862185167	0.013	0.01	1	NABP1	c10
0.0033183564612454	0.449707348197551	0.012	0.009	1	DAP3	c10
0.00448884452057964	-0.449412938874706	0.01	0.014	1	TUBA1C	c10
0.00731616973317243	0.446225231952122	0.01	0.007	1	SQRDL	c10
0.189886731981098	-0.445837093756655	0.087	0.083	1	SSR4	c10
0.000814544753393324	0.445509662054061	0.015	0.011	1	APEX1	c10
0.00209962401685213	0.445341054703179	0.013	0.009	1	LOC643733	c10
0.000979377060753103	-0.444694600673304	0.014	0.019	1	CXCR6	c10
0.00151022755434018	-0.444344843441249	0.013	0.017	1	ITGAL	c10
0.00239311373469059	0.444167818767484	0.013	0.01	1	BCL2	c10
0.000791587398370972	0.443433964383913	0.015	0.011	1	PSMF1	c10
0.00883513573387571	-0.442620887689473	0.008	0.011	1	MX1	c10
0.00442071596283714	0.442256620890199	0.011	0.008	1	PSMB4	c10
0.00303507965441351	-0.4410211837177	0.011	0.015	1	NFE2L2	c10
0.00923857449671318	0.440494337181964	0.01	0.007	1	LIX1L	c10
0.00459038035326268	0.439564187684067	0.011	0.008	1	C15orf61	c10
0.00421979211810771	0.439346836591829	0.012	0.009	1	OXA1L	c10
0.000314437958359758	0.439067408579641	0.019	0.014	1	LSM4	c10
0.00437446637260668	0.438621155125194	0.011	0.008	1	HCFC1R1	c10
0.00560208877321135	0.438443821827584	0.012	0.009	1	RSBN1	c10
0.00427327037817533	0.436794580904505	0.012	0.009	1	ZRSR2	c10
0.00232715534550835	0.436489806813888	0.013	0.01	1	ANXA7	c10
0.000249101331519282	0.435806598993147	0.019	0.014	1	ADD3	c10
0.00371948870758756	0.435026592887891	0.012	0.009	1	PQBP1	c10
0.0070483031221229	0.434194348826226	0.011	0.008	1	PSMB7	c10
0.0118075782466424	-0.432539120310309	0.011	0.014	1	BNIP3L	c10
0.00101484979798544	0.432252196806349	0.016	0.012	1	LOC100131564	c10
0.00201846333070405	0.431219718822115	0.014	0.01	1	LOC100996740	c10
0.00474081640256563	0.430699022971379	0.011	0.009	1	SNX9	c10
0.0148314949755585	-0.429627524890406	0.008	0.01	1	PITPNC1	c10
0.00212573658677853	0.429125904322709	0.014	0.01	1	NELL2	c10
0.0115544291575745	0.428419711199592	0.01	0.008	1	IL27RA	c10
0.0114163385779306	0.42603774736294	0.01	0.007	1	TXNL1	c10
0.00691488755082461	0.424297431030756	0.011	0.008	1	CDC26	c10
0.00326175281801395	0.424289353208361	0.013	0.01	1	PPP1R7	c10
0.000845657349813296	0.423769369407133	0.017	0.013	1	DNAJA2	c10
0.000860731499996528	0.423625107116039	0.016	0.012	1	MEA1	c10
0.000615310034007282	0.423192406775613	0.017	0.013	1	BTF3L4	c10
0.00259076667448953	0.423070970354516	0.014	0.01	1	FAM102A	c10
0.000992923025094911	0.422754416312458	0.016	0.012	1	RNASEH2C	c10
0.00308950722146756	-0.42096491884586	0.013	0.017	1	NINJ1	c10
0.00740160742704468	0.419980489606526	0.012	0.009	1	PCIF1	c10
0.000677218320774531	0.41953566712894	0.017	0.013	1	ZMYM6NB	c10
0.00385827139783129	0.418919084487308	0.012	0.009	1	THAP3	c10
0.00242248159376106	0.418785803962395	0.015	0.011	1	WDR33	c10
0.000699426836871206	0.41822760042116	0.018	0.013	1	TOMM22	c10
0.00371354013905931	-0.417103920818975	0.011	0.015	1	BTN3A2	c10
0.00104386756843921	0.4140420904296	0.015	0.011	1	GADD45G	c10
0.0087948015097895	0.413357574729677	0.011	0.008	1	PPIH	c10
0.00548768142548267	-0.413100198964897	0.011	0.015	1	C20orf24	c10
0.000930687292723784	0.412853978579939	0.018	0.013	1	LAMTOR2	c10
0.0183270771945209	-0.412770850550237	0.008	0.01	1	SHKBP1	c10
0.00372776869242346	0.412557381330297	0.013	0.01	1	NDNL2	c10
0.00332166510288655	0.412411926368144	0.014	0.01	1	SNRPC	c10
0.014765223291243	0.412358547585754	0.01	0.007	1	PFKL	c10
0.000294331536111038	0.411544063828509	0.02	0.015	1	HMOX2	c10
0.0224997035505181	-0.411443284854802	0.007	0.01	1	PTPLAD2	c10
0.00923792419060525	0.41040809596186	0.011	0.008	1	BABAM1	c10
0.00161339133514723	-0.409918582472951	0.017	0.022	1	ODC1	c10
0.0148507478041747	-0.40908014748632	0.008	0.011	1	ALG13	c10
0.000234258382170623	0.408763133670632	0.02	0.015	1	ICAM2	c10
0.00624590454544151	0.408727554178395	0.013	0.01	1	ZSCAN16-AS1	c10
0.000423597380648458	-0.407459323766925	0.04	0.048	1	RNA45S5	c10
6.41082164139704e-05	0.407257817339479	0.024	0.018	1	NHP2	c10
0.00182394030681774	0.407033891024791	0.015	0.012	1	TRAPPC2L	c10
0.0120415015449764	0.405868274472229	0.011	0.008	1	TRAPPC3	c10
0.000403220754287809	0.405223595398611	0.021	0.016	1	SUMO3	c10
0.00114998053060094	0.404119380804699	0.017	0.013	1	TMEM134	c10
0.0146447309563629	0.403571120153872	0.01	0.008	1	MAML2	c10
0.0187150217114554	0.402358261704221	0.01	0.008	1	PTDSS1	c10
0.000107442005974465	0.401949392482018	0.024	0.018	1	HMGN4	c10
7.77604725964089e-05	0.401649501351939	0.025	0.019	1	RSL1D1	c10
0.000329934950873253	0.400548104577299	0.021	0.016	1	MED10	c10
0.0181412071677958	0.399428930665549	0.01	0.007	1	KLF12	c10
0.018445808568115	0.398418993598833	0.01	0.007	1	RSBN1L	c10
0.00863035549186571	0.397231736780902	0.012	0.009	1	SUMO1P3	c10
0.000765006114443421	-0.39696914497671	0.018	0.024	1	DOK2	c10
0.0123193001930039	-0.396753200202664	0.009	0.012	1	TMEM167A	c10
0.000742714956992476	-0.396543500669329	0.017	0.023	1	SRRM2	c10
0.000535902709241546	-0.396238985353603	0.017	0.023	1	PSTPIP1	c10
0.119703397301033	-0.395830728624141	0.049	0.053	1	HIST1H4C	c10
0.00261613514721181	0.395364215737411	0.016	0.012	1	HADHA	c10
0.46882912038326	-0.395339321054182	0.017	0.018	1	SEC11C	c10
0.00174025631488488	0.395239506825988	0.017	0.013	1	TMEM160	c10
0.000140669880589863	-0.393594027428653	0.023	0.03	1	TPM4	c10
0.0213416748694878	-0.392991745152947	0.008	0.011	1	HNRNPD	c10
0.00601938987344862	-0.39257538087312	0.012	0.015	1	WASF2	c10
0.00903902634573153	0.391988992234667	0.013	0.01	1	TARSL2	c10
0.01594737231104	0.391437662199078	0.01	0.008	1	HPCAL1	c10
0.032232904062046	-0.391403172772159	0.008	0.011	1	MANF	c10
0.0190782227774582	0.390412656798313	0.01	0.008	1	NUBP2	c10
0.000814208783380299	-0.390333923623049	0.019	0.025	1	VAMP5	c10
0.00320006702947234	-0.388927889089695	0.014	0.018	1	PYHIN1	c10
0.00553054313600416	0.388041752335567	0.014	0.01	1	MRPL55	c10
0.00241617636643792	0.387482213583455	0.017	0.013	1	COX16	c10
0.000160679634526077	0.386835989590169	0.025	0.019	1	USP15	c10
0.000453141549496584	-0.386672502948925	0.02	0.026	1	P4HB	c10
0.00372142250969276	0.386020887681156	0.015	0.011	1	C19orf24	c10
0.00381830144154201	-0.385678613077806	0.013	0.017	1	ACAP2	c10
0.0220772203826856	-0.385233405531952	0.008	0.011	1	TAF15	c10
0.0104559449548046	0.383994507515625	0.012	0.009	1	FGD3	c10
0.0151679298782163	0.383096359543588	0.011	0.008	1	CEBPZ	c10
0.0149093064273213	0.382707838538119	0.012	0.009	1	ANAPC5	c10
0.000771787582802241	0.381867906607572	0.02	0.016	1	SNRPA	c10
0.0178435005237734	0.381760984074866	0.011	0.008	1	TADA3	c10
5.10422672247482e-05	0.38129401218739	0.03	0.023	1	EIF3D	c10
0.00952375782573919	0.380815013025668	0.012	0.009	1	ABCD4	c10
0.000811398516106804	-0.379880171037746	0.026	0.032	1	ARL6IP1	c10
0.0144445054441799	0.378985797967691	0.011	0.009	1	FUNDC2	c10
0.000189989392744793	0.378575511262028	0.026	0.02	1	MGAT4A	c10
0.0108253954560178	0.378160313911899	0.012	0.009	1	AMZ2	c10
0.000476627172194359	0.377821417502914	0.022	0.017	1	C7orf50	c10
0.0195658136962055	0.377792166075193	0.011	0.008	1	UQCRC2	c10
0.000918386313358623	0.37675621231673	0.02	0.015	1	SDF4	c10
0.00166916452025237	0.376523225202253	0.018	0.014	1	BCL11B	c10
0.00992019508819019	0.375677884259286	0.013	0.01	1	C17orf89	c10
0.0298612844864182	0.375221718291372	0.01	0.008	1	CDV3	c10
0.0143799458898577	0.374815801747295	0.012	0.009	1	NCK1	c10
0.000748099915817166	-0.374506998938894	0.02	0.026	1	FAM65B	c10
0.00620317318924965	-0.374506998938894	0.014	0.018	1	HM13	c10
0.00385794497582156	0.373341741862232	0.017	0.013	1	NOL7	c10
0.000565903350791428	-0.37322610410922	0.022	0.028	1	GPR65	c10
0.00113637604684251	0.372610918310169	0.021	0.016	1	SS18L2	c10
4.9949007265889e-05	-0.372003095679434	0.029	0.037	1	EIF5	c10
0.000433313808556841	0.371910070571884	0.023	0.018	1	ATP5G1	c10
0.0116179996077759	-0.370686674298419	0.012	0.016	1	NCF1C	c10
0.000558850838655736	0.369788682670224	0.024	0.019	1	C9orf78	c10
0.00103421811154276	0.369226242060785	0.032	0.026	1	RPS4Y1	c10
0.0248178649663174	-0.369113740168675	0.008	0.011	1	DPYD	c10
0.011202733284757	-0.368852263948496	0.015	0.018	1	C19orf10	c10
0.0327831522630589	0.368805701993195	0.01	0.008	1	YIPF4	c10
0.0240046921769021	0.368220311422823	0.01	0.008	1	CCDC124	c10
0.0280086507975476	0.367456540927269	0.01	0.008	1	GSPT1	c10
0.00609701084028382	0.367203597396694	0.015	0.012	1	RNF145	c10
0.0151016745350359	0.3647883414597	0.013	0.01	1	TXN2	c10
0.00254789474864602	0.364196154200309	0.018	0.014	1	EIF3I	c10
0.000345423550136982	0.363750164567176	0.026	0.02	1	SNHG7	c10
0.0382919840491319	-0.363350287633503	0.007	0.01	1	IQGAP2	c10
0.000221105395802328	-0.363241245426044	0.031	0.039	1	TSPYL2	c10
0.0237457817538038	0.362626829737548	0.011	0.009	1	ABLIM1	c10
0.000228201053215491	0.362458595227312	0.027	0.021	1	C14orf166	c10
0.0152696853708737	0.361785853298176	0.012	0.01	1	SDHC	c10
0.000316573884942454	-0.361588010903387	0.024	0.031	1	SP100	c10
0.00989864518062892	0.361554831112801	0.015	0.012	1	CLTB	c10
0.00330411760999634	0.36109500664374	0.017	0.014	1	LINC01420	c10
0.00205594369866924	-0.360079928303614	0.016	0.021	1	TCF25	c10
0.00163563018183848	-0.360068600565669	0.019	0.024	1	RAC1	c10
0.00178597776378863	-0.360056985957198	0.019	0.024	1	GNAS	c10
0.00490459828547853	0.359385761177689	0.017	0.014	1	ACP1	c10
5.40444689630589e-05	0.358954707052492	0.032	0.025	1	SIGIRR	c10
0.0167364958347706	0.357970879614009	0.012	0.01	1	EMC4	c10
0.00907477682526319	0.35708542312846	0.014	0.011	1	TEX264	c10
0.0267101796620333	-0.356956415150861	0.009	0.012	1	JMJD6	c10
0.000111728282061043	0.356607810175298	0.029	0.023	1	OTUB1	c10
0.00971890833727182	0.354866439358386	0.015	0.012	1	PPM1G	c10
0.0323689558268355	0.354597522328643	0.01	0.008	1	POLR2C	c10
0.0305232991712949	-0.354536608309036	0.009	0.012	1	PER1	c10
0.00264288185121593	-0.354518653509923	0.017	0.022	1	HNRNPH1	c10
0.0254472347162106	-0.354471151761266	0.009	0.012	1	TAP2	c10
0.0068315081066236	-0.353775974010356	0.014	0.018	1	RAB5C	c10
0.05078611851386	0.352698171288949	0.01	0.008	1	CISD2	c10
0.000244492355113407	0.351417910223057	0.03	0.024	1	KRT10	c10
5.08530306977544e-05	0.350922822531181	0.035	0.028	1	TMED2	c10
0.0177236668344917	-0.350467987371275	0.011	0.014	1	PTBP3	c10
0.00266012431614984	0.349880205015506	0.02	0.016	1	TMEM14B	c10
0.03763830862814	0.349802161535854	0.01	0.008	1	GRPEL1	c10
0.0193429652801504	0.349399617324363	0.012	0.01	1	DDTL	c10
0.0155918953609185	0.348093611570905	0.013	0.01	1	PSMD9	c10
0.0408543676135438	0.347779597008753	0.01	0.008	1	RNF44	c10
0.0243109515971659	-0.34766721369702	0.01	0.013	1	TM9SF2	c10
0.0540279653299202	0.346853269405801	0.01	0.008	1	UPF3A	c10
0.000725987162615786	-0.345905079123781	0.025	0.031	1	AKAP13	c10
0.00113055762252354	0.343126398066576	0.023	0.018	1	BTG3	c10
0.0213974953835071	0.342540765468343	0.013	0.011	1	FAM162A	c10
0.0412540152970964	0.341990794156053	0.01	0.008	1	MAPKAPK5-AS1	c10
0.00424130792623273	0.341940686224405	0.018	0.015	1	CHMP4A	c10
0.0307450116678501	-0.340781484733523	0.009	0.012	1	ARIH2	c10
0.01411365368634	-0.34075000772792	0.012	0.015	1	LENG8	c10
0.0350790155536704	0.340327425362005	0.011	0.009	1	FLI1	c10
0.000413377172407451	0.339894277547365	0.028	0.022	1	RAP1A	c10
0.00887710870951275	-0.338768360915567	0.014	0.018	1	FMNL1	c10
0.0188266597349103	-0.337404880441338	0.011	0.014	1	PARVG	c10
0.00113502345776558	0.337100267667004	0.026	0.02	1	RPL13AP5	c10
0.00333759559013651	0.337017948149234	0.02	0.016	1	FGFR1OP2	c10
0.036077966474724	-0.336978236924732	0.009	0.011	1	PSMA4	c10
0.00180818593614224	0.336703979401922	0.023	0.018	1	TMEM230	c10
0.00456607789441214	-0.335985342869773	0.017	0.022	1	SASH3	c10
0.00137993484918355	0.33553632827824	0.022	0.018	1	PDE4D	c10
0.000839135304423837	0.334634393816081	0.027	0.022	1	LOC642441	c10
0.00154871665639692	0.333630382258943	0.024	0.019	1	MPHOSPH8	c10
0.00328759610585059	-0.332656711254816	0.019	0.024	1	SMAP2	c10
0.000104959791396836	-0.331859188500123	0.033	0.042	1	PDIA3	c10
0.00026502918895536	0.331832631196549	0.033	0.026	1	TECR	c10
0.0538263650129654	-0.331724348315035	0.008	0.01	1	PRDX3	c10
0.0328070755954235	0.33071440736517	0.012	0.01	1	UFD1L	c10
0.00971419277383843	0.330479639405657	0.017	0.014	1	YPEL3	c10
0.0148942422949122	0.330264995444251	0.015	0.012	1	WHSC1L1	c10
0.221568175396705	-0.330240544464168	0.039	0.041	1	TUBB	c10
0.0460703702134945	0.329961565963035	0.011	0.009	1	SSB	c10
0.00151391468684172	-0.329831601489253	0.023	0.029	1	MTDH	c10
0.000660840735027643	-0.329099244881689	0.025	0.032	1	ARL4C	c10
0.0523261765685722	-0.328989294892334	0.008	0.01	1	NAA50	c10
0.000817600912359003	0.327717720696916	0.028	0.022	1	ELOVL5	c10
0.0399125754722506	0.327576319821859	0.012	0.01	1	RBM4	c10
0.003628613652354	-0.327499954664001	0.019	0.024	1	DNAJB6	c10
0.00530165008479838	-0.324162959265518	0.018	0.023	1	RNH1	c10
0.0183695012167034	0.323949032120715	0.014	0.011	1	MDH1	c10
0.00654269429095571	-0.323172437399702	0.02	0.025	1	MAPRE2	c10
0.000499310349363364	-0.321979597960003	0.073	0.083	1	RGCC	c10
0.015014667273172	0.321604498017813	0.015	0.012	1	VOPP1	c10
0.00408726359185598	0.321092916283885	0.021	0.017	1	RWDD1	c10
0.00190685698056474	0.320999061094645	0.025	0.02	1	RAB11B	c10
0.00154850196279897	-0.320975840717571	0.022	0.028	1	REEP5	c10
0.0635346398231041	-0.32093491203758	0.008	0.01	1	HSPA4	c10
0.000181055904204589	0.320730937050368	0.032	0.025	1	CXCR3	c10
0.000964586325522956	0.319824001984514	0.028	0.022	1	RPS10	c10
0.00323824249044139	0.319252315238851	0.022	0.017	1	POLR2K	c10
0.00183443589166346	-0.319247484867801	0.025	0.031	1	PRDX5	c10
0.00588130866274397	-0.319078211890919	0.017	0.022	1	ATF4	c10
0.0041709566623488	0.318640333075598	0.02	0.016	1	GCHFR	c10
0.000261121533205104	-0.317546598020378	0.032	0.04	1	FYN	c10
0.0464055680156396	0.31753070449659	0.01	0.008	1	MRPS31	c10
0.0123738909109671	-0.317496197313255	0.015	0.019	1	CLTA	c10
0.00496761205856673	-0.317421427457862	0.018	0.022	1	LAMTOR1	c10
0.0603017158657488	-0.316973759005153	0.01	0.013	1	HIST1H1C	c10
0.0395144993456629	-0.316879387229318	0.01	0.013	1	STK10	c10
0.0340859976169553	0.315487238525884	0.013	0.01	1	AP3S1	c10
0.00802348366297083	0.313685284486288	0.019	0.015	1	DCK	c10
0.0319217959138491	0.313462171706536	0.014	0.012	1	CMC2	c10
0.0172580385561978	0.313097041919687	0.016	0.013	1	SRSF1	c10
0.0020245652293016	0.312763623345239	0.025	0.02	1	ALKBH7	c10
0.0348214730413788	0.312548925523508	0.013	0.011	1	CHCHD5	c10
0.0354066008428119	0.311839461510741	0.013	0.01	1	CCT3	c10
0.04189608105279	0.311424199980716	0.012	0.01	1	VTI1B	c10
0.0578360532873481	-0.311232824088176	0.008	0.011	1	DIAPH1	c10
0.00696432318626277	-0.311008820510226	0.025	0.03	1	BRE-AS1	c10
0.0167936741916332	0.310913284026208	0.018	0.014	1	ZNF428	c10
0.0587428694546979	0.309768895530563	0.011	0.009	1	SF3A1	c10
0.030123349347278	-0.309442086153461	0.012	0.015	1	SSH2	c10
0.00911763636940881	0.308747161886171	0.02	0.016	1	MAX	c10
0.00904048793102877	0.308483298769497	0.019	0.015	1	IMP3	c10
0.00965075350888128	0.307768550119857	0.019	0.015	1	CYTH1	c10
0.0205012488499425	0.3073380692758	0.015	0.012	1	FDFT1	c10
0.00306468657737755	-0.306623570835586	0.024	0.029	1	HMGN3	c10
0.0200259755583548	0.306559586675587	0.016	0.013	1	KCNA3	c10
0.0286602498913713	-0.306261437222342	0.012	0.015	1	YWHAE	c10
0.00526587822961149	-0.305828687087273	0.02	0.025	1	DNAJB4	c10
0.0369411580070904	0.305719790877417	0.013	0.01	1	NGRN	c10
0.0682896450468804	0.305339283149802	0.01	0.008	1	GRSF1	c10
0.0367806496585064	0.305131775772114	0.013	0.011	1	NUDT21	c10
0.029722575346959	-0.30512666633811	0.013	0.016	1	MACF1	c10
0.0360502948909679	0.305001138289263	0.013	0.01	1	MBOAT7	c10
0.0765361311431511	0.305001138289263	0.012	0.01	1	TMEM147	c10
0.0544583155881401	0.304937977155313	0.011	0.009	1	SHARPIN	c10
0.00118849960776109	0.304871583288707	0.029	0.023	1	SSU72	c10
0.0665225538835034	-0.304709700506842	0.008	0.01	1	USP3	c10
0.0042413949827146	0.304497963414687	0.025	0.021	1	CMPK1	c10
0.024804210695444	-0.304268075881539	0.012	0.015	1	ENY2	c10
0.00497758988738413	-0.304233683418466	0.021	0.026	1	BZW1	c10
0.0689089712460887	0.302027671035345	0.01	0.008	1	JAK3	c10
0.000545613390728786	0.301890238146941	0.033	0.027	1	TMEM219	c10
0.00158152580185448	0.301431303222799	0.028	0.023	1	IKZF1	c10
0.0261524595909362	0.301431303222799	0.014	0.011	1	RNF113A	c10
0.0268082760320466	0.30074369766603	0.014	0.012	1	ARRDC1	c10
0.0569964780577827	-0.300621177817012	0.009	0.012	1	HSPA9	c10
0.0640064862846414	-0.300598660159765	0.01	0.012	1	LY9	c10
0.00157280504211527	0.299983421328273	0.029	0.024	1	SPNS1	c10
0.004548109214057	0.299787958243907	0.023	0.019	1	STAT3	c10
0.0758637214096825	0.299575192633922	0.01	0.008	1	NARF	c10
0.00250639266233848	-0.299107305461189	0.026	0.032	1	DDX17	c10
0.0656016394877675	0.298981693091042	0.011	0.009	1	RBM34	c10
0.0589035300775995	-0.297596315227607	0.008	0.01	1	TES	c10
0.0354034963085753	-0.297360649506618	0.01	0.013	1	FAM173A	c10
0.0690836942724799	0.29721694009126	0.01	0.009	1	UNC119	c10
0.011127353204635	0.296547075466505	0.019	0.015	1	TMC8	c10
0.00111478522650227	0.29499393936679	0.031	0.025	1	SPSB3	c10
0.0190764802102446	0.29497741033702	0.019	0.016	1	PDCD6	c10
0.0656870717132618	-0.294259745484462	0.008	0.01	1	POLR2A	c10
0.0405824997294384	0.293888114061969	0.013	0.011	1	TOPORS-AS1	c10
0.00132913507327318	0.292768040005036	0.032	0.026	1	SRI	c10
0.0599755650015786	0.292501066520817	0.013	0.011	1	ARAP2	c10
0.0309537228720769	0.292391221623022	0.01	0.008	1	IL2RA	c10
0.0794710228583142	0.292391221623022	0.01	0.008	1	DCTN2	c10
0.000400765442504541	0.292332379582199	0.036	0.029	1	H2AFV	c10
0.00257529624582851	0.290738623989498	0.028	0.023	1	MEAF6	c10
0.0207429143917191	0.290702755236694	0.017	0.014	1	WTAP	c10
0.0676412975940666	0.290702755236693	0.014	0.011	1	INO80E	c10
0.0292716036885223	0.29033164397011	0.016	0.013	1	PHF1	c10
0.00532682891733827	0.289969021110116	0.026	0.021	1	DANCR	c10
0.00539717846579197	0.289845054762046	0.024	0.019	1	IL16	c10
0.0267890567090865	0.289345289542588	0.016	0.013	1	PCED1B	c10
0.0215302999064281	0.28740960081736	0.017	0.014	1	LSM5	c10
0.00223741527991881	0.287388824197049	0.027	0.022	1	PHPT1	c10
0.102502997610055	0.287191936439543	0.01	0.008	1	MFF	c10
0.0733213312942115	-0.287128267587479	0.017	0.02	1	SSR3	c10
0.00250265535821978	0.286000546825835	0.031	0.025	1	MZT2B	c10
0.0459292193873077	0.285984828539622	0.013	0.011	1	PTPN1	c10
0.078438766298773	0.28418944827802	0.012	0.01	1	TMEM9B	c10
0.029091830631983	0.28407162085444	0.016	0.014	1	PNPLA2	c10
0.0644340493996391	0.283942099092288	0.011	0.009	1	RNF126	c10
0.0135342486037699	-0.283053010725475	0.019	0.023	1	ARPC4	c10
0.105106331195891	0.282937509136799	0.011	0.009	1	UPF2	c10
0.11475037399363	0.28248392097522	0.01	0.009	1	BAG1	c10
0.0359228023626696	-0.282473831106752	0.013	0.016	1	PTPN7	c10
0.000108608975718183	-0.282277284896625	0.07	0.081	1	CITED2	c10
0.0768823447712441	0.282006779319178	0.011	0.009	1	ELAVL1	c10
0.00797586037792338	0.281972549242519	0.023	0.019	1	C17orf62	c10
0.0258662908996545	0.281830175404097	0.017	0.014	1	LSM14A	c10
0.0548035125312736	-0.281497743451752	0.01	0.012	1	HSD17B11	c10
0.09108145038485	-0.281144245694204	0.008	0.01	1	UBE2A	c10
0.0218654474575584	0.281029197291051	0.017	0.014	1	TSC22D4	c10
0.0272535238255383	0.280848702477743	0.016	0.014	1	CHMP2A	c10
0.0810543684610958	0.280571159713014	0.011	0.009	1	STARD3	c10
0.00110418403423628	0.279920403275423	0.035	0.029	1	UBE2I	c10
0.0993264736746291	0.279852065503668	0.01	0.008	1	LOC101929065	c10
0.0387392183862498	-0.279757886525787	0.013	0.016	1	IDI1	c10
0.000406937691125758	-0.279360332039466	0.052	0.061	1	SAMSN1	c10
0.00518550860833876	-0.279040524286559	0.03	0.036	1	HNRNPU	c10
0.0382155826964477	-0.278589678313968	0.013	0.016	1	SCP2	c10
0.0221133863354197	0.277877341322717	0.019	0.016	1	SNX6	c10
0.0429777878552804	-0.277331406063364	0.012	0.015	1	C8orf59	c10
0.088542242365607	0.277265695660224	0.01	0.008	1	TMED5	c10
0.0122265917864373	-0.276881319297399	0.02	0.024	1	MBP	c10
0.00050617948559903	0.276739996016041	0.036	0.029	1	SYNE2	c10
0.000205642243885619	0.276429214740761	0.043	0.036	1	LBH	c10
0.1073675204238	0.276155054129208	0.011	0.009	1	PRPF8	c10
0.0020962514108941	0.275729254279328	0.032	0.026	1	UBE2B	c10
0.000405517263877453	0.275341851731199	0.044	0.037	1	NEDD8	c10
0.084085680594126	-0.275226447369875	0.038	0.041	1	HMGB2	c10
0.00126432308933058	0.275224181297935	0.036	0.03	1	EMB	c10
0.0139519257371843	-0.273735017992344	0.021	0.025	1	CHD2	c10
0.00850817726021829	0.27372967663298	0.024	0.019	1	MRPL54	c10
0.112255107977811	0.27372967663298	0.01	0.008	1	ISCA1	c10
0.000376218416873172	-0.272649451528749	0.042	0.051	1	DRAP1	c10
0.00804578240935567	-0.271780056604617	0.022	0.026	1	ITGAE	c10
0.00161526634200745	0.271192400142039	0.035	0.029	1	FKBP8	c10
0.00038117306976635	0.271165264686758	0.042	0.035	1	GTF3A	c10
0.0930638220409694	0.271143428481366	0.01	0.009	1	TMEM248	c10
0.00239574485014744	0.270812193250686	0.031	0.026	1	C16orf13	c10
0.00214981404669523	-0.270319630822122	0.03	0.037	1	SH3BGRL	c10
0.0489339219233306	0.270146822868806	0.015	0.012	1	VIM-AS1	c10
0.00609386639207804	0.26979785979945	0.031	0.026	1	RBPJ	c10
0.00346397340940528	0.269723777476022	0.031	0.026	1	PHB2	c10
0.0419083227996976	0.269366134430451	0.016	0.014	1	MRPL51	c10
0.116998618695933	0.268839180285909	0.011	0.009	1	PIH1D1	c10
0.0112458089192502	-0.268517388188137	0.021	0.025	1	IFI27L2	c10
0.000587675492501904	0.26850251496943	0.041	0.034	1	N4BP2L2	c10
0.00296148516140251	0.267963830941656	0.033	0.027	1	UFC1	c10
0.00118021575691973	0.267825050215187	0.037	0.03	1	FAM96B	c10
0.000126408061162458	-0.267807573085149	0.051	0.061	1	CD53	c10
0.044341068020901	-0.267622186744332	0.013	0.016	1	TSEN54	c10
0.0455350360182288	-0.267550385270779	0.012	0.014	1	ATP6AP2	c10
0.00119096672807209	0.267397096917841	0.039	0.033	1	ZAP70	c10
0.116566704875602	-0.267122002725898	0.008	0.01	1	SAT2	c10
0.113716308233049	0.266683533000859	0.01	0.009	1	TBL1XR1	c10
0.0924155653598171	0.266400134834491	0.011	0.009	1	CD320	c10
0.038543284061415	-0.266328000263134	0.019	0.022	1	H1FX	c10
0.0725277886431583	-0.265997448069939	0.009	0.011	1	OGT	c10
0.00204383742922762	0.265668298415215	0.031	0.026	1	CCT4	c10
0.0505399314378609	-0.26446389754182	0.013	0.016	1	DOCK8	c10
0.0576595089574768	-0.264025398929758	0.012	0.015	1	RAB2A	c10
0.0516316161544642	0.263886090191509	0.015	0.012	1	RBM17	c10
0.0783222201853774	0.263294223966669	0.014	0.012	1	CNPY2	c10
0.015654364538386	0.262865654829476	0.022	0.019	1	TMCO1	c10
0.125587575627802	0.262793212074971	0.01	0.008	1	OSER1	c10
0.0964536655103466	0.262681000817126	0.011	0.009	1	NENF	c10
0.106722630131692	0.26260629816127	0.012	0.01	1	CAMTA1	c10
9.45048870206133e-05	-0.262367601251949	0.05	0.06	1	KLF2	c10
0.0764778057112173	-0.262185410640521	0.011	0.013	1	ARRDC3	c10
0.0318738652063932	-0.261718869046598	0.015	0.019	1	IKZF3	c10
0.00612283902129945	0.261485214922879	0.029	0.025	1	SYF2	c10
0.128368197967395	0.260978501092443	0.01	0.008	1	CWC15	c10
0.00603318092502188	-0.260302123596423	0.328	0.331	1	VIM	c10
0.0591993173936509	0.260164949051177	0.014	0.012	1	RPAIN	c10
0.0676557059558933	0.260101713168685	0.014	0.012	1	SNRPA1	c10
0.0364051011816686	-0.259310965556997	0.016	0.019	1	MFSD10	c10
0.110636136838689	0.259082900668579	0.011	0.01	1	TXNL4A	c10
0.094408925460785	0.258771584721568	0.012	0.01	1	PSMG2	c10
0.00670586163281882	-0.258609158453823	0.028	0.033	1	SLC38A2	c10
0.00118680055673324	-0.258561602043525	0.038	0.046	1	SEPT7	c10
0.0651661284528372	0.258521928215544	0.017	0.015	1	CHIC2	c10
0.000141467191734817	0.258492394704892	0.054	0.046	1	CD96	c10
0.054498210287761	0.256494391861328	0.015	0.013	1	STRA13	c10
0.135513285669722	0.256451685201145	0.01	0.008	1	SNRNP200	c10
0.00724995375898837	0.25631262355557	0.029	0.024	1	SCML4	c10
0.0356770995969582	0.256002816276581	0.018	0.015	1	C1QBP	c10
0.0378643047353781	0.255739481109753	0.018	0.015	1	SNRPB2	c10
0.108316759193057	0.255224207780907	0.012	0.011	1	GOLPH3	c10
0.0267198023347183	-0.255161663005922	0.019	0.023	1	HN1	c10
0.0383318898793041	0.255127333848295	0.017	0.015	1	LIMS1	c10
0.0747081954068913	0.254870649381664	0.013	0.011	1	SNHG16	c10
0.0192049458881666	0.254765981115875	0.021	0.018	1	MRPS34	c10
0.0132128568828153	0.254335425839674	0.025	0.021	1	SUMO1	c10
0.000586194532060951	0.254148350819713	0.046	0.039	1	EIF5A	c10
0.0564778487114724	0.253783145216262	0.018	0.015	1	DPM3	c10
0.0597451517371608	-0.253782551904276	0.013	0.016	1	IRF9	c10
6.69329027410293e-05	0.253368128215145	0.061	0.051	1	ARL6IP4	c10
0.119946378678671	0.252790338940617	0.011	0.009	1	EIF3J	c10
0.107280684430743	0.252196515083339	0.012	0.01	1	CHMP5	c10
0.117263414606771	0.251615836854172	0.011	0.009	1	SSBP4	c10
0.0328283005941923	0.251595517348803	0.019	0.016	1	GCC2	c10
0.0777187295632337	0.25145328882393	0.014	0.012	1	G3BP1	c10
0.139791266587642	-0.251191023592576	0.008	0.01	1	OFD1	c10
0.019750994508196	0.250734874812459	0.023	0.019	1	RPS19BP1	c10
0.130753391646376	-0.250167161301292	0.008	0.01	1	SMARCB1	c10
0.0960874204405447	-0.249718434875472	0.01	0.012	1	ADAM8	c10
0.00365857340730057	-0.249456626501486	0.038	0.045	1	CHMP1B	c10
0.0338401342016602	0.249260681039081	0.019	0.016	1	GPS2	c10
0.000137084188964775	0.249202959769141	0.057	0.048	1	RGS10	c10
0.0949067643761252	0.248855007993951	0.014	0.012	1	MTFP1	c10
0.000928009264288673	-0.248052163709168	0.044	0.053	1	PPP1CA	c10
0.00355703069451971	0.246700665069421	0.035	0.03	1	SRP9	c10
0.0194129962183546	-0.246041973864378	0.023	0.027	1	ARHGAP9	c10
0.104711800675344	0.245715300463384	0.012	0.01	1	PHB	c10
0.0658486130759548	0.245035511966511	0.016	0.013	1	ZC3H15	c10
0.0238997908021416	-0.244214280536018	0.022	0.026	1	UPP1	c10
0.00128743279419659	-0.244161672552316	0.052	0.061	1	YPEL5	c10
0.0255129192951602	0.243891182075361	0.024	0.02	1	AURKAIP1	c10
0.0891684255997699	0.2436724427768	0.013	0.011	1	FBXW5	c10
0.0149309316402159	0.24339956684618	0.026	0.022	1	SBDS	c10
0.0184157515944091	0.243372006490648	0.024	0.02	1	PRMT2	c10
0.000514919093325232	0.243257586374558	0.055	0.047	1	ATPIF1	c10
0.031371053681578	-0.242816360916101	0.018	0.021	1	PSMA6	c10
0.0572705185294136	0.242768278172991	0.017	0.015	1	ERGIC3	c10
0.0468780825292238	-0.241920134336961	0.017	0.02	1	AKNA	c10
0.135477581120513	0.241895227092088	0.011	0.009	1	SMNDC1	c10
0.011507391456359	0.241879520408196	0.03	0.026	1	ATP5H	c10
0.195019959885209	-0.241691890835098	0.019	0.021	1	ID3	c10
0.0216363466799222	0.241495695859561	0.024	0.02	1	MDH2	c10
0.0651332047405185	-0.239785048673087	0.014	0.017	1	ATM	c10
0.112685874464528	-0.238684742179011	0.01	0.012	1	DYNC1H1	c10
0.106126694979381	0.238677052437065	0.013	0.011	1	AKR1A1	c10
0.00784042995251479	0.238311557508255	0.034	0.029	1	ERH	c10
0.0544558827267249	0.238017579913577	0.02	0.017	1	KHDRBS1	c10
0.154641928177574	0.237976564546167	0.01	0.009	1	MRPS18C	c10
0.135546582238496	0.237864224075974	0.011	0.009	1	ZFAND2B	c10
0.102068340593407	-0.237722943326286	0.011	0.013	1	CHD1	c10
0.0155932073004764	0.237553526694327	0.027	0.023	1	EIF2S3	c10
0.124310763633203	-0.237087787756416	0.01	0.012	1	PPM1K	c10
0.164562217904752	0.236690238992816	0.01	0.009	1	AIMP1	c10
0.0451842284158301	-0.236347126782063	0.016	0.019	1	LAMP1	c10
0.0216777292392951	0.235729111889782	0.025	0.021	1	FOXP1	c10
0.156641984041747	0.235468118159148	0.011	0.009	1	TMEM208	c10
0.00806225965609755	0.235433156870882	0.032	0.027	1	GBP5	c10
0.00633162586281815	-0.23460857351572	0.037	0.043	1	NAP1L1	c10
0.054678757543617	0.23447331610565	0.02	0.017	1	LPXN	c10
0.133970752819964	0.233991919705749	0.012	0.01	1	IER3IP1	c10
0.0497355555833055	0.233904782549489	0.02	0.017	1	TGIF1	c10
0.16227349293249	-0.233230312086903	0.008	0.01	1	RNF125	c10
0.0420470641222676	0.232970518934279	0.021	0.018	1	PPP1CB	c10
0.143638526497058	0.23267951699049	0.011	0.009	1	SLC25A39	c10
0.00249510362966015	-0.232670107427634	0.055	0.063	1	PKM	c10
0.0477075605495083	0.232092847762402	0.017	0.014	1	LDLRAD4	c10
0.00463748138806045	-0.23205363095133	0.038	0.044	1	CLK1	c10
0.0420294271697913	-0.231823490872658	0.018	0.021	1	DDX21	c10
0.069927424606967	0.231668469271116	0.018	0.016	1	SNX17	c10
0.0828626716036429	0.230731295796247	0.015	0.013	1	FAM195B	c10
0.114564851538864	0.230102744232722	0.013	0.011	1	FAM50A	c10
0.014020239729024	0.22983585032004	0.027	0.023	1	CNOT6L	c10
0.139938381707732	0.229611697583703	0.012	0.01	1	CCT7	c10
0.00615434783393883	-0.229497593210573	0.036	0.042	1	RHOG	c10
0.0825698035450049	0.228764758042199	0.016	0.014	1	RABGGTB	c10
0.146884603331769	0.228568778069185	0.011	0.01	1	ANP32E	c10
0.000310708897361544	-0.228496517569318	0.062	0.073	1	CYCS	c10
0.0286180700437376	-0.228364556915087	0.022	0.026	1	SEC62	c10
0.0105945032882526	0.228332136593688	0.035	0.03	1	C11orf58	c10
0.00233551467056563	0.227931623262898	0.049	0.042	1	PET100	c10
0.0843125604700033	0.227872059534908	0.016	0.013	1	PDAP1	c10
0.0896503020869105	-0.227653594509468	0.011	0.013	1	PPP3CC	c10
0.0204998698293695	0.227491420860377	0.024	0.02	1	ANXA2R	c10
0.123325924886543	0.227120747688447	0.013	0.011	1	COX20	c10
0.0236551089314396	0.226783551230003	0.026	0.022	1	NDUFS7	c10
0.101392009939728	0.226740047749713	0.015	0.013	1	ADRM1	c10
0.0251314498882061	0.22658726425345	0.027	0.023	1	NDUFS8	c10
0.155973194302621	0.226552883264914	0.011	0.01	1	SBDSP1	c10
0.0887286902401573	-0.226336332590494	0.012	0.014	1	MGEA5	c10
0.166986364609516	0.226127911233772	0.011	0.009	1	LSM3	c10
0.105464653494114	0.224573166166683	0.015	0.013	1	TNIP1	c10
0.0479946151092743	0.224542127005448	0.021	0.018	1	POLR2E	c10
0.000273489001479906	0.22446577351071	0.065	0.056	1	NDUFB2	c10
0.163171035805695	-0.224419933311005	0.009	0.01	1	NIPBL	c10
0.0326045724440358	-0.222825254206809	0.024	0.028	1	SUN2	c10
0.00273177899464298	-0.222806441851914	0.05	0.058	1	ENO1	c10
0.00281144774002159	-0.222777601078987	0.042	0.049	1	HCLS1	c10
0.0724092170570094	0.220618340173417	0.019	0.016	1	NDUFA7	c10
0.0132043086920476	0.220544166256766	0.02	0.017	1	LOC101928173	c10
0.0460109464858765	-0.22029705612349	0.02	0.023	1	PTP4A1	c10
0.229066898829514	0.220001490215465	0.01	0.009	1	S1PR4	c10
0.109202056924254	0.219937533312771	0.016	0.014	1	POLR2J	c10
0.124750220481875	0.219834408778895	0.013	0.011	1	SDHAF2	c10
0.0356176108463816	0.219778261114	0.026	0.023	1	DEF6	c10
0.00039687507106749	0.219407222075404	0.066	0.057	1	ERP29	c10
0.0159542978541259	0.219335358830119	0.031	0.026	1	STAT1	c10
0.121370391500281	-0.218836458589601	0.011	0.013	1	SERINC1	c10
0.984602479033005	-0.218303407849993	0.284	0.277	1	CRIP1	c10
0.0493665297997053	0.218256949627078	0.023	0.02	1	RHOF	c10
0.206940083025082	0.218096482324031	0.01	0.008	1	DARS	c10
0.00556399903402615	0.21792514128818	0.044	0.038	1	ACAP1	c10
0.0265127336242749	0.217708910686258	0.026	0.022	1	PDCD1	c10
0.0983686881293543	-0.217262540195166	0.029	0.032	1	H3F3C	c10
0.130969350915511	0.216915606005879	0.014	0.012	1	PTPN2	c10
0.000271501390630965	0.216292311411107	0.063	0.054	1	RHOH	c10
0.165985499162273	-0.216156798727961	0.01	0.012	1	TLE4	c10
0.196180652869573	0.2159441169781	0.01	0.009	1	MRPS15	c10
0.22047129921052	0.21584876055248	0.01	0.008	1	IAH1	c10
0.202951299369525	0.214906623092701	0.01	0.009	1	TSTA3	c10
0.00674730168050971	-0.21468641872071	0.047	0.054	1	SELK	c10
0.0109595283824888	-0.214679915715123	0.034	0.039	1	SFPQ	c10
0.131538305088487	-0.214480933438399	0.013	0.015	1	PRNP	c10
0.101968144695015	0.214228664884319	0.016	0.014	1	UBAC2	c10
0.0204218331521808	0.214172831952525	0.031	0.027	1	CCDC107	c10
0.0167164600232949	-0.213036030016942	0.049	0.054	1	PRDX1	c10
0.0921023277459651	0.212668150896701	0.017	0.014	1	PRPF4B	c10
0.149338607852497	0.21226829084955	0.012	0.011	1	CDC25B	c10
0.174291633076673	-0.211923118905002	0.011	0.013	1	SYAP1	c10
0.0890556763908295	0.211474302862302	0.018	0.015	1	PPP2R1A	c10
0.117355454917549	0.211391020326394	0.014	0.012	1	POLR2I	c10
0.00887430684787194	0.21130795143882	0.038	0.033	1	NDUFB4	c10
0.153284781840844	0.211235520572335	0.013	0.011	1	POLR2F	c10
0.0267344639812129	-0.211159570020896	0.026	0.031	1	UBE2L6	c10
0.22707577907625	0.211044408417038	0.011	0.01	1	SNRPE	c10
0.000272010978787239	-0.210061694552385	0.086	0.098	1	SUB1	c10
0.0412152479889977	0.20975171779783	0.023	0.02	1	ZC3HAV1	c10
0.0292247183367871	0.209484513812493	0.027	0.024	1	HNRNPH3	c10
0.0679819458279855	-0.208982765840226	0.014	0.016	1	HERPUD2	c10
0.149889158271811	0.208855980835288	0.013	0.011	1	LMBRD1	c10
0.00550486564821417	0.208397143703952	0.048	0.042	1	ELF1	c10
0.224366680651716	0.208141335005403	0.01	0.009	1	ARPP19	c10
0.0134260953129994	0.208015963663825	0.037	0.032	1	SNHG9	c10
0.060312963129365	0.207949601994172	0.021	0.018	1	DDX39A	c10
0.00542715092117303	-0.207815559892325	0.039	0.045	1	ARF6	c10
0.168211128222199	-0.207528786533474	0.01	0.012	1	TAOK3	c10
0.186869903395207	0.207378978357649	0.012	0.011	1	OTUD6B-AS1	c10
0.214543237139388	0.207297900289251	0.01	0.009	1	PCGF5	c10
0.0679304521757307	0.207108625554802	0.023	0.02	1	ZNHIT1	c10
0.00169208146610979	0.206932345464534	0.06	0.053	1	SF1	c10
0.000174980714757386	-0.206821938201812	0.081	0.093	1	RNASEK	c10
9.92270928147916e-05	-0.205937881248577	0.089	0.102	1	TCEB2	c10
0.00676038283143522	0.205736699580865	0.044	0.038	1	DAD1	c10
0.109775233142581	-0.205438160065579	0.016	0.018	1	ZBTB20	c10
0.00128147586111352	0.205246100156768	0.062	0.054	1	NDUFB1	c10
0.14354271824286	0.204669836459473	0.014	0.012	1	PDCL3	c10
0.00109738983120976	-0.204584673036075	0.059	0.068	1	POLR2L	c10
0.0710909673398816	-0.20389430658015	0.016	0.019	1	AMD1	c10
0.194635453532052	-0.203720429814429	0.009	0.01	1	SLIRP	c10
0.178950541269272	-0.202939846659222	0.01	0.011	1	FLOT1	c10
0.137123619290675	-0.202708367310007	0.016	0.019	1	CCND2	c10
0.0393877652122457	-0.202512430306379	0.026	0.03	1	CAST	c10
0.203545688613679	0.201961793660439	0.011	0.01	1	PSMA3	c10
0.0539015672178863	0.201362026932169	0.026	0.023	1	AIP	c10
0.0334700860314912	0.201275668545341	0.033	0.029	1	VAPA	c10
0.334177606950063	-0.201184171569693	0.089	0.092	1	HMGN2	c10
0.0587445971631399	-0.20087427906513	0.02	0.023	1	BCAP31	c10
0.13892765350847	-0.200808834394525	0.012	0.014	1	NUCB1	c10
0.219898999357956	0.200522002623776	0.011	0.009	1	DECR1	c10
0.000415050725857058	0.200285511616062	0.087	0.077	1	UCP2	c10
0.0808250731987747	0.199334970056062	0.022	0.019	1	C19orf66	c10
0.0475370263953271	0.199125583345687	0.027	0.024	1	BCL3	c10
0.0557241794006782	0.198547042652049	0.029	0.025	1	DGUOK	c10
0.2068602072957	0.198527349979449	0.014	0.012	1	MAP4K1	c10
0.116765048120179	0.198351382169442	0.019	0.016	1	RABGAP1L	c10
0.000840537188846137	0.198074492683563	0.072	0.063	1	C19orf43	c10
0.257301173036434	0.197991954653146	0.01	0.009	1	PPP1R11	c10
0.00151220419240887	0.19777327707496	0.061	0.053	1	MORF4L1	c10
0.0974949483400179	0.197378790502865	0.022	0.019	1	UQCRFS1	c10
0.116001574626629	-0.196224242384847	0.014	0.016	1	AKAP9	c10
0.132576547657271	0.195937516026829	0.016	0.014	1	TSPAN14	c10
0.252936445630171	0.195390159464866	0.01	0.009	1	GALM	c10
0.01727652177913	-0.194986993332054	0.032	0.037	1	MAP1LC3B	c10
0.0563348763738429	-0.1942594171396	0.022	0.026	1	PRDX6	c10
0.0521556350698212	-0.19381343686235	0.025	0.029	1	RNF149	c10
0.0023779181905652	0.193576868207608	0.056	0.048	1	RNASET2	c10
0.186307544180345	0.19330282602977	0.013	0.012	1	ETFB	c10
0.244191600833881	0.192286112003641	0.01	0.009	1	MIB2	c10
0.128269425896534	0.192085064311189	0.019	0.017	1	M6PR	c10
0.259445286751453	0.191736304435673	0.012	0.01	1	CHCHD7	c10
0.225315024880554	0.190287815317117	0.012	0.01	1	SRSF4	c10
0.138939510158282	-0.189930259313276	0.014	0.016	1	TGOLN2	c10
0.296656870502903	0.189460759735376	0.011	0.01	1	SMS	c10
0.000820699655239013	0.188955801036616	0.065	0.056	1	SEC61G	c10
0.0492083475307564	0.188900217701752	0.026	0.023	1	DCXR	c10
0.0334459162588165	-0.188475695748523	0.063	0.069	1	TUBA4A	c10
0.0107771798398337	-0.188369918031758	0.064	0.071	1	CKLF	c10
0.101286200367547	-0.188174427683838	0.019	0.022	1	AKIRIN2	c10
0.0546667649231034	-0.188111766380871	0.039	0.044	1	RHOC	c10
0.11188233368337	0.187965645873366	0.02	0.018	1	C1orf86	c10
0.0169579940288043	0.186790039481705	0.039	0.035	1	SCAND1	c10
0.0221691335425339	-0.186606658787857	0.046	0.052	1	RABAC1	c10
0.111939195998649	-0.186415852966953	0.017	0.02	1	SET	c10
0.255429834550239	0.186125793389383	0.011	0.01	1	XRN2	c10
0.0826318088750381	0.185811137144262	0.023	0.021	1	PSMA1	c10
0.0900294575451114	0.185601758135114	0.022	0.02	1	APBB1IP	c10
0.189176991922293	0.185496946341003	0.014	0.012	1	TANK	c10
0.514882965476328	-0.1854553906851	0.027	0.025	1	FKBP11	c10
0.169938411094811	0.18525861238087	0.015	0.013	1	TMUB1	c10
0.15840409596628	-0.184745846437643	0.015	0.017	1	METTL12	c10
0.145118091238428	0.18468280114158	0.014	0.012	1	RN7SL1	c10
0.250308667980557	0.184161509963217	0.012	0.011	1	PITHD1	c10
0.113373310931707	-0.184142391966536	0.018	0.021	1	DSTN	c10
0.205017588127424	0.183996168924607	0.014	0.012	1	ORMDL1	c10
0.0160145789505741	0.18388757870987	0.037	0.033	1	FNBP1	c10
0.0605467814854229	0.183632888472597	0.024	0.021	1	AAK1	c10
0.0436278074000913	0.18359655442563	0.03	0.026	1	DENND2D	c10
0.299076236500447	0.183531867661402	0.011	0.01	1	CBWD5	c10
0.269311753613321	0.183177918925356	0.011	0.01	1	SARNP	c10
0.0816812883023497	0.182744915558325	0.03	0.027	1	LOC100506248	c10
0.247739460611929	-0.182526872343588	0.009	0.01	1	UQCRC1	c10
0.00281847568930773	0.182104777188317	0.05	0.043	1	SPCS1	c10
0.169839951775152	0.182051194810432	0.017	0.015	1	STAT4	c10
0.172833341583265	0.18194526395339	0.015	0.014	1	TMEM50B	c10
0.00181706759677518	0.181358682324977	0.079	0.07	1	VAMP2	c10
0.223698871346612	0.181317058075323	0.013	0.011	1	CD46	c10
0.101432676379493	0.181069639957603	0.02	0.018	1	CHCHD10	c10
0.0107456295867531	-0.180794304637184	0.052	0.059	1	RBM39	c10
0.308412589292347	0.18046719302857	0.011	0.01	1	ABTB1	c10
0.258726026232558	-0.180323046140309	0.008	0.01	1	STK38	c10
0.235757149288345	-0.180186610940209	0.009	0.011	1	PTPRA	c10
0.2307170172049	-0.180103072816578	0.01	0.011	1	RAB8B	c10
0.183335874287678	0.180040760267091	0.016	0.014	1	SUPT4H1	c10
0.147637648410686	-0.179791053125443	0.013	0.015	1	HNRNPR	c10
0.228898485953688	-0.179589823763774	0.053	0.056	1	PHLDA1	c10
0.00604265763449808	0.1792127131776	0.068	0.061	1	UQCR10	c10
0.221005220632208	0.178305328487081	0.015	0.013	1	SLC44A2	c10
0.268747803431058	0.178034024089885	0.012	0.01	1	PHF3	c10
0.00226032293942106	0.177885922748265	0.068	0.06	1	ARL6IP5	c10
0.18069973519416	-0.177773297494591	0.013	0.015	1	SP110	c10
0.249945926467009	0.177702788859205	0.012	0.011	1	PTBP1	c10
0.265312698642306	0.177644654350265	0.011	0.01	1	CARD8	c10
0.294981738030033	0.177307800481408	0.01	0.009	1	CISD3	c10
0.0574763265811221	0.17712766625207	0.031	0.028	1	IGFLR1	c10
0.144797883177036	0.177001403131512	0.018	0.016	1	NXT1	c10
0.061420450804387	0.176919212281118	0.03	0.026	1	TRIM22	c10
0.0011456962440364	0.176891696777824	0.069	0.06	1	KRTCAP2	c10
0.0311707999979838	0.176688021256777	0.038	0.034	1	COX17	c10
0.0324124792334282	-0.17619535233223	0.038	0.043	1	SH2D2A	c10
0.00011655124709632	0.176113486455947	0.108	0.095	1	CYTIP	c10
0.0382008224356945	-0.176015335741642	0.033	0.038	1	PPP1R18	c10
0.0665712869746248	-0.175328348343686	0.023	0.026	1	DHRS7	c10
0.0921050555422322	0.174686508136141	0.03	0.027	1	CLEC2D	c10
0.0657194441250348	0.174340737728337	0.032	0.029	1	GPBP1	c10
0.0959844528197233	-0.174121150694663	0.018	0.021	1	TMEM2	c10
0.28049398947531	0.173870927268177	0.011	0.01	1	ACAA1	c10
0.0590012976316502	0.172929035845488	0.03	0.027	1	MRPL41	c10
0.141312177770251	-0.172688770151852	0.017	0.02	1	BANF1	c10
0.240409262148907	0.172537456698907	0.013	0.012	1	DNAJC15	c10
0.0314714531576143	0.172325219151811	0.05	0.045	1	NME2	c10
0.215484363043822	0.172124633794602	0.016	0.014	1	GSDMD	c10
0.175977758978258	0.172026166399356	0.017	0.016	1	TBRG1	c10
0.000184345641844191	0.171692721854976	0.117	0.105	1	UBL5	c10
0.2100189831912	-0.171550958833451	0.012	0.013	1	TIAL1	c10
0.174562334401738	-0.170986073104346	0.019	0.021	1	SPCS3	c10
0.122007587526277	0.170693730339842	0.022	0.019	1	SF3B2	c10
0.0391358295920775	-0.170273036360292	0.039	0.043	1	CSRNP1	c10
0.132635081211591	0.170212048713334	0.021	0.019	1	TAF1D	c10
0.169373184459764	0.169981751795151	0.018	0.016	1	PIM3	c10
0.00442356626629427	0.169716893183426	0.068	0.06	1	NDUFA3	c10
0.166674652482422	0.16893348662137	0.017	0.015	1	TMX4	c10
0.0269726306586068	0.168384966860822	0.046	0.041	1	ARHGEF1	c10
0.00101499720490415	-0.168314905493559	0.124	0.137	1	EMP3	c10
0.107145486878654	0.167578571585496	0.025	0.023	1	NUCKS1	c10
0.2598947923716	0.166325936921989	0.013	0.012	1	NDUFB6	c10
0.150875654861408	-0.165948709430595	0.018	0.02	1	EWSR1	c10
0.291005559472103	0.165691087608823	0.013	0.012	1	FLJ10038	c10
0.178053982587356	-0.165452197652042	0.016	0.018	1	RPN1	c10
0.0181279059338255	-0.165398821408792	0.057	0.063	1	TMBIM6	c10
0.0289627592678557	-0.165331861872613	0.041	0.046	1	ARHGDIA	c10
0.343061702810995	0.165150742968351	0.012	0.011	1	GTF2A2	c10
0.159024167499689	-0.164942672324848	0.017	0.019	1	TAX1BP1	c10
0.368352752308676	0.164769256835403	0.012	0.011	1	MPG	c10
0.166534535382623	0.164329328244746	0.019	0.017	1	RER1	c10
0.224766758969919	0.164105185458482	0.017	0.016	1	UBE2L3	c10
0.0482489746275195	0.163665406445508	0.038	0.034	1	TBCA	c10
0.282181278591108	0.163453708797654	0.013	0.012	1	MTIF3	c10
0.0483901385531425	0.163318454999518	0.037	0.033	1	SRSF11	c10
0.325714847200899	0.16310017319848	0.012	0.011	1	SMIM7	c10
0.225094094854312	0.162908821644266	0.017	0.016	1	MAPK1IP1L	c10
0.260789837603793	0.162602221429553	0.014	0.012	1	MPC2	c10
0.274508027743299	-0.162369438173693	0.01	0.011	1	TMX1	c10
0.27031449712591	-0.161458430145387	0.01	0.012	1	DBNL	c10
0.0601285810647118	0.161362655392153	0.033	0.03	1	GABARAPL2	c10
0.0489305919176493	0.161345653165477	0.035	0.031	1	PIM1	c10
0.111805926558439	-0.161166985147555	0.024	0.027	1	PGLS	c10
0.264935472216901	0.161153515973599	0.015	0.014	1	EIF2S2	c10
0.206697749397315	-0.161042112340388	0.013	0.014	1	ARHGAP30	c10
0.0624206567094224	0.159668518494128	0.035	0.031	1	MATR3	c10
0.234315961414217	-0.159520625903894	0.01	0.012	1	ITGB7	c10
0.237518493508996	0.159475485271124	0.015	0.014	1	MRFAP1	c10
0.0245217509874782	0.159415216770466	0.047	0.042	1	VPS28	c10
0.025517867345737	-0.159213089890144	0.1	0.107	1	PPIB	c10
0.053548745959452	0.158987590459977	0.036	0.032	1	ATP5J	c10
0.0805877516506978	-0.158977863491494	0.032	0.035	1	CCDC85B	c10
0.264542421741676	0.158931790129627	0.015	0.014	1	MAGOH	c10
0.193400666061833	0.158658566194161	0.022	0.02	1	TMC6	c10
0.327979569981421	-0.158393407705961	0.009	0.01	1	HMGA1	c10
0.222418739165439	0.158133262696193	0.017	0.016	1	TNRC6B	c10
0.253357036853647	-0.158104383440287	0.012	0.013	1	FAM96A	c10
0.270518340474606	-0.157916740201304	0.009	0.01	1	ATG12	c10
0.208629859271707	-0.157595874250052	0.015	0.016	1	EIF3A	c10
0.150786414845489	0.157283919602468	0.025	0.022	1	LSM8	c10
0.0371335353291581	-0.157082924713475	0.044	0.049	1	C14orf2	c10
0.0943189388002235	-0.156763776278507	0.027	0.03	1	PSMB3	c10
0.176529313905808	-0.156277256597505	0.019	0.022	1	MRPS6	c10
0.117114367880396	0.156031537383296	0.027	0.024	1	PAK2	c10
0.41512504803481	-0.155710102059483	0.009	0.01	1	TNFSF10	c10
0.216430681784246	0.155636511006033	0.017	0.015	1	PIN1	c10
0.246926283233703	0.155599957931025	0.016	0.014	1	LUC7L3	c10
0.338073851774094	0.155513427812039	0.012	0.01	1	NUTF2	c10
0.00746564564162079	0.154907030607101	0.067	0.06	1	TMEM258	c10
0.233127709011821	0.154585718456917	0.017	0.015	1	FNBP4	c10
0.363934025058448	0.154318635499258	0.01	0.009	1	JOSD2	c10
0.147494606455353	0.154169632438721	0.028	0.026	1	AUP1	c10
0.368238526376227	-0.154053726170567	0.01	0.011	1	GLUD1	c10
0.372385727425348	0.154029051184147	0.01	0.009	1	FLOT2	c10
0.0429483793136831	-0.15394939913961	0.053	0.058	1	EZR	c10
0.324603046533767	-0.153907859425497	0.008	0.01	1	TIMM8B	c10
0.0391834024514761	0.153484300354627	0.044	0.04	1	WIPF1	c10
0.268604153912333	-0.153390439876908	0.011	0.013	1	KPNB1	c10
0.0389282261016822	0.153285462922838	0.048	0.043	1	C11orf31	c10
0.0289788840565456	-0.153235081016972	0.047	0.053	1	ATP5G3	c10
0.253705958666144	0.15297751717237	0.015	0.013	1	LINC00869	c10
0.130335266215449	0.152737864344711	0.026	0.024	1	TRABD	c10
0.365151989307143	0.152684856631026	0.011	0.01	1	ILK	c10
0.0467839354084339	-0.152617591812378	0.038	0.042	1	TAPBP	c10
0.107591305781012	0.152350437819589	0.037	0.034	1	TOMM6	c10
0.216918607922029	-0.152278940466867	0.016	0.017	1	CASP1	c10
0.143622018630576	-0.152210702800929	0.023	0.026	1	BSG	c10
0.215379399804764	0.1516729538447	0.011	0.01	1	GK	c10
0.015090176415204	-0.151593846603912	0.064	0.071	1	C9orf142	c10
0.00892939156657176	0.151392106361295	0.072	0.065	1	PTGES3	c10
0.232139025358742	0.151323226178524	0.018	0.016	1	NAPA	c10
0.37806566088172	0.151305098794597	0.012	0.011	1	ILF3	c10
0.357646832549765	0.151236660724876	0.012	0.011	1	CSNK1A1	c10
0.558173513814876	-0.15113647308457	0.343	0.336	1	CD69	c10
0.12137483428649	-0.151045459928631	0.024	0.027	1	ARF4	c10
0.260674185830176	-0.150418873345617	0.009	0.011	1	TMPO	c10
0.00450289405950598	0.150280486534863	0.086	0.077	1	COX7A2	c10
0.0097138991425795	0.150268920727911	0.068	0.061	1	CD3G	c10
0.178435720215583	-0.1500300116686	0.013	0.015	1	TWF2	c10
0.192682198264592	-0.149939968725867	0.047	0.05	1	GPR183	c10
0.40504400013344	0.149932395548738	0.01	0.009	1	PCM1	c10
0.0709487317671477	-0.149855342601025	0.033	0.037	1	COX5A	c10
0.238316221911337	-0.149654015581246	0.015	0.017	1	RNF166	c10
0.291895581929754	-0.149338750172045	0.012	0.013	1	SH3GLB1	c10
0.237156823905597	0.149169354450605	0.018	0.016	1	RBBP4	c10
0.148471432013878	0.148980192521367	0.029	0.026	1	SNHG1	c10
0.28152297912433	-0.148472693907268	0.009	0.01	1	CELF1	c10
0.091859944573526	0.147982851331354	0.035	0.031	1	BUB3	c10
0.422858297219539	0.147694913628618	0.013	0.012	1	TMEM14C	c10
0.262188459184883	-0.147621596578066	0.014	0.015	1	TRA2A	c10
0.000852747324747008	0.147532884063774	0.012	0.009	1	CCL20	c10
0.4743453509718	0.146827194026646	0.01	0.009	1	C18orf32	c10
0.21173031949822	0.146283530756204	0.024	0.022	1	MGST3	c10
0.207679029265523	0.14609113158713	0.02	0.018	1	OSTC	c10
0.41967620371629	0.145790288078399	0.01	0.009	1	CDKN1B	c10
0.156224037443015	-0.145629036346135	0.023	0.025	1	BIN2	c10
0.0630940463779869	-0.14489158555826	0.058	0.063	1	RPL22L1	c10
0.398050337805006	0.144518182325501	0.011	0.01	1	FIBP	c10
0.111140654285086	0.144446659688014	0.03	0.027	1	C4orf48	c10
0.335882197910872	-0.144389239332225	0.009	0.011	1	PSMD13	c10
0.00305263745612261	0.144275777275412	0.088	0.079	1	GPX4	c10
0.148626777567541	-0.143730101173089	0.047	0.05	1	DUSP4	c10
0.240737849749349	-0.143190386078015	0.016	0.017	1	DDX6	c10
0.321447726694834	0.142918173798346	0.014	0.013	1	SP140	c10
0.332917064342907	-0.142907896530268	0.01	0.011	1	SCAMP2	c10
0.00192570198611354	-0.142869587973049	0.115	0.127	1	ARPC1B	c10
0.187589951834056	-0.142542862641112	0.02	0.022	1	NDUFS6	c10
0.403554699454003	0.141165202694595	0.012	0.011	1	COPZ1	c10
0.414510112936304	0.141097738173977	0.01	0.01	1	RSF1	c10
0.164413659429377	0.140581209140723	0.027	0.024	1	PRPF38B	c10
0.169236491017881	0.139846468561743	0.025	0.023	1	SNRPD3	c10
0.0270145000433096	0.138909228754227	0.058	0.053	1	CD247	c10
0.18314791786326	-0.138880662903789	0.027	0.03	1	BLOC1S1	c10
0.1234471758893	-0.138720293374456	0.03	0.034	1	GNB2	c10
0.0729111137699267	0.138337469290517	0.04	0.036	1	CD164	c10
0.289286655476698	-0.138140543567181	0.013	0.014	1	YWHAH	c10
0.0893180994822059	0.137978084097759	0.04	0.036	1	PTGER4	c10
0.0314982210594595	-0.137775093908482	0.064	0.07	1	RPS17	c10
0.344503103332187	0.137760934986185	0.01	0.009	1	RGS16	c10
0.355402603351258	0.137607383281406	0.015	0.014	1	SEMA4D	c10
0.353326510201194	0.137195298970973	0.014	0.012	1	NDUFV1	c10
0.377571473503539	-0.136744734895939	0.009	0.01	1	SAP30BP	c10
0.0938634324045912	-0.136450025335836	0.032	0.036	1	PARP8	c10
0.0853505995827234	0.136318193780132	0.044	0.04	1	CALM3	c10
0.31257816470156	0.136173460356116	0.016	0.014	1	NCOR1	c10
0.403484834299526	0.135714921467033	0.013	0.012	1	GABPB1-AS1	c10
0.250695730089885	0.135598757769488	0.018	0.017	1	UFM1	c10
0.389201043715841	0.134935953682006	0.014	0.013	1	STARD7	c10
0.515762571659743	-0.134569023281329	0.117	0.118	1	ALOX5AP	c10
0.383823384544841	-0.134410083649033	0.009	0.01	1	TGFBR2	c10
0.0370803935426094	0.134245770510246	0.061	0.056	1	HNRNPA0	c10
0.144071429414462	-0.134207232267048	0.023	0.026	1	BHLHE40	c10
0.217172535486391	0.134149371837314	0.022	0.02	1	SIVA1	c10
0.129807902097027	0.133961325038183	0.032	0.029	1	DYNLT1	c10
0.362744919509157	-0.133823284043308	0.011	0.012	1	KDELR2	c10
0.120866489394433	0.133099955811265	0.037	0.034	1	ANXA6	c10
0.496010459642729	0.133038039102255	0.011	0.01	1	PTRHD1	c10
0.417938270618482	0.133024814105661	0.013	0.012	1	RTF1	c10
0.0241999241036465	0.132893977586859	0.077	0.071	1	NDUFA13	c10
0.259300618665768	0.13271548113019	0.019	0.018	1	PAPOLA	c10
0.243157430479636	0.132634533310768	0.02	0.018	1	RAD21	c10
0.315658172020064	0.132425747171548	0.018	0.017	1	VDAC1	c10
0.18341679102082	0.132249227528493	0.031	0.028	1	JTB	c10
0.48526359123784	0.132175532418961	0.011	0.011	1	LRPAP1	c10
0.377278525182119	-0.131318911191836	0.01	0.011	1	WNK1	c10
0.307541493149986	0.130771722790938	0.017	0.016	1	DDX18	c10
0.393953507863249	0.130457269321836	0.014	0.013	1	OSBPL8	c10
0.446399831000439	0.130103300017871	0.011	0.01	1	MRPL53	c10
0.253786229295437	0.129339767297806	0.021	0.019	1	RAD23A	c10
0.180547062020394	-0.129326141508856	0.025	0.027	1	DEK	c10
0.179102459544204	-0.129284072456675	0.03	0.033	1	SPCS2	c10
0.330629685426789	-0.129219427375931	0.015	0.016	1	NKTR	c10
0.310835721839393	-0.129107369040336	0.012	0.013	1	ACADVL	c10
0.364834316524957	0.1287721123462	0.014	0.013	1	KIF5B	c10
0.255132182383955	0.128585022294514	0.022	0.02	1	SEP15	c10
0.344653794428856	0.127825126695807	0.016	0.015	1	STUB1	c10
0.198115933756799	-0.127658590095948	0.025	0.027	1	TOB1	c10
0.426068324259698	0.127608879218689	0.014	0.013	1	LBR	c10
0.371315582833505	-0.127557204709353	0.01	0.011	1	RHEB	c10
0.268843113009945	0.127308660330073	0.02	0.018	1	PFDN2	c10
0.426101315831486	0.127194495466249	0.011	0.01	1	ZNF292	c10
0.23727690842174	0.125670652805161	0.022	0.02	1	KTN1	c10
0.380435411311876	-0.125550209197796	0.01	0.011	1	SORL1	c10
0.354997843930156	0.125274403449869	0.016	0.015	1	OCIAD1	c10
0.336613081747999	-0.125259881413994	0.013	0.015	1	MYCBP2	c10
0.00129829152228885	-0.125219165743454	0.176	0.19	1	LAPTM5	c10
0.182522610625914	-0.125188157282587	0.032	0.035	1	SNHG5	c10
0.340541126879802	0.125078999165752	0.019	0.018	1	VDAC2	c10
0.0704016593308969	-0.12481376260855	0.052	0.057	1	STK17A	c10
0.367804913540183	-0.124705855308734	0.011	0.012	1	GGNBP2	c10
0.12960391319192	0.124668098379133	0.038	0.035	1	JAK1	c10
0.214693379946137	0.124272340096697	0.024	0.022	1	CD82	c10
0.306984591234337	-0.123550892698117	0.015	0.017	1	PRKACB	c10
0.27761236045983	-0.123409145196953	0.017	0.019	1	RAB7A	c10
0.227818631600675	0.123166758042628	0.025	0.023	1	UBXN4	c10
0.213937433938968	0.122774292050889	0.031	0.029	1	IFI16	c10
7.41241322852328e-05	0.122621833009329	0.188	0.171	1	RPS11	c10
0.349450399032473	0.121960236932208	0.015	0.014	1	RASGRP2	c10
0.108156500334123	0.121572080058571	0.041	0.038	1	SNRPG	c10
0.240435366764878	0.119951862135023	0.029	0.027	1	DYNLRB1	c10
0.0182471756644603	-0.119907946415694	0.07	0.077	1	GUK1	c10
0.317548942885066	0.119829548015333	0.021	0.02	1	SSBP1	c10
0.477104353314689	0.119729773123983	0.013	0.012	1	THEMIS	c10
0.118401438354749	-0.119573530291336	0.039	0.043	1	HNRNPC	c10
0.00375079000075707	0.119292918102744	0.09	0.081	1	ISG20	c10
0.000776915050408474	-0.118932170574256	0.186	0.201	1	DDX5	c10
0.0119664186279923	0.118735212066976	0.101	0.093	1	COX6B1	c10
0.282984764373959	0.118623641289652	0.024	0.022	1	ATP5A1	c10
0.312479196122224	0.117864447965345	0.019	0.018	1	MIEN1	c10
0.048639589478649	0.117699342704054	0.056	0.051	1	CCNH	c10
0.39088897203622	0.117480683429489	0.018	0.016	1	AP2M1	c10
0.261321032746242	-0.117144665504157	0.022	0.024	1	PRKCH	c10
0.193108503398936	0.117123817588165	0.03	0.028	1	TBCB	c10
0.301455901385674	0.116799470680125	0.021	0.02	1	SF3B6	c10
0.404490930959607	0.116799470680125	0.014	0.013	1	RBMX	c10
0.00235605682789382	0.116077702808722	0.118	0.107	1	SLC2A3	c10
0.503625070227502	0.115931724313411	0.012	0.011	1	CPNE1	c10
0.240147231255731	-0.115894822109136	0.025	0.027	1	SAMHD1	c10
0.262091822895488	0.11586114660191	0.025	0.023	1	SELT	c10
0.364788696547901	0.115559327819901	0.015	0.014	1	IRF3	c10
0.242783510436542	0.115145885715051	0.028	0.026	1	CSK	c10
0.284463850247824	0.115023648425878	0.023	0.021	1	TUFM	c10
0.358736447634646	0.114796347356006	0.017	0.015	1	ANKRD10	c10
0.401250267809533	-0.114363160284054	0.011	0.012	1	PPP1R12A	c10
0.0112202336445969	0.113909726728199	0.12	0.111	1	MYL12B	c10
0.27799991181566	-0.11359118562517	0.023	0.025	1	TAP1	c10
0.15359923944324	0.11330828723869	0.033	0.03	1	SNHG12	c10
0.470781215122182	0.113074712935021	0.012	0.012	1	PLEKHJ1	c10
0.330374645734104	0.113004394165193	0.022	0.02	1	MRPL20	c10
0.206464456434819	0.112835926223023	0.035	0.033	1	UQCRHL	c10
0.439215090424171	-0.112790872285743	0.009	0.01	1	ADAR	c10
0.23413696839273	0.111762196969587	0.036	0.033	1	SHFM1	c10
0.490761629565845	0.111613598401432	0.012	0.011	1	TCP1	c10
0.107053183763562	-0.111495998091123	0.055	0.059	1	PSMA7	c10
0.0174717437293476	-0.111292823503035	0.127	0.136	1	PNRC1	c10
0.398347571767834	0.111251139529368	0.014	0.013	1	ILF3-AS1	c10
0.592062704823556	0.110791105506775	0.011	0.01	1	CARHSP1	c10
0.34646547415605	-0.110611025422948	0.009	0.01	1	SKIL	c10
0.0763064132780481	-0.109104580229373	0.144	0.15	1	TAGLN2	c10
0.27327924493205	0.108824739199656	0.016	0.014	1	HIST1H1D	c10
0.498768163387767	0.10855316668357	0.012	0.012	1	ZBTB38	c10
0.499964716708064	0.10846103762189	0.012	0.011	1	PSMD7	c10
0.316060723267465	0.108098619723635	0.022	0.02	1	SNRNP70	c10
0.514057218553606	0.107986526561628	0.012	0.011	1	SMARCA5	c10
0.327270898371923	0.107367727204704	0.025	0.023	1	WAS	c10
0.335232837562829	-0.10734395506201	0.019	0.021	1	CAPZA1	c10
0.32162630502926	-0.107216810308017	0.018	0.019	1	ARHGAP4	c10
0.417392946992562	0.10710981991434	0.016	0.015	1	NONO	c10
0.293124145156535	-0.10684965151711	0.027	0.028	1	NDUFA6	c10
0.171158596807384	0.106089385685745	0.04	0.037	1	SF3B5	c10
0.398886072858656	0.106041803731758	0.014	0.013	1	HLA-J	c10
0.518002699267709	0.105956839859854	0.012	0.011	1	ZRANB2	c10
0.25417699839354	0.105842585989874	0.028	0.026	1	TMED10	c10
0.545358250747419	-0.10551187076528	0.009	0.01	1	LMAN1	c10
0.434453751742345	0.105471505268842	0.019	0.017	1	ANP32A	c10
0.201107923162214	0.105112379573375	0.033	0.031	1	CACYBP	c10
0.416492878457969	-0.105047416313446	0.01	0.011	1	DNAJC4	c10
0.0964578196960141	-0.104994971765911	0.078	0.083	1	SRSF5	c10
0.334266440778018	0.104989905882056	0.027	0.026	1	PDE4B	c10
0.401531797161832	-0.104964462281805	0.015	0.016	1	HNRNPM	c10
0.351901374259034	-0.104819149138599	0.019	0.02	1	STOM	c10
0.404713048360062	-0.104080871832082	0.015	0.016	1	NDUFA12	c10
0.167529672813217	0.103966486159749	0.043	0.04	1	CDC37	c10
0.152530656047571	-0.101997895118239	0.048	0.052	1	KMT2E-AS1	c10
0.395566717231267	0.101900845093247	0.022	0.021	1	ENSA	c10
0.336413792899389	0.101644095507014	0.024	0.022	1	UBE2N	c10
0.32801056321398	0.101155539073672	0.025	0.023	1	PSMD8	c10
0.33937857422191	0.101117714482728	0.027	0.025	1	ATP5F1	c10
0.623588488884053	-0.100447201311725	0.813	0.765	1	ACTB	c10
0.134649023578028	0.100342545111562	0.061	0.057	1	NDUFA1	c10
