p_val	avg_log2FC	pct.1	pct.2	p_val_adj	gene	seurat_clusters
0	-6.6405548716488	0.002	0.086	0	CCL3	c1
0	-6.55146971483211	0.008	0.207	0	GNLY	c1
0	-6.04233842680416	0.019	0.309	0	CCL4	c1
0	-5.87481463629407	0.003	0.119	0	CCL4L1	c1
0	-5.36043560528414	0.005	0.168	0	GZMH	c1
0	-5.31388516738166	0.007	0.181	0	GZMB	c1
0	-4.9886589474469	0.023	0.371	0	NKG7	c1
0	-4.90726661317639	0.004	0.107	0	KLRD1	c1
0	-3.77004296977447	0.009	0.109	0	PRF1	c1
0	-3.28247944813242	0.035	0.249	0	GZMA	c1
0	-2.96624649550644	0.044	0.288	0	CST7	c1
0	-2.84957327906218	0.13	0.539	0	CCL5	c1
0	-2.71231507640625	0.03	0.175	0	CTSW	c1
0	-2.65459165994457	0.031	0.179	0	CD8A	c1
0	-2.01958967685608	0.038	0.147	0	CD8B	c1
0	-1.75397866567177	0.113	0.298	0	CD74	c1
0	-1.35072620370394	0.122	0.287	0	HCST	c1
0	1.11289203144895	0.498	0.256	0	IL7R	c1
0	1.0162654140444	0.356	0.172	0	LTB	c1
0	0.94755170979647	0.203	0.106	0	LDHB	c1
0	-0.901888701302684	0.191	0.331	0	CFL1	c1
0	-0.849813304414627	0.316	0.468	0	PFN1	c1
0	-0.806379929627646	0.292	0.443	0	SH3BGRL3	c1
0	0.760309070730826	0.6	0.372	0	RPL9	c1
0	0.756527490797267	0.526	0.319	0	RPL22	c1
0	0.744109913272959	0.321	0.191	0	EEF1G	c1
0	0.72537137637069	0.841	0.583	0	RPS8	c1
0	0.723184072030946	0.813	0.546	0	RPS13	c1
0	-0.715326141398209	0.537	0.677	0	HLA-A	c1
0	0.710520340299561	0.968	0.78	0	RPL32	c1
0	0.706110882860046	0.371	0.228	0	RPL4	c1
0	-0.702339864264745	0.692	0.78	0	ACTB	c1
0	0.700540768885048	0.873	0.622	0	RPS3A	c1
0	0.697960048225119	0.462	0.283	0	EEF1B2	c1
0	-0.691740509026655	0.623	0.757	0	HLA-C	c1
0	0.683656802979764	0.849	0.599	0	RPL36	c1
0	0.682373695703132	0.959	0.755	0	RPL11	c1
0	0.678572931214899	0.693	0.463	0	RPLP0	c1
0	0.675740146491377	0.7	0.458	0	RPL5	c1
0	0.672071517557314	0.937	0.736	0	RPL34	c1
0	0.671129827406202	0.792	0.599	0	TPT1	c1
0	0.663004791049594	0.396	0.263	0	SARAF	c1
0	0.657857205205911	0.662	0.43	0	RPS5	c1
0	0.645410495455428	0.722	0.492	0	RPS6	c1
0	-0.63260834110071	0.696	0.78	0	COX1	c1
0	0.623959143825555	0.978	0.832	0	RPL13	c1
0	0.623678360424388	0.762	0.535	0	RPL8	c1
0	0.622233730024006	0.806	0.587	0	RPL37	c1
0	0.610145938944948	0.769	0.538	0	RPL18	c1
0	0.606573149326047	0.495	0.328	0	RPL10A	c1
0	0.601436087823687	0.985	0.85	0	RPS12	c1
0	0.597991617662532	0.912	0.7	0	RPL18A	c1
0	0.597626082841688	0.969	0.864	0	EEF1A1	c1
0	0.595077323796574	0.778	0.553	0	RPL3	c1
0	0.591007743318718	0.796	0.568	0	RPL29	c1
0	0.590095622188435	0.97	0.818	0	RPL30	c1
0	0.589626572262944	0.795	0.575	0	RPS25	c1
0	0.588304309800504	0.968	0.827	0	RPL39	c1
0	0.583118308597705	0.813	0.596	0	RPL35A	c1
0	0.580884586395124	0.98	0.888	0	RPLP1	c1
0	0.574237092812803	0.936	0.75	0	RPL19	c1
0	0.573936010612794	0.701	0.52	0	JUNB	c1
0	0.573343966233961	0.843	0.622	0	RPL12	c1
0	0.564682937614237	0.734	0.528	0	RPL14	c1
0	0.564579532547094	0.905	0.714	0	RPS4X	c1
0	0.56197773433561	0.918	0.738	0	RPS27A	c1
0	0.553155432834695	0.471	0.328	0	RPS16	c1
0	0.548838103525589	0.497	0.345	0	RPSA	c1
0	0.545607835544978	0.869	0.665	0	RPS23	c1
0	0.545523521389266	0.906	0.728	0	RPS18	c1
0	0.539021591044926	0.497	0.35	0	GNB2L1	c1
0	0.531429207490342	0.571	0.402	0	RPS9	c1
0	0.530004284626614	0.872	0.668	0	RPS21	c1
0	0.520091709013145	0.558	0.4	0	RPL24	c1
0	0.518225532554572	0.99	0.895	0	RPL10	c1
0	0.501262151456013	0.837	0.656	0	RPS14	c1
0	0.485449460076319	0.652	0.481	0	RPLP2	c1
0	0.474407577061261	0.93	0.77	0	RPS3	c1
0	0.444183048064658	0.673	0.516	0	RPL6	c1
0	0.431770835954174	0.922	0.779	0	RPS19	c1
0	0.431102230894552	0.978	0.873	0	RPL28	c1
0	0.4254489260816	0.863	0.695	0	RPS15	c1
0	0.421017874589598	0.722	0.568	0	RPS29	c1
0	0.418684260598572	0.97	0.849	0	RPS15A	c1
0	0.403964723174125	0.767	0.606	0	RPS7	c1
0	0.377680907044388	0.998	0.955	0	RPL41	c1
0	0.368839990040398	0.749	0.603	0	FAU	c1
0	0.365346091566533	0.995	0.932	0	RPS27	c1
0	0.343188982964995	0.793	0.651	0	RPL26	c1
0	-0.27841265643833	0.98	0.963	0	B2M	c1
1.19397158050036e-289	-2.86412508967958	0.017	0.101	2.47940138406705e-285	IFNG	c1
2.97827631662621e-284	0.570519238319213	0.423	0.292	6.184688599106e-280	RPL21	c1
4.79649103513061e-283	0.343995090788902	0.725	0.582	9.96039328355222e-279	RPL7A	c1
5.6453152764475e-281	0.356959948313876	0.605	0.461	1.17230617030709e-276	FOS	c1
1.04277486728051e-278	-4.1273469818383	0.008	0.082	2.16542628939471e-274	XCL2	c1
1.9073737631504e-278	-1.15318873686839	0.132	0.25	3.96085235655811e-274	CD7	c1
2.36822830040156e-273	-3.56555673029869	0.013	0.09	4.91786288861388e-269	XCL1	c1
1.62000494494517e-270	0.731672413716809	0.292	0.182	3.36410226867313e-266	PABPC1	c1
1.75760043478137e-258	-1.06242969505435	0.434	0.546	3.649833062867e-254	RNR1	c1
6.66312595391391e-255	-1.69545912129195	0.055	0.148	1.38366473558976e-250	GZMK	c1
7.93299891621215e-247	0.457807336918671	0.49	0.361	1.64736655494061e-242	NACA	c1
3.03347913247521e-246	-6.54281234777271	0.001	0.063	6.29932276649802e-242	CCL4L2	c1
2.25115423862068e-229	-4.34006873814615	0.004	0.064	4.67474689191969e-225	TYROBP	c1
6.07716923472988e-224	-2.31131212560053	0.019	0.088	1.26198496328401e-219	HOPX	c1
6.77038518185562e-221	0.394617614538395	0.549	0.424	1.40593818686414e-216	RPL35	c1
9.15715168805737e-216	0.534331527561131	0.366	0.255	1.90157411954199e-211	RPL38	c1
2.33677885778994e-209	-0.9066861657063	0.151	0.254	4.8525549760866e-205	HLA-H	c1
1.99928634773961e-207	-0.392899476900051	0.778	0.829	4.15171802971607e-203	COX2	c1
1.47945660737668e-206	0.479560477847172	0.427	0.314	3.07223959087841e-202	EEF1D	c1
1.90736737448746e-206	-5.17492370840574	0.002	0.054	3.96083908986065e-202	KLRC2	c1
4.04639366819428e-206	-0.806133727850809	0.154	0.259	8.40274109137225e-202	MYL6	c1
1.89723879828566e-204	-3.04818411156539	0.009	0.067	3.93980608852e-200	ZNF683	c1
5.7317229655726e-201	-1.52287666108765	0.048	0.125	1.19024959103081e-196	LOC101929531	c1
2.43923780090309e-199	-0.929182815344528	0.11	0.205	5.06532121735535e-195	CD99	c1
5.79745654658456e-199	0.623220977779272	0.275	0.181	1.20389982646375e-194	EEF2	c1
1.08221170633087e-198	0.470084629402486	0.534	0.419	2.24732082936669e-194	FTH1	c1
2.45125936270455e-198	-1.51561860335731	0.05	0.127	5.09028519259228e-194	LGALS1	c1
1.20883327934792e-189	-1.0326658858364	0.086	0.173	2.51026318789388e-185	CLIC1	c1
4.05943669264846e-189	0.367872350686372	0.536	0.419	8.4298262359538e-185	RPL23A	c1
1.48085300016053e-188	-5.67600804544402	0.001	0.049	3.07513934013336e-184	FGFBP2	c1
9.20037832382891e-188	-2.6267678142096	0.013	0.069	1.91055056272631e-183	LOC101060038	c1
1.32922244208827e-184	-0.782401900557228	0.271	0.37	2.76026332324051e-180	GAPDH	c1
3.67414305947395e-183	-0.677607848732551	0.76	0.807	7.62972547730361e-179	RNR2	c1
3.75823309822897e-177	-1.65143580635056	0.03	0.094	7.80434685178229e-173	GZMM	c1
2.31710172404552e-175	0.278116175789009	0.594	0.48	4.81169344015293e-171	JUN	c1
4.9501706788239e-175	-1.1140293161483	0.069	0.146	1.02795244316457e-170	ARPC2	c1
6.70508846530788e-175	0.306926497944938	0.575	0.452	1.39237867070583e-170	FXYD5	c1
4.61286938722622e-174	-0.914288523063324	0.101	0.187	9.57908456951398e-170	CYBA	c1
1.04723430474691e-172	0.430844167819208	0.411	0.306	2.17468675723743e-168	RPS2	c1
1.00665861036005e-170	-0.665031284967588	0.281	0.378	2.09042727027368e-166	ND4	c1
2.58690344877249e-170	0.342347686405834	0.538	0.427	5.37196370172095e-166	RPL15	c1
4.80805513693133e-168	1.41401462314937	0.055	0.021	9.98440729735159e-164	CCR7	c1
1.26701539990396e-159	0.496721826355418	0.32	0.228	2.63108417944055e-155	RPL36A	c1
1.39606684810921e-154	-1.10345955320737	0.074	0.147	2.89907241678359e-150	ALOX5AP	c1
2.4207417384998e-152	-0.569640474230615	0.322	0.415	5.02691229416868e-148	IL32	c1
5.30736914094253e-152	-0.249305907779484	0.883	0.892	1.10212827580813e-147	TMSB4X	c1
1.32547786898099e-151	0.45931361255107	0.353	0.26	2.75248734272592e-147	PFDN5	c1
4.93855901452896e-149	-1.03190936733283	0.069	0.139	1.02554116495708e-144	LSP1	c1
7.36298739865441e-149	-5.19636866272365	0.001	0.039	1.52899796320457e-144	KLRC3	c1
7.42641175873355e-149	0.424699118696983	0.377	0.282	1.54216866581861e-144	UBA52	c1
1.9116261348333e-144	1.536539070701	0.04	0.014	3.96968283159482e-140	PASK	c1
6.84253929051481e-142	-2.99411134575175	0.006	0.047	1.4209217090683e-137	HLA-DRB4	c1
3.29041817882696e-141	0.996477367522042	0.088	0.044	6.83288239015207e-137	SELL	c1
1.78353591240224e-140	-1.47557534793205	0.089	0.16	3.70369067569449e-136	MT2A	c1
4.74487605452853e-138	-2.89146037183056	0.007	0.047	9.85320961483395e-134	LAG3	c1
2.56068205917584e-137	-1.8480661330279	0.019	0.066	5.31751236408454e-133	CTSC	c1
1.18690288655894e-134	-0.518616408278512	0.341	0.425	2.4647225342283e-130	ACTG1	c1
1.63248997259672e-134	1.46453976403556	0.041	0.015	3.39002867709435e-130	LEF1	c1
2.3377922832947e-134	-1.75051260694708	0.021	0.07	4.85465945548977e-130	CTSD	c1
2.13988234986876e-132	-0.713728551618075	0.135	0.213	4.44367968773746e-128	CORO1A	c1
3.18360766564946e-132	-0.587649374453892	0.197	0.281	6.61107967848767e-128	PTPRCAP	c1
3.24112774641838e-132	-2.96159309592946	0.006	0.044	6.7305258782124e-128	LOC100996809	c1
1.43320914597183e-131	-1.2750114552677	0.041	0.097	2.97620211252511e-127	ITGB2	c1
2.09202039750366e-129	-2.49564037065757	0.009	0.049	4.3442895574561e-125	CMC1	c1
3.08916499930708e-129	-2.25707364026966	0.011	0.052	6.41496003756108e-125	CD63	c1
5.18617332681244e-129	-1.58074006880274	0.025	0.074	1.07696075304587e-124	LITAF	c1
6.72348705206175e-129	0.799469313111022	0.119	0.068	1.39619932123114e-124	GLTSCR2	c1
1.18614176674671e-121	0.951895653600738	0.088	0.047	2.46314199282622e-117	SOCS3	c1
7.24927421913892e-121	-0.420938782151443	0.548	0.611	1.50538428434639e-116	ATP6	c1
8.41879312080202e-120	-2.26745176078514	0.01	0.048	1.74824657946575e-115	APOBEC3G	c1
4.26117338295744e-119	0.351585586407432	0.408	0.32	8.84875264704943e-115	RPL37A	c1
1.21786089136019e-118	-0.638541056628993	0.178	0.255	2.52900992699857e-114	IFITM2	c1
5.3906345814383e-116	0.531284250016013	0.215	0.148	1.11941917718148e-111	LRRC75A-AS1	c1
1.23414850022614e-115	-0.671094687265157	0.13	0.202	2.5628327755696e-111	RAC2	c1
7.79717394616829e-115	1.0767070038903	0.059	0.027	1.61916114166131e-110	CD40LG	c1
1.83794835125164e-114	0.468373917412929	0.272	0.198	3.81668354620915e-110	TOMM7	c1
1.1750018261912e-113	-0.999338112262969	0.057	0.114	2.44000879226864e-109	PSMB9	c1
4.57879362339456e-113	-2.80546607375861	0.006	0.039	9.50832283834114e-109	KLRK1	c1
4.62386990509111e-112	-0.528604100309085	0.225	0.303	9.6019282449122e-108	MYL12A	c1
8.91471719553806e-112	-4.9155150098932	0.001	0.03	1.85123017282543e-107	FCER1G	c1
1.65634249661851e-110	1.37511235998156	0.038	0.014	3.439560828478e-106	MAL	c1
2.53565230079204e-107	0.934102090676989	0.076	0.04	5.26553556782476e-103	NOSIP	c1
1.73831039575323e-106	-1.83481227848461	0.015	0.052	3.60977536782115e-102	C12orf75	c1
8.30046161179706e-105	0.527764521483311	0.25	0.183	1.72367385830578e-100	DDIT4	c1
1.4040579796584e-104	0.636308704617278	0.164	0.109	2.91566680055863e-100	SLC2A3	c1
1.42952313082844e-103	1.44608027857291	0.033	0.012	2.96854773347834e-99	CCR6	c1
4.84765987183746e-103	-1.13811181115397	0.041	0.089	1.00666504898577e-98	CLEC2B	c1
1.14556846868515e-102	-1.39611789983416	0.026	0.068	2.37888748207157e-98	GSTP1	c1
6.53556316285302e-101	1.20702109276338	0.044	0.019	1.35717504639806e-96	AQP3	c1
3.96696815553278e-100	-2.74614740015521	0.006	0.036	8.23780607177938e-96	CLIC3	c1
1.13941296797384e-99	-4.30247699019805	0.003	0.03	2.36610496929448e-95	CST3	c1
4.1424616380396e-99	-2.23950504328528	0.009	0.041	8.60223583755303e-95	ITM2C	c1
1.03238049236661e-98	-3.04786015373488	0.004	0.033	2.14384133044849e-94	KLRC1	c1
4.26760385564232e-98	0.348472922014296	0.357	0.28	8.86210616662685e-94	RPL27	c1
7.17144500529479e-96	-0.686800311044811	0.206	0.272	1.48922226979952e-91	DUSP2	c1
1.9658305699551e-95	-0.722012997616714	0.094	0.153	4.08224376156875e-91	IL2RG	c1
3.25162750785852e-93	-1.05006407883265	0.044	0.09	6.75232968281901e-89	LCP1	c1
1.40636911226916e-90	-2.40091203549349	0.08	0.13	2.92046609853814e-86	RN7SK	c1
4.05525553691729e-89	0.18902483946237	0.701	0.623	8.42114364796244e-85	RPS24	c1
8.08412698942181e-89	0.719645893771461	0.102	0.062	1.67874981062333e-84	EIF3E	c1
8.42483000599164e-89	0.394072192618132	0.274	0.208	1.74950019904422e-84	TNFAIP3	c1
6.05287796704694e-88	-3.12777484849387	0.003	0.028	1.25694063863697e-83	KLRC4	c1
8.4691998747973e-88	0.977288964387131	0.057	0.029	1.75871404600041e-83	TMEM123	c1
3.62196553282536e-87	-0.688300045974725	0.092	0.147	7.52137362546514e-83	RHOA	c1
2.49285861840986e-86	0.386271400402826	0.307	0.24	5.17667020698992e-82	NFKBIA	c1
2.49737190806051e-86	0.440208839020156	0.232	0.171	5.18604250427846e-82	HINT1	c1
2.79031207466792e-86	0.534194279794973	0.168	0.117	5.7943620542554e-82	RPL7	c1
3.14987703475878e-86	1.9383143419639	0.016	0.004	6.54103465038008e-82	LOC102724246	c1
6.04923132797231e-86	0.538140899307852	0.162	0.111	1.25618337756673e-81	LEPROTL1	c1
1.48587234311189e-85	0.457231065706697	0.209	0.152	3.08556250770616e-81	RPL13A	c1
1.81345548799234e-85	0.417564544715883	0.309	0.244	3.7658216663649e-81	TXNIP	c1
7.13292392363803e-85	-1.26183937642598	0.028	0.066	1.48122298198267e-80	DUSP4	c1
1.28957638534985e-84	-0.546759532289375	0.203	0.268	2.6779343218175e-80	S100A6	c1
1.86874503389489e-84	0.662401683573479	0.12	0.078	3.88063593738613e-80	FYB	c1
7.07630851660714e-83	0.611236058507151	0.126	0.082	1.46946622655864e-78	SNHG6	c1
1.58764033338759e-82	0.219975887582612	0.445	0.367	3.29689391631268e-78	DNAJB1	c1
2.05976405139892e-82	0.21181767597093	0.472	0.391	4.27730602913499e-78	TSC22D3	c1
2.5782281220985e-82	-1.9272999780661	0.01	0.039	5.35394851834975e-78	KLRG1	c1
2.33627954375987e-81	0.843927812571383	0.07	0.039	4.85151810057174e-77	FLT3LG	c1
1.43560013643958e-79	-4.66159850022322	0.001	0.022	2.98116724333042e-75	SPON2	c1
5.02433081356506e-79	-0.420411355808656	0.435	0.497	1.04335253674492e-74	ND4L	c1
1.20257993711706e-78	-1.00599145298804	0.042	0.082	2.49727749741729e-74	CALR	c1
1.68681546500367e-78	-0.375258928923379	0.22	0.288	3.50284099462663e-74	SRGN	c1
3.2734134384857e-78	-1.06002260881345	0.036	0.074	6.79757034635941e-74	LINC00152	c1
1.09080117572187e-77	-0.488933077023677	0.183	0.244	2.26515772150404e-73	CD3D	c1
9.31548258729977e-76	-0.821255747216505	0.067	0.113	1.93445311407867e-71	COTL1	c1
4.81976710375323e-75	0.71685903988151	0.087	0.053	1.0008728367654e-70	GAS5	c1
5.416776319967e-75	-0.423739652214985	0.462	0.515	1.12484777060435e-70	ATP8	c1
3.78843798865579e-74	-0.93510047397945	0.047	0.087	7.86707032724261e-70	CKLF	c1
1.39163561165707e-73	0.874772547383048	0.058	0.032	2.88987051116706e-69	BIRC3	c1
3.25786685371896e-73	-0.828655071319987	0.06	0.103	6.76528630843279e-69	LY6E	c1
6.58219789996144e-73	-1.24918328892636	0.029	0.063	1.36685921590599e-68	RHOB	c1
1.00088170970057e-71	0.411063451758624	0.21	0.157	2.0784309583642e-67	NPM1	c1
2.4495855745523e-71	-6.05320750411179	0	0.018	5.08680940411531e-67	FCGR3A	c1
1.53381948973756e-69	-0.706558774285901	0.07	0.114	3.18512955238901e-65	ARPC3	c1
2.9399631883468e-69	-0.560752091339839	0.165	0.22	6.10512755692097e-65	ND5	c1
2.35654947578356e-68	-0.715996205447988	0.069	0.113	4.89361064141214e-64	SUB1	c1
2.66142865565218e-68	0.506694936933063	0.144	0.101	5.52672274632731e-64	SNHG8	c1
6.49199502862881e-68	-0.360617167937856	0.24	0.303	1.34812768764506e-63	SERF2	c1
7.01047335520726e-68	-0.965544925713759	0.037	0.072	1.45579489694234e-63	PSME2	c1
1.07913281629242e-67	0.388154369861653	0.221	0.169	2.24092720631285e-63	BTG2	c1
1.98494016162144e-67	-2.04370533180271	0.009	0.033	4.12192673962309e-63	HLA-DQB1	c1
2.62146592443755e-67	-2.52531482121405	0.004	0.025	5.44373613868701e-63	PTMS	c1
3.23534093094679e-66	0.472091130279979	0.165	0.119	6.7185089772041e-62	RPL17	c1
3.7556408736514e-66	-3.7586801326512	0.003	0.023	7.79896383822449e-62	LYZ	c1
5.32103766046628e-66	-1.20123701043489	0.025	0.055	1.10496668057243e-61	CD97	c1
6.40352066018251e-66	1.46951818933778	0.02	0.007	1.3297551002935e-61	FXYD1	c1
8.53682953507851e-66	-2.72081840202028	0.003	0.023	1.7727580212544e-61	AOAH	c1
1.63992062942118e-65	0.766375246880372	0.067	0.04	3.40545917905603e-61	PIK3IP1	c1
4.5504958561012e-65	-1.73041651644985	0.01	0.034	9.44955969477975e-61	IL2RB	c1
1.59526693979473e-64	-3.74706520999517	0.001	0.019	3.31273132717773e-60	GPR56	c1
1.60806644397719e-64	-0.476133057760368	0.152	0.205	3.33931077756303e-60	PTPRC	c1
2.42874655571552e-63	0.382664249988715	0.223	0.171	5.04353509759885e-59	RPL31	c1
7.01745374951965e-63	0.399516496848622	0.202	0.153	1.45724444562525e-58	KLRB1	c1
1.68105948243176e-62	-3.87779659548552	0.001	0.018	3.49088812121779e-58	PLEK	c1
2.11220350522678e-62	-0.583710651901343	0.154	0.205	4.38620179895392e-58	RGS1	c1
3.69672699148514e-62	-0.987422314540616	0.033	0.064	7.67662327051805e-58	RAP1B	c1
6.22189605655225e-62	-5.88133255515265	0	0.016	1.29203893510364e-57	CCL3L1	c1
1.94246484131823e-61	-0.807365136886226	0.054	0.092	4.03372248948144e-57	TPI1	c1
2.03240961116205e-61	-1.07026538233754	0.027	0.057	4.2205017985391e-57	DBI	c1
8.37492821394374e-61	1.24599443194626	0.026	0.011	1.73913759290756e-56	SESN1	c1
1.0573351936512e-60	-6.53674351182279	0	0.015	2.19566226313609e-56	KLRF1	c1
2.14472324771743e-60	-0.996238120421522	0.031	0.062	4.45373229621002e-56	PPP1CA	c1
7.81990362645119e-60	-1.88113488091074	0.008	0.029	1.62388118706885e-55	LYST	c1
1.40317913315504e-59	-1.29331960297307	0.018	0.044	2.91384178790976e-55	CAP1	c1
4.65807425595248e-59	1.38890821065179	0.02	0.008	9.67295699991091e-55	SESN3	c1
6.81688054073628e-59	0.398427372528866	0.203	0.156	1.4155934130893e-54	COMMD6	c1
9.32904767459965e-59	-0.385426625669757	0.213	0.269	1.93727004010736e-54	PPIA	c1
1.28432561819952e-58	-1.37805422758156	0.015	0.04	2.66703057875312e-54	RUNX3	c1
3.97025244157915e-58	1.09664344225695	0.031	0.014	8.24462622018326e-54	TCF7	c1
5.91707487154204e-57	-3.63154126636704	0.001	0.017	1.22873976782442e-52	ZEB2	c1
1.65281762237982e-56	-2.31056200087323	0.004	0.022	3.43224107463393e-52	ABI3	c1
1.74113234977791e-56	-2.03394750676939	0.007	0.026	3.6156354375488e-52	TNFSF9	c1
1.28680694196974e-55	-2.38766563743054	0.004	0.022	2.67218329569436e-51	HLA-DRB1	c1
4.36701979826707e-55	0.768553087759822	0.055	0.032	9.0685533130814e-51	RNASET2	c1
1.25106714142393e-54	0.748660654404984	0.059	0.035	2.59796602588092e-50	ARHGAP15	c1
3.10772022583846e-54	-1.12169728208624	0.022	0.048	6.45349182097614e-50	SLC9A3R1	c1
6.62079760560777e-54	-0.589205800030591	0.104	0.146	1.37487483078051e-49	IFITM3	c1
9.07810450306238e-54	-0.581042628990677	0.082	0.121	1.88515918110593e-49	PPIB	c1
2.23280544182149e-53	-1.55488801332864	0.011	0.031	4.6366437804865e-49	PTPN22	c1
4.92751992800762e-53	-1.87914117006267	0.007	0.025	1.02324878825006e-48	APMAP	c1
3.59354867235306e-52	-0.601905664514438	0.076	0.114	7.46236317300836e-48	ARPC1B	c1
3.82333078053705e-52	-0.958579586592097	0.03	0.058	7.93952869886324e-48	SH2D2A	c1
4.83429862344936e-52	-1.75146064147897	0.008	0.027	1.00389045214549e-47	MATK	c1
9.77004805121126e-52	-0.371209098429356	0.467	0.511	2.02884817831453e-47	COX3	c1
9.84729168409162e-52	-1.18260234906339	0.019	0.043	2.04488859111847e-47	SYTL3	c1
1.3885539025512e-51	0.177220951757849	0.553	0.493	2.88347103403783e-47	EIF1	c1
1.65907493811765e-51	-0.33072008799987	0.238	0.291	3.4452350164951e-47	ATP5E	c1
1.79239545078148e-51	0.375341073480646	0.195	0.151	3.72208839309283e-47	C12orf57	c1
1.87069510401685e-51	1.01131617290681	0.031	0.015	3.88468545300139e-47	CH25H	c1
2.23300226332472e-51	-0.648633974681097	0.06	0.095	4.63705250002011e-47	GUK1	c1
2.57119706087549e-51	-0.708352597778364	0.052	0.085	5.33934781661404e-47	TPM3	c1
2.83473398222201e-51	-2.04595878495698	0.005	0.023	5.88660858748223e-47	HLA-DMA	c1
3.79206986839265e-51	-1.14248158340077	0.021	0.045	7.87461228870418e-47	PGAM1	c1
4.77633482130544e-51	0.420061005102065	0.152	0.114	9.91853688992287e-47	ZFAS1	c1
5.35600711425186e-51	1.30194561671892	0.019	0.008	1.11222843734554e-46	TESPA1	c1
5.99975467511405e-51	-1.7399923576876	0.008	0.027	1.24590905583418e-46	CXCR6	c1
1.22728010907833e-50	0.3292493781909	0.234	0.187	2.54856987451205e-46	COX7C	c1
4.64533468227053e-50	-0.470794427672372	0.126	0.169	9.64650200120298e-46	CD2	c1
1.31832096631199e-49	-1.05555955523926	0.023	0.048	2.73762531864347e-45	RNF213	c1
1.69011474381354e-49	-0.511511509190762	0.095	0.134	3.5096922770032e-45	MYL12B	c1
2.02142209404438e-49	-3.13809017229717	0.003	0.018	4.19768512049255e-45	IFI30	c1
3.12011480483003e-49	-2.75847759916204	0.006	0.022	6.47923040371004e-45	STMN1	c1
4.29753546124454e-49	-1.12734289462994	0.02	0.043	8.92426213882042e-45	ANXA2	c1
8.13521972447562e-49	-0.485799203887902	0.108	0.149	1.68935972798461e-44	RARRES3	c1
2.19502679678094e-48	1.20410310981971	0.021	0.009	4.5581926461953e-44	TNFSF8	c1
5.62648083713457e-48	1.12999666041719	0.024	0.011	1.16839501063936e-43	LPAR6	c1
6.06844069645024e-48	0.206316629374397	0.475	0.419	1.26017239502486e-43	ZFP36	c1
3.86143900138828e-47	-0.444054084416724	0.12	0.161	8.0186642302829e-43	PSME1	c1
9.34733280146149e-47	0.533690281675259	0.093	0.064	1.94106712955149e-42	KLF2	c1
1.07868923251731e-46	-2.01843676817134	0.005	0.021	2.24000606024545e-42	CHST12	c1
1.66539256902049e-46	-0.869224585583509	0.031	0.057	3.45835420882796e-42	GNG2	c1
1.21914639541567e-45	-0.78045157800284	0.038	0.065	2.53167940472019e-41	ID2	c1
3.41824055382959e-45	0.194621199767811	0.434	0.378	7.09831833408252e-41	BTG1	c1
5.5604151754383e-45	-0.626166399608127	0.059	0.091	1.15467581533152e-40	C9orf142	c1
6.13529106943117e-45	-2.08513576296894	0.005	0.019	1.27405454347808e-40	LOC100996919	c1
6.73433360994901e-45	-0.873287778517704	0.03	0.055	1.39845171744201e-40	SEPT7	c1
2.83345869126986e-44	-1.75464541105636	0.007	0.023	5.88396031829099e-40	SAMD3	c1
3.66071376462425e-44	0.140000930898742	0.435	0.379	7.60183820361872e-40	DUSP1	c1
3.93152279321837e-44	0.296365831344717	0.248	0.203	8.16420023239727e-40	BTF3	c1
1.57457024298468e-43	-5.32472006386989	0	0.011	3.26975256658199e-39	LOC102724850	c1
2.88176927827782e-43	-1.20089463926509	0.015	0.035	5.98428208327171e-39	CBLB	c1
3.33731797427463e-43	0.977298532494418	0.028	0.014	6.9302745053787e-39	DGKA	c1
5.36835830602037e-43	-0.88649606918293	0.035	0.06	1.11479328582819e-38	PKM	c1
6.48571726155461e-43	-1.29232388574245	0.014	0.033	1.34682404653443e-38	TNFRSF1B	c1
1.14269912029769e-42	-2.30707990473416	0.003	0.017	2.37292899321019e-38	SLA2	c1
1.14270178066402e-42	0.602342680152533	0.069	0.045	2.3729345177269e-38	CDKN1A	c1
2.05185017887532e-42	-0.49804088329868	0.115	0.153	4.26087208145249e-38	HMGB1	c1
2.36765568440315e-42	0.833373285390898	0.037	0.021	4.91667379423159e-38	IL6ST	c1
2.37418355791597e-42	-1.10410406246458	0.017	0.038	4.9302295763683e-38	ARPC5L	c1
4.06190116871527e-41	-1.38963886460995	0.013	0.031	8.43494396695413e-37	PSAP	c1
4.92547552772913e-41	0.26652501834545	0.275	0.23	1.02282424808823e-36	HNRNPA1	c1
3.64055698174124e-40	-0.923257033234335	0.024	0.046	7.55998062828386e-36	PVRIG	c1
4.81709070612755e-40	-0.944088957494454	0.023	0.044	1.00031705603445e-35	MSN	c1
8.05797874855995e-40	-0.726716089924309	0.039	0.065	1.67331986692596e-35	PARK7	c1
1.25428414619691e-39	-0.955149046486516	0.023	0.044	2.60464645799251e-35	FLNA	c1
1.34048693712243e-39	-3.26774444553212	0.001	0.012	2.78365517362843e-35	HLA-DRB5	c1
2.12385727350576e-39	-1.72604323364743	0.006	0.02	4.41040201416206e-35	RAB27A	c1
2.59993175604678e-39	-0.430835827318939	0.201	0.241	5.39901828460674e-35	ND2	c1
3.03509542487695e-39	0.259228682283057	0.278	0.234	6.30267915929947e-35	RPL36AL	c1
4.1671061141923e-39	-0.673886913454389	0.054	0.082	8.65341255673174e-35	CLDND1	c1
6.07324793482795e-39	-3.9648722848812	0.001	0.011	1.26117066614637e-34	CRTAM	c1
6.77094303809531e-39	-3.30035824927411	0.003	0.015	1.40605403129087e-34	S100A9	c1
1.171103516587e-38	-0.77465171076646	0.04	0.065	2.43191356254457e-34	ATF3	c1
2.27755401921795e-38	-0.795791598063062	0.034	0.058	4.72956867630799e-34	ENO1	c1
3.65228894166592e-38	-3.29130562322122	0.001	0.012	7.58434321626345e-34	MS4A6A	c1
4.2454038730325e-38	-0.881353841532552	0.025	0.047	8.8160056827393e-34	PSMB10	c1
4.29354278001585e-38	1.46266156029964	0.011	0.004	8.91597093698091e-34	FAAH2	c1
7.43406449414852e-38	-4.90088944613304	0	0.01	1.54375783285488e-33	KIR2DL4	c1
1.04523356853588e-37	-0.31605326494864	0.36	0.399	2.17053202842161e-33	S100A4	c1
2.28255766975882e-37	-0.555187952763085	0.061	0.09	4.73995925702116e-33	LCK	c1
3.3962731910592e-37	-0.924887436202378	0.023	0.043	7.05270090855354e-33	BST2	c1
8.11019199223531e-37	-0.914265133766791	0.023	0.043	1.68416246910758e-32	ZYX	c1
1.5198056462036e-36	-0.853453637440889	0.025	0.046	3.15602840490639e-32	PPP1R18	c1
1.67751364241039e-36	-2.4969552259994	0.003	0.014	3.48352482982942e-32	AIF1	c1
1.96824093839312e-36	-0.986481051982412	0.019	0.038	4.08724913266715e-32	CDK2AP2	c1
2.00882019971425e-36	-1.53241332959664	0.007	0.022	4.1715160267266e-32	GABARAPL1	c1
2.02499104169847e-36	-1.69186691091374	0.006	0.019	4.20509639719105e-32	TRG-AS1	c1
2.47545291119421e-36	-3.21445237291475	0.003	0.014	5.14052551538589e-32	S100A8	c1
2.88785296256352e-36	-1.83826823129888	0.005	0.018	5.99691546205941e-32	PELO	c1
3.67421533949982e-36	1.27689978080487	0.014	0.006	7.62987557400532e-32	FBLN7	c1
4.65658683027898e-36	-4.78004728417445	0	0.01	9.66986821175733e-32	CXCL8	c1
9.92372450763644e-36	0.535834696015885	0.062	0.041	2.06076063125578e-31	GPR183	c1
1.52286013798828e-35	1.31968412847735	0.013	0.005	3.16237136254646e-31	FXYD7	c1
2.21846927790716e-35	0.306433653794736	0.187	0.151	4.60687330250201e-31	RPS11	c1
3.02615352042475e-35	-2.71512789664002	0.002	0.012	6.28411040051405e-31	PTGDR	c1
3.03180952135129e-35	-1.19359733354168	0.013	0.029	6.29585565203809e-31	GLUL	c1
3.96185875395305e-35	-1.04383282904471	0.017	0.035	8.2271958884589e-31	MIR4435-1HG	c1
5.59533980885609e-35	-0.577814856586592	0.055	0.081	1.16192826470706e-30	CD3G	c1
8.62705529272451e-35	-3.6763955021513	0.001	0.01	1.79149430208717e-30	HAVCR2	c1
9.49399293975183e-35	-1.55179802067424	0.007	0.021	1.97152257386887e-30	ACP5	c1
1.86429213567535e-34	-1.18849716676226	0.012	0.028	3.87138904894343e-30	ANXA5	c1
2.17731838679154e-34	-1.79054445087035	0.005	0.017	4.5214193620113e-30	TPST2	c1
2.84996140779225e-34	-3.27318976322981	0.001	0.01	5.91822985942138e-30	HLA-DRB3	c1
3.34422118841873e-34	0.473873660385527	0.084	0.06	6.94460971987034e-30	RPS14P3	c1
3.36727673063906e-34	0.595531829958718	0.056	0.037	6.99248685884507e-30	EIF3L	c1
4.55316744391832e-34	-2.25653905577426	0.003	0.014	9.45510751404078e-30	STARD3NL	c1
6.43504936400071e-34	-0.811437180973655	0.027	0.047	1.33630235092839e-29	PDIA3	c1
6.73057715952465e-34	-0.52078962724372	0.068	0.096	1.39767165294689e-29	CALM2	c1
8.23413642567012e-34	-0.57690554644112	0.052	0.077	1.70990077015466e-29	CAPZB	c1
1.20184402465243e-33	-0.945967047735894	0.04	0.062	2.49574930159323e-29	GPX1	c1
1.29738593311382e-33	-0.457430395401291	0.246	0.284	2.69415162870416e-29	CRIP1	c1
1.89559556037179e-33	-0.720842637794345	0.033	0.054	3.93639374066807e-29	GNG5	c1
2.51983576466323e-33	-1.43118845158269	0.009	0.023	5.23269094889966e-29	LOC101928173	c1
3.2670419816715e-33	0.688999716912022	0.043	0.027	6.78433937913904e-29	PRKCQ-AS1	c1
4.99996729857095e-33	-1.14554806058	0.013	0.029	1.03829320922124e-28	ANKRD28	c1
3.42250954755954e-32	-3.50670050390452	0.001	0.01	7.10718332646215e-28	VCAN	c1
4.38051093512316e-32	-0.382209729458489	0.237	0.275	9.09656900787675e-28	ND1	c1
5.36617318655154e-32	-0.361956644880382	0.122	0.156	1.11433952391929e-27	YWHAZ	c1
6.31675247728473e-32	-2.43806153694583	0.002	0.012	1.31173681943295e-27	TARP	c1
6.63087584326585e-32	-0.478263369409791	0.07	0.098	1.37696767761259e-27	TCEB2	c1
8.38448553575525e-32	-1.14914849928644	0.019	0.036	1.74112226635494e-27	TNFRSF18	c1
9.50376600378315e-32	-0.284095072947555	0.271	0.312	1.97355204834561e-27	UBC	c1
1.02109381878782e-31	-0.802860772247676	0.026	0.045	2.12040342409478e-27	FKBP1A	c1
1.86030502669974e-31	-0.658481251547488	0.042	0.065	3.86310941844467e-27	HERPUD1	c1
2.00104128072522e-31	0.487999461609123	0.076	0.055	4.15536232355399e-27	RPSAP58	c1
2.02055664163152e-31	-2.87007070869219	0.001	0.01	4.19588792201202e-27	EOMES	c1
2.16677994040748e-31	0.924818499479681	0.022	0.012	4.49953522425017e-27	TNFRSF25	c1
2.54310112776974e-31	0.3780716047307	0.123	0.096	5.28100380192664e-27	GSTK1	c1
3.43489817857669e-31	-1.25151021691611	0.011	0.024	7.13290955763235e-27	FABP5	c1
3.84124984456295e-31	-0.371388046043794	0.115	0.148	7.97673942721943e-27	SRP14	c1
4.7204580044359e-31	-0.668476760184166	0.036	0.058	9.8025030920116e-27	DRAP1	c1
5.21634414308497e-31	1.34585730469582	0.011	0.004	1.08322602475302e-26	CYSLTR1	c1
5.69148902487597e-31	-0.600604654863029	0.047	0.071	1.18189461090574e-26	CD247	c1
2.06807477592426e-30	-1.57055733825562	0.006	0.017	4.29456407968433e-26	ACTN4	c1
2.86189702090604e-30	-0.37582877183057	0.115	0.147	5.94301535361347e-26	EVL	c1
3.41620782988488e-30	-0.515322654267141	0.067	0.093	7.09409717953893e-26	MCL1	c1
3.5097354218094e-30	-0.937544690912919	0.024	0.042	7.28831657692939e-26	ISG15	c1
4.21731952145822e-30	-0.28872898325387	0.217	0.255	8.75768571826013e-26	UBB	c1
4.86227710826427e-30	-0.902482536651625	0.019	0.035	1.00970046430216e-25	SH2D1A	c1
8.30227501457245e-30	-0.271931999913458	0.203	0.241	1.72405042952611e-25	PPDPF	c1
8.6872050806483e-30	-0.917515440647453	0.018	0.034	1.80398500704743e-25	ITGAE	c1
9.90973087872668e-30	-1.59113289777838	0.007	0.018	2.05785471427638e-25	CTSS	c1
1.35524126375551e-29	0.990451965299079	0.018	0.009	2.8142940083147e-25	THEM4	c1
1.69825893536402e-29	0.414544009356967	0.099	0.075	3.52660450517693e-25	RPL21P28	c1
3.00067837941655e-29	-1.03675161969413	0.02	0.037	6.23120872269641e-25	MTRNR2L2	c1
3.01603466124023e-29	0.26603376206863	0.204	0.17	6.26309757753145e-25	RPL27A	c1
3.19081564822823e-29	0.508470907909654	0.064	0.045	6.62604777511075e-25	SMDT1	c1
3.5640643203928e-29	-0.584680946561416	0.044	0.065	7.40113596772769e-25	PSMA7	c1
4.48523652985394e-29	-0.300190137971905	0.175	0.211	9.3140421778947e-25	CALM1	c1
5.99604370271191e-29	-0.625974590492502	0.039	0.06	1.24513843530516e-24	RABAC1	c1
9.42924438826272e-29	-0.574381399920375	0.046	0.068	1.95807688966664e-24	PSMB8	c1
1.33470164060399e-28	-0.886946877971553	0.018	0.034	2.77164142687824e-24	IQGAP1	c1
1.69530197361072e-28	-0.388864461114552	0.093	0.121	3.52046407840002e-24	UBL5	c1
2.75231208395882e-28	0.63900454973856	0.041	0.026	5.71545127354888e-24	TNFAIP8	c1
3.26554090059722e-28	-0.721111068370629	0.028	0.046	6.78122223418019e-24	LYAR	c1
4.94204185334685e-28	-2.08487528540799	0.006	0.016	1.02626441126601e-23	MT1E	c1
5.22900421416209e-28	-1.14091234918667	0.012	0.025	1.0858550151129e-23	SPRY1	c1
6.46015486412263e-28	-1.51409684899562	0.006	0.017	1.3415157590837e-23	AGTRAP	c1
9.09007764440131e-28	-1.10261280056022	0.011	0.025	1.88764552363638e-23	PYHIN1	c1
1.07549294804081e-27	-0.991402406762584	0.014	0.029	2.23336865590156e-23	PTPN6	c1
1.36112137326016e-27	-0.562321397340784	0.045	0.066	2.82650464371204e-23	CD53	c1
1.61879915620035e-27	-0.519158423635337	0.059	0.082	3.36159832776564e-23	UCP2	c1
2.07603654142996e-27	-0.37235851727581	0.104	0.133	4.31109748193346e-23	HNRNPA2B1	c1
2.5942992584307e-27	0.392535821532232	0.099	0.075	5.38732184005719e-23	RPS18P9	c1
2.89111554651748e-27	-1.17319397325309	0.01	0.022	6.00369054389819e-23	RASSF1	c1
4.8205356422143e-27	0.77205989771144	0.027	0.016	1.00103243146222e-22	LOH12CR1	c1
5.28342507206176e-27	1.20595064975671	0.017	0.008	1.09715605046435e-22	NMB	c1
6.21190444233032e-27	0.758303935537474	0.028	0.016	1.28996407649431e-22	TRADD	c1
8.57598721690385e-27	-1.99288666105079	0.003	0.011	1.78088950546225e-22	OASL	c1
1.24937617348092e-26	-0.553575227044437	0.05	0.071	2.59445456185047e-22	PGK1	c1
1.87580907216328e-26	-0.561759261170739	0.047	0.068	3.89530511925427e-22	SAMSN1	c1
2.68275268910399e-26	0.160980059569577	0.356	0.315	5.57100423419335e-22	ZFP36L2	c1
3.0163359125948e-26	-1.11932428390404	0.01	0.023	6.26372315609436e-22	IDH2	c1
3.39418037810526e-26	-1.06523472511717	0.011	0.024	7.04835497317338e-22	GLIPR2	c1
3.5629795920299e-26	-2.01960025666908	0.003	0.011	7.39888342080929e-22	ENTPD1	c1
4.23330188347472e-26	0.486992725360284	0.063	0.045	8.79087469122361e-22	EIF4B	c1
4.24998832498744e-26	0.949454899569104	0.014	0.007	8.82552575566891e-22	IL2	c1
8.03344696139892e-26	-0.677378317333426	0.032	0.05	1.6682255960041e-21	HSPA5	c1
1.04518926935572e-25	-0.577901991682308	0.04	0.059	2.1704400367441e-21	ACTR3	c1
1.32279167864512e-25	-0.625405639409425	0.044	0.064	2.74690919987446e-21	RGS2	c1
1.75662159770161e-25	-0.738374601310609	0.024	0.04	3.64780040978716e-21	WDR1	c1
2.00428840089654e-25	-0.82822436758565	0.019	0.034	4.16210529330175e-21	ARHGAP9	c1
2.80093164135151e-25	-1.78830930798084	0.004	0.012	5.81641464643055e-21	TBX21	c1
4.36204774997009e-25	0.50393366786085	0.055	0.039	9.0582283575879e-21	OCIAD2	c1
9.28936324004196e-25	-0.335574753685429	0.04	0.059	1.92902917042711e-20	CXCL13	c1
1.00381469236651e-24	0.612252447569529	0.039	0.026	2.08452159016829e-20	TTC39C	c1
1.41769468828876e-24	0.298560594068155	0.137	0.111	2.94398478970045e-20	EIF3K	c1
1.79591076026625e-24	-0.62847930191898	0.032	0.049	3.72938828476889e-20	DYNLL1	c1
2.08945485350615e-24	-1.18560549021397	0.009	0.02	4.33896194879087e-20	MAP3K8	c1
3.23053396418834e-24	0.381762464233174	0.087	0.067	6.70852683003351e-20	SERP1	c1
3.89125138818181e-24	-0.965457754638662	0.014	0.027	8.08057263269834e-20	TYMP	c1
4.14703423589642e-24	-0.867275815297635	0.046	0.065	8.6117312942625e-20	TUBA1B	c1
4.78304016000422e-24	-1.29294064808234	0.008	0.018	9.93246119626477e-20	NAMPT	c1
4.93771043594755e-24	-0.242798048604999	0.665	0.672	1.02536494912887e-19	ND3	c1
7.64648091178756e-24	-0.526648382646622	0.044	0.063	1.5878682261418e-19	TBC1D10C	c1
8.22511706567203e-24	0.368323067615376	0.095	0.074	1.70802780985745e-19	EIF3F	c1
8.66999844260783e-24	0.626433546595825	0.036	0.023	1.80041187659194e-19	CCDC109B	c1
9.00588156032475e-24	-0.448536199646138	0.058	0.08	1.87016136481704e-19	COX8A	c1
1.4184290018379e-23	-0.730504038787208	0.027	0.043	2.94550966521659e-19	TXN	c1
1.53729238372124e-23	-1.09130096509263	0.012	0.024	3.19234136403553e-19	IFI6	c1
1.64246054953243e-23	0.913023422666164	0.017	0.009	3.41073357715904e-19	TIFA	c1
2.29951956926281e-23	-1.04902608606463	0.01	0.022	4.77518233753116e-19	AMICA1	c1
3.08363200271831e-23	-0.552516192677949	0.039	0.057	6.40347021684485e-19	ATP5G3	c1
3.32079629130575e-23	-0.457822543368725	0.054	0.074	6.89596557852551e-19	POLR2L	c1
3.79371778502405e-23	-0.793172923571396	0.019	0.033	7.87803435238094e-19	CXCR3	c1
5.7726473231411e-23	-1.2510505403021	0.009	0.02	1.19874794312348e-18	MIR155HG	c1
1.24030797810757e-22	0.152557676210312	0.28	0.245	2.57562354733817e-18	IER2	c1
2.08400292677986e-22	-0.78161701027752	0.018	0.032	4.32764047775105e-18	PTP4A2	c1
2.24339189824524e-22	-1.34179357722883	0.006	0.015	4.65862761589608e-18	GYG1	c1
8.4793359440605e-22	0.447965777046932	0.06	0.044	1.7608189021436e-17	ANP32B	c1
1.05662242567972e-21	-0.794794245299379	0.017	0.03	2.19418212916651e-17	FAM49B	c1
1.18244559907762e-21	0.788904051529795	0.021	0.012	2.45546653104459e-17	INPP4B	c1
1.47326608620562e-21	-1.36285519275666	0.006	0.014	3.0593843546146e-17	PLEKHF1	c1
1.63948443202e-21	0.595324631548712	0.034	0.023	3.40455337153273e-17	DNAJB9	c1
1.65121713883816e-21	-0.686933445857837	0.023	0.037	3.42891751051133e-17	ARPC5	c1
1.87835722370976e-21	-0.806696480758324	0.017	0.03	3.90059661075569e-17	PDCD1	c1
2.05183761918638e-21	0.428311139899948	0.065	0.048	4.26084600000244e-17	PPP1R2	c1
2.27502518422727e-21	-0.500810737539585	0.043	0.061	4.72431729756635e-17	CDC42	c1
2.28536204179642e-21	-0.339736653902751	0.1	0.124	4.74578281599445e-17	EMP3	c1
2.54836258449527e-21	1.04738604111137	0.012	0.006	5.29192974296287e-17	BEX2	c1
4.12559915617578e-21	0.475892680720795	0.054	0.039	8.56721920771462e-17	ITK	c1
4.58526108536804e-21	-1.03783891608173	0.01	0.021	9.52175316987527e-17	PTTG1	c1
6.83904116644227e-21	-0.44733450529995	0.052	0.07	1.4201952886234e-16	STK17A	c1
7.74220675711389e-21	-0.701949328732888	0.022	0.035	1.60774665518227e-16	PRDX5	c1
8.10718861641796e-21	-0.327517611849243	0.09	0.113	1.68353878808535e-16	SUMO2	c1
8.48585031973747e-21	-0.738753626832678	0.033	0.049	1.76217167739668e-16	HMGB2	c1
1.03078938710504e-20	0.588242187955838	0.034	0.023	2.14053724126232e-16	CAMK4	c1
1.06059721903886e-20	-0.885106876009226	0.013	0.025	2.2024361850561e-16	PDIA6	c1
1.79578091203493e-20	-1.2892213826485	0.006	0.014	3.72911864193174e-16	SYNE1	c1
2.04613416481595e-20	-0.632879649254864	0.026	0.041	4.24900220665681e-16	TMEM50A	c1
2.34591435791324e-20	-0.736911608925507	0.019	0.031	4.87152575564263e-16	PRKCH	c1
2.35066259949118e-20	0.423543553211518	0.061	0.045	4.88138595410339e-16	CORO1B	c1
2.46582123402721e-20	-1.08801980584956	0.011	0.021	5.12052437458091e-16	NPC2	c1
2.52827909055168e-20	0.675539623835048	0.026	0.016	5.25022435943963e-16	ICAM2	c1
2.79554787118474e-20	-0.373054386790119	0.072	0.094	5.80523470930223e-16	COX6A1	c1
3.44915089120975e-20	-0.75108868804472	0.018	0.031	7.16250674068618e-16	C5orf56	c1
3.52727961724593e-20	-1.67443131527079	0.003	0.01	7.32474885317291e-16	LAIR2	c1
3.90504367543444e-20	0.922839161454653	0.014	0.008	8.10921369640715e-16	C1orf228	c1
4.07147861030606e-20	-0.311805076947953	0.101	0.125	8.45483248216156e-16	CHCHD2	c1
4.80133241925024e-20	-0.410238948719956	0.06	0.079	9.97044690181504e-16	NDUFA13	c1
5.82601460686709e-20	-0.745590008450888	0.018	0.031	1.20983019326202e-15	TAP1	c1
6.09261565034344e-20	-0.819617464010953	0.015	0.026	1.26519256595032e-15	SASH3	c1
6.32232970272128e-20	-0.700838804972206	0.022	0.035	1.3128949860671e-15	GBP5	c1
9.27244986523906e-20	0.605758611239068	0.031	0.02	1.92551693901554e-15	EIF2S3	c1
9.42506236854876e-20	-0.789026833313902	0.016	0.027	1.95720845145284e-15	TPM4	c1
1.08328833982537e-19	-0.517370782969929	0.037	0.053	2.24955656648136e-15	ARF6	c1
1.13834860762872e-19	-0.737796046815447	0.018	0.03	2.36389471860179e-15	IFI27L2	c1
1.35529187899315e-19	0.546949927063609	0.037	0.025	2.81439911591717e-15	RORA	c1
1.69632369876516e-19	-0.602003549765235	0.028	0.042	3.52258579285574e-15	RHOC	c1
1.71285314211009e-19	-0.72917159419572	0.018	0.031	3.55691083490582e-15	REEP5	c1
1.98354345685793e-19	0.407505287808041	0.064	0.048	4.11902634251118e-15	EIF3H	c1
2.10330092802278e-19	-0.76344592092924	0.019	0.031	4.36771470713211e-15	SYNGR2	c1
2.78863196541993e-19	-0.374225248808818	0.073	0.093	5.79087313939103e-15	GABARAP	c1
4.7539086074093e-19	0.182346455514903	0.202	0.175	9.87196661414616e-15	PPP1R15A	c1
5.12059563991307e-19	-0.98170667457339	0.01	0.019	1.06334289058435e-14	ITGAL	c1
6.81304498067493e-19	-0.659136465739944	0.022	0.035	1.41479692068696e-14	UBE2L6	c1
7.16701046745126e-19	-0.679040517273113	0.021	0.033	1.48830139367093e-14	POMP	c1
7.25672328964468e-19	-0.200949319762397	0.24	0.27	1.50693115832761e-14	ARHGDIB	c1
8.58090588345874e-19	1.00577730974264	0.011	0.005	1.78191091575904e-14	LOC101059954	c1
9.11397363009346e-19	-0.71170533920318	0.018	0.03	1.89260776402521e-14	RBPJ	c1
9.3079009157721e-19	-0.598411973104405	0.029	0.043	1.93287870416923e-14	HSP90B1	c1
1.09308816389694e-18	-0.673448218100968	0.02	0.033	2.26990688114838e-14	DHRS7	c1
1.23216813247289e-18	-0.67686277180426	0.025	0.038	2.55872034389321e-14	ARL6IP1	c1
1.31394381151823e-18	-0.867018582508489	0.014	0.025	2.72853571899876e-14	PLAC8	c1
1.38948389139346e-18	-0.506286471747599	0.036	0.051	2.88540224886765e-14	TRAPPC1	c1
1.41931111768773e-18	-0.448914498390935	0.047	0.064	2.94734146699035e-14	TMBIM6	c1
1.52924396059161e-18	-0.704680280128668	0.019	0.031	3.17562800856455e-14	BSG	c1
2.03175302669596e-18	0.507522771370508	0.036	0.025	4.21913833523683e-14	UGP2	c1
2.1416130627204e-18	-0.825634928280288	0.014	0.024	4.44727368604519e-14	AKNA	c1
2.76774762219615e-18	-1.18240224063664	0.006	0.014	5.74750471225252e-14	PLA2G16	c1
3.11210739676409e-18	-0.515507028642781	0.034	0.049	6.46260222012031e-14	CALM3	c1
3.51476026281076e-18	-0.555918382581679	0.03	0.044	7.29875116175282e-14	ATP5B	c1
4.06284125334795e-18	0.274871423490412	0.125	0.104	8.43689614670235e-14	CCNI	c1
4.55265674671691e-18	0.307228542300184	0.089	0.07	9.45404700023234e-14	SPOCK2	c1
5.00715617952237e-18	-0.971453014400178	0.009	0.019	1.03978605223961e-13	PYCARD	c1
5.25007460581179e-18	0.438645592217883	0.051	0.037	1.09023049264288e-13	NDFIP1	c1
7.06994712354057e-18	-0.514689032776181	0.033	0.048	1.46814521967443e-13	LCP2	c1
7.66110020874438e-18	-0.851079567906256	0.031	0.045	1.59090406934786e-13	TUBB	c1
8.30416970297814e-18	0.731931007980227	0.019	0.012	1.72444388052044e-13	RTKN2	c1
8.62211715784801e-18	-0.698997397611724	0.019	0.03	1.79046884899872e-13	MBP	c1
1.43666113795882e-17	-0.496015560294127	0.036	0.051	2.9833705190853e-13	FYN	c1
1.76908477698552e-17	-0.872607195113893	0.011	0.021	3.67368144788813e-13	PTPN7	c1
1.97772963265083e-17	0.454272240300237	0.046	0.034	4.1069533551627e-13	TOMM20	c1
2.35634597897164e-17	-0.249724408266331	0.452	0.475	4.89318805993251e-13	CYTB	c1
3.22195822961938e-17	-0.623237373267003	0.023	0.035	6.69071845962761e-13	BLOC1S1	c1
3.30076273960947e-17	-0.810182229992011	0.014	0.024	6.85436390507303e-13	CCND2	c1
3.38740105596236e-17	0.623504290423714	0.025	0.016	7.03427703281144e-13	TMEM243	c1
3.86057172263266e-17	0.199478585512438	0.206	0.18	8.01686323921899e-13	COX4I1	c1
4.06057287494231e-17	-0.39516317449875	0.054	0.071	8.4321856321052e-13	USMG5	c1
4.31450128123709e-17	-0.550374452521885	0.028	0.041	8.95949336061693e-13	ANXA6	c1
6.18150770224611e-17	-0.429317744256367	0.043	0.058	1.28365188944843e-12	TIGIT	c1
6.93394689179444e-17	0.352250126763176	0.072	0.056	1.43990341155003e-12	NR3C1	c1
7.67249707980769e-17	-1.0208244023109	0.008	0.016	1.59327074359286e-12	MYO1G	c1
8.9745226999815e-17	-0.804992779076129	0.013	0.022	1.86364938387816e-12	IKZF3	c1
1.00190060649022e-16	-1.32776051818994	0.004	0.011	2.0805467994376e-12	MAPK1	c1
1.01716256863309e-16	0.384547676078532	0.061	0.046	2.11223979002347e-12	RPS20	c1
1.08985360241036e-16	0.514259969327627	0.035	0.024	2.26318999076536e-12	SNORA78	c1
1.26634425311594e-16	-0.715389633767168	0.017	0.027	2.62969047602057e-12	MRPS6	c1
1.34033353670855e-16	-1.36398494617453	0.004	0.011	2.78333662232898e-12	EFHD2	c1
1.47681501652601e-16	-0.443298185311981	0.04	0.055	3.0667540633179e-12	ATP5J2	c1
1.51924927617052e-16	0.802537562933437	0.015	0.009	3.15487304689571e-12	SATB1	c1
1.58398893176178e-16	-1.17614438262101	0.033	0.047	3.28931141569651e-12	MT1X	c1
1.98668901968752e-16	-0.67782405464043	0.017	0.028	4.1255584182831e-12	PSTPIP1	c1
2.09685586360413e-16	-0.401516488511425	0.052	0.069	4.35433088636034e-12	H3F3AP4	c1
2.31110574740965e-16	-1.25869993459618	0.005	0.011	4.79924219507087e-12	SLC7A5	c1
2.86270448940806e-16	-0.599557463800984	0.023	0.035	5.94469214270477e-12	SUN2	c1
3.68532205689122e-16	-0.640881215538366	0.021	0.033	7.6529397833403e-12	CAPG	c1
4.28194703167625e-16	-0.908467663432187	0.017	0.028	8.8918912059789e-12	IER3	c1
6.57931490066896e-16	0.201761626236089	0.182	0.158	1.36626053227292e-11	CIRBP	c1
9.06123403543326e-16	-1.27877786001914	0.006	0.013	1.88165585979807e-11	MTRNR2L8	c1
9.48942106755139e-16	-0.800260505063959	0.012	0.021	1.97057317888772e-11	NCR3	c1
1.11600837707706e-15	0.551989015744144	0.029	0.02	2.31750299583823e-11	FOXP1	c1
1.14798101265387e-15	-0.651177817237766	0.023	0.035	2.38389737087702e-11	CTLA4	c1
1.39438474467582e-15	0.984653056630774	0.01	0.005	2.89557936079381e-11	AP3M2	c1
1.62768048191312e-15	-0.444155294858509	0.041	0.055	3.38004128874079e-11	HLA-F	c1
1.78997940066849e-15	-0.469654783536538	0.036	0.049	3.71707122342818e-11	WIPF1	c1
1.82364131675849e-15	-0.996929449693854	0.007	0.015	3.78697355838069e-11	ITGB7	c1
2.04725553314184e-15	0.399537329355647	0.051	0.038	4.25133084012234e-11	NSA2	c1
2.18646975039734e-15	-0.550936959177491	0.025	0.037	4.54042308367511e-11	ARL4C	c1
2.2157887544913e-15	-0.523048272499085	0.03	0.043	4.60130692757664e-11	LGALS3	c1
2.30763629777846e-15	-0.479009883171549	0.033	0.047	4.79203753596676e-11	HCLS1	c1
2.46540639624945e-15	0.260082572588164	0.111	0.093	5.1196629224516e-11	SLC25A6	c1
3.26040100275533e-15	-0.543846301978598	0.026	0.038	6.77054872232171e-11	COX5A	c1
3.68773841868146e-15	-0.859052425478189	0.01	0.018	7.65795760023393e-11	SDF2L1	c1
4.54551693960524e-15	-1.39647590386051	0.004	0.01	9.43922047678423e-11	PPP1R14B	c1
4.70418788857139e-15	-0.759858769205243	0.014	0.023	9.76871656940736e-11	CISH	c1
7.65984770142863e-15	-0.452174228872016	0.036	0.049	1.59064397367867e-10	VAMP8	c1
8.17765550713938e-15	-0.405005738503815	0.046	0.06	1.69817194261256e-10	CD96	c1
9.01824912095009e-15	0.932109192437196	0.01	0.005	1.8727296124565e-10	TNFSF13B	c1
9.29739031019012e-15	0.430435821708153	0.043	0.032	1.93069607181408e-10	ST13	c1
1.08591192442251e-14	-0.586560647212995	0.022	0.032	2.25500470225579e-10	HMGN3	c1
1.53371266136544e-14	-0.861276108637843	0.01	0.018	3.18490771259148e-10	MACF1	c1
1.67472486663151e-14	-1.13280564942292	0.005	0.012	3.477733658047e-10	PTPN4	c1
2.21085057584707e-14	-0.394794942099867	0.049	0.064	4.59105230580403e-10	SLC25A5	c1
2.47737809709609e-14	-0.453936574186245	0.054	0.069	5.14452335642974e-10	PHLDA1	c1
3.0341942218915e-14	-0.442283316601263	0.046	0.06	6.30080772117989e-10	AHNAK	c1
3.11641720881896e-14	-0.293600147284423	0.08	0.098	6.47155197583346e-10	ATP5I	c1
3.12038541103666e-14	-0.577302508886431	0.021	0.032	6.47979234455873e-10	PSMB3	c1
3.6547544623655e-14	-0.63228186958705	0.018	0.028	7.5894631165482e-10	REL	c1
3.86799477100619e-14	0.784078714573564	0.013	0.007	8.03227794147145e-10	ZBTB10	c1
4.58242882075373e-14	-0.346774644755072	0.06	0.075	9.51587168917719e-10	SRSF2	c1
5.28486522101606e-14	-0.651990718781386	0.016	0.026	1.09745511179619e-09	RASAL3	c1
5.53750772941655e-14	0.451670906113647	0.036	0.026	1.14991885509064e-09	TMEM173	c1
6.49106182440227e-14	-0.660502167837379	0.016	0.025	1.34793389845538e-09	CFLAR	c1
6.72664511024092e-14	-0.495462687913224	0.077	0.094	1.39685512359263e-09	HMGN2	c1
6.74780100133127e-14	-0.537834671618327	0.024	0.035	1.40124835593645e-09	GPR65	c1
6.9573451289803e-14	-0.569103773841466	0.021	0.032	1.44476228948405e-09	RNF167	c1
9.18423416758544e-14	-0.473002631636821	0.03	0.042	1.90719806724079e-09	CARD16	c1
9.40916620638521e-14	-0.913969922994144	0.008	0.015	1.95390745441795e-09	TLN1	c1
9.42814217702765e-14	-0.353131121163113	0.057	0.072	1.95784800448156e-09	STK17B	c1
1.27698887382833e-13	-0.749433771688414	0.011	0.019	2.6517950953919e-09	BTN3A2	c1
1.45134036014955e-13	0.716699863510091	0.014	0.009	3.01385339188656e-09	ICA1	c1
1.47916148223263e-13	-0.444089961327075	0.034	0.047	3.07162673400428e-09	BRK1	c1
1.59230839217299e-13	-1.05433620230055	0.007	0.014	3.30658760718643e-09	MT1F	c1
1.69764158550096e-13	0.260563796576584	0.102	0.086	3.52532251645128e-09	GPSM3	c1
1.73009568320306e-13	-0.73006416694489	0.012	0.02	3.59271669573948e-09	TSEN54	c1
1.84040560393432e-13	-1.20500173401995	0.004	0.01	3.82178627713e-09	ATP8A1	c1
1.84633659386915e-13	-0.447226260070443	0.035	0.048	3.83410257082868e-09	HLA-G	c1
1.92544570659183e-13	-0.476899256801383	0.029	0.04	3.99838055430859e-09	COPE	c1
2.06291605979047e-13	-0.504629153884824	0.026	0.037	4.2838514897609e-09	SELPLG	c1
2.45650298686355e-13	-0.559591424488029	0.021	0.031	5.10117410252084e-09	BIN2	c1
2.72102480014868e-13	-0.29734507803123	0.071	0.087	5.65048009998875e-09	PCBP1	c1
2.7728282342138e-13	0.210126168034417	0.092	0.076	5.75805511116838e-09	BATF	c1
3.0687911413832e-13	-0.425302768561548	0.049	0.063	6.37265168419635e-09	ND6	c1
3.21973246616349e-13	-0.530364331468543	0.023	0.034	6.6860964392351e-09	SP100	c1
3.35298477006367e-13	0.170184041603876	0.216	0.193	6.96280817351422e-09	PCBP2	c1
3.6810009589015e-13	-1.0487466023286	0.006	0.013	7.64396659125486e-09	NR4A3	c1
3.85857724580958e-13	-0.467835353994427	0.029	0.041	8.01272150864817e-09	BUB3	c1
3.89269405595259e-13	-0.148789113324047	0.306	0.331	8.08356847659116e-09	CD3E	c1
4.19213235019788e-13	-0.301777972542386	0.092	0.11	8.70538203842092e-09	NR4A2	c1
4.60936570632586e-13	-0.561418641397964	0.02	0.03	9.57180882575627e-09	BZW1	c1
6.11490990236065e-13	-0.353665111416834	0.05	0.063	1.26982219032421e-08	NDUFA1	c1
6.42086110367074e-13	-0.431352136583278	0.114	0.132	1.33335601678827e-08	SAT1	c1
6.52991233914179e-13	-0.404972335381978	0.04	0.052	1.35600159634618e-08	MYH9	c1
6.55688072578908e-13	-0.576113390567239	0.021	0.03	1.36160185151736e-08	MAPRE2	c1
6.83279847552274e-13	-0.403268438925584	0.038	0.051	1.41889893142705e-08	ARHGDIA	c1
7.4086345208182e-13	-0.483517727129282	0.026	0.037	1.53847704459311e-08	PRELID1	c1
1.01684045281251e-12	-0.769778948720623	0.011	0.018	2.11157088431045e-08	C20orf24	c1
1.02308573777731e-12	-0.640869369477412	0.015	0.024	2.12453984306837e-08	MFSD10	c1
1.05552754459319e-12	-0.510619029658779	0.027	0.038	2.19190849910221e-08	MYADM	c1
1.11637086391924e-12	-0.425351896717177	0.034	0.046	2.3182557360147e-08	TAPBP	c1
1.12944542945053e-12	-0.936692192624829	0.007	0.013	2.34540637879696e-08	TBCD	c1
1.37022672424534e-12	0.753622629812679	0.012	0.007	2.84541281556787e-08	CHMP7	c1
1.63581358870158e-12	-0.637404314513632	0.015	0.024	3.3969304982977e-08	SUPT3H	c1
1.6811586245846e-12	0.345601525338568	0.054	0.043	3.49109399981238e-08	ICOS	c1
1.69970590417653e-12	-0.668666647106208	0.013	0.021	3.52960928061298e-08	HERPUD2	c1
1.76935099934612e-12	-0.533699493493159	0.022	0.031	3.67423428524215e-08	TERF2IP	c1
2.09227035108366e-12	-0.398628758786962	0.041	0.054	4.34480861106033e-08	PIK3R1	c1
2.21644206133243e-12	-0.448450024971949	0.03	0.041	4.60266358456293e-08	SNRPB	c1
2.29970042027787e-12	-0.382832651095559	0.041	0.054	4.77555789274902e-08	ROMO1	c1
2.51664219050685e-12	-1.13227468072204	0.005	0.01	5.22605917280652e-08	DUSP6	c1
2.77388219565788e-12	0.367444212545934	0.046	0.036	5.76024376750316e-08	FAIM3	c1
2.82756473219149e-12	-0.778818238204146	0.015	0.024	5.87172092286886e-08	IRF7	c1
2.8627675749792e-12	-0.352045890450877	0.048	0.062	5.9448231462018e-08	C9orf16	c1
3.38462184852642e-12	0.636658642102803	0.017	0.011	7.02850573064996e-08	DUSP16	c1
3.82662179517141e-12	0.302602938574912	0.068	0.056	7.94636281985294e-08	SF1	c1
3.89635798401162e-12	-0.605705268003546	0.015	0.024	8.09117698959853e-08	PSMB6	c1
4.26951740920636e-12	-0.591693333004022	0.017	0.026	8.86607985195792e-08	STOM	c1
4.52185729943319e-12	-0.414036673497212	0.034	0.046	9.39008886800296e-08	CSNK2B	c1
5.08195337669366e-12	-0.357708888814007	0.049	0.062	1.05531843820421e-07	EZR	c1
5.36085415145287e-12	-0.468861039541969	0.027	0.038	1.1132349730907e-07	PSMB1	c1
5.79051618296394e-12	0.302973292414768	0.096	0.081	1.20245859055429e-07	CYCS	c1
6.27490815771463e-12	0.590015906569855	0.021	0.014	1.30304742803102e-07	MYC	c1
6.51914156201524e-12	-0.699115578651388	0.012	0.019	1.35376493676809e-07	SCP2	c1
7.38668134300292e-12	-0.393129548043657	0.038	0.05	1.53391824768799e-07	YWHAQ	c1
7.55301214036325e-12	-0.236616918206845	0.099	0.117	1.56845850106783e-07	ALDOA	c1
8.83142021313257e-12	0.66701232014651	0.015	0.009	1.83393272145911e-07	NECAP2	c1
8.94384470199405e-12	-1.05346515123113	0.005	0.01	1.85727879081609e-07	NEDD9	c1
9.29153707796219e-12	-0.708424356343942	0.011	0.018	1.92948058960963e-07	GBP2	c1
9.73385861073802e-12	-0.632264240594597	0.014	0.022	2.02133307910586e-07	PSMA5	c1
1.04754178228861e-11	-0.287338595077988	0.07	0.085	2.17532526510053e-07	RNASEK	c1
1.13250621386102e-11	-0.606464100002805	0.015	0.023	2.35176240370379e-07	PSMA6	c1
1.13397413273279e-11	0.489525833439221	0.027	0.019	2.35481068403292e-07	RSL1D1	c1
1.17028016438163e-11	-0.380924279780404	0.04	0.051	2.43020378935489e-07	HNRNPA3	c1
1.17257510547546e-11	-0.391594593566277	0.038	0.049	2.43496946403034e-07	WDR83OS	c1
1.18146853684126e-11	-0.367232611340002	0.042	0.054	2.45343756360456e-07	TSPO	c1
1.21354254312349e-11	-0.468692466317217	0.026	0.036	2.52004244505024e-07	SHISA5	c1
1.26487817020199e-11	-0.572895697537819	0.017	0.026	2.62664600824146e-07	SIRPG	c1
1.29254992960316e-11	0.319679544119764	0.048	0.037	2.68410918381392e-07	PIM2	c1
1.43875659846555e-11	-0.525319304034944	0.021	0.03	2.98772195237356e-07	AKAP13	c1
1.46609003982128e-11	0.521030003668568	0.023	0.016	3.04448257669287e-07	ABHD14B	c1
1.60162685123287e-11	-0.515930829958059	0.022	0.031	3.32593831927018e-07	ARRB2	c1
1.73141024444261e-11	-0.456577024478683	0.027	0.037	3.59544651360953e-07	OSTF1	c1
1.83871432635123e-11	-0.466369337642988	0.024	0.034	3.81827417010097e-07	CLEC2D	c1
2.06954441522076e-11	-0.439813418076575	0.029	0.039	4.29761593264744e-07	SHFM1	c1
2.4139425713193e-11	0.266562198530501	0.078	0.064	5.01279314360166e-07	GPX4	c1
2.50622718783101e-11	-0.587502177828846	0.016	0.024	5.20443137824988e-07	RAB1B	c1
2.650555608418e-11	-1.27029112764247	0.005	0.01	5.50414377644082e-07	LST1	c1
2.7123157221433e-11	-0.489808671105066	0.023	0.033	5.63239482860278e-07	IGFLR1	c1
2.87475807117053e-11	-0.447899280028241	0.027	0.037	5.96972261059272e-07	NOP10	c1
4.1519999683122e-11	0.45247701684214	0.028	0.021	8.62204313419711e-07	TRAT1	c1
4.18826098615995e-11	-0.309765026123356	0.057	0.07	8.69734276385975e-07	ARL6IP5	c1
4.30034580179026e-11	-0.395489769801917	0.035	0.046	8.93009809199764e-07	ARF5	c1
4.40625092853919e-11	-0.286523095562315	0.063	0.077	9.15002067820447e-07	SRSF3	c1
4.44841320705675e-11	0.396814473045856	0.036	0.027	9.23757486577405e-07	C10orf54	c1
5.37642711519593e-11	-0.581895366343137	0.016	0.024	1.11646885474159e-06	AKIRIN2	c1
5.65791815614092e-11	0.410900601734979	0.033	0.025	1.17492328430422e-06	RPL19P12	c1
5.84128547919762e-11	-0.622400612510575	0.014	0.021	1.21300134261018e-06	GPI	c1
6.78662920712014e-11	-0.543609637122039	0.018	0.027	1.40931142115057e-06	DOK2	c1
7.21796033133713e-11	0.537408799933062	0.013	0.008	1.49888164240547e-06	CCL20	c1
8.69275651675506e-11	-0.49147778623352	0.021	0.03	1.80513781826936e-06	ECH1	c1
1.11043286785969e-10	0.293331277204559	0.061	0.05	2.30592489339743e-06	UXT	c1
1.30712896233613e-10	-0.509144635007318	0.02	0.028	2.7143840031872e-06	DEK	c1
1.38727044734812e-10	-0.317084772666129	0.05	0.062	2.8808058109631e-06	NDUFB2	c1
1.39037488286938e-10	-0.55213477659793	0.017	0.025	2.88725248176655e-06	ACTR2	c1
1.40039531959664e-10	0.361220820284826	0.043	0.034	2.90806092067438e-06	RSL24D1	c1
1.42668774208836e-10	-0.340589134298472	0.045	0.057	2.96265976522068e-06	ARF1	c1
1.50218647066433e-10	0.27587308856503	0.066	0.054	3.11944042498156e-06	RPS17	c1
1.71187075450111e-10	0.174928151058309	0.491	0.493	3.55487080879701e-06	RPS26	c1
1.87389963658959e-10	-0.783996645696455	0.008	0.014	3.89133998534195e-06	MRPL10	c1
1.88961426304096e-10	-0.860427449788992	0.007	0.013	3.92397297863087e-06	INSIG1	c1
2.01906527758142e-10	-0.296590690686092	0.058	0.071	4.19279095542558e-06	TRMT112	c1
2.06306582960277e-10	0.601446963753136	0.015	0.01	4.28416250175311e-06	CD28	c1
2.11377604308672e-10	-0.679974041159506	0.011	0.017	4.38946733107388e-06	AP2S1	c1
2.36610658035269e-10	-0.811093230884421	0.007	0.013	4.9134569247604e-06	MYO1F	c1
2.55064557681862e-10	-0.28203839773742	0.062	0.075	5.29667060482155e-06	HNRNPK	c1
2.7266208323955e-10	-0.427736306155766	0.027	0.037	5.6621008205525e-06	GNB2	c1
2.75808420763684e-10	-0.686815590525055	0.01	0.017	5.72743766557866e-06	FAM173A	c1
3.02774330915043e-10	-0.362725921903244	0.036	0.047	6.28741175578178e-06	HNRNPC	c1
3.09750461995816e-10	-0.192208327995871	0.259	0.279	6.43227809380512e-06	CD52	c1
3.49007940794707e-10	0.421984569573543	0.029	0.022	7.24749889854289e-06	SELM	c1
3.83780915613614e-10	0.362694024938561	0.041	0.032	7.9695944936323e-06	FKBP5	c1
5.12115288913887e-10	-0.888912726805315	0.006	0.011	1.06345860895858e-05	NFATC2	c1
5.12988207060341e-10	-0.558892912908963	0.014	0.021	1.0652713107815e-05	TGFB1	c1
5.629773690389e-10	-0.348601382512797	0.039	0.049	1.16907880454618e-05	HNRNPF	c1
5.64597445693108e-10	-0.318315687817354	0.045	0.057	1.17244305572631e-05	ATPIF1	c1
6.0936838070057e-10	0.496546477070538	0.022	0.015	1.2654143793628e-05	SYPL1	c1
7.89388631274198e-10	0.434665424145027	0.029	0.021	1.639244431704e-05	GPR171	c1
8.09280182996686e-10	0.5948530855269	0.015	0.01	1.68055122801092e-05	ODF2L	c1
8.7603127141987e-10	-0.834738083496722	0.008	0.014	1.8191665382305e-05	MS4A1	c1
8.7715344144659e-10	0.53905670115459	0.018	0.012	1.82149683650799e-05	SNHG16	c1
9.66447273111626e-10	-0.889700050659793	0.006	0.011	2.0069244073436e-05	TMIGD2	c1
1.00574429137676e-09	-0.693528153262745	0.009	0.015	2.08852859547297e-05	SRRT	c1
1.03382294746719e-09	-0.489323194094573	0.019	0.027	2.14683673271037e-05	DNAJB6	c1
1.23508013193915e-09	-0.541262395925211	0.016	0.023	2.56476740198483e-05	ARPC4	c1
1.24324176154406e-09	-0.922397479345092	0.005	0.01	2.5817158420224e-05	TMEM109	c1
1.28457479198563e-09	-0.574755240275467	0.014	0.02	2.66754801303736e-05	POLR2G	c1
1.39789385872867e-09	-0.775173656629478	0.007	0.012	2.90286638703595e-05	CAPN2	c1
1.60617143587455e-09	-0.768835597766741	0.007	0.013	3.3353756037371e-05	SH3BP1	c1
1.62439226490168e-09	-0.776149253707454	0.007	0.012	3.37321297729482e-05	VPS37B	c1
1.64727109900466e-09	0.455921574883296	0.024	0.017	3.42072316419309e-05	RAPGEF6	c1
1.68853755079556e-09	-0.866978113636807	0.006	0.01	3.50641707798206e-05	ANXA2P2	c1
1.75048041191412e-09	-0.896971512841493	0.005	0.01	3.63504762338086e-05	ARHGAP25	c1
1.87210899125589e-09	0.680322773729888	0.011	0.007	3.88762153124198e-05	WDR74	c1
1.99386145200052e-09	-0.444459308143986	0.022	0.03	4.14045269122428e-05	NDUFB7	c1
2.14613029048252e-09	-0.558914786823703	0.014	0.021	4.45665416121601e-05	PRKACB	c1
2.16649006446516e-09	-0.70370284814704	0.009	0.014	4.49893326786835e-05	TAP2	c1
2.23186161592879e-09	-0.506086830727105	0.017	0.025	4.63468383163772e-05	SH3KBP1	c1
2.46211145470136e-09	-0.623808182399141	0.011	0.017	5.11282064683285e-05	THEMIS	c1
2.49880173271932e-09	-0.839854924478161	0.006	0.011	5.18901167816494e-05	NUCB2	c1
2.57631823159289e-09	0.649906323166985	0.012	0.008	5.3499824397258e-05	RCAN3	c1
2.91988448381302e-09	0.506164755108101	0.019	0.013	6.06343211908611e-05	ILF3-AS1	c1
3.29005957573336e-09	-0.386691951249565	0.029	0.038	6.8321377149679e-05	RALY	c1
3.38788761933789e-09	-0.673683498644077	0.009	0.015	7.03528743031706e-05	PARVG	c1
3.51635146200398e-09	-0.490308344401145	0.018	0.026	7.30205544599747e-05	DSTN	c1
3.58873882657506e-09	-0.730874442192748	0.008	0.013	7.45237504726578e-05	HSPB11	c1
3.97614719697711e-09	0.496861655970249	0.019	0.014	8.25686726924267e-05	RASGRP2	c1
4.68963373870259e-09	-0.774600889724248	0.007	0.012	9.7384934217898e-05	IVNS1ABP	c1
4.71684781837797e-09	0.584312748135613	0.014	0.01	9.7950061796437e-05	LOC101929065	c1
4.92624621677493e-09	-0.504737533484536	0.017	0.024	0.000102298428937548	HN1	c1
5.06538459791082e-09	-0.592591084294716	0.012	0.018	0.000105187776560216	SURF4	c1
5.14743352305169e-09	-0.280755171859262	0.055	0.067	0.000106891604539691	MBNL1	c1
5.16690908165138e-09	0.172459790292589	0.138	0.122	0.000107296033989573	GADD45B	c1
5.75437092173657e-09	-0.592660512125095	0.012	0.018	0.000119495266560782	PSMB2	c1
6.00413502861047e-09	0.251313244804928	0.068	0.057	0.000124681868004125	CUTA	c1
6.06103289144608e-09	-0.396342991700399	0.047	0.057	0.000125863409023769	NEAT1	c1
6.84760582365975e-09	-0.893562899227769	0.005	0.01	0.000142197382534118	CEBPD	c1
7.19021838138707e-09	-0.774985789901746	0.011	0.016	0.000149312074907884	BCL2A1	c1
7.30185326871533e-09	-0.450244102552571	0.021	0.028	0.000151630284978143	PSMD8	c1
7.4015918242022e-09	0.486340556769153	0.019	0.014	0.000153701455821383	CNIH1	c1
7.47840251778719e-09	-0.565667585387033	0.013	0.019	0.000155296506684369	SNRPD1	c1
7.59582924614023e-09	-0.33276259286639	0.036	0.046	0.000157734990125348	PARP8	c1
7.68371715434396e-09	-0.364119432542589	0.03	0.039	0.000159560070427107	PAIP2	c1
7.68972093035237e-09	-0.414107339350787	0.024	0.032	0.000159684744839697	ANXA11	c1
7.76276193991054e-09	-0.753563362673765	0.007	0.012	0.000161201514444182	SLC20A1	c1
8.15354399316163e-09	-0.266019721271483	0.062	0.074	0.000169316494561994	ATP6V0C	c1
8.50504772391242e-09	-0.673037358809644	0.009	0.014	0.000176615821034765	MOB1A	c1
9.07139088415561e-09	0.623510681509923	0.011	0.007	0.000188376503100375	ADI1	c1
9.26247645461927e-09	-0.475152915686639	0.018	0.025	0.000192344586056624	VCP	c1
1.15907607962081e-08	-0.680431015386461	0.011	0.017	0.000240693738694057	XIST	c1
1.20552144429121e-08	-0.46052173862924	0.02	0.027	0.000250338583121514	RANBP1	c1
1.2464124680215e-08	-0.552451568902951	0.013	0.02	0.000258830013109344	CANX	c1
1.319498344186e-08	-0.658546742003821	0.009	0.014	0.000274007026153664	PPP1R12A	c1
1.61024286201102e-08	-0.700900918103307	0.008	0.013	0.000334383032725208	OGT	c1
1.65341791778229e-08	0.313725511141504	0.044	0.036	0.000343348764806669	FAM177A1	c1
1.65861585898006e-08	-0.752924483761166	0.007	0.012	0.0003444281692758	DIAPH1	c1
1.73831057191859e-08	-0.673292930975163	0.009	0.014	0.000360977573364615	ADAM8	c1
1.82955895702752e-08	-0.661598500223224	0.009	0.014	0.000379926213016334	GNAI2	c1
1.88541095147584e-08	-0.238420655795018	0.078	0.091	0.000391524438183473	SSR4	c1
1.90633420422938e-08	-0.741222972153233	0.007	0.012	0.000395869360850274	VASP	c1
2.03786726257466e-08	-0.504629153884824	0.015	0.022	0.000423183515746254	SERPINB1	c1
2.24628636541173e-08	-0.452971183881593	0.019	0.026	0.0004664638266414	BCAP31	c1
2.29978357559555e-08	0.21184503634955	0.091	0.078	0.000477573057308173	RPL23	c1
2.32423093592303e-08	-0.50674719180531	0.015	0.021	0.000482649796153776	LAMP1	c1
2.45727121512475e-08	-0.637824308370247	0.009	0.014	0.000510276940532805	ARIH2	c1
2.45768093468022e-08	-0.630528493393976	0.011	0.017	0.000510362022895694	HLA-J	c1
2.46056338588122e-08	-0.379901842537301	0.026	0.034	0.000510960592712094	NDUFA6	c1
2.62139842201581e-08	-0.586192920476754	0.011	0.017	0.000544359596315802	COMMD7	c1
2.72041450833512e-08	-0.670961616100676	0.009	0.014	0.000564921276800871	PTPRA	c1
2.72102475826667e-08	-0.719343386879089	0.007	0.012	0.000565048001301656	NAA50	c1
2.80651524829629e-08	-0.490603091371006	0.016	0.022	0.000582800956461208	PSMA2	c1
2.83987656904175e-08	-0.30097455049649	0.043	0.053	0.000589728768327209	PRDX1	c1
2.88728151272141e-08	0.276048521132976	0.048	0.039	0.000599572878931729	SNHG15	c1
2.92083167397648e-08	-0.487484350695411	0.016	0.023	0.000606539905417957	NT5C	c1
3.25329461524905e-08	-0.583953717108721	0.011	0.016	0.000675579159802617	EPS15	c1
3.37728501208171e-08	-0.592492388710347	0.011	0.016	0.000701327005608889	NCOR1	c1
3.38505553858899e-08	-0.792743544153055	0.006	0.01	0.00070294063314339	ATP2A3	c1
3.49799574124738e-08	0.40474020720409	0.026	0.02	0.00072639379562743	CMTM7	c1
3.53782003768491e-08	-0.787510694597102	0.006	0.01	0.000734663709025649	CCDC69	c1
3.54855790656603e-08	-0.254330735978492	0.056	0.067	0.000736893534877502	UQCR10	c1
3.85914311704793e-08	0.349954865242198	0.025	0.019	0.000801389659686173	PPP1R2P9	c1
4.25462621847416e-08	-0.363818595156995	0.028	0.036	0.000883515680528344	COX7B	c1
4.26290718176655e-08	-0.536127444512536	0.013	0.019	0.000885235305365642	IRF9	c1
4.48424150532486e-08	-0.601996392279463	0.01	0.015	0.00093119759099576	ARHGAP30	c1
4.59062892355965e-08	-0.356935662854691	0.032	0.041	0.000953290002266397	GeneID:102723863	c1
4.63213125101562e-08	0.356376813231988	0.031	0.025	0.000961908375585904	CD5	c1
4.92655688305007e-08	-0.497118610780361	0.015	0.021	0.00102304880233418	RNF166	c1
4.96727932379266e-08	-0.464739465552618	0.017	0.024	0.00103150522437878	EWSR1	c1
5.0803659507782e-08	0.261356057161975	0.055	0.046	0.0010549887933386	SEPT6	c1
5.15386371612124e-08	0.200096951588239	0.096	0.084	0.00107025133928974	CIB1	c1
5.23040614227205e-08	0.204446811982621	0.089	0.077	0.00108614613950421	APRT	c1
5.42716883802634e-08	0.164532528047965	0.157	0.142	0.00112700588090455	LOC101929876	c1
5.47515969076296e-08	-0.45511429941781	0.017	0.024	0.00113697166138384	C19orf66	c1
5.69140074896297e-08	-0.449905431632641	0.018	0.025	0.00118187627952965	ENSA	c1
6.46129035540798e-08	-0.321915495442309	0.033	0.041	0.00134175155520402	UQCRQ	c1
6.59613432920397e-08	-0.665285699749803	0.008	0.013	0.0013697532548025	FBXO7	c1
6.90112162665747e-08	-0.43403675821339	0.019	0.026	0.00143308691699169	P4HB	c1
7.19201461401008e-08	-0.394751536112451	0.022	0.03	0.00149349375474533	PRDX6	c1
7.2140582633103e-08	-0.269306632449662	0.049	0.059	0.00149807133895902	ATP6V0E1	c1
7.23150507284988e-08	-0.649960892798088	0.008	0.013	0.00150169434342801	CARHSP1	c1
7.32077737651633e-08	0.357836442432002	0.03	0.024	0.00152023263000738	MGAT4A	c1
8.25846347184336e-08	-0.582819709857103	0.01	0.015	0.00171495252456299	MGEA5	c1
8.33287196630583e-08	0.262002442577066	0.027	0.021	0.00173040419252307	TIMP1	c1
8.40530584120936e-08	-0.418254431483506	0.02	0.027	0.00174544581098554	SELT	c1
8.52953383763786e-08	-0.775122716706061	0.006	0.01	0.00177124299672388	GRAP2	c1
9.30220725584357e-08	-0.455568675152859	0.017	0.024	0.00193169635874848	RBCK1	c1
9.82984954650968e-08	-0.353493764547123	0.027	0.035	0.0020412665568282	SPCS2	c1
9.97603592581527e-08	0.325180092013518	0.035	0.028	0.0020716236203548	ARID5B	c1
1.01347447221287e-07	-0.338836407564036	0.031	0.039	0.00210458108899724	RBX1	c1
1.05401777125731e-07	-0.338361402162916	0.031	0.04	0.00218877330379292	SCAND1	c1
1.09759301460693e-07	-0.277187469272499	0.046	0.056	0.00227926165413275	SON	c1
1.14440437279033e-07	-0.397064704968962	0.022	0.029	0.0023764701205364	MYEOV2	c1
1.28563981743225e-07	0.224447669725417	0.082	0.071	0.00266975964487981	SOCS1	c1
1.32973448061365e-07	-0.51658761819288	0.013	0.019	0.0027613266224423	NDUFA12	c1
1.37748243746227e-07	-0.438800674171186	0.018	0.024	0.00286048002963415	BIN1	c1
1.47756824987575e-07	-0.733856129405235	0.006	0.01	0.00306831822769199	RALGDS	c1
1.47951015585127e-07	0.332629062646679	0.033	0.026	0.00307235078964074	PBXIP1	c1
1.57133406914242e-07	-0.319851292624541	0.034	0.043	0.00326303232798115	CD164	c1
1.69915432046862e-07	-0.602674017580665	0.009	0.014	0.00352846386188514	TOX	c1
1.73636834684323e-07	0.500062129109309	0.015	0.01	0.00360574250905466	DLGAP1-AS1	c1
1.85343328721054e-07	-0.707020776736734	0.007	0.011	0.00384883956422142	NASP	c1
2.0450631940671e-07	-0.452590750755037	0.017	0.023	0.00424677822879973	TMCO1	c1
2.07232099070254e-07	-0.382531325681818	0.022	0.029	0.0043033817692929	ATP6V1F	c1
2.21725612789972e-07	-0.631645995418006	0.008	0.013	0.00460435407519655	ROCK1	c1
2.23074433684471e-07	-0.642348021323627	0.008	0.012	0.00463236368989173	UTRN	c1
2.23274507717228e-07	-0.566762449521936	0.01	0.015	0.00463651842725595	VIMP	c1
2.36329850432164e-07	0.271377886206152	0.046	0.038	0.00490762567407432	PEBP1	c1
2.38965296887719e-07	0.37831070813917	0.025	0.02	0.00496235335517038	TAF1D	c1
2.45818160810475e-07	-0.518092123455731	0.012	0.018	0.00510465992739033	NDUFB3	c1
2.46420330362808e-07	-0.551729113276709	0.011	0.016	0.00511716458031407	IFNGR1	c1
2.47848989419203e-07	-0.309485119729641	0.033	0.042	0.00514683211427918	EIF4G2	c1
2.48163953311999e-07	-0.223840810888899	0.077	0.088	0.00515337265447697	LDHA	c1
2.53855884258155e-07	-0.460702516154806	0.015	0.021	0.00527157129250485	CEBPB	c1
2.55809104980528e-07	-0.553193983175006	0.01	0.015	0.00531213187402564	RAB11A	c1
2.59223009058083e-07	0.458454841628818	0.017	0.013	0.00538302500610015	NELL2	c1
2.60206069947059e-07	-0.72145674640579	0.007	0.011	0.00540343924852062	MX1	c1
2.87401817605082e-07	-0.358886667021082	0.026	0.033	0.00596818614438713	TBCB	c1
2.9560198633892e-07	-0.288733083679785	0.07	0.081	0.00613847084831401	H2AFZ	c1
3.08357671375972e-07	-0.243712977140877	0.059	0.069	0.00640335540379342	KRTCAP2	c1
3.3225396993998e-07	-0.503881991901742	0.012	0.018	0.00689958593977362	FERMT3	c1
3.45812894931428e-07	-0.204562716114919	0.076	0.087	0.00718115057614604	COX7A2	c1
3.50024377338363e-07	-0.461382611180454	0.015	0.02	0.00726860621980844	LSM2	c1
3.52116007476239e-07	0.399117787189255	0.023	0.018	0.00731204101125158	HAX1	c1
3.64630496711782e-07	-0.205513416416456	0.074	0.085	0.00757191689471686	VAMP2	c1
3.68814316946783e-07	-0.245597876924418	0.076	0.087	0.00765879810571689	TUBA4A	c1
3.81311168590856e-07	0.244531411143702	0.058	0.049	0.00791830772695772	PDCD4	c1
3.96089540674935e-07	-0.207138761308273	0.074	0.085	0.0082251954016557	COX6C	c1
4.11441046697148e-07	-0.231006768703208	0.059	0.07	0.00854398477571298	NDUFA3	c1
4.14016975591317e-07	-0.103072576961085	0.068	0.058	0.00859747651512929	HIST1H4C	c1
4.16755715536215e-07	-0.57538947558743	0.009	0.014	0.00865434918882505	RANBP2	c1
4.1702817432933e-07	-0.666547716194957	0.007	0.011	0.00866000706812286	GALM	c1
4.25899009281864e-07	-0.308716570457685	0.033	0.041	0.00884421882674718	ITGA4	c1
4.30130798014015e-07	-0.627766692998717	0.008	0.012	0.00893209615155904	SCAMP2	c1
4.69663512167372e-07	-0.340862035361275	0.03	0.037	0.00975303249366764	SYNE2	c1
4.94137235024955e-07	0.209133092443655	0.075	0.065	0.0102612538225282	HNRNPA0	c1
6.03329170869515e-07	-0.450462723109608	0.015	0.021	0.0125287335622764	MIEN1	c1
6.09521182531574e-07	0.401871822499769	0.021	0.016	0.0126573168764507	ERN1	c1
6.64364804627539e-07	-0.669699698794897	0.007	0.011	0.0137961995328955	BTN3A1	c1
6.78106144170984e-07	0.37298064799168	0.023	0.018	0.0140815521898547	NXT1	c1
6.87743742770861e-07	0.361022854595676	0.025	0.019	0.0142816865623797	GATA3	c1
6.92648276904614e-07	-0.440880953596309	0.016	0.022	0.0143835341182012	CNPY3	c1
7.02763673333796e-07	0.552571149479098	0.011	0.008	0.0145935904404496	IMPDH2	c1
7.06696973100129e-07	-0.653365074971833	0.007	0.011	0.0146752693433973	PSMA4	c1
7.2473324304004e-07	-0.443798518874078	0.016	0.021	0.0150498105249695	SRRM2	c1
7.2996686096145e-07	-0.586445700009069	0.009	0.013	0.0151584918347255	PITPNC1	c1
7.44677893252676e-07	-0.412908059717497	0.018	0.024	0.0154639811312851	APBB1IP	c1
7.74326783597247e-07	-0.293054434198466	0.035	0.043	0.0160796699881804	ZAP70	c1
7.78530834323317e-07	-0.636197243480667	0.007	0.011	0.016166971305558	CNOT2	c1
7.94745482297214e-07	-0.507417605175859	0.011	0.016	0.016503684685384	RASA2	c1
8.42878386594283e-07	-0.673120370118443	0.007	0.011	0.0175032125760169	MANF	c1
9.24121431916886e-07	-0.244011110683409	0.051	0.06	0.019190305655186	PRR13	c1
9.62221780830039e-07	-0.449346718383635	0.015	0.021	0.0199814975007166	PPP4C	c1
9.62707856323241e-07	-0.386393130495962	0.021	0.027	0.0199915913444084	SNRPD3	c1
9.68500055865669e-07	0.36777026068222	0.024	0.018	0.0201118721601065	SAMHD1	c1
1.00880849215939e-06	-0.288318832109478	0.036	0.044	0.0209489171481819	SKAP1	c1
1.0179248416264e-06	-0.372944010380245	0.021	0.028	0.0211382272612138	CSK	c1
1.05245128056743e-06	-0.433795272722276	0.016	0.022	0.0218552032922633	TCIRG1	c1
1.06539799866851e-06	-0.432388358079062	0.016	0.022	0.0221240548403502	BANF1	c1
1.08204642062356e-06	-0.486438312148151	0.013	0.018	0.0224697759706689	RGS19	c1
1.17696911852381e-06	-0.422976185194232	0.016	0.021	0.0244409407152654	TCF25	c1
1.22252589723442e-06	-0.209343997626411	0.064	0.074	0.02538697278197	C19orf43	c1
1.23542035100823e-06	-0.39114305697628	0.019	0.026	0.0256547390090369	PRKAR1A	c1
1.30474554486872e-06	-0.349160714957359	0.024	0.031	0.0270943459847438	DDX17	c1
1.32308261198511e-06	-0.666206935505789	0.007	0.01	0.0274751335204827	IFI35	c1
1.3919557293628e-06	-0.633333805476371	0.007	0.011	0.028905352675948	TOP1	c1
1.4522316683677e-06	-0.205570989641894	0.164	0.177	0.0301570428253237	S100A10	c1
1.57129568162253e-06	-0.418346560068167	0.018	0.024	0.0326295261245734	CD82	c1
1.63742181048745e-06	-0.384457187639612	0.019	0.025	0.0340027013165823	LRRFIP1	c1
1.69552413451737e-06	0.541424189395319	0.011	0.008	0.0352092541773878	ESD	c1
1.76208217817192e-06	-0.513852935842377	0.01	0.015	0.0365913985119181	PPM1G	c1
1.83615173831048e-06	-0.393756538377999	0.018	0.024	0.0381295269977554	NDUFS6	c1
1.95283866539887e-06	-0.180847710755899	0.144	0.157	0.040552647725673	SRSF7	c1
2.00878472074926e-06	-0.535787569407686	0.009	0.014	0.0417144235110791	STK10	c1
2.02450854139092e-06	-0.211999881211763	0.227	0.24	0.0420409443705238	HSP90AA1	c1
2.16829922488988e-06	-0.452038893934342	0.014	0.019	0.0450269017040633	RAB5C	c1
2.22405107541533e-06	-0.274171121706454	0.038	0.046	0.0461846446320748	C14orf2	c1
2.249259662764e-06	-0.325171480420797	0.026	0.033	0.0467081261569572	DYNLRB1	c1
2.39991171196733e-06	-0.549178359385587	0.009	0.013	0.0498365666107135	PUF60	c1
2.40825867544143e-06	-0.549796863553735	0.009	0.013	0.0500098996542166	DYNC1H1	c1
2.4154032609675e-06	-0.56842299145175	0.008	0.013	0.0501582641172511	SRSF4	c1
2.62854410509003e-06	0.274426447367119	0.037	0.031	0.0545843468862997	PRDX2	c1
2.68512305241482e-06	-0.202176930973056	0.082	0.093	0.0557592653064462	ISG20	c1
2.69035611445662e-06	-0.230898041513369	0.051	0.059	0.0558679350728061	NCL	c1
2.71505130424985e-06	-0.604382431780242	0.007	0.011	0.0563807553840523	ATP2B4	c1
2.92530029428957e-06	-0.547917336017108	0.009	0.013	0.0607467859112173	RAB8B	c1
2.92842972423276e-06	-0.569372445280615	0.008	0.012	0.0608117716534175	CASP8	c1
3.03067613841609e-06	0.492878257894634	0.013	0.009	0.0629350206903486	SFXN1	c1
3.08278107865437e-06	0.331286361581198	0.026	0.021	0.0640170318793366	ALKBH7	c1
3.17342905698058e-06	-0.452797318069459	0.013	0.018	0.0658994277972586	CLTA	c1
3.18778320705318e-06	-0.488117323716675	0.011	0.016	0.0661975060776663	STARD7	c1
3.29216457291737e-06	0.270433838827358	0.033	0.027	0.0683650895212022	AIM1	c1
3.43972374181518e-06	-0.260260864235153	0.039	0.047	0.0714293032225341	CDC37	c1
3.53661550180077e-06	-0.549422645893539	0.009	0.013	0.0734413575103948	PSMD13	c1
3.62318213993353e-06	0.447941692188859	0.015	0.011	0.0752390003178597	ADSL	c1
3.74061141018788e-06	-0.357451265702763	0.019	0.025	0.0776775365439614	RHOF	c1
3.85999881923561e-06	-0.705541847810821	0.007	0.01	0.0801567354802466	ZFAND5	c1
3.86994636203766e-06	-0.462371944352013	0.012	0.017	0.0803633061540741	DNAJC8	c1
4.00890146410022e-06	-0.547892953194476	0.009	0.013	0.0832488478035052	GLUD1	c1
4.02914153893745e-06	-0.535440897220063	0.009	0.013	0.0836691531975751	TKT	c1
4.0894096206518e-06	-0.282940410724128	0.033	0.041	0.0849206801824553	TMEM59	c1
4.10565310615503e-06	-0.400823042955682	0.017	0.022	0.0852579924024154	RAC1	c1
4.40785003662111e-06	-0.5089486033417	0.01	0.015	0.091533413860474	JMJD6	c1
4.52995176457274e-06	-0.333048871932091	0.024	0.03	0.0940689783431175	SIT1	c1
4.53665235015048e-06	0.505090438392091	0.011	0.008	0.0942081227032249	DYNLT3	c1
4.56845761795398e-06	0.48485662437124	0.012	0.009	0.0948685908944323	NUPL1	c1
4.62238709453641e-06	-0.577849161771948	0.008	0.012	0.0959884904051432	PRPF40A	c1
4.81973851841843e-06	-0.565679317237983	0.008	0.012	0.100086690073477	ITGB1BP1	c1
4.95101037107267e-06	0.31304385258921	0.028	0.023	0.102812681365695	RPL13AP5	c1
4.9521964353505e-06	-0.373992834910561	0.019	0.024	0.102837311176489	ATP5C1	c1
4.99402739548184e-06	-0.6104279708445	0.007	0.01	0.103705972894576	DERL1	c1
5.3668037283883e-06	-0.314131795451315	0.026	0.032	0.111447046223712	IFI16	c1
5.36938818939937e-06	-0.498125634047164	0.01	0.015	0.111500715141067	VPS13C	c1
5.38687320881157e-06	-0.60363915971599	0.007	0.01	0.111863809054181	PARP10	c1
5.49737547532228e-06	-0.33628452214186	0.023	0.029	0.114158499120542	BHLHE40	c1
5.60581788084719e-06	-0.285975114545142	0.032	0.039	0.116410414113673	IL10RA	c1
5.73715555594582e-06	-0.49994909717213	0.01	0.014	0.119137772274771	KPNB1	c1
5.9926110762955e-06	-0.181673875711083	0.089	0.099	0.124442561610352	CITED2	c1
6.02828783777591e-06	0.217613802160481	0.024	0.019	0.125183425239255	SOD2	c1
6.34297636096007e-06	-0.463784101607442	0.011	0.016	0.131718247111697	PPP3CC	c1
6.41013700958719e-06	-0.413063201107203	0.014	0.019	0.133112905141088	SET	c1
6.46025049266172e-06	-0.467013946335012	0.012	0.016	0.134153561730613	CASP4	c1
6.53089313167395e-06	-0.397476406305205	0.016	0.022	0.135620526772341	CAPZA1	c1
6.77612934016697e-06	-0.5590242934495	0.008	0.012	0.140713101877907	UBE2A	c1
7.10192268153092e-06	-0.320784842345859	0.023	0.029	0.147478526404671	SEC11A	c1
7.12954068287725e-06	-0.33305410074809	0.03	0.037	0.148052041820629	CKS2	c1
7.47383636520444e-06	-0.338553587004189	0.023	0.029	0.155201685959835	SDCBP	c1
7.66565987709886e-06	-0.577624372890084	0.007	0.011	0.159185093007835	FAM129A	c1
7.80944886378768e-06	-0.221088663357398	0.054	0.062	0.162171015105415	RBM39	c1
7.84082829740639e-06	-0.370778671490149	0.019	0.025	0.162822640423941	NEU1	c1
7.86717064402294e-06	-0.518701375956637	0.009	0.013	0.16336966559378	RAB24	c1
7.93042951311938e-06	0.31940450931941	0.026	0.021	0.164683299269437	FAM107B	c1
7.98607374150542e-06	-0.548000570824342	0.008	0.012	0.165838807316102	GSTO1	c1
8.44062699670155e-06	-0.263513703880768	0.037	0.044	0.175278060213504	SNRPG	c1
8.45634807060353e-06	-0.507863567845248	0.01	0.014	0.175604524034153	CCNDBP1	c1
9.08421554567714e-06	-0.171404800265485	0.084	0.094	0.188642820021532	COX6B1	c1
9.44112924295791e-06	-0.32067382817059	0.024	0.03	0.196054489859264	C4orf48	c1
9.60847605185815e-06	0.370241463322782	0.02	0.016	0.199529613692886	FBL	c1
9.61601820614674e-06	-0.247160160730607	0.041	0.049	0.199686234068843	CELF2	c1
9.88800261625831e-06	-0.312895755468984	0.025	0.031	0.20533426232922	NAA38	c1
9.90187662334786e-06	-0.420791301792999	0.014	0.019	0.205622369960442	FMNL1	c1
1.01328254292474e-05	0.219876185414262	0.052	0.044	0.210418252863752	SEPT9	c1
1.06488601084336e-05	0.194712881843792	0.067	0.059	0.221134229011731	ERP29	c1
1.07402400063053e-05	0.240225247627374	0.043	0.036	0.223031823970935	ISCU	c1
1.18737851998113e-05	0.47514032164079	0.012	0.009	0.246571023459282	C6orf48	c1
1.22928734729353e-05	0.426561688196524	0.014	0.011	0.255273810538975	LINC00892	c1
1.23007906324797e-05	0.467338671091203	0.012	0.009	0.255438218274073	S1PR1	c1
1.24693500270061e-05	-0.375898787795453	0.017	0.022	0.25893852266081	LMAN2	c1
1.29304163622739e-05	-0.42115036861295	0.014	0.018	0.26851302617898	RPN1	c1
1.306651448165e-05	-0.325962726814762	0.023	0.029	0.271339239725944	G3BP2	c1
1.36785570471328e-05	-0.482823356851358	0.01	0.014	0.284048915640759	ZBTB38	c1
1.44726375179736e-05	-0.534002402880076	0.009	0.012	0.300538790698239	PHYKPL	c1
1.45371019182525e-05	0.374347773734717	0.018	0.014	0.301877458434432	NCF1B	c1
1.45726202297477e-05	-0.425547896074931	0.012	0.017	0.30261503169094	TWF2	c1
1.46376740881857e-05	-0.332435028997896	0.021	0.027	0.303965940115264	PA2G4	c1
1.52339970457255e-05	-0.36528438181499	0.017	0.022	0.316349182651536	TMEM179B	c1
1.5302803146436e-05	-0.450529216769713	0.011	0.015	0.317778010138891	CMTM3	c1
1.67727059371876e-05	0.525206869783459	0.01	0.007	0.348302011491638	MID1IP1	c1
1.72361811259431e-05	0.189944918720115	0.068	0.06	0.357926537261334	HNRNPA1P10	c1
1.79271382435863e-05	0.47418229315689	0.011	0.008	0.372274952766312	CDC14A	c1
1.84789865715237e-05	0.308218931507285	0.027	0.022	0.383734635144262	ZC3HAV1	c1
1.97842119344362e-05	0.182321749711252	0.065	0.057	0.410838945030502	AES	c1
2.00749635423854e-05	-0.523809709879525	0.008	0.012	0.416876692921175	SAP30BP	c1
2.17373062723324e-05	-0.409170385669201	0.013	0.018	0.451396902051255	TMED9	c1
2.21888065916775e-05	-0.401183620939254	0.014	0.019	0.460772757682776	IDI1	c1
2.23862687699199e-05	-0.318361590426968	0.363	0.37	0.464873257276156	FTL	c1
2.24839853068489e-05	-0.190735775627762	0.06	0.068	0.466902438882024	SLC25A3	c1
2.26389751990148e-05	-0.564870226721756	0.007	0.01	0.47012095898274	CD58	c1
2.28196983279389e-05	-0.524781266048217	0.008	0.012	0.47387385547798	WNK1	c1
2.30527818441298e-05	0.254528785656873	0.036	0.03	0.478714067775199	NAP1L1	c1
2.33298396907179e-05	-0.561077857239096	0.007	0.01	0.484467451017448	PRDX3	c1
2.44448974954601e-05	-0.314503667826753	0.021	0.026	0.507622741390724	UBE2N	c1
2.49456220888133e-05	0.201131490807469	0.056	0.049	0.518020788296297	ABRACL	c1
2.50635437454696e-05	-0.446676020673152	0.011	0.014	0.520469549418422	SH3GLB1	c1
2.51581825779668e-05	-0.468147263135126	0.01	0.014	0.522434819414058	LINC00674	c1
2.53164850711772e-05	-0.391606543676989	0.014	0.019	0.525722128988065	VDAC1	c1
2.54094063156507e-05	0.287291476724633	0.028	0.023	0.527651731550801	RPS10	c1
2.54206842442316e-05	-0.513961923923178	0.008	0.012	0.527885929015713	RTN4	c1
2.54592426742603e-05	-0.506845518917729	0.009	0.013	0.528686633373689	EIF6	c1
2.66416541800526e-05	0.50596225738289	0.01	0.007	0.553240590702972	FAM200B	c1
2.75429875875866e-05	-0.337836732719821	0.02	0.025	0.571957680243824	MTDH	c1
2.80887334727398e-05	-0.498528954348407	0.009	0.013	0.583290639294915	PSMD4	c1
2.88179547108508e-05	-0.190652779415778	0.059	0.067	0.598433647525528	COX5B	c1
2.92867973914661e-05	0.400566479663579	0.015	0.011	0.608169634631186	IPCEF1	c1
2.93787177359209e-05	-0.351137808216789	0.017	0.022	0.610078452504133	ANKRD44	c1
2.9725115198198e-05	-0.577183339094153	0.007	0.01	0.61727174220578	AFF4	c1
3.20533255927445e-05	-0.359946317853637	0.017	0.021	0.665619359258933	GHITM	c1
3.25905501164174e-05	0.467994407183871	0.011	0.008	0.676775363717524	MAML2	c1
3.43703705794583e-05	-0.224037439773608	0.043	0.05	0.71373511545303	ARHGEF1	c1
3.44804669911772e-05	0.450165214397648	0.012	0.009	0.716021377538785	MTERF4	c1
3.51520799466982e-05	-0.285102066242766	0.028	0.034	0.729968092173134	SLA	c1
3.73964350490436e-05	-0.439914150086702	0.011	0.015	0.776574370228439	CASP1	c1
3.74312848116657e-05	-0.286373537360206	0.027	0.032	0.77729806039905	MRPL41	c1
3.80710252483906e-05	-0.373817973781734	0.015	0.02	0.790582910308078	RAB7A	c1
3.91481496192964e-05	-0.397488827858019	0.013	0.018	0.812950474994309	PRMT1	c1
3.91794753109821e-05	-0.373780882320776	0.015	0.019	0.813600984307855	BUD31	c1
4.01884141949471e-05	-0.424654437172102	0.011	0.015	0.834552609172271	LBR	c1
4.11084295091017e-05	-0.284189119976093	0.026	0.032	0.853657647186006	CD47	c1
4.12126542302435e-05	0.387063331831477	0.015	0.012	0.855821977745237	CD4	c1
4.20397436632451e-05	0.210954604932777	0.049	0.043	0.872997316910949	ATP5O	c1
4.24282266506425e-05	0.151383686568851	0.092	0.083	0.881064554627243	CNBP	c1
4.27987325456305e-05	-0.470876899379253	0.01	0.013	0.888758480042562	VKORC1	c1
4.2878366517593e-05	0.256579952140313	0.035	0.03	0.890412159104337	MZT2A	c1
4.34538982675168e-05	-0.305150649429399	0.042	0.049	0.902363651423254	RNA45S5	c1
4.42526542359509e-05	-0.543837353173477	0.007	0.01	0.918950617863757	YIF1A	c1
4.48692675705328e-05	-0.225540708954779	0.042	0.049	0.931755210369684	VPS28	c1
4.48995065740126e-05	0.333554686121932	0.022	0.017	0.932383153515946	R3HDM4	c1
4.60582366158645e-05	-0.551651644821505	0.007	0.01	0.956445341565042	C9orf89	c1
4.60604614419793e-05	-0.440197281289826	0.011	0.015	0.956491542304142	YWHAE	c1
4.68153887125611e-05	-0.148172716333519	0.088	0.097	0.972168362005044	YWHAB	c1
4.6887265048561e-05	-0.391640752244951	0.013	0.017	0.973660945998418	HNRNPR	c1
4.70831110989102e-05	-0.267843275000248	0.03	0.036	0.977727885079969	ATP5J	c1
0.0130850587236762	-0.543800987572787	0.047	0.051	1	AREG	c1
5.1830284941183e-05	-0.541399671977205	0.007	0.01	1	SHKBP1	c1
8.68443852096254e-05	-0.522183176271853	0.007	0.01	1	LOC102288414	c1
7.21342228330367e-05	-0.509991038693014	0.012	0.016	1	PLIN2	c1
0.000199033008626882	-0.509044444372819	0.007	0.01	1	HMGA1	c1
7.71671670375992e-05	-0.50755254909159	0.008	0.011	1	OFD1	c1
0.000158154201426853	-0.506838488223011	0.007	0.01	1	RPA2	c1
0.000118123006855647	-0.502699643043661	0.007	0.01	1	HNRNPD	c1
0.20149957724168	-0.497866566556005	0.037	0.034	1	TNFRSF4	c1
0.000220018359093549	-0.496177169724755	0.007	0.01	1	BIRC6	c1
8.81573152431655e-05	-0.495823256509484	0.008	0.011	1	ARPP19	c1
9.08825109875277e-05	-0.493491370695832	0.008	0.011	1	DUSP23	c1
0.000181157807004283	-0.490443789329636	0.007	0.01	1	HDDC2	c1
0.000268161366734291	-0.487950412738194	0.007	0.01	1	IQGAP2	c1
0.000258678239989499	-0.484699878037772	0.007	0.01	1	TIMM8B	c1
0.000100540784150532	-0.484542661774239	0.008	0.011	1	CISD3	c1
0.000191848189935879	-0.480815911948824	0.007	0.01	1	CYC1	c1
9.37841340152419e-05	-0.47672315731494	0.008	0.011	1	MGAT1	c1
0.000420403684015086	-0.472618758982204	0.007	0.01	1	HDAC1	c1
0.000146210551601312	-0.471315629058098	0.008	0.011	1	CYB5R3	c1
9.06033151940607e-05	-0.470968482589133	0.009	0.012	1	PDLIM2	c1
5.36946719862265e-05	0.470165506225498	0.01	0.007	1	UNC119	c1
0.000136381314464427	-0.46732445931269	0.009	0.012	1	LMO4	c1
0.000253761522050539	-0.463639680461029	0.008	0.011	1	PSMC3	c1
5.76493306757562e-05	-0.451343734364366	0.01	0.014	1	SYAP1	c1
0.000480248702173283	-0.449769196511637	0.007	0.01	1	HLA-L	c1
0.000282232340689721	-0.447837708009142	0.007	0.01	1	RAB9A	c1
6.64397138916654e-05	-0.445085016199458	0.01	0.013	1	H2AFY	c1
0.000356375417578452	-0.444846141512945	0.008	0.011	1	DBNL	c1
0.000666365692205209	-0.441957739154264	0.007	0.01	1	TXNDC17	c1
0.000105604647122328	0.440309018652634	0.012	0.009	1	LOC100130476	c1
0.000187763420366421	-0.435292930818808	0.01	0.013	1	LOC101927902	c1
0.000123681284602876	-0.434839076278632	0.009	0.013	1	PDCD5	c1
9.84693753478579e-05	-0.433244520648059	0.01	0.014	1	EVI2A	c1
0.000550966844231203	-0.432248528174335	0.008	0.011	1	PCMT1	c1
0.000245946955447071	-0.431490379874239	0.009	0.012	1	RNF125	c1
0.00010188808893709	-0.431425232839647	0.01	0.014	1	KRAS	c1
0.000499355658465516	-0.431208498062571	0.009	0.012	1	SNORD3A	c1
4.99062279745379e-05	-0.431155684655415	0.011	0.015	1	LAMTOR5	c1
6.52678179867425e-05	-0.428968891043834	0.011	0.015	1	PTBP3	c1
0.000111335819976948	-0.428665843123444	0.01	0.014	1	DUSP5	c1
8.05269620652505e-05	-0.425971145172753	0.022	0.027	1	HSPA6	c1
0.00113138984200756	-0.424725288292611	0.007	0.01	1	PQLC3	c1
0.000144738081052286	-0.423359931716215	0.01	0.014	1	TMX1	c1
0.00088328570616282	-0.422725351108963	0.007	0.01	1	CCT6A	c1
0.000617178436999215	-0.421645767103938	0.008	0.011	1	TM9SF2	c1
0.000208386237788266	-0.420912294346434	0.009	0.013	1	NUDT22	c1
0.000239770958069542	-0.41923766265418	0.01	0.013	1	B3GNT2	c1
0.000196922661995065	-0.416836505305075	0.01	0.013	1	HSPA9	c1
0.000627984294437555	-0.416381782392878	0.008	0.011	1	ETNK1	c1
0.000251899419902058	-0.415322612650797	0.009	0.012	1	ATG12	c1
0.00012299244672493	-0.414254892609374	0.011	0.014	1	NDUFB6	c1
7.67854946709435e-05	-0.4130355617886	0.011	0.015	1	ADSS	c1
0.000321234499606538	-0.412690985787882	0.009	0.013	1	MMADHC	c1
0.00146983603681973	-0.409415246109903	0.007	0.01	1	UQCRC1	c1
9.83637014282747e-05	-0.407348401715819	0.012	0.016	1	SERPINB9	c1
0.000879482413871052	-0.406794123022612	0.008	0.011	1	RAB10	c1
0.000559344548928653	-0.406262491868659	0.009	0.012	1	TGFBR2	c1
0.000181998834561959	-0.404077855483174	0.01	0.014	1	ARAP2	c1
0.000258294748668726	-0.402345027023794	0.01	0.013	1	C6orf1	c1
0.00184951667645512	-0.400865917145223	0.007	0.01	1	HSPA4	c1
0.000607202214982037	0.399894427179778	0.011	0.008	1	NFKB2	c1
0.000109555970950811	-0.3983694793696	0.012	0.016	1	SSNA1	c1
0.000299475689329737	-0.397812069126434	0.01	0.014	1	CPNE1	c1
0.000850070289337895	-0.395663315761523	0.009	0.012	1	MIB2	c1
0.000734510670935428	-0.395144730713167	0.009	0.012	1	UHMK1	c1
0.00118177457740453	-0.395067905800166	0.008	0.01	1	MED15	c1
0.000103157546154053	-0.394310336054963	0.012	0.016	1	NUCB1	c1
0.000822574420180524	-0.393882088377286	0.009	0.012	1	FOSL2	c1
0.000356936167798389	-0.392354977929729	0.01	0.013	1	COPZ1	c1
0.00150725759996278	-0.391551572348099	0.008	0.011	1	IRF2	c1
9.68036729298741e-05	-0.3911212895924	0.013	0.017	1	PRNP	c1
0.00149523190387902	0.390619098959437	0.01	0.008	1	NSUN6	c1
9.14329145062768e-05	0.390073456368751	0.014	0.011	1	MRPL14	c1
0.000358187800803726	-0.389872743395141	0.01	0.014	1	HIGD1A	c1
0.00196762143645119	-0.388546048465689	0.008	0.011	1	ADRBK1	c1
0.00196131968006765	-0.38772986139569	0.008	0.01	1	RTFDC1	c1
0.000214407058720663	-0.387560937440122	0.012	0.016	1	TUBA1C	c1
0.00271234698496524	-0.386913857391534	0.007	0.01	1	FIP1L1	c1
0.000887984523164867	0.386764521338175	0.01	0.008	1	PBX4	c1
0.000373270756403757	0.386248593207547	0.012	0.009	1	SORL1	c1
0.000222802506861145	0.384822179841843	0.013	0.01	1	EPB41	c1
0.000181665264060435	-0.382909827541897	0.011	0.015	1	MAP4K1	c1
0.000379963223205189	-0.382842051893618	0.011	0.014	1	STXBP2	c1
0.00358048190550498	-0.376057532667296	0.008	0.01	1	KDM5A	c1
0.000912146522916959	-0.375674720129897	0.009	0.012	1	CCSER2	c1
0.00236044660249375	-0.37424218957064	0.008	0.01	1	MRFAP1L1	c1
0.0011383452859709	0.373852293341787	0.011	0.008	1	OXA1L	c1
0.000263167354852169	0.373614745135254	0.013	0.01	1	P2RY10	c1
0.000336223331618582	-0.371658619586105	0.012	0.015	1	SERINC1	c1
0.00192063334102897	-0.37146270245263	0.009	0.011	1	KCNAB2	c1
0.000744124200781908	0.371141154686276	0.012	0.009	1	GIMAP2	c1
0.00131336353931268	-0.371139424769434	0.008	0.011	1	TES	c1
0.00202733042255103	-0.368644020264792	0.009	0.011	1	XRN1	c1
0.00044352217820941	-0.368346996270148	0.012	0.015	1	PDCL3	c1
0.000276807645032065	-0.367200663032626	0.012	0.016	1	DOCK8	c1
0.00126914683776796	0.366624198335785	0.014	0.011	1	OSM	c1
0.00478103166109544	-0.36601969290872	0.007	0.01	1	APOL6	c1
0.000322822441747386	-0.365879513635456	0.012	0.016	1	HM13	c1
0.000310120035336503	-0.365134332315798	0.012	0.016	1	RAB2A	c1
0.00549910067636424	-0.360825316829868	0.008	0.01	1	KMT2A	c1
0.000146856559323624	-0.360136157350634	0.014	0.018	1	DCTN3	c1
0.000238879338721186	-0.357968246256458	0.012	0.015	1	SRSF9	c1
0.000478990064725166	-0.357968246256458	0.012	0.015	1	THRAP3	c1
0.00138075939905083	-0.357005918056561	0.011	0.014	1	ARRDC3	c1
0.000561382286819061	-0.353451782413206	0.011	0.015	1	NRBP1	c1
0.00246100107080607	0.353351841242747	0.01	0.008	1	CRTAP	c1
0.0030761254460063	-0.352229513783841	0.009	0.011	1	RNPEPL1	c1
0.00036005930427905	-0.352078179490352	0.012	0.016	1	RPA3	c1
0.0112861620178847	-0.351433347174308	0.008	0.01	1	LINC00936	c1
0.000693899997287863	-0.350573491159451	0.012	0.015	1	YWHAH	c1
0.00322339237898011	-0.349930626667169	0.009	0.011	1	FIBP	c1
0.00577956930408546	-0.34951597571703	0.008	0.01	1	SF3B4	c1
0.00172682680290829	-0.349498395489025	0.01	0.013	1	DNAJB14	c1
0.00355445231633995	-0.349487969018832	0.009	0.011	1	DOCK10	c1
0.000510235140446793	-0.348269791094734	0.012	0.016	1	TIAL1	c1
0.00181422756665248	-0.348132475482023	0.01	0.013	1	RAB14	c1
0.00123093185649106	0.347796597409578	0.012	0.009	1	CHN1	c1
0.000369885529691103	-0.347576677526733	0.013	0.016	1	AKAP9	c1
0.00259068161228948	-0.347568214855467	0.009	0.011	1	MAZ	c1
0.00448593084376951	-0.344354322476232	0.008	0.011	1	PHF11	c1
0.00558677791511295	-0.344164481691578	0.009	0.011	1	PLEC	c1
0.000310518473298186	-0.34300541689764	0.014	0.018	1	XRCC5	c1
0.00179956699956217	-0.342481503034231	0.01	0.013	1	ARL6IP6	c1
0.00169425448600142	-0.341907637792664	0.011	0.013	1	ZNF207	c1
0.00336101252727659	0.341574673466394	0.01	0.008	1	REXO2	c1
0.00307958219550868	-0.3414030439422	0.009	0.012	1	SMG1	c1
0.0139142210429013	-0.340909301969219	0.008	0.01	1	ARL4D	c1
0.00188170399352907	0.34069149238598	0.012	0.009	1	AKR1A1	c1
0.00244898365979152	-0.340095289756806	0.01	0.013	1	CCT7	c1
0.00262950735880759	-0.340046891517771	0.009	0.011	1	KDELR2	c1
0.00756738638560222	-0.339451666037301	0.008	0.01	1	METTL23	c1
0.00568432834925895	-0.338447436875324	0.008	0.01	1	WBSCR22	c1
0.00428830408661945	-0.338163477358782	0.009	0.011	1	ILK	c1
0.00706502103977186	-0.337544104227473	0.008	0.01	1	SRPR	c1
0.00175013108847767	-0.337320100649523	0.011	0.014	1	COX20	c1
0.00436119720434311	-0.337173992619263	0.009	0.011	1	FAM96A	c1
0.00131243371983448	-0.336401868917525	0.012	0.015	1	TGOLN2	c1
0.00676263334449008	-0.335740199195036	0.008	0.01	1	TMEM167A	c1
6.45920388830627e-05	0.335727690467993	0.019	0.015	1	ADD3	c1
0.000554276182492988	-0.334495986358768	0.014	0.017	1	C19orf10	c1
0.00106826035696924	-0.333557427129067	0.012	0.015	1	COPS6	c1
0.00105358526064025	-0.332144737941757	0.012	0.015	1	ADRM1	c1
0.000243890369371107	-0.331456057169819	0.016	0.02	1	DDX6	c1
0.0044523570131259	-0.331146333029323	0.009	0.012	1	TAOK3	c1
0.000496755411157452	-0.330933436247282	0.014	0.018	1	PPP2CA	c1
0.000495580287283687	-0.330670331721753	0.014	0.018	1	NAPA	c1
0.00806238123549756	-0.329512728917386	0.008	0.01	1	HNRNPAB	c1
7.99975231248338e-05	-0.32948300989585	0.018	0.022	1	SF3B2	c1
0.00244672580944594	-0.327799456801863	0.011	0.014	1	TANK	c1
0.00954360515427281	-0.324937845595851	0.008	0.01	1	ZFAND6	c1
0.00490383518900372	0.324076918867234	0.011	0.008	1	MRPL11	c1
0.000677009067447578	-0.321711313997552	0.014	0.018	1	TSC22D4	c1
0.000460307784773995	-0.321428921726878	0.014	0.018	1	HNRNPM	c1
0.000348734897715056	-0.321205579693653	0.016	0.019	1	TAX1BP1	c1
0.000340619374007528	-0.318675021223139	0.016	0.02	1	VAMP5	c1
0.0116372660536927	-0.318390050509472	0.008	0.01	1	RAB8A	c1
0.0105639087759063	-0.317322074214275	0.009	0.012	1	KLF10	c1
9.19195316154839e-05	-0.316538813538738	0.02	0.025	1	CTSA	c1
0.0120829943989334	-0.314521229650513	0.008	0.01	1	SNRNP200	c1
0.00102273394150035	-0.314148933260358	0.013	0.016	1	CDC42EP3	c1
0.00171598443962058	0.313329994909726	0.013	0.011	1	NCF4	c1
0.000573907540094373	-0.312647231569315	0.016	0.019	1	PIN1	c1
0.000473127248401043	-0.312464911963248	0.015	0.019	1	CYFIP2	c1
0.0014719380901845	0.312289184620862	0.014	0.012	1	APEX1	c1
0.000180715789501896	0.311726295570796	0.02	0.016	1	TRAPPC6A	c1
0.0139765658949431	-0.311274943643704	0.008	0.01	1	SMARCE1	c1
0.000685998044330725	-0.311045126972813	0.015	0.019	1	ATF7IP	c1
0.0116641609981547	-0.310652951734339	0.008	0.01	1	BPTF	c1
0.00173182388959956	-0.309613171479682	0.013	0.016	1	MLF2	c1
0.0128428820280138	-0.308558184199843	0.008	0.01	1	PYCR2	c1
0.00117630853902672	-0.308123553339196	0.014	0.018	1	H3F3A	c1
0.00833629369765075	-0.308103812973163	0.008	0.011	1	TMPO	c1
0.00962963131332831	-0.307028159068155	0.008	0.01	1	NDUFA10	c1
0.000362438592136611	-0.307010437523009	0.016	0.02	1	LPXN	c1
0.0116327678176086	-0.305663285259086	0.009	0.011	1	CCS	c1
0.000874941224221706	0.305200219057636	0.016	0.013	1	SUSD3	c1
0.000470277413133347	-0.305170487832104	0.016	0.02	1	RNF181	c1
0.00252929742161083	-0.304836639539341	0.012	0.014	1	ACADVL	c1
0.00418369874442375	0.304710709793087	0.012	0.01	1	IGBP1	c1
0.010934892385176	-0.304350474398805	0.009	0.011	1	GLS	c1
0.0098773202308626	-0.304071119806833	0.008	0.011	1	MRPS18C	c1
0.013885054212265	-0.303760445234244	0.012	0.014	1	RN7SL1	c1
0.0160951804591734	-0.303271644605855	0.008	0.01	1	ATHL1	c1
0.00494488983544345	-0.303172025417928	0.018	0.021	1	CTSB	c1
0.010668883535081	-0.303036237076428	0.009	0.011	1	UBE2S	c1
0.00613072578070889	0.302961560449335	0.012	0.01	1	TMEM106B	c1
0.00331104119409396	0.302802899079312	0.012	0.01	1	NABP1	c1
0.000983035272816508	-0.302587045380304	0.015	0.018	1	AP2M1	c1
0.0131276618643436	-0.300472517623213	0.008	0.01	1	SLIRP	c1
0.00113992910610671	-0.300051715580285	0.014	0.017	1	CGGBP1	c1
0.000185725390022447	-0.299303360340041	0.019	0.023	1	TMEM2	c1
0.000466442205488226	-0.298795366567911	0.017	0.022	1	RAD21	c1
0.00937357397412457	-0.298724855336945	0.01	0.012	1	ATP2B1	c1
0.0225388964384407	-0.297800939172875	0.008	0.01	1	SDR39U1	c1
0.00788217116279228	-0.297619200634045	0.01	0.012	1	VDAC3	c1
0.0120365642000538	-0.297471246243537	0.009	0.011	1	PDCD10	c1
0.00908776031806459	-0.297221264746558	0.009	0.011	1	SNRPE	c1
0.0112836789428817	-0.29713423219799	0.009	0.011	1	POLR2A	c1
0.00195890151490553	-0.297111403119323	0.014	0.017	1	MAGOH	c1
0.016319026030782	-0.296722288624767	0.008	0.01	1	TMEM14A	c1
0.0150833299927204	0.296089237768107	0.01	0.008	1	MPRIP	c1
0.000166162465712293	-0.29605072103862	0.02	0.025	1	WAS	c1
0.00999749318355514	-0.294346414826371	0.01	0.012	1	SLFN5	c1
8.13715676255701e-05	-0.294037105709918	0.022	0.027	1	ATP6V0B	c1
0.000155227719985585	0.294026487584885	0.023	0.018	1	SVIP	c1
0.0137868280430463	-0.293767135540977	0.009	0.011	1	IRF2BP2	c1
0.00700260660516067	-0.293011204142552	0.009	0.011	1	SMS	c1
0.0171899506616075	-0.293011204142552	0.009	0.011	1	NENF	c1
0.0058693656130292	-0.292640092875969	0.011	0.014	1	SEPT2	c1
0.0100305865753983	-0.291983277457891	0.009	0.012	1	UBE2J1	c1
0.0120900645861059	-0.291911169746223	0.009	0.011	1	RALGAPA1	c1
0.0105008518975637	-0.290504348531977	0.009	0.012	1	AP3S1	c1
0.00261945744768956	0.290198112451213	0.015	0.012	1	PDE3B	c1
0.0189812886635824	-0.289831606602841	0.008	0.01	1	NUTM2B-AS1	c1
6.65923306306296e-05	-0.288365437775642	0.024	0.03	1	SH3BGRL	c1
0.00120690111690922	-0.288130843679286	0.017	0.02	1	RER1	c1
0.012962045810629	0.287915306322406	0.01	0.008	1	USF2	c1
0.00163802953369178	-0.287882287499623	0.014	0.018	1	PNRC2	c1
0.00278702697225255	-0.287523322898537	0.013	0.016	1	SEMA4D	c1
0.0130796991354637	-0.286885790361016	0.009	0.011	1	TAF15	c1
0.0014018431995177	-0.286679874560824	0.016	0.019	1	RASSF5	c1
0.00359283417008386	-0.286316551568544	0.013	0.016	1	EIF4H	c1
0.0126134341730609	-0.286161393873034	0.01	0.012	1	MIER1	c1
0.00086351235664874	-0.285917079036325	0.024	0.028	1	DUT	c1
0.000609396081561903	-0.284900924909531	0.018	0.022	1	UQCRFS1	c1
0.0202526945457537	-0.284819253311727	0.008	0.01	1	CTDSP1	c1
0.00754057393147317	0.283581562938574	0.012	0.01	1	PSIP1	c1
0.0114776906294737	-0.283511761390439	0.01	0.013	1	PSMD7	c1
0.00196098053488023	-0.283471777602373	0.014	0.018	1	SNX17	c1
0.00347986907998464	-0.283425718954064	0.013	0.016	1	GADD45GIP1	c1
0.00285856154817837	-0.283233162779791	0.014	0.017	1	PAFAH1B1	c1
0.00341961023278711	-0.283200794431623	0.013	0.016	1	MRPL51	c1
0.00494651589188299	-0.282684844072678	0.013	0.015	1	RNF187	c1
0.00754146496666296	-0.282539204516354	0.011	0.014	1	MDH1	c1
0.00951005140551135	-0.282330417086277	0.01	0.012	1	SYNRG	c1
0.00393343457834336	-0.281896534458989	0.015	0.018	1	LDLRAD4	c1
9.279299131196e-05	0.281390842966852	0.026	0.022	1	PPP1CC	c1
0.0192169523885586	-0.278381349203021	0.008	0.01	1	SSB	c1
0.00424511741353444	-0.277881813408638	0.013	0.015	1	METTL9	c1
0.0174039027894665	-0.276964336598135	0.009	0.011	1	CSNK1D	c1
0.00021043608244053	-0.276926175236654	0.022	0.027	1	LSM8	c1
0.00503485040410297	0.276610150856254	0.014	0.011	1	MBOAT7	c1
0.00218665052305767	-0.275950198489143	0.015	0.018	1	PPP2R1A	c1
0.00819150345824997	0.274659209620141	0.012	0.01	1	LOC646513	c1
0.0253353964308114	-0.274583160004942	0.008	0.01	1	ADAR	c1
0.00266405124043926	0.27453309440166	0.016	0.013	1	SRSF8	c1
0.000866661345269926	-0.273496827673145	0.02	0.024	1	SNRNP70	c1
0.00437390388561935	0.271089819088258	0.015	0.013	1	LOC100131564	c1
0.000675893440677786	-0.270921176168839	0.02	0.024	1	RAB11B	c1
0.0226780039206021	-0.27089064714022	0.009	0.011	1	STK38	c1
0.00399908198740237	-0.270680224157001	0.014	0.017	1	RPN2	c1
0.0276856917541106	-0.270343053967124	0.008	0.01	1	TADA3	c1
0.00319990809280797	-0.269115810814935	0.015	0.018	1	ANKRD10	c1
8.10498420531738e-05	-0.268400161825113	0.026	0.031	1	ANAPC11	c1
0.00347566546483993	-0.267825958863194	0.015	0.018	1	TMX4	c1
0.00690356159867726	-0.267679914185931	0.013	0.016	1	TMUB1	c1
0.000554552681409305	-0.266984989580294	0.021	0.026	1	MGST3	c1
0.00348384347140969	-0.266667395823725	0.015	0.018	1	CHMP4A	c1
0.0010801672092057	0.266590529323464	0.02	0.017	1	A1BG	c1
0.0277933314190431	-0.266452408690709	0.008	0.01	1	IAH1	c1
0.00144767261145247	-0.266143065437838	0.019	0.023	1	BTG3	c1
6.22628197440973e-05	-0.266057988112741	0.028	0.033	1	CCDC107	c1
0.0183769031991657	-0.265812143616072	0.01	0.012	1	IER3IP1	c1
0.00772891403271851	-0.26511451733476	0.013	0.015	1	NDUFAB1	c1
0.00740574872894953	-0.264712754505613	0.013	0.015	1	FAM195B	c1
0.0306515329135423	-0.264178521934839	0.008	0.01	1	NDUFS3	c1
0.00224275134078398	-0.263938391757264	0.017	0.021	1	POLR2E	c1
0.00327205303036019	-0.262968398843597	0.015	0.018	1	ZNF428	c1
0.00122683979366984	0.261853486757252	0.03	0.026	1	RPS4Y1	c1
4.84725044997784e-05	-0.261655373798154	0.03	0.036	1	SRP9	c1
0.000172247821392314	-0.260532700406926	0.073	0.081	1	TNF	c1
0.0071521411761611	0.260420646355648	0.014	0.012	1	FAM102A	c1
6.38321975945035e-05	-0.259437332484986	0.03	0.036	1	H2AFV	c1
7.91873197345384e-05	-0.258395108702715	0.028	0.034	1	ERH	c1
0.0100875112447148	-0.258201557445803	0.012	0.015	1	LUC7L3	c1
0.0391134399484331	-0.257547448662035	0.008	0.01	1	CHORDC1	c1
0.00836156710172222	-0.257236467153903	0.012	0.015	1	FDFT1	c1
0.0341781847696695	0.257177136109719	0.011	0.009	1	GRPEL1	c1
0.00354940434702415	-0.257033256358315	0.016	0.019	1	RBBP4	c1
0.0137489236844263	-0.256974100419284	0.012	0.014	1	FKBP2	c1
0.0131992833980353	-0.256418493361524	0.012	0.014	1	ENY2	c1
0.00205559049769449	-0.256213831462495	0.018	0.022	1	GDI2	c1
9.39138402630488e-05	-0.256132978612477	0.03	0.035	1	FKBP8	c1
0.0230194044589371	-0.256132978612477	0.01	0.012	1	SDHC	c1
0.00406157520387523	-0.255975207877608	0.015	0.019	1	UBE2L3	c1
0.00125320837290261	0.255886031807131	0.022	0.019	1	MRPL18	c1
0.00690537605750177	-0.255582532187951	0.014	0.017	1	GSDMD	c1
0.00387850241440863	-0.254488917552127	0.016	0.019	1	PAPOLA	c1
0.019569162775829	-0.254094673629788	0.011	0.013	1	LENG8	c1
0.00141376211797288	-0.253287279078583	0.022	0.026	1	DNPH1	c1
0.0386153548907356	-0.252687660224997	0.009	0.01	1	MESDC2	c1
0.0010682915106855	-0.252016870140246	0.022	0.026	1	UBXN4	c1
0.019268976290607	-0.251949326656496	0.01	0.012	1	ATP6AP2	c1
0.000207227558473718	-0.251714787771481	0.027	0.032	1	SRI	c1
0.0185485193711437	-0.251008532089662	0.011	0.013	1	PNN	c1
0.00839014390204255	-0.250719482426113	0.014	0.017	1	GLRX	c1
0.0173772291555577	0.249922251587342	0.013	0.011	1	LIMS1	c1
0.00210279974646245	-0.249109249855748	0.02	0.023	1	ZNHIT1	c1
0.0199921506166012	-0.248947975911419	0.011	0.013	1	RHEB	c1
0.022147909408763	-0.248930135678435	0.01	0.012	1	PPP1R7	c1
0.0141657200478559	-0.248897652423548	0.012	0.014	1	RTF1	c1
0.00794605915610527	0.248148809396122	0.015	0.013	1	C1orf162	c1
0.00439254532436131	-0.247343585743004	0.017	0.02	1	RNH1	c1
0.0786164183817774	-0.247328893225339	0.019	0.021	1	FOXP3	c1
0.0385215651001936	-0.247260386259649	0.009	0.011	1	APOA1BP	c1
0.0015816002109646	-0.247197885167743	0.02	0.024	1	ATP5A1	c1
0.00117923108045689	-0.245830610015582	0.029	0.033	1	LOC284454	c1
0.000284383655931879	0.244178544768062	0.028	0.023	1	ARID5A	c1
0.00223090018232805	-0.243574790698604	0.072	0.078	1	HSPB1	c1
0.00244424333420512	-0.242480044727072	0.022	0.025	1	PHPT1	c1
0.0134206331186381	0.242250408314444	0.014	0.012	1	RGS14	c1
0.0106384956753539	0.241736114713428	0.015	0.012	1	ARL4A	c1
0.00589292637951991	0.240859168127756	0.019	0.016	1	PHF1	c1
0.00150640698714732	-0.240694630789672	0.022	0.026	1	SRSF10	c1
0.00973767640471882	0.240324715055701	0.015	0.013	1	CLNS1A	c1
0.00145719278481902	-0.240207459265977	0.023	0.027	1	RNF149	c1
7.45976232844491e-05	-0.23962120221812	0.05	0.057	1	TUBB4B	c1
0.000617753823827823	0.238769873644211	0.028	0.024	1	SNHG7	c1
0.00915959997169141	-0.238590943801476	0.014	0.017	1	OCIAD1	c1
0.000158360603812169	-0.238403821133245	0.032	0.038	1	NDUFB10	c1
0.0213209296590075	-0.237443104780563	0.011	0.013	1	ATOX1	c1
0.000484861309054107	-0.236653289711454	0.027	0.032	1	TMBIM4	c1
0.011259618270994	0.236344724378393	0.016	0.014	1	C1orf43	c1
0.00760352124965235	-0.235922041217892	0.017	0.02	1	GPS2	c1
0.00533702441302524	-0.235715057811145	0.018	0.021	1	SNX3	c1
0.0419787107627034	-0.235445067159867	0.009	0.011	1	TSTA3	c1
0.0102133577845022	0.235052528389965	0.016	0.013	1	NMRK1	c1
4.8906278612097e-05	0.23434057340851	0.039	0.033	1	CSDE1	c1
0.0284167556690874	0.233770225490075	0.012	0.01	1	ITGB2-AS1	c1
0.014430311421694	-0.233473403495599	0.015	0.017	1	TRA2A	c1
0.00804411707281157	-0.233308946950435	0.016	0.019	1	MAF1	c1
0.0101253886062737	0.23315992995076	0.016	0.014	1	SARS	c1
0.00113968023142992	-0.233063890566675	0.024	0.029	1	H2AFJ	c1
0.0188653466115109	-0.233024373497352	0.081	0.085	1	EGR1	c1
0.0150359483556321	-0.231610659478409	0.014	0.017	1	NONO	c1
0.000309750029192138	-0.231326915738505	0.032	0.037	1	IDS	c1
0.0344671158656346	0.231241531490364	0.012	0.01	1	KANSL1-AS1	c1
0.00226895340781363	-0.231208850524165	0.023	0.026	1	NUCKS1	c1
0.00795032743859589	-0.230534422919069	0.017	0.02	1	SCAF11	c1
0.0528863547697124	-0.230512300048966	0.008	0.01	1	SURF2	c1
0.0138883960041912	-0.22976695949472	0.015	0.017	1	TALDO1	c1
0.0380603184936586	-0.229701069469777	0.009	0.011	1	DDX46	c1
0.024413929671672	-0.229351152296283	0.012	0.014	1	SUPT4H1	c1
0.0436770553870233	-0.228844225187032	0.01	0.012	1	ANP32E	c1
0.000888235564545696	0.228227455186173	0.028	0.024	1	DANCR	c1
0.0392517978741706	0.227915926413038	0.012	0.01	1	C15orf61	c1
0.0484641950665304	-0.227788948526	0.009	0.011	1	ELAVL1	c1
0.0424741607789629	0.227718730989429	0.011	0.009	1	RNF138	c1
9.69980349228425e-05	0.227343956330643	0.038	0.032	1	ANKRD12	c1
0.00720636406627193	-0.227205480358408	0.019	0.022	1	SLC38A1	c1
0.0015265576611383	0.227190705753151	0.025	0.021	1	FAM65B	c1
0.0172910219077596	-0.22709719645133	0.014	0.016	1	PDAP1	c1
0.0172354789433022	0.226950029436762	0.014	0.012	1	LOC100996740	c1
0.0192727235037356	-0.226592584711784	0.013	0.015	1	CMC2	c1
0.0475927373663237	0.224946109238702	0.011	0.009	1	HPCAL1	c1
0.0258144421085254	0.224849032546576	0.013	0.011	1	YDJC	c1
0.0457744594798808	-0.224667459218216	0.009	0.011	1	PTRHD1	c1
0.00141546496466525	-0.224443379532151	0.024	0.028	1	AIP	c1
0.0476651646641255	0.224223214050284	0.01	0.008	1	NACAP1	c1
0.0279418206756958	-0.223731366048822	0.011	0.013	1	GABPB1-AS1	c1
0.00260896871720664	-0.223613438108649	0.023	0.027	1	CAST	c1
0.0391449846728146	0.223595110604183	0.013	0.011	1	DNAJC19	c1
0.0346492529886843	-0.2233084417202	0.012	0.014	1	MAT2A	c1
0.0124665061412438	0.223305695456455	0.016	0.014	1	CYLD	c1
0.00661935245002492	-0.223124193590579	0.019	0.023	1	C17orf62	c1
0.0776726386441849	-0.222941064719342	0.011	0.013	1	HIST1H1C	c1
0.00781205937695223	0.22276085046305	0.019	0.016	1	SMAP2	c1
0.00115245092050129	-0.22240118281772	0.025	0.03	1	AUP1	c1
0.0245394955145782	-0.222360302000644	0.013	0.015	1	APH1A	c1
0.0351841681631341	-0.222103573734033	0.011	0.013	1	PLEKHJ1	c1
0.00977353918987103	-0.221655578838729	0.017	0.02	1	STRAP	c1
0.0507318399160587	-0.221556994814486	0.009	0.011	1	PHF5A	c1
0.00418682576983878	0.221352782255457	0.021	0.018	1	CCDC167	c1
0.00645074676110477	-0.221279295341512	0.018	0.022	1	DDOST	c1
0.0324702948415439	-0.221279295341512	0.012	0.014	1	NFE2L2	c1
7.29635710786175e-05	-0.220960070476922	0.04	0.047	1	LSM7	c1
0.0329121654373374	-0.219996030575693	0.011	0.013	1	GOLPH3	c1
0.032349294404227	0.219795502009476	0.014	0.012	1	MRPL55	c1
0.884787544844967	-0.219597048317707	0.32	0.313	1	HSPA1A	c1
0.0251317748387452	-0.219286441097813	0.012	0.014	1	TEX264	c1
0.00300804898339444	-0.218889099696552	0.023	0.027	1	ATP5F1	c1
0.0120168154886754	-0.218615863988951	0.016	0.019	1	ANP32A	c1
0.0287078194821883	-0.218613318949536	0.013	0.015	1	NDUFV1	c1
0.0681081802029295	-0.218444519991257	0.009	0.01	1	JOSD2	c1
0.0117415436810047	-0.218068668951489	0.019	0.022	1	CHCHD10	c1
0.128559195437667	-0.217925744367617	0.008	0.01	1	GLA	c1
0.0365235213524412	-0.217804859953378	0.01	0.012	1	TMEM9B	c1
0.000292333051487869	-0.217782805623122	0.034	0.039	1	PMAIP1	c1
0.0357076329106475	-0.217567711100886	0.011	0.013	1	PHIP	c1
0.0298142977453921	0.217129330488276	0.014	0.012	1	MRPL34	c1
0.00357361942061688	-0.216188866014365	0.024	0.027	1	RNF7	c1
0.00464008154030862	0.215205548473096	0.023	0.02	1	PCNP	c1
0.0312838395132049	-0.215204061926261	0.013	0.015	1	NUDC	c1
0.000398128796170979	-0.214565962846708	0.034	0.039	1	MAP1LC3B	c1
0.0447246991196343	-0.214435515670277	0.009	0.011	1	DECR1	c1
0.0118189431336636	-0.213962793658984	0.019	0.022	1	GNAS	c1
0.0153300203290339	-0.213079376586811	0.017	0.019	1	FGFR1OP2	c1
0.0705024058159661	-0.212952494746163	0.008	0.01	1	BRWD1	c1
0.0795417815641346	-0.212952494746163	0.008	0.01	1	CWC15	c1
0.0122145412968003	-0.212849731369746	0.017	0.02	1	LAMTOR1	c1
0.00163965535643211	0.21271130483808	0.03	0.026	1	SBDS	c1
0.0492936794000991	0.211544514903586	0.012	0.01	1	PLK3	c1
0.060413485164814	-0.211199199455448	0.01	0.011	1	ANXA7	c1
0.0236389161361704	-0.210985138751966	0.013	0.015	1	SNRPA1	c1
0.00870874706398127	-0.210820274571282	0.021	0.024	1	SIVA1	c1
0.0527643067611888	-0.210362925774369	0.011	0.012	1	PHB	c1
0.0307602752281429	-0.209668106597731	0.015	0.017	1	EIF4E	c1
0.0246761475644372	-0.209474742523764	0.015	0.018	1	SF3A2	c1
0.000168395244132404	-0.209005758597549	0.041	0.048	1	NDUFB8	c1
0.0320941305338031	0.208466152666849	0.014	0.012	1	LRP10	c1
0.000121383764184434	-0.208366115710422	0.041	0.047	1	ACAP1	c1
0.0614047385257288	0.208106113973006	0.012	0.01	1	ABLIM1	c1
0.00668008018343373	-0.20769803953408	0.021	0.024	1	TUFM	c1
0.0131779717284728	-0.207569448335185	0.018	0.021	1	HP1BP3	c1
0.0598642649789377	-0.206948605244139	0.01	0.012	1	SRA1	c1
0.0777492593314191	-0.206309221115549	0.008	0.01	1	COA1	c1
0.0642822064489166	-0.206261230461532	0.01	0.012	1	LOC643733	c1
0.0726910512244716	-0.206127611708172	0.009	0.011	1	MECP2	c1
0.038124121882383	-0.205847563413327	0.013	0.015	1	RNF114	c1
0.00672911411996198	-0.204643611878139	0.021	0.025	1	TMC6	c1
0.0126695455006126	-0.204535158952631	0.025	0.029	1	CD83	c1
0.00115194481462652	-0.204096108966676	0.031	0.036	1	EMB	c1
0.0219620932706326	0.203787793249115	0.017	0.015	1	BTF3L4	c1
0.0158517945231751	0.203647863887285	0.018	0.015	1	NCF1	c1
0.0486455305907366	-0.203565162909297	0.011	0.013	1	SMIM7	c1
0.0175931744131372	0.203503632501372	0.019	0.016	1	CYTH1	c1
0.00476071528914986	-0.203171473953577	0.025	0.029	1	MEAF6	c1
0.000490713724300686	-0.202784624761883	0.038	0.043	1	SF3B5	c1
0.045026273044074	0.202365088129191	0.012	0.01	1	RELB	c1
0.0654728191806331	0.202239575267119	0.014	0.012	1	OSBPL8	c1
0.00198837915810838	0.201890198372974	0.03	0.026	1	LOC642441	c1
0.000818732042236677	-0.201789101467663	0.036	0.041	1	JAK1	c1
0.0149312111442633	-0.201635600032919	0.017	0.02	1	TMEM256	c1
0.0303129415969534	-0.201155153074892	0.014	0.016	1	PCED1B	c1
0.0762066314732859	0.200975041011282	0.011	0.01	1	DPY30	c1
0.000401933308328448	-0.200194894647177	0.04	0.046	1	BAX	c1
0.0798624498765919	0.199096296066319	0.011	0.009	1	AIMP1	c1
0.0639832466822142	0.19816047016665	0.013	0.011	1	AKIRIN1	c1
0.000191272580449403	-0.197751855462372	0.044	0.05	1	CLK1	c1
0.00104240474021864	0.197627033816956	0.044	0.039	1	SNHG9	c1
0.0601207533178269	-0.197578131880046	0.013	0.014	1	POLR2I	c1
0.01343941415793	-0.19738317899535	0.018	0.021	1	C1orf86	c1
0.000456294498995876	-0.19665351757193	0.038	0.044	1	NEDD8	c1
0.074981717933114	0.19664410659566	0.011	0.01	1	LAGE3	c1
0.000974300759827749	-0.196277586366128	0.048	0.054	1	JUND	c1
0.00172146587258519	-0.19624687223313	0.036	0.041	1	DDX3X	c1
0.0938557854469437	-0.196111978257022	0.009	0.01	1	FLOT2	c1
0.0264003866625071	0.196043322703251	0.016	0.014	1	EPB41L4A-AS1	c1
0.057729362806589	-0.195986749747687	0.012	0.013	1	FBXW5	c1
0.00136803966676301	-0.195541404770887	0.039	0.044	1	POLD4	c1
0.103576520047048	-0.195301095777095	0.009	0.01	1	NIPBL	c1
0.00921691730411586	-0.195168663510349	0.022	0.025	1	MRPL52	c1
0.00230417908162413	-0.194791164842147	0.031	0.036	1	WSB1	c1
0.00866844851887473	0.19434381439336	0.025	0.022	1	PTGER2	c1
0.0743077323069071	-0.194202210232845	0.011	0.012	1	CD46	c1
0.00198692401332169	-0.193490135059352	0.033	0.038	1	NDUFB4	c1
0.053419647470422	-0.193000510084177	0.013	0.014	1	SLTM	c1
0.0195519100066896	0.193000166507236	0.022	0.019	1	ID3	c1
0.00239559212024906	-0.192489168753515	0.032	0.037	1	FAM96B	c1
0.0161608524554681	0.191638622852242	0.022	0.019	1	MAX	c1
0.00889517990849861	0.191355735825791	0.025	0.022	1	RBL2	c1
0.063547390023061	-0.191162182464539	0.012	0.014	1	ILF2	c1
0.00441023485890006	0.191021609635803	0.03	0.026	1	EIF3D	c1
0.0607155096255473	0.190583402592718	0.014	0.012	1	MFNG	c1
0.0807301171876625	-0.190494805690913	0.01	0.011	1	NCK1	c1
0.111904413852194	0.190358342738763	0.01	0.008	1	USP3	c1
0.00943736417499656	-0.190276568927545	0.024	0.027	1	NDUFS8	c1
0.0659245735745993	-0.19017576754649	0.012	0.013	1	ETFB	c1
0.11808532685933	-0.189937810313487	0.009	0.01	1	PERP	c1
0.000473102300028275	-0.189871985425486	0.042	0.048	1	PET100	c1
0.0359958041551465	0.189737457427409	0.017	0.015	1	NOL7	c1
0.00309793703323255	-0.189696358051916	0.031	0.036	1	KMT2E	c1
0.00120834277210276	0.189692354038438	0.036	0.032	1	EML4	c1
0.015804268580333	-0.189638389003092	0.019	0.022	1	HMHA1	c1
0.0796224557168321	-0.189408160993445	0.01	0.012	1	CAMLG	c1
0.116394586433195	-0.189175393158012	0.009	0.01	1	MRPS15	c1
0.0817546231071164	-0.188665220619924	0.011	0.013	1	NINJ1	c1
0.0162065894264545	-0.188592801182667	0.022	0.025	1	PRMT2	c1
0.0422798081538299	-0.188400839759893	0.014	0.016	1	SSR1	c1
0.0282687195475593	-0.18832930148703	0.017	0.019	1	ATRX	c1
0.00606038111646018	-0.18814746647335	0.026	0.03	1	LOC374443	c1
0.0206510517428286	-0.187479397921701	0.019	0.022	1	SEP15	c1
0.000980335232872749	0.187335306499008	0.04	0.036	1	BRE-AS1	c1
0.0275275469719314	0.187273562585975	0.017	0.015	1	MTHFD2	c1
0.025118001774346	-0.187216540119954	0.017	0.02	1	KHDRBS1	c1
0.0201990701287619	-0.187004263580737	0.02	0.023	1	SF3B6	c1
0.0793336114917614	0.186862413897618	0.012	0.011	1	PER1	c1
0.00164969957770181	-0.186155887482546	0.037	0.042	1	CCDC85B	c1
0.0800277856914013	0.186088862773235	0.012	0.011	1	ZSCAN16-AS1	c1
0.0734017978408553	-0.186048082097964	0.011	0.012	1	UFD1L	c1
0.000956697071380082	-0.185692055289502	0.041	0.046	1	C11orf31	c1
0.0803871457356653	-0.185433760258952	0.011	0.013	1	NUTF2	c1
0.425437941112078	-0.185377875276412	0.012	0.013	1	CD79A	c1
0.086069295226598	-0.184816447999467	0.011	0.012	1	SMARCA5	c1
0.0850917722173253	-0.184445551399729	0.011	0.012	1	CCT3	c1
0.058194459699184	-0.184142312904428	0.013	0.015	1	KDELR1	c1
0.119997990787363	-0.183676182414707	0.009	0.01	1	GRSF1	c1
0.0733823436504292	-0.182849111236382	0.013	0.014	1	EIF4EBP2	c1
0.102447558334998	-0.182794743535363	0.01	0.011	1	SARNP	c1
0.16521804293535	0.182489720546382	0.01	0.009	1	TAZ	c1
0.000659175522342195	-0.18245578772734	0.049	0.055	1	SEC61B	c1
0.0924172328935748	-0.181750144951685	0.009	0.01	1	RNF10	c1
0.0232644693958933	-0.181741410053804	0.021	0.023	1	MRPL20	c1
0.124152484511786	-0.181344603139999	0.009	0.01	1	DCTN2	c1
0.103611995165372	0.181082899332136	0.012	0.01	1	PHF3	c1
0.0172294418585298	-0.180933772078763	0.019	0.022	1	AMD1	c1
0.047937869084347	-0.180626730759604	0.014	0.016	1	LSM14A	c1
0.0146295024016309	-0.180529726554431	0.024	0.027	1	TMED10	c1
0.000144476543561245	-0.180345877388977	0.097	0.106	1	ZFP36L1	c1
0.137213176330193	-0.179732888932771	0.009	0.01	1	TXNDC12	c1
0.0334386002690177	-0.179682867434548	0.019	0.021	1	HNRNPH1	c1
0.0155813579532666	-0.179599860901865	0.026	0.029	1	H2AFX	c1
0.0626254692320119	-0.179481812968495	0.015	0.017	1	SEC11C	c1
0.00137953698498691	-0.179083268472885	0.039	0.044	1	DAD1	c1
0.00661564134522807	-0.178814771487692	0.026	0.03	1	ARF4	c1
0.0258582141696612	-0.178388614731881	0.02	0.023	1	KTN1	c1
0.127005599739686	0.17750200584333	0.01	0.009	1	IL27RA	c1
0.0399951773637453	0.177343284786908	0.017	0.015	1	LOC101929910	c1
0.136616063627423	-0.177162875456032	0.009	0.01	1	MRPS36	c1
0.0589445451265726	-0.176927736503366	0.013	0.015	1	CLTB	c1
0.039335191398356	-0.17663930621026	0.018	0.02	1	IK	c1
0.00513209030483358	0.176474079158669	0.036	0.032	1	LOC100506248	c1
0.0135877822853194	0.176263432917161	0.025	0.022	1	TNFRSF14	c1
0.140338884742381	-0.176074459681368	0.009	0.01	1	NARF	c1
0.0456059385666942	-0.175822881292662	0.016	0.019	1	PPIG	c1
0.00441937721835229	-0.175461425534923	0.035	0.039	1	SFPQ	c1
0.121019436910164	-0.175459776402283	0.009	0.01	1	S1PR4	c1
0.0986158064483867	0.175211682740033	0.013	0.011	1	KIF2A	c1
0.00318600393208273	-0.174891113046628	0.037	0.042	1	TRA2B	c1
0.0222607314016763	0.174819265042883	0.013	0.011	1	MAGEH1	c1
0.00714218810429842	-0.174314513147001	0.032	0.036	1	SLC38A2	c1
0.0340563177528544	0.174011663177052	0.021	0.019	1	HNRNPUL1	c1
0.0822198640001061	-0.173938974581746	0.013	0.014	1	SRSF1	c1
0.0240153321744825	0.173732253867173	0.022	0.02	1	MAF	c1
0.152113219267796	-0.173115010168264	0.009	0.01	1	ANKRD11	c1
0.000653568648613092	-0.172993867874006	0.057	0.064	1	CNN2	c1
0.0400746576028233	-0.172821328270803	0.018	0.02	1	VPS29	c1
0.129655063358678	0.172779595600927	0.01	0.009	1	NCF1C	c1
0.0183592242433729	-0.172762303267179	0.025	0.028	1	TRABD	c1
0.124643863273539	-0.172607472110425	0.01	0.012	1	PPM1K	c1
0.138706129984038	-0.172501498086169	0.009	0.01	1	ALKBH5	c1
0.144597080232098	0.172043964562184	0.01	0.009	1	LETMD1	c1
0.0708322325646451	-0.171489667040838	0.014	0.016	1	TSPAN14	c1
0.0854566407853405	0.17135400749986	0.013	0.012	1	LMBRD1	c1
0.00302953102232473	-0.171142045385703	0.044	0.049	1	CSTB	c1
0.0369527079903405	0.17067705205528	0.021	0.018	1	PPP1CB	c1
0.0102314514711747	-0.170647467423456	0.027	0.03	1	DGUOK	c1
0.107718399952817	0.170308087382125	0.013	0.011	1	SUMO1P3	c1
0.0062751267927669	-0.170279118523037	0.034	0.038	1	COX17	c1
0.00354233892257926	0.170243147556836	0.04	0.035	1	CD6	c1
0.137170883075268	-0.170083390316763	0.009	0.011	1	SFT2D1	c1
0.171825352404274	0.169984576888362	0.01	0.009	1	FLI1	c1
0.0780751289230491	-0.16995614156462	0.014	0.016	1	STRA13	c1
0.00634289274812	0.169830209699184	0.035	0.031	1	NDUFV2	c1
0.154765191876431	-0.169794651876653	0.009	0.01	1	C11orf73	c1
0.0826238184070264	0.16951926643734	0.015	0.013	1	GRAMD1A	c1
0.00940173340504342	0.169464686777911	0.03	0.027	1	SMCHD1	c1
0.0151992884440262	-0.169304901840134	0.025	0.028	1	DEF6	c1
0.132494539734993	-0.168154045748896	0.01	0.011	1	KXD1	c1
0.06439086302164	-0.168023976223806	0.015	0.017	1	POLR3GL	c1
0.000181542295584892	0.167988031579902	0.065	0.058	1	EPC1	c1
0.079642657875388	0.167953627388501	0.013	0.012	1	NDNL2	c1
0.0859138942243751	-0.167764177453782	0.013	0.015	1	MEA1	c1
0.0367595949482961	-0.167546559979821	0.019	0.021	1	C7orf73	c1
0.0500334985681487	-0.167054288596471	0.018	0.02	1	H1FX	c1
0.00233386153573495	-0.166532025292136	0.059	0.065	1	CD27	c1
0.0531363414634437	-0.166503831469661	0.011	0.013	1	HSD17B11	c1
0.10295834501507	-0.166176213529775	0.012	0.014	1	KIF5B	c1
0.000174169489494315	-0.166051671049561	0.065	0.072	1	UBE2D3	c1
0.0946511907332611	-0.165735528258219	0.013	0.015	1	VIM-AS1	c1
0.0491638997526118	-0.165144899523109	0.017	0.019	1	STAT4	c1
0.0417618651579091	0.1650750799549	0.021	0.019	1	RCSD1	c1
0.143982083274046	-0.16437132201066	0.01	0.012	1	CARD8	c1
0.159724174769592	0.164364629832844	0.01	0.009	1	STT3B	c1
0.0469228549443076	-0.163820569936444	0.017	0.019	1	TRAPPC5	c1
0.161049196638306	-0.163137750969772	0.009	0.01	1	LMF2	c1
0.0520118952734694	-0.163134466784337	0.018	0.02	1	SPCS3	c1
0.0954582691295409	-0.162795467085121	0.013	0.014	1	ACAP2	c1
0.0505895619947391	-0.16230253162214	0.016	0.018	1	STUB1	c1
0.141129859120125	-0.162289598974502	0.01	0.011	1	CHMP5	c1
0.0352344761643572	-0.162198436291404	0.021	0.023	1	AURKAIP1	c1
0.00181802269072317	0.161928813964219	0.051	0.046	1	CHMP1B	c1
0.0224163910251792	-0.161915795360313	0.025	0.028	1	TCEA1	c1
0.0435124815801672	0.161885917465617	0.02	0.018	1	USP15	c1
0.000138385274474812	-0.161839781946234	0.067	0.075	1	LIME1	c1
0.0214299976827672	0.161567405836696	0.029	0.026	1	NME3	c1
0.109870607674844	-0.161439905186533	0.012	0.014	1	EIF3A	c1
0.0759688289199754	0.1612533422199	0.016	0.014	1	ATP6V0E2	c1
0.151696272047976	0.161157675959403	0.011	0.01	1	DAP3	c1
0.0391032067754854	-0.160887335743202	0.02	0.023	1	OPTN	c1
0.0171150256983123	-0.160355819309054	0.03	0.033	1	DENND2D	c1
0.00615051482483125	-0.15959941456302	0.035	0.039	1	SRRM1	c1
0.0749224253843139	-0.159473853376654	0.052	0.055	1	HSPH1	c1
0.0498658350624576	0.159428344926144	0.019	0.017	1	BCL11B	c1
0.0369518019018259	0.159170183071072	0.022	0.02	1	PRMT9	c1
0.0820276121125638	-0.158823721328228	0.015	0.017	1	LINC00869	c1
0.0531995471315477	0.158549647994624	0.02	0.018	1	GCC2	c1
0.148399719041442	0.157947487475258	0.01	0.009	1	CFAP20	c1
0.189428112937714	-0.157444640841526	0.009	0.01	1	CCDC124	c1
0.130260914168775	0.157298304553362	0.013	0.012	1	NDUFA5	c1
0.174719523018365	0.157256163614528	0.01	0.009	1	GSPT1	c1
0.0665606211631096	-0.156995344804987	0.017	0.019	1	NDUFA7	c1
0.151244413774712	-0.15650920423769	0.01	0.012	1	COQ10B	c1
0.120492321653738	-0.156426148006506	0.012	0.014	1	ZC3H15	c1
0.0876101472826504	0.156314994183195	0.016	0.015	1	GPRIN3	c1
0.121087512771707	-0.156013040584249	0.01	0.012	1	CD320	c1
0.000426061559098954	-0.155969064084765	0.063	0.071	1	RBM8A	c1
0.000259335170003965	0.155905777036531	0.076	0.068	1	GYPC	c1
0.167000707135938	-0.15527026960719	0.009	0.01	1	PNKD	c1
0.0311625947157857	-0.155183667154747	0.025	0.027	1	OTUB1	c1
0.000380393504863816	0.155109195187007	0.066	0.06	1	ATP6V1G1	c1
0.00115764433977003	0.155087690799192	0.058	0.052	1	C19orf53	c1
0.145616485099866	-0.154913079118788	0.011	0.012	1	TXNL4A	c1
0.0713128008786184	0.154727585839249	0.017	0.016	1	LINC01420	c1
0.158397299404858	-0.154534436459768	0.01	0.011	1	SHARPIN	c1
0.000205362121812047	-0.154229885416895	0.061	0.068	1	SAP18	c1
0.0511679950793601	0.153923401604961	0.022	0.02	1	TPR	c1
0.0357442962154503	-0.153808507874775	0.021	0.024	1	ATP5EP2	c1
0.149354872139614	0.15353726788151	0.013	0.012	1	DDTL	c1
0.0830162110927431	-0.153274568655124	0.015	0.017	1	ACP1	c1
0.199227543489688	0.153254459596653	0.01	0.009	1	MRPS18B	c1
0.0210630918341688	-0.152758892144703	0.028	0.031	1	JTB	c1
0.0140912124753803	0.152744318135634	0.033	0.03	1	POLR1D	c1
0.0480259192586635	0.152684882727568	0.023	0.021	1	MPHOSPH8	c1
0.035055813686121	-0.151868855292123	0.021	0.024	1	PSMA1	c1
0.203582357985126	0.151841705045592	0.01	0.009	1	PSMB4	c1
9.07011346990145e-05	0.151677848915752	0.058	0.051	1	NFKBIZ	c1
0.17731138744096	-0.151571161553291	0.01	0.011	1	THYN1	c1
0.0517744449923423	-0.151415818692109	0.021	0.024	1	PAK2	c1
0.101814455077387	0.151043665949632	0.016	0.014	1	GRK6	c1
0.0191241154133755	-0.150872992341511	0.031	0.034	1	UBE2I	c1
0.0832679456626701	0.150817889553589	0.011	0.01	1	BAG3	c1
0.111428347886139	-0.150453515242349	0.015	0.016	1	PRPF4B	c1
0.0737779095079018	-0.150385059781175	0.019	0.021	1	POLR2K	c1
0.0663077058817054	0.15027156913153	0.024	0.021	1	LINC00493	c1
0.172940127073402	-0.149688935719386	0.009	0.01	1	TBL1XR1	c1
0.0422737734408692	0.14955663878363	0.031	0.028	1	BCL3	c1
0.167471914208966	0.148819696656746	0.012	0.011	1	LOC283788	c1
0.0309765743054262	-0.148776238920316	0.026	0.029	1	RNPS1	c1
0.176140730339636	0.148734121634276	0.012	0.011	1	SF3A1	c1
0.00032774741192553	-0.147865989609222	0.074	0.082	1	NDUFA4	c1
0.130845087247491	-0.147379406433379	0.011	0.012	1	HNRNPL	c1
0.0849818408793182	-0.147091494093019	0.016	0.018	1	DPM3	c1
0.158985830519496	-0.147035898175457	0.011	0.013	1	ZRANB2	c1
0.0400928343114507	-0.146755969648738	0.024	0.027	1	C19orf70	c1
0.171055915297848	-0.146664947216943	0.01	0.011	1	DR1	c1
0.139339217901086	-0.146408336941524	0.012	0.014	1	SP140	c1
0.218065494784084	-0.146150171139217	0.01	0.011	1	TMEM248	c1
0.19174826782073	-0.145788369573787	0.01	0.011	1	SDHD	c1
0.0358818421243483	-0.1456313094034	0.026	0.029	1	PRPF38B	c1
0.120046469630135	0.145598764603637	0.016	0.014	1	ERGIC3	c1
0.0820080797418569	0.144723310469952	0.019	0.017	1	DDX21	c1
0.164147495600264	-0.144627357883769	0.011	0.012	1	AZIN1	c1
0.215873833875241	0.144612787180051	0.01	0.009	1	OSER1	c1
0.190974186759666	0.144218640511783	0.011	0.01	1	CNOT7	c1
0.170989033999409	0.143898475613798	0.013	0.011	1	KDM6B	c1
0.19237593435898	-0.143479749199743	0.009	0.01	1	EIF3J	c1
0.000142276284130147	0.143435264893861	0.087	0.079	1	SSR2	c1
0.120673956721897	-0.143315699389647	0.016	0.017	1	NKTR	c1
0.00344606210930444	0.142114605276746	0.055	0.05	1	CSRNP1	c1
0.0147155384086522	0.141898729988594	0.036	0.032	1	TOB1	c1
0.168110274704208	-0.141684980101316	0.009	0.011	1	TMEM208	c1
0.0231022731123842	-0.141284851017708	0.034	0.038	1	SERBP1	c1
0.181206880389517	-0.140636999430918	0.011	0.012	1	CCT8	c1
0.0657462818549111	0.139756368143459	0.021	0.019	1	CLPP	c1
0.0329143907810861	0.139381891159586	0.033	0.03	1	SNHG1	c1
0.175214636962921	-0.138991384203544	0.012	0.014	1	MYCBP2	c1
0.0985618457835696	-0.138714363020384	0.02	0.022	1	DDX39A	c1
0.0221380368196351	0.138667515041563	0.031	0.028	1	CD55	c1
0.044334880188104	-0.138657418679651	0.027	0.03	1	TRIM22	c1
0.0367408534318476	-0.138521155564074	0.03	0.033	1	EMD	c1
0.148610182940549	-0.1381240306003	0.014	0.016	1	TMEM160	c1
0.0233969207369887	-0.137997608706916	0.032	0.036	1	C11orf58	c1
0.000106747249540236	-0.137903040913997	0.106	0.116	1	CYTIP	c1
0.0906727071394016	-0.137488482113858	0.021	0.023	1	IFRD1	c1
0.121681860901508	-0.137453165654061	0.017	0.019	1	ZC3H12A	c1
0.141739825451104	-0.137382973470677	0.013	0.015	1	CHMP2A	c1
0.00271984897508699	-0.137267336498803	0.139	0.147	1	TAGLN2	c1
0.249481393148701	0.137094206078401	0.011	0.01	1	RSBN1	c1
0.0579056006501265	-0.136920626842901	0.026	0.028	1	SLC3A2	c1
0.187611256343433	-0.136860048492871	0.012	0.013	1	POLR2F	c1
0.0169946406911289	-0.136776574617466	0.042	0.046	1	SPCS1	c1
0.0418356601828342	-0.136044912012255	0.031	0.034	1	DYNLT1	c1
0.0916665651436935	-0.136032999496178	0.021	0.023	1	IL16	c1
0.0518101742363146	0.135907092861455	0.026	0.023	1	UPP1	c1
0.0364534149473537	0.135856940089782	0.031	0.028	1	CHURC1	c1
0.131756073464197	-0.135724608518609	0.013	0.015	1	CCDC59	c1
0.202713667097727	-0.135593756064291	0.011	0.012	1	PSMA3	c1
0.0144116371670145	-0.134591780705779	0.042	0.046	1	CD48	c1
0.0736990841198704	-0.13454469853356	0.023	0.025	1	SUMO1	c1
0.0253137275866401	0.134398503873071	0.034	0.031	1	DPP7	c1
0.154361526973491	-0.133864097973108	0.017	0.019	1	JMJD1C	c1
0.00228915336920561	0.132594613755306	0.063	0.057	1	PRDM1	c1
0.109447503493096	0.132236141264745	0.018	0.017	1	BIRC2	c1
0.252537318705348	-0.132185077502265	0.018	0.019	1	PIM3	c1
0.257819327093988	0.132027687293791	0.011	0.01	1	FUNDC2	c1
0.25236419088848	-0.131661072557594	0.009	0.01	1	PTPN1	c1
0.0417840056375093	0.1309594199063	0.015	0.013	1	GADD45G	c1
0.0888854301569313	0.1309594199063	0.021	0.02	1	PPP1R10	c1
0.0468345752639059	0.130276002062686	0.034	0.031	1	MZT2B	c1
0.494561659810802	-0.130127211055807	0.31	0.302	1	VIM	c1
0.23713784990608	0.129968898040484	0.012	0.011	1	FGD3	c1
0.101360221306526	-0.12932437491146	0.021	0.023	1	MDH2	c1
0.0978638243169508	-0.129169254752083	0.02	0.022	1	CBX3	c1
0.194547859810481	0.128654181001621	0.015	0.014	1	WBP2	c1
0.0498229823983428	-0.128482715329489	0.029	0.032	1	GABARAPL2	c1
0.125702422936013	0.128332994566159	0.022	0.02	1	LINC00116	c1
0.324519519038273	0.127759355656988	0.011	0.01	1	NUDT16L1	c1
0.144746031505169	-0.12758759493518	0.038	0.04	1	H3F3C	c1
0.315020957239911	0.127316248675113	0.013	0.012	1	TARSL2	c1
0.147687199269555	-0.127222620720278	0.013	0.015	1	C8orf59	c1
0.312203331407948	-0.126877370990033	0.011	0.012	1	PELI1	c1
0.00928554287024871	-0.126668512165429	0.056	0.061	1	MORF4L1	c1
0.228535515471298	-0.126641099876866	0.01	0.011	1	LSM3	c1
0.200446768003068	0.126599504104293	0.013	0.012	1	OTUD6B-AS1	c1
0.18573108473596	-0.126547070349303	0.011	0.012	1	TMEM14C	c1
0.278681956739849	-0.126524017013558	0.009	0.01	1	TIMM13	c1
0.0920121836567673	-0.126416287111949	0.025	0.027	1	CHD2	c1
0.00565429816649693	-0.126371649270333	0.059	0.064	1	TMEM258	c1
0.164842366853638	0.126342791835929	0.017	0.016	1	PFKFB3	c1
0.0451697292519864	-0.126176125559962	0.032	0.035	1	PNISR	c1
0.255191096259224	-0.126038937487453	0.012	0.013	1	TLE4	c1
0.0226669634151009	0.125960562752763	0.044	0.04	1	OXNAD1	c1
0.212755610272598	0.125772973190965	0.013	0.012	1	NGRN	c1
0.0177302362596513	0.125724671634441	0.044	0.041	1	GTF3A	c1
0.193670106909507	-0.125545599983015	0.013	0.014	1	MTCH1	c1
0.00477688942339518	0.125180686268396	0.063	0.058	1	CCNH	c1
0.167516122457149	0.124750932472828	0.015	0.014	1	RPAIN	c1
0.0129337927232095	-0.124562288219076	0.051	0.056	1	BRD2	c1
0.0551824713516483	0.124495359623214	0.029	0.026	1	TMEM219	c1
0.0748923033837888	0.124172133084317	0.029	0.027	1	ATP5H	c1
0.22946989328761	-0.123461855622787	0.01	0.011	1	LRPAP1	c1
0.027938636276501	0.123428660205679	0.042	0.038	1	NDUFB9	c1
0.272248789123043	0.122922100840881	0.01	0.009	1	MAPKAPK5-AS1	c1
0.201542288107035	-0.122676287925245	0.012	0.014	1	SSH2	c1
0.239815739524166	-0.122073593769995	0.011	0.012	1	CBWD5	c1
0.227064351516929	-0.121768708278946	0.011	0.012	1	ILF3	c1
0.0661644601183365	-0.121620628290327	0.031	0.034	1	RHOG	c1
0.069342648388075	-0.121568284663558	0.03	0.032	1	UFC1	c1
0.256678985388965	-0.1214950532714	0.011	0.012	1	FLOT1	c1
0.10920096980476	-0.121030118860521	0.022	0.024	1	CDC42SE1	c1
0.16744283735998	0.120989131151371	0.017	0.016	1	LSM5	c1
0.0560732590052214	-0.120903511800811	0.03	0.033	1	MAT2B	c1
0.122660367148569	-0.120838684685346	0.025	0.027	1	DCXR	c1
0.246250904718746	-0.120579347089665	0.011	0.012	1	GGNBP2	c1
0.0528490496792266	-0.120231667839665	0.037	0.04	1	RPS27L	c1
0.176298723857537	-0.1199653036495	0.016	0.017	1	SNRPB2	c1
0.0188249342152363	0.119829833824934	0.049	0.045	1	UBXN1	c1
0.212419942503038	-0.11982970039008	0.013	0.014	1	SDHAF2	c1
0.290147415382527	0.119260391219913	0.011	0.01	1	PQBP1	c1
0.166746350050611	0.118353266526142	0.017	0.015	1	PAG1	c1
0.246448066929084	-0.117423791775665	0.013	0.015	1	U2SURP	c1
0.144773401057662	-0.117379158307171	0.019	0.021	1	TMEM230	c1
0.153557026913724	-0.117003426430786	0.017	0.019	1	SDF4	c1
0.307994049688475	-0.11663118056294	0.009	0.01	1	ISCA1	c1
0.132295123724196	-0.116288402267523	0.024	0.026	1	NAP1L4	c1
0.150437318793214	-0.115469064869256	0.021	0.022	1	RSRC2	c1
0.210746482604073	-0.114153077930231	0.018	0.02	1	GCHFR	c1
0.256745757682898	0.114118430528986	0.012	0.011	1	ABCD4	c1
0.331897843083617	0.114072433800949	0.01	0.01	1	FLJ32255	c1
0.0631935256369438	-0.113637737670818	0.034	0.037	1	EIF5	c1
0.160966587739646	-0.113179169777887	0.019	0.021	1	LAPTM4A	c1
0.00339283818096816	0.111463244280503	0.083	0.077	1	ANAPC16	c1
0.183839009896755	-0.11019323580485	0.019	0.02	1	TCEB1	c1
0.17428224467146	-0.110140849860481	0.019	0.021	1	ARID4B	c1
0.302030736427818	-0.110135309737785	0.01	0.011	1	PSMG2	c1
0.330581772497046	-0.110135309737785	0.01	0.011	1	ZNF292	c1
0.302643048658424	0.109668057576346	0.012	0.012	1	THAP3	c1
0.29305262902454	-0.109401987134849	0.312	0.301	1	KLF6	c1
0.0943466061176022	-0.108946450735052	0.057	0.061	1	SQSTM1	c1
0.19746884114763	-0.108919329917088	0.018	0.02	1	HMOX2	c1
0.296107100856455	-0.10867258040549	0.012	0.013	1	FAM50A	c1
0.0409681714244844	-0.108482267609854	0.045	0.049	1	C4orf3	c1
0.279448990137617	-0.108335751334918	0.012	0.013	1	NUDT21	c1
0.0952319226432654	-0.107392597151858	0.039	0.042	1	CREM	c1
0.309916180903891	-0.107260862225876	0.013	0.013	1	CDC25B	c1
0.0873686512446708	-0.10715315420829	0.032	0.035	1	TRAM1	c1
0.190331517729843	-0.106927246498449	0.02	0.022	1	RAD23A	c1
0.00645536201351742	-0.106849933580403	0.404	0.407	1	IFITM1	c1
0.28729907355559	-0.106846556599891	0.013	0.014	1	TRAPPC2L	c1
0.224184825465263	-0.106820570756597	0.013	0.014	1	LSM6	c1
0.190385947314736	-0.106539893820357	0.016	0.017	1	CAPZA2	c1
0.00529360593890306	-0.105959004296585	0.081	0.087	1	YBX1	c1
0.303627146826525	-0.105678638773617	0.012	0.013	1	SP110	c1
0.0432798432030987	-0.104510258239658	0.071	0.075	1	ITM2A	c1
0.371216639840891	0.104092814053618	0.011	0.01	1	RNMT	c1
0.0138662901574281	0.103919733623107	0.071	0.066	1	FUS	c1
0.153288549630232	-0.103791173761057	0.036	0.039	1	XBP1	c1
0.40252907341879	-0.103633840034067	0.009	0.01	1	BNIP3L	c1
0.279779895823268	-0.103197268861428	0.009	0.01	1	PRPF8	c1
0.378669938367817	0.103179586346003	0.01	0.009	1	NFKB1	c1
0.0832595906697509	-0.101929289981999	0.037	0.04	1	ARGLU1	c1
0.0108475902750269	-0.101057363119715	0.077	0.082	1	RBM3	c1
0.274563931969886	-0.10089568704031	0.014	0.015	1	SLC44A2	c1
