p_val	avg_log2FC	pct.1	pct.2	p_val_adj	gene	seurat_clusters
0	-7.34606775388643	0.007	0.301	0	CCL4	c4
0	-7.23817945552359	0.001	0.115	0	CCL4L1	c4
0	-7.17305387077515	0.002	0.176	0	GZMB	c4
0	-6.82781054870594	0.006	0.201	0	GNLY	c4
0	-6.51435232450811	0.002	0.164	0	GZMH	c4
0	-6.15912317387836	0.01	0.362	0	NKG7	c4
0	-5.30147956358639	0.003	0.106	0	PRF1	c4
0	-5.09202111230606	0.003	0.104	0	KLRD1	c4
0	-5.06596779252491	0.01	0.245	0	GZMA	c4
0	-4.64547575084506	0.013	0.283	0	CST7	c4
0	-4.63958221630149	0.039	0.535	0	CCL5	c4
0	-3.81439376400895	0.014	0.172	0	CTSW	c4
0	-3.60857605633941	0.016	0.176	0	CD8A	c4
0	-2.91552040067354	0.023	0.148	0	GZMK	c4
0	-2.58367058835937	0.027	0.149	0	ALOX5AP	c4
0	-2.52237232837134	0.046	0.214	0	RGS1	c4
0	2.24810760868975	0.155	0.033	0	NOSIP	c4
0	-2.18278759511333	0.069	0.287	0	HCST	c4
0	2.1536573431165	0.059	0.013	0	MAL	c4
0	-2.12002570900505	0.075	0.3	0	SRGN	c4
0	-1.98964624726368	0.054	0.208	0	CD99	c4
0	1.9603824379831	0.077	0.02	0	CCR7	c4
0	-1.94566198262422	0.102	0.28	0	DUSP2	c4
0	-1.88030464149201	0.049	0.174	0	CLIC1	c4
0	1.77108189561881	0.158	0.047	0	GAS5	c4
0	1.75417013050214	0.138	0.041	0	SELL	c4
0	1.74043464850628	0.319	0.098	0	LDHB	c4
0	1.72505615620601	0.718	0.264	0	EEF1B2	c4
0	1.69325646817089	0.504	0.163	0	LTB	c4
0	-1.67790902474691	0.09	0.256	0	HLA-H	c4
0	-1.65195139787255	0.122	0.325	0	UBC	c4
0	1.65137576688864	0.521	0.176	0	EEF1G	c4
0	-1.62556329421753	0.163	0.329	0	HSPA1A	c4
0	1.60289241763772	0.958	0.579	0	RPS8	c4
0	-1.56896628693652	0.102	0.252	0	HSP90AA1	c4
0	-1.55496329367667	0.185	0.448	0	SH3BGRL3	c4
0	-1.54453307288284	0.134	0.281	0	HSPA1B	c4
0	1.53943045765651	0.165	0.057	0	EIF3E	c4
0	1.53942829386856	0.565	0.214	0	RPL4	c4
0	-1.53829307147204	0.105	0.249	0	CD7	c4
0	1.52023431190585	0.375	0.135	0	LRRC75A-AS1	c4
0	1.49795616682773	0.874	0.417	0	RPS5	c4
0	-1.47983776568497	0.099	0.261	0	MYL6	c4
0	1.46869576857798	0.891	0.483	0	RPS6	c4
0	-1.45680114682137	0.357	0.69	0	HLA-A	c4
0	1.45649953632136	0.88	0.452	0	RPLP0	c4
0	1.44742037783174	0.437	0.168	0	EEF2	c4
0	1.4347804346962	0.727	0.305	0	RPL22	c4
0	-1.43450328433917	0.134	0.332	0	CFL1	c4
0	1.42892700825541	0.942	0.542	0	RPS13	c4
0	1.42798384723024	0.966	0.621	0	RPS3A	c4
0	1.41939342815021	0.884	0.448	0	RPL5	c4
0	1.41038940628365	0.171	0.065	0	GLTSCR2	c4
0	1.40814522864051	0.412	0.173	0	PABPC1	c4
0	1.40090625142759	0.716	0.328	0	RPSA	c4
0	1.38922914036428	0.777	0.362	0	RPL9	c4
0	1.38853558503174	0.704	0.313	0	RPL10A	c4
0	-1.36237588812089	0.208	0.423	0	IL32	c4
0	-1.33429186889019	0.155	0.316	0	KLF6	c4
0	-1.32975789729199	0.189	0.375	0	GAPDH	c4
0	1.31809014194143	0.995	0.783	0	RPL32	c4
0	-1.31267669353035	0.235	0.472	0	PFN1	c4
0	1.28830243035848	0.914	0.547	0	RPL3	c4
0	1.28496387777744	0.923	0.53	0	RPL18	c4
0	-1.26838325656272	0.398	0.546	0	RNR1	c4
0	-1.2612851361649	0.477	0.768	0	HLA-C	c4
0	1.25291814043092	0.985	0.737	0	RPL34	c4
0	1.25068824871709	0.939	0.561	0	RPL29	c4
0	1.24829988788418	0.958	0.662	0	RPS23	c4
0	1.24378456019594	0.999	0.853	0	RPS12	c4
0	1.23271453837092	0.994	0.758	0	RPL11	c4
0	1.22337205054336	0.924	0.582	0	RPL37	c4
0	1.2229066787017	0.974	0.727	0	RPS18	c4
0	1.2204299739642	0.982	0.699	0	RPL18A	c4
0	1.21246451995611	0.253	0.11	0	RPL7	c4
0	1.20822624550052	0.33	0.147	0	NPM1	c4
0	1.19079997163623	0.887	0.596	0	TPT1	c4
0	1.19074600875631	0.996	0.835	0	RPL13	c4
0	1.1904417495608	0.99	0.865	0	EEF1A1	c4
0	1.17248977136486	0.689	0.336	0	GNB2L1	c4
0	1.16890153801862	0.643	0.316	0	RPS16	c4
0	1.16339762398845	0.897	0.529	0	RPL8	c4
0	1.1585705941373	0.45	0.218	0	RPL36A	c4
0	1.15720722494084	0.693	0.345	0	NACA	c4
0	1.15627033478053	0.751	0.39	0	RPS9	c4
0	1.15418795074515	0.945	0.597	0	RPL36	c4
0	-1.14939317043067	0.535	0.792	0	ACTB	c4
0	1.14537237576902	0.952	0.618	0	RPL12	c4
0	1.14434949751429	0.93	0.591	0	RPL35A	c4
0	1.14008429666764	0.938	0.652	0	RPS14	c4
0	1.13890354138762	0.916	0.57	0	RPS25	c4
0	1.13879041005471	0.973	0.714	0	RPS4X	c4
0	1.13825459355789	0.882	0.52	0	RPL14	c4
0	1.13092388069293	0.985	0.751	0	RPL19	c4
0	1.09941422445953	0.571	0.294	0	RPS2	c4
0	1.08437213598136	0.993	0.829	0	RPL39	c4
0	1.07715321799241	0.542	0.284	0	RPL21	c4
0	1.05387649644587	0.493	0.247	0	RPL38	c4
0	1.05101303798881	0.973	0.738	0	RPS27A	c4
0	1.04958185537755	0.959	0.666	0	RPS21	c4
0	1.04707454831328	0.993	0.82	0	RPL30	c4
0	1.03414233191774	0.998	0.897	0	RPL10	c4
0	1.03302604078766	0.843	0.504	0	RPL6	c4
0	-1.02747240243696	0.236	0.41	0	S100A4	c4
0	1.01465580009114	0.52	0.267	0	RPL27	c4
0	1.01214365500362	0.803	0.472	0	RPLP2	c4
0	1.00159319605739	0.711	0.39	0	RPL24	c4
0	0.98448421138047	0.321	0.163	0	RPL31	c4
0	0.9573513028723	0.717	0.413	0	RPL15	c4
0	0.95576598621973	0.703	0.407	0	RPL23A	c4
0	0.945726660931132	0.875	0.572	0	RPL7A	c4
0	0.930877364662058	0.992	0.889	0	RPLP1	c4
0	0.918471214755321	0.976	0.77	0	RPS3	c4
0	0.910387844891105	0.551	0.309	0	RPL37A	c4
0	0.90576622186983	0.915	0.643	0	RPL26	c4
0	0.902928915298436	0.992	0.851	0	RPS15A	c4
0	0.897587490957284	0.9	0.598	0	RPS7	c4
0	-0.874924864319581	0.288	0.456	0	H3F3B	c4
0	0.860724285060663	0.948	0.692	0	RPS15	c4
0	0.858314483796608	0.487	0.274	0	UBA52	c4
0	0.832089137145957	0.343	0.195	0	BTF3	c4
0	0.821330515700433	0.683	0.415	0	RPL35	c4
0	0.820039722410005	0.34	0.194	0	TOMM7	c4
0	-0.818881400875996	0.65	0.782	0	COX1	c4
0	0.805890815174281	0.977	0.778	0	RPS19	c4
0	0.758489241236132	0.81	0.565	0	RPS29	c4
0	-0.740781131730855	0.785	0.901	0	TMSB4X	c4
0	-0.722235037977902	0.955	0.966	0	B2M	c4
0	0.710267360193293	0.859	0.597	0	FAU	c4
0	0.706008313041907	0.992	0.875	0	RPL28	c4
0	0.684995413872177	0.495	0.311	0	EEF1D	c4
0	0.667063103625455	1	0.956	0	RPL41	c4
0	0.638611044359108	0.999	0.934	0	RPS27	c4
0	0.489580762867958	0.792	0.617	0	RPS24	c4
4.3421336928186e-304	-1.15937631881728	0.25	0.398	9.01687482650711e-300	DUSP1	c4
2.93167634150665e-300	-1.2747539374157	0.12	0.263	6.0879190907727e-296	UBB	c4
4.53462151917036e-300	-1.27835090019737	0.13	0.273	9.41659504670916e-296	CXCR4	c4
8.55622378026003e-293	-1.22555503893655	0.13	0.273	1.7767854302088e-288	S100A6	c4
1.93576866897464e-292	-1.46951167402176	0.079	0.211	4.01981721799274e-288	PTPRC	c4
3.03442240865628e-292	0.658474174653745	0.404	0.258	6.30128157381563e-288	PFDN5	c4
3.37676632517252e-292	0.862403347829072	0.268	0.148	7.01219295085326e-288	RPL13A	c4
1.08119892345101e-288	1.01949772909454	0.222	0.115	2.24521768443837e-284	RPL17	c4
8.18460571664567e-287	-4.48628440235404	0.005	0.099	1.69961522311864e-282	IFNG	c4
1.23360763000239e-286	-2.78717593050668	0.021	0.125	2.56170960446296e-282	LOC101929531	c4
4.27420675797954e-286	-1.63305259685127	0.064	0.188	8.87581775362031e-282	CYBA	c4
2.44463935945986e-285	2.08660251830889	0.054	0.013	5.07653809385434e-281	TCF7	c4
9.95319692193854e-282	0.587849006530169	0.421	0.27	2.06688087280976e-277	IL7R	c4
1.67755001194349e-280	-1.72121247903496	0.055	0.175	3.48360035480186e-276	CD2	c4
2.10217627495432e-273	-6.32647306424945	0.002	0.089	4.36537925257015e-269	XCL1	c4
7.57871190438233e-270	0.78245925739933	0.289	0.167	1.57379531406403e-265	HINT1	c4
2.88024459189466e-268	-2.08007457249203	0.034	0.141	5.98111591952845e-264	LSP1	c4
4.46941061851016e-258	-7.54863629714687	0.001	0.083	9.2811780903982e-254	CCL3	c4
6.14468302442862e-257	-2.39130860585867	0.027	0.127	1.27600487685285e-252	LGALS1	c4
3.01664877154005e-247	-1.14328865089444	0.121	0.249	6.26437283898007e-243	CD3D	c4
9.89345967442573e-245	-6.2401029351506	0.002	0.081	2.05447583599125e-240	XCL2	c4
1.99435324593524e-244	0.759906643753571	0.279	0.164	4.14147395050912e-240	RPL27A	c4
1.13536494397903e-241	-0.823121053654084	0.297	0.438	2.35769884266686e-237	ZFP36	c4
6.16144344387296e-240	-0.996619226102276	0.254	0.387	1.27948534555466e-235	DNAJB1	c4
4.7418101334326e-239	-1.85371327122364	0.042	0.143	9.84684292308614e-235	CD8B	c4
1.13690832052754e-234	-1.73618227309734	0.045	0.146	2.36090381840749e-230	ARPC2	c4
7.43932219019829e-233	0.651880728426002	0.348	0.224	1.54484964601658e-228	HNRNPA1	c4
4.43394144024211e-227	-0.853239002347043	0.283	0.411	9.20752279480676e-223	TSC22D3	c4
3.86454618698937e-226	-3.44443334740668	0.008	0.087	8.02511661190212e-222	HOPX	c4
3.14010775721119e-218	-1.0627055212842	0.136	0.256	6.52074776862476e-214	IFITM2	c4
8.55633950939755e-218	-0.529489437117994	0.147	0.289	1.7768094625215e-213	CD74	c4
1.71314146478101e-217	-0.823032171787457	0.389	0.503	3.55750956576425e-213	JUN	c4
1.54954205844524e-212	-3.52119985591302	0.041	0.132	3.21777903856739e-208	RN7SK	c4
7.34941459292212e-212	0.763810030732021	0.247	0.146	1.52617943436621e-207	RPS11	c4
1.78035785980561e-203	-0.742670451223363	0.271	0.395	3.69709113167233e-199	BTG1	c4
2.09189648591533e-198	-1.38947170406112	0.066	0.164	4.34403224265178e-194	SRSF7	c4
8.65860732949479e-195	-0.824300923417745	0.186	0.305	1.79804639804289e-190	MYL12A	c4
2.85238545540694e-192	-2.25840196490952	0.021	0.097	5.92326363669806e-188	ITGB2	c4
1.3911080547258e-190	-2.34575469964786	0.018	0.093	2.88877498644359e-186	GZMM	c4
4.09483272622988e-189	-4.78774837135376	0.003	0.065	8.50332963928896e-185	ZNF683	c4
1.39729187796686e-187	-1.38725443034007	0.06	0.152	2.90161631378598e-183	RARRES3	c4
3.12411076569763e-186	-7.23533943081772	0.001	0.061	6.48752841604769e-182	CCL4L2	c4
5.53158104102927e-185	1.47534719574313	0.068	0.025	1.14868811898014e-180	PRKCQ-AS1	c4
2.92593815470451e-184	-5.39736055185984	0.002	0.062	6.07600317205939e-180	TYROBP	c4
4.56054711674448e-184	-0.759951551166518	0.188	0.306	9.47043214263159e-180	SERF2	c4
8.59753492067757e-182	-2.43315822077563	0.017	0.088	1.7853641016279e-177	CKLF	c4
2.0607623264336e-178	1.71183164002375	0.049	0.015	4.27937904707202e-174	LEF1	c4
7.30512911206229e-178	-2.28652265698229	0.019	0.09	1.51698311141086e-173	CLEC2B	c4
1.04523726373703e-177	-1.00573291706431	0.11	0.213	2.17053970187631e-173	CORO1A	c4
3.44630266305776e-177	-3.35393247279439	0.007	0.07	7.15659211010575e-173	CTSD	c4
5.52571987309913e-176	-2.91233030554358	0.01	0.075	1.14747098884777e-171	LINC00152	c4
1.6243938630624e-174	-1.32158271301121	0.06	0.148	3.37321629603538e-170	RHOA	c4
1.43340153751188e-173	-1.70568977991126	0.036	0.114	2.97660163279716e-169	PSMB9	c4
8.4366734107357e-173	-1.01357118443799	0.103	0.203	1.75195960047338e-168	RAC2	c4
1.57296346867281e-171	-3.48217389787446	0.006	0.067	3.26641593904595e-167	DUSP4	c4
2.24853757096828e-170	-1.72762256834851	0.071	0.16	4.66931311987273e-166	MT2A	c4
5.49249263449201e-169	-1.27662873144156	0.066	0.154	1.14057102047861e-164	IL2RG	c4
3.32453574560264e-161	-6.89169625310942	0	0.053	6.90373092931845e-157	KLRC2	c4
2.8076167900822e-159	-3.07264129187452	0.008	0.066	5.83029702628469e-155	CTSC	c4
1.02355817960859e-156	1.18476181459455	0.1	0.047	2.12552091577519e-152	SOCS3	c4
1.80853899275357e-156	-0.878556828918036	0.184	0.289	3.75561207235206e-152	CRIP1	c4
8.11046405586461e-156	-1.96603347430878	0.023	0.09	1.68421896584084e-151	LCP1	c4
4.80697172143131e-153	1.21697251984737	0.081	0.035	9.98215747672427e-149	EIF3L	c4
9.98856358795856e-153	-1.83384934836096	0.028	0.096	2.07422511467547e-148	MCL1	c4
1.43382084407128e-151	-0.580076523619515	0.317	0.424	2.97747236479841e-147	ACTG1	c4
2.07974902049358e-150	-0.40207657221042	0.86	0.89	4.31880681595698e-146	MALAT1	c4
1.60102187287495e-149	-0.693370510876388	0.305	0.41	3.32468202121212e-145	CD69	c4
1.52836793761457e-148	-0.880818069752108	0.121	0.215	3.17380885925042e-144	CALM1	c4
9.99897288413455e-148	-1.47039521046406	0.054	0.131	2.07638670911938e-143	FOSB	c4
2.53533024499528e-147	-1.18059710395282	0.073	0.156	5.26486678675721e-143	HMGB1	c4
4.26227744026834e-146	-9.49332208346215	0	0.047	8.85104533246123e-142	FGFBP2	c4
2.91242589975015e-144	-2.60013324705929	0.011	0.067	6.04794362342115e-140	ID2	c4
4.54440567753298e-144	0.821041108092287	0.156	0.089	9.43691282996499e-140	SLC25A6	c4
3.5838668780251e-143	-0.711430898538319	0.276	0.376	7.44225795890691e-139	ND4	c4
1.80932386019085e-139	-1.36909335599128	0.051	0.124	3.75724192807232e-135	DNAJA1	c4
9.02478239173613e-139	-0.680484400534862	0.194	0.294	1.87408631146793e-134	ATP5E	c4
6.16367033384651e-138	-0.68368211890539	0.176	0.275	1.27994778152657e-133	ARHGDIB	c4
1.23386262315352e-136	-1.03564418490396	0.079	0.159	2.5622391232406e-132	YWHAZ	c4
8.85726394019114e-135	-0.810930547735493	0.129	0.219	1.83929942982009e-130	DDX5	c4
3.08507447685647e-133	-2.1731503569029	0.016	0.072	6.40646565864014e-129	PHLDA1	c4
4.51366233169083e-133	-1.15182508279087	0.062	0.136	9.37307119798917e-129	MYL12B	c4
6.6421004565192e-133	-0.674668926298648	0.184	0.28	1.37929858080078e-128	PTPRCAP	c4
5.20027256358801e-132	-2.41838627487548	0.014	0.068	1.07988860055469e-127	LOC101060038	c4
1.32259439437592e-130	-1.82149845459645	0.025	0.084	2.74649951936103e-126	CLDND1	c4
2.21477816183735e-130	-2.41055565020672	0.01	0.061	4.59920833087144e-126	CXCL13	c4
7.64394666464836e-130	-0.850291176189917	0.155	0.245	1.58734196438088e-125	ND2	c4
2.57851554511776e-129	-2.14503553581791	0.016	0.07	5.35454538099154e-125	SAMSN1	c4
3.12614852388307e-129	-3.928393615932	0.003	0.048	6.49176002469559e-125	APOBEC3G	c4
2.05126599347041e-127	-1.49273320588421	0.035	0.098	4.25965896204066e-123	CALM2	c4
3.37182621859718e-127	-1.61434816499594	0.032	0.093	7.00193432553891e-123	TPI1	c4
8.92698680463511e-127	-3.26490844471466	0.005	0.051	1.85377807985053e-122	CD63	c4
3.74563534914384e-126	0.5430986838692	0.27	0.185	7.7781863660321e-122	COX7C	c4
4.94233202628875e-126	-0.95637771569993	0.102	0.183	1.02632466857912e-121	S100A10	c4
6.54010240388129e-126	1.01657324826982	0.093	0.046	1.35811766518999e-121	EIF3H	c4
1.09208768767607e-125	-4.1198528746289	0.003	0.046	2.26782929222813e-121	LAG3	c4
1.10201757845979e-125	1.55871783416102	0.042	0.014	2.28844970342959e-121	PASK	c4
6.46637803537247e-125	-3.63290713297639	0.004	0.048	1.34280806282545e-120	CMC1	c4
1.8153441973692e-123	-1.72113538996083	0.026	0.083	3.76974376025688e-119	CALR	c4
3.20704110093768e-123	1.19999479140037	0.067	0.029	6.65974155020718e-119	TMEM123	c4
3.52995079461903e-123	1.58953392149571	0.035	0.011	7.33029582010587e-119	CD79A	c4
1.39922628914936e-122	-2.27209692062526	0.013	0.063	2.90563331204756e-118	CD96	c4
2.61203053935202e-121	1.58236513074954	0.039	0.013	5.42414261801841e-117	MYC	c4
1.35666949773377e-120	-2.05815237924585	0.017	0.068	2.81725987899394e-116	GSTP1	c4
1.8614212545079e-120	-1.31356108517562	0.048	0.113	3.86542737711111e-116	COTL1	c4
1.22488174517601e-118	-3.59798235052507	0.004	0.046	2.5435894320325e-114	HLA-DRB4	c4
4.1707851820845e-117	-0.987543363794658	0.077	0.149	8.66105250911667e-113	EVL	c4
1.1474078231172e-116	0.951761211224125	0.101	0.053	2.38270708548517e-112	RPSAP58	c4
2.1376587765415e-116	-1.22101078076361	0.049	0.113	4.43906221536608e-112	SUB1	c4
2.94320910618482e-116	-1.06829945433292	0.076	0.148	6.1118680299034e-112	IFITM3	c4
2.21578786492516e-115	-2.31208698688247	0.012	0.058	4.60130508030358e-111	SH2D2A	c4
8.49402501440657e-115	-6.28017773892772	0	0.038	1.76386923449167e-110	KLRC3	c4
2.99198011471994e-113	0.534361932713548	0.256	0.176	6.21314590622743e-109	COX4I1	c4
3.5653609204954e-113	-1.42053562239096	0.035	0.092	7.40382848750074e-109	C9orf142	c4
5.93233458735982e-113	-1.36850159129327	0.038	0.096	1.23190860041114e-108	GUK1	c4
2.74229621038945e-112	-1.26653008285482	0.069	0.136	5.69465231049472e-108	SAT1	c4
4.7479080819105e-112	-2.4224527904848	0.011	0.056	9.85950592289534e-108	CD97	c4
5.08732193928884e-112	-2.05567736641098	0.017	0.066	1.05643327391272e-107	RGS2	c4
6.43876453317031e-112	-2.64365749688311	0.008	0.052	1.33707384295815e-107	C12orf75	c4
2.55539515925554e-111	-2.12141781715076	0.016	0.063	5.30653358771006e-107	RHOB	c4
1.79278987403888e-110	-0.981138451287548	0.083	0.154	3.72290745242913e-106	ANXA1	c4
3.59375132205183e-109	-1.10629911543232	0.057	0.12	7.46278399537284e-105	CYTIP	c4
3.21257497106886e-108	-1.07724824413822	0.059	0.124	6.6712331849216e-104	UBL5	c4
3.60607198042441e-108	0.425430627497537	0.36	0.271	7.48836907454933e-104	SARAF	c4
4.82578207342818e-108	-0.678844752471109	0.229	0.313	1.0021219053681e-103	HSPA8	c4
1.1212838886798e-107	-1.00674307171369	0.069	0.136	2.32845812323247e-103	HNRNPA2B1	c4
2.27554462731071e-107	-1.08611164693992	0.059	0.123	4.72539597307342e-103	PPIB	c4
8.42995581208966e-107	-2.00412805700851	0.019	0.067	1.75056462393854e-102	ATF3	c4
1.8472551574998e-106	-1.25535178059131	0.045	0.104	3.83601006006409e-102	LY6E	c4
2.73656372042787e-106	-3.30158486245712	0.005	0.043	5.68274822184051e-102	LOC100996809	c4
5.03626323205707e-106	-2.12454132995846	0.013	0.058	1.04583042276897e-101	GNG2	c4
1.28588910775831e-105	-0.691314274025681	0.768	0.805	2.67027732117091e-101	RNR2	c4
2.59332832850397e-105	-0.639676094909127	0.161	0.244	5.38530560697134e-101	PPDPF	c4
6.92665264708679e-105	-1.11190753783774	0.053	0.115	1.43838868869404e-100	ARPC3	c4
7.51301125484824e-105	1.48693957541599	0.034	0.011	1.56015191718179e-100	MS4A1	c4
8.19197928921716e-105	1.01859755099881	0.078	0.039	1.70114641919883e-100	FLT3LG	c4
6.9604949013044e-104	-0.899169822737079	0.082	0.15	1.44541637120487e-99	SRP14	c4
2.37721921953686e-100	-3.33797233689546	0.004	0.04	4.93653343129025e-96	ITM2C	c4
4.55369244702555e-100	-0.492761514616068	0.249	0.336	9.45619773549326e-96	CD3E	c4
1.30843004206543e-99	-1.60201212026495	0.024	0.073	2.71708582535307e-95	LITAF	c4
2.54500078139924e-99	-1.33850284186791	0.037	0.09	5.28494862265366e-95	TUBA4A	c4
2.63121462955984e-99	-2.47254264535834	0.009	0.048	5.46398029974397e-95	SLC9A3R1	c4
3.61183843333263e-99	-1.20144066672924	0.044	0.099	7.50034369065855e-95	TCEB2	c4
3.81293090234974e-99	-0.668062141023047	0.414	0.484	7.91793231181947e-95	FOS	c4
7.20425828302008e-98	0.767993713831238	0.122	0.072	1.49603627505195e-93	EIF3F	c4
8.43480937021194e-98	-2.82690638182936	0.006	0.043	1.75157251381821e-93	SYTL3	c4
1.24709441733329e-97	-1.80729146418456	0.018	0.062	2.58971626703431e-93	PPP1CA	c4
4.37471531307776e-97	0.848677859349151	0.105	0.059	9.08453381913727e-93	RPS14P3	c4
5.10223583493033e-97	-1.87744549287706	0.017	0.06	1.05953029348163e-92	TIGIT	c4
6.59736533672159e-97	-1.58066327609713	0.025	0.072	1.37000888582361e-92	CD247	c4
7.96965389557061e-97	-4.11316658351358	0.002	0.036	1.65497832795419e-92	CLIC3	c4
9.12773897537291e-97	-2.39631107506494	0.009	0.048	1.89546627562594e-92	PARP8	c4
1.11847888207075e-96	-0.822260978755832	0.113	0.184	2.32263324650813e-92	PPP1R15A	c4
6.83761691795509e-96	-1.42588913355981	0.029	0.079	1.41989952918255e-91	ITM2A	c4
3.06200675455892e-95	-1.70115518437741	0.02	0.065	6.35856322651704e-91	RAP1B	c4
6.24492501558254e-95	-0.797451777328445	0.095	0.163	1.29682112873587e-90	PSME1	c4
6.65723202673412e-94	-3.23128258743189	0.004	0.038	1.38244080267161e-89	KLRK1	c4
1.09888786403711e-93	-1.29701441332381	0.035	0.086	2.28195053845946e-89	TPM3	c4
6.00157443455319e-93	-2.04184878826983	0.013	0.053	1.24628694707932e-88	FYN	c4
8.03431112648456e-93	-1.33249047773358	0.033	0.083	1.66840504852578e-88	CD3G	c4
1.75787425948426e-92	-1.48471916205242	0.026	0.072	3.65040168724502e-88	STK17A	c4
6.53691789169478e-92	-4.99186940814165	0.001	0.032	1.35745636938934e-87	KLRC1	c4
2.89586227912174e-91	-2.85948197425573	0.005	0.04	6.01354760882422e-87	RUNX3	c4
6.06655539936951e-91	0.913450575952341	0.083	0.044	1.25978089423307e-86	EIF4B	c4
6.14924159074906e-90	-1.3377350849932	0.032	0.08	1.27695150873495e-85	SRSF3	c4
4.51489745217391e-89	-6.87877531613473	0	0.029	9.37563604918433e-85	FCER1G	c4
1.19648792169505e-88	-1.19990393704835	0.05	0.103	2.48462681819195e-84	CITED2	c4
9.60285264280634e-88	-1.50515074295333	0.024	0.068	1.99412837980516e-83	CD53	c4
2.08035695090228e-87	-1.54952824397002	0.022	0.065	4.32006924424367e-83	TMBIM6	c4
9.88099057143407e-87	-1.16179299960123	0.041	0.091	2.051886502064e-82	LCK	c4
1.66969617481391e-86	-1.78169019240686	0.016	0.056	3.46729107661857e-82	SEPT7	c4
2.53974216402748e-85	-0.712159249722994	0.15	0.22	5.27402857781946e-81	ND5	c4
4.55958225524156e-85	-5.53384650843211	0.001	0.03	9.46842851123462e-81	CST3	c4
4.62436870116791e-85	-1.10533035651766	0.045	0.096	9.60296404484528e-81	COX6A1	c4
7.47481997884566e-85	0.772086771188456	0.121	0.074	1.55222111680709e-80	RPS18P9	c4
2.90433410077099e-84	0.741791295452304	0.12	0.073	6.03114019366104e-80	RPL21P28	c4
3.06220265475642e-84	-0.946872186242195	0.06	0.115	6.35897003286717e-80	ARPC1B	c4
3.21022965915828e-84	-1.24436883585457	0.035	0.081	6.66636291020809e-80	COX8A	c4
4.25324294326784e-84	-1.35969437870534	0.041	0.089	8.83228429599e-80	EGR1	c4
8.90998329102156e-84	0.596331746426753	0.155	0.101	1.85024713021354e-79	SNHG8	c4
9.14463056862802e-84	-1.27814880444204	0.032	0.078	1.89897398388129e-79	CAPZB	c4
1.01647706435069e-83	-1.38860182641745	0.028	0.073	2.11081627183064e-79	PGK1	c4
2.92615513821071e-83	-1.23367236935137	0.034	0.081	6.07645376000836e-79	NDUFA13	c4
4.1557055989058e-83	-0.870419151154926	0.071	0.129	8.62973824668778e-79	UQCR11	c4
1.95802240073637e-82	-2.13722040361069	0.01	0.045	4.06602931736916e-78	MSN	c4
2.56334151530378e-82	2.58391529258332	0.011	0.002	5.32303499067983e-78	LOC101927412	c4
2.65587924240677e-82	-2.96948126002388	0.004	0.035	5.51519883478191e-78	CBLB	c4
5.01312865455732e-82	-2.18547956708173	0.009	0.044	1.04102629640537e-77	RHOC	c4
1.63235614761775e-81	-3.13178944212942	0.004	0.034	3.38975077614301e-77	IL2RB	c4
2.1144220829488e-81	-2.95654417439173	0.005	0.035	4.39080889745147e-77	MIR4435-1HG	c4
4.14999843910658e-81	-1.4301678697409	0.025	0.067	8.61788675864873e-77	PSMA7	c4
8.3931969340731e-81	-1.37923430208171	0.027	0.069	1.74293127532962e-76	PSMB8	c4
1.33833238155253e-80	-0.853679835531228	0.071	0.127	2.77918102353199e-76	CHCHD2	c4
1.48282153759467e-80	-1.82539776317752	0.014	0.051	3.07922720496909e-76	WIPF1	c4
1.97201095555757e-80	-1.88957922459236	0.013	0.049	4.09507795031086e-76	LCP2	c4
2.59688279957936e-80	-1.03241760147414	0.049	0.1	5.39268682160651e-76	CD44	c4
4.66441280331584e-80	-1.54852591038516	0.021	0.061	9.68611962736568e-76	NR3C1	c4
6.56340513694613e-80	-1.55634730718769	0.022	0.062	1.36295671073823e-75	AHNAK	c4
7.05508261476727e-80	-1.60216148247128	0.018	0.057	1.46505845578257e-75	DBI	c4
1.19281376461678e-79	-0.895601361970478	0.065	0.12	2.47699706360321e-75	ALDOA	c4
1.44490503605224e-79	0.657138821236561	0.131	0.083	3.00048979786609e-75	SNHG6	c4
1.96327349870517e-79	-0.907455907661678	0.062	0.115	4.07693374741116e-75	SUMO2	c4
3.96196468238468e-79	-2.50170148950165	0.007	0.038	8.22741585944002e-75	KLRG1	c4
6.64054929034956e-79	-2.12015417508186	0.01	0.043	1.37897646563399e-74	CAP1	c4
7.12555005768401e-79	-1.41812611660773	0.038	0.084	1.47969172497866e-74	TNF	c4
1.07581511789868e-78	-2.15974394785728	0.01	0.043	2.2340376738284e-74	ANXA2	c4
1.30990520143001e-78	-0.338952096695177	0.433	0.506	2.72014914128956e-74	EIF1	c4
1.52180744813385e-78	-1.24404534243667	0.032	0.076	3.16018534679475e-74	POLR2L	c4
1.565917943024e-78	-1.49091994033927	0.022	0.061	3.25178520048363e-74	RABAC1	c4
3.95725101390205e-78	-0.988502675639868	0.051	0.1	8.217627455469e-74	YWHAB	c4
5.44775779881127e-78	-1.31096163967963	0.03	0.072	1.13128138450115e-73	PSME2	c4
1.43308435556151e-77	-1.72002793412173	0.026	0.066	2.97594297275903e-73	TUBA1B	c4
6.82530955670034e-77	-1.92749060116776	0.012	0.046	1.41734378254439e-72	PVRIG	c4
8.40023377906565e-77	-1.93035975224831	0.015	0.05	1.74439254656077e-72	HMGB2	c4
9.79796009620673e-77	-1.39190264717108	0.025	0.066	2.03464439357829e-72	PARK7	c4
1.38014738472531e-75	-2.05827366361479	0.011	0.043	2.86601405912059e-71	CARD16	c4
3.1818586195628e-75	-3.03600021150946	0.004	0.031	6.60744760938412e-71	PTPN22	c4
3.66446744067445e-75	-1.68560521672304	0.024	0.063	7.60963308730456e-71	GPX1	c4
4.25235467788697e-75	-1.50375490921236	0.021	0.058	8.83043972410008e-71	DRAP1	c4
5.00333795484656e-75	-1.01213405039974	0.048	0.095	1.03899315970344e-70	GABARAP	c4
4.86877263497956e-74	-1.60183746504711	0.018	0.054	1.01104932537986e-69	MYH9	c4
6.14240850892611e-74	-0.636014835220304	0.188	0.255	1.2755325509636e-69	IER2	c4
9.85561193734727e-74	-3.86305077673689	0.002	0.028	2.04661637490953e-69	KLRC4	c4
2.2738577116086e-73	-1.78968857805138	0.014	0.048	4.72189292392642e-69	RNF213	c4
8.38300026009644e-73	-1.18652430951621	0.04	0.084	1.74081383401163e-68	H2AFZ	c4
8.41537234011504e-73	-2.77156210539285	0.005	0.033	1.74753622014829e-68	TNFRSF1B	c4
2.81965509836025e-72	-1.6783316605431	0.016	0.05	5.8552957772549e-68	DYNLL1	c4
4.63567769292585e-72	2.24946412722864	0.012	0.002	9.62644829712981e-68	VPREB3	c4
4.92712686428525e-72	-0.48359823921673	0.255	0.326	1.02316716463747e-67	ZFP36L2	c4
7.76994022897333e-71	-1.51181157393936	0.019	0.055	1.6135057879486e-66	GNG5	c4
1.3796513276267e-70	-1.10257941154501	0.045	0.089	2.8649839469496e-66	TUBA1A	c4
2.35258496444043e-70	2.33800115660377	0.011	0.002	4.88537793715699e-66	ADTRP	c4
3.45373333218083e-70	-1.17068801483078	0.039	0.081	7.1720226376067e-66	BATF	c4
4.49685336133132e-70	-1.4992682105314	0.021	0.058	9.33816569014061e-66	HSPH1	c4
1.02783079065526e-69	-4.59584417131233	0.001	0.025	2.13439341987471e-65	PTMS	c4
1.03573052068589e-69	-1.17415676787471	0.033	0.074	2.15079799925632e-65	STK17B	c4
1.72428665514761e-69	-1.49102823205216	0.021	0.056	3.58065366807953e-65	JUND	c4
3.72206258087613e-69	-0.67020819260406	0.13	0.19	7.72923515544737e-65	HSP90AB1	c4
7.5146731057911e-69	1.10804838003606	0.043	0.02	1.56049701714858e-64	AQP3	c4
2.75616016318513e-68	-2.28305629275541	0.007	0.035	5.72344219487025e-64	SH2D1A	c4
3.03492868045107e-68	-1.60565817254089	0.017	0.051	6.30233289782469e-64	HSPA5	c4
3.49599777992967e-68	-2.3836765603014	0.006	0.034	7.25978898980195e-64	CXCR3	c4
3.50050933321054e-68	0.602779701716944	0.134	0.088	7.269157681345e-64	UQCRB	c4
5.28144134717524e-68	-2.79751381405271	0.004	0.03	1.09674411015441e-63	PDCD1	c4
6.88456410445332e-68	-2.0919303453715	0.009	0.038	1.42964858193078e-63	ARPC5L	c4
1.2761903360298e-67	-3.72772548389585	0.002	0.026	2.65013685179948e-63	TNFSF9	c4
2.33017524814766e-67	-0.401017824846921	0.563	0.608	4.83884192030343e-63	ATP6	c4
2.95266285880687e-67	1.78329106119479	0.017	0.005	6.13149969259834e-63	USP10	c4
3.51357793709739e-67	-3.43077025497915	0.002	0.027	7.29629594417645e-63	CXCR6	c4
4.22796690705352e-67	-5.45866980454326	0	0.023	8.77979607918735e-63	AOAH	c4
8.96015476160052e-67	-1.66756019692669	0.015	0.047	1.86066573779396e-62	PPP1R18	c4
1.20536949057389e-66	-3.32802853075149	0.003	0.027	2.50307028412573e-62	MATK	c4
2.17128309137312e-66	-2.26150139290345	0.007	0.035	4.50888646754542e-62	ITGAE	c4
2.46738712414521e-66	-1.08967293252971	0.036	0.077	5.12377610199995e-62	ATP6V0C	c4
3.09656163608545e-66	-2.25635050689152	0.007	0.035	6.43031989349505e-62	IQGAP1	c4
7.24655594803496e-66	-1.10048618144971	0.051	0.096	1.50481980816894e-61	HMGN2	c4
8.24809992590363e-66	-0.620389950668027	0.16	0.221	1.71280043061315e-61	TNFAIP3	c4
1.08913667752709e-65	-1.72651684035419	0.014	0.045	2.26170122455275e-61	PGAM1	c4
1.16093820238813e-65	-1.52067360869388	0.018	0.051	2.41080427107918e-61	YWHAQ	c4
1.22197011001375e-65	-2.85021123714237	0.004	0.029	2.53754313045456e-61	ANKRD28	c4
1.34469620140678e-65	-1.35178126390246	0.024	0.059	2.79239613184132e-61	TUBB4B	c4
1.59201652108868e-65	-1.07715018722363	0.037	0.077	3.30598150769275e-61	SRSF2	c4
5.50228349230834e-65	-1.60738662466842	0.015	0.047	1.14260419001275e-60	PSMB10	c4
6.11674043947737e-65	-1.4182145399362	0.021	0.055	1.27020231966187e-60	PIK3R1	c4
1.90936366061657e-64	1.09974808035803	0.042	0.019	3.96498457763636e-60	EIF2S3	c4
1.99437052581968e-64	-1.61395556186097	0.015	0.047	4.14150983391715e-60	LYAR	c4
4.6763234376766e-64	-2.1093382164178	0.009	0.036	9.71085325067924e-60	CTLA4	c4
5.29737782500633e-64	-1.70235658101237	0.014	0.044	1.10005347914081e-59	LGALS3	c4
2.47435601608273e-63	0.782559374176547	0.076	0.044	5.1382477029974e-59	SMDT1	c4
1.2172208948961e-62	-5.59460916335485	0	0.021	2.52768091034124e-58	SPON2	c4
1.45742500039556e-62	-1.72395720708263	0.013	0.042	3.02648875582142e-58	BUB3	c4
2.78534673756738e-62	-1.54573758593517	0.016	0.047	5.78405103523242e-58	PDIA3	c4
2.87180369867148e-62	-1.25317453606728	0.026	0.061	5.96358756066119e-58	CCNH	c4
3.10781868738778e-62	-1.38116332433204	0.021	0.054	6.45369628622946e-58	ARF6	c4
3.21496097995018e-62	-2.69833590740775	0.004	0.028	6.67618797096454e-58	LYST	c4
3.25874931359344e-62	-2.41160236922119	0.006	0.031	6.76711882460814e-58	RBPJ	c4
8.4579903611437e-62	-2.20003487060134	0.009	0.036	1.7563862783951e-57	TNFRSF18	c4
8.57892226151418e-62	-1.65686873496006	0.014	0.044	1.78149899682603e-57	BST2	c4
1.33165947683846e-61	-1.63295156398782	0.014	0.044	2.76532406960274e-57	FLNA	c4
1.46241998945842e-61	-1.65947154910346	0.014	0.043	3.03686135010935e-57	ZYX	c4
4.25927630857987e-61	-0.861809520939454	0.064	0.109	8.84481318239697e-57	ZFP36L1	c4
4.2633631340737e-61	-1.43069426166664	0.019	0.051	8.85329988421744e-57	WDR83OS	c4
7.37734628726045e-61	-4.70044492814813	0.001	0.023	1.5319797300125e-56	LYZ	c4
3.481017619032e-60	-1.36994128036153	0.02	0.052	7.22868118768185e-56	TRAPPC1	c4
4.30329008049795e-60	-1.52688978350647	0.016	0.046	8.93621218116204e-56	SKAP1	c4
5.09230173152965e-60	-0.718871467552469	0.078	0.126	1.05746737756945e-55	EMP3	c4
6.14234179497885e-60	-2.41694984166643	0.006	0.031	1.27551869714531e-55	PSAP	c4
9.46728607760261e-60	-1.53582709168066	0.016	0.045	1.96597662687496e-55	FKBP1A	c4
2.8868843513719e-59	-2.88874348522597	0.003	0.025	5.99490404405888e-55	SPRY1	c4
3.09211446350757e-59	-0.772965051349177	0.064	0.109	6.42108489491981e-55	DAZAP2	c4
3.84803239547961e-59	1.98308380721666	0.013	0.003	7.99082407245296e-55	TAF4B	c4
6.3310721668303e-59	-1.24345455555984	0.025	0.058	1.31471044616398e-54	ATP5G3	c4
8.70899051922286e-59	-1.89000162287437	0.01	0.036	1.80850897122182e-54	BLOC1S1	c4
8.88085802597962e-59	-1.1697967928491	0.027	0.062	1.84419897767493e-54	CDC42	c4
9.4472560977389e-59	-1.27199624548202	0.023	0.056	1.96181720125646e-54	ATP5J2	c4
1.12695108005709e-58	-1.93859823129145	0.009	0.035	2.34022661284656e-54	GBP5	c4
3.24890269278406e-58	-2.91586533590603	0.003	0.025	6.74667133183539e-54	APMAP	c4
4.99328593409582e-58	-1.13158472754767	0.029	0.064	1.03690575707434e-53	TBC1D10C	c4
1.00694675236365e-57	-1.24759228652588	0.024	0.056	2.09102562595836e-53	HLA-F	c4
1.03072240965355e-57	-3.35706389560085	0.002	0.024	2.14039815588655e-53	LOC101928173	c4
1.2494060866116e-57	1.71379164494314	0.016	0.005	2.59451667945764e-53	LOC102724246	c4
1.35797586369497e-57	-0.674448776858299	0.087	0.136	2.81997267854897e-53	S100A11	c4
1.37026481351348e-57	0.596972656821491	0.116	0.076	2.84549191174209e-53	RPL23	c4
1.61263987305318e-57	-1.94264478392278	0.009	0.034	3.34880796038223e-53	ARHGAP9	c4
1.75595367789369e-57	0.615888177943975	0.1	0.064	3.64641340751404e-53	KLF2	c4
1.93324259345941e-57	-1.36625469576644	0.02	0.05	4.01457156957781e-53	VAMP8	c4
3.29533645237566e-57	-1.60785259454913	0.014	0.042	6.84309567700329e-53	TMEM50A	c4
4.18482693028261e-57	-1.71955304609568	0.012	0.038	8.69021160342488e-53	CDK2AP2	c4
5.30526031285178e-57	1.97200903447916	0.012	0.003	1.1016903565668e-52	SH3YL1	c4
7.58325360238152e-57	-1.32487681996032	0.021	0.052	1.57473844307055e-52	CLK1	c4
2.72336708396147e-56	-0.804957498656909	0.057	0.099	5.65534408655438e-52	ATP5I	c4
5.06057014166774e-56	-1.61214252245567	0.013	0.041	1.05087799561872e-51	WDR1	c4
5.12227331900159e-56	-0.808526806775126	0.062	0.105	1.06369127742387e-51	HSPE1	c4
6.99181155946263e-56	0.808895663144382	0.065	0.037	1.45191958843801e-51	NSA2	c4
8.35217831979171e-56	-6.38414513513448	0	0.018	1.73441334988795e-51	GPR56	c4
1.24921510955961e-55	-1.22229659123667	0.027	0.06	2.59412009651149e-51	PKM	c4
1.92859892130255e-55	-0.950057141557952	0.04	0.076	4.00492851997687e-51	HNRNPK	c4
2.16742010763299e-55	-2.34018459305743	0.006	0.028	4.50086459551067e-51	ANXA5	c4
2.37317539462484e-55	-1.15861575904681	0.026	0.058	4.92813602447795e-51	ARF1	c4
2.68927548830778e-55	-0.984377174285462	0.037	0.073	5.58454947901994e-51	RBM8A	c4
3.07463580658051e-55	-3.49133261630126	0.002	0.022	6.38478871594508e-51	HLA-DRB1	c4
3.16872739600742e-55	-1.67581275912075	0.013	0.039	6.580179310549e-51	MYADM	c4
4.01751273668132e-55	-1.19341508850841	0.026	0.058	8.34276694899242e-51	BRD2	c4
1.07509036787432e-54	-1.1591024425227	0.026	0.058	2.23253265792781e-50	ATPIF1	c4
1.58447594027997e-54	-1.35737817788735	0.019	0.049	3.29032273758538e-50	HLA-G	c4
3.45930200110134e-54	-3.17611884887958	0.002	0.022	7.18358653548705e-50	ABI3	c4
4.18567985995299e-54	-0.98442834003444	0.036	0.072	8.69198279717839e-50	NDUFA3	c4
5.43480264126325e-54	-1.22215683405066	0.027	0.059	1.12859111648473e-49	NEAT1	c4
5.89576376862943e-54	-1.12618469868366	0.027	0.06	1.22431430419359e-49	ACTR3	c4
8.81679563518991e-54	-6.35720955616343	0	0.018	1.83089578160354e-49	FCGR3A	c4
8.97263039099961e-54	-2.00098751247047	0.008	0.031	1.86325642699498e-49	AKAP13	c4
1.16520532756485e-53	-1.56563095079652	0.014	0.041	2.41966538322117e-49	PMAIP1	c4
1.28882494926083e-53	-1.10500980376557	0.028	0.061	2.67637388963504e-49	ATP6V0E1	c4
3.2119718196244e-53	-1.51329937236946	0.016	0.043	6.66998068063204e-49	TXN	c4
3.55466256802229e-53	-1.35945525211893	0.018	0.047	7.3816122887551e-49	ARF5	c4
3.81391330662384e-53	-0.968502828406212	0.037	0.072	7.91997237253506e-49	TRMT112	c4
3.86763350569681e-53	-1.06552885251495	0.031	0.064	8.03152773793001e-49	NDUFB2	c4
6.06858406393184e-53	-0.391891966685529	0.211	0.271	1.26020216671609e-48	TMA7	c4
6.61511970576447e-53	-0.539372166245832	0.219	0.275	1.37369575809905e-48	ND1	c4
8.55572916817201e-53	-0.823686990271179	0.065	0.107	1.7766827190626e-48	NR4A1	c4
1.64687572200643e-52	-1.06891862487238	0.029	0.062	3.41990212431855e-48	KIAA1551	c4
3.81213002612625e-52	-1.70112344854572	0.011	0.036	7.91626921225377e-48	SLA	c4
4.78196726533354e-52	-0.950944611761616	0.037	0.072	9.93023322319164e-48	USMG5	c4
6.51494244086965e-52	-2.31331097719535	0.005	0.027	1.35289294727099e-47	STOM	c4
9.44756252466471e-52	-1.47164263143925	0.015	0.041	1.96188083387187e-47	COPE	c4
1.1138692818072e-51	-0.567312957179504	0.111	0.161	2.31306095060083e-47	PNRC1	c4
1.44315261166071e-51	0.400851533279349	0.207	0.157	2.99685071337463e-47	COMMD6	c4
2.18984931647971e-51	-2.48017033820471	0.004	0.025	4.54744109060177e-47	PYHIN1	c4
2.24998904562647e-51	-1.29751917400289	0.019	0.048	4.67232725214793e-47	HCLS1	c4
2.37066815521668e-51	-5.10447964038246	0	0.018	4.92292949112295e-47	PLEK	c4
3.63050790547192e-51	-1.41988462708613	0.017	0.044	7.53911271650299e-47	HSP90B1	c4
3.64081636720641e-51	-2.82429100269881	0.003	0.023	7.56051926814083e-47	SAMD3	c4
4.14687480554644e-51	-1.79325717649217	0.01	0.033	8.61140022119773e-47	CAPG	c4
8.17890237203074e-51	-0.949372630779713	0.037	0.071	1.6984308665759e-46	KRTCAP2	c4
8.84865093157991e-51	-1.01039914964478	0.032	0.065	1.83751085245188e-46	NDUFA1	c4
1.19321628909768e-50	-0.532258348283664	0.253	0.307	2.47783294594023e-46	VIM	c4
1.38858010499094e-50	-1.42440501681908	0.016	0.042	2.88352544602418e-46	ANXA6	c4
1.67224955317643e-50	-1.09203119716851	0.03	0.061	3.47259342212618e-46	KMT2E-AS1	c4
1.8601039447353e-50	-0.726704222515802	0.07	0.111	3.86269185163732e-46	NR4A2	c4
2.67423944421604e-50	-1.15356128725809	0.025	0.055	5.55332562985903e-46	ROMO1	c4
3.00342250170823e-50	-0.804907526793652	0.051	0.088	6.2369071670473e-46	PCBP1	c4
3.77055975381862e-50	-1.9665904208567	0.007	0.029	7.82994438477975e-46	GLUL	c4
4.64822067107234e-50	0.650388319131762	0.087	0.055	9.65249504554881e-46	AES	c4
5.51647753260784e-50	-1.836386705697	0.009	0.032	1.14555172442134e-45	BSG	c4
9.97377562487659e-50	-2.5140475083141	0.005	0.025	2.07115424626187e-45	FABP5	c4
1.05905629578824e-49	-0.79222963170754	0.051	0.089	2.19923630383386e-45	COX7A2	c4
2.17715853552785e-49	-1.21296157781345	0.022	0.05	4.52108741487713e-45	PET100	c4
2.18348224811056e-49	-1.33152145887421	0.018	0.044	4.53421923642639e-45	ATP5B	c4
3.0152631059163e-49	-1.13120535825591	0.025	0.055	6.2614953657458e-45	TSPO	c4
4.82819849473373e-49	-1.53882141657653	0.014	0.039	1.00262369941641e-44	ARL6IP1	c4
4.98813487453199e-49	-1.20765251391871	0.022	0.05	1.03583608804531e-44	CELF2	c4
5.33748660302437e-49	-1.00266838628098	0.032	0.064	1.10838246798404e-44	RBM39	c4
8.87016220849607e-49	-1.6731254345357	0.011	0.035	1.84197788421629e-44	LOC284454	c4
1.30962783307575e-48	-1.15894535805032	0.023	0.052	2.71957315816511e-44	ARHGDIA	c4
1.33878712155667e-48	-0.745059529091322	0.064	0.104	2.78012533662458e-44	TAGAP	c4
1.40960608326661e-48	-1.40419417168457	0.016	0.041	2.92718799251145e-44	GLIPR1	c4
1.61777287102069e-48	1.00903010396932	0.037	0.018	3.35946714396157e-44	RSL1D1	c4
1.89806318441898e-48	-1.14820749316668	0.024	0.053	3.94151800876445e-44	HNRNPA3	c4
3.2310829743899e-48	-1.43390768791548	0.015	0.04	6.70966690461806e-44	SHFM1	c4
4.80212437445313e-48	-1.65408363656931	0.011	0.034	9.97209147598937e-44	POMP	c4
1.00652128581421e-47	-1.12764629543686	0.025	0.054	2.09014210212178e-43	PRDX1	c4
1.68119353140278e-47	-1.0174089264033	0.03	0.06	3.49116648731101e-43	PRDM1	c4
2.41092145863176e-47	-1.75014596636705	0.009	0.031	5.0065195009947e-43	MAPRE2	c4
2.49104479163037e-47	-0.783188898202429	0.05	0.086	5.17290361429963e-43	RNASEK	c4
2.70320813331844e-47	-7.03432529530212	0	0.015	5.61348200964907e-43	CCL3L1	c4
2.97577917583598e-47	-2.67198293196885	0.003	0.022	6.17950303654099e-43	GABARAPL1	c4
3.09087731754733e-47	-1.54080072701563	0.012	0.036	6.41851583761879e-43	PRDX5	c4
3.21470722617555e-47	-1.66734925192677	0.013	0.037	6.67566102587615e-43	MTRNR2L2	c4
4.84019896437612e-47	-0.997100271868183	0.031	0.062	1.00511571694235e-42	PRR13	c4
5.71917984367505e-47	-1.42988864313791	0.014	0.039	1.18764488633756e-42	PSMB1	c4
6.18577467858775e-47	-1.63706517812978	0.011	0.034	1.28453796975553e-42	IGFLR1	c4
1.21033519438725e-46	-1.43867645354433	0.014	0.038	2.51338206466456e-42	SYNE2	c4
1.24991160720438e-46	-2.04650765682082	0.006	0.027	2.59556644352061e-42	RASAL3	c4
1.34856110204274e-46	-0.913431347374396	0.037	0.07	2.80042198450195e-42	H3F3AP4	c4
1.88424054667856e-46	0.662557438840639	0.077	0.048	3.91281391923269e-42	UXT	c4
2.09605191843111e-46	-2.76165689212074	0.003	0.021	4.35266141381405e-42	PTTG1	c4
2.10038799083947e-46	-1.74820296338397	0.009	0.031	4.36166570177724e-42	IFI27L2	c4
2.66052433012969e-46	-1.43224357471661	0.014	0.038	5.52484482394731e-42	OSTF1	c4
3.89501359947064e-46	-1.03617128975194	0.028	0.057	8.08838524066072e-42	SON	c4
5.09492834881381e-46	-1.9306239819384	0.007	0.028	1.05801282091468e-41	MRPS6	c4
6.75997940099386e-46	0.443293520313129	0.161	0.119	1.40377732241038e-41	PCED1B-AS1	c4
7.78828657879477e-46	-0.508690505999538	0.128	0.176	1.61731559095252e-41	ITM2B	c4
9.65150653890704e-46	-0.906107825454184	0.037	0.069	2.00423184786944e-41	UQCR10	c4
2.21885831225168e-45	-0.898635738495575	0.037	0.069	4.60768117122184e-41	FUS	c4
2.7737835214753e-45	-2.73764235807531	0.003	0.02	5.7600388606956e-41	RAB27A	c4
2.97768356080272e-45	-1.30663443084742	0.017	0.042	6.18345768236294e-41	H3F3C	c4
3.00189165758176e-45	-1.6943507449973	0.009	0.031	6.23372821613427e-41	FAM49B	c4
3.20796316534022e-45	-0.986875489290753	0.033	0.063	6.66165630914549e-41	SQSTM1	c4
3.26740129286617e-45	-2.46235245696171	0.004	0.022	6.78508552476588e-41	AMICA1	c4
3.38397253757656e-45	-1.1433144984644	0.023	0.05	7.02715737153148e-41	CALM3	c4
3.73644013605803e-45	-1.35386242715357	0.016	0.04	7.75909158653811e-41	CACYBP	c4
3.84451961757736e-45	-1.1588111143157	0.022	0.049	7.98352943786115e-41	ELF1	c4
3.90889638265869e-45	-1.38571105837316	0.014	0.038	8.11721422822904e-41	NOP10	c4
4.07150515287434e-45	-4.08891083777398	0.001	0.016	8.45488760045885e-41	ZEB2	c4
5.08127390086369e-45	0.124217314400427	0.543	0.459	1.05517733825335e-40	FXYD5	c4
5.29966714984222e-45	-3.21143769302084	0.004	0.022	1.10052888033624e-40	STMN1	c4
9.15753928889555e-45	-1.60772839024955	0.011	0.032	1.90165460873205e-40	RNF167	c4
9.17783839106866e-45	-1.62662925484912	0.01	0.032	1.90586992028932e-40	PTP4A2	c4
1.01110563475803e-44	-1.422213175968	0.014	0.037	2.09966196113853e-40	EMB	c4
1.09025454756047e-44	-5.68693327343482	0	0.015	2.26402259346407e-40	KLRF1	c4
1.16451692756057e-44	-1.95251939565928	0.007	0.027	2.41823585177228e-40	TYMP	c4
1.17901163980265e-44	-0.919478952948956	0.037	0.068	2.44833557121419e-40	SERTAD1	c4
1.18726597843752e-44	-2.49916192077344	0.004	0.021	2.46547653082336e-40	PTPN7	c4
1.37293474624696e-44	-2.31092305374883	0.005	0.023	2.85103629405644e-40	IDH2	c4
1.55807867350299e-44	0.493966389265209	0.161	0.12	3.23550617339631e-40	CD37	c4
2.12233505410893e-44	-1.55973510860202	0.011	0.033	4.40724097336259e-40	DHRS7	c4
3.35641465473566e-44	-1.22527482095219	0.019	0.044	6.96993067202408e-40	CD164	c4
4.42417714965673e-44	-0.81255519582488	0.044	0.077	9.18724626897717e-40	PTGES3	c4
7.62507102695444e-44	-1.62825166354826	0.01	0.031	1.58342224945736e-39	C5orf56	c4
8.66708355599912e-44	-2.1037487609608	0.006	0.024	1.79980657123878e-39	GLIPR2	c4
1.10438458008832e-43	-2.81366958244375	0.003	0.019	2.2933650190114e-39	TRG-AS1	c4
2.23375124507018e-43	-1.36491684743694	0.015	0.038	4.63860783551274e-39	PRELID1	c4
3.35616419772228e-43	-0.911034834507318	0.035	0.065	6.96941057299009e-39	HERPUD1	c4
3.40224535316971e-43	-2.5289585646579	0.003	0.02	7.06510270039222e-39	CHST12	c4
3.82143581989708e-43	-2.20535581192735	0.005	0.023	7.93559362359828e-39	IKZF3	c4
4.04504370778385e-43	-1.25183287313116	0.018	0.042	8.39993776358395e-39	TMEM59	c4
6.29208461013123e-43	-1.63548272690239	0.01	0.03	1.30661429013985e-38	BZW1	c4
6.79394215751616e-43	-1.89554589701324	0.007	0.026	1.41083002842981e-38	SIRPG	c4
6.84690438055776e-43	-1.24562099740696	0.018	0.042	1.42182816366662e-38	SNRPB	c4
7.3143043083242e-43	-2.02920579612692	0.006	0.024	1.5188884326666e-38	AKIRIN2	c4
8.77922703527327e-43	-1.64524083097243	0.01	0.03	1.82309428614485e-38	RNF19A	c4
9.23516602427887e-43	-1.56467340014244	0.011	0.032	1.91777457660175e-38	PRKCH	c4
1.01711871201282e-42	-1.94342529377088	0.006	0.025	2.11214871736583e-38	HN1	c4
1.14769536339181e-42	1.72158809990332	0.011	0.003	2.38330419161943e-38	SMIM14	c4
1.56702423641617e-42	-1.42113793514297	0.013	0.036	3.25408252934182e-38	SUN2	c4
2.38742326466871e-42	-1.72888532320333	0.009	0.028	4.95772315141105e-38	PSTPIP1	c4
2.76701526539275e-42	-1.26132965829306	0.017	0.041	5.74598390011458e-38	RBX1	c4
5.24210473460563e-42	-1.26357735226508	0.017	0.04	1.08857546918821e-37	MAP1LC3B	c4
5.51582717027686e-42	1.83150386674638	0.01	0.003	1.14541667017969e-37	LINC00926	c4
5.57699944826049e-42	-1.18863163635519	0.019	0.044	1.15811970542577e-37	ZAP70	c4
5.83208535864633e-42	-1.31190412421147	0.018	0.042	1.2110908455765e-37	ISG15	c4
1.09246945526678e-41	-1.57184916746448	0.01	0.031	2.268622070807e-37	REEP5	c4
1.29783967751195e-41	-2.38393284699338	0.004	0.021	2.69509387432132e-37	ACP5	c4
1.32642479620115e-41	-1.97968480038929	0.006	0.024	2.75445373179131e-37	BTG3	c4
1.6287727396214e-41	-0.75679449191344	0.066	0.103	3.38230947109781e-37	RGCC	c4
1.96654720327686e-41	-2.17482867652368	0.005	0.022	4.08373192232472e-37	HLA-DMA	c4
2.43562099745401e-41	-1.25216370903179	0.017	0.041	5.05781056331299e-37	SCAND1	c4
2.74363878407883e-41	-1.47173693170439	0.012	0.033	5.6974402990181e-37	PSMB3	c4
3.177194050793e-41	-1.12687327421238	0.021	0.046	6.59776116587674e-37	DAD1	c4
3.18100516121964e-41	-0.896428840125396	0.034	0.063	6.60567531778871e-37	LAT	c4
4.90893950102487e-41	-0.683713513356782	0.06	0.095	1.01939037678282e-36	ISG20	c4
5.20630863618056e-41	-0.978609819018085	0.03	0.058	1.08114205138926e-36	ENO1	c4
7.72729015432917e-41	-1.03595692343699	0.024	0.05	1.604649073448e-36	VPS28	c4
1.22869755822739e-40	0.401183960110061	0.154	0.115	2.55151334941501e-36	ZFAS1	c4
1.5678819122826e-40	-3.1580341673033	0.002	0.017	3.25586357904605e-36	SLA2	c4
1.67239036128496e-40	0.277119667177876	0.286	0.234	3.47288582424435e-36	RPL36AL	c4
1.69065826979584e-40	-0.37085423702738	0.216	0.267	3.51082096305805e-36	PPIA	c4
1.8255628164534e-40	-0.777840127247927	0.05	0.082	3.79096374464713e-36	UCP2	c4
2.29917077375746e-40	-1.19950827585595	0.019	0.042	4.77445802878475e-36	RPS27L	c4
2.34061375142442e-40	-1.2938514154334	0.015	0.038	4.86051851620795e-36	GNB2	c4
3.73996001130363e-40	-1.43933550378516	0.012	0.033	7.76640095947311e-36	IFI16	c4
3.94221785530339e-40	-2.97723228570958	0.002	0.017	8.18640959832301e-36	TPST2	c4
4.31192735203819e-40	-1.55590317492104	0.022	0.047	8.95414833924251e-36	MT1X	c4
4.63817988560521e-40	-1.09256713181669	0.022	0.047	9.63164435044777e-36	TAPBP	c4
5.71687471400933e-40	-4.22697037324452	0.001	0.015	1.18716620311118e-35	S100A9	c4
6.35499268485247e-40	-1.341761630282	0.014	0.035	1.31967778093646e-35	UBE2L6	c4
6.61020026327093e-40	-1.29517637027082	0.015	0.037	1.37267418667084e-35	SELPLG	c4
7.11076040001062e-40	-0.713350935360274	0.052	0.084	1.47662050466621e-35	NDUFA4	c4
1.05809929307905e-39	-0.886185043882689	0.034	0.063	2.19724899200796e-35	EZR	c4
1.64847690688457e-39	-1.06513966058219	0.023	0.047	3.42322714483649e-35	BRK1	c4
1.73566415847286e-39	-1.71738548296104	0.008	0.027	3.60428019148475e-35	SASH3	c4
2.03053726722838e-39	-1.14379430133093	0.019	0.043	4.21661368912644e-35	DDX3X	c4
2.07937002297121e-39	-1.04297959323902	0.024	0.049	4.31801978970201e-35	ACAP1	c4
2.1173705451565e-39	0.351960143789032	0.196	0.153	4.39693167407199e-35	C12orf57	c4
2.96636296721917e-39	-1.64884643317091	0.009	0.028	6.15994933772733e-35	TPM4	c4
3.00796816438043e-39	-1.01334851936699	0.025	0.05	6.24634669015241e-35	HNRNPF	c4
3.08459834574152e-39	-1.39600807212106	0.012	0.033	6.40547692476684e-35	TMBIM4	c4
3.24227902447762e-39	-1.07569170614704	0.023	0.047	6.73291662223022e-35	BAX	c4
3.44196457421739e-39	-1.26002088693692	0.016	0.038	7.14758363481982e-35	ARPC5	c4
3.47688870386377e-39	-4.12643801914212	0.001	0.014	7.22010708244351e-35	S100A8	c4
3.61738898760487e-39	-0.458607524817586	0.205	0.252	7.51186997166028e-35	NFKBIA	c4
3.75902869655753e-39	-2.77733593211508	0.002	0.017	7.80599899127136e-35	ACTN4	c4
4.15652539389515e-39	-0.654239211465285	0.061	0.096	8.63144063296266e-35	COX6B1	c4
4.40207776988828e-39	-0.690193159408905	0.054	0.087	9.14135469695e-35	VAMP2	c4
4.62406217482061e-39	-1.21892083820728	0.017	0.039	9.60232751223248e-35	NDUFB10	c4
5.21191958635392e-39	-2.72445035186299	0.003	0.018	1.08230722130225e-34	PELO	c4
5.23153740426047e-39	-1.14126347603168	0.019	0.042	1.08638105736873e-34	ITGA4	c4
5.24400471973935e-39	-2.44190423639821	0.003	0.019	1.08897002010107e-34	LOC100996919	c4
5.61048718811299e-39	-0.860249569400672	0.034	0.062	1.16507376948354e-34	NDUFA11	c4
7.34387443657158e-39	-1.47166580114842	0.011	0.031	1.52502896549845e-34	TAP1	c4
8.47102716081221e-39	-1.37119924953556	0.013	0.034	1.75909350021426e-34	SRI	c4
8.5630792083968e-39	1.78378236947068	0.01	0.003	1.77820902841568e-34	BANK1	c4
1.12295500478223e-38	-1.05385356731249	0.022	0.047	2.33192836293078e-34	CSNK2B	c4
1.3217251409744e-38	-1.28311068012242	0.015	0.036	2.74469442774744e-34	SHISA5	c4
1.76165614744462e-38	-1.22635711285658	0.016	0.038	3.65825515578349e-34	COX5A	c4
1.88125728961518e-38	-0.784689773695125	0.041	0.07	3.90661888761489e-34	SAP18	c4
3.00536758234855e-38	-3.61200727141153	0.001	0.015	6.24094632150501e-34	PLA2G16	c4
3.08945535066098e-38	-1.73029359614445	0.008	0.026	6.41556298118259e-34	NEU1	c4
4.74196991353937e-38	-1.40878759188971	0.012	0.032	9.84717472245585e-34	TERF2IP	c4
6.44150383718881e-38	-1.27461544526525	0.015	0.036	1.33764268683063e-33	DYNLT1	c4
7.04010419717985e-38	-0.927108058491254	0.03	0.057	1.46194803758637e-33	SEC61B	c4
8.36607235732342e-38	-2.11252012370471	0.005	0.021	1.73729858572178e-33	TSEN54	c4
8.79808458058666e-38	-0.883071604133735	0.031	0.057	1.82701024400463e-33	SEPW1	c4
1.03110921805531e-37	-0.867054747305786	0.034	0.061	2.14120140221366e-33	EPC1	c4
1.06776237369033e-37	-1.7473599745633	0.007	0.025	2.21731534520534e-33	PDIA6	c4
1.28268264458253e-37	-1.23504891764622	0.016	0.038	2.66361877974008e-33	CKS2	c4
1.50207051509348e-37	-1.0766630188345	0.023	0.046	3.11919963164313e-33	TSPYL2	c4
2.87337242081385e-37	0.847928590654133	0.043	0.024	5.96684516906203e-33	RPS4Y1	c4
3.00252828670538e-37	-1.69042410816551	0.008	0.025	6.2350502401724e-33	SH3KBP1	c4
3.39086579731089e-37	-0.755855489223869	0.042	0.071	7.0414719146958e-33	ARL6IP5	c4
3.48164338156754e-37	-1.5626030091333	0.009	0.028	7.22998064616315e-33	NAP1L4	c4
4.31042116025241e-37	-1.58480884962867	0.009	0.027	8.95102058138016e-33	DOK2	c4
4.9176443506505e-37	-1.43084322492253	0.011	0.03	1.02119802585608e-32	SEC11A	c4
5.6276155124214e-37	-1.26482646361244	0.015	0.035	1.16863063730943e-32	GPR65	c4
5.91583939002678e-37	-1.34702597686729	0.013	0.033	1.22848320773296e-32	FAM46C	c4
5.97765619325478e-37	-1.24129294386446	0.015	0.036	1.24132008509129e-32	SPCS2	c4
6.92648895552831e-37	-1.03057316044101	0.023	0.046	1.43835469650501e-32	DDX24	c4
8.69889708954396e-37	-0.739097127827387	0.045	0.075	1.8064129696147e-32	SEPT1	c4
1.46230118535683e-36	-2.15324011739014	0.004	0.02	3.03661464151199e-32	ITGAL	c4
1.53502825360163e-36	-1.05038606967597	0.023	0.046	3.18763967142914e-32	DDIT3	c4
1.70012059770355e-36	-0.534189012384634	0.331	0.373	3.5304704331912e-32	FTL	c4
2.13912238731344e-36	-1.39018500681406	0.012	0.031	4.44210154949509e-32	ECH1	c4
2.40421700664743e-36	-0.77979338570676	0.04	0.068	4.99259703600406e-32	MBNL1	c4
2.82897923743274e-36	-1.08628890328092	0.02	0.042	5.87465828445283e-32	JAK1	c4
3.09141929474892e-36	-1.24215216791592	0.015	0.035	6.4196413074756e-32	ERH	c4
3.84917592477016e-36	-1.60506785211931	0.008	0.026	7.99319872537772e-32	CFLAR	c4
4.13991820232119e-36	-1.70662467288634	0.007	0.024	8.59695413894018e-32	AKNA	c4
4.71595035635488e-36	-1.15355103826036	0.017	0.039	9.79314251000654e-32	IDS	c4
5.21368535175287e-36	-1.00455827105572	0.023	0.047	1.082673900145e-31	C14orf2	c4
5.33445457500872e-36	-0.768301559212621	0.04	0.068	1.10775283704631e-31	COX5B	c4
7.63498060913274e-36	-2.59866625432593	0.003	0.017	1.5854800732925e-31	AGTRAP	c4
7.95613149121077e-36	-0.865379844333852	0.032	0.058	1.65217026546483e-31	CCNL1	c4
1.07159095449904e-35	-2.57687799227686	0.003	0.017	2.22526577611271e-31	IFNGR1	c4
1.48568604213606e-35	-1.08299477103986	0.019	0.041	3.08517563509975e-31	SFPQ	c4
1.84216207573896e-35	-1.06733282445361	0.02	0.042	3.82543376647952e-31	UQCRQ	c4
2.19701432671914e-35	-1.40306914230703	0.011	0.03	4.56231995086496e-31	CNOT6L	c4
2.46458009408055e-35	-1.23948479700518	0.015	0.035	5.11794702336767e-31	CLEC2D	c4
2.63791942722299e-35	-2.39063176351741	0.004	0.018	5.47790348257127e-31	XIST	c4
2.68009509421063e-35	-0.620202515366636	0.061	0.093	5.56548547263779e-31	SRSF5	c4
2.92692554512089e-35	-2.17503423490339	0.004	0.019	6.07805358699804e-31	SURF4	c4
2.96212815419596e-35	-1.82321432438406	0.006	0.022	6.15115532500333e-31	RASSF1	c4
4.7744376187102e-35	-1.10862936872862	0.018	0.04	9.91459715901359e-31	COX17	c4
4.8909630702359e-35	-1.12276379629511	0.018	0.039	1.01565739116519e-30	RALY	c4
5.16791187557386e-35	-1.05227810951121	0.021	0.043	1.07316858008167e-30	EIF4G2	c4
5.46286974719903e-35	-0.845142677010463	0.05	0.08	1.13441953170335e-30	HSPB1	c4
8.4735356016918e-35	-1.14708950566578	0.017	0.038	1.75961440304732e-30	FAM96B	c4
9.61431940925797e-35	-1.23518468680322	0.014	0.034	1.99650956852651e-30	SP100	c4
1.48652613475811e-34	-1.00142305678941	0.022	0.045	3.08692017143869e-30	NEDD8	c4
1.56224063047035e-34	-4.54047814884036	0	0.012	3.24414889323473e-30	PTGDR	c4
1.93231637655323e-34	-0.78818635849095	0.037	0.063	4.01264818755043e-30	ETS1	c4
2.68127857605539e-34	-1.6267379160709	0.008	0.024	5.56794309103663e-30	APBB1IP	c4
3.98176094142218e-34	-7.21630344819266	0	0.011	8.26852477095729e-30	LOC102724850	c4
4.50804390504478e-34	-1.81234885521565	0.006	0.022	9.361403973216e-30	NCR3	c4
5.55944464807536e-34	-0.979778692758947	0.023	0.045	1.15447427561933e-29	SF3B5	c4
5.72140362257993e-34	-1.33312579800508	0.012	0.03	1.18810667626495e-29	SDCBP	c4
7.8368781180933e-34	-1.19071173428992	0.015	0.035	1.62740611000325e-29	NDUFA6	c4
1.02484007492208e-33	-0.775377897098064	0.04	0.066	2.1281828995832e-29	CD27	c4
1.253608779177e-33	-2.25225373736528	0.004	0.018	2.60324399083895e-29	CTSS	c4
1.63098739317945e-33	-1.08047402269739	0.019	0.039	3.38690842067645e-29	PAIP2	c4
1.70440638908113e-33	-1.60721553620631	0.011	0.028	3.53937030756587e-29	IER3	c4
1.87464233199415e-33	-1.59114777854131	0.008	0.024	3.89288226661905e-29	MFSD10	c4
1.96105374134526e-33	-1.25863519533381	0.013	0.032	4.07232419927756e-29	ANAPC11	c4
1.96295762241167e-33	-1.01777259678352	0.022	0.043	4.07627779870007e-29	TRA2B	c4
2.31076149286128e-33	-4.45493151684451	0.001	0.012	4.79852731607574e-29	MS4A6A	c4
2.50105916521573e-33	-1.36229843283623	0.011	0.029	5.19369946248699e-29	PSMD8	c4
2.60128692716751e-33	-1.11084863802157	0.017	0.037	5.40183243295606e-29	COX7B	c4
2.82455697834565e-33	-1.36968070946878	0.011	0.029	5.86547502123257e-29	DEK	c4
3.08733501137415e-33	-0.783194142735641	0.037	0.062	6.41115988461956e-29	C9orf16	c4
4.05023586628072e-33	-0.759497000375713	0.037	0.063	8.41071979991854e-29	MORF4L1	c4
4.14138598735188e-33	-1.32457793106566	0.012	0.03	8.60000214133491e-29	SLC3A2	c4
5.20991454979931e-33	-0.958275907330263	0.023	0.045	1.08189085541133e-28	SNRPG	c4
5.32821622653419e-33	-1.84209717654659	0.006	0.02	1.10645738160209e-28	STAT4	c4
7.50117352712397e-33	-1.22169729569172	0.014	0.033	1.55769369464256e-28	HMGN3	c4
7.80030171049388e-33	-1.29313497696377	0.013	0.031	1.61981065320116e-28	NDUFB7	c4
8.98728146205567e-33	-2.84514267701046	0.003	0.016	1.86629886841048e-28	MT1E	c4
9.12390011194013e-33	-1.12523421112074	0.017	0.037	1.89466909724549e-28	WSB1	c4
1.01084142110139e-32	-1.3996826301802	0.01	0.028	2.09911329505914e-28	DNAJB6	c4
1.0287540510288e-32	-1.1797442754912	0.015	0.034	2.13631066236641e-28	DYNLRB1	c4
1.10179052562783e-32	-1.10205423351358	0.018	0.038	2.28797820551874e-28	SLC38A2	c4
1.42718505753773e-32	-1.78064961727189	0.007	0.022	2.96369249048284e-28	FOXP3	c4
1.50187660732666e-32	-1.64434083403689	0.007	0.023	3.11879696277454e-28	TCIRG1	c4
1.54764698030122e-32	-0.995109484983026	0.022	0.043	3.21384371929352e-28	CREM	c4
1.62623890475354e-32	-1.37987652895353	0.011	0.028	3.3770477096112e-28	SELT	c4
1.73535569486004e-32	-3.9930364011605	0.001	0.012	3.60363963594636e-28	TARP	c4
1.856472118653e-32	-0.245992643045733	0.828	0.823	3.85515000159482e-28	COX2	c4
1.85978771384408e-32	-2.67610139049193	0.004	0.017	3.86203516656862e-28	IFI30	c4
3.90306875886913e-32	-0.611014093480811	0.057	0.086	8.10511258466764e-28	COX6C	c4
4.13266414017599e-32	-1.03650156013222	0.021	0.041	8.58189035348946e-28	GeneID:102723863	c4
4.97075641006112e-32	-1.53791031361919	0.008	0.024	1.03222727611329e-27	RAB1B	c4
7.35190702135561e-32	-1.15205955297519	0.015	0.034	1.52669701205471e-27	TBCB	c4
1.34268433377915e-31	-0.898160963036787	0.026	0.048	2.78821828752579e-27	HNRNPC	c4
1.59303256518502e-31	-1.95947038152718	0.005	0.019	3.30809142486321e-27	LDLRAD4	c4
2.04106109744273e-31	-1.80514832702681	0.006	0.02	4.23846747494957e-27	MIR155HG	c4
2.70674688286072e-31	-4.91668551503039	0	0.011	5.62083057694858e-27	CRTAM	c4
2.90056518636621e-31	-2.5955355184231	0.002	0.014	6.02331366600807e-27	TOX	c4
3.19585735839492e-31	-1.19531835194298	0.014	0.032	6.6365173904429e-27	SCML4	c4
3.69473614121166e-31	-1.14190555950574	0.016	0.034	7.67248907084013e-27	FKBP5	c4
4.83715853776455e-31	-1.04838777164463	0.018	0.037	1.00448434195219e-26	H2AFV	c4
7.42513691052637e-31	-2.38247631477387	0.003	0.015	1.5419039308399e-26	GYG1	c4
8.04966396521816e-31	-2.3568696586378	0.003	0.015	1.6715932190172e-26	TLN1	c4
9.22480521156083e-31	-0.745216013233589	0.036	0.061	1.91562305023272e-26	NCL	c4
9.30923444317159e-31	-0.972527692167821	0.021	0.041	1.93315562446901e-26	ARGLU1	c4
9.83552331568915e-31	-1.99997433306728	0.004	0.017	2.04244477173601e-26	PFKFB3	c4
1.05129595346998e-30	-1.41158952321582	0.01	0.025	2.18312117697576e-26	VCP	c4
1.2295156919139e-30	-0.85555343605732	0.028	0.051	2.5532122858284e-26	CSTB	c4
1.53540778174504e-30	-1.4979535321938	0.009	0.024	3.18842779957174e-26	CCND2	c4
1.63586125011438e-30	-0.948551571201528	0.022	0.043	3.39702947198752e-26	OXNAD1	c4
1.78752182391433e-30	-5.10129456222981	0	0.01	3.71196781954049e-26	EOMES	c4
1.86630734846082e-30	-1.35826814392917	0.01	0.026	3.87557383981374e-26	PRKAR1A	c4
2.12362980220476e-30	-0.863739158277628	0.027	0.049	4.4099296472584e-26	RSRP1	c4
2.19271739908217e-30	-3.67925093243289	0.001	0.011	4.55339695093403e-26	ENTPD1	c4
2.37599624591938e-30	-1.64372851526565	0.007	0.022	4.93399380427618e-26	CTSB	c4
2.58889209809504e-30	-3.12112828556796	0.001	0.012	5.37609333090415e-26	TBX21	c4
2.68201283243538e-30	-1.15141541051735	0.016	0.035	5.56946784783531e-26	LMNA	c4
2.97910249813252e-30	-1.13793327198497	0.015	0.033	6.18640424762199e-26	HNRNPU	c4
3.15394964332961e-30	-0.645701638065354	0.048	0.075	6.54949182933826e-26	C19orf43	c4
3.3527258566053e-30	-1.79229987617355	0.006	0.019	6.96227051382656e-26	MAP3K8	c4
3.54094844008641e-30	-0.731605903248747	0.038	0.063	7.35313353068343e-26	SELK	c4
4.23394388712462e-30	-1.4807189257569	0.008	0.023	8.79220787600299e-26	ARPC4	c4
5.84232339636674e-30	-1.24556637055951	0.012	0.029	1.21321687648952e-25	RNF7	c4
5.93335288613289e-30	-1.09785875882332	0.016	0.034	1.23212006033436e-25	CCDC107	c4
7.04305159092555e-30	-0.890311028842643	0.024	0.045	1.4625600933716e-25	PTGER4	c4
7.2273639748161e-30	-0.829062649927529	0.029	0.051	1.50083440301031e-25	ARHGEF1	c4
8.58647062236661e-30	-6.05594898531469	0	0.01	1.78306648944065e-25	KIR2DL4	c4
1.04387383639891e-29	-0.555228337545549	0.063	0.092	2.16770840866599e-25	GMFG	c4
1.0634467539653e-29	-1.53863503771023	0.008	0.022	2.20835352928434e-25	RAD21	c4
1.11814477981044e-29	-1.22281964878538	0.013	0.03	2.32193944975435e-25	H2AFX	c4
1.41927363454897e-29	-1.18301609927466	0.014	0.031	2.9472636295044e-25	SIT1	c4
1.62791263616084e-29	-7.25876586831437	0	0.01	3.38052338025161e-25	CXCL8	c4
1.64479753135429e-29	0.46329272817982	0.092	0.067	3.41558655361032e-25	SERP1	c4
1.87939321108521e-29	-4.6685634114277	0	0.01	3.90274794213955e-25	VCAN	c4
2.20281656442518e-29	-1.01879774894132	0.018	0.037	4.57436887768534e-25	ATP5J	c4
2.20503039873808e-29	-1.82866251262337	0.005	0.018	4.57896612601951e-25	C20orf24	c4
2.45642762132576e-29	-0.693482592722221	0.041	0.066	5.10101759844507e-25	TMEM258	c4
2.70839384120129e-29	-1.32219631000364	0.01	0.026	5.6242506506386e-25	PHPT1	c4
2.90352450971752e-29	0.593894163404067	0.063	0.042	6.0294589968794e-25	NME2	c4
3.06944458177047e-29	0.367154790042289	0.143	0.111	6.37400861850456e-25	EIF3K	c4
3.36017592353444e-29	-2.33158109359288	0.003	0.015	6.97774132281161e-25	SYNE1	c4
3.42673694920959e-29	-0.865587505913649	0.026	0.047	7.11596194872863e-25	SPCS1	c4
3.64197823336412e-29	-2.3788614418205	0.003	0.014	7.56293199940394e-25	PLEKHF1	c4
4.00787369935208e-29	-1.5668347815313	0.007	0.021	8.32275052407454e-25	PRKACB	c4
4.08550552710168e-29	-1.15415048220463	0.014	0.031	8.48396077757935e-25	TRIM22	c4
4.24368434898663e-29	-1.41824023604252	0.009	0.024	8.81243491910564e-25	PSMB6	c4
4.48506929229247e-29	-1.53495080016589	0.008	0.022	9.31369489237455e-25	LAMP1	c4
5.49924270928941e-29	-0.373722395648568	0.131	0.168	1.14197274101104e-24	OST4	c4
7.25046796303441e-29	-1.34626974554276	0.01	0.025	1.50563217720373e-24	ACTR2	c4
8.45211272875095e-29	-2.55603555158536	0.002	0.013	1.75516572925242e-24	STARD3NL	c4
8.59761132104383e-29	-1.83546056466137	0.005	0.018	1.78537996692796e-24	NAMPT	c4
9.0705752012644e-29	-0.943107767499566	0.021	0.04	1.88359564629457e-24	IL10RA	c4
1.0774611353863e-28	-1.19271779111411	0.013	0.029	2.23745579374319e-24	BHLHE40	c4
1.22208579717873e-28	-0.809476186001343	0.029	0.05	2.53778336642134e-24	C4orf3	c4
2.0246307190647e-28	-4.47307886355477	0	0.01	4.20434815120976e-24	HAVCR2	c4
2.18760185005152e-28	-2.9665904208567	0.001	0.012	4.54277400181699e-24	HLA-DRB5	c4
2.20562274952586e-28	-0.878734063658777	0.024	0.045	4.58019620166539e-24	LBH	c4
2.22739288056984e-28	-1.70012341233335	0.006	0.019	4.62540405579132e-24	TMX4	c4
2.41920866559466e-28	-0.727778279264427	0.035	0.058	5.02372871497388e-24	NDUFB1	c4
2.80143927320531e-28	-1.20279967622769	0.012	0.028	5.81746879473814e-24	OTUB1	c4
3.00631804631954e-28	-1.14144237695858	0.014	0.03	6.24292005498715e-24	C4orf48	c4
3.16089102770993e-28	-1.7563070634331	0.005	0.018	6.56390630814243e-24	TMED9	c4
3.16897776453397e-28	-0.445707076145173	0.115	0.149	6.58069922583124e-24	TAGLN2	c4
3.52551485680894e-28	-1.39697588446898	0.009	0.024	7.32108415164944e-24	PSMA6	c4
4.13026750726781e-28	-3.17493702153177	0.001	0.011	8.57691350559234e-24	OASL	c4
5.09144548197019e-28	-0.681016148423076	0.041	0.065	1.05728956878593e-23	SLC25A5	c4
5.10287508894209e-28	-1.05122274698624	0.016	0.033	1.05966304096971e-23	MRPL41	c4
5.33313668977044e-28	-1.48982764174113	0.008	0.022	1.10747916499773e-23	TGFB1	c4
5.57494780264446e-28	-1.22459894109608	0.012	0.027	1.15769366069715e-23	RANBP1	c4
9.02013053709729e-28	-1.01257917524745	0.017	0.035	1.87312030733362e-23	UBE2I	c4
9.48684507006558e-28	-1.13951330784554	0.014	0.03	1.97003824724982e-23	MYEOV2	c4
1.11439687529867e-27	-0.982495840777013	0.019	0.037	2.31415655124523e-23	ARL4C	c4
1.47545872220049e-27	-3.77428476064105	0.001	0.01	3.06393758252154e-23	HLA-DRB3	c4
1.62075177530647e-27	-1.14083101764876	0.014	0.03	3.36565313660141e-23	MEAF6	c4
1.64638219516233e-27	-1.40017831650732	0.008	0.022	3.4188772664741e-23	SERPINB1	c4
1.91328321170297e-27	-1.92189265978941	0.004	0.016	3.97312391742239e-23	MYO1G	c4
1.98436653738943e-27	-0.631245149678376	0.049	0.075	4.12073555154289e-23	SPOCK2	c4
2.55397641382582e-27	-1.38024821388175	0.009	0.023	5.30358742095069e-23	TMCO1	c4
3.03304167285311e-27	-1.15937127547238	0.013	0.029	6.29841433784676e-23	DEF6	c4
3.07083358277518e-27	-1.49391904489445	0.007	0.021	6.37689301799094e-23	RNF181	c4
3.3997645485966e-27	-0.437363494498767	0.127	0.162	7.05995106161569e-23	KLRB1	c4
3.84286033101594e-27	-1.49141068632703	0.008	0.021	7.9800837633877e-23	HERPUD2	c4
4.07239042887545e-27	-1.80054659852228	0.005	0.017	8.45672596460276e-23	THEMIS	c4
4.21985263831587e-27	-0.891322029327744	0.022	0.041	8.76294598872674e-23	N4BP2L2	c4
4.41836394508035e-27	-1.38154674319474	0.008	0.022	9.17517456835385e-23	CAPZA1	c4
4.47973383132899e-27	-1.13193285312327	0.014	0.03	9.30261527413778e-23	G3BP2	c4
4.5590761846273e-27	-1.12936363386812	0.026	0.046	9.46737760499705e-23	TUBB	c4
4.78620847137352e-27	-0.786745019510567	0.028	0.049	9.93904051165426e-23	NDUFB8	c4
6.0373092656134e-27	-2.44377249404274	0.002	0.013	1.25370764209728e-22	MYO1F	c4
6.78315817950809e-27	-0.502707062164435	0.067	0.095	1.40859062755665e-22	SKP1	c4
6.87438196012188e-27	-1.1044915674741	0.014	0.031	1.42753415783891e-22	AUP1	c4
7.67000113499824e-27	-0.354684529041371	0.485	0.511	1.59275243569374e-22	ATP8	c4
9.29333416344229e-27	-1.39394636279581	0.009	0.023	1.92985377238043e-22	TMEM179B	c4
9.51240857865786e-27	-2.29081032725205	0.003	0.013	1.97534676544409e-22	TBCD	c4
9.96853120128366e-27	-1.41672587672678	0.008	0.022	2.07006518925856e-22	TCF25	c4
1.05945762544656e-26	-1.01960087079052	0.017	0.034	2.20006970500232e-22	EML4	c4
1.17240687383455e-26	-1.36791270803907	0.009	0.023	2.43462011420482e-22	PSMA2	c4
1.31676090619811e-26	-1.08805006971715	0.014	0.03	2.734385697811e-22	MBP	c4
1.87778055276121e-26	-1.71505165386074	0.005	0.018	3.89939909586394e-22	PAFAH1B1	c4
2.18120377059444e-26	-1.59831102008815	0.006	0.019	4.52948775001642e-22	AP2M1	c4
2.59518898826525e-26	-1.59885863635621	0.006	0.019	5.38916945303163e-22	HNRNPLL	c4
2.72976181724283e-26	0.551644990891159	0.061	0.042	5.66862338968647e-22	ATP5O	c4
3.34436135166015e-26	-1.90021859758677	0.005	0.016	6.94490078285747e-22	PLIN2	c4
3.55962236345273e-26	-1.5473895171063	0.007	0.019	7.39191179994594e-22	SCP2	c4
3.8597366333038e-26	-1.02783576530468	0.016	0.033	8.01512909271868e-22	ANXA11	c4
4.02844890312683e-26	-1.17128084045969	0.012	0.027	8.36547699223317e-22	NUCKS1	c4
4.30696757125858e-26	-0.667008257160811	0.04	0.063	8.94384885847557e-22	SEC61G	c4
4.57166515092073e-26	-1.52546750469357	0.007	0.019	9.49351985240199e-22	FMNL1	c4
4.83335295562006e-26	-1.19189859511906	0.015	0.031	1.00369407476406e-21	ZFAND2A	c4
4.90086320399412e-26	-1.93407250310674	0.004	0.015	1.01771325294142e-21	JMJD6	c4
5.84423474804684e-26	-1.44903419433318	0.01	0.024	1.21361378777941e-21	IRF7	c4
6.04276747375083e-26	-1.49229085036543	0.007	0.02	1.2548410935991e-21	PIN1	c4
6.20841336406414e-26	-0.942711729592643	0.019	0.036	1.28923911918156e-21	FKBP8	c4
6.62322117534175e-26	-1.59351214551517	0.006	0.019	1.37537810927147e-21	PYCARD	c4
6.6519031435387e-26	-1.34823210147467	0.009	0.023	1.38133420678725e-21	LMAN2	c4
6.83407150540098e-26	-0.850224255094709	0.023	0.042	1.41916328881157e-21	STK4	c4
8.85314171464866e-26	-1.6062816194285	0.006	0.018	1.83844340846394e-21	FERMT3	c4
8.87426797054871e-26	-1.63220544068077	0.006	0.018	1.84283048676415e-21	MACF1	c4
9.51741056952123e-26	-0.901317819240427	0.021	0.039	1.97638547886678e-21	SRSF11	c4
1.20115833797367e-25	-0.777282317270658	0.028	0.048	2.49432540463613e-21	CDC37	c4
1.29559076004149e-25	-1.56637274400825	0.006	0.019	2.69042377230217e-21	RPN1	c4
1.33461700456055e-25	-1.1841439928477	0.012	0.026	2.77146567167043e-21	BCAP31	c4
1.3831048767887e-25	-1.42509594871165	0.008	0.021	2.87215558713942e-21	RER1	c4
1.38592559569177e-25	-1.23092984264641	0.011	0.025	2.87801309201352e-21	ATP5C1	c4
1.71071315733161e-25	-0.600002980938496	0.046	0.07	3.55246694251483e-21	NDUFS5	c4
2.12589337234766e-25	-1.2651127535614	0.01	0.024	4.41463017701715e-21	TMEM2	c4
2.13974485700754e-25	-0.934614084848705	0.019	0.036	4.44339417006185e-21	MATR3	c4
2.23289538034037e-25	-3.19269089097071	0.001	0.01	4.63683054681481e-21	DUSP6	c4
2.28438424493608e-25	0.351306073300244	0.143	0.113	4.74375232303427e-21	SLC2A3	c4
2.33513353604949e-25	-1.55612440225889	0.006	0.019	4.84913830096038e-21	GBP2	c4
2.43878174464798e-25	-1.35832245306509	0.009	0.022	5.06437417093599e-21	LAPTM4A	c4
2.56137449223562e-25	-1.91024826440911	0.004	0.015	5.31895027057648e-21	PARVG	c4
2.91795555809621e-25	-1.18603486855248	0.011	0.025	6.0594265119426e-21	NAA10	c4
3.05340808554564e-25	-0.511086589789695	0.063	0.09	6.34070723044408e-21	HMGN1	c4
4.47791837497749e-25	-1.31836604977261	0.009	0.022	9.29884529747825e-21	PSMA5	c4
4.75174438141391e-25	-2.53180527392059	0.002	0.012	9.86747238244412e-21	SLC7A5	c4
4.99058241341873e-25	-1.01691619278334	0.015	0.031	1.03634434397053e-20	ARRB2	c4
5.59281194269329e-25	-1.22020488587499	0.01	0.024	1.16140332801969e-20	EWSR1	c4
5.70791300367032e-25	-1.90529290724107	0.004	0.015	1.18530521434218e-20	PPP1R12A	c4
6.19800956947476e-25	-0.913990473868617	0.019	0.036	1.28707866719713e-20	SF3B1	c4
7.61347547641507e-25	-1.05680581820069	0.014	0.03	1.58101431743235e-20	PRPF38B	c4
7.73763993929054e-25	-1.54294098696711	0.006	0.018	1.60679830979307e-20	PSMB2	c4
7.76775183598502e-25	-1.12132655328501	0.013	0.027	1.61305134626065e-20	SNRPD3	c4
9.62874786868694e-25	-0.420221504381909	0.144	0.178	1.99950578241153e-20	BTG2	c4
1.03414154032598e-24	-1.71505165386074	0.005	0.017	2.14749832264094e-20	TUBA1C	c4
1.19339682386686e-24	-1.94445861767473	0.004	0.014	2.47820784444192e-20	EVI2A	c4
1.34154307944133e-24	-1.97484106385762	0.003	0.014	2.78584835876786e-20	MRPL10	c4
1.78215649431896e-24	-1.16243762733832	0.011	0.026	3.70082617610274e-20	WAS	c4
2.03301920245744e-24	-1.61596644499364	0.005	0.017	4.22176767582313e-20	EPS15	c4
2.29364555948734e-24	-1.29846328634237	0.01	0.023	4.76298436883141e-20	IFI6	c4
2.32425769155349e-24	-1.40431211601434	0.008	0.02	4.82655352227998e-20	TAX1BP1	c4
2.39224586838879e-24	-1.14333761639552	0.012	0.026	4.96773777029616e-20	MGST3	c4
2.39243096830175e-24	-0.921367282894494	0.019	0.035	4.96812214877542e-20	RHOG	c4
2.750052264928e-24	-1.64625265687543	0.005	0.017	5.71075853334949e-20	DOCK8	c4
2.7952428441989e-24	-1.31811954793504	0.009	0.022	5.80460129026344e-20	SRRM2	c4
2.8928947860265e-24	-1.65463817125331	0.005	0.017	6.00738531266263e-20	NCOR1	c4
2.96752825249878e-24	-1.20576214766891	0.01	0.024	6.16236916913897e-20	RBCK1	c4
3.37628461782887e-24	-1.07428372942029	0.013	0.028	7.01119263738343e-20	ATP6V0B	c4
3.51602800535853e-24	-1.32658028397681	0.008	0.021	7.30138375592751e-20	POLR2E	c4
4.27973743846717e-24	-1.00110863993503	0.015	0.031	8.88730276472093e-20	SH3BGRL	c4
4.59466632237098e-24	-0.507512360618645	0.066	0.092	9.54128408503558e-20	SSR4	c4
4.82054221807235e-24	-1.31433505128887	0.008	0.021	1.00103379700491e-19	PPP4C	c4
5.02402692659374e-24	-2.0989666356438	0.003	0.013	1.04328943157646e-19	FOSL2	c4
5.11579784611031e-24	-0.889153560711678	0.02	0.037	1.06234658072327e-19	KMT2E	c4
5.4070350341615e-24	-0.926587770926438	0.018	0.034	1.12282489519398e-19	MAT2B	c4
5.59594657406356e-24	-2.788900683748	0.001	0.01	1.16205426557004e-19	CEBPD	c4
5.88402635559735e-24	-1.73937654841141	0.005	0.016	1.22187691300335e-19	PDCL3	c4
6.39571763424613e-24	-0.8305485932965	0.024	0.042	1.32813472392755e-19	HSPD1	c4
6.88464908618848e-24	-1.01508921909138	0.015	0.03	1.4296662292379e-19	MRPL33	c4
6.95391692472417e-24	-1.31973014356965	0.008	0.021	1.44405038858822e-19	RNF166	c4
7.54752080918155e-24	-0.856472269106642	0.022	0.039	1.56731817123464e-19	FNBP1	c4
8.07353296216396e-24	-0.703705598777673	0.03	0.05	1.67654985492297e-19	C19orf60	c4
8.39898433648018e-24	-1.01887537072158	0.015	0.03	1.74413308731347e-19	ATP6V1F	c4
8.63535781722434e-24	-1.16497661467232	0.011	0.025	1.79321840432481e-19	NDUFS6	c4
8.82260854201623e-24	-0.677071808641649	0.042	0.063	1.83210288983509e-19	ND6	c4
9.22032474539191e-24	-2.20081520528058	0.003	0.012	1.91469263662808e-19	IVNS1ABP	c4
1.04218705920045e-23	-1.05822316694026	0.014	0.028	2.16420564713566e-19	CSK	c4
1.0528296206727e-23	-0.988971351766314	0.016	0.031	2.18630599028892e-19	ARF4	c4
1.07627145647184e-23	-1.56256492144338	0.006	0.017	2.23498530650943e-19	CDC42EP3	c4
1.26353981400854e-23	-1.21610913274474	0.01	0.023	2.62386677777014e-19	NT5C	c4
1.4993207070476e-23	-1.09579064087543	0.012	0.026	3.11348938025504e-19	SUMO1	c4
1.52773664655011e-23	-1.05421820652608	0.014	0.028	3.17249792022596e-19	PTPN6	c4
1.54899543617328e-23	-1.47876997563263	0.006	0.018	3.21664392275743e-19	NAPA	c4
1.64109195719508e-23	0.314059591385633	0.149	0.119	3.4078915583113e-19	SNRPD2	c4
1.68005397705456e-23	0.598676492608003	0.048	0.032	3.48880008875149e-19	ST13	c4
2.32453596915196e-23	-0.976972439383821	0.016	0.031	4.82713139354096e-19	NAA38	c4
2.47999362073514e-23	-1.94490519859194	0.003	0.013	5.14995475281859e-19	HSPB11	c4
2.59583315233246e-23	-1.17803543163105	0.01	0.024	5.39050712413359e-19	OPTN	c4
2.9238655778012e-23	-1.79822925916575	0.004	0.014	6.07169925886197e-19	ZBTB38	c4
2.9908455106678e-23	-2.17534023423448	0.003	0.012	6.21078978745276e-19	WNK1	c4
3.88129867287693e-23	-0.96827086756312	0.016	0.031	8.05990482409624e-19	BIN2	c4
4.34516322670967e-23	-1.22600203162395	0.009	0.022	9.02316595658529e-19	GNAS	c4
4.42774659947491e-23	-2.03473630382501	0.004	0.014	9.1946585884696e-19	AIF1	c4
4.68864350358453e-23	-1.19833745411185	0.01	0.023	9.73643709954363e-19	RSRC2	c4
4.91688977292716e-23	-1.13036288334454	0.011	0.025	1.02104133024605e-18	RAB11B	c4
5.22800519115123e-23	-1.64406940125161	0.005	0.016	1.08564755799446e-18	LBR	c4
5.40587476208653e-23	-1.37505066214047	0.007	0.019	1.12258395309489e-18	RAB5C	c4
5.47986617113475e-23	0.535569500831619	0.05	0.033	1.13794900909784e-18	BIRC3	c4
5.58019321306142e-23	-1.15284506720728	0.011	0.024	1.15878292262433e-18	C19orf66	c4
5.58839026186853e-23	-0.676239402637356	0.033	0.052	1.16048512177962e-18	PDCD4	c4
6.02212853438702e-23	-1.66534373460581	0.005	0.016	1.25055521145081e-18	CASP1	c4
6.12816927910386e-23	-1.45392305417052	0.006	0.018	1.27257563249871e-18	EIF4E	c4
7.14181704368638e-23	-2.08870091488661	0.003	0.012	1.48306972729191e-18	NAA50	c4
9.52388579569815e-23	-1.29404643132225	0.008	0.021	1.97773012433468e-18	SPCS3	c4
9.709635384331e-23	-1.37282614474015	0.007	0.019	2.01630288391017e-18	UBE2L3	c4
9.8097728629851e-23	-1.42046654986401	0.007	0.018	2.03709743272749e-18	PPP2CA	c4
1.00402970260614e-22	-1.39987494250959	0.008	0.021	2.0849680804319e-18	NPC2	c4
1.03782344020231e-22	-1.91370224422596	0.004	0.014	2.15514415592411e-18	MT1F	c4
1.04785951060601e-22	-0.727250700678769	0.028	0.047	2.17598505972445e-18	CDC42SE2	c4
1.1456394844525e-22	-1.50305723446681	0.006	0.017	2.37903495341407e-18	COMMD7	c4
1.25820574079721e-22	-1.0897665545204	0.012	0.026	2.61279004133949e-18	DSTN	c4
1.34412021676128e-22	-1.33064353063527	0.008	0.02	2.79120004212647e-18	RASSF5	c4
1.36528511530346e-22	-1.77555240482539	0.004	0.014	2.83515107043917e-18	SYAP1	c4
1.47328672749745e-22	-2.28810234633873	0.002	0.011	3.0594272183212e-18	MAPK1	c4
1.50438892125722e-22	-1.63420365703196	0.005	0.016	3.12401403388273e-18	MAP4K1	c4
1.57278225714372e-22	-1.2345047544356	0.009	0.022	3.26603963518464e-18	C7orf73	c4
1.78343337855434e-22	-1.61577951032076	0.005	0.016	3.70347775390595e-18	MGEA5	c4
1.97036643542544e-22	-1.29554067800258	0.008	0.021	4.09166293980446e-18	GCHFR	c4
2.10906932898669e-22	-1.26073669043641	0.009	0.021	4.37969336857376e-18	GPI	c4
3.04720329355584e-22	-1.40951864866407	0.007	0.018	6.32782235939805e-18	SDF2L1	c4
3.31286455363945e-22	-1.011109287152	0.014	0.028	6.87949453208767e-18	RNF149	c4
3.69469853378151e-22	-2.47858820732687	0.002	0.01	7.67241097525069e-18	SMIM3	c4
4.02625507553428e-22	-1.17296200676554	0.01	0.023	8.36092128985448e-18	RAC1	c4
4.31924600001742e-22	-1.32642701897827	0.008	0.019	8.96934624363617e-18	BTN3A2	c4
4.40227562737071e-22	-1.64050957103465	0.005	0.015	9.14176556779802e-18	SRRT	c4
4.42647691698817e-22	-0.991723467618448	0.014	0.028	9.19202196581764e-18	TMED10	c4
4.47928080885579e-22	-0.830976572945748	0.02	0.037	9.30167452766993e-18	SRP9	c4
4.66028993806937e-22	-2.55111008276304	0.002	0.01	9.67755808539485e-18	ATP8A1	c4
4.98489899306844e-22	-1.44449804138125	0.006	0.017	1.03516412490059e-17	AP2S1	c4
5.4282620962048e-22	-0.893095600778316	0.018	0.034	1.12723290689789e-17	LINC-PINT	c4
5.48617835476082e-22	-1.28283748473648	0.008	0.02	1.13925979714963e-17	RAB7A	c4
5.9816756098433e-22	-1.25557470095659	0.009	0.021	1.24215475714006e-17	C7orf50	c4
6.09036683509787e-22	-1.6005477939259	0.005	0.015	1.26472557697642e-17	VIMP	c4
6.47402604393941e-22	-1.58178512299727	0.005	0.016	1.34439624828446e-17	CMTM3	c4
7.18835686383353e-22	-0.721459573840956	0.027	0.045	1.49273418634367e-17	POLD4	c4
8.08397141846494e-22	-1.34224238997119	0.007	0.019	1.67871750475843e-17	DCTN3	c4
8.2887483954495e-22	-0.884624477822746	0.018	0.033	1.72124149179904e-17	GABARAPL2	c4
9.85322196857023e-22	-1.27715248886154	0.008	0.02	2.04612007399329e-17	BUD31	c4
1.09644901232199e-21	-2.47981819198358	0.002	0.01	2.27688601898785e-17	LAIR2	c4
1.19552587492868e-21	-1.70108405136962	0.004	0.014	2.48262903187689e-17	CCNDBP1	c4
1.30934986649299e-21	-1.26530368750991	0.008	0.02	2.71899593275935e-17	FGFR1OP2	c4
1.39121654011355e-21	-2.27144500238512	0.002	0.011	2.88900026719979e-17	CD58	c4
1.5200169335873e-21	-1.92118818443926	0.003	0.013	3.15646716428739e-17	SLC20A1	c4
1.53169344665098e-21	-1.01608452443675	0.013	0.027	3.18071461131542e-17	UBXN4	c4
1.69589701757948e-21	-1.71358773182656	0.004	0.014	3.52169974670555e-17	ARAP2	c4
1.71692095743138e-21	0.231872742231066	0.227	0.193	3.565358060202e-17	PCBP2	c4
1.71845609144812e-21	-0.869663599808544	0.018	0.033	3.56854591950117e-17	TMED2	c4
1.97886322474485e-21	-1.23429200396765	0.009	0.021	4.10930737250515e-17	HMOX2	c4
2.32091332532494e-21	-1.22335071418408	0.009	0.021	4.81960861136977e-17	CEBPB	c4
2.49834452505698e-21	-1.04744869534608	0.012	0.026	5.18806224073333e-17	LRRFIP1	c4
2.52442956618341e-21	-1.19864917678663	0.009	0.021	5.24223043713647e-17	MIEN1	c4
2.76980874043449e-21	-1.28156174647169	0.008	0.019	5.75178483038627e-17	ANP32A	c4
2.94953963317503e-21	-2.01726151413359	0.003	0.012	6.12501400225128e-17	PTPN4	c4
3.10525769628529e-21	-1.15908666173884	0.01	0.022	6.44837813210603e-17	BANF1	c4
3.51293294725814e-21	-1.21507483162564	0.009	0.021	7.29495655827626e-17	POLR2G	c4
3.64103777587952e-21	-0.455407837227716	0.076	0.102	7.56097904539142e-17	SOD1	c4
3.83274888343854e-21	-1.04195124049941	0.012	0.025	7.95908633134847e-17	NDUFS7	c4
4.13441742664142e-21	-1.47672664056992	0.006	0.016	8.58553122816357e-17	SERPINB9	c4
4.47209649501898e-21	-1.10025221193152	0.011	0.024	9.28675558155642e-17	HMGN4	c4
5.28687077121591e-21	-0.854320169671181	0.018	0.033	1.0978715843507e-16	FIS1	c4
7.38609456270054e-21	-1.34011581305022	0.007	0.018	1.53379639689039e-16	RPN2	c4
8.53523563558254e-21	-1.47018091472454	0.006	0.016	1.77242703208507e-16	METTL9	c4
8.62198742682174e-21	-0.953622367634627	0.014	0.028	1.7904419090538e-16	NDUFS8	c4
9.03627582338164e-21	-0.784457661227262	0.022	0.038	1.87647303748343e-16	EIF5	c4
1.10464315260462e-20	-1.56526553363856	0.005	0.015	2.29390197069876e-16	SH3GLB1	c4
1.24970521204723e-20	-1.28580029536219	0.008	0.019	2.59513784333729e-16	RABGAP1L	c4
1.29613911785064e-20	-1.742018701461	0.004	0.013	2.69156249212864e-16	CARHSP1	c4
1.36995394168502e-20	1.11507914091999	0.012	0.006	2.84484635530312e-16	FXYD7	c4
1.43291988744912e-20	-2.19204565789691	0.002	0.01	2.97560143827684e-16	ANXA2P2	c4
1.45880271705369e-20	-0.778514406374928	0.022	0.037	3.0293497222337e-16	MINOS1	c4
1.48669736913142e-20	0.954610433021817	0.012	0.005	3.08727575673832e-16	NAPSB	c4
1.69163453300985e-20	-1.16945367710789	0.009	0.021	3.51284827124826e-16	LPXN	c4
1.8081711497173e-20	-0.895753556646608	0.016	0.03	3.75484820950294e-16	DNAJB4	c4
1.94714110877648e-20	-1.5534486447855	0.005	0.015	4.04343322648524e-16	ITGB7	c4
1.98870173734133e-20	-1.08084563411973	0.011	0.023	4.129738027763e-16	RPS19BP1	c4
2.08672726399553e-20	-1.16566492570072	0.009	0.021	4.33329783641312e-16	MAF	c4
2.38381072447296e-20	-1.23141034058287	0.008	0.02	4.95022135044055e-16	ZC3H12A	c4
2.88641785243765e-20	-0.922295438762734	0.016	0.03	5.99393531237203e-16	H2AFJ	c4
3.0390176503638e-20	-1.72462709857572	0.004	0.013	6.31082405274546e-16	ROCK1	c4
3.58564935412562e-20	1.00387215021065	0.015	0.007	7.44595944877727e-16	IMPDH2	c4
3.85396364849994e-20	-0.961874114017741	0.014	0.027	8.00314091247498e-16	NDUFA2	c4
3.91968498518389e-20	-1.65291296897026	0.004	0.014	8.13961784023287e-16	GLUD1	c4
4.40979204875586e-20	-1.10609843758464	0.01	0.022	9.15737416844643e-16	POLR2K	c4
5.42711816944236e-20	0.526513076750558	0.052	0.036	1.1269953590664e-15	ARHGAP15	c4
5.43567730000684e-20	-1.20371474609278	0.009	0.02	1.12877274811942e-15	NDUFA7	c4
5.67167433702872e-20	-1.02944045179471	0.012	0.024	1.17777989282738e-15	ZNHIT1	c4
5.81012594328226e-20	-1.40546795740009	0.006	0.016	1.20653075338199e-15	TSPAN14	c4
6.04711222047074e-20	-1.79829938175025	0.004	0.013	1.25574332370295e-15	NR4A3	c4
6.21675377145397e-20	-1.01058149140788	0.013	0.025	1.29097108818013e-15	TMC6	c4
6.87826422136913e-20	-0.954163272354124	0.014	0.027	1.42834034820951e-15	UBE2N	c4
8.14538348789905e-20	-1.02335869301257	0.012	0.024	1.69147033509712e-15	TAF7	c4
8.587756015991e-20	-0.807460356397248	0.02	0.034	1.78333341428069e-15	EMD	c4
9.08368704291096e-20	-1.51906435583223	0.005	0.015	1.88631845133089e-15	TAP2	c4
9.66144014679834e-20	-0.768480271477099	0.022	0.037	2.00629466088414e-15	C11orf58	c4
9.69366074386371e-20	-1.2292358123492	0.014	0.027	2.01298559007074e-15	HSPA6	c4
9.70403659863196e-20	-0.855998169853172	0.017	0.031	2.01514024007191e-15	SPSB3	c4
1.01528093773972e-19	-0.839006810918201	0.017	0.031	2.1083323953103e-15	C16orf13	c4
1.07191040363029e-19	-0.865664056663769	0.017	0.031	2.22592914417866e-15	SIGIRR	c4
1.19935506700813e-19	-1.52881065813222	0.005	0.015	2.49058073214908e-15	GNAI2	c4
1.56031050581266e-19	-1.27556111085735	0.007	0.018	3.24014079637057e-15	DNAJC8	c4
1.56327642392813e-19	-1.93930802253772	0.003	0.011	3.24629982192915e-15	PCMT1	c4
1.84738886844807e-19	-1.00805651751141	0.012	0.024	3.83628772421927e-15	PAK2	c4
1.86632139970917e-19	-1.24257903667807	0.008	0.018	3.87560301863607e-15	CHMP4A	c4
1.87162430541484e-19	-1.26566264979111	0.007	0.018	3.88661503262446e-15	LINC00869	c4
1.90545579643116e-19	-0.935093632524409	0.014	0.027	3.95686950686895e-15	PA2G4	c4
1.91819113259887e-19	-1.85953554066009	0.003	0.012	3.98331570595481e-15	GALM	c4
1.97749844671431e-19	-1.7820837734831	0.003	0.012	4.10647327444693e-15	UBE2A	c4
2.18150857319898e-19	-1.44589403422854	0.006	0.015	4.53012070310499e-15	NRBP1	c4
2.19030373788802e-19	-1.56669403308408	0.004	0.014	4.54838474209826e-15	PITPNC1	c4
2.26329703496961e-19	0.561006334013555	0.041	0.028	4.69996262281789e-15	CD55	c4
2.31447248726834e-19	-2.00648571962683	0.003	0.011	4.80623356706143e-15	EFHD2	c4
2.48728395876312e-19	-1.19111414266926	0.008	0.019	5.16509386876749e-15	ATF7IP	c4
2.61830415865249e-19	-0.986795758667069	0.013	0.025	5.43717041585775e-15	ENSA	c4
2.62095188642386e-19	-0.894103787179152	0.015	0.028	5.44266868734778e-15	HNRNPH3	c4
2.69527543834817e-19	-1.4445297834972	0.006	0.015	5.59700897527382e-15	TGOLN2	c4
2.74727363948185e-19	-1.81433585538018	0.003	0.012	5.70498843974801e-15	DIAPH1	c4
2.84017521613642e-19	-1.03675342589237	0.011	0.023	5.89790785382889e-15	SEP15	c4
2.86637882635427e-19	-1.56394631715958	0.005	0.014	5.95232227080728e-15	DYNC1H1	c4
3.08034241043697e-19	-1.95923206233097	0.003	0.011	6.39663904951342e-15	IFI35	c4
3.17028240552198e-19	-1.51932718298637	0.005	0.014	6.58340844330694e-15	STXBP2	c4
3.25006183429377e-19	-0.865607901982394	0.017	0.03	6.74907840509444e-15	PRDX6	c4
3.31027076744289e-19	-0.793289228190983	0.02	0.034	6.87410827567191e-15	PRRC2C	c4
3.45557830852096e-19	-1.1111603343859	0.01	0.021	7.17585391547462e-15	VPS29	c4
3.49248715545681e-19	-0.940426171426901	0.015	0.028	7.25249882702162e-15	ODC1	c4
3.51794356398985e-19	-0.882529927815035	0.016	0.029	7.30536160498133e-15	SSU72	c4
3.85657035682129e-19	-1.08607656792264	0.01	0.022	8.00855400297509e-15	HNRNPH1	c4
4.03066341592148e-19	-1.69284958212041	0.004	0.012	8.37007564950254e-15	CAPN2	c4
4.11865100534776e-19	-1.33479453993374	0.007	0.017	8.55279067770516e-15	FAM173A	c4
5.04003143262855e-19	-0.969921940102673	0.013	0.025	1.04661292729965e-14	PSMB8-AS1	c4
5.14978194494996e-19	-1.36068486031495	0.006	0.016	1.06940371868831e-14	NDUFAB1	c4
5.19351357701508e-19	-1.00069563142332	0.012	0.024	1.07848502940295e-14	MDH2	c4
5.43678859355311e-19	-0.88493153794996	0.015	0.029	1.12900351933724e-14	EID1	c4
6.00062278561138e-19	-1.70083779464103	0.004	0.012	1.24608932766006e-14	SLFN5	c4
6.65670516380412e-19	-1.55832615017328	0.005	0.014	1.38233139431556e-14	RAB8B	c4
6.77105902940826e-19	-1.11598516749983	0.01	0.021	1.40607811804692e-14	PPP1R10	c4
7.9713692987982e-19	-2.14486450581998	0.002	0.01	1.65533454858843e-14	MYBL1	c4
8.18424394883189e-19	-0.911121528760748	0.015	0.027	1.69954009841443e-14	RORA	c4
8.34008672877953e-19	-0.927983745948117	0.014	0.027	1.73190241009836e-14	ZNF706	c4
8.76169629690611e-19	-1.81020888690108	0.003	0.011	1.81945385301552e-14	FAM129A	c4
9.10443276395676e-19	-0.929036360751915	0.014	0.026	1.89062650776326e-14	P4HB	c4
9.57476270877193e-19	-1.14335380297253	0.009	0.02	1.98829522410358e-14	CANX	c4
9.82799830051829e-19	-0.628333813939055	0.036	0.053	2.04088212708563e-14	NFKBIZ	c4
1.00753243543561e-18	-1.21598221873183	0.008	0.018	2.09224185542558e-14	SNRPB2	c4
1.06390409138237e-18	-0.903004334875913	0.015	0.027	2.20930323616463e-14	LSM8	c4
1.10948654491893e-18	-0.991563271999789	0.012	0.024	2.30395975917865e-14	SUPT3H	c4
1.21092536159744e-18	-1.16526302230113	0.008	0.019	2.51460760589324e-14	VDAC1	c4
1.32943003202258e-18	-1.00062530579797	0.012	0.024	2.76069440449808e-14	IFRD1	c4
1.38346128040332e-18	-0.505830473445229	0.048	0.068	2.87289569488554e-14	RAN	c4
1.39709025579278e-18	-1.10921617736189	0.01	0.021	2.90119762517928e-14	TGIF1	c4
1.43760823602111e-18	-0.999765097375042	0.012	0.023	2.98533726292143e-14	BCLAF1	c4
1.45004039961992e-18	-0.996680729476306	0.012	0.024	3.01115389385072e-14	CD82	c4
1.48700880070187e-18	-0.194909983067326	0.528	0.544	3.08792247553751e-14	PTMA	c4
1.54962554730264e-18	-0.326316751245528	0.11	0.137	3.21795241152867e-14	HNRNPDL	c4
1.84796535496011e-18	-1.96148954916383	0.003	0.01	3.83748485611016e-14	NEDD9	c4
2.01713635035553e-18	-1.48556980773797	0.005	0.014	4.1887853451483e-14	ADAM8	c4
2.04845067221406e-18	-1.47970518567475	0.005	0.014	4.25381266591971e-14	HIGD1A	c4
2.13013309861166e-18	-1.88908105363579	0.003	0.011	4.42343439257696e-14	RAB9A	c4
2.1462583327577e-18	-1.46539192580034	0.005	0.014	4.45692005380465e-14	ARRDC3	c4
2.18643263002314e-18	-1.38179978719247	0.006	0.015	4.54034599950606e-14	ARHGAP30	c4
2.19342171038142e-18	-1.19944876090574	0.008	0.018	4.55485952377805e-14	XRCC5	c4
2.28913306252575e-18	-0.804015379994664	0.018	0.032	4.75361371764096e-14	JTB	c4
2.30305018710787e-18	-0.898459216784611	0.015	0.027	4.7825140185482e-14	CAST	c4
2.30662840698806e-18	-1.28909286820455	0.007	0.016	4.78994454995141e-14	RPA3	c4
2.48209293843736e-18	-1.01665325759407	0.011	0.022	5.15431419595903e-14	DDOST	c4
2.51124700114182e-18	-1.50079628196263	0.005	0.014	5.2148555225711e-14	C6orf62	c4
2.54561501294178e-18	-1.50577909596561	0.005	0.014	5.28622413587489e-14	PTPRA	c4
2.66037591189384e-18	-0.866129388267397	0.015	0.028	5.52453661863874e-14	TMEM173	c4
2.67595243481521e-18	-1.11970253490788	0.009	0.02	5.55688282613727e-14	PAPOLA	c4
2.75178216759434e-18	-1.09480617621429	0.012	0.024	5.71435084922641e-14	TMEM107	c4
2.82689945905716e-18	-1.25985702810991	0.007	0.017	5.87033941667811e-14	TWF2	c4
2.89978090142754e-18	-1.60568635871133	0.004	0.013	6.02168501990442e-14	LOC643733	c4
2.93392812376232e-18	-1.21721269070142	0.008	0.018	6.09259514180483e-14	TRA2A	c4
3.0989722496068e-18	-1.33881508597772	0.006	0.015	6.43532577353348e-14	ADSS	c4
3.51400952356932e-18	-1.4796174731844	0.005	0.014	7.29719217664405e-14	COPZ1	c4
3.56281807788699e-18	-2.11218435480178	0.002	0.01	7.39854802054012e-14	PPP1R14B	c4
3.68747614753407e-18	-1.71505165386074	0.003	0.012	7.65741296796925e-14	MGAT1	c4
3.71633181497755e-18	-1.27895253905406	0.007	0.017	7.71733464698239e-14	HM13	c4
3.72093063091671e-18	-1.39665524994363	0.006	0.015	7.72688454816165e-14	ARIH2	c4
3.74295981027704e-18	-0.992518060598639	0.012	0.023	7.77263034202131e-14	C17orf62	c4
3.88940935117989e-18	-1.77825925697276	0.003	0.011	8.07674745866016e-14	ATP2B4	c4
3.93351588121899e-18	-1.33669339187862	0.006	0.016	8.16833907893936e-14	CHMP2A	c4
4.11509916781119e-18	-1.22263390963976	0.007	0.017	8.54541493187672e-14	PRNP	c4
4.27717059584888e-18	-1.48632337006426	0.005	0.014	8.88197245933979e-14	DNAJB14	c4
4.42673212352427e-18	-1.86868583288471	0.003	0.011	9.1925519277105e-14	PRDX3	c4
5.36507807818647e-18	-1.07943393677589	0.01	0.02	1.1141121137162e-13	LAMTOR1	c4
5.67383832578452e-18	-1.18795770022817	0.008	0.018	1.17822926673241e-13	TALDO1	c4
5.71362072075224e-18	-1.36732615602666	0.006	0.015	1.18649047887141e-13	PTBP3	c4
5.72037556728239e-18	-1.01432520312586	0.011	0.022	1.18789319030186e-13	ANKRD44	c4
5.74159425098882e-18	-1.42272656791271	0.005	0.014	1.19229946216034e-13	TANK	c4
5.89752347214279e-18	-1.75503867169641	0.003	0.011	1.22467972422517e-13	CISD3	c4
6.13277416208636e-18	-1.4653814678888	0.005	0.014	1.27353188249885e-13	ARL6IP6	c4
6.14684224028268e-18	-0.806795891371226	0.018	0.031	1.2764532596171e-13	DDX17	c4
7.1161949219327e-18	-0.809452486374393	0.017	0.03	1.47774903748854e-13	VAPA	c4
8.08682901652492e-18	-0.79883799500009	0.018	0.031	1.67931091357157e-13	DGUOK	c4
8.61391469425021e-18	-1.18422259027306	0.008	0.018	1.788765525408e-13	POLR3GL	c4
8.67654793391942e-18	-1.54665412216502	0.004	0.013	1.80177194395771e-13	OGT	c4
9.15030469289177e-18	-1.10645626734559	0.009	0.02	1.9001522725259e-13	JMJD1C	c4
9.43509461499727e-18	-1.89483226385255	0.003	0.011	1.95929174775033e-13	ZFAND5	c4
9.62243362376199e-18	-1.24605241870687	0.007	0.017	1.99819456631042e-13	RASA2	c4
9.8170883491249e-18	-1.57048163053628	0.004	0.013	2.03861656657928e-13	INSIG1	c4
1.14468531721194e-17	-1.55178701131403	0.004	0.013	2.37705352972231e-13	CASP8	c4
1.16148596263437e-17	-0.669288103890784	0.025	0.04	2.41194175000652e-13	SRRM1	c4
1.19104099837321e-17	-0.751445891121135	0.02	0.034	2.47331573722182e-13	DENND2D	c4
1.20955455670176e-17	-0.967884023040874	0.012	0.023	2.51176099244687e-13	ATRAID	c4
1.22668648161567e-17	-1.64166399782212	0.004	0.012	2.5473371477231e-13	VASP	c4
1.60966208204758e-17	-0.71082706799901	0.023	0.037	3.34262427958e-13	BRE-AS1	c4
1.64563831610262e-17	-1.21867221789234	0.007	0.017	3.4173325272187e-13	MAP1LC3B2	c4
1.67441340831251e-17	-1.37160440921029	0.005	0.014	3.47708688370175e-13	SEPT2	c4
1.70098178537893e-17	-0.925269361251081	0.013	0.024	3.53225877551789e-13	AURKAIP1	c4
1.71108660904948e-17	-0.819052160760394	0.017	0.03	3.55324245235215e-13	KRT10	c4
1.82532410015826e-17	0.502807824645279	0.048	0.034	3.79046802638864e-13	RNASET2	c4
2.06469227640997e-17	-0.406965279496361	0.066	0.087	4.28753998119294e-13	CIB1	c4
2.0707026170701e-17	-1.25710916134488	0.006	0.016	4.30002105460776e-13	RNF187	c4
2.10495993907874e-17	-1.6849036903931	0.005	0.013	4.37115980949091e-13	MTRNR2L8	c4
2.28560830409109e-17	-0.949076994385373	0.012	0.023	4.74629420427555e-13	SF3B6	c4
2.34989661461571e-17	-1.7389616316976	0.003	0.011	4.87979530991099e-13	NFATC2	c4
2.43451292505565e-17	-1.33287560288287	0.006	0.015	5.05550954017056e-13	ACADVL	c4
2.64601256133791e-17	-0.720852606754381	0.022	0.036	5.49470968487431e-13	TRAM1	c4
2.69491793082879e-17	-0.872397827048029	0.014	0.026	5.59626657515907e-13	SRSF10	c4
2.88386195759863e-17	-1.364310687705	0.005	0.014	5.98862774114932e-13	STK10	c4
2.95970204751441e-17	-0.602626190337127	0.031	0.047	6.14611727186843e-13	TSTD1	c4
2.97065267633911e-17	-1.17863150508952	0.008	0.017	6.16885734768579e-13	MAGOH	c4
3.0561209995474e-17	-0.89062321844419	0.014	0.025	6.34634086766012e-13	NDUFC1	c4
3.11903780408846e-17	-1.19562091738167	0.007	0.017	6.47699390397009e-13	PRPF4B	c4
3.17052053414148e-17	-1.21379020996491	0.007	0.017	6.5839029411982e-13	MRPL51	c4
3.44140411740536e-17	-1.77054676645244	0.003	0.011	7.14641979020397e-13	RALGDS	c4
3.46543530727625e-17	0.476122536911712	0.051	0.036	7.19632295908986e-13	PIM1	c4
4.32520048013203e-17	-1.38470097988838	0.005	0.014	8.98171131704218e-13	TMX1	c4
4.51150395606854e-17	-1.38470097988838	0.005	0.014	9.36858911517192e-13	LINC00674	c4
4.6723749131448e-17	-1.01499074497504	0.01	0.021	9.70265374463649e-13	RNH1	c4
4.67670198523864e-17	-1.22798135390116	0.007	0.016	9.71163934254657e-13	PPP3CC	c4
4.72193175686713e-17	-1.58791866718038	0.004	0.012	9.80556348631029e-13	RALGAPA1	c4
4.90807517058178e-17	-1.28390597751918	0.006	0.015	1.01921088992301e-12	VPS13C	c4
5.15655686556644e-17	-0.420771654103986	0.067	0.089	1.07081059870353e-12	LDHA	c4
5.24828546875751e-17	-1.08486876039264	0.009	0.019	1.08985896044219e-12	UFM1	c4
5.27126835138943e-17	-1.07900098291157	0.009	0.019	1.09463158584953e-12	IDI1	c4
5.35364435286237e-17	-0.657905378754341	0.027	0.042	1.1117377863154e-12	ITK	c4
5.45209080314031e-17	-0.979499773713473	0.011	0.022	1.13218117618012e-12	PFDN2	c4
5.55707338638064e-17	-1.05385356731249	0.009	0.02	1.1539818594158e-12	SET	c4
5.89380568857375e-17	-0.750516334515539	0.019	0.032	1.22390768928922e-12	DPP7	c4
6.39740184591657e-17	-1.12686525226529	0.008	0.018	1.32848446732303e-12	TSC22D4	c4
6.39852608666054e-17	-1.2362708951747	0.007	0.016	1.32871792715593e-12	STARD7	c4
6.45690498225166e-17	0.927193427972008	0.015	0.008	1.34084088861438e-12	FXYD1	c4
6.94590271636258e-17	-0.594243895573186	0.031	0.047	1.44238615807985e-12	LSM7	c4
7.08240817758272e-17	-0.86525080078683	0.014	0.026	1.47073288215683e-12	RBM25	c4
7.47170534276108e-17	-1.92490972145341	0.002	0.01	1.55157433147777e-12	MAP2K3	c4
7.5322529121534e-17	-0.823009664634979	0.016	0.028	1.56414763973777e-12	DCXR	c4
7.54933228460342e-17	-0.903290078113045	0.013	0.024	1.56769434222075e-12	CDC42SE1	c4
8.46022809185681e-17	-1.45846866197885	0.005	0.013	1.75685096555499e-12	SH3BP1	c4
8.98610209116257e-17	-1.64041285296798	0.004	0.011	1.86605396025082e-12	PLEC	c4
9.34811167421577e-17	-1.29240462102077	0.006	0.015	1.94122887026765e-12	PPM1G	c4
9.81609479173146e-17	-1.17664184194768	0.007	0.017	2.03841024445095e-12	AKAP9	c4
1.16361119603365e-16	-1.39173923610283	0.005	0.013	2.41635500968348e-12	H2AFY	c4
1.30440962468713e-16	-0.696981297911476	0.022	0.035	2.7087370266253e-12	GPBP1	c4
1.30853320052766e-16	-0.440305345880927	0.054	0.073	2.71730004421574e-12	UBE2D3	c4
1.33402454301293e-16	-0.836100040779566	0.015	0.027	2.77023536602066e-12	FKBP11	c4
1.36783067267629e-16	-1.21255131333155	0.007	0.016	2.84043717487959e-12	MYLIP	c4
1.38882486333197e-16	-1.22783213127151	0.007	0.016	2.88403371119517e-12	THRAP3	c4
1.42644516741461e-16	-1.4699906817672	0.004	0.013	2.96215603465317e-12	SCAMP2	c4
1.46292237231111e-16	-0.477606152963153	0.049	0.068	3.03790459834126e-12	PLP2	c4
1.48226007086989e-16	-0.936382879826873	0.012	0.023	3.07806126316842e-12	CBX3	c4
1.48630906219515e-16	-1.54406545704811	0.004	0.012	3.08646939855445e-12	LINC00892	c4
1.50764338820655e-16	-1.07494759894712	0.009	0.019	3.13077225994972e-12	IRF9	c4
1.59731024465301e-16	-1.61743219757422	0.004	0.011	3.31697445404645e-12	ARPP19	c4
1.66272830612608e-16	-0.876350494935787	0.013	0.025	3.45282160050142e-12	XRCC6	c4
1.93936901697671e-16	-0.856509276944342	0.014	0.025	4.02729370065384e-12	RHOF	c4
1.99154572735039e-16	-0.885132934893829	0.013	0.025	4.13564385741582e-12	NDUFAF3	c4
1.99693702663513e-16	-0.947203041659511	0.012	0.022	4.14683942951051e-12	SLC38A1	c4
2.05963675546173e-16	-1.80487720246619	0.003	0.01	4.27704168639184e-12	TMEM109	c4
2.09792440270321e-16	-1.01477025616325	0.01	0.02	4.3565498146535e-12	DDX6	c4
2.20392922213389e-16	-1.3446548493389	0.005	0.014	4.57667942268323e-12	ZNF207	c4
2.31801263268641e-16	-0.98414927420602	0.01	0.021	4.8135850330366e-12	TCEB1	c4
2.37503551845905e-16	-1.1004246827697	0.008	0.018	4.93199875763205e-12	NDUFB3	c4
2.61202384957604e-16	-0.885240021747287	0.013	0.024	5.42412872602961e-12	SIVA1	c4
2.61587826882894e-16	-1.7011699449915	0.003	0.01	5.43213281305017e-12	HLA-L	c4
2.71524236655329e-16	-1.840287837743	0.003	0.01	5.63847229838455e-12	DNAJC1	c4
2.72936929276124e-16	-1.29930677773963	0.006	0.014	5.66780827334799e-12	MAT2A	c4
2.77448149155106e-16	-1.04604865019139	0.009	0.019	5.76148826535492e-12	CYFIP2	c4
2.89730452503386e-16	-1.05054968409554	0.009	0.019	6.01654257668532e-12	IMP3	c4
2.93410601984625e-16	-1.23491912636001	0.006	0.015	6.09296456081272e-12	CMC2	c4
2.96760232735985e-16	-1.03104679299436	0.01	0.02	6.16252299299547e-12	SDF4	c4
3.14770868793355e-16	-0.90681245654352	0.012	0.023	6.53653186136282e-12	IL16	c4
3.21648480408171e-16	-1.42060429539548	0.005	0.013	6.67935234415608e-12	EIF6	c4
3.30129059224177e-16	-1.1287005156606	0.008	0.017	6.85546004384927e-12	GLRX	c4
3.39125736449593e-16	-1.62099900325004	0.003	0.011	7.04228504311225e-12	JOSD2	c4
3.53654486327322e-16	-1.08245132199424	0.008	0.018	7.34398906307317e-12	CAPZA2	c4
3.69330463017816e-16	-1.52042136723142	0.004	0.012	7.66951639502796e-12	XRN1	c4
3.76989630926339e-16	-1.21188324430323	0.007	0.015	7.82856667581636e-12	SERINC1	c4
3.78368773135997e-16	-1.52282456666178	0.004	0.012	7.8572059429421e-12	MAGEH1	c4
3.87441239045993e-16	-1.05194289343825	0.009	0.019	8.0456047700291e-12	ANKRD10	c4
3.89709489969613e-16	-0.855605783140723	0.014	0.026	8.09270726870899e-12	AAK1	c4
3.98285978410058e-16	-1.291754770246	0.006	0.014	8.27080662766326e-12	ENY2	c4
3.9968644689448e-16	-0.934547174839092	0.011	0.022	8.29988875621078e-12	PDE4D	c4
4.06479967749626e-16	-1.63524238515383	0.003	0.011	8.44096301028874e-12	PERP	c4
4.29599367504615e-16	-1.27792256645633	0.006	0.014	8.92106046560083e-12	MOB1A	c4
4.69900292897673e-16	-1.7861661363494	0.003	0.01	9.75794948231309e-12	TBC1D4	c4
4.97476087513391e-16	-0.678824415048884	0.023	0.036	1.03305884333031e-11	TC2N	c4
5.7909410632649e-16	-0.847266849249809	0.014	0.025	1.20254682119759e-11	MTDH	c4
5.96471635256071e-16	-0.9665904208567	0.011	0.021	1.23863299777276e-11	H1FX	c4
6.06493242693197e-16	-1.00558656407209	0.01	0.02	1.25944386777669e-11	RBBP6	c4
6.18349109830885e-16	-1.3318241000044	0.005	0.014	1.28406376147482e-11	VKORC1	c4
6.31648106118085e-16	-1.623746746316	0.003	0.011	1.31168045716482e-11	MANF	c4
6.51786050220841e-16	-1.4211921218898	0.005	0.013	1.3534989118886e-11	PHYKPL	c4
6.87110549062651e-16	-1.4492321216004	0.004	0.012	1.4268537661835e-11	LMO4	c4
6.97207336297339e-16	-1.20844691499882	0.006	0.015	1.44782075455505e-11	ACAP2	c4
7.42598402666083e-16	-0.951951836414812	0.011	0.021	1.54207984297639e-11	HP1BP3	c4
7.56280069713119e-16	-1.01990623538916	0.009	0.019	1.57049119276626e-11	RBBP4	c4
7.9382283690378e-16	-1.33418075773308	0.005	0.013	1.64845250311439e-11	OBFC1	c4
8.19808126284512e-16	-0.831075450200219	0.015	0.027	1.70241355504242e-11	DNPH1	c4
8.23647283475131e-16	-1.71608621470886	0.003	0.01	1.71038594886446e-11	APOL6	c4
8.64970345611764e-16	-1.58855608097471	0.003	0.011	1.79619741969739e-11	PARP10	c4
8.92570998445678e-16	-1.51384990785816	0.004	0.011	1.8535129353723e-11	CYB5R3	c4
9.60020966742638e-16	-0.522844707735511	0.037	0.053	1.99357953953776e-11	UBE2D2	c4
1.0436919742219e-15	-0.752168237137584	0.017	0.03	2.16733075366919e-11	CHURC1	c4
1.06465242368033e-15	0.742402206891513	0.02	0.012	2.21085722301458e-11	LPAR6	c4
1.07668490429192e-15	-0.922268845060655	0.011	0.022	2.2358438722526e-11	GHITM	c4
1.08270584515988e-15	-1.63856752034747	0.003	0.01	2.248346958059e-11	SRPR	c4
1.15185024643957e-15	-1.56399119033546	0.004	0.011	2.39193222175642e-11	TMIGD2	c4
1.36016134351608e-15	-1.457858126616	0.004	0.012	2.82451104594548e-11	SMNDC1	c4
1.4219036962456e-15	-0.412365886692791	0.06	0.079	2.95272521562361e-11	ANAPC16	c4
1.47694236297452e-15	-1.4674441754452	0.004	0.012	3.0670185109529e-11	POLR2A	c4
1.50616885448349e-15	-1.36712835044043	0.006	0.014	3.12771024322041e-11	GADD45G	c4
1.6661555452179e-15	-1.48828079201371	0.004	0.011	3.45993860519948e-11	YTHDC1	c4
1.73139203504428e-15	-1.20631935962004	0.006	0.015	3.59540869997296e-11	YWHAE	c4
1.85138272885993e-15	-0.957565436271304	0.011	0.021	3.84458137475053e-11	RHBDD2	c4
1.91626565580425e-15	-1.19675397104021	0.006	0.015	3.9793172608431e-11	SLTM	c4
1.93715175201045e-15	0.800721043761484	0.018	0.011	4.0226893282249e-11	OSM	c4
1.94761225356893e-15	-0.765164239225649	0.017	0.029	4.04441160576123e-11	AIP	c4
2.1052716470021e-15	-1.64287714049958	0.003	0.01	4.37180710216457e-11	KDM5A	c4
2.20325961020702e-15	-1.49658280046039	0.004	0.011	4.57528890655589e-11	PSMA4	c4
3.40527237956278e-15	-1.34121897729603	0.005	0.013	7.07138862340008e-11	PDLIM2	c4
3.52300419344822e-15	-1.04829967416498	0.008	0.018	7.31587050811457e-11	CGGBP1	c4
4.00433398898661e-15	-0.621992316101484	0.025	0.039	8.3153999615296e-11	NDUFB4	c4
4.37442125571674e-15	-0.795412291407421	0.017	0.029	9.08392317962138e-11	DUT	c4
4.44380147238885e-15	-1.22049608707618	0.006	0.014	9.22799813756269e-11	KRAS	c4
4.49309613405924e-15	-0.861236518377237	0.013	0.023	9.33036343198742e-11	MRPL54	c4
5.22249817799346e-15	-1.44485301212075	0.004	0.011	1.08450397164212e-10	GLS	c4
5.26398197133508e-15	-1.11551085735016	0.007	0.016	1.09311849616744e-10	FAM195B	c4
5.34003117515466e-15	-1.2783533717273	0.006	0.013	1.10891087383262e-10	C6orf1	c4
5.41755088804208e-15	-0.936850495661598	0.011	0.02	1.12500861741082e-10	SCAF11	c4
5.417943364046e-15	-1.01482929745463	0.009	0.018	1.12509011897779e-10	H3F3A	c4
5.69800013767284e-15	-0.802688336231674	0.015	0.026	1.18324670858914e-10	MRPL52	c4
6.29734098359365e-15	-0.768307715241154	0.016	0.028	1.30770582865306e-10	PBXIP1	c4
6.68267022386111e-15	-1.13855073188778	0.007	0.015	1.387723298687e-10	GPRIN3	c4
7.14501284126223e-15	0.132952679045787	0.458	0.43	1.48373336661652e-10	FTH1	c4
7.18686053093405e-15	-0.731714000745537	0.018	0.029	1.49242345785377e-10	RNPS1	c4
7.49217219734627e-15	-1.10212099867734	0.008	0.017	1.55582447850093e-10	HLA-J	c4
7.96327747168711e-15	-0.833572074243098	0.013	0.024	1.65365419977055e-10	KTN1	c4
8.0320933884195e-15	-1.30001415458189	0.005	0.013	1.66794451303919e-10	FBXO7	c4
8.30609552741913e-15	-1.69315271813941	0.003	0.01	1.72484379722386e-10	ATP1B3	c4
8.40801910291409e-15	-0.680405511053844	0.021	0.034	1.74600924691114e-10	LOC100506248	c4
8.42417714834656e-15	-1.00803213510086	0.009	0.018	1.74936462662565e-10	SF3A2	c4
8.52018425516014e-15	-1.27775532427026	0.005	0.013	1.76930146242655e-10	PSMD13	c4
8.89850683974521e-15	-0.96077754666159	0.01	0.019	1.84786393034149e-10	PPP1CB	c4
9.68886357758407e-15	-1.18146363554746	0.006	0.014	2.01198941052111e-10	EIF3A	c4
9.93626363770432e-15	-0.630277900138036	0.025	0.038	2.06336450700568e-10	FAM177A1	c4
1.04404111694633e-14	-0.798335628396143	0.014	0.025	2.16805578345075e-10	RAP1A	c4
1.07984605702091e-14	-1.35210266573035	0.005	0.012	2.24240832200962e-10	RTN4	c4
1.10171293919931e-14	-1.08138856316836	0.008	0.016	2.28781708954128e-10	TMEM160	c4
1.11841448755461e-14	-1.81163763298625	0.003	0.01	2.32249952485591e-10	LST1	c4
1.14477666943103e-14	-0.956498136654295	0.01	0.019	2.37724323174048e-10	SNRPD1	c4
1.18965183700934e-14	-0.450906444992775	0.048	0.064	2.47043100473359e-10	RHOH	c4
1.24468380887075e-14	-1.06665263355373	0.008	0.017	2.584710397501e-10	ZMYM6NB	c4
1.24778757126458e-14	-1.28760982181613	0.005	0.013	2.59115567048803e-10	CD46	c4
1.27236872138089e-14	-1.35766802119136	0.005	0.012	2.64220088681955e-10	TMEM9B	c4
1.30162933574534e-14	-1.28277936515762	0.005	0.013	2.70296347860878e-10	PPP1R7	c4
1.32143254588166e-14	-1.25752822204994	0.005	0.013	2.74408682477786e-10	LOC101927902	c4
1.3318252464218e-14	-1.10365302313594	0.007	0.016	2.7656683067195e-10	ADRM1	c4
1.4999203741611e-14	-1.03549013060761	0.008	0.017	3.11473464898294e-10	GTF2B	c4
1.5956818238489e-14	0.652755478343479	0.024	0.015	3.31359287540464e-10	FBL	c4
1.67286968969621e-14	-1.10299138815948	0.007	0.016	3.47388119762316e-10	RAB11A	c4
1.67622989168574e-14	-1.01812842242125	0.009	0.017	3.48085899307461e-10	C19orf10	c4
1.70733391426942e-14	-0.918554454826196	0.011	0.02	3.54544960637187e-10	LSM2	c4
1.80146689606267e-14	-1.27874159302602	0.005	0.013	3.74092615636373e-10	SRSF4	c4
1.82865255270154e-14	-1.22962482669049	0.006	0.013	3.79737989094002e-10	TCP1	c4
1.87289537089519e-14	-1.10497538348598	0.007	0.016	3.88925452720094e-10	CLTB	c4
1.97372129856672e-14	-0.407671867542528	0.055	0.073	4.09862964860365e-10	EIF4A2	c4
2.0257640504316e-14	-1.55420710371814	0.003	0.01	4.20670162712626e-10	PQLC3	c4
2.09772502217757e-14	-0.995486881781751	0.009	0.018	4.35613578105395e-10	PRMT1	c4
2.20139213882506e-14	-0.403491564597093	0.058	0.076	4.57141091548411e-10	LIME1	c4
2.25825007138194e-14	-0.677079674000614	0.02	0.032	4.68948209823173e-10	TECR	c4
2.27183185085382e-14	-0.962773004200026	0.01	0.019	4.71768602148303e-10	CHIC2	c4
2.29225937238961e-14	-1.50773455298639	0.004	0.01	4.76010581270426e-10	TBL1XR1	c4
2.55258826045299e-14	-1.42837108074451	0.004	0.011	5.30070478165669e-10	SFT2D1	c4
2.69211053340933e-14	-1.58389896226319	0.003	0.01	5.59043673367781e-10	SLBP	c4
2.81221884370439e-14	-1.00741529120596	0.009	0.017	5.83985365083654e-10	OCIAD1	c4
2.84661019299634e-14	-0.926161510831728	0.01	0.019	5.91127072677621e-10	MAF1	c4
2.86494421469632e-14	-0.266867770146074	0.134	0.158	5.94934315623839e-10	LAPTM5	c4
2.93347797263541e-14	-0.88320312590692	0.019	0.031	6.09166035797468e-10	HLA-DQB1	c4
3.12479660093056e-14	-1.60813644994422	0.003	0.01	6.4889526214924e-10	GPR108	c4
3.17230672745921e-14	-0.971054413199369	0.009	0.018	6.5876121502418e-10	CLTA	c4
3.19960449584996e-14	-0.351723657442106	0.074	0.094	6.64429869608203e-10	EDF1	c4
3.33297124546084e-14	-1.24627193117555	0.005	0.013	6.92124808832399e-10	NUDT22	c4
3.41181840617691e-14	-1.02663780452664	0.008	0.017	7.08498210226698e-10	SEMA4D	c4
3.45787900973539e-14	-0.854784282604535	0.012	0.022	7.18063155161652e-10	AMD1	c4
3.77503437780528e-14	-1.2730928552666	0.005	0.013	7.83923638895043e-10	HNRNPL	c4
3.86200596607021e-14	-1.19516468113451	0.006	0.014	8.01984158914139e-10	HSPA9	c4
4.20648623967953e-14	-0.737253289235234	0.016	0.027	8.73518932531851e-10	ATP5F1	c4
4.24050750779286e-14	-1.53552446081143	0.003	0.01	8.80583789068266e-10	RPA2	c4
4.30925791412684e-14	-0.686821919390712	0.019	0.03	8.9486049844758e-10	UBE2B	c4
4.44452967864402e-14	-1.26731711676244	0.005	0.013	9.22951033067217e-10	UTRN	c4
4.74404997685e-14	-1.46592763855679	0.004	0.01	9.85149418192672e-10	ADAR	c4
4.77627861977818e-14	-0.913253363510987	0.01	0.02	9.91842018183138e-10	ATRX	c4
4.83474685516353e-14	-0.851888299711502	0.012	0.022	1.00398353194326e-09	ARID4B	c4
4.98784377723746e-14	0.806620995943293	0.015	0.008	1.03577563878113e-09	SESN3	c4
5.38996175840205e-14	-1.37065460631302	0.004	0.011	1.11927945874977e-09	DUSP23	c4
5.41662955120619e-14	-1.31845982190271	0.005	0.012	1.12481729260348e-09	SARNP	c4
5.55396597001466e-14	-0.836246208541423	0.014	0.025	1.15333657333324e-09	PLAC8	c4
5.76549639664115e-14	-1.25207967751819	0.005	0.013	1.1972629817265e-09	RNF125	c4
5.82048949604666e-14	-0.926161510831728	0.01	0.019	1.20868284874905e-09	CCDC167	c4
6.30687576424533e-14	-1.38528584836069	0.004	0.011	1.30968582120318e-09	PHF11	c4
6.44838825174315e-14	-0.684226527723597	0.019	0.03	1.33907230435698e-09	MRPL57	c4
6.9216452364699e-14	-0.822460171182939	0.013	0.023	1.43734884980534e-09	HMHA1	c4
7.11991079426362e-14	-1.17800308674688	0.006	0.014	1.47852067553678e-09	PUF60	c4
7.22230895917232e-14	-1.03004824580977	0.008	0.016	1.49978467846172e-09	RAB2A	c4
7.26533276615985e-14	-0.770904888594253	0.017	0.027	1.50871900222075e-09	UGP2	c4
7.49982389017284e-14	-1.30131917053781	0.005	0.012	1.55741342903329e-09	CHMP5	c4
7.80257184680563e-14	-0.647631055741114	0.02	0.032	1.62028206970766e-09	COX14	c4
7.96463381831821e-14	-1.27990658113332	0.005	0.012	1.65393585871196e-09	SLAMF1	c4
8.35529039172274e-14	-0.655315201954292	0.021	0.032	1.73505960274514e-09	CD47	c4
8.48251548073212e-14	-0.59932108758759	0.025	0.037	1.76147916472883e-09	SNHG12	c4
8.48708616095529e-14	-1.51765478557756	0.003	0.01	1.76242831218398e-09	IQGAP2	c4
8.58877324776752e-14	-0.817186193308558	0.013	0.023	1.7835446526314e-09	SF3B2	c4
8.89421895754645e-14	-1.31919387337673	0.005	0.012	1.8469735087241e-09	KDELR2	c4
8.91349498135e-14	-0.864336526923914	0.011	0.02	1.85097636782714e-09	GPS2	c4
9.23253281535054e-14	-0.631847245087119	0.022	0.034	1.91722776443569e-09	TOMM5	c4
1.03199707008839e-13	-1.07956462632865	0.007	0.015	2.14304511574556e-09	MEA1	c4
1.03253265959146e-13	-0.86222857525405	0.011	0.021	2.14415732090762e-09	IK	c4
1.03644952085168e-13	-1.17679590196608	0.006	0.013	2.1522910750006e-09	RAB24	c4
1.03949049901429e-13	-0.986643781257408	0.009	0.017	2.15860597025307e-09	POLR2J	c4
1.0395526710543e-13	-1.25068644221832	0.005	0.012	2.15873507671135e-09	CCSER2	c4
1.05142832729396e-13	-1.02895137499216	0.008	0.016	2.18339606445863e-09	SSR1	c4
1.11897266618849e-13	-0.418329020817104	0.048	0.064	2.32365863860702e-09	GIMAP4	c4
1.13405080653039e-13	-0.715418985509031	0.017	0.028	2.354969904841e-09	CHD2	c4
1.15527830243855e-13	-1.40700419290156	0.004	0.011	2.39905092284389e-09	BAG1	c4
1.16663734226158e-13	-1.53019841089104	0.003	0.01	2.4226391049404e-09	ELOVL1	c4
1.16705705876879e-13	-1.06147374484939	0.007	0.016	2.42351068823927e-09	YWHAH	c4
1.18166681574888e-13	-1.37118314524251	0.004	0.011	2.45384930958413e-09	TMPO	c4
1.18996013979309e-13	-1.18334285081595	0.006	0.013	2.47107122629432e-09	RGL4	c4
1.21264174715726e-13	-1.02054220411926	0.008	0.016	2.51817185214676e-09	STRA13	c4
1.48404453145128e-13	-1.08841501331945	0.007	0.015	3.08176687401173e-09	FKBP2	c4
1.48692450778801e-13	-0.930650406672169	0.009	0.018	3.08774743287257e-09	SNX17	c4
1.57159157441981e-13	-1.55464244753862	0.003	0.01	3.26356706344018e-09	HIST1H2AC	c4
1.59072010287024e-13	-1.25865884742928	0.005	0.012	3.30328936562034e-09	ITGB1BP1	c4
1.59406639711292e-13	-1.08913427051361	0.007	0.015	3.31023828024468e-09	NDUFB6	c4
1.65322747117228e-13	-0.685769883698925	0.018	0.029	3.43309216663637e-09	C10orf54	c4
1.65503356725493e-13	-1.26037022964762	0.005	0.012	3.43684270576159e-09	SAP30BP	c4
1.81545306165209e-13	-1.10368242209343	0.007	0.014	3.76996982782673e-09	KIF5B	c4
1.86945726323875e-13	-1.11229983969605	0.007	0.014	3.88211495284158e-09	DUSP5	c4
1.87170391941447e-13	-1.19664492242219	0.006	0.013	3.88678035905608e-09	PSMD7	c4
1.87534862882618e-13	-1.32164693090775	0.004	0.011	3.89434896262045e-09	CNOT2	c4
1.97411757675721e-13	-1.21419728617511	0.005	0.013	4.09945255989401e-09	SYNRG	c4
1.99967090630977e-13	-0.705797644961093	0.017	0.028	4.15251660404286e-09	NME3	c4
2.01549655518253e-13	-0.911886364465465	0.01	0.019	4.18538014649204e-09	PPP2R1A	c4
2.035620480987e-13	-1.12390846062196	0.006	0.014	4.22716949081759e-09	ETFB	c4
2.05196721948984e-13	-1.05147931844321	0.007	0.015	4.26111512799259e-09	RNF114	c4
2.07950044577788e-13	-1.39920054958349	0.004	0.011	4.31829062570235e-09	MED15	c4
2.25838950751655e-13	-1.07581497653981	0.007	0.015	4.68977165130887e-09	GOLGA7	c4
2.31972347547422e-13	-1.45582246434392	0.004	0.01	4.81713776916978e-09	BIRC6	c4
2.53813715796798e-13	-1.06239446077749	0.007	0.015	5.27069562223631e-09	SUPT4H1	c4
2.65689935687598e-13	-1.27676206629383	0.005	0.012	5.51731720448865e-09	NCK1	c4
2.65789651568466e-13	-1.23930861411979	0.005	0.012	5.51938790447077e-09	COQ10B	c4
2.83982060466289e-13	-0.950098522115951	0.009	0.018	5.89717146764296e-09	ERN1	c4
2.90385696526861e-13	0.971468517996547	0.01	0.005	6.03014937407680e-09	AP3M2	c4
3.03062811548788e-13	-1.25007135159255	0.005	0.012	6.29340234462214e-09	SRA1	c4
3.18224815550389e-13	-1.15985841949136	0.006	0.013	6.60825651971937e-09	ZRANB2	c4
3.28576487291754e-13	-0.396408457973986	0.053	0.07	6.82321933510056e-09	RPL22L1	c4
3.37289512258312e-13	-0.872413754877841	0.011	0.02	7.00415401155611e-09	HIF1A	c4
3.46232123682216e-13	-1.13808766173747	0.006	0.013	7.18985628038489e-09	RHEB	c4
3.46521976646694e-13	-1.25062402706588	0.005	0.012	7.19587536704525e-09	ANXA7	c4
3.51919397481594e-13	-0.961085319673689	0.009	0.017	7.30795820810277e-09	TMEM50B	c4
3.57879679982877e-13	-1.15748881308803	0.006	0.013	7.43172943452442e-09	RAB14	c4
3.70405794627199e-13	-0.895332364976137	0.01	0.019	7.69184673122841e-09	NDUFA12	c4
3.80198677000239e-13	-0.934312035886426	0.009	0.018	7.89520572658696e-09	SNX6	c4
3.82959103064935e-13	-1.12781420648019	0.006	0.014	7.95252873424644e-09	SMIM7	c4
4.2954352056586e-13	-1.1904500209031	0.005	0.013	8.91990074807065e-09	ATP6AP2	c4
4.37697302076561e-13	-0.933135765914302	0.009	0.018	9.08922217492187e-09	HNRNPR	c4
4.42834214680792e-13	-1.37652704844268	0.004	0.01	9.19589530206133e-09	TADA3	c4
4.73868834182772e-13	-1.19432057625447	0.005	0.012	9.84036021063944e-09	NDUFA5	c4
5.1864235535638e-13	-1.24185914566634	0.005	0.012	1.07701271513306e-08	TAF15	c4
5.42162712260342e-13	-1.14571980485334	0.006	0.013	1.12585508827983e-08	LENG8	c4
6.04051304728501e-13	-1.26602472660087	0.005	0.011	1.2543729393992e-08	DOCK10	c4
6.3084013315272e-13	-0.705158041454145	0.018	0.028	1.31000262050494e-08	AIM1	c4
6.49571598801397e-13	-1.1150634684295	0.006	0.014	1.34890038207098e-08	RANBP2	c4
6.59944603522386e-13	0.6500948899739	0.022	0.014	1.37044096367459e-08	RASGRP2	c4
6.60147990440567e-13	-0.94002545852046	0.009	0.017	1.37086331694888e-08	SEC11C	c4
6.92216059291968e-13	-1.07326313464055	0.007	0.014	1.4374558687257e-08	TEX264	c4
7.22856297154176e-13	-0.638731977744762	0.02	0.031	1.50108338667036e-08	LOC374443	c4
7.27518790572631e-13	-1.37540178901359	0.004	0.01	1.51076552050313e-08	LOC102288414	c4
7.43739730106243e-13	0.535838677231992	0.03	0.021	1.54444992353862e-08	ALKBH7	c4
7.56174890202298e-13	-1.04239390028328	0.007	0.015	1.57027277699409e-08	NFE2L2	c4
7.84843940686307e-13	-1.43816044735154	0.003	0.01	1.62980692722918e-08	AHSA1	c4
9.32330774318094e-13	-0.972084664403034	0.008	0.016	1.93607808594895e-08	MTHFD2	c4
9.3498258645467e-13	-1.36931017528671	0.004	0.01	1.94158483903177e-08	FLJ32255	c4
9.54021658617337e-13	0.844234712760024	0.014	0.008	1.98112137628476e-08	C1orf228	c4
9.68164398249773e-13	-1.15197587308846	0.006	0.012	2.01049018940548e-08	ATP2B1	c4
1.0313173509298e-12	-0.745352393489664	0.014	0.024	2.14163361094081e-08	SNRNP70	c4
1.06830832326834e-12	-1.2277236249558	0.005	0.012	2.21844906409904e-08	KCNAB2	c4
1.0839353648793e-12	-0.825170156955574	0.011	0.02	2.25090017870835e-08	VAMP5	c4
1.12682058295156e-12	-1.1628123394211	0.006	0.012	2.33995562255721e-08	CENPC	c4
1.17724965899846e-12	-1.26771710614837	0.005	0.011	2.4446766418762e-08	SLC4A7	c4
1.20603370836145e-12	-1.34944751438639	0.004	0.01	2.5044495987834e-08	TMEM14A	c4
1.41303751727845e-12	-1.16227810685033	0.005	0.012	2.93431370838042e-08	CD320	c4
1.49542382924586e-12	-1.08320276550874	0.006	0.014	3.10539712381196e-08	NUDT21	c4
1.56044534694884e-12	-1.27051393101309	0.005	0.011	3.24042080747396e-08	ADRBK1	c4
1.56322282718787e-12	-1.26304364873831	0.005	0.011	3.24618852293833e-08	IRF2	c4
1.60589243959986e-12	-1.19476199988802	0.005	0.012	3.33479624007306e-08	FIBP	c4
1.65417801118325e-12	-1.28103105121432	0.004	0.011	3.43506605802314e-08	BTN3A1	c4
1.75315843537601e-12	-1.22343962947429	0.005	0.011	3.64060880690183e-08	ETNK1	c4
1.79223522377829e-12	-1.38887408597202	0.004	0.01	3.72175566569801e-08	CDK17	c4
1.8131930123396e-12	-0.952090851161585	0.008	0.016	3.76527660942442e-08	TIAL1	c4
1.81457899750177e-12	-1.36594094704757	0.004	0.01	3.76815474621218e-08	GRAP2	c4
1.84169604629212e-12	-1.16296928448099	0.005	0.012	3.82446600973022e-08	MIER1	c4
1.86078581881407e-12	-0.722934119415605	0.015	0.025	3.86410783134929e-08	ARID5A	c4
1.87959246200022e-12	-1.00160541864621	0.008	0.015	3.90316170658966e-08	U2SURP	c4
1.92476361328056e-12	-0.777335932115078	0.012	0.021	3.9969641193384e-08	ATF4	c4
1.95404839661981e-12	-1.17501159675812	0.005	0.012	4.0577769004207e-08	VPS37B	c4
1.96577498819525e-12	-0.868946166504935	0.01	0.019	4.08212834048626e-08	STUB1	c4
1.97199660339081e-12	-1.11130748119889	0.006	0.013	4.09504814660136e-08	CDK5RAP3	c4
2.07149022320451e-12	-0.386262449360862	0.054	0.07	4.30165659750648e-08	YPEL5	c4
2.07599531815766e-12	-0.992684766654132	0.007	0.015	4.3110118776862e-08	RN7SL1	c4
2.14904317349089e-12	-0.965312996404627	0.008	0.016	4.46270305407118e-08	COPS6	c4
2.15522803788679e-12	-0.985817344809875	0.008	0.015	4.47554654347571e-08	NUDC	c4
2.1697476901349e-12	-1.13311684583715	0.006	0.013	4.50569805333413e-08	SMARCA5	c4
2.32196744759962e-12	-0.499490795094914	0.032	0.045	4.82179760168538e-08	ICOS	c4
2.33904465601677e-12	-0.511477919620807	0.036	0.049	4.85726013268443e-08	CDKN1A	c4
2.58331220146617e-12	-0.771978721945571	0.013	0.022	5.36450611756464e-08	TMEM230	c4
2.60111602952802e-12	-1.20977422866098	0.005	0.011	5.40147754691789e-08	DR1	c4
2.70704404431363e-12	-0.734704228629584	0.014	0.024	5.62144766242168e-08	MRPL20	c4
2.77538724901038e-12	-0.949516907497758	0.008	0.016	5.76336916129496e-08	MLF2	c4
2.98238999551077e-12	-1.32207107545509	0.004	0.01	6.19323106467767e-08	ATHL1	c4
2.98952903567152e-12	-1.22360650184055	0.005	0.011	6.20805599547547e-08	TOP1	c4
3.10768200370754e-12	-1.24893174905805	0.005	0.011	6.45341244889908e-08	C18orf32	c4
3.25664040752826e-12	-0.59055436337445	0.021	0.032	6.76273947027319e-08	NDUFV2	c4
3.37706902686728e-12	-1.02359505110606	0.007	0.014	7.01282154119259e-08	LAMTOR2	c4
3.41563603058615e-12	-0.77805291798632	0.013	0.022	7.09290978111521e-08	MRPS34	c4
3.48046708193049e-12	-1.02501312582225	0.007	0.014	7.22753794233686e-08	MDH1	c4
3.6670629657526e-12	-1.08311174546235	0.006	0.013	7.61502295468184e-08	ATOX1	c4
3.84037575436759e-12	-1.34921386064212	0.004	0.01	7.97492429151974e-08	DHX36	c4
3.95917709723806e-12	-1.39603263824977	0.004	0.01	8.22162716012456e-08	CD70	c4
3.98794091709776e-12	-0.794466938493844	0.012	0.02	8.28135810844522e-08	KHDRBS1	c4
4.00535941087148e-12	-0.918265973513319	0.009	0.017	8.31752935261572e-08	GADD45GIP1	c4
4.42504748473226e-12	0.368266170853353	0.058	0.045	9.18905360679501e-08	ANP32B	c4
4.71156204366094e-12	-0.795508678162332	0.012	0.021	9.78402973986631e-08	ATP5G1	c4
5.13399597987432e-12	-1.26738963768843	0.004	0.01	1.0661256051807e-07	NARF	c4
5.29226490943499e-12	-0.722393629201903	0.014	0.024	1.09899173109327e-07	ZC3HAV1	c4
5.34457556626e-12	-0.749064770651775	0.013	0.022	1.10985456208955e-07	DDX39A	c4
5.73691992499768e-12	-1.2795216927078	0.004	0.01	1.19132879162502e-07	NDUFS3	c4
6.03185516230749e-12	-0.924844038417549	0.008	0.016	1.25257504300477e-07	SSNA1	c4
6.06377694300517e-12	-1.24915232776667	0.004	0.011	1.25920391998445e-07	DERL1	c4
6.48254244545706e-12	-0.705209709732869	0.015	0.024	1.34616476422361e-07	PSMA1	c4
6.83096255194641e-12	-0.882026960877653	0.009	0.017	1.41851768353719e-07	IRF3	c4
6.86907943269555e-12	-0.938889271660285	0.008	0.015	1.42643303499356e-07	SRSF9	c4
7.09440383885458e-12	-1.17221238419524	0.005	0.011	1.47322390117654e-07	CSNK1A1	c4
7.13588897538181e-12	-1.21826496452595	0.005	0.011	1.48183870462779e-07	NASP	c4
7.34050514795912e-12	-0.980206111568898	0.007	0.015	1.52432929902519e-07	KPNB1	c4
7.83103416215266e-12	-0.748886845572057	0.013	0.022	1.62619255411262e-07	CNPY3	c4
8.1394945294438e-12	-0.677140378828518	0.016	0.026	1.6902474339843e-07	PTP4A1	c4
8.14412027129192e-12	-0.748318276589181	0.013	0.022	1.69120801553648e-07	C1orf86	c4
8.43234851529708e-12	-1.34102587128036	0.004	0.01	1.75106149268659e-07	SNX9	c4
8.45670017156147e-12	-0.824719568096991	0.011	0.019	1.75611835762646e-07	MAPK1IP1L	c4
8.59166386550423e-12	-1.24181590783675	0.004	0.011	1.78414491831061e-07	PNP	c4
8.61347372400959e-12	-1.1118287248302	0.006	0.012	1.78867395352783e-07	SDHC	c4
8.79491335784541e-12	-0.492787809240284	0.036	0.049	1.82635170789018e-07	RNA45S5	c4
9.50525741132762e-12	-1.04602982232024	0.006	0.013	1.97386175403629e-07	PTBP1	c4
9.53506548749131e-12	-1.18217766428803	0.005	0.011	1.98005169913245e-07	TMEM208	c4
1.01110504469347e-11	-1.22823293556382	0.004	0.011	2.09966073581047e-07	DCTN2	c4
1.10457277237033e-11	-1.03873449663224	0.006	0.013	2.29375581910423e-07	PTPN2	c4
1.13489765998336e-11	-1.16583481442452	0.005	0.011	2.35672848072144e-07	TES	c4
1.18057497642507e-11	-1.25744785130587	0.004	0.01	2.45158199604429e-07	CHORDC1	c4
1.33898495210744e-11	-1.22041343110452	0.004	0.011	2.7805361515463e-07	IAH1	c4
1.3391513140037e-11	-1.13783758553569	0.005	0.012	2.78088161866009e-07	ILK	c4
1.36742315402683e-11	-1.28294064122295	0.004	0.01	2.83959092165212e-07	NMT1	c4
1.4471072998557e-11	-1.24635402142229	0.004	0.01	3.00506301888036e-07	NUTM2B-AS1	c4
1.54395718585143e-11	-0.935422077611971	0.008	0.015	3.20618149213907e-07	APH1A	c4
1.55888980234264e-11	-1.11684011375179	0.005	0.012	3.23719056354472e-07	ZFAND2B	c4
1.76599816477539e-11	-0.597653606068623	0.021	0.031	3.66727178897258e-07	CCT4	c4
1.8599971095719e-11	-0.440116829586376	0.038	0.051	3.86246999773701e-07	PPP1R2	c4
1.87995664050324e-11	0.393316082826848	0.047	0.036	3.90391795966903e-07	FAIM3	c4
1.88565828987699e-11	-1.11627760709619	0.005	0.011	3.91575800475857e-07	THYN1	c4
1.90440949610316e-11	-1.12122191538536	0.005	0.012	3.95469675960783e-07	UBE2S	c4
1.93542642613274e-11	-0.980735638108479	0.007	0.014	4.01910651650725e-07	WDR33	c4
1.95292287790812e-11	-0.898845236518816	0.008	0.016	4.05543964826401e-07	COX16	c4
1.99840616173043e-11	-1.09990555745438	0.006	0.012	4.14989023544941e-07	TGFBR2	c4
2.01904546182561e-11	0.607171139228222	0.021	0.014	4.19274980602707e-07	CCR6	c4
2.01999542922944e-11	-1.25002601875021	0.004	0.01	4.19472250833786e-07	CCDC124	c4
2.05179062439644e-11	0.276703786700061	0.095	0.078	4.26074841062165e-07	SSR2	c4
2.10090189384665e-11	-0.842270392283226	0.01	0.018	4.36273287276195e-07	NKTR	c4
2.10629779409137e-11	-0.991117811964531	0.007	0.014	4.37393799921015e-07	FAM50A	c4
2.1097582926813e-11	-0.828540709673333	0.01	0.018	4.38112407058199e-07	A1BG	c4
2.1390492432885e-11	-0.643264490964894	0.018	0.028	4.44194965861291e-07	REL	c4
2.17088214983068e-11	-1.20105567449372	0.005	0.011	4.50805387233839e-07	MRPS31	c4
2.28865895366343e-11	-1.07116189391135	0.006	0.012	4.75262918317749e-07	IER3IP1	c4
2.33590811183904e-11	-0.953083522517951	0.007	0.014	4.85074678504494e-07	INO80E	c4
2.38412832169906e-11	0.572557887268008	0.022	0.015	4.95088087284026e-07	PPA1	c4
2.40601907468402e-11	-1.04893528400069	0.006	0.013	4.99633921048883e-07	SNRPC	c4
2.47155858111424e-11	-1.24487904561041	0.004	0.01	5.13243854954184e-07	C9orf89	c4
2.47743538421443e-11	-0.795865961171226	0.011	0.019	5.14464231885969e-07	TBRG1	c4
2.48671153506044e-11	-0.775911559567498	0.012	0.02	5.1639051737065e-07	ARHGAP4	c4
2.49486908262564e-11	-1.19695445828053	0.005	0.011	5.1808451369804e-07	BPTF	c4
2.63295180874001e-11	-1.08104653020306	0.006	0.012	5.4675877260295e-07	EMC4	c4
2.64647682157945e-11	-1.10930532044226	0.005	0.012	5.49567376769189e-07	RNPEPL1	c4
2.80882745081946e-11	-1.1069199886854	0.005	0.011	5.8328110843717e-07	PHTF2	c4
2.81363944100126e-11	-0.813905040787021	0.01	0.018	5.84280366318322e-07	HNRNPM	c4
2.88334404019982e-11	-1.10113003066313	0.005	0.012	5.98755223387894e-07	CSNK1D	c4
3.02222818551599e-11	-1.11808662932806	0.005	0.011	6.2759590500425e-07	SNRPE	c4
3.08770473454642e-11	-1.19237343139392	0.004	0.01	6.4119276517591e-07	CCDC69	c4
3.14998480952824e-11	-0.803227465247103	0.01	0.018	6.54125845546633e-07	EIF4A3	c4
3.15081555129184e-11	-1.01189569264945	0.006	0.013	6.54298357381264e-07	PSMD9	c4
3.16005071993708e-11	-0.989296809483113	0.007	0.014	6.56216132502134e-07	FBXW5	c4
3.17330953250141e-11	-0.38472505496645	0.058	0.074	6.58969457519243e-07	SOCS1	c4
3.1857478432222e-11	-0.933475172994237	0.008	0.015	6.61552397123522e-07	SRSF1	c4
3.20828619453896e-11	-1.07467203882005	0.006	0.012	6.6623271115796e-07	SNORD3A	c4
3.38170799077322e-11	-0.84554651047451	0.009	0.017	7.02245481363966e-07	NONO	c4
3.52411236397867e-11	-0.625693272933044	0.018	0.027	7.31817173503811e-07	C19orf70	c4
3.92646161063092e-11	-0.757393505583788	0.012	0.02	8.15369018063618e-07	SS18L2	c4
3.95065043875459e-11	-0.781285352260822	0.011	0.019	8.20392070111779e-07	PPIG	c4
4.02900875356381e-11	0.315036924533237	0.068	0.054	8.36663957765062e-07	RPS17	c4
4.07754638099254e-11	-1.01326932872909	0.006	0.012	8.4674328147691e-07	ATG12	c4
4.11778226185819e-11	-0.438819055717193	0.035	0.048	8.55098664497472e-07	SEPT6	c4
4.12859833318331e-11	-1.07749765712919	0.006	0.012	8.57344729868847e-07	ANP32E	c4
4.17480261751173e-11	-0.923171912312382	0.008	0.015	8.66939511552487e-07	PPP6C	c4
4.17516757977989e-11	-1.11548389537139	0.005	0.012	8.67015299617092e-07	TRAF1	c4
4.19012805868934e-11	-0.21499337153584	0.23	0.254	8.70121992667429e-07	TXNIP	c4
4.28723810880259e-11	-1.21978806464758	0.004	0.01	8.90287865673946e-07	RAB8A	c4
4.3690606392618e-11	-1.04429513224986	0.006	0.012	9.07279132349105e-07	GTF2A2	c4
4.55793673299288e-11	-1.03089020383827	0.006	0.012	9.46501141973301e-07	UHMK1	c4
4.81650558839926e-11	-0.966876251619346	0.007	0.014	1.00019555048699e-06	PLEKHJ1	c4
4.8321081698151e-11	-0.795843061068195	0.011	0.019	1.0034355825438e-06	ZNF428	c4
4.91292027983976e-11	-0.863443493753406	0.009	0.016	1.02021702531152e-06	NUCB1	c4
4.91759549816698e-11	0.727960194456221	0.014	0.009	1.02118788114936e-06	S1PR1	c4
5.00512315817848e-11	-0.763680218976833	0.011	0.019	1.03936387502734e-06	ZBTB20	c4
5.29235402883801e-11	-0.906925030773291	0.008	0.015	1.0990102376285e-06	VIM-AS1	c4
5.44280743158915e-11	-0.860888920193714	0.009	0.016	1.1302533912438e-06	CASP4	c4
5.44595936349844e-11	-0.738202618111292	0.012	0.02	1.13090792142409e-06	TRAPPC5	c4
5.66367421742414e-11	-0.841368103642136	0.009	0.017	1.1761185879903e-06	GRB2	c4
5.71821791078117e-11	-1.15897027312671	0.005	0.011	1.18744513135282e-06	CYC1	c4
5.81487549650748e-11	-1.20130017835684	0.004	0.01	1.20751704560474e-06	SNRNP200	c4
5.98569903789783e-11	-0.827558528372453	0.01	0.017	1.24299026220986e-06	GSDMD	c4
6.08305925308844e-11	-0.803482771846952	0.01	0.017	1.26320808449634e-06	SUMO3	c4
6.13836230379524e-11	-1.21565722419937	0.004	0.01	1.27469231600612e-06	KMT2A	c4
6.3933095867133e-11	-0.410583925940885	0.039	0.051	1.32763466877688e-06	CSRNP1	c4
6.60131045055134e-11	-0.872152614945464	0.008	0.015	1.37082812816149e-06	MPC2	c4
6.72444450983454e-11	-0.677412273675858	0.016	0.025	1.39639814691224e-06	ATP5EP2	c4
6.95617499480842e-11	-0.912991031472644	0.008	0.015	1.44451929942192e-06	EIF4EBP2	c4
6.9986270491181e-11	-1.07933514798472	0.006	0.012	1.45333489301986e-06	KLF10	c4
7.16451910884228e-11	-0.98514081722848	0.007	0.013	1.48778403814219e-06	B3GNT2	c4
7.31049854539396e-11	-1.10172318311917	0.005	0.011	1.51809812793651e-06	SHARPIN	c4
7.85313897005883e-11	-0.79031002127387	0.011	0.018	1.63078283852242e-06	DPM3	c4
8.26595260346218e-11	-0.449811291877134	0.034	0.046	1.71650771763496e-06	C11orf31	c4
8.455173692039e-11	-0.93029492756024	0.008	0.014	1.75580136888882e-06	C19orf24	c4
8.4651274840655e-11	-1.06265588284849	0.006	0.012	1.75786837334104e-06	FAM96A	c4
8.75741463492336e-11	-1.22903943612012	0.004	0.01	1.81856472308819e-06	LINC00936	c4
9.17349938671089e-11	-1.0504083237865	0.006	0.012	1.90496888264438e-06	AMZ2	c4
9.214323027524e-11	0.543076567464405	0.025	0.017	1.91344631989563e-06	TRADD	c4
1.00661919487961e-10	-0.653367253801502	0.015	0.024	2.090345420087e-06	TUFM	c4
1.02124812449669e-10	-0.884302970938301	0.008	0.015	2.12072385532982e-06	MRPL43	c4
1.03897172344938e-10	-1.08702043124769	0.005	0.011	2.15752868091498e-06	MAZ	c4
1.06600157476972e-10	-0.350234735459535	0.054	0.069	2.21365887016679e-06	SLC25A3	c4
1.09320319796614e-10	0.462058814377111	0.033	0.024	2.27014576089649e-06	CCDC109B	c4
1.12563073312629e-10	-0.775835043395062	0.011	0.019	2.33748478041005e-06	TMC8	c4
1.1291521849202e-10	-0.988776337944985	0.006	0.013	2.34479742720529e-06	PHB	c4
1.1834788127546e-10	-1.06232822633179	0.006	0.012	2.4576121025662e-06	ZNF292	c4
1.20226866896042e-10	-0.743916826210493	0.012	0.02	2.4966311179632e-06	MRPL18	c4
1.26620670433227e-10	-1.13465155372809	0.005	0.011	2.6294048422164e-06	FUNDC2	c4
1.33760624948517e-10	-1.16241787985691	0.004	0.01	2.77767313768091e-06	SF3B4	c4
1.40411178896596e-10	-1.11128429010048	0.005	0.011	2.91577854096671e-06	SLIRP	c4
1.44219351903306e-10	-1.09449555180984	0.005	0.011	2.99485906162404e-06	OFD1	c4
1.51120485467555e-10	-0.475639582222004	0.027	0.038	3.13816800121924e-06	SERBP1	c4
1.56907898366234e-10	-1.15013870616299	0.004	0.01	3.25834941747321e-06	BNIP3L	c4
1.5980587994618e-10	-1.16778144321153	0.004	0.01	3.31852890296237e-06	ANKRD11	c4
1.6534373014377e-10	-1.00827153490575	0.006	0.012	3.43352790016553e-06	TARSL2	c4
1.66282201438155e-10	-1.04982181329344	0.006	0.012	3.45301619506473e-06	LRPAP1	c4
1.78114621873456e-10	-0.687900848533133	0.014	0.022	3.69872823782419e-06	UQCRFS1	c4
1.81860465454299e-10	-1.11262524739809	0.005	0.011	3.77651442562398e-06	RTFDC1	c4
1.86061341501995e-10	-1.14811244875	0.005	0.01	3.86374981763042e-06	ATP2A3	c4
1.94981408103404e-10	-0.677553190011795	0.014	0.022	4.04898392067529e-06	CHCHD10	c4
1.97511514642982e-10	-0.896535615811587	0.008	0.014	4.10152411307616e-06	ZC3H15	c4
2.0942297891461e-10	-0.719185453367749	0.012	0.02	4.3488775801408e-06	MED10	c4
2.18516267816935e-10	-1.16674762371843	0.004	0.01	4.53770881748646e-06	AFF4	c4
2.28055682941773e-10	-0.7557263788871	0.011	0.018	4.73580431196886e-06	PNRC2	c4
2.2958368799162e-10	-0.412431033727383	0.036	0.048	4.76753486483397e-06	NHP2L1	c4
2.50368498529537e-10	-1.14703172221226	0.004	0.01	5.19915224046436e-06	TRAPPC3	c4
2.51025511655978e-10	-1.04172434559485	0.006	0.011	5.21279577504804e-06	TSTA3	c4
2.52920450183431e-10	-0.975287426341856	0.006	0.013	5.25214606850912e-06	PSMA3	c4
2.63111483519726e-10	0.328940601498762	0.059	0.047	5.46377306677063e-06	RPS20	c4
2.71670425831813e-10	-0.865218673191099	0.008	0.015	5.64150806282343e-06	FDFT1	c4
2.81365506832455e-10	-1.14600012042295	0.004	0.01	5.84283611488276e-06	SURF2	c4
2.89730878756272e-10	-1.12604232007688	0.005	0.01	6.01655142825274e-06	UQCRC1	c4
2.93997889531247e-10	-0.980579915183087	0.006	0.012	6.10516017400587e-06	B3GAT3	c4
2.97618303696737e-10	-0.696461908054414	0.013	0.02	6.18034169456645e-06	TMEM256	c4
3.13993176382158e-10	-1.01637886189383	0.006	0.012	6.52038230075189e-06	EIF5B	c4
3.73802946942911e-10	-0.893101450316665	0.008	0.014	7.76239199621648e-06	RNASEH2C	c4
3.92009408775097e-10	0.52722714875752	0.024	0.017	8.14046738262365e-06	ICAM2	c4
4.1705310880529e-10	-0.996822622276115	0.006	0.012	8.66052485745064e-06	UBE2J1	c4
4.25568167592075e-10	-1.0153189658935	0.005	0.011	8.83734856821702e-06	TM9SF2	c4
4.26078726212564e-10	-1.13855073188778	0.004	0.01	8.84795082853011e-06	DPYD	c4
4.32338965000657e-10	-1.130436916198	0.004	0.01	8.97795094720365e-06	FIP1L1	c4
4.36586863312892e-10	-0.928758347330962	0.007	0.013	9.06616280355552e-06	ST3GAL1	c4
4.38442628949114e-10	-0.968904862697642	0.006	0.012	9.1046996327573e-06	TMEM14C	c4
4.42580778019693e-10	-0.955243518524716	0.006	0.013	9.19063243635693e-06	CHCHD7	c4
4.54431517988658e-10	-0.637280235588975	0.015	0.024	9.43672490255247e-06	SSBP1	c4
4.5628429973929e-10	-0.391942286967821	0.041	0.053	9.47519976838609e-06	ATP5D	c4
4.68449134154576e-10	-0.843866670817824	0.008	0.015	9.72781471985394e-06	KDELR1	c4
4.7296715224673e-10	-1.03674722476647	0.005	0.011	9.8216358835556e-06	MECP2	c4
4.77461775941635e-10	-0.795634080834486	0.009	0.016	9.914971239204e-06	DNAJA2	c4
4.84269284769125e-10	-0.843866670817824	0.008	0.015	1.00563359675156e-05	NCF1B	c4
4.84694133497523e-10	-0.960379997068468	0.006	0.012	1.00651583762096e-05	RBM4	c4
4.84781799482189e-10	-1.06306280596677	0.005	0.011	1.00669788480471e-05	PSMC3	c4
4.85434288372041e-10	-0.474252564866671	0.029	0.04	1.00805284323338e-05	SNHG9	c4
5.01248999803258e-10	-0.879890341655792	0.008	0.014	1.04089367299145e-05	FLJ10038	c4
5.23158213842315e-10	-1.10129456222981	0.005	0.01	1.08639034686495e-05	NIPBL	c4
5.55804632723184e-10	-1.09221559365272	0.005	0.01	1.15418390031296e-05	TIMM8B	c4
5.56920720310243e-10	-0.938252081401944	0.007	0.013	1.15650156779625e-05	UFD1L	c4
5.88121149277537e-10	-0.874041177621892	0.008	0.014	1.22129237858973e-05	SP140	c4
6.1064968609887e-10	-0.969981010057474	0.006	0.012	1.26807513815291e-05	TAOK3	c4
6.58094287466784e-10	-0.576265934657202	0.018	0.027	1.36659859735352e-05	SBDS	c4
6.62358599382254e-10	-0.925269361251081	0.007	0.013	1.37545386747719e-05	MMP24-AS1	c4
6.81530343306739e-10	-1.01095648559059	0.006	0.011	1.41526591091077e-05	RASSF7	c4
7.0022519375868e-10	-0.983380359364042	0.006	0.012	1.45408763735928e-05	SPTAN1	c4
7.06206603118893e-10	-0.996822622276115	0.006	0.012	1.46650863203669e-05	PIH1D1	c4
7.09327077225284e-10	-0.32105591373017	0.05	0.063	1.47298860856602e-05	IRF1	c4
7.75536933750764e-10	-0.829497761022922	0.008	0.015	1.61047999662684e-05	NDUFV1	c4
7.78224707955257e-10	-0.907810792366964	0.007	0.013	1.61606142853989e-05	RGS14	c4
8.38685337260611e-10	-0.850981369197219	0.007	0.014	1.74161397135539e-05	POLR2F	c4
8.42488715896675e-10	-0.921502531328162	0.007	0.013	1.74951206743104e-05	GGNBP2	c4
8.56787929060047e-10	-0.667604491458276	0.013	0.021	1.77920581348609e-05	LINC00116	c4
8.77408840213557e-10	-0.591305223098722	0.017	0.026	1.82202719758747e-05	ELOVL5	c4
9.04125097986632e-10	-0.854068532021957	0.008	0.014	1.87750617847904e-05	TRAPPC2L	c4
9.84926441316928e-10	-0.838829683164943	0.008	0.014	2.04529824803873e-05	RPAIN	c4
1.03908958561045e-09	-0.224489327962007	0.069	0.084	2.15777343347865e-05	CYCS	c4
1.06549726788713e-09	-1.05385356731249	0.005	0.01	2.21261162649442e-05	HNRNPD	c4
1.08733382562805e-09	-0.766209694134699	0.01	0.017	2.2579574222992e-05	FNBP4	c4
1.09033565560194e-09	-1.07486281682146	0.005	0.01	2.26419102242298e-05	SHKBP1	c4
1.09624594631935e-09	-0.750885534489631	0.01	0.017	2.27646433212677e-05	SMAP2	c4
1.11675940269489e-09	-0.852480273270637	0.007	0.013	2.31906257563621e-05	HIST1H1C	c4
1.16655167460733e-09	-0.54789655067239	0.02	0.029	2.42246120748959e-05	TRABD	c4
1.17378762754112e-09	-0.840258094213205	0.008	0.014	2.43748738735189e-05	ORMDL1	c4
1.1930152747032e-09	-1.09965725692562	0.005	0.01	2.47741551944867e-05	TXNDC17	c4
1.2187468883781e-09	-0.918609322459659	0.007	0.013	2.53084978840596e-05	OTUD6B-AS1	c4
1.22473343744302e-09	-1.00104720813784	0.006	0.011	2.54328145619417e-05	SMS	c4
1.31607955041875e-09	-0.949516907497758	0.006	0.012	2.73297079439958e-05	AP3S1	c4
1.35081692349403e-09	-1.0849371167472	0.005	0.01	2.8051064233277e-05	COA1	c4
1.36630658402956e-09	-0.744063675489414	0.01	0.017	2.83727225239579e-05	UBAC2	c4
1.38980369023897e-09	-1.03870060867544	0.005	0.011	2.88606634315024e-05	TMEM167A	c4
1.40635263819127e-09	-0.757486920181131	0.01	0.017	2.92043188846798e-05	LSM14A	c4
1.43206186767989e-09	-1.00239646710071	0.006	0.011	2.97381967442406e-05	BOLA3	c4
1.44818954044847e-09	-0.964764681196695	0.006	0.012	3.0073103996953e-05	PSMG2	c4
1.57028550316366e-09	-0.885762223000589	0.007	0.013	3.26085487586966e-05	PHIP	c4
1.60218729480319e-09	-1.05385356731249	0.005	0.01	3.3271021363883e-05	GRSF1	c4
1.62514330851738e-09	-0.721962781045532	0.011	0.018	3.37477259446719e-05	DDX18	c4
1.65263948529501e-09	-1.10763846232619	0.004	0.01	3.43187115516362e-05	EMC7	c4
1.67478247862031e-09	-1.03581675389198	0.005	0.011	3.47785329510293e-05	MX1	c4
1.72389240240087e-09	-0.567499928224702	0.017	0.026	3.57983496282566e-05	ANXA2R	c4
1.73652629989668e-09	-1.09238561050981	0.004	0.01	3.60607051436544e-05	MRPL4	c4
1.73982922713451e-09	-1.02675990643022	0.005	0.011	3.61292937306752e-05	NUDT16L1	c4
1.74129526958758e-09	-0.793533963140163	0.009	0.016	3.61597375682556e-05	NOL7	c4
1.78453205589107e-09	0.369403691947973	0.044	0.034	3.7057592672634e-05	TOMM20	c4
1.86614276093828e-09	-1.00476962397741	0.005	0.011	3.87523205736443e-05	ZRSR2	c4
1.97363438207781e-09	-0.934159866727839	0.006	0.012	4.09844915782278e-05	PIAS1	c4
1.97895929181266e-09	-0.996327446351951	0.005	0.01	4.10950686537817e-05	NMB	c4
2.02466544354333e-09	-1.08702043124769	0.004	0.01	4.20442026006208e-05	UQCRC2	c4
2.04773654335846e-09	-0.758444249374117	0.01	0.016	4.25232970593817e-05	SSR3	c4
2.12420542492346e-09	-0.843463399913204	0.008	0.014	4.41112498539606e-05	MPG	c4
2.25969255553138e-09	-0.613233519633327	0.015	0.023	4.69247756081645e-05	STAT3	c4
2.65027573735955e-09	-0.870493259409814	0.008	0.014	5.50356259620085e-05	TUBB2A	c4
2.69516325025132e-09	-0.995227955328203	0.005	0.011	5.5967760054719e-05	MRPS18C	c4
2.7257704425765e-09	-0.644335887447549	0.013	0.021	5.66033490105437e-05	SNX3	c4
2.73749607155685e-09	-0.850491290533698	0.007	0.014	5.68468434219496e-05	CNPY2	c4
2.7773344714923e-09	-0.884469610332134	0.007	0.013	5.7674127635009e-05	MMADHC	c4
2.79123018598272e-09	-0.791387711255867	0.009	0.015	5.79626860421172e-05	LAMTOR5	c4
2.82158553419711e-09	-1.03520537177204	0.005	0.01	5.85930452031373e-05	GIMAP6	c4
2.93250150397158e-09	-0.39883293713638	0.035	0.046	6.08963262314739e-05	ICAM3	c4
2.98171369136037e-09	-0.976198950150263	0.006	0.011	6.19182665147895e-05	CDKN1B	c4
3.01668177605621e-09	-1.05385356731249	0.005	0.01	6.26444137615833e-05	SMARCE1	c4
3.10566043961769e-09	-0.557729789830975	0.018	0.026	6.4492144689101e-05	EIF1B	c4
3.13163183065803e-09	-0.887843615873565	0.007	0.013	6.50314665954447e-05	VDAC3	c4
3.19443536507878e-09	-0.94771241065101	0.006	0.011	6.6335644791226e-05	DDX46	c4
3.20505680846426e-09	-0.830405695610083	0.008	0.014	6.65562096845688e-05	MYCBP2	c4
3.22223893271559e-09	-1.06678295966751	0.005	0.01	6.6913013676772e-05	PPM1M	c4
3.37772540350638e-09	-1.00922315362203	0.005	0.011	7.01418457292135e-05	NABP1	c4
3.59609178993078e-09	-0.81228052476162	0.008	0.014	7.46764421097026e-05	ARRDC1	c4
3.87063243729804e-09	-1.07189090639443	0.004	0.01	8.03775531929311e-05	LUC7L2	c4
3.94654821909675e-09	-1.0250239954238	0.005	0.01	8.19540203177632e-05	HSPA4	c4
4.02150571276456e-09	-0.914266060314706	0.006	0.012	8.35105876312688e-05	DUSP16	c4
4.09426961663368e-09	-0.735176758456043	0.01	0.017	8.50216028590151e-05	RABGGTB	c4
4.12147360838516e-09	-0.735479535558524	0.01	0.016	8.55865209517262e-05	RBMX	c4
4.25009787338036e-09	-0.942285338266682	0.006	0.011	8.82575324386166e-05	DECR1	c4
4.26077313513348e-09	-0.815948706348481	0.008	0.014	8.84792149241819e-05	ILF2	c4
4.34268380118434e-09	-0.877148334192823	0.007	0.013	9.01801718153939e-05	OSBPL8	c4
4.3656689078469e-09	-0.600740850487636	0.015	0.022	9.06574805403487e-05	RAD23A	c4
4.39001258858416e-09	-1.00213153366118	0.005	0.01	9.11630014145387e-05	RNF10	c4
4.39969216889816e-09	-1.00991523257253	0.005	0.01	9.13640075793392e-05	PSMB7	c4
4.58115750732505e-09	-0.530746689342585	0.019	0.027	9.5132316797112e-05	DGCR6L	c4
4.68578189467895e-09	-0.572863560553529	0.017	0.025	9.73049468249032e-05	CTSA	c4
4.72535973957787e-09	-1.00014298056773	0.005	0.01	9.81268203520741e-05	MRFAP1L1	c4
4.73780052871135e-09	-1.04227404841761	0.005	0.01	9.83851657792199e-05	ILKAP	c4
5.06201820299817e-09	-0.723082090151084	0.01	0.017	0.00010511787000346	WTAP	c4
5.07535385867533e-09	-0.592759647237156	0.015	0.023	0.000105394798229252	RBL2	c4
5.08684208891127e-09	-0.964623799887966	0.006	0.011	0.000105633362818332	TMEM248	c4
5.19735130296326e-09	-0.685707692278591	0.011	0.018	0.000107928197157335	M6PR	c4
5.4117939726488e-09	-0.802043472533223	0.008	0.014	0.000112381313636025	CPNE1	c4
5.63135643932469e-09	-0.97926425089181	0.005	0.011	0.000116940747819017	PRPF8	c4
5.7056191272131e-09	-0.997155002197155	0.005	0.01	0.000118482886795707	CHN1	c4
5.90743127774286e-09	-0.623565802918146	0.015	0.022	0.000122673717913608	CISH	c4
6.03861726157178e-09	-0.496022943632805	0.021	0.03	0.0001253979260538	BCL3	c4
6.49000806805713e-09	-0.771227122532433	0.009	0.015	0.000134771507541274	SNRPA1	c4
6.6027997365675e-09	-0.878963627672451	0.006	0.012	0.000137113739329561	PPM1K	c4
6.64009567067337e-09	-1.02728576575475	0.005	0.01	0.000137888226697203	CTDSP1	c4
6.72042970274239e-09	-0.877260818456247	0.006	0.012	0.000139556443207148	SUMO1P3	c4
7.45110293958124e-09	-0.507909687815012	0.02	0.029	0.000154729603643344	TCEA1	c4
7.78215704318378e-09	-0.564491977285354	0.016	0.024	0.000161604273158754	BIN1	c4
7.83074577612174e-09	-0.524609164194854	0.02	0.028	0.000162613266786944	SMCHD1	c4
8.12315301247052e-09	-0.833493111158274	0.007	0.013	0.000168685395456963	GOLPH3	c4
8.19458163096229e-09	-0.957190835383179	0.006	0.011	0.000170168682148563	PNKD	c4
8.73884499076599e-09	-0.364825055879898	0.039	0.051	0.000181470855078247	LAMTOR4	c4
8.7766712433252e-09	-0.828438387247608	0.007	0.013	0.000182256355038891	LRP10	c4
8.83088543880895e-09	-0.879824167537445	0.006	0.012	0.000183382167022307	FLOT1	c4
8.98296956723356e-09	-0.786739342458533	0.008	0.014	0.000186540346033172	RBM17	c4
9.05734639969731e-09	-0.781251948202313	0.008	0.015	0.000188084855336114	RTF1	c4
9.08220837938489e-09	-0.97768758018892	0.005	0.01	0.000188601139206307	BABAM1	c4
9.12000659219445e-09	0.642754289237572	0.014	0.009	0.00018938605689351	SATB1	c4
9.2309781397971e-09	-0.623073331487904	0.013	0.021	0.000191690492051027	STRAP	c4
9.31392416013169e-09	-0.880743487717531	0.006	0.012	0.000193412949109295	SMG1	c4
1.03150793782702e-08	-0.634348614320359	0.013	0.02	0.000214202938369159	HNRNPUL1	c4
1.08994186545697e-08	-0.969694789435389	0.005	0.01	0.000226337327780795	PYCR2	c4
1.1236170690692e-08	-0.647611116042209	0.012	0.019	0.000233330320562911	PDCD6	c4
1.13205022644277e-08	-0.910705754516282	0.006	0.011	0.000235081550023105	UQCC2	c4
1.13479419403002e-08	-0.795264873549146	0.008	0.014	0.000235651362332274	COX20	c4
1.14279391826384e-08	-0.770546766452439	0.009	0.015	0.000237312585066668	LSM6	c4
1.18824730571076e-08	-0.831806991606586	0.007	0.013	0.000246751435503897	NUTF2	c4
1.19925407959419e-08	-1.00841059655133	0.005	0.01	0.000249037102168529	YIPF4	c4
1.21819789625816e-08	-0.561023483047575	0.016	0.024	0.000252970975136971	SEC62	c4
1.22967833558794e-08	-0.918529215014074	0.006	0.011	0.000255355003168192	APOA1BP	c4
1.2447323585984e-08	-0.940716978236276	0.005	0.01	0.000258481121586545	SKIL	c4
1.34531086001981e-08	-0.441722267299062	0.027	0.037	0.000279367253191714	CD6	c4
1.35807648381653e-08	-0.313439091049747	0.053	0.065	0.00028201816262934	CCND3	c4
1.3731277566406e-08	-0.473031877118222	0.019	0.027	0.000285143709943986	ZNRD1	c4
1.45528510302366e-08	-0.936959054166934	0.006	0.011	0.000302204504493892	LMF2	c4
1.52075420651857e-08	-0.76325387749942	0.009	0.015	0.000315799818525646	SDHAF2	c4
1.5945471248237e-08	-0.947539258057316	0.005	0.01	0.000331123655940889	HNRNPAB	c4
1.59735081885428e-08	-0.977878043683659	0.005	0.01	0.000331705871043281	METTL23	c4
1.61275295522574e-08	-0.990462457496674	0.005	0.01	0.000334904278682178	SMAP1	c4
1.66287591910722e-08	-0.65925127671647	0.012	0.019	0.000345312813361805	PIM3	c4
1.6756806280324e-08	-0.757582341778977	0.009	0.015	0.000347971839217208	WBP2	c4
1.6912032322973e-08	-0.692447034528565	0.01	0.017	0.000351195263218856	PDAP1	c4
1.71265263423988e-08	-0.946549415794891	0.005	0.01	0.000355649446026254	MESDC2	c4
1.77879708334928e-08	0.495280458623945	0.024	0.017	0.000369385002328311	TMEM243	c4
1.7823590513539e-08	-0.973711412510551	0.005	0.01	0.000370124680604152	PPCS	c4
1.78381537143991e-08	-0.530561700337178	0.022	0.031	0.000370427100033213	SYNGR2	c4
1.85663689761226e-08	-0.953692583468952	0.005	0.01	0.000385549218158162	BRWD1	c4
1.86642398671613e-08	-0.717640609317087	0.01	0.016	0.000387581605081471	PAG1	c4
1.91607982387274e-08	-0.973711412510551	0.005	0.01	0.000397893136225413	ARHGAP25	c4
1.94771478857731e-08	-0.434943734668001	0.026	0.035	0.000404462452995965	TOMM6	c4
1.99627565789174e-08	-0.610261994880531	0.013	0.02	0.000414546603117799	CLPP	c4
2.06899411740772e-08	-0.849981233946844	0.007	0.012	0.000429647318420888	GSTO1	c4
2.0816444178832e-08	-0.675295666009685	0.011	0.017	0.000432274279817625	ACP1	c4
2.1041459595007e-08	-0.781697108589934	0.008	0.014	0.000436946949949916	G3BP1	c4
2.18672242948312e-08	-0.758397683786322	0.008	0.014	0.000454094779706465	RBMS1	c4
2.2355883365533e-08	-0.623871208754561	0.013	0.019	0.000464242273968658	TMEM14B	c4
2.36103387184417e-08	-0.868352090147789	0.006	0.012	0.00049029229382716	PRPF40A	c4
2.44930261399621e-08	-0.567376894205776	0.015	0.023	0.000508622180822453	GPR171	c4
2.4766248425627e-08	-0.768000533809694	0.008	0.014	0.000514295914806571	PNN	c4
2.62015904312126e-08	-0.877344837123708	0.006	0.011	0.000544102226894561	VTI1B	c4
2.62843305283297e-08	-0.914936675787613	0.006	0.011	0.000545820407751295	PTPN1	c4
2.72346088081805e-08	-0.912991031472644	0.006	0.011	0.000565553886510676	PPIH	c4
2.74340260176849e-08	-0.687535179595301	0.01	0.016	0.000569694984283245	TBCC	c4
2.83091558011738e-08	-0.694641834553225	0.01	0.016	0.000587867929367174	EIF4H	c4
2.83541116285465e-08	-0.953692583468952	0.005	0.01	0.000588801482078396	C11orf73	c4
2.89537811308926e-08	-0.973363649452127	0.005	0.01	0.000601254218964116	HDAC1	c4
3.01340664386446e-08	-0.772293824063431	0.008	0.014	0.000625764023664895	PITHD1	c4
3.06224668747818e-08	-0.795843061068195	0.007	0.012	0.000635906147121719	CHCHD5	c4
3.1129297249449e-08	-0.883928565870182	0.006	0.011	0.000646430986682059	ACAA1	c4
3.21658186078419e-08	-0.878258224327936	0.006	0.011	0.000667955389210446	KXD1	c4
3.23923533742192e-08	-0.846757333072558	0.006	0.012	0.000672659610169035	CAMTA1	c4
3.25587668561827e-08	-0.558326150173282	0.015	0.023	0.00067611535253549	C9orf78	c4
3.26510459634568e-08	-0.899650295345972	0.006	0.011	0.000678031620477144	RAB10	c4
3.43975418708986e-08	-0.738202618111292	0.009	0.015	0.00071429935449108	POLR2I	c4
3.50441781823574e-08	-0.615872509420963	0.013	0.019	0.000727727404134834	SNRPA	c4
3.51200238232829e-08	-0.95681642815583	0.005	0.01	0.000729302414714293	CFAP20	c4
3.51285620186455e-08	-0.875516326053981	0.006	0.011	0.000729479718879193	ANAPC5	c4
3.55027538704512e-08	-0.838813443091539	0.006	0.012	0.000737250186873789	MIB2	c4
3.70901463232095e-08	-0.959174255100891	0.005	0.01	0.000770213978547768	SERINC3	c4
3.76532385131926e-08	-0.871807596400023	0.006	0.011	0.000781907150964957	PDCD10	c4
3.94033267511284e-08	-0.659902702768446	0.011	0.017	0.000818249483313933	BCL11B	c4
3.95305418375712e-08	-0.593061129482125	0.014	0.02	0.000820891231799004	ATP5L2	c4
3.95573642506094e-08	-0.86909822504246	0.006	0.011	0.000821448226028154	IRF2BP2	c4
4.21564885232557e-08	-0.803227465247102	0.007	0.013	0.000875421640673929	PSMD4	c4
4.33248595727081e-08	-0.7258908862222	0.009	0.014	0.000899684033886856	SARS	c4
4.47619231910748e-08	-0.9391749632763	0.005	0.01	0.000929526096985859	POLR2C	c4
4.62714145432619e-08	-0.799990544344921	0.007	0.013	0.000960872194405377	DNAJC15	c4
4.64419457254173e-08	-0.958234124598868	0.005	0.01	0.000964413444934015	PCM1	c4
4.74245034777404e-08	-0.569244826379591	0.015	0.022	0.000984817239218758	BCAS2	c4
4.7686831907222e-08	-0.959174255100891	0.005	0.01	0.000990264751385372	LINC00623	c4
4.86456612509508e-08	-0.889436303493747	0.006	0.01	0.00101017580153724	YIF1A	c4
5.19201164162678e-08	-0.66662618983232	0.01	0.016	0.00107817313750022	TMUB1	c4
5.33329140742167e-08	0.255297731089444	0.07	0.059	0.00110751129366518	ERP29	c4
5.36905090041031e-08	-0.557154846186812	0.015	0.022	0.00111493710997921	GDI2	c4
5.4090880646097e-08	-0.866111501086576	0.006	0.011	0.00112325122749685	RSBN1	c4
5.41918922663344e-08	0.319726351070941	0.463	0.496	0.0011253488348027	RPS26	c4
5.45285220741473e-08	-0.818050745055403	0.007	0.012	0.00113233928939174	THAP3	c4
5.7993254536002e-08	-0.843375750836275	0.006	0.011	0.00120428792369462	SSBP4	c4
5.81784408627549e-08	-0.760469076291778	0.008	0.013	0.00120813350295597	NGRN	c4
6.01974057701962e-08	-0.934806124122318	0.005	0.01	0.00125005932822389	NUBP2	c4
6.02631315702725e-08	-0.662963142712282	0.01	0.017	0.00125142419018828	LSM4	c4
6.64065928160667e-08	-0.837948678451947	0.006	0.011	0.00137899930641844	SDHD	c4
6.68957110602161e-08	-0.914018226276371	0.005	0.01	0.00138915633587645	CCT6A	c4
8.44435244169321e-08	-0.719324199059112	0.009	0.014	0.00175355422804201	RNF113A	c4
9.19217216319715e-08	-0.899570515710322	0.005	0.01	0.00190884647140952	ZFAND6	c4
1.03726443377933e-07	-0.823986025413899	0.006	0.011	0.00215398332318616	DLGAP1-AS1	c4
1.03787651277747e-07	-0.743066030030332	0.008	0.013	0.00215525436643369	VOPP1	c4
1.05262885943987e-07	0.61515083100555	0.013	0.009	0.00218588908951284	TESPA1	c4
1.17399441843439e-07	-0.530896183673675	0.016	0.023	0.00243791680932085	EIF1AX	c4
1.18738386556068e-07	-0.565854581107506	0.014	0.021	0.0024657213352233	PSMC5	c4
1.20216128360975e-07	-0.714313513634406	0.008	0.014	0.00249640812154401	PSMF1	c4
1.21529973699926e-07	-0.713548846390589	0.008	0.014	0.00252369143385266	GRAMD1A	c4
1.2508328821772e-07	-0.83341047074348	0.006	0.011	0.00259747956312917	NENF	c4
1.26121750786475e-07	-0.884721784700691	0.005	0.01	0.00261904427683193	HCFC1R1	c4
1.35364751194983e-07	0.184022447308442	0.159	0.142	0.00281098442331502	LOC101929876	c4
1.44535308492665e-07	-0.647559458029632	0.01	0.016	0.00300142021615868	TMEM134	c4
1.45039226943793e-07	-0.875516326053981	0.005	0.01	0.00301188458671481	DPY30	c4
1.5644123943622e-07	-0.661181234034236	0.01	0.015	0.00324865877813254	SLC44A2	c4
1.59913816415483e-07	-0.528083662920751	0.016	0.023	0.00332077031168392	EVI2B	c4
1.6131333013379e-07	-0.661256525375792	0.01	0.016	0.00334983261355829	PNPLA2	c4
1.72832385711007e-07	-0.689789811213323	0.009	0.015	0.00358903732167477	ATP6V0E2	c4
1.86244262938822e-07	-0.798445486697867	0.006	0.011	0.00386754836418758	DBNL	c4
2.02854860090532e-07	-0.844023778650445	0.006	0.01	0.00421248402463999	ZNF394	c4
2.05314145265806e-07	-0.719673211601113	0.008	0.013	0.00426355354058973	TKT	c4
2.13551778903516e-07	-0.455105654676286	0.02	0.027	0.00443461624071042	TMEM219	c4
2.57678695926961e-07	-0.74810161992763	0.007	0.012	0.00535095579961927	BNIP2	c4
2.72407718772565e-07	0.253502248463629	0.071	0.06	0.00565681868803108	HNRNPA1P10	c4
2.72468997021621e-07	0.37512557208664	0.03	0.023	0.00565809119215098	RPL13AP5	c4
2.78453015547778e-07	-0.341504533717558	0.037	0.047	0.00578235532086517	CD48	c4
2.8743577843048e-07	-0.77291184081963	0.007	0.012	0.00596889137488735	SLC25A39	c4
2.88300479490239e-07	-0.771424585184048	0.007	0.012	0.00598684775709431	TMEM147	c4
2.92370614805285e-07	-0.73652318416356	0.008	0.013	0.00607136818704655	CHD1	c4
2.9952952231878e-07	-0.868115162672078	0.005	0.01	0.00622003006047178	MZT1	c4
3.04329404827222e-07	-0.833037470488446	0.006	0.01	0.00631970442064208	CCM2	c4
3.20629302732501e-07	-0.751336914833252	0.007	0.012	0.00665818810054312	EMC6	c4
3.42248743648815e-07	-0.743349105679409	0.007	0.012	0.00710713741061129	IPCEF1	c4
3.58651359311817e-07	-0.665622767189409	0.009	0.015	0.0074477541274692	RNF145	c4
3.60403968296546e-07	-0.698580644181835	0.008	0.014	0.00748414880564608	GABPB1-AS1	c4
3.70412503117192e-07	-0.770845863590629	0.007	0.012	0.0076919860397316	POP5	c4
3.76747065354177e-07	-0.38345256937018	0.028	0.037	0.00782352955914484	TBCA	c4
3.80351949983507e-07	-0.867054747305785	0.005	0.01	0.00789838859335751	MFF	c4
3.93469403403608e-07	-0.250558858533695	0.498	0.507	0.00817078563107932	COX3	c4
4.00126012275253e-07	-0.745352393489664	0.007	0.012	0.0083090167709079	AZIN1	c4
4.10124200404336e-07	-0.715051653860736	0.008	0.013	0.00851663914559644	CCT8	c4
4.2249497436156e-07	-0.399364498947518	0.026	0.034	0.00877353063759216	ANKRD12	c4
4.23165489083206e-07	-0.788053484803642	0.006	0.011	0.00878745454630185	RBM34	c4
4.32223318492045e-07	-0.31777333373921	0.04	0.05	0.0089755494318058	MRPS21	c4
4.39382124647085e-07	-0.747731175698894	0.007	0.012	0.00912420920042138	WASF2	c4
4.41830945301038e-07	-0.819492183148203	0.006	0.01	0.00917506141012136	NDUFS2	c4
4.50133590802087e-07	-0.562719591074187	0.013	0.019	0.00934747414659615	USP15	c4
4.66921512123665e-07	0.173363855386376	0.119	0.105	0.00969609212076002	CCNI	c4
4.76525215599593e-07	-0.828809944542247	0.006	0.01	0.00989552262714115	AIMP1	c4
4.77530453061908e-07	-0.7669127719847	0.007	0.011	0.00991639738828358	ELAVL1	c4
4.81341631761776e-07	-0.525573854997022	0.014	0.021	0.00999554032516504	PCNP	c4
4.86272191488607e-07	-0.380424992032577	0.029	0.038	0.0100979283284524	ISCU	c4
4.98026860609544e-07	-0.785203246719728	0.006	0.011	0.0103420257874178	LSM3	c4
5.09340692107925e-07	-0.233727296285255	0.072	0.085	0.0105769688123132	CNBP	c4
5.43410408537677e-07	-0.754121218539328	0.007	0.011	0.0112844605436934	SF3A1	c4
6.18657361443567e-07	-0.442531438244827	0.022	0.029	0.0128470387677371	SPNS1	c4
6.2137166910938e-07	-0.738724482845104	0.007	0.012	0.0129034040807254	CARD8	c4
6.3853308360762e-07	-0.745837779280386	0.007	0.011	0.0132597780141958	P2RY10	c4
6.62020934112498e-07	-0.738092727793161	0.007	0.012	0.0137475267177801	AKIRIN1	c4
6.62680638974945e-07	-0.791777444503563	0.006	0.011	0.0137612261489537	PHF5A	c4
6.85195497227041e-07	-0.80459826552911	0.006	0.01	0.0142287696954167	MRPS36	c4
7.0448055551081e-07	-0.728115688564361	0.007	0.012	0.0146292432157375	TXN2	c4
7.15646687357301e-07	-0.603595956988599	0.011	0.016	0.0148611191096617	MRFAP1	c4
7.41541300630445e-07	-0.711719793162987	0.008	0.012	0.0153988466488918	CD4	c4
7.59644783701839e-07	-0.703582126914037	0.008	0.013	0.0157747835783524	LMBRD1	c4
7.67480038667065e-07	-0.819208885152027	0.006	0.01	0.0159374904829603	ASXL1	c4
8.24886010553513e-07	-0.353727376292246	0.032	0.04	0.0171295828951543	TRAF3IP3	c4
8.43818263633904e-07	-0.636862038867139	0.009	0.015	0.0175227300626216	NOP58	c4
8.62647856918173e-07	-0.6194913449118	0.01	0.015	0.0179137453967628	BTF3L4	c4
8.63552320028223e-07	-0.795483278825338	0.006	0.01	0.0179325274777061	ISCA1	c4
9.05833103168199e-07	-0.519341836182119	0.015	0.021	0.0188105302203908	CMTM7	c4
1.02310949829017e-06	0.38012615251761	0.028	0.021	0.0212458918414938	FAM65B	c4
1.06272004547766e-06	-0.840303808153757	0.027	0.035	0.0220684444643891	TNFRSF4	c4
1.07157476069326e-06	-0.700837794641035	0.008	0.012	0.0222523214805562	SRP19	c4
1.13447879057829e-06	-0.766508429201535	0.006	0.01	0.0235585865651488	CEBPZ	c4
1.14416878403624e-06	-0.797513814052708	0.006	0.01	0.0237598089692965	EAPP	c4
1.14840941407226e-06	-0.654541465432585	0.008	0.013	0.0238478698926245	HSD17B11	c4
1.15166544046345e-06	-0.763725500596425	0.006	0.011	0.023915484536664	WBSCR22	c4
1.19040557604869e-06	-0.81794740630713	0.005	0.01	0.0247199621922271	NUPL1	c4
1.21166715287121e-06	-0.772313259927565	0.006	0.01	0.0251614800965234	JAK3	c4
1.21663669444402e-06	-0.249535600113335	0.056	0.067	0.0252646775968245	HNRNPA0	c4
1.2614741840724e-06	-0.817142620801641	0.005	0.01	0.0261957729064475	DNMT1	c4
1.2670924645902e-06	-0.764701943977786	0.006	0.011	0.0263124421196802	EIF3J	c4
1.26818558041032e-06	-0.506445589899032	0.014	0.02	0.0263351417628006	PGLS	c4
1.32112043537771e-06	-0.743377728214734	0.007	0.011	0.0274343869610535	ABTB1	c4
1.32893333797674e-06	-0.781394148689431	0.006	0.01	0.0275966296964249	U2AF1L4	c4
1.38345047977922e-06	-0.612835045920369	0.009	0.015	0.0287287326630954	MTCH1	c4
1.44520520948919e-06	-0.612365989886172	0.01	0.015	0.0300111313802524	GRK6	c4
1.45558655472507e-06	0.283601920431749	0.047	0.038	0.0302267103954207	NDFIP1	c4
1.52014852870876e-06	-0.474869919080759	0.017	0.023	0.031567404347166	SELM	c4
1.64210371625504e-06	-0.749579336989006	0.006	0.011	0.0340999257717521	FLOT2	c4
1.71013976691713e-06	-0.702112598153237	0.008	0.013	0.0355127623998012	RTKN2	c4
1.72418292719002e-06	-0.770206468056973	0.006	0.01	0.0358043826660279	SSB	c4
1.83120077319127e-06	-0.460588391615964	0.017	0.024	0.0380267152560899	C14orf166	c4
1.93941976337569e-06	0.360736654008686	0.029	0.023	0.0402739908062597	RPS10	c4
2.06093061764377e-06	-0.711274963115252	0.007	0.011	0.0427972852059905	ODF2L	c4
2.15423853400464e-06	-0.765714768975532	0.006	0.01	0.0447349173971405	UPF2	c4
2.28066988216679e-06	-0.513163176981822	0.015	0.021	0.0473603907730756	METTL12	c4
2.44101003866379e-06	-0.767402497047532	0.006	0.01	0.0506900144628923	CWC15	c4
2.51224642987772e-06	-0.654632453862147	0.008	0.013	0.0521693093628407	PDCD5	c4
2.63365651572091e-06	-0.709445318926486	0.007	0.011	0.0546905112054604	RELB	c4
2.66389357149615e-06	-0.519096375519529	0.013	0.019	0.0553184139056891	OSTC	c4
2.68798603337535e-06	-0.672823418471438	0.008	0.012	0.0558187179690724	TXNL4A	c4
2.69168205010179e-06	-0.667773138958717	0.008	0.012	0.0558954694524137	MRPL34	c4
2.8752133148783e-06	-0.762599917011554	0.006	0.01	0.0597066796967629	AKR1A1	c4
3.24389761825475e-06	-0.275805983737198	0.046	0.055	0.0673627779406781	ARL6IP4	c4
3.25287902416635e-06	0.589671564586248	0.011	0.007	0.0675492858158385	CHMP7	c4
3.50475078178104e-06	-0.725992516671391	0.006	0.01	0.0727796547344651	NDUFA10	c4
4.06769515229357e-06	-0.676348124530251	0.007	0.012	0.0844697575325283	DNAJC19	c4
4.4681999924754e-06	-0.523884292979716	0.012	0.017	0.0927866410437442	RGS19	c4
4.74858838294482e-06	-0.519921312528745	0.012	0.018	0.0986091863602322	DCK	c4
4.75878425323417e-06	-0.603703863183975	0.009	0.013	0.0988209138026609	MED30	c4
4.87523507446157e-06	-0.343042939726113	0.028	0.035	0.101239131556269	PNISR	c4
5.02283397502359e-06	-0.55768679938024	0.011	0.016	0.10430417032534	NCF1	c4
5.43431525404199e-06	-0.577159385767256	0.01	0.015	0.112848990565436	TNIP1	c4
5.54349905888289e-06	-0.684024758240111	0.007	0.011	0.115116301456762	STARD3	c4
5.63716742945754e-06	-0.691546815915245	0.007	0.011	0.117061418840115	CCS	c4
6.18757863694267e-06	-0.698795763102816	0.006	0.01	0.128491257974751	ARFRP1	c4
6.42515195931605e-06	-0.831987340945275	0.006	0.01	0.133424705587157	BAG3	c4
6.4442326863326e-06	-0.706346126025518	0.006	0.011	0.133820935964383	NUCB2	c4
6.94283446538616e-06	-0.544437653388713	0.011	0.016	0.144174900508209	YPEL3	c4
7.45145385813147e-06	-0.719236413983822	0.006	0.01	0.154736890817958	TXNDC12	c4
7.62918175544445e-06	0.190434285587964	0.051	0.043	0.15842758833356	GPR183	c4
7.85491025159412e-06	-0.63881606803365	0.008	0.013	0.163115066284604	NINJ1	c4
8.02187735808855e-06	-0.645856524789776	0.008	0.012	0.166582305218067	DNAJC4	c4
8.19656733602683e-06	-0.685185113949832	0.007	0.011	0.170209917299933	DEDD2	c4
8.46946003385508e-06	-0.720412845615152	0.006	0.01	0.175876807063035	XRN2	c4
8.76994462360824e-06	-0.564226751612966	0.015	0.02	0.182116670053849	PPP1R2P9	c4
8.814646763575e-06	-0.376840780104431	0.022	0.029	0.183044954692398	ARID5B	c4
8.86330913675379e-06	-0.457663811168084	0.015	0.021	0.184055477533829	ATP1A1	c4
8.95053377577384e-06	-0.714016350593566	0.006	0.01	0.18586678438772	CFDP1	c4
9.23845707058242e-06	0.389068531343212	0.022	0.017	0.191845799527714	C1QBP	c4
9.7077030214091e-06	-0.576936976898959	0.009	0.014	0.201590160942581	SSH2	c4
1.04592022822758e-05	-0.664914348299216	0.007	0.011	0.21719579459374	PSIP1	c4
1.05190635506132e-05	-0.722551756371486	0.006	0.01	0.218438873692033	HMGA1	c4
1.07528214787833e-05	-0.676397096679848	0.007	0.011	0.223293090828413	GPCPD1	c4
1.10917863810188e-05	-0.602413084384001	0.008	0.013	0.230332035988237	CCT7	c4
1.13741837203384e-05	-0.609441465900137	0.008	0.012	0.236196299136548	C17orf89	c4
1.16182107564092e-05	-0.619057178989279	0.008	0.012	0.241263764567594	BAZ1A	c4
1.21375440061171e-05	-0.656386076917831	0.007	0.011	0.252048238831029	CNOT7	c4
1.22940871744749e-05	-0.645874165638146	0.007	0.011	0.255299014265146	PER1	c4
1.27040871191431e-05	-0.611100689821827	0.008	0.012	0.263813073116126	MRPL55	c4
1.30350455729695e-05	-0.740695682052864	0.006	0.01	0.270685756368285	ICA1	c4
1.3470810359554e-05	-0.660890787761224	0.007	0.011	0.279734847926499	RSF1	c4
1.38415390056147e-05	-0.502877410833086	0.012	0.017	0.287433398990596	PHF1	c4
1.42086855441902e-05	-0.607410930672765	0.008	0.012	0.295057564010654	ILF3	c4
1.5349177301003e-05	0.311777940964254	0.032	0.026	0.318741015832629	EIF3D	c4
1.55352954825943e-05	-0.586087825383958	0.008	0.012	0.322605945991554	GDI1	c4
1.57715241369229e-05	-0.150965906515627	0.148	0.162	0.32751147022734	CIRBP	c4
1.68800950759857e-05	0.490288496930027	0.014	0.01	0.350532054347919	THEM4	c4
1.79295760697099e-05	-0.645510720607659	0.007	0.011	0.372325576663595	KANSL1-AS1	c4
1.99027240977696e-05	-0.396041042355668	0.018	0.024	0.413299968614282	SYTL1	c4
2.06167248881269e-05	-0.675779500056929	0.007	0.011	0.428126909026844	LOC646513	c4
2.24638188170932e-05	-0.442501085846082	0.015	0.02	0.466483661555757	PRMT9	c4
2.2777402444378e-05	-0.662012643213922	0.006	0.01	0.472995539159953	LAGE3	c4
2.28684476463363e-05	-0.648248283176489	0.007	0.011	0.47488618382382	MRPS15	c4
2.32508588637684e-05	-0.517446211059473	0.01	0.015	0.482827335165015	LUC7L3	c4
2.51557983605651e-05	-0.596312068050133	0.007	0.011	0.522385308755494	NCF4	c4
2.52340527012546e-05	-0.526847918700114	0.01	0.015	0.524010338394253	MTFP1	c4
2.6816159896926e-05	-0.41599802522596	0.016	0.022	0.556864376419565	MPHOSPH8	c4
3.16519105955267e-05	0.255329415330877	0.041	0.034	0.657283575426707	SNHG5	c4
3.2343982604377e-05	-0.240283250054343	0.045	0.054	0.671655142762492	NDUFB11	c4
3.32584372641676e-05	-0.62182186939151	0.007	0.011	0.690644708227704	C15orf61	c4
3.54693817546424e-05	-0.442014450246991	0.014	0.019	0.736557181516904	GCC2	c4
3.54873174620298e-05	-0.636994318844849	0.006	0.01	0.736929634416512	MVP	c4
3.63240835762116e-05	-0.367612232732702	0.02	0.026	0.754305919543609	CD5	c4
3.675405826549e-05	-0.29167765530436	0.032	0.039	0.763234773941164	XBP1	c4
3.83345049287036e-05	-0.533727808805777	0.009	0.014	0.796054329349459	SRSF8	c4
4.08837160468372e-05	-0.533715875498849	0.009	0.014	0.848991247428621	ETHE1	c4
4.10603976353781e-05	-0.375471926976807	0.019	0.025	0.852660217296263	COX7A2L	c4
4.53853376084548e-05	-0.248747267098669	0.042	0.05	0.942471920777172	ABRACL	c4
4.59513130858438e-05	-0.651579759176897	0.006	0.01	0.954224967540633	GRPEL1	c4
4.96860628582559e-05	-0.646338903776722	0.006	0.01	1	SDR39U1	c4
5.12735680481494e-05	-0.641642903167945	0.006	0.01	1	HDDC2	c4
7.28426939326865e-05	-0.629355738784584	0.007	0.011	1	RGS16	c4
6.80986113812394e-05	-0.608209796752287	0.007	0.01	1	ALKBH5	c4
7.33423981382773e-05	-0.598882441044582	0.007	0.01	1	PPP1R11	c4
9.27611253801068e-05	-0.572640403212506	0.007	0.011	1	PHF3	c4
0.000106225662244814	-0.558789815625092	0.008	0.011	1	MRPL53	c4
0.000123355420658591	-0.547009096511815	0.008	0.012	1	MRPL14	c4
0.000105251347965564	-0.543196625320023	0.008	0.012	1	ABCD4	c4
0.000961313814271435	-0.540478148840358	0.007	0.01	1	ARL4D	c4
0.000159775972234971	-0.539140785588778	0.008	0.011	1	LIMS1	c4
0.000138192769461298	-0.537148594994899	0.008	0.012	1	YDJC	c4
0.000717956445896501	-0.531438953898864	0.007	0.01	1	GLA	c4
0.000639521844395815	-0.522542788451216	0.007	0.01	1	GIMAP2	c4
0.000370010740345786	-0.511491747687525	0.007	0.01	1	CDC26	c4
0.000189337245122637	-0.511313423639872	0.008	0.012	1	SBDSP1	c4
8.71188906518927e-05	0.506162576278432	0.011	0.008	1	CCNG1	c4
7.51051082376117e-05	-0.50608780756269	0.01	0.014	1	POLE4	c4
0.000842570146515801	-0.504906292835567	0.007	0.01	1	OSER1	c4
0.00196210082723624	-0.504755638080652	0.012	0.016	1	BCL2A1	c4
0.000453663064887933	-0.495858114191607	0.008	0.011	1	LOC283788	c4
4.86517141961873e-05	-0.491311549062541	0.011	0.015	1	EIF2S2	c4
0.372352098750572	-0.484446239149438	0.049	0.05	1	AREG	c4
0.000304380756341325	-0.479389468252561	0.009	0.013	1	PDE3B	c4
0.000310482052836314	0.478921424274436	0.01	0.007	1	RASA3	c4
0.000629564276885716	-0.477254539525964	0.008	0.011	1	FGD3	c4
0.000235691931538029	-0.476857376401394	0.009	0.013	1	MTIF3	c4
0.000841581373311974	-0.469822739236496	0.008	0.011	1	PCIF1	c4
0.000129391656692291	-0.468654772259324	0.01	0.015	1	C1orf43	c4
0.0100005100160236	-0.466505441750373	0.054	0.06	1	HIST1H4C	c4
0.000287000669578749	-0.462777942864726	0.01	0.013	1	SP110	c4
0.000145760850190995	-0.462397652455471	0.011	0.015	1	CCDC59	c4
0.00148734759838735	-0.453127196456283	0.008	0.011	1	ITGB2-AS1	c4
0.000248792845128245	-0.451423668491356	0.011	0.014	1	CNIH1	c4
0.00167400296049624	-0.442627880881177	0.008	0.011	1	PTRHD1	c4
0.0010426395511971	-0.441913289482842	0.009	0.012	1	KDM6B	c4
0.00012004881872032	-0.438082076216402	0.012	0.016	1	TNRC6B	c4
0.00113718448347486	-0.437517678331827	0.009	0.012	1	CBWD5	c4
9.48097065536593e-05	-0.437380720113834	0.013	0.017	1	EIF3I	c4
0.00232869934466206	-0.434943734668001	0.008	0.01	1	RNMT	c4
0.00120524240005398	-0.434943734668	0.008	0.011	1	ZSCAN16-AS1	c4
0.000882669667966195	-0.43181763368128	0.01	0.013	1	TLE4	c4
0.000532875167021404	-0.429948824747608	0.009	0.012	1	NDNL2	c4
0.00124589242033295	-0.415643178709065	0.01	0.013	1	FAM162A	c4
0.00492256010062848	-0.415491372001828	0.007	0.01	1	FLI1	c4
0.0001973220489867	0.41172411141443	0.014	0.01	1	ABLIM1	c4
0.00174377441727288	0.411581784670282	0.01	0.008	1	RCAN3	c4
5.40129282297234e-05	-0.411165349068192	0.015	0.02	1	MAX	c4
0.00367030409615492	-0.409425371302474	0.008	0.011	1	PLK3	c4
0.000136738614363146	0.408579695307641	0.015	0.012	1	APEX1	c4
0.000133023147332889	-0.405819182149533	0.014	0.019	1	ATM	c4
0.00135214998399847	-0.398680190681229	0.01	0.014	1	NMRK1	c4
0.000362877971584699	-0.391598945123273	0.013	0.018	1	LOH12CR1	c4
0.000949223278773998	-0.389531072307815	0.01	0.013	1	SUSD3	c4
0.00280366261137864	-0.385418446976693	0.009	0.012	1	CCT3	c4
0.0029531165686615	-0.383718411312827	0.01	0.012	1	FAM102A	c4
0.000517316669232739	-0.383076562355184	0.013	0.017	1	BIRC2	c4
0.0071746549339097	-0.372511928555522	0.008	0.011	1	CD28	c4
0.000287668108831812	0.369954141594082	0.016	0.013	1	SNHG16	c4
0.00753221349270671	-0.368092396611209	0.008	0.011	1	STK38	c4
0.000805405405679715	0.367168195401548	0.015	0.012	1	LY9	c4
0.00323297223852897	-0.366854744825831	0.01	0.013	1	TOPORS-AS1	c4
0.00676327665812622	0.366372270908264	0.011	0.008	1	NACAP1	c4
0.000468156888405195	-0.362767787302588	0.015	0.019	1	RWDD1	c4
0.000388293167054333	0.362696032556392	0.016	0.013	1	TNFRSF25	c4
4.88226605936335e-05	-0.36136029795487	0.019	0.025	1	PRMT2	c4
0.00566833599941359	-0.360003314545415	0.009	0.012	1	DDTL	c4
0.00326188160749982	-0.358607027010561	0.012	0.015	1	RILPL2	c4
0.0030977903173567	-0.356387085905205	0.011	0.015	1	DHPS	c4
0.00737043908057726	-0.354630914001326	0.009	0.012	1	MBOAT7	c4
0.000225570909478177	0.352955809463071	0.02	0.015	1	DGKA	c4
0.00268144956102064	-0.347440385912755	0.012	0.015	1	TOMM22	c4
0.00640992476999452	-0.344139195556145	0.01	0.013	1	ARL4A	c4
0.0164289982963111	-0.344100309002175	0.008	0.01	1	SFXN1	c4
9.82299712907079e-05	-0.339198832499708	0.021	0.027	1	IKZF1	c4
0.0104994571980782	0.336044067352644	0.01	0.008	1	OXA1L	c4
0.0101335818309198	0.329199120568306	0.011	0.009	1	C6orf48	c4
0.0300075044328499	-0.326990993820119	0.008	0.01	1	MIF-AS1	c4
8.25135320248039e-05	-0.326899514097373	0.022	0.027	1	SYF2	c4
0.00151639607649664	-0.323195377015545	0.015	0.019	1	VDAC2	c4
0.00583922768208552	-0.321119058536426	0.012	0.015	1	ERGIC3	c4
0.0021010151642228	-0.320278039903668	0.015	0.019	1	HAX1	c4
0.000747979873194696	0.320243361524349	0.019	0.015	1	ADD3	c4
0.000118325783828124	-0.31668085304818	0.024	0.03	1	SNRPF	c4
0.00124669579592503	0.3145000933278	0.017	0.014	1	EPB41L4A-AS1	c4
0.000763466596973854	0.313953918226193	0.033	0.028	1	CD83	c4
0.000207580185826604	-0.313081967076785	0.022	0.028	1	STAT1	c4
0.00485144281950175	-0.31226810483398	0.013	0.016	1	PCED1B	c4
0.000123081131627555	-0.310217254635027	0.024	0.03	1	CMTM6	c4
0.0251723756310859	-0.309753472356917	0.008	0.01	1	TMEM106B	c4
0.0182179835133281	-0.307068912115843	0.009	0.012	1	KIF2A	c4
0.000122837789674255	-0.302554670388538	0.026	0.032	1	UFC1	c4
0.022106591656263	-0.301265299436031	0.008	0.01	1	PQBP1	c4
0.00103255748805543	-0.295663730465505	0.02	0.024	1	UPP1	c4
0.00426915743883509	-0.292924729795572	0.017	0.02	1	GATA3	c4
0.0333129325950597	-0.292862929583912	0.008	0.01	1	S1PR4	c4
0.00385563058387015	-0.274033641110758	0.018	0.022	1	LINC00493	c4
6.92301482099038e-05	-0.273043692872334	0.035	0.042	1	CCDC85B	c4
0.0361126274892767	-0.26597580261216	0.011	0.013	1	MARCKSL1	c4
0.0312215143704942	-0.265311458202017	0.01	0.012	1	RNF126	c4
0.0559948457332748	-0.265018733225688	0.008	0.01	1	TIMM13	c4
0.000860710649618553	0.25764920226873	0.029	0.024	1	MGAT4A	c4
6.6652459269932e-05	-0.2555381174401	0.038	0.046	1	SEPT9	c4
0.00255991502049321	-0.254065151825562	0.023	0.028	1	TTC39C	c4
0.0663269279198816	-0.251025461146188	0.008	0.01	1	RNF138	c4
0.0775711153816574	-0.247421773178604	0.008	0.01	1	PCGF5	c4
0.00598569896711355	-0.246453058872364	0.027	0.031	1	CD40LG	c4
0.0153071361486536	-0.245655792882095	0.016	0.019	1	SAMHD1	c4
0.00161903303155725	-0.24276592637856	0.045	0.051	1	ZNF331	c4
0.00185470374263553	-0.241466700621072	0.026	0.031	1	SNHG1	c4
0.0525249404715038	-0.241254209390558	0.01	0.012	1	HADHA	c4
0.00236695784854109	0.235962908139395	0.028	0.024	1	CAMK4	c4
0.000184632514833671	-0.233725336435962	0.04	0.047	1	CORO1B	c4
0.049976482640248	-0.233379032676757	0.011	0.013	1	LOC100131564	c4
0.00106902644791163	0.231668481695667	0.034	0.029	1	PHB2	c4
0.0183975244058294	-0.231466859232131	0.016	0.019	1	SVIP	c4
0.011774998159854	-0.228959069853165	0.019	0.022	1	FAM107B	c4
0.00660736821367086	-0.228696750080238	0.023	0.027	1	LOC642441	c4
0.0366227250852602	-0.227011248003082	0.013	0.016	1	KCNA3	c4
0.0730496321315829	-0.21950407397332	0.01	0.012	1	CAMLG	c4
0.00725733158257252	0.217377176053772	0.029	0.025	1	RPL19P12	c4
0.0135489443559323	-0.215335288085524	0.022	0.026	1	CMPK1	c4
0.00991876978768463	0.212415303191023	0.024	0.021	1	FOXP1	c4
0.0195824724629337	-0.20613728861229	0.019	0.023	1	PPP1CC	c4
0.000141113188068735	0.204378865839462	0.024	0.019	1	SOD2	c4
0.0131731835024	-0.203884188938592	0.024	0.027	1	ATP5H	c4
0.0842815804282908	-0.19913079756923	0.011	0.013	1	SESN1	c4
0.0871219211474007	-0.197738318686065	0.011	0.013	1	WHSC1L1	c4
0.0481176979827613	0.194272879099608	0.019	0.016	1	ABHD14B	c4
0.151159058901683	-0.192894353963542	0.009	0.01	1	NDUFB5	c4
0.0115724664161325	-0.192589581673881	0.028	0.032	1	MZT2B	c4
0.0663231754831703	-0.191357091062429	0.015	0.017	1	CYTH1	c4
0.0137083646190014	-0.189515776431619	0.027	0.031	1	MZT2A	c4
0.000410431129515387	0.18691216087809	0.044	0.038	1	PIM2	c4
0.00171014147760726	0.185569353860705	0.048	0.042	1	PIK3IP1	c4
0.0113542173352504	-0.185047798293331	0.03	0.034	1	CSDE1	c4
0.182588283792749	0.181269700037595	0.01	0.009	1	VPS51	c4
0.0347020869294901	-0.181212069552243	0.023	0.026	1	PDE4B	c4
0.0353690327821874	0.181076490576896	0.024	0.021	1	TRAT1	c4
0.398777242244206	-0.180551389075464	0.71	0.667	1	ND3	c4
0.00148002848075342	-0.180215331211862	0.057	0.064	1	CNN2	c4
0.126284609115678	0.170777326219953	0.013	0.011	1	BCL2	c4
0.0096407604121989	-0.170587574237961	0.034	0.039	1	NDUFB9	c4
0.181520650903111	-0.167463423803015	0.01	0.011	1	TTC3	c4
0.0318651080392156	-0.164355934402572	0.028	0.032	1	PRDX2	c4
0.223567321014297	-0.164036485062917	0.009	0.01	1	TNFSF8	c4
0.0147822369732013	-0.163537850855608	0.035	0.04	1	PEBP1	c4
0.566463857758703	-0.161792926426606	0.507	0.488	1	ND4L	c4
0.0870688656502914	-0.156973965436673	0.019	0.021	1	NHP2	c4
0.334100517889321	-0.156947426742396	0.493	0.47	1	CYTB	c4
0.0332256516490208	-0.156536477361137	0.027	0.031	1	POLR1D	c4
0.142812809372402	-0.156110618987467	0.015	0.017	1	TRAPPC6A	c4
0.0348031016689828	-0.15548565833877	0.031	0.035	1	UQCRHL	c4
0.0179694885780943	0.154701389336168	0.038	0.034	1	RSL24D1	c4
0.126698352126269	0.15423101734007	0.015	0.013	1	C1orf162	c4
0.00609715115729696	-0.151898583507821	0.042	0.047	1	CHMP1B	c4
0.00517433613663219	-0.14914580126991	0.407	0.406	1	IFITM1	c4
0.000424518357201889	0.144875462777196	0.086	0.078	1	APRT	c4
0.321100508746557	-0.140741310740527	0.009	0.01	1	LOC101929065	c4
0.248950742960399	-0.138879401450852	0.011	0.013	1	LOC100996740	c4
0.24446017372264	-0.138009230505462	0.014	0.015	1	LOC101929910	c4
0.151191533097554	-0.135383452809092	0.018	0.02	1	RCSD1	c4
0.240630953640939	0.132438688419035	0.019	0.018	1	RAPGEF6	c4
0.000646306346949524	0.130381863031704	0.095	0.087	1	GPSM3	c4
0.0193624659938046	-0.130191519126843	0.061	0.066	1	GPX4	c4
0.274245631356621	-0.127370932757708	0.009	0.01	1	EPB41	c4
0.257400121614471	-0.127209521363392	0.013	0.014	1	CYLD	c4
0.0235143237026321	-0.126600439222379	0.056	0.061	1	UQCRH	c4
0.195247924991542	0.125072408922925	0.027	0.025	1	SNORA78	c4
0.168354970058777	-0.124737053469004	0.021	0.022	1	TNFRSF14	c4
0.255675551683452	0.124483673946018	0.014	0.013	1	CLNS1A	c4
0.0131848744706384	-0.120250960814327	0.076	0.082	1	RBM3	c4
0.333936866673641	0.118532771623301	0.014	0.013	1	NELL2	c4
0.216475595504881	-0.116501154969261	0.018	0.02	1	TPR	c4
0.485860759951506	-0.113485394505868	0.018	0.017	1	CH25H	c4
0.00224966763720763	0.112402125955753	0.106	0.098	1	GSTK1	c4
0.232767673586913	-0.111748079259012	0.023	0.024	1	SNHG7	c4
0.366735523159737	-0.110217006427965	0.01	0.01	1	DAP3	c4
0.0624760009779234	-0.106902409014366	0.119	0.124	1	GADD45B	c4
0.0278988294509981	-0.105762789402907	0.064	0.07	1	GYPC	c4
0.208828846017568	-0.104083588936256	0.022	0.024	1	ATP5A1	c4
0.00216702735734987	0.103378040934367	0.074	0.067	1	LINC00861	c4
