p_val	avg_log2FC	pct.1	pct.2	p_val_adj	gene	seurat_clusters
0	8.39239740411588	0.021	0	0	CD207	c19
0	8.18931375798185	0.036	0	0	CLEC9A	c19
0	7.76693428336184	0.02	0	0	CD1A	c19
0	7.22092808799783	0.042	0.001	0	CCL17	c19
0	7.15431985724882	0.06	0	0	PKIB	c19
0	7.14812004091389	0.102	0.001	0	CD1E	c19
0	7.03472448468895	0.075	0.001	0	WFDC21P	c19
0	6.95286913971468	0.198	0.002	0	FCER1A	c19
0	6.72226752013205	0.063	0.001	0	C1orf54	c19
0	6.72141962410947	0.012	0	0	SERPINF2	c19
0	6.66625103315684	0.021	0	0	OLFML3	c19
0	6.41513202032179	0.049	0.001	0	IDO1	c19
0	6.37561699583345	0.034	0	0	DNASE1L3	c19
0	6.26533075220382	0.168	0.003	0	CD1C	c19
0	5.95607448246925	0.218	0.004	0	CLEC10A	c19
0	5.92256617061788	0.022	0.001	0	CCL22	c19
0	5.76246634841614	0.018	0	0	NDRG2	c19
0	5.73258770539597	0.263	0.005	0	GSN	c19
0	5.59989808700775	0.023	0	0	TACSTD2	c19
0	5.56524559292697	0.029	0.001	0	LAMP3	c19
0	5.51420069477406	0.059	0.002	0	S100B	c19
0	5.50951957659066	0.019	0.001	0	FCGBP	c19
0	5.44725107699728	0.054	0.001	0	CSF2RA	c19
0	5.43582441547489	0.018	0	0	CLDN1	c19
0	5.39436362076907	0.082	0.002	0	SERPINF1	c19
0	5.39032094333052	0.043	0.001	0	PPP1R14A	c19
0	5.3218767968176	0.08	0.002	0	IL18	c19
0	5.23903789841442	0.113	0.003	0	FCGR2B	c19
0	5.21590704144856	0.116	0.003	0	C3	c19
0	5.16560346904783	0.029	0.001	0	TM6SF1	c19
0	5.14003313151731	0.09	0.003	0	TREM2	c19
0	5.01867410882665	0.02	0.001	0	UBD	c19
0	4.98966508749352	0.09	0.003	0	HLA-DQB2	c19
0	4.97919656331665	0.019	0.001	0	SDPR	c19
0	4.95300513101028	0.031	0.001	0	NET1	c19
0	4.93285657254576	0.173	0.006	0	ALDH2	c19
0	4.84239582193389	0.026	0.001	0	WDFY4	c19
0	4.78314066576921	0.816	0.066	0	HLA-DQB1	c19
0	4.76217362343981	0.021	0.001	0	BHLHE41	c19
0	4.6685644001321	0.238	0.013	0	CPVL	c19
0	4.66625103315684	0.022	0.001	0	ANKRD22	c19
0	4.62117317753737	0.81	0.07	0	HLA-DRB4	c19
0	4.56006759461041	0.091	0.004	0	PLD4	c19
0	4.54600997099786	0.296	0.017	0	NAPSB	c19
0	4.51528241009385	0.025	0.001	0	SLAMF8	c19
0	4.45313512801282	0.666	0.057	0	LOC100996809	c19
0	4.44261472236979	0.044	0.002	0	CXCL9	c19
0	4.43972512399287	0.025	0.001	0	FILIP1L	c19
0	4.40784459490155	0.156	0.008	0	RNASE6	c19
0	4.38874793756117	0.056	0.003	0	VSIG4	c19
0	4.35286903992924	0.03	0.001	0	CLEC5A	c19
0	4.34648278614585	0.269	0.018	0	C1QC	c19
0	4.32528914821951	0.165	0.008	0	LOC100509457	c19
0	4.27136177289836	0.22	0.012	0	HLA-DRB3	c19
0	4.26907108727806	0.083	0.005	0	IL1R2	c19
0	4.26152308173744	0.083	0.004	0	GPR34	c19
0	4.24494175366671	0.056	0.003	0	TNFSF13	c19
0	4.23119464445516	0.18	0.01	0	CXCL16	c19
0	4.19243766822006	0.275	0.018	0	C1QB	c19
0	4.12565367765062	0.155	0.01	0	C15orf48	c19
0	4.08205842147732	0.028	0.002	0	HLA-DPB2	c19
0	4.03669610502541	0.032	0.002	0	GGTA1P	c19
0	4.02426073968444	0.791	0.126	0	CST3	c19
0	4.01163921144048	0.047	0.003	0	PAK1	c19
0	4.00292591683634	0.2	0.013	0	HLA-DMB	c19
0	4.0009675995572	0.609	0.043	0	HLA-DMA	c19
0	3.97500940187384	0.064	0.004	0	PEA15	c19
0	3.92431219849628	0.071	0.005	0	A2M	c19
0	3.91656164056271	0.034	0.002	0	C12orf45	c19
0	3.90237571199135	0.29	0.021	0	C1QA	c19
0	3.81136452834889	0.113	0.008	0	FCGR2A	c19
0	3.80012992780755	0.093	0.007	0	PLXDC2	c19
0	3.7942676454706	0.241	0.018	0	CTSH	c19
0	3.77554130976797	0.445	0.04	0	MS4A6A	c19
0	3.73342354917873	0.111	0.008	0	IGSF6	c19
0	3.70558939500775	0.157	0.015	0	PPA1	c19
0	3.68964408107793	0.211	0.017	0	PPT1	c19
0	3.65840982658367	0.038	0.003	0	MSR1	c19
0	3.63780175093155	0.194	0.017	0	LGALS2	c19
0	3.63739199872979	0.082	0.007	0	SPINT2	c19
0	3.63054837278087	0.99	0.376	0	CD74	c19
0	3.58983193711111	0.148	0.014	0	HLA-DRB5	c19
0	3.58922727002226	0.042	0.004	0	RASSF4	c19
0	3.56254724465342	0.036	0.003	0	SLC1A3	c19
0	3.5263038161851	0.128	0.012	0	CD9	c19
0	3.50983598186447	0.046	0.004	0	CD86	c19
0	3.39867924664849	0.3	0.036	0	SGK1	c19
0	3.36157933748033	0.077	0.005	0	APOE	c19
0	3.31513699946432	0.037	0.003	0	SPP1	c19
0	3.239911040876	0.477	0.056	0	HLA-DRB1	c19
0	3.22358840853277	0.261	0.029	0	C1orf162	c19
0	3.21844024031401	0.436	0.06	0	NPC2	c19
0	3.20933030470809	0.083	0.009	0	LAP3	c19
0	3.16371281286271	0.317	0.037	0	GRN	c19
0	3.10950161480978	0.089	0.01	0	RAB31	c19
0	3.10384937814485	0.738	0.129	0	GPX1	c19
0	3.10288612946767	0.164	0.02	0	IFNGR1	c19
0	2.96430951321663	0.082	0.011	0	PLSCR1	c19
0	2.95351240250676	0.098	0.006	0	APOC1	c19
0	2.92290676894661	0.064	0.009	0	FAM26F	c19
0	2.90928322055232	0.103	0.015	0	TMEM176B	c19
0	2.86194197097573	0.069	0.009	0	MFSD1	c19
0	2.83720486839184	0.217	0.054	0	AREG	c19
0	2.73816579956492	0.092	0.014	0	CSF1R	c19
0	2.68619471458163	0.081	0.013	0	HLA-DRB6	c19
0	2.60852872140898	0.067	0.01	0	MRC1	c19
0	-2.60670419341567	0.089	0.395	0	CCL5	c19
0	2.60142598317144	0.144	0.023	0	FCGRT	c19
0	2.56276029987479	0.142	0.023	0	IL1B	c19
0	2.56176943808092	0.14	0.024	0	SAMHD1	c19
0	2.4779570988386	0.349	0.065	0	TUBA1B	c19
0	2.47128458109385	0.19	0.036	0	IER3	c19
0	2.4610707065428	0.201	0.038	0	CAPG	c19
0	2.40348013059352	0.135	0.025	0	SPI1	c19
0	2.35720452734449	0.504	0.107	0	IFI30	c19
0	2.34048859481674	0.153	0.029	0	MNDA	c19
0	2.3369455338897	0.201	0.046	0	GPR183	c19
0	2.33098199428655	0.215	0.047	0	CD83	c19
0	2.30825188126304	0.213	0.044	0	RGS10	c19
0	-2.30795168681407	0.07	0.323	0	IL32	c19
0	2.29623641259324	0.243	0.046	0	CTSB	c19
0	2.2786253057028	0.136	0.024	0	CXCL8	c19
0	2.26689047022917	0.131	0.031	0	CD14	c19
0	2.26539149597936	0.182	0.04	0	SYNGR2	c19
0	2.24801765081307	0.204	0.043	0	CD68	c19
0	2.24555913985353	0.315	0.069	0	HERPUD1	c19
0	2.11476172356465	0.133	0.029	0	FGL2	c19
0	2.09949225780659	0.656	0.152	0	TYROBP	c19
0	2.09881729263206	0.484	0.098	0	FCER1G	c19
0	2.0786917553854	0.427	0.086	0	AIF1	c19
0	2.06723785434986	0.596	0.111	0	LYZ	c19
0	2.03358559703848	0.351	0.094	0	GSTP1	c19
0	1.99401244126348	0.157	0.036	0	MS4A7	c19
0	1.83680622548013	0.202	0.059	0	ANXA2	c19
0	1.83323221344395	0.442	0.182	0	ITM2B	c19
0	1.73184220493918	0.519	0.154	0	GABARAP	c19
0	1.67747110568869	0.349	0.109	0	PSAP	c19
0	1.61047273822924	0.612	0.323	0	VIM	c19
0	1.57705234584454	0.469	0.179	0	S100A11	c19
0	1.50958406670369	0.419	0.172	0	RGS1	c19
0	1.43360842760804	0.531	0.196	0	SAT1	c19
0	1.36449568006804	0.334	0.13	0	ARPC3	c19
0	1.32124321208732	0.303	0.122	0	ARPC1B	c19
0	1.27989012161076	0.729	0.443	0	FTL	c19
0	1.22842094813281	0.885	0.485	0	FTH1	c19
0	-1.20154191838255	0.725	0.876	0	RPS27	c19
0	-1.03273578754037	0.397	0.673	0	HLA-C	c19
0	-1.01590402602396	0.535	0.709	0	RPS3	c19
0	0.925173368304542	0.933	0.762	0	ACTB	c19
0	0.895975509978967	0.89	0.692	0	TMSB10	c19
0	-0.766597740766714	0.684	0.798	0	RPS15A	c19
1.31589022905408e-307	-1.25549326073154	0.275	0.527	2.7325776496537e-303	RPS29	c19
3.02880800800172e-304	2.4671359002716	0.083	0.015	6.28962270941638e-300	MEF2C	c19
6.9614223140662e-304	3.40556056779134	0.039	0.004	1.44560895773899e-299	C3AR1	c19
1.43560013396768e-302	-2.07178748792615	0.084	0.334	2.98116723819729e-298	IFITM1	c19
1.01454449554535e-297	1.61968278418803	0.221	0.078	2.10680309944947e-293	RGS2	c19
7.03694963124596e-297	1.76775974035971	0.196	0.065	1.46129296042454e-292	LITAF	c19
2.8136785089061e-295	1.93234926180444	0.116	0.027	5.84288479159441e-291	PLAUR	c19
3.53154013776847e-294	1.60865517036078	0.195	0.064	7.33359625009001e-290	SLC25A5	c19
2.26162746898801e-293	2.91239742457416	0.055	0.007	4.6964956021005e-289	LY86	c19
4.40284370699137e-292	3.18076601989528	0.053	0.007	9.14294524193828e-288	CPNE3	c19
4.60782857558798e-292	1.45833195340355	0.399	0.209	9.56861682006599e-288	S100A10	c19
2.56708622585265e-285	1.47651691157947	0.197	0.066	5.33081125660562e-281	SERPINA1	c19
1.83177317680247e-284	3.99921282074066	0.026	0.002	3.80386017894801e-280	HLA-DOA	c19
8.89148442756209e-279	3.55114227316219	0.034	0.003	1.84640565622754e-274	CLEC4A	c19
3.79460031382902e-278	-2.00228622280572	0.103	0.343	7.87986701169735e-274	CD69	c19
3.54766846154602e-276	-2.7099721337284	0.041	0.262	7.36708832724647e-272	CD3E	c19
1.99597863586833e-275	-0.462248558721296	0.948	0.94	4.14484923524416e-271	RPL41	c19
5.40517066391093e-275	5.85266415738772	0.011	0	1.12243774006774e-270	CLIC2	c19
1.35383953615525e-270	1.77062170412376	0.152	0.046	2.81138318077999e-266	GLUL	c19
1.20258069169698e-269	1.79809319769476	0.143	0.041	2.49727906437794e-265	ANXA5	c19
1.70577180668077e-267	-0.856718338682086	0.558	0.699	3.54220573375328e-263	RPS27A	c19
6.13743252615615e-263	2.03003468887296	0.109	0.027	1.27449923838159e-258	GDI2	c19
1.10161637846701e-262	4.60557129542295	0.017	0.001	2.2876165715246e-258	ZNF812	c19
4.29523007592296e-260	2.77549629686526	0.069	0.012	8.91947477566162e-256	IRF8	c19
2.68155997145007e-259	0.572160047337049	0.817	0.638	5.56852743671322e-255	RPS24	c19
4.90408325207781e-259	-0.696480631217715	0.746	0.816	1.01838192812648e-254	RPL13	c19
7.5834190173481e-258	2.36634353887597	0.069	0.012	1.57477279314251e-253	SEPP1	c19
5.3480521817561e-257	-2.95252826364233	0.051	0.263	1.11057651606347e-252	NKG7	c19
1.12351953323362e-255	-1.70957826683335	0.106	0.337	2.33310066271294e-251	BTG1	c19
3.10181531093235e-255	-0.507065720982084	0.924	0.924	6.44122967468212e-251	B2M	c19
2.62296685769748e-254	2.90415447257746	0.05	0.007	5.44685297669458e-250	MS4A4A	c19
6.15540668346812e-253	0.741708356107322	0.582	0.358	1.27823175188899e-248	GAPDH	c19
4.28885819235059e-252	3.3081040107272	0.033	0.003	8.90624292223524e-248	P2RY13	c19
6.17561730997892e-251	-0.714672031712697	0.712	0.788	1.28242869059022e-246	RPL30	c19
9.23427888565076e-250	3.1139524118393	0.045	0.006	1.91759035339424e-245	SLC40A1	c19
6.77538977949184e-244	1.68951855533042	0.16	0.052	1.40697744160928e-239	DBI	c19
1.66329535793209e-243	2.98548327158117	0.043	0.005	3.45399914028178e-239	MEF2A	c19
6.14365190535726e-242	3.48017336420432	0.03	0.003	1.27579075466649e-237	LTC4S	c19
7.91217972324478e-242	3.00195639717233	0.048	0.007	1.64304324132901e-237	TMEM176A	c19
3.25398036247564e-241	3.60422712776688	0.028	0.002	6.75721562071692e-237	FCGR1A	c19
9.01049139309986e-239	2.47639864376574	0.089	0.02	1.87111864269112e-234	SNX3	c19
1.05762806641943e-238	-0.722695330851026	0.792	0.828	2.19627044272659e-234	RPS12	c19
1.61947796310581e-238	1.19770520175201	0.333	0.163	3.36300793818553e-234	LGALS1	c19
2.14107121780945e-237	2.51853847423043	0.062	0.011	4.44614849090311e-233	TMEM14C	c19
5.53555830483667e-231	3.22705967216922	0.034	0.004	1.14951403758238e-226	LILRB4	c19
2.32222236048872e-230	4.25227161609696	0.018	0.001	4.82232695379087e-226	KIAA1598	c19
1.6331069971928e-229	4.47791936405691	0.021	0.001	3.39130999037056e-225	FSCN1	c19
1.37141379862834e-228	2.37215458419781	0.068	0.013	2.84787789423161e-224	RNF130	c19
5.86702215362277e-227	-0.916986449208592	0.384	0.591	1.2183458204213e-222	HLA-A	c19
6.14567185746766e-217	-2.59215862648206	0.044	0.231	1.27621021792173e-212	IL7R	c19
1.47307793214518e-215	2.21996564320111	0.073	0.016	3.05899363389269e-211	CXCL2	c19
2.07606280451446e-215	-1.66387108544249	0.167	0.373	4.31115201985473e-211	DUSP1	c19
1.27841388427333e-211	-0.934470959114771	0.356	0.549	2.65475427208199e-207	RPS25	c19
8.50065207315799e-211	-1.25666331752376	0.277	0.47	1.76524540951199e-206	RPS26	c19
2.26117264276557e-209	-0.697613127285415	0.843	0.891	4.69555110996699e-205	MALAT1	c19
3.52298655859028e-209	3.6386166027131	0.025	0.002	7.31583388756857e-205	VMO1	c19
8.0192722110586e-208	3.67035543148957	0.023	0.002	1.66528206734843e-203	FPR3	c19
1.49431471175727e-202	1.41213870956045	0.176	0.066	3.10309393043516e-198	GNG5	c19
1.57258689933794e-202	3.87205314249591	0.02	0.001	3.26563395516517e-198	ALCAM	c19
9.36431869820036e-199	-1.55859442467446	0.104	0.298	1.94459442086829e-194	EEF1D	c19
1.13679276558967e-197	2.05662056126845	0.079	0.019	2.36066385702352e-193	CLEC7A	c19
2.86067279654988e-195	-0.755372266196735	0.474	0.638	5.94047312931548e-191	RPS21	c19
1.2946134394737e-193	3.84229744182946	0.023	0.002	2.68839426841108e-189	EBI3	c19
4.22194493107051e-193	2.06548711726775	0.067	0.014	8.76729084386103e-189	HMOX1	c19
2.39285303727124e-191	-0.472343352106563	0.83	0.861	4.96899861719745e-187	RPL28	c19
2.22699553274122e-190	2.01900736401764	0.1	0.028	4.62457892329042e-186	SERPINB1	c19
6.47534519260233e-187	4.99562211122976	0.01	0	1.3446701826958e-182	ADORA3	c19
1.53279094805107e-186	-1.56239797248289	0.096	0.283	3.18299368272285e-182	CD52	c19
1.23206546902235e-185	2.59175976273874	0.046	0.008	2.55850715297181e-181	ETS2	c19
2.00396022184889e-182	1.93625078766069	0.087	0.023	4.16142379669141e-178	AMICA1	c19
6.59938246944985e-182	1.31994040295639	0.187	0.077	1.37042776360596e-177	GPX4	c19
5.59812057279934e-180	-2.72567283146395	0.031	0.189	1.16250571814751e-175	CD7	c19
1.6083359543797e-174	1.5898136732655	0.142	0.052	3.33987044286489e-170	CDKN1A	c19
1.23064169466065e-172	0.773196894817856	0.419	0.247	2.5555505431323e-168	PPIA	c19
5.02351647591796e-172	3.30332556639729	0.024	0.002	1.04318343138912e-167	AGPAT9	c19
3.93887681946487e-171	1.29759122858549	0.239	0.115	8.17947160330075e-167	ALOX5AP	c19
1.61936654447006e-167	-1.71756816020454	0.07	0.236	3.36277656624652e-163	PTPRCAP	c19
9.86816082671132e-167	2.54142634075081	0.043	0.007	2.04922227727487e-162	PDK4	c19
1.03144265923888e-165	-2.361477236891	0.038	0.189	2.14189382617545e-161	CD3D	c19
3.26104423662337e-165	-2.88440831351364	0.03	0.178	6.77188446177209e-161	GZMA	c19
6.04201761101609e-165	-1.27291514369034	0.264	0.437	1.2546853771036e-160	JUN	c19
1.05812635958808e-161	2.69172265876302	0.116	0.04	2.1973051983206e-157	TXN	c19
1.44728637687653e-161	1.42621582450298	0.141	0.053	3.00543489022179e-157	VAMP8	c19
2.83998937327851e-160	-0.74373252946663	0.431	0.588	5.89752193255016e-156	RPL36	c19
1.42738907259452e-159	1.60047829905942	0.117	0.04	2.96411614814979e-155	BCL2A1	c19
3.3604257747597e-159	-1.48604852179521	0.104	0.273	6.97826016386599e-155	ZFP36L2	c19
8.10335566523025e-158	1.09851476640081	0.253	0.127	1.68274283744171e-153	LSP1	c19
1.38626822878368e-156	-1.29904846039927	0.183	0.356	2.87872460389219e-152	TSC22D3	c19
1.38648153848239e-155	4.47679725538956	0.011	0.001	2.87916756281253e-151	RAMP1	c19
1.41177823736308e-155	-0.616298418921738	0.692	0.745	2.93169868770818e-151	RPS19	c19
7.69965871745694e-155	2.24186670900145	0.066	0.016	1.59891112926711e-150	INSIG1	c19
2.0662944187532e-152	-0.860073012274562	0.373	0.523	4.2908669899829e-148	RPL3	c19
3.00548771512274e-152	1.48861445963176	0.127	0.047	6.24119578922388e-148	RNASET2	c19
8.34685558546036e-150	2.29610537167023	0.028	0.004	1.7333080308767e-145	FN1	c19
1.97289102704161e-148	0.620846446209615	0.162	0.066	4.0969055067546e-144	LST1	c19
1.43135401183274e-147	1.36207880722125	0.14	0.055	2.97234974097187e-143	CD63	c19
1.44570850044765e-147	4.55267861538104	0.01	0	3.00215827202959e-143	CCND1	c19
2.65045842729854e-146	0.923949200444058	0.175	0.076	5.50394197012814e-142	CCL3	c19
1.440398753133e-145	4.4226763166429	0.01	0	2.99113205075599e-141	P2RY14	c19
1.51031865858611e-145	-1.66156357078942	0.068	0.219	3.13632772641991e-141	DUSP2	c19
2.73990086677234e-145	2.80486745380843	0.03	0.004	5.68967813993943e-141	ALOX5	c19
5.24942442931287e-145	1.46068687254308	0.118	0.043	1.09009547699111e-140	NME2	c19
1.29245121057724e-144	-4.41131940002622	0.019	0.145	2.6839041838847e-140	GNLY	c19
1.39787146311241e-144	2.39414361869285	0.042	0.008	2.90281988029923e-140	TBXAS1	c19
3.45675358183218e-143	-1.43410671259785	0.168	0.33	7.17829448803271e-139	DNAJB1	c19
4.96513762169064e-142	2.17994519680508	0.051	0.011	1.03106047852028e-137	LIPA	c19
3.97468275759866e-141	2.31475245343779	0.041	0.008	8.25382621442939e-137	CXCL3	c19
1.5072654484705e-139	2.06162522961632	0.057	0.014	3.12998743029383e-135	LIMS1	c19
6.20284005230739e-139	-1.64129944801485	0.069	0.215	1.28808176526215e-134	PPDPF	c19
1.48346902592601e-138	-1.02500463637082	0.356	0.501	3.08057177923795e-134	JUNB	c19
3.83278300913132e-138	2.27642846108715	0.045	0.009	7.95915719676211e-134	FPR1	c19
6.51778675114497e-137	2.17924075585315	0.05	0.011	1.35348359674276e-132	LGALS9	c19
1.26080922456912e-135	3.60663617685961	0.016	0.001	2.61819643574023e-131	RAB32	c19
2.13575913376953e-135	-1.02210142203542	0.244	0.407	4.43511741718582e-131	FXYD5	c19
2.07760702471669e-134	1.03187074674027	0.284	0.159	4.31435874752669e-130	IFITM3	c19
5.33788225346965e-133	3.31536809029688	0.019	0.002	1.10846462875551e-128	IL4I1	c19
4.45818917709279e-130	2.63834503658695	0.031	0.005	9.2578756451509e-126	CPM	c19
1.27783943094817e-129	2.36027977950504	0.035	0.006	2.65356136230698e-125	OLR1	c19
2.68000415525483e-129	4.12086026833729	0.011	0.001	5.56529662880218e-125	CADM1	c19
5.17664873190377e-129	3.65697605988033	0.014	0.001	1.07498287566714e-124	MGST2	c19
3.68006961767457e-127	-0.753017329360776	0.355	0.502	7.64203256806302e-123	RPL14	c19
2.11692700020043e-125	3.44569995864456	0.016	0.001	4.39601060861621e-121	AKR1C3	c19
7.37732844908552e-125	2.13019813291663	0.045	0.01	1.5319760257371e-120	TGFBI	c19
1.38658435038783e-124	-3.31594755333577	0.015	0.126	2.87938106201536e-120	KLRB1	c19
2.82373990627497e-124	1.81452902850095	0.06	0.016	5.8637782893706e-120	CD163	c19
3.35352409577333e-124	1.94920097397537	0.056	0.014	6.9639281372829e-120	NR4A3	c19
5.36569585751635e-124	3.71472927018984	0.014	0.001	1.11424040177184e-119	PLAU	c19
1.21341550484918e-122	4.13764111610219	0.01	0.001	2.5197786373698e-118	LOC102724297	c19
8.38465655234059e-122	1.31961974003207	0.135	0.057	1.74115777965905e-117	TYMP	c19
1.5479646361991e-120	-0.433063920672345	0.823	0.832	3.21450336353105e-116	RPL39	c19
2.26197822558069e-120	2.55950738995114	0.03	0.005	4.69722398324087e-116	CLEC4E	c19
5.20112790572632e-120	2.23339995579539	0.041	0.009	1.08006622090313e-115	NCOA4	c19
1.46114041343544e-119	1.61600222251334	0.092	0.032	3.03420418254004e-115	LMNA	c19
1.63681744027747e-119	0.976983069840952	0.221	0.115	3.39901509648019e-115	ZFP36L1	c19
1.80041111727861e-119	-3.00959851842065	0.017	0.125	3.73873372614076e-115	CTSW	c19
2.27309366619927e-118	2.16073322560913	0.043	0.009	4.72030630722941e-114	NLRP3	c19
2.63453656123362e-118	-2.53004844601245	0.018	0.127	5.47087862305774e-114	GZMB	c19
7.38551276958599e-118	-0.573771378736912	0.601	0.673	1.53367558173223e-113	RPS4X	c19
1.02016772079419e-117	0.674619577416665	0.528	0.392	2.11848028900121e-113	ACTG1	c19
9.10218489215173e-117	2.8147347017554	0.024	0.003	1.89015971470423e-112	PRCP	c19
1.80641310069475e-116	3.00813944273958	0.02	0.003	3.75119744490272e-112	GAPT	c19
3.44109581717236e-115	-1.43653777091894	0.079	0.21	7.14577957394013e-111	RPL36AL	c19
4.96550752029536e-114	-2.53250870720019	0.023	0.131	1.03113729166453e-109	CD2	c19
1.81772193591743e-113	-2.61509421246565	0.022	0.129	3.77468137212614e-109	CD8A	c19
2.33387639691025e-112	2.27239335199129	0.049	0.012	4.84652772582382e-108	NAAA	c19
1.08535936666506e-111	3.15592840801005	0.018	0.002	2.25385726081667e-107	IL13RA1	c19
2.55394397095547e-111	2.3869579931121	0.034	0.007	5.30352005008614e-107	FOLR2	c19
4.19201546644557e-111	2.72928174188244	0.024	0.004	8.70513931762087e-107	TLR2	c19
4.53426612517941e-111	-0.510260398276339	0.695	0.74	9.41585703554756e-107	RPL34	c19
1.58019283876478e-110	1.6250176749928	0.075	0.024	3.28142844897894e-106	MAP3K8	c19
1.75437787887799e-110	-0.706767165687881	0.341	0.482	3.64314110327803e-106	RPLP2	c19
2.03810491149523e-109	-1.56785861567558	0.055	0.175	4.23232865921099e-105	LTB	c19
2.31226824760891e-109	3.14143788402039	0.019	0.002	4.80165624298467e-105	CXCL10	c19
1.23068612081138e-108	-1.5247538722389	0.067	0.19	2.55564279847691e-104	TOMM7	c19
1.69301336534532e-108	-1.711635219655	0.05	0.166	3.51571155447609e-104	RAC2	c19
1.82672763129597e-108	2.4776247260408	0.024	0.004	3.79338259914921e-104	GPNMB	c19
2.64136495883713e-108	-2.92141691000906	0.018	0.118	5.48505847352119e-104	GZMH	c19
1.45473728695812e-107	1.4512559985381	0.089	0.032	3.02090745009724e-103	PYCARD	c19
1.53375170020834e-107	-1.2797481724774	0.112	0.245	3.18498878065264e-103	TXNIP	c19
2.24936890232952e-105	1.74180687785005	0.071	0.023	4.67103946257749e-101	PLEK	c19
3.49069346890567e-105	3.21094687836933	0.016	0.002	7.24877405752951e-101	SLC8A1	c19
7.95743340638901e-105	-1.51770553256511	0.065	0.184	1.65244062117074e-100	PTPRC	c19
7.19737861068767e-104	-1.32555347187132	0.09	0.216	1.4946076422954e-99	UBB	c19
2.74219556723249e-103	-0.812406057869197	0.262	0.4	5.69444331491498e-99	RPL23A	c19
4.67653688349987e-103	-1.17157837503574	0.107	0.236	9.71129649227584e-99	TMA7	c19
4.04305372676193e-100	-0.493920083562837	0.754	0.771	8.39580536899383e-96	RPL32	c19
4.08615290346116e-100	-2.10815744122186	0.029	0.13	8.48530511932744e-96	C12orf57	c19
7.29071677529313e-99	1.53698441569172	0.073	0.025	1.51399024555737e-94	FABP5	c19
2.03173726137774e-98	1.24638374102294	0.112	0.047	4.21910559697702e-94	HCLS1	c19
5.01949826486383e-98	2.14642581793197	0.037	0.008	1.04234900968162e-93	MAN2B1	c19
8.93900779221925e-96	-1.23628184528617	0.09	0.21	1.85627435813225e-91	HLA-H	c19
2.23086235878238e-95	2.04451676343934	0.038	0.009	4.63260877424748e-91	GK	c19
7.56305286959571e-95	2.00655541886638	0.042	0.011	1.57054355890025e-90	AHR	c19
1.46335801594e-94	-0.547046758103483	0.484	0.59	3.03880925590101e-90	RPL35A	c19
1.82539177192847e-94	-0.742184291183681	0.249	0.386	3.79060855358666e-90	RPL24	c19
2.48803134770446e-94	2.60998281351009	0.023	0.004	5.16664589664307e-90	SIGLEC10	c19
1.28312809991143e-93	1.88534399555368	0.061	0.02	2.66454381227607e-89	G0S2	c19
3.2958495093299e-93	1.3928175538372	0.088	0.034	6.84416109107446e-89	CYBB	c19
3.99679575787902e-92	0.861433438286762	0.248	0.147	8.29974607081158e-88	TAGLN2	c19
4.3809380852249e-92	2.49291459706539	0.024	0.004	9.09745602777802e-88	SLCO2B1	c19
6.03736123199531e-92	-0.873186197124376	0.2	0.33	1.25371843343615e-87	RPSA	c19
8.29318394847712e-91	1.44192126013878	0.076	0.028	1.72216257874076e-86	AP2S1	c19
1.23544394862627e-90	-2.2176632403008	0.025	0.116	2.56552290371731e-86	EVL	c19
2.85286894521042e-88	-2.35127986446913	0.02	0.107	5.92426765162397e-84	CD8B	c19
3.3791337020212e-88	2.18465410590422	0.028	0.006	7.01710904561723e-84	FBP1	c19
4.80363045671266e-88	0.890855642650244	0.19	0.103	9.97521900640951e-84	CALM2	c19
1.9462691163793e-87	3.1421707745827	0.014	0.002	4.04162244707326e-83	SERPING1	c19
3.90979689583431e-87	0.363973907996023	0.753	0.633	8.11908423388952e-83	TPT1	c19
5.75326587774543e-86	-0.96809749876254	0.135	0.256	1.19472319217262e-81	RPL38	c19
7.50198437908178e-86	-1.41832617275534	0.062	0.165	1.55786207616012e-81	CD99	c19
1.87164421165073e-85	2.04033155917573	0.036	0.009	3.8866563699139e-81	ATP6V1B2	c19
2.1564572910535e-85	0.54366141290991	0.419	0.295	4.4780992106017e-81	SRGN	c19
2.37233517599303e-85	3.16756498538111	0.013	0.001	4.92639122646713e-81	SDS	c19
1.05569413949392e-84	-1.07677587081781	0.113	0.228	2.19225445007308e-80	HCST	c19
2.14541015052275e-84	1.71966743425859	0.059	0.02	4.45515871857555e-80	CH25H	c19
3.32851761242663e-84	3.28526002805087	0.012	0.001	6.91199967396514e-80	GNB4	c19
3.73084963365849e-84	0.520530168672742	0.429	0.302	7.74748234925521e-80	CFL1	c19
7.48063896318889e-84	0.1315836323526	0.903	0.803	1.5534294870958e-79	COX1	c19
9.56791622548975e-84	3.40015195269021	0.011	0.001	1.9868734833852e-79	LPCAT2	c19
4.41680931174701e-82	1.21127321056272	0.097	0.041	9.17194621677385e-78	ATP6V0B	c19
3.91196854999757e-80	-1.2747488722042	0.074	0.176	8.12359389092496e-76	CALM1	c19
5.03348788368269e-80	1.9490375791011	0.033	0.008	1.04525409392555e-75	DAB2	c19
4.1246443100565e-79	2.2973616301868	0.025	0.005	8.56523637426333e-75	CCDC88A	c19
4.21541837797538e-79	-0.444209949566623	0.635	0.697	8.75373780370368e-75	RPL18A	c19
7.36378426647194e-79	2.39815921983035	0.023	0.004	1.52916344077556e-74	FAM105A	c19
7.6794788844737e-79	-1.87996303278476	0.031	0.116	1.59472058514981e-74	RARRES3	c19
1.47587008095457e-78	-1.84529627669091	0.033	0.119	3.06479181011026e-74	IL2RG	c19
1.56868724769966e-78	-2.29576445807044	0.02	0.099	3.25753593857312e-74	PCED1B-AS1	c19
2.11941019949504e-78	-1.04794994274859	0.125	0.236	4.40116722027141e-74	SARAF	c19
7.00165337080521e-78	-2.17141380688236	0.028	0.11	1.45396333898141e-73	GZMK	c19
1.44724949846977e-77	2.09576171768877	0.031	0.007	3.00535830852232e-73	SLC16A3	c19
3.87961552469763e-77	-2.4943977903063	0.017	0.093	8.05640959858709e-73	LOC101929531	c19
6.22403139988789e-77	1.07327399371283	0.133	0.067	1.29248236050072e-72	PSME2	c19
3.08582602690888e-76	-3.49308225280572	0.007	0.077	6.40802632747898e-72	PRF1	c19
3.10099653716627e-76	-0.936586692103362	0.182	0.297	6.43952940907947e-72	ND2	c19
8.81253468467005e-75	-0.999471851673114	0.149	0.259	1.83001095261858e-70	HSPA8	c19
1.75753382303116e-74	-0.526656582664502	0.433	0.533	3.6496947369065e-70	RPL18	c19
5.77676131528219e-74	-0.801108731514621	0.19	0.304	1.1996022547315e-69	RPL21	c19
1.55632450940485e-73	1.99950554571699	0.043	0.013	3.23186347623011e-69	WARS	c19
5.93137017712695e-73	-3.3087376994066	0.008	0.075	1.23170833098218e-68	KLRD1	c19
6.66642219096043e-73	-0.516194868346914	0.633	0.713	1.38434923217484e-68	ND3	c19
9.11919460961609e-73	1.31338255849793	0.074	0.03	1.89369195263288e-68	SEC11A	c19
2.31258605306966e-72	3.26770165666656	0.01	0.001	4.80231619780446e-68	UBE2E2	c19
3.63789257814055e-72	2.58841177339726	0.019	0.003	7.55444772776667e-68	ATF5	c19
5.04307817255874e-72	3.26103792638555	0.01	0.001	1.04724561331355e-67	CD1D	c19
6.15043753339189e-71	2.24502126752576	0.022	0.005	1.27719985818416e-66	PLTP	c19
1.45915769917405e-70	1.39043932385874	0.072	0.029	3.03008687810483e-66	GABARAPL2	c19
2.44012416816435e-70	0.95583983746888	0.123	0.061	5.06716184761009e-66	PKM	c19
2.79719108433098e-70	-0.388511582683807	0.615	0.682	5.80864700572172e-66	RPS15	c19
1.21094727236193e-69	0.521678473528228	0.319	0.214	2.51465310578679e-65	PABPC1	c19
1.24378629589783e-69	-2.03368208985277	0.022	0.095	2.58284662206143e-65	LEPROTL1	c19
1.267743957941e-69	1.96209586708113	0.031	0.008	2.63259710306027e-65	AKR1B1	c19
1.4110734462916e-69	-1.5298081074836	0.044	0.127	2.93023511856914e-65	LOC101929876	c19
1.93579046545779e-69	-0.771504089471575	0.172	0.283	4.01986248056964e-65	PFDN5	c19
1.16912804977435e-67	1.41670551859436	0.06	0.023	2.42781130816142e-63	LAPTM4A	c19
4.51032941157295e-67	0.832839826278498	0.156	0.086	9.36615005607239e-63	TPI1	c19
5.0460642164773e-67	0.256200857726547	0.949	0.859	1.04786569519368e-62	TMSB4X	c19
5.52745721504085e-67	2.90205218434988	0.013	0.002	1.14783176527538e-62	CIITA	c19
7.74097446541097e-67	1.57759100550786	0.048	0.016	1.60749075748724e-62	PTPRE	c19
8.91764574292989e-67	2.63711653881961	0.016	0.003	1.85183831497682e-62	SLC31A2	c19
1.33653305880174e-66	-1.40827508212797	0.067	0.154	2.77544454990769e-62	BTG2	c19
1.81906343783732e-66	1.67520850823768	0.041	0.013	3.77746713501298e-62	KCTD12	c19
4.1547125515265e-66	2.81017207527364	0.013	0.002	8.62767608449994e-62	ACTN1	c19
7.42875295721098e-66	-0.91941896003827	0.109	0.207	1.54265483909443e-61	CST7	c19
7.91544275684598e-66	1.71741660757815	0.039	0.012	1.64372084288664e-61	MARCKS	c19
1.23692780759587e-65	0.813775813853725	0.172	0.099	2.56860428525359e-61	YBX1	c19
6.19048350446661e-65	0.17883762621995	0.61	0.463	1.28551580453754e-60	FOS	c19
8.458936905564e-65	1.6441178619181	0.042	0.014	1.75658283780942e-60	ATP6AP2	c19
6.20653789250372e-64	-0.515148593636068	0.388	0.49	1.28884965875732e-59	EIF1	c19
7.13516637349608e-64	2.13073137817899	0.024	0.006	1.4816886491202e-59	ARHGAP18	c19
2.81412327736862e-63	-0.31883576583591	0.911	0.863	5.84380839778368e-59	RPL10	c19
3.6355647533878e-63	1.1139266768182	0.087	0.04	7.5496137668851e-59	TUBB	c19
3.93255737571659e-62	2.19135077053645	0.022	0.005	8.16634864641306e-58	CNDP2	c19
1.17524839132031e-61	1.5865238406861	0.039	0.012	2.44052080941576e-57	CCL3L1	c19
1.22289939379751e-61	2.6759817897701	0.014	0.002	2.5394728811599e-57	BASP1	c19
4.825716503006e-61	0.878766873282456	0.115	0.059	1.00210828901423e-56	CSTB	c19
6.59639437694745e-61	2.2608479856255	0.02	0.004	1.36980725631691e-56	OGFRL1	c19
1.78937692102641e-60	2.65560302600789	0.015	0.002	3.71582011420345e-56	MCTP1	c19
4.14590519409746e-60	3.11065794652098	0.01	0.001	8.60938672606278e-56	MIR181A1HG	c19
4.89078687116353e-60	2.05699104037775	0.024	0.006	1.01562080166582e-55	LAT2	c19
5.48030347219576e-60	1.80342063836787	0.029	0.008	1.13803981903617e-55	LGMN	c19
6.52587864698485e-60	-2.64760117875815	0.011	0.069	1.35516395983287e-55	GZMM	c19
9.08222942811858e-60	1.17602287132632	0.078	0.035	1.8860157630431e-55	ATP6V1F	c19
2.53002709966849e-59	1.847112513924	0.03	0.008	5.25385427517158e-55	GCA	c19
5.44841399312479e-59	-1.08131954362205	0.086	0.172	1.13141764981229e-54	RPL13A	c19
8.62762150599618e-59	1.03184142702725	0.105	0.053	1.79161188193517e-54	PRDX1	c19
1.2649417371532e-58	1.39403986671827	0.059	0.024	2.62677801137233e-54	ASAH1	c19
1.80840191084706e-58	-1.21246029535197	0.059	0.137	3.755327408065e-54	YWHAZ	c19
2.37872292718206e-58	2.32072003896606	0.018	0.004	4.93965603058626e-54	H1F0	c19
3.27076699295125e-58	-1.1382034546623	0.067	0.148	6.79207473756257e-54	OST4	c19
5.41028835101151e-58	0.724122068081507	0.184	0.111	1.12350047897105e-53	SLC25A6	c19
6.21185122654326e-58	0.909247685754087	0.105	0.053	1.28995302570397e-53	TIMP1	c19
2.02090370624984e-57	1.14152901471198	0.078	0.035	4.19660863639843e-53	SH3BGRL	c19
8.30491532260698e-57	0.645168633229211	0.217	0.139	1.72459871589256e-52	ARPC2	c19
9.30903075632595e-57	-1.15886442327927	0.06	0.138	1.93311332685865e-52	PNRC1	c19
1.19993121159825e-56	-1.09180389603727	0.154	0.244	2.49177715400493e-52	HSPA1B	c19
3.29765750849054e-56	2.95084455132662	0.01	0.001	6.84791558213145e-52	CXorf21	c19
3.95297549114913e-56	-0.381894863923259	0.514	0.596	8.20874890492029e-52	FAU	c19
4.32208961994282e-56	-1.84629318918913	0.143	0.23	8.97525130477327e-52	CCL4	c19
7.50335305797493e-56	1.61602981347549	0.044	0.015	1.55814629601908e-51	SERPINB9	c19
7.69869310836841e-56	-1.50957961771675	0.037	0.105	1.59871061088378e-51	SNRPD2	c19
2.73670678943501e-55	1.43786051637735	0.047	0.017	5.68304531894075e-51	H2AFY	c19
2.75345749952089e-55	1.05384418773078	0.087	0.042	5.71782984350509e-51	ARPC5	c19
5.01624014098603e-55	1.79730586841818	0.027	0.007	1.04167242767716e-50	THBD	c19
1.94030693707542e-54	2.51891435403951	0.015	0.003	4.02924138553081e-50	DAPP1	c19
2.07820107546068e-54	-3.18168284844551	0.011	0.065	4.31559235330164e-50	XCL1	c19
2.56104423230487e-54	-0.350567765325924	0.719	0.728	5.3182644528043e-50	RPL19	c19
4.17063665128367e-54	-0.74804653532374	0.152	0.246	8.66074407005566e-50	MYL12A	c19
4.39543516102098e-54	-0.315183648658908	0.918	0.88	9.12756065537616e-50	RPLP1	c19
4.69210186375863e-54	-1.81461373753164	0.024	0.085	9.74361873028117e-50	SOD1	c19
1.33108053041029e-53	2.67535962557981	0.012	0.002	2.76412182945e-49	PSTPIP2	c19
1.57730792230953e-53	1.53039423213722	0.041	0.014	3.27543763146796e-49	TNFSF13B	c19
1.68146244426193e-53	-0.419162143442346	0.667	0.696	3.49172491175433e-49	RPS18	c19
2.03369478734699e-53	0.818044227255137	0.113	0.06	4.22317059540476e-49	ATF3	c19
2.15457803701193e-53	-1.38529464700849	0.043	0.111	4.47419675165898e-49	RPL17	c19
2.99236993414837e-53	-1.09159372608523	0.067	0.143	6.2139554052525e-49	CIRBP	c19
5.1299762854795e-53	0.559857372020022	0.255	0.172	1.06529087544267e-48	ATP5G2	c19
2.10437382642723e-52	-1.57529231604228	0.032	0.095	4.36994268795878e-48	LDHB	c19
2.32786042963263e-52	-1.4667597091483	0.037	0.102	4.83403496817511e-48	CD44	c19
2.77264808912754e-52	-2.71103922396163	0.009	0.059	5.75768102188225e-48	SPOCK2	c19
4.97879100991257e-52	-2.47033697216487	0.012	0.064	1.03389574111844e-47	HOPX	c19
5.30963499100401e-52	1.05778139943455	0.106	0.056	1.10259880223189e-47	LGALS3	c19
7.40976829614101e-52	2.01711234349946	0.022	0.006	1.53871248437664e-47	SMCO4	c19
8.11394205945668e-52	-2.51775081149198	0.011	0.062	1.68494120806677e-47	CD3G	c19
9.67079657476413e-51	0.307839552461053	0.533	0.421	2.00823761671552e-46	RPL15	c19
1.23705949117937e-50	1.29592481648933	0.053	0.022	2.56887773938308e-46	RNH1	c19
1.76223724583223e-50	-2.94724009374159	0.007	0.055	3.65946186469521e-46	LINC00861	c19
1.95273820526667e-50	2.1942957149403	0.018	0.004	4.05505615705676e-46	CAT	c19
2.26243490664636e-50	-2.31620708968674	0.018	0.072	4.69817232714183e-46	IFNG	c19
4.38506662318983e-50	-1.73890918792955	0.025	0.082	9.10602934971601e-46	CITED2	c19
8.28681899110748e-50	1.1916519715739	0.063	0.028	1.72084083169338e-45	MTDH	c19
1.02419179502343e-49	-2.06057727037319	0.016	0.069	2.12683668154565e-45	LCK	c19
2.94704878711998e-49	-0.783886376484676	0.129	0.214	6.11984151133335e-45	RPL36A	c19
5.09629627245326e-49	0.348415981022582	0.409	0.312	1.05829688393764e-44	S100A6	c19
9.70883677419092e-49	1.6847332060775	0.032	0.01	2.01613704452849e-44	GLA	c19
1.78279624437582e-48	1.09385856735098	0.036	0.012	3.70215468107084e-44	RNASE1	c19
5.21631081013261e-48	0.288356478262027	0.531	0.421	1.08321910283214e-43	PFN1	c19
5.29359195856119e-48	1.63876145888481	0.032	0.01	1.09926730611482e-43	ICAM1	c19
1.05045629168986e-47	-0.829303610573902	0.105	0.184	2.18137753532317e-43	CORO1A	c19
1.17157027768759e-47	1.87651089934209	0.024	0.007	2.43288283864604e-43	RALA	c19
2.27493045412296e-47	-1.08289808003086	0.063	0.132	4.72412058103174e-43	SRSF7	c19
5.26654849539819e-47	-0.876512305693153	0.093	0.169	1.09365146055439e-42	RPL27A	c19
1.24374583869089e-46	0.437823155808605	0.34	0.251	2.58276260862549e-42	MYL6	c19
1.67704840843309e-46	-2.64185812571794	0.008	0.054	3.48255872495215e-42	CD247	c19
4.09799759528266e-46	-2.09979300383711	0.015	0.065	8.50990180636396e-42	CLDND1	c19
4.41634700032247e-46	2.5787881919065	0.011	0.002	9.17098618086965e-42	B3GNT5	c19
5.73782606878299e-46	-2.21353269286197	0.013	0.061	1.19151696144348e-41	KLF2	c19
1.24737867881459e-45	0.699476714913844	0.157	0.097	2.59030656442638e-41	ITGB2	c19
1.47540283087341e-45	1.45375606512562	0.027	0.008	3.06382151859173e-41	F13A1	c19
2.90356400916262e-45	0.520392494598419	0.265	0.187	6.02954102142711e-41	LAPTM5	c19
5.04269881413874e-45	-1.38402985626729	0.036	0.094	1.04716683574405e-40	SNHG8	c19
6.52496165699649e-45	-1.52474617842195	0.029	0.085	1.35497353769189e-40	GSTK1	c19
9.81292476399032e-45	0.181000920943264	0.775	0.665	2.03775195649023e-40	RPS23	c19
1.15898789770784e-44	1.32487017998893	0.048	0.02	2.4067542683801e-40	CFP	c19
1.1623290017863e-44	-1.22908680303626	0.06	0.124	2.41369240510943e-40	FOSB	c19
2.78673700666555e-44	1.54266627258334	0.033	0.011	5.78693806804168e-40	LPAR6	c19
3.22666813446114e-44	2.56356745496773	0.011	0.002	6.70049904802201e-40	CKB	c19
3.95704056684222e-44	-1.81316520818647	0.02	0.07	8.21719044110455e-40	TUBA4A	c19
6.51430635491062e-44	2.40125198708654	0.014	0.003	1.35276085766074e-39	CD40	c19
8.39902466366901e-44	-1.62351244923927	0.025	0.077	1.74414146165751e-39	SNHG6	c19
1.17288992288773e-43	-2.5226988362785	0.009	0.053	2.43562321386866e-39	KIAA1551	c19
1.4276584463354e-43	-1.10240651981861	0.056	0.119	2.96467552966009e-39	HNRNPDL	c19
1.50190280767475e-43	-1.90765804961624	0.018	0.066	3.11885137041738e-39	RPL21P28	c19
4.78072009068423e-43	-0.508829524841266	0.315	0.397	9.92764334031487e-39	RPL9	c19
7.09093825157628e-43	1.72049141480783	0.028	0.009	1.47250423732233e-38	SOX4	c19
1.03964180802517e-42	-2.66291249470824	0.008	0.05	2.15892017854506e-38	LOC101060038	c19
1.18270628800357e-42	-2.03951394032208	0.014	0.06	2.45600787766822e-38	ITM2A	c19
1.63011450130887e-42	-1.80392321730008	0.019	0.068	3.38509577341799e-38	GLTSCR2	c19
1.95259056888082e-42	2.02601148558397	0.018	0.004	4.05474957533792e-38	IL1RN	c19
2.32763809293348e-42	0.702319524914924	0.132	0.079	4.83357326378566e-38	RHOB	c19
3.71115023244899e-42	-1.68376045389838	0.022	0.072	7.70657457270358e-38	VAMP2	c19
5.6940409705914e-42	0.823433083704555	0.127	0.076	1.18242454795301e-37	LDHA	c19
6.56933201454562e-42	-1.67701666043989	0.022	0.072	1.36418748614054e-37	C9orf142	c19
7.04539158278662e-42	-1.3086666585651	0.043	0.1	1.46304601608147e-37	DNAJA1	c19
1.00608265526728e-41	-2.46873625971192	0.009	0.051	2.08923124192804e-37	ETS1	c19
1.00905822302286e-41	-2.00130195188855	0.014	0.059	2.09541030592928e-37	SEPT1	c19
1.2080156965906e-41	-0.501071716138621	0.353	0.428	2.50856539554005e-37	RPS5	c19
1.23788686473233e-41	-0.134472172397011	0.896	0.833	2.57059586330316e-37	RNR2	c19
1.86469101831918e-41	0.638807349161463	0.179	0.118	3.87221736864161e-37	GADD45B	c19
2.27792751211167e-41	1.34311877971201	0.058	0.027	4.73034427165109e-37	PLAC8	c19
4.30300372006884e-41	-0.715213801502785	0.127	0.202	8.93561752509496e-37	DDX5	c19
4.82048911615415e-41	-1.39739734532949	0.033	0.086	1.00102276986057e-36	TAGAP	c19
4.87218033059622e-41	1.21370097121938	0.05	0.022	1.01175696745161e-36	LAMTOR1	c19
7.26043746800699e-41	-1.91264957096779	0.018	0.063	1.50770244460633e-36	JUND	c19
7.37357200964557e-41	-1.40653368021682	0.032	0.084	1.531195963523e-36	SRSF5	c19
8.9160310190828e-41	-2.16126629358167	0.012	0.054	1.85150300142273e-36	CCND3	c19
1.58154819761775e-40	-2.12679303277739	0.013	0.056	3.28424298717301e-36	CD27	c19
1.65846415719045e-40	-1.90234261026921	0.016	0.061	3.44396666882169e-36	LIME1	c19
2.29021249327156e-40	1.16807490675813	0.051	0.023	4.75585526352771e-36	CSTA	c19
3.98361658633753e-40	-1.53808485902853	0.032	0.084	8.2723782031885e-36	RGCC	c19
6.11774332089561e-40	-1.20988952912257	0.042	0.097	1.27041057801718e-35	CYTIP	c19
7.0595373032812e-40	-2.58706169000573	0.015	0.059	1.46598351639937e-35	XCL2	c19
9.31047347474525e-40	-0.435125075510656	0.323	0.407	1.9334129217656e-35	RPL35	c19
2.48866739759273e-39	-1.16449663476974	0.046	0.102	5.16796671784106e-35	TCEB2	c19
5.96891211186848e-39	-2.51849016620686	0.008	0.047	1.23950428915061e-34	CD96	c19
7.88247368902619e-39	-2.15029146491901	0.011	0.052	1.63687448626318e-34	CUTA	c19
8.58808284679667e-39	-0.366553512069997	0.641	0.652	1.7834012839658e-34	RPS14	c19
1.05859050691281e-38	-1.85977936776489	0.018	0.063	2.19826904665515e-34	BATF	c19
1.46503507106717e-38	-1.6206488083902	0.021	0.066	3.0422918285781e-34	RPS18P9	c19
3.48020908377123e-38	1.23423218777938	0.043	0.018	7.22700218335933e-34	C5AR1	c19
4.26441518783164e-38	2.01238516399361	0.016	0.004	8.85548457905119e-34	RGS18	c19
4.66485343590714e-38	-1.39032430624432	0.029	0.078	9.68703464500477e-34	GUK1	c19
4.93588001785492e-38	-1.29771067984337	0.034	0.085	1.02498484450775e-33	GMFG	c19
7.29207214646509e-38	-1.27479583604392	0.033	0.083	1.51427170193494e-33	ISG20	c19
7.65466434047744e-38	1.58109889406957	0.027	0.009	1.58956759694355e-33	BID	c19
8.98432386432479e-38	2.36413141934966	0.011	0.002	1.86568469366569e-33	CD302	c19
1.13920117490397e-37	-4.79144963350203	0.001	0.034	2.36566515980558e-33	FGFBP2	c19
1.64250775123111e-37	-2.09632532783649	0.011	0.051	3.41083159620652e-33	TBC1D10C	c19
1.65271051354609e-37	0.519558513188873	0.211	0.146	3.43201865242981e-33	RHOA	c19
3.47769984823771e-37	1.61433465051075	0.025	0.008	7.22179150485044e-33	CD300A	c19
5.99238836872344e-37	2.02307928794665	0.014	0.003	1.24437936864911e-32	CCL2	c19
7.35298140782227e-37	0.750294509223754	0.116	0.07	1.52692011914837e-32	CKLF	c19
1.15782974451891e-36	1.80827003802927	0.022	0.007	2.40434924746796e-32	GBP1	c19
3.10589328991169e-36	-1.48349972264399	0.024	0.07	6.44969800583062e-32	SSR2	c19
3.17379741514016e-36	-2.14955867964113	0.011	0.049	6.59070771228006e-32	AES	c19
3.34615432322794e-36	0.940684020196592	0.073	0.039	6.94862406761514e-32	SDCBP	c19
5.5904512412715e-36	-1.84710687242581	0.016	0.057	1.16091310476244e-31	LINC00152	c19
5.60716361745317e-36	0.496644884312782	0.219	0.154	1.16438359680032e-31	CLIC1	c19
1.20926989451457e-35	-1.97659221433857	0.013	0.052	2.51116986294896e-31	FLNA	c19
2.61756329585154e-35	-2.24878632424341	0.01	0.046	5.43563194016532e-31	GIMAP7	c19
2.76356325975985e-35	1.53916733284757	0.026	0.009	5.7388154652173e-31	MARCH1	c19
4.23027623506417e-35	1.43988263204924	0.029	0.011	8.78459162973426e-31	HCK	c19
5.21913418575525e-35	0.461632215439699	0.143	0.091	1.08380540501394e-30	CTSS	c19
7.33637243290224e-35	1.55697529928843	0.025	0.009	1.52347109941648e-30	RNF13	c19
8.5268481045652e-35	1.54799717843093	0.034	0.014	1.77068527739401e-30	MARCKSL1	c19
1.03554013532576e-34	-3.21933442336534	0.004	0.036	2.15040264501748e-30	NOSIP	c19
1.11393573451908e-34	-1.0731048210233	0.047	0.099	2.31319894630231e-30	DAZAP2	c19
1.56618997823007e-34	0.992625520012597	0.056	0.027	3.25235010879256e-30	MAFB	c19
1.62293550896785e-34	-1.45903946847714	0.025	0.068	3.37018787792265e-30	ANAPC16	c19
1.67082580729947e-34	-3.08062412828541	0.004	0.036	3.46963687143809e-30	PARP8	c19
4.09110819900044e-34	-0.696666567441185	0.165	0.236	8.49559528604431e-30	HSP90AA1	c19
5.48987273459326e-34	-3.00742514913894	0.005	0.038	1.14002697206564e-29	KLRC2	c19
6.47489543389938e-34	-1.64433224221791	0.019	0.059	1.34457678580355e-29	SOCS1	c19
6.49663904160905e-34	0.111766959547363	0.73	0.607	1.34909206338053e-29	RPS8	c19
7.77604117168549e-34	-1.6177506884177	0.019	0.06	1.61477270971221e-29	RBM39	c19
8.18032058277687e-34	1.68728308109036	0.02	0.006	1.69872537221945e-29	PHLDA2	c19
1.17542981867387e-33	-1.31049186762555	0.031	0.076	2.44089756145816e-29	PCBP1	c19
1.63124997016032e-33	-1.50604487274822	0.022	0.063	3.38745368803492e-29	EIF4A2	c19
2.31859717027323e-33	-1.66899959870129	0.018	0.058	4.81479888378938e-29	STK17A	c19
3.33098775083973e-33	-0.680967825372982	0.112	0.176	6.91712916339378e-29	MIF	c19
3.74552936623418e-33	-2.45375735123213	0.007	0.041	7.7779662819219e-29	FYN	c19
4.08606880363424e-33	-0.624146418487277	0.261	0.333	8.48513047762685e-29	ND1	c19
5.61023808853486e-33	0.848718877732042	0.076	0.042	1.16502204146515e-28	NAP1L1	c19
5.6645832411284e-33	-0.321113220600978	0.525	0.577	1.17630735585272e-28	RPS7	c19
5.68687842727166e-33	-2.28056369776859	0.009	0.043	1.18093717420723e-28	PDCD4	c19
8.42356948904094e-33	-0.297103975044041	0.768	0.743	1.74923844009424e-28	RPL11	c19
9.67014270109519e-33	-0.549701735340761	0.165	0.236	2.00810183330943e-28	ARHGDIB	c19
1.36198749201001e-32	-1.78373102327235	0.015	0.053	2.82830322590799e-28	RABAC1	c19
1.48032686629567e-32	0.955365404576021	0.063	0.033	3.07404677054959e-28	REL	c19
1.77613236618169e-32	-1.23451451163343	0.033	0.078	3.6883164716129e-28	CNBP	c19
1.94738594520645e-32	-1.82676638114825	0.013	0.049	4.04394165381571e-28	LAT	c19
1.97982786460195e-32	-2.13256788950259	0.011	0.045	4.11131054363241e-28	TIGIT	c19
2.22718241202945e-32	-1.96210677908166	0.012	0.048	4.62496699682037e-28	ZNF683	c19
2.6090739927217e-32	1.24853424592861	0.04	0.017	5.41800305328589e-28	MIR155HG	c19
2.89243289908157e-32	-1.45840294486788	0.023	0.064	6.00642615823279e-28	C19orf43	c19
3.10708254921435e-32	-2.19273334328455	0.009	0.043	6.45216762169853e-28	SH2D2A	c19
4.04433666438467e-32	1.64655681963876	0.02	0.007	8.39846951726121e-28	C20orf27	c19
8.77264611825341e-32	-1.6549983618309	0.017	0.055	1.8217276929165e-27	RHOH	c19
9.59852299872709e-32	0.87809861858484	0.074	0.041	1.99322928591567e-27	PDIA3	c19
1.68885632127808e-31	0.911582420171663	0.067	0.036	3.50707903676607e-27	COX5A	c19
4.30140674618624e-31	-0.681044802384191	0.095	0.154	8.93230124913034e-27	CD37	c19
6.91506655159461e-31	2.08730332399474	0.012	0.003	1.43598272010414e-26	DSE	c19
9.87562494070235e-31	-1.70674667605019	0.016	0.052	2.05077227518625e-26	KMT2E-AS1	c19
1.17629337831222e-30	-0.334303976038447	0.434	0.499	2.44269082940316e-26	RPL6	c19
1.17914159123356e-30	-2.63399751541683	0.005	0.035	2.44860542835561e-26	LYAR	c19
1.23013669804617e-30	-2.64339067492057	0.005	0.035	2.55450186716268e-26	CMC1	c19
1.25147238696607e-30	-1.66934705300482	0.016	0.053	2.59880755877373e-26	RPS14P3	c19
1.41556066403063e-30	-1.4928123021307	0.021	0.059	2.93955327492602e-26	RBM8A	c19
2.50412511581657e-30	-1.79176899501853	0.014	0.049	5.2000662155047e-26	NR3C1	c19
2.56837222701383e-30	0.192979840115145	0.619	0.519	5.33348176661692e-26	PTMA	c19
3.18080671385095e-30	-1.27135162099049	0.028	0.069	6.60526322198287e-26	POLR2L	c19
4.61658419353649e-30	-1.13568637882339	0.036	0.08	9.58679873629787e-26	SKP1	c19
5.25787376657157e-30	-2.92409784439851	0.007	0.036	1.09185006636625e-25	S100A12	c19
7.84729485128572e-30	-1.79438303980741	0.013	0.047	1.62956924881799e-25	MYH9	c19
8.38910607547633e-30	1.46367475232671	0.024	0.009	1.74208176763341e-25	LAIR1	c19
9.82515194897942e-30	-2.06935174725001	0.01	0.042	2.04029105372507e-25	ARHGEF1	c19
1.14953639640237e-29	1.45458746532027	0.024	0.009	2.38712728076916e-25	ATG3	c19
1.51008981870893e-29	-0.804253454359297	0.071	0.123	3.13585251753097e-25	LIMD2	c19
2.91613282647918e-29	-1.92574156685146	0.011	0.044	6.05564142746666e-25	PIK3R1	c19
2.96696232741882e-29	-2.52146383981243	0.006	0.035	6.16119396911792e-25	SKAP1	c19
3.77149646463418e-29	-2.59263615868513	0.006	0.034	7.83188955845934e-25	FLT3LG	c19
5.64004469116675e-29	1.47339501506125	0.023	0.008	1.17121168056769e-24	HBEGF	c19
5.72027317000285e-29	-0.4399295327848	0.261	0.33	1.18787192648279e-24	RPS16	c19
8.57092260350194e-29	-1.40242495482766	0.023	0.06	1.77983778784321e-24	FUS	c19
1.04667058747596e-28	0.74583599127045	0.087	0.052	2.17351614195257e-24	ATP5G3	c19
1.09476324471154e-28	-1.50577942541823	0.041	0.084	2.27338535396798e-24	SSR4	c19
1.13201371974747e-28	-1.56381213394548	0.018	0.053	2.3507396904276e-24	GIMAP4	c19
1.19034337352854e-28	-1.42366799431079	0.022	0.058	2.47186704946937e-24	NDUFS5	c19
1.28688646710945e-28	-1.78805925820695	0.013	0.046	2.67234843759949e-24	GNG2	c19
1.88005936944295e-28	-2.2742388287053	0.007	0.037	3.90413128658522e-24	LBH	c19
2.01046943432627e-28	-1.938327318461	0.011	0.042	4.17494082732193e-24	PPP1R2	c19
2.01745578851617e-28	0.861994856660625	0.096	0.059	4.18944869043267e-24	ID2	c19
2.10525810008372e-28	0.278578887832423	0.388	0.311	4.37177897063384e-24	SERF2	c19
2.35648097066169e-28	-1.50136478066667	0.02	0.056	4.89346838367606e-24	SERTAD1	c19
2.70641183063843e-28	-1.5197928430302	0.019	0.054	5.62013480750377e-24	SF1	c19
3.08305774242586e-28	1.04300399642544	0.039	0.018	6.40227770792154e-24	KLF4	c19
3.36287995947889e-28	-1.45707452849173	0.02	0.056	6.98335652385386e-24	RAP1B	c19
3.55249303586019e-28	-2.60486329979425	0.005	0.033	7.37710703826727e-24	ITK	c19
4.07503956955898e-28	-2.44138215588378	0.006	0.034	8.46222717014617e-24	ZAP70	c19
4.15293344869115e-28	0.695596811532091	0.093	0.057	8.62398159955203e-24	ENO1	c19
6.01192755001118e-28	-1.34579103134769	0.023	0.06	1.24843687503532e-23	MBNL1	c19
6.23391370402295e-28	1.99468316226015	0.012	0.003	1.29453451977741e-23	RAB20	c19
7.37998563269551e-28	-1.48903630205591	0.02	0.055	1.53252781648555e-23	RPS20	c19
8.38000311073621e-28	-1.7467174032464	0.014	0.046	1.74019144597548e-23	HLA-F	c19
8.7078442662012e-28	-1.66848324573599	0.015	0.048	1.80827094031934e-23	RPSAP58	c19
1.08155460983323e-27	0.648514110294117	0.113	0.073	2.24595630277969e-23	CALR	c19
1.16253258743238e-27	-0.691304494452931	0.08	0.133	2.41411517106208e-23	COTL1	c19
1.45117946515191e-27	-2.8298516822906	0.004	0.03	3.01351927733445e-23	SYNE2	c19
1.49319300096624e-27	0.819576769209996	0.071	0.04	3.10076458580648e-23	GLIPR1	c19
1.50609944368765e-27	1.50906932426057	0.022	0.008	3.12756610476177e-23	HAVCR2	c19
2.11335425957549e-27	-2.18107167782203	0.007	0.036	4.38859145543447e-23	ICOS	c19
2.31706817317978e-27	-3.17783056236175	0.003	0.028	4.81162376842513e-23	KLRG1	c19
2.33340213908749e-27	1.18917485238897	0.035	0.015	4.84554288202909e-23	ATOX1	c19
3.01611965075794e-27	-0.81320843278461	0.065	0.113	6.26327406676393e-23	MYL12B	c19
3.07418194710529e-27	-1.03252871432586	0.04	0.082	6.38384623135885e-23	GPSM3	c19
3.4575439382751e-27	1.51638076952329	0.02	0.007	7.17993574222208e-23	HEXA	c19
3.91310566223412e-27	0.845042002761313	0.067	0.038	8.12595521819537e-23	SOD2	c19
4.34878748069057e-27	0.71345015914477	0.089	0.054	9.03069208240203e-23	FKBP1A	c19
4.78627599502946e-27	1.56612996903555	0.019	0.007	9.93918073127817e-23	GNG10	c19
5.16739055416857e-27	-2.51749711613141	0.006	0.032	1.07306032247865e-22	SYTL3	c19
9.57950786540756e-27	-2.20844735691567	0.007	0.035	1.98928060333053e-22	PIK3IP1	c19
1.15391933455588e-26	2.08873151562124	0.01	0.002	2.39622889013874e-22	USP53	c19
1.24194745246144e-26	-2.01943352942014	0.009	0.038	2.57902807978143e-22	CDC42SE2	c19
2.44132816184665e-26	-1.7334581326909	0.013	0.044	5.06966206089076e-22	CSRNP1	c19
2.80471103246346e-26	-0.779384058698155	0.069	0.117	5.82426293001363e-22	ZFAS1	c19
2.8902931891441e-26	-2.23612408132919	0.008	0.036	6.00198283657664e-22	PIM2	c19
3.34649147941548e-26	-2.14396433484186	0.008	0.035	6.94932420615418e-22	APOBEC3G	c19
3.80714865751065e-26	-1.02997889197412	0.038	0.079	7.90592490218662e-22	COX7A2	c19
3.85216370270162e-26	-0.480032707650764	0.453	0.512	7.99940314503018e-22	ATP8	c19
5.95814437168294e-26	-4.32662294725828	0.001	0.023	1.23726826022368e-21	PRKCQ-AS1	c19
7.09320803072534e-26	-1.43768388407933	0.019	0.051	1.47297557966042e-21	EPC1	c19
8.88942757245407e-26	-1.30895882675265	0.023	0.057	1.84597852969581e-21	HNRNPA0	c19
1.4061790681859e-25	-0.64220241375025	0.179	0.238	2.92007145299485e-21	IER2	c19
1.40835014835819e-25	-1.65019076920046	0.017	0.048	2.92457991808062e-21	SOCS3	c19
1.5492326486086e-25	-2.39465087672555	0.006	0.032	3.21713651810062e-21	PIM1	c19
3.49806835844767e-25	-0.425941514919595	0.263	0.326	7.26408875315244e-21	RPL10A	c19
4.03946485159115e-25	-1.87002141638365	0.011	0.039	8.38835271081418e-21	TSPYL2	c19
4.39719525448509e-25	-1.8655832908359	0.01	0.038	9.13121566546374e-21	DDX24	c19
4.49044820332534e-25	-3.86329783286742	0.001	0.023	9.3248647390254e-21	KLRC1	c19
4.64236596628543e-25	-1.70192469428992	0.013	0.042	9.64033716558833e-21	SEPT9	c19
5.25540107847878e-25	-1.58574967998049	0.015	0.045	1.0913365879569e-20	ABRACL	c19
5.81138514925387e-25	-2.19388549059657	0.007	0.033	1.20679224009406e-20	GeneID:102723863	c19
6.99146626503719e-25	-0.874869588233584	0.051	0.093	1.45184788459762e-20	ATP5I	c19
7.4323130355492e-25	2.04142580084289	0.01	0.002	1.54339412496215e-20	PID1	c19
7.69938131249637e-25	-1.10032561913495	0.032	0.068	1.598853523353e-20	APRT	c19
1.15036429364276e-24	-0.838588833977883	0.052	0.094	2.38884649217855e-20	LY6E	c19
1.15491033821315e-24	-1.79019127639949	0.025	0.059	2.39828680833342e-20	VCAN	c19
1.17195652932852e-24	-1.98907109540032	0.009	0.036	2.4336849288036e-20	PTP4A2	c19
1.29643339060366e-24	-2.42796164012146	0.006	0.03	2.69217357892756e-20	BRE-AS1	c19
1.4693243057541e-24	0.844388586287127	0.074	0.044	3.05119885332897e-20	CHMP1B	c19
1.61701436079919e-24	-2.0784336646829	0.008	0.034	3.35789202163559e-20	TRAF3IP3	c19
2.4719566901571e-24	-1.46811015900565	0.016	0.046	5.13326526278023e-20	SEPW1	c19
2.95823098187177e-24	1.18346511949853	0.031	0.014	6.14306245695491e-20	YWHAH	c19
3.21986800055398e-24	-1.86356172440664	0.01	0.037	6.68637788995039e-20	SLC9A3R1	c19
3.35056148342534e-24	0.489161849646816	0.081	0.049	6.95777597648106e-20	HSP90B1	c19
4.36145066828469e-24	2.04427910673163	0.01	0.002	9.05698845775999e-20	PTAFR	c19
4.44491770454797e-24	0.917709643361325	0.049	0.026	9.23031610526431e-20	FAM49B	c19
4.51245464755542e-24	-0.79881206099381	0.064	0.109	9.37056332111359e-20	SLC2A3	c19
4.86583741026805e-24	0.714108268818213	0.078	0.047	1.01043979661626e-19	C10orf54	c19
5.00751520861026e-24	-1.53072014062103	0.016	0.045	1.03986060822001e-19	RSRP1	c19
5.66375620807694e-24	0.776960892728837	0.068	0.04	1.17613561416926e-19	EIF3L	c19
5.8896476690001e-24	-2.45263761891223	0.005	0.029	1.22304423494456e-19	CD6	c19
7.66247587103978e-24	-1.70662040820445	0.012	0.039	1.59118973938012e-19	TSTD1	c19
7.97742883370123e-24	-1.61714721912106	0.014	0.042	1.6565928716064e-19	TNFRSF1B	c19
8.37048956301735e-24	1.33339560347765	0.025	0.01	1.73821586265618e-19	PLD3	c19
8.695447255227e-24	-2.14100102548294	0.007	0.032	1.80569657702044e-19	ARHGAP15	c19
9.06567942665272e-24	-1.31367170517703	0.021	0.053	1.8825789897387e-19	SON	c19
1.02139836726651e-23	-2.07303862396362	0.008	0.033	2.12103584946563e-19	OXNAD1	c19
1.2792569852058e-23	-0.786563482959199	0.063	0.106	2.65650505547837e-19	UBL5	c19
1.40553852253899e-23	-1.35630655625423	0.02	0.05	2.91874129590447e-19	HNRNPA1P10	c19
1.64758662596e-23	-2.62484115998199	0.005	0.028	3.42137838746854e-19	KLRC3	c19
2.28445150227498e-23	1.95396295959255	0.01	0.003	4.74389198962423e-19	NAIP	c19
2.4388072459786e-23	-2.90365388038219	0.004	0.026	5.06442712699916e-19	FKBP11	c19
2.4790189668367e-23	-2.51889470522424	0.005	0.028	5.1479307865331e-19	FAM46C	c19
2.57732194293839e-23	-2.9256062722137	0.003	0.025	5.35206674670585e-19	IL2RB	c19
2.71455679910887e-23	-1.44845979095032	0.017	0.046	5.63704864902948e-19	C19orf53	c19
3.32534783287331e-23	-1.6534731649482	0.013	0.04	6.90541730974471e-19	FAIM3	c19
3.4087952432755e-23	-1.32454179039595	0.02	0.05	7.0787042021859e-19	CD97	c19
5.34227622688045e-23	-1.34983073952817	0.018	0.048	1.10937708127399e-18	PRDM1	c19
6.90322264335223e-23	-2.45050187456824	0.005	0.028	1.43352321411852e-18	KLRK1	c19
6.91902897968889e-23	-1.36012018130991	0.018	0.048	1.4368055579222e-18	CD48	c19
9.39515366797563e-23	-0.900992451254043	0.045	0.083	1.95099761069182e-18	EDF1	c19
1.17740535723006e-22	-0.614434362399596	0.136	0.189	2.44499996482395e-18	TNFAIP3	c19
1.27374448201559e-22	-1.6461227337415	0.012	0.039	2.64505779135357e-18	ACAP1	c19
1.36570103834231e-22	1.46143187572134	0.018	0.007	2.83601477622163e-18	EGR2	c19
1.539577140952e-22	-1.23547852697444	0.023	0.054	3.19708589090092e-18	GAS5	c19
1.55356130398508e-22	-1.30527298696923	0.021	0.051	3.22612540385543e-18	C9orf16	c19
1.69083169471978e-22	-1.01891835342402	0.032	0.066	3.51118109725509e-18	PTGES3	c19
1.86019960447422e-22	1.44009431058251	0.019	0.007	3.86289049865116e-18	LY96	c19
1.95872696513122e-22	-1.35975292616867	0.019	0.048	4.06749241579149e-18	RNA45S5	c19
1.97416905015604e-22	1.40773210844554	0.02	0.007	4.09955944955404e-18	NUDT16	c19
2.18619647029153e-22	1.59971380441894	0.016	0.005	4.53985559020739e-18	SPIB	c19
2.54597379592607e-22	-1.47765880797549	0.016	0.044	5.28696918462007e-18	ITGB1	c19
2.8066896331562e-22	-1.90102059769409	0.009	0.034	5.82837169221217e-18	LAG3	c19
3.16095296465023e-22	-2.44928923773838	0.005	0.027	6.56403492639267e-18	DENND2D	c19
3.23889863523474e-22	-3.32747104265681	0.002	0.022	6.72589690592846e-18	RORA	c19
3.36918875922958e-22	-1.4453984103313	0.016	0.045	6.99645737741615e-18	CLK1	c19
4.20820580613068e-22	-1.12093920147972	0.028	0.061	8.73876017701097e-18	CCNL1	c19
4.39758494903293e-22	-1.75774554929386	0.01	0.036	9.13202490516178e-18	PVRIG	c19
4.88986092783998e-22	-1.45639620641536	0.016	0.044	1.01542852027525e-17	ATP5D	c19
4.92269408654746e-22	-1.03012889925691	0.031	0.064	1.02224665401245e-17	RPL22L1	c19
6.27576218706479e-22	-1.08985034795152	0.028	0.06	1.30322477576588e-17	TRMT112	c19
6.84265600432007e-22	-2.28847402748	0.006	0.028	1.42094594585711e-17	CLEC2D	c19
8.15673581983306e-22	1.48785024964718	0.017	0.006	1.69382776034653e-17	PTTG1IP	c19
9.41543891801941e-22	-0.926803591021039	0.052	0.09	1.95521004571591e-17	HSPE1	c19
1.01917965179075e-21	-0.298634101101173	0.542	0.566	2.11642846490867e-17	RPL29	c19
1.23786387066945e-21	-2.18711169184596	0.006	0.028	2.57054811383218e-17	TC2N	c19
1.27064194220818e-21	-1.10856133089049	0.028	0.06	2.63861505718951e-17	EIF3G	c19
1.29555688721569e-21	-2.45595928774342	0.005	0.026	2.69035343199209e-17	BIN2	c19
1.34633146141263e-21	-2.38307394704795	0.005	0.027	2.79579191276948e-17	CBLB	c19
1.42905346157245e-21	1.39256354034247	0.019	0.007	2.96757241830136e-17	DDAH2	c19
1.45539996497044e-21	-2.3102665974517	0.005	0.027	3.02228356725762e-17	SMCHD1	c19
1.84356576719406e-21	0.897606279318691	0.046	0.025	3.82834867215518e-17	BHLHE40	c19
1.90613567939937e-21	-0.51166076099575	0.454	0.494	3.95828135184074e-17	CYTB	c19
1.95021335030108e-21	-1.0542264382208	0.029	0.061	4.04981304323523e-17	YPEL5	c19
2.37417183936527e-21	-1.80518288879435	0.009	0.034	4.93020524162592e-17	OCIAD2	c19
2.74964152536866e-21	-2.038791156814	0.007	0.03	5.70990559158055e-17	GPBP1	c19
2.89472464547603e-21	-1.09939948050336	0.015	0.042	6.01118519879552e-17	RNF213	c19
3.64428106543415e-21	-1.30292073086973	0.019	0.048	7.56771406048055e-17	ATPIF1	c19
3.76902915489921e-21	-0.458303164165409	0.178	0.233	7.82676594306369e-17	CXCR4	c19
4.08134987564116e-21	-2.61555257467472	0.004	0.024	8.47533115175643e-17	PRKCH	c19
4.3285333633895e-21	-1.32507343506508	0.018	0.046	8.98863238241464e-17	ARF6	c19
5.88916862503521e-21	-2.12773510795637	0.006	0.028	1.22294475667481e-16	SUN2	c19
6.66725308163207e-21	-2.61341230400853	0.004	0.024	1.38452177493172e-16	CNOT6L	c19
7.10982377906543e-21	0.596516566848337	0.098	0.065	1.47642600596073e-16	SLC25A3	c19
8.21625553501319e-21	-2.6976845882521	0.006	0.027	1.70618762440084e-16	LINC01272	c19
9.15757912307219e-21	-2.42723655841504	0.005	0.025	1.90166288069717e-16	SCML4	c19
9.68694180907637e-21	-1.19652719195476	0.023	0.052	2.0115903360728e-16	ARL6IP4	c19
1.06909798290964e-20	-1.95022498109785	0.007	0.03	2.22008887131016e-16	SHISA5	c19
1.1906294051272e-20	-1.02826464435684	0.03	0.062	2.47246102268714e-16	KRTCAP2	c19
1.27776263147474e-20	-1.76874134157361	0.009	0.033	2.65340188052044e-16	SNHG9	c19
1.34807391348604e-20	-2.2280155572539	0.006	0.027	2.79941028874511e-16	FAM65B	c19
1.39324073265098e-20	-1.80341833472026	0.009	0.032	2.89320370542302e-16	BUB3	c19
1.51990730146601e-20	-1.20511608542548	0.024	0.053	3.15623950222432e-16	HSPH1	c19
1.59627355188015e-20	-1.43111573914852	0.015	0.041	3.31482165783433e-16	WIPF1	c19
1.91248980966232e-20	-1.06936663712668	0.027	0.058	3.97147633874477e-16	GYPC	c19
2.44578232881666e-20	-1.86899145796546	0.008	0.031	5.07891158402068e-16	EMB	c19
2.76800616765432e-20	-0.571122249046318	0.092	0.137	5.74804160775096e-16	PSME1	c19
3.42772183125546e-20	-0.474144804998272	0.13	0.18	7.11800715478508e-16	COX7C	c19
3.46089407851761e-20	-0.665189738265161	0.075	0.117	7.18689264344966e-16	UQCR11	c19
3.81238281115108e-20	-0.436311980432135	0.181	0.236	7.91679414563633e-16	IFITM2	c19
4.32337179062512e-20	-1.48477191411044	0.014	0.039	8.97791386041212e-16	HLA-G	c19
4.74999725018184e-20	-1.27034866799363	0.019	0.046	9.86384428972761e-16	ARHGDIA	c19
5.73214649627228e-20	1.81074676832148	0.01	0.003	1.1903375414159e-15	FAM49A	c19
5.97168195714448e-20	-2.45650210616936	0.004	0.024	1.24007947522062e-15	IKZF1	c19
6.29336087712412e-20	-1.21850827449251	0.022	0.05	1.30687931974359e-15	BRD2	c19
6.55777744839353e-20	-0.743139902980863	0.057	0.095	1.3617880649334e-15	UQCRB	c19
6.63137287477041e-20	-1.35613523483256	0.015	0.041	1.37707089117482e-15	YWHAQ	c19
6.65247545614431e-20	-3.58638752320401	0.001	0.019	1.38145305322293e-15	IKZF3	c19
6.96856317095705e-20	0.68422213881461	0.072	0.045	1.44709182808094e-15	CAP1	c19
8.86126945055725e-20	-2.10733777468036	0.006	0.027	1.84013121410272e-15	ITGAE	c19
9.45214679296356e-20	1.16985433326842	0.022	0.01	1.96283280302681e-15	CTSZ	c19
9.78008546518892e-20	-1.1519187837393	0.023	0.052	2.03093254770113e-15	SELL	c19
9.9277345836001e-20	-1.78965959049242	0.014	0.038	2.0615933636304e-15	XBP1	c19
1.02452420093185e-19	-3.58170344428119	0.001	0.019	2.12752695565508e-15	PTGER2	c19
1.09884976005522e-19	0.843396464507169	0.034	0.017	2.28187141173067e-15	STMN1	c19
1.29800828918171e-19	-1.52531382611852	0.013	0.037	2.69544401331474e-15	ARGLU1	c19
1.78316677538593e-19	-1.57955148165428	0.011	0.034	3.70292412576641e-15	ITM2C	c19
1.87897292208709e-19	1.29627080886333	0.02	0.008	3.90187517000605e-15	TMEM109	c19
2.28733805259784e-19	-1.55874263858727	0.012	0.035	4.74988620002468e-15	N4BP2L2	c19
2.37871485588698e-19	-1.79886596027243	0.008	0.03	4.93963926973489e-15	FAM177A1	c19
3.02781987950752e-19	-1.85020113242747	0.007	0.028	6.28757076178531e-15	EMD	c19
3.19273321072955e-19	-0.904776878383185	0.037	0.069	6.63002978540098e-15	CLEC2B	c19
3.51157309792585e-19	-1.30147126146313	0.017	0.043	7.29213269515283e-15	ELF1	c19
3.66173410243182e-19	-0.28578177513867	0.343	0.408	7.60395703710993e-15	S100A4	c19
4.092103687531e-19	0.107020715873003	0.543	0.456	8.49766251752687e-15	RPLP0	c19
5.22879940264998e-19	-0.880437897653918	0.04	0.073	1.08581248395429e-14	CYCS	c19
5.37077987586721e-19	0.120562857387402	0.672	0.586	1.11529614902258e-14	RPS13	c19
5.74352210397807e-19	1.47692961880456	0.015	0.005	1.19269980011209e-14	ITGAX	c19
6.0617489223727e-19	-1.60178202774999	0.011	0.033	1.25878278121991e-14	KMT2E	c19
6.15663694596495e-19	-1.49599591146894	0.013	0.036	1.27848722819908e-14	JAK1	c19
6.48019292929603e-19	-1.1094733082635	0.024	0.051	1.34567686369761e-14	DRAP1	c19
7.08342950842286e-19	-1.3227962857446	0.016	0.041	1.47094497171909e-14	C19orf60	c19
9.53100177041123e-19	-2.13294063076313	0.007	0.027	1.9792078276436e-14	TNFRSF18	c19
1.08549257455723e-18	-2.12661811902334	0.006	0.025	2.25413388032555e-14	CD40LG	c19
1.14676204210975e-18	0.424298459899782	0.145	0.106	2.38136605664511e-14	PPIB	c19
1.1780122112974e-18	-0.467835120109734	0.388	0.427	2.44626015798019e-14	ND4	c19
1.18562502378843e-18	-1.17810907107833	0.02	0.046	2.46206892439905e-14	SEPT7	c19
1.23561401564799e-18	-1.9453245068282	0.05	0.083	2.56587606489461e-14	S100A8	c19
1.29885296022698e-18	1.5165819681905	0.014	0.005	2.69719805720734e-14	ZNF385A	c19
1.41227115725763e-18	0.783513938943695	0.051	0.029	2.9327222851612e-14	TPM4	c19
1.61091617866035e-18	-2.92478084882293	0.002	0.019	3.34522853660608e-14	CAMK4	c19
1.79140426662919e-18	0.127105898328345	0.727	0.653	3.72003010008217e-14	RPL26	c19
1.84298639844709e-18	-1.79961046769582	0.007	0.026	3.82714555501523e-14	CLIC3	c19
1.85870086673863e-18	-2.03036091105245	0.006	0.026	3.85977821986944e-14	TERF2IP	c19
2.05437786016681e-18	-1.53449156027526	0.012	0.034	4.26612106442241e-14	GNB2	c19
2.2947152829792e-18	-1.15131408750298	0.022	0.048	4.7652057566346e-14	TUBB4B	c19
2.59508381243788e-18	-1.23666593862791	0.016	0.041	5.3889510449085e-14	ICAM3	c19
2.89263896882578e-18	-1.27750694517525	0.017	0.041	6.00685408266362e-14	CALM3	c19
3.05556819003121e-18	1.21684528667841	0.021	0.009	6.34519290341881e-14	ATP6AP1	c19
3.35218168661414e-18	-1.87131107521416	0.007	0.027	6.96114049042293e-14	ARHGAP9	c19
3.35310725509351e-18	-1.29857628078967	0.016	0.041	6.96306252592719e-14	DDX3X	c19
3.37954134324216e-18	1.52186365849641	0.014	0.005	7.01795555337666e-14	RIPK2	c19
3.49632874976733e-18	-1.4116764459467	0.013	0.036	7.26047628176685e-14	CCDC85B	c19
4.23625479961163e-18	-1.56357679341355	0.01	0.032	8.7970067168735e-14	MATR3	c19
4.35623213285694e-18	-1.93672975248244	0.007	0.026	9.04615164709073e-14	ARID5B	c19
4.38091132679396e-18	-0.990543147762535	0.052	0.086	9.09740046122033e-14	EGR1	c19
4.6899329829513e-18	-2.69157584905394	0.003	0.02	9.73911483239666e-14	KLRC4	c19
6.65509671717926e-18	-0.482680013647055	0.117	0.162	1.38199738428945e-13	PPP1R15A	c19
6.68083099365047e-18	-0.255123778305951	0.605	0.613	1.38734136414146e-13	RPL12	c19
6.81518324058171e-18	-1.5170387146227	0.011	0.033	1.4152409517392e-13	H3F3C	c19
7.82590482743298e-18	-1.8762675213192	0.007	0.027	1.62512739646473e-13	PRDX2	c19
8.26717447235507e-18	-1.84357131502348	0.007	0.027	1.71676145092925e-13	SH2D1A	c19
8.64179606656453e-18	-2.38403345235598	0.004	0.021	1.79455537118279e-13	NAP1L4	c19
8.6906898766534e-18	-1.68203193994769	0.009	0.03	1.80470865978584e-13	ARPC5L	c19
8.72888786832899e-18	0.818140282053328	0.042	0.024	1.8126408547372e-13	PLIN2	c19
9.47508138986803e-18	-0.983321770069987	0.029	0.057	1.96759540142e-13	PSMB8	c19
9.9380354335712e-18	-1.29647079465291	0.016	0.04	2.06373243813539e-13	SFPQ	c19
1.1331961020137e-17	-2.53427608793659	0.003	0.02	2.35319502544165e-13	TMC6	c19
1.1345203138546e-17	-1.4057482539446	0.013	0.036	2.35594488375047e-13	GTF3A	c19
1.26155250596867e-17	-0.919136727712095	0.03	0.059	2.61973993389453e-13	ATP6V1G1	c19
1.28698599529335e-17	-1.2916299064593	0.016	0.039	2.67255511782617e-13	CORO1B	c19
1.36570539269254e-17	-1.88001206568559	0.007	0.027	2.83602381846532e-13	CTLA4	c19
1.53845284940657e-17	-0.821891372761869	0.041	0.072	3.19475118707768e-13	NDUFA13	c19
1.65777921893978e-17	-1.70550141483494	0.009	0.029	3.44254432605035e-13	EML4	c19
1.66001075059415e-17	-1.10575673886088	0.021	0.046	3.44717832468382e-13	UXT	c19
1.68797234764e-17	-0.909292406175344	0.031	0.059	3.50524337710922e-13	EZR	c19
1.83334427643668e-17	-2.06784270870708	0.006	0.024	3.80712272444841e-13	PTPN22	c19
2.02756806945637e-17	-1.95058636633715	0.006	0.025	4.2104478530331e-13	RNF167	c19
2.05603691986949e-17	-0.494846485899966	0.026	0.054	4.26956626780098e-13	HIST1H4C	c19
2.35271294565558e-17	1.13353641834185	0.023	0.011	4.88564370294838e-13	AKR1A1	c19
2.6172479771909e-17	-1.23167529004492	0.016	0.039	5.43497714943462e-13	C12orf75	c19
2.84243001847531e-17	-1.40076624316749	0.013	0.035	5.90259017636583e-13	IL10RA	c19
2.93363664906425e-17	-1.83558615174546	0.008	0.027	6.09198986544683e-13	MIR4435-1HG	c19
3.32135587620513e-17	-2.44798944733382	0.004	0.02	6.89712761252758e-13	SYTL1	c19
3.33665282676621e-17	-1.55507569293481	0.01	0.031	6.92889326006271e-13	ANKRD12	c19
3.569418835143e-17	0.648191106563965	0.068	0.044	7.41225515305795e-13	BRK1	c19
3.5748623600289e-17	-1.12596219181971	0.019	0.043	7.42355917683601e-13	PET100	c19
4.63210020242206e-17	-1.26394868746639	0.017	0.04	9.61901928034965e-13	PGAM1	c19
4.77245271965189e-17	-0.436398693652213	0.096	0.137	9.91047531762911e-13	EMP3	c19
4.88832750243751e-17	-1.71568970169119	0.008	0.028	1.01511008915617e-12	CD47	c19
5.04005727824718e-17	-1.45560146623167	0.012	0.033	1.04661829440081e-12	NDFIP1	c19
5.0641679601608e-17	-1.14567738164003	0.02	0.044	1.05162511860699e-12	EIF4G2	c19
5.91042215827878e-17	-2.10443788417457	0.005	0.023	1.22735826538817e-12	CEBPB	c19
6.11519373336138e-17	-1.43537794334723	0.012	0.033	1.26988113066982e-12	PAIP2	c19
6.79131990780749e-17	-1.6574897556849	0.009	0.029	1.4102854920553e-12	LINC-PINT	c19
6.8246429596588e-17	-0.257160573842879	0.534	0.555	1.41720535700275e-12	RPL7A	c19
7.77406795797867e-17	-1.49339099502361	0.011	0.032	1.61436295215385e-12	CACYBP	c19
7.82378767202335e-17	-1.4196740267709	0.012	0.034	1.62468774797237e-12	SF3B1	c19
7.85535388172103e-17	0.674530614216603	0.061	0.038	1.63124278707819e-12	BST2	c19
8.22916998559295e-17	-2.11215800983898	0.005	0.023	1.70886943920823e-12	PDCD1	c19
8.38792504235093e-17	-2.02628521917405	0.006	0.023	1.74183651429459e-12	DEF6	c19
8.40133947722382e-17	0.309117344722274	0.24	0.193	1.7446221558403e-12	BTF3	c19
9.07146097538979e-17	-1.47536413703606	0.011	0.032	1.88377958614944e-12	DDX17	c19
1.01274198458742e-16	-1.94236082657367	0.006	0.024	2.10306000519423e-12	C5orf56	c19
1.03998656191688e-16	-1.4695748296549	0.011	0.031	2.15963609447659e-12	RALY	c19
1.22900349388905e-16	-0.875467622234213	0.029	0.056	2.55214865541e-12	IRF1	c19
1.31936020497246e-16	-1.26358352469186	0.016	0.038	2.7397834016458e-12	PPP1R18	c19
1.44117008720386e-16	1.03546144937377	0.028	0.014	2.99273380308754e-12	MTHFD2	c19
1.5020758900193e-16	-1.34572749935665	0.013	0.034	3.11921079321407e-12	ANXA6	c19
1.50410827866053e-16	-0.86661056690826	0.035	0.064	3.12343125146645e-12	SRSF2	c19
1.51145607173635e-16	-1.83296068233863	0.007	0.025	3.1386896785677e-12	CHD2	c19
1.52216499407655e-16	-1.53989628653891	0.01	0.03	3.16092782669937e-12	FKBP8	c19
1.56132741390891e-16	-0.873209362531242	0.033	0.062	3.24225250772325e-12	NDUFA3	c19
1.72135552340421e-16	0.865652695870031	0.038	0.021	3.57456687990119e-12	CANX	c19
1.85985403922862e-16	-2.1053307791688	0.005	0.022	3.86217289786216e-12	PBXIP1	c19
1.98138033421528e-16	-0.53353870226202	0.088	0.127	4.11453440203145e-12	SRP14	c19
2.0058665990751e-16	1.29202028739213	0.017	0.007	4.16538257963935e-12	HEXB	c19
2.03968448682674e-16	-0.915941626023528	0.03	0.057	4.23560880534441e-12	SEC61G	c19
2.087479412284e-16	-1.2324322989139	0.016	0.038	4.33485974754895e-12	SF3B5	c19
2.41473787609886e-16	-1.52863844476826	0.01	0.03	5.01444467350689e-12	RUNX3	c19
2.53273951714662e-16	-1.21967101668044	0.017	0.039	5.25948688130666e-12	DAD1	c19
2.71320326339601e-16	-1.06748748813583	0.021	0.046	5.63423789676815e-12	UBE2D2	c19
2.72246722710129e-16	-2.554072325304	0.003	0.018	5.65347544379854e-12	PYHIN1	c19
2.86521209014145e-16	-0.34460505521933	0.37	0.413	5.94989942638774e-12	H3F3B	c19
3.22533917375543e-16	-2.82637602900534	0.002	0.017	6.69773932822053e-12	SAMD3	c19
3.29547807963285e-16	-1.18881247858844	0.018	0.04	6.84338978016557e-12	NDUFB8	c19
3.39073209599655e-16	-1.44631096164626	0.011	0.032	7.04119427054644e-12	PRRC2C	c19
3.50775834181301e-16	0.723430803777442	0.108	0.078	7.28421097260891e-12	HSPB1	c19
3.58249676339809e-16	-1.31599030672819	0.014	0.035	7.43941277887247e-12	NDUFB9	c19
3.5852410028321e-16	-0.443604248006849	0.125	0.168	7.44511146648114e-12	RPL31	c19
4.05930538158018e-16	1.62929989698395	0.01	0.003	8.4295535553894e-12	DNASE2	c19
4.33891520204484e-16	-1.55477357564148	0.01	0.029	9.01019130856631e-12	JTB	c19
4.61821494372516e-16	0.966885351397337	0.029	0.015	9.59018515213967e-12	MGAT1	c19
5.25569539997881e-16	-1.03687012082101	0.022	0.046	1.0913977067596e-11	CXCL13	c19
5.3636385755526e-16	-1.87091922485774	0.006	0.023	1.11381318659925e-11	H2AFX	c19
5.5362525923308e-16	0.431940422328526	0.14	0.105	1.14965821332341e-11	NR4A2	c19
5.60183740035661e-16	-1.3950373522893	0.012	0.032	1.16327755455805e-11	SELPLG	c19
6.0507277168279e-16	-0.88933712246107	0.031	0.058	1.25649411767648e-11	SAP18	c19
6.83055670715366e-16	1.20207068283672	0.018	0.008	1.41843340580753e-11	MIS18BP1	c19
6.89964879042095e-16	-1.73749101255376	0.007	0.025	1.43278106781881e-11	SIGIRR	c19
6.96378710094296e-16	1.40688070975403	0.014	0.005	1.44610002938182e-11	UVRAG	c19
7.05539504742015e-16	-2.44815942112459	0.003	0.018	1.46512333554727e-11	PDE4D	c19
7.49389028053318e-16	-1.76716968857338	0.007	0.024	1.55618125565552e-11	BCL3	c19
8.41591607545204e-16	-2.21391433103672	0.004	0.02	1.74764913222837e-11	HMHA1	c19
8.63760264491942e-16	-0.514274693967439	0.12	0.161	1.79368456524397e-11	DDIT4	c19
8.90122646943337e-16	-0.326576961484177	0.226	0.275	1.84842868864253e-11	RPL27	c19
9.0056821617582e-16	-1.36590839279192	0.013	0.033	1.87011995771071e-11	IDS	c19
9.12327446302749e-16	-1.45292590894362	0.011	0.031	1.89453917499229e-11	LYST	c19
1.02503616647729e-15	-1.32594657192081	0.013	0.034	2.12859010330673e-11	SRSF11	c19
1.02758156824584e-15	-1.99472881625913	0.005	0.022	2.13387588461931e-11	FOXP1	c19
1.09612942164859e-15	-2.25772593399789	0.004	0.02	2.27622235699546e-11	SIRPG	c19
1.19127031845567e-15	-1.88299763207798	0.006	0.023	2.47379194330504e-11	RPS10	c19
1.30977609878007e-15	-0.312645640374388	0.248	0.297	2.71988104672669e-11	UBA52	c19
1.48615842687154e-15	-1.62628926831085	0.008	0.027	3.08615658924144e-11	SNHG1	c19
1.55268312159079e-15	-1.96623751849792	0.006	0.022	3.22430177029543e-11	UGP2	c19
1.57491947403382e-15	-3.34986784158789	0.002	0.015	3.27047777977863e-11	SPON2	c19
1.86071503963172e-15	-1.77820965185358	0.007	0.024	3.86396085129923e-11	RNF19A	c19
2.05286563645425e-15	-1.97138536928314	0.005	0.022	4.2629807806609e-11	CCDC109B	c19
2.05657069352363e-15	0.711359833885176	0.054	0.034	4.27067470217116e-11	POMP	c19
2.27050309703895e-15	-1.70656196834618	0.007	0.024	4.71492673131109e-11	SIT1	c19
2.27782552963959e-15	0.957953685571359	0.019	0.008	4.73013249484956e-11	EREG	c19
2.3209069291562e-15	-2.88803653853974	0.002	0.016	4.81959532908576e-11	ICAM2	c19
2.42345732016155e-15	-0.76070675851919	0.041	0.069	5.03255147104748e-11	HNRNPK	c19
2.73913272672969e-15	-0.543522120058448	0.077	0.113	5.68808302032688e-11	CHCHD2	c19
2.75041534900566e-15	0.830862662341372	0.037	0.021	5.71151251374515e-11	KLF10	c19
2.78960580372882e-15	-1.05868502622957	0.02	0.043	5.79289541202326e-11	MRPS21	c19
2.83980961272738e-15	-1.22948488396615	0.015	0.036	5.89714864178968e-11	STK4	c19
2.89875614219789e-15	-2.07733390522131	0.004	0.02	6.01955700488815e-11	MATK	c19
2.93455309288899e-15	-1.11484438127366	0.019	0.041	6.09389295269328e-11	NHP2L1	c19
2.93682787592493e-15	-2.43640541420998	0.003	0.018	6.0986167671457e-11	GPR171	c19
3.28038176057682e-15	0.666839777032064	0.055	0.035	6.81204076401382e-11	CMTM6	c19
3.34890581951621e-15	-1.11925017401071	0.017	0.039	6.95433782480736e-11	BAX	c19
3.37331848086287e-15	-2.86859041879777	0.002	0.016	7.00503315735984e-11	CYFIP2	c19
3.63661459562223e-15	-2.3392923253317	0.004	0.019	7.55179386926912e-11	TNFSF9	c19
3.89311598265997e-15	-1.5204620003712	0.01	0.028	8.0844446495917e-11	C4orf48	c19
4.02144340793156e-15	-1.71205181230151	0.007	0.024	8.35092938091067e-11	MEAF6	c19
4.05970543188361e-15	-1.85026604705057	0.006	0.023	8.4303842998495e-11	LOC642441	c19
4.44715916954495e-15	-1.90255726331465	0.006	0.022	9.23497073147704e-11	AAK1	c19
4.93217950596104e-15	-1.93931266351097	0.005	0.021	1.02421639620787e-10	ANXA2R	c19
5.18715450499204e-15	-3.77887670995377	0.001	0.013	1.07716450450665e-10	TCF7	c19
5.6593330053838e-15	-2.1975732062522	0.004	0.019	1.175217091898e-10	HMGN4	c19
5.86979504528852e-15	-2.08102649756451	0.004	0.02	1.21892163910461e-10	CXCR6	c19
6.4676778554462e-15	-1.83984237530942	0.006	0.022	1.34307798346196e-10	TTC39C	c19
6.50901307051632e-15	-1.59873430527156	0.008	0.026	1.35166165422342e-10	MZT2B	c19
7.00428266364632e-15	-2.39176963845539	0.003	0.018	1.4545093379328e-10	DDX6	c19
7.22044054043024e-15	0.73012128667976	0.046	0.028	1.49939668262574e-10	CNPY3	c19
7.91031196736495e-15	-0.885878522168021	0.031	0.057	1.64265538314301e-10	PHLDA1	c19
7.93479305789276e-15	-1.89425550463066	0.005	0.021	1.64773912640201e-10	RPL13AP5	c19
8.00176892842464e-15	-1.69595498296938	0.007	0.024	1.66164733567666e-10	SSU72	c19
8.47936673655492e-15	-2.14246056793692	0.004	0.019	1.760825296513e-10	ARID4B	c19
8.7604318887835e-15	-1.32977090239326	0.011	0.03	1.81919128602478e-10	BLOC1S1	c19
9.72569230111971e-15	-1.4583495028112	0.01	0.028	2.01963726325052e-10	MAT2B	c19
1.04156594613341e-14	-0.897101263253514	0.028	0.053	2.16291584374065e-10	PPP1CA	c19
1.37821191772873e-14	-1.81053812119182	0.01	0.028	2.86199486835547e-10	TNFRSF4	c19
1.4796427268927e-14	0.882227745283502	0.031	0.017	3.07262608666538e-10	MAT2A	c19
1.62910257253937e-14	-0.943400417827059	0.025	0.049	3.38299440213526e-10	ROMO1	c19
1.85203244442463e-14	-1.84534590414971	0.006	0.021	3.84593057409219e-10	SELM	c19
1.91647134437642e-14	-1.75270641636271	0.007	0.023	3.97974439373208e-10	SBDS	c19
2.03356438821951e-14	0.161693792450485	0.345	0.289	4.22289980857664e-10	EEF1B2	c19
2.06232035628164e-14	0.725761171294697	0.042	0.025	4.28261445185445e-10	IFI6	c19
2.08975324157053e-14	-1.99403165630205	0.005	0.02	4.33958158144536e-10	IL6ST	c19
2.10835812152219e-14	-1.94030684650723	0.005	0.02	4.37821647515299e-10	PSMB8-AS1	c19
2.194703512683e-14	-2.62478278081998	0.002	0.016	4.55752131443752e-10	STAT4	c19
2.31135368802406e-14	-1.27555766418694	0.013	0.032	4.79975706855076e-10	NDUFB10	c19
2.36979763195104e-14	1.1912308308065	0.018	0.008	4.92112176250953e-10	CX3CR1	c19
2.56282281578086e-14	-0.817233244492629	0.033	0.058	5.32195785925054e-10	NDUFA1	c19
2.90989930270655e-14	-2.54973887713607	0.003	0.016	6.04269689200041e-10	TMC8	c19
2.94567486562081e-14	0.598288834146096	0.064	0.042	6.11698842594818e-10	ARF5	c19
2.95384974229315e-14	-1.55305751691304	0.008	0.025	6.13396437484595e-10	MRPL33	c19
3.01917159982753e-14	-1.48441941120553	0.01	0.028	6.26961174420184e-10	ZFAND2A	c19
3.27262561453399e-14	-1.76507337942506	0.006	0.022	6.79593435114129e-10	SNORA78	c19
3.92556269204909e-14	-1.38539931758547	0.011	0.029	8.15182348630914e-10	TOMM5	c19
4.28554102140763e-14	-2.77967016249179	0.002	0.015	8.89935448505509e-10	LEF1	c19
4.45769003768222e-14	-1.19474680109432	0.015	0.034	9.25683913225091e-10	PNISR	c19
5.00831697198599e-14	-1.51422817938711	0.009	0.026	1.04002710240261e-09	SPSB3	c19
5.26045921063667e-14	-0.880339309047994	0.028	0.051	1.09238695968081e-09	NDUFB11	c19
5.50156624230039e-14	-1.82470313474833	0.006	0.021	1.1424552458761e-09	ANKRD44	c19
6.02730856864057e-14	-0.974553173235012	0.022	0.044	1.2516308973639e-09	EIF4B	c19
6.09947528800169e-14	-0.382709202011355	0.15	0.191	1.26661703830643e-09	EEF2	c19
6.23272643194948e-14	-2.45020320358516	0.003	0.016	1.29428797085863e-09	MACF1	c19
6.89439590390037e-14	1.1497874538008	0.018	0.008	1.43169025340395e-09	ARL5A	c19
6.89648797808669e-14	-1.69775283143656	0.007	0.022	1.43212469352948e-09	SASH3	c19
7.00017707308655e-14	0.534651737562384	0.077	0.053	1.45365677099715e-09	ACTR3	c19
7.32887973853284e-14	1.09169115943631	0.018	0.008	1.52191516650373e-09	RNF144B	c19
7.43081598715933e-14	-0.763445138812088	0.035	0.061	1.54308324789351e-09	PLP2	c19
7.73743881910468e-14	-1.36242174261839	0.011	0.029	1.60675654517528e-09	TCIRG1	c19
8.02151578591665e-14	-1.99791338981789	0.005	0.019	1.66574796810345e-09	RBL2	c19
8.52249260033876e-14	-1.75139844252798	0.007	0.022	1.76978081338635e-09	ODC1	c19
8.54602485475261e-14	-2.7209830301056	0.002	0.014	1.77466752133793e-09	TRG-AS1	c19
9.25274579184941e-14	-2.42764264906598	0.003	0.016	1.92142519113545e-09	HMOX2	c19
1.02226378236602e-13	-1.94214157385893	0.005	0.019	2.12283297046128e-09	BTG3	c19
1.04088752662668e-13	-1.81389656252056	0.005	0.02	2.16150703779296e-09	LMAN2	c19
1.0706146209676e-13	-1.44794521617617	0.009	0.026	2.22323832190132e-09	BSG	c19
1.07516652699041e-13	-1.64599641047806	0.007	0.023	2.23269080994828e-09	SRRM2	c19
1.18234514938337e-13	-2.29947153061106	0.003	0.016	2.4552579372095e-09	PTPN7	c19
1.24021759054735e-13	-1.50765812824618	0.009	0.025	2.57543584853063e-09	MAPRE2	c19
1.37687524326746e-13	-0.790583538702436	0.031	0.055	2.85921913016921e-09	SELK	c19
1.40173161399369e-13	-2.08343835943729	0.004	0.018	2.91083586961929e-09	AQP3	c19
1.48540160621172e-13	-1.96271913842582	0.004	0.018	3.08458497545926e-09	ZBTB20	c19
1.53952572982864e-13	-1.46686384537915	0.009	0.025	3.19697913056216e-09	CHURC1	c19
1.54883992061378e-13	-1.00531683773985	0.02	0.041	3.21632097914658e-09	UBXN1	c19
1.59770467918444e-13	-1.08065766334523	0.019	0.039	3.31779353679441e-09	DDIT3	c19
1.64827058333367e-13	1.02885871454952	0.021	0.01	3.42279869335071e-09	PILRA	c19
1.65332008638552e-13	-2.13730251808019	0.003	0.016	3.43328449138818e-09	PPP1R2P9	c19
1.78379157326696e-13	-1.91965041653393	0.005	0.019	3.70422158104617e-09	SPRY1	c19
2.21048411618966e-13	-2.22637610477762	0.003	0.017	4.59029131567946e-09	RHBDD2	c19
2.3434533365563e-13	-1.53619318623336	0.008	0.023	4.86641519869281e-09	PSTPIP1	c19
2.55691971305918e-13	-1.36945988053415	0.01	0.027	5.3096994761387e-09	CCDC107	c19
2.70746933348362e-13	-0.670952627934512	0.051	0.078	5.62233081791209e-09	NEAT1	c19
2.77686939260234e-13	1.08052817430208	0.019	0.009	5.76644698067802e-09	STX11	c19
2.92698137774747e-13	-1.64485506975423	0.007	0.022	6.0781695290304e-09	DANCR	c19
3.26457448393634e-13	-1.95428817082302	0.005	0.018	6.7792153733422e-09	OPTN	c19
3.36810069405044e-13	-2.16473035340356	0.004	0.017	6.99419790126514e-09	MYO1G	c19
3.58054614351501e-13	-2.0468300931297	0.004	0.018	7.43536212162328e-09	METTL12	c19
3.70846019520121e-13	-1.92803963657989	0.005	0.019	7.70098844135484e-09	SUPT3H	c19
3.71685895998095e-13	-1.55693892418686	0.007	0.023	7.71842931629644e-09	ZNRD1	c19
3.72738761743994e-13	-0.781006973022484	0.034	0.058	7.74029312637578e-09	LAMTOR4	c19
3.98071013677837e-13	-1.76975378186275	0.006	0.02	8.26634267003396e-09	AKNA	c19
4.17991417685792e-13	-4.79636742371895	0	0.011	8.68000977966315e-09	KLRF1	c19
4.27021126120584e-13	-1.0894363157946	0.016	0.035	8.86752070502005e-09	SCAND1	c19
4.36550726816627e-13	-3.03150636172071	0.001	0.013	9.06541239307408e-09	RBMS1	c19
4.98359014091395e-13	0.971062013583941	0.026	0.014	1.03489232866219e-08	BNIP3L	c19
5.29693369322464e-13	-0.904500313665814	0.042	0.067	1.09996125073503e-08	TNF	c19
5.34717922672777e-13	-1.30215395166438	0.011	0.027	1.11039523822229e-08	MRPL41	c19
5.53109637996309e-13	0.697162144534761	0.044	0.027	1.14858747426313e-08	PGLS	c19
5.58037888393338e-13	-2.14302862201594	0.004	0.016	1.15882147903761e-08	GPS2	c19
5.85724673118975e-13	-1.93890575473916	0.005	0.018	1.21631585619886e-08	MIEN1	c19
5.99216094575141e-13	-1.53003526282944	0.008	0.024	1.24433214199474e-08	AIM1	c19
6.27836528432733e-13	-2.49742503000174	0.002	0.014	1.30376533494341e-08	ADD3	c19
6.91277213672049e-13	-1.89981684706865	0.005	0.018	1.43550626191138e-08	C1orf86	c19
7.18989205840539e-13	-0.93795585438163	0.02	0.04	1.49305298484846e-08	SEPT6	c19
7.25301384359175e-13	-2.04647693861586	0.004	0.017	1.50616085476026e-08	RNF166	c19
7.32013486242279e-13	-2.23682526969822	0.003	0.016	1.52009920553072e-08	R3HDM4	c19
7.9618683223087e-13	-1.60199638312638	0.007	0.022	1.65336157581063e-08	DNAJB9	c19
8.46080183798064e-13	-2.00291222757534	0.004	0.017	1.75697010967506e-08	ITGAL	c19
8.48241674053071e-13	-0.612885922632957	0.047	0.074	1.76145866033861e-08	CIB1	c19
8.74988830751187e-13	-1.86276990493513	0.005	0.018	1.81700180593791e-08	FAM107B	c19
8.76137330889136e-13	-1.36963354609156	0.01	0.026	1.81938678132438e-08	DGUOK	c19
8.76624562164799e-13	-3.15376211177171	0.001	0.012	1.82039856579142e-08	SLA2	c19
9.14536589022639e-13	-0.885880295196973	0.025	0.046	1.89912668076441e-08	MSN	c19
9.30369981567021e-13	-1.28796383315126	0.011	0.027	1.93200630372208e-08	NDUFB7	c19
1.01672979505001e-12	-2.40724720359901	0.003	0.015	2.11134109240085e-08	SURF4	c19
1.06897240401102e-12	-2.76020433990332	0.002	0.013	2.21982809416928e-08	GPR56	c19
1.1316716669712e-12	-2.07081189865525	0.004	0.017	2.35002938363239e-08	MED10	c19
1.16233021680657e-12	-1.61738456862361	0.007	0.021	2.41369492822052e-08	TMEM2	c19
1.1714633136885e-12	-2.85871602658401	0.002	0.013	2.43266071720555e-08	THEMIS	c19
1.20794511211276e-12	-1.31271691890964	0.01	0.026	2.50841881981336e-08	LOC374443	c19
1.22163235688434e-12	-2.34121316579904	0.002	0.014	2.53684175230602e-08	MAL	c19
1.32017920780656e-12	-2.06634811093302	0.004	0.016	2.7414841429311e-08	GCC2	c19
1.33693906471552e-12	-1.40177399087954	0.009	0.024	2.77628766178826e-08	SPNS1	c19
1.35002356686743e-12	-1.7292895934611	0.006	0.02	2.8034589389569e-08	USP15	c19
1.46173472617594e-12	-1.33669421896945	0.01	0.026	3.03543833237697e-08	C16orf13	c19
1.51201296560057e-12	-1.17692316215381	0.013	0.03	3.13984612436614e-08	SLA	c19
1.51367185755426e-12	-1.94344600750226	0.004	0.017	3.14329097939718e-08	ATM	c19
1.6275122802459e-12	-1.28013994185169	0.011	0.027	3.37969200115865e-08	TECR	c19
1.63928566279955e-12	-1.80069277269589	0.005	0.019	3.40414060736955e-08	CCND2	c19
1.66623318813409e-12	-1.31118410474522	0.011	0.027	3.46009983847926e-08	TOB1	c19
1.8344488293791e-12	-1.74506735155198	0.006	0.019	3.80941643908864e-08	C9orf78	c19
1.91363493330079e-12	-1.40622758937199	0.009	0.024	3.97385430249242e-08	ECH1	c19
2.1193331223643e-12	-1.1500320249718	0.014	0.031	4.40100716190171e-08	C11orf58	c19
2.21463223607775e-12	-1.5645041293417	0.007	0.021	4.59890530143906e-08	CMPK1	c19
2.35971103207634e-12	-0.279210140075876	0.24	0.283	4.90017592920974e-08	ATP5E	c19
2.4193071414167e-12	-1.2566574418958	0.011	0.028	5.02393320986591e-08	DYNLRB1	c19
2.56345062719941e-12	-0.719680798412559	0.037	0.061	5.3232615724423e-08	TMEM258	c19
2.5803583511288e-12	-1.50467327222575	0.008	0.022	5.35837215195406e-08	H1FX	c19
2.63803827644797e-12	-1.70843281616509	0.006	0.019	5.47815028487186e-08	MPHOSPH8	c19
2.78138151682709e-12	-2.30670265235602	0.003	0.015	5.77581685784313e-08	RASGRP2	c19
3.05661363877426e-12	0.562043011512309	0.064	0.043	6.34736388227862e-08	PRELID1	c19
3.29842703984745e-12	-2.38232430034837	0.003	0.014	6.84951359094721e-08	LOC100996919	c19
3.49226794969838e-12	-1.81567538451253	0.005	0.018	7.25204362434366e-08	POLR2K	c19
3.78808258787579e-12	-0.706121880319332	0.038	0.061	7.86633230198287e-08	SAMSN1	c19
3.86401409491721e-12	-1.72450418585164	0.006	0.019	8.02401166950507e-08	APMAP	c19
3.89154858629921e-12	-1.75387324892732	0.005	0.018	8.08118979430893e-08	RAD21	c19
4.03798272061049e-12	-1.64817772216921	0.006	0.02	8.38527491761975e-08	SF3B2	c19
4.04493341661712e-12	-1.05186294890676	0.016	0.034	8.39970873294711e-08	SNRPB	c19
4.04507976949689e-12	-0.810449151068086	0.028	0.049	8.40001264933724e-08	C14orf2	c19
4.41216674626193e-12	0.645812586947051	0.044	0.028	9.16230546528753e-08	HIF1A	c19
4.46781450379e-12	-2.01954898658805	0.004	0.016	9.27786359857032e-08	TBRG1	c19
4.67588694838285e-12	-0.893366157318751	0.023	0.043	9.70994683701182e-08	VPS28	c19
5.14361789251e-12	-1.93000650128929	0.004	0.017	1.06812369155863e-07	FOXP3	c19
5.271612764375e-12	-2.01954898658805	0.004	0.016	1.09470310665011e-07	SVIP	c19
5.32789143835266e-12	-2.59310316993779	0.002	0.013	1.10638993608831e-07	PELO	c19
5.482949238404e-12	-2.27197415679099	0.003	0.014	1.13858923884697e-07	EPS15	c19
5.82836189928388e-12	-1.37301482557759	0.009	0.023	1.21031763200529e-07	AIP	c19
5.92834802117901e-12	-2.26990503482873	0.003	0.014	1.23108075007803e-07	POLR3GL	c19
6.01354399820389e-12	0.765587115054212	0.032	0.019	1.24877254666702e-07	PRMT9	c19
6.15426645005298e-12	-1.21116579806863	0.012	0.028	1.277994971018e-07	DPP7	c19
6.28819313083576e-12	-0.977058577698338	0.019	0.037	1.30580618554935e-07	SRRM1	c19
6.4090421429061e-12	1.10712662340684	0.017	0.008	1.33090169139588e-07	EPSTI1	c19
7.03379323978507e-12	-1.824844084877	0.005	0.017	1.46063750417377e-07	RASSF1	c19
7.19134906410052e-12	-2.17731318920186	0.003	0.014	1.49335554665111e-07	BCL11B	c19
7.93669411574512e-12	-1.46870027465173	0.008	0.022	1.64813390007563e-07	VCP	c19
8.26848678777849e-12	-1.8895354218494	0.004	0.017	1.71703396635008e-07	HERPUD2	c19
8.29233461138054e-12	0.383062239343165	0.12	0.091	1.72198620539928e-07	TPM3	c19
8.37085672924115e-12	0.808710219585966	0.029	0.017	1.73829210839422e-07	AP1S2	c19
9.42821300088916e-12	0.689913188833144	0.033	0.019	1.95786271176464e-07	SSR3	c19
9.49797202868574e-12	-1.99439318870362	0.004	0.016	1.97234887147688e-07	CYTH1	c19
9.86364407024743e-12	-1.78465738362786	0.005	0.018	2.04828432762758e-07	MYO1F	c19
9.97408572718761e-12	-1.54251291953028	0.007	0.02	2.07121864210778e-07	RASAL3	c19
1.02187297058906e-11	-2.46474845637715	0.002	0.013	2.12202141072525e-07	KCNA3	c19
1.06416812794324e-11	-1.5947948195835	0.006	0.02	2.20985153448694e-07	STAT3	c19
1.07216679161924e-11	-0.891901811621334	0.022	0.041	2.22646155947651e-07	HNRNPF	c19
1.25041029122083e-11	-0.842661586693854	0.024	0.044	2.59660201074918e-07	TRAPPC1	c19
1.30921858748253e-11	-2.17938156954309	0.003	0.014	2.71872331876621e-07	UBAC2	c19
1.31810534991163e-11	-1.79795681426543	0.005	0.017	2.73717756962648e-07	METTL9	c19
1.42010869531297e-11	-2.03962566582908	0.003	0.015	2.94899771668691e-07	NCOR1	c19
1.45728846277643e-11	1.05781987379886	0.018	0.009	3.02620522180153e-07	CD58	c19
1.56764022867985e-11	0.824477125452987	0.02	0.01	3.25536169887658e-07	CTSL	c19
1.57757991869743e-11	-1.65354423191902	0.006	0.019	3.27600245916709e-07	FMNL1	c19
1.58649661607726e-11	-1.82505548425329	0.005	0.017	3.29451887294603e-07	RABGAP1L	c19
1.64228452000118e-11	-1.20885577910523	0.011	0.027	3.41036803423444e-07	UBE2B	c19
1.69302713113884e-11	-2.29181200744293	0.003	0.013	3.51574014052291e-07	RASA2	c19
1.70118121215708e-11	-1.42046537762224	0.008	0.022	3.53267290516539e-07	HNRNPH1	c19
1.75999939634708e-11	-1.50155543681084	0.007	0.021	3.65481474645434e-07	CD5	c19
1.78254235370709e-11	-2.29617554964545	0.003	0.013	3.70162745170815e-07	DGKA	c19
1.798578647345e-11	-0.861066020018988	0.023	0.043	3.73492841907663e-07	TAPBP	c19
1.89152143431265e-11	-0.728878822792288	0.059	0.086	3.92793341049365e-07	CCL4L1	c19
1.90446447494331e-11	-1.85259257705115	0.004	0.016	3.95481092866727e-07	FGFR1OP2	c19
1.97289074723381e-11	-1.86471424976336	0.004	0.016	4.09690492570572e-07	FOSL2	c19
2.04229049580529e-11	-1.96543863977941	0.004	0.015	4.24102044358926e-07	FNBP4	c19
2.07399236237735e-11	0.361638057378133	0.067	0.046	4.3068525397128e-07	NAMPT	c19
2.15786408769118e-11	-0.919019496787899	0.02	0.038	4.4810205644995e-07	NEDD8	c19
2.16757067438134e-11	1.15535393080107	0.014	0.006	4.50117726242029e-07	ADAM28	c19
2.28549114372153e-11	-1.27533016358867	0.01	0.025	4.74605090905212e-07	MBP	c19
2.2868560269481e-11	-1.53442168088066	0.007	0.02	4.74888522556043e-07	NEU1	c19
2.31370574588176e-11	-0.850295552731887	0.023	0.043	4.80464135189806e-07	ZYX	c19
2.34887319675433e-11	-1.09388652530558	0.014	0.031	4.87767008038005e-07	SNHG12	c19
2.40675033454308e-11	-1.71929911390522	0.005	0.017	4.99785774471216e-07	IK	c19
2.5763902604153e-11	-1.10634418301513	0.014	0.03	5.35013201477842e-07	UBE2I	c19
2.60488923489979e-11	-1.34668812199178	0.009	0.023	5.40931298519291e-07	SRSF10	c19
2.61155125370234e-11	-1.89354476683155	0.004	0.016	5.42314733343828e-07	GATA3	c19
2.66487935508954e-11	-1.54570231006385	0.007	0.019	5.53388846877895e-07	RPS19BP1	c19
2.71833717561421e-11	-1.81236273226261	0.004	0.016	5.64489897888047e-07	RAB27A	c19
2.72140269478427e-11	0.845797437899454	0.026	0.014	5.65126483598902e-07	CECR1	c19
2.74983934707642e-11	-1.0343592939105	0.017	0.033	5.71031638813889e-07	SPCS2	c19
2.8227184306919e-11	-1.4754929015383	0.007	0.021	5.86165709317479e-07	SPCS3	c19
2.85031026242326e-11	-2.099134795703	0.003	0.014	5.91895429094814e-07	GSDMD	c19
2.97997000896543e-11	0.560654299752794	0.06	0.041	6.18820572061762e-07	RHOG	c19
3.02578835087525e-11	0.370079704517623	0.119	0.091	6.28335208942753e-07	RNASEK	c19
3.0268375912045e-11	0.637020855639573	0.043	0.028	6.28553094189527e-07	IGFLR1	c19
3.16994823454357e-11	-1.50011496196822	0.007	0.02	6.58271450385318e-07	RSRC2	c19
3.34734889298943e-11	-1.25887281884148	0.01	0.024	6.95110471118185e-07	KRT10	c19
3.5126817722602e-11	-1.88585037504155	0.006	0.019	7.29443496827554e-07	SEC11C	c19
3.53188688121839e-11	-1.70830548771164	0.005	0.017	7.3343162975381e-07	TRAT1	c19
3.61837841697308e-11	-1.54492820743171	0.007	0.021	7.51392462068629e-07	XIST	c19
3.85893745173769e-11	-2.69936445397135	0.002	0.011	8.01346951227849e-07	OGT	c19
4.35174119503513e-11	-0.182204789431637	0.374	0.423	9.03682576560995e-07	SH3BGRL3	c19
4.36139287858457e-11	-2.07633310634115	0.003	0.014	9.05686845166872e-07	ACP1	c19
4.45402193782942e-11	-2.3436069401973	0.002	0.013	9.24922195609658e-07	LOC101929910	c19
4.49368101975702e-11	-1.45842685251548	0.007	0.02	9.33157800562743e-07	NDUFAF3	c19
4.85705017776209e-11	-1.85782922541729	0.004	0.016	1.00861503991407e-06	TRA2A	c19
5.0882298000877e-11	-0.621785100443415	0.043	0.066	1.05662180028621e-06	UBE2D3	c19
5.11290824800175e-11	-1.50953017123542	0.007	0.02	1.06174652678004e-06	AGTRAP	c19
5.3222324226536e-11	-2.02026717920582	0.003	0.014	1.10521478488825e-06	ABHD14B	c19
5.34109850649606e-11	-4.42970035083614	0.001	0.011	1.10913251585897e-06	MZB1	c19
5.50326717017181e-11	-0.988687435525217	0.017	0.033	1.14280846055788e-06	TOMM20	c19
5.66431976066122e-11	-1.20921020609163	0.01	0.025	1.17625264149891e-06	MZT2A	c19
5.86745722180997e-11	-1.85076756158311	0.004	0.016	1.21843616668106e-06	CCDC167	c19
5.97366503387132e-11	-2.80777749282145	0.001	0.011	1.24049128093372e-06	CDC25B	c19
6.0597925310799e-11	-1.25905705461131	0.008	0.022	1.25837651700405e-06	RPL19P12	c19
6.11100577349822e-11	-1.88542810223277	0.004	0.015	1.26901145892464e-06	CHIC2	c19
6.39190038230219e-11	-0.839201065407463	0.025	0.044	1.32734203338887e-06	RHOC	c19
6.65932121205062e-11	-1.49821189895181	0.007	0.019	1.38287464289443e-06	C19orf66	c19
6.81348276490662e-11	-2.24574397015747	0.003	0.013	1.41488783096051e-06	FAM173A	c19
6.91208795493745e-11	-1.34831616128337	0.009	0.022	1.43536418472231e-06	DGCR6L	c19
6.92964013754916e-11	-1.88397937068922	0.004	0.015	1.43900907096346e-06	CHST12	c19
6.94407534655703e-11	-2.3230293245142	0.002	0.013	1.44200668646603e-06	LY9	c19
7.42522345277045e-11	-1.46938578159759	0.007	0.02	1.54192190220231e-06	ARID5A	c19
7.57885727746397e-11	-1.47488848669352	0.007	0.02	1.57382550223817e-06	RBCK1	c19
7.99440772955378e-11	-1.05081061883844	0.014	0.03	1.66011870911914e-06	CAST	c19
8.10909063612901e-11	-1.11826027107237	0.013	0.028	1.68393376149855e-06	ANXA11	c19
8.38602023491033e-11	-0.5690541818316	0.05	0.074	1.74144096198148e-06	COX6C	c19
8.44742144217526e-11	-1.41808039687587	0.007	0.02	1.75419153668211e-06	TNFRSF14	c19
9.02410610124385e-11	-1.7086619790662	0.005	0.016	1.8739458729843e-06	TNRC6B	c19
9.27861217930866e-11	-2.07214834621806	0.003	0.014	1.92679660515524e-06	PASK	c19
9.58294406899618e-11	-1.11277556194173	0.013	0.028	1.98999416536775e-06	LOC100506248	c19
9.65576290085528e-11	-1.30215395166438	0.009	0.023	2.00511572399161e-06	NME3	c19
9.85583553635305e-11	-0.737513896855599	0.03	0.049	2.04666280747908e-06	ARF1	c19
1.04457007338845e-10	-2.77190286128719	0.001	0.011	2.16915421439846e-06	NELL2	c19
1.05727966968472e-10	-2.54543819422389	0.002	0.011	2.19554696206729e-06	SYNE1	c19
1.06754602831736e-10	-1.06216061976302	0.013	0.028	2.21686608240383e-06	GBP5	c19
1.13391931302196e-10	-1.16565391660015	0.011	0.026	2.3546968454214e-06	CXCR3	c19
1.15320382605323e-10	-1.70913781650452	0.005	0.016	2.39474306518214e-06	GCHFR	c19
1.20611952463558e-10	-1.78285682228617	0.004	0.016	2.50462780485825e-06	BTN3A2	c19
1.27756720644691e-10	-1.30380368888348	0.009	0.022	2.65299606090765e-06	NDUFC1	c19
1.32336527307597e-10	-2.64052414962577	0.002	0.011	2.74810032606957e-06	TOPORS-AS1	c19
1.39526725698534e-10	-2.52801334983517	0.002	0.011	2.89741198585575e-06	LINC00674	c19
1.644299103865e-10	-2.07492864201184	0.003	0.013	3.41455151908606e-06	TPST2	c19
1.68891173739183e-10	-0.87597589478034	0.02	0.037	3.50719411386787e-06	NSA2	c19
1.72507731994625e-10	-1.7449228821985	0.005	0.016	3.58229556260037e-06	TSEN54	c19
1.7409629005981e-10	-1.01818721932322	0.015	0.03	3.61528355938202e-06	SRP9	c19
1.78849190982991e-10	-1.83653968452365	0.004	0.015	3.71398229995279e-06	RAPGEF6	c19
1.82522549839972e-10	-2.21735354940321	0.002	0.012	3.79026326997686e-06	ZBTB38	c19
1.95529130182668e-10	0.709975270053263	0.109	0.085	4.06035791737328e-06	CTSD	c19
1.9640816912244e-10	-0.932078533061713	0.018	0.034	4.07861203999659e-06	TMEM50A	c19
1.96501118076404e-10	-1.31349892525839	0.008	0.021	4.08054221797461e-06	SH3KBP1	c19
2.04342739901102e-10	-0.678360763003607	0.034	0.054	4.24338133678628e-06	NDUFB1	c19
2.09157562537688e-10	-1.76178780514942	0.065	0.087	4.34336594365764e-06	S100A9	c19
2.12227089428829e-10	-1.08718214848395	0.013	0.027	4.40710773907906e-06	COX14	c19
2.12743772894492e-10	-2.50906034511967	0.002	0.011	4.41783718792702e-06	NMRK1	c19
2.20987847522807e-10	-1.08911708489081	0.014	0.029	4.58903364165862e-06	LOC284454	c19
2.26011659588747e-10	-1.21078180274408	0.01	0.023	4.69335812301992e-06	ANKRD28	c19
2.34180702381667e-10	-1.95951314812673	0.003	0.014	4.8629964656577e-06	GPCPD1	c19
2.40200927114404e-10	-2.17997199109456	0.003	0.012	4.98801245245771e-06	RTF1	c19
2.42959228369015e-10	0.849636464690152	0.023	0.013	5.04529133631097e-06	FAM96A	c19
2.46609497493575e-10	-1.19567133996727	0.01	0.024	5.12109282495158e-06	G3BP2	c19
2.77278441533666e-10	-1.55545325060412	0.006	0.017	5.7579641168881e-06	HNRNPUL1	c19
2.79191412800006e-10	-2.72382018940913	0.001	0.01	5.79768887820492e-06	PITPNC1	c19
2.99974152420807e-10	-0.330365424690188	0.254	0.291	6.22926324917048e-06	UBC	c19
3.03494146982975e-10	-0.943892524076822	0.018	0.034	6.30235945624847e-06	SLC38A2	c19
3.26152310831924e-10	-1.39463878570069	0.007	0.02	6.77287888673574e-06	ARHGAP4	c19
3.40591132895213e-10	-0.344210583349939	0.117	0.149	7.07271546570199e-06	COMMD6	c19
3.4564268217931e-10	0.494607499675705	0.116	0.091	7.17761593813555e-06	HMGN2	c19
3.46979148672739e-10	-1.22639388827407	0.01	0.023	7.20536900133811e-06	LSM8	c19
3.52196121114267e-10	-1.34449258952986	0.008	0.02	7.31370465105887e-06	RAB11B	c19
3.61785206540143e-10	-1.13934629066402	0.011	0.025	7.51283159901261e-06	SYF2	c19
3.67886857413448e-10	-1.35544824355389	0.008	0.02	7.63953848104765e-06	RHOF	c19
3.68478012053904e-10	-2.23214423041664	0.002	0.012	7.65181439831137e-06	GABPB1-AS1	c19
3.95867063123038e-10	-1.26740463761699	0.009	0.022	8.22057543281301e-06	BCLAF1	c19
3.9641157255625e-10	-1.85123941605694	0.004	0.014	8.2318827157031e-06	TSPAN14	c19
3.98404240852302e-10	-1.38448289286731	0.007	0.019	8.2732624655389e-06	RAB1B	c19
4.03993838261004e-10	-2.04063737347284	0.003	0.013	8.38933604532801e-06	ADRBK1	c19
4.15497712782285e-10	-1.31904879203519	0.008	0.021	8.62822550363692e-06	TAF7	c19
4.2079541377148e-10	-1.92978809313795	0.003	0.014	8.73823756237856e-06	SP140	c19
4.3724654013634e-10	-0.908742538159289	0.018	0.034	9.07986165247123e-06	WDR1	c19
4.46513271472542e-10	-1.8131793042322	0.004	0.014	9.27229459539882e-06	IRF3	c19
4.47086725053014e-10	0.947816557222174	0.02	0.01	9.28420293245089e-06	MX1	c19
4.50309176720259e-10	-2.69591696077741	0.001	0.01	9.3511203637729e-06	PDE3B	c19
4.57815924232345e-10	-1.08705496819517	0.012	0.026	9.50700548260888e-06	SEC62	c19
4.65422711287308e-10	-1.32047755673814	0.008	0.021	9.66496802259223e-06	SNRNP70	c19
4.75209049662926e-10	-0.612327598774388	0.04	0.062	9.86819112530031e-06	CDC42	c19
4.82284489024264e-10	-1.18431746137053	0.01	0.023	1.00151196990779e-05	ARPC4	c19
4.85117184388048e-10	-2.08632728138782	0.003	0.012	1.00739434510022e-05	NCF1B	c19
5.1686766131529e-10	-0.949482333345913	0.016	0.031	1.07332738548733e-05	PRDX5	c19
5.22076711920212e-10	-1.33640008788266	0.007	0.019	1.08414449997351e-05	TAF1D	c19
5.27850464680772e-10	0.494658986802668	0.077	0.057	1.09613427495609e-05	CTSC	c19
5.32412067837139e-10	-1.02730731352378	0.014	0.028	1.1056069000706e-05	TMED2	c19
5.34035898039989e-10	-0.259151685120494	0.423	0.444	1.10897894586984e-05	RPL5	c19
5.34381475592037e-10	-1.61494139269528	0.005	0.016	1.10969657221442e-05	NKTR	c19
5.36107580973239e-10	-1.84134542103414	0.004	0.014	1.11328100264903e-05	PNPLA2	c19
5.46504033979404e-10	-1.29755543470703	0.008	0.021	1.13487027696163e-05	TCF25	c19
5.4752061009951e-10	-1.12757392798702	0.011	0.025	1.13698129893264e-05	RNPS1	c19
5.53349278534387e-10	-1.76421879825957	0.004	0.015	1.14908511180451e-05	TRADD	c19
5.64255919508628e-10	1.28370213536028	0.01	0.004	1.17173384245162e-05	ITPR2	c19
5.87544611208343e-10	-0.934451677673556	0.016	0.031	1.22009513963525e-05	SP100	c19
5.88067605351999e-10	-1.01796476786273	0.013	0.028	1.22118118927396e-05	POLR1D	c19
5.91175465521559e-10	-1.31904879203519	0.008	0.02	1.22763497170207e-05	SIVA1	c19
5.91483048124669e-10	-1.17430289021255	0.01	0.023	1.22827369773569e-05	UBXN4	c19
5.93579967084897e-10	-2.02116441749926	0.003	0.013	1.2326281596485e-05	CYLD	c19
6.00250369562987e-10	-1.32311357030003	0.008	0.02	1.2464799174345e-05	SF3B6	c19
6.45717062051908e-10	-1.6428834224997	0.005	0.016	1.34089605105699e-05	ZC3H12A	c19
6.59050569772345e-10	-1.75517050701932	0.004	0.015	1.36858441318925e-05	LOH12CR1	c19
6.83028024796546e-10	-0.782018285503164	0.025	0.042	1.41837599629251e-05	TRA2B	c19
7.37669688292474e-10	-0.837199453608728	0.02	0.036	1.53184487470815e-05	IQGAP1	c19
7.58222472304651e-10	-1.9548801817306	0.003	0.013	1.57452478598784e-05	NOP58	c19
7.59187995473192e-10	-1.5354920423132	0.006	0.017	1.57652979139963e-05	PECAM1	c19
7.61458928549222e-10	-0.455067933306097	0.069	0.095	1.58124561102531e-05	PSMB9	c19
7.98943141250406e-10	-1.54332892353444	0.005	0.016	1.65908532712059e-05	CLPP	c19
8.0022164635698e-10	-1.59212068528518	0.005	0.016	1.6617402708249e-05	MAPK1IP1L	c19
8.31824877242329e-10	-1.13652757435536	0.011	0.024	1.72736754008142e-05	HNRNPH3	c19
8.45537915582054e-10	-1.90389216513637	0.003	0.013	1.75584403549769e-05	PCED1B	c19
8.62040494116187e-10	-1.70957826683335	0.004	0.015	1.79011329008167e-05	CGGBP1	c19
8.65597239324086e-10	-0.707223614701567	0.028	0.047	1.7974992271804e-05	C4orf3	c19
9.35980174875856e-10	-1.89832190709342	0.003	0.013	1.9436564311472e-05	RPA3	c19
9.67200510655047e-10	-1.16258361631122	0.009	0.022	2.00848858042627e-05	MRPS6	c19
9.9579978550325e-10	-1.27588260282226	0.008	0.02	2.06787783457605e-05	MRPL54	c19
1.00425186742758e-09	-1.3405768628621	0.007	0.019	2.08542942790012e-05	LAMP1	c19
1.03610188699312e-09	-1.85233153953142	0.004	0.013	2.1515691785299e-05	RBMX	c19
1.03766520153082e-09	-1.11380463369492	0.011	0.025	2.15481555749891e-05	SLC3A2	c19
1.03958314844104e-09	-0.876744159596299	0.019	0.034	2.15879836605267e-05	COX17	c19
1.07444259808781e-09	-0.411216764365882	0.211	0.244	2.23118749918915e-05	ND5	c19
1.0853097188977e-09	1.23113552743513	0.011	0.005	2.25375416226297e-05	CD19	c19
1.13906516543446e-09	-1.34448231278962	0.006	0.017	2.3653827225412e-05	NCR3	c19
1.14652384381758e-09	-1.06059351867724	0.013	0.026	2.38087141407158e-05	CCT4	c19
1.14776054619078e-09	0.451100985085648	0.176	0.149	2.38343955021977e-05	MT2A	c19
1.15207608467122e-09	-0.990705218412364	0.014	0.029	2.39240119742825e-05	NDUFA6	c19
1.16025703885607e-09	-1.89440989025278	0.003	0.013	2.40938976688851e-05	SRSF9	c19
1.19858282242913e-09	1.01772340365822	0.014	0.007	2.48897708905633e-05	ARL5B	c19
1.24693993872601e-09	-1.98850703186082	0.003	0.012	2.58939547675843e-05	SNRPA1	c19
1.26062892333966e-09	-1.80107662131885	0.004	0.014	2.61782202220713e-05	SLC44A2	c19
1.34048769692631e-09	-1.84950852797783	0.003	0.013	2.78365675143717e-05	STK10	c19
1.35402181956556e-09	-2.63843733952882	0.001	0.01	2.81176171050984e-05	RNF126	c19
1.37076379902848e-09	-0.549096895524537	0.047	0.069	2.84652810506253e-05	SRSF3	c19
1.42806955185877e-09	-2.63014379933895	0.001	0.01	2.96552923138991e-05	FGD3	c19
1.54790303315061e-09	-0.925047779121796	0.015	0.03	3.21437543864055e-05	H2AFV	c19
1.62931181785761e-09	-1.37387479330133	0.006	0.017	3.38342892096312e-05	LOC101928173	c19
1.65861385616939e-09	-1.1657815099331	0.01	0.022	3.44427753372136e-05	UBE2N	c19
1.68548749300382e-09	-0.888802829013427	0.018	0.033	3.50008332797174e-05	FNBP1	c19
1.72999023447226e-09	-1.46721319793488	0.006	0.017	3.5924977209051e-05	CISH	c19
1.83740238211158e-09	-2.49901128089369	0.002	0.01	3.81554978669291e-05	SAP30BP	c19
1.84353715451465e-09	-1.12555227704472	0.011	0.023	3.82828925506512e-05	OTUB1	c19
1.93706598598299e-09	-2.61264715148946	0.001	0.01	4.02251122649228e-05	COQ10B	c19
1.96882055411723e-09	-1.91103641458206	0.003	0.013	4.08845276267985e-05	GRK6	c19
1.9889797998257e-09	-2.49237140450015	0.002	0.01	4.13031545231805e-05	SBDSP1	c19
1.99895732292947e-09	-1.67587874827114	0.004	0.014	4.15103477679534e-05	PHF1	c19
2.02636165851473e-09	-1.22902188812107	0.009	0.021	4.20794262007168e-05	DSTN	c19
2.05264826873645e-09	-1.31957100474179	0.007	0.019	4.26252939485812e-05	AMD1	c19
2.06975866563089e-09	-2.60881528989844	0.001	0.01	4.29806084504911e-05	IPCEF1	c19
2.13127484157241e-09	-1.74299294412967	0.004	0.014	4.42580533600926e-05	LINC00869	c19
2.22974291487254e-09	-0.824584502680721	0.02	0.035	4.63028413702431e-05	MINOS1	c19
2.23037043546123e-09	-0.751440653746921	0.024	0.041	4.63158724627878e-05	CDC37	c19
2.35247838458372e-09	-1.00438840277578	0.013	0.026	4.88515661342656e-05	MYEOV2	c19
2.38571476882224e-09	-1.73283496042755	0.004	0.014	4.95417528893627e-05	SLTM	c19
2.41515631989189e-09	-0.948733309373485	0.015	0.029	5.0153136138875e-05	DYNLT1	c19
2.46769248142635e-09	-2.28618939812159	0.002	0.011	5.12441020692996e-05	INPP4B	c19
2.48685961238100e-09	-0.897264407761623	0.016	0.031	5.16421267107037e-05	FAM96B	c19
2.60810367050277e-09	-1.29606662178547	0.008	0.019	5.41598808216606e-05	NT5C	c19
2.71572408696092e-09	-1.95328119441521	0.003	0.012	5.63947263898305e-05	JMJD6	c19
2.91422842148736e-09	-0.95829300135008	0.014	0.028	6.05168674006066e-05	GPR65	c19
2.99953444827124e-09	-1.16240237584257	0.009	0.021	6.22883323528007e-05	CDC42SE1	c19
3.0512777190553e-09	-0.81032324057317	0.021	0.036	6.33628331139023e-05	COPE	c19
3.18578014735447e-09	-1.59390225167835	0.004	0.014	6.6155910539963e-05	MGEA5	c19
3.24220089206279e-09	-1.0247295409763	0.012	0.025	6.73275437245759e-05	MRPL57	c19
3.33560039341838e-09	-1.42011140589837	0.006	0.017	6.9267077769726e-05	PRKACB	c19
3.55634985018024e-09	-2.27075185252525	0.002	0.01	7.38511609888429e-05	RGS14	c19
3.62010137614012e-09	-1.88025143768562	0.003	0.012	7.51750251769256e-05	WHSC1L1	c19
3.69398419236879e-09	-1.567620003179	0.005	0.015	7.67092757387302e-05	STUB1	c19
3.75014246016975e-09	-0.277071696749791	0.643	0.59	7.78754583278849e-05	RNR1	c19
3.75056727609025e-09	0.733723084664213	0.027	0.016	7.78842800552901e-05	RTN4	c19
3.81822508551987e-09	-0.845938382525902	0.02	0.035	7.92892621259057e-05	CREM	c19
3.83937514564954e-09	1.16366459088071	0.011	0.005	7.97284642745584e-05	NAGK	c19
3.84036850966639e-09	-1.17455072777211	0.009	0.021	7.97490924717322e-05	CAPZA1	c19
3.94082221629204e-09	-0.710566414160263	0.027	0.044	8.18351141435205e-05	SPCS1	c19
4.00489627951799e-09	-1.8784551788428	0.003	0.012	8.31656761404705e-05	RNF187	c19
4.05280383385817e-09	-0.554523425951034	0.041	0.061	8.41605244138988e-05	CD53	c19
4.07658436127015e-09	-1.58529593094675	0.005	0.015	8.46543508461359e-05	PRPF4B	c19
4.22295463007624e-09	-1.42447791964597	0.006	0.016	8.76938758481632e-05	PIM3	c19
4.80736962728112e-09	-1.22262396991652	0.008	0.019	9.98298376801197e-05	MFSD10	c19
4.83302166691646e-09	-0.875565589714103	0.017	0.032	0.000100362527935187	TRAM1	c19
5.05835662280617e-09	-1.49409579047958	0.005	0.015	0.000105041833629193	PAFAH1B1	c19
5.12897076166005e-09	-1.54805110307171	0.005	0.015	0.000106508206836633	SF3A2	c19
5.14869223554911e-09	-1.82388065109318	0.003	0.012	0.000106917742963413	CLTB	c19
5.2129856579446e-09	-0.254969810292948	0.175	0.209	0.000108252860172877	HNRNPA1	c19
5.24843468550851e-09	-1.4695748296549	0.006	0.016	0.00010898899467927	PNRC2	c19
5.31974827997222e-09	-0.853919165338648	0.017	0.032	0.000110469892781903	OSTF1	c19
5.33138506607606e-09	-1.92274036211626	0.003	0.012	0.000110711542282135	TLE4	c19
5.4165851075328e-09	-1.81740191170985	0.003	0.012	0.000112480806343026	PPP6C	c19
5.44572835377415e-09	1.0576664418501	0.013	0.006	0.000113085994994474	THEMIS2	c19
5.5658196338844e-09	-0.98568028686913	0.013	0.026	0.000115579810517244	TNFAIP8	c19
5.66753977172118e-09	-1.18578790252405	0.009	0.021	0.000117692130899562	SNHG7	c19
6.37030434767465e-09	-1.91282915067792	0.003	0.012	0.000132285740083812	RNF113A	c19
6.41360077585649e-09	-1.05702205872483	0.011	0.024	0.000133184833711436	PSMD8	c19
6.55915204386482e-09	-0.822383472565754	0.019	0.034	0.000136207351342897	CSDE1	c19
6.80079119925132e-09	0.966264087566985	0.015	0.008	0.000141225230043653	UBE2D1	c19
7.37492249401836e-09	-1.95404656057752	0.003	0.011	0.000153147640510785	TUBB2A	c19
7.52530835224505e-09	-1.26614034175298	0.007	0.018	0.000156270553242721	STXBP2	c19
7.64351632477786e-09	-1.69753292517276	0.004	0.013	0.000158725260000337	TBCC	c19
7.68741404836718e-09	-0.662236448123741	0.029	0.046	0.000159636840128393	CELF2	c19
7.73831208046406e-09	-1.40813373763923	0.005	0.015	0.000160693788662917	BIRC2	c19
7.83421042483904e-09	-1.11194193607709	0.008	0.02	0.000162685213682208	ATP5EP2	c19
8.0223154052005e-09	-1.15963347897314	0.009	0.021	0.000166591401704394	PPP1CC	c19
8.03447677184998e-09	-1.12321304841211	0.009	0.021	0.000166843944644237	AURKAIP1	c19
8.44035325335963e-09	-1.84695932591356	0.003	0.012	0.000175272375659266	KRAS	c19
8.55739592692522e-09	-1.48097041400051	0.005	0.015	0.000177702883818529	LENG8	c19
8.64349233286307e-09	-1.59286806164059	0.005	0.014	0.000179490761784235	YPEL3	c19
9.06226912330406e-09	-1.2726499573543	0.007	0.018	0.000188187080614532	TPR	c19
9.59532143677920e-09	-0.986253239633169	0.013	0.026	0.000199256444956157	IFI27L2	c19
1.02071746196843e-08	-1.84538932677582	0.003	0.011	0.000211962188152364	SRSF8	c19
1.06894719712344e-08	-1.28000467439663	0.007	0.018	0.000221977574954653	CHCHD10	c19
1.10447455908256e-08	-2.142396309645	0.002	0.01	0.000229355186939084	STARD3NL	c19
1.12042850444004e-08	-1.34223750958581	0.007	0.017	0.000232668183232019	ATF7IP	c19
1.14569995659205e-08	-1.57287104228447	0.004	0.013	0.000237916052985904	TMEM160	c19
1.15600181632501e-08	-1.60427052273873	0.004	0.014	0.000240055337178053	TMEM134	c19
1.22441948966141e-08	-0.880061694851589	0.016	0.03	0.000254262951223089	ERH	c19
1.27141940186904e-08	-1.08652693012411	0.01	0.022	0.000264022952992126	ATF4	c19
1.29517115688471e-08	-2.04797046341286	0.002	0.011	0.00026895524243868	PLEKHF1	c19
1.30708127791533e-08	0.684353812007503	0.029	0.018	0.000271428498171898	RAB7A	c19
1.31327297635679e-08	-1.87184969573223	0.003	0.011	0.00027271426627025	TEX264	c19
1.32862694071674e-08	-1.0039119735701	0.012	0.024	0.000275902670509239	RNF7	c19
1.33469678993632e-08	-1.21812765203534	0.007	0.018	0.000277163135398175	MRPS34	c19
1.37352357592547e-08	-1.9836116716164	0.003	0.011	0.000285225905776683	MMP24-AS1	c19
1.37989844327671e-08	-2.19098457572791	0.002	0.01	0.000286549710730841	STK38	c19
1.38134835339267e-08	-2.0430858806156	0.002	0.011	0.000286850799065522	B3GNT2	c19
1.38597479513277e-08	-1.13602052938445	0.009	0.021	0.000287811525957272	NAA10	c19
1.39591158350049e-08	-0.998270032246783	0.013	0.025	0.000289874999429711	DNAJB4	c19
1.42310942695576e-08	-2.28381436096145	0.002	0.01	0.000295522903601633	SLAMF1	c19
1.48279032203017e-08	-1.98293514403501	0.003	0.011	0.000307916238272785	TNFRSF25	c19
1.48976943921816e-08	-1.53759079893415	0.005	0.014	0.000309365521748044	ERN1	c19
1.51637514850055e-08	1.08224695693065	0.014	0.007	0.000314890463337624	NUB1	c19
1.54649099827979e-08	-1.81225364791483	0.003	0.012	0.00032114432070278	CD46	c19
1.59133807644203e-08	-2.03607909151054	0.002	0.01	0.000330457264953951	FAM102A	c19
1.68643847075305e-08	-1.5929805095195	0.004	0.014	0.000350205812836577	STARD7	c19
1.69178327354469e-08	-1.49436089778961	0.005	0.014	0.000351315714584291	WTAP	c19
1.74162614299414e-08	-2.02833211392557	0.002	0.01	0.000361666084854163	USP3	c19
1.75003600474327e-08	-1.64718172969549	0.004	0.013	0.000363412476744987	ADSS	c19
1.75973039487738e-08	-1.09020936127697	0.009	0.02	0.000365425613800237	ZC3HAV1	c19
1.77327363087139e-08	-1.4979350865886	0.005	0.014	0.000368238002186752	ARHGAP30	c19
1.92998500254433e-08	-1.28347253059831	0.007	0.017	0.000400780685628356	RWDD1	c19
1.98370170784875e-08	-1.23602217089642	0.007	0.018	0.000411935496651871	PAPOLA	c19
2.00325542299811e-08	-1.39050982608523	0.006	0.016	0.000415996021139787	NCF1C	c19
2.01696513207341e-08	-1.95767794986255	0.003	0.011	0.000418842979326363	UHMK1	c19
2.02806211836872e-08	-1.57068016101166	0.004	0.013	0.000421147379500448	UTRN	c19
2.0631556413243e-08	-1.54802968745652	0.004	0.013	0.000428434900477405	HLA-J	c19
2.10045920764653e-08	1.02974344773624	0.018	0.01	0.000436181359059879	SMIM14	c19
2.10161542999019e-08	0.733228926399101	0.025	0.015	0.000436421460191762	TWF2	c19
2.17473950451092e-08	-1.27019880718255	0.007	0.017	0.000451606405506737	LINC00116	c19
2.24875038401516e-08	1.08560194127815	0.01	0.005	0.000466975504744588	PTGS2	c19
2.27234814664285e-08	-1.4362019167781	0.005	0.015	0.000471875816131855	ZNF428	c19
2.28093446503276e-08	-2.08985034795152	0.002	0.01	0.000473658851008702	TARSL2	c19
2.31478922619961e-08	-1.39050982608523	0.006	0.015	0.000480689130712611	H3F3A	c19
2.36672538772033e-08	1.08705024863119	0.012	0.006	0.000491474194014004	GBP4	c19
2.37130974633773e-08	-2.08544516883152	0.002	0.01	0.000492426181924493	CBWD5	c19
2.39038766274399e-08	-0.863841654128856	0.016	0.029	0.000496387902045417	TMEM123	c19
2.43011812750577e-08	-1.70897551142835	0.004	0.012	0.000504638330357848	RNASEH2C	c19
2.43217708900471e-08	-1.78821871607292	0.003	0.012	0.000505065894302717	ZRANB2	c19
2.47192560669062e-08	-1.84016925761305	0.003	0.011	0.000513320071485374	FAM50A	c19
2.57029988657498e-08	-1.94939054531648	0.003	0.011	0.00053374847444616	TGFBR2	c19
2.63652951906449e-08	-1.95008298355434	0.003	0.011	0.000547501719928932	MFNG	c19
2.73775071955274e-08	-0.512306480485476	0.046	0.065	0.000568521314422322	USMG5	c19
2.7423540554161e-08	-1.3424004063331	0.006	0.016	0.000569477243147708	HAX1	c19
2.80951729276805e-08	-1.52617255582289	0.005	0.014	0.000583424361016213	TIAL1	c19
2.84152572535119e-08	-2.07511380469462	0.002	0.01	0.000590071232126427	RNF125	c19
2.85272153921484e-08	-1.23453345819023	0.008	0.018	0.000592396154833353	PTMS	c19
2.87258297144408e-08	-1.10842373260961	0.009	0.02	0.000596520579850077	STOM	c19
2.97259717009454e-08	0.918088684842042	0.016	0.008	0.000617289528341831	COMT	c19
3.05123101485443e-08	0.955554582571787	0.014	0.008	0.000633618632544672	SYK	c19
3.11102727412339e-08	-2.06619907988687	0.002	0.01	0.000646035923744462	XRN1	c19
3.13895141831268e-08	-1.55635775584456	0.004	0.013	0.000651834651526811	TMUB1	c19
3.16437082314963e-08	-1.30215395166438	0.007	0.016	0.000657113245135252	IDI1	c19
3.17479101654484e-08	-1.443899139744	0.005	0.014	0.000659277102495701	TRAPPC6A	c19
3.20807094131488e-08	-1.52128849798247	0.005	0.014	0.000666188011673448	PPP3CC	c19
3.23921372747015e-08	-1.30081336457004	0.007	0.016	0.000672655122646451	SS18L2	c19
3.36757244390648e-08	-1.22718094888681	0.007	0.017	0.00069931009370162	UFM1	c19
3.46570703288462e-08	-1.27720759453415	0.007	0.017	0.000719688722448821	MAX	c19
3.50051287248425e-08	-1.5519221027243	0.004	0.013	0.000726916503100079	SH3GLB1	c19
3.52745711908079e-08	-0.986746172590878	0.012	0.024	0.000732511745348317	DOK2	c19
3.5375892697839e-08	-1.33406913174115	0.006	0.016	0.000734615787763324	SDF4	c19
3.60292128829014e-08	-0.548129909798259	0.039	0.057	0.00074818263472633	NDUFA11	c19
3.62517302133957e-08	-1.44246700900114	0.005	0.014	0.000752803429611375	HNRNPLL	c19
3.62690236541525e-08	0.307540266732514	0.106	0.084	0.000753162545202132	TSPO	c19
3.62825660635841e-08	-0.856354198614853	0.015	0.028	0.000753443766876387	TBCB	c19
3.63298120117739e-08	-1.49251928979995	0.005	0.014	0.000754424876236496	SEMA4D	c19
3.668165704846e-08	-1.99041134062335	0.002	0.01	0.000761731290268321	CARD8	c19
3.72517238739739e-08	-1.21010849128559	0.007	0.018	0.000773569297966942	PCNP	c19
3.76520353099901e-08	-1.54747276985034	0.004	0.013	0.000781882165247255	FAM195B	c19
3.79622378266157e-08	-1.24223379864657	0.007	0.017	0.000788323830707501	PSMC5	c19
3.85030921076458e-08	-1.22499487437926	0.007	0.017	0.000799555210707373	STRAP	c19
3.86113454584381e-08	-1.46021879789664	0.005	0.014	0.000801803199789927	MRFAP1	c19
3.87808539067319e-08	-1.3345332446745	0.006	0.016	0.000805323212227194	DPM3	c19
4.06436239290274e-08	-1.98605493557922	0.002	0.01	0.000844005494510184	ATG12	c19
4.0921705408217e-08	-1.34700818744864	0.006	0.015	0.000849780134507034	IMP3	c19
4.22184953324398e-08	-1.76572134487089	0.003	0.011	0.000876709274073445	FBXW5	c19
4.28193222012314e-08	-1.92071057215363	0.003	0.01	0.000889186044830772	LOC100996740	c19
4.28620778856644e-08	-1.40367559587207	0.005	0.014	0.000890073909373707	ACTN4	c19
4.32715997712488e-08	-0.707845299608897	0.023	0.038	0.000898578040849752	SNRPG	c19
4.42268927336105e-08	-0.990804492409112	0.011	0.023	0.000918415654506155	BCAP31	c19
4.46634067120399e-08	-1.04089495925675	0.01	0.021	0.00092748030378222	SUMO1	c19
4.57402678637288e-08	-1.67789619039107	0.004	0.012	0.000949842402458192	RPAIN	c19
4.62700817972292e-08	-1.30077272126602	0.006	0.016	0.000960844518601261	DDX18	c19
4.68288103052864e-08	-1.25455291820366	0.007	0.017	0.000972447074799578	LSM2	c19
4.69051596321216e-08	-1.67172290309035	0.004	0.012	0.000974032544920637	GYG1	c19
4.84741599222554e-08	-1.04277201865244	0.009	0.02	0.00100661440494556	IL16	c19
4.94839612097152e-08	-1.25678244390308	0.006	0.016	0.00102758393848094	MAF1	c19
4.95846122855009e-08	-0.979276402948157	0.012	0.023	0.00102967405872071	SELT	c19
5.01290905937808e-08	-2.04215360592022	0.002	0.01	0.00104098069527045	MAPK1	c19
5.17726168928439e-08	-1.63135309952785	0.004	0.012	0.0010751101623968	SARS	c19
5.31107156920311e-08	-1.71092469254087	0.003	0.011	0.00110289712206072	MED30	c19
5.32660876027427e-08	-1.94305084911401	0.003	0.011	0.00110612357515856	MT1F	c19
5.40536814568914e-08	-1.24055919618472	0.006	0.016	0.00112247874913381	TMX4	c19
5.55256090375941e-08	-1.8449984760828	0.003	0.011	0.00115304479727468	MRPL10	c19
5.58330474084781e-08	-1.44654386099956	0.005	0.014	0.00115942906248446	POLR2J	c19
5.72938953036794e-08	-1.15536421636821	0.008	0.018	0.00118976502987621	HP1BP3	c19
5.74912066763151e-08	-1.24097348099058	0.007	0.017	0.00119386239784036	RASSF5	c19
5.77691451888016e-08	-2.03226949056204	0.002	0.01	0.00119963406899065	RALGAPA1	c19
5.92659006373208e-08	-1.18350945516577	0.008	0.018	0.0012307156926346	CDC42EP3	c19
5.95527059966171e-08	-1.29153056896117	0.006	0.016	0.00123667149272575	DOCK8	c19
6.0188965319105e-08	-1.95077508960786	0.003	0.01	0.00124988405381653	RTKN2	c19
6.04209590306016e-08	-1.9751060210939	0.002	0.01	0.00125470163522947	NUCB2	c19
6.12703459994042e-08	-1.37017237509304	0.006	0.015	0.00127234000502363	SSH2	c19
6.18126949514197e-08	-1.13743980646978	0.008	0.019	0.00128360242336118	PPP1R10	c19
6.25984540683113e-08	-1.52218632823948	0.004	0.013	0.00129991949718255	CCDC59	c19
6.35947774520419e-08	-1.79299427502099	0.003	0.011	0.0013206091485691	CAPNS1	c19
6.37219974473963e-08	-0.905324400283317	0.014	0.026	0.00132325099899263	AUP1	c19
6.68823910672633e-08	0.816820341393195	0.019	0.011	0.00138887973290279	APEX1	c19
6.7281991146721e-08	-0.944490715241908	0.012	0.024	0.00139717782815281	TRABD	c19
6.77471697404434e-08	-1.89000617802046	0.003	0.01	0.00140683772683005	CCDC69	c19
6.83280004628144e-08	-1.54899112997038	0.004	0.013	0.0014188992576108	COPS6	c19
7.02754003014738e-08	-0.937658061005328	0.012	0.023	0.0014593389626604	RBM25	c19
7.3822035666392e-08	-1.69551555429172	0.003	0.011	0.0015329883926483	CPNE1	c19
7.38591234214044e-08	-1.68972288295024	0.003	0.011	0.00153375855696888	ILF3	c19
7.52040930992408e-08	-1.581964070249	0.004	0.012	0.00156168819729883	DHPS	c19
7.80848125615315e-08	-1.48662914279237	0.005	0.013	0.00162150921765276	CMTM3	c19
8.02961351847165e-08	-1.29724682094398	0.006	0.015	0.00166742954324582	HIST1H1D	c19
8.06856104085718e-08	-1.50679895499544	0.004	0.013	0.0016755173857444	TNIP1	c19
8.08260539436901e-08	-1.01803681555716	0.011	0.022	0.00167843383619467	DNPH1	c19
8.12858066702073e-08	-0.997001569527849	0.01	0.021	0.00168798106131352	C7orf73	c19
8.21794826278193e-08	-1.82258722866254	0.003	0.01	0.0017065391362493	CCT7	c19
8.25560488123062e-08	-1.68778681237444	0.003	0.011	0.00171435890963635	ARAP2	c19
8.39266020010316e-08	-1.5771908813097	0.004	0.012	0.00174281981715342	SRRT	c19
8.51412038924086e-08	-1.88204546283812	0.003	0.01	0.00176804224002976	B3GAT3	c19
8.84230039139631e-08	-1.88422092699633	0.003	0.01	0.00183619209927736	VPS37B	c19
9.03368483834661e-08	-1.53260998838692	0.004	0.013	0.00187593499353106	NRBP1	c19
9.34466727177065e-08	-1.9319706881698	0.002	0.01	0.00194051360565589	CCSER2	c19
9.37765906727334e-08	-1.25262814400231	0.007	0.016	0.00194736468190998	XRCC5	c19
9.50630825551673e-08	-0.985453018440571	0.011	0.022	0.0019740799723406	TMEM173	c19
9.58990211161135e-08	-1.09064984647067	0.008	0.018	0.00199143907249721	TMEM243	c19
9.7046607261863e-08	-1.67963446466036	0.003	0.011	0.00201526984639985	ZNF292	c19
9.73510283063139e-08	-0.976621165418512	0.011	0.022	0.00202159145380891	TGFB1	c19
9.96077834834423e-08	-1.63411794939453	0.004	0.012	0.00206845523181716	WDR33	c19
1.00557756287391e-07	-1.81480224756965	0.003	0.01	0.00208818236706395	RGL4	c19
1.01227150674113e-07	-1.76434407026424	0.003	0.011	0.00210208301089862	MIER1	c19
1.01250111477744e-07	-1.76227568992302	0.003	0.011	0.00210255981494683	RNPEPL1	c19
1.01259725057212e-07	-1.7176380366273	0.003	0.011	0.00210275945053806	PUF60	c19
1.01745473972671e-07	-0.690494470904946	0.024	0.038	0.00211284651251648	TMEM59	c19
1.03136295481148e-07	-1.53202149356298	0.004	0.012	0.00214172831196152	EPB41L4A-AS1	c19
1.03360277566677e-07	0.994683162260149	0.012	0.006	0.00214637952394961	BEX4	c19
1.04419103162498e-07	-0.895159952253179	0.024	0.039	0.00216836709627243	MT1X	c19
1.05972919355878e-07	-0.753240064981741	0.021	0.035	0.00220063364334417	SNHG15	c19
1.09155263764153e-07	-1.71025163675964	0.003	0.011	0.00226671820732641	LRP10	c19
1.0963741930554e-07	-1.03213485009523	0.01	0.02	0.00227673064929884	EWSR1	c19
1.14099212594247e-07	-1.80483294305639	0.003	0.01	0.00236938424873213	CENPC	c19
1.15524795788018e-07	-1.85937146190264	0.003	0.01	0.00239898790933398	CASP8	c19
1.15599670261716e-07	-1.26297068855364	0.006	0.016	0.0024005427526548	PPP2R1A	c19
1.25872325254112e-07	-1.24335331269572	0.007	0.016	0.00261386470622689	PIN1	c19
1.26768547480794e-07	-1.70079573653539	0.003	0.011	0.00263247565698618	TMPO	c19
1.29010455085867e-07	-1.23100511070417	0.007	0.016	0.00267903111031312	BUD31	c19
1.31641720252948e-07	-1.75743790561194	0.003	0.011	0.00273367196277271	POLR2A	c19
1.35332212287705e-07	-1.91144187480513	0.002	0.01	0.00281030872036647	AKIRIN1	c19
1.38340604409567e-07	-0.938231768112395	0.012	0.023	0.00287278099116907	RCSD1	c19
1.46313795659187e-07	-1.04017290193189	0.009	0.02	0.00303835228065868	BIN1	c19
1.54844189666771e-07	-1.37294497663227	0.005	0.014	0.00321549444262016	PDAP1	c19
1.56640417655921e-07	-1.68922962144155	0.003	0.011	0.00325279491304287	SMG1	c19
1.58726991422638e-07	-0.825319689920338	0.016	0.028	0.00329612470388249	UFC1	c19
1.64539866722836e-07	-1.69195941419712	0.003	0.011	0.0034168348723664	TOX	c19
1.65937889986558e-07	-1.47317898750303	0.004	0.013	0.00344586622346086	PPP1R12A	c19
1.68134042166116e-07	-1.89604476984662	0.002	0.01	0.00349147151962156	PRPF8	c19
1.69185536572527e-07	-3.56019063405355	0.004	0.012	0.00351330685246509	IGLL5	c19
1.74757281430388e-07	0.872334137527853	0.014	0.007	0.00362900970618343	TCL1A	c19
1.75265592789778e-07	0.889598093107504	0.013	0.007	0.00363956529987253	PLBD1	c19
1.78910180896185e-07	-0.526984960372315	0.037	0.054	0.00371524881649018	MORF4L1	c19
1.83578795600205e-07	-1.3580071863979	0.005	0.014	0.00381219726943385	MYLIP	c19
1.86492435207129e-07	-1.59941448005156	0.004	0.011	0.00387270190951124	CCNDBP1	c19
1.86670091663135e-07	-1.65711084693922	0.003	0.011	0.00387639112347666	ALG13	c19
1.90101738503662e-07	-1.29835238150453	0.008	0.017	0.00394765270176704	FKBP2	c19
1.93401447710706e-07	-1.38720972161716	0.005	0.013	0.00401617446316052	DNAJA2	c19
1.93904018592438e-07	-1.64185812571794	0.003	0.011	0.00402661085009056	PSMD4	c19
1.9738689861414e-07	-1.59717230446839	0.003	0.011	0.00409893633662122	HNRNPL	c19
2.02685029763237e-07	-0.995545394910248	0.01	0.021	0.00420895732806338	KTN1	c19
2.04562110691991e-07	-1.21034564013808	0.007	0.016	0.00424793679062989	NXT1	c19
2.05459112733215e-07	-0.637932314052424	0.026	0.041	0.00426656393501794	UQCRQ	c19
2.17708239008941e-07	-1.82203254958859	0.003	0.01	0.00452092929125966	RSF1	c19
2.26405977631579e-07	-1.46258387226383	0.004	0.012	0.00470154653149737	MEA1	c19
2.26728237380489e-07	-1.08523506251193	0.008	0.017	0.00470823857744324	GPI	c19
2.35155733116451e-07	-0.838311580955556	0.015	0.026	0.00488324395389623	CSK	c19
2.38274368937964e-07	0.759750056772246	0.02	0.012	0.00494800554536576	TPP1	c19
2.42794613079594e-07	-1.76425220519109	0.003	0.01	0.00504187293521086	CSNK1D	c19
2.54134414037351e-07	-1.66581544098731	0.003	0.011	0.00527735524189962	PSMD9	c19
2.57887905994118e-07	-0.705291545388316	0.021	0.034	0.00535530025587385	ISCU	c19
2.74004599835747e-07	-1.6567615683899	0.003	0.011	0.00568997952018913	AP3S1	c19
2.80015051149963e-07	-0.714427666494748	0.019	0.032	0.00581479255218014	RSL24D1	c19
2.86680880418237e-07	-1.41821513794106	0.005	0.013	0.00595321516276511	NDUFV1	c19
2.88600621396942e-07	-0.692405616209923	0.021	0.035	0.00599308050392891	NOP10	c19
2.92252796499236e-07	-1.08082064823251	0.008	0.018	0.00606892157210314	PSMA5	c19
2.97513400143597e-07	-0.887038572008675	0.013	0.024	0.00617816326738194	EIF3D	c19
3.06183277121524e-07	-1.80758647063767	0.003	0.01	0.00635820193270557	KXD1	c19
3.10987546164874e-07	-1.30163019234083	0.006	0.014	0.00645796738365977	MAGOH	c19
3.24142539758746e-07	-1.74427098499951	0.003	0.01	0.00673114398063012	VTI1B	c19
3.41113262126487e-07	-1.04320743726065	0.009	0.019	0.00708355800131862	PPP1CB	c19
3.41885488903985e-07	-0.600751402641979	0.028	0.042	0.00709959406258014	LSM7	c19
3.46436738646455e-07	-1.64624369647591	0.003	0.01	0.00719410531473228	ADAR	c19
3.51222066992503e-07	-1.11384129451802	0.008	0.017	0.00729347744316632	RER1	c19
3.58775705121395e-07	-1.41248202492593	0.003	0.01	0.00745033629255089	SYNRG	c19
3.59558438658327e-07	-1.64342593182843	0.003	0.01	0.00746659053717882	YTHDC1	c19
3.62378907006131e-07	0.695714017200861	0.023	0.015	0.00752516038288931	YWHAE	c19
3.62810383684894e-07	-0.592678974344218	0.028	0.043	0.0075341204276005	SMDT1	c19
3.64363921632374e-07	-1.16738978980249	0.007	0.016	0.00756638119661787	IRF9	c19
3.7275447916154e-07	-1.50300156013547	0.004	0.012	0.00774061951426853	INO80E	c19
3.77520021999451e-07	-1.23797759453013	0.006	0.014	0.0078395807768406	PTBP3	c19
3.77626489850239e-07	-1.01577259847045	0.009	0.019	0.00784179168823005	TMCO1	c19
3.83938642430523e-07	-1.05044699918899	0.008	0.017	0.00797286984871224	C7orf50	c19
4.13835321359257e-07	0.670670363455151	0.024	0.015	0.00859370428334633	SSR1	c19
4.18813089714734e-07	-0.965260006380071	0.01	0.02	0.00869707262101616	ATRAID	c19
4.35842986211432e-07	-0.820621040598633	0.014	0.026	0.0090507154516666	BZW1	c19
4.38587079758816e-07	-1.52020090272487	0.004	0.011	0.00910769929827158	POLR2F	c19
4.41500551699117e-07	-1.24111544639625	0.006	0.014	0.00916820045658387	LUC7L3	c19
4.48572287004682e-07	-1.03449022015954	0.009	0.018	0.00931505211193923	DDX39A	c19
4.62881862404806e-07	-0.643590452673557	0.023	0.037	0.0096122047546982	MAP1LC3B	c19
4.66218744536433e-07	-1.72174015163486	0.003	0.01	0.00968149844904356	ETNK1	c19
4.8457473619259e-07	-0.433817196120466	0.049	0.067	0.0100626789717753	STK17B	c19
4.85305627594129e-07	-1.60193754364538	0.003	0.01	0.0100778566626197	RALGPS2	c19
5.01876304248912e-07	-1.62640278398611	0.003	0.01	0.0104219633340329	BPTF	c19
5.04483981199634e-07	1.02258915883003	0.01	0.005	0.0104761143535916	APPL1	c19
5.04500036692378e-07	-1.45028626268537	0.004	0.012	0.0104764477619539	MTFP1	c19
5.05838594668836e-07	-1.38991453206363	0.005	0.012	0.0105042442568931	WBP2	c19
5.31876372898812e-07	-1.00842274860767	0.009	0.019	0.0110449447596167	TMEM179B	c19
5.37437183951515e-07	-0.822788877281344	0.015	0.026	0.0111604205619372	H2AFJ	c19
5.44811699887195e-07	-1.31726084405459	0.005	0.013	0.0113135597598575	SSNA1	c19
5.62288824875376e-07	-1.71491171113639	0.003	0.01	0.0116764897373621	LOC643733	c19
5.72308637546385e-07	-1.57918162957768	0.003	0.011	0.0118845611672882	CHCHD7	c19
5.73894845049606e-07	-1.53897514785052	0.004	0.011	0.0119175003523001	GOLPH3	c19
5.85514653773494e-07	-1.11134340901916	0.007	0.016	0.0121587973002604	PAG1	c19
5.86608981820381e-07	-1.57569601531657	0.003	0.011	0.012181522116482	HSPB11	c19
6.56840243878545e-07	-0.458331606067985	0.08	0.1	0.0136399445043819	NR4A1	c19
6.57477237182652e-07	-1.20397355772548	0.006	0.014	0.0136531723073349	CASP4	c19
7.08177647517833e-07	-0.847050718442325	0.013	0.024	0.0147060170283553	WAS	c19
7.13102505912397e-07	-1.03201515913064	0.009	0.018	0.0148082866377768	CMTM7	c19
7.17270591790049e-07	-0.500739649771336	0.04	0.057	0.0148948411091122	RAN	c19
7.30134943216397e-07	-0.97983840006974	0.009	0.019	0.0151619822308317	TAX1BP1	c19
7.30257200481462e-07	-1.10870937520284	0.007	0.016	0.015164521025198	PDCD6	c19
7.4025855957456e-07	-0.784143988794249	0.015	0.027	0.0153722092481253	GNAI2	c19
7.68223522470769e-07	-1.70038909537869	0.003	0.01	0.015952929667628	DUSP16	c19
7.97738911797445e-07	-1.69345860147008	0.003	0.01	0.0165658462423857	ZFAND2B	c19
9.07083719834965e-07	-1.23001714556263	0.006	0.014	0.0188365005260929	COMMD7	c19
9.21962637947008e-07	-1.55247730574862	0.003	0.01	0.0191454761396076	OBFC1	c19
9.28433266693771e-07	-1.12937871213816	0.007	0.015	0.0192798452161628	DCTN3	c19
9.37652508488925e-07	-1.28915915617493	0.005	0.013	0.019471291991281	STRA13	c19
9.43417255918929e-07	-0.954690764669884	0.01	0.019	0.0195910027364125	C17orf62	c19
9.46473606915479e-07	-1.30972717136919	0.005	0.013	0.0196544709212068	NUDC	c19
9.4752028461444e-07	-1.26923932919165	0.005	0.013	0.0196762062303035	MAP1LC3B2	c19
9.73737201333069e-07	-1.33874057146504	0.005	0.012	0.0202206267228825	IVNS1ABP	c19
9.98899977305564e-07	-0.66612685602635	0.021	0.033	0.0207431569287273	NDUFB4	c19
1.0467316848223e-06	-0.649883539738191	0.022	0.034	0.0217364301670199	TBCA	c19
1.07656340773876e-06	-1.66525123552815	0.003	0.01	0.0223559157251032	CD300E	c19
1.08916364006045e-06	-1.28004976495752	0.005	0.013	0.0226175721494953	SRSF1	c19
1.09510441401026e-06	-0.462622341420426	0.042	0.058	0.022740938261337	ERP29	c19
1.1101916201641e-06	0.830004330383795	0.011	0.006	0.0230542391843276	IL10	c19
1.12062115497662e-06	-1.62180230674491	0.003	0.01	0.0232708189042444	P2RY10	c19
1.14349588301064e-06	-1.35053699892889	0.005	0.012	0.0237458355065989	SNORD3A	c19
1.15018588957731e-06	-1.10197956966917	0.007	0.016	0.0238847601829625	SLC11A1	c19
1.17810260504471e-06	-1.35190698686148	0.005	0.012	0.0244644786963585	FLJ10038	c19
1.18014466291155e-06	-0.663724372948969	0.02	0.032	0.0245068840700213	ARL4C	c19
1.18084213410029e-06	0.778036119574653	0.017	0.01	0.0245213677567266	ENTPD1	c19
1.21044672804928e-06	-0.816727124494142	0.014	0.024	0.0251361367546714	MRPL52	c19
1.21251410152546e-06	0.31837722292304	0.094	0.076	0.0251790678322777	HMGN1	c19
1.25814206146402e-06	-0.905082998914989	0.011	0.021	0.0261265780483619	ZNHIT1	c19
1.26564732581955e-06	-1.53678793169665	0.003	0.01	0.0262824323679688	PDLIM2	c19
1.32899511077683e-06	0.931418268802132	0.012	0.006	0.0275979124703916	VPS35	c19
1.33228076363024e-06	-1.61034925606197	0.003	0.01	0.0276661423375455	IRF2	c19
1.33305703944682e-06	-1.60727969098721	0.003	0.01	0.0276822624811527	IQGAP2	c19
1.36170092305976e-06	-1.12314287671332	0.007	0.015	0.028277081368259	HNRNPR	c19
1.37909521043395e-06	-1.45476436780453	0.004	0.011	0.0286382911398713	SH3BP1	c19
1.41705732814829e-06	-0.830649500726511	0.013	0.023	0.0294266124763273	SNRPD3	c19
1.44583322698967e-06	-1.23538789973395	0.005	0.012	0.0300241727916676	RBM17	c19
1.49509601961772e-06	-0.96551854756092	0.009	0.018	0.0310471639433816	PPP4C	c19
1.49709150019688e-06	0.367152587931872	0.044	0.032	0.0310886020930885	FCGR3A	c19
1.53205288103991e-06	-1.00442820510265	0.008	0.017	0.0318146101276747	POLR2G	c19
1.580080699371e-06	0.581465431955622	0.018	0.011	0.0328119558031381	STAB1	c19
1.58083891147492e-06	-1.25465352806046	0.005	0.012	0.0328277008356882	CMC2	c19
1.59033867447095e-06	-1.26049919419397	0.005	0.013	0.0330249729140639	PHIP	c19
1.64882927193767e-06	0.989430915701298	0.01	0.005	0.0342395886610577	RASGEF1B	c19
1.71019733791341e-06	-1.13267553590615	0.007	0.015	0.03551395791911	TSC22D4	c19
1.75787947067474e-06	-1.35403172221002	0.004	0.012	0.0365041250880318	ATP6V0E2	c19
1.76516727551005e-06	-0.612333447115249	0.024	0.037	0.0366554636432418	EVI2B	c19
1.87662369892506e-06	-0.705756555880944	0.019	0.03	0.0389699677318777	CDK2AP2	c19
1.90556803513324e-06	-1.17149249039055	0.006	0.014	0.0395710258175769	THRAP3	c19
1.92979529094485e-06	-0.794743595737225	0.014	0.024	0.0400741290117608	GNAS	c19
1.93000137802662e-06	-1.25586029939045	0.005	0.013	0.0400784086161008	MRPL43	c19
1.96274232064342e-06	0.732050006614141	0.018	0.011	0.0407583070304813	FLOT1	c19
1.99876079357617e-06	-1.35211960126624	0.004	0.011	0.0415062666394027	C19orf24	c19
2.10653028396544e-06	0.219685706851388	0.166	0.142	0.0437442078768263	LRRC75A-AS1	c19
2.1114288204681e-06	-1.31851264026405	0.005	0.012	0.0438459308858406	PPM1K	c19
2.29359914548163e-06	-0.884945353343913	0.011	0.02	0.0476288798550714	PRMT2	c19
2.42017843250662e-06	-1.45950228681119	0.004	0.01	0.0502574253294325	TBCD	c19
2.42153831031108e-06	-0.996468145026392	0.008	0.017	0.0502856645519199	FERMT3	c19
2.44682462188012e-06	-1.14327961037723	0.006	0.014	0.0508107600979626	POLE4	c19
2.61038698491175e-06	-1.27826671243873	0.005	0.012	0.0542072961286774	LOC100131564	c19
2.69948292048227e-06	-1.26627691533579	0.004	0.011	0.0560574623267349	COX20	c19
2.71053852463421e-06	-0.669846595779326	0.019	0.03	0.056287043002554	ST13	c19
2.84390310289688e-06	-1.23361952969735	0.005	0.012	0.0590564918347567	DYNC1H1	c19
2.97546305992125e-06	-1.32508034851389	0.004	0.011	0.0617884659023247	PRKCB	c19
2.97686335013956e-06	-0.4100595953761	0.049	0.065	0.0618175443289981	H3F3AP4	c19
2.98079193763307e-06	-1.37821405528646	0.004	0.011	0.0618991253768883	DIAPH1	c19
3.06662372400416e-06	-0.416133971076806	0.047	0.063	0.0636815082526704	EIF3E	c19
3.09442130456487e-06	-1.00126188012709	0.008	0.017	0.064258752810594	ATP5L2	c19
3.26562382041613e-06	-1.44798944733382	0.004	0.01	0.0678139442547614	LMO4	c19
3.33520445106591e-06	-1.16470104790501	0.006	0.013	0.0692588556308348	LBR	c19
3.41876632146007e-06	-1.18379370204697	0.006	0.013	0.0709941014314399	EIF4EBP2	c19
3.47014044743515e-06	-1.38574058193736	0.004	0.011	0.0720609365314384	PTPRA	c19
3.60691544221689e-06	-0.852312716818825	0.011	0.021	0.074901206073076	MRPL20	c19
3.6260390814631e-06	-1.30146350176325	0.004	0.011	0.0752983275656627	PDCD5	c19
3.66300034774374e-06	-0.820097908833382	0.012	0.022	0.0760658652212464	RANBP1	c19
3.68985015268927e-06	-1.02903810612997	0.007	0.016	0.0766234282707454	A1BG	c19
3.69580094736585e-06	-0.908222085397192	0.01	0.018	0.0767470024729992	TMEM230	c19
3.72512775589187e-06	-1.09104942964478	0.015	0.025	0.0773560029788507	HSPA6	c19
3.91135938848408e-06	-1.1740977510644	0.006	0.013	0.0812232890612605	BNIP2	c19
3.99114012337935e-06	-1.39050982608523	0.004	0.01	0.0828800158020956	NDUFA5	c19
4.05202121785217e-06	-0.898289077159278	0.01	0.019	0.0841442726099181	ATRX	c19
4.26524466142184e-06	-1.23538789973395	0.005	0.012	0.0885720706390859	CCR6	c19
4.26608628922559e-06	-0.732899341067972	0.014	0.024	0.0885895478820587	RAC1	c19
4.2869418559428e-06	-1.0079794562272	0.008	0.016	0.0890226345805082	MRPL18	c19
4.31293012066245e-06	-0.981581136389033	0.008	0.016	0.0895623068856765	TGOLN2	c19
4.47626317343041e-06	-1.2533490802344	0.005	0.012	0.0929540810594559	SDHAF2	c19
4.52313258716798e-06	-0.756764186291463	0.014	0.024	0.0939273713051303	DNAJB6	c19
4.69883812561059e-06	-0.511080952158728	0.032	0.045	0.0975760725164296	WDR83OS	c19
4.71171379829507e-06	-1.32475538060152	0.004	0.011	0.0978434487353955	WNK1	c19
4.73414236116076e-06	-1.20622953166585	0.005	0.012	0.0983092002718644	PPM1G	c19
4.7629670797251e-06	-1.08102649756451	0.007	0.014	0.0989077743775715	LSM14A	c19
4.79313897082172e-06	-1.41362923852682	0.004	0.01	0.0995343238680838	RBM4	c19
4.88007971725991e-06	-1.32203459706831	0.004	0.011	0.101339735408619	ARL6IP6	c19
5.02898087462112e-06	-0.937507236819086	0.009	0.017	0.104431816842382	KHDRBS1	c19
5.21251069472887e-06	-0.73530083149496	0.015	0.025	0.10824299708674	PAK2	c19
5.38947295985096e-06	-0.761838328474758	0.014	0.024	0.111917795484265	C19orf70	c19
5.40105377478877e-06	-1.40546791799664	0.004	0.01	0.112158282687264	CELF1	c19
5.57594297057419e-06	-1.2669254633534	0.005	0.011	0.115790031726944	PITHD1	c19
5.66070756847418e-06	-1.21238943253683	0.005	0.012	0.117550253366935	ARIH2	c19
5.81294556062463e-06	-0.663289967499764	0.018	0.029	0.120711627511931	FIS1	c19
5.85511038069343e-06	-1.21238943253683	0.005	0.012	0.12158722216548	GOLGA7	c19
5.93805673242977e-06	-0.883997953379588	0.01	0.019	0.123309686105637	GABARAPL1	c19
6.30574413482607e-06	-1.2350108292995	0.005	0.012	0.130945082703798	COPZ1	c19
6.3832529275309e-06	-1.30284407128572	0.004	0.011	0.132554630293107	CAMLG	c19
6.50238032478481e-06	-0.560001910782843	0.026	0.038	0.135028429824481	ITGA4	c19
6.53181128981357e-06	-1.30422332095185	0.004	0.011	0.135639593244269	NGRN	c19
6.68424125500162e-06	-1.30491245162695	0.004	0.011	0.138804953901364	MBOAT7	c19
6.85582761524854e-06	-1.25520675689189	0.005	0.011	0.142368116258251	DNAJB14	c19
6.85936018377124e-06	-1.20491108296646	0.005	0.012	0.142441473576194	PLEKHJ1	c19
6.85988966873583e-06	-1.20428613383783	0.005	0.012	0.142452468860968	G3BP1	c19
6.98237466506084e-06	0.718181419082557	0.018	0.011	0.144995992294653	PTPN1	c19
7.26490395321739e-06	-1.24536792557281	0.005	0.011	0.150862995492512	PTBP1	c19
7.30062724422214e-06	0.784781685106897	0.012	0.007	0.151604825353517	TWISTNB	c19
7.43441506904844e-06	-1.27885733175325	0.004	0.011	0.15438306332386	OTUD6B-AS1	c19
7.4828926245018e-06	-1.1084587499045	0.006	0.013	0.155389748240404	EFHD2	c19
7.59560580964014e-06	-1.29800628697465	0.004	0.011	0.157730350242987	NUDT22	c19
7.62230280406616e-06	-1.39501356035948	0.004	0.01	0.158284740029238	DNAJC19	c19
8.05718650590587e-06	0.616734410162124	0.029	0.02	0.167315534981641	ACP5	c19
8.10008967987291e-06	-0.466836044276817	0.038	0.052	0.168206462292241	CCNH	c19
8.1161299186877e-06	-1.02508009256128	0.005	0.012	0.168539553891469	TRAPPC2L	c19
8.1606593719966e-06	-0.8305368942787	0.009	0.018	0.169464252518881	RBBP6	c19
8.46671765321282e-06	-0.808208009402606	0.011	0.02	0.175819858786617	SCAF11	c19
8.53288468491823e-06	-1.28828177708283	0.004	0.011	0.177193883367012	SRSF4	c19
8.5389973247248e-06	-1.28479279100295	0.004	0.011	0.177320818445235	FBXO7	c19
8.83318057094993e-06	0.802904858767147	0.012	0.007	0.183429827736346	SNX10	c19
8.86550218798382e-06	-0.72174015163486	0.015	0.024	0.184101018435672	EIF1B	c19
8.93717442148516e-06	0.840530401751866	0.013	0.007	0.185589364036561	GEM	c19
8.96985411192505e-06	0.609239597267871	0.022	0.015	0.186267990488236	NFE2L2	c19
9.05454490183531e-06	-1.14834183598746	0.005	0.012	0.188026679431512	ORMDL1	c19
9.13288941523718e-06	-1.06836528906396	0.006	0.014	0.189653581596815	MIDN	c19
9.23106816376524e-06	-0.994640500788028	0.007	0.015	0.191692361488749	RAB24	c19
9.6147187189138e-06	-1.30215395166438	0.004	0.01	0.199659248916964	ABCD4	c19
9.63375548693206e-06	-0.729164092609303	0.014	0.023	0.200054566441631	EIF2S3	c19
9.7157514704702e-06	-0.757600783968413	0.013	0.022	0.201757295035784	NDUFS7	c19
9.72797584516907e-06	-1.09098498823092	0.006	0.013	0.202011146400781	KPNB1	c19
9.99571301713597e-06	-1.30576520521676	0.004	0.01	0.207570976513845	SHKBP1	c19
1.01399448392736e-05	-0.896870110281541	0.008	0.016	0.210566094532355	GBP2	c19
1.02678923291574e-05	-0.822788877281344	0.011	0.019	0.213223052107282	RAD23A	c19
1.09698390723839e-05	-0.822032549588588	0.011	0.019	0.227799678177125	UQCRFS1	c19
1.10114687869966e-05	-1.36854134899829	0.004	0.01	0.228664160830771	THAP3	c19
1.11479421728084e-05	-1.36088777645485	0.004	0.01	0.231498167160539	ANAPC5	c19
1.12666534564076e-05	-1.27145715444147	0.004	0.01	0.23396332567576	KCNAB2	c19
1.14181938028016e-05	-0.832758525112649	0.012	0.02	0.237110212508978	TMEM107	c19
1.14369594060736e-05	-0.796196097864699	0.011	0.02	0.237499899026525	SEP15	c19
1.16991872121851e-05	-0.516550764755944	0.03	0.042	0.242945321648237	CARD16	c19
1.17419446185689e-05	-0.984114525009784	0.007	0.015	0.243833221949203	PLEC	c19
1.19615898752682e-05	-0.754193838452649	0.008	0.015	0.248394375349819	CD79B	c19
1.21380022576641e-05	-0.139181418235021	0.203	0.23	0.252057754882653	NFKBIA	c19
1.22442770010061e-05	-1.32475538060152	0.004	0.01	0.254264656202892	SETX	c19
1.24124186764668e-05	-0.997564924230968	0.007	0.014	0.25775628623551	GADD45GIP1	c19
1.24529643973386e-05	-0.499530765400618	0.03	0.042	0.258598258675134	ATP5O	c19
1.2636030601118e-05	-1.23525982979619	0.004	0.011	0.262399811462816	PHF3	c19
1.27648677573362e-05	-1.29126563552165	0.004	0.01	0.265075243848844	VDAC3	c19
1.30003222521353e-05	0.580763484996177	0.025	0.017	0.269964691887841	VDAC1	c19
1.3164133460628e-05	-1.14713455973216	0.005	0.012	0.2733663954434	LOC101927902	c19
1.34793551025111e-05	-0.738253066471057	0.013	0.022	0.279912288058746	PA2G4	c19
1.38631638549396e-05	-1.26297068855364	0.004	0.01	0.287882460611676	MAP2K3	c19
1.39201354606804e-05	-0.779556374383511	0.012	0.02	0.289065532976489	NCF1	c19
1.39713002705177e-05	-0.826033781599306	0.01	0.019	0.29012802141757	TMEM256	c19
1.40387960635451e-05	-1.14231776784566	0.005	0.012	0.291529639055577	MTIF3	c19
1.41860423142321e-05	-0.795414436312656	0.011	0.02	0.294587354697343	CBX3	c19
1.43342724566754e-05	-1.28688719501107	0.004	0.01	0.297665501835322	ZSCAN16-AS1	c19
1.50651916547863e-05	-1.16242918799777	0.005	0.011	0.312843769903292	SNHG16	c19
1.6325513344973e-05	-1.08355310949031	0.005	0.012	0.339015610121709	HSPA9	c19
1.70022856342739e-05	-1.11353226698318	0.005	0.012	0.353069463481331	ETFB	c19
1.71015096114014e-05	0.236227596863822	0.119	0.1	0.355129948590361	ATP6V0C	c19
1.77968568687262e-05	-0.722135013887362	0.013	0.022	0.369569529735969	NDUFS6	c19
1.82919663659511e-05	-1.26775888263702	0.004	0.01	0.379850973555341	LOC283788	c19
1.89932196014251e-05	-0.912450086622997	0.008	0.015	0.394413198243194	PRNP	c19
1.94451292739869e-05	-0.641423943325263	0.016	0.026	0.403797554503612	PDE4B	c19
1.9583292926528e-05	-1.23720759248856	0.004	0.01	0.40666666091228	C17orf89	c19
1.98420251741728e-05	-0.970430077635297	0.007	0.013	0.412039494766872	U2SURP	c19
2.00416782393784e-05	-1.10671686008464	0.005	0.012	0.416185490318933	RNF145	c19
2.02519744959755e-05	-0.885359147994932	0.009	0.017	0.420552502383427	UBE2J1	c19
2.02546280359513e-05	-0.806737177011634	0.01	0.019	0.420607605794565	GHITM	c19
2.05349869604608e-05	-1.26479342416046	0.004	0.01	0.42642953922093	CUX1	c19
2.07446808521766e-05	-1.23069428552988	0.004	0.01	0.430784042576299	PPP1R7	c19
2.14647237527823e-05	-1.23141944012715	0.004	0.01	0.445736453450278	IER3IP1	c19
2.16017786544381e-05	-0.90936188007697	0.008	0.015	0.448582535538061	NONO	c19
2.18809738162587e-05	-1.04722871209598	0.006	0.013	0.454380302268429	PNN	c19
2.20866451865447e-05	-1.08377071383481	0.006	0.012	0.458651273943787	ARRDC1	c19
2.32614177811633e-05	-0.896620638546373	0.008	0.016	0.483046601643637	PPP2CA	c19
2.32853700318713e-05	-1.27919280322107	0.004	0.01	0.483543994081839	PHF11	c19
2.33150061486571e-05	-1.25287025678464	0.004	0.01	0.484159417683012	EMC4	c19
2.35290121337667e-05	-0.164889845896648	0.346	0.368	0.488603465969799	NACA	c19
2.44952679885466e-05	-1.17455072777211	0.005	0.011	0.508668735050159	PSMD13	c19
2.53522429502299e-05	0.820548367807703	0.011	0.007	0.526464677104475	RAB11FIP1	c19
2.54587347458198e-05	-0.853666524597547	0.009	0.017	0.528676085731695	SYPL1	c19
2.6484706202232e-05	-1.19315484607756	0.004	0.01	0.549981408995551	CARHSP1	c19
2.67379787046218e-05	-1.14507986867191	0.005	0.011	0.555240865780177	NUDT21	c19
2.71767938693992e-05	-0.797168183071301	0.01	0.018	0.564353301491945	HM13	c19
2.89947370466865e-05	-1.1881615826079	0.004	0.01	0.602104709511491	UFD1L	c19
3.00894291229776e-05	-0.914195986441825	0.008	0.015	0.624837085167752	RAB2A	c19
3.08138864221316e-05	0.395420097988188	0.044	0.033	0.639881165441985	FKBP5	c19
3.09162537368195e-05	-0.446227965434275	0.034	0.047	0.642006925098793	HNRNPA3	c19
3.10787384592622e-05	-1.23933784347779	0.004	0.01	0.645381082845039	PHTF2	c19
3.31124279844727e-05	-1.1176015443618	0.005	0.011	0.68761267952556	GLUD1	c19
3.32105985033978e-05	-1.17956128863904	0.004	0.01	0.68965128852156	NAA50	c19
3.36091022161198e-05	-0.609082183811117	0.018	0.028	0.697926616619945	TCEA1	c19
3.36740566424759e-05	-1.23707004886743	0.004	0.01	0.699275460237655	TMEM208	c19
3.36927567842686e-05	-1.06927273226842	0.006	0.012	0.699663787382123	LINC00926	c19
3.42192645777411e-05	-1.01422837028888	0.006	0.013	0.710597248221372	MAP4K1	c19
3.44792703923878e-05	-1.14242704222866	0.004	0.01	0.715996528968325	TXNL4A	c19
3.50265535993915e-05	0.867479035802457	0.01	0.006	0.727361412044964	DPYSL2	c19
3.53507209233272e-05	-0.666144268698658	0.015	0.024	0.734093070693813	PRKAR1A	c19
3.64982457675402e-05	-1.1307855333524	0.005	0.011	0.75792257160874	ST3GAL1	c19
3.69453608665043e-05	-0.979667430201097	0.007	0.013	0.767207363753829	ZMYM6NB	c19
3.91326904064722e-05	-0.61276620187102	0.018	0.027	0.812629448980801	SRI	c19
4.02312840248587e-05	-0.587658638301872	0.018	0.028	0.835442844060216	NAA38	c19
4.09759958346221e-05	-0.68746388119438	0.014	0.023	0.850907529501762	PHPT1	c19
4.16714040042268e-05	-0.880593328804206	0.008	0.015	0.865348375551775	ERGIC3	c19
4.27406757954063e-05	-0.534013494103792	0.023	0.034	0.887552873567407	SERBP1	c19
4.28532697397428e-05	-1.21496226820845	0.004	0.01	0.8898909994155	GLS	c19
4.35242496194249e-05	0.656419457406484	0.017	0.011	0.903824567596977	SCAMP2	c19
4.4792478103456e-05	-1.15296039180616	0.005	0.01	0.930160600296368	CSF3R	c19
4.53306179026998e-05	0.762882669033723	0.012	0.007	0.941335611367464	SEC14L1	c19
4.67988242777332e-05	-1.10733777468036	0.004	0.01	0.971824384951408	PHYKPL	c19
4.68071312719923e-05	-0.813218338717004	0.01	0.018	0.971996887994192	IRF2BP2	c19
4.73025656124149e-05	0.769674792716688	0.011	0.006	0.982285077507408	TCF4	c19
4.73796331256753e-05	-1.05551398408126	0.005	0.011	0.983885461487773	RAB8B	c19
4.75070023327504e-05	-1.04799448450928	0.006	0.012	0.986530410441894	CDK5RAP3	c19
4.76973051827095e-05	-0.983099179855638	0.006	0.013	0.990482239424145	VIM-AS1	c19
9.7783553997564e-05	-3.46182289759812	0.008	0.015	1	IGJ	c19
4.86138507203698e-05	-1.20106782655007	0.004	0.01	1	SUMO1P3	c19
6.32117425437661e-05	-1.15856309803553	0.004	0.01	1	SPTAN1	c19
5.6945870158245e-05	-1.15051762955495	0.004	0.01	1	NDNL2	c19
5.82740604840249e-05	-1.14242704222866	0.004	0.01	1	MRPL53	c19
6.23028060763349e-05	-1.14168927947114	0.004	0.01	1	ABTB1	c19
7.2852802559864e-05	-1.12834462587968	0.004	0.01	1	DDTL	c19
9.83689566912675e-05	-1.10733777468036	0.004	0.01	1	CNOT2	c19
8.43823363141283e-05	-1.10007708979877	0.005	0.01	1	GDI1	c19
0.000126811976226358	-1.09519508298013	0.004	0.01	1	MRPL14	c19
7.39210460125161e-05	-1.09196006566731	0.005	0.01	1	VMP1	c19
0.000105191867127583	-1.08176388323908	0.005	0.01	1	EMC6	c19
0.000109413996487717	-1.07712684033088	0.005	0.01	1	LMAN1	c19
5.48011254075022e-05	-1.06619907988687	0.005	0.011	1	GRAMD1A	c19
0.00013834068344203	-1.06172097476772	0.005	0.01	1	SMARCB1	c19
0.000172042966396853	-1.04593723001622	0.005	0.01	1	ITGB1BP1	c19
0.00026114819118983	-1.03392902398757	0.007	0.013	1	MT1E	c19
0.000194481443478537	-1.0199183874455	0.005	0.01	1	ANP32E	c19
0.000193858832104992	-1.01132847978308	0.006	0.011	1	GADD45G	c19
0.000195578799761644	-0.986910170082235	0.007	0.012	1	RN7SL1	c19
0.000353524757764335	-0.981743684419275	0.005	0.01	1	OFD1	c19
0.000270501707864208	-0.975838539536083	0.005	0.01	1	RNMT	c19
9.57785730959991e-05	-0.973510429411044	0.007	0.013	1	HIST1H1C	c19
0.000138889332974019	-0.972349431166391	0.006	0.011	1	PIAS1	c19
0.000228591125521557	-0.954230648244077	0.005	0.011	1	SNRPC	c19
0.00024591879500642	-0.949390545316479	0.005	0.011	1	TTC3	c19
0.000168072028855719	-0.947588648984669	0.006	0.011	1	SMIM7	c19
0.00027582741340602	-0.93230907096504	0.006	0.011	1	SRA1	c19
0.000119542808105139	-0.932268059095493	0.006	0.012	1	POLR2I	c19
0.000563363253921441	-0.926676388500288	0.005	0.01	1	HSPA4	c19
4.9896848190681e-05	-0.92372441398667	0.007	0.014	1	TMEM50B	c19
0.000238185730249975	-0.911886442126468	0.006	0.011	1	MPG	c19
0.000353237331785492	-0.910490960759349	0.006	0.011	1	DDX46	c19
5.33485711902839e-05	-0.909586733189235	0.007	0.014	1	MRPL51	c19
7.29848429764998e-05	-0.902223344775749	0.006	0.012	1	CNPY2	c19
6.16616373809991e-05	-0.889321317802795	0.007	0.014	1	EIF2S2	c19
0.000761466465507453	-0.87111866199939	0.005	0.01	1	SNRPE	c19
0.0423514525565752	-0.866272787941682	0.04	0.045	1	CCL4L2	c19
0.000423628300529524	-0.863711848050596	0.005	0.01	1	EIF5B	c19
0.000124542378362302	-0.863207543100465	0.007	0.014	1	EVI2A	c19
0.000172608501956791	-0.862725902219344	0.007	0.013	1	ADRM1	c19
0.000566578167331698	-0.852912494107015	0.006	0.011	1	AZIN1	c19
0.000451009644455278	-0.852536220675395	0.006	0.011	1	RAB14	c19
0.000733597434625505	-0.851239416056943	0.006	0.011	1	MRPL55	c19
0.000315620743810618	-0.850628751480254	0.007	0.012	1	GGNBP2	c19
0.000299999717390537	-0.846189309861421	0.007	0.012	1	TANK	c19
0.00112689951679742	-0.843061272307605	0.005	0.01	1	SDHC	c19
0.000369515228202902	-0.842666500095294	0.007	0.012	1	NDUFB6	c19
0.00051185642742398	-0.839555053948404	0.006	0.012	1	PER1	c19
0.000208635769393932	-0.820305084699884	0.007	0.014	1	TOMM22	c19
0.00153355738616479	-0.819761184583776	0.005	0.01	1	SARNP	c19
0.000113446745484463	-0.818280231460517	0.008	0.015	1	CHMP4A	c19
5.50688941052101e-05	-0.817502384935111	0.009	0.016	1	TLN1	c19
0.0014689979057556	-0.810955287208435	0.006	0.01	1	MRPL34	c19
0.00013352577671653	-0.808368168829335	0.008	0.015	1	DNAJC8	c19
0.000286384447953755	-0.807194551089234	0.007	0.013	1	CHD1	c19
5.2229387435407e-05	-0.805838808351406	0.009	0.017	1	ACAP2	c19
0.000696439757590005	-0.802813952028528	0.007	0.012	1	ITGB7	c19
0.000671672390659191	-0.798985542106875	0.007	0.012	1	PDCL3	c19
9.94367099781672e-05	-0.796884465371636	0.008	0.015	1	EIF3I	c19
0.000796936623838117	-0.795217470900944	0.007	0.012	1	VKORC1	c19
0.00151976918652436	-0.794074540920126	0.006	0.01	1	PSMA3	c19
0.000718846134374662	-0.787890669296753	0.007	0.012	1	ZNF207	c19
0.000193109706215365	-0.787087634054267	0.008	0.015	1	C20orf24	c19
5.21231797415766e-05	0.784022491782589	0.011	0.007	1	FOXN2	c19
0.00158346352255653	-0.780917048553615	0.006	0.01	1	SRP19	c19
0.000239521772168493	-0.780544788187497	0.006	0.011	1	HIGD1A	c19
0.000131305709459449	-0.775296531242014	0.009	0.016	1	SNX17	c19
0.00135963146586711	-0.771383551306824	0.006	0.011	1	CHCHD5	c19
0.000121651352341287	-0.771217332625739	0.009	0.016	1	SNRPA	c19
0.000192527157245995	0.767560589011302	0.01	0.006	1	PICALM	c19
0.000234552857384148	-0.766944486140327	0.009	0.015	1	PRMT1	c19
0.000149531089118508	-0.766395448943997	0.009	0.016	1	PFKFB3	c19
0.00160058507839444	-0.763654939589145	0.006	0.011	1	CSNK1A1	c19
0.000200079163566549	-0.762901327011681	0.008	0.014	1	LAMTOR5	c19
9.49700004458291e-05	-0.760993776333902	0.007	0.014	1	CD36	c19
0.00111301607096635	-0.757833435440574	0.007	0.012	1	TCP1	c19
0.00158725018411505	-0.755338584731504	0.006	0.011	1	MANF	c19
0.000368752772634709	-0.753633446911288	0.008	0.014	1	C6orf62	c19
0.000145433838829234	0.752817591681548	0.011	0.007	1	RB1	c19
0.000449487225923301	-0.752021435106327	0.008	0.014	1	CHMP2A	c19
0.000810911944795843	-0.749985876374308	0.007	0.013	1	RNF114	c19
0.000162792471693211	-0.749348795525953	0.009	0.015	1	FBL	c19
0.00144530224494295	-0.740026457965691	0.006	0.011	1	TXN2	c19
0.000770301598778181	-0.729546683065949	0.008	0.013	1	NOL7	c19
0.000341817467796284	-0.724603951543435	0.009	0.015	1	NDUFB3	c19
0.000625285250706532	0.724593998892403	0.01	0.006	1	SNAP23	c19
0.00248992794037297	-0.716297864639721	0.007	0.011	1	PSMD7	c19
0.00128977044808	-0.714268055736462	0.007	0.013	1	FDFT1	c19
0.0029865460607953	-0.71235134801563	0.006	0.011	1	TMEM147	c19
0.00122913711529265	-0.712120461395806	0.007	0.012	1	PSMF1	c19
0.00169044935800907	-0.710815569688685	0.007	0.012	1	ILF2	c19
0.00422053313588045	-0.710316784914946	0.006	0.01	1	BCL2	c19
0.000405420044259579	-0.707707673325403	0.009	0.016	1	ANKRD10	c19
0.000877401606991491	-0.703173394866941	0.008	0.014	1	RABGGTB	c19
0.00124496033741524	-0.702860233549008	0.008	0.013	1	ACADVL	c19
0.00365404040162647	-0.699131479398236	0.006	0.01	1	SUSD3	c19
7.42649062715711e-05	0.697204517883681	0.014	0.009	1	SMIM3	c19
0.000235086497377216	0.694234794783237	0.012	0.008	1	EIF4EBP1	c19
0.00172339015372399	-0.693042899107053	0.007	0.012	1	TMEM167A	c19
0.000723869487949956	-0.688392936942725	0.009	0.014	1	IER5	c19
0.000384873132849498	-0.680775775815	0.01	0.017	1	AP2M1	c19
0.000350806503922754	-0.678717303128592	0.01	0.016	1	AKAP9	c19
0.00396526042722462	-0.678258503620547	0.007	0.011	1	LRPAP1	c19
0.00521415239502915	-0.677010404376921	0.006	0.01	1	UQCRC1	c19
0.000882222604736787	-0.676176068126736	0.008	0.014	1	SERINC1	c19
0.94482677450671	-0.675785452107865	0.125	0.125	1	RN7SK	c19
0.000735977387694252	-0.673458841026701	0.01	0.016	1	KDM6B	c19
0.000183147284177629	-0.66684528184482	0.012	0.019	1	SLC38A1	c19
0.00160483445456417	-0.66523407376497	0.008	0.013	1	ZC3H15	c19
0.000661780366652695	-0.65619717050533	0.01	0.016	1	NAPA	c19
0.000120130083942998	-0.655603652720396	0.013	0.021	1	XRCC6	c19
0.000738075992700063	-0.655596695463568	0.01	0.016	1	SCP2	c19
0.00572220157345233	-0.648353414191699	0.007	0.01	1	CCT3	c19
0.000163502523131332	0.648350430400487	0.015	0.01	1	PRDX3	c19
0.000669520934605967	-0.648067090288408	0.01	0.017	1	NDUFA7	c19
0.000125431596938012	0.64726758189308	0.015	0.01	1	HMGA1	c19
0.00187119340944456	-0.645586710140105	0.009	0.014	1	LINC01420	c19
0.00144049596689694	-0.644295829375043	0.009	0.014	1	NUCB1	c19
0.00120744660120699	-0.643109308313297	0.009	0.015	1	PSMB2	c19
0.00161257856682204	0.642514678335909	0.011	0.007	1	SH3BP5	c19
0.000827127411564705	-0.637406733599946	0.01	0.016	1	HNRNPM	c19
0.000128949547171598	0.635289810817897	0.016	0.01	1	NDUFB5	c19
0.00137259924853287	-0.629054561808242	0.01	0.015	1	VPS13C	c19
0.00122966467099323	-0.623848392807469	0.01	0.016	1	UBE2L3	c19
0.00661476523337123	-0.621717802715549	0.007	0.011	1	GTF2A2	c19
0.00135737022855224	0.618836104078095	0.013	0.009	1	CD81	c19
0.00925120450767559	-0.617815288149388	0.007	0.01	1	AFF4	c19
0.00333631480216195	-0.615497023374546	0.008	0.013	1	MTCH1	c19
0.00303267742035137	0.613198222692331	0.01	0.007	1	UBL3	c19
0.00011909302844525	-0.612626466058483	0.014	0.022	1	COX7A2L	c19
0.00223787430541583	-0.611881592946219	0.009	0.014	1	LSM5	c19
0.0111005139843904	-0.611881592946219	0.006	0.01	1	CNOT7	c19
0.00949960061293422	-0.609176369875515	0.007	0.01	1	NIPBL	c19
0.00172379746744447	-0.606095408765776	0.012	0.018	1	SDF2L1	c19
0.000718960629228631	-0.604253247746768	0.012	0.018	1	RPN1	c19
0.00421034241237132	-0.603611268695889	0.007	0.012	1	MDH1	c19
0.0102649683446785	-0.601937543645383	0.007	0.01	1	DOCK10	c19
0.00260030580858054	-0.601635136232179	0.009	0.014	1	EIF4H	c19
0.0042092923472612	-0.599488815121697	0.006	0.01	1	PHB	c19
0.000100120163032911	-0.597096736275486	0.018	0.027	1	APLP2	c19
0.00180327282572225	-0.59258065501357	0.01	0.016	1	SNRPD1	c19
7.87327965428981e-05	-0.592256600696349	0.017	0.026	1	DHRS7	c19
0.00104545022587752	0.586141532369195	0.014	0.009	1	PTPLAD2	c19
7.71206795618514e-05	-0.585350787314404	0.018	0.027	1	TRIM22	c19
6.0809180172518e-05	-0.58459036369489	0.018	0.027	1	ARF4	c19
0.00115239308546456	-0.584493418155702	0.011	0.017	1	TMEM14B	c19
0.0116393914640315	-0.583154904027626	0.007	0.01	1	CAMTA1	c19
0.013594040573032	-0.577050254051482	0.007	0.01	1	CHMP5	c19
0.0108933012622179	-0.574733633609863	0.007	0.011	1	FAM162A	c19
0.0069410533731124	-0.573990673034177	0.008	0.013	1	GPRIN3	c19
0.000233696572945323	-0.573494419206445	0.015	0.023	1	PTP4A1	c19
0.0037771677768645	-0.573181148251708	0.011	0.017	1	LILRB2	c19
0.0141798402530112	-0.572613464165439	0.007	0.01	1	FIBP	c19
0.00933981916824789	-0.57047618885794	0.008	0.012	1	DUSP5	c19
0.00131421593422959	-0.569600885739795	0.012	0.018	1	MAF	c19
0.824912670293992	0.568495538464583	0.022	0.023	1	CCR7	c19
0.00230174341929772	0.568187039577298	0.012	0.008	1	ACSL1	c19
0.00209265475343918	-0.567446450056353	0.01	0.015	1	MYC	c19
0.00151225175915149	-0.566820365637019	0.012	0.018	1	ATP5G1	c19
0.000818655905856269	-0.563837835479697	0.015	0.021	1	IFRD1	c19
0.0181597741655602	-0.562885571628757	0.006	0.01	1	SLC25A39	c19
0.0148396714986164	-0.562292832108972	0.007	0.01	1	TMEM9B	c19
0.0160799124682817	-0.56071488091887	0.007	0.01	1	UBE2A	c19
0.000304854221874563	0.560642679593711	0.018	0.012	1	CLNS1A	c19
0.000298844820777046	-0.558122606308838	0.015	0.023	1	CTSA	c19
0.00664674625044756	-0.557464541507501	0.009	0.013	1	COX16	c19
0.00664954617898216	-0.553587071219414	0.009	0.013	1	BTF3L4	c19
0.000497012109430129	-0.551167253408082	0.015	0.022	1	CD82	c19
0.000122234771772996	0.5478095758593	0.013	0.008	1	THBS1	c19
0.000982762541082297	0.547102853549998	0.016	0.011	1	RHEB	c19
0.00311470713465229	-0.54326451894342	0.011	0.016	1	RBBP4	c19
0.0014774097926172	-0.536429364516754	0.012	0.018	1	TCEB1	c19
0.00205218494450588	-0.534060583411446	0.011	0.017	1	LPXN	c19
0.000171431178622955	0.531853626357075	0.022	0.015	1	GRINA	c19
0.0155236887436452	-0.53037545180303	0.007	0.011	1	SMARCA5	c19
0.00299798327970428	-0.528630563794256	0.012	0.017	1	PPIG	c19
8.86858007419926e-05	0.528040628727753	0.024	0.017	1	RILPL2	c19
0.0142990194822592	-0.527031181021934	0.008	0.012	1	LMBRD1	c19
0.0046098714796307	-0.526942213641487	0.011	0.016	1	PTTG1	c19
0.00962136355617411	-0.526714209683542	0.009	0.013	1	ARRDC3	c19
0.0024101698185889	-0.52224555269482	0.013	0.019	1	NHP2	c19
0.000995603322924216	0.519359699016314	0.018	0.012	1	TM9SF2	c19
0.00699976545968957	-0.513658056858096	0.01	0.015	1	SP110	c19
0.0124989027634684	-0.513075031980131	0.009	0.013	1	SEPT2	c19
0.000602124068794069	0.512269021286374	0.019	0.013	1	PELI1	c19
0.00327623460096479	0.512154636758632	0.016	0.011	1	NCF2	c19
0.000810894143321327	-0.509993291870801	0.017	0.024	1	NDUFA2	c19
0.00080659923158903	-0.508817953930498	0.014	0.021	1	TUFM	c19
0.0215374141387592	-0.507432079625185	0.007	0.011	1	NUTF2	c19
0.0193258235634931	-0.50708540293461	0.008	0.011	1	PLA2G16	c19
0.015364405408385	0.505904209520422	0.01	0.007	1	RIN3	c19
0.000529083265656109	-0.505678365080767	0.017	0.025	1	PRPF38B	c19
0.0101994518273428	-0.504183921848802	0.01	0.014	1	MLF2	c19
0.00334433148390175	-0.502259507933734	0.013	0.019	1	PFDN2	c19
0.00858326997121053	-0.501730782247287	0.01	0.015	1	MYCBP2	c19
0.0356261820357216	-0.494898935776336	0.007	0.01	1	BAG3	c19
0.00010714950201743	-0.49323489016971	0.023	0.033	1	PSMB1	c19
0.000319573337977735	0.489730541390054	0.024	0.017	1	MPEG1	c19
0.0332652350177515	-0.489474022092175	0.007	0.01	1	ILK	c19
0.0196729227243089	-0.488427942035867	0.008	0.012	1	PTPN2	c19
5.49981822200582e-05	-0.483222395089562	0.026	0.037	1	EIF5	c19
0.00579892564732547	-0.481419999805579	0.013	0.018	1	IDH2	c19
0.00938764211740283	0.479875899694214	0.015	0.011	1	OSM	c19
0.000724640324512775	0.477339805522265	0.023	0.017	1	EIF4A3	c19
0.00177009683206635	-0.476776062418974	0.017	0.023	1	NDUFS8	c19
0.00355693937440356	-0.476164439405653	0.014	0.02	1	APBB1IP	c19
0.000843815847512886	0.473827444177106	0.018	0.013	1	ATP1B3	c19
0.0223957417317294	-0.472539069532503	0.008	0.012	1	BAZ1A	c19
0.0339583965806472	-0.471212209289163	0.007	0.01	1	XRN2	c19
0.0320120617805306	-0.469263937499642	0.007	0.011	1	HNRNPD	c19
0.000518900933558997	0.468527984940112	0.023	0.017	1	NINJ1	c19
0.001490969196202	0.466421249018644	0.02	0.014	1	CD4	c19
0.0136123582813346	0.465262225023077	0.012	0.009	1	NFKB1	c19
0.00920947508013227	-0.463339103542538	0.012	0.017	1	EIF3A	c19
0.000200056547481635	0.46281922028848	0.028	0.021	1	PSMA6	c19
0.000170559093045466	0.46182809323679	0.033	0.025	1	TAP1	c19
6.09019882910376e-05	-0.451116590789383	0.031	0.043	1	ANP32B	c19
0.0187120386472219	0.448320865801964	0.012	0.009	1	CCT6A	c19
0.00461982996834675	-0.444481394542667	0.016	0.021	1	EIF1AX	c19
0.0143864604035464	0.441237911661255	0.014	0.011	1	BLVRB	c19
0.00959939748313949	0.440268499757395	0.015	0.011	1	DBNL	c19
0.021313443500364	-0.436919789158495	0.01	0.014	1	LSM4	c19
0.000999829960183706	0.435962575982001	0.026	0.019	1	RGS19	c19
0.0118812905309761	0.434162802805305	0.015	0.011	1	ATP6V0D1	c19
0.00051266857048758	-0.430003093753289	0.026	0.035	1	PEBP1	c19
0.00206670823457374	-0.429904245908333	0.019	0.026	1	TMED10	c19
0.0131483368347878	0.428579688790308	0.015	0.011	1	PSMA4	c19
0.00278559332073459	-0.427006250037935	0.019	0.026	1	SNRPF	c19
0.000468359141469624	-0.426979584875208	0.027	0.036	1	HNRNPU	c19
0.0566932354410267	-0.42451755466956	0.008	0.011	1	LILRB1	c19
0.000352234756948281	-0.424052973877142	0.03	0.04	1	HSPD1	c19
0.000368374950807563	0.420088030577129	0.034	0.026	1	STAT1	c19
0.000206525319811189	-0.417442741598792	0.03	0.041	1	PSMB10	c19
0.00181314600046084	-0.417358205384021	0.021	0.028	1	REEP5	c19
0.0032373361952584	0.416583026027803	0.021	0.016	1	GSTO1	c19
0.0328389822103431	-0.410812182908372	0.01	0.013	1	KIF5B	c19
0.0547555642308981	-0.405413474962294	0.008	0.011	1	MMADHC	c19
0.00235066868063611	-0.404222923397477	0.022	0.029	1	VAPA	c19
6.08972008162618e-05	-0.404213899066098	0.043	0.056	1	NFKBIZ	c19
0.00586715542835518	-0.401711165853904	0.018	0.024	1	SMAP2	c19
0.00301807470807988	0.401383770145862	0.023	0.018	1	OSTC	c19
0.0076730406402649	0.398436133357963	0.02	0.015	1	WASF2	c19
0.00102745822672555	-0.397487214291476	0.028	0.037	1	PTGER4	c19
0.0726949707307328	-0.395519857975091	0.007	0.01	1	TIMM8B	c19
0.786970936575607	-0.394378454213759	0.309	0.294	1	HSPA1A	c19
0.0557012457031	-0.393104602038098	0.008	0.011	1	TMX1	c19
0.00416593426149839	-0.391567520444108	0.021	0.028	1	TRAPPC5	c19
0.0660809800970097	-0.390509826085231	0.008	0.011	1	C6orf1	c19
0.0524134607995985	-0.388023491922427	0.009	0.012	1	CAPN2	c19
0.0322536289907395	-0.386070001973244	0.011	0.015	1	OCIAD1	c19
0.0494762435255326	0.385822949066119	0.012	0.009	1	TRAF1	c19
0.0592587131860314	-0.384002394930846	0.008	0.011	1	PRPF40A	c19
0.0271490820217521	-0.383239605866676	0.013	0.017	1	TMED9	c19
0.000252507784596836	0.37992646040839	0.038	0.029	1	ACTR2	c19
0.080532019841144	0.379850131956855	0.03	0.035	1	BIRC3	c19
0.00590303042001762	-0.378926282358215	0.02	0.027	1	PHB2	c19
0.00245902651636386	0.375995833825119	0.026	0.02	1	ID3	c19
0.00262995044386822	-0.375710558634465	0.025	0.033	1	UQCRHL	c19
0.0249683949112311	-0.375352813142606	0.014	0.018	1	LTA4H	c19
0.0717673412178449	-0.374092066651269	0.008	0.011	1	TAF15	c19
0.0126822542923872	-0.373298024559074	0.018	0.023	1	DCXR	c19
0.0751295518511634	0.373104337249475	0.011	0.008	1	SLC7A7	c19
0.000574233114102852	-0.372961122920143	0.037	0.048	1	HSPA5	c19
0.0451643853980932	-0.371083543560739	0.011	0.014	1	GTF2B	c19
0.00666988759981402	-0.370485783021469	0.02	0.026	1	P4HB	c19
0.000133808663327365	-0.370117478648129	0.031	0.042	1	HMGB2	c19
0.0049181105253342	-0.368857649571399	0.021	0.028	1	ANAPC11	c19
0.0777181397796465	-0.36779478806288	0.009	0.011	1	PGD	c19
0.0844551324656758	0.36514023172107	0.016	0.013	1	TUBA1C	c19
0.0644220819860214	0.364404325782053	0.013	0.01	1	SMS	c19
0.00793059121575908	0.362428432349513	0.023	0.018	1	CAPZA2	c19
0.0169782705204748	-0.359993829043124	0.015	0.02	1	SSBP1	c19
0.0433416739360723	-0.358831684545518	0.012	0.016	1	KDELR1	c19
0.000141676268891997	-0.358128350729499	0.041	0.053	1	NCL	c19
0.0724616952355069	-0.357618581670732	0.009	0.012	1	TAOK3	c19
0.0830121324190801	-0.357398325852511	0.009	0.012	1	JARID2	c19
0.0103506218938219	0.354193182293538	0.023	0.018	1	RAB5C	c19
0.000586051020933943	-0.353536230446141	0.037	0.047	1	EIF3H	c19
0.0586312667889438	-0.353471096016872	0.009	0.012	1	BANK1	c19
0.0418686390709753	0.353335940495898	0.015	0.012	1	TAP2	c19
0.0170993021765273	-0.353142515987337	0.018	0.023	1	NUCKS1	c19
0.0323288419159802	-0.35205980663186	0.012	0.016	1	NDUFA12	c19
0.0151900095248228	-0.350761949429914	0.018	0.024	1	GRB2	c19
0.0304773484376368	-0.347772731738338	0.029	0.035	1	CFD	c19
0.0093845778598504	-0.346722307126518	0.02	0.026	1	EID1	c19
0.00407960082759726	0.345100977969384	0.026	0.02	1	LINC00936	c19
0.000119262766622727	-0.343912141278059	0.046	0.059	1	PSMA7	c19
0.000335238262668706	-0.340150444098108	0.045	0.057	1	SQSTM1	c19
0.000204022915159672	-0.334351819121474	0.047	0.06	1	PRR13	c19
0.0324727062061352	-0.333697733865266	0.016	0.02	1	LINC00493	c19
0.0677221180429591	-0.333273162043223	0.011	0.014	1	NDUFAB1	c19
0.00173650820295255	-0.332469078273979	0.034	0.043	1	HNRNPC	c19
0.00115645594449194	-0.332211185520563	0.033	0.042	1	CSNK2B	c19
0.00710234861102789	0.329377341036106	0.033	0.027	1	RBPJ	c19
0.0970861122666523	-0.328974264618382	0.009	0.011	1	CCT8	c19
0.0388719225550338	-0.328291881178886	0.015	0.019	1	DDOST	c19
0.0602913823458141	-0.325960539004978	0.012	0.015	1	SNRPB2	c19
0.0067854960411714	0.325429845421747	0.028	0.023	1	HN1	c19
6.73124024398459e-05	0.323670918879944	0.062	0.05	1	ATP5J2	c19
0.131439776304364	-0.323413071036188	0.007	0.01	1	SAT2	c19
0.0415021148825474	-0.321790502535107	0.01	0.013	1	ILF3-AS1	c19
6.24126421349831e-05	-0.32137345741861	0.067	0.083	1	FYB	c19
0.101291280518744	0.31687350743807	0.016	0.013	1	SYAP1	c19
0.0977593545123303	-0.316527580993882	0.008	0.01	1	ACAA1	c19
0.0384475592644393	-0.314395510360203	0.016	0.021	1	PSMB6	c19
0.000182861776311427	-0.308070686030816	0.057	0.071	1	EIF3F	c19
0.0457574993393784	-0.306702652356015	0.011	0.014	1	LDLRAD4	c19
0.000183122856449902	-0.304798672919947	0.059	0.073	1	AHNAK	c19
0.00327350964761179	0.300010186189059	0.021	0.015	1	MTRNR2L8	c19
0.019217934882283	0.299543123135195	0.027	0.022	1	ATP5C1	c19
0.0920906317229571	-0.296924206128808	0.012	0.015	1	POU2F2	c19
0.0367960400826258	-0.296699521572276	0.063	0.07	1	FCN1	c19
0.135853587363793	0.29515486940737	0.012	0.01	1	PTRHD1	c19
0.117286884937633	0.29474267535106	0.013	0.011	1	CRTAP	c19
0.000153582524803562	-0.29456251470426	0.069	0.084	1	COX6A1	c19
0.0269125128667723	0.292792637629394	0.023	0.018	1	GLRX	c19
0.167228116790358	0.291302768333503	0.01	0.008	1	CD93	c19
0.0388449194068733	0.291225463015228	0.022	0.018	1	CLTA	c19
0.0314486667073293	0.288171038418612	0.024	0.02	1	VPS29	c19
0.636210417620331	-0.287194382027599	0.512	0.487	1	ND4L	c19
0.0479543581915149	-0.286512809374902	0.016	0.02	1	SET	c19
0.0648847117680871	-0.279964091686859	0.015	0.019	1	ATP1A1	c19
0.134026876247019	-0.279920444856959	0.01	0.013	1	CNIH1	c19
0.0101584095519462	-0.277954070241066	0.031	0.038	1	RPS27L	c19
0.0979473818221739	0.277280633478582	0.017	0.014	1	SUPT4H1	c19
0.0103205696805486	-0.276499029411333	0.033	0.041	1	LCP2	c19
0.0792927723650371	-0.276367497061464	0.007	0.01	1	KIF2A	c19
0.0865607585002304	-0.274969122338153	0.015	0.018	1	RPN2	c19
0.0901477076981204	0.274428883440799	0.037	0.042	1	MS4A1	c19
0.0270067823171033	-0.273987644089812	0.019	0.023	1	GLIPR2	c19
0.000156133061123194	-0.270226710835207	0.076	0.092	1	YWHAB	c19
0.115999891023447	-0.27000209124108	0.012	0.015	1	RANBP2	c19
0.108945989166491	0.268244942321973	0.016	0.014	1	LAMTOR2	c19
0.0334620602669347	-0.267758882637018	0.02	0.024	1	DUT	c19
0.191785854280365	0.264748339277216	0.012	0.01	1	TES	c19
0.00421625900556493	-0.263292599687915	0.055	0.065	1	PGK1	c19
0.00503987897288489	0.261381374506951	0.047	0.04	1	ATP5B	c19
0.195482221748369	0.254671708217446	0.012	0.01	1	SKIL	c19
0.047474244196786	-0.25228611059146	0.024	0.029	1	IFI16	c19
0.206709989019611	-0.251079767070114	0.009	0.011	1	EIF6	c19
0.0342950395362059	-0.250623651024302	0.028	0.034	1	SHFM1	c19
0.0788587688141857	-0.248404494471401	0.019	0.023	1	ELOVL5	c19
0.0777241808253333	-0.247218276179498	0.018	0.021	1	DDX21	c19
0.298441137915423	0.247184639326051	0.013	0.012	1	SLC20A1	c19
0.242112878011676	0.245333843638109	0.011	0.01	1	DUSP23	c19
0.0347514595752659	-0.245233771300728	0.031	0.036	1	PTPN6	c19
0.0308987960095801	-0.244701276588675	0.031	0.037	1	CD164	c19
0.228274686353435	-0.241602078900788	0.008	0.01	1	SDHD	c19
0.105648836898626	-0.23991074453222	0.017	0.02	1	MDH2	c19
0.00376726916158905	-0.239716742809987	0.058	0.068	1	CAPZB	c19
0.0785762268794877	0.238405959972155	0.031	0.027	1	DEK	c19
0.0193986636491402	-0.23810989725303	0.664	0.642	1	ATP6	c19
0.0303796675110463	-0.236326153609213	0.044	0.05	1	DUSP4	c19
0.271493712322281	0.235631755688705	0.011	0.01	1	CYB5R3	c19
0.113357158392009	-0.23355013766536	0.017	0.02	1	RSL1D1	c19
0.190504028888978	-0.232563679479311	0.011	0.013	1	RAB11A	c19
0.148070618957173	0.230821590965417	0.02	0.018	1	VDAC2	c19
0.00892658568905957	-0.230325207283312	0.044	0.052	1	PARK7	c19
0.0577895130560881	-0.228757014335425	0.027	0.032	1	TMBIM4	c19
0.125117160026852	0.225784267600322	0.021	0.018	1	VASP	c19
0.20274094178405	-0.225219707050601	0.012	0.014	1	PARVG	c19
0.213296134962953	0.224473822772507	0.015	0.013	1	HADHA	c19
0.000119521529974234	-0.220767357623189	0.121	0.14	1	RPL7	c19
0.260418287912203	-0.216293215010546	0.009	0.01	1	SLIRP	c19
0.113595016308247	-0.212833352365827	0.018	0.021	1	PSMA1	c19
0.0868444347592466	-0.212675872964479	0.022	0.026	1	ATP5H	c19
0.000276268798942186	-0.212582805771571	0.501	0.49	1	RPS6	c19
0.143086206669579	-0.212347993049228	0.018	0.02	1	MGAT4A	c19
0.0943008803488221	0.212291611148848	0.033	0.029	1	HMGN3	c19
0.110988558550531	-0.209943495176343	0.031	0.035	1	CD55	c19
0.0168425682626441	0.208446208573766	0.058	0.05	1	ZNF331	c19
0.295991743087805	-0.207259660264338	0.008	0.01	1	DECR1	c19
0.0721006687148679	-0.207178361059397	0.03	0.034	1	TOMM6	c19
0.0185898007075775	-0.201574888293717	0.061	0.07	1	RPS17	c19
0.183245650260159	-0.201294826006267	0.016	0.019	1	RNF181	c19
0.187862298741909	-0.200077304684252	0.008	0.01	1	TNFSF10	c19
0.00155594059899881	-0.19652032068592	0.087	0.101	1	CCNI	c19
0.262002006933815	-0.194371777469768	0.012	0.014	1	LSM6	c19
0.104786617029523	-0.192442579935772	0.036	0.04	1	TKT	c19
0.0153457610260127	0.192153420276454	0.064	0.056	1	ATP6V0E1	c19
0.254131698405096	-0.190636596976462	0.018	0.02	1	ATP2B1	c19
0.220133410107317	0.189375083974782	0.036	0.033	1	CKS2	c19
0.0273205518032439	-0.188679478657009	0.053	0.06	1	ARL6IP5	c19
0.238176111724592	0.187746352085165	0.02	0.017	1	TGIF1	c19
0.437177066508347	0.187746352085165	0.01	0.009	1	OXA1L	c19
0.198007596607303	0.187136175362896	0.028	0.025	1	PRDX6	c19
0.308795107827857	-0.186676734244449	0.01	0.012	1	KDELR2	c19
0.0848370782891692	0.181811235234978	0.046	0.041	1	WSB1	c19
0.359354907153539	0.179623986921563	0.013	0.012	1	DNAJC15	c19
0.00939495873097578	-0.179482839403983	0.088	0.099	1	SUMO2	c19
0.0131076177970214	0.178236967671536	0.086	0.077	1	UCP2	c19
6.93214374720381e-05	-0.17726776827896	0.114	0.133	1	HMGB1	c19
0.00652157299919686	0.176528985356645	0.112	0.1	1	LCP1	c19
0.286296914971954	-0.176311294413413	0.012	0.014	1	ROCK1	c19
0.324348090115163	0.176001822529754	0.017	0.015	1	EIF4E	c19
0.336296675666568	-0.175904994809051	0.01	0.011	1	NCF4	c19
0.040592969289518	-0.175472136100347	0.056	0.063	1	TMBIM6	c19
0.382123267039115	-0.175241839182164	0.008	0.01	1	NABP1	c19
0.134483352525695	0.172702115321957	0.029	0.025	1	ZEB2	c19
0.33680546087759	-0.172277599304561	0.011	0.012	1	HSD17B11	c19
0.000515114741190299	-0.171413467313971	0.14	0.158	1	HINT1	c19
0.357816954977734	-0.170356311178167	0.01	0.011	1	DNAJC4	c19
0.296027104007262	-0.169241179265275	0.069	0.072	1	ND6	c19
0.157609608602873	0.168517046517039	0.027	0.024	1	FGR	c19
0.0964337296742191	-0.168357857930374	0.039	0.043	1	C11orf31	c19
0.0490848059383888	-0.165126781062824	0.06	0.067	1	COX5B	c19
0.356276483157602	-0.163921303046728	0.01	0.011	1	DPYD	c19
0.428040712706356	0.163493762100341	0.076	0.073	1	H2AFZ	c19
0.25883088945639	-0.162327961969831	0.017	0.02	1	BANF1	c19
0.00289422141338829	-0.161684571185943	0.27	0.286	1	KLF6	c19
0.148571523587394	-0.159243026588323	0.029	0.032	1	ATP5J	c19
0.0821006053299725	-0.158801029105734	0.055	0.061	1	UQCR10	c19
0.359145266447687	-0.157963847750329	0.011	0.012	1	ADAM8	c19
0.176926483576192	-0.157304384818372	0.031	0.035	1	SNHG5	c19
0.049185797648999	0.154572360227649	0.026	0.022	1	ZFAND5	c19
0.304279649516177	-0.153942437381708	0.016	0.017	1	ANP32A	c19
0.286253498636562	-0.152054688316754	0.018	0.02	1	ALKBH7	c19
0.0745772435305577	-0.148931032977928	0.898	0.849	1	COX2	c19
0.453177321124905	-0.148501342910667	0.017	0.018	1	C19orf10	c19
0.247476052115705	-0.148351727521252	0.024	0.026	1	UPP1	c19
0.0426286734452487	-0.144860856607424	0.085	0.093	1	COX6B1	c19
0.00123181058071384	0.140505199080869	0.095	0.082	1	TUBA1A	c19
0.477728412551962	-0.140383081970513	0.01	0.011	1	SESN1	c19
0.0284920355677283	-0.1383090861972	0.632	0.596	1	RPL37	c19
0.0149325293717235	0.135635093778634	0.099	0.089	1	SERP1	c19
0.254138927209273	0.135337453141277	0.029	0.026	1	TALDO1	c19
0.0442338025979799	-0.135060502500508	0.114	0.123	1	HNRNPA2B1	c19
0.399047838325454	-0.13363010370963	0.676	0.62	1	RPS3A	c19
0.294150413658688	-0.131469437153259	0.019	0.021	1	AKIRIN2	c19
0.417325265615199	0.130283522223919	0.019	0.017	1	CASP1	c19
0.278352302912755	-0.129204571483709	0.028	0.03	1	UBE2L6	c19
0.00332627793088605	0.128312724199368	0.193	0.177	1	PCBP2	c19
0.509604665421142	0.128013885654753	0.015	0.013	1	MOB1A	c19
0.350550529875198	-0.127883479946107	0.02	0.022	1	MGST3	c19
0.000111622058743078	0.127069604863458	0.202	0.179	1	CYBA	c19
0.425551068453585	-0.126250548203141	0.012	0.014	1	C1orf43	c19
0.520954014055562	0.12562205599679	0.018	0.017	1	M6PR	c19
0.0558413204613058	0.124940255282712	0.105	0.097	1	SUB1	c19
0.0136806979036576	-0.124693303265408	0.173	0.186	1	COX4I1	c19
0.0079411238412137	-0.123464903256606	0.428	0.434	1	RPS9	c19
0.418560403926881	0.121075740675964	0.036	0.034	1	LRRFIP1	c19
0.623459059239302	0.120860268337292	0.011	0.01	1	PSMG2	c19
0.404011568291711	0.120805901897066	0.021	0.019	1	AOAH	c19
0.331859562557255	-0.120156117921496	0.01	0.012	1	RAB10	c19
0.144337733159567	0.119802961554251	0.05	0.045	1	DYNLL1	c19
0.517924230348838	0.118689169295665	0.016	0.015	1	C8orf59	c19
0.206363098190946	-0.117714259205465	0.168	0.174	1	HSP90AB1	c19
0.470026063820784	-0.116962193568761	0.012	0.013	1	APH1A	c19
0.383508770239987	-0.111921920746223	0.021	0.023	1	RAP1A	c19
0.0487671259041554	-0.109744489389537	0.037	0.043	1	MTRNR2L2	c19
0.000434527043236272	0.106349998432412	0.225	0.204	1	EEF1G	c19
0.45727658876845	-0.105617663809836	0.018	0.019	1	ABI3	c19
0.196475919798926	-0.105328569714782	0.059	0.064	1	UQCRH	c19
0.098956403892678	-0.10353242374023	0.042	0.047	1	CD79A	c19
0.00916100790336054	-0.103181685211036	0.933	0.86	1	EEF1A1	c19
0.491574129438439	0.103129889718458	0.026	0.024	1	VAMP5	c19
0.520745377119161	-0.102911873752749	0.011	0.012	1	VOPP1	c19
0.731973822734928	0.102706543002195	0.011	0.01	1	VPREB3	c19
0.594864413435788	0.102642410396068	0.025	0.024	1	PDIA6	c19
0.176661393216747	-0.10184827698773	0.072	0.077	1	RBM3	c19
