p_val	avg_log2FC	pct.1	pct.2	p_val_adj	gene	seurat_clusters
0	10.0873090908391	0.12	0	0	CLEC4C	c17
0	9.93598507250236	0.024	0	0	SHD	c17
0	9.68039947244369	0.082	0	0	SCT	c17
0	9.4214118996726	0.035	0	0	SMIM5	c17
0	9.23554535436126	0.142	0	0	IL3RA	c17
0	9.21269441523323	0.238	0	0	LILRA4	c17
0	9.09948380478524	0.024	0	0	KRT5	c17
0	8.98727430119921	0.069	0	0	PTCRA	c17
0	8.87709138344879	0.014	0	0	SCAMP5	c17
0	8.68444630550639	0.06	0	0	LAMP5	c17
0	8.64968088734572	0.039	0	0	MYBL2	c17
0	8.45848726914975	0.184	0.001	0	SERPINF1	c17
0	8.40175337390213	0.04	0	0	MAP1A	c17
0	8.3701313947289	0.019	0	0	PTPRS	c17
0	8.253654734913	0.27	0.001	0	PLD4	c17
0	7.66558727825508	0.102	0	0	TPM2	c17
0	7.55516328856143	0.046	0	0	FUT7	c17
0	7.50512260606183	0.1	0.001	0	LILRB4	c17
0	7.38523828711911	0.081	0	0	BCL11A	c17
0	7.36612946417141	0.101	0.001	0	SMPD3	c17
0	7.3508627075181	0.162	0.002	0	TCL1A	c17
0	7.31319049825546	0.173	0.001	0	TSPAN13	c17
0	7.22173955483623	0.057	0	0	PPP1R14A	c17
0	7.20822762511869	0.148	0.001	0	DERL3	c17
0	6.93431625214174	0.135	0.001	0	LOC101929219	c17
0	6.84889449161813	0.211	0.002	0	TCF4	c17
0	6.79169989221814	0.032	0	0	PNOC	c17
0	6.62872502740383	0.169	0.002	0	APP	c17
0	6.47965620063538	0.282	0.004	0	IRF8	c17
0	6.46430985811031	0.04	0	0	TNFRSF21	c17
0	6.42705846281374	0.028	0	0	P2RY14	c17
0	6.41362988777534	0.129	0.002	0	SPIB	c17
0	6.30580381962471	0.054	0.001	0	CLN8	c17
0	6.23768109870526	0.052	0.001	0	GAPT	c17
0	6.22570152098866	0.18	0.003	0	CCDC50	c17
0	6.11966168672287	0.127	0.002	0	RNASE6	c17
0	5.85432007579013	0.056	0.001	0	FAM129C	c17
0	5.51863741253631	0.207	0.005	0	NAPSB	c17
0	5.44018910670323	0.336	0.004	0	IGJ	c17
0	5.36500776264473	0.171	0.004	0	MZB1	c17
0	5.21812830128385	0.097	0.003	0	CYB561A3	c17
0	5.19660627168334	0.085	0.002	0	MPEG1	c17
0	5.04383102015074	0.191	0.006	0	UGCG	c17
0	4.98055887383323	0.366	0.02	0	IRF7	c17
0	4.62882493072468	0.319	0.018	0	NPC2	c17
0	4.49057491356367	0.162	0.008	0	PPP1R14B	c17
0	4.46969864020793	0.11	0.006	0	SOX4	c17
0	4.10109913042638	0.296	0.022	0	PLAC8	c17
0	3.92335230218528	0.283	0.031	0	CLIC3	c17
0	3.89249812164235	0.951	0.155	0	GZMB	c17
0	3.75196225108201	0.363	0.035	0	ITM2C	c17
0	3.6041501397206	0.161	0.014	0	VIMP	c17
0	3.29374635475853	0.383	0.052	0	SEC61B	c17
0	3.07233744783973	0.364	0.058	0	GPX1	c17
0	3.04170578824162	0.273	0.025	0	CST3	c17
0	2.97472976919007	0.312	0.044	0	SPCS1	c17
5.26440496890293e-306	5.35339217818453	0.116	0.008	1.09320633584238e-301	PTGDS	c17
9.97107025967463e-305	3.09985066090681	0.278	0.04	2.07059245012403e-300	HSP90B1	c17
8.94704507915356e-283	3.61145241940797	0.145	0.012	1.85794338113703e-278	HIGD1A	c17
6.14850897522879e-279	6.2396614628335	0.027	0	1.27679937379601e-274	ZFAT	c17
1.63759672515844e-268	3.9263787935374	0.105	0.007	3.40063335946401e-264	GRN	c17
4.18954620959231e-264	6.39904408664414	0.021	0	8.70001165883939e-260	DNASE1L3	c17
6.08617160569985e-263	5.76856692667062	0.032	0.001	1.26385439563963e-258	BLNK	c17
5.8016730208045e-238	3.31368106873984	0.247	0.039	1.20477541950026e-233	TXN	c17
1.42802689726263e-235	3.21834530047986	0.171	0.02	2.96544065485557e-231	CTSB	c17
1.32013071062644e-231	2.69681133831324	0.269	0.046	2.74138343368687e-227	C12orf75	c17
8.17490399018413e-212	1.96168703892959	0.475	0.136	1.69760056260164e-207	ALOX5AP	c17
4.24788438194211e-208	3.76194060455064	0.087	0.006	8.82115670754099e-204	CD68	c17
8.47577294782017e-197	2.43015070899469	0.156	0.019	1.76007901034434e-192	STMN1	c17
3.7381380494343e-196	7.41765976481149	0.011	0	7.76261747345527e-192	PFKFB2	c17
1.64212399521819e-192	3.43752458906174	0.109	0.01	3.41003468847009e-188	MS4A6A	c17
1.19109706676822e-185	2.66923533848927	0.616	0.275	2.47343216885088e-181	CD74	c17
2.37372896246932e-178	5.40460361198604	0.028	0.001	4.9292855634638e-174	CXorf21	c17
1.20385925533313e-177	6.08062477753392	0.019	0	2.49993412962477e-173	CSF2RB	c17
1.37860400641026e-173	2.69820839236821	0.173	0.026	2.86280907971154e-169	FCER1G	c17
1.75988750452653e-172	2.49615418852096	0.277	0.061	3.6545823918998e-168	HERPUD1	c17
2.24033841235203e-162	3.81279770665263	0.07	0.005	4.65228674709023e-158	IRF4	c17
2.33396151553813e-158	3.59891349135445	0.079	0.007	4.84670448316647e-154	PTPRE	c17
2.75307785429878e-146	2.30926203253082	0.223	0.047	5.71704147223685e-142	VAMP8	c17
7.95848480422104e-142	5.30789619858595	0.023	0.001	1.65265895444454e-137	MGST2	c17
1.46788854405674e-137	1.83423251897642	0.37	0.115	3.04821735058822e-133	PPIB	c17
1.81175849318492e-130	6.58163549992262	0.01	0	3.76229768694781e-126	EGLN3	c17
1.71964122528167e-129	4.50922700439457	0.034	0.002	3.57100696841992e-125	FCHSD2	c17
4.85409455980853e-129	3.82775652282006	0.054	0.004	1.00800127628984e-124	MEF2C	c17
1.14433271589283e-124	2.93033632696233	0.112	0.015	2.37632131782304e-120	PLEK	c17
1.65816172791665e-124	2.41349774142038	0.175	0.034	3.44333864419172e-120	RNASET2	c17
2.60990615635261e-124	6.18521367881112	0.012	0	5.41973112428183e-120	SUSD1	c17
1.64003641108014e-123	2.06149065502128	0.241	0.059	3.40569961124901e-119	SEC61G	c17
4.69186083970895e-123	2.03861072488517	0.244	0.061	9.74311821973961e-119	PARK7	c17
1.00763111444192e-117	3.93991822090423	0.065	0.006	2.09244677225009e-113	RASD1	c17
1.27526241096588e-115	4.42794273807335	0.032	0.002	2.64820992261175e-111	CCDC88A	c17
2.09193984869619e-112	3.5195393788307	0.06	0.005	4.34412228980251e-108	SPINT2	c17
1.34359603224807e-110	4.23158734079258	0.035	0.002	2.79011152056634e-106	CD2AP	c17
5.83578219932143e-100	1.90528331115893	0.235	0.065	1.21185853151109e-95	PLP2	c17
3.85067659647834e-99	5.250308707033	0.017	0	7.99631502024693e-95	CORO1C	c17
2.67961754139896e-98	5.74464108742514	0.012	0	5.56449378646908e-94	LOC102724297	c17
3.11429055320249e-97	2.92289507306191	0.083	0.011	6.46713576278029e-93	UBE2J1	c17
4.55396999426696e-92	5.48477396067003	0.013	0	9.45677409009478e-88	CERS6	c17
6.24365315806567e-89	2.84152111447734	0.083	0.012	1.29655701480392e-84	PHB	c17
2.42903697620105e-86	4.13258302706532	0.03	0.002	5.0441381847791e-82	TGFBI	c17
7.73091699690864e-86	2.44836626568458	0.112	0.021	1.60540222357805e-81	CNPY3	c17
7.78258867246868e-86	2.28031313248044	0.169	0.042	1.61613236372485e-81	HLA-DRB4	c17
3.70795347980871e-84	2.45862910733619	0.14	0.031	7.69993619617077e-80	CXCR3	c17
1.93703724173365e-82	2.94946934625618	0.073	0.01	4.02245153618411e-78	OFD1	c17
1.42379366932909e-79	1.37733237299585	0.355	0.143	2.95664993372879e-75	SRP14	c17
1.54559032551724e-78	1.51143262979912	0.351	0.145	3.2095728699691e-74	TAGLN2	c17
1.99969643063379e-78	1.56285841651065	0.264	0.09	4.15256960785412e-74	GABARAP	c17
5.05600090343174e-77	5.32014325889723	0.012	0	1.04992914760663e-72	VEGFB	c17
4.29557439910308e-76	1.80693135090251	0.257	0.089	8.92018979717746e-72	SSR4	c17
6.19545547604263e-76	2.48262868883847	0.097	0.018	1.28654828415501e-71	OSTC	c17
9.15215199107836e-73	2.49151947870246	0.159	0.043	1.90053588246733e-68	GPR183	c17
1.54806034410911e-71	2.60753176157161	0.082	0.014	3.21470211057699e-67	FKBP2	c17
1.13629217108626e-69	4.52345442883409	0.022	0.001	2.35962432247772e-65	RNVU1-19	c17
3.64918493602151e-68	1.52174920441125	0.245	0.086	7.57789743814226e-64	C9orf142	c17
1.07297098286765e-64	3.20871287453999	0.042	0.005	2.22813154302297e-60	CYBB	c17
1.02814338133787e-63	2.09177198507136	0.145	0.039	2.13504254568623e-59	LOC100996809	c17
1.56437490849946e-60	-1.44404184258652	0.214	0.474	3.24858093498998e-56	CYTB	c17
1.90827607826808e-60	2.68312892089777	0.063	0.01	3.9627261041315e-56	NUCB2	c17
3.83202055568192e-60	2.27717854126166	0.095	0.02	7.95757388592907e-56	HLA-DMA	c17
1.43032159175841e-58	-0.965279638280319	0.433	0.672	2.97020581744552e-54	ND3	c17
1.86245849892236e-56	2.05984558070972	0.116	0.029	3.86758131886218e-52	SYNGR2	c17
1.88088982933755e-56	1.75135224690183	0.174	0.056	3.90585581960235e-52	TYROBP	c17
1.89107292301591e-56	1.60634888247973	0.18	0.059	3.92700203193484e-52	ERP29	c17
2.79524153932189e-56	4.43414788760006	0.016	0.001	5.80459858055583e-52	SLC15A4	c17
1.63934127236898e-55	1.48865493708989	0.215	0.079	3.40425608620143e-51	UCP2	c17
5.72312280833669e-55	1.83982283362503	0.142	0.041	1.1884636823792e-50	CD164	c17
9.29165958371045e-54	3.83269726409033	0.023	0.002	1.92950602915331e-49	SYK	c17
9.29664166609998e-54	3.57534117049906	0.027	0.002	1.93054060838232e-49	RRBP1	c17
2.48560743927406e-53	3.67882175631251	0.021	0.001	5.1616124083965e-49	FCER1A	c17
2.46322137605835e-51	-1.23170379150251	0.275	0.507	5.11512550952277e-47	COX3	c17
2.50086405136025e-51	-1.19273129866582	0.253	0.492	5.19329428905471e-47	ND4L	c17
3.52224262668255e-51	-0.992822341463719	0.383	0.605	7.31428903856897e-47	ATP6	c17
9.4453585912201e-50	1.89283677774846	0.115	0.031	1.96142316505277e-45	IGFLR1	c17
1.56442287432356e-48	-2.30201796182773	0.073	0.285	3.24868054082029e-44	IL7R	c17
3.80865804936393e-48	4.04420136928405	0.018	0.001	7.90905930530913e-44	IDH3A	c17
5.21208298486187e-47	3.19937174180778	0.032	0.004	1.08234115263642e-42	RNF130	c17
8.36939613395895e-47	3.42130754182663	0.027	0.003	1.73798880117792e-42	THEMIS2	c17
5.29656320487632e-46	2.48477396067003	0.058	0.01	1.09988431512462e-41	IRF2BP2	c17
7.10153353957903e-46	-0.616683777965596	0.701	0.789	1.47470445482898e-41	RPS3	c17
6.34016395937751e-45	1.85674273805698	0.11	0.031	1.31659844780433e-40	CAPG	c17
2.61138499603807e-44	2.46558039543672	0.057	0.01	5.42280208277265e-40	TM9SF2	c17
3.44302448050998e-42	1.0195968344753	0.342	0.177	7.14978463622702e-38	HINT1	c17
1.69641044358523e-41	2.97232395973324	0.034	0.004	3.52276592714909e-37	RUNX2	c17
1.24645528720317e-40	1.59147899705162	0.134	0.045	2.5883890494061e-36	C11orf31	c17
1.73469674538982e-40	-0.976146763594973	0.306	0.51	3.60227126147651e-36	ATP8	c17
4.08392305673319e-40	3.55516328856142	0.021	0.002	8.48067461961215e-36	RPS6KA4	c17
8.64338985966987e-40	-0.546878324789922	0.78	0.836	1.79488633825904e-35	RPL30	c17
9.56813397857319e-40	4.56173594248491	0.01	0	1.98691870199051e-35	GNG7	c17
5.06163620311394e-38	-1.01892523140963	0.705	0.802	1.05109937393864e-33	RNR2	c17
5.97813574496768e-38	0.795304845365731	0.442	0.261	1.24141966879999e-33	PPIA	c17
6.30020950375358e-38	2.49593018178111	0.05	0.009	1.30830150554947e-33	SMIM3	c17
2.44240634578989e-37	-0.693917022103804	0.445	0.629	5.07190101766728e-33	RPL36	c17
2.60945864989514e-36	1.60366180625262	0.121	0.041	5.41880183237225e-32	BST2	c17
2.66246217734589e-36	2.15425836994594	0.066	0.016	5.52886895747647e-32	SSR3	c17
5.98506732299937e-36	-0.588227611904641	0.707	0.824	1.24285908029405e-31	COX2	c17
1.69909864032992e-35	2.7205868977688	0.036	0.006	3.52834823650912e-31	MAN2B1	c17
4.72666859332809e-35	1.83345122023025	0.088	0.025	9.81540000090511e-31	ZNF706	c17
5.11713393327423e-34	1.32959195655747	0.154	0.06	1.06262403258373e-29	CTSC	c17
5.40879843008697e-33	3.76439125069942	0.014	0.001	1.12319108199186e-28	ALDH2	c17
7.42122790979779e-32	1.30718582116825	0.155	0.063	1.54109218774861e-27	TMEM258	c17
1.82219492987077e-31	4.06973646139118	0.011	0.001	3.78396999136964e-27	KIAA0226L	c17
3.10613204522439e-31	1.61944163732601	0.105	0.036	6.45019380511297e-27	CDK2AP2	c17
3.16980867310908e-31	2.22888644873581	0.052	0.011	6.58242469057832e-27	SNORD3A	c17
4.08994024502032e-31	-0.33157696331758	0.942	0.939	8.4931699128092e-27	RPS27	c17
5.10008331329207e-31	2.39212467270435	0.042	0.008	1.05908330083823e-26	ATG101	c17
9.72739227171095e-31	-1.59338447329022	0.092	0.253	2.0199902791435e-26	TXNIP	c17
2.07976115150276e-30	2.19283367838986	0.051	0.011	4.31883200721064e-26	PPM1K	c17
2.15004324965256e-30	2.96731827930715	0.025	0.003	4.46477981222851e-26	MAPKAPK2	c17
3.38875907809087e-30	3.31812409126058	0.02	0.002	7.0370971015635e-26	C12orf45	c17
8.18414755656579e-30	0.855480427152331	0.315	0.176	1.69952008159645e-25	CYBA	c17
2.89423421642794e-29	1.41379924220826	0.147	0.061	6.01016677383426e-25	RGS2	c17
4.11779532653842e-29	3.95822814617419	0.011	0.001	8.55101377508968e-25	EIF2AK4	c17
5.55030603827138e-29	-0.361450886822559	0.86	0.885	1.15257655190744e-24	RPL28	c17
6.57062363237922e-29	-1.13917846480631	0.321	0.479	1.36445570349987e-24	FOS	c17
2.65541140464644e-28	1.41342847598882	0.114	0.042	5.51422732288879e-24	LAG3	c17
3.40179688138513e-28	2.83269726409033	0.026	0.004	7.06417140388437e-24	CCDC186	c17
3.62956588641965e-27	0.647274023788485	0.441	0.284	7.53715651973904e-23	ATP5E	c17
5.39740741094478e-27	-0.469979219552767	0.582	0.715	1.12082562295679e-22	RPS15	c17
9.943122569694e-27	1.11179344338953	0.223	0.115	2.06478883282266e-22	LOC101929531	c17
1.95456642121571e-26	1.87027098915621	0.062	0.017	4.05885263029654e-22	A1BG	c17
5.06284896315042e-26	1.6603140360186	0.079	0.025	1.05135121568782e-21	P4HB	c17
1.56444814233581e-25	-0.581673750069447	0.396	0.563	3.24873301237455e-21	RPL8	c17
4.01324289065059e-25	1.70716638200648	0.073	0.023	8.33390018672502e-21	PDIA6	c17
4.5758561854312e-25	-0.545537506416397	0.678	0.771	9.50222295466642e-21	COX1	c17
1.12473977993766e-24	1.73082785824038	0.071	0.022	2.33563462701854e-20	PTMS	c17
3.17302493513682e-24	2.07403659882481	0.046	0.011	6.58910358030512e-20	FAM96A	c17
4.54414736671122e-24	-0.597382241814762	0.448	0.587	9.43637642171252e-20	RPS29	c17
5.67773044400101e-24	1.07279050354497	0.173	0.083	1.17903750400125e-19	RNASEK	c17
1.38317954148809e-23	-0.875325742955787	0.35	0.494	2.87231063585417e-19	JUN	c17
5.72280350675495e-23	1.94611273200378	0.05	0.013	1.18839737621273e-18	PLA2G16	c17
6.35673450587401e-23	2.54233924820384	0.021	0.003	1.3200394874898e-18	LGMN	c17
2.27016395333027e-22	0.987435325256623	0.183	0.092	4.71422246548563e-18	CALM2	c17
2.42589848806164e-22	2.48109830252663	0.028	0.005	5.0376208003088e-18	LAP3	c17
3.22656875169966e-22	-0.863088809498579	0.255	0.405	6.70029266977952e-18	IL32	c17
8.34226821888354e-22	3.33129948000831	0.013	0.001	1.73235541833336e-17	TSPAN3	c17
8.51676504003007e-22	1.16841103475376	0.139	0.063	1.76859142821264e-17	GSTP1	c17
1.08806569258061e-21	3.14528749439836	0.013	0.001	2.25947721721289e-17	THBD	c17
2.04532804896111e-21	1.66442294365291	0.082	0.03	4.24732822647264e-17	HLA-DQB1	c17
2.98580027495487e-21	1.81721992747139	0.057	0.017	6.20031285097129e-17	LDLRAD4	c17
4.15015341168142e-21	-0.410922714698999	0.81	0.844	8.61820857469763e-17	RPL39	c17
5.14188740894417e-21	1.22494522133036	0.119	0.052	1.06776433934135e-16	GNG5	c17
9.5226501990337e-21	-1.00510627094032	0.146	0.279	1.97747354033134e-16	SARAF	c17
1.36633858123043e-20	1.22390579067403	0.12	0.053	2.83733869778311e-16	DBI	c17
1.39378027117045e-20	1.76219228466648	0.055	0.016	2.89432411111255e-16	C19orf10	c17
2.20236589285571e-20	1.85990335589405	0.114	0.05	4.57343301310416e-16	AREG	c17
3.16048144312501e-20	0.600653489375438	0.427	0.295	6.5630557647934e-16	SERF2	c17
3.73613221843793e-20	0.868945494085617	0.218	0.121	7.75845216480821e-16	CHCHD2	c17
4.15490506811304e-20	1.96529087371646	0.043	0.012	8.62807586444355e-16	SLC20A1	c17
8.78421846521277e-20	-1.7821971622975	0.053	0.159	1.82413080648608e-15	KLRB1	c17
1.42540844417586e-19	1.7177806431573	0.055	0.017	2.9600031751756e-15	TMED9	c17
2.62330844579673e-19	1.96659855116007	0.04	0.011	5.44756231854148e-15	SLC7A5	c17
2.89035717133293e-19	1.61217969037432	0.061	0.02	6.00211570198997e-15	AMICA1	c17
3.37447781633616e-19	-0.507252685107097	0.494	0.601	7.00744063340367e-15	RPS25	c17
5.09609313243835e-19	-0.662474582510505	0.414	0.541	1.05825469988215e-14	JUNB	c17
5.43201183402754e-19	0.494357761962355	0.596	0.489	1.12801157745416e-14	RPLP0	c17
6.4351764581267e-19	1.51940808747684	0.068	0.024	1.33632874329459e-14	MTDH	c17
7.53600924743723e-19	1.07023972125637	0.131	0.062	1.56492768032281e-14	SLC25A5	c17
1.19949002722615e-18	3.34570992293247	0.011	0.001	2.49086099053781e-14	AHCY	c17
1.77974716351453e-18	-0.932614918565485	0.143	0.267	3.69582295975427e-14	ARHGDIB	c17
2.3376928915895e-18	1.87870243335477	0.042	0.012	4.85445305867476e-14	CD4	c17
3.11164576749616e-18	1.90978927114445	0.038	0.01	6.46164360078252e-14	MX1	c17
4.2033884576079e-18	-2.00381857623037	0.042	0.138	8.72875647106857e-14	GZMK	c17
5.37220072432449e-18	2.18499900802122	0.03	0.007	1.11559120241322e-13	PDIA4	c17
5.6595327993356e-18	-0.71423944570845	0.263	0.396	1.17525858111003e-13	S100A4	c17
7.19693935336548e-18	1.07261705144813	0.139	0.068	1.49451642611988e-13	SERP1	c17
7.67287247723006e-18	-0.891190835449954	0.153	0.277	1.59334869862159e-13	CD52	c17
1.21725723766637e-17	3.15336481277178	0.012	0.001	2.52775637973799e-13	UNC93B1	c17
1.6179446106296e-17	1.44929165822651	0.071	0.027	3.35982377843342e-13	TMED10	c17
2.30071215429585e-17	0.321605376494531	0.577	0.432	4.77765885961076e-13	FTH1	c17
2.40815752253653e-17	-0.704216818113002	0.2	0.329	5.00077991129936e-13	CD3E	c17
4.09499825087802e-17	-0.363368409362744	0.837	0.849	8.50367336777329e-13	RPL13	c17
7.31158942367839e-17	1.70832285103905	0.051	0.016	1.51832465972106e-12	SEC11C	c17
8.55563458670022e-17	3.03914814155776	0.013	0.002	1.77666307827417e-12	GSN	c17
2.22869695883848e-16	-0.495826215198967	0.446	0.553	4.628112104724e-12	RPL14	c17
2.39293032781791e-16	1.43485874991594	0.069	0.027	4.96915911874666e-12	ATP6V0B	c17
2.7156017086901e-16	1.95963154613008	0.034	0.009	5.63921850826586e-12	NCF1C	c17
3.74643075174017e-16	1.17643493053062	0.097	0.043	7.77983809906364e-12	NME2	c17
4.31207245745615e-16	2.69659714029629	0.017	0.003	8.95444966515344e-12	PAIP1	c17
4.46262229568044e-16	-0.396766709164582	0.777	0.802	9.26708145921e-12	RPL32	c17
6.48733819490945e-16	-0.439612807234768	0.599	0.678	1.3471606495549e-11	RPS14	c17
7.62434269792434e-16	1.77555335698673	0.043	0.013	1.58327100465097e-11	DUSP5	c17
1.32398120447432e-15	-0.811125510241457	0.155	0.269	2.74937936921137e-11	RPL38	c17
1.57466109569016e-15	0.699354404933196	0.254	0.161	3.26994123131019e-11	COMMD6	c17
1.72534074852962e-15	2.71848169523431	0.016	0.002	3.58284259839661e-11	SIDT1	c17
2.17827740414575e-15	2.34216956522723	0.022	0.004	4.52341085744906e-11	IFI44L	c17
2.85780750770628e-15	-1.02566017888238	0.422	0.534	5.93452307050285e-11	RNR1	c17
5.41087112460266e-15	-0.28370562555248	0.842	0.863	1.12362149773499e-10	RPS15A	c17
1.15794625963841e-14	0.831651201174978	0.184	0.107	2.40459120276512e-10	SUB1	c17
1.17347760631243e-14	1.18670532997162	0.1	0.047	2.4368435972684e-10	HSPA5	c17
1.39667849074389e-14	-0.374659226959207	0.551	0.661	2.90034255387876e-10	HLA-A	c17
2.08568791986633e-14	-0.712609036279032	0.255	0.368	4.33113953439443e-10	ND4	c17
2.16720759978126e-14	-0.381720477850164	0.709	0.759	4.50042330170576e-10	RPL34	c17
3.63837549656311e-14	2.78660084950088	0.013	0.002	7.55545055616296e-10	CUX1	c17
3.702528524026e-14	2.30506793843513	0.021	0.004	7.6886707329924e-10	HLA-DMB	c17
4.34386425954754e-14	0.520092055091836	0.113	0.056	9.02046852137641e-10	CXCL13	c17
4.64480842855265e-14	1.54225945533079	0.049	0.017	9.64540918273243e-10	DCK	c17
6.65129176457751e-14	2.28998361089607	0.021	0.004	1.38120724783217e-09	FAM105A	c17
9.43803089038353e-14	2.94045344444622	0.011	0.002	1.95990149469704e-09	FEZ2	c17
1.02201519792157e-13	0.74176461691172	0.161	0.091	2.12231676000393e-09	HMGN2	c17
1.0611739379824e-13	-0.763198843633137	0.278	0.386	2.20363379961426e-09	DUSP1	c17
1.43180086394445e-13	-1.03116158000379	0.152	0.25	2.97327767406705e-09	IER2	c17
2.6088378359311e-13	1.52241816559436	0.051	0.019	5.41751265009451e-09	CANX	c17
2.96353220580505e-13	0.49920120768046	0.347	0.246	6.15407097857477e-09	MYL6	c17
3.10549266600923e-13	0.911862088230317	0.146	0.082	6.44886607023477e-09	CKLF	c17
3.85221005865994e-13	-0.323263876568182	0.836	0.877	7.99949940781324e-09	EEF1A1	c17
5.77007644937406e-13	1.908703291122	0.027	0.007	1.19821407547702e-08	KRT86	c17
5.79351248432225e-13	0.855017577969932	0.15	0.085	1.20308080249436e-08	COX7A2	c17
5.97338095922657e-13	0.994044694311887	0.108	0.055	1.24043228999299e-08	ATP5G3	c17
6.57698218125846e-13	1.77237351210035	0.033	0.01	1.36577611976013e-08	MANF	c17
1.10082653559449e-12	0.867786269413328	0.132	0.073	2.28597638381552e-08	ATP6V0C	c17
1.13998305755655e-12	-0.327636849047071	0.701	0.759	2.36728881732192e-08	RPS27A	c17
1.17634943262032e-12	2.74464108742514	0.012	0.002	2.44280723177936e-08	PARVB	c17
1.24556733752051e-12	0.750112991659862	0.18	0.109	2.5865451330951e-08	ARPC3	c17
1.60595499228248e-12	-0.176811521048574	0.972	0.96	3.33492613697379e-08	RPL41	c17
1.9105285338541e-12	1.15673156441359	0.075	0.034	3.96740355340143e-08	TRAM1	c17
2.11395620708023e-12	1.46680741414058	0.052	0.02	4.3898414596228e-08	HLA-DRB1	c17
4.32603198834852e-12	1.77363435387173	0.031	0.009	8.98343802700455e-08	TIMM13	c17
4.93538172261839e-12	0.796621409453534	0.162	0.097	1.02488136851894e-07	PRF1	c17
5.51823355659776e-12	0.908794876017059	0.116	0.062	1.14591638036309e-07	ATF3	c17
1.46103029326044e-11	2.64059876506749	0.013	0.002	3.03397550698463e-07	GNA15	c17
2.44020299313324e-11	1.61808798063111	0.035	0.012	5.06732553554049e-07	APEX1	c17
3.29643639610897e-11	-0.618950842451976	0.279	0.376	6.84537982015989e-07	DNAJB1	c17
4.79326032807637e-11	1.87799334974318	0.025	0.007	9.95368439728339e-07	MIF4GD	c17
5.63313300944592e-11	2.40135795248239	0.014	0.003	1.16977640074154e-06	SNRNP25	c17
5.88043758170977e-11	-0.710671561453324	0.17	0.26	1.22113166821785e-06	CST7	c17
6.86254465911268e-11	-2.20105942428586	0.024	0.081	1.42507602391134e-06	TNF	c17
6.88935234335618e-11	-0.731186659751027	0.18	0.271	1.43064290762134e-06	ND1	c17
8.24803350961567e-11	-0.322530621450929	0.841	0.888	1.71278663860679e-06	MALAT1	c17
8.80673057066321e-11	2.61970354075614	0.011	0.002	1.82880567030392e-06	CD36	c17
1.01696310407397e-10	1.85383603114848	0.025	0.007	2.11182558192e-06	EIF5AL1	c17
1.07249328429276e-10	1.44327697337187	0.041	0.015	2.22713955416235e-06	HM13	c17
1.43057082135659e-10	1.13493057921377	0.068	0.032	2.9707233676291e-06	TMED2	c17
1.71377639825955e-10	0.414609591762196	0.643	0.612	3.55882806862577e-06	RPS8	c17
1.80687508491326e-10	2.69086456967737	0.01	0.002	3.75215680133088e-06	RNF144B	c17
1.89931976637297e-10	2.50875282360447	0.012	0.002	3.94412742685012e-06	HYOU1	c17
2.92312099528479e-10	-0.804428159530937	0.095	0.172	6.07015305880839e-06	ITM2B	c17
2.96455897300201e-10	1.38244507222743	0.043	0.017	6.15620316333598e-06	NAPA	c17
3.16163601071441e-10	-0.83232816600491	0.134	0.217	6.56545333984953e-06	TNFAIP3	c17
4.20316284115635e-10	-0.722744903756297	0.153	0.237	8.72828795594527e-06	ND2	c17
4.52506928113667e-10	0.375914422008831	0.388	0.294	9.3967588692084e-06	MYL12A	c17
4.69009713123261e-10	-0.43668288227531	0.282	0.385	9.73945570271765e-06	BTG1	c17
6.32473838868824e-10	0.549702940946421	0.249	0.174	1.313395173795e-05	ATP5L	c17
7.82404704050267e-10	-0.339476337542545	0.553	0.621	1.62474160843079e-05	RPL35A	c17
1.19431383848731e-09	1.91295683600579	0.021	0.006	2.48011211700275e-05	ERCC1	c17
1.2358145834978e-09	1.25406345093698	0.075	0.038	2.56629256409154e-05	XBP1	c17
1.23787421954647e-09	1.06889662725033	0.069	0.034	2.57056960431021e-05	SPCS2	c17
1.41836709411752e-09	-1.09575984308784	0.06	0.124	2.94538110764444e-05	FOSB	c17
1.4794522920486e-09	-0.157915177850515	0.976	0.965	3.07223062966812e-05	B2M	c17
1.49691614278317e-09	-0.706705971218663	0.135	0.214	3.10849606210354e-05	ND5	c17
1.9422357037181e-09	0.543183963559085	0.224	0.154	4.03324666234101e-05	RPS11	c17
2.22431527977446e-09	1.21702416051815	0.051	0.022	4.61901310997965e-05	PSMA6	c17
2.49032181865237e-09	1.36990663336312	0.039	0.015	5.17140228861351e-05	NCF1	c17
2.51433566945654e-09	2.22173955483623	0.014	0.003	5.22126945119344e-05	STX7	c17
2.59396005686309e-09	-1.44630120502715	0.03	0.083	5.38661745408188e-05	FYB	c17
2.62646684727718e-09	-0.678668582053113	0.129	0.207	5.45412105505578e-05	CALM1	c17
2.9373904888335e-09	-1.10159157873012	0.047	0.106	6.09978508911164e-05	ZFP36L1	c17
3.06725942294239e-09	1.7864036118164	0.023	0.007	6.36947091768217e-05	CLINT1	c17
3.15527914676326e-09	-1.68974858279785	0.02	0.068	6.55225267616859e-05	KLF2	c17
3.95337928116632e-09	-0.317653966549414	0.304	0.407	8.20958741526998e-05	IFITM1	c17
4.26718579924462e-09	-0.351373538096895	0.492	0.565	8.86123803071138e-05	RPL18	c17
4.49515339994882e-09	3.18859127861922	0.014	0.003	9.33463555033372e-05	IGLL5	c17
4.5780204174376e-09	1.85472357042033	0.021	0.006	9.50671719885093e-05	N4BP2L1	c17
6.05428256171561e-09	0.557300439041619	0.109	0.063	0.000125723231676586	TUBA1B	c17
6.15758846926368e-09	1.8878388182828	0.02	0.006	0.00012786848215273	TACC1	c17
6.33873235697569e-09	0.505712005166602	0.235	0.165	0.000131630116124957	OST4	c17
6.36691736981195e-09	0.810090076224913	0.115	0.068	0.000132215406101515	RPL22L1	c17
6.81666213151854e-09	0.381091456743196	0.456	0.375	0.000141554805823114	NACA	c17
7.09926718788642e-09	0.751777268706767	0.127	0.077	0.000147423382423649	CALR	c17
9.22356405783954e-09	2.23220506507557	0.013	0.003	0.000191536531225096	NBPF14	c17
9.54706123918024e-09	1.74021168929663	0.023	0.007	0.000198254273692817	COMT	c17
9.63558496088542e-09	1.522180871862	0.03	0.011	0.000200092557297747	SNRPE	c17
1.44513105525297e-08	-2.76508927698841	0.006	0.043	0.000300095914933832	FGFBP2	c17
1.49497235403574e-08	-0.876980411307447	0.064	0.124	0.000310445959039063	GADD45B	c17
1.50370460837923e-08	0.732096131232737	0.122	0.074	0.00031225929897603	LIME1	c17
1.60677313165964e-08	1.19163428920729	0.048	0.021	0.00033366250852044	PSMA2	c17
1.62055700482648e-08	0.531080058607038	0.221	0.156	0.000336524867622268	LRRC75A-AS1	c17
1.76034496472486e-08	1.14116309917113	0.051	0.023	0.000365553235374765	SIVA1	c17
1.863698095461e-08	0.943095557677671	0.059	0.029	0.000387015546503431	PSAP	c17
1.86776583974645e-08	0.753675373535818	0.112	0.066	0.000387860254281748	H3F3AP4	c17
2.08628276728126e-08	1.32100596001777	0.04	0.017	0.000433237479453627	RPN2	c17
2.08819536247362e-08	2.04420136928405	0.016	0.004	0.000433634648971272	SLAMF7	c17
2.26171456988479e-08	1.59810590625841	0.026	0.009	0.000469667647582276	LMAN1	c17
2.5651458085584e-08	1.0148039822388	0.063	0.032	0.000532678178605237	POMP	c17
2.59797535974052e-08	-0.279512761863702	0.655	0.692	0.000539495563203717	RPS21	c17
2.68057393080091e-08	1.10230432384761	0.053	0.025	0.000556647982470116	DSTN	c17
2.86688788859145e-08	0.828020776880861	0.092	0.052	0.000595337938944901	ROMO1	c17
2.92732316012369e-08	-0.583801116060434	0.127	0.2	0.000607887927431285	PTPRC	c17
3.47421307818911e-08	1.56576473364533	0.031	0.012	0.000721455087816752	NR4A3	c17
3.51894553273229e-08	0.660430307379142	0.144	0.092	0.000730744229327187	COX6B1	c17
3.87315641471524e-08	-1.43706697640446	0.036	0.085	0.000804299661079766	EGR1	c17
4.25207725854887e-08	2.22769701013263	0.012	0.003	0.000882986363510258	CAT	c17
4.79894794587426e-08	-0.993493510883749	0.06	0.116	0.000996549530440248	SLC2A3	c17
5.48842107845899e-08	-0.394720851810285	0.357	0.433	0.00113972552115279	RPL23A	c17
6.1527602804405e-08	2.29212888272763	0.011	0.003	0.00127768219983627	ST6GALNAC4	c17
7.13478311603906e-08	-3.66097626786371	0.003	0.035	0.00148160906187667	TNFRSF4	c17
7.35428878333466e-08	1.00516004948526	0.06	0.03	0.00152719160874728	ANAPC11	c17
8.55121918709307e-08	0.359601731339981	0.405	0.33	0.00177574617639175	RPL37A	c17
8.74007102601401e-08	-0.23625113779231	0.743	0.772	0.00181496314926207	RPL19	c17
9.0531416295578e-08	0.584343711887226	0.164	0.11	0.00187997539079397	SUMO2	c17
9.13353339462284e-08	2.10992555150688	0.012	0.003	0.00189666954472738	RPPH1	c17
1.04728501818027e-07	1.22603969226986	0.044	0.02	0.00217479206875316	SNX3	c17
1.06901262969704e-07	0.758646787929879	0.112	0.068	0.00221991162682887	PGK1	c17
1.09727897067728e-07	0.649673001834378	0.135	0.087	0.00227860951050844	HMGN1	c17
1.15533725996709e-07	1.14373704283496	0.046	0.021	0.00239917335404765	NHP2	c17
1.60022790800212e-07	0.584651420978107	0.172	0.118	0.0033230332737572	UBL5	c17
1.68634863776877e-07	-0.533749038962779	0.175	0.248	0.00350187158119063	NFKBIA	c17
1.77171878616417e-07	1.06162381560386	0.056	0.028	0.00367915123134851	SLC3A2	c17
1.87959930630507e-07	-0.671694181880444	0.102	0.165	0.00390317591947311	CD2	c17
2.06351153479237e-07	-0.501078190052897	0.464	0.493	0.00428508805314983	RPS26	c17
2.10153642472586e-07	1.12264922626212	0.046	0.021	0.00436405053958572	LMAN2	c17
2.10987331329981e-07	1.90842459025358	0.016	0.004	0.00438136292239839	SUPV3L1	c17
2.26120474937731e-07	-2.07506742729826	0.009	0.043	0.00469561778255691	LBH	c17
2.30028020105103e-07	1.85211471791758	0.017	0.005	0.00477676186550256	GFI1	c17
2.32572912220259e-07	1.28931386712058	0.038	0.017	0.0048296090951659	ERN1	c17
2.89208089117301e-07	-1.10492645905779	0.038	0.084	0.00600569517860987	CNBP	c17
2.93160477469394e-07	0.979813136037526	0.063	0.033	0.00608777047512943	UBE2L6	c17
3.68724779130025e-07	1.4971932199241	0.025	0.009	0.0076569387634141	TMEM109	c17
4.13548534999484e-07	-0.662067427659244	0.09	0.148	0.00858774887779929	ANXA1	c17
4.17554895147752e-07	1.88840669667662	0.014	0.004	0.00867094495263822	SMIM14	c17
5.33583626402343e-07	-1.47919550924651	0.02	0.057	0.0110803975858711	GIMAP7	c17
5.52997043551515e-07	-2.96201396412812	0.003	0.031	0.0114835366063908	CD40LG	c17
5.74000189596213e-07	-1.21783762555404	0.031	0.073	0.011919687937155	SPOCK2	c17
5.74541854252772e-07	1.57289565035846	0.022	0.008	0.0119309361454131	PRKCB	c17
5.76373896036637e-07	-0.302571837423783	0.314	0.401	0.0119689803250968	TSC22D3	c17
5.88086744740975e-07	0.756075982487422	0.087	0.051	0.0122122093412911	ARF6	c17
6.19573603928149e-07	1.42746652250841	0.026	0.01	0.0128660654591719	LOC102724850	c17
6.72712641001171e-07	-0.194263711548332	0.67	0.742	0.0139695507030303	HLA-C	c17
6.75143571792504e-07	1.00182786445254	0.047	0.023	0.0140200314118431	TMEM107	c17
7.7689381609255e-07	1.63677705411508	0.02	0.007	0.0161329769849779	ADA	c17
7.86144181706833e-07	0.709830060818562	0.098	0.06	0.0163250700773241	ATP6V1G1	c17
7.88260049597614e-07	0.687646931287051	0.105	0.066	0.0163690081899441	UQCR10	c17
7.89444259577401e-07	1.24196012574254	0.034	0.015	0.0163935994943843	EIF2S2	c17
8.1413845310091e-07	0.368147800977177	0.329	0.26	0.0169063991170935	S100A6	c17
1.00703897065218e-06	0.851626082844017	0.069	0.039	0.0209121712645631	COPE	c17
1.02785799458316e-06	-0.286502940730429	0.52	0.579	0.021344499115514	RPL3	c17
1.08423891401052e-06	-0.114885316710109	0.783	0.892	0.0225153052883424	TMSB4X	c17
1.11652146179288e-06	1.24574894744533	0.033	0.014	0.0231856846755909	CCDC59	c17
1.15779856739297e-06	0.619471689403144	0.124	0.081	0.0240428450504823	NDUFA4	c17
1.21989911464003e-06	0.709764478133201	0.108	0.068	0.0253324250146149	PSME2	c17
1.28430975012449e-06	-1.80265936515995	0.012	0.045	0.0266699762710851	CMC1	c17
1.29091499316643e-06	0.485174468248842	0.194	0.14	0.026807140748094	RHOA	c17
1.31282714342085e-06	0.243585246590976	0.623	0.577	0.0272621684602773	RPS13	c17
1.53605663849507e-06	0.532484491993495	0.158	0.11	0.0318977521549886	ARPC1B	c17
1.63176040730017e-06	1.33129948000831	0.028	0.011	0.0338851366179954	DNAJC4	c17
1.65742901778116e-06	0.558959451652974	0.135	0.091	0.0344181709832437	GUK1	c17
1.81710344359002e-06	1.5689502402915	0.022	0.008	0.0377339701095903	B4GALT1	c17
1.86497543412741e-06	0.674395383995146	0.108	0.069	0.0387280798650899	USMG5	c17
1.8652848409914e-06	-1.19571115109542	0.026	0.063	0.0387345050080275	GIMAP4	c17
1.92242784231284e-06	1.53978806267451	0.021	0.007	0.0399211365734684	PLSCR1	c17
1.94037905870162e-06	0.49701378212616	0.193	0.141	0.0402939115329978	IFITM3	c17
2.14148556663873e-06	2.08024058818163	0.011	0.003	0.0444700892768199	IFI27	c17
2.14185404881597e-06	-0.237637209519165	0.602	0.647	0.0444777411777124	RPL12	c17
2.36056696371136e-06	1.74552018990855	0.021	0.007	0.04901953356843	TNFRSF9	c17
2.40765923369574e-06	-1.33523918425852	0.022	0.057	0.0499974516469257	GAS5	c17
2.50149887722327e-06	1.14085859393747	0.039	0.019	0.0519461256844185	NDUFA7	c17
2.53292503343391e-06	1.13526003411077	0.037	0.017	0.0525987212442886	PYCARD	c17
2.66795652952333e-06	-3.13727785878635	0.002	0.026	0.0554027852920815	RPS4Y1	c17
2.71914727641979e-06	0.791840247431379	0.073	0.043	0.0564658123421333	SNRPG	c17
2.72092214592065e-06	-1.24470112232043	0.03	0.068	0.0565026692821881	LINC00861	c17
2.91351079850175e-06	-0.314356797092762	0.317	0.401	0.0605019652416874	CD69	c17
3.08248252413776e-06	1.71668915612498	0.018	0.006	0.0640108320962447	CTSH	c17
3.13323441731357e-06	1.2364965757464	0.031	0.014	0.0650647459099337	KIF5B	c17
3.13368867599511e-06	-2.07335235507881	0.022	0.056	0.0650741790457144	CCL4L2	c17
3.17677278710152e-06	2.11131556514258	0.01	0.003	0.0659688636969502	LIMK2	c17
3.73122007669381e-06	0.92044775264317	0.057	0.031	0.0774825161126238	ANXA11	c17
4.45427155493272e-06	-1.95764300413604	0.008	0.036	0.0924974031097328	KLRG1	c17
4.80545556580721e-06	0.698383609780697	0.089	0.055	0.0997900902795525	ARF1	c17
4.8453387994791e-06	0.21618779267887	0.614	0.542	0.100618305509983	PTMA	c17
5.49155551442342e-06	1.51405175319227	0.022	0.008	0.114037641812517	CD9	c17
5.80638110945763e-06	-0.236880541598772	0.767	0.779	0.120575310118997	RPL11	c17
5.88550983225641e-06	-0.648360131104265	0.107	0.159	0.122218497176637	CTSW	c17
5.89364293831211e-06	-1.21376204700233	0.025	0.059	0.122387389256989	KIAA1551	c17
6.63941034041338e-06	1.50945822405062	0.02	0.007	0.137873995129024	GLO1	c17
6.88857061028015e-06	1.02159994034691	0.044	0.023	0.143048057293078	MRPL20	c17
7.06616693401751e-06	1.96719829967875	0.011	0.003	0.146736022551808	AHI1	c17
7.7238956248765e-06	0.557160765960834	0.132	0.091	0.160394416546185	COX6A1	c17
8.22756835094471e-06	1.9552504463743	0.011	0.003	0.170853684375718	SNAP29	c17
8.29463897380782e-06	1.06736555692844	0.038	0.019	0.172246472930093	SET	c17
8.45082661190361e-06	-0.300498384957005	0.448	0.501	0.17548986542279	RPLP2	c17
8.82857368174335e-06	-0.838550741335975	0.058	0.101	0.183334161075082	TAGAP	c17
9.14871829013195e-06	1.7934221153569	0.013	0.004	0.18998228401288	SEL1L3	c17
9.44115556440684e-06	0.867695346855134	0.056	0.031	0.196055036450472	HMGN3	c17
1.00437619788156e-05	1.05322137460817	0.038	0.019	0.208568761252085	SAMHD1	c17
1.07493461145966e-05	0.554214459167877	0.133	0.092	0.223220921415713	EDF1	c17
1.08469888401961e-05	-0.310342628006235	0.239	0.306	0.225248570255512	HSPA8	c17
1.09149527487351e-05	1.36036361848008	0.023	0.009	0.226659908780233	HLA-DRB3	c17
1.09629895012e-05	-0.253077347660258	0.728	0.749	0.227657439981919	RPS18	c17
1.14464392606145e-05	1.03329109514822	0.049	0.026	0.23769675768592	FKBP11	c17
1.16635843712172e-05	-1.59990790268427	0.01	0.037	0.242205993052697	FAIM3	c17
1.27574957211328e-05	1.08378999768009	0.035	0.017	0.264922156145044	SDF2L1	c17
1.3428791306111e-05	1.4997666751455	0.019	0.007	0.278862280262702	CRELD2	c17
1.34782298726382e-05	0.696153389284058	0.087	0.055	0.279888921535204	DRAP1	c17
1.45129455385786e-05	1.37660798197567	0.024	0.01	0.301375827054124	YIF1A	c17
1.46431464800708e-05	0.940846067945957	0.046	0.024	0.30407957980515	DANCR	c17
1.57404919399095e-05	0.240950158802069	0.701	0.688	0.32686705562416	RPS23	c17
1.6131992597534e-05	1.48071193534679	0.019	0.007	0.334996958280392	CARS	c17
1.6306867842189e-05	-0.330566601918559	0.263	0.328	0.338628417610897	EEF1D	c17
1.64710496938745e-05	0.713507908880302	0.077	0.047	0.342037817942997	CD63	c17
1.64770057136134e-05	0.41373291086984	0.25	0.197	0.342161500648896	MIF	c17
1.78039548550189e-05	1.48206467341204	0.019	0.007	0.369716926519323	RNASEH2B	c17
1.80664352761403e-05	-0.5546436272244	0.082	0.129	0.375167594944329	LIMD2	c17
1.83180832750807e-05	1.18576901006278	0.029	0.013	0.380393317290326	ETFB	c17
1.90702055966217e-05	1.72661874467265	0.013	0.004	0.396011889419446	NGLY1	c17
1.92060653350246e-05	1.27331669698482	0.025	0.011	0.398833152747122	APOA1BP	c17
1.94189098740632e-05	0.910079795402698	0.048	0.026	0.403253082444797	MRPS6	c17
2.08449323504322e-05	1.87146683425491	0.011	0.003	0.432865865189074	LOC101928000	c17
2.131791475207e-05	1.72661874467265	0.013	0.004	0.442687817741486	GTPBP6	c17
2.17401553279689e-05	1.89981145994887	0.012	0.004	0.451456065540603	FAM207A	c17
2.39144641586926e-05	0.741834778565827	0.069	0.042	0.49660776271941	ATP5B	c17
2.58446615078039e-05	1.39005530341689	0.02	0.008	0.536690240871056	EDARADD	c17
2.70726764679479e-05	1.21096602983303	0.027	0.012	0.562191199533407	FBXO7	c17
2.78214151493091e-05	0.7250143833394	0.062	0.037	0.577739506990554	ARL6IP1	c17
2.87807832675121e-05	1.04934100792576	0.036	0.018	0.597661745333157	MAP3K8	c17
3.13506676516493e-05	-0.165189547957882	0.896	0.906	0.651027964454149	RPL10	c17
3.16708669636595e-05	-1.57386208126421	0.011	0.036	0.657677223367353	SYNE2	c17
3.18410583534546e-05	0.940578738209889	0.043	0.023	0.661211417767837	SPRY1	c17
3.24942566045775e-05	1.39367864991977	0.02	0.008	0.674775732650656	ADI1	c17
3.33861379904652e-05	1.22011181524618	0.028	0.013	0.693296541510001	VOPP1	c17
3.4289774283482e-05	1.20806461793916	0.025	0.011	0.712061452770786	HLA-DRB5	c17
3.46032670803686e-05	1.32844459121783	0.022	0.009	0.718571444190935	AHSA1	c17
3.53453840745651e-05	-2.26896809082518	0.004	0.025	0.733982245692419	CCDC109B	c17
3.6042762176146e-05	-0.844025798349497	0.087	0.13	0.748463999349847	SAT1	c17
3.65178735026995e-05	-0.903612410518818	0.049	0.086	0.758330161157057	TUBA1A	c17
3.87629110257115e-05	0.709744926108252	0.071	0.044	0.804950610359925	PDIA3	c17
3.88972513512654e-05	1.2911491237488	0.023	0.01	0.807740321560377	SRPR	c17
3.89714995650501e-05	0.86418755021815	0.049	0.027	0.809282159967831	GLUL	c17
3.94013294526023e-05	-0.763460520051759	0.053	0.091	0.81820800741274	ITGB2	c17
4.22044393721926e-05	-1.68027658205684	0.009	0.033	0.876417388002952	FKBP5	c17
4.26450636430651e-05	-1.21604317932826	0.021	0.049	0.885567391611889	ITGB1	c17
4.54140295923228e-05	1.89981145994887	0.01	0.003	0.943067738514175	NFX1	c17
4.66431935229627e-05	1.80831310546337	0.011	0.004	0.968592556697844	PPIL3	c17
4.75671775210285e-05	-2.51401792059289	0.002	0.021	0.987780008401678	FOXP3	c17
5.91074930341956e-05	-3.99673719143819	0	0.016	1	TCF7	c17
0.00535856610675767	-3.12097010218763	0.003	0.013	1	S100A9	c17
9.20987797459464e-05	-3.09750245653289	0.001	0.018	1	ICAM2	c17
0.000107337007305764	-3.07419333151818	0.001	0.017	1	MAL	c17
0.00249734966747353	-2.99112486955604	0.002	0.013	1	S100A8	c17
0.00291864326723332	-2.9693250022288	0.007	0.021	1	LYZ	c17
0.000960164256462209	-2.87528926310411	0.001	0.013	1	AIF1	c17
0.000462598086894798	-2.83972807788116	0.001	0.014	1	CCR6	c17
0.000706288272473923	-2.76856704895992	0.001	0.014	1	KLRF1	c17
0.00122901115982273	-2.67148973471634	0.001	0.013	1	RTKN2	c17
0.000173167623206256	-2.5642966458979	0.002	0.018	1	LEF1	c17
0.000664249121774414	-2.50282843419775	0.002	0.016	1	BCL2A1	c17
0.00033175229392328	-2.48594824680773	0.002	0.017	1	PASK	c17
0.00262141970740865	-2.45102251138487	0.001	0.011	1	LINC00892	c17
0.00319536468969919	-2.39786908869181	0.001	0.011	1	LOC283788	c17
0.0064289070335224	-2.2834103641069	0.001	0.01	1	LAIR2	c17
0.00137518477543976	-2.18198263121478	0.003	0.016	1	IFI30	c17
7.99655217709481e-05	-2.06981489100761	0.005	0.025	1	CCR7	c17
0.00345345061832378	-2.03280170032125	0.002	0.013	1	LPAR6	c17
0.00010187003037176	1.93457687810955	0.01	0.003	1	MTX1	c17
0.0056279078949313	-1.90836108470975	0.002	0.012	1	SLFN5	c17
0.00086466474421687	-1.85558483962452	0.004	0.019	1	ATM	c17
0.00770625531629633	-1.8465695609612	0.002	0.011	1	PTGDR	c17
8.77607009198613e-05	1.83568112252915	0.01	0.003	1	LOC100996255	c17
0.00117519279800147	1.80027578639796	0.01	0.004	1	PRDX4	c17
0.00931038059148408	-1.78913261935439	0.002	0.011	1	CD28	c17
0.000138751733107544	1.78866449602767	0.01	0.003	1	CARD11	c17
8.41577122627329e-05	1.75555786610876	0.011	0.004	1	KLHL18	c17
6.01138594532435e-05	1.73754003104999	0.013	0.005	1	FAM89B	c17
0.00010525320214349	1.73754003104999	0.011	0.004	1	CREB3L2	c17
0.00208008102161445	-1.7263495132383	0.004	0.017	1	GPR56	c17
0.00496088874263155	-1.7218915875873	0.003	0.014	1	SYNE1	c17
0.0123665199801961	-1.71909837269562	0.002	0.01	1	NABP1	c17
0.0130807215667708	-1.703167184051	0.002	0.01	1	EFHD2	c17
0.00283934788188692	-1.69939296334806	0.004	0.016	1	FCGR3A	c17
0.000174534219299854	1.68726682456877	0.011	0.004	1	ZNRF1	c17
9.78951247388984e-05	1.66838805424998	0.012	0.004	1	MLEC	c17
0.0154841554887087	-1.65038562261161	0.002	0.01	1	HSPA4	c17
0.00686337545640786	-1.64745033158706	0.003	0.013	1	INPP4B	c17
0.000616129326820111	-1.64577033717202	0.006	0.023	1	RBL2	c17
5.36556985276501e-05	1.63800435749908	0.013	0.005	1	RNU2-2P	c17
0.000155924085986191	1.6175291695218	0.012	0.004	1	IGF2R	c17
0.000830015864769102	-1.61132262891412	0.006	0.022	1	FAM65B	c17
0.00112492551752521	1.60239964466854	0.011	0.004	1	ADAM19	c17
5.20451789622716e-05	1.59724868992844	0.014	0.005	1	DNAJC3	c17
0.000952353546470396	-1.59182352540588	0.006	0.022	1	TRAT1	c17
0.000263602373940428	1.57894067184455	0.012	0.004	1	APPL1	c17
0.000455300640611428	1.57559518846624	0.011	0.004	1	HIST1H2BK	c17
6.83303437907119e-05	1.57513798832269	0.014	0.005	1	FAM45A	c17
0.000566462973313797	1.57102969402045	0.011	0.004	1	NAA20	c17
0.00111814276224153	1.56420842816443	0.01	0.004	1	NDRG1	c17
0.000146532216840392	1.56226540424664	0.013	0.005	1	RAB11FIP1	c17
8.15270528573474e-05	1.56058356434568	0.014	0.005	1	SND1	c17
0.00124266780521685	1.55680364694268	0.01	0.004	1	IFNAR1	c17
0.000327632353102001	1.54962510502	0.012	0.005	1	NDUFV3	c17
0.00140750530678853	1.53724138056416	0.01	0.004	1	SIRT7	c17
0.000447971741363868	1.52089338647668	0.012	0.005	1	JKAMP	c17
7.39575989640445e-05	1.50913067380722	0.016	0.006	1	CHMP4B	c17
0.0188849053485215	-1.50553264312613	0.003	0.011	1	MAGEH1	c17
0.000303913470719367	1.50143130462364	0.013	0.005	1	FAM118A	c17
0.000547737567485718	1.49671357398155	0.012	0.005	1	BID	c17
0.499950551795554	1.48345341591798	0.016	0.013	1	CD79A	c17
0.00234037361974281	1.48009747346055	0.01	0.004	1	INPP4A	c17
0.000217984463744546	1.4762119471666	0.014	0.006	1	CHD9	c17
0.00660049310807942	1.46558039543672	0.01	0.004	1	EXOSC7	c17
0.00142157515715301	1.46346345442462	0.011	0.004	1	DCTPP1	c17
0.00150225572342521	1.45923886856289	0.011	0.004	1	ZFYVE28	c17
0.000819014906834349	1.45729322424792	0.012	0.005	1	TOR3A	c17
0.00286294428741999	1.45464429448564	0.01	0.004	1	ARMCX6	c17
0.000490842591734534	1.45022762726792	0.013	0.005	1	PTPMT1	c17
0.00296736102453088	1.45006430638238	0.01	0.004	1	COMMD2	c17
0.00096541922406106	1.44760416807949	0.012	0.005	1	NDUFS4	c17
0.393776021328334	-1.43835650845328	0.118	0.124	1	RN7SK	c17
0.00109429551157455	1.43414788760006	0.012	0.005	1	GET4	c17
5.56871085256783e-05	1.42450693020777	0.018	0.007	1	GALNT2	c17
0.000715857422631375	1.41648922110355	0.013	0.005	1	HDAC2	c17
0.00207174530795206	1.41561193616263	0.011	0.005	1	ASNSD1	c17
0.0037244397762955	1.41393859937242	0.01	0.004	1	SKAP2	c17
0.000238088627926088	1.40306528409099	0.018	0.007	1	MRPL36	c17
0.0042607341231024	1.4006213198185	0.01	0.004	1	NBL1	c17
0.000100593444954083	1.39731111941969	0.018	0.007	1	BEX4	c17
0.000126405459295053	-1.3970627383918	0.012	0.035	1	TC2N	c17
0.000370668240380985	-1.39659827157297	0.01	0.03	1	BIN2	c17
0.00167210133853119	1.39596469371217	0.016	0.007	1	SLC1A5	c17
0.000291808074666401	1.39579647881769	0.016	0.006	1	TNIP3	c17
0.0047031489398758	1.38523828711911	0.01	0.004	1	DUSP12	c17
0.00294606318016678	1.37923954649767	0.011	0.005	1	SGSM3	c17
0.00167866861199986	1.37785875675352	0.012	0.005	1	RALBP1	c17
7.46514824748004e-05	1.37640672015539	0.019	0.008	1	DDAH2	c17
0.000735618657238432	1.36454842835193	0.014	0.006	1	ZNF271	c17
0.00074758406091647	1.36296912327808	0.014	0.006	1	PPP2R2B	c17
0.00578463140955108	1.36139154516475	0.01	0.004	1	ANKLE2	c17
0.000436097203641434	1.35991413075925	0.016	0.006	1	GOLT1B	c17
0.00445720224010846	-1.35112605884465	0.162	0.184	1	GNLY	c17
0.000876652000480897	1.34570992293248	0.014	0.006	1	YTHDF2	c17
0.000211641977468887	1.33182203783143	0.018	0.007	1	FXYD2	c17
5.52567084446643e-05	1.32909520908158	0.021	0.009	1	LAIR1	c17
0.0275206287865317	-1.32717407268805	0.003	0.01	1	LOC101929065	c17
0.00455677911438731	1.32250253177115	0.011	0.005	1	MRPL12	c17
0.00716543604309696	1.3169322737282	0.01	0.005	1	C8orf33	c17
0.00793846426958666	1.3169322737282	0.01	0.005	1	TBC1D20	c17
0.00829203095148385	1.30654565549651	0.01	0.005	1	ASB1	c17
0.0106927789183785	1.30606807368551	0.011	0.005	1	MAP1LC3A	c17
0.00648547870480776	-1.30565765835111	0.006	0.018	1	HNRNPLL	c17
0.000800504963236404	1.30486487065509	0.016	0.007	1	ABCF1	c17
0.000530248373734275	1.30144091624332	0.017	0.007	1	MDFIC	c17
0.000849328038902223	1.30060703665194	0.016	0.007	1	PSENEN	c17
0.00212508966805783	1.29696743966401	0.013	0.006	1	UBE2D1	c17
0.000209712956415204	1.2931538881284	0.021	0.009	1	HMGA1	c17
0.00903746234080148	1.28803612809375	0.01	0.005	1	HLA-DRB6	c17
0.00245481069011145	1.2857026135682	0.013	0.006	1	CLN3	c17
0.00600439930573872	1.28463434618071	0.011	0.005	1	RPIA	c17
0.000679688433804879	1.27761605302874	0.017	0.007	1	MIIP	c17
0.0252854788916135	1.26422288615775	0.01	0.005	1	CAPN1	c17
0.000534057994065248	1.2611552791315	0.018	0.008	1	RSU1	c17
0.0115719362959065	1.25970740503525	0.01	0.005	1	G6PD	c17
0.00472479247986969	1.25955327918276	0.012	0.006	1	YARS	c17
0.00054918948071716	1.25870588119018	0.018	0.008	1	NUDT5	c17
5.61955144747707e-05	1.25822713718682	0.023	0.01	1	LAGE3	c17
0.0115729488115858	1.25770505212411	0.01	0.005	1	LAYN	c17
6.29053245166775e-05	1.25727012551598	0.023	0.01	1	HNRNPAB	c17
0.0134672357437177	-1.25412252163748	0.005	0.015	1	SERINC1	c17
0.000238887366847948	1.25320989343533	0.02	0.009	1	PSMB4	c17
0.00328672983220594	1.2524264586939	0.013	0.006	1	LLPH	c17
0.0123643097739287	1.25171461428172	0.01	0.005	1	USP20	c17
0.00088833110926497	1.24773476336918	0.017	0.007	1	TRPT1	c17
0.0083254840509836	1.24773476336918	0.011	0.005	1	RNF5	c17
0.00346867860156655	1.24617424938156	0.013	0.006	1	USP11	c17
0.0081112909012013	1.24409618630583	0.011	0.005	1	TRIM28	c17
0.000119802789049513	1.24376586116623	0.022	0.01	1	NARF	c17
0.00149537581929939	1.24228033327707	0.016	0.007	1	NUDT1	c17
0.00164990411360444	-1.23960700477508	0.01	0.027	1	PBXIP1	c17
0.0303371774261202	1.23143295104008	0.01	0.005	1	BCCIP	c17
0.00380809816950933	1.23066125001024	0.013	0.006	1	GORASP2	c17
0.00406393929338007	1.22911908520183	0.013	0.006	1	LPIN1	c17
0.00632160610826464	1.22603969226986	0.012	0.006	1	CDS2	c17
0.00192275957184007	1.22066652017101	0.016	0.007	1	COA4	c17
0.00276789488213798	1.21769004904943	0.017	0.008	1	C1orf52	c17
0.0169656031558145	-1.21566575747106	0.007	0.017	1	CH25H	c17
0.025770666723741	-1.21566575747106	0.004	0.012	1	ATP2B1	c17
0.00439341377886103	1.21378743144584	0.013	0.006	1	NIN	c17
0.0104899564614332	1.21353327923151	0.011	0.005	1	MRPL47	c17
0.0180448967737999	1.21277109111435	0.016	0.009	1	GEM	c17
0.016157697744695	1.2104638860154	0.01	0.005	1	RB1CC1	c17
0.000880796115847813	1.2093884517197	0.018	0.008	1	CDV3	c17
0.0111044310458809	-1.20885522535417	0.006	0.017	1	ABHD14B	c17
0.00726848144858855	1.20629897322026	0.012	0.006	1	MTCH2	c17
0.0801055239718405	-1.20372614415954	0.008	0.015	1	MT1E	c17
0.000264991895081908	-1.20322650950835	0.016	0.038	1	ARHGAP15	c17
9.34325169928551e-05	1.2028991153031	0.024	0.011	1	MRPL53	c17
0.00100214108130419	1.19878468379728	0.018	0.008	1	CYTH4	c17
0.016972627515279	1.19697164968729	0.01	0.005	1	ATXN1	c17
0.0346798219085773	1.19585297167098	0.01	0.005	1	METRNL	c17
0.0178122486234987	1.195054446693	0.01	0.005	1	DHRS4	c17
0.0275324325948901	-1.19329794444261	0.004	0.012	1	IPCEF1	c17
0.00108171750327495	1.1917585576979	0.018	0.008	1	COMTD1	c17
0.0226601211331315	1.19166870094842	0.011	0.006	1	CLECL1	c17
0.000543487471203206	1.18989068879689	0.02	0.009	1	SMARCB1	c17
0.00014405999687346	1.18906918642627	0.023	0.01	1	ENTPD1	c17
0.00802767565016345	1.1868247287171	0.012	0.006	1	BCL2L11	c17
0.0058513213846921	1.18360442594946	0.013	0.006	1	PSMD11	c17
0.0189118380495149	1.18170489303398	0.01	0.005	1	EIF2B5	c17
0.000190129227869647	1.18087978861293	0.023	0.01	1	PTRHD1	c17
0.00894692882621896	1.18039129535428	0.012	0.006	1	TSG101	c17
0.0191386204784693	1.1760212545304	0.01	0.005	1	CDC73	c17
0.000199202891757979	-1.17592941960791	0.018	0.041	1	FLNA	c17
0.00461577733323451	-1.17425352608592	0.009	0.023	1	TMEM2	c17
0.0195951330818598	1.17413167332918	0.01	0.005	1	NOTCH2	c17
0.0138627545386316	1.17145899608737	0.011	0.005	1	PRR14	c17
0.0205291459011501	1.17035991943997	0.01	0.005	1	FUT8	c17
0.0306926735197775	-1.16975978170519	0.004	0.012	1	KIF2A	c17
0.00443133299277595	1.16835234208921	0.014	0.007	1	ZNF524	c17
0.000110271121666469	1.16697375140534	0.025	0.011	1	GSTO1	c17
0.021251856638571	1.16659800064377	0.01	0.005	1	RAB3GAP1	c17
0.00749854017271264	-1.14897091313741	0.008	0.02	1	CMTM7	c17
0.000217181771780393	1.14577235242372	0.024	0.011	1	CHMP5	c17
0.0162896578786785	1.14407606176283	0.011	0.006	1	MAP2K2	c17
0.00209384683229704	1.12889853385933	0.018	0.008	1	MAD2L2	c17
0.0271538346543354	1.12585165830046	0.01	0.005	1	ARFGAP2	c17
0.0549372549953307	-1.12396094919855	0.265	0.275	1	CCL4	c17
0.0029273345821319	1.11984846028719	0.017	0.008	1	PPP6R2	c17
0.0200746486829663	1.11554015100431	0.011	0.006	1	EPS8L2	c17
0.0141019842860912	1.11298535125594	0.012	0.006	1	ENO2	c17
0.01003787714683	1.1122197927127	0.013	0.007	1	DENR	c17
0.000256179665079688	1.10705524485087	0.025	0.012	1	OGT	c17
0.00771878015962445	1.10494179266425	0.014	0.007	1	MED21	c17
0.000413407926689761	-1.10423804583793	0.018	0.04	1	N4BP2L2	c17
0.000129251201530749	-1.09932953732204	0.019	0.044	1	LYAR	c17
0.0230208396812114	1.09573166992413	0.011	0.006	1	PEX2	c17
0.000802180565468493	1.09424205178364	0.022	0.011	1	TOP1	c17
0.00157525137508953	1.09400698945467	0.019	0.009	1	HIST1H2AC	c17
0.0328053337401032	1.09334901861313	0.01	0.005	1	FAM127A	c17
0.0230245281089902	1.09245653789127	0.011	0.006	1	SIPA1	c17
0.0290339487676564	-1.09229513789349	0.005	0.013	1	CCNDBP1	c17
0.000171290276463602	1.08918882405736	0.027	0.013	1	SP110	c17
0.0260345280267188	1.08800239714766	0.01	0.005	1	PPAP2A	c17
0.0338283382447565	1.0844489592899	0.01	0.005	1	ZDHHC6	c17
0.00614006353406208	1.08389452438784	0.016	0.008	1	POLR2H	c17
0.0338332044112864	1.08090425224649	0.01	0.005	1	STX11	c17
0.00473036543449734	1.07923916364975	0.017	0.008	1	MRPS12	c17
7.8931431636408e-05	1.0768385770764	0.03	0.015	1	SLC44A2	c17
6.96148103189785e-05	1.06952871496691	0.031	0.015	1	SSR1	c17
0.000871617619928135	1.06749798919518	0.023	0.011	1	AP3S1	c17
0.0373858647604151	1.0668118809433	0.01	0.005	1	REXO4	c17
6.89917587557653e-05	1.06579438577003	0.031	0.015	1	MLF2	c17
0.0144602687256358	1.06331019223175	0.013	0.007	1	GNB1	c17
0.00305544168011362	1.06331019223175	0.019	0.009	1	OSER1	c17
0.00346380804893327	-1.06101794277045	0.012	0.028	1	TNFAIP8	c17
0.014898522730081	1.06056481549293	0.013	0.007	1	ACD	c17
0.00574989264785264	1.05991960303098	0.017	0.008	1	BLOC1S4	c17
0.00248232309497087	-1.05944139902173	0.013	0.03	1	PRKCH	c17
0.00242283043429917	1.05791020448916	0.028	0.016	1	FAM173A	c17
6.99035188712683e-05	1.05711835851748	0.031	0.015	1	MTHFD2	c17
0.00224423636816441	1.05659327601717	0.02	0.01	1	IFI35	c17
0.0578797853712746	1.05445927464948	0.011	0.006	1	STIP1	c17
0.00040455113879988	-1.05427931698703	0.021	0.044	1	NOSIP	c17
0.00148912399458143	1.05326924980241	0.021	0.01	1	OASL	c17
0.010980807620442	1.05308733251563	0.014	0.007	1	LPAR2	c17
0.0156554212826375	1.05235989267121	0.013	0.007	1	GGA2	c17
0.0808365097147468	1.04895489925468	0.01	0.006	1	ELOF1	c17
0.0026607641938434	1.04705160736796	0.02	0.01	1	BAG1	c17
0.00118673217930124	1.04420136928405	0.025	0.013	1	COPZ1	c17
0.0424003926672848	1.04247668881458	0.01	0.005	1	UBE2K	c17
0.00920900707970593	1.0418304648213	0.016	0.008	1	LCMT1	c17
0.00929815160969638	1.0418304648213	0.016	0.008	1	LOC100507217	c17
0.0428045036130261	1.04075406766558	0.01	0.005	1	CDK12	c17
0.000491229440898078	1.03918523312468	0.031	0.017	1	HIST1H1D	c17
0.0440330369928939	1.03559851110978	0.01	0.006	1	HIPK3	c17
0.00231173390066023	1.03070552679982	0.021	0.011	1	PSMA4	c17
0.0465543247912386	1.03046131265774	0.01	0.006	1	OAT	c17
0.0100465377976865	1.03003403735745	0.016	0.008	1	UBE2E3	c17
0.0378174945810035	-1.02979921215973	0.005	0.013	1	GOLPH3	c17
0.00089679562491732	1.02925102781807	0.024	0.012	1	EIF6	c17
0.000133707420156519	1.02920498166513	0.033	0.017	1	C20orf24	c17
0.0444570268499301	1.02875297019538	0.01	0.006	1	LOC101927752	c17
0.000347992416912728	1.02836749525039	0.03	0.016	1	LINC01420	c17
0.00830427613647564	-1.02815885377847	0.01	0.023	1	PYHIN1	c17
0.00235733308416508	1.02802144222861	0.021	0.011	1	DBNL	c17
0.00440175024834088	1.02731593336772	0.019	0.01	1	CCDC69	c17
0.0347564787307453	1.02534234203273	0.011	0.006	1	NCOA3	c17
0.00255131431566479	1.02462189505602	0.024	0.013	1	HIST1H1C	c17
0.00339362073494881	1.02440583110021	0.02	0.01	1	WBSCR22	c17
0.0142633571140328	1.02284632922866	0.014	0.008	1	TIMM10	c17
0.00465988094429755	1.0223870080374	0.019	0.01	1	GRSF1	c17
0.0267488320933806	1.01958881480243	0.012	0.007	1	PABPC4	c17
0.0360635627006353	1.01911038832122	0.011	0.006	1	BCAS4	c17
0.0496321885863579	1.01854517967897	0.01	0.006	1	PBDC1	c17
0.00926160631218637	-1.01734747111347	0.011	0.024	1	NEU1	c17
0.00225311183558186	-1.01649456240351	0.016	0.033	1	SH2D1A	c17
0.0546749704753292	-1.01438856252219	0.004	0.01	1	PCMT1	c17
0.0562968928014997	-1.01438856252219	0.004	0.01	1	TNFSF8	c17
0.037709335147719	-1.01279278685404	0.007	0.015	1	PLIN2	c17
0.0561209006344741	-1.00799484184138	0.004	0.01	1	RSF1	c17
0.0576044006240564	-1.0015726593531	0.004	0.01	1	THEM4	c17
0.000438200121817337	1.00145172182471	0.028	0.014	1	MEA1	c17
0.00171889170550816	1.00030754297111	0.023	0.012	1	PDLIM2	c17
0.054272589903304	1.00001644227583	0.01	0.006	1	DNAJB11	c17
0.0132771110866634	0.996359948307123	0.016	0.008	1	FASTK	c17
0.0303870398389903	0.995389119931103	0.012	0.007	1	C1orf35	c17
0.0592730879374049	0.993575296214078	0.012	0.007	1	AP1M1	c17
0.0562114631878645	0.991672318143094	0.01	0.006	1	MRPS7	c17
0.00798638919023551	0.991395010109393	0.018	0.009	1	DARS	c17
0.00482507039216532	0.989261521754757	0.02	0.01	1	PHF11	c17
0.0452992874220722	-0.988641887402971	0.005	0.012	1	FAM102A	c17
0.0442639862527114	0.988348134550528	0.011	0.006	1	COPS5	c17
0.0191000326882233	-0.987094761205492	0.008	0.018	1	BTN3A2	c17
0.0240662006235138	0.987044298003684	0.013	0.007	1	YIF1B	c17
0.000922063274566003	0.985541333974756	0.026	0.013	1	RNASEH2C	c17
0.0348905202881139	-0.985324583019126	0.006	0.014	1	CYLD	c17
0.0581934045595062	0.985031592766064	0.01	0.006	1	NOP56	c17
0.0190969004428714	0.981061780472036	0.014	0.008	1	NUDT14	c17
0.0602185313048118	0.98007103186433	0.01	0.006	1	APOBEC3C	c17
0.0346561345515719	0.979944062003664	0.012	0.007	1	RELA	c17
0.0602223458957619	0.978421294645238	0.01	0.006	1	CXorf40B	c17
0.0264987326382522	0.977950287445204	0.013	0.007	1	ASNA1	c17
0.00505086753869974	0.977432357071345	0.02	0.01	1	TMEM248	c17
0.000137463933162275	0.977336969121898	0.036	0.019	1	PTTG1	c17
0.0337776487833539	0.977153548482036	0.012	0.007	1	HSD17B10	c17
0.0158444430098254	0.976979320471331	0.016	0.008	1	REXO2	c17
0.0269586118775851	0.976655809977569	0.013	0.007	1	SAR1A	c17
7.32631797499834e-05	0.975047225578449	0.036	0.019	1	MIR155HG	c17
0.0666363378267511	0.973386718559117	0.014	0.009	1	PEX16	c17
0.0335713235542266	0.973209537712608	0.011	0.006	1	FCGRT	c17
0.0030373175259709	0.971841146221525	0.022	0.011	1	VPS37B	c17
0.0219297346474127	0.970200787840269	0.014	0.008	1	DERL2	c17
0.0211357140697289	-0.969443720088107	0.008	0.018	1	TBRG1	c17
0.0641492122678332	-0.969025789887939	0.004	0.01	1	EPB41	c17
0.0482260148326523	0.967198299678746	0.011	0.006	1	RIN3	c17
0.000491717471168704	0.965854382449855	0.029	0.015	1	SERPINB9	c17
0.0181188254494303	0.964517149336686	0.018	0.01	1	SKIL	c17
7.65957930717661e-05	0.964363847817985	0.037	0.02	1	SPCS3	c17
0.0286326028141355	0.962492692705006	0.013	0.007	1	CDC123	c17
0.0374359661257877	0.961901464621783	0.012	0.007	1	FAM192A	c17
0.0232695914175686	0.961809517581129	0.014	0.008	1	ESD	c17
0.010216881021089	0.961212004613015	0.018	0.01	1	KDM5A	c17
0.00601925428848591	0.960316198908425	0.02	0.011	1	BOLA3	c17
0.0136220969204202	0.957526957805159	0.017	0.009	1	SNX9	c17
0.0108429111304923	0.957234896537103	0.018	0.01	1	FLJ32255	c17
0.00117007513163333	0.95359882050314	0.027	0.014	1	NDUFV1	c17
0.00661166331992691	0.953169707312428	0.02	0.011	1	DUSP23	c17
0.0114055522920589	0.951289716252053	0.018	0.01	1	LOC102288414	c17
0.0311396749579212	0.951007222606958	0.013	0.007	1	C1D	c17
0.0693786266435066	0.950660601444624	0.01	0.006	1	STX5	c17
0.0248827342609745	0.947537067715938	0.014	0.008	1	URM1	c17
0.000366388400775934	0.946169286323519	0.032	0.017	1	FERMT3	c17
0.0722298789964194	0.94581662921331	0.01	0.006	1	UBE2G2	c17
0.0195918524996572	0.944507514159497	0.016	0.009	1	UBE2G1	c17
0.000363763734005023	0.942847653910179	0.032	0.017	1	PRMT1	c17
0.00749633131890399	0.94251591090311	0.02	0.011	1	CYB5R3	c17
0.0287420521740414	0.942003896009616	0.017	0.01	1	CRTAM	c17
0.0441402973328727	0.941359659953959	0.012	0.007	1	YY1	c17
0.0481602310295484	0.941189701181201	0.014	0.009	1	HSBP1	c17
0.0514318961016786	-0.940805916240481	0.006	0.013	1	TUBB2A	c17
0.0117995385662353	0.940453444446217	0.018	0.01	1	NEDD9	c17
0.0057923646266786	0.939612468006846	0.021	0.011	1	TMEM147	c17
0.0163572452158528	0.938722556367102	0.017	0.009	1	PPM1M	c17
0.020750274693674	0.93787950078239	0.016	0.009	1	RANGRF	c17
0.0751666837591207	0.937779310147891	0.01	0.006	1	MAPKAPK3	c17
0.0723498283197856	-0.937651284005694	0.004	0.01	1	IGBP1	c17
0.0289756471390517	0.936777786302819	0.014	0.008	1	CSF1	c17
0.00781446321010108	0.936337335973985	0.02	0.011	1	UQCC2	c17
0.0207540544278305	0.935676912505877	0.016	0.009	1	TNIP2	c17
0.0600991216004348	0.933111469105048	0.011	0.006	1	CYB5B	c17
0.0705521193171431	0.93297832388407	0.01	0.006	1	PPIF	c17
0.0745865797963666	0.931381538949741	0.01	0.006	1	TM9SF3	c17
0.0219982867397243	0.930877658029237	0.018	0.01	1	TMIGD2	c17
0.036920140388513	0.930811686653006	0.013	0.008	1	OS9	c17
0.022137931708364	0.93018510899239	0.016	0.009	1	ATXN2L	c17
0.0276744607119408	0.929892799186733	0.014	0.008	1	STOML2	c17
0.0279005206262902	0.927556450431775	0.014	0.008	1	WBP1	c17
7.80091174615633e-05	0.927118805944606	0.04	0.022	1	SEP15	c17
0.000176079788340682	0.926778507549141	0.036	0.019	1	LSM2	c17
0.145441943328131	-0.926232535592703	0.005	0.01	1	LST1	c17
0.0754670099518085	-0.926071060967106	0.004	0.01	1	CHORDC1	c17
0.0351328470636827	-0.924616975467675	0.007	0.016	1	KCNA3	c17
0.0378114330368633	0.924558122284557	0.013	0.008	1	SQRDL	c17
0.00051611850359771	0.924168173086062	0.032	0.017	1	SURF4	c17
0.0762111662837127	-0.91927275469084	0.004	0.01	1	UQCRC1	c17
0.0806632333960203	0.918670487200187	0.01	0.006	1	CCDC90B	c17
0.0366572492977088	0.91833154791967	0.013	0.008	1	LOC554223	c17
0.0219842291513471	0.917089451380707	0.016	0.009	1	UBALD2	c17
4.9996025330291e-05	0.914262616246411	0.043	0.024	1	ATP5C1	c17
0.0017720054083351	-0.91407150510623	0.021	0.041	1	ITGA4	c17
0.0471504933881426	-0.913140734079824	0.006	0.014	1	ZBTB38	c17
0.0003462963933368	0.912978555653823	0.037	0.021	1	C1orf86	c17
0.0411950733102716	0.91213173158474	0.013	0.008	1	SZRD1	c17
0.000553794180639667	0.911307098786701	0.035	0.02	1	ATP5G1	c17
0.00854607205631298	0.911307098786701	0.025	0.015	1	PDCL3	c17
0.00564333007430609	-0.910103799100383	0.08	0.105	1	CCL4L1	c17
0.000175015092327764	-0.907385159037208	0.03	0.058	1	CCNH	c17
0.0851086903756318	0.904503155273593	0.01	0.006	1	GOPC	c17
0.060527627123378	0.903035360823157	0.014	0.009	1	ORMDL2	c17
0.0797566698026217	-0.902627971694616	0.004	0.01	1	UPF2	c17
0.00828971991399029	-0.901971305756612	0.014	0.029	1	RNF19A	c17
0.0269430293171108	0.901959926527448	0.016	0.009	1	LSM10	c17
0.000545444699842009	0.901373663719155	0.033	0.018	1	UFM1	c17
0.0219150455940066	0.900822104502208	0.017	0.009	1	FIP1L1	c17
0.0513434780808785	-0.900516195214764	0.006	0.013	1	CDC25B	c17
0.0685530396065102	0.899811459948871	0.011	0.007	1	EML3	c17
0.0011523806611567	0.895238730159047	0.03	0.017	1	GSDMD	c17
0.0923855957682716	0.893579506237357	0.01	0.006	1	MCTS1	c17
0.093744401287852	0.893579506237357	0.01	0.006	1	LSM1	c17
0.0371494588409291	0.891818669195341	0.014	0.008	1	SLC25A38	c17
0.0584209702381285	0.891249446445447	0.028	0.02	1	PPP1R2P9	c17
0.0234657398188624	0.890747377520635	0.017	0.009	1	TIMM8B	c17
0.0240001205161666	0.887738627648297	0.017	0.009	1	RAB8A	c17
0.000549628450430537	0.886236602483065	0.034	0.019	1	CHST12	c17
0.00971049422792085	0.88516468398447	0.021	0.012	1	CBWD5	c17
0.0222599355298211	-0.88506411917872	0.01	0.021	1	AOAH	c17
0.000255762075830692	0.88395080503958	0.041	0.023	1	NDUFS6	c17
0.00799810823890036	0.88273794658993	0.022	0.012	1	NUDT22	c17
0.0131943750093368	0.881889551951609	0.02	0.011	1	UBE2A	c17
0.0777390737587862	0.881324232570986	0.011	0.007	1	SENP6	c17
0.0118985121166857	-0.880655772853921	0.013	0.026	1	RORA	c17
0.0605345489578951	0.880129094087172	0.012	0.007	1	RFTN1	c17
0.00204704369437958	0.879710253892362	0.028	0.016	1	PPA1	c17
0.0777486584128109	0.878500953703459	0.011	0.007	1	RRP7A	c17
0.00559475328502832	-0.877517794214755	0.018	0.034	1	SLA	c17
0.136707299492657	0.874925499479632	0.011	0.007	1	ACTR1B	c17
0.0295858907178938	0.874838931717409	0.014	0.008	1	RNU4-2	c17
0.039730302267004	0.873714023246468	0.014	0.008	1	COX19	c17
0.0406020616211252	0.873714023246468	0.014	0.008	1	RAB4A	c17
0.0115870750070623	0.87307161199645	0.026	0.016	1	TMUB1	c17
0.0224725328164664	0.869596846901864	0.018	0.01	1	PSMC3	c17
0.00018916725973705	-0.869077115745164	0.034	0.063	1	CNN2	c17
0.00486775272381469	0.867878596643584	0.025	0.014	1	MTCH1	c17
0.000427605390836764	0.866682678425302	0.04	0.023	1	SEC62	c17
0.0286109149298428	0.865864128025533	0.017	0.01	1	TMEM14A	c17
0.064179584503464	0.86457427989233	0.012	0.007	1	DNM2	c17
0.0111193735234021	-0.863026659384341	0.014	0.028	1	C10orf54	c17
0.0349453270770775	0.8616763310621	0.016	0.009	1	SRM	c17
0.099406458901026	0.861296224343819	0.01	0.006	1	ARL5B	c17
0.00296630230938959	0.861079065460157	0.028	0.016	1	RABGGTB	c17
0.0871138404609719	0.858891204635562	0.011	0.007	1	UBL7	c17
0.00200882664704808	0.857500655090908	0.033	0.019	1	LAMTOR1	c17
0.00131383616861512	0.857500655090907	0.038	0.023	1	FABP5	c17
0.031884491986772	-0.856601896445557	0.009	0.019	1	GCC2	c17
0.021002327978635	-0.856347699450646	0.011	0.022	1	TNFRSF14	c17
0.0718413521588889	0.855577488788494	0.012	0.007	1	SUPT5H	c17
0.00174311119166762	-0.855288062942569	0.024	0.045	1	PARP8	c17
0.0313751825696375	0.854070914882902	0.017	0.01	1	HLA-L	c17
0.00458238747742287	0.853656882725981	0.026	0.015	1	CLTB	c17
0.0302334237343992	-0.853455946546435	0.01	0.02	1	MAF	c17
0.000670419130797754	0.85155629134165	0.035	0.02	1	PRMT9	c17
0.0908170594330969	0.849185386878903	0.011	0.007	1	ZNF593	c17
0.0926927879776046	0.847804156480542	0.011	0.007	1	ETFA	c17
0.00122293209995915	0.847176761366985	0.033	0.019	1	SVIP	c17
0.00189608034448569	-0.846438299470714	0.026	0.047	1	CORO1B	c17
0.0174904438304837	0.845872652838068	0.02	0.011	1	EMC4	c17
0.0268344757244491	0.845505040390955	0.018	0.01	1	SFT2D1	c17
6.85054165098396e-05	0.844356854862073	0.048	0.027	1	ANKRD28	c17
0.0250401562240847	0.843668381911338	0.018	0.01	1	PHF5A	c17
0.0939699530704046	0.843668381911337	0.011	0.007	1	CCDC101	c17
0.077292018043383	-0.842867785411728	0.018	0.027	1	IER3	c17
0.0794316207646347	-0.842297437493295	0.005	0.011	1	KCNAB2	c17
0.0707573629700434	-0.840829792360733	0.006	0.013	1	SESN1	c17
0.0635954436167303	0.839740541094455	0.013	0.008	1	SEC13	c17
0.0952584496935483	0.839544429486609	0.011	0.007	1	PHF20L1	c17
0.118189801941088	0.838671165134967	0.01	0.006	1	MKKS	c17
0.0619015074453874	0.838564271122331	0.013	0.008	1	IMP4	c17
0.0971927045489157	0.838172394156485	0.011	0.007	1	DDA1	c17
0.0821880899715792	-0.837154134217335	0.005	0.011	1	PER1	c17
7.44590613489035e-05	0.836459182886533	0.049	0.028	1	TRABD	c17
0.0530099218735714	0.835979848079636	0.014	0.009	1	MRPL11	c17
0.00402467978919576	0.835627785189153	0.028	0.016	1	LSM5	c17
0.00740736353990181	0.833353183647389	0.025	0.014	1	RNF114	c17
0.0242068597396719	-0.83285399678371	0.011	0.022	1	EVI2B	c17
0.0236137841346032	0.832697264090334	0.019	0.011	1	KDELR2	c17
0.00355872925657873	0.831733217919554	0.032	0.019	1	ACP5	c17
0.00147613412377593	0.828714971922788	0.036	0.021	1	CHCHD10	c17
0.099186403613189	0.828604509456451	0.011	0.007	1	ERLEC1	c17
0.00626227656773988	0.828332071528933	0.029	0.017	1	CHMP4A	c17
0.013508221703771	0.828233015945736	0.022	0.013	1	PITPNC1	c17
0.00772114849882312	0.827460615724187	0.025	0.015	1	LAMTOR5	c17
0.0839639019434547	0.826405518222611	0.012	0.008	1	SNX5	c17
0.10315399572999	-0.825514218661461	0.007	0.013	1	MS4A1	c17
0.00172983341745541	-0.82527372539699	0.027	0.049	1	YWHAQ	c17
0.000100201577850145	-0.82316385391243	0.047	0.08	1	HOPX	c17
0.00461808894308964	0.822196404654879	0.028	0.016	1	NONO	c17
0.00143614675331976	0.822128022380148	0.034	0.02	1	PGLS	c17
0.128783393879088	0.820823163802042	0.01	0.006	1	SNHG17	c17
0.0182684666532521	0.820260160852112	0.021	0.012	1	NUTF2	c17
0.059400524204091	-0.818354427088595	0.007	0.014	1	RASGRP2	c17
0.000294096285401578	0.817904152595081	0.043	0.025	1	EIF1B	c17
0.0589770602937809	0.817476527151565	0.014	0.009	1	AKR1B1	c17
0.0398184646814655	0.817349299756899	0.017	0.01	1	CDC26	c17
0.0186405241415876	0.816395451761234	0.021	0.012	1	CCT8	c17
0.000101174589520464	-0.816013048517105	0.041	0.074	1	GLTSCR2	c17
0.0340678993625971	0.815382678788165	0.016	0.009	1	CD70	c17
0.128823370943168	0.811981287050235	0.01	0.006	1	TRMT1	c17
0.0132511158808634	0.81147037246645	0.023	0.014	1	ILF2	c17
0.00117297596568049	0.810105273446498	0.036	0.021	1	GNAS	c17
0.00627861489781123	0.809261622947173	0.032	0.02	1	ATP5L2	c17
0.0346668305737924	0.808313105463376	0.018	0.011	1	ACAA1	c17
0.0132586055132844	0.80796272415239	0.023	0.014	1	ENY2	c17
0.00245394468096536	0.807809459083364	0.032	0.019	1	BUD31	c17
0.0498021056751368	0.807507355629033	0.019	0.012	1	SCAMP2	c17
0.0168324442011081	0.806116664987017	0.022	0.013	1	PNN	c17
0.136446198985972	0.806116664987017	0.01	0.006	1	C21orf91	c17
0.00167066894140441	0.805944536484649	0.034	0.02	1	GABARAPL1	c17
0.0914049756845004	0.805216527668228	0.012	0.008	1	PFKL	c17
0.020572272177352	0.804097497350366	0.021	0.012	1	PSMD13	c17
0.0414453780235511	0.804052477143441	0.017	0.01	1	PARP10	c17
0.0305813737934418	0.801964136550726	0.019	0.011	1	CAMTA1	c17
0.15195741988513	0.800275786397957	0.011	0.007	1	MID1IP1	c17
0.117310862827606	0.800275786397957	0.011	0.007	1	VMA21	c17
0.0258109210656048	0.799474511708718	0.02	0.012	1	BNIP2	c17
0.00338133999592231	-0.799086093383815	0.024	0.043	1	PIK3IP1	c17
0.000656190343102883	0.799074041188204	0.04	0.024	1	NDUFAF3	c17
0.000316477464286033	-0.798729974969808	0.039	0.069	1	LITAF	c17
0.0126631261455085	-0.7981392430553	0.017	0.03	1	PTP4A2	c17
0.0149433511489485	0.79717654773907	0.029	0.018	1	SNRPD1	c17
0.000294910385103528	0.796905002058717	0.055	0.034	1	PRDX5	c17
0.0549391489698512	0.79627385584046	0.016	0.009	1	TRAPPC3	c17
0.116593268649624	0.79627385584046	0.011	0.007	1	SURF1	c17
0.0530758189711831	-0.795333958522708	0.008	0.016	1	FNBP4	c17
0.118057379806608	0.794942342094916	0.011	0.007	1	HEXA	c17
0.0268963985752607	0.794382072169083	0.018	0.01	1	RGS16	c17
0.000311361684619031	0.794232703595173	0.046	0.027	1	RNF149	c17
0.000276755631261802	0.79332302575619	0.047	0.027	1	EID1	c17
0.000529694986351198	-0.793242979224567	0.032	0.058	1	AES	c17
0.0666718555891956	0.792814472917295	0.014	0.009	1	TIMM17B	c17
0.232229666235868	0.792282995644426	0.01	0.007	1	CPNE3	c17
0.00121585471804252	-0.79174147185715	0.032	0.056	1	NEAT1	c17
0.012545260713945	0.791618924267505	0.024	0.014	1	SRRT	c17
0.120291334531956	0.790955158421478	0.011	0.007	1	AK2	c17
0.00286417288816851	0.789485197269036	0.036	0.022	1	C17orf62	c17
0.121921615818158	-0.78842219459997	0.008	0.014	1	CCL3L1	c17
0.0673725217389921	-0.788022426886456	0.007	0.014	1	EIF4EBP2	c17
0.033621194230535	0.786403611816399	0.022	0.014	1	RBM17	c17
0.0867407284121238	0.782071191020367	0.013	0.008	1	HELZ	c17
0.0883395163960687	0.780940995082512	0.013	0.008	1	GIT2	c17
0.00641308792343243	0.779059300488261	0.032	0.02	1	RNF181	c17
0.0005010593779201	0.778580715298638	0.044	0.026	1	NDUFS8	c17
0.0358198324953233	0.778505163726737	0.019	0.011	1	SAP30BP	c17
0.0302254924176815	0.778006622556925	0.02	0.012	1	C17orf89	c17
0.0424970026250239	0.777305263748318	0.018	0.011	1	GLS	c17
0.00228926862175748	0.777104938127017	0.035	0.021	1	UQCRFS1	c17
0.0295004351700214	0.77642904444359	0.02	0.012	1	MRPL55	c17
0.00195170012144548	-0.772575394246585	0.035	0.058	1	AHNAK	c17
0.157255525964243	0.769993219461914	0.01	0.007	1	PAFAH1B3	c17
0.0132209896985305	0.769961508742371	0.038	0.026	1	RPL19P12	c17
0.0927409729709367	0.769687466564534	0.013	0.008	1	AP1G2	c17
0.102398505904908	-0.769467326705761	0.005	0.011	1	STK38	c17
0.030630001281378	0.768566926670619	0.02	0.012	1	FOSL2	c17
0.00403313870082533	0.768566926670618	0.032	0.019	1	TSEN54	c17
0.0162298861089817	0.767913680093512	0.024	0.014	1	NCF1B	c17
0.0465691637127695	0.766825592674194	0.018	0.011	1	ELAVL1	c17
0.0669199399190799	0.766608073632562	0.016	0.01	1	NDUFS3	c17
0.00140011924238693	0.765652390243241	0.042	0.026	1	RANBP1	c17
0.00236977245203172	0.765520970091645	0.036	0.022	1	TMCO1	c17
0.103405812463107	0.764651876667235	0.011	0.007	1	ICAM1	c17
0.0619272240919582	-0.763153552773558	0.008	0.016	1	RASA2	c17
0.163916425235344	0.761456537507429	0.01	0.007	1	ZBP1	c17
0.0232332606870916	-0.761344530541684	0.014	0.026	1	CAST	c17
0.00905671864370361	0.760190504605141	0.028	0.017	1	C1QBP	c17
0.0628141748841545	-0.760137254286388	0.008	0.016	1	ADD3	c17
0.0353877531133023	0.759967797744419	0.02	0.012	1	MMADHC	c17
0.0015579449731449	0.759918048781816	0.046	0.029	1	ATP6V1F	c17
0.169734278955611	0.757207064506071	0.01	0.007	1	MORF4L2	c17
0.00345181432899586	0.75616743410806	0.034	0.021	1	MRPS34	c17
0.0706125703296416	0.754910482189035	0.016	0.01	1	NDUFB5	c17
0.143983272456995	0.7529700716196	0.011	0.007	1	CD300A	c17
0.0655418827983236	-0.75287230377249	0.008	0.016	1	NCOR1	c17
0.0119326948150944	-0.75201681733776	0.022	0.037	1	MYADM	c17
0.0727206932084485	0.749097062472393	0.016	0.01	1	PSMB7	c17
0.000507320063392132	0.748685651444743	0.048	0.029	1	PRDX6	c17
0.123856700685065	0.748204765748214	0.012	0.008	1	YIPF3	c17
0.109915325456424	-0.746790106564671	0.005	0.01	1	TMPO	c17
0.0855599045753568	0.746778237905332	0.014	0.009	1	LINC00623	c17
0.0395665495831264	-0.745597106380185	0.016	0.026	1	HSPA6	c17
0.00259575862252413	0.742942611332006	0.037	0.023	1	KTN1	c17
0.000176905293128311	-0.742529735769359	0.047	0.079	1	CLDND1	c17
0.0890962372704778	0.741638599263615	0.014	0.009	1	RNF139	c17
0.000904568775733631	0.741382097344388	0.048	0.029	1	ARF4	c17
0.0078609731570687	0.740703341725711	0.033	0.021	1	PDE4D	c17
0.0284535651136996	0.740333245941675	0.022	0.014	1	KRAS	c17
0.000138898667266665	0.739965408546222	0.058	0.035	1	C11orf58	c17
0.000209718064497195	0.738961825824465	0.055	0.033	1	ERH	c17
0.0423311163533999	-0.73875043015634	0.012	0.022	1	AQP3	c17
0.115435707559898	-0.737618460666421	0.005	0.01	1	S1PR4	c17
0.100407408812332	-0.736566550272833	0.006	0.012	1	MYO1F	c17
0.177761010839267	0.736145448978241	0.01	0.007	1	CCNL2	c17
0.00771770301981567	0.735966753859305	0.037	0.024	1	NAA10	c17
0.0493614062976236	0.735118724119308	0.019	0.012	1	TMEM14C	c17
0.148253746650201	0.734984326146237	0.011	0.007	1	FASLG	c17
0.186912032206792	0.733360322551703	0.01	0.007	1	GMIP	c17
0.111115566441979	0.73316159053942	0.013	0.009	1	LPCAT4	c17
0.0069193775317074	0.732273841214006	0.032	0.02	1	TCEB1	c17
0.113629673489118	0.730977343277544	0.013	0.009	1	CHST11	c17
0.135581985903012	0.730473755498545	0.012	0.008	1	CPSF3L	c17
0.113007865992995	0.729886458506559	0.013	0.009	1	SPAG7	c17
0.0833967969581272	0.729886458506559	0.016	0.01	1	ZNF394	c17
0.00325399971934976	0.729680167658866	0.037	0.023	1	RBCK1	c17
0.0125150594792172	0.729341325289838	0.028	0.017	1	H3F3A	c17
0.044116485470211	0.729123329665232	0.02	0.012	1	FAM162A	c17
0.189010675013969	0.727806148065511	0.01	0.007	1	UBE3A	c17
0.0975591151884165	0.727344263944105	0.014	0.009	1	NUBP2	c17
0.000703056207735672	0.726155837962366	0.048	0.029	1	AKAP13	c17
0.00992548051888863	0.725821094658623	0.03	0.019	1	RAB27A	c17
0.180827883626634	0.725037058845163	0.01	0.007	1	TPGS1	c17
0.187985556763948	0.725037058845163	0.01	0.007	1	UCKL1	c17
0.191113502049822	0.723654504795044	0.01	0.007	1	STX10	c17
0.132721600622269	0.723166860700191	0.016	0.011	1	PLEC	c17
0.018146079777496	-0.72170554141503	0.013	0.025	1	CD5	c17
0.00198757557366101	0.721532671176678	0.041	0.026	1	NDUFA2	c17
0.00252055817661633	0.719313139906763	0.04	0.025	1	TYMP	c17
0.142477839223149	0.718773001654459	0.012	0.008	1	THOC7	c17
0.10480517122	0.717220046670398	0.014	0.009	1	PQLC3	c17
0.200665952801432	0.715386888811444	0.01	0.007	1	UBA2	c17
0.0906064984217398	0.714700054691883	0.016	0.01	1	RTFDC1	c17
0.156915491260579	0.714700054691883	0.011	0.007	1	GADD45A	c17
0.0699390605329336	-0.714617949712953	0.009	0.017	1	MACF1	c17
0.0449291009870638	-0.711767370313596	0.012	0.022	1	FAM107B	c17
0.000101440724405836	-0.710930657463209	0.041	0.075	1	ITM2A	c17
0.413575960332858	-0.710760793010414	0.085	0.076	1	CCL3	c17
0.0540796950320379	0.710333661085158	0.019	0.012	1	PHYKPL	c17
0.0596098422417301	0.710333661085158	0.019	0.012	1	SNRPC	c17
0.126142013100447	0.709314848585053	0.013	0.009	1	IFNAR2	c17
0.109447147790009	0.709171517896852	0.014	0.009	1	C11orf73	c17
0.0512183142676211	0.708669972596863	0.02	0.013	1	PTPN2	c17
0.123476262967131	0.708240215357794	0.013	0.009	1	RHOT2	c17
0.093465671304931	-0.707871117272369	0.007	0.013	1	SSH2	c17
0.000331074917837171	0.707166382006475	0.055	0.034	1	BLOC1S1	c17
0.0793170525404161	0.707166382006475	0.017	0.011	1	SHARPIN	c17
0.000853861346856161	-0.706083135201524	0.041	0.068	1	STK17A	c17
0.143333197017252	0.704856221319274	0.012	0.008	1	CDK6	c17
0.000855233202952754	0.704714903012379	0.05	0.031	1	DHRS7	c17
0.109752417373632	-0.704647216398082	0.006	0.012	1	UHMK1	c17
0.0462209091274265	0.703592699126657	0.021	0.013	1	POLE4	c17
0.0184305730269959	0.7032754664189	0.027	0.017	1	DDX21	c17
0.0524148552157556	-0.702695946078204	0.011	0.02	1	PRKACB	c17
0.110725475297762	-0.702224554131226	0.006	0.012	1	BAZ1A	c17
0.0231370192009855	0.701973712786153	0.026	0.017	1	OCIAD1	c17
0.0395785163914621	0.701031595834373	0.022	0.014	1	RTF1	c17
0.000509419281747111	0.700852608074274	0.057	0.036	1	FAM96B	c17
0.0946524681256026	0.700606536156896	0.016	0.01	1	PERP	c17
0.206142244986255	0.700351560450164	0.01	0.007	1	BBC3	c17
0.00651906419871538	0.699458286871212	0.035	0.022	1	RPS19BP1	c17
0.082373319928981	0.699232200464259	0.017	0.011	1	STARD3	c17
0.00294033512784774	-0.698861420803191	0.031	0.052	1	PIK3R1	c17
0.0351897196619857	0.698697161237664	0.023	0.015	1	ERGIC3	c17
0.0112411340344606	0.69846668705609	0.031	0.02	1	RER1	c17
0.0642594638229138	0.697706052757408	0.019	0.012	1	SRSF4	c17
0.0555080083911287	0.697431055403758	0.02	0.013	1	RAB24	c17
0.0642644853929543	0.696920485059867	0.019	0.012	1	SH3BP1	c17
0.0729142648066277	-0.696555804044534	0.009	0.017	1	UBAC2	c17
0.0105033947984422	0.696417140914783	0.036	0.024	1	ATP5EP2	c17
0.114861765424812	0.695193740340399	0.014	0.01	1	AKR1A1	c17
0.0756536924347108	0.694697030044259	0.018	0.011	1	TXN2	c17
0.18438655842388	0.694697030044258	0.011	0.008	1	PREX1	c17
0.133784366886032	0.694342341648892	0.013	0.009	1	GSPT1	c17
0.101911758335249	0.694076382566031	0.016	0.01	1	SLIRP	c17
0.0666287519823967	0.693869559393018	0.018	0.011	1	KLF10	c17
0.00135569446380051	0.693482395715856	0.048	0.03	1	DGUOK	c17
0.133095182069037	0.693278799366381	0.013	0.009	1	MAP2K3	c17
0.0543799493811035	0.692959889508201	0.02	0.013	1	C6orf1	c17
0.0411052147975168	0.692216040540504	0.022	0.014	1	PARVG	c17
0.0287482808046892	0.691621237381846	0.025	0.016	1	TWF2	c17
0.163534171521813	0.691072405886175	0.012	0.008	1	AP2B1	c17
0.0593269714247044	-0.690864691966679	0.011	0.02	1	PPP1R10	c17
0.0109003542528493	-0.689913986798246	0.024	0.04	1	TRAF3IP3	c17
0.069313912122083	-0.689308666245941	0.01	0.018	1	TMC8	c17
0.13734061066585	0.689032453281241	0.013	0.009	1	NFKB1	c17
0.0811007911890532	0.688839734199885	0.021	0.014	1	RNF145	c17
0.0442351503444199	0.68816542007642	0.022	0.014	1	PPM1G	c17
0.222850166241977	0.68816542007642	0.01	0.007	1	TPP1	c17
0.0249503460844893	0.687646931287052	0.026	0.017	1	SUMO3	c17
0.122267545087697	0.687266824568771	0.014	0.01	1	SF3B4	c17
0.0855571576496451	0.686104766478646	0.017	0.011	1	NENF	c17
0.19313714265662	0.686032168917131	0.011	0.008	1	USP16	c17
0.000513219760806276	0.685471310907157	0.056	0.035	1	SELPLG	c17
0.121658566272365	0.685291882383712	0.014	0.01	1	CCT6A	c17
0.135336925866234	-0.684196561716042	0.005	0.01	1	CCM2	c17
0.000265695114462927	0.6838124479274	0.061	0.038	1	RBX1	c17
0.192178913521699	0.683566022947573	0.011	0.008	1	FRG1	c17
0.125445919215647	0.683319640052107	0.014	0.01	1	RNF138	c17
0.080140293048125	0.683155408161569	0.018	0.012	1	RNF126	c17
0.0204877358372613	-0.682572496670509	0.02	0.033	1	DENND2D	c17
0.0524394042375704	-0.680645814840071	0.013	0.023	1	IL6ST	c17
0.0958283873994368	0.680019270690702	0.017	0.011	1	FIBP	c17
0.00699564199565018	-0.679840370559628	0.026	0.044	1	PTGER4	c17
0.0196151601217631	0.679523626937347	0.028	0.018	1	STUB1	c17
0.288019483669014	0.678551896967366	0.011	0.008	1	C1orf228	c17
0.0830721900624478	0.678237124849763	0.018	0.012	1	AZIN1	c17
0.251731231607173	0.677419038612424	0.012	0.009	1	HAVCR2	c17
0.0437654651072738	0.676139486385851	0.023	0.015	1	ADRM1	c17
0.0576996916086153	0.676017683435811	0.02	0.013	1	MT1F	c17
0.194152509699421	-0.675081182154699	0.139	0.152	1	MT2A	c17
0.0108857821207349	0.674744904314098	0.033	0.021	1	TMEM179B	c17
0.174729147810504	0.674025791166	0.012	0.008	1	SNRNP40	c17
0.0642249428964508	0.673743380469025	0.02	0.013	1	SMIM7	c17
0.0750593034503475	0.673550183945014	0.019	0.012	1	PDCD5	c17
0.0848020122093285	0.672520239199585	0.018	0.012	1	TAOK3	c17
0.0860833463359134	0.672520239199585	0.018	0.012	1	EMC6	c17
0.178243955193647	0.671768051987087	0.012	0.008	1	ZNF655	c17
0.0589943092153905	0.670425835191457	0.021	0.014	1	MOB1A	c17
0.207639200310666	0.670077063271255	0.014	0.01	1	C15orf61	c17
0.000111428721248038	-0.669803076438849	0.052	0.087	1	GZMM	c17
0.180026591622275	0.668388054249982	0.012	0.008	1	FBXL15	c17
0.0191272498783817	0.667924750413625	0.033	0.022	1	MRPL54	c17
0.109992374147801	-0.667873049340449	0.007	0.013	1	RBMS1	c17
0.0493368575136672	0.667416490749784	0.022	0.014	1	POLR2I	c17
0.0272619632900413	0.667096567244562	0.027	0.018	1	RPN1	c17
0.00587520235510263	-0.665815663181214	0.031	0.05	1	PDCD4	c17
0.122429090384047	0.665689746030316	0.014	0.01	1	MIF-AS1	c17
0.0565716011416742	-0.665642881883071	0.012	0.021	1	MPHOSPH8	c17
0.109385734742203	-0.664973158834655	0.007	0.013	1	WHSC1L1	c17
0.135348210242135	0.66471659588152	0.014	0.01	1	ANXA2P2	c17
0.00221653972726947	0.664633804894544	0.048	0.031	1	JTB	c17
0.0137973764570506	0.66459499825484	0.032	0.021	1	LAPTM4A	c17
0.239140434119069	0.66409766011459	0.01	0.007	1	NCOA7	c17
0.103384977109456	0.663629733722827	0.017	0.011	1	NCF4	c17
0.00978321428842869	0.66360522747537	0.035	0.023	1	ZNHIT1	c17
0.0331242595215156	0.662772262648022	0.025	0.016	1	PELO	c17
0.122353396748594	0.660951827023653	0.016	0.01	1	LSM3	c17
0.0547817952352566	0.659464086374138	0.022	0.014	1	FDFT1	c17
0.247453046717173	0.658803360445076	0.01	0.007	1	ABCA11P	c17
0.000467451052813292	-0.658515914268818	0.038	0.066	1	EIF3E	c17
0.0841524385005074	0.657413346809375	0.019	0.012	1	ZRANB2	c17
0.0223626905558023	-0.657350466885436	0.021	0.034	1	GPBP1	c17
0.000393064050823245	-0.656128139541772	0.053	0.085	1	LCP1	c17
0.109664007404141	0.655930779567989	0.017	0.011	1	SMNDC1	c17
0.143561388063379	0.655021028201609	0.014	0.01	1	MRPS36	c17
0.191831937661266	0.654946698876216	0.012	0.009	1	OXA1L	c17
0.219739715087598	0.653089709250683	0.011	0.008	1	ADIPOR1	c17
0.0693226204374249	-0.652827144671537	0.011	0.019	1	MAX	c17
0.122413827622574	0.6527881740754	0.016	0.01	1	ADRBK1	c17
0.11323613874778	0.652400578575584	0.02	0.014	1	C19orf24	c17
0.153719283436784	-0.652339170697363	0.005	0.01	1	ASXL1	c17
0.000778787359225369	0.652074263112763	0.058	0.037	1	NDUFB4	c17
6.76254242073963e-05	0.650768397340561	0.082	0.053	1	ATP5J2	c17
0.00056010924033901	-0.650624974754984	0.049	0.079	1	CD3G	c17
0.191864047684482	0.650493932869585	0.012	0.009	1	ECHS1	c17
0.191873442957696	0.649382885420843	0.012	0.009	1	RBM38	c17
0.0413129165083722	-0.648659704184821	0.017	0.027	1	TMEM173	c17
0.225065462716908	0.647070947743154	0.011	0.008	1	MAGED2	c17
0.226128616126014	0.647070947743154	0.011	0.008	1	ATXN10	c17
0.000968142108132573	0.646054867703088	0.064	0.043	1	EIF5A	c17
0.224014947291969	0.645870202737602	0.011	0.008	1	PRPF6	c17
0.100815426577709	0.645070260914563	0.018	0.012	1	B3GAT3	c17
0.197448748748064	0.64494723230059	0.012	0.009	1	HAGH	c17
0.172754428359815	0.643129389676948	0.013	0.009	1	ATP8A1	c17
0.00112106166122876	0.642774710460352	0.056	0.036	1	COX5A	c17
0.0896649955172672	0.642210940165705	0.019	0.013	1	ATOX1	c17
0.0714026525555419	0.642102925712701	0.021	0.014	1	ORMDL1	c17
0.0624724515364394	0.641077191548702	0.022	0.015	1	KDELR1	c17
0.00805069668161605	0.640479183233036	0.047	0.032	1	MRPL41	c17
0.0954187002361729	-0.640381170652263	0.009	0.016	1	PCED1B	c17
0.0559879834902893	0.640141288148454	0.023	0.015	1	SLA2	c17
0.154318190149611	0.637731533171321	0.014	0.01	1	RALGDS	c17
0.0757416318168936	-0.63663621250365	0.011	0.019	1	STAT4	c17
0.0940213066368424	0.636174550435037	0.019	0.013	1	B3GNT2	c17
0.00250706097764227	-0.634844406683169	0.312	0.331	1	NKG7	c17
0.0115943955843663	-0.634802427311111	0.028	0.045	1	SLC9A3R1	c17
0.0949055256385969	0.634669391153086	0.019	0.013	1	RGL4	c17
7.58045059539824e-05	-0.633949628783349	0.077	0.117	1	LDHB	c17
0.133591804523096	0.633917399975837	0.016	0.011	1	RELB	c17
0.157989360132064	0.633917399975837	0.014	0.01	1	MESDC2	c17
0.158722826604638	0.633917399975837	0.014	0.01	1	HNRNPD	c17
0.316158315273741	0.632897467065991	0.012	0.009	1	ILKAP	c17
0.0393102806985595	-0.632683620878149	0.018	0.029	1	ARID5B	c17
0.0323301484162765	0.632387770879489	0.028	0.019	1	SDF4	c17
0.217259641421451	0.632237894499911	0.016	0.011	1	AKIRIN1	c17
0.233777540471365	0.631538677193105	0.011	0.008	1	SLC2A4RG	c17
0.162447765011047	0.631063402920684	0.014	0.01	1	IAH1	c17
0.0716291304152277	-0.629483218587652	0.012	0.021	1	SRRM2	c17
0.100343821961219	0.62941366570159	0.019	0.013	1	H2AFY	c17
0.0438205275696605	0.628215040611654	0.029	0.02	1	CEBPB	c17
0.0225188439512465	0.626792965542455	0.032	0.021	1	GDI2	c17
0.0543946340690424	0.626792965542455	0.024	0.016	1	MAP1LC3B2	c17
0.126542713662626	0.626374974799017	0.017	0.011	1	SRA1	c17
0.187102140802463	0.623750373818838	0.013	0.009	1	TXNDC17	c17
0.101317523263383	0.623430473959981	0.019	0.013	1	OBFC1	c17
0.080670478436458	0.621725538341348	0.021	0.014	1	ATP6V0E2	c17
0.0374562681838051	0.620208774535031	0.028	0.019	1	TMEM14B	c17
0.00785544297966723	0.618020704870836	0.042	0.028	1	RNPS1	c17
0.0172508253750279	-0.61776420104241	0.021	0.035	1	SF3B1	c17
0.0134015013023978	-0.617302686310103	0.025	0.041	1	ITK	c17
0.00354360977393145	-0.616400208276641	0.044	0.068	1	CD247	c17
0.240721953316372	0.616171849785883	0.013	0.01	1	BAG3	c17
0.197584922344616	0.61466091052309	0.013	0.009	1	COA1	c17
0.221750124797658	0.614273744956832	0.012	0.009	1	MPC1	c17
0.00302417725906991	-0.614202420359485	0.043	0.067	1	EIF3G	c17
0.159042576274376	0.613528743628173	0.016	0.011	1	CSNK1A1	c17
0.122016346916473	0.613430943740607	0.018	0.012	1	CHD1	c17
0.252734177215235	0.612648783222185	0.011	0.008	1	GPAA1	c17
0.34502744731925	0.612107535779751	0.011	0.009	1	NACAP1	c17
0.0015918517055339	0.611920945802785	0.059	0.039	1	EIF3L	c17
0.253862469090177	0.61147633696433	0.011	0.008	1	TMED5	c17
0.0969804514716409	0.61124196200794	0.02	0.013	1	ARRDC1	c17
0.297768811304742	0.609453444062378	0.01	0.007	1	ZMAT2	c17
0.00838754591718493	0.608298777483887	0.042	0.028	1	G3BP2	c17
0.228799682349584	0.607784850775372	0.012	0.009	1	LETMD1	c17
0.161914828571291	0.607380262306005	0.016	0.011	1	ETNK1	c17
0.260739761370516	0.606796056976747	0.011	0.008	1	LYPLA2	c17
0.263034078383624	0.606796056976747	0.011	0.008	1	CUEDC2	c17
0.265343636705428	0.606796056976747	0.011	0.008	1	VPS26A	c17
0.022824435785464	-0.606321350080234	0.025	0.039	1	NDFIP1	c17
0.000240143556298082	-0.604777624308265	0.056	0.09	1	GMFG	c17
0.14241722028884	0.603981443218434	0.017	0.011	1	ABCD4	c17
0.155397910950312	-0.603554584201181	0.006	0.011	1	PTPN4	c17
0.132147751233808	0.602519097787291	0.018	0.012	1	GGNBP2	c17
0.027495399242925	0.602130911308186	0.032	0.022	1	RAC1	c17
0.00721140562759114	0.601631967834118	0.042	0.028	1	PDCD1	c17
0.2380417399783	0.601325011441282	0.012	0.009	1	CISD2	c17
0.00388591130185183	0.601117110339823	0.058	0.04	1	H3F3C	c17
0.0907526587655821	0.600966978174551	0.021	0.014	1	JMJD6	c17
0.118537055811002	0.600477181856523	0.019	0.013	1	ARL6IP6	c17
0.0431769011432266	-0.599654820490678	0.02	0.031	1	SCML4	c17
0.211182338330202	0.59963791770203	0.013	0.01	1	TXNDC12	c17
0.029341277931857	-0.599258602689619	0.023	0.036	1	CD6	c17
0.239093735436921	0.599178143424737	0.012	0.009	1	ATF6B	c17
0.0241082691232799	0.598853138908632	0.033	0.022	1	SELM	c17
0.0135115712601503	-0.595712258877899	0.026	0.042	1	ZAP70	c17
0.153399067218382	0.594956878420451	0.017	0.012	1	SBDSP1	c17
0.0643486221465594	0.594466249257113	0.025	0.017	1	CLTA	c17
0.312374149205149	0.594213566002086	0.01	0.008	1	CNIH4	c17
0.0215774101547722	0.594069195438482	0.035	0.024	1	RAB11B	c17
0.00349216733026911	0.593784582588733	0.054	0.036	1	TBCA	c17
0.0100029665376045	-0.593770815964914	0.029	0.046	1	ACAP1	c17
0.123527241783884	-0.593567490611764	0.009	0.015	1	MYLIP	c17
0.0693699940709748	-0.593364136599039	0.014	0.023	1	APMAP	c17
9.66804030896539e-05	0.59265450088277	0.104	0.072	1	SOCS1	c17
0.138636126795462	0.59246004092916	0.018	0.012	1	CARHSP1	c17
0.0129915025305294	-0.592423251259603	0.032	0.049	1	FYN	c17
0.000281878571142943	0.592409971516792	0.079	0.052	1	C19orf53	c17
0.00295617425825817	-0.591045643907079	0.047	0.071	1	EIF4A2	c17
0.24332604101113	0.590622476892187	0.012	0.009	1	NR1H2	c17
0.00578016364705889	0.589956197362084	0.049	0.033	1	TOMM5	c17
0.194317390186435	0.589840740194171	0.014	0.01	1	JOSD2	c17
0.00992278788257948	0.589754824577132	0.043	0.029	1	TRIM22	c17
0.0288932077608182	0.589588865713788	0.033	0.023	1	PSMB6	c17
0.000498040216784648	0.588917415336486	0.084	0.058	1	RABAC1	c17
0.0443941306475602	0.588821932690374	0.029	0.02	1	STRAP	c17
0.277177194548602	0.588225309282968	0.011	0.008	1	SDF2	c17
0.152401872085336	-0.588219925428395	0.007	0.012	1	OTUD6B-AS1	c17
0.00389459504842317	0.587390450805884	0.058	0.04	1	SNRPB	c17
0.000574845482366433	-0.587338043963026	0.073	0.108	1	NR4A2	c17
0.13864553510662	0.586653574689241	0.021	0.015	1	LOC101929910	c17
0.315108911250537	0.586653574689241	0.01	0.008	1	TMEM191A	c17
0.319124059630887	0.586653574689241	0.01	0.008	1	NT5C3A	c17
0.100756290654593	0.586414222545866	0.021	0.014	1	MTFP1	c17
0.252844481090468	0.585300836623992	0.012	0.009	1	SRSF6	c17
0.04017451953719	-0.584680373643025	0.021	0.032	1	TMEM123	c17
0.127063073794903	0.584406488642843	0.019	0.013	1	FBXW5	c17
0.00158977131818607	0.583933284445094	0.065	0.044	1	TSPYL2	c17
0.000806755027597511	-0.58367165440994	0.061	0.092	1	UQCRB	c17
0.00413959674866124	0.582725911040335	0.054	0.036	1	FAM177A1	c17
0.201929287955672	0.58247063455716	0.014	0.01	1	RAB10	c17
0.0170501319747044	0.581866212477479	0.038	0.026	1	TPM4	c17
0.0328594096394128	0.581752911523161	0.032	0.022	1	NT5C	c17
0.053587684175981	0.581587333824928	0.026	0.018	1	LOC100996919	c17
0.185063537437923	0.58132244902828	0.016	0.011	1	PRPF40A	c17
0.113739980125888	-0.581035556424285	0.01	0.017	1	LINC00869	c17
0.00311235325229385	0.580939923494848	0.055	0.037	1	RUNX3	c17
0.16845930887527	-0.580875718728477	0.006	0.011	1	TES	c17
0.0169914918622609	-0.580494700807351	0.03	0.046	1	CD48	c17
0.0473169416672222	0.579779776824405	0.029	0.02	1	RNH1	c17
0.204507136498875	0.579716522920464	0.014	0.01	1	C18orf32	c17
0.0631869244554936	0.579469615953461	0.026	0.018	1	DCTN3	c17
0.134769154760458	0.579330401332158	0.019	0.013	1	G3BP1	c17
0.32323292866634	0.579132992719447	0.01	0.008	1	COPB1	c17
0.00685070980295122	0.577090893170729	0.052	0.036	1	H2AFV	c17
0.189748881421262	0.577024873491464	0.016	0.011	1	PSMG2	c17
0.00540929859006964	-0.576914082259528	0.042	0.064	1	CCND3	c17
0.00211401071310268	0.576757578784415	0.061	0.041	1	CREM	c17
0.0666094342495263	-0.576522218598845	0.018	0.027	1	REL	c17
0.187443331828153	0.575309421397682	0.016	0.011	1	POP5	c17
0.150939336266757	0.57483326870156	0.018	0.012	1	TBCD	c17
0.0401818973243848	0.57474621777286	0.034	0.024	1	SNHG7	c17
0.462098398177776	-0.57379953861562	0.075	0.081	1	XCL1	c17
0.0322755756444168	0.573444920657447	0.034	0.024	1	ATP5A1	c17
0.109660727152521	0.573310635271685	0.021	0.015	1	CMC2	c17
0.00824365779490441	0.573229110956635	0.055	0.038	1	SCAND1	c17
0.189373423067433	0.570704139457204	0.02	0.015	1	NUDC	c17
0.0403999053959361	0.569927306069744	0.031	0.021	1	TCIRG1	c17
0.142444631238467	0.569511067521392	0.018	0.012	1	STARD3NL	c17
0.0951027012769495	0.568950240291501	0.023	0.016	1	LSM4	c17
0.178389129720633	-0.568514730887292	0.006	0.011	1	ABLIM1	c17
0.178896832147041	-0.568514730887292	0.006	0.011	1	KANSL1-AS1	c17
0.160243024204536	-0.56818217219185	0.007	0.012	1	HADHA	c17
0.0106560416480299	0.567777449539279	0.042	0.029	1	CD55	c17
0.0361831372585854	0.56751168098907	0.033	0.023	1	C14orf166	c17
0.176279573707364	0.567414418463524	0.017	0.012	1	MRPL34	c17
0.047378893000492	0.567127879496388	0.028	0.019	1	MRPL18	c17
0.271430459840527	0.566303846166626	0.012	0.009	1	LUC7L2	c17
0.0107701427522279	0.565543391747137	0.051	0.035	1	ATP5J	c17
0.178444839977465	0.564208428164433	0.017	0.012	1	SRP19	c17
0.310183879199941	0.560809851702567	0.011	0.008	1	NFKB2	c17
0.183047699964279	-0.559620158688426	0.006	0.011	1	ITGB2-AS1	c17
0.0930987590897465	-0.557834644796051	0.013	0.021	1	ANKRD44	c17
0.315210842377825	0.557419262501793	0.011	0.008	1	RBM42	c17
0.225804453069513	0.556967785408173	0.014	0.01	1	CCS	c17
0.333734387408435	0.556065254855818	0.013	0.01	1	LOC646513	c17
0.27930556698108	0.55585705873151	0.012	0.009	1	EMC7	c17
0.035721523874984	0.555163288561425	0.033	0.023	1	CD82	c17
0.00379894639448653	-0.554996568022573	0.046	0.069	1	GYPC	c17
0.12545564779772	-0.554501188063412	0.01	0.017	1	SMAP2	c17
0.0134945141296764	0.553961543351672	0.046	0.032	1	GABARAPL2	c17
0.121017259172004	-0.553361168216744	0.011	0.018	1	TMX4	c17
0.16981691589617	-0.553361168216743	0.007	0.012	1	RNF125	c17
0.184644566402889	-0.55246480593821	0.006	0.011	1	ODF2L	c17
0.333818441424724	0.552348272954371	0.014	0.011	1	MRPL14	c17
0.173961855519852	0.552160800399903	0.018	0.013	1	MTIF3	c17
0.153668703272015	0.551371709399051	0.019	0.013	1	LAMTOR2	c17
6.29135695666242e-05	-0.551242615305433	0.075	0.117	1	LEPROTL1	c17
0.355186419197738	0.550661896326484	0.01	0.008	1	CCDC130	c17
0.15433369903169	-0.550570654695115	0.008	0.014	1	MDH1	c17
0.117836072925352	0.550049156864783	0.022	0.015	1	STRA13	c17
0.264216454175012	0.548737019401993	0.013	0.01	1	PRDX3	c17
0.325398267323244	0.54841645612084	0.011	0.008	1	SDHA	c17
0.360844601831302	0.548212498385166	0.01	0.008	1	NCBP2-AS2	c17
0.121095445315708	0.547600798125466	0.022	0.016	1	NUCB1	c17
0.023366221722971	-0.547494842802314	0.03	0.045	1	ICAM3	c17
0.000164212493985165	0.547468402318559	0.098	0.068	1	KRTCAP2	c17
0.0586975011636543	0.546622616858472	0.03	0.021	1	DDOST	c17
0.00158774780984897	0.546174505334171	0.075	0.053	1	NDUFB11	c17
0.143560616379946	0.545950501756221	0.02	0.014	1	ACADVL	c17
0.00313172945647054	0.543606060573727	0.062	0.043	1	SF3B5	c17
0.201053469193821	0.543541368919902	0.017	0.012	1	CCT3	c17
9.61927789620664e-05	0.54308936198408	0.104	0.072	1	POLR2L	c17
0.200295376564685	0.542752364229255	0.017	0.012	1	DNAJC15	c17
0.00124894966242174	0.542123601943909	0.07	0.048	1	CDKN1A	c17
0.184519967987747	0.541963790806567	0.017	0.012	1	ALG13	c17
0.0589884075391167	0.541254443070787	0.03	0.021	1	POLR2K	c17
0.0665926026681274	-0.540761131437111	0.019	0.028	1	PRPF38B	c17
0.131648142348176	0.5404254362395	0.021	0.015	1	YWHAH	c17
0.265006273697683	0.540327360437906	0.012	0.009	1	ATP1B3	c17
0.0332592413061736	0.540132553958386	0.037	0.026	1	SELT	c17
0.15391786719149	0.53924651645454	0.02	0.014	1	C1orf43	c17
0.185198160378896	0.539150970572795	0.013	0.009	1	CEBPD	c17
0.00151160568799383	-0.539105268196552	0.066	0.096	1	YWHAB	c17
0.227144884587537	0.538912133548677	0.016	0.011	1	SUMO1P3	c17
0.00342079858448686	0.538726398750752	0.064	0.045	1	C14orf2	c17
0.161938143891091	-0.538650384841302	0.008	0.013	1	MYCBP2	c17
0.0734602237135749	0.538195859620407	0.028	0.02	1	PPP4C	c17
0.106343827800034	-0.536687636850685	0.013	0.021	1	SAMD3	c17
0.0111348681842649	-0.536588139497281	0.041	0.061	1	RAP1B	c17
7.93220142613458e-05	0.536016369841933	0.111	0.077	1	NDUFA13	c17
0.015262629245235	-0.535848880410054	0.04	0.059	1	EPC1	c17
0.131775849085435	-0.535574684721775	0.009	0.015	1	MYC	c17
0.183878002864043	0.535500046567738	0.022	0.016	1	AP2S1	c17
0.342243072246827	0.535016715449649	0.011	0.009	1	GTF3C6	c17
0.272690966687095	0.534381726424923	0.013	0.01	1	MED15	c17
0.208196498096942	0.533317812628065	0.017	0.012	1	LMBRD1	c17
0.0986015984282763	0.53297304892736	0.025	0.018	1	ZNF428	c17
0.0422231883527477	0.532668650774339	0.035	0.025	1	BCAP31	c17
0.363200875739471	0.532240699505796	0.014	0.011	1	IVNS1ABP	c17
0.181908794406566	-0.532034327016526	0.007	0.012	1	LOC643733	c17
0.113121499764884	0.531131787044675	0.024	0.017	1	XRCC5	c17
0.102676152526599	-0.530441948222537	0.006	0.012	1	CASP8	c17
0.386822812248047	0.529973380100124	0.01	0.008	1	NSMCE1	c17
0.0270611487994089	0.529912966999849	0.04	0.028	1	MYEOV2	c17
0.195509911429396	-0.529872815294373	0.006	0.01	1	PHF3	c17
0.0484901006482733	0.528501531000003	0.032	0.023	1	CCND2	c17
0.0043473231677247	0.527309936449242	0.064	0.045	1	BRK1	c17
0.23778169871551	0.527257291991541	0.016	0.011	1	COQ10B	c17
0.0931216853991563	-0.527041789577169	0.019	0.027	1	AIM1	c17
0.0416443803929782	-0.526821940479236	0.026	0.038	1	IL10RA	c17
0.287616861127559	0.526783578297944	0.013	0.01	1	DERL1	c17
0.0272692671462789	0.526206089101574	0.041	0.029	1	SNRPF	c17
0.198319572183632	0.526152201902358	0.018	0.013	1	HSPA9	c17
0.0222281287649562	0.525176314730664	0.043	0.031	1	PSMB3	c17
0.045411465566622	0.524723340717735	0.034	0.024	1	CFLAR	c17
0.198341823145667	0.524680063977796	0.018	0.013	1	PUF60	c17
0.0236909880276302	0.523299056803073	0.041	0.029	1	CMTM6	c17
0.0359449617427324	0.52319555990279	0.051	0.038	1	COX17	c17
0.379100648642937	0.522054976749487	0.012	0.01	1	ARL4D	c17
0.312982529345619	0.521909726808173	0.012	0.009	1	MFF	c17
0.0471180103920867	-0.521395806570179	0.025	0.037	1	IDS	c17
0.458883516986876	0.521111113424431	0.012	0.01	1	FUNDC2	c17
0.00277443299579633	0.520495882903989	0.07	0.049	1	TRAPPC1	c17
0.00765216809694644	0.520107033782308	0.062	0.044	1	ARF5	c17
0.150600041465555	-0.51994143364806	0.013	0.02	1	SOD2	c17
0.0938522275465776	0.519050743757147	0.027	0.019	1	POLR2G	c17
0.172634217054498	-0.518799722209791	0.008	0.013	1	COX20	c17
0.420226292053386	0.518659954822438	0.013	0.011	1	MAZ	c17
0.00232034749898353	0.517738724017814	0.081	0.058	1	NR3C1	c17
0.0351349130531303	0.517510747082027	0.039	0.028	1	TCEA1	c17
0.129480002996032	0.517055432050403	0.023	0.017	1	MAGOH	c17
0.401578067792708	0.516743070247605	0.01	0.008	1	TMEM141	c17
0.125046244073632	0.514051753192273	0.024	0.017	1	DDX18	c17
0.363512976555182	0.514051753192273	0.011	0.009	1	LIX1L	c17
0.415591472222832	0.512644016823409	0.017	0.014	1	GADD45G	c17
0.0334094465433278	0.511425088760026	0.04	0.029	1	IFI27L2	c17
0.150664279321791	0.511365447385003	0.022	0.016	1	AKAP9	c17
0.209854558677197	-0.510618258214429	0.006	0.01	1	BTN3A1	c17
0.0174894611073922	-0.510433640511075	0.034	0.051	1	MYH9	c17
0.256070026405115	0.509949688896423	0.016	0.012	1	SDHC	c17
0.0452337301850187	-0.509946807837127	0.031	0.044	1	ICOS	c17
0.295391694957766	0.509832658270451	0.013	0.01	1	PNP	c17
0.0562790337300403	-0.509040553866207	0.024	0.035	1	EMB	c17
0.156381505955134	-0.508771017192673	0.01	0.016	1	CDC42EP3	c17
0.404618903805574	0.508386517891978	0.01	0.008	1	ASXL2	c17
0.18058143967376	-0.506612909025264	0.008	0.013	1	NELL2	c17
0.0965293179231934	-0.506485860895123	0.017	0.025	1	ELOVL5	c17
0.0805779168291836	0.50596818293915	0.03	0.022	1	RAD23A	c17
0.00332757286292952	0.505790220552636	0.072	0.051	1	UBE2D2	c17
0.0343165708390978	0.505362080167846	0.046	0.033	1	NDUFA6	c17
0.00987247038551191	-0.505049709554624	0.048	0.069	1	ARL6IP5	c17
0.0310685472870917	-0.504837759092037	0.027	0.041	1	STK4	c17
0.0938693680670268	0.504226323336201	0.028	0.02	1	ABI3	c17
0.205321487788187	0.504226323336201	0.018	0.013	1	PTPRA	c17
0.00317045807683319	0.504122707503866	0.059	0.04	1	ISG15	c17
0.231619703560324	0.503842372557916	0.016	0.011	1	OSM	c17
0.273947242546904	0.5037911868404	0.014	0.011	1	SMS	c17
0.104203000089381	-0.501904660832138	0.017	0.025	1	AAK1	c17
0.379802834510811	0.500965994172613	0.011	0.009	1	DDRGK1	c17
0.127801258661932	0.500835734135427	0.025	0.018	1	RBBP4	c17
0.0313750247185353	-0.499189075966826	0.042	0.059	1	KMT2E-AS1	c17
0.379829966525836	0.498796527536896	0.011	0.009	1	ADH5	c17
0.350762150628394	0.498713151627902	0.012	0.009	1	METTL23	c17
0.00216819309542509	0.498517194236078	0.093	0.068	1	YPEL5	c17
0.108448510923784	-0.498219614024283	0.016	0.023	1	PAK2	c17
0.151644438269225	0.497713016377526	0.023	0.017	1	HNRNPR	c17
0.249276095891854	0.497713016377526	0.017	0.012	1	RAB14	c17
0.290249411333084	0.497713016377526	0.014	0.011	1	MGAT1	c17
0.35077566915385	0.497713016377526	0.012	0.009	1	ANKRD11	c17
0.0890624422753034	-0.497490557790962	0.019	0.028	1	DEF6	c17
0.18873743849269	0.497063300068014	0.02	0.015	1	SNRPA1	c17
0.0165075281479003	-0.496705951359174	0.042	0.061	1	HIGD2A	c17
0.228589822174147	0.495548432264203	0.018	0.013	1	LINC00674	c17
0.0357586912022249	-0.495180097128214	0.033	0.047	1	RSRP1	c17
0.352056403785758	0.494716763917606	0.012	0.009	1	SURF2	c17
0.0450972967858751	0.494693561443424	0.042	0.031	1	MZT2B	c17
0.385318606356336	0.494467356873871	0.011	0.009	1	TMBIM1	c17
0.179206094932487	-0.49381393666462	0.009	0.014	1	U2SURP	c17
0.0772199026168841	0.49284726120571	0.032	0.023	1	TUFM	c17
0.277756975471883	0.492770159153965	0.02	0.015	1	TSPAN14	c17
0.0722581032947315	0.492722713785518	0.049	0.038	1	PIM1	c17
0.434703511955365	0.491817237674147	0.01	0.008	1	ZBTB8OS	c17
0.0691546711244336	0.491726721311794	0.038	0.029	1	MRPL33	c17
0.179154886959254	0.491537086394379	0.021	0.015	1	PAG1	c17
0.425667955862733	0.490640967702023	0.01	0.008	1	USP36	c17
0.016416472356016	0.490374775526189	0.054	0.039	1	GLIPR1	c17
0.196246260763796	0.48928944179252	0.02	0.015	1	MRPL43	c17
0.471144316633492	0.489074098103653	0.013	0.011	1	PIH1D1	c17
0.201709265659963	0.488643507131679	0.02	0.015	1	CHMP2A	c17
0.0867347933492383	-0.488552288004452	0.025	0.035	1	MTRNR2L2	c17
0.000565751313996655	0.488459007477883	0.112	0.081	1	RBM3	c17
0.00412117065612636	-0.488153790776204	0.068	0.095	1	CD44	c17
0.1964199976139	-0.487043271559264	0.008	0.013	1	TKT	c17
0.0646897379416594	0.486615307494195	0.035	0.026	1	UBXN4	c17
0.336113554864456	0.485694340312656	0.013	0.01	1	NASP	c17
0.0994270352067286	-0.485290832788199	0.02	0.028	1	PRKCQ-AS1	c17
0.198483614185293	-0.484852390286453	0.008	0.013	1	SNHG16	c17
0.000430170984785702	0.484773960670027	0.115	0.083	1	COX6C	c17
0.00870137286464054	0.484400640693591	0.069	0.051	1	UXT	c17
0.216650042364046	0.484096161718923	0.019	0.014	1	RNF113A	c17
0.200566743604535	-0.483389952207967	0.008	0.013	1	SUSD3	c17
0.0661558753392873	0.483259320068029	0.034	0.025	1	PHPT1	c17
0.0368937059278447	0.48316470780837	0.048	0.035	1	ARL4C	c17
0.175997372885668	0.483018501064806	0.022	0.016	1	COMMD7	c17
0.00191713620978627	0.48201633949104	0.086	0.062	1	NDUFA1	c17
0.445469949237323	0.480097473460554	0.01	0.008	1	PJA2	c17
0.0421405620570105	0.479442835009066	0.041	0.03	1	MZT2A	c17
0.262254315525764	-0.479360586772967	0.008	0.012	1	MTRNR2L8	c17
0.2311221398827	0.479360464483663	0.019	0.014	1	NOP58	c17
0.189538461877006	-0.478700163304858	0.009	0.014	1	ACAP2	c17
0.0364104277781534	-0.478459934340705	0.033	0.047	1	EIF4B	c17
0.0349877512945675	0.478231114803256	0.054	0.04	1	UQCRQ	c17
0.0244641542067347	-0.477047780761506	0.04	0.057	1	SF1	c17
0.218109769519614	0.476425379379566	0.02	0.015	1	THRAP3	c17
0.0038588321585541	0.476211947166604	0.082	0.06	1	NDUFA11	c17
0.00183198577129625	-0.47599635273959	0.185	0.225	1	GZMA	c17
0.296767684794538	0.47594520129529	0.016	0.012	1	RBM4	c17
0.190041909127103	-0.475393503500913	0.009	0.014	1	TGOLN2	c17
0.122012123138185	0.474789872097406	0.027	0.02	1	HERPUD2	c17
0.291842959407391	0.474345760953098	0.016	0.012	1	TXNL4A	c17
0.448551291238708	0.474273101234572	0.01	0.008	1	WDR45B	c17
0.140741985570668	0.473915445195334	0.026	0.019	1	MED10	c17
0.21889185650718	0.473227206841993	0.02	0.015	1	RAB11A	c17
0.236854094517118	-0.473216421702056	0.006	0.01	1	CD58	c17
0.0249039584586956	-0.471366901341205	0.041	0.058	1	CUTA	c17
0.240625657797272	0.471278118185804	0.019	0.014	1	PPP6C	c17
0.218334246658294	-0.471083484086769	0.007	0.011	1	SMG1	c17
0.164002567278917	0.470886378029933	0.024	0.018	1	IRF9	c17
0.328776514365827	0.470248628793486	0.014	0.011	1	EIF5B	c17
0.000314554517985632	-0.4696122904769	0.103	0.144	1	RARRES3	c17
0.0737082502751065	-0.46907239336804	0.018	0.027	1	PTPN6	c17
0.160988914396966	-0.468910846417432	0.012	0.018	1	CCDC167	c17
0.183326574218491	0.466962684553566	0.023	0.017	1	M6PR	c17
0.0166781599746091	0.466207128638382	0.069	0.052	1	ATP5D	c17
0.185723801618254	0.465304096471803	0.023	0.017	1	SNX17	c17
0.149776199910052	0.465091594808328	0.026	0.019	1	SCAF11	c17
0.532920592983024	0.464874403232323	0.016	0.013	1	RANBP2	c17
0.20542913680309	0.464672754613518	0.021	0.016	1	TMEM160	c17
0.322339274120374	0.464309858110312	0.014	0.011	1	POLR2A	c17
0.2278163869953	0.463675008797146	0.02	0.015	1	NOL7	c17
0.0503434648995665	0.463040438722746	0.039	0.029	1	BCL3	c17
0.122968418522143	-0.462501706419239	0.026	0.035	1	KLRC3	c17
0.0363695052254483	0.462456478016812	0.061	0.047	1	NHP2L1	c17
0.0249032993339074	0.462346323253064	0.054	0.04	1	TMEM59	c17
0.465661642301849	0.461541654432311	0.01	0.008	1	GTF2H5	c17
0.78447996238255	-0.461407947688366	0.077	0.074	1	XCL2	c17
0.0478353164234042	0.460416578865751	0.043	0.032	1	DYNLRB1	c17
0.0311628387797569	-0.457641976361116	0.033	0.048	1	WIPF1	c17
0.193723959444151	0.456490353651013	0.023	0.017	1	PSMB2	c17
0.260272829163108	0.455248008366855	0.019	0.014	1	NRBP1	c17
0.1118569680785	-0.454385438410832	0.02	0.028	1	CNOT6L	c17
0.114993006837889	0.45432576953769	0.035	0.027	1	DCXR	c17
0.345561209878903	0.454185640836604	0.014	0.011	1	YDJC	c17
0.136154076657498	0.453375163279133	0.028	0.021	1	RAD21	c17
0.0306825427725941	0.452593554920877	0.057	0.043	1	NEDD8	c17
0.184864943203732	0.452400191935834	0.024	0.018	1	PDCD6	c17
0.198673482064751	0.45235248297765	0.022	0.016	1	PRNP	c17
0.050880928681999	0.4522823828809	0.049	0.037	1	ISCU	c17
0.174775308829015	0.4521692952381	0.025	0.019	1	VDAC2	c17
0.0146417773380516	-0.452068585292726	0.072	0.095	1	KLRD1	c17
0.375690891562779	0.452025378330315	0.013	0.011	1	CISD3	c17
0.17426074616501	0.450658883261833	0.025	0.019	1	RWDD1	c17
0.261061935823196	-0.450300863162624	0.006	0.01	1	ATHL1	c17
0.0223911413986526	-0.4494986082118	0.041	0.059	1	CD96	c17
0.0446867842790173	0.448921577577376	0.053	0.04	1	SNHG15	c17
0.0369485198916434	0.448688478785282	0.05	0.037	1	RALY	c17
0.0565863110425502	-0.448685546538731	0.031	0.044	1	SKAP1	c17
0.0164475409404796	0.447448424981208	0.063	0.047	1	NDUFB8	c17
0.145626668401337	-0.445118460300106	0.016	0.022	1	BCLAF1	c17
0.0403226886677067	0.444324656645875	0.063	0.049	1	MRPS21	c17
0.179393506899288	-0.44414294126849	0.012	0.018	1	ATF7IP	c17
0.422416180021176	0.443746692409973	0.012	0.01	1	PYCR2	c17
0.497137548905112	0.442084147523823	0.01	0.008	1	RABIF	c17
0.190791994647417	-0.440886438958331	0.011	0.017	1	CYTH1	c17
0.246277522856712	-0.440886438958331	0.007	0.011	1	ZSCAN16-AS1	c17
0.143319403579281	0.440164497622706	0.029	0.022	1	ARPC4	c17
0.49559172745923	0.43981218635997	0.01	0.008	1	PRKDC	c17
0.500321676533557	0.43981218635997	0.01	0.008	1	MPRIP	c17
0.394222692056769	0.439487912355259	0.013	0.011	1	ABTB1	c17
0.23825746024427	0.439487912355258	0.021	0.016	1	GADD45GIP1	c17
0.198061835130885	0.439339311125185	0.024	0.018	1	CYFIP2	c17
0.00611384326895147	0.438873110061419	0.101	0.078	1	RPS18P9	c17
0.0779670287738235	0.438783056377244	0.042	0.032	1	ITGAE	c17
0.203559450637533	0.437779921629941	0.024	0.018	1	PPIG	c17
0.0425540863192313	0.436637439625757	0.059	0.045	1	TSTD1	c17
0.00433958210412235	0.436318768845643	0.082	0.06	1	ZNF683	c17
0.404247002999655	0.435925700567963	0.013	0.011	1	PDCD10	c17
0.433276118202448	0.4351048992709	0.012	0.01	1	MRFAP1L1	c17
0.182109271452565	-0.434770435748896	0.02	0.027	1	UGP2	c17
0.26550344375843	-0.433845927520598	0.006	0.01	1	HCFC1R1	c17
0.275928531093668	-0.431897655731076	0.006	0.01	1	BNIP3L	c17
0.208621999570504	0.431041976732238	0.024	0.018	1	RAB5C	c17
0.127814651205163	0.430654207601859	0.032	0.024	1	COX7A2L	c17
0.198573906311161	0.430598820518989	0.033	0.026	1	ZNRD1	c17
0.0463223893669208	0.430345649501248	0.05	0.037	1	PAIP2	c17
0.155337392233019	0.430173518582762	0.025	0.019	1	PIM3	c17
0.00235690342626937	0.429035826930459	0.103	0.077	1	COX8A	c17
0.0136946536542848	-0.428521881066195	0.062	0.084	1	VAMP2	c17
0.0421826731734139	0.428064151499965	0.052	0.039	1	TMEM50A	c17
0.267735667664343	-0.42799320127516	0.006	0.01	1	SHKBP1	c17
0.0871289061025259	0.426639784685271	0.038	0.029	1	PTPN22	c17
0.00060607735106553	-0.426104775281167	0.268	0.314	1	HSPA1A	c17
0.38607139902636	0.425056109902592	0.014	0.011	1	MBOAT7	c17
0.324781837626394	0.424506930207766	0.018	0.014	1	ARIH2	c17
0.514792513004069	0.424007857283688	0.01	0.008	1	CHD3	c17
0.0680644466137543	0.423485756476076	0.043	0.033	1	EMD	c17
0.00127028005612991	-0.422874809699595	0.155	0.195	1	PABPC1	c17
0.00290005826315674	-0.422785633346439	0.14	0.175	1	BTG2	c17
0.0304443919666715	0.422614808829772	0.059	0.045	1	CSNK2B	c17
0.0465706640215863	0.422504196523311	0.051	0.038	1	MAP1LC3B	c17
0.0636827243569592	0.422044434158394	0.043	0.033	1	LOC100506248	c17
0.0115268160819737	-0.421596088282695	0.063	0.086	1	TUBA4A	c17
0.157531694731956	-0.420971184270228	0.018	0.025	1	SIRPG	c17
0.172894013366533	-0.42090377648884	0.017	0.023	1	IFRD1	c17
0.371706641466323	0.420489134302165	0.026	0.022	1	CISH	c17
0.0131302305099451	0.420394732532729	0.073	0.055	1	RPS17	c17
0.196830221445739	0.420223645068445	0.031	0.025	1	MATK	c17
0.184420189891257	0.420184166227037	0.037	0.03	1	DDX17	c17
0.101690618102632	0.420098810262908	0.037	0.028	1	CHURC1	c17
0.000223176674558737	-0.41970719643974	0.113	0.157	1	LAPTM5	c17
0.0811003647215128	0.419142986840178	0.047	0.036	1	NOP10	c17
0.000104238979690503	0.419082909816377	0.172	0.13	1	MYL12B	c17
0.320091751941398	0.419026600575397	0.018	0.014	1	RPAIN	c17
0.112097323708774	-0.41867755097172	0.026	0.035	1	WSB1	c17
0.192408585005934	0.417659764811491	0.027	0.021	1	TMEM230	c17
0.166423152146112	0.417518441890195	0.029	0.022	1	EIF1AX	c17
0.133749504111738	-0.417201144524374	0.021	0.029	1	SDCBP	c17
0.263896699479372	-0.416954929822713	0.007	0.011	1	DLGAP1-AS1	c17
0.494827721575725	0.416635487139151	0.011	0.009	1	HPCAL1	c17
0.0179893604797949	-0.415949116795943	0.047	0.066	1	MBNL1	c17
0.030896734045238	0.41473518436361	0.057	0.043	1	FKBP1A	c17
0.141306304815259	-0.414194450547798	0.02	0.027	1	SMCHD1	c17
0.000220284706095419	0.414143812339746	0.162	0.123	1	UQCR11	c17
0.133572984935602	0.413333488804341	0.034	0.026	1	ODC1	c17
0.103048041160609	0.411417583318619	0.038	0.029	1	MRPL57	c17
0.0572324228603466	0.409922550499711	0.056	0.043	1	ATP5O	c17
0.00134216871601933	-0.409719029806269	0.226	0.268	1	HSPA1B	c17
0.199219360122314	0.409485833365791	0.027	0.021	1	PFDN2	c17
0.303475401844994	0.409485833365791	0.02	0.016	1	EIF4H	c17
0.0888787695966358	-0.405533750742887	0.03	0.041	1	OCIAD2	c17
0.553572372967075	0.405046768199293	0.01	0.009	1	PFDN1	c17
0.36658139928266	0.404460267056631	0.017	0.013	1	PLEKHF1	c17
0.0833613729693496	-0.403316927809751	0.032	0.043	1	PVRIG	c17
0.187948151125728	-0.403292760646836	0.016	0.022	1	LOC101928173	c17
0.162274633918143	-0.403029795747724	0.025	0.033	1	LOC284454	c17
0.0312971641138445	0.402992956896929	0.063	0.048	1	C4orf3	c17
0.164520448785365	-0.402906030972655	0.018	0.025	1	WAS	c17
0.309705557523096	0.40216868306899	0.02	0.016	1	RAB2A	c17
0.282788402729592	0.402081797282527	0.027	0.022	1	SF3B2	c17
0.0857713215561283	-0.401855813276161	0.039	0.051	1	SOCS3	c17
0.0503254251343323	-0.40102615367489	0.042	0.057	1	ACTR3	c17
0.349642873628239	0.400682691510133	0.018	0.014	1	SDHAF2	c17
0.260368048499043	0.400477240019358	0.023	0.018	1	CHIC2	c17
0.0844726856352737	-0.400285439004149	0.025	0.035	1	KLRK1	c17
0.23282353857138	0.399252182666943	0.025	0.019	1	KHDRBS1	c17
0.289243432794523	-0.398368032165882	0.006	0.01	1	CWC15	c17
0.00739116296444077	0.397992375059154	0.091	0.069	1	TRMT112	c17
0.490308479926308	0.397311119419689	0.012	0.01	1	PTPN1	c17
0.278945932964471	-0.396121426405547	0.007	0.011	1	DOCK10	c17
0.159640009082193	0.395796478817689	0.032	0.025	1	MGST3	c17
0.48056368762175	0.394516100707124	0.012	0.01	1	MRPS31	c17
0.27301509721377	0.394151931936367	0.023	0.018	1	MAPK1IP1L	c17
0.0210361493846328	0.393931781452411	0.084	0.065	1	SAMSN1	c17
0.0178765136970858	0.393892071608198	0.085	0.066	1	RAN	c17
0.462617776704291	0.393851417423821	0.013	0.011	1	SSBP4	c17
0.000227933926148426	0.393275606184531	0.068	0.044	1	TUBB	c17
0.0368340488697768	0.392268489186642	0.07	0.055	1	ENO1	c17
0.275151416439987	-0.39203529570063	0.008	0.012	1	LY9	c17
0.281166743593491	-0.391742985894973	0.007	0.011	1	LIMS1	c17
0.283371078133062	-0.391742985894973	0.007	0.011	1	P2RY10	c17
0.26019262800142	-0.391567571578884	0.009	0.013	1	NMRK1	c17
0.286389142094511	0.39154955009722	0.021	0.016	1	GLRX	c17
0.0718512834745429	0.390759130680123	0.047	0.036	1	CKS2	c17
0.262015389437133	0.390759130680123	0.024	0.019	1	PIN1	c17
0.570009885030619	0.390713417185264	0.01	0.009	1	EMC10	c17
0.503857983685429	-0.390659203416893	0.017	0.019	1	SPON2	c17
0.0561729705958951	0.390101699038153	0.053	0.041	1	ZYX	c17
0.714880531766008	0.389869735850759	0.011	0.01	1	MRPS15	c17
0.277656726493588	0.388901944189083	0.023	0.018	1	NDUFA12	c17
0.444531198140012	0.388447843595003	0.014	0.012	1	GTF2A2	c17
0.297091924236655	0.388247036991451	0.02	0.015	1	TUBA1C	c17
0.273121981821618	-0.38813295347583	0.008	0.012	1	VDAC3	c17
0.350969339779671	0.387771553864635	0.019	0.015	1	COX16	c17
0.437158171333238	0.387644784826208	0.014	0.012	1	TARSL2	c17
0.5045774827791	0.387089082807055	0.012	0.01	1	DEDD2	c17
0.510247727214808	0.387089082807055	0.012	0.01	1	DAP3	c17
0.35004518444995	0.386504364463105	0.019	0.015	1	FAM195B	c17
0.321608683789735	0.386383737787376	0.021	0.017	1	EIF3I	c17
0.394797522769962	0.385945663961375	0.017	0.013	1	STXBP2	c17
0.37823459515323	0.385906356147439	0.018	0.014	1	SLTM	c17
0.285262213480654	0.385761097431372	0.023	0.018	1	UBE2L3	c17
0.304050636493755	0.385238287119113	0.022	0.017	1	PNRC2	c17
0.541937555808485	0.38423676327404	0.011	0.009	1	BRWD1	c17
0.068553960283735	0.383995120268481	0.058	0.046	1	HNRNPC	c17
0.138690205547894	0.38393914696749	0.037	0.029	1	VAPA	c17
0.287641319780023	0.383670991972153	0.023	0.018	1	VDAC1	c17
0.191273955381387	0.383636182522611	0.03	0.024	1	HN1	c17
0.289395922454002	-0.382063385418052	0.007	0.011	1	TTC3	c17
0.141632329099576	0.381668462904313	0.037	0.029	1	TAP1	c17
0.0687193539539442	0.381543803561372	0.053	0.041	1	GTF3A	c17
0.476574335487154	0.381543803561372	0.012	0.01	1	TIFA	c17
0.548076452782094	0.381236356561616	0.011	0.009	1	C9orf89	c17
0.588136514256793	0.379783857027005	0.01	0.009	1	EIF4E2	c17
0.458376152536916	0.379638687471551	0.014	0.012	1	HNRNPL	c17
0.549633777748558	0.377245496365582	0.011	0.01	1	POLR2C	c17
0.0246376215270966	-0.376517220222291	0.24	0.265	1	DUSP2	c17
0.173003984272354	0.376073811869369	0.034	0.027	1	RNF7	c17
0.396124362681741	0.375254198546491	0.018	0.014	1	C8orf59	c17
0.0931786347606481	-0.374588264855904	0.036	0.048	1	CELF2	c17
0.375625634208619	0.374521254793293	0.019	0.015	1	METTL9	c17
0.498859527237316	0.373265645453038	0.013	0.011	1	TAF15	c17
0.375659279544836	0.373265645453037	0.019	0.015	1	NDUFAB1	c17
0.251562692474514	-0.372614673520917	0.011	0.016	1	THEMIS	c17
0.298396567242656	0.372032748319845	0.028	0.023	1	SUPT3H	c17
0.34756588243109	0.371500340808322	0.026	0.021	1	ALKBH7	c17
0.0704969627274435	-0.37075430513354	0.027	0.038	1	CACYBP	c17
0.20947814991677	-0.368857395572838	0.018	0.024	1	UPP1	c17
0.21274279599295	0.368657619046626	0.031	0.025	1	SUMO1	c17
0.000529278512325823	-0.368357335685338	0.162	0.207	1	TOMM7	c17
0.332522916113584	0.368164773760172	0.021	0.017	1	IRF3	c17
0.206391411416702	-0.367357403536365	0.026	0.033	1	LMNA	c17
0.40685733230376	0.367316379121851	0.018	0.014	1	GRK6	c17
0.0212326860559639	0.367136480743802	0.098	0.078	1	APRT	c17
0.0226269982843381	0.366859757804259	0.065	0.049	1	SELL	c17
0.135737177347594	0.366426101376296	0.04	0.032	1	UFC1	c17
0.0105159966197036	0.366335814031002	0.111	0.087	1	TPI1	c17
0.0163815062475379	0.365997644988998	0.104	0.083	1	CLEC2B	c17
0.248658879466604	0.365621085106693	0.028	0.022	1	HMGN4	c17
0.214976509299355	0.365593757972843	0.031	0.025	1	PRKAR1A	c17
0.150111897048994	-0.36522529879607	0.025	0.033	1	ANKRD12	c17
0.458645740979433	0.365091714007336	0.016	0.013	1	LOC100131564	c17
0.357207580217948	0.364899619941026	0.026	0.022	1	DDX39A	c17
0.712572434540092	0.364774184559398	0.012	0.011	1	MIB2	c17
0.287430251961351	-0.364653481491363	0.009	0.013	1	ARAP2	c17
0.39954138117701	0.364021801209418	0.018	0.014	1	DHPS	c17
0.262734057505178	-0.363699948713169	0.011	0.016	1	DGKA	c17
0.0565590185704051	0.362574566994782	0.061	0.048	1	WDR83OS	c17
0.383377346059888	-0.362507145800336	0.007	0.01	1	ZFAND5	c17
0.569826942622942	0.3623773293103	0.011	0.01	1	CFDP1	c17
0.00989621753834207	0.361864637492608	0.102	0.08	1	RPL23	c17
0.000208937486587955	0.360406434139177	0.244	0.199	1	RGS1	c17
0.226924421646294	0.360078213220714	0.035	0.029	1	RBPJ	c17
0.465972527108439	0.359914130759246	0.016	0.013	1	C6orf62	c17
0.379589258717044	0.359028407796265	0.02	0.016	1	GRB2	c17
0.299375038572105	-0.358922808451297	0.009	0.013	1	C1orf162	c17
0.185958229014848	-0.358580978088155	0.021	0.028	1	AIP	c17
0.262805265026236	-0.358324552153739	0.011	0.016	1	EPS15	c17
0.0803694371940305	0.358188224301903	0.059	0.047	1	DYNLL1	c17
0.000456876118269962	0.357808968417652	0.233	0.191	1	DDIT4	c17
0.552403322717142	0.357757550697007	0.012	0.01	1	IRF2	c17
0.281136247915973	-0.357726047668536	0.011	0.016	1	TBCC	c17
0.472060519844955	0.357700842100828	0.016	0.013	1	NUDT21	c17
0.00996861429293368	0.357455130605575	0.126	0.101	1	HSPE1	c17
0.566800429342223	0.357455130605574	0.011	0.01	1	SDR39U1	c17
0.112076042991152	0.357284225548112	0.047	0.037	1	NDUFB10	c17
0.273820026984078	0.357018413471655	0.027	0.022	1	CBX3	c17
0.263634431211982	-0.356712627948728	0.012	0.017	1	NKTR	c17
0.149899362978376	0.356079919051016	0.04	0.032	1	ARHGAP9	c17
0.395110195708652	0.355800900765868	0.019	0.015	1	PNPLA2	c17
0.301976812396	-0.355729237604589	0.008	0.012	1	CENPC	c17
0.201251300537429	0.355490943725061	0.034	0.027	1	PSMD8	c17
0.100215381661608	0.354971459218138	0.066	0.054	1	GNG2	c17
0.347691525865949	0.35495572018307	0.022	0.018	1	AP2M1	c17
0.21998505261797	-0.354929739085437	0.018	0.024	1	RPS10	c17
0.23234883014501	-0.353529549681078	0.016	0.021	1	FOXP1	c17
0.590046914247193	0.352549668412938	0.011	0.01	1	ATP2A3	c17
0.202505054102909	-0.352448474290747	0.02	0.026	1	DNAJB6	c17
0.288663416165242	-0.351727307047093	0.01	0.014	1	ARHGAP30	c17
0.30230836564818	-0.351727307047093	0.009	0.013	1	TNFRSF25	c17
0.316186000587085	-0.351727307047093	0.007	0.011	1	SLC4A7	c17
0.565609934664169	0.351420003457491	0.012	0.011	1	RSBN1	c17
0.209546689460913	0.351036802981449	0.033	0.027	1	TMEM219	c17
0.429779674624081	0.350918213935238	0.018	0.015	1	ADSS	c17
0.319454887057013	-0.3508253407527	0.007	0.011	1	ATP2B4	c17
0.116485479677309	-0.350488097426648	0.084	0.098	1	CITED2	c17
0.317827304985188	-0.349922810200345	0.007	0.011	1	ARPP19	c17
0.251222047231413	-0.349802430122601	0.014	0.02	1	TGIF1	c17
0.378133660181762	0.347939745696138	0.021	0.017	1	TALDO1	c17
0.183819542309729	-0.347814707270979	0.024	0.031	1	TECR	c17
0.0316567920590357	0.347811008352467	0.08	0.063	1	PSMA7	c17
0.319483075766469	-0.3472118259246	0.007	0.011	1	CDKN1B	c17
0.00849315982181242	0.346553234393512	0.111	0.087	1	LDHA	c17
0.417699522568345	0.345559962427077	0.025	0.021	1	BANF1	c17
0.78245867107044	0.345110174413803	0.011	0.01	1	TMEM208	c17
0.634839845921539	0.344292737120197	0.01	0.009	1	SNW1	c17
0.363811376500053	0.343761651142954	0.022	0.018	1	IMP3	c17
0.238336023563395	-0.343135773811882	0.016	0.021	1	GHITM	c17
0.254048589968099	0.342983078516994	0.03	0.024	1	NDUFC1	c17
0.512643479215493	0.342593949710619	0.014	0.012	1	PSMD4	c17
0.199352676705659	-0.342319179634676	0.054	0.045	1	MT1X	c17
0.356785138533907	0.342169565227227	0.022	0.018	1	DPM3	c17
0.648159903499659	0.342169565227227	0.01	0.009	1	DNAJC1	c17
0.00022576072012562	-0.341206960996946	0.186	0.237	1	PPDPF	c17
0.0508606293637813	0.341193954413092	0.051	0.038	1	PMAIP1	c17
0.00394627872932275	0.340941322213094	0.123	0.095	1	ATP5I	c17
0.580440398413852	0.340619990145278	0.012	0.011	1	DR1	c17
0.172916606874967	-0.340139332771881	0.025	0.033	1	MAT2B	c17
0.445328498499215	0.339872982910192	0.018	0.015	1	APH1A	c17
0.573132660166744	0.339723627866745	0.012	0.011	1	PLK3	c17
0.130443605187974	0.338630819530747	0.049	0.039	1	SNHG9	c17
0.228313145886837	-0.338441616296867	0.018	0.023	1	CDC42SE1	c17
0.648224486911787	0.337932572340756	0.01	0.009	1	PTDSS1	c17
0.282312154484681	-0.337227737351978	0.012	0.017	1	BCL11B	c17
0.178143913428721	-0.336667140865076	0.026	0.034	1	SUN2	c17
0.323675620985866	-0.336417916931675	0.008	0.012	1	MIER1	c17
0.0999372501494593	-0.336402632930923	0.053	0.066	1	SERTAD1	c17
0.333771194219925	-0.33540500174516	0.007	0.01	1	ZRSR2	c17
0.463170862083141	0.335349411326754	0.018	0.015	1	TOMM22	c17
0.178396052736321	-0.334264621446365	0.032	0.041	1	CARD16	c17
0.619955399534688	0.334059563193549	0.011	0.01	1	U2AF1L4	c17
0.285438623469143	0.333926196422862	0.029	0.024	1	ACTR2	c17
0.556994093872323	0.333783317134134	0.013	0.011	1	CARD8	c17
0.201475975950621	0.333415071317347	0.036	0.029	1	AUP1	c17
0.255895065819702	0.33316726646937	0.038	0.032	1	SRI	c17
0.352819570456737	0.333092933314246	0.024	0.02	1	C7orf50	c17
0.533727405606484	0.332513266109948	0.014	0.012	1	PSMD9	c17
0.47596544948703	0.332378883785291	0.022	0.019	1	ZC3H12A	c17
0.336508006846232	0.33212695065955	0.024	0.019	1	GCHFR	c17
0.258042723319829	0.331402887888573	0.032	0.026	1	ATP5F1	c17
0.407994650560609	0.33129948000831	0.021	0.017	1	CAPZA2	c17
0.487962458419529	0.331104849985635	0.017	0.014	1	ITGB7	c17
0.281198436096082	-0.331049162422853	0.012	0.017	1	POLR3GL	c17
0.204255533657179	0.331031213039881	0.037	0.03	1	C16orf13	c17
0.169345486384155	0.33091477158735	0.043	0.035	1	TOMM20	c17
0.00072103005293	0.330176936790938	0.187	0.148	1	HMGB1	c17
0.304496237041374	0.330059163232482	0.028	0.023	1	MDH2	c17
0.0396929115555368	0.329841673703188	0.077	0.061	1	SELK	c17
0.48123801012755	0.327788014935213	0.016	0.013	1	GLUD1	c17
0.0758744617242437	0.327645642041343	0.071	0.058	1	ATP6V0E1	c17
0.335833820247975	-0.326664448520514	0.008	0.012	1	SLAMF1	c17
0.49753812869696	0.326344598065545	0.017	0.014	1	NDUFB6	c17
0.572480949265408	0.325520436351678	0.013	0.012	1	CD320	c17
0.298043163247328	0.325355660491652	0.034	0.029	1	KRT10	c17
0.300461448813133	0.32435604497209	0.029	0.024	1	ENSA	c17
0.524607088478219	0.324182176914924	0.016	0.013	1	TMX1	c17
0.469028845765305	0.323782083997723	0.018	0.015	1	CMTM3	c17
0.306559865630016	0.323462089532423	0.035	0.03	1	ARRB2	c17
0.605799406610351	0.322797712343206	0.012	0.011	1	FAM129A	c17
0.35120792807397	0.322195608029777	0.025	0.021	1	TGFB1	c17
0.858832030234713	0.321543611801723	0.01	0.01	1	CHN1	c17
0.245603910726664	0.321406675249878	0.041	0.035	1	TOMM6	c17
0.525950426294395	0.320585328776859	0.016	0.013	1	TOPORS-AS1	c17
0.00142647848499579	-0.320356464972379	0.196	0.239	1	RPL36A	c17
0.357719829306813	0.320355435534259	0.025	0.021	1	LAMP1	c17
0.321081366262531	0.320174830825338	0.028	0.023	1	EWSR1	c17
0.680166927144674	0.31901860097667	0.01	0.009	1	PIK3CD	c17
0.465179516909911	0.317865257714884	0.019	0.016	1	RBMX	c17
0.30576134463914	-0.31766547097346	0.011	0.015	1	TIAL1	c17
0.690266097770326	0.316932273728204	0.01	0.009	1	CEP57	c17
0.469556595891219	0.316657981459588	0.019	0.016	1	MRFAP1	c17
0.537409840803608	0.314848959227715	0.016	0.013	1	GRAMD1A	c17
0.106448731613542	-0.314632208272085	0.038	0.05	1	LAMTOR4	c17
0.128287887099942	-0.314597350602439	0.049	0.06	1	SQSTM1	c17
0.216629120213333	-0.314379148274789	0.007	0.011	1	TGFBR2	c17
0.0255955986020628	0.314059522797134	0.088	0.069	1	LINC00152	c17
0.256133305621066	-0.313253159232458	0.019	0.024	1	PRMT2	c17
0.547777365429923	0.31321417713677	0.02	0.017	1	EIF4A3	c17
0.461132213827477	0.313132486638693	0.02	0.017	1	ACP1	c17
0.760599997186788	0.312993402649233	0.08	0.077	1	HSPB1	c17
0.524197337634272	0.312829791591064	0.017	0.014	1	PTBP3	c17
0.146925662521504	-0.312399303258096	0.037	0.047	1	SMDT1	c17
0.211275384528175	-0.311744689581741	0.03	0.038	1	FNBP1	c17
0.424531308264693	0.311729617383536	0.022	0.018	1	HAX1	c17
0.693695154624521	0.311729617383536	0.01	0.009	1	IL27RA	c17
0.575290477679134	0.311037345277696	0.014	0.012	1	NGRN	c17
0.629857504589665	0.309574017187042	0.012	0.011	1	PCIF1	c17
0.224897486050054	0.309574017187041	0.039	0.032	1	TBCB	c17
5.82376947024645e-05	-0.309395413335361	0.212	0.271	1	PFDN5	c17
0.524309505575613	0.308799914554911	0.017	0.014	1	CNIH1	c17
0.703791851426582	0.308617005516201	0.01	0.009	1	UQCRC2	c17
0.178009784278793	-0.308566544258121	0.018	0.024	1	RAP1A	c17
0.401910006359167	0.308391714661878	0.023	0.019	1	HIF1A	c17
0.146477789502951	-0.307593265514219	0.039	0.049	1	ARHGEF1	c17
0.161982217799509	-0.307571470315451	0.035	0.044	1	DDX24	c17
0.198296820922323	-0.306681824156934	0.027	0.034	1	MATR3	c17
0.211793819761964	-0.306353140101029	0.026	0.033	1	CLEC2D	c17
0.636966854976832	0.306286945724291	0.019	0.017	1	DNAJC8	c17
0.264979265817161	-0.306130440606982	0.018	0.023	1	TAF7	c17
0.203238903622532	0.305559197310456	0.043	0.036	1	ARPC5	c17
0.283220337398598	0.305450261225466	0.034	0.028	1	BZW1	c17
0.670784271967141	0.305338739945242	0.011	0.01	1	BPTF	c17
0.412927165044093	0.304926670866753	0.023	0.019	1	ARHGAP4	c17
5.43085338050138e-05	0.304199616087951	0.291	0.236	1	CD7	c17
0.331772479315783	-0.304060873416779	0.011	0.015	1	MYO1G	c17
0.538978968977031	0.303444195955466	0.017	0.014	1	VPS13C	c17
0.710577084072228	0.303444195955466	0.01	0.009	1	MRPL4	c17
0.268365364997025	0.30279521032109	0.035	0.029	1	REEP5	c17
0.196364780739164	0.301678196734123	0.046	0.038	1	SHFM1	c17
0.179516300386643	-0.301495666978439	0.032	0.041	1	CAP1	c17
0.0384059132855062	0.301440916243321	0.087	0.07	1	RBM8A	c17
0.13796530194202	0.300761647012441	0.056	0.046	1	LSM7	c17
0.31554519339029	-0.300328154540448	0.013	0.018	1	TRADD	c17
0.149802052340486	0.299163833697106	0.054	0.044	1	PSMB10	c17
0.187386025316547	0.298859228346852	0.048	0.039	1	PEBP1	c17
0.681976439190595	0.298718692087983	0.011	0.01	1	DCTN2	c17
0.683559724397204	0.298718692087983	0.011	0.01	1	NDUFA10	c17
0.000397203053428021	-0.298059331779243	0.243	0.293	1	UBA52	c17
0.686744443966345	0.297775445868774	0.011	0.01	1	PRPF8	c17
0.023319126719486	-0.297033117497432	0.129	0.155	1	SRSF7	c17
0.351750818322518	-0.296050330677067	0.021	0.025	1	SNORA78	c17
0.686778722451239	0.29589080152383	0.011	0.01	1	CYC1	c17
0.341491411520863	-0.295563410749097	0.01	0.014	1	SUPT4H1	c17
0.633799201805935	0.295352783601918	0.013	0.012	1	CAMLG	c17
0.7207690758498	0.29520608625664	0.01	0.009	1	GRPEL1	c17
0.1811232781424	-0.29512774864677	0.035	0.044	1	DDIT3	c17
0.141145460775118	-0.294710905234195	0.031	0.04	1	JAK1	c17
0.513166829307579	0.293909621535351	0.019	0.016	1	ACTN4	c17
0.494472784291104	0.293256428733357	0.02	0.017	1	CGGBP1	c17
0.365840481921144	-0.292833617993524	0.008	0.011	1	ANP32E	c17
0.32658516402282	0.291592265633519	0.021	0.017	1	XIST	c17
0.272102301990471	0.29151976511635	0.037	0.031	1	TMBIM4	c17
0.664645377687472	0.2912621389101	0.012	0.011	1	DDX46	c17
0.299718721179805	-0.290483568539388	0.016	0.02	1	TAF1D	c17
0.730916706125971	0.290081054078772	0.01	0.009	1	SORL1	c17
0.224821402253758	-0.290013098931146	0.023	0.029	1	MAPRE2	c17
0.34277353490893	-0.289361426086719	0.012	0.016	1	PFKFB3	c17
0.172796194061546	-0.289322799196373	0.046	0.056	1	BRD2	c17
0.436090379817783	0.289313867120577	0.024	0.02	1	POLR2E	c17
0.614902720359505	0.289126394566108	0.014	0.013	1	LRP10	c17
0.591940535600275	0.288376747866524	0.014	0.013	1	CDK5RAP3	c17
0.00461547362677104	-0.28822464433297	0.123	0.157	1	C12orf57	c17
0.338059518834724	0.287410037023157	0.031	0.026	1	LSM8	c17
0.282530805804611	-0.2872863080629	0.019	0.024	1	CAMK4	c17
0.586616824474844	0.287206204158586	0.016	0.013	1	TANK	c17
0.673754333557866	0.286936213507309	0.012	0.011	1	LRPAP1	c17
0.381058732577797	-0.286243808633174	0.007	0.01	1	TMEM167A	c17
0.704394721615909	0.285569036878052	0.011	0.01	1	PQBP1	c17
0.651168189211628	0.28490133887896	0.013	0.012	1	UTRN	c17
0.294592327162444	-0.284642980341897	0.023	0.028	1	H2AFJ	c17
0.18912101746067	-0.283572425220382	0.035	0.044	1	PPP1R18	c17
0.370745386577602	0.283217350178604	0.029	0.024	1	LRRFIP1	c17
0.158220946445291	0.283099097908976	0.364	0.359	1	GAPDH	c17
0.0232230314452361	-0.283041376594829	0.151	0.178	1	PPP1R15A	c17
0.644038752030722	0.282500181529855	0.013	0.012	1	ATG12	c17
0.335792381355595	-0.28246464460998	0.016	0.02	1	GATA3	c17
0.222174507366501	0.28241372789442	0.037	0.03	1	TNFRSF1B	c17
0.469006306161476	-0.281097509942556	0.043	0.048	1	KLRC2	c17
0.00267075848882753	0.280967935246059	0.346	0.302	1	VIM	c17
0.405333147461407	0.280901627304378	0.027	0.023	1	MFSD10	c17
0.0310130236052668	0.280802660057493	0.115	0.094	1	TCEB2	c17
0.194675479671586	0.280682356076523	0.051	0.042	1	PGAM1	c17
0.0752869202771359	0.280618523881003	0.075	0.062	1	DUSP4	c17
0.0493924368632199	0.280575925747313	0.104	0.087	1	YBX1	c17
0.846182962843878	0.280156241061555	0.013	0.013	1	RHEB	c17
0.649865690750328	0.279304842370048	0.013	0.012	1	CHCHD5	c17
0.407869896421097	0.278832060114174	0.027	0.023	1	AKNA	c17
0.374566552070451	0.278625266586852	0.051	0.045	1	BAX	c17
0.307023598070921	0.278108412412697	0.036	0.031	1	RNF167	c17
0.0191189592660891	0.277913738618511	0.273	0.246	1	IFITM2	c17
0.667934230031696	0.277464591632556	0.012	0.011	1	UBE2S	c17
0.358093848471835	0.276938671772225	0.031	0.026	1	C19orf70	c17
0.102006884065766	0.276713830340944	0.073	0.061	1	HNRNPA1P10	c17
0.203502323333068	-0.276363211657734	0.039	0.048	1	RPS20	c17
0.192204575583026	-0.27546754008225	0.037	0.046	1	ANP32B	c17
0.0355474856423293	-0.275230472867106	0.134	0.159	1	RPL13A	c17
0.752998397056981	0.273802234921041	0.01	0.009	1	CTDSP1	c17
0.304166411443678	-0.273544446893714	0.02	0.025	1	RASAL3	c17
0.459602321884145	-0.273428559130523	0.02	0.023	1	SGK1	c17
0.019754389799527	-0.273243218199477	0.129	0.156	1	PNRC1	c17
0.698160621910375	0.273179779926641	0.012	0.011	1	VASP	c17
0.333996614752673	0.272986572314147	0.031	0.026	1	PDE4B	c17
0.394731232584936	-0.2720206072581	0.007	0.01	1	TMEM106B	c17
0.45126168926044	0.271537787954386	0.025	0.021	1	SLC38A1	c17
0.0600710872104162	-0.27065099820751	0.07	0.088	1	GPSM3	c17
0.0126611722405177	-0.270637300816997	0.096	0.123	1	PCED1B-AS1	c17
0.0464998739162623	-0.270427204945245	0.071	0.09	1	SRSF5	c17
0.569071720574401	0.269761069699178	0.018	0.015	1	AGTRAP	c17
0.75135350551561	0.269761069699177	0.01	0.009	1	YIPF4	c17
0.761455860074833	0.269761069699177	0.01	0.009	1	BIRC6	c17
0.198888007380354	0.267946231893568	0.055	0.046	1	HLA-G	c17
0.00169480491455241	-0.267809092834703	0.223	0.268	1	HCST	c17
0.0206570540511877	-0.267134772452766	0.117	0.143	1	EVL	c17
0.471164932469245	0.266989320449123	0.024	0.02	1	ATF4	c17
0.525820618597707	0.266804726367765	0.014	0.012	1	INSIG1	c17
0.175165717544984	0.266308557719996	0.061	0.051	1	PRDX1	c17
0.366726634718024	-0.266090407149308	0.018	0.022	1	TIMP1	c17
0.673442996619698	0.265228248596264	0.021	0.019	1	PAPOLA	c17
0.481566881525698	0.264591437709346	0.029	0.025	1	KLRC4	c17
0.434746842190154	0.263828113945436	0.028	0.024	1	VCP	c17
0.742997844039787	0.262381539333579	0.011	0.01	1	MRPS18C	c17
0.187607064972727	0.262318086513615	0.059	0.05	1	ABRACL	c17
0.133145383770229	0.261855871613831	0.078	0.066	1	PSMB8	c17
0.104896381761044	-0.261231620607695	0.049	0.061	1	ETS1	c17
0.454968830264672	0.260746757242635	0.027	0.023	1	PSMA1	c17
0.407779135679714	-0.260540214786641	0.007	0.01	1	ADAR	c17
0.343615783772466	0.260326340802185	0.034	0.029	1	C4orf48	c17
0.364236881120774	0.259353846636012	0.034	0.029	1	SIT1	c17
0.0534943841548497	0.258828252371466	0.083	0.067	1	PHLDA1	c17
0.373896037713659	-0.25826811600318	0.02	0.024	1	TNFSF9	c17
0.384646125943355	-0.25797656232903	0.011	0.015	1	GPRIN3	c17
0.301345681865109	0.257410822718219	0.034	0.029	1	SPNS1	c17
0.397361222782919	0.257095131070248	0.04	0.035	1	ARPC5L	c17
0.721185475147531	0.257012576957189	0.012	0.011	1	CSNK1D	c17
0.727242774281654	0.257012576957189	0.012	0.011	1	ANXA7	c17
0.0265061895251696	-0.256968165436519	0.149	0.176	1	S100A10	c17
0.382562165076335	0.256704916873731	0.033	0.028	1	MEAF6	c17
0.382222282793459	-0.25669302573112	0.011	0.015	1	MGEA5	c17
0.775111694946175	0.255705474477757	0.01	0.009	1	AFF4	c17
0.109041526660249	-0.25553686562579	0.049	0.061	1	TBC1D10C	c17
0.103419708908925	-0.255395231306776	0.044	0.057	1	TIGIT	c17
0.727278960347226	0.255321257840986	0.012	0.011	1	SLC25A39	c17
0.335655974025057	0.255039563992411	0.033	0.028	1	BHLHE40	c17
0.137649690897003	0.254795473806415	0.129	0.115	1	CYTIP	c17
0.86064005608595	0.252524364773873	0.014	0.014	1	SARS	c17
0.117705823813389	-0.252406304286083	0.066	0.08	1	H2AFZ	c17
0.593397818883888	0.251767053990246	0.019	0.016	1	PAFAH1B1	c17
0.367817522389885	-0.251676293236764	0.014	0.018	1	IDI1	c17
0.404279862227476	-0.251676293236764	0.009	0.012	1	UFD1L	c17
0.373181633211537	0.250860864355897	0.035	0.03	1	TERF2IP	c17
0.527538230457068	0.250558042236706	0.03	0.027	1	NME3	c17
0.357806356070275	-0.250419379607581	0.016	0.02	1	VAMP5	c17
0.225436023222713	0.250354064104167	0.069	0.06	1	EZR	c17
0.681643630743439	0.249922322606942	0.014	0.013	1	DYNC1H1	c17
0.0195450269292699	0.24989529547029	0.163	0.137	1	ARPC2	c17
0.796986938728117	0.249723316462632	0.01	0.01	1	CCDC124	c17
0.393692809652675	0.249498665093848	0.031	0.027	1	DGCR6L	c17
0.404309064172334	-0.249354981326643	0.009	0.012	1	CCT7	c17
0.718242811804152	0.249296967139462	0.013	0.012	1	PPP1R7	c17
0.249270367561685	0.24882812836345	0.069	0.061	1	MORF4L1	c17
0.395911394115853	0.248377818891699	0.034	0.029	1	BSG	c17
0.346797186507408	-0.247891496062553	0.018	0.022	1	RSRC2	c17
0.416408565215226	-0.247891496062553	0.008	0.011	1	DIAPH1	c17
0.611885960158174	0.247734763369179	0.018	0.016	1	TMEM134	c17
0.626474173259275	0.247734763369179	0.018	0.016	1	TPST2	c17
0.802061297189987	0.247734763369178	0.01	0.01	1	EAPP	c17
0.805409351769844	0.247734763369178	0.01	0.01	1	ZFAND6	c17
0.000108107188717184	-0.247181365140924	0.753	0.77	1	ACTB	c17
0.422242768508816	-0.2470299283804	0.007	0.01	1	ARFRP1	c17
0.532570668328646	0.246784684282561	0.023	0.02	1	RNF166	c17
0.585133879788297	0.246096267973424	0.02	0.017	1	SF3A2	c17
0.617565732752767	0.245686934720319	0.016	0.014	1	ARRDC3	c17
0.280669372608354	0.245352112058185	0.055	0.047	1	PET100	c17
0.328557453922952	0.245071489508003	0.041	0.036	1	GNB2	c17
0.765612745331082	0.245004970613605	0.011	0.01	1	MAPK1	c17
0.4736186667973	0.244225977592039	0.028	0.024	1	RHOF	c17
0.237757778203366	-0.244169464255035	0.038	0.046	1	ELF1	c17
0.447106589221839	0.24409618630583	0.03	0.026	1	SNRPD3	c17
0.372987429267562	0.243680932639326	0.035	0.03	1	CCT4	c17
0.364104400977518	-0.243375220812539	0.017	0.021	1	C7orf73	c17
0.437369394785387	0.242807281005905	0.031	0.027	1	ATP5H	c17
0.428342701065042	-0.242714355192654	0.008	0.011	1	PHTF2	c17
0.224275848459025	0.241960125742543	0.068	0.059	1	PRR13	c17
0.778912589222002	0.241736022747735	0.019	0.017	1	TMEM243	c17
0.34848133721927	0.241024541779626	0.039	0.034	1	DYNLT1	c17
0.40400921877624	-0.240551717940304	0.011	0.015	1	CASP1	c17
0.637711133530046	0.24046676290514	0.018	0.016	1	DOCK8	c17
0.430715687231762	-0.240227042561217	0.007	0.01	1	GIMAP6	c17
0.153488970020023	0.239819611303703	0.085	0.073	1	C19orf43	c17
0.93956945873536	0.239807847597549	0.019	0.019	1	RBBP6	c17
0.789587763283054	0.239560831923478	0.011	0.01	1	RBM34	c17
0.268693313484201	-0.239029750536575	0.035	0.042	1	FLT3LG	c17
0.430060810628539	0.238161874753989	0.033	0.029	1	FAM49B	c17
0.360802019234653	-0.238082350572249	0.02	0.024	1	TMC6	c17
0.658829282161657	0.237903532665081	0.431	0.466	1	FXYD5	c17
0.428399589694305	-0.237518569117324	0.008	0.011	1	DECR1	c17
0.415379840851999	-0.237124185407237	0.01	0.013	1	EVI2A	c17
0.822317798404814	0.236846447226442	0.01	0.01	1	AIMP1	c17
0.00131894828732987	-0.236774196405631	0.153	0.193	1	LTB	c17
0.544848066460865	0.235942786037555	0.024	0.021	1	CAPZA1	c17
0.289993998837595	0.235328619584189	0.051	0.044	1	DAD1	c17
0.51182097998779	0.235240329564441	0.027	0.024	1	BIN1	c17
0.0672685619183243	-0.234459271699147	0.088	0.106	1	CCNI	c17
0.369580837094862	0.234266058341639	0.021	0.017	1	CTSS	c17
0.389936774107298	-0.234197740494609	0.017	0.02	1	ATP1A1	c17
0.531655216603827	0.231848653403101	0.026	0.023	1	APBB1IP	c17
0.025697245890815	-0.231486050288568	0.147	0.174	1	RPL27A	c17
0.722342137373267	0.231072772523443	0.014	0.013	1	PLEKHJ1	c17
0.552038902345122	0.230532673294239	0.024	0.021	1	SERPINB1	c17
0.0037866591852106	-0.229718033431892	0.196	0.238	1	CD3D	c17
0.932203224398621	0.229632956993868	0.013	0.013	1	CPNE1	c17
0.0063241081324413	-0.229223009309911	0.365	0.398	1	RPL9	c17
0.434722327075076	-0.227864693966545	0.01	0.013	1	GABPB1-AS1	c17
0.699372098378795	0.22764408758752	0.043	0.041	1	CCDC85B	c17
0.490592501062923	0.227116732290684	0.03	0.026	1	IKZF1	c17
0.347140044147486	-0.22672094598006	0.025	0.03	1	SIGIRR	c17
0.394275922528316	0.226569283603144	0.058	0.052	1	NFKBIZ	c17
0.0431394766945336	-0.226407462093313	0.437	0.451	1	PFN1	c17
0.443763359328145	-0.226196424963234	0.008	0.011	1	GALM	c17
0.268508547502055	-0.225994635321547	0.039	0.047	1	SEPT6	c17
0.243635472048766	-0.225671713176803	0.027	0.034	1	CTLA4	c17
0.713450858655298	0.225366950340724	0.016	0.014	1	SRSF1	c17
0.840876452719657	0.225061262228363	0.01	0.01	1	NIPBL	c17
0.732248207236604	0.224604888530623	0.014	0.013	1	POLR2F	c17
0.325194061999457	-0.224096431810951	0.029	0.035	1	BIRC3	c17
0.523703751465885	0.22397071867435	0.026	0.023	1	BTG3	c17
0.00839087683414495	0.223283254652766	0.296	0.26	1	CXCR4	c17
0.00287107781964431	-0.222483683542959	0.454	0.486	1	RPL5	c17
0.895339071729905	0.22245535492082	0.022	0.021	1	IDH2	c17
0.605001669696247	0.222129947218778	0.022	0.019	1	GPS2	c17
0.415366800237608	0.2217960524588	0.038	0.034	1	UBE2I	c17
0.443233505995549	-0.220663551294406	0.071	0.078	1	BATF	c17
0.402806874552513	-0.220611580075867	0.016	0.019	1	DDX6	c17
0.695836644524673	0.220351073566299	0.017	0.015	1	ZEB2	c17
0.344538118534086	-0.21931969367728	0.026	0.031	1	IFI16	c17
0.0688799366451608	-0.219214824552135	0.082	0.1	1	SOD1	c17
0.34368911341585	-0.218012557567059	0.027	0.032	1	EML4	c17
0.740791808099626	0.217452196433135	0.014	0.013	1	PITHD1	c17
0.423422068858048	0.216758148131959	0.037	0.033	1	CCDC107	c17
0.456900005271938	-0.216656279336881	0.007	0.01	1	NDUFS2	c17
0.185412304691488	-0.216656279336881	0.056	0.067	1	FUS	c17
0.842610325082824	0.216438632879639	0.018	0.017	1	BIRC2	c17
0.421078240308395	0.216135568423991	0.039	0.035	1	PNISR	c17
0.411986478020346	-0.214674555068015	0.016	0.019	1	FGFR1OP2	c17
0.429067448511603	-0.214445719308809	0.012	0.016	1	CASP4	c17
0.657743261364804	-0.214197066474948	0.026	0.028	1	CD83	c17
0.0953009048257205	-0.21381858601216	0.071	0.087	1	LCK	c17
0.418163274165396	-0.213682671191963	0.016	0.019	1	SS18L2	c17
0.059932197841508	-0.213565934125031	0.098	0.118	1	ZFAS1	c17
0.449635352430661	-0.213285726619122	0.009	0.012	1	SYNRG	c17
0.446768478485457	-0.213021036215501	0.011	0.014	1	EPB41L4A-AS1	c17
0.864384186741381	0.212401690256898	0.01	0.01	1	ISCA1	c17
0.47890278941344	0.211408831220885	0.04	0.036	1	SNHG12	c17
0.826560165981912	0.210808194370821	0.037	0.036	1	BRE-AS1	c17
0.382741843229214	-0.209794818023744	0.023	0.027	1	DEK	c17
0.264371136976174	-0.209346452400787	0.044	0.052	1	SEPT7	c17
0.464796297437084	-0.208712996829298	0.007	0.01	1	SFXN1	c17
0.839423674007141	0.20820639918254	0.011	0.011	1	ANAPC5	c17
0.848373266009378	0.207851972196139	0.019	0.018	1	R3HDM4	c17
0.563556379733224	0.207829352153008	0.046	0.042	1	MSN	c17
0.430491263466932	-0.207717004355573	0.014	0.018	1	RABGAP1L	c17
0.69584250466445	0.207460338382003	0.019	0.017	1	EIF3M	c17
0.0308837540648243	0.20729108307978	0.263	0.235	1	HNRNPA1	c17
0.367744073994059	0.207281989684303	0.064	0.057	1	PKM	c17
0.0354264375907525	-0.20719849227276	0.244	0.272	1	PTPRCAP	c17
0.580373501509555	0.207116132710182	0.026	0.023	1	C19orf66	c17
0.246666128697211	-0.20708760201553	0.037	0.045	1	CDC42SE2	c17
0.787280344933443	0.206561581154645	0.026	0.025	1	CXCR6	c17
0.548329937240678	0.205373418319554	0.01	0.009	1	CCL20	c17
0.463874606344833	-0.203726144159539	0.009	0.012	1	DDTL	c17
0.778808421244384	0.203252327458348	0.014	0.013	1	SEPT2	c17
0.702034409227566	0.202992057486475	0.019	0.017	1	RGS19	c17
0.0542165697637134	-0.201351336971636	0.124	0.146	1	IL2RG	c17
0.953764322650797	0.200591779970035	0.011	0.012	1	LMO4	c17
0.471899042393651	-0.200058132140946	0.024	0.028	1	DUT	c17
0.389139325263388	0.198868534603205	0.069	0.063	1	LOC101060038	c17
0.692540406701378	0.198537572925973	0.019	0.017	1	EIF4E	c17
0.5792983661013	0.197439646914897	0.039	0.036	1	SLC38A2	c17
0.43315513256217	0.196793197706002	0.043	0.039	1	NDUFB9	c17
0.000180310239265521	0.196781135008179	0.481	0.425	1	ZFP36	c17
0.288274604254267	-0.196285129635272	0.056	0.064	1	CD27	c17
0.391831069710277	0.196169886040557	0.061	0.055	1	SON	c17
0.306422408652456	0.195997015027123	0.062	0.055	1	ARL6IP4	c17
0.45505347906958	-0.195947522856559	0.017	0.02	1	TPR	c17
0.350877655689646	-0.195832923202763	0.033	0.039	1	SRRM1	c17
0.000767930046397489	0.195305150861404	0.658	0.651	1	RPS3A	c17
0.474828785198081	-0.195264565411343	0.008	0.011	1	MECP2	c17
0.590366185106154	0.194518086101209	0.025	0.022	1	GPR171	c17
0.694975840119083	0.194096799767105	0.021	0.019	1	TAX1BP1	c17
0.0122588981462513	0.193868882257525	0.217	0.184	1	HSP90AB1	c17
0.592720327148648	0.19331696459088	0.027	0.024	1	NDUFS7	c17
0.290480503100585	-0.193178669088824	0.055	0.063	1	RHOH	c17
0.466669665311226	-0.193029561028036	0.011	0.014	1	TLN1	c17
0.362105243232956	0.193000276919693	0.093	0.085	1	CIB1	c17
0.797937592897482	0.192958803225442	0.034	0.033	1	TOB1	c17
0.478777654572181	-0.19241941297881	0.01	0.013	1	DNAJB14	c17
0.484754342729921	-0.191686894536624	0.008	0.011	1	PSIP1	c17
0.254763466526199	0.191500672175705	0.077	0.067	1	SAP18	c17
0.852401015636588	0.191466543722433	0.011	0.011	1	TARP	c17
0.846909151378561	0.190860241952262	0.012	0.012	1	IER3IP1	c17
0.411061225933234	0.190075994177778	0.067	0.061	1	NDUFB2	c17
0.97304640971673	0.190052235747501	0.011	0.012	1	PELI1	c17
0.218512004209864	0.188774668707401	0.081	0.07	1	STK17B	c17
0.483873167751027	-0.18875309578104	0.01	0.013	1	VKORC1	c17
0.488951252734762	-0.18875309578104	0.01	0.013	1	TLE4	c17
0.509262350857636	-0.188626504718713	0.029	0.033	1	MIR4435-1HG	c17
0.0921659954442122	-0.188519781006846	0.103	0.121	1	EMP3	c17
0.866684627521491	0.187966978535529	0.011	0.011	1	KXD1	c17
0.149976336391007	0.186915802199926	0.173	0.157	1	PSME1	c17
0.604904941403138	-0.186842922305311	0.019	0.021	1	HIST1H1E	c17
0.75249274074433	0.186511328083222	0.018	0.016	1	TMEM50B	c17
0.884061621458845	0.186220374156473	0.011	0.011	1	FGD3	c17
0.370373189887332	-0.185918414077013	0.035	0.041	1	OXNAD1	c17
0.435963962687364	-0.18581331882722	0.022	0.026	1	DOK2	c17
0.456233063181277	-0.185629383716257	0.02	0.023	1	RPL13AP5	c17
0.000591110772653652	-0.185191435318044	0.81	0.795	1	RPS19	c17
0.456224656808536	-0.185123441210322	0.016	0.019	1	RASSF5	c17
0.00782499862740058	0.185098672629793	0.342	0.304	1	EEF1B2	c17
0.315766737485086	0.184663479064291	0.08	0.071	1	UBE2D3	c17
0.165527356257777	-0.18463886185044	0.092	0.106	1	SNHG8	c17
0.0134046540095342	-0.184476344788715	0.382	0.415	1	ACTG1	c17
0.00349008050881224	0.18444776205864	0.558	0.534	1	RPL6	c17
0.492872829462062	0.183903151499942	0.035	0.031	1	IL2RB	c17
0.490393604467775	-0.183604548238765	0.008	0.011	1	CNOT7	c17
0.602484269775005	-0.183424425254465	0.043	0.047	1	HMGB2	c17
0.481224511445843	-0.182928971059066	0.011	0.014	1	WBP2	c17
0.483190910802294	-0.181576866891784	0.011	0.014	1	GYG1	c17
0.30122155725409	0.181515077226736	0.081	0.072	1	SEPT1	c17
0.465197878335674	0.181175236891133	0.043	0.039	1	SFPQ	c17
0.0110048060717539	-0.179877428680288	0.385	0.419	1	RPL24	c17
0.236400949641375	-0.179875801853693	0.074	0.085	1	PCBP1	c17
0.441539005457716	-0.179739839147888	0.021	0.025	1	MGAT4A	c17
0.503194799304397	-0.179546331664413	0.009	0.012	1	BCL2	c17
0.43151270870635	-0.179233687814259	0.026	0.03	1	SPSB3	c17
0.708601218490486	0.177913313871606	0.022	0.02	1	PSMC5	c17
0.70643486507759	0.176966974027318	0.022	0.02	1	GPI	c17
0.232693030500589	-0.174707517131417	0.052	0.061	1	LAT	c17
0.45845207665225	-0.174618431136786	0.019	0.022	1	C9orf78	c17
0.433837554706908	-0.172152135571061	0.027	0.031	1	CD47	c17
0.502609146384397	-0.171766984054264	0.01	0.013	1	RAB8B	c17
0.754829549056654	0.171631784283386	0.02	0.018	1	USP15	c17
0.886524704323325	0.170794618898157	0.012	0.012	1	ATP6AP2	c17
0.726020121171867	0.169947981467879	0.031	0.029	1	C5orf56	c17
0.682677486361231	0.169599510415437	0.026	0.024	1	SH3KBP1	c17
0.977253107683521	0.169300887919964	0.014	0.015	1	VIM-AS1	c17
0.848059424305539	0.169042131746571	0.014	0.014	1	EIF3A	c17
0.495615332927559	-0.168473279617603	0.013	0.016	1	LSM14A	c17
0.894080138739879	0.168405391124566	0.012	0.012	1	SMARCA5	c17
0.650445202954508	0.168376971755895	0.028	0.026	1	CMPK1	c17
0.489548128171305	-0.167814965647299	0.016	0.019	1	MAF1	c17
0.532289670505597	0.167361346905158	0.063	0.058	1	NCL	c17
0.504767213039359	-0.167302735909666	0.01	0.013	1	TCP1	c17
0.852290216256899	0.166973751405342	0.014	0.014	1	ZC3H15	c17
0.939274410864342	0.166598000643773	0.01	0.01	1	NUDT16L1	c17
0.46711833050724	0.16651451376311	0.046	0.041	1	DDX3X	c17
0.850919988792754	0.166284949749436	0.014	0.014	1	TRAPPC2L	c17
0.00222550723455676	0.166088752109427	0.486	0.439	1	RPL15	c17
0.792143187130811	0.165711199477055	0.018	0.016	1	TRAPPC6A	c17
0.504987537397877	-0.165545137672924	0.013	0.016	1	SEMA4D	c17
0.479565019803103	0.165424409884442	0.044	0.04	1	ANXA2	c17
0.351242543335512	-0.165372708811266	0.052	0.059	1	CDC42	c17
0.432288097415043	-0.165251996344903	0.028	0.032	1	SP100	c17
0.549272549814676	0.164745398698146	0.038	0.035	1	SNHG5	c17
0.120289739799337	-0.16449427472598	0.289	0.307	1	RPL21	c17
0.638268763250378	0.164267940851863	0.029	0.027	1	LOC642441	c17
0.512952254389134	-0.163847177273447	0.019	0.022	1	BCAS2	c17
0.505029298428709	-0.163785395587426	0.013	0.016	1	PRPF4B	c17
0.414504876764079	-0.163051535741046	0.057	0.063	1	RPS14P3	c17
0.436272796858292	0.16255964516058	0.07	0.064	1	CTSD	c17
0.355203967864753	-0.162513134504971	0.01	0.014	1	TAP2	c17
0.218016462149543	0.16204570212328	0.103	0.092	1	ISG20	c17
0.083669869972853	-0.161739126800165	0.22	0.242	1	HLA-H	c17
0.739954558813008	0.1615023657251	0.023	0.021	1	PSMA5	c17
0.517550929606224	0.161063415783398	0.051	0.046	1	CHMP1B	c17
0.505475537615265	-0.160730081986179	0.025	0.028	1	H2AFX	c17
0.518387333852366	-0.159670964081603	0.013	0.016	1	TNRC6B	c17
0.497365785647078	-0.15956708713006	0.017	0.02	1	HMOX2	c17
0.710689505183622	0.15914084010019	0.025	0.023	1	AURKAIP1	c17
0.0760905784589979	0.159043627683854	0.206	0.183	1	COX4I1	c17
0.190349431870563	-0.158955393196146	0.063	0.074	1	CAPZB	c17
0.352311529716237	-0.15787948202304	0.048	0.054	1	SH2D2A	c17
0.545082988845957	0.157702562506706	0.044	0.041	1	EIF4G2	c17
0.596010863501317	0.156892135536107	0.038	0.035	1	SRP9	c17
0.522936839764049	-0.156832119408822	0.01	0.013	1	PHIP	c17
0.568073429839837	-0.156670437968305	0.055	0.059	1	HIST1H4C	c17
0.603387625082207	-0.156541286298147	0.279	0.28	1	SRGN	c17
0.911971597059152	-0.156456759697874	0.022	0.022	1	IFI6	c17
0.000526090748060419	-0.156016650010486	0.637	0.667	1	RPL26	c17
0.381281148707836	0.155992194741603	0.085	0.077	1	ANAPC16	c17
0.855348902695561	0.155308614988994	0.014	0.014	1	INO80E	c17
0.538144048244792	-0.154954343482021	0.009	0.011	1	DNAJC19	c17
0.859163008194315	0.154497284492203	0.016	0.015	1	LBR	c17
0.673375244730269	0.153561700529286	0.051	0.048	1	C19orf60	c17
0.367514153887537	-0.153477231608448	0.057	0.064	1	CD53	c17
0.00697933941537218	-0.153457709867111	0.716	0.724	1	RPL18A	c17
0.901636301606877	0.153308564061677	0.013	0.013	1	CNPY2	c17
0.729136654472951	0.153130710949454	0.036	0.034	1	UQCRHL	c17
0.0737895683136058	-0.152909446006922	0.506	0.519	1	RPS6	c17
0.410538569073766	-0.152787394832695	0.042	0.048	1	HNRNPF	c17
0.939424160404188	0.152577530328838	0.011	0.011	1	RNPEPL1	c17
0.963886612917135	0.152577530328838	0.01	0.01	1	GPCPD1	c17
0.634884053620832	0.151957549639929	0.033	0.03	1	SNHG1	c17
0.487577005577057	-0.151535420051349	0.023	0.026	1	EIF3D	c17
0.151712284602608	-0.151255575022286	0.186	0.204	1	CORO1A	c17
0.579243451326846	-0.150814613121097	0.016	0.018	1	RAPGEF6	c17
0.861312073454948	0.150386649056028	0.013	0.013	1	MARCKSL1	c17
0.597327069488583	0.150231139178207	0.06	0.056	1	NDUFB1	c17
0.538074343745019	-0.149538456433826	0.012	0.015	1	SRSF9	c17
0.910355095933057	0.148927907737724	0.013	0.013	1	ZNF207	c17
0.0921983839277107	0.14892307991771	0.289	0.266	1	TMA7	c17
0.0206264975941157	-0.148542018768974	0.582	0.594	1	RPL29	c17
0.534801402088946	-0.148325061095399	0.009	0.011	1	WASF2	c17
0.510144021511217	0.147759227002741	0.054	0.049	1	ARHGDIA	c17
0.119249978902353	0.147312982665006	0.196	0.177	1	RPL31	c17
0.257158686844972	-0.147229807016283	0.088	0.099	1	GSTK1	c17
0.412968485741059	-0.14674730050141	0.49	0.491	1	CCL5	c17
0.508603807157483	-0.146120569302519	0.023	0.026	1	NAP1L4	c17
0.471915724305934	-0.145422443955672	0.056	0.061	1	ND6	c17
0.857610946695109	0.144774292860648	0.017	0.016	1	MRPL51	c17
0.771485626146141	0.144692663990777	0.022	0.02	1	LINC00116	c17
0.338806266719414	-0.144619181947738	0.115	0.125	1	RPL17	c17
0.900066980607162	0.14373704283496	0.014	0.014	1	KPNB1	c17
0.165300047544184	0.142781362208043	0.178	0.161	1	CIRBP	c17
0.518626019485977	-0.142499344909093	0.02	0.023	1	RAB1B	c17
0.544407047778444	-0.141572460816247	0.008	0.01	1	NFATC2	c17
0.544407047778444	-0.141572460816247	0.008	0.01	1	FLOT2	c17
0.486888350097189	-0.14018101717112	0.036	0.041	1	RHOC	c17
0.94207853218967	0.140125789282582	0.017	0.017	1	SNX6	c17
0.416772322556644	0.138951537614361	0.072	0.066	1	COX5B	c17
0.569402531470341	-0.138645304217548	0.012	0.015	1	RILPL2	c17
0.970632776635152	0.138154701772648	0.011	0.011	1	ADSL	c17
0.524229619031573	-0.137778123444203	0.023	0.026	1	NUCKS1	c17
0.904407455194107	0.137648285676339	0.014	0.014	1	SH3GLB1	c17
0.72983723820459	-0.137549067555056	0.027	0.029	1	DNAJB4	c17
0.542835423634994	-0.137394097358775	0.018	0.02	1	MIEN1	c17
0.385367143130908	-0.137327676464175	0.041	0.047	1	CALM3	c17
0.173843938412841	0.137006527253262	0.184	0.168	1	ATP5G2	c17
0.716766074644752	-0.137000636698328	0.095	0.091	1	IFNG	c17
0.200699164352784	-0.136643896803197	0.138	0.152	1	YWHAZ	c17
0.563008631117079	-0.136421631693525	0.01	0.012	1	MFNG	c17
0.573310195720979	-0.135533155416272	0.011	0.013	1	SYAP1	c17
0.553012907158934	-0.135067544619624	0.008	0.01	1	PPIH	c17
0.55462364964418	-0.134974404425209	0.009	0.011	1	TBX21	c17
0.841980178148169	0.134914933034873	0.019	0.018	1	TRG-AS1	c17
0.186671381257374	0.134658272393508	0.146	0.131	1	LSP1	c17
0.656559498077302	0.134560331818663	0.055	0.052	1	CD97	c17
0.991603685356335	0.133174999106322	0.01	0.01	1	PNKD	c17
0.553806220894875	-0.132844869614591	0.012	0.015	1	LUC7L3	c17
0.391056638595197	0.132605476745788	0.057	0.051	1	ZNF331	c17
0.497449633467061	0.132115457502691	0.071	0.066	1	GPX4	c17
0.558562340049154	-0.132037406090468	0.016	0.018	1	ANKRD10	c17
0.565329812405132	-0.131846485023441	0.01	0.012	1	RGS14	c17
0.0808224848927822	0.128607718178845	0.314	0.289	1	RPL27	c17
0.886689212005367	0.128357489397374	0.03	0.029	1	SH3BGRL	c17
0.92394746755811	0.128227668913089	0.014	0.014	1	NFE2L2	c17
0.547393871199111	-0.127831295120258	0.02	0.023	1	OPTN	c17
0.208293220672638	-0.127819910620489	0.35	0.363	1	RPSA	c17
0.568134786273486	-0.127410008786153	0.014	0.017	1	TRA2A	c17
0.756822206287981	0.127048628119868	0.029	0.027	1	HNRNPH3	c17
0.859620744219246	0.126719362407812	0.02	0.019	1	ATRX	c17
0.856354018795357	0.126504018718945	0.021	0.02	1	RSL1D1	c17
0.992318753677174	0.126384397223839	0.011	0.011	1	TMEM9B	c17
0.964951422304927	0.126062388642522	0.012	0.012	1	PSMD7	c17
0.407855420167441	-0.125964663825504	0.034	0.039	1	BUB3	c17
0.562427744106416	-0.125723632158266	0.017	0.019	1	TRAPPC5	c17
0.984697610232316	0.125547324359689	0.011	0.011	1	ZFAND2B	c17
0.422883657550426	-0.125451451223417	0.03	0.035	1	FKBP8	c17
0.637676374972139	0.124583164493038	0.059	0.055	1	ATPIF1	c17
0.291306244017096	-0.124309666218934	0.199	0.211	1	DDX5	c17
0.567770755780647	-0.124035282005496	0.009	0.011	1	SPTAN1	c17
0.544048531855866	-0.123378167423018	0.036	0.04	1	SYTL3	c17
0.540423565021474	0.122426536589548	0.046	0.042	1	LGALS3	c17
0.973867758354821	0.122203881285319	0.012	0.012	1	ST3GAL1	c17
0.607518490065748	0.121999432189691	0.05	0.046	1	CDC37	c17
0.562984246307425	-0.121499046296541	0.02	0.022	1	IL16	c17
0.725276293024631	0.12048294138058	0.063	0.06	1	UQCRH	c17
0.0117806391553153	-0.120409955508633	0.68	0.697	1	TMSB10	c17
0.559970993956737	0.119485311667217	0.081	0.076	1	SRSF3	c17
0.0576433762080331	-0.118591926119982	0.872	0.865	1	RPS12	c17
0.432804414332937	-0.117969083583931	0.083	0.09	1	MCL1	c17
0.566530768443614	-0.117868100485098	0.028	0.031	1	DPP7	c17
0.847954387883524	0.117657092016409	0.022	0.021	1	RASSF1	c17
0.968119008478306	0.117203200226953	0.013	0.013	1	CLNS1A	c17
0.584026648413268	-0.116696179686052	0.03	0.033	1	GBP5	c17
0.942118456971451	0.116205140663876	0.014	0.014	1	LSM6	c17
0.313714926746647	-0.115220950490415	0.233	0.245	1	RPL4	c17
0.882217080491195	0.114590697175444	0.021	0.02	1	LPXN	c17
0.587127184107869	-0.113485362664586	0.008	0.01	1	RAB9A	c17
0.897655849721621	0.11339081147901	0.016	0.016	1	YPEL3	c17
0.993708578837374	0.113049166142201	0.011	0.011	1	AMZ2	c17
0.361129564300414	-0.112430098746947	0.096	0.105	1	DAZAP2	c17
0.450555687251903	-0.112204302589996	0.081	0.087	1	SNHG6	c17
0.846590131385468	0.111805284725105	0.024	0.023	1	AKIRIN2	c17
0.936059473667788	0.111634639575132	0.017	0.016	1	PDAP1	c17
0.941861136211202	0.111482971940354	0.099	0.099	1	RGCC	c17
0.980049992125014	0.111390895797686	0.011	0.011	1	ITGB1BP1	c17
0.588474573211817	-0.111309280280648	0.009	0.011	1	RALGAPA1	c17
0.846122863139136	0.110728120988332	0.039	0.038	1	WDR1	c17
0.801237998670472	0.110089304940503	0.012	0.013	1	SRSF8	c17
0.980995711826822	0.110089304940503	0.013	0.013	1	STK10	c17
0.585271674911756	-0.109177323278383	0.02	0.022	1	ATRAID	c17
0.732444264765883	0.109135279037897	0.029	0.027	1	STAT1	c17
0.197627081897351	-0.108962190684717	0.352	0.367	1	GNB2L1	c17
0.976997723889354	0.108907058671861	0.011	0.011	1	RTN4	c17
0.611624403801337	-0.10824830984508	0.017	0.019	1	JMJD1C	c17
0.978488531241955	0.108080062351773	0.011	0.011	1	NAA50	c17
0.564513074644418	-0.107974285017725	0.033	0.037	1	PSMB1	c17
0.354356384555188	0.107048690110669	0.117	0.107	1	COTL1	c17
0.594701560894288	-0.106420493762643	0.01	0.012	1	ROCK1	c17
0.600871415856427	-0.106187280672572	0.009	0.011	1	ZNF292	c17
0.600628875893948	-0.105642970143237	0.01	0.012	1	CD46	c17
0.932098880801533	0.10560191394819	0.018	0.017	1	LOH12CR1	c17
0.599643524384419	-0.105331843327089	0.009	0.011	1	NCK1	c17
0.604219401148621	-0.105189221109495	0.011	0.013	1	TOX	c17
0.272086908682004	-0.104834596388519	0.178	0.192	1	EEF2	c17
0.0737209880086201	-0.104174388486173	0.215	0.239	1	HSP90AA1	c17
0.371385979279919	-0.103762222930947	0.033	0.039	1	PIM2	c17
0.992088590945635	0.103064637457249	0.012	0.012	1	LOC100996740	c17
0.854461706278784	0.102684430565895	0.026	0.025	1	SASH3	c17
0.613298263521367	-0.102333811882686	0.016	0.018	1	HNRNPM	c17
0.389766240602111	0.101784340046386	0.116	0.107	1	PSMB9	c17
0.685215996521754	-0.10154381966314	0.019	0.02	1	NCR3	c17
0.961793682953948	0.10148110268925	0.011	0.012	1	FLOT1	c17
0.571449450462072	-0.101380751540253	0.036	0.04	1	NSA2	c17
0.932199167576939	0.101316514811495	0.009	0.01	1	MVP	c17
0.612380669578297	-0.100903985164174	0.011	0.013	1	FAM50A	c17
0.60413624977281	-0.100188540051128	0.008	0.01	1	NECAP2	c17
