p_val	avg_log2FC	pct.1	pct.2	p_val_adj	gene	seurat_clusters
0	3.18453614133989	0.076	0.009	0	KLRF1	c17
0	3.01608062979586	0.217	0.028	0	FGFBP2	c17
0	2.9731064828794	0.098	0.013	0	SPON2	c17
0	2.67245977434026	0.071	0.011	0	GPR56	c17
0	2.52697079755872	0.596	0.111	0	GZMB	c17
0	2.50849014213254	0.907	0.239	0	NKG7	c17
0	2.44108582132479	0.164	0.034	0	KLRC2	c17
0	2.42105212482829	0.357	0.067	0	PRF1	c17
0	2.42102243571415	0.511	0.104	0	GZMH	c17
0	2.38094353595833	0.119	0.023	0	CLIC3	c17
0	2.37358165851247	0.123	0.024	0	KLRC3	c17
0	2.36643824014778	0.332	0.066	0	KLRD1	c17
0	2.13434472177522	0.462	0.113	0	CTSW	c17
0	2.03620052391866	0.537	0.164	0	GZMA	c17
0	1.97198505900869	0.223	0.059	0	HOPX	c17
0	1.79410225220521	0.784	0.124	0	GNLY	c17
0	1.69835584971888	0.586	0.194	0	CST7	c17
0	1.65903989534212	0.199	0.064	0	GZMM	c17
0	1.51536877772014	0.866	0.373	0	CCL5	c17
0	1.34637982071436	0.411	0.179	0	CD7	c17
0	1.32449045318489	0.512	0.217	0	HCST	c17
0	1.16594738509028	0.626	0.319	0	IFITM1	c17
0	1.12888070526297	0.481	0.237	0	MYL12A	c17
0	0.986762672499735	0.707	0.416	0	PFN1	c17
0	0.979356026714637	0.463	0.228	0	IFITM2	c17
0	0.784787673268939	0.83	0.579	0	HLA-A	c17
0	0.783925152672857	0.892	0.66	0	HLA-C	c17
0	0.644083157354399	0.997	0.922	0	B2M	c17
2.00997852590141e-291	1.51691781131063	0.229	0.087	4.17392140688686e-287	LOC101929531	c17
1.81497860425345e-273	-1.73527987383951	0.283	0.501	3.76898456959272e-269	FTH1	c17
2.5639065550521e-273	0.862790021923375	0.515	0.299	5.32420835222119e-269	CFL1	c17
1.99394832349406e-269	-1.53703180777765	0.248	0.473	4.14063308856776e-265	FOS	c17
3.6749405073777e-268	1.09848707658606	0.334	0.158	7.63138145762053e-264	CD99	c17
4.59987247038847e-258	0.723265080216409	0.634	0.416	9.55209517200869e-254	SH3BGRL3	c17
5.41458212215429e-240	-0.580928055250115	0.818	0.883	1.12439212348656e-235	RPLP1	c17
8.28128140617835e-235	2.6352123892095	0.042	0.006	1.719690896807e-230	PTGDS	c17
3.62617436870745e-234	0.728579363277928	0.519	0.311	7.53011369405789e-230	IL32	c17
1.0072742411906e-231	0.47981464339533	0.902	0.763	2.0917056892564e-227	ACTB	c17
1.1673779272428e-228	1.20184267756225	0.25	0.11	2.4241770037124e-224	RARRES3	c17
6.02537410864567e-228	-1.1859150243427	0.296	0.503	1.25122918740136e-223	JUNB	c17
3.66726800024388e-227	0.400110197769142	0.961	0.859	7.61544872930644e-223	TMSB4X	c17
3.94508729373798e-219	1.01887876489932	0.319	0.159	8.19236827417629e-215	RAC2	c17
2.74160697895892e-206	-0.891184098403068	0.464	0.615	5.69322105250609e-202	RPS8	c17
6.11514945389066e-203	0.988652942762692	0.34	0.181	1.26987193559493e-198	CD3D	c17
4.11156163507376e-200	0.852344293190745	0.4	0.227	8.53806889139417e-196	PTPRCAP	c17
6.77700260797222e-198	1.12432708118925	0.258	0.122	1.40731236157151e-193	CD8A	c17
4.27631503749575e-193	-6.34179383587949	0.005	0.147	8.88019580686367e-189	CST3	c17
1.37697347106984e-191	1.5200558995945	0.141	0.05	2.85942311002364e-187	CD247	c17
6.69626441516931e-191	-0.543768186427187	0.764	0.834	1.39054626845406e-186	RPL39	c17
5.81630259269581e-189	1.47845178444528	0.144	0.052	1.20781339639921e-184	RAP1B	c17
1.09811913665266e-180	-0.777451284161883	0.437	0.592	2.28035419917292e-176	RPS13	c17
1.52103588940352e-178	1.29459402548214	0.164	0.066	3.15858312793536e-174	LITAF	c17
4.13410195276196e-177	1.66877194963004	0.103	0.032	8.58487611510549e-173	CMC1	c17
4.43968020297534e-175	-2.6441035844215	0.03	0.176	9.2194399094986e-171	LTB	c17
4.37848315640642e-169	0.923716663902773	0.312	0.17	9.09235812259358e-165	CALM1	c17
1.12169959410829e-166	-6.94255434960116	0.002	0.127	2.32932137712528e-162	LYZ	c17
8.75974847531998e-161	2.91321874800789	0.029	0.004	1.81904936838495e-156	TTC38	c17
2.78504379066363e-160	1.11391376307297	0.24	0.12	5.78342193569209e-156	KLRB1	c17
3.99572549085057e-159	2.66640736027463	0.035	0.005	8.29752355430029e-155	S1PR5	c17
1.83594640531132e-158	-3.51870858312208	0.019	0.148	3.81252630526949e-154	GPX1	c17
1.04490150734389e-157	-1.15678706599224	0.27	0.437	2.16984247015031e-153	JUN	c17
1.72072647293151e-156	-6.41062159980803	0.002	0.12	3.57326059368957e-152	IFI30	c17
9.9687423215883e-156	-2.36141331510557	0.065	0.209	2.07010903050103e-151	SAT1	c17
3.17646745642178e-155	1.5515555131288	0.106	0.036	6.59625232000547e-151	C12orf75	c17
3.47446002907468e-153	1.71456688338251	0.085	0.026	7.21506369637648e-149	KLRG1	c17
4.29154949748844e-153	1.4537458992348	0.124	0.047	8.91183168648449e-149	LOC101060038	c17
1.80754743524594e-151	-0.695972807560957	0.401	0.559	3.75355300403172e-147	RPL8	c17
3.88305641205081e-150	-0.508853935812253	0.78	0.815	8.06355494526472e-146	RPL13	c17
5.95712448114961e-146	-2.21916204329753	0.261	0.395	1.23705646975553e-141	CD74	c17
1.05100001647502e-145	0.90216643953187	0.279	0.152	2.18250663421202e-141	CLIC1	c17
3.47527239267684e-145	2.56545233416197	0.035	0.006	7.21675065063273e-141	KIR2DL4	c17
8.53566156833476e-143	-0.674589361332812	0.519	0.64	1.7725154812804e-138	TPT1	c17
7.54567509541159e-140	-0.440587487687207	0.398	0.223	1.56693489031317e-135	CCL4	c17
8.56773157972375e-139	0.978066066972286	0.225	0.114	1.77917513984543e-134	IL2RG	c17
1.17822063069223e-133	1.56088635156293	0.092	0.031	2.44669296169548e-129	LAG3	c17
2.37371471379211e-128	-1.46071456035014	0.093	0.23	4.92925597466071e-124	IL7R	c17
3.03624550440649e-128	0.567569082880504	0.54	0.391	6.30506741445052e-124	ACTG1	c17
1.43005273599705e-126	-1.07905792436465	0.219	0.372	2.96964751157146e-122	DUSP1	c17
4.00458174431052e-126	-6.74267876324692	0.001	0.097	8.31591445023524e-122	AIF1	c17
1.51639144972902e-121	-0.839395259987237	0.251	0.399	3.14893848450728e-117	RPL9	c17
1.2148227415081e-120	2.85503292623408	0.022	0.003	2.52270090501572e-116	PRSS23	c17
6.164456312835e-119	-3.28210757844343	0.017	0.118	1.28011099792332e-114	PSAP	c17
1.40619818386434e-118	-0.356399410926063	0.829	0.861	2.92011114861268e-114	RPL28	c17
3.24466508199675e-118	-0.506561530173334	0.733	0.771	6.73787150927446e-114	RPL32	c17
2.1066662610141e-116	0.761729816363668	0.328	0.203	4.37470315762188e-112	HLA-H	c17
3.00920597299208e-115	-0.75564571259143	0.323	0.462	6.24891712351535e-111	RPLP0	c17
1.63621353590035e-114	-0.481745110510224	0.684	0.745	3.39776102865066e-110	RPL11	c17
3.46606464209297e-114	-0.597917785582528	0.466	0.587	7.19762983577027e-110	RPL36	c17
5.1085335388986e-114	-6.47646084711046	0.001	0.089	1.06083807468768e-109	S100A9	c17
4.98672076817748e-113	0.848531476712416	0.245	0.138	1.03554243471974e-108	ARPC2	c17
5.49427523215792e-111	1.55365142685673	0.076	0.026	1.14094119470991e-106	KLRK1	c17
6.94838673390008e-110	-0.499846245206894	0.616	0.697	1.44290198916169e-105	RPL18A	c17
2.45821916772827e-107	-3.98634180260389	0.007	0.095	5.10473792370452e-103	CTSS	c17
1.07417503766814e-106	1.48493309877881	0.076	0.026	2.23063188322166e-102	PLAC8	c17
2.7754870962684e-106	-6.29657794133824	0.002	0.084	5.76357650411095e-102	S100A8	c17
5.22519936741068e-106	-1.06714535516555	0.203	0.334	1.0850649006365e-101	VIM	c17
4.83981869440854e-104	1.0755078299427	0.142	0.067	1.00503675008088e-99	CLEC2B	c17
2.27019166467582e-102	0.616605646514174	0.38	0.253	4.7142800108658e-98	CD3E	c17
3.54231372362628e-101	0.959031518715256	0.183	0.096	7.35596867848233e-97	ITGB2	c17
6.98220413858664e-99	-1.01305535706123	0.206	0.335	1.4499245114189e-94	ND1	c17
2.34752287220181e-98	-2.19682688861952	0.031	0.125	4.87486599641427e-94	FOSB	c17
9.95481577509717e-98	0.619759482351336	0.37	0.248	2.06721704385668e-93	PPIA	c17
4.00366020937275e-94	1.33304785856325	0.088	0.035	8.31400079078346e-90	SLC9A3R1	c17
3.25136174961054e-93	0.79574214760906	0.23	0.134	6.75177780924124e-89	PSME1	c17
4.71410736772024e-93	-0.436676691790733	0.834	0.862	9.78931535980785e-89	EEF1A1	c17
4.93147254713366e-93	2.47837870761103	0.024	0.004	1.02406958913777e-88	CD160	c17
1.04678454275354e-92	1.12154080292753	0.126	0.059	2.17375278148199e-88	CD3G	c17
1.89762967022073e-91	-6.38664421128906	0.001	0.072	3.94061777318038e-87	FCN1	c17
2.77034179658542e-91	-1.0095732152412	0.176	0.298	5.75289177478929e-87	ND2	c17
1.4850968783949e-90	0.872813787241163	0.187	0.103	3.08395217767485e-86	CD8B	c17
1.70022129639646e-90	-6.36776399887077	0.001	0.071	3.53067954409689e-86	SERPINA1	c17
2.99149357063115e-90	1.29615632512665	0.08	0.031	6.21213554877264e-86	FCGR3A	c17
3.23269157337391e-89	0.904175049548354	0.172	0.092	6.71300732126826e-85	PSMB9	c17
7.61788736558526e-89	1.61029914671184	0.057	0.019	1.58193049033744e-84	KLRC4	c17
2.3878492420793e-88	-1.10940192681121	0.108	0.219	4.95860773610187e-84	PABPC1	c17
3.99930241340306e-87	2.29288284908934	0.026	0.005	8.30495139167278e-83	FCRL6	c17
9.49529735772919e-87	-5.84198700669044	0.002	0.07	1.97179344930604e-82	LST1	c17
4.97639609498501e-86	0.669326711563938	0.283	0.18	1.03339841308459e-81	CORO1A	c17
5.86772921737565e-86	-0.587820683109556	0.309	0.437	1.21849264928023e-81	RPS9	c17
6.9608927959803e-86	2.0707789900042	0.032	0.008	1.44549899801327e-81	CX3CR1	c17
2.16025655571406e-84	0.976455198952886	0.142	0.072	4.48598876359582e-80	CALR	c17
5.05048069531269e-84	0.847093541432746	0.138	0.069	1.04878282118863e-79	IFNG	c17
8.32055251813531e-83	1.37216398882964	0.072	0.028	1.72784593591598e-78	ARPC5L	c17
9.00583690815037e-82	-1.1115722025632	0.125	0.233	1.8701520923465e-77	NFKBIA	c17
1.24603834224173e-81	1.27566212646292	0.081	0.033	2.58752322149918e-77	APOBEC3G	c17
2.02160995862902e-80	2.44655431212317	0.02	0.004	4.19807524008902e-76	SH2D1B	c17
3.46162432031289e-80	1.64143322640829	0.049	0.016	7.18840906356175e-76	NCR3	c17
5.82800521596164e-80	0.787759649636833	0.2	0.116	1.21024356314659e-75	ALOX5AP	c17
1.05789080060858e-79	1.42686573046777	0.065	0.024	2.19681603654377e-75	BIN2	c17
6.77815716403413e-79	-3.77775493689765	0.006	0.071	1.40755211668333e-74	NPC2	c17
3.34865329518853e-78	2.00753721812954	0.031	0.008	6.95381343278851e-74	TARP	c17
3.64242684708226e-78	0.78365724538676	0.184	0.105	7.56386359065102e-74	PPIB	c17
7.08124760212431e-78	0.821488057792002	0.116	0.056	1.47049187705713e-73	XCL2	c17
1.40286275826214e-77	-0.412123617118645	0.831	0.827	2.91318480380716e-73	RPS12	c17
1.80235540315521e-77	1.16430775871439	0.099	0.045	3.7427712301921e-73	ZNF683	c17
1.5891832726975e-76	0.954153628012851	0.134	0.069	3.30009798408364e-72	C9orf142	c17
3.29057362043288e-76	0.550927914999764	0.339	0.231	6.83320518019091e-72	ARHGDIB	c17
1.19582541534442e-75	1.07289863475026	0.107	0.051	2.48325105750422e-71	PPP1CA	c17
8.85598043780681e-75	2.25941373457094	0.024	0.005	1.83903289771496e-70	KRT86	c17
1.12006574042119e-74	-5.83832431128388	0.001	0.06	2.32592851655864e-70	VCAN	c17
1.40449503709346e-74	2.28858588056493	0.022	0.005	2.91657439402828e-70	C1orf21	c17
3.76260439456285e-74	0.974346812644958	0.113	0.055	7.81342428574922e-70	CD63	c17
8.1547359409346e-74	-0.853416154456639	0.179	0.289	1.69341246549448e-69	KLF6	c17
1.73546570087096e-73	-0.394298756402208	0.701	0.739	3.60386807442864e-69	RPL34	c17
2.28619311778247e-73	1.8808569708863	0.034	0.009	4.74750862838707e-69	STARD3NL	c17
3.19324096295773e-73	-2.5306405801155	0.018	0.087	6.63108418367802e-69	EGR1	c17
5.16998339488192e-73	0.722882295830976	0.211	0.128	1.07359875178118e-68	LSP1	c17
1.16496544874823e-72	-1.39344367455958	0.066	0.154	2.41916725087057e-68	BTG2	c17
3.12554814177184e-71	1.67289014421073	0.042	0.013	6.49051327120341e-67	TRG-AS1	c17
8.89151342131523e-71	2.44092886162916	0.018	0.003	1.84641167707032e-66	KIR3DL2	c17
3.66576127940284e-70	-0.917961584004672	0.135	0.236	7.61231987280794e-66	SARAF	c17
6.68535513214765e-70	0.766170421178373	0.186	0.11	1.38828084674178e-65	MYL12B	c17
7.00603129985606e-70	1.1016402058413	0.095	0.044	1.45487245972811e-65	SEPT7	c17
1.31037257804368e-69	0.516348625376352	0.356	0.251	2.7211196955655e-65	MYL6	c17
1.51581879544939e-69	1.63706070530376	0.043	0.014	3.1477493106302e-65	CHST12	c17
1.73854204095888e-69	1.36948624849787	0.061	0.023	3.61025640225521e-65	IL2RB	c17
3.94280053762839e-69	0.530900746141023	0.332	0.23	8.18761959643911e-65	TMA7	c17
8.25133372632982e-69	-2.74143824553622	0.02	0.086	1.71347196160965e-64	HLA-DQB1	c17
9.63568090113056e-69	1.51033763241137	0.05	0.018	2.00094549592877e-64	APMAP	c17
7.19200704719347e-67	0.620787870848078	0.268	0.177	1.4934921834202e-62	CYBA	c17
1.39689819024236e-66	0.712479611115339	0.202	0.124	2.90079878185728e-62	SRP14	c17
9.59590552484677e-66	-0.759989931140821	0.191	0.293	1.99268574128968e-61	EEF1B2	c17
1.1001663942467e-65	1.02356992600838	0.104	0.052	2.2846055342927e-61	CCND3	c17
2.81857379949482e-65	-0.62838391992843	0.231	0.338	5.85305035203095e-61	RPL22	c17
3.53023233999602e-65	-0.441807249112475	0.624	0.669	7.33088047723573e-61	RPS23	c17
1.22322208311137e-64	0.93448496487958	0.11	0.056	2.54014297778906e-60	CTSC	c17
2.00974417545784e-64	-1.00477971579252	0.144	0.239	4.17343475475574e-60	IER2	c17
3.88505699451635e-64	1.50495166372209	0.048	0.017	8.06770935481265e-60	PTMS	c17
1.62254439282038e-62	-4.92439223112958	0.002	0.052	3.36937568613081e-58	MS4A6A	c17
4.02698785711978e-62	-0.342009660343889	0.78	0.786	8.36244298409494e-58	RPL30	c17
2.086634367654e-61	-6.6634856944734	0	0.048	4.33310492787029e-57	CD68	c17
3.0266245685273e-59	-0.563859804483547	0.336	0.428	6.28508857900378e-55	RPS5	c17
3.68021902343309e-59	-5.37106354425921	0.001	0.048	7.64234282406116e-55	CD79A	c17
4.65131874419671e-59	-1.02030968122657	0.104	0.19	9.6589285041989e-55	TNFAIP3	c17
3.10300524265553e-58	-0.45496050251874	0.573	0.623	6.44370068689846e-54	RPS3A	c17
9.7102417256079e-58	0.437138604510785	0.41	0.311	2.01642879673974e-53	SERF2	c17
2.30044843968354e-57	1.02629715089678	0.089	0.044	4.77711122984683e-53	GNG2	c17
2.93418627041247e-57	1.4004608015901	0.048	0.018	6.09313120913854e-53	ABI3	c17
1.72800437871596e-56	-0.718311535344496	0.299	0.392	3.58837389284157e-52	ZFP36	c17
1.45459656154506e-55	0.72389712520235	0.16	0.096	3.02061521970447e-51	SUB1	c17
1.74623371318871e-55	0.200573431356346	0.797	0.694	3.62622892880768e-51	TMSB10	c17
5.86830355076869e-55	1.17269683024824	0.065	0.029	1.21861191535263e-50	CDK2AP2	c17
7.32943150975295e-55	0.697616772696804	0.18	0.112	1.5220297473153e-50	EVL	c17
1.56838019508833e-54	-0.807700627213437	0.121	0.206	3.25689831312043e-50	EEF1G	c17
3.89894605568552e-54	-3.54882275757144	0.005	0.052	8.09655137923655e-50	CTSB	c17
3.98486367145964e-54	-3.37106354425921	0.005	0.052	8.27496790015308e-50	CD83	c17
5.42169111808056e-54	0.729953836972713	0.153	0.091	1.12586837758061e-49	LY6E	c17
1.90620303186879e-53	-0.42153578407792	0.471	0.546	3.95842121597873e-49	RPS25	c17
2.51193487833126e-53	1.39817483699074	0.045	0.017	5.21628396834269e-49	PYHIN1	c17
1.56214520853666e-52	-2.32931541217905	0.016	0.068	3.24395074004722e-48	HLA-DRB1	c17
3.18997766136148e-52	1.00840472716634	0.083	0.041	6.62430761158325e-48	SH2D2A	c17
3.85263069261133e-52	1.79709632084822	0.026	0.008	8.00037289627669e-48	HAVCR2	c17
6.14973308531281e-52	-4.17882413256352	0.003	0.045	1.27705357249606e-47	GRN	c17
6.35701671452417e-52	1.35498236097688	0.053	0.022	1.32009809093809e-47	KLRC1	c17
7.77102777847139e-52	1.54140389035559	0.036	0.012	1.61373162847737e-47	TPST2	c17
9.95931777272173e-52	-0.422390775707584	0.456	0.533	2.06815192868339e-47	RPL18	c17
1.47847327758668e-51	-4.69058160302911	0.002	0.043	3.07019760823649e-47	MS4A1	c17
2.99873953286246e-51	-6.58539458388821	0	0.041	6.22718251394218e-47	MS4A7	c17
5.27404489467791e-50	-2.99586188484085	0.007	0.051	1.09520816282881e-45	GPR183	c17
5.3027136849259e-50	1.00778139812623	0.081	0.04	1.10116152381171e-45	PDIA3	c17
5.80594611368132e-50	1.20311734362417	0.057	0.025	1.20566276996706e-45	DHRS7	c17
5.07799107612457e-49	1.40310471559025	0.041	0.016	1.05449562686803e-44	SAMD3	c17
6.90312804867482e-49	1.14188541758141	0.062	0.028	1.43350357058781e-44	HMGN3	c17
2.08618206489056e-48	-0.951219432116896	0.092	0.165	4.33216567595175e-44	GABARAP	c17
4.29048477097389e-48	1.13507285935281	0.063	0.029	8.90962067540438e-44	RUNX3	c17
5.50504033975175e-48	1.03460459058545	0.074	0.037	1.14317667695285e-43	PPP1R18	c17
3.28393545397748e-47	1.73080750270229	0.026	0.008	6.81942036372964e-43	PTGDR	c17
3.37405023264287e-47	1.17544480962799	0.057	0.025	7.00655271310618e-43	ITGAE	c17
5.6516718051754e-47	1.75217078629002	0.024	0.007	1.17362616706272e-42	LAIR2	c17
8.3020445623764e-47	-7.70080705274807	0	0.036	1.72400257382308e-42	CYBB	c17
9.51039229201315e-47	-1.00258152394946	0.115	0.188	1.97492806335945e-42	S100A11	c17
4.50969072383352e-46	-1.29270465490845	0.043	0.102	9.3648237571127e-42	NR4A1	c17
5.21646613742598e-46	-0.153006093185692	0.086	0.044	1.08325135809788e-41	CXCL13	c17
7.69864743102786e-46	-0.350273218299429	0.523	0.589	1.59870112552725e-41	RPL35A	c17
1.65674486442922e-45	-0.655083264692136	0.159	0.24	3.44039638547372e-41	RPL4	c17
2.25517471324608e-45	-0.575906447723946	0.529	0.589	4.68309580952681e-41	COX3	c17
2.31807297977077e-45	0.237092460220974	0.236	0.16	4.81371034979199e-41	IFITM3	c17
2.50729442167611e-45	-5.5824455785436	0.001	0.037	5.2066475960526e-41	S100A12	c17
7.11132689352756e-45	0.849392728439327	0.099	0.055	1.47673814270993e-40	PSMB8	c17
7.51555833584317e-45	-2.78337712559247	0.012	0.056	1.56068084402119e-40	TIMP1	c17
1.61897759850474e-44	0.55628381856264	0.214	0.146	3.36196888105494e-40	RHOA	c17
2.21332137719924e-44	-3.47927051654413	0.005	0.043	4.59618317189195e-40	SGK1	c17
6.61768046776506e-44	-0.339427030812621	0.558	0.615	1.37422752593609e-39	RPL12	c17
1.14591453875378e-43	-6.22342560240015	0	0.035	2.3796061311761e-39	CD14	c17
1.61192782333411e-43	0.576098585545139	0.198	0.134	3.34732931793562e-39	YWHAZ	c17
2.16784124227295e-43	-5.16754864486539	0.001	0.036	4.501739123704e-39	CFD	c17
2.7664105238338e-43	-1.36737762787144	0.408	0.451	5.74472809379328e-39	FTL	c17
3.68875985345991e-43	1.261026080836	0.045	0.019	7.66007871169486e-39	MATK	c17
4.17989328524994e-43	1.18705758419726	0.051	0.023	8.67996639615003e-39	C5orf56	c17
1.0724567374163e-42	0.75998374404165	0.115	0.067	2.2270636609187e-38	PSME2	c17
3.44530806825262e-42	-2.65134138810915	0.008	0.048	7.15452673453339e-38	NAMPT	c17
4.90111867337554e-42	-0.172740929301633	0.966	0.939	1.01776630371317e-37	RPL41	c17
6.3630496335551e-42	-1.17455195901699	0.052	0.109	1.32135088690405e-37	SLC2A3	c17
8.01381442900354e-42	-0.868364679112345	0.095	0.163	1.66414870432687e-37	PPP1R15A	c17
8.20479411656366e-42	-6.02918276975227	0	0.033	1.70380754624561e-37	MNDA	c17
1.45802068367376e-41	0.724893508936359	0.125	0.075	3.02772575171694e-37	GUK1	c17
2.5814900825016e-41	0.816361770247414	0.096	0.054	5.36072230532282e-37	DBI	c17
3.5334398132943e-41	1.68927374651245	0.023	0.007	7.33754111628694e-37	LOC102724850	c17
2.42938651770697e-40	1.89022101215556	0.018	0.005	5.04486404267029e-36	GNPTAB	c17
3.00412600218128e-40	1.61140575877311	0.026	0.008	6.23836805612965e-36	TBX21	c17
3.10988332054219e-40	1.65429242352433	0.024	0.008	6.4579837034379e-36	TMIGD2	c17
1.09590274352098e-39	-2.80282440112918	0.007	0.043	2.27575163719567e-35	BCL2A1	c17
1.2896001754751e-39	1.07485225093626	0.057	0.027	2.67798372439158e-35	GPR65	c17
1.300075385602e-39	-0.689699043530039	0.122	0.192	2.69973654574112e-35	EEF2	c17
2.38832790230765e-39	-2.00592354348099	0.014	0.055	4.95960172193206e-35	CDKN1A	c17
3.30366989677514e-39	-0.481689158237115	0.25	0.33	6.86040090764325e-35	RPS16	c17
7.3144936847213e-39	1.28059525910202	0.04	0.016	1.51892775856923e-34	RASSF1	c17
3.47783147123008e-38	-0.318661177151174	0.598	0.635	7.22206483315637e-34	RPS21	c17
4.45627289711181e-38	-0.487492454693556	0.254	0.333	9.25389629814238e-34	BTG1	c17
4.50362785173403e-38	0.431338276580539	0.281	0.209	9.35223359691089e-34	PPDPF	c17
8.37718866318234e-38	-1.05020157138898	0.048	0.101	1.73960699779645e-33	CD44	c17
1.12164118855363e-37	-3.05106751896962	0.005	0.039	2.32920009215046e-33	SOD2	c17
1.46407161899775e-37	-5.45455882442695	0.001	0.03	3.04029112401073e-33	PLAUR	c17
3.28572203007113e-37	1.53651892311159	0.026	0.009	6.8231303676457e-33	MAPK1	c17
4.73455000316546e-37	0.22349695298048	0.562	0.463	9.8317665365734e-33	RPS26	c17
5.8169954194031e-37	-0.483640777843666	0.249	0.326	1.20795726879325e-32	RPL10A	c17
7.11963091407656e-37	0.429287164352021	0.106	0.063	1.47846255561714e-32	XCL1	c17
9.14735234748154e-37	-6.34283613566954	0	0.029	1.89953918847802e-32	SPI1	c17
1.09299098391945e-36	0.965725473254533	0.063	0.032	2.26970507720714e-32	ZAP70	c17
2.10755077615902e-36	-1.3787869417499	0.033	0.079	4.37653994177182e-32	NEAT1	c17
3.08897599965761e-36	-5.84271274064751	0	0.029	6.41456756088899e-32	MAFB	c17
4.70895121020149e-36	-0.415174846994925	0.273	0.353	9.77860808310441e-32	GNB2L1	c17
2.76141777235818e-35	0.968760876211054	0.061	0.031	5.73436014607899e-31	SYTL3	c17
2.85394325964686e-35	-5.71062482308001	0.001	0.028	5.92649857298266e-31	C1QA	c17
4.69149379834269e-35	2.35805546071013	0.01	0.002	9.74235602163842e-31	SYNGR1	c17
5.18524006268247e-35	0.889149185779923	0.073	0.039	1.07676695141664e-30	PSMB10	c17
6.47509763572091e-35	-0.229823237931341	0.89	0.864	1.3446187750338e-30	RPL10	c17
1.0187057466591e-34	-7.67117301742719	0	0.027	2.11544435351229e-30	LINC01272	c17
1.03531507290306e-34	-0.533488196488361	0.28	0.353	2.1499352803905e-30	TSC22D3	c17
1.10863247538964e-34	1.25918994912439	0.036	0.015	2.30218619839412e-30	RAB27A	c17
1.26536532451673e-34	-6.596991536401	0	0.028	2.62765763289143e-30	CXCL8	c17
1.53544019924512e-34	-1.81195981919915	0.015	0.052	3.18849511775242e-30	SELL	c17
1.64750218007306e-34	-1.62599590537808	0.02	0.06	3.42120302713972e-30	TYMP	c17
1.67522769670039e-34	0.849601564958665	0.077	0.042	3.47877783496802e-30	TRAPPC1	c17
2.74836712850509e-34	0.82426727362829	0.079	0.044	5.70725917905366e-30	GIMAP7	c17
3.63761578297426e-34	-7.20706181343113	0	0.027	7.55387293492434e-30	IL1B	c17
4.6303878883491e-34	0.807444868521045	0.083	0.047	9.61546348894574e-30	AES	c17
5.14501893069487e-34	0.797544796555009	0.088	0.051	1.0684146311481e-29	PARK7	c17
6.72114528878556e-34	-0.780553478440645	0.084	0.141	1.39571303066921e-29	RPL7	c17
9.71451464098979e-34	0.430827988771493	0.345	0.276	2.01731611034794e-29	CD52	c17
1.26628330235047e-33	1.24596741520294	0.036	0.015	2.62956390566098e-29	SCP2	c17
3.3728701173689e-33	-1.6044531187326	0.02	0.058	7.00410208572826e-29	HLA-DMA	c17
6.2245838159715e-33	0.920717612923445	0.064	0.034	1.29259707522464e-28	PVRIG	c17
7.72528038771354e-33	-2.20576473332225	0.009	0.041	1.60423172531259e-28	TKT	c17
7.81158776932438e-33	0.342261071283318	0.28	0.211	1.6221543161779e-28	UBB	c17
9.45525626195861e-33	-0.321059758888159	0.556	0.598	1.96347851535833e-28	RPL37	c17
9.58042961465399e-33	1.14234789841566	0.041	0.019	1.98947201377905e-28	AOAH	c17
1.12712698127928e-32	0.615277640824652	0.12	0.076	2.34059188932454e-28	UCP2	c17
2.68358311835882e-32	1.36434107912456	0.028	0.011	5.57272870358392e-28	ITGB7	c17
4.88920878646678e-32	0.946609146055469	0.059	0.03	1.01529309659769e-27	OSTF1	c17
4.91307625776493e-32	-3.03474150172433	0.004	0.033	1.02024941568747e-27	FGL2	c17
5.25161866930263e-32	0.798274553961967	0.076	0.043	1.09055113286738e-27	RHOC	c17
7.41828695112863e-32	-0.395235560674104	0.383	0.445	1.54048146827137e-27	RPL5	c17
1.18108742231461e-31	0.62205929735893	0.127	0.082	2.45264614117852e-27	COX6A1	c17
1.2880695311304e-31	-0.321504287065225	0.69	0.696	2.67480518834539e-27	RPS18	c17
1.35309688202381e-31	1.64509230872348	0.019	0.006	2.80984098521063e-27	LOC100130872	c17
1.43364415055883e-31	-6.31468018982704	0	0.025	2.97710544305046e-27	NAPSB	c17
2.24129934720466e-31	0.98670733870098	0.052	0.026	4.6542822244052e-27	NDUFB7	c17
2.26422544644463e-31	0.669470328914812	0.111	0.07	4.70189056208692e-27	VAMP2	c17
3.13887836741206e-31	-5.65407657339074	0.001	0.026	6.51819481776789e-27	C1QB	c17
4.07014618347376e-31	1.47827671071885	0.023	0.008	8.45206556460162e-27	PTPN4	c17
4.32260421158254e-31	-7.06775191001171	0	0.024	8.9763199057723e-27	CSTA	c17
4.36862735238173e-31	-6.53649223953033	0	0.025	9.07189155995591e-27	C1QC	c17
4.42981220827793e-31	-1.638430320978	0.015	0.05	9.19894803170995e-27	RNASET2	c17
6.66067131110225e-31	-3.2518574360355	0.003	0.03	1.38315500446349e-26	DUSP6	c17
6.91967578764309e-31	-1.01523518043204	0.045	0.09	1.43693987406196e-26	SERP1	c17
7.29365231137468e-31	0.766933634125865	0.083	0.049	1.51459983898007e-26	TBC1D10C	c17
8.34670149978521e-31	-0.256772173750683	0.726	0.728	1.7332760334454e-26	RPL19	c17
1.14513043904414e-30	0.671320905939597	0.106	0.067	2.37797786971906e-26	LCK	c17
1.25580978509178e-30	-0.357984455165556	0.667	0.712	2.60781459972159e-26	ND3	c17
1.38157213648351e-30	1.03841350284212	0.047	0.023	2.86897269862166e-26	PRKCH	c17
2.05944804746149e-30	-0.651366963681898	0.113	0.172	4.27664981535853e-26	RPL13A	c17
2.84971361331765e-30	0.795163157583798	0.077	0.045	5.91771528941544e-26	MSN	c17
3.10195148411174e-30	-3.69373198134152	0.002	0.027	6.44151245190643e-26	FCGRT	c17
3.8291106189907e-30	0.67855216303799	0.11	0.07	7.9515311113961e-26	CKLF	c17
4.33023201479577e-30	1.01158168091191	0.048	0.024	8.99215980192489e-26	MBP	c17
5.83916836693714e-30	1.15087042463905	0.038	0.017	1.21256170307817e-25	MIEN1	c17
6.29974871833461e-30	-0.237441882708912	0.588	0.644	1.30820581884936e-25	RPS24	c17
7.96900150964631e-30	-3.83518152594152	0.003	0.028	1.65484285349315e-25	TNFRSF4	c17
1.11868946241993e-29	-1.01689290483852	0.062	0.109	2.32307053766122e-25	GZMK	c17
3.55585555475431e-29	-1.7433181338083	0.016	0.048	7.3840896450028e-25	SOCS3	c17
4.61153468741192e-29	-7.08034932720778	0	0.022	9.57631293187959e-25	LGALS2	c17
4.7235786159492e-29	-0.801350432030397	0.549	0.592	9.8089833538801e-25	RNR1	c17
6.39762602494011e-29	1.1668019498273	0.035	0.015	1.32853102033906e-24	NDUFA12	c17
6.40129531318869e-29	1.04832356913835	0.042	0.02	1.32929298473676e-24	DSTN	c17
8.78439606258661e-29	-2.21425651609938	0.007	0.035	1.82416768635674e-24	LMNA	c17
1.40527692750971e-28	0.403378658188506	0.238	0.179	2.91819806766667e-24	PTPRC	c17
1.70117511922702e-28	0.713385051316823	0.09	0.055	3.53266025258683e-24	NDUFB2	c17
2.57905609898383e-28	0.681764041662216	0.087	0.053	5.35566789514982e-24	LINC00861	c17
2.84372776958123e-28	0.634499380826119	0.112	0.072	5.90528508631239e-24	COX6C	c17
4.27503185576354e-28	0.689972311132528	0.089	0.055	8.87753115167857e-24	LINC00152	c17
4.40402152047185e-28	-2.0853481662393	0.012	0.041	9.14539108941185e-24	IER3	c17
4.83618978364791e-28	-0.519485020772969	0.171	0.233	1.00428317047233e-23	CXCR4	c17
5.538579130877e-28	-0.911916717582516	0.051	0.095	1.15014134231792e-23	LDHB	c17
8.71956510125142e-28	1.59581975060186	0.018	0.006	1.81070488892587e-23	UBE2F	c17
9.24219890039912e-28	-0.315489725329775	0.419	0.48	1.91923502365688e-23	RPLP2	c17
9.85034535707317e-28	-1.5349885161268	0.017	0.049	2.04552271684981e-23	C10orf54	c17
1.09276109425373e-27	-0.667111436904859	0.183	0.243	2.2692276883273e-23	HSPA1B	c17
1.4981390674439e-27	0.743737701073577	0.083	0.05	3.11103558745401e-23	FLNA	c17
1.50944553634924e-27	0.646223761456333	0.104	0.067	3.13451460078283e-23	CAPZB	c17
1.67395701186468e-27	-0.555675900667286	0.133	0.191	3.47613913083819e-23	LAPTM5	c17
1.94713001625655e-27	0.545757689166816	0.149	0.104	4.04341019175835e-23	UBL5	c17
2.19076124506955e-27	-2.19835206272982	0.08	0.126	4.54933480151142e-23	RN7SK	c17
5.6657845332705e-27	0.679056650341542	0.095	0.059	1.17655681617895e-22	CD53	c17
5.69221186932459e-27	-6.86980367202448	0	0.021	1.18204471678394e-22	CLEC7A	c17
5.83637053679104e-27	0.983023965586272	0.041	0.02	1.21198070567003e-22	ACP5	c17
8.66564679205569e-27	1.49941183729976	0.019	0.007	1.79950821283828e-22	PXN	c17
9.15776164584162e-27	-0.386355000979157	0.244	0.31	1.90170078337547e-22	RPS2	c17
9.62755179008579e-27	-0.857372714628964	0.059	0.104	1.99925740472921e-22	MCL1	c17
1.33710928258694e-26	-5.49741610165945	0	0.021	2.77664113622005e-22	G0S2	c17
1.45470690031698e-26	0.914338192129819	0.046	0.024	3.02084434919824e-22	PLEK	c17
1.80840600679849e-26	-3.76289378433969	0.002	0.023	3.75533591371775e-22	CCR7	c17
2.44489867676541e-26	-3.48940177313677	0.002	0.024	5.07707659217105e-22	CTSH	c17
2.56736327363752e-26	-0.162452767436768	0.205	0.149	5.33138657403568e-22	MT2A	c17
4.3238246572202e-26	-4.89141106214788	0.001	0.021	8.97885428318346e-22	CFP	c17
4.59174431004398e-26	-0.291671043730051	0.526	0.566	9.53521623423733e-22	RPL29	c17
7.75822749877511e-26	1.30605403201724	0.025	0.01	1.61107352239564e-21	PLEKHF1	c17
1.43019539641088e-25	-2.70965623987423	0.004	0.027	2.96994376018684e-21	APLP2	c17
2.13105239540239e-25	0.538346779013112	0.138	0.096	4.4253434042926e-21	PCED1B-AS1	c17
2.70053691126248e-25	0.927549120367179	0.048	0.025	5.60793494992767e-21	BSG	c17
4.5544867709559e-25	-1.08524589078744	0.045	0.084	9.45784722856702e-21	RGCC	c17
5.23596686951595e-25	0.776288843639152	0.068	0.04	1.08730088012368e-20	HNRNPF	c17
8.63897113897751e-25	1.24882128863075	0.026	0.011	1.79396874672007e-20	SYNE1	c17
8.74189775814501e-25	-5.84927045666967	0	0.019	1.81534248845639e-20	C5AR1	c17
1.69046658047926e-24	0.292474990934116	0.427	0.361	3.51042290102323e-20	GAPDH	c17
2.27345373476615e-24	1.84271510092217	0.011	0.003	4.72105402561539e-20	TSPAN32	c17
3.18076425499942e-24	1.01246754150776	0.038	0.019	6.6051750519318e-20	BANF1	c17
3.4068942481364e-24	0.520326889609003	0.139	0.098	7.07475659568005e-20	SUMO2	c17
3.85165607394807e-24	1.70552967617633	0.013	0.004	7.99834900316056e-20	TGFBR3	c17
4.26252117745289e-24	-5.89311215306644	0	0.019	8.85155147709867e-20	CPVL	c17
5.04296942320847e-24	-0.407743499384294	0.195	0.254	1.04722303042347e-19	RPL38	c17
5.42322066181771e-24	-0.61055167182092	0.096	0.144	1.12618600263307e-19	LRRC75A-AS1	c17
5.4250486045588e-24	-0.573509598745375	0.818	0.835	1.12656559322268e-19	RNR2	c17
6.14388399651762e-24	-1.23203267246332	0.025	0.056	1.27583895071685e-19	NFKBIZ	c17
1.12730623344832e-23	-6.70758983459249	0	0.018	2.34096412437877e-19	TMEM176B	c17
1.48369853724229e-23	0.676044313945922	0.08	0.05	3.08104838243734e-19	C9orf16	c17
1.76298703045793e-23	-0.664335964155236	0.163	0.215	3.66101886744895e-19	S100A10	c17
1.79431759839019e-23	0.834642776066789	0.055	0.031	3.72607992481708e-19	ARL4C	c17
2.27968147740035e-23	-6.81342746218038	0	0.018	4.73398655596956e-19	CD163	c17
3.1329096606286e-23	1.06470933603569	0.033	0.016	6.50580020126134e-19	POLR2G	c17
3.36603664712866e-23	-0.26838028005321	0.429	0.489	6.98991170142738e-19	EIF1	c17
3.89399171371972e-23	-0.509742615285586	0.284	0.338	8.08626319271037e-19	CD69	c17
4.25217109449376e-23	0.926171398663151	0.045	0.024	8.83005849482574e-19	MAPRE2	c17
5.43202975734874e-23	1.9589769461098	0.01	0.003	1.12801529941104e-18	CD244	c17
8.57590999504952e-23	-4.46941225061755	0.001	0.019	1.78087346957198e-18	KLF4	c17
1.01518125020029e-22	1.19428268624941	0.026	0.012	2.10812538416592e-18	SLA2	c17
1.34301524159947e-22	0.820505333049327	0.053	0.03	2.78890545070547e-18	PRDX5	c17
1.49323170824365e-22	-6.66899027229591	0	0.018	3.10084496533876e-18	CXCL2	c17
2.44030504146727e-22	-6.61455776369736	0	0.017	5.06753744911093e-18	LILRB2	c17
5.21660792780175e-22	0.872354591362046	0.046	0.025	1.08328080228731e-17	LOC374443	c17
5.38416464416509e-22	-4.62442238360691	0.001	0.018	1.11807563000732e-17	MPEG1	c17
5.58406456405271e-22	0.860919696299763	0.048	0.026	1.15958684737119e-17	FAM49B	c17
5.6583380902515e-22	-0.684312869600727	0.077	0.119	1.17501048782163e-17	ZFP36L1	c17
6.38847329842337e-22	0.147768804483379	0.482	0.404	1.3266303651506e-17	S100A4	c17
8.17502538628146e-22	-1.16448084266037	0.042	0.076	1.69762577171521e-17	HERPUD1	c17
1.05647337346105e-21	-0.55440324916656	0.14	0.19	2.19387260732922e-17	ITM2B	c17
1.23270240563917e-21	-0.348325262705276	0.458	0.491	2.55982981555031e-17	RPS6	c17
1.36015735924759e-21	-0.76061427869197	0.057	0.095	2.82450277221355e-17	LEPROTL1	c17
2.24722562612155e-21	-1.66620744826244	0.011	0.035	4.666588735204e-17	BIRC3	c17
2.32532870109061e-21	-0.838899746701335	0.049	0.085	4.82877758068477e-17	TSPO	c17
2.44765444556823e-21	0.85692455079244	0.045	0.025	5.08279922166699e-17	ZEB2	c17
2.51247977588399e-21	0.454555197273816	0.152	0.111	5.2174155026007e-17	CHCHD2	c17
2.58233959453785e-21	-1.59409151862042	0.012	0.036	5.3624864020173e-17	C1orf162	c17
3.53627385166421e-21	0.998529581667433	0.034	0.017	7.34342628036591e-17	PSMA5	c17
6.87983693804834e-21	-0.637088146876408	0.076	0.117	1.42866693855512e-16	ZFAS1	c17
7.25935363526888e-21	0.641830750090435	0.082	0.053	1.50747737589993e-16	ACTR3	c17
7.67462633764372e-21	0.362026031880934	0.176	0.132	1.5937129052751e-16	HMGB1	c17
1.0015678002527e-20	0.52741015380504	0.123	0.087	2.07985569400475e-16	TPI1	c17
1.00753043866265e-20	0.886132794199361	0.042	0.023	2.09223770892686e-16	PTPN22	c17
1.05879727925275e-20	0.951395211202448	0.037	0.019	2.19869843009627e-16	BIN1	c17
1.24187380233729e-20	-4.92882175576643	0	0.016	2.57887513793361e-16	CSF1R	c17
1.70178184318618e-20	0.634479999941683	0.079	0.051	3.53392017556042e-16	RABAC1	c17
3.36444654710388e-20	-4.51289943889415	0.001	0.016	6.98660969971593e-16	SLC11A1	c17
3.90104746572674e-20	-1.61627717873945	0.013	0.036	8.10091516732815e-16	ICOS	c17
5.76220070530616e-20	1.25694438507865	0.02	0.008	1.19657859846388e-15	CISD3	c17
5.96212657325276e-20	-2.49179877479454	0.004	0.023	1.23809520420167e-15	ZFAND5	c17
8.16685304894823e-20	-5.40400845340341	0	0.015	1.69592870414459e-15	TNFSF13B	c17
8.35414419498686e-20	-0.467590084880052	0.22	0.27	1.73482158353097e-15	ZFP36L2	c17
1.09349129870509e-19	0.780839480739279	0.053	0.031	2.27074403089098e-15	SELPLG	c17
1.28985661534582e-19	-1.27911486233551	0.055	0.09	2.67851624742712e-15	HLA-DRB4	c17
1.30647278051814e-19	0.817492656327528	0.047	0.027	2.71302137602397e-15	CD47	c17
1.33231210805649e-19	0.823375383618467	0.045	0.025	2.76667932359012e-15	CBLB	c17
1.83900850693958e-19	-7.42837928125619	0	0.015	3.81888506551074e-15	IGJ	c17
2.11205486405094e-19	-2.09820163074547	0.006	0.025	4.38589313068817e-15	CD40LG	c17
2.20101567118571e-19	-1.00528180563278	0.041	0.073	4.57062914278425e-15	TUBA1B	c17
2.20232735012604e-19	-3.56760944767135	0.001	0.017	4.57335297527173e-15	MEF2C	c17
2.35163979466002e-19	0.841827455958375	0.044	0.024	4.883415197591e-15	TAP1	c17
2.99752160250959e-19	1.49771519270863	0.014	0.005	6.22465335977141e-15	LPCAT1	c17
3.13384978611605e-19	0.54901278245574	0.098	0.067	6.5077524658486e-15	POLR2L	c17
3.13833198959998e-19	-0.948987090893255	0.033	0.063	6.51706020960331e-15	JUND	c17
3.963168543196e-19	0.878877197541373	0.039	0.021	8.22991579680082e-15	SASH3	c17
4.32101487184739e-19	0.561149648913666	0.092	0.063	8.97301948287828e-15	C19orf43	c17
4.73381991640187e-19	0.747413914275814	0.055	0.033	9.83025043840012e-15	WDR1	c17
1.20752013063676e-18	-0.757246431171543	0.048	0.08	2.50753630328029e-14	GPX4	c17
1.30137362840701e-18	-2.77298052733859	0.004	0.021	2.70243247674999e-14	CH25H	c17
1.5571435914488e-18	-6.28466838310731	0	0.014	3.23356438200259e-14	CD36	c17
2.05094983949634e-18	-4.76606585111906	0	0.015	4.2590024366981e-14	CXCL16	c17
2.29536042057009e-18	-1.93542874793431	0.007	0.025	4.76654544935586e-14	ASAH1	c17
2.37510959315997e-18	1.33106709685125	0.016	0.006	4.93215258115598e-14	CSF1	c17
2.5010596672803e-18	-1.06241300238278	0.025	0.051	5.19370050507427e-14	ZNF331	c17
3.19690057417419e-18	0.607119948650841	0.076	0.05	6.63868373233011e-14	DRAP1	c17
3.52159528948709e-18	-6.2425889863104	0	0.014	7.31294477814889e-14	KCTD12	c17
5.12802337612556e-18	-0.272449736659178	0.331	0.384	1.06488533428623e-13	RPL24	c17
8.13132474380381e-18	-0.792952813757189	0.051	0.083	1.6885508962983e-13	TUBA1A	c17
9.92749814081813e-18	1.10559821940998	0.025	0.012	2.06154426392229e-13	PELO	c17
1.00743264087126e-17	-2.67750410840319	0.003	0.018	2.09203462203327e-13	LTA4H	c17
1.194493562633e-17	-3.43329796381249	0.001	0.016	2.48048533216368e-13	POU2F2	c17
1.2611570013292e-17	1.28257507434311	0.017	0.007	2.61891862896021e-13	ADRB2	c17
1.31612170464761e-17	-3.22986891722974	0.002	0.017	2.73305833187123e-13	FOXP3	c17
1.34726682180039e-17	-1.28019076671667	0.024	0.049	2.79773428215069e-13	GLUL	c17
1.4210426895514e-17	-0.576040742661505	0.113	0.154	2.95093724912244e-13	CD37	c17
1.51503510987105e-17	0.819206911628407	0.042	0.024	3.14612190915823e-13	RNF167	c17
1.52677424327999e-17	-2.31662514987897	0.004	0.021	3.17049939359524e-13	LINC00936	c17
1.59223152248425e-17	0.522137183019028	0.097	0.068	3.30642797959079e-13	SSR2	c17
1.71483182041373e-17	1.63628723312852	0.011	0.004	3.56101975827115e-13	LAYN	c17
1.84080687724597e-17	-0.632950776135246	0.067	0.102	3.82261956128898e-13	ATP6V0C	c17
1.92035696358313e-17	-1.42758609789284	0.014	0.036	3.98781327057672e-13	PIM2	c17
1.92284931783614e-17	-0.673612255994098	0.06	0.093	3.99298889341853e-13	SNHG8	c17
2.40379449340951e-17	0.622264839827398	0.068	0.044	4.9917196450142e-13	HLA-F	c17
2.47786913717278e-17	0.620062218303037	0.067	0.043	5.14554305025299e-13	ITGB1	c17
2.48197782453493e-17	-5.12591035726721	0.001	0.014	5.15407515042923e-13	C15orf48	c17
3.49843970004316e-17	-4.94217538298826	0.001	0.014	7.26485988110963e-13	SEPP1	c17
3.578871309056e-17	-0.943963110588496	0.028	0.054	7.43188416038569e-13	GAS5	c17
3.90060824095568e-17	1.38296975062312	0.014	0.006	8.10000307316856e-13	GALNT2	c17
4.66689284931473e-17	0.679873204920466	0.06	0.038	9.69126969088697e-13	BST2	c17
4.93583444816185e-17	0.70095066099382	0.055	0.034	1.02497538150529e-12	SKAP1	c17
5.13534240224756e-17	-6.13571483861384	0	0.013	1.06640520325073e-12	BANK1	c17
5.46991062706384e-17	0.699650589053564	0.054	0.033	1.13588164081608e-12	ANXA6	c17
6.20491788838551e-17	-6.11487297475207	0	0.013	1.28851324870213e-12	RAB31	c17
6.26518230569239e-17	-0.708782052379837	0.052	0.083	1.30102775760008e-12	FYB	c17
7.97532588285082e-17	-0.435289430249931	0.13	0.173	1.6561561728328e-12	RPS11	c17
8.04478661640496e-17	0.194931323011098	0.117	0.085	1.67058038876265e-12	CTSD	c17
1.04196579347186e-16	-1.9520738440545	0.006	0.022	2.16374616672367e-12	PPT1	c17
1.41930814402741e-16	-4.56789347071408	0	0.013	2.94733529188732e-12	MARCKS	c17
1.54326846760427e-16	0.540745669399318	0.086	0.059	3.20475129982702e-12	ARL6IP5	c17
1.7052523863261e-16	0.710125478549936	0.051	0.031	3.54112710544478e-12	BUB3	c17
1.84112317752086e-16	0.595010563738319	0.074	0.049	3.82327639043982e-12	ATP5J2	c17
1.98275240119686e-16	0.73186908284458	0.048	0.029	4.1173836363254e-12	SRP9	c17
2.00289835301042e-16	1.22603436163584	0.017	0.007	4.15921871986144e-12	HDDC2	c17
2.13683878844417e-16	-5.15001322166641	0	0.013	4.43735942808317e-12	LINC00926	c17
2.32659790044063e-16	-5.44547211635594	0.001	0.013	4.83141320005502e-12	RNASE1	c17
2.47758566407179e-16	0.797155218246421	0.04	0.023	5.14495439001149e-12	DOK2	c17
2.50786030977746e-16	0.46235393774113	0.112	0.081	5.20782271928388e-12	EDF1	c17
2.63909524463918e-16	0.596651709704921	0.068	0.045	5.48034518501772e-12	SEPW1	c17
3.44017331355718e-16	-1.00802041909934	0.032	0.058	7.14386390293284e-12	LGALS3	c17
3.87113431838522e-16	-0.439200942161829	0.133	0.175	8.03879752555876e-12	HSP90AB1	c17
4.01657768908006e-16	0.563812865228836	0.073	0.049	8.34082522914366e-12	CD97	c17
5.40932588838026e-16	0.913927218225555	0.03	0.016	1.12330061398105e-11	PRKACB	c17
5.75082545413823e-16	-6.06262151747093	0	0.012	1.19421641380634e-11	RNASE6	c17
6.71324404941372e-16	-3.45484844556599	0.001	0.014	1.39407225930125e-11	MAL	c17
8.73257244599628e-16	0.644553935146017	0.058	0.037	1.81340599413559e-11	NEDD8	c17
1.00173990097642e-15	-1.40586145574566	0.011	0.029	2.08021307836762e-11	TMEM123	c17
1.00251997280958e-15	-2.91950399437239	0.002	0.015	2.08183297553638e-11	MYC	c17
1.09016610810125e-15	0.842047238072089	0.034	0.019	2.26383894008306e-11	SIRPG	c17
1.15989991130918e-15	1.04205765679271	0.023	0.011	2.40864815582464e-11	COPZ1	c17
1.20744684149712e-15	-5.996428399041	0	0.012	2.50738411105291e-11	HCK	c17
1.24389397694467e-15	0.576603910451636	0.072	0.048	2.58307023252329e-11	ARF1	c17
1.27520537519276e-15	-1.16757363287174	0.016	0.037	2.64809148212528e-11	EVI2B	c17
1.3815458443009e-15	-2.90195635913582	0.002	0.015	2.86891810027524e-11	CD4	c17
1.56932417248656e-15	-2.65510809322559	0.002	0.016	3.25885857658559e-11	NCF1C	c17
1.78954188824537e-15	-1.81821395253162	0.006	0.022	3.71616268513035e-11	KLF10	c17
2.36921351340921e-15	1.04683499614997	0.022	0.011	4.91990878194556e-11	PLA2G16	c17
2.80701626893559e-15	-6.01091530790794	0	0.011	5.82904998407164e-11	TGFBI	c17
2.85185614841829e-15	0.712915780180025	0.047	0.029	5.92216447780542e-11	BLOC1S1	c17
2.96008334221847e-15	-0.961884522654154	0.029	0.053	6.14690906845087e-11	HSPH1	c17
3.21307201497485e-15	-0.788302180747714	0.035	0.061	6.67226534629678e-11	PLP2	c17
3.92160630776866e-15	-5.9605354228027	0	0.011	8.1436076587124e-11	FCGR2A	c17
4.93928981954036e-15	-5.35991257790952	0	0.011	1.02569292392575e-10	MRC1	c17
4.97061013990788e-15	-1.00009535891744	0.022	0.043	1.03219690165327e-10	NAP1L1	c17
5.0400036411454e-15	-3.10381579259144	0.001	0.014	1.04660715612025e-10	PASK	c17
5.64042722803016e-15	-5.92306071738403	0	0.011	1.17129111817274e-10	PILRA	c17
5.70759463471189e-15	-1.17803953716709	0.016	0.036	1.18523910184427e-10	NOSIP	c17
6.43335949602549e-15	-1.41336376534323	0.011	0.028	1.33595143294465e-10	HIF1A	c17
6.4509147796883e-15	-0.936237456717532	0.041	0.067	1.33959696315007e-10	TNF	c17
6.65146580353609e-15	0.494398016611005	0.085	0.06	1.3812433887623e-10	ID2	c17
7.38286821581724e-15	-2.1559507778581	0.004	0.018	1.53312641369661e-10	HLA-DMB	c17
8.0983842074382e-15	-5.3103580761538	0	0.011	1.68171046451662e-10	STAB1	c17
8.13522736314066e-15	0.857377643442399	0.031	0.017	1.68936131422979e-10	IDH2	c17
8.76662131305161e-15	0.612751534416108	0.06	0.039	1.8204765818683e-10	FYN	c17
9.78316084100135e-15	-4.40321283487506	0	0.012	2.03157118024234e-10	NCF2	c17
1.0549679452169e-14	0.709382350561501	0.046	0.028	2.19074643503741e-10	SHISA5	c17
1.22725678389769e-14	-1.06731670283506	0.02	0.04	2.54852143744194e-10	FAIM3	c17
1.29682879119304e-14	-2.52687494073792	0.003	0.015	2.69299466779147e-10	CD79B	c17
1.4374800140064e-14	-0.28383486939624	0.235	0.282	2.9850709970857e-10	PFDN5	c17
1.51647804705219e-14	-6.23241214597589	0	0.011	3.14911831250858e-10	CTSL	c17
1.70591195676593e-14	-3.64637421095902	0.001	0.012	3.54249676942014e-10	LOC100509457	c17
1.75258861807305e-14	0.511498130234265	0.083	0.058	3.6394255242905e-10	PSMA7	c17
1.88043883774656e-14	-4.41967201781145	0	0.011	3.9049192904645e-10	IGSF6	c17
1.92327808147499e-14	0.903886157414679	0.028	0.015	3.99387926399096e-10	BTN3A2	c17
1.95712543410284e-14	-2.55255765585191	0.002	0.015	4.06416667645796e-10	RNF130	c17
2.14983273609992e-14	1.29039457880241	0.013	0.005	4.46434265978509e-10	FASLG	c17
2.2334308543052e-14	-1.0960297678888	0.017	0.037	4.63794251205019e-10	MYADM	c17
2.90953922980751e-14	-3.67513320394045	0.001	0.012	6.04194916461827e-10	GSN	c17
3.04585869510091e-14	-5.87910363644875	0	0.01	6.32503016624655e-10	VPREB3	c17
3.15743343811318e-14	0.494266836038007	0.085	0.06	6.55672627758582e-10	NDUFA3	c17
3.21703067954075e-14	-2.54020362385434	0.002	0.015	6.68048590913433e-10	LEF1	c17
3.24942966510491e-14	0.655108629858851	0.052	0.033	6.74776564255685e-10	SNRPB	c17
3.25004666565035e-14	0.826793017486293	0.034	0.02	6.74904690588951e-10	STOM	c17
3.42152059340607e-14	-5.88595405312286	0	0.01	7.10512966426704e-10	ALDH2	c17
4.32060385328068e-14	0.562336507236919	0.065	0.044	8.97216596172267e-10	TIGIT	c17
4.33596937054193e-14	-0.823289410046988	0.078	0.108	9.00407399486737e-10	FCER1G	c17
4.56465015205346e-14	0.576173553238608	0.067	0.046	9.47895250575422e-10	C4orf3	c17
4.57189897115707e-14	0.794563939964001	0.035	0.02	9.49400540350477e-10	ANXA2R	c17
4.65837686213439e-14	1.34284453698861	0.012	0.005	9.67358539190827e-10	EBP	c17
4.77943965700255e-14	-5.83659662663456	0	0.01	9.9249843917315e-10	FPR1	c17
5.5678691484916e-14	-1.46504209383315	0.009	0.025	1.15622370737577e-09	SMAP2	c17
5.7606210852629e-14	1.08520139824734	0.019	0.009	1.19625057456569e-09	DERL1	c17
6.01654608011862e-14	0.767481418983753	0.037	0.022	1.24939595899743e-09	PA2G4	c17
6.02154782298956e-14	-0.772857341150506	0.035	0.059	1.25043462092201e-09	SPOCK2	c17
6.51713036231139e-14	0.527095237995161	0.075	0.052	1.35334729103758e-09	ATP5G3	c17
7.39279516440575e-14	-4.86322312867992	0	0.01	1.5351878438405e-09	CSF3R	c17
7.906721893862e-14	-0.165732787347851	0.558	0.595	1.64190986847938e-09	FAU	c17
8.03293925401883e-14	-0.650981697145598	0.055	0.083	1.66812016548955e-09	RGS2	c17
9.7980320859735e-14	1.36247472046727	0.011	0.004	2.03465934297326e-09	PPAP2A	c17
1.00507082486084e-13	0.414924337992916	0.121	0.091	2.08713007490602e-09	ATP5I	c17
1.0800210022936e-13	0.24334098881939	0.325	0.28	2.24277161336289e-09	ATP5E	c17
1.24252949851804e-13	-3.11136986892512	0.001	0.012	2.58023675662257e-09	CCR6	c17
1.47809231319314e-13	-4.43967504245908	0	0.011	3.06940649757688e-09	NLRP3	c17
1.48588916547912e-13	-0.190005597349616	0.636	0.652	3.08559744103395e-09	RPS14	c17
1.51859024983097e-13	-1.23558561795523	0.012	0.029	3.153504512799e-09	EML4	c17
1.59498595471348e-13	0.481157893121451	0.085	0.06	3.31214783355802e-09	UQCR10	c17
1.7041915253904e-13	-0.448554599655469	0.115	0.151	3.53892412162571e-09	TAGLN2	c17
1.8302918827823e-13	0.842607247967994	0.029	0.016	3.80078412378573e-09	LSM2	c17
1.86112668837162e-13	-2.58611587131639	0.002	0.014	3.8648156810725e-09	IRF8	c17
1.93520195943761e-13	0.717310216571255	0.041	0.025	4.01864038896814e-09	ATP5F1	c17
2.26767425479207e-13	0.721804258636205	0.039	0.024	4.70905235750121e-09	ECH1	c17
2.55695930583136e-13	-0.601470733110261	0.289	0.315	5.30978169448939e-09	S100A6	c17
2.56537047551722e-13	-0.598990111770412	0.088	0.12	5.32724832945907e-09	GADD45B	c17
2.63450622262991e-13	0.612771610717181	0.05	0.033	5.47081562191327e-09	SPCS2	c17
2.69430186349796e-13	-5.73022532283416	0	0.01	5.59498724973986e-09	MARCH1	c17
2.77760399272614e-13	0.695525472018486	0.042	0.026	5.7679724512951e-09	SRI	c17
2.9667287851971e-13	-5.372771453352	0.001	0.012	6.16070899534030e-09	IGLL5	c17
3.7233845331635e-13	0.333018484345621	0.161	0.128	7.73198032156733e-09	CD2	c17
3.7789583194659e-13	-0.470320938181386	0.082	0.114	7.84738484620290e-09	SLC25A6	c17
4.06631943683044e-13	-0.680130997763789	0.048	0.073	8.4441189425221e-09	AHNAK	c17
4.17483420969288e-13	-0.383396426920833	0.122	0.158	8.66946071984824e-09	HINT1	c17
4.3349497410183e-13	-0.679538383060449	0.039	0.063	9.00195663219860e-09	EIF3E	c17
4.42980703560348e-13	-0.299392232398355	0.288	0.327	9.19893729013419e-09	RPSA	c17
4.94427091570892e-13	-1.84304804058648	0.005	0.018	1.02672729835611e-08	AQP3	c17
5.17545899737872e-13	0.799991562676122	0.03	0.017	1.07473581539566e-08	CISH	c17
6.23415648485968e-13	-4.22450694789054	0	0.01	1.29458493564596e-08	RALGPS2	c17
6.48587739477454e-13	1.13309475599003	0.016	0.007	1.34685729979888e-08	S1PR1	c17
7.64893598389565e-13	1.13983490222703	0.015	0.007	1.58837804641577e-08	EOMES	c17
8.56330265079023e-13	-0.150763811774048	0.668	0.681	1.7782554284631e-08	RPS15	c17
8.70079091695668e-13	1.18931154409914	0.014	0.006	1.80680624181522e-08	RAB29	c17
9.22922567111494e-13	1.08496867951234	0.017	0.008	1.91654100286373e-08	TADA3	c17
9.74717668946962e-13	0.997796195000325	0.02	0.01	2.02409871133526e-08	TOX	c17
1.03373306574256e-12	0.308966560211965	0.179	0.145	2.14665008432099e-08	OST4	c17
1.08500861680107e-12	0.55003498891632	0.065	0.045	2.2531288936491e-08	WDR83OS	c17
1.08925199608026e-12	-0.930071779548954	0.02	0.039	2.26194069506026e-08	CORO1B	c17
1.09006850132781e-12	-3.84435496625556	0.001	0.01	2.26363624985733e-08	FAM26F	c17
1.16190264013278e-12	0.599081001023414	0.054	0.036	2.41280702249973e-08	CD164	c17
1.27971605299153e-12	0.284015040466181	0.21	0.174	2.6574583556422e-08	MIF	c17
1.46879772197102e-12	-1.81825033415391	0.005	0.017	3.05010534944502e-08	AP1S2	c17
1.5649306745813e-12	-1.01930672651924	0.036	0.059	3.24973503883552e-08	AREG	c17
1.59418963774517e-12	0.385887234005415	0.119	0.091	3.31049420174163e-08	TPM3	c17
1.60168029149872e-12	-4.19979519439379	0	0.01	3.32604929332625e-08	CD300E	c17
1.87965871897519e-12	1.27437296750041	0.012	0.005	3.90329929582388e-08	CD2BP2	c17
2.09053354060697e-12	0.644285351874109	0.047	0.031	4.34120195042444e-08	RALY	c17
2.15160228049628e-12	-1.20199275009803	0.011	0.027	4.46801729567857e-08	GNAI2	c17
2.29235598052447e-12	0.770131082770257	0.032	0.019	4.76030642915712e-08	RAB1B	c17
2.34782148030981e-12	0.666456576534414	0.042	0.027	4.87548608601136e-08	MAT2B	c17
2.3626535350725e-12	-1.50580129399298	0.007	0.02	4.90628633093155e-08	NCF1	c17
2.44174422014853e-12	-1.91146916211409	0.004	0.016	5.07052604756043e-08	KDM6B	c17
2.70729863611267e-12	0.591243895288118	0.051	0.034	5.62197634775157e-08	LYAR	c17
3.06914468291643e-12	-0.10782541300441	0.109	0.082	6.37338584854426e-08	SSR4	c17
3.78621651657068e-12	-1.01585093070929	0.049	0.073	7.86245721831067e-08	LOC100996809	c17
3.96774381437371e-12	0.519098959463472	0.067	0.046	8.23941680492845e-08	ATPIF1	c17
4.05925088433433e-12	0.660637658481093	0.043	0.027	8.42944038640866e-08	SUN2	c17
4.94979742559826e-12	-1.03386326231734	0.018	0.035	1.02787493339974e-07	CD55	c17
5.05577369884925e-12	1.28426678636737	0.012	0.005	1.04988196630303e-07	FAM3C	c17
6.95780927336147e-12	-0.928290930333	0.022	0.04	1.44485867370624e-07	HSPD1	c17
7.08436359406237e-12	-2.10226884573716	0.004	0.016	1.47113894394299e-07	HMOX1	c17
7.34395656766381e-12	0.818270343952627	0.027	0.015	1.52504602084107e-07	TSEN54	c17
8.56996849126647e-12	-0.412572459374999	0.29	0.327	1.77963965689639e-07	DNAJB1	c17
1.01883526532932e-11	-2.10480789186422	0.003	0.015	2.11571331198287e-07	IER5	c17
1.05693120625589e-11	0.469182700160369	0.078	0.057	2.19482334291099e-07	NDUFA1	c17
1.12401193902472e-11	-0.980211424446356	0.017	0.034	2.33412319257872e-07	REL	c17
1.1270346795968e-11	-1.48862188931914	0.007	0.02	2.34040021565072e-07	ATP2B1	c17
1.14722270351442e-11	0.64919412909035	0.041	0.026	2.38232266611805e-07	ARHGAP9	c17
1.16280545995122e-11	0.854793993680679	0.024	0.013	2.4146818181347e-07	ACTN4	c17
1.24792145493822e-11	0.473525233946309	0.081	0.059	2.59143369332471e-07	PRR13	c17
1.40041038246942e-11	-3.45695303389091	0.001	0.01	2.90809220023601e-07	CUX1	c17
1.59919578401768e-11	0.481094475366328	0.073	0.052	3.32088996509111e-07	NCL	c17
1.72360267980305e-11	0.596238896304952	0.05	0.033	3.57923332487901e-07	SHFM1	c17
1.76326588885104e-11	0.368001260850167	0.106	0.081	3.66159794478807e-07	ISG20	c17
1.76753473744357e-11	0.882796338083693	0.023	0.013	3.67046263577531e-07	EFHD2	c17
1.8190598137146e-11	0.506521090083972	0.064	0.045	3.77745960915974e-07	CELF2	c17
1.81908326634446e-11	0.52407203994514	0.064	0.045	3.77750831089091e-07	CAP1	c17
1.82263223907317e-11	0.485827836756195	0.072	0.052	3.78487810765934e-07	GIMAP4	c17
1.84978765145788e-11	-2.11672412226061	0.003	0.013	3.84126903701744e-07	TCF7	c17
1.85191868364155e-11	0.609172813850216	0.046	0.03	3.84569433845004e-07	UBE2L6	c17
2.05573558632907e-11	1.11391618983326	0.014	0.007	4.26894051857095e-07	VPS26A	c17
2.07973264106779e-11	0.970647365813137	0.018	0.009	4.31877280244137e-07	RNF125	c17
3.12104681172446e-11	-0.585635053101345	0.047	0.07	6.481165809227e-07	RPS17	c17
3.17628709109164e-11	-1.11683865368137	0.012	0.026	6.59587777336091e-07	PDE4B	c17
3.19414272601881e-11	-0.183984841781914	0.358	0.405	6.63295678485066e-07	FXYD5	c17
3.21841334690385e-11	0.57908840816581	0.048	0.032	6.68335715618053e-07	ARL6IP1	c17
3.28049440223817e-11	-3.04261638235036	0.001	0.01	6.81227467568778e-07	CTSZ	c17
3.2945290560882e-11	0.795931557338649	0.027	0.016	6.84141903787276e-07	SNRPD1	c17
4.10432694454627e-11	0.639597680187385	0.04	0.026	8.52304533304479e-07	DENND2D	c17
4.6863326306556e-11	0.820963365773008	0.025	0.014	9.73163834081941e-07	C20orf24	c17
5.01892653572086e-11	0.67947481055413	0.036	0.022	1.04223028440779e-06	SNRPD3	c17
5.12444224022632e-11	0.421043457520553	0.078	0.057	1.0641416756054e-06	SAP18	c17
5.33600280408196e-11	0.931997537789448	0.019	0.01	1.10807434229566e-06	UHMK1	c17
5.6023381024299e-11	-1.26380313467753	0.009	0.022	1.16338153035059e-06	PBXIP1	c17
5.89662542556063e-11	-0.30298703320318	0.177	0.213	1.22449323587192e-06	RPL36A	c17
6.80518056475093e-11	0.257083076385999	0.167	0.135	1.41316379607618e-06	EMP3	c17
7.24364182146105e-11	-1.31638130722803	0.011	0.024	1.5042146606446e-06	PLIN2	c17
7.90676375546392e-11	0.754522550994518	0.029	0.018	1.64191856145964e-06	RAB5C	c17
9.00476443936448e-11	0.591811535673511	0.044	0.029	1.86992938347843e-06	SYNE2	c17
9.46310329756431e-11	0.554302053587442	0.051	0.035	1.9651080307722e-06	GTF3A	c17
1.00557209748984e-10	1.03634663705062	0.015	0.007	2.0881710176474e-06	TMBIM1	c17
1.01039816533313e-10	0.836882161926922	0.025	0.014	2.09819283013079e-06	SURF4	c17
1.09314008818648e-10	-2.70160541530164	0.001	0.01	2.27001470712803e-06	RTKN2	c17
1.11358380594546e-10	0.50339618401479	0.057	0.04	2.31246813142634e-06	YWHAQ	c17
1.19247795677463e-10	0.636847680610537	0.039	0.025	2.4762997250382e-06	IFI27L2	c17
1.22732813302466e-10	-2.81378674372648	0.001	0.01	2.54866960103901e-06	GK	c17
1.28257385837296e-10	0.599081001023414	0.044	0.029	2.66339287429729e-06	ERH	c17
1.39373331233223e-10	-0.709782447880127	0.03	0.049	2.8942265963891e-06	RGS10	c17
1.49685524200163e-10	1.23626883840282	0.011	0.005	3.10836959554058e-06	PPP2R2B	c17
1.70452350996455e-10	-0.816794353164037	0.023	0.04	3.53961352079239e-06	SDCBP	c17
1.72570391528059e-10	-0.768810644555614	0.026	0.044	3.58359675047167e-06	CSRNP1	c17
1.72814802250807e-10	0.415630799063457	0.081	0.06	3.58867218354026e-06	KRTCAP2	c17
1.80451344604287e-10	1.20056113276771	0.011	0.005	3.74725262205262e-06	ACAA2	c17
1.81570085470792e-10	0.503446262812403	0.062	0.044	3.77048439488647e-06	BRK1	c17
1.82351544072047e-10	-0.220180617279864	0.258	0.297	3.78671216420013e-06	UBA52	c17
2.10246119416585e-10	-1.2318639855247	0.009	0.022	4.3659709158048e-06	FOXP1	c17
2.151607683154e-10	0.546322098141947	0.052	0.036	4.4680285148376e-06	RBX1	c17
2.19405564225764e-10	0.966506763856404	0.017	0.009	4.55617594671221e-06	CD320	c17
2.21530462694678e-10	0.626913267328266	0.042	0.027	4.60030158831768e-06	NAA38	c17
3.01086295292643e-10	0.630459161305854	0.039	0.026	6.25235800804703e-06	MYEOV2	c17
3.06447843340668e-10	0.784986362371366	0.025	0.015	6.36369591481231e-06	PSMB2	c17
3.10452281513595e-10	0.58821371029723	0.044	0.029	6.44685207791131e-06	PSMB3	c17
3.19548614627429e-10	0.711022259600651	0.03	0.018	6.63574653135319e-06	CCND2	c17
3.48635332276012e-10	0.681303112123172	0.033	0.02	7.23976131004366e-06	CDC42SE1	c17
3.57581872824226e-10	-0.882559774879945	0.018	0.034	7.42554517106788e-06	FKBP5	c17
3.85787601853865e-10	0.283757207915596	0.163	0.134	8.01126534009736e-06	ARPC3	c17
4.01277234056081e-10	0.791804091444934	0.025	0.015	8.33292304240859e-06	DCTN3	c17
4.04809879874688e-10	-0.432791855594614	0.262	0.295	8.40628196547778e-06	HSPA1A	c17
4.31741824353411e-10	-0.600600867890536	0.04	0.061	8.96555072452294e-06	CCNL1	c17
4.37626484170297e-10	0.762694010706716	0.027	0.016	9.08775157028039e-06	HERPUD2	c17
4.73764808519711e-10	0.765439387445534	0.026	0.015	9.83820001372032e-06	HMOX2	c17
4.84145971441965e-10	1.18813045926781	0.011	0.005	1.00537752429638e-05	TNIP3	c17
6.05088751298411e-10	-0.54345032807139	0.046	0.067	1.25652730094628e-05	GLTSCR2	c17
6.42295718721161e-10	0.480378675281742	0.059	0.042	1.33379128949636e-05	CARD16	c17
6.50331150174394e-10	-1.39890458173348	0.007	0.018	1.35047766645215e-05	RILPL2	c17
6.64481303890378e-10	0.515504506152159	0.058	0.041	1.37986187565876e-05	CSNK2B	c17
6.65007986639321e-10	-0.445261418482075	0.081	0.107	1.38095558505521e-05	NR4A2	c17
6.71517847923429e-10	0.870658699500031	0.02	0.011	1.39447396299779e-05	CCNDBP1	c17
7.25576016815539e-10	-0.658117226924846	0.036	0.055	1.50673115651915e-05	PRDX1	c17
8.11073151706818e-10	-1.7496801573055	0.004	0.013	1.68427450683438e-05	DGKA	c17
8.52919564536863e-10	0.957533208248943	0.016	0.008	1.77117276771725e-05	CD300A	c17
8.89146452273695e-10	-1.00501386202999	0.013	0.027	1.84640152279156e-05	TALDO1	c17
9.79882686783757e-10	-0.721171432438587	0.026	0.043	2.03482438737515e-05	ATP6V0B	c17
1.02000135359484e-09	-1.42762307659579	0.006	0.017	2.11813481087505e-05	PECAM1	c17
1.03173045019319e-09	1.17776250202734	0.011	0.005	2.14249145287119e-05	G6PD	c17
1.04745438223904e-09	0.639078177257669	0.035	0.023	2.17514377015758e-05	SELT	c17
1.12347041933229e-09	0.726771117011362	0.027	0.016	2.33299867278544e-05	RNF166	c17
1.13284241356233e-09	0.896978378330869	0.018	0.01	2.35246055600353e-05	TES	c17
1.1672736470912e-09	-2.11836759504994	0.003	0.011	2.4239604555496e-05	ICAM1	c17
1.276635230761e-09	-0.357506411995263	0.104	0.132	2.6510607201983e-05	COTL1	c17
1.28815419835407e-09	0.678520196797436	0.031	0.019	2.67498100830207e-05	APBB1IP	c17
1.33883856706333e-09	1.08031272479895	0.012	0.006	2.78023216836372e-05	DIP2A	c17
1.42276360057437e-09	-1.43656779370055	0.005	0.016	2.95451089295273e-05	GRINA	c17
1.43848464354525e-09	0.797207421309625	0.023	0.014	2.98715721078606e-05	ACP1	c17
1.46954389042752e-09	-1.39419858460854	0.006	0.017	3.05165484286178e-05	SYPL1	c17
1.54690654165584e-09	0.360445184135592	0.101	0.078	3.21230612440251e-05	SKP1	c17
1.6669471025223e-09	0.606549908415245	0.038	0.025	3.46158235309782e-05	BZW1	c17
1.74976536143905e-09	-1.54218739184087	0.005	0.015	3.63356274956434e-05	CECR1	c17
1.79177671751282e-09	-0.472838792755815	0.075	0.1	3.72080353158712e-05	DNAJA1	c17
1.82306883921986e-09	0.470612438317286	0.063	0.045	3.78578475152395e-05	CD96	c17
1.94220012036837e-09	-1.34351900480411	0.007	0.018	4.03317276995695e-05	IRF2BP2	c17
2.05154226430635e-09	1.08710727942104	0.012	0.006	4.26023266605857e-05	TXK	c17
2.24857195522776e-09	0.658014442320331	0.028	0.017	4.66938452222597e-05	SDF2L1	c17
2.3902374775536e-09	0.588714981199058	0.04	0.027	4.96356714588781e-05	UFC1	c17
2.76927561705626e-09	-1.58178272760574	0.006	0.016	5.75067774637902e-05	PPP1R2P9	c17
2.77666516952661e-09	0.402350632865274	0.074	0.055	5.76602289103895e-05	IRF1	c17
2.80013067447114e-09	1.07216032763125	0.015	0.008	5.81475135860678e-05	CRTAM	c17
2.85271118330674e-09	0.666649485449551	0.031	0.02	5.92394004325478e-05	PRMT2	c17
2.97812155620084e-09	0.355974977495543	0.096	0.074	6.18436722360666e-05	PCBP1	c17
3.1947307965698e-09	0.397811248553115	0.084	0.064	6.63417797215684e-05	USMG5	c17
3.41261421840542e-09	-0.699260996902069	0.028	0.044	7.08663468594069e-05	SYNGR2	c17
3.69533413356711e-09	0.667836326428619	0.03	0.019	7.67373086176546e-05	SF3B2	c17
3.90147355177722e-09	0.544740071620729	0.047	0.033	8.10179997762057e-05	NDUFB4	c17
4.27822196490083e-09	0.672089980551341	0.029	0.018	8.88415573231307e-05	TMEM179B	c17
4.29297544373556e-09	-1.04974564903449	0.011	0.022	8.91479280646127e-05	JMJD1C	c17
4.44400739808395e-09	0.731005890381661	0.025	0.015	9.22842576286114e-05	CYFIP2	c17
4.51087442174345e-09	0.646071916719363	0.032	0.02	9.36728182419244e-05	ENSA	c17
4.59124193661812e-09	0.641656167647943	0.032	0.021	9.5341730055812e-05	PSMA6	c17
4.78557359150176e-09	-1.03692429030359	0.012	0.024	9.93772212011255e-05	IFNGR1	c17
5.08864190561234e-09	-0.697156731343822	0.025	0.041	0.000105670737811946	EIF3L	c17
5.95802630088445e-09	0.707853955856995	0.026	0.016	0.000123724374164166	RASSF5	c17
5.96709359868535e-09	-1.9234524666576	0.003	0.011	0.0001239126656703	LILRB1	c17
5.97626282233608e-09	-2.07928238707655	0.002	0.01	0.000124103073768631	SMIM14	c17
6.61728799088262e-09	0.652606891281161	0.031	0.019	0.000137414602418668	RHOF	c17
6.63072846171743e-09	0.390451096858456	0.08	0.061	0.000137693707236024	CDC42	c17
6.7086871562293e-09	-1.78784103683333	0.003	0.012	0.000139312597486258	AHR	c17
6.76218588683594e-09	-0.623457169168124	0.032	0.049	0.000140423552126035	NR3C1	c17
7.28646857271302e-09	-1.81697643116528	0.003	0.011	0.000151310806380959	PGD	c17
7.56074748150618e-09	-1.85412815892856	0.003	0.011	0.000157006482200957	MFSD1	c17
7.75658116615345e-09	0.68608159583225	0.029	0.018	0.000161073164496343	IKZF3	c17
8.68950489838710e-09	0.283681365746591	0.147	0.121	0.000180446258719906	LIMD2	c17
8.83290664022161e-09	1.00350126504787	0.013	0.007	0.000183424139290842	C1D	c17
9.20184758539425e-09	0.704805064711012	0.026	0.016	0.000191085566958297	GPS2	c17
9.85731162390663e-09	0.579228394949354	0.037	0.025	0.000204696933182045	DGUOK	c17
1.10326189875328e-08	1.13538899719584	0.01	0.005	0.000229103365895106	RAB37	c17
1.15371736272746e-08	-1.60895612733596	0.005	0.014	0.000239580947543985	WARS	c17
1.15851476011783e-08	-0.775148689815937	0.02	0.034	0.000240577175086068	FLT3LG	c17
1.16038295222361e-08	0.297574365221227	0.126	0.103	0.000240965123858756	SNRPD2	c17
1.18772069565044e-08	0.405732315576234	0.074	0.056	0.00024664207965877	STK17A	c17
1.23504841453569e-08	0.658552385678174	0.029	0.018	0.000256470153762482	SPRY1	c17
1.30793705845096e-08	0.546747985979989	0.042	0.029	0.000271606209557927	UBE2I	c17
1.31027515613232e-08	-1.40043878093408	0.006	0.016	0.000272091738922438	NR4A3	c17
1.3500570574167e-08	0.604974715252288	0.034	0.022	0.000280352848543153	BCAP31	c17
1.36743323096365e-08	0.652810532334628	0.028	0.018	0.000283961184741912	PTGER2	c17
1.45078562722981e-08	0.639115503180311	0.03	0.019	0.000301270143350543	AKNA	c17
1.47631862810472e-08	0.602857934898555	0.036	0.024	0.000306572326312226	RNF7	c17
1.50506124382339e-08	-1.12292299839555	0.009	0.02	0.000312541017892366	IL6ST	c17
1.51933938119652e-08	0.587609187917876	0.037	0.025	0.000315506015899269	EID1	c17
1.60278440740274e-08	0.412115782898504	0.077	0.058	0.000332834210041254	EIF3G	c17
1.65366167303168e-08	0.797946814024827	0.02	0.011	0.000343399383021759	GOLGA7	c17
1.79156123194501e-08	0.797946814024827	0.02	0.011	0.0003720356054257	ARIH2	c17
1.81115648128994e-08	1.15435823376243	0.01	0.004	0.000376104754904669	NFATC3	c17
1.82714562193126e-08	0.971455979828137	0.013	0.007	0.000379425059850245	MAD2L2	c17
1.84351106651183e-08	0.464403034819768	0.057	0.041	0.000382823508071847	LSM7	c17
1.91712851505283e-08	0.543835826991343	0.041	0.028	0.000398110907435871	JTB	c17
2.03430221126029e-08	-1.76573575272135	0.003	0.011	0.000422443197190312	BLVRB	c17
2.21124548277736e-08	-1.63405726093753	0.003	0.011	0.000459187236953547	CRTAP	c17
2.30704266517466e-08	-0.118603409298576	0.539	0.486	0.000479080479850171	ND4L	c17
2.44637356174113e-08	0.607374541213283	0.034	0.023	0.000508013933831163	NDUFS8	c17
2.47315483319859e-08	0.304503629547879	0.12	0.097	0.000513575332662018	DAZAP2	c17
2.51102602219363e-08	1.0095268798813	0.012	0.006	0.000521439663768729	NDFIP2	c17
2.51254839903211e-08	0.540251947396523	0.04	0.028	0.000521755800543007	TMED2	c17
2.60658894115916e-08	0.999666945218951	0.012	0.006	0.000541284259521111	LOC102724614	c17
2.68389165774555e-08	-0.360163107772949	0.206	0.235	0.000557336941647442	HSP90AA1	c17
2.70479623743889e-08	-0.306860668869294	0.121	0.147	0.00056167798666656	NPM1	c17
2.81297134921743e-08	-0.772980527338592	0.018	0.032	0.000584141630378493	ARHGAP15	c17
2.8573614642693e-08	0.741229692804964	0.022	0.013	0.000593359681670164	SLC44A2	c17
3.00342403376774e-08	0.357827659499002	0.087	0.068	0.000623691034852208	HNRNPK	c17
3.02339918246695e-08	-1.18421199909329	0.007	0.017	0.000627839074231086	PTPRE	c17
3.03378507416374e-08	0.732813567972288	0.023	0.014	0.000629995808500842	ARHGAP30	c17
3.11227694519633e-08	0.844294808156773	0.017	0.01	0.000646295430439469	SDHC	c17
3.35340394993553e-08	0.441135955197779	0.062	0.046	0.000696367864243612	HNRNPA3	c17
3.53734811627774e-08	0.54878333565823	0.039	0.027	0.000734565709826235	CLEC2D	c17
3.62907574595815e-08	-1.17044843034923	0.007	0.017	0.00075361386940567	EIF4A3	c17
3.70985383343288e-08	-1.54810092194911	0.004	0.012	0.000770388247050672	LGALS9	c17
3.88614620709654e-08	0.708528169337912	0.023	0.014	0.000806997121365667	ZNF428	c17
4.00962943932211e-08	0.412644304156366	0.065	0.049	0.000832639649369629	ETS1	c17
4.12400383570485e-08	0.528660439994924	0.041	0.028	0.000856390636522469	FIS1	c17
4.4417147856378e-08	0.493498093896219	0.048	0.034	0.000922366492385546	NOP10	c17
4.50242918959293e-08	0.937426855344738	0.014	0.007	0.000934974445510867	COA3	c17
4.64070230368005e-08	0.646877070038441	0.028	0.018	0.000963688240382199	TMEM230	c17
4.7115570586208e-08	0.384003477521545	0.074	0.056	0.000978401938793195	SEC61G	c17
4.76646158317053e-08	-1.24747922175879	0.008	0.018	0.000989803412361192	INSIG1	c17
5.23832724875882e-08	0.970512332581956	0.012	0.006	0.00108779103647726	TNFRSF9	c17
5.29046669492312e-08	-1.33809821666288	0.006	0.015	0.00109861831386773	HLA-DRB6	c17
5.71124269686341e-08	-0.613171941744231	0.029	0.044	0.00118599665843066	ANXA5	c17
5.89473720777674e-08	-0.709521929485367	0.022	0.035	0.00122410112856692	CMTM6	c17
6.28067960956925e-08	0.413322019068742	0.064	0.048	0.00130424592772315	HCLS1	c17
6.30072556277566e-08	0.332671932962326	0.094	0.074	0.00130840867036599	NDUFA4	c17
6.54028809482311e-08	-0.715333370253724	0.019	0.032	0.00135815622577097	GeneID:102723863	c17
6.92843414147767e-08	0.528064453241331	0.04	0.027	0.00143875863381925	TBCB	c17
6.98084273661854e-08	0.541013186756881	0.038	0.026	0.00144964180268621	RPS4Y1	c17
7.2488390094464e-08	0.875968106190147	0.015	0.008	0.00150529390870164	MED15	c17
7.39300393092022e-08	0.65322348188286	0.027	0.017	0.00153523119629489	STRAP	c17
8.01688803389696e-08	0.654814535232814	0.026	0.017	0.00166478696911904	PSMC5	c17
8.83213406422971e-08	0.960973901644964	0.012	0.006	0.00183408095977794	SYTL2	c17
9.15910649073019e-08	0.445196528726367	0.055	0.041	0.00190198005386503	RNF213	c17
9.6472350514259e-08	0.436228936276798	0.055	0.041	0.0020033448307791	ARHGEF1	c17
9.88991264333833e-08	0.623713773196311	0.029	0.019	0.00205373925951564	RBCK1	c17
9.92235996415837e-08	0.712141161285485	0.022	0.014	0.00206047727015713	LOC100996919	c17
1.03075690311028e-07	0.497375774981883	0.045	0.032	0.00214046978499881	PSMB1	c17
1.061696222458e-07	0.759672444226648	0.019	0.012	0.00220471837555628	ZNF207	c17
1.08888731469138e-07	-0.611205877150898	0.027	0.042	0.00226118339768812	WSB1	c17
1.1748830966715e-07	-0.922845841966098	0.011	0.021	0.00243976223854803	CCDC109B	c17
1.25339453378502e-07	0.563696061194388	0.035	0.024	0.00260279908885797	NDUFA2	c17
1.34216413672507e-07	0.574766551834743	0.033	0.022	0.00278713804632328	NUCKS1	c17
1.38090995845221e-07	0.515729628262453	0.04	0.028	0.00286759761972186	NDUFA6	c17
1.42772242116179e-07	0.765439387445534	0.018	0.011	0.00296480837978458	FBXW5	c17
1.44304230562667e-07	0.639908505361675	0.026	0.017	0.00299662165186434	ITGAL	c17
1.4569098929572e-07	1.05260865978674	0.011	0.005	0.00302541908371492	ABHD17A	c17
1.49441791934375e-07	0.513371288196011	0.04	0.028	0.00310330825130922	IGFLR1	c17
1.54511959824803e-07	0.59248264442525	0.03	0.02	0.00320859535772186	ZNHIT1	c17
1.5775980942615e-07	0.82838573215137	0.016	0.009	0.00327604020254344	MIB2	c17
1.6489710528715e-07	0.902664425519305	0.013	0.007	0.00342425328839296	SRPK2	c17
1.71818477964569e-07	0.54002331149181	0.038	0.027	0.00356798251341224	COX14	c17
1.7428174833624e-07	-1.29320446265323	0.006	0.014	0.00361913478595036	MARCKSL1	c17
1.84665067257299e-07	-1.57424097641945	0.003	0.011	0.00383475478666506	TNFRSF25	c17
1.8706970218726e-07	0.428174314805642	0.056	0.042	0.00388468943562064	VPS28	c17
1.88237966934593e-07	0.583703208670078	0.032	0.022	0.00390894962136377	ATP5C1	c17
1.97890806715279e-07	0.910828739176682	0.014	0.007	0.00410940049224948	RIN3	c17
1.98181855350145e-07	-0.521489797603215	0.038	0.054	0.0041154444082011	RPS20	c17
2.00980533129481e-07	0.691941574796143	0.022	0.014	0.00417356175096679	ADD3	c17
2.11382265813387e-07	0.670349618925812	0.024	0.015	0.00438956413188079	TWF2	c17
2.12473966633528e-07	0.480348060738543	0.046	0.033	0.00441223439111185	TMEM50A	c17
2.21813335829239e-07	0.282158324635464	0.122	0.1	0.00460617573182998	TCEB2	c17
2.21868383588196e-07	-1.59431567633212	0.003	0.01	0.00460731885359249	FAM102A	c17
2.28067904595792e-07	0.708745767504396	0.022	0.013	0.00473605810683623	COMMD7	c17
2.29770116819017e-07	0.52445732067523	0.037	0.026	0.00477140624586371	CSK	c17
2.51711322158064e-07	0.46649262676997	0.049	0.036	0.00522703731593436	PTPN6	c17
2.63570366263055e-07	0.619605678867288	0.028	0.018	0.0054733022258186	HMGN4	c17
2.74513385513843e-07	0.31741347621278	0.095	0.076	0.00570054496358046	HMGN1	c17
2.8006057085998e-07	-1.30431662391204	0.005	0.014	0.00581573781447833	NAAA	c17
2.963261443491e-07	0.598678138815701	0.029	0.019	0.0061535087135534	RPS19BP1	c17
3.13124320216827e-07	0.942914662497728	0.012	0.006	0.00650233963362263	LAT2	c17
3.17986100795251e-07	-0.546336844123013	0.045	0.062	0.00660329936911419	BATF	c17
3.2930419725314e-07	-1.10187437772039	0.007	0.016	0.00683833096015871	PFKFB3	c17
3.39466696572404e-07	0.799471915043897	0.017	0.01	0.00704936542102254	ENTPD1	c17
3.56584695298598e-07	-0.518844207718394	0.041	0.057	0.00740483778257069	SQSTM1	c17
3.64012844776845e-07	-1.01747447405141	0.009	0.018	0.00755909073463597	CMTM7	c17
3.66728529787505e-07	-1.65489241150282	0.003	0.01	0.00761548464956732	ATP6V1B2	c17
3.84823643575351e-07	-0.832016761745525	0.013	0.024	0.00799124778248574	GRB2	c17
3.85954886756409e-07	0.789034503857992	0.016	0.01	0.00801473917838359	CASP8	c17
3.9420071092123e-07	0.602967347402498	0.028	0.018	0.00818597196299026	GABARAPL1	c17
4.03020817531037e-07	0.423120022118061	0.051	0.038	0.00836913029684951	TMEM59	c17
4.15177075891485e-07	0.769059703124231	0.017	0.01	0.00862156715796257	HSPB11	c17
4.24375695199071e-07	0.739108589046707	0.019	0.012	0.00881258568650391	KRAS	c17
4.29239331887786e-07	-0.198414624871318	0.105	0.084	0.00891358396598176	CCL4L1	c17
4.46196553894494e-07	-0.742136059259405	0.017	0.028	0.00926571763817306	TC2N	c17
4.59666034519606e-07	0.539351248106527	0.033	0.023	0.00954542487283414	OTUB1	c17
5.27338686722207e-07	0.184315758215155	0.234	0.206	0.0109507151684734	RPL36AL	c17
5.43071090251008e-07	-0.763753574657	0.016	0.027	0.0112774142601524	FAM46C	c17
5.4844532848671e-07	0.362130121276141	0.072	0.056	0.011389015691355	ATP6V0E1	c17
5.55718931249462e-07	0.395956525113301	0.062	0.048	0.0115400593263263	ROMO1	c17
5.77234648933871e-07	0.681607796642064	0.021	0.013	0.0119868547197608	PDAP1	c17
6.14881361100791e-07	0.461021060846621	0.046	0.034	0.012768626344619	POMP	c17
6.51719646708626e-07	0.595071229789973	0.028	0.019	0.0135336101835513	MFSD10	c17
6.64706729685582e-07	0.203430992061254	0.193	0.167	0.0138032999486508	ATP5L	c17
6.97307118250164e-07	0.425051927846841	0.051	0.038	0.0144802796175829	HLA-G	c17
6.98425764958615e-07	0.66437785966366	0.023	0.014	0.0145035094351306	CHMP4A	c17
7.33846007433616e-07	0.439693954434214	0.048	0.036	0.0152390461903665	COPE	c17
7.37916838220217e-07	0.58780194868283	0.028	0.019	0.015323581062481	TMCO1	c17
7.73193300849551e-07	0.695374290495011	0.02	0.013	0.0160561320854418	ADRM1	c17
7.73636093779641e-07	0.795186730839585	0.015	0.009	0.016065327123428	IFI35	c17
7.74980757902136e-07	-0.27187977387288	0.404	0.426	0.0160932504185958	ND4	c17
8.37496262593318e-07	0.446174847392615	0.046	0.034	0.0173914473890128	TBCA	c17
8.41277374320661e-07	0.579615575359152	0.029	0.019	0.0174699659551428	LMAN2	c17
8.44550561522705e-07	0.476578994243835	0.042	0.03	0.0175379369605805	FAM96B	c17
8.50375593980592e-07	0.34679716857404	0.075	0.059	0.017658899584601	TRMT112	c17
9.4847923913387e-07	0.574734720072573	0.028	0.019	0.0196961198798539	UQCRFS1	c17
9.63727253556293e-07	0.679466164335681	0.021	0.013	0.02001276014735	RASA2	c17
9.83565787830015e-07	0.423219609439622	0.05	0.037	0.0204247271500781	SF3B5	c17
1.01300331258083e-06	-0.934102667050987	0.01	0.018	0.0210360267890536	H2AFY	c17
1.05044561416934e-06	-1.39206104487011	0.005	0.012	0.0218135536238405	LIPA	c17
1.09640074630888e-06	0.749278683380498	0.017	0.01	0.0227678578978502	KCNAB2	c17
1.10112246237582e-06	0.500857025410778	0.037	0.027	0.0228659090536962	CCDC107	c17
1.11542223644228e-06	-0.466672552177217	0.055	0.073	0.0231628581619604	ND6	c17
1.16751365358334e-06	0.467530044175088	0.042	0.03	0.0242445885303116	C11orf58	c17
1.17854938256241e-06	-0.455322869829458	0.045	0.061	0.0244737564782911	YPEL5	c17
1.19040894919782e-06	0.691661461305986	0.02	0.012	0.024720032239042	NDUFV1	c17
1.1919001167635e-06	0.62142127798379	0.024	0.016	0.0247509978247108	PDCD6	c17
1.19546628438661e-06	0.716804612194657	0.018	0.011	0.0248250528615723	TEX264	c17
1.21023362459156e-06	0.768565488432254	0.016	0.009	0.0251317114482683	SARNP	c17
1.22000584682071e-06	0.21226102757847	0.12	0.1	0.0253346414150788	GSTP1	c17
1.24073666848634e-06	0.492623960819155	0.038	0.027	0.0257651376577872	GBP5	c17
1.26857473647586e-06	0.734991196313197	0.017	0.011	0.0263432229776577	NUDT21	c17
1.31369280322594e-06	-0.955075685940077	0.011	0.021	0.0272801447517899	XIST	c17
1.32410831164808e-06	0.411055889455371	0.052	0.04	0.0274964331996841	ATP5B	c17
1.51118012711237e-06	0.767019557418281	0.016	0.009	0.0313811665196155	TIMM8B	c17
1.52075619979522e-06	-1.06711064181164	0.007	0.015	0.0315800232449475	LIMS1	c17
1.5740864999172e-06	0.723823689823801	0.017	0.011	0.0326874802572806	PUF60	c17
1.58167192687882e-06	0.650473673325013	0.022	0.014	0.0328449992335656	DNAJC8	c17
1.60661293943457e-06	-0.584759379631759	0.03	0.043	0.0333629243002983	CAPG	c17
1.62401128454557e-06	0.612661692617641	0.024	0.016	0.0337242183348733	TLN1	c17
1.83511556275214e-06	0.43208944697582	0.048	0.036	0.0381080097761109	COX7B	c17
1.84252168283752e-06	-0.147926528400428	0.479	0.499	0.0382618052658039	RPL14	c17
1.90819487801645e-06	-0.808027474437792	0.013	0.022	0.0396255748368895	TTC39C	c17
1.93223712228828e-06	0.417239652707868	0.05	0.038	0.0401248360814383	BAX	c17
2.21662422829829e-06	0.747031545486987	0.016	0.01	0.0460304187248422	FIBP	c17
2.32080628094963e-06	0.432911222233952	0.046	0.034	0.0481938632302	SCAND1	c17
2.33136885028881e-06	0.55949748688968	0.028	0.019	0.0484132055450975	C17orf62	c17
2.3657906977399e-06	-0.429935483252434	0.04	0.055	0.0491280096292667	CD27	c17
2.49602434046776e-06	0.546569579923305	0.029	0.02	0.0518324414541536	MDH2	c17
2.5562420741589e-06	0.219282312234745	0.136	0.116	0.0530829229119837	UQCR11	c17
2.57100300174951e-06	0.535616760633598	0.03	0.021	0.0533894483343303	SUMO1	c17
2.58264439365877e-06	0.803727872169907	0.014	0.008	0.053631193478718	APOL6	c17
2.58603507557766e-06	-0.454488037104566	0.047	0.063	0.0537016043794456	ANXA2	c17
2.68434469597327e-06	0.530079232677587	0.03	0.021	0.0557431019565809	NAP1L4	c17
2.70067378760066e-06	0.51390062044957	0.031	0.022	0.0560821918733153	PDCD1	c17
2.74399123351101e-06	0.91902265086333	0.01	0.006	0.0569817219550896	MVD	c17
2.79625419577035e-06	0.298626028193155	0.093	0.076	0.058067014629367	RBM3	c17
2.89219579403285e-06	-0.612317095753849	0.022	0.033	0.0600593378588861	NDFIP1	c17
2.97031184693714e-06	0.395256123950951	0.052	0.04	0.0616814958134967	ICAM3	c17
3.19738545553975e-06	-1.02093840084575	0.007	0.015	0.0663969063697385	PLEC	c17
3.28850952611848e-06	0.519952484540883	0.031	0.022	0.0682891888193763	NDUFS6	c17
3.33302976398655e-06	0.939664526321472	0.01	0.005	0.0692136960789446	GPR25	c17
3.33523648296713e-06	0.32517325038891	0.074	0.059	0.0692595208052955	LIME1	c17
3.35943886760812e-06	0.828633213932728	0.013	0.007	0.0697621075247502	HSH2D	c17
3.45822334246054e-06	-0.159768750043005	0.342	0.368	0.0718134659295356	NACA	c17
3.62659945393354e-06	0.21032103255017	0.146	0.124	0.075309964260384	LOC101929876	c17
3.66174258875021e-06	0.583568781097314	0.025	0.017	0.0760397465979869	GPI	c17
3.79623297831052e-06	0.719145735171599	0.017	0.01	0.0788325740275962	FBXO7	c17
3.97077408824983e-06	-0.537558978906977	0.032	0.045	0.082457094716596	CHMP1B	c17
4.24760173699484e-06	-1.32419782503914	0.005	0.011	0.0882056976704348	GLA	c17
4.31731919721288e-06	0.420386021548786	0.048	0.036	0.0896534504493227	COX5A	c17
4.35868481561091e-06	0.431607892388238	0.044	0.033	0.0905124488809762	SERBP1	c17
4.41359118943367e-06	-0.834965541055634	0.011	0.019	0.0916526346397796	CAMK4	c17
4.79758468112781e-06	-0.505150326857132	0.029	0.042	0.0996266434883001	PPP1R2	c17
4.8890043100936e-06	-0.936461287823838	0.008	0.016	0.101525063503404	ARL4A	c17
4.89069707026368e-06	0.362528844195616	0.058	0.045	0.101560215361096	ARHGDIA	c17
5.09494341832923e-06	-0.807282665417177	0.011	0.02	0.105801595025025	RSL1D1	c17
5.22325081976765e-06	0.244478560103454	0.114	0.095	0.108466026523295	CYTIP	c17
5.39441431874174e-06	-0.62983485701188	0.019	0.03	0.112020407742991	AP2S1	c17
5.48847406691513e-06	-0.863803674836316	0.01	0.018	0.11397365247356	ZBTB20	c17
5.59241289952005e-06	0.650230903385952	0.021	0.014	0.116132046271433	POLR3GL	c17
5.77568502480135e-06	0.602672952523311	0.022	0.015	0.119937875225025	NDUFB3	c17
5.96505557635713e-06	0.725263464990972	0.016	0.009	0.123870344098632	DUSP23	c17
5.96775212925399e-06	0.386016914334609	0.052	0.04	0.123926340716088	CALM3	c17
5.99241713892063e-06	0.754908719953365	0.016	0.01	0.124438534306826	PHYKPL	c17
6.13254402703454e-06	0.577850757390691	0.024	0.016	0.127348409265399	IDI1	c17
6.35238286819777e-06	-0.488861179945689	0.03	0.043	0.131913582640995	ANP32B	c17
6.37385644237727e-06	0.543821983608728	0.027	0.019	0.132359502882406	AGTRAP	c17
6.54069859363758e-06	0.411242489085831	0.046	0.035	0.135824146995478	JAK1	c17
6.78217223362232e-06	0.687087003964217	0.017	0.01	0.140838588603401	EIF6	c17
7.52296289600183e-06	0.619542568694618	0.021	0.014	0.156221847498374	SUPT4H1	c17
7.6784595377407e-06	0.584199072775387	0.023	0.015	0.159450890760723	IRF9	c17
7.76320525822813e-06	0.384418826393127	0.051	0.039	0.161210720392365	NDUFB8	c17
7.91786950157883e-06	0.773934181610989	0.013	0.008	0.164422478069786	YIPF4	c17
8.15192324942665e-06	-1.32644271356194	0.004	0.01	0.169282838197594	BID	c17
8.29905576385203e-06	-1.301674808413	0.004	0.01	0.172338191992151	NABP1	c17
8.35744278460574e-06	-0.848906920056717	0.01	0.017	0.173550656865123	MAT2A	c17
8.66234236674068e-06	-0.514839964822191	0.03	0.042	0.179882201587737	TNFRSF1B	c17
8.7046938560256e-06	0.640481117014713	0.02	0.013	0.180761672614228	TMUB1	c17
9.07287662627171e-06	0.5664328092517	0.024	0.016	0.188407356021158	NDUFA7	c17
9.32246526735322e-06	0.649097676816336	0.019	0.012	0.193590313741857	HLA-J	c17
9.51749980050157e-06	0.258429508692245	0.11	0.093	0.197640400857216	COX6B1	c17
9.61044314264276e-06	-1.01108468005865	0.007	0.014	0.19957046230012	MIDN	c17
9.62935583070253e-06	0.788865236366346	0.012	0.007	0.199963203180369	MYBL1	c17
9.63696363906205e-06	0.359341051250388	0.057	0.045	0.200121186928762	ARF6	c17
9.71989409929812e-06	0.443911540872818	0.037	0.028	0.201843320866025	REEP5	c17
9.8256181264269e-06	-0.302191070734092	0.091	0.11	0.204038786013381	RPL17	c17
9.90812829116702e-06	0.579968342390875	0.023	0.015	0.205752192094374	PIN1	c17
9.92065051688887e-06	0.39678153530465	0.046	0.035	0.206012228633714	CCDC85B	c17
9.95206221407575e-06	-0.217966886017999	0.393	0.412	0.206664523937497	H3F3B	c17
1.03769623152379e-05	0.500288622870229	0.031	0.022	0.21548799943823	PHPT1	c17
1.15979471959588e-05	0.329623829617791	0.079	0.064	0.240842971471281	PGK1	c17
1.17103193001755e-05	-1.03580184772175	0.007	0.013	0.243176490587444	PELI1	c17
1.20409915092839e-05	0.698325191586997	0.016	0.01	0.25004322968179	VDAC3	c17
1.21746010191704e-05	0.773092959988969	0.013	0.008	0.252817764764093	RPA2	c17
1.2189617521299e-05	0.771698377917216	0.015	0.009	0.253129597447294	TMEM208	c17
1.23441732063237e-05	-0.492855369895365	0.035	0.048	0.256339100802519	TUBB4B	c17
1.2421211217892e-05	-0.631961686849099	0.018	0.027	0.257938872150744	SAMHD1	c17
1.24540236120035e-05	0.488513417140581	0.032	0.023	0.258620254326865	PSMD8	c17
1.25608813302301e-05	0.705285406302845	0.015	0.01	0.260839261703559	STK38	c17
1.28580039857408e-05	0.457607635844307	0.035	0.025	0.267009310767893	PRDX6	c17
1.29455159767067e-05	-0.713556115138159	0.014	0.023	0.268826584772292	PRKCQ-AS1	c17
1.32755561296485e-05	-1.04814748832358	0.006	0.012	0.275680198588281	NCF1B	c17
1.33053634421561e-05	-0.7134522325768	0.013	0.022	0.276299177239814	DNPH1	c17
1.33772044477599e-05	-0.345095470785239	0.141	0.161	0.277791027562182	DDIT4	c17
1.36724635843859e-05	0.40859779314728	0.044	0.033	0.283922378793358	PNISR	c17
1.37429334170202e-05	0.625568849151683	0.021	0.014	0.28538575533784	TSPAN14	c17
1.39612775742544e-05	0.30438541899679	0.082	0.067	0.289919890106967	ANAPC16	c17
1.45806293473235e-05	0.598117089666469	0.016	0.01	0.302781349026519	MT1F	c17
1.45847190114836e-05	-0.796439500162581	0.01	0.018	0.302866274992469	TMEM243	c17
1.52242586598684e-05	0.26591401769628	0.093	0.077	0.316146955330828	COX7A2	c17
1.55539674639344e-05	0.798073793341514	0.012	0.007	0.322993688356062	OVCA2	c17
1.59829980230721e-05	-1.0889046258753	0.005	0.012	0.331902936947115	PER1	c17
1.60371811825511e-05	0.845643005163889	0.011	0.006	0.333028104436857	ACTR1A	c17
1.60449666105831e-05	-1.06262151747093	0.006	0.012	0.333189776635368	LPAR6	c17
1.71384217107371e-05	-0.21634275461324	0.146	0.168	0.355896465245166	RPL27A	c17
1.72671581262485e-05	-0.885211016342863	0.008	0.015	0.358569805649675	CCDC167	c17
1.7333824206271e-05	0.513518500187532	0.027	0.019	0.359954193467423	PSMA2	c17
1.75474694288175e-05	0.829829974715489	0.011	0.006	0.364390750158825	DENND1C	c17
1.77396115782416e-05	0.675662680356949	0.016	0.01	0.368380774033765	PHB	c17
1.81769795163925e-05	0.882862249180439	0.01	0.005	0.377463156637407	ITPA	c17
1.86160791931286e-05	0.634822249280839	0.018	0.012	0.386581500524509	TAP2	c17
1.8743851555322e-05	-0.849032355438345	0.01	0.017	0.389234821397816	NINJ1	c17
1.90592523889448e-05	-0.666357278303353	0.015	0.023	0.395784435108827	EIF2S3	c17
1.92109669956544e-05	-0.699569456033004	0.014	0.022	0.398934940631758	TMEM173	c17
1.95482891425626e-05	0.49467165801386	0.029	0.02	0.405939772334455	AURKAIP1	c17
1.96068636423986e-05	0.514713635427913	0.026	0.018	0.407156130398049	SUPT3H	c17
1.96269999643402e-05	0.697535322943731	0.015	0.009	0.407574281259489	DECR1	c17
1.9699822035908e-05	0.536400072242738	0.025	0.017	0.409086504397666	ANP32A	c17
1.99571855179227e-05	-1.10773699289227	0.005	0.011	0.414430914465182	SESN1	c17
2.07052035387379e-05	0.424606189742255	0.039	0.029	0.429964256685431	DYNLT1	c17
2.07219959949657e-05	0.562730626158441	0.023	0.015	0.430312968831457	SNX17	c17
2.12910854140415e-05	0.722518520541315	0.015	0.009	0.442130679707985	LAIR1	c17
2.20490896473465e-05	0.524024837723277	0.026	0.018	0.457871395616798	GHITM	c17
2.20778691754114e-05	0.363386871292923	0.051	0.039	0.458469031296593	PGAM1	c17
2.23403572138911e-05	-0.669354711405226	0.014	0.023	0.463919857903662	RCSD1	c17
2.27760527344322e-05	0.265954699531188	0.059	0.047	0.47296751108322	HSPA5	c17
2.30271948331518e-05	0.720351497916996	0.014	0.009	0.47818272790523	APOA1BP	c17
2.30563058265921e-05	0.66963643277095	0.016	0.01	0.478787246795011	LMO4	c17
2.39890676520793e-05	0.710618467778426	0.014	0.008	0.498156978863078	OASL	c17
2.50610571300905e-05	-0.517831644263791	0.024	0.035	0.52041791236346	PIK3IP1	c17
2.52662202721839e-05	0.807723377656578	0.011	0.006	0.524678330172171	NCBP2-AS2	c17
2.56321284995937e-05	0.468128755342765	0.031	0.022	0.532276780422562	LSM8	c17
2.57867805228807e-05	0.193249113638595	0.145	0.126	0.535488284338141	ARPC1B	c17
2.6974971676701e-05	0.851653682498614	0.01	0.006	0.560162261838373	NFYC	c17
2.73732702146753e-05	0.595311746064566	0.02	0.014	0.568433329277947	MAGOH	c17
2.76076390085778e-05	-0.611098175588545	0.151	0.165	0.573300231652127	TYROBP	c17
2.83277358421503e-05	0.409855738376932	0.042	0.031	0.588253762498094	NDUFB10	c17
2.98898778072025e-05	0.647895764743858	0.017	0.011	0.620693202544367	SCAMP2	c17
3.01057056695095e-05	0.39857388754431	0.043	0.033	0.625175083933034	PAIP2	c17
3.05426293798527e-05	0.49290653746111	0.029	0.021	0.634248241702022	C14orf166	c17
3.13130149323336e-05	0.274829457966491	0.092	0.077	0.650246068084839	COX8A	c17
3.17525990716348e-05	0.20373836513128	0.141	0.122	0.659374472321568	HNRNPA2B1	c17
3.20275927809909e-05	-0.299939359493513	0.072	0.089	0.665084991690056	RPL23	c17
3.21216008134782e-05	0.851948380700209	0.01	0.005	0.667037162492689	APOBEC3H	c17
3.28553990156908e-05	0.487675701695474	0.029	0.02	0.682275215959836	PSMA1	c17
3.45898035845822e-05	0.772973060130942	0.012	0.007	0.718291861237434	GPAA1	c17
3.54702621177849e-05	0.77621385903971	0.012	0.007	0.736575463137922	PIGT	c17
3.60049296703511e-05	0.591630951515993	0.019	0.013	0.747678369534512	ZMYM6NB	c17
3.7273817938311e-05	-1.06693399464891	0.005	0.011	0.774028103306965	SNX2	c17
3.82773416357927e-05	0.650299524181441	0.017	0.011	0.794867276408871	LINC00674	c17
3.85360670251183e-05	0.361280121772809	0.049	0.038	0.800239967843606	DAD1	c17
4.0627049706049e-05	-0.739100098357247	0.018	0.027	0.843661314195814	TNFRSF18	c17
4.23319386933498e-05	0.443659041551172	0.034	0.025	0.879065038906102	TERF2IP	c17
4.4879878025616e-05	0.526125004306657	0.023	0.016	0.931975547079942	MYO1G	c17
4.78488853008195e-05	-0.434626214216226	0.048	0.062	0.993629952156818	ATF3	c17
0.0241686827124015	-2.00780563863195	0.008	0.011	1	MZB1	c17
0.000150484450427538	-1.00248813656289	0.005	0.01	1	NCOA4	c17
9.86842198538651e-05	-0.998282664963068	0.005	0.011	1	SUSD3	c17
6.69677589696599e-05	-0.988052103811551	0.005	0.011	1	NCF4	c17
0.000131011583938215	-0.98496646365938	0.005	0.01	1	VMP1	c17
0.000237956236111034	-0.940576116244962	0.006	0.011	1	OSM	c17
8.07502473459476e-05	-0.919974493008271	0.006	0.012	1	TPP1	c17
0.000265797439293791	-0.889848294303183	0.006	0.011	1	LAP3	c17
0.000633754236400346	-0.877563725508697	0.005	0.01	1	PHTF2	c17
0.000299322798582776	-0.875018225867326	0.006	0.011	1	MXD1	c17
0.000471045259159362	-0.871124309762835	0.006	0.011	1	TUBB2A	c17
0.000850138020830571	-0.862389762887481	0.005	0.01	1	PPIF	c17
5.43745494564867e-05	0.847681137425346	0.01	0.006	1	CARS	c17
0.000559077839811239	-0.840833619521034	0.006	0.01	1	INPP4B	c17
6.88738075006809e-05	-0.83017035747513	0.008	0.015	1	TRADD	c17
0.00112756325607273	-0.811869540732187	0.005	0.01	1	BAG3	c17
0.000166209660034193	-0.799682727547659	0.008	0.014	1	GPCPD1	c17
7.29602119251696e-05	-0.79731731889419	0.01	0.016	1	PIM3	c17
5.65705050654282e-05	0.775611192502825	0.011	0.006	1	PPP2R5C	c17
0.00295565239538973	-0.763489078361294	0.01	0.015	1	CD9	c17
0.000149582218016626	0.760626388683402	0.01	0.006	1	RASA3	c17
0.000157336215168726	0.755829393271712	0.01	0.006	1	ASNA1	c17
0.000106275447147439	0.755171051991708	0.011	0.006	1	RASGRP1	c17
0.000110091218062909	-0.74830441195472	0.01	0.017	1	UBE2J1	c17
8.74173101538845e-05	0.736743954445068	0.012	0.007	1	UBE2E3	c17
0.000161194299461882	0.730374120525623	0.011	0.007	1	F2R	c17
6.2042472760693e-05	-0.729362239188158	0.01	0.017	1	CEBPD	c17
0.000275497185807282	0.727377624016374	0.01	0.006	1	AP1M1	c17
8.54955998657506e-05	-0.726889148026358	0.011	0.018	1	MAF	c17
0.000470664733080021	0.722819753507745	0.01	0.006	1	UBL7	c17
0.000962639166840919	0.710297833253072	0.01	0.006	1	KLF3	c17
0.000305073147692244	0.708363311224486	0.011	0.007	1	URM1	c17
0.000308673145912764	0.705996204939926	0.011	0.007	1	SZRD1	c17
0.000679187224229881	0.703190946758813	0.01	0.006	1	ETFA	c17
0.000167047697825384	-0.702483692085403	0.01	0.016	1	FOSL2	c17
0.000566653811555494	0.699496685797441	0.01	0.006	1	MAGED2	c17
6.82488657460188e-05	0.695632758380865	0.013	0.008	1	BABAM1	c17
0.00013169343901199	0.695434983526774	0.012	0.008	1	GIMAP6	c17
0.000442578286191281	0.694937256470229	0.01	0.007	1	PIP4K2A	c17
0.000697476734352168	0.693959999025596	0.011	0.007	1	RIOK3	c17
0.000345126599403261	-0.689389199791163	0.01	0.016	1	R3HDM4	c17
0.000102602560043876	0.687436875444261	0.013	0.008	1	SF3B4	c17
0.000830107938169974	0.687436875444261	0.01	0.006	1	CDC123	c17
0.000466587767461046	0.686150477640895	0.011	0.007	1	STOML2	c17
0.000676216252217093	-0.681318401156652	0.009	0.014	1	HNRNPLL	c17
0.00109466209742258	0.679884015390336	0.01	0.006	1	MIF4GD	c17
0.000250895568806961	0.679058389591796	0.013	0.008	1	CCDC124	c17
0.00013503163552638	0.677236804702208	0.013	0.008	1	RALGDS	c17
0.000269348566987501	-0.676538654651589	0.013	0.02	1	SSR3	c17
0.00510348574085197	-0.67643059165458	0.007	0.011	1	PLD3	c17
0.000894388181094949	0.676245658116079	0.01	0.006	1	RBBP7	c17
7.0822972906854e-05	0.673321185457103	0.014	0.009	1	SLFN5	c17
0.000879140720280484	0.664798623805436	0.01	0.007	1	RNF4	c17
0.00560194237395464	-0.662077051115001	0.007	0.01	1	TNFSF10	c17
0.000564901917143207	0.661603576460994	0.012	0.008	1	PREX1	c17
0.000205662620529153	0.657025562548167	0.013	0.008	1	BTN3A1	c17
0.000136922490535132	0.656954757167137	0.014	0.009	1	FUNDC2	c17
0.000193240478359783	-0.653885470236408	0.012	0.019	1	PPP1R10	c17
9.31286300783259e-05	0.651068672731678	0.015	0.01	1	PTRHD1	c17
0.00079153329880171	0.650859833670169	0.01	0.006	1	NACA2	c17
0.56960788755905	-0.649376004983377	0.037	0.039	1	MT1X	c17
0.000164489429282307	0.649328157692437	0.014	0.009	1	S1PR4	c17
6.98153758740331e-05	0.644563343648333	0.015	0.01	1	TMEM9B	c17
0.00075978842882773	0.643329077693151	0.011	0.007	1	ADH5	c17
8.70346856533101e-05	-0.641981432615219	0.041	0.053	1	HIST1H4C	c17
8.76297466813005e-05	-0.641675927442617	0.014	0.021	1	DDX21	c17
0.00123600117109503	0.639520423303952	0.011	0.007	1	ZBTB8OS	c17
0.0011439918423691	-0.637423397887208	0.009	0.014	1	LOH12CR1	c17
9.22783065639511e-05	0.637184896773093	0.015	0.01	1	IER3IP1	c17
9.68366990833125e-05	0.637016752457465	0.016	0.01	1	SH3BP1	c17
0.000367784642729036	0.635962863017093	0.013	0.008	1	TMEM109	c17
0.00240498216609782	-0.630580885662937	0.008	0.013	1	CNIH1	c17
0.000646563732737492	0.63045487789033	0.012	0.008	1	NUTM2B-AS1	c17
0.000484625821657188	-0.629710481388638	0.011	0.017	1	METTL9	c17
0.000162883348557871	0.629438712362264	0.014	0.009	1	KXD1	c17
0.000354386294409594	0.628903790629519	0.013	0.008	1	MRPS31	c17
0.000107198638860772	0.627568532047303	0.015	0.01	1	CARHSP1	c17
0.000112904230058021	0.624403620797469	0.015	0.01	1	VPS37B	c17
0.00302597973861389	0.62432461014322	0.01	0.007	1	IKZF2	c17
0.615510569556989	-0.623520414090195	0.044	0.045	1	CCL4L2	c17
0.00726896169899672	-0.622103220170636	0.006	0.01	1	CELF1	c17
0.00065673283680975	-0.621936492441236	0.011	0.017	1	METTL12	c17
0.000827487833572333	0.618366482620398	0.012	0.008	1	C11orf73	c17
0.000133405940279344	0.617516113020652	0.016	0.01	1	CCT3	c17
0.000184838254523888	-0.61729373125888	0.014	0.021	1	RPL13AP5	c17
0.000687164413495194	0.61612705332737	0.012	0.008	1	NFATC2	c17
0.00597264885872522	-0.61321129745377	0.007	0.011	1	NELL2	c17
0.00249520960592015	0.612351968477144	0.01	0.007	1	ARHGEF3	c17
0.00142077788739365	0.611474777667198	0.011	0.008	1	RAB6A	c17
0.000102679311800295	-0.605680995303103	0.014	0.022	1	CD82	c17
0.00151486073687856	-0.605488108740761	0.009	0.014	1	ERN1	c17
0.00140588177080335	0.60412751630793	0.012	0.008	1	CCDC12	c17
0.000281794625921781	-0.598184908311175	0.014	0.021	1	SELM	c17
0.00130057168158346	0.596671411521079	0.012	0.008	1	MRFAP1L1	c17
0.00316438889908589	0.591903132450843	0.01	0.007	1	SDF2	c17
0.00123967895130973	0.591759587846885	0.012	0.008	1	RAB9A	c17
0.00084529825428971	0.591025046580224	0.013	0.009	1	ZFAND6	c17
0.00146515518836004	-0.589278642559497	0.01	0.016	1	TNRC6B	c17
0.00166627592461483	0.58744108546754	0.012	0.008	1	DPY30	c17
0.00225956578232232	0.5864323115161	0.011	0.008	1	DDAH2	c17
0.00456289496220457	-0.585806029048556	0.008	0.012	1	TMEM14C	c17
0.000934187812773136	0.58469639855943	0.013	0.009	1	KANSL1-AS1	c17
0.00211406082279033	-0.584209465000279	0.01	0.015	1	MYCBP2	c17
0.00469494740942625	0.583857204736997	0.011	0.007	1	GTF2H5	c17
0.000398964449127429	0.582389466284324	0.016	0.011	1	PSMD7	c17
8.80956998965649e-05	0.582024635556678	0.018	0.012	1	SRRT	c17
0.0126215185023955	-0.580238912540401	0.006	0.01	1	RALGAPA1	c17
0.000159375930150519	0.579135836376965	0.017	0.012	1	CAPN2	c17
0.00580654272710452	0.578371027080572	0.01	0.007	1	DERL2	c17
7.61216825676212e-05	-0.577385078181823	0.017	0.026	1	TNFAIP8	c17
0.000327298305053389	0.576253182032376	0.016	0.011	1	GTF2A2	c17
0.00115346057375684	0.576137752577509	0.013	0.009	1	THYN1	c17
0.00456708907916315	0.574905056098945	0.01	0.007	1	YIPF3	c17
7.86643811185324e-05	-0.573845074451492	0.017	0.026	1	ARID5B	c17
0.000745020014269137	0.573565185845759	0.014	0.01	1	EMC4	c17
0.00958877815386132	-0.572829871379207	0.009	0.013	1	ATP1B3	c17
0.000242679975518923	0.570813945374898	0.016	0.011	1	MPG	c17
0.000511408904613696	0.57074648085428	0.016	0.011	1	CHCHD5	c17
0.0012692006743283	-0.56979071037253	0.013	0.019	1	PPA1	c17
0.00201446737148527	0.569262618532885	0.012	0.008	1	PSMC3	c17
0.00480821763175464	0.568582058216224	0.01	0.007	1	RBM38	c17
0.00319101388475907	0.566988687821932	0.011	0.008	1	ATP8A1	c17
0.00324475768404347	0.566988687821932	0.011	0.008	1	NUBP2	c17
0.00146102635299321	0.566961864200984	0.013	0.009	1	RAB8A	c17
0.000398177855964202	-0.566799148782123	0.015	0.022	1	DNAJB9	c17
0.0018044139542972	-0.566141880740787	0.011	0.016	1	PAG1	c17
0.00102626618470443	0.564119975937305	0.014	0.009	1	SLC25A39	c17
0.000436622283887131	0.561653751897938	0.016	0.011	1	CDC25B	c17
0.000564986979748601	-0.560723213096733	0.015	0.021	1	IFRD1	c17
0.000661428565839549	0.560534392837927	0.015	0.01	1	SRSF4	c17
0.000638676079781673	0.559970269145555	0.015	0.01	1	SNRPC	c17
0.00358895714471105	0.558323826694805	0.011	0.008	1	PARP15	c17
0.00852406493578861	0.55658408232188	0.01	0.007	1	LASP1	c17
0.00134563520212105	-0.556003686411579	0.015	0.022	1	UGP2	c17
0.000319419306762032	0.5552922516465	0.018	0.012	1	FDFT1	c17
0.000103856816046038	-0.555287629219919	0.018	0.027	1	TOB1	c17
0.00591258597099784	0.554332773655601	0.01	0.007	1	CDK6	c17
0.0017356420881661	0.55375426656264	0.012	0.008	1	ANXA2P2	c17
0.000863661059844939	0.552894752065433	0.015	0.01	1	OBFC1	c17
0.00213680931898912	-0.552654449624052	0.011	0.016	1	GSTO1	c17
0.000512629591696311	0.552445664111336	0.016	0.011	1	POLR2F	c17
0.00222440746578354	0.551177257766296	0.012	0.009	1	BOLA3	c17
0.00343861105245732	0.55076800317314	0.012	0.008	1	SMEK2	c17
0.000587145939166929	0.550598563388943	0.016	0.011	1	PSMD4	c17
0.00356749887905944	0.550426496474684	0.012	0.008	1	HPS1	c17
0.000400446374140994	0.550262096150776	0.016	0.011	1	HIGD1A	c17
0.00730664919666252	0.547397532437657	0.011	0.008	1	EMC7	c17
0.000771422446007592	0.546690555567239	0.016	0.011	1	CPNE1	c17
0.0149851717630476	-0.540547163572807	0.007	0.01	1	SKIL	c17
0.00100209719918049	-0.540020055404397	0.013	0.019	1	USP15	c17
0.00232684619852858	0.539421596235937	0.013	0.009	1	PDCD10	c17
0.00299610163796401	0.538846977579801	0.013	0.009	1	RBM34	c17
6.06971451254062e-05	0.538637298771077	0.022	0.015	1	IMP3	c17
0.0112139737920243	-0.53556805581473	0.008	0.011	1	SNHG16	c17
0.125347878011128	-0.535329543312529	0.016	0.019	1	SEC11C	c17
0.0148646721457372	-0.534836339526419	0.007	0.01	1	USP3	c17
0.000143589218479121	0.534659180616367	0.02	0.014	1	CASP4	c17
0.0096908248832036	0.531526291131405	0.01	0.007	1	FDPS	c17
0.000173572890216499	0.530633769726124	0.02	0.014	1	EIF4H	c17
0.00221170231244656	0.529934972247824	0.014	0.01	1	SDHD	c17
0.000429394441043669	-0.529656911445088	0.017	0.024	1	FGR	c17
0.00414001762435504	-0.529226627437371	0.01	0.015	1	HSBP1	c17
0.0035518247009714	0.528816612442536	0.013	0.009	1	PCMT1	c17
0.013241967645732	-0.528743716958925	0.007	0.011	1	GRAMD1A	c17
0.00182847021269819	0.528584666206683	0.014	0.01	1	PSMA3	c17
0.00657130070304483	0.527930180353628	0.011	0.008	1	LYPLA1	c17
0.00822685637011704	0.526672263633698	0.011	0.007	1	GPR108	c17
0.0017202211188253	0.524627027042628	0.015	0.01	1	MRPL10	c17
0.000630978295360871	0.521347544084462	0.018	0.013	1	FAM195B	c17
0.00200377830468963	0.521223961255429	0.014	0.01	1	PITPNC1	c17
0.00423463251052906	0.520606943000329	0.012	0.009	1	ATP2B4	c17
7.79343647053981e-05	0.514802586743963	0.023	0.016	1	AP2M1	c17
0.00511468400318268	0.514749514290413	0.012	0.009	1	ARHGAP25	c17
0.00206806453735691	0.513197038362526	0.015	0.01	1	MMADHC	c17
0.00121740830500289	-0.511928369402289	0.017	0.024	1	AIM1	c17
0.00358508579463771	0.510784647227713	0.013	0.009	1	ILK	c17
5.72967872824203e-05	0.510083964676279	0.027	0.019	1	CXCR6	c17
0.000249171620759171	0.50985662329322	0.021	0.015	1	HNRNPR	c17
0.00248739724279541	0.508922126336754	0.015	0.01	1	CAMLG	c17
0.00793516210163474	0.507602596549201	0.012	0.008	1	ARL5A	c17
0.00454189728050904	0.507412942103982	0.013	0.009	1	YDJC	c17
0.00402678126349798	0.506899120933762	0.013	0.01	1	ITGB1BP1	c17
0.00661780292424017	-0.506789238317615	0.01	0.014	1	MYLIP	c17
0.00447787113502864	0.506604029808672	0.013	0.009	1	CCS	c17
0.015350926473145	0.50553108259846	0.01	0.007	1	SH3BP5	c17
0.00450537241358005	0.504445457992962	0.013	0.009	1	SFT2D1	c17
0.000398039426649393	0.503350701108659	0.02	0.014	1	LAMTOR5	c17
0.00274495756431368	0.503120781696326	0.014	0.01	1	PSMD9	c17
0.011120896613695	0.502404981611741	0.011	0.008	1	FLJ32255	c17
0.0129251359179776	0.501587359010718	0.01	0.007	1	MRPS12	c17
6.56292066125201e-05	-0.501008213968849	0.023	0.033	1	OCIAD2	c17
0.000237166183219712	0.50071663145897	0.022	0.016	1	BUD31	c17
0.00650949070134716	-0.500696755763387	0.011	0.015	1	LENG8	c17
0.0121040764662405	0.500225683552494	0.011	0.008	1	SDR39U1	c17
0.000559101208754934	0.500094820924539	0.019	0.013	1	LINC00869	c17
0.000111221606287367	0.499765099739037	0.024	0.017	1	RWDD1	c17
0.00212759758658326	0.499213177122031	0.016	0.011	1	RAB14	c17
0.00189610499542147	-0.498513549924127	0.015	0.021	1	SNHG7	c17
0.00372033178833911	0.498042520002353	0.014	0.01	1	ATG12	c17
0.00038175193864301	0.496783306767567	0.022	0.016	1	SS18L2	c17
0.00971131768644791	-0.495784432980332	0.035	0.042	1	TXN	c17
0.0103891634082635	0.49540427683218	0.011	0.008	1	NARF	c17
7.08883675124816e-05	0.495338169423142	0.025	0.018	1	PPP4C	c17
0.0207901147595173	0.495119124795587	0.01	0.007	1	SPAG7	c17
0.00106508252558875	0.494400452038761	0.018	0.013	1	ADSS	c17
0.0115668059745972	-0.494155934421489	0.009	0.013	1	KCNA3	c17
0.00571185862318785	0.493067117032404	0.014	0.01	1	PDLIM2	c17
0.0214965753417799	-0.492953050591493	0.007	0.011	1	CAPNS1	c17
0.0194834327794453	-0.492794032124438	0.008	0.011	1	NMRK1	c17
0.0243093999426681	-0.492419299789876	0.007	0.01	1	POLR2A	c17
0.000311532448804643	-0.492405953489415	0.019	0.027	1	SMCHD1	c17
0.00410954463985145	0.492247565107044	0.015	0.011	1	C6orf1	c17
0.00029182944397459	0.492241739319797	0.022	0.015	1	UBE2L3	c17
0.00204968873464883	0.491774958378278	0.016	0.011	1	MDH1	c17
0.0198394511861414	0.490579546214951	0.01	0.007	1	SNRNP40	c17
0.00316680321912178	-0.489970079552432	0.012	0.017	1	TRAT1	c17
0.0004941209499384	0.489967878373517	0.02	0.014	1	TSC22D4	c17
0.00534989182243121	0.486076085064626	0.014	0.01	1	XRN2	c17
0.0008059535648802	0.485600904249639	0.019	0.014	1	MLF2	c17
0.0001771437647444	-0.485145216128818	0.022	0.031	1	ANKRD12	c17
0.0017675960760676	-0.484944761608938	0.013	0.019	1	ATP1A1	c17
0.0153096973179783	-0.484495493847841	0.01	0.014	1	TUBA1C	c17
0.00869024346011037	0.484065390908807	0.012	0.009	1	CTDSP1	c17
0.00730688816818615	-0.483258495716365	0.011	0.016	1	A1BG	c17
0.00255515243143324	0.482762108640665	0.016	0.011	1	CNPY2	c17
0.0214943793505461	-0.482740367460515	0.008	0.011	1	AZIN1	c17
6.99183976060761e-05	0.482191760722231	0.026	0.019	1	NT5C	c17
0.0288591504249359	-0.481553408971018	0.016	0.02	1	TMEM107	c17
0.0117623487644686	0.478818161294124	0.012	0.009	1	WBSCR22	c17
0.00819369722270758	0.478574102077491	0.013	0.009	1	PHF11	c17
0.000885033091847788	0.477494974020833	0.02	0.014	1	NUCB1	c17
0.0198029025700279	0.477271698458847	0.01	0.007	1	ECHS1	c17
0.0171671305029255	0.477203587369399	0.011	0.008	1	LOC102288414	c17
0.0100824322898125	0.477035326697708	0.012	0.009	1	MECP2	c17
0.00381820040102467	-0.476183910685347	0.013	0.018	1	PPP1CB	c17
0.0106656071299105	0.474814618641863	0.012	0.009	1	TSTA3	c17
0.00156009864942649	0.474060355917779	0.018	0.013	1	ZC3H15	c17
0.0111028040121825	0.473139014457119	0.012	0.009	1	DR1	c17
0.0132865990360776	0.472243011101488	0.013	0.009	1	IRF2	c17
0.0230862435090454	-0.471599809855315	0.008	0.011	1	PTPN1	c17
0.00163095374208844	0.471542163363202	0.018	0.013	1	SH3GLB1	c17
0.0129964259783909	0.471478629506938	0.011	0.008	1	MFF	c17
0.00797187072911274	0.470478340158441	0.013	0.009	1	RNF126	c17
0.00222458937216348	0.469766972450585	0.017	0.012	1	STK10	c17
0.0136285344461599	0.469318189553397	0.012	0.009	1	PPCS	c17
0.0173959595495434	-0.469297023985894	0.013	0.017	1	LOC101928173	c17
0.0276343758293894	0.468879737181433	0.01	0.007	1	RABIF	c17
0.00107598819611147	0.468560255928685	0.02	0.014	1	EIF3I	c17
0.00626935877919762	0.468027572165203	0.014	0.01	1	TXN2	c17
0.00790040616783669	0.467712263445581	0.014	0.01	1	PPP1R7	c17
0.000285958679847244	0.467706702309139	0.024	0.018	1	CHCHD10	c17
0.0196354393623088	0.466752672092814	0.011	0.008	1	MRPS18B	c17
0.00780122470338659	0.466222645305094	0.014	0.01	1	CCDC69	c17
0.00229682092560357	-0.464715828603525	0.016	0.022	1	HNRNPH1	c17
5.87219784569797e-05	0.463938007975745	0.03	0.022	1	ARPC4	c17
0.00404623433377809	-0.463481076888412	0.015	0.02	1	ZC3HAV1	c17
0.00903377541676908	-0.462921231911115	0.012	0.016	1	NKTR	c17
0.0119909746033877	0.46222144255422	0.012	0.009	1	ELAVL1	c17
0.000331477964049469	0.462150245819146	0.025	0.018	1	RNF181	c17
0.000702933323887998	0.461519799495458	0.022	0.016	1	SNRPA	c17
5.35409530137192e-05	0.46130979308426	0.03	0.022	1	NDUFS7	c17
0.00174211893932329	0.461093076772404	0.019	0.014	1	NDUFAB1	c17
0.00894619183172165	-0.460686960377416	0.011	0.016	1	HAX1	c17
0.000657872796114633	-0.460490678675661	0.022	0.03	1	BRE-AS1	c17
0.0349202883361848	-0.459969647725777	0.007	0.01	1	SMARCB1	c17
0.00479126469503821	0.459930670770614	0.015	0.011	1	WDR33	c17
0.011922132002858	-0.459836694736828	0.009	0.013	1	LOC101929910	c17
0.00028524041190189	0.459328938791727	0.025	0.018	1	RAB7A	c17
0.00184935144396595	-0.459287870200636	0.021	0.028	1	ZFAND2A	c17
0.00431563622649764	-0.458821205134011	0.011	0.016	1	ZC3H12A	c17
0.00347542818565442	0.45792035156968	0.017	0.012	1	PPP1R12A	c17
0.036942280326521	-0.456953033890914	0.007	0.01	1	SETX	c17
9.81788032550534e-05	0.45562636759474	0.03	0.022	1	COX7A2L	c17
5.65787901278746e-05	-0.455145598123452	0.029	0.04	1	DDX3X	c17
0.0011150118322189	0.454399608700908	0.021	0.015	1	PPP2R1A	c17
0.0121386446226319	0.454194374325303	0.013	0.009	1	ETNK1	c17
0.00791589708659386	0.45376452924181	0.014	0.01	1	PDCD5	c17
0.000273038471526076	0.448719583560933	0.027	0.02	1	PSMB8-AS1	c17
0.00121191400888852	0.448658009491032	0.021	0.015	1	PNRC2	c17
0.0041707081558386	0.447593752558877	0.016	0.012	1	CLTB	c17
0.000380429951014136	0.446900476137865	0.025	0.018	1	DDOST	c17
0.0141164385149298	0.446102304587276	0.012	0.009	1	PNKD	c17
0.012777136165326	0.444452692291992	0.013	0.01	1	CHMP5	c17
0.0370219975452675	0.444427580325327	0.011	0.008	1	PYCR2	c17
0.0216733651819083	-0.444196001050574	0.009	0.013	1	RBMS1	c17
0.0400728277835064	0.443037578864574	0.01	0.008	1	SNW1	c17
0.00270867538058477	0.442090617858544	0.021	0.016	1	MAF1	c17
6.84463847837589e-05	0.441159958147008	0.033	0.024	1	RNPS1	c17
0.000459919169893926	0.440005349056636	0.025	0.018	1	TMEM256	c17
0.00285287326290995	0.438938562768348	0.018	0.014	1	MRPL51	c17
0.0275720246055378	0.438938562768348	0.011	0.008	1	ISCA1	c17
0.0242913140903092	-0.438359848104334	0.009	0.013	1	CYLD	c17
0.0117434871380586	0.438058736523126	0.015	0.011	1	RAB8B	c17
0.0220737985148354	0.436852989523487	0.012	0.009	1	MRPL14	c17
0.00369737722002126	-0.436630703286131	0.016	0.022	1	ATF4	c17
0.000682913738166931	0.434551384503113	0.024	0.018	1	HP1BP3	c17
0.00562860345503594	0.433391252837722	0.017	0.012	1	THEMIS	c17
0.00111914903498483	0.433159773488507	0.022	0.017	1	RER1	c17
0.0189843735935166	-0.433097529184953	0.01	0.014	1	POLE4	c17
0.0442859994347895	0.43240663077687	0.01	0.007	1	SPATA13	c17
0.00837134631084611	0.432079800584179	0.015	0.011	1	G3BP1	c17
0.0274679741862933	0.431593597097457	0.011	0.008	1	CDC26	c17
0.00946126972082833	0.430820570621988	0.015	0.011	1	PSMA4	c17
0.00744018875703408	0.430455139732726	0.016	0.012	1	ORMDL1	c17
4.89890431037868e-05	0.429973149388111	0.036	0.027	1	MRPL41	c17
0.0346326227896488	-0.42920804340801	0.008	0.011	1	DPYD	c17
6.3256236045227e-05	0.428081251988566	0.034	0.025	1	SNRPF	c17
0.0322847005473423	0.427116854307504	0.011	0.008	1	EAPP	c17
0.00789562677325154	0.426746410078767	0.016	0.012	1	RNF187	c17
0.00601671753276411	0.426030487508513	0.018	0.014	1	LINC01420	c17
0.0232179031373337	0.424695670514004	0.013	0.01	1	UFD1L	c17
0.000637981613176026	0.424633282352483	0.026	0.019	1	RGS19	c17
0.0460454535488227	-0.424270399472315	0.007	0.01	1	PDE3B	c17
0.00138567676492859	-0.42423657020441	0.026	0.034	1	ITM2C	c17
0.0255182679524101	0.423568300728662	0.012	0.009	1	MRPS36	c17
0.0429534270613811	0.423416685464911	0.01	0.007	1	HEXA	c17
5.01286723301561e-05	-0.422678874605563	0.044	0.056	1	PHLDA1	c17
0.0338619781898407	0.422595712904837	0.011	0.008	1	NDUFS2	c17
0.000703764881285653	0.421440055754606	0.025	0.019	1	LAMP1	c17
0.00260722826375933	0.420472071041658	0.02	0.015	1	PPP2CA	c17
0.000170264550131224	0.420251386289062	0.03	0.023	1	PSTPIP1	c17
0.000548748275323224	-0.420063621252842	0.025	0.033	1	TOMM20	c17
0.0187581369997526	0.419803407021969	0.013	0.01	1	SHKBP1	c17
0.000112301133429941	0.419381449032219	0.033	0.024	1	PRPF38B	c17
0.00180105943517091	0.419032903785729	0.022	0.017	1	LPXN	c17
0.000189945955752942	0.418671164183719	0.031	0.023	1	WAS	c17
0.0280327210352023	0.41857339080827	0.012	0.009	1	RTFDC1	c17
0.00486104378966964	-0.418546607904692	0.017	0.023	1	RPS10	c17
0.0207394309643823	0.417239652707868	0.013	0.01	1	SAP30BP	c17
0.00243936947435351	-0.416175362110055	0.016	0.023	1	RNH1	c17
0.000221356893293187	0.415968832601245	0.031	0.023	1	GLIPR2	c17
0.00116882208662391	0.415925460886272	0.027	0.02	1	PSMB6	c17
0.00529619935292676	0.415088856693905	0.018	0.014	1	LSM14A	c17
0.00258892337767974	-0.413949593794595	0.022	0.029	1	LOC284454	c17
0.0126765662599455	0.413595714653884	0.016	0.012	1	COPS6	c17
0.014265183474206	-0.413438140651452	0.012	0.016	1	GCHFR	c17
0.038030994780853	-0.413363765343231	0.009	0.012	1	PPM1K	c17
0.00700978178054932	0.412565259043392	0.017	0.013	1	CMTM3	c17
0.0157747506786336	0.411802432830833	0.014	0.011	1	TOPORS-AS1	c17
0.0268883502581454	0.411538902819892	0.012	0.009	1	PTPLAD2	c17
0.0101303530902236	-0.410866953682113	0.02	0.025	1	DNAJB4	c17
0.00018917721771963	0.410748601490412	0.031	0.023	1	CNOT6L	c17
0.00857144395179606	-0.410659381616979	0.017	0.022	1	SNX3	c17
0.00206586455614264	-0.409058343786603	0.021	0.028	1	TRAPPC5	c17
0.029106275579606	-0.409058343786603	0.01	0.013	1	RBMX	c17
0.0146191495588266	0.408893095688596	0.014	0.011	1	DNAJB14	c17
0.0389851699114181	0.406377382837106	0.011	0.008	1	C15orf61	c17
0.0729548178653565	0.40578679144312	0.01	0.008	1	SLBP	c17
0.0360276950845166	0.405415990171173	0.011	0.009	1	MRPS18C	c17
0.00190735176147617	0.404941848340962	0.023	0.018	1	OPTN	c17
0.00533357414060652	-0.40464801564505	0.017	0.023	1	ELOVL5	c17
0.0361504349471525	-0.404202871214709	0.01	0.013	1	ILF3-AS1	c17
0.0110693922345406	0.403388169796643	0.018	0.014	1	GADD45GIP1	c17
0.00283372192795937	0.403318396014924	0.022	0.016	1	TMED9	c17
0.00528664051331837	0.40090978987722	0.02	0.015	1	SNRPB2	c17
0.0329145923790499	0.400478760635831	0.012	0.009	1	SMNDC1	c17
0.00197491211587598	0.399972744550534	0.023	0.018	1	C1orf86	c17
0.00107648506194331	0.39955657401999	0.026	0.02	1	EWSR1	c17
0.0347682165147627	0.398887260153544	0.012	0.009	1	SUMO1P3	c17
0.0790183686100466	0.397155656866432	0.01	0.008	1	ILKAP	c17
0.0580018362603973	0.397051981465511	0.01	0.008	1	AHSA1	c17
0.00370675201591163	0.395315913629191	0.023	0.018	1	POLR2E	c17
0.00674422476138642	0.394923130287409	0.02	0.016	1	NAPA	c17
0.000378052035636684	0.394672155094206	0.035	0.027	1	DYNLRB1	c17
0.0019789864460786	0.394179485810769	0.025	0.02	1	VPS29	c17
0.0672188311640525	0.393824168457819	0.01	0.007	1	THOC7	c17
5.05192102135003e-05	0.392178588894359	0.044	0.034	1	NDUFB9	c17
0.0290070507179467	0.391931461575937	0.013	0.01	1	CCT7	c17
0.0184205663169244	0.391507091496363	0.016	0.012	1	MRPL43	c17
0.0192415609592004	0.391327686178135	0.015	0.012	1	ZBTB38	c17
0.00274698529219322	0.391317784766794	0.023	0.018	1	TCEB1	c17
0.000808480618359396	0.391081142456748	0.029	0.022	1	UBE2N	c17
0.0256667435161321	0.390269271281192	0.014	0.011	1	GOLPH3	c17
0.000883211895512918	0.389652704249184	0.03	0.023	1	UBXN4	c17
0.00114856235024371	0.388604341999188	0.029	0.023	1	AIP	c17
0.000176815070236936	0.388534761942177	0.037	0.028	1	IFI16	c17
0.00831561750895853	0.386876458334978	0.019	0.014	1	PRPF4B	c17
0.040559050239958	0.386767633769209	0.012	0.009	1	UQCC2	c17
0.0576706219390147	-0.386563705999516	0.008	0.011	1	WNK1	c17
0.0170275053939052	0.386381185272257	0.016	0.012	1	ADAM8	c17
0.0652642623659749	0.385795794701885	0.01	0.008	1	TMEM14A	c17
0.0017918468948351	0.385624361626894	0.028	0.021	1	MRPS6	c17
0.0274822549164266	0.384216601158934	0.013	0.01	1	MFNG	c17
0.0199472354583353	0.383741483406941	0.019	0.015	1	ICAM2	c17
0.000473368880393969	0.383487973350244	0.032	0.025	1	SIGIRR	c17
0.058744237354083	0.383081410004849	0.011	0.008	1	CWC15	c17
0.0689914256425626	-0.382483886979348	0.008	0.01	1	AFF4	c17
0.00519230195873552	0.381819984545256	0.023	0.018	1	PAPOLA	c17
0.0105983814851623	0.381340065339365	0.018	0.014	1	NCOR1	c17
0.0118547216607394	0.381001590553755	0.018	0.014	1	POLR2J	c17
0.000153124573130819	0.380976702211983	0.04	0.031	1	SP100	c17
0.00868521850318978	0.380083320463996	0.02	0.016	1	PTPN7	c17
0.029156557255918	0.379852655335854	0.014	0.011	1	MED30	c17
0.0209068163439094	0.378937798925207	0.017	0.013	1	DNAJA2	c17
0.00319099002351046	-0.377920786102908	0.021	0.027	1	PGLS	c17
0.0242934039261352	0.37767721660695	0.015	0.012	1	PLEKHJ1	c17
0.0356456912491067	-0.377591935585168	0.009	0.013	1	PLSCR1	c17
0.781627639861061	-0.377428129471803	0.014	0.013	1	MT1E	c17
0.0621792226599497	0.377301891361395	0.01	0.008	1	BRWD1	c17
0.0273547054707611	0.377053016256689	0.014	0.011	1	ZRANB2	c17
0.0639058244641065	0.376841755368863	0.011	0.008	1	UQCRC2	c17
0.00260131261422961	0.376213676059773	0.026	0.02	1	RASAL3	c17
0.00267977589647827	0.375453850480426	0.025	0.02	1	LINC00493	c17
0.0120872301396034	0.375326848103899	0.018	0.014	1	LSM6	c17
0.0102936283008928	0.375236907621518	0.02	0.016	1	FGFR1OP2	c17
0.165295479358937	-0.374683297179171	0.015	0.017	1	FKBP2	c17
0.0432714122290382	0.374497563784153	0.012	0.01	1	RBM4	c17
0.015485939980323	0.374424083734858	0.017	0.013	1	COX16	c17
0.0893590130273104	0.374175856782957	0.01	0.008	1	C9orf89	c17
0.00365625622305001	-0.373560199665864	0.022	0.029	1	CNPY3	c17
0.0570516098632463	-0.373465491481013	0.009	0.012	1	RAB10	c17
0.000127809615707885	0.372490776610578	0.041	0.032	1	ATP5J	c17
0.0988766806745585	0.37226132213043	0.01	0.008	1	SMARCE1	c17
0.00117868702017945	0.371868056476941	0.024	0.018	1	C19orf10	c17
0.0404105662178531	0.371775538959257	0.012	0.01	1	DNAJC19	c17
0.00579885832923744	0.371596110435815	0.022	0.017	1	ATM	c17
0.0289110799270529	0.371425138737109	0.014	0.011	1	SMIM7	c17
0.00784871485789271	0.370251664025711	0.021	0.016	1	TMEM14B	c17
0.0400029153910362	0.370130109536828	0.013	0.01	1	TBCD	c17
0.0171812035986618	0.370060413937159	0.017	0.013	1	MOB1A	c17
0.004813401570161	-0.369946361567178	0.022	0.028	1	TCIRG1	c17
0.00524346099731104	0.36880172649867	0.022	0.017	1	POLR2K	c17
0.0277276046915221	0.368223165253935	0.017	0.014	1	TRAPPC6A	c17
0.0529935015557998	0.367380223342201	0.01	0.008	1	PDIA4	c17
0.000167921482464132	0.366653134665277	0.04	0.031	1	PIM1	c17
0.073152045359991	-0.365805145832718	0.008	0.011	1	ZNF292	c17
0.0403035172937322	0.365801981460436	0.013	0.01	1	DIAPH1	c17
0.058402872589376	0.365686616617634	0.011	0.009	1	PHF5A	c17
0.0800264092476932	0.36493798132457	0.01	0.008	1	ABI1	c17
0.0272179687655729	-0.364921412242519	0.013	0.017	1	RTN4	c17
0.00576618940223738	0.364901457861806	0.023	0.018	1	OSTC	c17
0.078339572498903	-0.364793083328297	0.011	0.014	1	BNIP3L	c17
0.0481596858358075	0.364105690799537	0.012	0.01	1	KIF2A	c17
0.0124010272975088	-0.363651180350759	0.016	0.021	1	ID3	c17
0.0423590894784724	0.362287497284199	0.013	0.011	1	DDX46	c17
0.00171138637789769	0.362270978758003	0.031	0.024	1	DNAJB6	c17
0.0711480425910096	-0.361617348869284	0.008	0.011	1	PHF3	c17
0.000998872676621542	0.361306664505563	0.03	0.023	1	ANKRD28	c17
0.00457187167730735	0.361128294759749	0.025	0.019	1	ATRAID	c17
0.00187496418193366	-0.360461428926621	0.027	0.034	1	LRRFIP1	c17
0.000176939368277881	0.360387512410816	0.042	0.033	1	TRAF3IP3	c17
0.00740829014726795	-0.360184580746102	0.022	0.028	1	LINC-PINT	c17
0.0943262201901645	0.360156455692424	0.01	0.008	1	ZNHIT3	c17
0.00251029798352239	-0.360091494638325	0.051	0.061	1	CSTB	c17
0.0110104203002548	0.359550270380876	0.02	0.016	1	RBBP4	c17
0.00256159160787623	-0.358840877922285	0.029	0.036	1	HNRNPU	c17
0.000509052720995309	-0.358238105133815	0.034	0.044	1	EIF4B	c17
0.0488122226574961	0.358081386313987	0.013	0.01	1	PTPRA	c17
0.0666591666019874	0.357781418532288	0.011	0.009	1	CYC1	c17
0.0218203977471594	-0.35752804314652	0.014	0.018	1	TGIF1	c17
0.00829375238873816	0.35731545057123	0.023	0.018	1	RAD21	c17
0.0834479896490123	-0.357226160943935	0.008	0.01	1	MAP2K3	c17
0.00447533539755295	0.356763152705849	0.025	0.02	1	SSBP1	c17
0.0639788508746043	0.355961413508592	0.012	0.009	1	LSM3	c17
0.0521759044872449	-0.355312772015076	0.01	0.013	1	NOL7	c17
0.0995062429255932	0.355180610789938	0.01	0.008	1	GIMAP2	c17
0.0914695784514849	-0.355055904741026	0.007	0.01	1	P2RY10	c17
0.0720941947880438	-0.354727618877511	0.01	0.012	1	LY9	c17
0.00724244215677392	0.352580637698657	0.025	0.02	1	NAA10	c17
0.000145700771329905	0.352413122945216	0.05	0.04	1	UQCRQ	c17
0.0761585082633169	0.352064937389335	0.011	0.009	1	ARPP19	c17
0.00218809652475564	0.351983270590607	0.03	0.023	1	PRKAR1A	c17
0.0180512383294986	-0.350712301721558	0.017	0.022	1	DANCR	c17
0.000318307840994357	-0.349875495329794	0.052	0.064	1	CLDND1	c17
0.0895885515157745	0.349513802548687	0.01	0.008	1	IAH1	c17
0.00586165208433023	0.348909187525622	0.025	0.02	1	SEP15	c17
0.00763431103753906	0.348817379450698	0.024	0.019	1	C9orf78	c17
0.0858262674727773	0.348685415577669	0.011	0.009	1	AKR1B1	c17
0.111462295222996	-0.348527154400883	0.007	0.01	1	TRAF1	c17
0.000103322527821426	-0.348384170728416	0.046	0.059	1	EZR	c17
0.0368796154514025	0.347890669010641	0.015	0.012	1	TRAPPC2L	c17
0.0472591135387666	0.347301317360353	0.015	0.012	1	RNASEH2C	c17
0.0645168023849486	-0.346863582179259	0.01	0.013	1	ADRBK1	c17
0.00407384906718166	-0.34664441088512	0.026	0.033	1	FNBP1	c17
0.00792071545063727	0.346350509371465	0.023	0.018	1	RPN1	c17
0.0142811044026427	0.346267430515247	0.02	0.016	1	MED10	c17
0.101041558154178	0.345808776866211	0.01	0.008	1	MAPRE1	c17
0.0611815391129776	-0.345707576475669	0.01	0.013	1	BNIP2	c17
4.86143139005669e-05	-0.34524985597671	0.07	0.086	1	TAGAP	c17
0.074494880834261	-0.344955675741767	0.009	0.012	1	LMBRD1	c17
0.0363353408878401	0.34482564958702	0.015	0.012	1	CMC2	c17
0.00376120061393159	-0.344154073691627	0.029	0.037	1	PTGER4	c17
0.0864715249870939	0.343432333351849	0.011	0.008	1	NEDD9	c17
0.00144905931765174	-0.343085069332635	0.029	0.037	1	EIF5	c17
0.0101549296640525	0.342638488047008	0.025	0.02	1	RAB11B	c17
0.0734200662557151	0.342616143200095	0.012	0.009	1	CCSER2	c17
0.0333154936084976	0.34164587277487	0.016	0.013	1	EIF4EBP2	c17
0.00101052242405033	0.340822911354674	0.035	0.028	1	ANAPC11	c17
0.00798962853660715	0.340288589523596	0.024	0.019	1	SLC38A1	c17
0.046647866033035	0.340004041061366	0.014	0.011	1	VKORC1	c17
0.0954155512166906	0.339995290693409	0.013	0.011	1	SRA1	c17
0.0924797082990376	0.339960141445045	0.011	0.008	1	HCFC1R1	c17
0.0194088806146285	0.339470527701277	0.02	0.016	1	XRCC5	c17
0.00840983190112428	-0.338484911784483	0.022	0.028	1	CD6	c17
0.00559176111791395	0.338291719521064	0.029	0.023	1	MEAF6	c17
0.00787353211558186	0.338133050833426	0.025	0.02	1	TMC6	c17
0.0356113318167926	0.337721306770185	0.016	0.013	1	RPA3	c17
0.0204048433280754	0.336855356328742	0.019	0.015	1	STAT4	c17
0.0148685194883671	0.336643963835907	0.022	0.018	1	ATP5G1	c17
0.00908101568642433	0.336229098256948	0.022	0.018	1	HM13	c17
0.0243607602184177	0.335821960894045	0.02	0.016	1	SUMO3	c17
6.99893762794183e-05	0.335254419811309	0.053	0.042	1	ZYX	c17
0.0861286934099476	-0.334581960252667	0.012	0.015	1	RANBP2	c17
0.0446313495324417	0.334541233257399	0.015	0.012	1	PPP6C	c17
0.00469346514662751	0.334188017342279	0.029	0.023	1	DCXR	c17
0.0920628911222424	0.333875991075812	0.011	0.009	1	NASP	c17
0.00166140589045571	0.332978460898469	0.035	0.028	1	TOMM5	c17
0.0545494882853873	0.332743221670183	0.016	0.013	1	SRSF1	c17
0.0989105709825754	0.332479980169428	0.011	0.009	1	ZRSR2	c17
0.0190634046128903	0.332218426378407	0.019	0.015	1	DPM3	c17
0.0120562408290457	0.331956220845872	0.025	0.02	1	SF3B6	c17
0.0019012408719187	-0.331335806830467	0.034	0.042	1	TRA2B	c17
0.00657670750089775	-0.330632430801808	0.025	0.032	1	DDX17	c17
0.126346167744714	0.330502330728986	0.01	0.008	1	GLG1	c17
0.0549934598326534	0.330323653315125	0.014	0.011	1	DBNL	c17
0.00829506140853276	0.330300682110181	0.025	0.02	1	TCF25	c17
7.33928525357113e-05	0.330178071729714	0.054	0.043	1	ARF5	c17
0.00536555292190892	-0.328491068196243	0.027	0.034	1	ISCU	c17
0.111264595615952	0.327978448871495	0.01	0.008	1	U2AF1L4	c17
0.0295819734564625	0.327907250379604	0.018	0.015	1	RAB2A	c17
0.0355905779288424	0.327863614330938	0.017	0.013	1	LAMTOR2	c17
0.0914403512654407	0.327595113848553	0.012	0.009	1	SPTAN1	c17
0.0257746482180009	-0.327032893582811	0.016	0.02	1	NEU1	c17
0.093590901802209	-0.326498522735504	0.009	0.011	1	GADD45G	c17
0.0116560351886424	-0.325326076477648	0.022	0.028	1	ZNF706	c17
0.00280583621883606	0.324713407612129	0.03	0.024	1	PDIA6	c17
0.0138056139767524	0.324489077758956	0.024	0.019	1	HMHA1	c17
0.00666653584348644	-0.324407229936947	0.029	0.036	1	PMAIP1	c17
0.0898660651949445	0.324100016854211	0.012	0.01	1	XRN1	c17
0.0004238973769797	-0.323611321676442	0.123	0.138	1	ANXA1	c17
0.0168075164257212	-0.322967341830891	0.019	0.024	1	PAK2	c17
0.0380147166586113	-0.322850924456047	0.015	0.019	1	AMD1	c17
0.0179455472386821	0.322314790015029	0.019	0.015	1	PTTG1	c17
0.135932749428258	0.322057262472729	0.01	0.008	1	HDAC1	c17
0.00931859665690937	0.321706455166225	0.026	0.021	1	SH3KBP1	c17
0.0131511260983111	0.321366523317328	0.024	0.019	1	C19orf66	c17
0.00253241066541455	0.321061644913859	0.034	0.027	1	ANXA11	c17
0.000250783956062353	0.32070076648	0.05	0.04	1	WIPF1	c17
0.078766307746367	0.320654544772638	0.013	0.011	1	LRPAP1	c17
0.0130586813542736	0.320496429076933	0.024	0.019	1	SET	c17
0.0565312674904342	-0.320152449452475	0.012	0.015	1	WASF2	c17
0.0506570643678386	0.31992953594242	0.016	0.013	1	KPNB1	c17
0.0033941731240111	0.319237181972869	0.032	0.025	1	P4HB	c17
0.0273276408877167	0.31867189454046	0.019	0.015	1	SDF4	c17
0.0237242873732445	0.318385775759613	0.02	0.017	1	FERMT3	c17
0.0328301046418848	0.317081814966664	0.019	0.016	1	MACF1	c17
0.0861790596755401	-0.316502226090642	0.01	0.012	1	VOPP1	c17
0.0219464363192946	-0.316339815301223	0.02	0.025	1	MZT2A	c17
0.000331289613152463	0.315987021590994	0.052	0.042	1	TAPBP	c17
0.0110376809360721	-0.314680189827035	0.023	0.029	1	GDI2	c17
0.112924674166262	0.314359138241159	0.013	0.011	1	TAF15	c17
0.00567234438226552	-0.314101924803418	0.028	0.035	1	SNHG5	c17
0.00030393678029919	0.313814254257921	0.052	0.042	1	PET100	c17
0.0122669370014617	0.313475319168333	0.025	0.02	1	SYTL1	c17
0.0882238533901949	0.313150492870119	0.013	0.01	1	PSMD13	c17
0.142036732346872	0.312494871390583	0.01	0.008	1	ELOVL1	c17
0.0523938643648937	0.311988004561462	0.016	0.013	1	PPP3CC	c17
0.0919559722934394	0.310386209318811	0.014	0.012	1	NDUFB6	c17
0.0867673729013507	0.310324448791356	0.013	0.01	1	MRPL55	c17
0.139173745269568	0.309408412611231	0.01	0.008	1	DCTN2	c17
0.0665852351919191	0.309397826859591	0.015	0.012	1	NRBP1	c17
0.0789576238133019	-0.308594222352793	0.009	0.012	1	RNF145	c17
0.00163400078106362	-0.308217654279774	0.038	0.047	1	EIF3H	c17
6.52824431873622e-05	-0.307062845120949	0.052	0.065	1	RPS18P9	c17
0.108488836121688	0.307015448559262	0.011	0.009	1	PNP	c17
0.0577985954048693	0.304704366243326	0.016	0.013	1	THRAP3	c17
0.0294628495284458	-0.301674808413003	0.018	0.022	1	CEBPB	c17
0.0630174541988234	0.30147277083939	0.016	0.013	1	RAB11A	c17
0.827213892817717	-0.301448662940184	0.026	0.026	1	FABP5	c17
0.0728153946913749	0.300960780289326	0.015	0.012	1	MPC2	c17
0.000391072157612861	0.300940956814072	0.048	0.039	1	ISG15	c17
0.150282753379109	0.300714764066337	0.01	0.008	1	ERLEC1	c17
0.141001212847183	-0.300183650615249	0.008	0.01	1	ABTB1	c17
0.000439428059701468	0.298318731230015	0.05	0.04	1	LCP2	c17
0.0327589058727567	-0.29723217281042	0.273	0.277	1	CRIP1	c17
0.0945863511667458	-0.297222042406371	0.011	0.013	1	BTF3L4	c17
0.169589639918683	0.29696262920523	0.01	0.008	1	POLR2C	c17
0.0121127553024954	-0.295958156701694	0.072	0.081	1	CITED2	c17
0.103394457445571	-0.295219786275704	0.01	0.013	1	TM9SF2	c17
0.138863195201541	0.294969497355789	0.011	0.009	1	PIH1D1	c17
0.0295386461171965	0.294527443411916	0.022	0.018	1	CLTA	c17
0.0535896638021404	-0.294515016840136	0.018	0.022	1	H1FX	c17
0.00161574457202742	-0.294247436472952	0.044	0.053	1	SF1	c17
0.0113167804038033	0.294228048057002	0.032	0.026	1	TECR	c17
0.138874817025511	0.294169998836636	0.011	0.009	1	SSBP4	c17
0.116986424385819	0.293934936507662	0.012	0.01	1	RGL4	c17
0.134587496251932	-0.293759601586084	0.01	0.012	1	LOC101927902	c17
0.00240814644622228	0.293458091340244	0.04	0.033	1	UQCRHL	c17
0.0794236251994115	-0.293218740330527	0.013	0.016	1	ANKRD10	c17
0.126560331290438	0.293007882242851	0.012	0.01	1	MRPL34	c17
0.000338370216473551	0.292953742846185	0.053	0.043	1	C11orf31	c17
0.113099860570923	-0.292104656962231	0.01	0.012	1	TANK	c17
0.14557126810636	0.292088877342289	0.013	0.011	1	ARL6IP6	c17
0.0245677615078415	0.291979360136541	0.025	0.021	1	CAPZA1	c17
0.0720514122631165	0.290549916088258	0.016	0.013	1	SRSF9	c17
0.0247437376091676	-0.290055725146169	0.022	0.027	1	UBE2B	c17
0.203167542371091	0.289037125073275	0.011	0.009	1	NDUFA10	c17
0.000742390634812675	0.288617517573387	0.055	0.045	1	C19orf53	c17
0.0863654669689497	0.288432406450709	0.015	0.012	1	NUDC	c17
0.0352402248752847	-0.288254292650682	0.02	0.024	1	GNAS	c17
0.00607284918296924	0.287267543220699	0.036	0.029	1	FKBP8	c17
0.06651039509274	0.287267543220699	0.018	0.015	1	STUB1	c17
0.0437084409353098	0.286836759389224	0.02	0.016	1	ATP5L2	c17
0.141674653871049	0.286785788870718	0.011	0.009	1	SLC7A5	c17
0.138726228893226	0.286570276297454	0.013	0.011	1	TMX1	c17
0.0934774339368796	-0.286502173124066	0.011	0.014	1	EPS15	c17
0.103687633906073	-0.285700786312596	0.043	0.048	1	RNA45S5	c17
0.0168933750903557	0.285454598688322	0.029	0.024	1	SIT1	c17
0.0849662820084505	0.285315373655136	0.016	0.013	1	STARD7	c17
0.0362144368057173	0.284928050689409	0.025	0.021	1	TUFM	c17
0.207815193390802	0.284928050689409	0.011	0.009	1	TNFRSF1A	c17
0.0695901508183633	-0.284772058508234	0.014	0.018	1	STXBP2	c17
0.180921788218752	0.284752208768186	0.01	0.008	1	PPIH	c17
0.0440257081448071	0.284448815140157	0.02	0.017	1	VDAC1	c17
0.0244010501914601	0.284381057302425	0.025	0.02	1	MRPL20	c17
0.0355739435089747	-0.284042597506673	0.021	0.025	1	CXCR3	c17
0.00408024470855313	0.283509253399104	0.04	0.033	1	SRSF11	c17
0.0171564171787991	0.283396267664057	0.027	0.023	1	DEF6	c17
0.0694775113566767	-0.283083120186057	0.013	0.016	1	NXT1	c17
0.125006783218291	0.283082778588486	0.014	0.012	1	PPM1G	c17
0.00527431740133616	-0.282671964679397	0.036	0.044	1	EIF4G2	c17
0.110471104124171	-0.281312190571299	0.011	0.013	1	FAM96A	c17
0.0245049122291013	0.281275765438362	0.03	0.025	1	AUP1	c17
0.203375782009937	0.281124035708457	0.01	0.008	1	METTL23	c17
0.0813046322189876	-0.28086417103287	0.013	0.016	1	ATOX1	c17
0.0771747511018122	0.280557899552582	0.016	0.013	1	SEMA4D	c17
0.155481069427727	-0.280101396464651	0.009	0.011	1	OTUD6B-AS1	c17
0.0136728776194826	0.279417879705913	0.03	0.025	1	MRPL33	c17
0.00526120659071221	-0.279404039650683	0.041	0.049	1	BRD2	c17
0.161163791183264	0.279389567696946	0.011	0.009	1	CNOT7	c17
0.107145186066023	-0.279322063561215	0.012	0.015	1	PRNP	c17
0.126283654705154	0.278438292646757	0.014	0.012	1	MEA1	c17
0.026934071935302	-0.278260627958761	0.021	0.026	1	MAP3K8	c17
0.0468022634653353	0.277929621756616	0.02	0.017	1	KHDRBS1	c17
0.0886869511667196	0.277588602862274	0.016	0.013	1	SLTM	c17
0.0191377776661889	0.277435935019678	0.025	0.02	1	TMEM2	c17
0.0699575658092512	0.276879451315606	0.018	0.015	1	SF3A2	c17
0.182681479680572	0.276744846441381	0.013	0.011	1	C19orf24	c17
0.0413018626616084	0.27671809246052	0.022	0.018	1	RBL2	c17
0.10790101470732	0.276662215493114	0.014	0.012	1	SARS	c17
0.0938445472258557	0.27625153303569	0.016	0.013	1	LBR	c17
0.106624434698501	0.275710285593255	0.015	0.012	1	RNF114	c17
0.00707776825907522	0.274755964380425	0.037	0.031	1	SEC11A	c17
0.162476682966274	-0.274331141247067	0.008	0.01	1	NIPBL	c17
0.0736000687803969	0.274069162278775	0.021	0.018	1	RPN2	c17
0.103931177820746	0.273605138910814	0.015	0.012	1	EPB41L4A-AS1	c17
0.120896896886473	0.273526812026948	0.014	0.012	1	GYG1	c17
0.133560731507236	0.27328099113781	0.014	0.012	1	DHPS	c17
0.0666872619418404	0.272735394576367	0.02	0.017	1	IK	c17
0.00517355680883622	-0.272449736659178	0.049	0.058	1	SOCS1	c17
0.114214791450255	0.272025378745075	0.016	0.013	1	TMEM160	c17
0.0549833434652584	0.271871505304512	0.02	0.017	1	DDX6	c17
0.194060391367882	0.271744944291692	0.01	0.009	1	SRPR	c17
0.151810070011806	-0.271669670575349	0.01	0.012	1	RNF113A	c17
0.1455322185306	0.271220799969744	0.012	0.01	1	MIER1	c17
0.103498425420433	0.271044096553406	0.015	0.013	1	STRA13	c17
0.132897735983757	-0.270902459618187	0.01	0.012	1	TMEM167A	c17
0.100239823959721	0.270674695695956	0.016	0.013	1	TOMM22	c17
0.188729087318795	0.270562015956696	0.011	0.009	1	C18orf32	c17
0.0372022001589448	0.269509650530498	0.025	0.02	1	XRCC6	c17
0.0903372934148787	0.269278251729657	0.017	0.014	1	LSM4	c17
0.218963015850428	0.268788122613039	0.01	0.008	1	TXNDC12	c17
0.155281340100481	0.268655528059304	0.012	0.01	1	SRP19	c17
0.0293195360063983	0.26842996368242	0.027	0.022	1	LAMTOR1	c17
0.206905089498599	0.268144206047611	0.01	0.008	1	ATP2A3	c17
0.153441401574778	0.266985879979053	0.012	0.01	1	TMEM147	c17
0.16983439544164	-0.266676725648203	0.01	0.012	1	JARID2	c17
0.0164450371344708	0.266602261006936	0.031	0.026	1	TMED10	c17
0.0364997124895797	-0.266369350785141	0.027	0.033	1	H3F3C	c17
0.0453032531145948	0.26619536212865	0.022	0.019	1	NHP2	c17
0.0884485604136128	0.266105167516021	0.017	0.014	1	GSDMD	c17
0.151886008066994	-0.265973565185927	0.01	0.012	1	TOP1	c17
0.144308036573976	0.265234504904012	0.013	0.011	1	CCT8	c17
0.00789934793673302	-0.265006521347756	0.051	0.06	1	KLF2	c17
0.0256235306443996	-0.26495753368801	0.022	0.027	1	TMEM219	c17
0.0301183197886669	0.264193746262769	0.026	0.022	1	TGFB1	c17
0.0181638181835273	0.264017092952607	0.033	0.027	1	POLR1D	c17
0.133213674677705	0.26341146793489	0.014	0.012	1	TAOK3	c17
0.174128207336329	0.262571715268055	0.012	0.01	1	NAA50	c17
0.124293332530105	0.26188521557593	0.016	0.014	1	ABHD14B	c17
0.166501136121854	-0.26164449175709	0.009	0.011	1	TMPO	c17
0.0116191066669811	-0.261616295560748	0.044	0.052	1	CCNH	c17
0.00600085984672658	0.261592621208835	0.032	0.026	1	MIR4435-1HG	c17
0.0926977036364315	0.261424406314353	0.017	0.015	1	RAB24	c17
0.00387582259469132	-0.261117986398541	0.048	0.057	1	LAMTOR4	c17
0.107070635512247	-0.261032823915657	0.014	0.017	1	HLA-DRB3	c17
0.0907918345507589	0.260415528622268	0.017	0.015	1	PAFAH1B1	c17
0.0025762868802056	0.260262558218111	0.049	0.04	1	UBXN1	c17
0.102318957148631	0.260204079195112	0.017	0.014	1	ATP6AP2	c17
0.189278868237306	-0.259823523726754	0.011	0.013	1	ARRDC3	c17
0.00434690459832828	0.259757171349044	0.046	0.039	1	TSTD1	c17
0.153929103791721	-0.25915797629522	0.01	0.012	1	LOC100131564	c17
0.000120772818799789	0.25867966913875	0.079	0.066	1	UBE2D3	c17
0.0398089352918622	0.258331664862342	0.028	0.024	1	SSU72	c17
0.186550942280232	-0.257984958065796	0.009	0.01	1	TGFBR2	c17
0.219966674782505	0.257752600201016	0.01	0.009	1	CYTH4	c17
0.0645743546386683	-0.257390112623253	0.019	0.022	1	SRRM2	c17
0.156531566460391	0.257292483775209	0.014	0.011	1	TCP1	c17
0.116195152601445	-0.257280689054549	0.013	0.016	1	SVIP	c17
0.0593262881621471	0.256129314470388	0.022	0.018	1	DDX39A	c17
0.0273210390376837	0.255806955886046	0.028	0.024	1	MRPL52	c17
0.0171133275062302	-0.25568269131435	0.044	0.052	1	KMT2E-AS1	c17
0.166357145153536	0.255484954113521	0.013	0.011	1	PRPF40A	c17
0.19793967433239	0.254628133411975	0.012	0.01	1	MRPL53	c17
0.220402934818023	0.254244893070746	0.01	0.009	1	TMEM248	c17
0.0683054334656219	-0.254100798950112	0.02	0.024	1	RNF19A	c17
0.154427090368805	0.253433288319574	0.014	0.011	1	SDHAF2	c17
0.149009482418221	-0.253330416574306	0.011	0.013	1	PCED1B	c17
0.00183058527875304	-0.253314167660245	0.057	0.067	1	STK17B	c17
0.0406655522616375	0.253173736023104	0.027	0.022	1	RAP1A	c17
0.0438815640437765	-0.252822818947194	0.028	0.033	1	SLC38A2	c17
0.153948515157964	0.252099814554886	0.014	0.012	1	DNAJC15	c17
0.0205123046978381	0.252089355885217	0.029	0.025	1	HSPA6	c17
0.29013845292717	0.251710142712897	0.01	0.009	1	MRPS15	c17
0.167414242099079	0.251534283644101	0.013	0.011	1	SRSF8	c17
0.0305000049381181	0.250293830144515	0.03	0.026	1	C16orf13	c17
0.000540680810087852	0.249832395122674	0.068	0.057	1	GYPC	c17
0.0881243465920199	0.249578668755316	0.02	0.017	1	LINC00116	c17
0.00391016349931219	-0.24947522608606	0.483	0.494	1	CYTB	c17
0.104588915293114	0.249379666271074	0.018	0.015	1	CHIC2	c17
0.158738016846653	-0.249291137106293	0.01	0.013	1	PHIP	c17
0.000273704946637994	0.248727971252565	0.077	0.065	1	H3F3AP4	c17
0.0731690710761401	0.248698377933066	0.023	0.019	1	ATP5EP2	c17
0.230942951278618	0.248503077247295	0.011	0.009	1	IQGAP2	c17
0.000512001761802695	0.247695067810108	0.072	0.06	1	SAMSN1	c17
0.00015167155641088	0.244867473994333	0.084	0.071	1	NDUFA13	c17
0.245858651984553	0.244132503250572	0.01	0.009	1	CD58	c17
0.00069578256929472	0.244101807658054	0.069	0.058	1	RBM8A	c17
0.261995848683378	0.243158119480513	0.01	0.009	1	PPP1R11	c17
0.229480923463235	0.243130565836171	0.011	0.01	1	CNOT2	c17
0.000842262378495456	0.242893501308835	0.071	0.06	1	TMEM258	c17
0.0931518285720706	0.242645707810808	0.019	0.016	1	GBP2	c17
0.215697603426631	0.242624361273644	0.012	0.01	1	ZSCAN16-AS1	c17
0.016940225291935	0.242505592719075	0.035	0.03	1	TPM4	c17
0.184825555777509	0.241796705369929	0.013	0.011	1	PSMF1	c17
0.00755491178218596	-0.24165766626831	0.054	0.063	1	PKM	c17
0.00293923807817702	0.241027094691619	0.055	0.046	1	MYH9	c17
0.124373555731791	0.240492399721881	0.018	0.015	1	C8orf59	c17
0.00776294296186361	-0.240475509192315	0.046	0.054	1	RHOH	c17
0.143089156821954	-0.24035457632944	0.013	0.015	1	MGAT1	c17
0.0678591364821637	-0.23983555459514	0.073	0.079	1	HSPB1	c17
0.0301567753067393	0.239359914773909	0.032	0.028	1	DPP7	c17
0.0805098337569715	0.2388935729497	0.021	0.018	1	MRPS34	c17
0.00575141554166988	0.238723253010787	0.05	0.043	1	ATP5D	c17
0.0322469679706021	0.238294212017498	0.032	0.028	1	EMD	c17
0.000185244064642448	0.237873376170815	0.086	0.073	1	CIB1	c17
0.0468032931961318	-0.237474167986082	0.018	0.022	1	RPL19P12	c17
0.231066630672173	0.236877227351195	0.012	0.01	1	CENPC	c17
0.0498945780480273	0.236872942536276	0.031	0.026	1	TRIM22	c17
0.00790171827094327	0.236859356621896	0.052	0.044	1	ABRACL	c17
0.265344782687754	0.236303920412884	0.012	0.011	1	FAM162A	c17
0.0131336398100945	0.236294511971924	0.04	0.034	1	COX17	c17
0.0543281689795056	-0.235578027999233	0.025	0.029	1	RNF149	c17
0.0537808353520757	0.235031794937699	0.027	0.023	1	RBM25	c17
0.17662796110015	0.234523364752265	0.014	0.012	1	RBM17	c17
0.0241795375930593	0.234361448002576	0.035	0.03	1	LYST	c17
0.00947241366744737	-0.232937622230429	0.063	0.073	1	CYCS	c17
0.145030929196719	-0.232298980109973	0.014	0.016	1	RHBDD2	c17
0.177689359307586	-0.231831852442881	0.011	0.013	1	OSBPL8	c17
0.00164813162631565	0.231060028447213	0.069	0.059	1	MBNL1	c17
0.00190890436352931	0.230966657178071	0.067	0.057	1	NDUFS5	c17
0.283345279998596	0.230527547437688	0.01	0.008	1	PARP10	c17
0.00494583370791259	0.230445670373774	0.056	0.048	1	LAT	c17
0.178680847762093	-0.230192115527333	0.011	0.013	1	EVI2A	c17
0.0980164381277153	0.230176355848592	0.022	0.019	1	TAX1BP1	c17
0.252504389855811	0.229649728706081	0.011	0.01	1	EMC6	c17
0.141848475000595	-0.229645122140349	0.014	0.016	1	RABGAP1L	c17
0.00525927865639704	-0.229415016227156	0.058	0.068	1	SLC25A5	c17
0.157865411925268	-0.229152650710106	0.013	0.015	1	YWHAE	c17
0.236786439443807	-0.22782428105859	0.008	0.01	1	LOC283788	c17
0.00302128782829247	0.22779627316231	0.061	0.052	1	SON	c17
0.0131585059696445	0.22722337274526	0.042	0.036	1	LBH	c17
0.00284658519065538	0.227019472661408	0.066	0.056	1	NDUFA11	c17
0.251156824971625	-0.22684088409948	0.01	0.012	1	SNORD3A	c17
0.312170074276954	0.226573301313832	0.01	0.008	1	NUDT16L1	c17
0.0244157099520787	-0.226558183754733	0.036	0.042	1	PDCD4	c17
0.219682870052396	-0.225947482249758	0.009	0.011	1	MX1	c17
0.0170861812747259	0.224837977728281	0.02	0.016	1	MTRNR2L8	c17
0.283479168646173	0.224656335292928	0.011	0.009	1	COQ10B	c17
0.0245352512223966	-0.224200742313152	0.035	0.041	1	GLIPR1	c17
0.208041142414852	-0.223064973716636	0.008	0.01	1	ABCD4	c17
0.107620557352242	0.222768608440816	0.018	0.015	1	EIF4E	c17
0.267597893613438	0.2225917606206	0.012	0.01	1	DOCK10	c17
0.145796479330458	-0.222508646691179	0.015	0.018	1	CDC42EP3	c17
0.240755992584149	0.222031470547694	0.013	0.011	1	RHEB	c17
0.295807325171523	0.22132193900176	0.01	0.009	1	NCK1	c17
0.223774174592642	0.220122691184669	0.012	0.01	1	LMAN1	c17
0.402488519804366	0.219157354888438	0.01	0.008	1	CCM2	c17
0.0545088571774625	0.218849907888683	0.028	0.024	1	KRT10	c17
0.0330155633256313	-0.218700851800508	0.036	0.041	1	SEPT9	c17
0.166396919327518	-0.216755801675151	0.012	0.014	1	BCL11B	c17
0.23788930240095	0.216729875088226	0.013	0.011	1	ARAP2	c17
0.0654945181233596	0.216662464354027	0.029	0.025	1	SYF2	c17
0.16454940265329	0.216650499277863	0.018	0.016	1	TMC8	c17
0.274178937527347	0.216506005808776	0.012	0.01	1	EIF5B	c17
0.154442619523398	-0.21648015792911	0.012	0.014	1	ROCK1	c17
0.115179895231252	0.215434600125711	0.022	0.019	1	STAT3	c17
0.0465388343479489	0.215301246933186	0.036	0.031	1	MATR3	c17
0.0048092839112751	0.214917532053408	0.059	0.051	1	CUTA	c17
0.250528920229384	0.214907223002027	0.013	0.011	1	FAM50A	c17
0.0869716543849129	-0.214878246692765	0.022	0.026	1	SEC62	c17
0.0171884672536783	0.214811499614082	0.045	0.038	1	ACAP1	c17
0.280515434903838	0.213939645617419	0.011	0.01	1	B3GAT3	c17
0.0550875945081297	0.213819227860456	0.031	0.027	1	TCEA1	c17
0.40341623561524	0.213750265853312	0.01	0.009	1	GALM	c17
0.167070247551756	-0.213537361984047	0.014	0.017	1	ACAP2	c17
0.0261835400839847	0.213483992612696	0.043	0.038	1	ITGA4	c17
0.0240506863988957	0.213221440230644	0.042	0.036	1	SRRM1	c17
0.0292372142189897	0.213199207925486	0.04	0.034	1	ARRB2	c17
0.00412316901293434	0.213148203371555	0.068	0.059	1	RBM39	c17
0.116961651193371	-0.212473909563475	0.019	0.022	1	SBDS	c17
0.349312437945402	0.212368189225798	0.01	0.008	1	ZNF394	c17
0.0644700321621328	0.211945035491812	0.03	0.026	1	PHB2	c17
0.131743003567051	-0.21171686893086	0.018	0.02	1	MGAT4A	c17
0.104047466110729	0.209800966204322	0.026	0.022	1	MGST3	c17
0.0939831209337586	-0.209614255424235	0.013	0.016	1	GATA3	c17
0.200027360683241	-0.209452163963934	0.012	0.015	1	SSH2	c17
0.0852523394237069	-0.209039785277938	0.023	0.027	1	STAT1	c17
0.305143903035771	0.20807127487499	0.011	0.01	1	CSNK1D	c17
0.259034031502642	-0.207515789540238	0.009	0.011	1	TTC3	c17
0.261189007616823	0.207338839074854	0.013	0.012	1	ETFB	c17
0.126683871601234	0.206942258220874	0.022	0.02	1	RSRC2	c17
0.0954322002781331	-0.206649852217203	0.029	0.034	1	CKS2	c17
0.0196457726836399	0.206448008388678	0.044	0.038	1	RPS27L	c17
0.0946253363015226	-0.206437011640078	0.02	0.023	1	H2AFX	c17
0.281279028718263	-0.206377844783757	0.009	0.01	1	ITGB2-AS1	c17
0.181672258062699	-0.205849315912938	0.016	0.018	1	TPR	c17
0.0119725092592319	0.205755905758081	0.054	0.047	1	CD48	c17
0.159883464147922	0.20567744084952	0.02	0.017	1	PCNP	c17
0.0177707451746949	-0.205609992409428	0.055	0.063	1	RPL22L1	c17
0.277602024893503	0.205062525002651	0.011	0.01	1	NUCB2	c17
0.00395404662039579	0.20491334361012	0.075	0.065	1	PTGES3	c17
0.185314467130663	-0.204585553108976	0.012	0.014	1	PNPLA2	c17
0.267546019236961	0.20418953627245	0.013	0.012	1	PTPN2	c17
0.23978342093569	0.204121314243272	0.015	0.013	1	UTRN	c17
0.361977417536712	0.203560499837419	0.01	0.009	1	PSMB7	c17
0.0233295982996814	0.202871204534824	0.049	0.043	1	ARPC5	c17
0.00765962166379191	0.202231439364899	0.063	0.055	1	VAMP8	c17
0.261794741927367	0.201771665087606	0.014	0.012	1	PNN	c17
0.0373048945905975	0.201666508555552	0.04	0.035	1	PTP4A2	c17
0.325584167667003	0.200608693097408	0.011	0.01	1	C17orf89	c17
0.0334413828029465	-0.200539715138419	0.033	0.039	1	TSPYL2	c17
0.272210862015695	0.200390901255532	0.016	0.014	1	EIF2S2	c17
0.158948514955684	-0.199795194393789	0.018	0.02	1	ALKBH7	c17
0.231220441106823	-0.199795194393789	0.012	0.014	1	PHF1	c17
0.346879822061594	0.199554123919525	0.01	0.009	1	JOSD2	c17
0.387917096638405	0.199063784381208	0.011	0.01	1	NDNL2	c17
0.0148085524882365	-0.198810224960575	0.12	0.13	1	SRSF7	c17
0.00333460484235341	0.197740357036342	0.073	0.063	1	TMBIM6	c17
0.288635740532674	0.197589346053355	0.013	0.011	1	PITHD1	c17
0.307788339288605	0.196927407504973	0.013	0.011	1	FLOT1	c17
0.00648807141039816	0.196729065448209	0.067	0.058	1	SEPT1	c17
0.557211463360531	-0.196650011022776	0.02	0.021	1	IRF7	c17
0.128363616517702	-0.195600090999079	0.023	0.026	1	SNHG1	c17
0.254480515873897	-0.194933538433755	0.01	0.012	1	WHSC1L1	c17
0.21922343857736	0.194796558041445	0.016	0.014	1	GTF2B	c17
0.169236860853556	0.194539599266006	0.02	0.017	1	MYO1F	c17
0.0443010980027217	0.194201565327186	0.041	0.036	1	MAP1LC3B	c17
0.284623472512174	0.193922417789329	0.014	0.012	1	GRK6	c17
0.0064951266064878	0.193761763679788	0.065	0.056	1	RAN	c17
0.0475972371595089	0.193580473998558	0.043	0.038	1	DDX24	c17
0.130000550924892	0.193372181302249	0.024	0.021	1	CMPK1	c17
0.0569891105434342	0.192968841718844	0.035	0.031	1	CACYBP	c17
0.312048323852855	-0.192445738658244	0.009	0.01	1	GDI1	c17
0.396865872730747	0.192400054100197	0.01	0.009	1	LSM10	c17
0.2599993347395	0.192115020998235	0.015	0.013	1	ACADVL	c17
0.254207699310574	0.192108315015072	0.015	0.014	1	TMEM50B	c17
0.108221569418488	-0.191856161600227	0.021	0.025	1	AMICA1	c17
0.0723286216543138	-0.19180960577981	0.035	0.039	1	SFPQ	c17
0.111241412774776	0.191203293317436	0.027	0.024	1	EIF1B	c17
0.0129485800396587	0.191046128434565	0.05	0.043	1	PIK3R1	c17
0.266128414629854	-0.190450609461917	0.012	0.014	1	YWHAH	c17
0.307120823567311	-0.190233581249264	0.009	0.01	1	UQCRC1	c17
0.0146536898525617	0.190050213431179	0.061	0.054	1	MORF4L1	c17
0.0305062981775112	0.189799665795442	0.05	0.044	1	PRELID1	c17
0.0962951301420127	-0.189514132777531	0.028	0.032	1	ITK	c17
0.263081482425579	-0.188756922941341	0.012	0.013	1	CHD1	c17
0.0643404264079837	0.188497678716659	0.038	0.033	1	GNB2	c17
0.273601649485269	0.188130459267813	0.015	0.013	1	SSNA1	c17
0.279444931186952	-0.187817582707298	0.011	0.012	1	RTF1	c17
0.215371557328188	-0.187630257487057	0.011	0.013	1	TNIP1	c17
0.395362991387268	0.18680797770038	0.01	0.009	1	PRPF8	c17
0.04486542410861	0.186433401158581	0.043	0.038	1	SNRPG	c17
0.372439738605372	0.185939577995003	0.011	0.01	1	NDUFA5	c17
0.374534879186431	0.185939577995003	0.011	0.01	1	PSMG2	c17
0.107866866966071	-0.185377644940368	0.023	0.027	1	ARF4	c17
0.387762592954024	0.18506415622003	0.011	0.01	1	PRDX3	c17
0.289880765591902	-0.185004788080234	0.01	0.011	1	APEX1	c17
0.259359521145657	-0.184317857774844	0.012	0.013	1	SP140	c17
0.414443623353576	0.184229021585485	0.01	0.009	1	ANKRD11	c17
0.486466820077409	0.184229021585485	0.01	0.009	1	SHARPIN	c17
0.106343464645275	-0.184156765393189	0.025	0.029	1	MTDH	c17
0.34348380543232	0.184029131484836	0.013	0.011	1	ATP6V0D1	c17
0.153837874312629	-0.183462623271828	0.019	0.021	1	AKIRIN2	c17
0.192403898008608	-0.183229620478753	0.017	0.019	1	PRMT9	c17
0.420445473409971	0.182638875801077	0.01	0.008	1	CHORDC1	c17
0.403995903044526	0.182487051520662	0.01	0.009	1	POP5	c17
0.30852982572545	-0.18240563338508	0.01	0.012	1	GABPB1-AS1	c17
0.301753094402872	-0.18209319266033	0.01	0.011	1	SORL1	c17
0.00460887811055219	0.182052874069163	0.067	0.058	1	ITM2A	c17
0.283088047395061	0.181891155086717	0.014	0.012	1	RN7SL1	c17
0.285732106609844	0.181857060024789	0.015	0.013	1	APH1A	c17
0.231110769787851	0.181798641320623	0.019	0.017	1	M6PR	c17
0.00421932929489185	-0.180968227598045	0.089	0.101	1	CCNI	c17
0.173606905461338	0.180646525744021	0.025	0.022	1	ATP5A1	c17
0.175330303300863	-0.180473096992169	0.02	0.023	1	CTSA	c17
0.153867654322539	0.180140162474771	0.025	0.022	1	NDUFC1	c17
0.0006070413243961	0.179798265537714	0.115	0.1	1	LCP1	c17
0.181280925992702	0.179495795193275	0.025	0.023	1	SRSF10	c17
0.261516723259139	0.179272130879094	0.017	0.015	1	CYTH1	c17
0.0556153651076715	0.178926729150523	0.045	0.04	1	CDC37	c17
0.206367832561368	0.178716428859941	0.021	0.019	1	MPHOSPH8	c17
7.37297934066751e-05	-0.178221260659322	0.159	0.179	1	COX7C	c17
0.247520673714098	0.178093448150078	0.017	0.015	1	KDELR1	c17
0.294597889967152	0.178054224457522	0.015	0.014	1	CHMP2A	c17
0.0424737463990356	-0.176563692703221	0.052	0.058	1	ATP6V1G1	c17
0.232055162798061	0.176490669431305	0.02	0.018	1	VDAC2	c17
0.0163726198552446	0.176454320935001	0.075	0.066	1	COX5B	c17
0.311642486189057	0.17503480165613	0.015	0.014	1	RABGGTB	c17
0.33400135007375	-0.174260102286651	0.01	0.012	1	TLE4	c17
0.458298043363792	0.174010291223147	0.01	0.009	1	BAG1	c17
8.01677886188682e-05	-0.173897830647841	0.166	0.187	1	TOMM7	c17
0.00362617954780767	0.173172758520883	0.063	0.054	1	SEC61B	c17
0.166945457618343	0.173161503222617	0.027	0.025	1	SCML4	c17
0.171043155400664	0.172014371489294	0.026	0.023	1	IKZF1	c17
0.352679979788226	-0.171665821209992	0.009	0.01	1	ANP32E	c17
0.441824636524312	0.171508423002492	0.01	0.009	1	SSB	c17
0.105564851311733	-0.171327130343987	0.033	0.037	1	NSA2	c17
0.066722841946798	0.171087680292983	0.05	0.045	1	DYNLL1	c17
0.136208508313234	0.169848467939213	0.029	0.026	1	PRDX2	c17
0.319273687951941	0.169725133484953	0.016	0.014	1	WTAP	c17
0.107574294398714	0.169607501475714	0.035	0.031	1	PRRC2C	c17
0.135559409512408	0.169371096625075	0.028	0.024	1	VAMP5	c17
0.0176336651261344	-0.166972728925156	0.067	0.076	1	SNHG6	c17
0.0438830563772433	0.166771805445498	0.055	0.049	1	C14orf2	c17
0.203685073995312	-0.164787689304314	0.021	0.024	1	HNRNPH3	c17
0.380741524225682	0.164758652977448	0.013	0.012	1	KDELR2	c17
0.0810302542028115	-0.164171284663068	0.038	0.043	1	SMDT1	c17
0.484491434161334	0.163723651986108	0.01	0.009	1	HNRNPAB	c17
0.000156306822249856	0.163465546437087	0.193	0.174	1	ATP5G2	c17
0.277467561310764	-0.163257897458839	0.014	0.016	1	TGOLN2	c17
0.0277386467741173	0.163079087212446	0.057	0.05	1	EPC1	c17
0.000939974044833237	0.162781789968967	0.132	0.117	1	HNRNPDL	c17
0.0728890645825615	0.162653762075821	0.045	0.04	1	NHP2L1	c17
0.671880577659073	-0.161865738761467	0.244	0.243	1	ND5	c17
0.000261229014795855	-0.161751814693461	0.282	0.301	1	RPL21	c17
0.319038784806769	0.16172571242724	0.016	0.015	1	ENY2	c17
0.394863376062177	0.160935253988191	0.013	0.012	1	MTFP1	c17
0.183750925665353	0.160538654764417	0.027	0.024	1	TRABD	c17
0.481885581140431	0.160131617412198	0.01	0.009	1	TIMM13	c17
0.226775687070288	-0.160066886330331	0.016	0.018	1	VASP	c17
0.110515121555702	0.160035589786511	0.036	0.032	1	OXNAD1	c17
0.443402885145993	0.159188765717427	0.011	0.01	1	B3GNT2	c17
0.43230987296738	0.159103235931811	0.012	0.011	1	SMARCA5	c17
0.0375238482831876	0.159093257787108	0.049	0.043	1	SPCS1	c17
0.345547930981315	0.158913279256873	0.014	0.013	1	FAM173A	c17
0.124772844129974	0.158607706763787	0.038	0.035	1	MINOS1	c17
0.141480272096934	-0.15832821568379	0.03	0.034	1	PYCARD	c17
0.383070679822041	-0.158147497035298	0.009	0.01	1	SBDSP1	c17
0.0588791969320264	-0.157779378066984	0.059	0.065	1	RPL21P28	c17
0.175383850762449	0.157756810224295	0.032	0.029	1	VAPA	c17
0.341093481714415	0.157073877647807	0.012	0.011	1	MANF	c17
0.3286214113082	0.156538832067623	0.02	0.018	1	FMNL1	c17
0.240355794149015	-0.156280499043603	0.019	0.021	1	SNORA78	c17
0.102263708602141	0.154626941486054	0.047	0.042	1	HNRNPC	c17
0.384945449668511	-0.154570514380792	0.009	0.01	1	RNMT	c17
0.0103402208794662	0.154225119254042	0.101	0.091	1	YWHAB	c17
0.363157075947589	-0.153991504780664	0.011	0.013	1	HIST1H1C	c17
0.354899415254294	0.15389761476866	0.019	0.017	1	C7orf50	c17
0.390770960309306	-0.153829340441608	0.009	0.01	1	ANXA7	c17
0.363112112011619	0.153754879666798	0.016	0.015	1	OCIAD1	c17
0.378403671988744	-0.153560890440979	0.01	0.012	1	RPAIN	c17
0.359544112391636	0.153469451821196	0.019	0.017	1	CASP1	c17
0.402379163752587	0.153400405180158	0.017	0.015	1	DCK	c17
7.2591682576363e-05	-0.152827292824457	0.704	0.671	1	RPS4X	c17
0.592306469650794	0.151551660697586	0.01	0.01	1	CYB5R3	c17
0.359988797809422	-0.150792254861868	0.012	0.013	1	MTCH1	c17
0.471550540918699	0.149906360257313	0.011	0.01	1	CHCHD7	c17
0.516148055480837	0.149582878778594	0.01	0.009	1	EIF3J	c17
0.185049404647233	-0.149103836574127	0.028	0.031	1	AKAP13	c17
0.362623191934091	-0.148630433767289	0.011	0.013	1	NOP58	c17
0.148569750368728	-0.147861220165151	0.027	0.03	1	ST13	c17
0.501889126668469	0.147857042937584	0.011	0.01	1	DDTL	c17
0.52413817782845	0.147139702850265	0.01	0.009	1	KDM5A	c17
0.349748420888398	-0.146545613981233	0.013	0.014	1	C6orf62	c17
0.274869597926306	0.146177909531332	0.028	0.026	1	CCT4	c17
0.430145455007438	0.146043389660504	0.016	0.015	1	H3F3A	c17
0.495011562733301	0.145830743917487	0.012	0.011	1	SMG1	c17
0.300693407294703	-0.145823243086951	0.016	0.018	1	CAPZA2	c17
0.0591099233353191	-0.145141119523719	0.098	0.106	1	CALM2	c17
0.00149585228467262	0.144596829699658	0.142	0.127	1	C12orf57	c17
0.0389500884900953	0.143888557720276	0.07	0.063	1	SRSF2	c17
0.376016468658227	0.143859819204598	0.02	0.019	1	ARID4B	c17
0.00858813539421974	-0.142226696594208	0.12	0.133	1	ALDOA	c17
0.182950174515962	-0.141803471634613	0.02	0.017	1	STMN1	c17
0.342854571216404	0.140683296865354	0.023	0.021	1	C7orf73	c17
0.308328892715731	-0.139681614552285	0.018	0.02	1	CD5	c17
0.0346052738940562	0.139092965959259	0.016	0.013	1	CCL3L1	c17
0.208008513881302	-0.138912952246766	0.022	0.024	1	RAC1	c17
0.552628311260831	0.138323435309433	0.01	0.009	1	STARD3	c17
0.357748252908013	-0.138116459400806	0.016	0.017	1	RBBP6	c17
0.134393482050455	0.137392317223143	0.046	0.042	1	MRPS21	c17
0.33781020960707	-0.13656748432726	0.011	0.012	1	CLNS1A	c17
0.132989777872701	-0.135940332329602	0.038	0.042	1	RHOG	c17
0.531383548372237	0.135778441128799	0.01	0.009	1	THAP3	c17
0.0305744904833682	0.135230467989495	0.1	0.092	1	RNASEK	c17
0.185618154371599	-0.134227701487688	0.028	0.031	1	TRAM1	c17
0.283592411768588	-0.134125643327938	0.024	0.026	1	FAM65B	c17
0.360578523999813	0.133590499093542	0.02	0.018	1	PFDN2	c17
0.600993177970824	0.133309686183648	0.011	0.011	1	MMP24-AS1	c17
0.440637429588455	0.133094755990025	0.016	0.014	1	LDLRAD4	c17
0.5199109357844	0.133071946041316	0.012	0.011	1	COX20	c17
0.417052834667512	0.13176981676941	0.018	0.016	1	SNX6	c17
0.385144768141045	-0.131639030678481	0.013	0.015	1	SP110	c17
0.432968533995913	-0.13113102289906	0.01	0.011	1	CSNK1A1	c17
0.0157519218485778	-0.130907235110165	0.125	0.136	1	PNRC1	c17
0.144985114227314	0.1307928548235	0.049	0.045	1	UBE2D2	c17
0.482183397046642	0.12985081365441	0.014	0.013	1	SERINC1	c17
0.583309423805393	0.12985081365441	0.01	0.009	1	FLOT2	c17
0.446424600244451	-0.129625772766195	0.01	0.011	1	PRKCB	c17
0.281328116570628	0.129525699277623	0.025	0.022	1	ZNRD1	c17
0.572425114351997	0.129061377223829	0.01	0.009	1	ZFAND2B	c17
0.567050394986284	0.127483799110493	0.01	0.009	1	AMZ2	c17
0.24221853894022	-0.124338748834009	0.031	0.033	1	CSDE1	c17
0.318929768083453	-0.123763197578201	0.314	0.298	1	SRGN	c17
0.0280749100214311	0.122838999016094	0.057	0.05	1	DUSP4	c17
0.62364418846724	0.121615527333685	0.015	0.014	1	RASGRP2	c17
0.445650005361719	0.121063401217379	0.013	0.012	1	DUSP5	c17
0.333746893467371	0.120910006079047	0.027	0.025	1	SPSB3	c17
0.261621702490575	0.12090594503403	0.039	0.036	1	ARGLU1	c17
0.346736301526372	-0.120822740234129	0.023	0.025	1	CHD2	c17
0.270324119002831	-0.120555983851634	0.024	0.027	1	RBPJ	c17
0.284820950358333	0.120405967869961	0.027	0.025	1	IFI6	c17
0.419609742529808	-0.120325783393857	0.014	0.015	1	FBL	c17
0.227282490396127	-0.119982079024281	0.044	0.047	1	RPSAP58	c17
0.285903340584466	0.119323017628582	0.027	0.024	1	SLC3A2	c17
0.349530467237142	-0.119152369152227	0.015	0.016	1	EIF3A	c17
0.334629795914133	0.11871943300237	0.025	0.023	1	C19orf70	c17
0.447913698809881	-0.118228667317072	0.012	0.013	1	KIF5B	c17
0.612133415603647	0.117804684824186	0.012	0.012	1	CDK5RAP3	c17
0.12472092779317	0.115859629376692	0.067	0.062	1	HIGD2A	c17
0.377125610439504	-0.115846837319687	0.03	0.032	1	SNHG9	c17
0.507124416899062	0.114888545096801	0.016	0.014	1	CGGBP1	c17
0.59796352405294	0.114773639673548	0.011	0.01	1	NUDT22	c17
0.636653817235578	0.114528976330237	0.013	0.013	1	HADHA	c17
0.548145169151304	0.114484101758595	0.014	0.013	1	SYAP1	c17
0.527795230594061	0.114403972066504	0.015	0.014	1	LUC7L3	c17
0.444673313998293	-0.114202825388984	0.017	0.018	1	BTG3	c17
0.642760045680114	0.114172511286144	0.01	0.009	1	PCIF1	c17
0.351667848439237	0.113926904811589	0.028	0.026	1	BHLHE40	c17
0.500795008263793	-0.113508926050249	0.013	0.014	1	YPEL3	c17
0.407860901255866	-0.113499613684125	0.02	0.022	1	LOC642441	c17
0.272498745909433	-0.112882055966214	0.037	0.04	1	SEPT6	c17
0.557289473831237	0.11280940417032	0.014	0.013	1	TIAL1	c17
0.18282287932009	-0.112697627536581	0.054	0.05	1	HSP90B1	c17
0.101687456367727	0.11218449966856	0.074	0.068	1	SRSF3	c17
0.360821541142359	0.11108071879675	0.024	0.022	1	CFLAR	c17
0.388070420473921	0.110661013969776	0.018	0.016	1	VIMP	c17
0.334725972281627	-0.110641380283589	0.077	0.08	1	RHOB	c17
0.523216830418645	-0.110470264829822	0.009	0.01	1	LOC100996740	c17
0.64124357922932	0.110186696097467	0.01	0.009	1	MAZ	c17
0.602530564663801	0.110151705696817	0.012	0.011	1	CD46	c17
0.0116681709789706	-0.109378775390443	0.733	0.695	1	RPS27A	c17
0.010026583726967	0.108833032385327	0.207	0.194	1	BTF3	c17
0.0930408363289895	0.108802350520357	0.073	0.067	1	APRT	c17
0.249023474484539	0.108566492828528	0.049	0.046	1	POLD4	c17
0.156354625791153	0.108513291204446	0.06	0.056	1	CNN2	c17
0.360509708990042	-0.107816078450816	0.025	0.027	1	NDUFV2	c17
0.0130731636397054	0.107002885540757	0.19	0.177	1	PCBP2	c17
0.120957615253314	0.105567260142773	0.087	0.081	1	GPSM3	c17
0.492636067444667	-0.104585347230298	0.014	0.015	1	NFE2L2	c17
0.384293079068022	-0.104525996196362	0.018	0.02	1	IL16	c17
0.430687125427779	-0.104500071990093	0.01	0.011	1	GLUD1	c17
0.00119209904467684	-0.103608873876033	0.407	0.424	1	RPL15	c17
0.214735617969848	-0.103579879134487	0.039	0.042	1	ELF1	c17
0.0475252190116317	-0.103206038084681	0.526	0.519	1	RPL3	c17
0.0559008881146817	0.10303693859878	0.046	0.041	1	HMGB2	c17
0.0756615694317664	-0.102215536974605	0.102	0.109	1	EIF3K	c17
0.636449902378052	0.102145705160027	0.012	0.011	1	OGT	c17
0.480607847164706	-0.101986453466488	0.014	0.016	1	DOCK8	c17
0.17792926317314	0.101925578023066	0.075	0.07	1	EIF3F	c17
0.673975331516497	0.101699773340261	0.01	0.009	1	SAT2	c17
0.599698346199034	0.101570713534218	0.017	0.016	1	HNRNPM	c17
0.521138409135716	-0.100712686809844	0.011	0.012	1	BAZ1A	c17
0.531995883715962	-0.100487994204805	0.01	0.011	1	LRP10	c17
