p_val	avg_log2FC	pct.1	pct.2	p_val_adj	gene	seurat_clusters
0	7.40042671669501	0.092	0.001	0	LYPD2	c15
0	6.84349392454907	0.013	0	0	LOC101928343	c15
0	6.56363489607392	0.011	0	0	LOC200772	c15
0	6.55693810034613	0.048	0.001	0	LOC100130520	c15
0	6.21937960051632	0.088	0.001	0	CDKN1C	c15
0	6.15685714224681	0.581	0.01	0	LINC01272	c15
0	5.82814596021564	0.039	0.001	0	FPR2	c15
0	5.76976547269978	0.086	0.002	0	TCF7L2	c15
0	5.68743513573207	0.2	0.004	0	CUX1	c15
0	5.51013005244671	0.019	0.001	0	CCL18	c15
0	5.50711034605014	0.219	0.005	0	LILRB1	c15
0	5.50547757879485	0.029	0.001	0	LOC100507639	c15
0	5.48598297965637	0.148	0.003	0	LILRA2	c15
0	5.40510853120331	0.32	0.008	0	LILRB2	c15
0	5.32960107990071	0.158	0.004	0	LRRC25	c15
0	-5.31103653720054	0.005	0.239	0	PTPRCAP	c15
0	-5.25994509573694	0.007	0.263	0	CD3E	c15
0	5.25462998614559	0.041	0.001	0	CKB	c15
0	5.21424433805837	0.199	0.005	0	PILRA	c15
0	5.07447806213484	0.781	0.048	0	LST1	c15
0	5.06261121385266	0.032	0.001	0	GPBAR1	c15
0	5.04102221937123	0.046	0.001	0	VMO1	c15
0	5.03881810268735	0.045	0.001	0	LILRA1	c15
0	5.01694241228048	0.028	0.001	0	PLA2G7	c15
0	5.00762560140395	0.134	0.004	0	LILRA5	c15
0	-5.00195226148276	0.018	0.397	0	CCL5	c15
0	4.9740110179829	0.018	0.001	0	SIDT2	c15
0	4.96267384322526	0.071	0.002	0	SIGLEC10	c15
0	-4.9144966903464	0.011	0.325	0	IL32	c15
0	-4.86449400277574	0.017	0.264	0	NKG7	c15
0	4.81602732879946	0.031	0.001	0	SLC2A6	c15
0	4.80765508629896	0.18	0.006	0	HCK	c15
0	4.80127935436296	0.092	0.004	0	FBP1	c15
0	4.7586588222341	0.476	0.019	0	FCGR3A	c15
0	4.6699158680581	0.045	0.002	0	SLC31A2	c15
0	4.65426836714782	0.029	0.001	0	MARCO	c15
0	-4.64843257705563	0.016	0.346	0	CD69	c15
0	4.58208876229994	0.08	0.003	0	C19orf38	c15
0	4.51001459456804	0.452	0.023	0	CFD	c15
0	4.49301917019638	0.117	0.005	0	RNF144B	c15
0	4.47813602779275	0.029	0.001	0	MCEMP1	c15
0	4.47329179815401	0.23	0.011	0	PECAM1	c15
0	4.39681289046049	0.182	0.009	0	WARS	c15
0	4.34129498060755	0.513	0.042	0	TIMP1	c15
0	4.33871703638021	0.106	0.008	0	CTSL	c15
0	4.32178298005405	0.131	0.007	0	FAM26F	c15
0	4.30275298232965	0.058	0.007	0	APOC1	c15
0	4.29908796460961	0.761	0.049	0	SERPINA1	c15
0	4.26322311915264	0.046	0.003	0	GPNMB	c15
0	4.22545150730239	0.909	0.085	0	FCER1G	c15
0	4.19141722796938	0.113	0.006	0	LYN	c15
0	4.1800975483787	0.103	0.006	0	SLC7A7	c15
0	4.17376839389468	0.173	0.011	0	HMOX1	c15
0	-4.14742971915566	0.015	0.232	0	IL7R	c15
0	4.14236872427825	0.861	0.072	0	AIF1	c15
0	4.12939771193161	0.936	0.093	0	IFI30	c15
0	4.10958615990591	0.487	0.027	0	MS4A7	c15
0	4.06654889241422	0.053	0.003	0	EMR2	c15
0	4.03838382612823	0.102	0.006	0	MTSS1	c15
0	4.0333813571491	0.501	0.034	0	CD68	c15
0	4.03289124235378	0.317	0.02	0	SPI1	c15
0	4.03044251681744	0.108	0.007	0	BID	c15
0	4.02655884421795	0.207	0.013	0	C5AR1	c15
0	3.92310582750384	0.047	0.003	0	CDA	c15
0	3.87574462844549	0.261	0.018	0	ASAH1	c15
0	3.78591664897226	0.162	0.012	0	SLC11A1	c15
0	3.76676589130596	0.409	0.032	0	BCL2A1	c15
0	3.72154621864335	0.202	0.015	0	CFP	c15
0	3.65703881818427	0.226	0.018	0	FGR	c15
0	3.63139378751838	0.048	0.004	0	TREM1	c15
0	3.6184273689143	0.063	0.006	0	OLR1	c15
0	3.61137261138035	0.125	0.01	0	NAAA	c15
0	3.59875310616895	0.069	0.006	0	CLEC12A	c15
0	3.58678412351515	0.042	0.004	0	CPPED1	c15
0	3.57204871530094	0.161	0.014	0	LTA4H	c15
0	3.56889664592056	0.037	0.003	0	IRAK3	c15
0	3.55215918860642	0.146	0.012	0	CSF1R	c15
0	3.53810550581164	0.069	0.006	0	NUDT16	c15
0	3.52601904297479	0.157	0.017	0	G0S2	c15
0	3.52256211026856	0.749	0.145	0	IFITM3	c15
0	3.51049500573863	0.815	0.095	0	PSAP	c15
0	3.44459425182279	0.076	0.007	0	TBXAS1	c15
0	3.44164181083078	0.058	0.005	0	OAS1	c15
0	3.42864364758556	0.228	0.024	0	PLAUR	c15
0	3.4213034083136	0.548	0.056	0	FCN1	c15
0	3.39603494757785	0.082	0.008	0	FPR1	c15
0	3.37661569119409	0.076	0.007	0	CNIH4	c15
0	3.37481088570191	0.124	0.012	0	HSBP1	c15
0	3.35235380946103	0.959	0.142	0	TYROBP	c15
0	3.34817732191255	0.697	0.075	0	CTSS	c15
0	3.33950603468502	0.091	0.009	0	NCF2	c15
0	3.32928012276137	0.088	0.009	0	IGSF6	c15
0	3.28165525401525	0.094	0.01	0	LGALS9	c15
0	3.2348063889198	0.306	0.036	0	RHOC	c15
0	3.23352741769802	0.05	0.005	0	FAM110A	c15
0	3.21873041576994	0.253	0.027	0	PYCARD	c15
0	-3.21483439704065	0.077	0.532	0	RPL3	c15
0	3.20551885136229	0.213	0.023	0	MAFB	c15
0	3.17175844127105	0.059	0.007	0	EREG	c15
0	3.15311839642692	0.352	0.052	0	CSTB	c15
0	3.12661653417179	0.914	0.185	0	SAT1	c15
0	3.11486232142299	0.088	0.012	0	C15orf48	c15
0	3.10915379978969	0.283	0.033	0	TKT	c15
0	3.1025142300399	0.99	0.435	0	FTL	c15
0	3.05635701160749	0.099	0.012	0	CXCL16	c15
0	3.05146746121036	0.229	0.046	0	CTSB	c15
0	3.01826832565278	0.484	0.058	0	NPC2	c15
0	3.0149816895934	0.062	0.008	0	STX11	c15
0	3.00836565081262	0.054	0.007	0	ACSL1	c15
0	2.98898492878905	0.227	0.033	0	SOD2	c15
0	2.97120299916908	0.864	0.167	0	S100A11	c15
0	2.95004886000551	0.269	0.036	0	NAP1L1	c15
0	-2.92991977441782	0.042	0.275	0	ZFP36L2	c15
0	2.9205150780737	0.06	0.008	0	ATG3	c15
0	2.91903169499262	0.114	0.015	0	VASP	c15
0	2.91312371832639	0.129	0.017	0	CLEC7A	c15
0	2.91285986901658	0.239	0.043	0	GLUL	c15
0	-2.9123136637686	0.05	0.334	0	RPSA	c15
0	2.90950724661067	0.224	0.03	0	CYBB	c15
0	2.9047477249722	0.097	0.013	0	POU2F2	c15
0	2.90406778822491	0.153	0.022	0	IL1B	c15
0	2.90245912087836	0.221	0.03	0	C1orf162	c15
0	2.87535727322456	0.294	0.041	0	C10orf54	c15
0	-2.86517115657535	0.112	0.442	0	JUN	c15
0	2.83800702525996	0.996	0.481	0	FTH1	c15
0	2.8288720693516	0.332	0.051	0	TYMP	c15
0	2.78587596806069	0.105	0.015	0	TMEM176B	c15
0	2.78092283617699	0.275	0.04	0	NAMPT	c15
0	2.77029820815007	0.253	0.052	0	LGALS3	c15
0	2.74430343464399	0.139	0.021	0	VAMP5	c15
0	2.72286568357888	0.084	0.013	0	TNFSF13B	c15
0	2.70389108759566	0.094	0.015	0	NINJ1	c15
0	-2.69967262214255	0.111	0.533	0	RPS29	c15
0	2.69903075648694	0.915	0.121	0	CST3	c15
0	2.69533706033456	0.709	0.221	0	IFITM2	c15
0	2.67588186154347	0.234	0.038	0	ANXA5	c15
0	2.67223740936122	0.187	0.027	0	FGL2	c15
0	-2.66453869015057	0.192	0.719	0	RPS3	c15
0	2.64997296525658	0.519	0.089	0	ATP6V0C	c15
0	2.62305881764595	0.115	0.022	0	PLIN2	c15
0	2.60358216369525	0.084	0.014	0	ARL4A	c15
0	2.60109928477431	0.191	0.032	0	PTPN6	c15
0	2.59438355093464	0.221	0.037	0	TNFRSF1B	c15
0	2.57149701384689	0.132	0.022	0	ZEB2	c15
0	2.54240150554562	0.25	0.043	0	RNASET2	c15
0	2.54059702649863	0.075	0.013	0	RNF130	c15
0	2.53143074031655	0.297	0.056	0	ANXA2	c15
0	2.50810963782554	0.922	0.297	0	S100A6	c15
0	2.50163156802235	0.115	0.02	0	ZFAND5	c15
0	2.49671353098882	0.079	0.014	0	GSTO1	c15
0	2.49630239646319	0.088	0.016	0	STXBP2	c15
0	-2.4690853661953	0.086	0.406	0	RPL23A	c15
0	2.43256082360297	0.144	0.026	0	DUSP6	c15
0	2.42872613877429	0.443	0.142	0	MT2A	c15
0	2.41625676455952	0.198	0.037	0	RHOG	c15
0	2.41342416832041	0.26	0.049	0	FKBP1A	c15
0	2.37508364555353	0.184	0.04	0	GRN	c15
0	2.37215960767431	0.339	0.073	0	RHOB	c15
0	2.35465102681273	0.2	0.04	0	PRELID1	c15
0	2.34594518129698	0.087	0.016	0	KLF4	c15
0	2.33789519003879	0.088	0.017	0	RGS19	c15
0	2.30812552064344	0.676	0.148	0	GABARAP	c15
0	2.28925623971526	0.133	0.027	0	LYST	c15
0	2.27330511380523	0.103	0.021	0	CSTA	c15
0	2.25802467477766	0.298	0.063	0	GNG5	c15
0	2.25705521880718	0.117	0.024	0	FCGRT	c15
0	-2.23977747531798	0.127	0.468	0	RPLP0	c15
0	2.19835556772131	0.122	0.027	0	AP2S1	c15
0	2.17482625401078	0.614	0.155	0	LGALS1	c15
0	2.17041450338717	0.112	0.025	0	PGLS	c15
0	2.14292888543493	0.171	0.038	0	CARD16	c15
0	2.13934863421626	0.172	0.039	0	ATP6V0B	c15
0	2.13920051714599	0.338	0.077	0	TSPO	c15
0	2.13210695544055	0.085	0.015	0	CXCL2	c15
0	-2.11546689942296	0.092	0.338	0	BTG1	c15
0	-2.0888360348385	0.217	0.646	0	RPS21	c15
0	2.07300158516514	0.34	0.075	0	S100A8	c15
0	2.05541630072718	0.478	0.122	0	ALDOA	c15
0	-2.05011419310814	0.291	0.707	0	RPS18	c15
0	2.04926463369756	0.163	0.039	0	ARPC5	c15
0	2.04862645237315	0.415	0.077	0	S100A9	c15
0	2.04100838886155	0.137	0.033	0	EVI2B	c15
0	-2.04085410240836	0.133	0.452	0	RPL5	c15
0	-2.03846914473928	0.127	0.434	0	RPS5	c15
0	2.03811464749365	0.49	0.125	0	ARPC3	c15
0	2.03669479330263	0.891	0.393	0	S100A4	c15
0	2.0173222938715	0.124	0.031	0	CD14	c15
0	-2.01728787273113	0.284	0.708	0	RPS27A	c15
0	2.01086837658536	0.135	0.034	0	SH3BGRL	c15
0	1.98811059650408	0.126	0.032	0	ARRB2	c15
0	1.98582627297932	0.117	0.025	0	C1QA	c15
0	1.98432327400578	0.129	0.032	0	CMTM6	c15
0	1.95656957644234	0.515	0.112	0	LYZ	c15
0	-1.93441805782279	0.189	0.554	0	RPS25	c15
0	-1.88958187386889	0.605	0.88	0	RPS27	c15
0	-1.84378446816118	0.296	0.682	0	RPS4X	c15
0	1.82813074327791	0.565	0.203	0	S100A10	c15
0	-1.81421321175326	0.187	0.499	0	RPS6	c15
0	1.81343220210108	0.325	0.094	0	GSTP1	c15
0	1.80819436172639	0.418	0.123	0	COTL1	c15
0	1.77164504880751	0.323	0.099	0	CALM2	c15
0	1.76402387405226	0.312	0.094	0	YBX1	c15
0	1.75979715784844	0.395	0.119	0	ARPC1B	c15
0	1.74507024285113	0.395	0.129	0	EMP3	c15
0	-1.73864259621355	0.446	0.805	0	RPS15A	c15
0	1.70571417915081	0.274	0.084	0	SERP1	c15
0	1.65366702934919	0.269	0.087	0	TPM3	c15
0	-1.64705741535721	0.235	0.585	0	RPS7	c15
0	1.63678923406895	0.326	0.107	0	SLC25A6	c15
0	-1.60963270826813	0.491	0.824	0	RPL13	c15
0	-1.60517098712903	0.259	0.593	0	RPL36	c15
0	-1.59199371226299	0.15	0.412	0	RPL35	c15
0	1.56712154185392	0.364	0.138	0	GPX1	c15
0	1.55386123779216	0.643	0.242	0	MYL6	c15
0	-1.49709440478023	0.238	0.539	0	RPL18	c15
0	1.4645509378474	0.242	0.088	0	RNASEK	c15
0	-1.45083005780364	0.34	0.629	0	RPS3A	c15
0	1.43018508125036	0.374	0.141	0	RHOA	c15
0	1.42905828475979	0.359	0.134	0	ARPC2	c15
0	-1.41294464280866	0.214	0.486	0	RPLP2	c15
0	-1.37956473897022	0.547	0.793	0	RPL30	c15
0	-1.37426176582114	0.237	0.506	0	RPL14	c15
0	-1.36194931674578	0.521	0.777	0	RPL32	c15
0	-1.35378297926693	0.299	0.596	0	RPL35A	c15
0	-1.32296758314268	0.276	0.562	0	RPL7A	c15
0	-1.25965028163826	0.471	0.735	0	RPL19	c15
0	-1.23756540350311	0.686	0.831	0	RPS12	c15
0	1.23329219836041	0.555	0.291	0	SRGN	c15
0	-1.2286478716537	0.357	0.592	0	HLA-A	c15
0	-1.19451747492788	0.705	0.886	0	RPLP1	c15
0	1.17915700626845	0.647	0.304	0	SERF2	c15
0	-1.17430624950541	0.401	0.688	0	RPS15	c15
0	1.12145214061065	0.979	0.761	0	ACTB	c15
0	1.11348581543331	0.381	0.183	0	ITM2B	c15
0	-1.10803688371061	0.372	0.604	0	RPL37	c15
0	1.06585551544517	0.768	0.412	0	SH3BGRL3	c15
0	-1.04071846277693	0.451	0.658	0	RPS14	c15
0	1.00190206630846	0.756	0.415	0	PFN1	c15
0	-0.970490834780528	0.578	0.748	0	RPL11	c15
0	-0.954508950335676	0.575	0.743	0	RPL34	c15
0	0.901621926272179	0.563	0.298	0	CFL1	c15
0	-0.887125523149559	0.527	0.7	0	RPL18A	c15
0	0.876072331193809	0.562	0.287	0	ND2	c15
0	0.862524953249585	0.95	0.689	0	TMSB10	c15
0	-0.78989233400047	0.918	0.94	0	RPL41	c15
0	-0.787748020330142	0.797	0.866	0	RPL10	c15
0	0.693880233487574	0.79	0.38	0	CD74	c15
0	0.62324753698139	0.904	0.578	0	COX3	c15
0	-0.60290788498542	0.808	0.861	0	RPL28	c15
0	-0.550205768426618	0.935	0.924	0	B2M	c15
0	0.536166524022404	0.967	0.801	0	COX1	c15
0	0.500571037413335	0.969	0.846	0	COX2	c15
4.80656346582774e-308	2.48954608633148	0.077	0.014	9.98130969313789e-304	GRINA	c15
4.3390529255293e-304	-1.05819552710819	0.347	0.571	9.01047730515414e-300	RPL29	c15
3.60499215756574e-298	2.37499857407018	0.082	0.016	7.48612671440101e-294	INSIG1	c15
1.55727796010588e-296	4.15027853317589	0.022	0.001	3.23384341195587e-292	HES1	c15
4.27061456563786e-295	1.19164468383834	0.228	0.085	8.86835820700358e-291	HLA-DRB4	c15
9.00108679612373e-295	3.00102341562983	0.05	0.007	1.86916568408305e-290	THBD	c15
5.13738130550044e-294	-0.940139250067265	0.511	0.672	1.06682860190022e-289	RPS23	c15
8.22311160257111e-294	-4.70572504375148	0.008	0.21	1.70761135538992e-289	CST7	c15
1.32550366839406e-286	5.68554156477284	0.012	0	2.75254091778711e-282	PPM1N	c15
2.35360909826063e-285	4.14615408951138	0.032	0.003	4.88750465344803e-281	SPP1	c15
3.55743168578976e-284	1.63671444666458	0.185	0.063	7.38736263871101e-280	HLA-DRB1	c15
1.15281695064446e-282	5.30633214462962	0.013	0	2.39393967970829e-278	NUPR1	c15
1.23615302172379e-281	-1.45409832661659	0.168	0.401	2.56699536491162e-277	RPL9	c15
1.752509029752e-277	2.71680378564037	0.055	0.008	3.63926025118301e-273	CD300E	c15
1.28139358812147e-275	-1.94403551504999	0.137	0.358	2.66094192509305e-271	TSC22D3	c15
1.97576853965546e-274	1.67750740424481	0.154	0.048	4.10288094944853e-270	FLNA	c15
9.9018485252781e-274	1.35271717552973	0.241	0.097	2.05621786475925e-269	LCP1	c15
2.09223413476823e-272	1.3276602966853	0.241	0.097	4.34473340425971e-268	TCEB2	c15
1.91013145363654e-271	-1.75705936247248	0.108	0.33	3.96657897662164e-267	RPL10A	c15
2.71622346510813e-271	-2.04423826812954	0.08	0.296	5.64050964764354e-267	EEF1B2	c15
4.76936208048623e-271	-1.43618036892603	0.263	0.471	9.9040572963377e-267	RPS26	c15
4.30020583205477e-270	3.12813478657224	0.04	0.005	8.92980743084494e-266	ITGAX	c15
2.06104676978054e-269	5.74180978441958	0.011	0	4.27996972212626e-265	CALML4	c15
6.26662291476827e-269	1.31009514161374	0.237	0.095	1.30132691448078e-264	ITGB2	c15
5.95004609890803e-268	1.92381065799711	0.162	0.054	1.23558657289924e-263	CD63	c15
1.04213447689659e-266	2.79897430433882	0.051	0.007	2.16409645472345e-262	ETS2	c15
2.99239772660936e-264	2.82277794750897	0.051	0.007	6.21401311907699e-260	HBEGF	c15
4.54867316223627e-264	1.40255015222145	0.225	0.089	9.44577468869983e-260	LY6E	c15
6.50303095783265e-264	-1.08050631431403	0.281	0.503	1.35041940870353e-259	RPL6	c15
1.71833014546176e-261	-4.59626614014846	0.008	0.191	3.56828438006589e-257	CD3D	c15
9.6259055801279e-261	-1.66587805856093	0.194	0.409	1.99891555276936e-256	FXYD5	c15
7.7411104498046e-260	4.04761872540094	0.044	0.006	1.60751899600642e-255	APOE	c15
2.18961869260906e-259	-4.64087127641242	0.008	0.19	4.54696217707197e-255	CD7	c15
1.26400291269096e-257	2.70854506134974	0.056	0.009	2.62482844849404e-253	TNFSF10	c15
2.86995321229734e-257	1.63965438827905	0.15	0.048	5.95974484065666e-253	DRAP1	c15
7.7655557646243e-257	-3.38244613186889	0.029	0.22	1.61259531008188e-252	DUSP2	c15
1.14553972807378e-255	2.94479680658344	0.044	0.006	2.37882779931802e-251	MAPKAPK3	c15
6.63678466713458e-254	0.966328714576361	0.524	0.325	1.37819470397717e-249	VIM	c15
3.12174143986179e-252	-5.94288548372765	0.003	0.179	6.482608274017e-248	GZMA	c15
3.41648524415699e-251	3.32002545270015	0.033	0.003	7.09467325801641e-247	PIK3AP1	c15
1.18666590101445e-249	-0.875521623258739	0.437	0.618	2.4642304100466e-245	RPL12	c15
5.52629826409676e-249	2.79224077212632	0.048	0.007	1.14759109752233e-244	CX3CR1	c15
8.53486685393755e-248	2.74513817667192	0.05	0.007	1.77235045088867e-243	UNC119	c15
1.34193805967199e-246	3.66378790231418	0.026	0.002	2.78666857471486e-242	AQP9	c15
7.29137289420392e-244	1.83670475888643	0.114	0.032	1.51412649521039e-239	LRRFIP1	c15
4.83406856324893e-242	1.43416517867608	0.161	0.055	1.00384267784427e-237	VCAN	c15
2.07600968314876e-241	0.529420092172522	0.653	0.419	4.31104170802672e-237	ND4	c15
9.05314213642579e-240	2.35216906220622	0.203	0.082	1.87997549605018e-235	CTSD	c15
3.53310344882288e-238	2.96307554030175	0.04	0.005	7.33684262182559e-234	MYD88	c15
2.35145746959592e-237	2.23466921384766	0.074	0.016	4.88303658136289e-233	MPEG1	c15
5.21142531989656e-237	2.07208134831557	0.087	0.021	1.08220458192972e-232	RNH1	c15
1.39562363553759e-236	1.84788246899206	0.109	0.03	2.89815204155737e-232	MNDA	c15
2.37299930247961e-235	-1.32134709658858	0.292	0.493	4.92777035152916e-231	ND4L	c15
4.14122910372324e-234	4.05499802974278	0.019	0.001	8.59967635679168e-230	TBC1D8	c15
8.10804821223738e-229	2.05446490271226	0.09	0.022	1.68371729175321e-224	PLEK	c15
8.44751036470726e-227	2.42238824733453	0.059	0.011	1.75421000233511e-222	MARCKS	c15
1.41541655566099e-226	3.80845174669756	0.027	0.002	2.9392540194856e-222	RETN	c15
6.80783664590241e-226	2.83440944395158	0.052	0.009	1.4137153578881e-221	CTSZ	c15
6.98025371520036e-224	2.24935977792967	0.07	0.015	1.44951948649851e-219	PAG1	c15
2.08116626505885e-223	2.09070023979295	0.111	0.032	4.32174986602121e-219	CD55	c15
5.83150467583185e-223	2.99646170879629	0.037	0.005	1.21097026098324e-218	GNS	c15
8.29991124039286e-223	1.37915740443484	0.193	0.076	1.72355956817998e-218	GPX4	c15
4.89345065760256e-222	-1.9208019534247	0.137	0.331	1.01617396355775e-217	DNAJB1	c15
2.41696782667846e-221	2.96307554030175	0.041	0.006	5.01907538888048e-217	SNX10	c15
4.59603543485773e-221	2.93061114505523	0.046	0.007	9.54412718402557e-217	THBS1	c15
1.99306190907265e-220	1.88891304930829	0.095	0.025	4.13879236038026e-216	CXCL8	c15
6.91318362593327e-218	1.68022496739707	0.124	0.039	1.4355917117613e-213	WSB1	c15
4.02072849554337e-214	3.36101994978834	0.033	0.004	8.34944479384536e-210	IL1RN	c15
6.92079992458491e-214	-3.60886487364884	0.058	0.232	1.4371733123393e-209	CCL4	c15
7.98713424330103e-214	-0.566626627390568	0.779	0.834	1.65860829696389e-209	RPL39	c15
5.80720243968615e-212	-0.804985912069693	0.547	0.67	1.20592365862523e-207	HLA-C	c15
2.4395657682542e-211	1.90447781904917	0.092	0.024	5.06600227435668e-207	APLP2	c15
4.468738254535e-211	-3.65784303226574	0.017	0.177	9.27978185936739e-207	LTB	c15
2.70723934715578e-210	1.90489446921322	0.092	0.024	5.6218532283037e-206	GNAI2	c15
2.56914658673687e-208	4.5480380410229	0.013	0.001	5.33508980201779e-204	VNN1	c15
2.19151175354747e-207	2.26903988730096	0.064	0.013	4.55089330741667e-203	LIMS1	c15
5.65412289963465e-207	-1.36399942769867	0.139	0.333	1.17413516133813e-202	RPS16	c15
2.35619266777404e-206	1.72044448115934	0.118	0.037	4.89286969389957e-202	SDCBP	c15
1.90130509228036e-205	2.37627169275642	0.057	0.011	3.94825015462939e-201	RAB31	c15
1.60968582575921e-204	2.15343828913638	0.07	0.016	3.34267358577157e-200	CASP1	c15
1.42873859449009e-203	3.17115336470324	0.03	0.003	2.96691856531812e-199	ADM	c15
1.41576993563979e-201	4.31297920785029	0.014	0.001	2.9399878483496e-197	CD300C	c15
3.08143398623991e-200	1.55469467591374	0.126	0.042	6.3989058158258e-196	SYNGR2	c15
1.47623613090999e-196	2.66361067793696	0.056	0.011	3.06555194944769e-192	LIPA	c15
9.13226502045687e-196	1.4656234764643	0.145	0.053	1.89640615414807e-191	NFKBIZ	c15
1.57586778753496e-195	2.5143624030817	0.043	0.007	3.2724470475951e-191	MS4A4A	c15
2.94884100156462e-194	-1.8259825618354	0.086	0.261	6.12356322384909e-190	HSPA8	c15
3.8909322501882e-194	-1.09822699506323	0.194	0.388	8.07990991074081e-190	RPL24	c15
6.12993255800325e-193	-6.48592021242403	0.005	0.146	1.27294179499495e-188	GNLY	c15
2.70411996063084e-192	3.55998589432735	0.03	0.004	5.61537551024601e-188	FN1	c15
8.24970403338212e-192	4.78341610395383	0.011	0	1.71313353957213e-187	BATF3	c15
1.54097454255678e-190	4.9658905559088	0.01	0	3.19998773507341e-186	PAPSS2	c15
3.65717584366207e-190	3.05889132771555	0.03	0.004	7.59449135694866e-186	RGS18	c15
1.53759484239806e-189	-1.29387410307107	0.145	0.329	3.19296944972382e-185	RPL37A	c15
3.80580948838382e-188	0.889571209158059	0.341	0.185	7.90314398357785e-184	LAPTM5	c15
1.18139625233048e-187	1.87542487503624	0.088	0.024	2.45328745758948e-183	TALDO1	c15
1.60310528576166e-187	2.40124996244111	0.051	0.01	3.32900843641266e-183	FCGR2A	c15
2.80688880954082e-187	1.20276908282026	0.206	0.091	5.82878530189247e-183	UQCRB	c15
2.21952125658865e-185	1.54305878512089	0.125	0.043	4.60905784143198e-181	CAP1	c15
2.93194635758195e-185	1.78963364251487	0.093	0.027	6.08847980615468e-181	RNF149	c15
9.39756184733976e-185	2.16514959716582	0.062	0.014	1.95149769321857e-180	WASF2	c15
2.06799170938277e-184	1.53417327294865	0.125	0.043	4.29439158370426e-180	MSN	c15
2.09130324783527e-184	3.05100716954675	0.03	0.004	4.34280032445473e-180	LILRB4	c15
2.94036480116202e-182	2.22314448765898	0.056	0.012	6.10596154609305e-178	ATP1B3	c15
1.78797167227406e-181	1.17072965285223	0.203	0.09	3.71290197464431e-177	COX6B1	c15
3.34847443900382e-181	1.37189880253942	0.153	0.059	6.95344202003533e-177	HIGD2A	c15
6.28832657846708e-181	1.76079349534454	0.09	0.026	1.30583389728447e-176	PLAC8	c15
1.68317440531754e-180	3.02990704877995	0.029	0.004	3.49527997008241e-176	TNFSF13	c15
7.39570839517633e-178	-5.5160442518841	0.003	0.132	1.53579280534232e-173	CD2	c15
7.39405812082859e-177	1.20996144855141	0.194	0.085	1.53545010937126e-172	TPI1	c15
1.71337814569217e-176	1.70793065557013	0.105	0.034	3.55800105734435e-172	ATP6V1F	c15
3.02898167486063e-176	3.25756737765714	0.024	0.003	6.28998334601559e-172	FAM49A	c15
9.19099158048845e-176	-1.76688781723576	0.076	0.237	1.90860131160423e-171	SARAF	c15
4.75604266862794e-175	2.15592693859357	0.06	0.013	9.87639820567279e-171	RAB24	c15
6.1162311449724e-175	1.31256454425246	0.16	0.064	1.27009655956497e-170	COX5B	c15
5.90132793905149e-174	-1.18292330059662	0.163	0.34	1.22546975982343e-169	RPL22	c15
9.8307160187373e-174	1.39146647664752	0.143	0.055	2.04144648845099e-169	LAMTOR4	c15
4.01857147420518e-171	-2.58706404489743	0.037	0.182	8.34496552333448e-167	RGS1	c15
4.65850169739405e-171	-2.82851593739214	0.023	0.161	9.67384462480848e-167	HINT1	c15
5.20652225627477e-171	1.76016212690552	0.088	0.026	1.08118641173802e-166	TRAPPC5	c15
1.03133252550681e-170	3.64190496448712	0.022	0.002	2.14166512246745e-166	CXCL10	c15
1.99076321176616e-170	1.06557959964649	0.168	0.069	4.1340188855536e-166	TUBA1B	c15
1.26136758168679e-169	-5.955634828624	0.002	0.126	2.61935592013079e-165	CTSW	c15
3.77960677763985e-169	2.67291656268828	0.036	0.006	7.84873143444692e-165	THEMIS2	c15
9.2412571264736e-169	2.08017165619266	0.082	0.023	1.91903945488351e-164	C1QB	c15
1.68661241363993e-168	2.01965906866811	0.065	0.016	3.50241933816469e-164	CD163	c15
2.29149530069233e-168	-4.90652782244258	0.004	0.129	4.7585191414177e-164	CD8A	c15
9.10486821693623e-168	4.11389171879635	0.013	0.001	1.89071693392898e-163	KCNMA1	c15
1.80626374690624e-167	2.04985293694334	0.071	0.019	3.7508872968255e-163	LINC00936	c15
5.06651369173085e-165	-4.93765005887561	0.005	0.128	1.05211223322483e-160	GZMB	c15
2.83321374903958e-163	1.28814139168037	0.158	0.065	5.8834516712556e-159	SLC25A5	c15
2.39010208917468e-162	1.78961586905257	0.102	0.034	4.96328599838014e-158	S100A12	c15
1.02016328746756e-161	0.810993656269805	0.319	0.176	2.11847108275514e-157	CYBA	c15
1.25478990935399e-161	-4.57979793965142	0.005	0.127	2.60569672576449e-157	KLRB1	c15
2.25793676810897e-161	4.59085112456188	0.01	0	4.68883149265509e-157	CDK2AP1	c15
4.10281079716066e-161	3.36226421092261	0.02	0.002	8.51989690138383e-157	PLXNB2	c15
1.02686383147115e-160	0.653874007908214	0.527	0.363	2.13238543243299e-156	NACA	c15
1.14378033195216e-160	1.14797837817656	0.173	0.075	2.37517423733186e-156	NEAT1	c15
1.80028493253037e-160	2.42036188710749	0.046	0.009	3.73847169089257e-156	NLRP3	c15
4.0892628469136e-160	1.94094724158628	0.068	0.018	8.49176322790078e-156	ABI3	c15
7.81381956152412e-159	2.7991703578004	0.03	0.004	1.6226177701461e-154	CD86	c15
2.40644695378749e-157	-1.22669433631735	0.134	0.298	4.9972277442351e-153	EEF1D	c15
4.8858310220627e-157	3.05417292532173	0.025	0.003	1.01459167004154e-152	PRAM1	c15
1.09769011294503e-156	-5.67495806051242	0.003	0.118	2.27946328854165e-152	GZMH	c15
1.42043317695047e-156	1.36431059241215	0.135	0.053	2.94967153525535e-152	RAP1B	c15
4.25379300359338e-155	4.18786247677858	0.012	0.001	8.833426551262e-151	MYOF	c15
7.62227512028964e-155	1.83817377302532	0.076	0.022	1.58284165147935e-150	CTSH	c15
1.03474441958413e-154	2.43978515037088	0.041	0.008	2.14875026170841e-150	CD300A	c15
1.1850145803194e-154	-0.869852171373624	0.258	0.429	2.46080127749127e-150	RPL15	c15
1.20617577842874e-153	-3.47209838159309	0.013	0.133	2.50474462148512e-149	SRSF7	c15
2.15097698383606e-153	0.649947332257371	0.439	0.276	4.46671880463395e-149	PFDN5	c15
1.17986069495754e-152	0.356037736710501	0.938	0.859	2.45009871914882e-148	TMSB4X	c15
1.29648732927779e-152	3.81345903969357	0.016	0.001	2.69228558797826e-148	SDS	c15
1.3375022152636e-152	-1.62634153546686	0.086	0.236	2.77745710021639e-148	CXCR4	c15
1.80478684492075e-152	2.71989306956361	0.032	0.005	3.74782036216242e-148	CLEC4E	c15
5.66477614838076e-152	-1.76065938354432	0.071	0.217	1.17634741497275e-147	UBB	c15
8.09434760868874e-152	-2.74007125478622	0.028	0.155	1.6808722244203e-147	BTG2	c15
1.4291605517986e-151	-2.66650894726835	0.024	0.15	2.96779480186496e-147	NPM1	c15
1.67922966146257e-151	-1.26964055007681	0.121	0.279	3.48708831499318e-147	RPL27	c15
4.69020244037951e-151	1.68922814898032	0.085	0.027	9.73967438769209e-147	TCIRG1	c15
5.12754113993099e-150	2.33928016928062	0.043	0.009	1.06478519311807e-145	ATP6V1B2	c15
1.89584286928988e-149	-2.26330453871747	0.035	0.166	3.93690730236736e-145	CD99	c15
3.00272859445214e-149	2.87155939398593	0.027	0.004	6.23546619923932e-145	SCIMP	c15
1.5148093608711e-148	-6.69771271520782	0.001	0.111	3.14565311878492e-144	GZMK	c15
6.67466824227338e-148	1.80428664259557	0.072	0.02	1.38606160719049e-143	PPT1	c15
7.49816273187727e-148	-1.19049569654496	0.387	0.5	1.55706847290163e-143	JUNB	c15
1.01713637422888e-147	1.26978091751811	0.155	0.066	2.11218539472369e-143	PSME2	c15
1.59845300855871e-147	-4.01278353360319	0.007	0.12	3.31934751757301e-143	IL2RG	c15
3.04816901382266e-147	1.68349608828215	0.083	0.026	6.32982777410413e-143	ZNF706	c15
9.43613675755149e-147	1.11615218086497	0.176	0.079	1.95950815907314e-142	RGS2	c15
1.9322896382213e-143	2.25616311406342	0.044	0.009	4.01259266273035e-139	VMP1	c15
1.40375808313476e-142	-1.53040901050563	0.085	0.229	2.91504403543765e-138	HCST	c15
2.49961562771321e-142	-1.32272878552713	0.108	0.257	5.19070181250925e-138	RPL38	c15
1.03059476759197e-140	-1.09745467287242	0.174	0.332	2.14013309438149e-136	IFITM1	c15
1.17874891002348e-140	2.43046844464173	0.037	0.007	2.44778998655475e-136	SLC16A3	c15
4.61768157049525e-140	3.70004113446795	0.014	0.001	9.58907754929044e-136	HK3	c15
8.749466044732e-137	3.93898992177743	0.012	0.001	1.81691411884905e-132	MGLL	c15
7.14372089001884e-136	-1.38130581300216	0.104	0.247	1.48346508002131e-131	MYL12A	c15
1.93590197620516e-135	-4.50387404761957	0.004	0.108	4.02009404378763e-131	CD8B	c15
1.8869175360468e-134	3.52034630715385	0.015	0.001	3.91837295535479e-130	SNX18	c15
7.12606955289601e-134	-2.81711243561266	0.019	0.131	1.47979960335438e-129	C12orf57	c15
1.36318142207545e-133	-0.720537391748289	0.514	0.613	2.83078254108187e-129	RPS8	c15
5.73358121430859e-133	1.60646757547301	0.083	0.027	1.19063547496332e-128	GDI2	c15
2.74718861851978e-131	-1.65104023543328	0.061	0.19	5.70481188521818e-127	TOMM7	c15
8.65949515285273e-131	1.89343111757257	0.058	0.016	1.7982307634414e-126	AP1S2	c15
8.92326735279913e-131	-2.07562831403029	0.042	0.163	1.85300569848227e-126	DDIT4	c15
3.42557784867912e-130	1.38714685144565	0.111	0.043	7.11355496056706e-126	ABRACL	c15
6.60792166546453e-130	2.67786138399689	0.027	0.004	1.37220101305036e-125	IFNGR2	c15
2.39973525723352e-129	1.71251161024639	0.076	0.024	4.98329023517113e-125	MAP3K8	c15
1.04647824487849e-128	0.566272655336206	0.431	0.277	2.17311672331467e-124	ATP5E	c15
3.67532986024504e-128	-1.07482903331143	0.158	0.305	7.63218998778486e-124	RPL21	c15
1.55559608750713e-127	2.77160100606729	0.024	0.003	3.23035083531731e-123	P2RY13	c15
6.29435489994927e-126	1.33619939784719	0.114	0.045	1.30708573852347e-121	CD48	c15
1.03192142406846e-125	1.50820686001385	0.091	0.032	2.14288802922056e-121	POMP	c15
1.21329516912632e-125	1.84597320861153	0.038	0.008	2.51952874820771e-121	CXCL3	c15
1.34396126452909e-125	0.642340438010291	0.415	0.274	2.7908699619211e-121	CD52	c15
3.00399914629488e-124	1.27348964717207	0.13	0.055	6.23810462719594e-120	CTSC	c15
1.03783789855017e-123	1.69565228791294	0.069	0.021	2.15517418012928e-119	HN1	c15
4.63747399198033e-123	-4.35663241732266	0.005	0.1	9.63017849174635e-119	PCED1B-AS1	c15
8.90094115217692e-122	1.93363685419923	0.055	0.015	1.84836943966106e-117	ATOX1	c15
6.92705515771883e-121	3.14168278484386	0.018	0.002	1.43847227405189e-116	MMP19	c15
1.1085575971798e-119	-4.51078050570711	0.004	0.096	2.30203070630358e-115	LDHB	c15
1.49819838873706e-119	2.41296534352773	0.032	0.006	3.11115877405137e-115	SH3BP2	c15
2.99955534422628e-119	1.8434426933905	0.057	0.016	6.2288766278203e-115	PTPRE	c15
9.28847986061245e-119	2.10104667988641	0.043	0.01	1.92884572785478e-114	BLVRB	c15
1.7945346383611e-117	3.40055042870034	0.016	0.002	3.72653063002066e-113	CYP27A1	c15
2.09135118679444e-117	2.93915903384431	0.02	0.003	4.34289987449734e-113	CAMK1	c15
4.50203874007218e-117	-2.76444770066769	0.017	0.116	9.34893364763389e-113	RARRES3	c15
9.94505218287804e-117	0.197546225097701	0.849	0.707	2.06518953629645e-112	ND3	c15
2.43369136440997e-115	-2.7040398678523	0.018	0.117	5.05380348733374e-111	EVL	c15
3.33640939778549e-115	-1.33988740276526	0.086	0.211	6.92838775544135e-111	HNRNPA1	c15
6.56645369356875e-115	2.89442819335218	0.02	0.003	1.36358977400649e-110	MBD2	c15
1.60407466098751e-114	1.88012381232874	0.052	0.014	3.33102144100666e-110	MGAT1	c15
5.16367646385034e-114	2.34037213449881	0.034	0.007	1.07228905448316e-109	TMEM176A	c15
1.53406749430278e-113	2.18841106310149	0.037	0.008	3.18564455866915e-109	RNF13	c15
5.41550266987797e-113	2.17136307624879	0.042	0.01	1.12458328442686e-108	TGFBI	c15
7.08358023366595e-113	2.66770827168552	0.024	0.004	1.47097627132307e-108	LRRK2	c15
3.24213040090623e-112	2.05751034215979	0.043	0.01	6.73260799052188e-108	PGD	c15
3.92234296908635e-112	0.843022808622225	0.178	0.089	8.1451374096047e-108	HMGN2	c15
8.38139103589108e-112	-1.62184441747554	0.056	0.17	1.74047966251314e-107	RPL31	c15
3.57881580317717e-110	2.05012272709622	0.042	0.01	7.43176889687771e-106	LAP3	c15
3.33854984784522e-109	-0.934054401452926	0.176	0.312	6.93283261403538e-105	RPS2	c15
9.239387325215e-109	3.33653393582919	0.013	0.001	1.91865117195415e-104	IL3RA	c15
1.02396797772939e-108	-1.28899692513122	0.089	0.21	2.12637190255285e-104	RPL36AL	c15
1.48194922303947e-107	2.20719385514202	0.049	0.014	3.07741575656376e-103	CD9	c15
1.84572481740531e-107	-3.6474025227344	0.007	0.093	3.83283215582387e-103	LOC101929531	c15
3.4852231343596e-107	-2.15509650519626	0.024	0.121	7.23741436081114e-103	ALOX5AP	c15
4.8517640650822e-107	1.40535396288472	0.088	0.033	1.00751732575497e-102	PTP4A2	c15
3.56306262902112e-106	0.728850409280253	0.284	0.171	7.39905585542525e-102	ATP5G2	c15
9.89776178945664e-106	1.14808601502163	0.114	0.049	2.05536921319857e-101	MS4A6A	c15
4.07403945854575e-105	0.613649812343147	0.337	0.213	8.46015033961611e-101	PABPC1	c15
6.46336708523423e-105	2.29499898440441	0.031	0.006	1.34218280891974e-100	TESC	c15
8.55290335979838e-105	1.37588395508764	0.09	0.035	1.77609591169573e-100	COX7B	c15
1.0108738446627e-104	-0.517080879009645	0.481	0.597	2.09918062582656e-100	FAU	c15
1.97966740608184e-103	1.9871496752806	0.042	0.011	4.11097733546954e-99	RAB10	c15
2.31855488636669e-103	2.0053527186481	0.041	0.01	4.81471107702907e-99	MFSD1	c15
2.4197314091696e-102	2.79555944748537	0.02	0.003	5.02481424428159e-98	RAB20	c15
2.59772139136815e-102	1.42121978983611	0.118	0.052	5.3944282413151e-98	PRDX1	c15
2.55265497882601e-101	1.84463683440912	0.048	0.013	5.3008433290301e-97	IER5	c15
3.16768991348299e-101	2.70775284386299	0.031	0.006	6.57802487433877e-97	TWISTNB	c15
6.98743159554702e-101	-1.22808651452228	0.091	0.207	1.45101004513129e-96	EEF1G	c15
4.76445540974554e-100	2.27178513265606	0.03	0.006	9.89386810387759e-96	C20orf27	c15
5.27328926758251e-100	2.67142045652818	0.021	0.003	1.09505124930618e-95	MSR1	c15
5.27449336720791e-100	-1.08487062989333	0.119	0.241	1.09530129263439e-95	RPL4	c15
5.49609130977656e-100	1.08820434146861	0.134	0.063	1.1413183213882e-95	PGK1	c15
1.6015419335596e-99	-1.3070817847324	0.121	0.239	3.32576197922986e-95	IER2	c15
2.41336162889156e-99	-1.5151889480789	0.066	0.173	5.01158675855622e-95	RPL13A	c15
3.34892086685717e-99	2.497310237174	0.025	0.004	6.95436907211561e-95	TREM2	c15
8.41940829293408e-99	-1.48452282076126	0.129	0.245	1.74837432611069e-94	HSPA1B	c15
1.25890158046529e-98	-1.89623555211742	0.038	0.136	2.61423502199423e-94	HMGB1	c15
1.4880972864899e-98	1.51697296725176	0.071	0.025	3.09018282512493e-94	UPP1	c15
2.16111470214295e-98	-4.10488485021198	0.007	0.087	4.48777079047006e-94	CCL4L1	c15
2.4003380634116e-98	1.99848087643294	0.039	0.01	4.98454202248052e-94	CAPNS1	c15
4.0097330890663e-98	2.70814618410501	0.02	0.003	8.32661173275509e-94	VEGFA	c15
7.44805699236439e-98	-0.144455910535446	0.756	0.586	1.54666351503439e-93	RNR1	c15
8.47736459306372e-98	1.7461232411488	0.052	0.016	1.76040953139561e-93	RTN4	c15
2.78779826499675e-97	-5.33052383152712	0.002	0.077	5.78914187709225e-93	PRF1	c15
7.92604423344885e-97	-1.03952860307841	0.166	0.289	1.64592234551799e-92	KLF6	c15
9.394295541267e-97	-1.66220282191866	0.046	0.146	1.9508194120995e-92	LRRC75A-AS1	c15
1.24244750403888e-96	-2.29529617814027	0.023	0.112	2.58006648688713e-92	RPL17	c15
5.00853220560307e-96	-5.66879761799039	0.001	0.075	1.04007179781553e-91	KLRD1	c15
5.46133938511309e-96	1.23927781886973	0.103	0.044	1.13410173671258e-91	POLD4	c15
6.15982547416039e-96	2.10570885007632	0.037	0.009	1.27914935796415e-91	PPIF	c15
6.3213862164622e-96	-2.81701317499622	0.013	0.096	1.31269906171054e-91	LEPROTL1	c15
3.42945461556966e-95	2.56363489607392	0.022	0.004	7.12160545469196e-91	BLVRA	c15
3.74477678933831e-95	-1.26089088691697	0.08	0.19	7.77640348073994e-91	TNFAIP3	c15
4.02300493811331e-95	3.4872840099438	0.011	0.001	8.35417205448609e-91	NPL	c15
9.26564325289112e-95	2.25459043350001	0.069	0.025	1.92410347789537e-90	FABP5	c15
2.27812354125647e-94	3.06848778018933	0.015	0.002	4.73075134577319e-90	LFNG	c15
3.28671551953853e-94	1.5417242670907	0.065	0.022	6.82519344787372e-90	GRB2	c15
1.58879783591811e-93	2.41373694931131	0.027	0.005	3.29929758606756e-89	SLC25A37	c15
5.8064821092786e-93	1.78002211964073	0.047	0.014	1.20577407481279e-88	CECR1	c15
2.1385316822583e-91	-1.84207578419763	0.036	0.127	4.44087489137759e-87	LOC101929876	c15
2.48146956895316e-91	1.05082988919372	0.131	0.063	5.15301970688813e-87	H3F3AP4	c15
3.87289712503897e-91	0.923727537795185	0.142	0.071	8.04245816985593e-87	LOC100996809	c15
4.68150513982176e-91	-2.26450158812019	0.022	0.106	9.72161357335387e-87	SNRPD2	c15
1.47220804843511e-90	2.36078148207587	0.029	0.006	3.05718723338035e-86	GBP1	c15
8.50314716362853e-90	-5.11122336175259	0.003	0.073	1.7657635399991e-85	IFNG	c15
1.35203262072247e-89	-1.13204424449458	0.105	0.215	2.80763094019227e-85	RPL36A	c15
7.18745365014465e-89	2.40891623887458	0.024	0.005	1.49254662498904e-84	ZNF385A	c15
3.27307716801572e-88	1.11802742381967	0.115	0.054	6.79687204710145e-84	VAMP8	c15
3.71933414114263e-88	-0.726235979942517	0.23	0.354	7.72356927749679e-84	GNB2L1	c15
4.01863874833406e-88	0.956677769103595	0.148	0.075	8.3451052247905e-84	COX8A	c15
4.20778733231364e-88	3.18125571035128	0.013	0.001	8.7378911742825e-84	PMP22	c15
1.62672558509091e-87	2.28253537959836	0.026	0.005	3.37805834999978e-83	SMCO4	c15
2.23280526736791e-87	1.5206480429914	0.058	0.02	4.6366434182162e-83	CH25H	c15
2.69418954105664e-86	-4.70515286768189	0.002	0.07	5.59475400095822e-82	LCK	c15
4.01404514227035e-86	-2.86253108631208	0.013	0.087	8.33556614243861e-82	TAGAP	c15
5.74094077121174e-86	1.64471406043458	0.051	0.016	1.19216376054983e-81	RILPL2	c15
1.12766117728746e-85	-0.474878589614261	0.88	0.89	2.34170120075515e-81	MALAT1	c15
1.37634349716802e-85	1.49979966157247	0.065	0.024	2.85811490621911e-81	IFI6	c15
1.87548792809019e-85	1.40041338808842	0.053	0.017	3.89463823147208e-81	CPVL	c15
3.20015468501611e-85	3.50706625996659	0.012	0.001	6.64544121890445e-81	EMP1	c15
9.90505865892552e-85	-4.61948464414013	0.003	0.069	2.05688448111247e-80	GZMM	c15
3.28343858902823e-84	1.36834790793738	0.073	0.028	6.81838857397601e-80	ACTR2	c15
3.33645478352711e-84	2.56864832069819	0.031	0.008	6.92848200347241e-80	LGMN	c15
5.48810838530335e-84	-3.18049170264947	0.011	0.083	1.13966058729209e-79	CITED2	c15
8.90706878683061e-84	0.301278271757548	0.632	0.483	1.84964190427324e-79	EIF1	c15
2.06447445108808e-83	-2.81036365738315	0.012	0.084	4.28708764512951e-79	ISG20	c15
5.36556440510553e-83	1.04503037915543	0.12	0.058	1.11421310436422e-78	PRR13	c15
1.33760787368597e-82	2.76870641605117	0.017	0.003	2.77767651049629e-78	CXCL9	c15
3.60115364361623e-82	-3.73646892801795	0.005	0.072	7.47815565633347e-78	C9orf142	c15
1.74700650403011e-81	-1.15708829209253	0.081	0.181	3.62783370626893e-77	PCBP2	c15
3.06238425939317e-81	2.19397732519473	0.026	0.006	6.35934715305586e-77	DMXL2	c15
4.1602571593335e-81	2.99464561930261	0.013	0.002	8.63919001707195e-77	MPP1	c15
4.2998075136369e-81	2.37238367951321	0.022	0.004	8.9289802828184e-77	C3AR1	c15
3.32735460761755e-80	-1.51980683284311	0.05	0.138	6.90958457817861e-76	PNRC1	c15
7.69017031309434e-80	3.32564561968645	0.01	0.001	1.59694076721717e-75	CHST15	c15
1.06551924187446e-79	-4.78020945276636	0.002	0.065	2.21265725767651e-75	HOPX	c15
1.10669185411816e-79	1.91798765077321	0.034	0.009	2.29815630426178e-75	GK	c15
2.38718528637466e-79	2.17002639872752	0.026	0.006	4.95722896568562e-75	RARA	c15
5.37997097426874e-79	2.12366267716472	0.028	0.006	1.11720477251665e-74	BACH1	c15
1.27773735175845e-78	-4.86341409870783	0.003	0.065	2.6533493846616e-74	XCL1	c15
1.80581589027699e-78	3.14414109934926	0.012	0.001	3.74995727774919e-74	LILRA6	c15
1.98876777722994e-78	3.12211222560132	0.012	0.001	4.1298751661957e-74	HRH2	c15
2.68552518288568e-78	1.4351069439036	0.062	0.023	5.5767615947804e-74	SMAP2	c15
6.84788148309207e-78	-4.13899294726159	0.003	0.065	1.4220310687789e-73	CLDND1	c15
2.17589350882627e-77	1.33315419831377	0.114	0.056	4.51846046042864e-73	AREG	c15
2.84546207158336e-77	-4.76437952876036	0.002	0.063	5.90888653785002e-73	CD3G	c15
2.84969545715152e-77	-2.85776527389857	0.011	0.078	5.91767758632085e-73	SNHG6	c15
3.14494672406689e-77	2.16697748593848	0.026	0.006	6.5307963671973e-73	FAM45A	c15
4.09280135564453e-77	2.90183791077988	0.014	0.002	8.49911129513143e-73	FPR3	c15
8.21642881824145e-77	0.283758190533162	0.457	0.328	1.70622360839602e-72	ND1	c15
1.1965330124832e-76	1.00767553836777	0.092	0.041	2.48472045372261e-72	SGK1	c15
2.35102802374788e-75	-1.29527587264845	0.062	0.151	4.88214479411486e-71	COMMD6	c15
8.54461109979837e-75	0.874699029674079	0.151	0.082	1.77437394098413e-70	GMFG	c15
1.03883952529642e-74	-3.21710376102582	0.008	0.071	2.15725415823054e-70	TUBA4A	c15
2.08165488207765e-74	-4.43744815808173	0.003	0.061	4.32276452812244e-70	LIME1	c15
2.37546062961081e-74	0.364704117417933	0.556	0.43	4.9328815434498e-70	RPS9	c15
2.43041461971733e-74	1.01074815619101	0.119	0.059	5.04699899930501e-70	CDC42	c15
1.03086892114235e-73	-4.74811341893104	0.002	0.06	2.1407024016442e-69	ITM2A	c15
1.28356953356947e-73	1.64442257744724	0.044	0.014	2.66546049341036e-69	ENY2	c15
1.4932757744775e-73	3.31045921587178	0.01	0.001	3.10093647327999e-69	APOBEC3A	c15
1.71507531007152e-73	-4.10391056970055	0.004	0.063	3.56152538889452e-69	BATF	c15
2.09080849979215e-73	-0.420273899954988	0.865	0.861	4.34177293066838e-69	EEF1A1	c15
2.60054256442976e-73	3.2030789774802	0.01	0.001	5.40028668929484e-69	ADRBK2	c15
1.79563257638047e-72	-1.13458936368715	0.078	0.17	3.72881060811168e-68	RPL27A	c15
2.14557231799216e-72	1.99549701799412	0.031	0.008	4.45549547554251e-68	CCL20	c15
2.5905330607918e-72	2.58778421981566	0.016	0.003	5.37950095404026e-68	ANXA4	c15
2.6461258071217e-72	-6.33562350117396	0.001	0.056	5.49494485106893e-68	CD27	c15
4.21294465370973e-72	-2.86256473478361	0.01	0.073	8.74860086789362e-68	VAMP2	c15
4.88328238321053e-72	1.91532666931014	0.031	0.008	1.0140624196975e-67	GCA	c15
5.68791845533438e-72	1.70703272952338	0.04	0.012	1.18115314643474e-67	UTRN	c15
6.40578359230323e-72	2.70318768978481	0.015	0.002	1.33022502077769e-67	SLC43A2	c15
1.69249073377546e-71	-4.40409649643561	0.003	0.06	3.51462625775812e-67	SPOCK2	c15
1.83787982517896e-71	-2.50036732444608	0.014	0.078	3.81654124496663e-67	HMGN1	c15
2.55164991845705e-71	3.29054181873054	0.01	0.001	5.2987562206679e-67	TPPP3	c15
3.1880326814033e-71	2.60310942351658	0.016	0.003	6.6202686662021e-67	DPEP2	c15
3.48623096825561e-71	-4.22112637553145	0.003	0.06	7.23950722867961e-67	SEPT1	c15
6.22793038373188e-71	1.08285209631443	0.087	0.039	1.29329202348576e-66	IER3	c15
9.09360682706454e-71	-1.13079704042403	0.085	0.176	1.88837839370822e-66	HSP90AB1	c15
9.87294352731063e-71	2.57876455665516	0.015	0.003	2.05021545288132e-66	CYP1B1	c15
1.30249886040131e-70	2.84519823076132	0.013	0.002	2.70476913350937e-66	CLEC5A	c15
3.33270979164302e-70	-1.2940107048291	0.06	0.144	6.9207051533259e-66	CIRBP	c15
3.45854878482022e-70	-4.44581240793201	0.003	0.058	7.18202240655767e-66	STK17A	c15
4.00404046110145e-70	2.25362150970411	0.021	0.004	8.31479042152327e-66	ALOX5	c15
4.75633812461102e-70	2.9061346438283	0.012	0.002	9.87701174956725e-66	DAPK1	c15
4.95242348902155e-70	1.494765770318	0.051	0.018	1.02842026173021e-65	AGTRAP	c15
5.97544767741976e-70	1.28806678803106	0.07	0.029	1.24086146469299e-65	SERPINB1	c15
6.60745836408521e-70	1.76285000763708	0.036	0.011	1.37210480388594e-65	ATP6V0D1	c15
9.6878784270278e-70	1.68048833704655	0.03	0.008	2.01178483415659e-65	PDK4	c15
4.85686951887879e-69	-5.68864058926266	0.001	0.054	1.00857752429037e-64	CD247	c15
1.37851051175857e-68	-4.55811482350868	0.004	0.059	2.86261492871786e-64	XCL2	c15
2.90034443151942e-68	1.2380627488973	0.072	0.031	6.02285524649322e-64	TMBIM4	c15
1.52775184374456e-67	-4.5912509316278	0.002	0.056	3.17252947871995e-63	RHOH	c15
7.614757304673e-67	-1.10831283620367	0.079	0.166	1.5812805018884e-62	RAC2	c15
8.03905587083951e-67	1.29480298336604	0.064	0.026	1.66939034213853e-62	SAMHD1	c15
9.98731742612882e-67	-3.64394292826346	0.005	0.06	2.07396633670991e-62	SOCS1	c15
1.07906763834432e-66	-4.67013705881754	0.002	0.055	2.24079185778581e-62	LINC00861	c15
4.19649711129507e-66	2.95822614064035	0.011	0.002	8.71444590131534e-62	GM2A	c15
4.45543477015079e-66	-2.29700997129936	0.02	0.084	9.25215584369512e-62	RGCC	c15
1.04653626480056e-64	-2.83327270921347	0.01	0.067	2.17323720748485e-60	RPS18P9	c15
2.1864558682502e-64	1.37639041843158	0.055	0.021	4.54039425600837e-60	CEBPB	c15
4.01595831541069e-64	1.92567556849655	0.029	0.008	8.33953903778184e-60	CD93	c15
6.92863863247797e-64	-3.35734896399523	0.005	0.058	1.43880109842038e-59	GYPC	c15
8.07756398942965e-64	1.95566351277905	0.027	0.007	1.67738693804496e-59	SEC14L1	c15
2.29732226396313e-63	-5.80277839452942	0.001	0.05	4.77061941334583e-59	LOC101060038	c15
3.4480000039138e-63	1.414381116289	0.087	0.041	7.1601168081274e-59	CAPG	c15
3.89849697676486e-63	2.5627745842798	0.015	0.002	8.09561882194991e-59	NFIL3	c15
4.11876142086034e-63	-0.791392702729055	0.089	0.177	8.55301996655859e-59	MIF	c15
5.93796381803691e-63	1.24743305142435	0.081	0.038	1.23307756645355e-58	ISG15	c15
1.20030768495667e-62	-4.84141404806147	0.002	0.051	2.49255893858101e-58	ETS1	c15
4.12694587454638e-62	2.93660332894055	0.011	0.001	8.57001580308302e-58	CORO1C	c15
4.90430533199438e-62	-6.39630799311493	0.001	0.048	1.01842804524195e-57	CD79A	c15
8.88309161363445e-62	-2.65015785488963	0.054	0.127	1.84466280448733e-57	RN7SK	c15
1.52269252314704e-61	1.51118497792415	0.044	0.016	3.16202329356715e-57	MYO1G	c15
2.90150404781785e-61	2.83251669859576	0.017	0.003	6.02526330569855e-57	CCL2	c15
9.02882824374708e-61	0.836811767655572	0.099	0.05	1.87492647309652e-56	CD83	c15
9.45968660652458e-61	0.408832003254518	0.374	0.274	1.96439852071089e-56	CRIP1	c15
1.87907630017995e-60	1.1988182544678	0.069	0.03	3.90208984495368e-56	SEC11A	c15
2.12837700834292e-60	1.96196277893467	0.025	0.007	4.41978769552491e-56	TNFAIP2	c15
7.36025978251039e-60	-1.10312194987696	0.083	0.163	1.52843154643611e-55	PPP1R15A	c15
7.96767820677299e-60	1.59543739169556	0.038	0.013	1.65456805641848e-55	MIDN	c15
8.01806080433938e-60	-0.974156164565266	0.092	0.176	1.66503050662912e-55	CALM1	c15
9.09108081535788e-60	-3.49783956951088	0.005	0.054	1.88785384211722e-55	GAS5	c15
1.00567779618951e-59	-2.52434497757184	0.012	0.066	2.08839051156714e-55	RPL21P28	c15
1.60719503101822e-59	-4.53499799392847	0.002	0.049	3.33750120141243e-55	LAT	c15
1.84532446469886e-59	1.00928599118174	0.095	0.048	3.83200078339365e-55	HCLS1	c15
2.39599989396394e-59	3.45827207970579	0.01	0.001	4.97553337980552e-55	MMP9	c15
2.71041523836553e-59	-3.75236899866038	0.005	0.054	5.62844828398986e-55	HIST1H4C	c15
3.40491787858485e-59	1.43256082360296	0.047	0.017	7.0706524666693e-55	H2AFY	c15
9.5671563820325e-59	1.67501886799352	0.03	0.009	1.98671569429287e-54	SOX4	c15
1.23249111754593e-58	1.70781848505967	0.039	0.013	2.55939105469588e-54	BNIP3L	c15
2.3078366304813e-58	2.67531870505672	0.013	0.002	4.79245354685747e-54	IL4I1	c15
3.45394202488719e-58	2.30011052757932	0.017	0.004	7.17245600888074e-54	H1F0	c15
6.06337362605747e-58	2.38365122312202	0.015	0.003	1.25912016718709e-53	RBP7	c15
6.93786876094892e-58	2.29681293747874	0.016	0.003	1.44071782689865e-53	ABCA1	c15
8.23577934085755e-58	-0.938921879510195	0.123	0.209	1.71024193792248e-53	HLA-H	c15
1.33158237982562e-57	-2.27742052299213	0.025	0.085	2.76516396994588e-53	SSR4	c15
4.43337678606469e-57	-5.27472245102117	0.001	0.046	9.20635023394194e-53	TIGIT	c15
4.63786339027457e-57	1.41044673273183	0.044	0.016	9.63098711624418e-53	UBE2J1	c15
4.72735004018909e-57	2.86489514636284	0.011	0.002	9.81681509345666e-53	SERPING1	c15
4.7883042157162e-57	2.47967924835887	0.014	0.003	9.94339253435626e-53	TLR4	c15
5.13493010071425e-57	-0.93088600439025	0.319	0.392	1.06631958471432e-52	ZFP36	c15
5.34954735825995e-57	-0.354321611653818	0.609	0.657	1.11088700441626e-52	RPL26	c15
7.59886317044242e-57	-4.38452825339243	0.002	0.048	1.57797992597407e-52	ZNF683	c15
7.82500722225065e-57	1.85795294005394	0.026	0.007	1.62494099977257e-52	NOTCH2	c15
1.01227197988953e-56	2.49953952333171	0.014	0.002	2.10208399343859e-52	MCTP1	c15
1.51008026059361e-56	2.09675397553371	0.02	0.005	3.13583266914868e-52	HOTAIRM1	c15
2.45052325118406e-56	-4.34957474099761	0.002	0.047	5.08875658340881e-52	CD96	c15
3.81334520073876e-56	-7.17604942077109	0	0.043	7.91879264385411e-52	MS4A1	c15
9.45223044078725e-56	2.04410003715513	0.021	0.005	1.96285017333388e-51	ZCCHC6	c15
1.26900153902696e-55	-0.728733517854803	0.146	0.235	2.63520859594339e-51	TMA7	c15
1.43093199769781e-55	1.65735110315337	0.033	0.01	2.97147338641927e-51	ICAM1	c15
1.45267455284831e-55	2.09966707907651	0.02	0.005	3.01662397644479e-51	PTGS2	c15
1.84032525776742e-55	0.941056094947185	0.094	0.048	3.82161943027983e-51	CD97	c15
2.72238194368527e-55	-0.853151365221656	0.109	0.192	5.65329834425684e-51	EEF2	c15
3.21986897647e-55	2.52867271615597	0.013	0.002	6.68637991653761e-51	PHC2	c15
3.35115240938837e-55	-3.40500871150165	0.005	0.051	6.95900309333588e-51	HNRNPA1P10	c15
1.23373553767473e-54	-1.52641967127974	0.033	0.094	2.56197521753534e-50	SNHG8	c15
1.88060350475765e-54	-3.23636547365288	0.005	0.051	3.90526123797974e-50	DUSP4	c15
2.26886435536221e-54	-3.6658394159015	0.004	0.049	4.71152372034517e-50	PRDM1	c15
2.33536401676653e-54	-3.08436867541666	0.006	0.053	4.84961691721737e-50	KIAA1551	c15
2.56782714689027e-54	1.61642501600315	0.035	0.011	5.33234985323233e-50	LOC100509457	c15
4.01613098969464e-54	-2.66243435699232	0.009	0.057	8.33989761319989e-50	HNRNPA0	c15
4.58009737140393e-54	-4.45337015336991	0.003	0.047	9.5110302014574e-50	CXCL13	c15
5.1509162952523e-54	-1.50873637472869	0.038	0.101	1.06963927787209e-49	DNAJA1	c15
1.50898684744241e-53	2.25781880586288	0.016	0.003	3.13356208739892e-49	C9orf72	c15
4.00854911978622e-53	0.644628014149345	0.161	0.098	8.32415310214807e-49	NR4A1	c15
1.58136836803864e-52	-4.48905127771232	0.002	0.044	3.28386955306904e-48	SH2D2A	c15
2.66335700855819e-52	-6.28062738728012	0	0.041	5.53072716397194e-48	FAIM3	c15
3.29388750796353e-52	1.57091390771167	0.035	0.012	6.84008679903706e-48	PLSCR1	c15
4.45628095780398e-52	1.96307554030175	0.021	0.005	9.25391303697574e-48	ANPEP	c15
4.4591115589264e-52	0.614427220866894	0.198	0.128	9.25979106326656e-48	LSP1	c15
6.96925079033159e-52	-0.796174108581134	0.159	0.244	1.44723461912026e-47	TXNIP	c15
7.90096612782435e-52	1.54691488406396	0.037	0.013	1.640714626104e-47	CD36	c15
1.88564724440611e-51	0.949444650454328	0.092	0.048	3.91573506773374e-47	C14orf2	c15
2.35346394808509e-51	2.37544385280461	0.014	0.003	4.88720323459349e-47	FCGR1A	c15
2.96585769725002e-51	-2.77661984662003	0.008	0.053	6.1589000941094e-47	RPS14P3	c15
4.73227091117815e-51	-0.98988212372763	0.076	0.148	9.82703377415255e-47	OST4	c15
1.72629761832429e-50	2.65010995028277	0.011	0.002	3.58482963421221e-46	NAGA	c15
1.89873805981991e-50	-1.96828476352302	0.017	0.068	3.94291945502202e-46	GLTSCR2	c15
3.13294202806067e-50	1.58799319140069	0.032	0.011	6.5058674154708e-46	PSMA4	c15
3.94205095133689e-50	1.51004711674826	0.036	0.013	8.18606300554619e-46	KCTD12	c15
5.19578948246537e-50	1.97319265778563	0.023	0.006	1.07895764392876e-45	IL1R2	c15
5.48019609886193e-50	0.810961984390358	0.117	0.066	1.13801752188967e-45	CAPZB	c15
9.06137521198382e-50	1.35269044270068	0.045	0.018	1.88168517652056e-45	CAPZA2	c15
2.03054579403415e-49	-5.20666391744011	0.001	0.04	4.21663139589132e-45	ACAP1	c15
2.34088338916409e-49	-2.87203298120604	0.006	0.049	4.86107844593815e-45	AES	c15
2.89646249636779e-49	-2.73526081685898	0.008	0.052	6.01479401995734e-45	EPC1	c15
5.38389566284342e-49	2.45815253750571	0.012	0.002	1.11801977334606e-44	ERGIC1	c15
5.82933770670622e-49	-6.36867080661103	0	0.038	1.21052026817461e-44	KLRC2	c15
6.74762451100191e-49	-2.33673518770672	0.011	0.057	1.40121170595466e-44	LINC00152	c15
8.04793613390282e-49	-1.82275924215361	0.021	0.072	1.67123441756626e-44	CKLF	c15
8.39988139594472e-49	-3.98456139765008	0.005	0.046	1.74431937068188e-44	CCL4L2	c15
1.04671888624425e-48	-2.92499118101512	0.006	0.048	2.1736164391748e-44	RPSAP58	c15
1.3577471225905e-48	2.66455204974933	0.01	0.002	2.81949767477143e-44	PLXNC1	c15
1.36202081474563e-48	1.99155563999758	0.019	0.005	2.82837242390077e-44	RASGEF1B	c15
1.36507963072535e-48	-2.03381184783092	0.015	0.064	2.83472436116426e-44	EIF4A2	c15
7.07326756548483e-48	1.80344200573232	0.024	0.007	1.46883474264858e-43	LY96	c15
1.0545771551067e-47	-1.05174767466805	0.063	0.128	2.18993492029456e-43	SRP14	c15
1.75730881265246e-47	-0.746877911090645	0.119	0.196	3.6492274803541e-43	BTF3	c15
2.59331216959623e-47	-2.60918345428414	0.008	0.051	5.38527205138354e-43	TBC1D10C	c15
3.45129641265544e-47	-2.07199317569419	0.014	0.061	7.16696213052029e-43	FUS	c15
4.47275776121125e-47	-0.734082660490766	0.125	0.203	9.28812876693128e-43	DDX5	c15
7.68169865347597e-47	-2.93688355236845	0.006	0.047	1.59518154238082e-42	SEPT7	c15
8.74051876125765e-47	-1.94835540536703	0.017	0.064	1.81505612596276e-42	SRSF2	c15
9.61586498313154e-47	1.70720841441421	0.025	0.008	1.9968305223971e-42	MIS18BP1	c15
1.0309864678543e-46	-1.76266034820978	0.021	0.07	2.14094649914625e-42	SSR2	c15
3.11806980974366e-46	0.456292786845094	0.223	0.151	6.47498376691369e-42	CD37	c15
3.74522590361434e-46	-5.11591532211216	0.001	0.037	7.77733611144555e-42	LBH	c15
4.97642156249363e-46	-3.32574782088194	0.004	0.043	1.03340370166743e-41	PDCD4	c15
7.42076784413944e-46	2.69177351848435	0.01	0.002	1.540996650514e-41	KYNU	c15
8.04382479754328e-46	1.66051277028131	0.027	0.008	1.67038065745784e-41	PLXDC2	c15
1.16467239342659e-45	-3.59563606822769	0.003	0.041	2.41855869218966e-41	SEPT6	c15
2.13534009263316e-45	-1.75092890542115	0.02	0.068	4.43424723636202e-41	ANAPC16	c15
3.65771366917531e-45	1.36326691810843	0.039	0.015	7.59560820540946e-41	FOSL2	c15
4.29970436856869e-45	-1.98533696863919	0.015	0.061	8.92876609176973e-41	TRMT112	c15
4.96546790645906e-45	-4.67757109299709	0.001	0.037	1.03112906545529e-40	PARP8	c15
6.82275286305179e-45	-3.21078307580446	0.004	0.043	1.41681285954133e-40	PPP1R2	c15
1.27476957482136e-44	0.224505225710718	0.745	0.744	2.64718649907403e-40	RPS19	c15
2.00239156156631e-44	1.55675525812401	0.03	0.01	4.15816631674861e-40	TMPO	c15
2.10786554207691e-44	-4.9623964810485	0.001	0.036	4.37719358467692e-40	PIM2	c15
2.73743272980514e-44	1.72348750370278	0.024	0.008	5.68455280671336e-40	UBE2D1	c15
4.33559532158464e-44	-3.37982968835194	0.004	0.041	9.00329724480267e-40	FYN	c15
6.64439133134472e-44	-4.65673685932309	0.001	0.036	1.37977430386704e-39	PVRIG	c15
9.75015048606291e-44	2.59694764150385	0.01	0.002	2.02471624993582e-39	RXRA	c15
2.41565916446584e-43	1.94886168108204	0.018	0.005	5.01635782092977e-39	NAGK	c15
4.31172573434841e-43	1.13008541640207	0.055	0.025	8.95372965994792e-39	FAM65B	c15
5.30812238889767e-43	-2.84215139186173	0.006	0.044	1.10228469527849e-38	PIK3R1	c15
5.55271069416171e-43	-4.68937111821927	0.001	0.035	1.15307590274962e-38	CMC1	c15
6.1115424886903e-43	0.800932015568995	0.095	0.053	1.26912291320143e-38	CDKN1A	c15
7.84782350164299e-43	-4.46484510559034	0.001	0.036	1.62967902835118e-38	PIK3IP1	c15
8.1073593234663e-43	2.59786919697491	0.01	0.002	1.68357423711101e-38	FGD2	c15
8.53408997796242e-43	-5.73408510487278	0.001	0.034	1.77218912482368e-38	FGFBP2	c15
1.01448431365513e-42	-4.6151923078454	0.001	0.035	2.10667812573624e-38	SKAP1	c15
2.50949903830332e-42	-0.520308873514571	0.338	0.414	5.21122570294068e-38	H3F3B	c15
2.78477392957849e-42	1.39427948797263	0.052	0.023	5.7828615421627e-38	C1QC	c15
3.92561948476767e-42	-3.08635416895401	0.004	0.039	8.15194142206854e-38	C12orf75	c15
6.17424702985464e-42	-2.27250153204752	0.01	0.05	1.28214413821961e-37	BRD2	c15
6.60446684390643e-42	2.33764315278605	0.012	0.002	1.37148358480561e-37	CREG1	c15
7.39528574841967e-42	1.59115039434456	0.028	0.01	1.53570503851683e-37	ALDH2	c15
7.74677868724389e-42	2.43074268216399	0.011	0.002	1.60869606219307e-37	AMPD2	c15
7.79342731201444e-42	-4.5550554519412	0.001	0.035	1.61838311561292e-37	ITM2C	c15
8.44093577850996e-42	1.27444784261024	0.045	0.019	1.75284472376538e-37	ATP2B1	c15
8.66993620299893e-42	1.71198768596483	0.023	0.007	1.80039895191476e-37	NUP214	c15
1.00992657694063e-41	-1.00597037834281	0.06	0.119	2.09721352967491e-37	HNRNPDL	c15
1.17717798232225e-41	-2.11506452187753	0.012	0.053	2.44452779809038e-37	RABAC1	c15
1.45687759107308e-41	1.81107244685669	0.02	0.006	3.02535200562237e-37	LRP1	c15
1.4789980029787e-41	-2.1466452102647	0.012	0.052	3.07128725298557e-37	CUTA	c15
1.48744582753446e-41	-2.27495129697667	0.01	0.049	3.08883000545807e-37	NR3C1	c15
1.90736922992422e-41	1.71938371716484	0.046	0.02	3.96084294286063e-37	ACP5	c15
2.36349201893148e-41	2.03989113735258	0.016	0.004	4.90802752651311e-37	TLR2	c15
2.62254316378782e-41	-4.05723568643277	0.002	0.035	5.44597313392179e-37	APOBEC3G	c15
2.92823103655418e-41	1.99402412859525	0.016	0.004	6.08076457050842e-37	FAM46A	c15
3.15459484144913e-41	-4.04524932434919	0.002	0.035	6.55083164775326e-37	LYAR	c15
5.50553332012511e-41	-1.99565398682639	0.015	0.056	1.14327904925718e-36	SERTAD1	c15
6.72065100783388e-41	-4.51785175823272	0.001	0.034	1.39561038828678e-36	LAG3	c15
6.85870927301906e-41	-1.8429388701546	0.017	0.059	1.42427956763514e-36	RBM8A	c15
7.9675198068895e-41	-3.77007790982357	0.003	0.036	1.65453516309867e-36	NOSIP	c15
1.34544286849962e-40	-4.01611144896283	0.002	0.035	2.79394666072631e-36	ANXA6	c15
1.39134674100508e-40	-4.39339001570645	0.001	0.034	2.88927064237115e-36	OCIAD2	c15
1.41594398790653e-40	0.712130597163059	0.033	0.012	2.9403492852867e-36	RNASE1	c15
2.00419599703885e-40	-2.59790445712409	0.007	0.044	4.16191340745087e-36	ATP5D	c15
3.5094980811124e-40	-4.55130976938029	0.001	0.033	7.28782371523802e-36	ITK	c15
9.93221382740705e-40	-4.36662392026913	0.001	0.033	2.06252352339935e-35	OXNAD1	c15
1.42665418808098e-39	-0.340255335708287	0.592	0.638	2.96259008696897e-35	TPT1	c15
1.55521726766505e-39	0.828709059853898	0.098	0.056	3.22956417803325e-35	ENO1	c15
1.61251517285163e-39	0.340751906588029	0.447	0.361	3.34854900794369e-35	GAPDH	c15
1.92026417584548e-39	1.84652128286099	0.018	0.005	3.98762058756071e-35	ZNF106	c15
2.70289572274261e-39	0.488211625225424	0.219	0.154	5.61283325784731e-35	CLIC1	c15
3.07063413239838e-39	-3.38719718027958	0.003	0.036	6.37647883933847e-35	ICOS	c15
3.81901548008111e-39	-2.93558582469589	0.004	0.038	7.93056754593644e-35	CDC42SE2	c15
8.37367702219728e-39	-3.77260135789589	0.002	0.034	1.73887777042949e-34	ZAP70	c15
1.44650928674304e-38	-4.32164147548855	0.001	0.032	3.00382118485059e-34	ARHGAP15	c15
1.51280804768749e-38	-1.65548475992653	0.02	0.062	3.14149719182784e-34	KRTCAP2	c15
1.56054825382006e-38	2.36268299901098	0.011	0.002	3.24063450388274e-34	SCARB2	c15
3.49588637797651e-38	-5.10612059006825	0.001	0.031	7.25955765250602e-34	SYNE2	c15
3.88348263853285e-38	-2.85284139525928	0.005	0.039	8.06444004717732e-34	DDX24	c15
7.79182399431166e-38	-1.67427631028777	0.024	0.068	1.61805017065876e-33	TNF	c15
9.34273506759857e-38	-3.77431936350634	0.002	0.033	1.94011236413752e-33	GeneID:102723863	c15
9.42661864684294e-38	0.956362563718708	0.07	0.037	1.9575316282034e-33	RPS27L	c15
1.53224811653993e-37	-3.92904559597643	0.002	0.032	3.18186643880683e-33	SYTL3	c15
1.87993029265561e-37	2.01356531075544	0.015	0.004	3.90386324572863e-33	SCPEP1	c15
2.09776578327324e-37	-1.35535086587406	0.029	0.074	4.35622042554521e-33	CIB1	c15
2.75516740588653e-37	2.35798633972867	0.01	0.002	5.72138063506398e-33	RELT	c15
3.22318627797109e-37	2.41053451727297	0.01	0.002	6.69326862483477e-33	SLC8A1	c15
4.25182722267953e-37	2.25035749238222	0.011	0.002	8.82934441061631e-33	HNMT	c15
5.87584536733504e-37	-3.33952998320565	0.003	0.034	1.22017804898079e-32	FLT3LG	c15
7.82303929178911e-37	-3.10830909293502	0.004	0.035	1.62453233933293e-32	PEBP1	c15
1.06712305023937e-36	-1.79773679581883	0.015	0.054	2.21598772612707e-32	SF1	c15
1.10756240407344e-36	-3.69286683999913	0.002	0.032	2.2999640882989e-32	BUB3	c15
1.32963547592921e-36	-6.31614810363138	0	0.028	2.76112102931461e-32	KLRG1	c15
3.56118291632618e-36	2.01113499636157	0.014	0.003	7.39515244404295e-32	CCR1	c15
3.68662876201413e-36	-1.8414477909727	0.015	0.052	7.65565328719855e-32	KMT2E-AS1	c15
5.91047696555941e-36	-2.42906435278493	0.008	0.041	1.22736964666807e-31	YWHAQ	c15
6.01956334931219e-36	2.28500363518911	0.011	0.002	1.25002252511817e-31	CD302	c15
6.09011363812435e-36	-1.88896120240498	0.015	0.052	1.2646729980929e-31	SELL	c15
7.43398591760099e-36	-4.76257474063663	0.001	0.029	1.54374151564902e-31	CD6	c15
7.59708706688198e-36	-6.35005943612761	0	0.028	1.57761110030871e-31	KLRC3	c15
8.34068120698543e-36	-2.56743917639704	0.007	0.039	1.7320258594426e-31	TSPYL2	c15
9.14943180448413e-36	-5.00680658497344	0.001	0.029	1.89997100851917e-31	TC2N	c15
1.48116103635227e-35	-1.75499014540864	0.016	0.054	3.07577900808912e-31	NCL	c15
1.83738081715647e-35	-2.40689678744557	0.007	0.04	3.81550500490712e-31	TSTD1	c15
1.87783283415149e-35	-1.37500688533421	0.026	0.069	3.89950766339898e-31	APRT	c15
3.3871817879221e-35	-1.76263430391963	0.015	0.052	7.03382170079902e-31	CCNH	c15
7.10091423074007e-35	1.31060290139696	0.033	0.013	1.47457584915548e-30	SUPT4H1	c15
7.83253192543317e-35	1.01944663925557	0.058	0.029	1.62650357963545e-30	TPM4	c15
8.47294362590803e-35	-3.62950014452929	0.002	0.031	1.75949147335606e-30	EMB	c15
9.79154065963579e-35	-2.94445611065653	0.004	0.034	2.03331133337997e-30	PNISR	c15
1.27123513989815e-34	2.34383873645242	0.01	0.002	2.63984689151249e-30	C15orf39	c15
1.6062141214597e-34	1.78078987992065	0.017	0.005	3.33546424462322e-30	RIPK2	c15
2.36178232980285e-34	2.28895081970577	0.01	0.002	4.90447718606859e-30	BASP1	c15
2.73241808148365e-34	0.700674153269358	0.102	0.062	5.67413938800894e-30	PKM	c15
2.80316002177458e-34	-4.71744678069811	0.001	0.028	5.82104210121708e-30	FAM46C	c15
3.87960033147252e-34	1.16578092464587	0.038	0.017	8.05637804833584e-30	CEBPD	c15
6.34230754813232e-34	1.8689533629372	0.016	0.004	1.31704358544516e-29	TIMP2	c15
7.32062097067015e-34	-5.02358821104503	0.001	0.027	1.52020015076936e-29	CTLA4	c15
1.34532620080062e-33	-2.58561016848347	0.005	0.035	2.79370438858257e-29	N4BP2L2	c15
1.62463561438235e-33	-3.89641218607598	0.002	0.029	3.37371831682639e-29	LINC-PINT	c15
1.79050539955524e-33	-4.9113935776144	0.001	0.027	3.7181635127164e-29	DENND2D	c15
1.83438384960774e-33	-4.28669634656192	0.001	0.028	3.80928150209544e-29	CLEC2D	c15
1.99080563722737e-33	-0.993522169663531	0.05	0.099	4.13410698626636e-29	SUB1	c15
2.37222456119721e-33	1.23414726520096	0.036	0.015	4.92616152378212e-29	KDM6B	c15
2.98355027349696e-33	-0.868824233777332	0.235	0.296	6.1956404979438e-29	HSPA1A	c15
3.39794396542245e-33	-1.30773723885876	0.028	0.069	7.05617043859625e-29	SRSF3	c15
5.06025266939137e-33	-0.653233006609331	0.112	0.173	1.05081206932581e-28	RPS11	c15
6.78043570788401e-33	-4.64999766717636	0.001	0.027	1.40802527909919e-28	SH2D1A	c15
7.21396441850447e-33	-3.96792455931284	0.001	0.028	1.49805185114664e-28	KLRK1	c15
1.05340523908304e-32	-2.91307406125331	0.004	0.033	2.18750131947984e-28	H3F3C	c15
1.09677554335671e-32	-1.8035609205408	0.014	0.048	2.27756409333455e-28	ATPIF1	c15
1.10578885927491e-32	1.79844483852895	0.016	0.005	2.29628114517028e-28	IRS2	c15
1.74788777393708e-32	-2.27065990492357	0.008	0.039	3.62966375135774e-28	HLA-G	c15
2.07085386390224e-32	-1.67591060948624	0.016	0.051	4.30033513377939e-28	C9orf16	c15
2.70799041890711e-32	-4.41609650642009	0.001	0.027	5.62341290390251e-28	CBLB	c15
4.12836357833696e-32	-1.83389004360063	0.013	0.046	8.57295980677453e-28	GIMAP7	c15
5.13197943593795e-32	1.88317599312788	0.014	0.004	1.06570684966687e-27	ARAP1	c15
5.17369247047633e-32	-5.59094476159873	0	0.025	1.07436897841912e-27	CD40LG	c15
6.29438745543144e-32	-0.507035015043292	0.164	0.232	1.30709249899489e-27	NFKBIA	c15
6.60271548929691e-32	-4.60368324852617	0.001	0.026	1.3711198985074e-27	LOC374443	c15
6.63528744417337e-32	-2.08185820690698	0.01	0.041	1.37788379065704e-27	WIPF1	c15
6.7063088053442e-32	1.8194846866729	0.015	0.004	1.39263208651778e-27	DICER1	c15
6.75294484129427e-32	1.09507108611174	0.043	0.02	1.40231652574317e-27	DDX21	c15
7.13804600990981e-32	2.20433932346432	0.01	0.002	1.48228663441787e-27	SULT1A1	c15
7.66679582553837e-32	-4.27403112151972	0.001	0.027	1.5920868211313e-27	TNFRSF18	c15
7.91110994020909e-32	-5.15269064958604	0.001	0.025	1.64282109018382e-27	SCML4	c15
8.39505343005394e-32	-4.6129538356494	0.001	0.026	1.743316795285e-27	CXCR3	c15
1.1815899210807e-31	-3.9532241623266	0.002	0.028	2.45368963011619e-27	TNFRSF4	c15
1.34462865634397e-31	1.6978618364087	0.017	0.005	2.79225586776388e-27	NBPF14	c15
1.38727367056542e-31	-2.40982769493067	0.007	0.036	2.88081250429614e-27	STK4	c15
1.61285569846935e-31	-3.10945905942121	0.003	0.03	3.34925614344144e-27	FAM177A1	c15
2.02014885623988e-31	-0.542506475927724	0.447	0.512	4.19504111486773e-27	ATP8	c15
2.2030166280357e-31	1.16770401108703	0.038	0.017	4.57478432977894e-27	CDC42EP3	c15
2.3728343903428e-31	-2.67349537758445	0.005	0.033	4.92742789498586e-27	SNHG9	c15
3.19587827097981e-31	1.02581801681626	0.044	0.021	6.63656081751668e-27	LGALS2	c15
3.26178064147065e-31	-3.05608271625082	0.003	0.03	6.77341368007795e-27	ARPC5L	c15
4.12179516801963e-31	-1.42887834586406	0.022	0.059	8.55931984590957e-27	EZR	c15
4.34431283252054e-31	-4.03803722106533	0.001	0.026	9.02140002801216e-27	ARID5B	c15
5.66512797867096e-31	-3.78829945230164	0.002	0.027	1.17642047605081e-26	ITGAE	c15
6.84055558368006e-31	-1.77356941933911	0.013	0.046	1.420509772507e-26	UBE2D2	c15
7.3693354533913e-31	-1.60817645570317	0.015	0.049	1.53031620025124e-26	TUBB4B	c15
7.89516888185956e-31	-2.26051463539233	0.008	0.037	1.63951077000696e-26	ARGLU1	c15
8.13631166451067e-31	1.91409373466872	0.013	0.004	1.68958648025229e-26	CLEC4A	c15
8.25418875883951e-31	-0.773343474944913	0.06	0.109	1.71406483766061e-26	SLC2A3	c15
8.94349340800964e-31	-1.38337138317786	0.023	0.06	1.85720584110728e-26	EIF3G	c15
1.70390375443741e-30	-5.07706194149617	0.001	0.024	3.53832653646472e-26	PRKCH	c15
1.72183715928074e-30	-1.42605782680168	0.021	0.057	3.57556704496238e-26	RAN	c15
2.30586191870417e-30	-2.44270076620396	0.006	0.034	4.78835286038109e-26	TRAF3IP3	c15
2.70171062830252e-30	-4.34331170368984	0.001	0.025	5.61037229073301e-26	IL2RB	c15
2.81771408472447e-30	0.862533720677268	0.065	0.035	5.85126506833884e-26	RBX1	c15
3.15948490696611e-30	-1.59949183754956	0.015	0.049	6.56098635780583e-26	RNA45S5	c15
3.25116136822952e-30	2.15531892116765	0.01	0.002	6.75136169726542e-26	RNF141	c15
3.90316898549835e-30	1.17690594813477	0.035	0.016	8.10532071528588e-26	TLN1	c15
4.77100071176789e-30	0.719411427712176	0.092	0.056	9.90746007805721e-26	HLA-DMA	c15
4.78826829062631e-30	1.38406230591178	0.025	0.01	9.9433179323146e-26	CSF3R	c15
4.79404747590398e-30	-1.35362120536508	0.024	0.06	9.9553189884622e-26	MBNL1	c15
5.29670834325307e-30	0.876757760088468	0.062	0.034	1.09991445455993e-25	NOP10	c15
6.64663384558068e-30	-3.84785306463568	0.002	0.026	1.38023998437328e-25	FKBP11	c15
6.96233638741296e-30	-5.58467588132234	0	0.023	1.44579877421018e-25	KLRC1	c15
7.17124360747225e-30	-3.52658375968673	0.002	0.027	1.48918044752769e-25	PRDX2	c15
7.21220226512607e-30	-3.5937041926487	0.002	0.026	1.49768592237608e-25	CLIC3	c15
7.24528757728008e-30	2.10620048240034	0.01	0.002	1.50455641829798e-25	PID1	c15
1.05674902022409e-29	2.03346486819314	0.011	0.003	2.19444501539734e-25	MIR22HG	c15
1.52481351692487e-29	-1.42991525240331	0.022	0.057	3.16642774924619e-25	PHLDA1	c15
1.63477611568969e-29	-2.44796459423327	0.005	0.031	3.39477608184122e-25	SNHG12	c15
1.99828232011741e-29	1.57205492214144	0.019	0.006	4.14963306595581e-25	ODF3B	c15
2.49359066562816e-29	-2.37831286859144	0.006	0.034	5.17819037624343e-25	KMT2E	c15
4.23777171101165e-29	-4.09822063896713	0.001	0.024	8.8001567350868e-25	SIT1	c15
5.01221799323918e-29	-1.26686762027514	0.027	0.064	1.04083718847605e-24	RPL22L1	c15
8.43941018599914e-29	-4.09130266762933	0.001	0.024	1.75252791922458e-24	RNF19A	c15
1.04125932555165e-28	-4.08435136352628	0.001	0.024	2.16227911544055e-24	C5orf56	c15
1.24800253441548e-28	-5.94848289634962	0	0.022	2.59160206296719e-24	PBXIP1	c15
1.32276529796744e-28	-1.80758698310716	0.012	0.042	2.74685441775918e-24	ARHGEF1	c15
2.00877832278003e-28	1.66675410155045	0.016	0.005	4.17142906508501e-24	TFRC	c15
2.03615309094204e-28	-0.997691013307317	0.042	0.083	4.22827550865023e-24	EDF1	c15
2.61745597258922e-28	-2.94621754552208	0.003	0.027	5.43540907267877e-24	CCDC107	c15
2.97143792349751e-28	-4.11017344172889	0.001	0.023	6.17048799193493e-24	CCR7	c15
3.21433250362313e-28	1.06883520147255	0.04	0.019	6.67488287702379e-24	VPS29	c15
3.60201042596539e-28	-1.65114350774107	0.014	0.045	7.47993485055973e-24	CLK1	c15
6.72722353963367e-28	-3.1810161621573	0.003	0.026	1.39697524024033e-23	SPSB3	c15
6.94670485216582e-28	-2.25221476534949	0.007	0.034	1.44255272960075e-23	FNBP1	c15
7.0006647410694e-28	-1.78675220480151	0.012	0.041	1.45375804013047e-23	C19orf60	c15
7.13842793576143e-28	2.7866315875934	0.012	0.003	1.48236594514022e-23	IFI27	c15
9.22693714930935e-28	-3.43714708056236	0.002	0.025	1.91606576842558e-23	MZT2A	c15
1.06809935343931e-27	1.33302515005205	0.025	0.01	2.21801511735207e-23	NDUFB5	c15
1.30903847266894e-27	0.520707584216205	0.111	0.072	2.71834929234431e-23	H2AFZ	c15
2.06055563252029e-27	-3.52103871530037	0.002	0.025	4.27894982649163e-23	KRT10	c15
2.26475716640733e-27	0.186746998785317	0.309	0.241	4.70299473176145e-23	ND5	c15
2.58820375980561e-27	-1.22646516906196	0.026	0.061	5.37466392761233e-23	PLP2	c15
2.96835951042579e-27	-4.18570365226902	0.001	0.023	6.1640953593502e-23	LOC642441	c15
3.14396873521292e-27	-3.87542808032652	0.001	0.023	6.52876547554316e-23	PRKCQ-AS1	c15
3.4512533058495e-27	-2.32619685414073	0.006	0.031	7.16687261492706e-23	SP100	c15
4.09680235512279e-27	-2.59710563083136	0.005	0.029	8.50741977064799e-23	LOC284454	c15
4.75463454932529e-27	1.91457702261055	0.012	0.003	9.87347410512889e-23	LOC100996763	c15
4.93684189055009e-27	-2.47777825078124	0.005	0.03	1.02518458699163e-22	GPBP1	c15
5.32371447528726e-27	-3.73520468523338	0.002	0.024	1.10552254793815e-22	H2AFX	c15
7.56882299197413e-27	1.19330105201187	0.03	0.013	1.57174178251335e-22	LSM6	c15
9.27074420494462e-27	-3.00853897226208	0.003	0.026	1.9251627415988e-22	TNFAIP8	c15
1.08650222932313e-26	1.95260220907224	0.011	0.003	2.25623052941242e-22	DSE	c15
1.12232440467844e-26	1.65744925774348	0.016	0.005	2.33061885875525e-22	BRI3	c15
1.23434205024067e-26	-0.919117614446695	0.049	0.09	2.56323470152977e-22	HSPE1	c15
1.39862711171214e-26	-2.83443159579951	0.004	0.027	2.90438906018143e-22	SNHG1	c15
1.58659432123077e-26	-1.32331144178114	0.022	0.054	3.29472176746781e-22	CCND3	c15
1.63932964607194e-26	0.578590164123788	0.121	0.081	3.40423194303298e-22	FYB	c15
1.96031472697459e-26	-2.05058090417984	0.008	0.034	4.07078956203544e-22	SRSF11	c15
2.32203982644066e-26	0.352709095606889	0.238	0.181	4.82194790358668e-22	CORO1A	c15
2.37241565609766e-26	-1.04955934376333	0.036	0.073	4.92655835145239e-22	CYCS	c15
2.39536625965443e-26	-3.83758472918185	0.001	0.023	4.97421757479839e-22	PDCD1	c15
2.69410718442395e-26	-1.66408352407362	0.013	0.041	5.59458297917477e-22	HNRNPF	c15
3.43829573991115e-26	-0.300945239412631	0.559	0.589	7.13996493349949e-22	RPS13	c15
3.89382317102566e-26	-3.65978975255701	0.001	0.023	8.08591319695188e-22	TTC39C	c15
4.08030511518956e-26	0.631000849499641	0.099	0.063	8.47316160220264e-22	USMG5	c15
4.49873435536031e-26	1.86451170581816	0.012	0.003	9.34207176234123e-22	AP2A1	c15
4.77101852475647e-26	-1.22568205245411	0.025	0.058	9.90749706850929e-22	ERP29	c15
5.72010131765471e-26	0.827192112219972	0.115	0.078	1.18783623962418e-21	HSPB1	c15
5.78919162938758e-26	1.27064834221204	0.021	0.008	1.20218353375862e-21	DAB2	c15
6.06607075876703e-26	-3.67177583621177	0.002	0.023	1.25968025376556e-21	TMEM173	c15
6.30779336864917e-26	-1.24676459647262	0.039	0.076	1.30987637093369e-21	HERPUD1	c15
6.73166516326196e-26	-3.67145319391122	0.002	0.023	1.39789758780298e-21	CD82	c15
7.17017092453002e-26	-1.53759322915221	0.015	0.044	1.4889576941879e-21	EIF4B	c15
7.30446482386996e-26	-2.29350384339475	0.006	0.03	1.51684516532483e-21	RUNX3	c15
7.44478226723798e-26	0.156753274895033	0.719	0.64	1.54598348561464e-21	RPS24	c15
8.28445121896364e-26	0.824878246381726	0.06	0.034	1.72034914012999e-21	MINOS1	c15
8.97181260817044e-26	-2.12530694722094	0.007	0.032	1.86308660621267e-21	MATR3	c15
1.05329069884376e-25	1.70037935860287	0.014	0.004	2.18726346521895e-21	UBE2R2	c15
1.0948306688276e-25	-5.22161617184948	0	0.02	2.27352536688739e-21	BIN1	c15
1.13343470377126e-25	-1.19088906947659	0.026	0.06	2.35369050585141e-21	RBM39	c15
1.17781952503896e-25	-4.53517532722608	0.001	0.021	2.4458600256959e-21	CD5	c15
1.18321650085175e-25	-3.00594880979439	0.003	0.024	2.45706738566875e-21	TRABD	c15
1.32858090723393e-25	-2.12369718132726	0.007	0.032	2.75893111196197e-21	PIM1	c15
1.66896318350355e-25	-1.45433286343985	0.017	0.047	3.46576894686348e-21	UXT	c15
1.71786665803567e-25	1.40119665269363	0.022	0.008	3.56732190207687e-21	CD81	c15
1.83557210391275e-25	-3.92262083303765	0.001	0.022	3.81174903098521e-21	RORA	c15
1.8509662200828e-25	-3.3235908144932	0.002	0.023	3.84371645262395e-21	DEF6	c15
1.86102198939101e-25	-1.15193920074273	0.028	0.062	3.86459826316938e-21	YPEL5	c15
2.16333471618145e-25	-3.15793986065962	0.003	0.024	4.49238087162241e-21	PTPN22	c15
2.53176067595444e-25	1.04472582931816	0.037	0.018	5.257454219687e-21	GLRX	c15
3.00404442943795e-25	-2.55565326201932	0.004	0.027	6.23819866217085e-21	TECR	c15
3.39221076559323e-25	1.48462533483392	0.018	0.007	7.0442648758309e-21	SKAP2	c15
3.84631790461778e-25	-3.63319705555679	0.002	0.022	7.98726376072928e-21	DNAJB9	c15
5.33773310435598e-25	0.950878450213669	0.05	0.027	1.10843365645056e-20	HIF1A	c15
5.74746876078201e-25	-3.74522071103319	0.001	0.022	1.19351936286399e-20	NAP1L4	c15
5.95173820178107e-25	-1.21238863368993	0.025	0.057	1.23593795498186e-20	CNN2	c15
9.0023820389857e-25	1.49386290087186	0.017	0.006	1.86943465421577e-20	SCO2	c15
9.12862093098864e-25	1.5376514227912	0.025	0.01	1.8956494225291e-20	PLD3	c15
9.55377220808073e-25	1.44925162484582	0.019	0.007	1.98393633673004e-20	PLBD1	c15
1.03488142406298e-24	-2.09017710523682	0.007	0.031	2.14903476520918e-20	ANKRD12	c15
1.06529841059068e-24	-1.08593742417652	0.03	0.064	2.2121986794326e-20	EIF3E	c15
1.09488809078404e-24	-4.77764218872557	0.001	0.02	2.27364460932214e-20	SLC38A1	c15
1.12821923803123e-24	-2.44927587545886	0.005	0.027	2.34286006969564e-20	ARHGAP9	c15
1.27944920197904e-24	-2.55434014563425	0.004	0.026	2.65690421282967e-20	MZT2B	c15
1.28632013412572e-24	-1.43685506658689	0.017	0.046	2.67117239052546e-20	HLA-F	c15
1.41840203703433e-24	-1.41790653418331	0.017	0.045	2.94545367010549e-20	RSRP1	c15
1.49018347993313e-24	-1.51890537116679	0.015	0.043	3.09451501442913e-20	MRPS21	c15
2.95798442404384e-24	1.17370536275967	0.029	0.013	6.14255045496944e-20	GPCPD1	c15
3.11152344179917e-24	-2.71334460852846	0.004	0.025	6.46138957924016e-20	MAPRE2	c15
3.24858501428554e-24	-5.69434216249006	0	0.019	6.74601164066536e-20	PYHIN1	c15
3.50865477059744e-24	1.6850189438503	0.012	0.004	7.28607249662264e-20	ATF5	c15
3.53860850772317e-24	0.920550923655188	0.044	0.023	7.34827442713794e-20	IFNGR1	c15
3.91326341250879e-24	-2.67347584884975	0.004	0.025	8.12628280241576e-20	RNF167	c15
4.40904040485239e-24	0.690543753539373	0.079	0.049	9.15581330471647e-20	ATP5J2	c15
4.72480968962145e-24	-1.24648179960139	0.022	0.053	9.8115398014679e-20	PARK7	c15
5.6486164046646e-24	-4.02217909970961	0.001	0.02	1.17299168259265e-19	KLRC4	c15
7.11834616329841e-24	-4.22235055468076	0.001	0.02	1.47819576427055e-19	CXCR6	c15
8.99195416671934e-24	-0.89339714832055	0.043	0.08	1.86726920226094e-19	SKP1	c15
9.34908487996402e-24	-3.33222572513122	0.002	0.022	1.94143096617333e-19	CMPK1	c15
1.07631324473199e-23	1.65893452839955	0.014	0.005	2.23507208401045e-19	PLTP	c15
1.10609052839001e-23	-4.35383447981899	0.001	0.02	2.29690759125469e-19	TNFSF9	c15
1.39178714971436e-23	-2.40385823692641	0.004	0.026	2.89018519509683e-19	TAP1	c15
1.4926971106529e-23	-1.63481607689073	0.013	0.039	3.0997348199818e-19	DDIT3	c15
1.68900449408411e-23	-2.74811341893104	0.003	0.024	3.50738673241507e-19	CNOT6L	c15
1.94423041622634e-23	-3.98260052810682	0.001	0.02	4.03738888233562e-19	SIRPG	c15
2.20573729326447e-23	-3.4302824126634	0.002	0.021	4.58043406319299e-19	TMEM2	c15
2.26888640955548e-23	1.16217094214328	0.027	0.012	4.7115695180829e-19	ADRBK1	c15
2.76380613042361e-23	-4.40032919056178	0.001	0.019	5.73931981043766e-19	IKZF3	c15
3.25702582377261e-23	1.39637524597332	0.019	0.007	6.7635398256462e-19	RIN3	c15
3.30919230424814e-23	-3.04955934376333	0.003	0.022	6.8718687390017e-19	DANCR	c15
3.36525395031043e-23	-1.75926264800419	0.01	0.034	6.98828635321465e-19	ISCU	c15
3.53012398955585e-23	-0.909378841070258	0.04	0.076	7.33065547671167e-19	PCBP1	c15
3.63445583298426e-23	-3.95484110876168	0.001	0.019	7.54731098277511e-19	CAMK4	c15
4.42309268453677e-23	-3.07287414453274	0.003	0.022	9.18499426870906e-19	ODC1	c15
4.90546985638666e-23	-2.66882327434032	0.004	0.024	1.01866987037725e-18	MEAF6	c15
4.98260121162692e-23	-3.30197511395958	0.002	0.021	1.03468696760645e-18	ANXA2R	c15
5.48178567012055e-23	-3.27072164430695	0.002	0.021	1.13834761225723e-18	RASAL3	c15
5.93667023870844e-23	-2.24072148010498	0.006	0.027	1.23280894177019e-18	TOB1	c15
6.19002818585807e-23	-1.63965364394538	0.012	0.037	1.28542125307529e-18	PTGER4	c15
7.76521685305126e-23	-2.71311663159267	0.003	0.023	1.61252493170462e-18	PSTPIP1	c15
8.08925101719925e-23	1.03613900249147	0.025	0.011	1.6798138662316e-18	MRC1	c15
1.00468268927677e-22	-1.62742514396084	0.011	0.036	2.08632407255215e-18	GTF3A	c15
1.26090089048079e-22	-2.35885255458562	0.005	0.026	2.61838678917242e-18	TERF2IP	c15
1.61315662171514e-22	-1.43792664007579	0.015	0.041	3.34988104065367e-18	CDC37	c15
1.71431130912374e-22	-2.69132180925457	0.003	0.023	3.55993886452635e-18	SRSF10	c15
1.71438848284991e-22	-2.50935205744028	0.004	0.024	3.56009912348613e-18	G3BP2	c15
2.10462701892356e-22	-2.68590113414158	0.003	0.023	4.37046846749666e-18	ELOVL5	c15
2.1979951519151e-22	-2.38532476594681	0.005	0.025	4.56435673246689e-18	CHD2	c15
2.29372712972873e-22	-2.92451344105571	0.003	0.022	4.76315375759469e-18	UGP2	c15
2.33113416933757e-22	-5.02308253454462	0	0.017	4.84083321604641e-18	TRAT1	c15
2.46425278167474e-22	0.878976511358499	0.046	0.025	5.11726732642576e-18	CSK	c15
2.47489026817746e-22	-3.08513019300673	0.002	0.021	5.13935713089732e-18	SELM	c15
2.50637462914813e-22	-2.37948388735775	0.005	0.025	5.204737554889e-18	PRPF38B	c15
2.9793756113874e-22	-1.66080594971171	0.011	0.036	6.18697139460708e-18	CREM	c15
3.00152849950141e-22	-2.73183722669767	0.003	0.023	6.23297408206463e-18	SBDS	c15
3.04127732154798e-22	-1.81525215841986	0.009	0.032	6.31551648592654e-18	CACYBP	c15
3.18788506175435e-22	-2.03461059386001	0.007	0.029	6.61996211923909e-18	TMED2	c15
3.93493734090008e-22	0.712843508579751	0.091	0.06	8.1712908821131e-18	SAMSN1	c15
3.99940105404371e-22	-2.67821357576918	0.003	0.023	8.30515622882716e-18	NME3	c15
4.05847906328932e-22	1.44076130470483	0.017	0.006	8.42783762282661e-18	MAP3K1	c15
4.26895871746487e-22	-3.72381401075895	0.001	0.019	8.86491967268754e-18	RBL2	c15
4.92483751369995e-22	-2.2021106266808	0.006	0.026	1.02269175809493e-17	DHRS7	c15
6.31209629290858e-22	0.801408086449739	0.054	0.031	1.3107699161854e-17	SELPLG	c15
6.5003662107156e-22	0.330437304271422	0.263	0.21	1.3498660473172e-17	PPDPF	c15
7.91962098769728e-22	1.62759680912832	0.013	0.004	1.64458849430522e-17	RASSF2	c15
8.23163350323467e-22	1.45199135355187	0.016	0.006	1.70938101328171e-17	VPS35	c15
8.33710384934014e-22	-2.01986929551852	0.007	0.028	1.73128298535397e-17	SUN2	c15
8.50315774796617e-22	-2.88589507937759	0.003	0.021	1.76576573794266e-17	SNHG7	c15
8.94456690737325e-22	1.06509132093878	0.034	0.017	1.85742876398513e-17	IRF2BP2	c15
1.07070247764176e-21	-4.07807656636456	0.001	0.018	2.22342076507088e-17	GPR171	c15
1.13009792274319e-21	-3.21646499816159	0.002	0.02	2.3467613463685e-17	MATK	c15
1.13903784120424e-21	-3.5550554519412	0.001	0.019	2.36532598104473e-17	APMAP	c15
1.15464626941953e-21	-4.33582711348689	0.001	0.018	2.39773844307659e-17	CISH	c15
1.43779985253647e-21	1.49936419428721	0.015	0.005	2.98573517377723e-17	CCDC88A	c15
1.47790871059921e-21	-1.68739852823749	0.01	0.033	3.06902522843032e-17	NDFIP1	c15
1.5206377703864e-21	0.952951323028038	0.028	0.013	3.1577563939844e-17	MT1E	c15
2.04459606236682e-21	-1.1267758694427	0.025	0.054	4.24580818311093e-17	RPS20	c15
3.21500231775331e-21	1.54164026982475	0.013	0.004	6.67627381304652e-17	ABHD5	c15
3.70882774440792e-21	-2.80363739725851	0.003	0.021	7.70175169403749e-17	RPL13AP5	c15
4.66075294902783e-21	-5.64890554370188	0	0.016	9.6785195739512e-17	PPP1R2P9	c15
5.30075047931753e-21	-3.68318313968828	0.001	0.018	1.10075384453508e-16	AQP3	c15
5.38161711530929e-21	-5.49681140263818	0	0.016	1.11754661016513e-16	GATA3	c15
5.74133506633539e-21	-0.96121269902304	0.033	0.064	1.19224563987521e-16	C19orf43	c15
6.21791781887792e-21	-4.71679548050155	0.001	0.017	1.29121281426819e-16	FOXP3	c15
6.27529010216773e-21	1.685726537533	0.012	0.004	1.30312674261615e-16	ATP13A3	c15
6.28245412425882e-21	-1.99859923105037	0.007	0.028	1.30461442344359e-16	LOC100506248	c15
7.0794156932299e-21	-2.77742174483471	0.003	0.021	1.47011146285612e-16	MGAT4A	c15
7.08773980393383e-21	-3.39056141431296	0.002	0.019	1.4718400476849e-16	SUPT3H	c15
7.85622972229063e-21	-1.91399349729603	0.007	0.028	1.63142466413087e-16	EMD	c15
9.26511638138114e-21	-1.94648424208276	0.007	0.028	1.92399406775761e-16	MAT2B	c15
9.3405708045314e-21	-1.29193484632089	0.018	0.044	1.93966293326899e-16	CSRNP1	c15
9.80178626454273e-21	-1.7926598578843	0.009	0.03	2.03543893569494e-16	H2AFV	c15
1.22688805593973e-20	-0.387642036896754	0.926	0.832	2.54775573696443e-16	RNR2	c15
1.30123848343385e-20	-1.01622546703042	0.026	0.055	2.70215183469874e-16	SELK	c15
1.3606473440983e-20	-4.22718812831866	0.001	0.017	2.82552027475453e-16	SAMD3	c15
1.44117950301929e-20	-0.828869198768359	0.044	0.078	2.99275335596986e-16	GUK1	c15
1.44651960649835e-20	-2.89785048272452	0.003	0.02	3.00384261485446e-16	IL16	c15
1.56361654672255e-20	-3.64671881339935	0.001	0.018	3.24700612092405e-16	METTL12	c15
1.78668947910274e-20	-3.76786626623669	0.001	0.017	3.71023937230475e-16	LOC101928173	c15
1.80683087527745e-20	-3.16391566513523	0.002	0.019	3.75206499560116e-16	CCND2	c15
1.87403418801063e-20	0.621274415664547	0.08	0.052	3.89161939482287e-16	ATP5G3	c15
1.98423637860222e-20	-4.93398556825823	0	0.016	4.12046526380537e-16	PTTG1	c15
2.12950103817351e-20	-2.32643107689324	0.005	0.024	4.4221218558711e-16	ANKRD28	c15
2.13312716563e-20	-2.28816263391453	0.005	0.024	4.42965187214726e-16	AIM1	c15
2.22290631693559e-20	1.52201815606168	0.015	0.005	4.61608725774845e-16	CPM	c15
2.64218728462542e-20	-3.81286128537729	0.001	0.017	5.48676611525315e-16	NCR3	c15
2.77509304756135e-20	-1.26223367047982	0.018	0.043	5.76275822256589e-16	TAPBP	c15
3.54125511724915e-20	1.00047915073255	0.032	0.016	7.35377037647959e-16	RABGAP1L	c15
4.30773722938869e-20	-4.83470605504906	0	0.015	8.94544713054855e-16	CHST12	c15
4.4188101200184e-20	-1.31101240933592	0.017	0.041	9.1761010952302e-16	NHP2L1	c15
4.74040724463051e-20	-0.635530197137011	0.448	0.468	9.84392968419972e-16	FOS	c15
4.85273729565141e-20	0.988704487598123	0.033	0.016	1.00771942681497e-15	ITGAL	c15
5.30676813382303e-20	-3.11255216451162	0.002	0.019	1.10200347066969e-15	TMEM243	c15
6.76680525796168e-20	-0.663503822654943	0.07	0.108	1.40519477986832e-15	PPIB	c15
7.03097360079014e-20	-3.94158695441466	0.001	0.017	1.46005197794008e-15	PTPN7	c15
7.05747223502138e-20	-2.60775663158452	0.003	0.021	1.46555468432454e-15	SNRNP70	c15
7.23510503458972e-20	-4.46412088704551	0.001	0.016	1.5024419114829e-15	STAT4	c15
7.62488668005598e-20	0.75635154798632	0.055	0.033	1.58338396798043e-15	FKBP5	c15
8.07670374097557e-20	-2.07171879161122	0.006	0.025	1.67720829885099e-15	MBP	c15
8.52064685540506e-20	1.21960398227613	0.021	0.009	1.76939752599342e-15	MARCH1	c15
8.58171739624825e-20	0.798569986954445	0.048	0.028	1.78207943450491e-15	CNPY3	c15
1.1858245320591e-19	0.982350609293212	0.032	0.016	2.46248322327392e-15	M6PR	c15
1.5889556535915e-19	-2.36118836295668	0.004	0.022	3.29962531024811e-15	AAK1	c15
1.68237701516556e-19	0.670414273229934	0.063	0.039	3.49362410969281e-15	PGAM1	c15
1.72261390509301e-19	-2.91762553132591	0.002	0.019	3.57718003531614e-15	BTG3	c15
1.81005287277724e-19	-2.31535406153918	0.004	0.022	3.75875579560922e-15	RPL19P12	c15
1.82970372163016e-19	-2.65054341904248	0.003	0.02	3.7995627483372e-15	ARID5A	c15
1.86013820276368e-19	-1.04178646674864	0.026	0.053	3.86276299185906e-15	SON	c15
1.89340332431953e-19	-0.863731744422031	0.038	0.069	3.93184134328194e-15	CLEC2B	c15
1.99839370082339e-19	1.49139446166521	0.014	0.005	4.14986435912984e-15	GCH1	c15
2.01909273083726e-19	-1.30434242284436	0.016	0.039	4.19284796485666e-15	DAD1	c15
2.22941392409697e-19	0.730152451473128	0.056	0.034	4.62960095477976e-15	TOMM6	c15
2.31790395528427e-19	-1.3452394098036	0.015	0.038	4.81335935354332e-15	PPP1R18	c15
2.35778403201081e-19	-4.6565331032263	0.001	0.015	4.89617432087364e-15	SPON2	c15
2.41104350737825e-19	-6.26841233697012	0.001	0.015	5.00677294742167e-15	IGJ	c15
2.8527137944e-19	0.457305615041574	0.138	0.101	5.92394546545104e-15	MCL1	c15
2.92053708893e-19	-0.704688033071748	0.07	0.107	6.06478731887204e-15	NR4A2	c15
2.92802583252412e-19	-1.09856352549064	0.022	0.048	6.08033844381959e-15	HSPA5	c15
2.98493740041783e-19	-1.5232008384505	0.011	0.033	6.19852100570766e-15	IDS	c15
3.38240553362997e-19	-2.89530022703814	0.002	0.019	7.02390333113599e-15	FAM107B	c15
3.47847178685234e-19	-1.21385409289785	0.019	0.043	7.22339451257758e-15	SMDT1	c15
3.49758411368574e-19	-2.6815348026741	0.003	0.02	7.2630831704798e-15	C19orf66	c15
4.15957519455003e-19	-4.79280112545268	0	0.015	8.63777384900259e-15	LEF1	c15
4.56303277052598e-19	-3.52833221105113	0.001	0.017	9.47559385127426e-15	GCC2	c15
5.09998287188522e-19	0.855788632304418	0.041	0.023	1.05906244317569e-14	WAS	c15
6.28551656539189e-19	-0.758914174270045	0.045	0.077	1.30525036996928e-14	CNBP	c15
6.63388589127442e-19	-2.87902532706294	0.002	0.018	1.37759274418205e-14	ZBTB20	c15
6.78249996608265e-19	-1.49464062624177	0.012	0.034	1.40845394295672e-14	SPCS2	c15
7.18147020147368e-19	-1.62560496682725	0.01	0.03	1.49130410203802e-14	BRE-AS1	c15
7.5430900762942e-19	-1.73605180165416	0.008	0.028	1.56639808524325e-14	UFC1	c15
8.33970015005501e-19	-3.24247337087129	0.002	0.017	1.73182213316042e-14	PRKACB	c15
8.36931278826314e-19	-2.16620747664322	0.005	0.023	1.73797149361072e-14	PA2G4	c15
8.60480377508519e-19	0.679200791186091	0.063	0.039	1.78687355193419e-14	ATP5B	c15
1.00511863525977e-18	-1.98045224609919	0.006	0.025	2.08722935798044e-14	BCL3	c15
1.25514671979067e-18	-2.07298972446973	0.005	0.023	2.6064376783173e-14	PTP4A1	c15
1.2933591385185e-18	-1.01481007405928	0.026	0.053	2.68578958704751e-14	GIMAP4	c15
1.47987277936078e-18	-2.4243761273052	0.004	0.021	3.07310381362059e-14	NEU1	c15
1.63764239542434e-18	-2.63868311243156	0.003	0.019	3.40072819833818e-14	HMGN4	c15
1.63994299520372e-18	0.400779949747233	0.115	0.082	3.40550562384004e-14	TUBA1A	c15
1.660694734674e-18	-2.77068049738857	0.003	0.018	3.44859868602404e-14	OPTN	c15
1.69823462107289e-18	-2.03567157638817	0.006	0.023	3.52655401411997e-14	AIP	c15
1.73075690801191e-18	-1.65809848955563	0.009	0.029	3.59408979517754e-14	EML4	c15
1.76417884590262e-18	-1.18761541568051	0.02	0.044	3.66349379140139e-14	SPCS1	c15
1.83410322268514e-18	-3.01123281666688	0.002	0.017	3.80869875222797e-14	LPXN	c15
1.83988487090596e-18	-2.0606440415414	0.005	0.023	3.82070492292332e-14	NUCKS1	c15
1.93073671250186e-18	-2.38984844417693	0.004	0.02	4.00936785718137e-14	ZC3HAV1	c15
2.11364561819374e-18	-3.45102239851348	0.001	0.016	4.38919649074113e-14	DCK	c15
2.25268895907504e-18	-0.465066539612694	0.243	0.291	4.67793389241523e-14	UBC	c15
2.2979203572339e-18	-1.76707869727479	0.008	0.027	4.77186141383192e-14	MIR4435-1HG	c15
2.41776421065769e-18	1.01532576861988	0.029	0.014	5.02072915985176e-14	PLEC	c15
2.56335725105547e-18	0.113373777619112	0.634	0.553	5.32306766754179e-14	RPL8	c15
2.79053773576932e-18	-6.23768686506316	0	0.013	5.79483066209857e-14	TCF7	c15
3.7302851565914e-18	-2.908026726516	0.002	0.017	7.74631015617771e-14	RASSF1	c15
3.82981758041471e-18	-1.62803918740101	0.009	0.029	7.95299918748919e-14	TOMM5	c15
3.91798115000095e-18	-1.31057453780345	0.019	0.042	8.13607965609198e-14	HMGB2	c15
4.21063235387664e-18	-2.61677031734469	0.003	0.019	8.74379914606022e-14	DDX39A	c15
4.23391670493509e-18	-3.09363058951406	0.002	0.017	8.79215142946821e-14	HERPUD2	c15
4.64699217425399e-18	-3.35860206495205	0.003	0.018	9.64994394905584e-14	STMN1	c15
4.73355677654609e-18	-2.70068020691068	0.003	0.018	9.82970400217562e-14	PTMS	c15
5.02528703263674e-18	-1.85029312552354	0.006	0.024	1.04355110519735e-13	ECH1	c15
5.41048814775073e-18	-0.517400907215886	0.096	0.136	1.12354196876192e-13	YWHAZ	c15
6.66747601527795e-18	1.08691291938461	0.023	0.011	1.38456806933262e-13	MXD1	c15
6.84725833373972e-18	-4.31872572633045	0.001	0.014	1.42190166558439e-13	TRG-AS1	c15
6.9492308771276e-18	-4.71666518517151	0	0.014	1.44307728394432e-13	PASK	c15
6.98332440628185e-18	-2.02524265465062	0.005	0.022	1.45015714620849e-13	DGCR6L	c15
6.98934102126047e-18	-1.62240064924125	0.009	0.028	1.45140655647495e-13	IGFLR1	c15
8.21288393829086e-18	-3.63044897392284	0.001	0.015	1.70548747862548e-13	RAPGEF6	c15
8.57355668898082e-18	-4.02131126969243	0.001	0.015	1.78038478203376e-13	HNRNPLL	c15
9.05656846703131e-18	-3.30162768589267	0.001	0.016	1.88068700786372e-13	TSEN54	c15
9.9423726612267e-18	-1.63465425649329	0.009	0.028	2.06463310683034e-13	TCEA1	c15
1.06701314194846e-17	-1.75614847147719	0.007	0.026	2.21575949057017e-13	DNAJB4	c15
1.08170925511459e-17	-1.51841606534447	0.01	0.03	2.24627743917096e-13	FKBP8	c15
1.09523921019133e-17	-2.20827364194812	0.004	0.021	2.27437374388331e-13	TAF7	c15
1.12832881452655e-17	-1.42640386453351	0.012	0.033	2.34308761624583e-13	ARL6IP1	c15
1.20259382555606e-17	-2.87305575817604	0.002	0.017	2.49730633814971e-13	ATF7IP	c15
1.20616690749169e-17	-1.63976847998311	0.008	0.027	2.50472620009725e-13	ARF4	c15
1.25797264621335e-17	-1.75051554549065	0.007	0.025	2.61230599712665e-13	MRPL57	c15
1.28356301357189e-17	-6.21849086757596	0	0.013	2.66544695398339e-13	HLA-J	c15
1.36858076549151e-17	-2.30669485883198	0.004	0.02	2.84199481761967e-13	IL6ST	c15
1.41202880136068e-17	-1.4004092002693	0.013	0.034	2.93221900890559e-13	SLC38A2	c15
1.44226989448394e-17	0.976061181896226	0.027	0.014	2.99501766288536e-13	MARCKSL1	c15
1.48318053014925e-17	-5.22124884020118	0	0.013	3.07997268890794e-13	GPR56	c15
1.52373667090808e-17	-2.70788226317422	0.003	0.018	3.16419157080772e-13	DDX6	c15
1.52790394872556e-17	0.929440635570847	0.032	0.017	3.17284533992349e-13	MYO1F	c15
1.53526850251605e-17	-3.15886082784116	0.002	0.016	3.18813857232483e-13	SVIP	c15
1.80237540625836e-17	-2.36760425910777	0.004	0.019	3.74281276863611e-13	NT5C	c15
1.85698480699786e-17	-1.52946483632718	0.01	0.029	3.85621465021175e-13	TMEM123	c15
1.87764890045835e-17	-3.9957671349415	0.001	0.014	3.89912570669181e-13	BCL11B	c15
1.91428732728759e-17	-1.97139966032182	0.006	0.023	3.9752090638454e-13	ZNRD1	c15
1.98890426267032e-17	-1.98861652533052	0.005	0.022	4.13015859186119e-13	RANBP1	c15
2.19473222448463e-17	0.987427588018237	0.028	0.014	4.55758093736479e-13	SSH2	c15
2.42815970567576e-17	0.958450031238803	0.03	0.016	5.04231644480628e-13	SERPINB9	c15
2.42982942273779e-17	1.43706690235488	0.013	0.005	5.04578377925729e-13	PLEKHB2	c15
2.61982902404122e-17	0.90017564648829	0.033	0.018	5.44033695132401e-13	CLTA	c15
2.68032032567999e-17	1.15709134997756	0.021	0.009	5.56595318830707e-13	NCOA4	c15
2.92118173784459e-17	0.940483549657909	0.031	0.016	6.06612599680808e-13	MEF2C	c15
2.96000754170924e-17	-1.01024696454068	0.033	0.06	6.14675166111341e-13	KLF2	c15
3.02994059562833e-17	-2.63171310985554	0.003	0.019	6.29197464088179e-13	SEC11C	c15
3.04851851800448e-17	-0.873533186730973	0.031	0.058	6.3305535544881e-13	NDUFS5	c15
3.29556860117882e-17	-1.63193873190077	0.009	0.027	6.84357775720794e-13	SMCHD1	c15
4.11932640812474e-17	-3.01674657776062	0.002	0.016	8.55419321911183e-13	RAB27A	c15
4.53582405115422e-17	-2.4999946553989	0.003	0.018	9.41909222462686e-13	PDE4D	c15
4.70064787510867e-17	-3.01165770108782	0.002	0.016	9.76136537745067e-13	HMOX2	c15
4.76579345765985e-17	-3.96608421914781	0.001	0.014	9.89664669417645e-13	MAL	c15
4.76721492319956e-17	-3.95711187792023	0.001	0.014	9.8995985095162e-13	PHF1	c15
4.83021606150771e-17	-1.04915348932322	0.022	0.046	1.00304266733269e-12	C19orf53	c15
5.12553682971548e-17	-4.24366752011361	0.001	0.014	1.06436897805872e-12	DGKA	c15
6.84788771998071e-17	-1.80186974944797	0.007	0.024	1.42203236393119e-12	SPNS1	c15
6.98554545698344e-17	-2.1298170967479	0.004	0.02	1.45061836959718e-12	PSMB8-AS1	c15
7.00295818839525e-17	-4.60452849513225	0	0.013	1.45423429740216e-12	KCNA3	c15
7.29408569728963e-17	1.58101536346917	0.01	0.004	1.51468983589916e-12	PDLIM5	c15
7.90466286749976e-17	-5.15989621366511	0	0.013	1.641482291065e-12	BANK1	c15
8.26424372912123e-17	-1.89099835686333	0.006	0.023	1.71615285278931e-12	UBE2N	c15
8.3641312524033e-17	-1.62131841064224	0.008	0.026	1.73689549587407e-12	SNRPF	c15
8.98045815105994e-17	-2.66141532460605	0.003	0.017	1.86488193964911e-12	LSM2	c15
9.23051025494722e-17	1.38911553363806	0.014	0.005	1.91680775954234e-12	RABGEF1	c15
9.82762297282823e-17	-4.21628068707339	0.001	0.013	2.04080418653751e-12	PCED1B	c15
1.0215504831466e-16	-2.99065060712158	0.002	0.016	2.12135173330223e-12	CCDC167	c15
1.0433845532985e-16	1.29981963231855	0.015	0.006	2.16669236337967e-12	CD151	c15
1.06903481925075e-16	-2.11675109008755	0.004	0.02	2.2199577056561e-12	RHOF	c15
1.13337662079523e-16	0.354420189516855	0.158	0.121	2.35356989074338e-12	LIMD2	c15
1.15654763177259e-16	1.09795359464486	0.022	0.01	2.40168681213897e-12	SNX2	c15
1.19208050730581e-16	-3.9195675090601	0.001	0.014	2.47547438147125e-12	SP140	c15
1.26386084692151e-16	-2.08257739687247	0.005	0.02	2.6245334347172e-12	PRMT2	c15
1.34159907755928e-16	0.629095844985138	0.096	0.068	2.78596464445961e-12	LITAF	c15
1.4663398710088e-16	1.52907988331902	0.011	0.004	3.04500137613688e-12	VSIG4	c15
1.52312356114738e-16	-3.32745535456558	0.001	0.014	3.16291838707865e-12	LOC100996919	c15
1.60831649920936e-16	-1.22516507103847	0.015	0.036	3.33983004225815e-12	CCDC85B	c15
1.69053259800487e-16	-2.79181196186172	0.002	0.016	3.51055999301691e-12	CLPP	c15
1.77858389906902e-16	-2.70755261048015	0.002	0.016	3.69340732480673e-12	FGFR1OP2	c15
1.85968594753774e-16	-1.19930957167043	0.016	0.037	3.86182383865688e-12	SLC9A3R1	c15
1.97530361367005e-16	-1.52580598949664	0.017	0.038	4.10191548414722e-12	XBP1	c15
2.06067705419533e-16	1.50182348604008	0.011	0.004	4.27920197074203e-12	CAT	c15
2.56506285625611e-16	0.876192274518901	0.032	0.017	5.32660952730144e-12	HM13	c15
2.62695720967374e-16	1.06247491123638	0.022	0.011	5.45513934160849e-12	PRKCB	c15
2.85513677175372e-16	-1.57794361283181	0.009	0.027	5.92897702022378e-12	CCT4	c15
3.00051157332726e-16	-1.88330127058504	0.006	0.022	6.23086233317139e-12	VCP	c15
3.16220780046849e-16	-2.05755579247039	0.005	0.02	6.56664071845287e-12	AKNA	c15
3.25685114416229e-16	-1.43862571032387	0.011	0.029	6.76317708596742e-12	IFI16	c15
3.26864732095342e-16	-1.74838799011187	0.007	0.023	6.78767302669186e-12	RBM25	c15
3.33169803244478e-16	-1.60069994875928	0.008	0.025	6.91860413417483e-12	SIGIRR	c15
3.55778936842405e-16	-4.16620747664322	0.001	0.013	7.38810540246938e-12	THEMIS	c15
3.56082796667769e-16	-2.10717242312519	0.004	0.019	7.39441535560288e-12	SPRY1	c15
3.74851953270888e-16	0.786906135725943	0.04	0.023	7.78417566162327e-12	LAPTM4A	c15
4.22773852726744e-16	1.02184554681069	0.024	0.012	8.77932182572356e-12	TMEM167A	c15
4.44483430120135e-16	-1.34773027085568	0.012	0.031	9.23014290987473e-12	C11orf58	c15
4.57133783818361e-16	-1.9611651372822	0.005	0.02	9.49284015477208e-12	ATP5EP2	c15
4.61103154583736e-16	-1.63223950641733	0.008	0.025	9.57526810808586e-12	RNPS1	c15
4.7025509529757e-16	1.09305918839224	0.021	0.01	9.76531730894935e-12	SLIRP	c15
5.41932594585864e-16	-3.07450191751473	0.002	0.015	1.12537722591701e-11	HIST1H1D	c15
5.68597057974861e-16	-1.68504898110978	0.007	0.024	1.1807486505906e-11	SSU72	c15
5.8331723202426e-16	-1.97696516894108	0.005	0.02	1.21131656402158e-11	STOM	c15
6.0643172531785e-16	-3.63903904979977	0.001	0.013	1.25931612079505e-11	TMUB1	c15
6.373573560462e-16	0.729321223512834	0.047	0.029	1.32353628556554e-11	VAPA	c15
6.91081717571491e-16	-3.86868912666016	0.001	0.013	1.43510029470896e-11	PELO	c15
7.45548590841205e-16	-2.23847911936143	0.004	0.018	1.54820620374085e-11	MAF	c15
7.60634169324163e-16	-2.66604974889612	0.002	0.016	1.57953291601856e-11	ANKRD10	c15
7.68072097196058e-16	-2.3537815650382	0.003	0.017	1.59497851703733e-11	HNRNPUL1	c15
7.90328361186011e-16	-3.15445533588617	0.001	0.014	1.64119587483887e-11	ERN1	c15
8.63063527615014e-16	-1.67523237711976	0.008	0.024	1.79223772144534e-11	DUT	c15
9.01951985202406e-16	-4.17363081996844	0.001	0.013	1.87299349247132e-11	LINC00926	c15
9.06614860140762e-16	-2.82458521987	0.002	0.015	1.88267641856831e-11	PRMT1	c15
9.32890841602284e-16	-1.77681147580278	0.006	0.022	1.9372411216713e-11	SNORA78	c15
1.01842130122651e-15	-2.82458521987	0.002	0.015	2.11485367412696e-11	STUB1	c15
1.12638447369237e-15	-2.29326421295804	0.003	0.018	2.33904999806958e-11	STRAP	c15
1.16389245896908e-15	-5.81280904315676	0	0.012	2.4169390802952e-11	IGLL5	c15
1.23690017508845e-15	1.40028442057921	0.012	0.005	2.56854690358869e-11	OTUD1	c15
1.34428069923912e-15	-1.80009993318731	0.006	0.022	2.79153330003995e-11	BCLAF1	c15
1.50582126609543e-15	-2.63801722755914	0.002	0.016	3.12698844117377e-11	BTN3A2	c15
1.60509288487395e-15	-3.59831848928101	0.001	0.013	3.33313588472924e-11	NOP58	c15
1.7272123791959e-15	-3.60734241262447	0.001	0.013	3.5867292266382e-11	FAM173A	c15
1.8282564927222e-15	-3.24962348483086	0.001	0.014	3.79655743278691e-11	PPP3CC	c15
1.8321167424726e-15	-2.99525161053333	0.002	0.014	3.8045736274186e-11	UBAC2	c15
1.83906681261339e-15	-1.86558988800127	0.006	0.021	3.81900614307296e-11	ANKRD44	c15
2.07692062472095e-15	1.46282203878905	0.011	0.004	4.31293336929552e-11	GNAQ	c15
2.48874112661903e-15	-2.99782739240107	0.002	0.014	5.16811982353707e-11	YPEL3	c15
2.53009244652736e-15	-2.00047469726312	0.005	0.019	5.25398997445871e-11	MFSD10	c15
2.66329394786533e-15	-2.88583187120036	0.002	0.014	5.53059621213715e-11	IRF3	c15
2.90364221473215e-15	-1.21080205276607	0.014	0.034	6.02970342311278e-11	SF3B1	c15
3.06946235619882e-15	-3.57895316441408	0.001	0.013	6.37404552888248e-11	MAP4K1	c15
3.43736054840201e-15	-1.26348853225236	0.013	0.032	7.13802291481162e-11	TRAM1	c15
3.71709608171459e-15	-3.81595065869737	0.001	0.012	7.71892172328852e-11	CCR6	c15
3.74267566881389e-15	0.991154063335179	0.023	0.012	7.77204029385892e-11	GSN	c15
3.78006778815276e-15	1.02086483141351	0.022	0.011	7.84968876887802e-11	OSM	c15
3.94668864872514e-15	-2.78735231367102	0.002	0.015	8.19569364794262e-11	LDLRAD4	c15
3.96431348833465e-15	-1.95332527458925	0.005	0.019	8.23229338987574e-11	TAF1D	c15
4.09130830642783e-15	-1.39369430379792	0.011	0.028	8.49601082912803e-11	DPP7	c15
4.13161292430298e-15	1.55241648153348	0.01	0.003	8.57970739860758e-11	DNASE2	c15
4.21675933390036e-15	-2.68521289578824	0.002	0.015	8.7565224327775e-11	ZNF428	c15
4.29357191607176e-15	-1.77054661079009	0.006	0.022	8.91603144091463e-11	IFRD1	c15
4.47538922521482e-15	-3.2316813141205	0.001	0.013	9.29359326508109e-11	TBCC	c15
4.5974502585069e-15	-1.79251026538014	0.006	0.021	9.54706520681542e-11	ENSA	c15
4.6348745750391e-15	-3.57723191341544	0.001	0.013	9.62478054252621e-11	LY9	c15
4.70971832377014e-15	-0.583528972688646	0.089	0.124	9.78020107114107e-11	FOSB	c15
5.3863695214001e-15	-0.931013631978113	0.024	0.046	1.11853349481395e-10	ARF6	c15
5.96009885251674e-15	-1.25070375072999	0.013	0.032	1.23767412771363e-10	PRRC2C	c15
6.14467076635918e-15	-0.704879114019824	0.043	0.069	1.27600233134215e-10	HNRNPK	c15
6.43957615289222e-15	-3.06667180309231	0.001	0.014	1.3372423839096e-10	RASA2	c15
6.47794163336928e-15	1.22717900512546	0.016	0.007	1.34520935958546e-10	HEXB	c15
6.53499196988031e-15	-2.37152638462073	0.003	0.016	1.35705643246534e-10	R3HDM4	c15
6.53628155021224e-15	-4.05497005024014	0.001	0.012	1.35732422671707e-10	RNF113A	c15
6.63050813960992e-15	-1.55806018850127	0.008	0.024	1.3768913202714e-10	HNRNPH3	c15
7.70955306629945e-15	-2.40296090687551	0.003	0.016	1.60096578974774e-10	TMC8	c15
8.71296177550137e-15	-2.66241476700202	0.002	0.015	1.80933364230061e-10	TRADD	c15
8.75593554849427e-15	-2.27995921511492	0.003	0.017	1.81825757600032e-10	MED10	c15
8.80905897641463e-15	-0.979802119464789	0.022	0.043	1.82928918704226e-10	HNRNPC	c15
9.30382931564126e-15	-2.38825347102618	0.003	0.016	1.93203319568606e-10	SDF4	c15
9.34260009624259e-15	-4.75726373527705	0	0.011	1.94008433598574e-10	MZB1	c15
1.00886009935499e-14	-1.99628247520091	0.004	0.019	2.09499888232056e-10	RAD21	c15
1.01222987672997e-14	-4.94648424208276	0	0.011	2.10199656201746e-10	CDC25B	c15
1.01437586976509e-14	-3.74719518719904	0.001	0.012	2.10645293115419e-10	LOC100131564	c15
1.08114848277151e-14	-1.926923275908	0.005	0.019	2.24511293932333e-10	ARID4B	c15
1.08154997927743e-14	-2.545976788967	0.002	0.015	2.24594668696751e-10	LOH12CR1	c15
1.14384863038412e-14	0.80046308905383	0.036	0.021	2.37531606585567e-10	KLF10	c15
1.16664548080495e-14	-2.18117805353837	0.004	0.017	2.42265600543957e-10	RNF166	c15
1.26154049803571e-14	-1.03324317410582	0.019	0.04	2.61971499822095e-10	SFPQ	c15
1.27557035770226e-14	-1.28164003480389	0.013	0.03	2.64884940480451e-10	CDK2AP2	c15
1.43816430887581e-14	0.448671707813855	0.102	0.074	2.9864920038115e-10	NDUFA4	c15
1.47235385028753e-14	-2.31637741222932	0.003	0.016	3.05749000550708e-10	MAF1	c15
1.50694455467554e-14	-3.5114566457652	0.001	0.012	3.12932106223922e-10	SLA2	c15
1.65005271619844e-14	-2.81589758038604	0.002	0.014	3.42649947045767e-10	LINC00869	c15
1.65540629773772e-14	1.30247477141551	0.013	0.005	3.43761671788214e-10	CTNNB1	c15
1.68513067603002e-14	-1.05938360855282	0.019	0.039	3.49934236184395e-10	CORO1B	c15
1.77680269947234e-14	-0.80852590086269	0.034	0.058	3.68970848572427e-10	SAP18	c15
2.04148335412657e-14	0.927886111839445	0.026	0.014	4.23934433317924e-10	TSPAN14	c15
2.1733481062012e-14	-2.62701563642449	0.002	0.014	4.51317467733742e-10	ABHD14B	c15
2.18378798106584e-14	-2.13646013324917	0.003	0.017	4.53485412148133e-10	SS18L2	c15
2.2015339256319e-14	-2.00736912890747	0.004	0.018	4.57170534996721e-10	POLR2K	c15
2.50516429726447e-14	-1.7517984657389	0.006	0.02	5.20222417969939e-10	RAB11B	c15
2.54225009172277e-14	-0.622405635614963	0.055	0.084	5.2792365404715e-10	GSTK1	c15
2.55444767711112e-14	0.395622807869038	0.124	0.093	5.30456604628894e-10	PSMB9	c15
2.56723461763394e-14	-1.30201252430002	0.011	0.028	5.33111940697863e-10	GPR65	c15
2.57572017865215e-14	-5.90179842083321	0	0.01	5.34874052298906e-10	RTKN2	c15
2.59632196816736e-14	0.866860225042442	0.031	0.017	5.39152219909635e-10	HLA-DMB	c15
2.76575916602757e-14	-4.93106853864145	0	0.011	5.74337548417285e-10	KLRF1	c15
2.95350624837985e-14	1.31537728423263	0.013	0.006	6.13325107538559e-10	FCGR2B	c15
3.05466273307669e-14	-3.48660810178399	0.001	0.012	6.34331263150705e-10	GABPB1-AS1	c15
3.7269149076893e-14	-2.28906422442876	0.003	0.016	7.73931149730759e-10	A1BG	c15
3.9304965882394e-14	1.44389094760235	0.01	0.004	8.16206921513793e-10	PAK1	c15
4.29002303827481e-14	-3.1320284007141	0.001	0.013	8.90866184128148e-10	NCF1B	c15
4.35244656241436e-14	-4.33867467264799	0	0.011	9.03829053150965e-10	TOX	c15
4.39965720868795e-14	1.20677515482009	0.015	0.007	9.1363281595614e-10	PTPN18	c15
4.60051165896203e-14	-1.03908374242664	0.018	0.038	9.55342251100055e-10	NSA2	c15
4.79168555954322e-14	-5.83566625145115	0	0.01	9.95041423294745e-10	RALGPS2	c15
4.92338237710634e-14	-4.87121992457414	0	0.01	1.0223895844299e-09	LOC100996740	c15
5.17786827987479e-14	-3.29446196731566	0.001	0.012	1.0752361269988e-09	LOC101927902	c15
5.22234088761366e-14	-4.90317307080943	0	0.01	1.08447130872185e-09	VPREB3	c15
5.27440256343031e-14	-4.32506424112933	0	0.011	1.09528243632194e-09	NELL2	c15
5.34503172549925e-14	-3.45758650817098	0.001	0.012	1.10994928811717e-09	ITGB7	c15
5.52321339956588e-14	-1.57486358831441	0.007	0.022	1.14695049455385e-09	FOXP1	c15
5.56516722330781e-14	-2.08748771813706	0.004	0.017	1.1556626255921e-09	MAX	c15
6.10776484721095e-14	-1.79544619723091	0.005	0.019	1.26833844817183e-09	MPHOSPH8	c15
6.668543074667e-14	-1.76899764392444	0.006	0.02	1.38478965488535e-09	C17orf62	c15
6.73566868233106e-14	-1.83008819554739	0.005	0.019	1.39872895857287e-09	PPP1R10	c15
6.94223449637858e-14	0.588186458960219	0.06	0.04	1.44162441551798e-09	PSMB10	c15
7.2084386040807e-14	-3.66595720615637	0.001	0.011	1.4969043605234e-09	LINC00674	c15
7.31201785705804e-14	-3.68398308151132	0.001	0.011	1.51841362819667e-09	SESN1	c15
7.31604470499862e-14	-1.11082257336679	0.016	0.034	1.51924984344001e-09	SERBP1	c15
7.42724547263196e-14	-1.47511662506072	0.008	0.023	1.54234179484675e-09	DCXR	c15
7.49596449288648e-14	-1.48421289526129	0.008	0.024	1.55661198659281e-09	UBXN4	c15
7.56336661094134e-14	1.17420884422351	0.016	0.007	1.57060871042808e-09	WAC	c15
7.59981178382355e-14	-3.10600121602153	0.001	0.012	1.5781769150288e-09	RNF187	c15
7.64550099623061e-14	-3.66530924071054	0.001	0.011	1.58766473687725e-09	SRSF8	c15
7.79132401422361e-14	-1.67471214721951	0.006	0.021	1.61794634479367e-09	EWSR1	c15
7.93064011054321e-14	1.50364392166445	0.01	0.004	1.6468767253554e-09	PHF19	c15
8.00173718143495e-14	-2.58018766913902	0.002	0.014	1.66164074309678e-09	TMEM50B	c15
8.84533566249969e-14	-4.30509820727012	0	0.011	1.83682240367469e-09	PLEKHF1	c15
9.11081082297787e-14	-4.30093257865644	0	0.011	1.89195097549959e-09	INPP4B	c15
9.13053440646396e-14	1.07835632569185	0.018	0.009	1.89604677484631e-09	PCGF5	c15
9.85928858054434e-14	-1.76071466511673	0.006	0.02	2.04737986663584e-09	BCAS2	c15
9.86022040021705e-14	-2.20544263992632	0.003	0.016	2.04757336830907e-09	TRA2A	c15
9.92581135640657e-14	0.417538632985313	0.111	0.083	2.06119398627139e-09	COX6A1	c15
1.05913840938314e-13	-2.49270830132041	0.002	0.014	2.19940682092503e-09	ACP1	c15
1.11257243881281e-13	-3.9317422230062	0.001	0.011	2.31036792643869e-09	TNFRSF25	c15
1.1203748739707e-13	-4.29326421295804	0	0.011	2.32657046328756e-09	FAM102A	c15
1.13745771073736e-13	-1.55144875991699	0.007	0.022	2.36204468211719e-09	CCDC109B	c15
1.15378037860437e-13	-1.35010806671976	0.01	0.026	2.39594033420983e-09	PRDX6	c15
1.15512139342557e-13	-3.64704703431781	0.001	0.011	2.39872508558755e-09	NMRK1	c15
1.17419743323788e-13	-0.72458347240209	0.058	0.086	2.43833838986179e-09	EGR1	c15
1.21559779833887e-13	0.946299827550918	0.026	0.014	2.52431038803051e-09	HLA-DRB6	c15
1.30251820630197e-13	-1.04660079521232	0.017	0.036	2.70480930720667e-09	JAK1	c15
1.37141013867442e-13	-0.965306226910356	0.021	0.04	2.84787029397129e-09	NDUFB8	c15
1.41907233537409e-13	-4.28274122654603	0	0.01	2.94684561163784e-09	OBFC1	c15
1.44829590434825e-13	-4.82046842048479	0	0.01	3.00753127496959e-09	BCL2	c15
1.4594088113545e-13	-1.132185671509	0.014	0.032	3.03060833765874e-09	ARL4C	c15
1.5165155855474e-13	-3.92431433603865	0.001	0.011	3.14919626494774e-09	PTPRA	c15
1.58442954374624e-13	-1.67582576753022	0.006	0.02	3.29022639054345e-09	RSRC2	c15
1.63269792875077e-13	-0.858678760816475	0.026	0.047	3.39046051884386e-09	HNRNPA3	c15
1.67088056924231e-13	-2.83220654945528	0.002	0.013	3.46975059008858e-09	GPRIN3	c15
1.67127793638833e-13	-2.82815971639258	0.002	0.013	3.470575762704e-09	COPS6	c15
1.67438647135941e-13	1.28415723150341	0.013	0.005	3.47703094642495e-09	YBX3	c15
1.69552553257154e-13	0.555929438868143	0.064	0.044	3.52092832093806e-09	BRK1	c15
1.73240439321351e-13	-2.93726951079356	0.001	0.012	3.59751096294718e-09	WHSC1L1	c15
1.97763426688686e-13	-1.82119576864282	0.005	0.018	4.10675531861726e-09	MRPS34	c15
1.99701894822835e-13	-2.62688764147778	0.002	0.013	4.14700954789099e-09	TPST2	c15
2.21914174940376e-13	-2.27817590828602	0.003	0.015	4.60826975681184e-09	MYC	c15
2.24006589611315e-13	-2.46956577744802	0.002	0.014	4.65172083986858e-09	SEMA4D	c15
2.29564492381868e-13	1.17376668778379	0.014	0.006	4.76713624880187e-09	PHLDA2	c15
2.3297792948323e-13	-0.993505390530335	0.018	0.037	4.83801968364875e-09	CD164	c15
2.39156391498402e-13	-1.68605146185255	0.006	0.02	4.96632162585581e-09	STAT3	c15
2.453589622435e-13	-3.05558830396329	0.001	0.012	5.09512420994851e-09	ZBTB38	c15
2.45893644556836e-13	1.38074329562526	0.011	0.004	5.10622742286726e-09	CSGALNACT2	c15
2.53657889743908e-13	-2.70079313360957	0.002	0.013	5.26745973842199e-09	CCL3L1	c15
2.87862934885601e-13	0.576845495864574	0.059	0.04	5.97776170583439e-09	UQCRQ	c15
3.08539013800155e-13	-1.04234108282117	0.017	0.035	6.40712116057401e-09	SNHG5	c15
3.16019686310502e-13	-2.720450794903	0.002	0.013	6.56246480592389e-09	LOC101929910	c15
3.17578905863189e-13	-0.764591440774693	0.032	0.054	6.59484355915499e-09	MORF4L1	c15
3.23980762272205e-13	-3.04815171512151	0.001	0.012	6.7277845093446e-09	PPM1K	c15
3.25608513267829e-13	-1.82741518497504	0.005	0.018	6.76158638651975e-09	PCNP	c15
3.68177660769579e-13	-2.26032681810142	0.003	0.015	7.64557730354108e-09	SURF4	c15
3.70484803950324e-13	-3.19663564827857	0.001	0.011	7.69348743883243e-09	SYNE1	c15
3.91965293609509e-13	-1.15288833424572	0.013	0.03	8.13955128709506e-09	SRP9	c15
4.20588146394597e-13	-2.3109790008572	0.003	0.014	8.7339334480302e-09	POLR3GL	c15
4.33911636473523e-13	-2.51915497124915	0.002	0.013	9.01060904300919e-09	MAP1LC3B2	c15
4.47768203683705e-13	-1.29046557960537	0.011	0.026	9.29835451769581e-09	C16orf13	c15
4.71058001678621e-13	-1.11703463466152	0.014	0.031	9.78199046285824e-09	RALY	c15
4.76192526485833e-13	-2.59321761758814	0.002	0.013	9.8886140050048e-09	SRSF1	c15
4.8797525186178e-13	-1.97870215873844	0.004	0.016	1.01332940801617e-08	SNRPA	c15
5.04631346038599e-13	-1.60445236708339	0.006	0.02	1.04791745318375e-08	SSBP1	c15
5.12971226140151e-13	-4.21646499816159	0	0.01	1.06523604820264e-08	SBDSP1	c15
5.56623935771021e-13	-1.84512727777844	0.005	0.017	1.1558852650221e-08	ATM	c15
5.60477116347036e-13	-4.21646499816159	0	0.01	1.16388677980625e-08	RNF125	c15
5.90401823620338e-13	-3.02181756730805	0.001	0.012	1.22602842692999e-08	ATP6V0E2	c15
5.92174118815071e-13	-2.36205498662396	0.003	0.014	1.22970877513138e-08	PDAP1	c15
6.02827454990359e-13	0.842048096760561	0.027	0.015	1.25183149303298e-08	ICAM2	c15
6.22472759615928e-13	-2.43033194300556	0.002	0.014	1.29262693261844e-08	RBMX	c15
6.25538586773529e-13	-1.63820592614563	0.006	0.02	1.29899342929391e-08	RPS19BP1	c15
6.93351025207962e-13	-3.01991803439256	0.001	0.012	1.43981273894685e-08	C19orf24	c15
6.96011254932874e-13	-1.37603699755446	0.009	0.024	1.44533697199361e-08	EIF3D	c15
7.01441834482785e-13	-2.09100113245405	0.003	0.015	1.45661411348695e-08	CHIC2	c15
7.36063035476405e-13	-1.38805019515691	0.009	0.023	1.5285084994703e-08	NDUFS8	c15
7.39813711796332e-13	-2.42158830993358	0.002	0.013	1.53629715391626e-08	DNAJA2	c15
7.44715132591176e-13	-0.770328721419403	0.03	0.051	1.54647544433884e-08	NDUFB11	c15
8.19131394196588e-13	0.441587099392259	0.097	0.072	1.70100825318863e-08	AHNAK	c15
9.02946849192025e-13	-2.22971686417036	0.003	0.014	1.87505942703216e-08	MGEA5	c15
9.35056854051608e-13	-3.77614250559584	0	0.01	1.94173906312357e-08	OFD1	c15
1.04183533612043e-12	-0.689373897538486	0.038	0.061	2.16347525898769e-08	NDUFA3	c15
1.0426597253891e-12	-3.32438033732848	0.001	0.011	2.165187185743e-08	NGRN	c15
1.06353259207153e-12	-1.8517465367102	0.004	0.017	2.20853178069575e-08	SYPL1	c15
1.06631856500875e-12	-1.95123014411814	0.004	0.016	2.21431713209717e-08	TBRG1	c15
1.12203055470395e-12	-4.18063834493872	0	0.01	2.33000864989823e-08	LOC643733	c15
1.12924199954596e-12	1.11366254090559	0.016	0.007	2.34498393625715e-08	PKN1	c15
1.30756887260064e-12	-2.16008787026332	0.003	0.014	2.71529752084249e-08	ADD3	c15
1.32057498924438e-12	-1.87912113096816	0.004	0.016	2.74230602266487e-08	GPS2	c15
1.39674666704223e-12	-2.85315753310231	0.001	0.012	2.90048412877988e-08	WDR33	c15
1.48132580899779e-12	-1.71127494897069	0.005	0.018	3.07612117496481e-08	CHCHD10	c15
1.4834135992589e-12	-3.31201430412437	0.001	0.011	3.08045668022104e-08	SUSD3	c15
1.5697995421372e-12	-2.84555103899191	0.001	0.012	3.25984572920212e-08	ZRANB2	c15
1.60653002430821e-12	-0.864917146072136	0.023	0.042	3.33612024847843e-08	LSM7	c15
1.60791537262693e-12	-1.1657427657225	0.012	0.028	3.33899706279709e-08	ANXA11	c15
1.62768696674613e-12	-2.54706589999295	0.002	0.013	3.38005475514501e-08	CLTB	c15
1.72787493880914e-12	-1.4482000401809	0.008	0.022	3.58810509793106e-08	SH3KBP1	c15
1.74740042807389e-12	-4.16085424214902	0	0.01	3.62865172893824e-08	SLAMF1	c15
1.77702729402809e-12	-1.50061495977787	0.007	0.021	3.69017487877872e-08	NAA10	c15
1.86254970461047e-12	1.14403881319651	0.015	0.007	3.8677707165941e-08	RIOK3	c15
1.87668285519051e-12	-3.2981487957553	0.001	0.011	3.89711961708861e-08	B3GNT2	c15
1.88715760408617e-12	-3.11898899702276	0.001	0.011	3.91887148064533e-08	ARL6IP6	c15
2.1950701493714e-12	-1.81428464145802	0.005	0.017	4.55828267218465e-08	ATP5L2	c15
2.22366998530547e-12	-1.94427961658623	0.004	0.016	4.61767309148535e-08	TMX4	c15
2.30037566941325e-12	-2.37875211202332	0.002	0.013	4.77696011510356e-08	STRA13	c15
2.48188898351953e-12	-2.62006422481259	0.002	0.012	5.15389066317666e-08	FLJ10038	c15
2.52603221523267e-12	-1.96167699219265	0.004	0.015	5.24555849815217e-08	FNBP4	c15
2.55891952251171e-12	-2.08820496464195	0.003	0.014	5.31385228044781e-08	LUC7L3	c15
2.59741008276419e-12	1.15630791523613	0.014	0.006	5.39378177786811e-08	METRNL	c15
2.59789886502533e-12	-1.92322483172592	0.004	0.016	5.3947967831116e-08	PPP2R1A	c15
2.70751249110927e-12	-2.04441899624518	0.003	0.015	5.62242043903752e-08	PRPF4B	c15
2.85861731112244e-12	-2.30551410936522	0.003	0.013	5.93620470827686e-08	ZMYM6NB	c15
2.92892500683263e-12	-3.10130368783555	0.001	0.011	6.08220566918864e-08	ZNF292	c15
3.06461647881462e-12	-1.85568414502811	0.004	0.016	6.36398257990644e-08	BUD31	c15
3.06636291726987e-12	-2.18041605328779	0.003	0.014	6.3676092340026e-08	THRAP3	c15
3.454941394272e-12	-0.991336210246941	0.017	0.034	7.17453129934524e-08	SNRPB	c15
3.46316895482977e-12	-2.60601288107101	0.002	0.012	7.1916166515995e-08	RPAIN	c15
3.5840486154083e-12	-1.06679004224665	0.015	0.031	7.44263535475687e-08	FAM96B	c15
3.81348565502766e-12	-3.08478409847685	0.001	0.011	7.91908431123044e-08	MRPL10	c15
3.84420379139052e-12	-3.49416851909779	0.001	0.01	7.98287359320155e-08	NUCB2	c15
4.13939743249606e-12	-3.47358973862647	0.001	0.01	8.59587270832133e-08	SMARCB1	c15
4.16073918528828e-12	-1.43861983138296	0.008	0.021	8.64019099216964e-08	XRCC6	c15
4.26605722823242e-12	-1.21474384494744	0.011	0.026	8.85889444014744e-08	AUP1	c15
4.27127943166465e-12	-1.83877290544932	0.004	0.016	8.8697388677948e-08	MAPK1IP1L	c15
4.58805416131788e-12	-3.47358973862647	0.001	0.01	9.52755327139272e-08	KIF2A	c15
4.75691019622018e-12	-1.15801996810521	0.012	0.027	9.87819971347083e-08	MRPL41	c15
4.76523155440457e-12	-1.69566488655896	0.005	0.017	9.89547984587654e-08	KHDRBS1	c15
5.06667020032097e-12	-1.55660924319628	0.006	0.019	1.05214473379865e-07	DDOST	c15
5.28058604602575e-12	-1.168325019045	0.012	0.027	1.09656649831771e-07	TRIM22	c15
5.58353555767421e-12	-1.77210784852245	0.005	0.016	1.15947699390663e-07	RHBDD2	c15
5.60346047691436e-12	1.02728099656977	0.017	0.009	1.16361460263604e-07	RTN3	c15
5.71278597740866e-12	-3.73195937339854	0.001	0.01	1.18631713606868e-07	CD320	c15
5.75755071126252e-12	-2.34157456315378	0.002	0.013	1.19561298070077e-07	FDFT1	c15
5.78751896162213e-12	-1.14179357755221	0.012	0.028	1.20183618757045e-07	DYNLRB1	c15
5.85712997720517e-12	1.22746522574755	0.012	0.005	1.21629161106642e-07	PEA15	c15
5.88073203858347e-12	-2.21406711542181	0.003	0.013	1.22119281513224e-07	LBR	c15
5.97296107242487e-12	-1.89514576381962	0.004	0.015	1.24034509629975e-07	FBL	c15
6.32420698814976e-12	-2.48538496051455	0.002	0.012	1.31328482315918e-07	ILF2	c15
6.55847625014545e-12	-1.04591324292551	0.014	0.03	1.3619331781052e-07	UBE2I	c15
6.6753577106196e-12	-1.17610846708711	0.012	0.026	1.38620478218727e-07	SEC62	c15
7.48914111565115e-12	-2.20406379694068	0.003	0.013	1.55519504407612e-07	RPA3	c15
7.65031042731391e-12	0.871902868991826	0.024	0.013	1.58866346333601e-07	FAM96A	c15
7.75022291604331e-12	-1.53099020514237	0.006	0.019	1.60941129074555e-07	AMD1	c15
7.7665931364935e-12	-1.57652642701954	0.006	0.019	1.61281073072424e-07	PTGER2	c15
8.64202876261865e-12	-1.31089933136269	0.009	0.023	1.79460369284539e-07	RPS10	c15
9.10333354301563e-12	-0.58000474800052	0.047	0.071	1.89039824354263e-07	EIF3F	c15
9.29940268973099e-12	-3.43533564038969	0.001	0.01	1.93111396254954e-07	RALGAPA1	c15
9.73523120861648e-12	0.971417032895782	0.019	0.01	2.0216181127813e-07	UQCRC1	c15
9.92209909306765e-12	-1.1889275531433	0.011	0.026	2.06042309766643e-07	IFI27L2	c15
1.02063411380298e-11	-1.48133178175121	0.007	0.02	2.11944880072326e-07	RAB1B	c15
1.12516876239132e-11	-2.465672339008	0.002	0.012	2.33652545198181e-07	MTFP1	c15
1.15162771544878e-11	-1.4019212764775	0.008	0.021	2.39147011390094e-07	KTN1	c15
1.16408081922581e-11	-1.00085520499073	0.016	0.032	2.41733022920433e-07	NDUFB10	c15
1.21416612721708e-11	-1.17306114768428	0.011	0.026	2.52133737977899e-07	DGUOK	c15
1.216376133206e-11	-1.90890745768004	0.004	0.015	2.52592667821557e-07	CGGBP1	c15
1.24807120864074e-11	0.428610860136483	0.088	0.065	2.59174467186336e-07	SLC25A3	c15
1.25304723427489e-11	-0.752323820804259	0.029	0.049	2.60207788669523e-07	RGS10	c15
1.28863984641283e-11	-2.03481371310245	0.003	0.014	2.67598950506088e-07	TRAPPC6A	c15
1.29032922432702e-11	-1.13653870927059	0.012	0.027	2.6794976672375e-07	PHB2	c15
1.36353553859782e-11	-3.02398540399076	0.001	0.01	2.83151789945224e-07	PDE3B	c15
1.40755391407185e-11	-2.87752756414243	0.001	0.011	2.9229264579616e-07	SYNRG	c15
1.42603444777325e-11	-1.42263437284894	0.006	0.018	2.96130313424594e-07	MIR155HG	c15
1.51166297873602e-11	-2.67692832397737	0.002	0.011	3.13911934164321e-07	TUBB2A	c15
1.55259830245531e-11	-0.425170896296748	0.094	0.123	3.22412563487869e-07	HNRNPA2B1	c15
1.62800090215615e-11	-1.7775845374222	0.004	0.016	3.38070667341747e-07	ZC3H12A	c15
1.65254642232142e-11	-2.12272233245348	0.003	0.013	3.43167790059267e-07	CMTM3	c15
1.67291086821716e-11	-3.20759139740834	0.001	0.01	3.47396670893975e-07	TRAF1	c15
1.6850922057777e-11	-1.86110689033274	0.004	0.015	3.49926247451797e-07	SF3A2	c15
1.72480397119308e-11	-2.53556216059504	0.002	0.011	3.58172792657956e-07	PITHD1	c15
1.91020341769647e-11	-3.1798824135403	0.001	0.01	3.96672841718848e-07	SPTAN1	c15
1.93700581084122e-11	-3.01311349842719	0.001	0.01	4.02238626679288e-07	NDNL2	c15
2.00907785806755e-11	-1.73141491150816	0.005	0.016	4.17205108006308e-07	TNRC6B	c15
2.02556399035028e-11	-3.17912608584754	0.001	0.01	4.20628618236138e-07	P2RY10	c15
2.05234498001301e-11	-2.3551485858222	0.002	0.012	4.26189958549502e-07	ARIH2	c15
2.05720074370558e-11	-2.85852130433164	0.001	0.01	4.27198306437901e-07	PITPNC1	c15
2.1155077293014e-11	-0.942695068980736	0.018	0.035	4.39306335066728e-07	SNHG15	c15
2.12327323533071e-11	-0.929149405657419	0.019	0.035	4.40918920048775e-07	SCAND1	c15
2.13850264463928e-11	0.555342841646135	0.053	0.036	4.44081459185793e-07	COX5A	c15
2.20983286724314e-11	-3.0058197769219	0.001	0.01	4.5889389321171e-07	TARSL2	c15
2.21031225729796e-11	-2.99922375051303	0.001	0.01	4.58993443350495e-07	CASP8	c15
2.26446880662352e-11	-1.66544332640615	0.005	0.017	4.70239592383441e-07	RBBP4	c15
2.40486716466101e-11	-2.51870350985335	0.002	0.011	4.99394715413506e-07	FAM50A	c15
2.48500155976653e-11	-1.66856846000824	0.005	0.016	5.16035423901117e-07	IDI1	c15
2.51562483344447e-11	-2.61720396753581	0.002	0.011	5.22394652913079e-07	C6orf1	c15
2.58078679872995e-11	-2.34833317892366	0.002	0.012	5.35926186624262e-07	CNPY2	c15
2.61755190138044e-11	-1.91762553132591	0.004	0.014	5.43560827840662e-07	LSM14A	c15
2.82357181722742e-11	-0.577245818708771	0.092	0.12	5.86342923565446e-07	GADD45B	c15
2.84185741726938e-11	-2.15066662574744	0.003	0.013	5.90140111270159e-07	NUDC	c15
2.90211822889965e-11	-1.71388274450018	0.005	0.016	6.026538714133e-07	PIN1	c15
2.94127032965051e-11	-2.31270409378173	0.003	0.012	6.10784196655225e-07	RN7SL1	c15
3.06587478347183e-11	1.16075620814144	0.013	0.006	6.3665955753576e-07	A2M	c15
3.13566084831497e-11	-0.945372681013139	0.017	0.033	6.51151331761087e-07	TOMM20	c15
3.13879257389041e-11	-2.14486800443278	0.003	0.013	6.51801665894082e-07	PNN	c15
3.27420189779431e-11	-2.14544891647642	0.003	0.013	6.79920766095967e-07	VOPP1	c15
3.43610577639917e-11	-1.76907303756669	0.004	0.015	7.13541725527051e-07	C1QBP	c15
3.55010257886485e-11	-1.73783835862945	0.004	0.016	7.37214301527075e-07	IMP3	c15
3.81891457954339e-11	-2.43178407703947	0.002	0.011	7.93035801587981e-07	GLUD1	c15
4.05771628246964e-11	0.885705928087279	0.021	0.012	8.42625363217646e-07	TPP1	c15
4.16827274337573e-11	0.802888753983611	0.029	0.017	8.65583517889403e-07	MAT2A	c15
4.49016687519245e-11	-1.21477899105609	0.01	0.023	9.32428053302464e-07	SELT	c15
4.49230220475651e-11	-2.58193181004163	0.002	0.011	9.32871475839737e-07	TTC3	c15
4.53030933537924e-11	-2.69636984383704	0.001	0.01	9.40764036584854e-07	RGS14	c15
4.69328554271606e-11	-0.865264406885195	0.021	0.038	9.74607675800416e-07	SF3B5	c15
4.76931729690824e-11	0.814890112595645	0.059	0.041	9.90396429875965e-07	TXN	c15
4.8116280564067e-11	-0.961593549977388	0.016	0.032	9.99182682193415e-07	DDX17	c15
4.95363375526914e-11	-2.3970806076965	0.002	0.011	1.02867158561919e-06	PLA2G16	c15
5.03545707880663e-11	-2.03413879549837	0.003	0.013	1.04566301698499e-06	ILF3-AS1	c15
5.09951344874972e-11	-1.37405652428679	0.008	0.02	1.05896496276737e-06	HMHA1	c15
5.30742228433723e-11	-0.621525880442332	0.04	0.061	1.10213931156547e-06	CD53	c15
5.36384645282348e-11	-2.76786626623669	0.001	0.01	1.11385635439332e-06	ABCD4	c15
5.55146686322843e-11	-2.48571864735329	0.002	0.011	1.15281760881802e-06	OTUD6B-AS1	c15
5.63490676865341e-11	-2.68078064947298	0.001	0.01	1.17014473957857e-06	CENPC	c15
5.71784094014902e-11	-2.47365703007642	0.002	0.011	1.18736684963135e-06	NUDT21	c15
5.88032019235944e-11	0.668060591722277	0.036	0.023	1.22110729114536e-06	GLIPR2	c15
6.05346250581468e-11	-2.69707445681363	0.001	0.01	1.25706202395748e-06	LMAN1	c15
6.18672561480955e-11	-1.29710349076508	0.008	0.021	1.28473544117135e-06	CDC42SE1	c15
6.28537441874206e-11	0.230915222658632	0.22	0.184	1.30522085179598e-06	COX4I1	c15
6.35986003250217e-11	-2.31185507504845	0.002	0.012	1.3206885343494e-06	MPG	c15
6.63956320193437e-11	-1.46409571461295	0.006	0.018	1.37877169451369e-06	C1orf86	c15
6.97921654537371e-11	-0.980862742135945	0.015	0.03	1.4493041078123e-06	ST13	c15
7.21072446520129e-11	-1.48048199898715	0.006	0.018	1.4973790424437e-06	IDH2	c15
7.21647613872821e-11	-0.95922804264272	0.013	0.028	1.4985734349683e-06	GBP5	c15
7.67373483438454e-11	-2.55909183368352	0.002	0.011	1.59352777570829e-06	PHB	c15
7.6745836708069e-11	1.03081118568137	0.015	0.008	1.59370404507976e-06	EIF4EBP1	c15
8.12384016864832e-11	-2.94075849687344	0.001	0.01	1.68699664942151e-06	DUSP16	c15
9.05840725445988e-11	0.218123662083076	0.215	0.18	1.88106885046114e-06	PTPRC	c15
9.08361333816654e-11	0.794793627698963	0.025	0.015	1.88630314580366e-06	NFE2L2	c15
9.13666664740056e-11	-0.809600844149296	0.024	0.042	1.8973201959992e-06	RNF213	c15
9.44949966001697e-11	-2.10719451223587	0.003	0.012	1.96228309939912e-06	SRRT	c15
9.47362788469813e-11	-1.22786724240965	0.009	0.022	1.96729356653641e-06	SASH3	c15
1.0150861158428e-10	-2.22706268203008	0.002	0.012	2.10792782815916e-06	INO80E	c15
1.01892572137814e-10	-0.784403737273181	0.025	0.042	2.11590115301384e-06	TRA2B	c15
1.08547910959945e-10	-1.63990310369813	0.005	0.016	2.25410591899422e-06	CYTH1	c15
1.09406726392839e-10	-1.79464861403126	0.004	0.014	2.27194008027369e-06	GSDMD	c15
1.11501118571548e-10	-2.6483591717806	0.001	0.01	2.31543222825678e-06	MRPL34	c15
1.17288732173563e-10	-1.82489295729856	0.004	0.014	2.4356178123162e-06	LINC01420	c15
1.17391034595579e-10	-2.14746093584792	0.003	0.012	2.43774222441178e-06	GOLGA7	c15
1.18819740366619e-10	-2.04163146237578	0.003	0.013	2.46741072845321e-06	EPB41L4A-AS1	c15
1.18863925708889e-10	-1.6911014551507	0.004	0.015	2.46832828127079e-06	HNRNPR	c15
1.19352976898703e-10	0.494503612519485	0.063	0.045	2.47848391827847e-06	DYNLL1	c15
1.19804606132809e-10	-2.59219527548261	0.002	0.01	2.48786245095392e-06	SMIM14	c15
1.22367597575833e-10	-2.35818448555729	0.002	0.011	2.54108553125975e-06	TOPORS-AS1	c15
1.28121745013633e-10	-2.28160339027656	0.002	0.011	2.66057615695309e-06	DNAJB14	c15
1.32032511239712e-10	0.949377690572184	0.018	0.009	2.74178712840385e-06	ATP6AP1	c15
1.43074716472164e-10	-0.418965567934474	0.071	0.097	2.97108956226096e-06	CYTIP	c15
1.50420670848122e-10	-1.4410494194309	0.008	0.021	3.12363565083211e-06	TMEM107	c15
1.50786749951227e-10	0.834156059969737	0.022	0.013	3.13123764948718e-06	EFHD2	c15
1.58141570174253e-10	-1.86000521165305	0.004	0.014	3.28396784623854e-06	STARD7	c15
1.72890381003277e-10	-1.97145261005999	0.003	0.013	3.59024165191405e-06	NDUFV1	c15
1.76910269270141e-10	-0.901388183800862	0.02	0.036	3.67371865166374e-06	PMAIP1	c15
1.79981590549661e-10	-1.3088370168785	0.008	0.02	3.73749770935426e-06	LMAN2	c15
1.84638015115328e-10	-1.3189598274621	0.008	0.02	3.83419302188489e-06	SF3B2	c15
1.93878741162518e-10	1.16496965132163	0.013	0.006	4.02608593898084e-06	GBP4	c15
1.94649649896031e-10	1.07335759531666	0.014	0.007	4.04209462974097e-06	CCT5	c15
1.95409118989017e-10	-2.1268996133656	0.003	0.012	4.05786576492593e-06	HSPA9	c15
2.12495165553642e-10	-1.22765292241507	0.009	0.021	4.41267460788694e-06	TUFM	c15
2.12979427835751e-10	-1.05548353384241	0.009	0.022	4.42273079843721e-06	MRPS6	c15
2.33119893015305e-10	-1.05795288655263	0.012	0.026	4.84096769835583e-06	TMED10	c15
2.37277978031358e-10	-1.6276832520286	0.002	0.011	4.92731449179919e-06	GADD45G	c15
2.5066325306997e-10	-1.40489992210505	0.006	0.017	5.20527311325099e-06	LINC00116	c15
2.54857887083651e-10	-2.6151923078454	0.001	0.01	5.29237888317909e-06	DNAJC19	c15
2.55321695390125e-10	0.979017084170767	0.016	0.008	5.30201032647133e-06	COMT	c15
2.60166522993583e-10	-1.35179779705167	0.007	0.019	5.40261801648475e-06	ATRX	c15
2.64503936401895e-10	-2.36321774714702	0.002	0.01	5.49268874332175e-06	ATG12	c15
2.71281976278687e-10	-1.78748765726518	0.004	0.014	5.63344151940322e-06	TIAL1	c15
2.71740373395467e-10	-1.43516671643412	0.006	0.017	5.64296059393027e-06	IK	c15
2.98611066229212e-10	0.419511550073712	0.078	0.058	6.20095740131581e-06	PSMA7	c15
3.0428598484193e-10	-1.99749431486972	0.003	0.012	6.31880276122752e-06	TAP2	c15
3.04602511485217e-10	-0.742786393771625	0.026	0.043	6.32537575350202e-06	ELF1	c15
3.20987403299802e-10	-2.48758586870782	0.002	0.01	6.66562441692369e-06	ANP32E	c15
3.34384536392009e-10	-2.10412973191432	0.003	0.012	6.94382928271646e-06	ETHE1	c15
3.5412278013444e-10	-0.586335965262112	0.04	0.061	7.35371365227178e-06	CCNL1	c15
3.54951368813975e-10	-1.23350010241243	0.009	0.021	7.37092012479101e-06	PPP1CC	c15
3.55137692807987e-10	-2.48097304563617	0.002	0.01	7.37478932885065e-06	RBM4	c15
3.90675637193224e-10	-2.2995413586442	0.002	0.011	8.11277028195449e-06	HSPB11	c15
4.08672531801863e-10	0.386574618328785	0.08	0.06	8.48649379539748e-06	ID2	c15
4.13342924852784e-10	-2.09325107504803	0.003	0.011	8.58347917749291e-06	OGT	c15
4.21941529673189e-10	-1.94084348877548	0.003	0.012	8.76203780519344e-06	DHPS	c15
4.39690503051831e-10	-0.695223572361146	0.029	0.047	9.13061298637432e-06	MYH9	c15
4.61976818739548e-10	-2.57282380823369	0.001	0.01	9.59341061794545e-06	IPCEF1	c15
4.67587851122155e-10	-1.41689105983176	0.006	0.017	9.70992931640267e-06	PSMC5	c15
4.86780585947543e-10	-1.29387410307107	0.009	0.021	1.01084856477867e-05	ID3	c15
5.06092761657192e-10	-1.6645312978279	0.004	0.014	1.05095222885733e-05	EPS15	c15
5.49515231634831e-10	-2.5712873916445	0.001	0.01	1.14112333001289e-05	AMZ2	c15
6.12434336193835e-10	-1.96812546271295	0.003	0.012	1.27178114254012e-05	RNF145	c15
6.24893566247775e-10	-0.7895779147645	0.022	0.038	1.29765397967013e-05	TMEM59	c15
6.53521638308527e-10	-1.06271137499348	0.012	0.025	1.35710303411149e-05	SLC3A2	c15
6.85346393719238e-10	-1.87114598760854	0.003	0.012	1.42319032119737e-05	RTF1	c15
7.20757308085978e-10	-2.12707889695486	0.002	0.011	1.49672462597134e-05	LRP10	c15
7.82800903405275e-10	-0.982476675675878	0.014	0.027	1.62556435601139e-05	NDUFV2	c15
7.95368489250519e-10	1.21243500923846	0.01	0.004	1.65166220477763e-05	IMPDH1	c15
8.53450801912394e-10	-2.18475991892808	0.002	0.011	1.77227593525128e-05	CCT3	c15
8.94431014146125e-10	-1.47571631227652	0.006	0.016	1.85737544397584e-05	NXT1	c15
9.44149572278361e-10	-1.94946161844792	0.003	0.012	1.96062100179324e-05	SDHAF2	c15
9.51534624832081e-10	-1.44922699125586	0.006	0.016	1.9759568019263e-05	PDCD6	c15
9.7099031180716e-10	-1.94695476283734	0.003	0.012	2.01635848149875e-05	LMBRD1	c15
9.74495039372741e-10	-2.43609555351808	0.002	0.01	2.02363639876143e-05	THAP3	c15
9.88948186748442e-10	-2.42847834975695	0.002	0.01	2.05364980460181e-05	ANAPC5	c15
1.01526395510101e-09	-1.44740079475773	0.006	0.016	2.10829712916275e-05	SNRPD1	c15
1.16566486645279e-09	-1.29924306544746	0.007	0.018	2.42061966167587e-05	TPR	c15
1.39994933753536e-09	-1.49936796886766	0.005	0.015	2.90713479432592e-05	TSC22D4	c15
1.44437661880057e-09	0.783166450286811	0.023	0.013	2.99939248660125e-05	LAMTOR2	c15
1.44528755916329e-09	-1.76066214140539	0.004	0.013	3.0012841453585e-05	CYLD	c15
1.47592153348151e-09	0.349624482620893	0.098	0.076	3.06489865642771e-05	RBM3	c15
1.48243508184024e-09	1.01824413125437	0.014	0.007	3.07842469094943e-05	STX10	c15
1.60701837792762e-09	-2.30918899796476	0.002	0.01	3.3371343636045e-05	CCSER2	c15
1.62526634573386e-09	-1.87449399480287	0.003	0.012	3.37502809355093e-05	G3BP1	c15
1.70134489318404e-09	-2.31144968535482	0.002	0.01	3.53301280518598e-05	RNF126	c15
1.74637646059484e-09	-1.59334863471041	0.004	0.014	3.62652535807125e-05	ACTN4	c15
1.94370099748673e-09	-1.87760526415811	0.003	0.012	4.03628949138094e-05	CDK5RAP3	c15
2.08774899754997e-09	-2.14598493544632	0.002	0.01	4.33541956831226e-05	TBCD	c15
2.17906347314386e-09	-1.36418599888866	0.006	0.017	4.52504320833053e-05	POLR2G	c15
2.20558594003068e-09	-1.64562420405936	0.004	0.013	4.58011976306771e-05	TMEM160	c15
2.30628975857738e-09	-2.13738464147747	0.002	0.01	4.7892413126618e-05	C17orf89	c15
2.41155669245347e-09	0.976824950409704	0.015	0.007	5.00783862754887e-05	SYK	c15
2.45683167856417e-09	-1.47876201832081	0.005	0.015	5.10185666370635e-05	CHMP4A	c15
2.48078378582976e-09	-1.18855180238174	0.008	0.02	5.15159560965408e-05	ATRAID	c15
2.69741551874024e-09	0.947133996432724	0.013	0.007	5.60145306621598e-05	TRIB1	c15
2.79805175471492e-09	-1.77148355615737	0.003	0.012	5.810434273841e-05	CMC2	c15
2.83670135248807e-09	-1.90042245979339	0.003	0.011	5.89069402857673e-05	FBXW5	c15
2.88431043689478e-09	-1.29074568737071	0.007	0.018	5.98955905325571e-05	C7orf50	c15
2.90675400668563e-09	-1.96305569743689	0.003	0.011	6.03616537028338e-05	ALG13	c15
2.9971357583144e-09	-1.76605421445036	0.003	0.012	6.22385211571568e-05	SARS	c15
3.10512820219184e-09	-2.27870302386169	0.002	0.01	6.44810922467157e-05	ZFAND2B	c15
3.11945865218147e-09	-1.1124176244931	0.009	0.021	6.47786783712003e-05	ALKBH7	c15
3.1674997017736e-09	0.712261596699035	0.026	0.016	6.57762988070307e-05	GBP2	c15
3.27034120803769e-09	-0.922415805210413	0.014	0.027	6.79119055261106e-05	COX14	c15
3.28599954298875e-09	-1.10053504472676	0.01	0.022	6.82370665097043e-05	DNPH1	c15
3.32642609953779e-09	-1.15757130910802	0.009	0.02	6.90765643830017e-05	LINC00493	c15
3.33258632699971e-09	-1.15457604835253	0.009	0.02	6.92044876664761e-05	TMC6	c15
3.50095777270479e-09	0.369834475468991	0.089	0.069	7.27008891079878e-05	RPS17	c15
3.5228995000858e-09	0.409343640756213	0.075	0.057	7.31565310187817e-05	NDUFA1	c15
3.65142028616671e-09	-1.72616444609739	0.004	0.012	7.58253936625378e-05	POLR2I	c15
3.71132121578392e-09	-2.04974850005584	0.002	0.01	7.70692963669689e-05	RGL4	c15
3.76483338558206e-09	-1.43783449299307	0.005	0.015	7.81805300849971e-05	OCIAD1	c15
3.86354005920526e-09	-1.24988076437517	0.007	0.018	8.02302728694564e-05	PSMA5	c15
3.87150745050427e-09	1.06999074421826	0.012	0.006	8.03957237171718e-05	SNAP23	c15
4.17078551427618e-09	-0.876592216530068	0.016	0.029	8.66105319894591e-05	HMGN3	c15
4.26637991759715e-09	-1.28423451323903	0.007	0.018	8.85956453688223e-05	RBBP6	c15
4.31513870142617e-09	-1.67986436170583	0.003	0.012	8.96081702738158e-05	TRAPPC2L	c15
4.33296255340441e-09	-1.98039436349207	0.003	0.011	8.99783003839959e-05	SRSF4	c15
4.51957393771029e-09	-1.15993141780626	0.009	0.02	9.38534723904919e-05	RBCK1	c15
4.53253015085978e-09	-1.38084314312744	0.006	0.016	9.41225211127542e-05	DPM3	c15
4.59778277485988e-09	-1.37246077263324	0.006	0.016	9.54775571027402e-05	PNRC2	c15
4.74976047996569e-09	-2.103933560307	0.002	0.01	9.86335261269675e-05	CBWD5	c15
4.84179378768793e-09	-1.64436199317523	0.004	0.013	0.000100544689795128	VIM-AS1	c15
4.88686790360878e-09	-2.10025039506708	0.002	0.01	0.00010148069888634	SAP30BP	c15
4.95409684639094e-09	-1.74835496175732	0.003	0.011	0.000102876775112154	SMIM7	c15
5.33379785172434e-09	-0.64138961696576	0.03	0.046	0.000110761646188908	SEPW1	c15
5.40289591314381e-09	-0.767603791017029	0.021	0.035	0.000112196536532344	IL10RA	c15
5.58773604733555e-09	-1.16480475894313	0.009	0.02	0.00011603492675897	PRMT9	c15
5.71200601659701e-09	-2.16238576569081	0.002	0.01	0.000118615516940653	AKIRIN1	c15
5.77301095440613e-09	-1.62826160242355	0.004	0.013	0.000119882345479198	MPC2	c15
5.79303067213276e-09	-2.16391566513523	0.002	0.01	0.000120298074937509	GLS	c15
5.98361240771448e-09	-1.34643329533155	0.006	0.016	0.000124255695258599	HAX1	c15
5.99089643982205e-09	-1.08669601936606	0.01	0.021	0.000124406955469345	PSMA1	c15
6.10714607425379e-09	-1.03926026806931	0.011	0.022	0.000126820995377954	ATP5A1	c15
6.28868672721951e-09	0.36303937714376	0.036	0.024	0.00013059086857744	NAPSB	c15
6.72539186193612e-09	-1.66023327206889	0.004	0.012	0.000139659487404966	SNRPA1	c15
6.79564428307174e-09	-2.02687079503433	0.002	0.01	0.000141118349182268	LMO4	c15
7.10282214600385e-09	-1.90317307080943	0.003	0.011	0.000147497204683916	HNRNPL	c15
7.14435247360555e-09	-1.10870099446662	0.01	0.021	0.000148359623466893	SPCS3	c15
7.28807965939563e-09	-0.580541830271345	0.035	0.053	0.00015134426220701	HSPH1	c15
7.34529130845567e-09	-1.62420827232953	0.004	0.013	0.00015253231931139	MRPL43	c15
7.40648390628014e-09	-1.89973398684266	0.003	0.011	0.000153803044797813	PSMD13	c15
7.45679660107949e-09	-1.9164850198971	0.002	0.01	0.000154847838218017	B3GAT3	c15
7.52970071938547e-09	-1.8055989135918	0.003	0.011	0.000156361765138759	NCF4	c15
7.77223339270784e-09	-1.40965692525711	0.005	0.015	0.000161398198632971	EIF3I	c15
7.80559711439199e-09	-1.10797421105776	0.009	0.02	0.000162091029677464	APBB1IP	c15
7.91104688833683e-09	-1.95021282650492	0.003	0.01	0.000164280799683203	CARHSP1	c15
9.45467573127703e-09	-1.26634585981532	0.007	0.017	0.000196335796235699	TMED9	c15
9.80735436328692e-09	-1.42211744804363	0.005	0.014	0.000203659520708016	POLR2J	c15
1.00354440406981e-08	-0.82748413921288	0.017	0.03	0.000208396030949137	GABARAPL2	c15
1.04142190313335e-08	-1.42056475895706	0.005	0.014	0.000216261672404671	WTAP	c15
1.05101115281672e-08	-1.99995813334431	0.002	0.01	0.00021825297599392	TXNL4A	c15
1.07378742340098e-08	-1.75157167444087	0.003	0.011	0.000222982696343446	CPNE1	c15
1.07925132626098e-08	-1.14544891647642	0.008	0.019	0.000224117330411354	NHP2	c15
1.09854992684915e-08	-1.60376902075653	0.004	0.013	0.000228124877809494	RBM17	c15
1.1423177597576e-08	-0.987695925858899	0.012	0.023	0.000237213705991263	SNRPD3	c15
1.20040340046112e-08	-1.08004758083001	0.011	0.022	0.000249275770139757	HIST1H1E	c15
1.20065812035744e-08	-1.2394477752986	0.008	0.019	0.000249328665273426	PPA1	c15
1.28275473682802e-08	-0.518235178396265	0.039	0.057	0.000266376848649706	SQSTM1	c15
1.28569697634401e-08	0.457515400023504	0.056	0.041	0.000266987834107598	SEPT9	c15
1.28972835023023e-08	-1.43580735772393	0.005	0.014	0.000267824989208809	MRFAP1	c15
1.3275738433208e-08	-0.817688607587209	0.016	0.029	0.000275683984303998	SHISA5	c15
1.35220514545225e-08	-2.04307668667985	0.002	0.01	0.000280798920504614	COQ10B	c15
1.39978805501458e-08	-1.69164003910937	0.003	0.012	0.000290679987504329	APEX1	c15
1.58900565271261e-08	-1.92661431455317	0.003	0.01	0.0003299729138423	PHYKPL	c15
1.59029519907219e-08	-1.86064551827254	0.003	0.01	0.000330240701039331	CAMTA1	c15
1.65844418476038e-08	-1.9113935776144	0.003	0.01	0.000344392519407341	ANXA7	c15
1.66885107763445e-08	-1.81433557958287	0.003	0.011	0.000346553614781571	MRPL55	c15
1.67091336835243e-08	-2.03074588476913	0.002	0.01	0.000346981870072066	PRPF8	c15
1.67250885816764e-08	-0.917877611184594	0.013	0.025	0.000347313189487092	SYF2	c15
1.72805793291571e-08	-1.91866157807844	0.003	0.01	0.000358848510349275	VPS37B	c15
1.80641678455868e-08	0.859452909227588	0.017	0.009	0.000375120509481456	TIMM8B	c15
1.8067551002498e-08	-0.977773857628089	0.012	0.023	0.000375190764117874	LSM8	c15
1.93272013907277e-08	-1.71578709930089	0.003	0.011	0.000401348664079851	SMARCA5	c15
1.96955337372171e-08	-0.755853381469847	0.02	0.033	0.00040899745358705	UQCRHL	c15
1.98091403046246e-08	-0.909351958899834	0.013	0.025	0.000411356607565835	MRPL33	c15
2.02589445391324e-08	-1.21205305574811	0.007	0.017	0.000420697242299624	UFM1	c15
2.03844600089405e-08	-0.979699591005305	0.012	0.023	0.000423303696545658	CFLAR	c15
2.04023158163599e-08	0.843166076566548	0.018	0.01	0.000423674490242529	MAP2K3	c15
2.11649838674598e-08	0.726375282281413	0.023	0.014	0.00043951205499167	ATP6AP2	c15
2.16821301173806e-08	-1.75235689231482	0.003	0.011	0.000450251114017525	GOLPH3	c15
2.18574279584711e-08	-1.36418599888866	0.005	0.014	0.000453891348985611	RABGGTB	c15
2.22871625414604e-08	-1.80259786674094	0.003	0.011	0.000462815217335967	MFNG	c15
2.30917590229755e-08	-1.41415992626471	0.005	0.014	0.00047952346787111	COMMD7	c15
2.48490714486819e-08	-1.12579099350303	0.008	0.018	0.000516015817703328	HP1BP3	c15
2.51225020759645e-08	-1.83710534886812	0.003	0.01	0.000521693878109478	DOCK10	c15
2.54612177123688e-08	-1.09080811686196	0.009	0.019	0.00052872764701505	TMCO1	c15
2.6249358988804e-08	-1.00108346146473	0.011	0.022	0.000545094188761505	EIF1AX	c15
2.69944994601407e-08	-1.47830805511981	0.004	0.013	0.000560567775789282	CCDC59	c15
2.77650355342158e-08	-1.88566330252098	0.003	0.01	0.000576568727903525	DDTL	c15
2.93780302626144e-08	-1.3442517821939	0.006	0.015	0.000610064176433452	GADD45GIP1	c15
2.9811875979342e-08	0.482103770838125	0.05	0.036	0.000619073416587015	IQGAP1	c15
3.13102564362433e-08	-1.18611958192843	0.008	0.018	0.000650188785155028	SDF2L1	c15
3.23594872330062e-08	-1.87673478485866	0.003	0.01	0.000671977111880607	XRN1	c15
3.3077234578638e-08	-1.03364187570895	0.01	0.02	0.000686881853259996	SEP15	c15
3.33696801289972e-08	-0.85460185312372	0.015	0.027	0.000692954777558756	RBPJ	c15
3.60134729376566e-08	-1.54800864644813	0.004	0.012	0.000747855779023377	NDUFB6	c15
3.83396948164876e-08	0.972856561094331	0.013	0.007	0.000796162102559181	HIPK3	c15
3.89290567955898e-08	-1.61103237693134	0.004	0.011	0.000808400793417218	TEX264	c15
3.89346566598934e-08	-1.609749981255	0.004	0.011	0.000808517080199346	TMX1	c15
3.94798986968925e-08	0.960939795957755	0.013	0.007	0.00081983957633967	PARP14	c15
3.97875559761343e-08	-0.389795223319347	0.114	0.138	0.000826228387400406	ANXA1	c15
4.05092050007223e-08	-1.48465057768327	0.004	0.013	0.000841214151044999	GRK6	c15
4.10763441330688e-08	-1.60846644465709	0.004	0.011	0.000852991362267307	SNHG16	c15
4.14052003826578e-08	0.32375203210262	0.121	0.099	0.000859820391146271	CD44	c15
4.43632544960711e-08	-1.45773043943671	0.004	0.013	0.000921247342865413	CNIH1	c15
4.76142617229501e-08	-1.6000955059605	0.004	0.011	0.000988757758938781	ILF3	c15
4.89350087481389e-08	-1.30642111616175	0.006	0.015	0.00101618439166385	GTF2B	c15
5.07927327431917e-08	-1.7710584630813	0.003	0.01	0.00105476188814512	STARD3NL	c15
5.48783444984158e-08	-1.29478845508703	0.006	0.015	0.0011396037018541	LSM5	c15
5.57520184244979e-08	-1.33801905116845	0.005	0.014	0.00115774641460312	PNPLA2	c15
5.57980440144107e-08	-1.6620992284069	0.003	0.011	0.00115870218200325	SMG1	c15
6.16907540374657e-08	-0.845954013448113	0.014	0.026	0.00128107019834201	PDE4B	c15
6.8708248318969e-08	-1.12524426268504	0.008	0.017	0.00142679548459171	RWDD1	c15
6.96232912162904e-08	-0.568213944172966	0.032	0.048	0.00144579726539749	EIF3H	c15
7.06636751068668e-08	1.03989113735258	0.011	0.005	0.0014674018772692	LAMP2	c15
7.12668382432403e-08	-1.19769776277104	0.007	0.016	0.00147992716295913	PIM3	c15
7.21327027744644e-08	-1.65318309090895	0.003	0.011	0.00149790770581453	MBOAT7	c15
7.40273359158432e-08	0.50676110675186	0.042	0.029	0.0015372516576284	PSMB3	c15
7.4480360686199e-08	-0.768675039001207	0.017	0.03	0.00154665917000961	ERH	c15
7.56549469281841e-08	0.208771063016241	0.195	0.167	0.00157105062791067	ATP5L	c15
8.66617221783524e-08	0.740080615285257	0.02	0.012	0.00179961732275567	TM9SF2	c15
8.75129080605317e-08	-1.46631725195417	0.004	0.012	0.001817293048785	PDCL3	c15
9.59094770247734e-08	-1.63309241512729	0.003	0.011	0.00199165619989645	FBXO7	c15
9.85707730702496e-08	-1.67435438031355	0.003	0.01	0.0020469206735768	PSMA3	c15
1.0205406845229e-07	-1.41685815802118	0.004	0.012	0.00211925478548026	PPP6C	c15
1.02615831130119e-07	-1.29273988257215	0.006	0.014	0.00213092034924806	MAGOH	c15
1.03187418188618e-07	-1.33025134214282	0.005	0.013	0.00214278992610485	U2SURP	c15
1.04779809472965e-07	-1.2274807939127	0.006	0.015	0.0021758575235156	BIRC2	c15
1.11933821575531e-07	-1.34775484570229	0.005	0.013	0.00232441773883747	SSNA1	c15
1.12399074149402e-07	0.387164386064535	0.068	0.052	0.00233407917378647	PPP1CA	c15
1.17562988774574e-07	-1.29797463084401	0.006	0.014	0.00244131302489281	MYLIP	c15
1.20038801386621e-07	-0.767480913866269	0.017	0.029	0.00249272574959457	JTB	c15
1.29699925683137e-07	-1.24101606429176	0.006	0.014	0.00269334865673602	EIF4H	c15
1.36998238003171e-07	-1.45633850200242	0.004	0.012	0.00284490541037384	PLEKHJ1	c15
1.40295188198899e-07	-0.993657005794085	0.01	0.02	0.00291336987813834	AOAH	c15
1.56319911748669e-07	-1.65054341904248	0.003	0.01	0.00324613928737285	VDAC3	c15
1.6286617681388e-07	0.558197907243123	0.034	0.023	0.00338207902771703	DOK2	c15
1.6651789569363e-07	0.821647648158838	0.016	0.009	0.00345791062197393	LAIR1	c15
1.66641465361676e-07	-1.4482000401809	0.004	0.012	0.00346047666970056	MDH1	c15
1.80149220637325e-07	-1.73041141719758	0.003	0.01	0.0037409787157547	SMNDC1	c15
1.81339582672287e-07	-1.68341846274178	0.003	0.01	0.0037656977737727	ITGB1BP1	c15
1.88878314358724e-07	-1.68266529381792	0.003	0.01	0.00392224707597326	CNOT2	c15
1.89607250248279e-07	-1.34215384243917	0.005	0.013	0.00393738415865576	PHIP	c15
2.29207035980722e-07	-1.04542592826427	0.008	0.017	0.00475971330917567	PPIG	c15
2.41478965919666e-07	-1.5501611849652	0.004	0.011	0.00501455220628778	MANF	c15
2.56167558844364e-07	-1.42924188247702	0.004	0.012	0.00531957552696206	COPZ1	c15
2.576755581093e-07	0.461228150696081	0.046	0.034	0.00535089063969772	COX17	c15
2.7018493252809e-07	-1.57907387688044	0.003	0.01	0.00561066030887831	PPP1R7	c15
2.73706430919729e-07	0.732360470842655	0.019	0.012	0.0056837877444791	TAOK3	c15
2.75275522416617e-07	-0.65885621964964	0.022	0.034	0.00571637149850346	NDUFB9	c15
2.82329206711706e-07	-1.16286144876323	0.006	0.015	0.00586284830657528	DNAJC8	c15
3.01195468965389e-07	0.843493924549073	0.014	0.008	0.00625462510853527	ERICH1	c15
3.12779623872806e-07	-1.44212759887252	0.004	0.011	0.00649518166934269	PTBP1	c15
3.15660745173469e-07	-1.61220690576428	0.003	0.01	0.00655501103427226	EMC4	c15
3.1990202164963e-07	0.772519206087302	0.017	0.01	0.00664308538157622	KCNAB2	c15
3.32567998453134e-07	-0.918299046341161	0.011	0.02	0.00690610705587778	SCAF11	c15
3.34775448163854e-07	-1.56816910054157	0.003	0.01	0.00695194695657059	RNMT	c15
3.42862895260386e-07	-1.47028860678369	0.004	0.011	0.00711989088297717	MED30	c15
3.47836418858045e-07	-1.54295649119769	0.003	0.01	0.00722317107400617	ENTPD1	c15
3.5548392310434e-07	-1.50051370380921	0.004	0.011	0.00738197914718472	NUDT22	c15
3.59430652701151e-07	-0.77784496735989	0.015	0.026	0.00746393693399209	BSG	c15
3.61055212799582e-07	-1.35700175889767	0.004	0.012	0.00749767254899611	ZNF207	c15
3.63961735198406e-07	-1.29094849008381	0.005	0.013	0.00755802939313009	SEPT2	c15
3.87052614509444e-07	-1.08339888949776	0.007	0.016	0.00803753459290311	DDX18	c15
3.90320361656214e-07	-1.43487288852254	0.004	0.011	0.00810539263015293	GRAMD1A	c15
4.02814911990654e-07	-0.884790396706487	0.004	0.011	0.00836485446239793	MT1F	c15
4.04137830463342e-07	0.408446564163567	0.06	0.046	0.00839232618740176	C4orf3	c15
4.28178378031149e-07	0.960492379287742	0.011	0.006	0.00889155219819484	ARL8B	c15
4.29428738106804e-07	0.900547202830769	0.013	0.007	0.00891751717552588	PABPC4	c15
4.31585552519532e-07	1.02257655205041	0.01	0.005	0.00896230558362059	PLCB2	c15
4.3338226022824e-07	-1.48939996533719	0.004	0.011	0.00899961601589963	CHCHD7	c15
4.39632304174488e-07	-1.08708982861585	0.007	0.016	0.00912940442848742	MACF1	c15
4.43668264528461e-07	0.6044292228733	0.027	0.018	0.00921321518119803	RAB5C	c15
4.51661199192564e-07	-1.091118812216	0.007	0.016	0.00937919646243279	CYFIP2	c15
4.52872902497279e-07	-1.32217443933271	0.005	0.012	0.0094043586932585	GGNBP2	c15
4.63799968440592e-07	-1.4512787029658	0.004	0.011	0.00963127014463734	MMADHC	c15
4.77743802939068e-07	-1.3938246933358	0.004	0.011	0.00992082781183268	CCNDBP1	c15
4.85356505530821e-07	-1.59643137973674	0.003	0.01	0.010078913193853	TMEM208	c15
4.93299026214245e-07	-1.54833035344933	0.003	0.01	0.010243847578365	LOC283788	c15
5.04840451328112e-07	-1.51805114943487	0.003	0.01	0.0104835168122796	PDLIM2	c15
5.08015453468814e-07	-0.747467316793527	0.016	0.027	0.0105494489067334	SRI	c15
5.40541688425888e-07	-1.58733873383474	0.003	0.01	0.011224888701852	MRPL14	c15
5.71799514341665e-07	-1.21628068707339	0.006	0.013	0.011873988714819	MTCH1	c15
6.02776828810804e-07	-1.38335611195806	0.004	0.011	0.0125172636270852	PIAS1	c15
6.12068461733692e-07	-1.35014343339356	0.004	0.011	0.0127102136763618	PUF60	c15
6.3493168057615e-07	-0.506147792015389	0.039	0.054	0.0131849912788443	SEC61B	c15
6.398659772851e-07	-1.28786197849177	0.005	0.012	0.0132874568843024	PPM1G	c15
6.48009557353793e-07	1.00446717149868	0.01	0.005	0.0134565664680089	MAP3K2	c15
6.49572535291281e-07	0.588547064362521	0.028	0.019	0.0134890232678587	TAX1BP1	c15
6.75658071550529e-07	-1.50072127089696	0.003	0.01	0.0140307155138183	GDI1	c15
7.38175538516455e-07	-1.32264281640353	0.004	0.012	0.0153289532328327	PSMF1	c15
7.49593774980193e-07	-0.959350034415913	0.009	0.018	0.0155660643312387	ATP5G1	c15
7.94050445250882e-07	-1.45553564185692	0.004	0.01	0.0164892515460798	UFD1L	c15
8.34642174716547e-07	-1.42646346074029	0.004	0.011	0.0173321794001638	TGFBR2	c15
9.16424550569955e-07	-1.02961965907502	0.008	0.016	0.0190304722171357	AKAP9	c15
9.18971483554986e-07	-1.21008420473987	0.006	0.013	0.0190833618275028	ARRDC3	c15
9.22635611111337e-07	-1.51237347567292	0.003	0.01	0.019159451100338	ETNK1	c15
9.45540508456632e-07	-1.35186612426951	0.004	0.011	0.0196350941986104	SRP19	c15
9.70322930791153e-07	-0.753131493697663	0.015	0.025	0.0201497259808091	CHURC1	c15
1.02069449600616e-06	0.341134126955461	0.071	0.056	0.021195741904064	ATP6V0E1	c15
1.03851695525858e-06	-1.26876172681915	0.005	0.012	0.0215658430928996	SNORD3A	c15
1.056182705255e-06	-1.19118000487468	0.006	0.013	0.0219326900573254	SRSF9	c15
1.07791022075949e-06	0.237447734848538	0.137	0.116	0.0223838836442916	UQCR11	c15
1.09324887891982e-06	-0.563470274194089	0.027	0.04	0.022702406219649	DDX3X	c15
1.12566465317965e-06	-1.50476831815175	0.003	0.01	0.0233755521879286	SLC25A39	c15
1.19089644896771e-06	-0.735068263225674	0.015	0.026	0.0247301556592634	BZW1	c15
1.21793799411019e-06	-1.39979810458453	0.004	0.01	0.0252917003856923	CCT7	c15
1.22619833719057e-06	-1.29841670072364	0.004	0.011	0.0254632346700995	RAB8B	c15
1.25761216134441e-06	0.53959061807084	0.026	0.017	0.026115574142478	HLA-DRB5	c15
1.26441760663758e-06	-1.0861679787181	0.007	0.014	0.0262568960194361	NCOR1	c15
1.27096619512232e-06	-0.729547754517899	0.015	0.026	0.0263928840079101	EID1	c15
1.29396375994523e-06	0.366089445397568	0.073	0.058	0.0268704514390226	ATP6V1G1	c15
1.29500104695322e-06	-1.21454701091468	0.005	0.012	0.0268919917410306	DYNC1H1	c15
1.39645403118618e-06	0.703807116730265	0.018	0.011	0.0289987644116122	DBNL	c15
1.40294554537912e-06	-1.00655081065474	0.008	0.016	0.0291335671953429	SCP2	c15
1.43593128143525e-06	-0.854782291500653	0.011	0.02	0.0298185489902844	NDUFAF3	c15
1.46906953072218e-06	0.349496893294631	0.068	0.053	0.0305066978749768	ACTR3	c15
1.49534043355424e-06	-1.13818781789849	0.006	0.013	0.0310522394431873	NOL7	c15
1.49821381441159e-06	-1.05534103426676	0.007	0.015	0.031111908070071	PAFAH1B1	c15
1.50488377630165e-06	-0.541780221225568	0.028	0.041	0.0312504164986801	EIF3L	c15
1.55826782469876e-06	-1.38699303495012	0.004	0.01	0.0323589896476944	PTRHD1	c15
1.65420505331717e-06	-1.11817750639995	0.006	0.014	0.0343512221371843	EVI2A	c15
1.66382736522417e-06	-0.919618771164703	0.009	0.018	0.034551039066245	RPN2	c15
1.76334952781268e-06	-1.41131997447975	0.004	0.01	0.0366177162945582	EMC6	c15
1.80944316135904e-06	0.807330045170878	0.014	0.008	0.0375748966887819	MPC1	c15
1.97093832433756e-06	-1.17254641155985	0.005	0.013	0.0409285052431937	PPP1R12A	c15
2.02885355266005e-06	-1.08013652651955	0.006	0.014	0.0421311728745386	MLF2	c15
2.17316010606788e-06	-1.16724129613632	0.005	0.012	0.0451278427626056	NRBP1	c15
2.24095201392367e-06	0.600175664358076	0.024	0.016	0.0465356095211389	PFKFB3	c15
2.25920914050659e-06	-1.3106337346019	0.004	0.011	0.0469147370117599	CAMLG	c15
2.2966761747712e-06	-1.36612055504966	0.004	0.01	0.0476927774452987	IER3IP1	c15
2.38620069847076e-06	-1.33708356221553	0.004	0.01	0.0495518437044438	EIF5B	c15
2.40248493778533e-06	0.591506069599011	0.025	0.017	0.0498900022180502	HLA-DRB3	c15
2.51308715074184e-06	-0.893471669617134	0.01	0.018	0.052186767772305	POLR2E	c15
2.53034259094351e-06	-0.788044148174321	0.013	0.022	0.0525450942435329	HNRNPH1	c15
2.59784998497717e-06	-1.30648408157543	0.004	0.011	0.0539469527880358	RNPEPL1	c15
2.73761907328769e-06	-0.63392932612875	0.016	0.026	0.0568493976758922	BHLHE40	c15
2.8278481462219e-06	-1.21382974546364	0.005	0.012	0.0587230946044441	VKORC1	c15
2.83214694541903e-06	-1.32643107689324	0.004	0.01	0.0588123634685717	NABP1	c15
3.08432176260935e-06	0.701556787675476	0.017	0.011	0.0640490257223458	AKR1A1	c15
3.14176687261875e-06	-0.975999032786105	0.008	0.016	0.0652419308768009	NONO	c15
3.24761700821043e-06	-1.37479409845464	0.004	0.01	0.0674400147924979	SARNP	c15
3.24909178166854e-06	-1.17260524784137	0.005	0.012	0.067470639938129	JMJD6	c15
3.2999645980703e-06	-0.93262046923828	0.008	0.016	0.0685270648435278	PPP2CA	c15
3.59253548937642e-06	-1.31426240356155	0.004	0.01	0.0746025919723908	NAA50	c15
3.5944822278676e-06	0.385641226889949	0.054	0.042	0.0746430179438985	ZYX	c15
3.94341913060387e-06	-1.36266416853564	0.004	0.01	0.08188904166612	CNOT7	c15
4.01080400740785e-06	-0.500477706477991	0.031	0.044	0.0832883560178314	TRAPPC1	c15
4.11188016522089e-06	-0.797736795818829	0.012	0.021	0.085387303510977	MRPL20	c15
4.24162767318427e-06	-0.584344214580952	0.022	0.033	0.0880816402613446	NDUFB4	c15
4.46233347347549e-06	-1.15055088143025	0.005	0.012	0.092664816910192	PTPN2	c15
4.47286674228474e-06	-0.917181283426822	0.008	0.016	0.0928835507702848	MRPL18	c15
4.7740407809395e-06	-1.24828283075973	0.004	0.011	0.0991377308569897	UHMK1	c15
4.85513854959927e-06	0.286140225790403	0.087	0.071	0.100821807120978	NDUFA13	c15
4.91674192465418e-06	-1.11552006319437	0.006	0.012	0.102101062807369	MEA1	c15
5.01150917337597e-06	-0.893278783054791	0.009	0.017	0.104068999494325	RER1	c15
5.04179285032343e-06	-1.0691932631706	0.006	0.013	0.104697870329816	ACADVL	c15
5.70752619913687e-06	0.591235730424004	0.02	0.013	0.118522489051276	PELI1	c15
5.83881889768116e-06	-0.671055419214957	0.015	0.024	0.121248913229247	DNAJB6	c15
5.84819058242726e-06	0.643327919819786	0.018	0.012	0.121443525634684	JARID2	c15
6.03563808647887e-06	-1.33576894147258	0.004	0.01	0.12533606050382	SUMO1P3	c15
6.32376095736222e-06	-0.857541825428999	0.01	0.018	0.131319220040584	TGIF1	c15
6.35825626596509e-06	0.513125168783601	0.03	0.021	0.132035549619031	CAPZA1	c15
6.74260037835707e-06	-0.677328876991849	0.03	0.043	0.140016839456963	MTRNR2L2	c15
6.90674362741454e-06	-1.20821889175206	0.004	0.011	0.14342543816689	ST3GAL1	c15
7.097234772442e-06	0.781165962208179	0.013	0.008	0.147381177284531	DOCK2	c15
7.13652375993522e-06	-0.910026741850491	0.008	0.016	0.148197052398815	NKTR	c15
8.03684291066214e-06	0.878962493791144	0.011	0.006	0.16689307988281	MLX	c15
8.15915202653718e-06	-1.03864093228728	0.006	0.013	0.169432950983071	ADRM1	c15
8.30123035778676e-06	-0.704748672167269	0.014	0.023	0.1723833496098	PHPT1	c15
8.40929763151667e-06	-1.06934593739063	0.006	0.012	0.174627474616075	ADAM8	c15
8.4279050235714e-06	-1.1910068641555	0.004	0.011	0.175013875719484	PHF3	c15
8.48427726998446e-06	-1.02855127867325	0.006	0.013	0.176184501788497	FAM195B	c15
8.83241041400443e-06	-1.13119936438812	0.005	0.011	0.183413834657216	RAB14	c15
1.00036766902225e-05	-0.994654457302864	0.007	0.014	0.20773635014916	APH1A	c15
1.03050540386165e-05	-0.96923765218668	0.007	0.014	0.21399475216591	MRPL51	c15
1.05332507195384e-05	-1.27484657932831	0.004	0.01	0.218733484441935	PHF11	c15
1.08469379980609e-05	-0.384958708083579	0.046	0.06	0.225247514467733	ARL6IP5	c15
1.21762129090504e-05	-0.471588521723488	0.032	0.044	0.252851237269341	ITGB1	c15
1.24392567927695e-05	0.558926357165638	0.024	0.016	0.258313606558652	EIF3A	c15
1.25281442003333e-05	0.708334341267437	0.015	0.009	0.260159442464122	TXNDC17	c15
1.37517062357874e-05	-1.02462710089487	0.006	0.013	0.285567931692361	HIST1H1C	c15
1.4521921585186e-05	-1.07141283608355	0.005	0.012	0.301562223637973	CD46	c15
1.46367712551937e-05	0.303261377951895	0.069	0.056	0.303947191885353	NDUFB2	c15
1.51937527369653e-05	-1.05311369779758	0.006	0.012	0.315513469335821	ETFB	c15
1.52911130054332e-05	-0.986738702530038	0.007	0.014	0.317535252670827	TUBA1C	c15
1.6441193059826e-05	-0.766007721643569	0.018	0.028	0.341417815080348	ZFAND2A	c15
1.71316682555796e-05	-1.13655908013312	0.005	0.011	0.355756222995366	MIER1	c15
1.72303984402072e-05	0.640176260563915	0.018	0.011	0.357806454009342	TOP1	c15
1.78454398883333e-05	0.343579679815766	0.057	0.045	0.37057840472113	WDR83OS	c15
1.93424130092991e-05	-0.715137466580371	0.013	0.021	0.401664548551106	AURKAIP1	c15
1.9487631828874e-05	-1.21918685361898	0.004	0.01	0.404680162558398	KXD1	c15
2.01401167177719e-05	-1.14240770812163	0.004	0.01	0.418229663761252	NDUFA5	c15
2.09067812279477e-05	-1.10881240857051	0.005	0.011	0.434150218979561	MMP24-AS1	c15
2.14491158414567e-05	-0.73907049978975	0.012	0.019	0.44541233956369	RAD23A	c15
2.22087913265547e-05	0.587283418401608	0.021	0.014	0.461187760687236	RASGRP2	c15
2.23509640809939e-05	-0.578443378175241	0.019	0.029	0.464140120105919	FIS1	c15
2.42821546544554e-05	-0.876485979987665	0.008	0.015	0.504243223554422	MYCBP2	c15
2.44635266197648e-05	0.786197778217666	0.012	0.007	0.508009593786035	CD84	c15
2.5123294892629e-05	-1.15461950236801	0.004	0.01	0.521710341740334	CSNK1D	c15
2.60601434648873e-05	-1.17154092094626	0.004	0.01	0.541164939191849	RSF1	c15
2.71728531600452e-05	0.585764752912418	0.02	0.014	0.564271468721498	POLE4	c15
2.72371575571357e-05	-0.516132197798803	0.023	0.034	0.56560681383148	CSDE1	c15
2.79402214850432e-05	-0.482155335777359	0.009	0.016	0.580206639358408	GCHFR	c15
2.79889184605617e-05	-0.860938862957879	0.007	0.013	0.581217880752025	COX16	c15
2.82898679467346e-05	-0.963860997508532	0.006	0.013	0.587467397781891	RNF114	c15
2.87497965295082e-05	-1.1434961238963	0.004	0.01	0.597018274731768	SDHC	c15
2.88929072691014e-05	0.844958441009106	0.01	0.006	0.59999011235016	DPYSL2	c15
2.96264422434931e-05	0.827331860855804	0.01	0.006	0.615222699628378	ARHGAP18	c15
3.08568328893663e-05	0.312316749646085	0.063	0.051	0.64077299178058	ARL6IP4	c15
3.0923849188812e-05	0.882426689972002	0.01	0.006	0.642164652254869	IL10	c15
3.17912000211697e-05	-0.821661079093841	0.009	0.016	0.66017605963961	IRF9	c15
3.20348088929278e-05	0.343716487426714	0.055	0.043	0.665234841470539	EIF4G2	c15
3.26921635892828e-05	-1.02719620273637	0.005	0.011	0.678885469095047	COX20	c15
3.44738138600124e-05	0.778751159798817	0.011	0.007	0.715883218617017	GNG10	c15
3.45402308857833e-05	-0.631910066585871	0.015	0.024	0.717262434574176	PSMD8	c15
3.45668118140484e-05	-0.640217176855105	0.015	0.023	0.71781441413053	OTUB1	c15
3.494066932501e-05	-0.816067424108856	0.009	0.016	0.725577939203158	UBE2L3	c15
3.58177782002401e-05	-0.927979748876297	0.007	0.013	0.743791982106186	KPNB1	c15
3.66562431396222e-05	-1.05204574672292	0.005	0.011	0.761203545037395	TAF15	c15
3.72598855608502e-05	-0.605281518700389	0.016	0.024	0.773738783556615	EIF1B	c15
3.89045491042417e-05	-1.086526545898	0.005	0.01	0.807891866698683	BPTF	c15
4.15651476135822e-05	-1.14234801245427	0.004	0.01	0.863141855343647	FLOT2	c15
4.17398221330052e-05	-1.01543503672404	0.005	0.011	0.866769146413986	POLR2F	c15
4.53619646740397e-05	0.600505460917037	0.02	0.013	0.941986558421109	OSBPL8	c15
4.72486711507193e-05	-0.916561445973336	0.007	0.013	0.981165905115837	ADSS	c15
4.7691005205738e-05	-0.880679582007481	0.007	0.014	0.990351414102354	SERINC1	c15
4.80209264708905e-05	-0.939653146264977	0.006	0.012	0.997202559094513	TANK	c15
0.00803269610603349	-1.15402841558687	0.01	0.014	1	SEPP1	c15
9.07171252590556e-05	-1.05073025922329	0.004	0.01	1	FGD3	c15
7.19419971102089e-05	-1.03692445969825	0.005	0.01	1	AFF4	c15
5.09539037734067e-05	-1.03623334828821	0.005	0.011	1	TMEM147	c15
5.24653466397009e-05	-1.01674657776062	0.005	0.011	1	FAM162A	c15
0.000141222910314725	-1.0061718023665	0.005	0.01	1	HSPA4	c15
0.000120344643714806	-1.00142577847687	0.005	0.01	1	ZSCAN16-AS1	c15
6.70631178380677e-05	-0.987613609029522	0.005	0.011	1	AZIN1	c15
0.000193104287366957	-0.924030403292321	0.005	0.011	1	PSMD9	c15
0.000119246293783899	-0.9032515826889	0.006	0.012	1	KDELR2	c15
0.000430182942971868	-0.900042653277868	0.005	0.01	1	ILK	c15
8.02372536266394e-05	-0.897741146606918	0.006	0.012	1	TMEM14C	c15
0.000191817506842776	-0.89607749287395	0.006	0.011	1	SCAMP2	c15
0.000449900240161875	-0.895477158832076	0.005	0.01	1	CYB5R3	c15
0.000204908774750795	-0.894737943064722	0.006	0.011	1	PSMD7	c15
8.76121623952357e-05	-0.892363523744316	0.006	0.012	1	WBP2	c15
5.27139794806953e-05	-0.887701662046987	0.007	0.013	1	RAB11A	c15
0.000380890422002334	-0.879308599774808	0.005	0.01	1	NIPBL	c15
0.000119020175661343	-0.875503790491106	0.006	0.012	1	ORMDL1	c15
0.000170796003203046	-0.875116785678452	0.006	0.012	1	TLE4	c15
0.000560007837390755	-0.847685983199108	0.008	0.014	1	IRF8	c15
0.000129451860496235	-0.84737065150701	0.006	0.012	1	KRAS	c15
5.63428073707967e-05	-0.844799740658124	0.008	0.014	1	LSM4	c15
0.000146215567530807	-0.843692084763873	0.007	0.013	1	CLNS1A	c15
0.000750007401470009	-0.83092099890084	0.005	0.01	1	UBE2A	c15
0.000577237209491113	-0.823309607908736	0.006	0.01	1	AP3S1	c15
0.000597228223030864	-0.809513963595182	0.006	0.011	1	CSNK1A1	c15
5.89210313842004e-05	-0.808047064596523	0.008	0.015	1	PSMB2	c15
8.31394293988051e-05	0.804408716575684	0.01	0.006	1	TLE3	c15
0.000377865484457785	-0.794093624587642	0.007	0.012	1	RNASEH2C	c15
0.000132183625915824	0.782503294659924	0.01	0.006	1	TMEM154	c15
7.85481882069349e-05	-0.778335958895654	0.01	0.016	1	VIMP	c15
0.000906422147344253	-0.766585253241228	0.006	0.01	1	CARD8	c15
0.00105030029411787	-0.762856003589484	0.006	0.011	1	NUTF2	c15
0.0019839421127211	-0.75802364840544	0.006	0.01	1	PHTF2	c15
0.000653241764100285	-0.756522921894373	0.007	0.012	1	GYG1	c15
0.0017497772139907	-0.739538549073685	0.006	0.01	1	TMEM9B	c15
0.000218115472529239	0.733593694178977	0.01	0.006	1	PTTG1IP	c15
0.156048353056948	-0.733035990200104	0.074	0.078	1	CCL3	c15
0.00100834193751554	-0.724373641580294	0.007	0.012	1	LPAR6	c15
0.000129131316252568	-0.72431699278737	0.013	0.021	1	XIST	c15
0.00262574191512859	-0.7219622618206	0.006	0.01	1	DUSP23	c15
0.00175497484985819	-0.721521580854277	0.006	0.011	1	HNRNPD	c15
6.0316801164359e-05	-0.72130583547278	0.011	0.018	1	OSTC	c15
0.00043135088807772	0.712739520387439	0.01	0.006	1	KLF3	c15
5.06736592614272e-05	-0.71170522266788	0.011	0.019	1	TMEM256	c15
0.00358890979045611	-0.701422623511718	0.006	0.01	1	MAPK1	c15
0.00141713924657885	-0.696722193342	0.007	0.012	1	TCP1	c15
0.000175965468876582	0.696604460006695	0.012	0.007	1	GNA13	c15
5.44521491965788e-05	-0.69383249142876	0.012	0.019	1	UQCRFS1	c15
0.000197074051607555	-0.692767236217286	0.01	0.016	1	HNRNPM	c15
0.00185420689479826	-0.688160179838577	0.007	0.011	1	RHEB	c15
9.90807246964427e-05	0.687295906218272	0.013	0.008	1	GNB1	c15
5.5270340631282e-05	-0.684400266450629	0.012	0.02	1	MRPL54	c15
0.00372690951471555	-0.684171238673754	0.006	0.01	1	VTI1B	c15
5.19526271542478e-05	0.681893787757692	0.014	0.009	1	RAB8A	c15
8.09056404899922e-05	-0.67903086752302	0.012	0.019	1	C9orf78	c15
0.00204371885937834	-0.66553052992654	0.007	0.012	1	MTIF3	c15
0.00269123406958699	-0.662714464757672	0.007	0.011	1	DNAJC4	c15
0.00442800901501208	-0.662528944916757	0.006	0.01	1	MRPL53	c15
5.04485709717275e-05	-0.662389789378584	0.014	0.022	1	H1FX	c15
0.00353141565437156	-0.661766558945187	0.006	0.01	1	TXN2	c15
0.00185225809986476	-0.656820750528798	0.012	0.017	1	FKBP2	c15
0.00290558642690205	-0.656207033603287	0.007	0.011	1	ARAP2	c15
0.000805121208956177	-0.64885400801968	0.009	0.015	1	C20orf24	c15
0.000545386905996099	-0.643197466664823	0.01	0.016	1	SSR1	c15
0.000631307889760515	-0.643197466664823	0.01	0.016	1	KDELR1	c15
0.000415969075318005	-0.642567891645895	0.01	0.017	1	TMEM14B	c15
0.000673963987737122	0.639668516488469	0.012	0.007	1	PDCD6IP	c15
0.000854901290872798	-0.639071403388256	0.009	0.014	1	YWHAH	c15
0.000360157908710158	0.637990068732483	0.013	0.008	1	EIF4E2	c15
0.000126055576472621	-0.63408038333022	0.013	0.02	1	SF3B6	c15
0.00160563338622675	-0.633832565325319	0.009	0.014	1	TMEM134	c15
8.93188320911031e-05	0.633248430541862	0.015	0.01	1	ACAA1	c15
0.000134786025199799	-0.633131717587033	0.013	0.02	1	RSL1D1	c15
0.00034077676888057	0.617371728446658	0.018	0.013	1	SYAP1	c15
0.000738146553148581	0.614533452809808	0.013	0.009	1	EHD1	c15
6.39882057723359e-05	-0.613759079536011	0.016	0.024	1	PDIA6	c15
0.000290781718415467	0.611822549392638	0.014	0.009	1	PTPLAD2	c15
0.00121772724586772	0.599176890014703	0.012	0.008	1	SPG21	c15
0.000744197023174556	0.599021969741706	0.013	0.009	1	FBXL5	c15
0.00272947329575604	-0.595475329588615	0.009	0.013	1	BTF3L4	c15
0.00102206095942579	0.589858216717529	0.012	0.008	1	ADAM10	c15
9.93382605868248e-05	-0.586132532781527	0.015	0.023	1	EIF2S3	c15
0.00461016869117431	-0.565704125026287	0.008	0.013	1	TNIP1	c15
0.00573357853283291	-0.565076039028553	0.008	0.012	1	HSD17B11	c15
0.000127019944256333	-0.564943163592964	0.016	0.024	1	C19orf70	c15
0.00065463371401532	0.561864732367424	0.015	0.01	1	USP3	c15
0.00146908676447802	-0.56170280684789	0.011	0.017	1	AP2M1	c15
0.0038100392582461	-0.561442702451539	0.009	0.014	1	TOMM22	c15
0.000428869810148594	-0.560665110874203	0.014	0.021	1	TCF25	c15
0.00539536568294077	0.560528985206098	0.01	0.007	1	SH3BP5	c15
0.00143614128469327	-0.55769590223364	0.01	0.016	1	EIF4E	c15
0.0142031374472109	-0.556609243196283	0.006	0.01	1	IQGAP2	c15
0.000646305972609615	-0.552565899915504	0.013	0.02	1	SET	c15
5.06893373218303e-05	0.5500771862965	0.021	0.014	1	CD4	c15
0.0010028658457807	-0.549492496637636	0.012	0.018	1	TMEM230	c15
0.00188231301939808	-0.546144398033806	0.011	0.017	1	SNX6	c15
0.000831970676106381	0.544506350052648	0.015	0.01	1	LRPAP1	c15
0.00081000930013758	-0.542727422900281	0.014	0.02	1	SYTL1	c15
0.0158156582844442	-0.540912881886848	0.007	0.01	1	ABTB1	c15
0.00217857136375569	-0.540383401618779	0.01	0.015	1	DCTN3	c15
0.00876500320343595	0.538409339825125	0.01	0.007	1	IL17RA	c15
0.000292974144691874	-0.537537690683172	0.016	0.023	1	IKZF1	c15
0.00241290712749383	-0.533223461059122	0.011	0.017	1	NDUFA7	c15
0.000179102115612186	0.527775906292288	0.019	0.014	1	PARVG	c15
0.0149682452559902	-0.527351967926863	0.007	0.01	1	YTHDC1	c15
0.0148026351007367	-0.524862506024546	0.007	0.011	1	PDCD5	c15
0.000696604457941723	0.523628296118602	0.018	0.013	1	CHD1	c15
0.00306708724378003	0.514219757361279	0.011	0.008	1	ELL2	c15
0.00249679828722969	0.513453804501968	0.014	0.01	1	SHKBP1	c15
0.00742071837109887	0.512780716236571	0.011	0.008	1	CALCOCO2	c15
0.00143907287623259	-0.51049492917871	0.014	0.02	1	SIVA1	c15
0.00179185995814155	0.508056355531391	0.015	0.011	1	DPYD	c15
0.0136397478849062	0.502366182637619	0.01	0.007	1	ERP44	c15
0.00135021334451593	-0.502047190413408	0.012	0.017	1	EIF4A3	c15
0.0647896658181464	-0.500769911823526	0.432	0.366	1	DUSP1	c15
0.0185770562606818	-0.498436388776599	0.007	0.011	1	DIAPH1	c15
0.00320872866067618	-0.498202137500925	0.013	0.018	1	CMTM7	c15
0.0110610011359835	-0.498103740621819	0.009	0.013	1	RBMS1	c15
0.00308939704728087	-0.493274054004073	0.013	0.018	1	PAPOLA	c15
0.0117361938472752	-0.491490323163736	0.009	0.013	1	EIF4EBP2	c15
0.0152672472688273	0.490794089188426	0.012	0.009	1	TNFRSF1A	c15
0.00882112065725946	0.490005919651487	0.012	0.009	1	SHOC2	c15
0.000965208824738098	-0.486231861061845	0.016	0.023	1	RCSD1	c15
0.0264569173967068	-0.485479085129874	0.007	0.01	1	SDHD	c15
0.00116244864491717	-0.481709302371151	0.015	0.021	1	DSTN	c15
0.0259005400849255	-0.481709302371151	0.007	0.01	1	POLR2A	c15
0.0299492712019537	-0.480158850807751	0.007	0.01	1	IRF2	c15
0.000233764945416835	0.479707596361242	0.023	0.016	1	ACAP2	c15
0.0256913232200138	-0.474510210382486	0.007	0.01	1	PSMG2	c15
0.00816004510922511	-0.471537497313859	0.011	0.015	1	VPS13C	c15
0.0111229529944683	-0.46422776182701	0.011	0.015	1	PRNP	c15
0.00256457300391435	0.460873000380676	0.017	0.012	1	STK10	c15
0.000284736733394502	0.456136755368499	0.025	0.018	1	RAB7A	c15
0.00926164033506463	0.452949943961532	0.013	0.01	1	HMGA1	c15
0.00281945143280957	-0.448849347109763	0.015	0.021	1	SUMO1	c15
0.187586548758093	-0.448329924947217	0.009	0.011	1	STAB1	c15
0.0326201139209073	0.447773917549473	0.01	0.007	1	CLTC	c15
0.000133561274048602	0.444572230050876	0.03	0.022	1	LAMTOR1	c15
0.00186925580509819	-0.44200624027478	0.018	0.025	1	AMICA1	c15
0.00022467250427817	-0.440412886000079	0.029	0.039	1	BAX	c15
0.0127948449688456	-0.4390229032696	0.011	0.015	1	H3F3A	c15
0.00933550229065032	-0.437515187870834	0.012	0.017	1	FERMT3	c15
0.0404847526010914	0.435590635792954	0.01	0.007	1	ARL5B	c15
0.000123122811082234	-0.433774825307449	0.027	0.037	1	EIF5	c15
0.0182671317563448	-0.432318705558052	0.01	0.014	1	PTBP3	c15
0.000117656956666722	-0.432282632566118	0.029	0.039	1	EIF5A	c15
0.0307057208980642	-0.432000227319428	0.008	0.011	1	CCT8	c15
0.000294847528215681	0.41940945595166	0.03	0.023	1	BCAP31	c15
0.028789831204282	0.415843428658031	0.012	0.009	1	KMT2C	c15
0.000439622703920887	0.41536862363782	0.028	0.021	1	C7orf73	c15
0.0167866305039921	-0.413893918143579	0.011	0.015	1	SNRPB2	c15
0.0273010176600489	-0.407819403733894	0.01	0.013	1	KIF5B	c15
0.00303800366909487	-0.407265904766472	0.02	0.026	1	H2AFJ	c15
0.00173408605666952	-0.405915860720055	0.023	0.03	1	SLA	c15
0.000732106726653228	-0.404304798685543	0.024	0.032	1	RSL24D1	c15
0.00109389878247411	0.400109271280535	0.029	0.022	1	MGST3	c15
0.00826126762416234	0.399535518323709	0.017	0.013	1	SLC44A2	c15
0.000343348883980365	-0.399380361168228	0.028	0.037	1	SRRM1	c15
0.000218647453865949	-0.398960108611621	0.03	0.04	1	HSPD1	c15
0.000125315457579404	0.395577312350893	0.035	0.026	1	STAT1	c15
0.000913833718332982	-0.393172627769494	0.026	0.034	1	TMEM50A	c15
0.000421811655873332	0.391227153081827	0.031	0.024	1	PAK2	c15
7.58490991542392e-05	-0.387571371707144	0.038	0.049	1	ARF1	c15
0.000804874335596246	0.386486220605594	0.029	0.022	1	TGFB1	c15
0.000183940345843129	-0.383861978973005	0.032	0.043	1	VPS28	c15
0.00573579315967574	0.383188894952419	0.021	0.016	1	TGOLN2	c15
0.00854335882625642	-0.379958187597269	0.017	0.022	1	COX7A2L	c15
0.00238361226663894	-0.379567495195324	0.022	0.029	1	DYNLT1	c15
0.00188145262155835	-0.378925230707018	0.507	0.493	1	CYTB	c15
0.0692313140391621	-0.378563881213362	0.007	0.01	1	CELF1	c15
0.016587817867943	-0.375982643111362	0.014	0.019	1	PFDN2	c15
0.0682026027063595	-0.375899753157539	0.008	0.01	1	SNRPE	c15
0.050041529220873	0.37407074206102	0.012	0.009	1	MAN2B1	c15
0.00422264345501246	-0.37397384161028	0.021	0.027	1	FAM49B	c15
0.00033260257219547	0.371950529339439	0.035	0.027	1	NAA38	c15
0.0477803488965645	-0.370089014656452	0.009	0.012	1	DUSP5	c15
0.0130876109935146	-0.368860617949324	0.015	0.019	1	LAMP1	c15
0.069344450860798	0.363298161165852	0.011	0.009	1	LY86	c15
0.00347799515634248	0.361584437701071	0.024	0.019	1	ATP1A1	c15
0.0297662681687498	-0.360632561030903	0.055	0.062	1	ATF3	c15
0.0383694969562402	-0.360309086805134	0.012	0.015	1	LENG8	c15
0.00649382466473625	0.35671181776682	0.02	0.015	1	NR4A3	c15
0.0838919969315897	-0.354571557257741	0.008	0.01	1	SKIL	c15
0.00292678657271159	0.351126590095654	0.027	0.021	1	CANX	c15
0.0351103788899364	-0.349997348048508	0.012	0.016	1	XRCC5	c15
0.00486037310811281	0.345919624260747	0.027	0.021	1	AKIRIN2	c15
0.0249672204303943	-0.345731632852176	0.014	0.018	1	GHITM	c15
0.000666785320910353	-0.33796772908814	0.032	0.042	1	PDIA3	c15
0.0827967584493851	-0.337762073322017	0.009	0.011	1	PTPN1	c15
0.00931335730539052	-0.336960759004947	0.022	0.027	1	CD47	c15
0.0137381526790131	0.336947295759687	0.021	0.017	1	VDAC1	c15
0.00993206672100942	0.336470393578044	0.023	0.018	1	RNF181	c15
7.35572859603252e-05	0.335225663304036	0.051	0.041	1	GLIPR1	c15
0.0843279075963606	-0.334764819476282	0.009	0.011	1	PER1	c15
0.000323456347599519	-0.33268780534465	0.045	0.056	1	PSMB8	c15
0.0603190911508555	-0.331885506985348	0.011	0.014	1	SLTM	c15
0.000184131122946928	0.330924851179299	0.047	0.037	1	ITGA4	c15
0.00501644915211709	-0.329105211191565	0.026	0.033	1	PAIP2	c15
0.82682500351664	-0.328591339399528	0.015	0.016	1	MTRNR2L8	c15
8.86524053780023e-05	-0.326652603963293	0.053	0.066	1	UBE2D3	c15
0.117637652394537	0.325645619686454	0.01	0.008	1	EPSTI1	c15
0.0315883642966921	-0.323377752915686	0.015	0.019	1	USP15	c15
0.000234583520715272	0.319596575013649	0.051	0.041	1	CSNK2B	c15
0.0757448226778209	0.316242209342999	0.013	0.01	1	SMS	c15
0.0217333717964068	-0.316039471046644	0.017	0.021	1	C14orf166	c15
0.00386747254540668	-0.312198008146357	0.03	0.037	1	NEDD8	c15
0.00526287842959583	0.310622013357916	0.031	0.025	1	BIN2	c15
0.00456828479431126	0.309046287117611	0.032	0.026	1	ATP5H	c15
0.00119352389276012	0.308719704162915	0.041	0.033	1	WDR1	c15
0.00550394340259419	0.308669097489664	0.031	0.025	1	ATP5F1	c15
0.0497954366395302	-0.307211571139014	0.014	0.018	1	ANP32A	c15
0.0519083696829459	0.306587283870769	0.017	0.014	1	ROCK1	c15
0.0421607686355179	0.305885835255329	0.018	0.015	1	SP110	c15
0.115949366468944	-0.305098207270121	0.008	0.011	1	DDX46	c15
0.000468226331378808	-0.304042352664986	0.04	0.05	1	GPR183	c15
0.00447872673823628	-0.300640982372389	0.033	0.041	1	UBXN1	c15
0.00117192448974374	-0.300445004806086	0.046	0.056	1	IRF1	c15
0.060849626897508	0.299477905319283	0.014	0.011	1	AHR	c15
0.00557435924229749	0.298246752237294	0.034	0.028	1	REEP5	c15
0.144562211109855	0.295753245375879	0.01	0.008	1	TMED5	c15
0.136793866669618	-0.294754600529521	0.008	0.01	1	FIBP	c15
0.10736637522801	0.294496921115789	0.013	0.011	1	SH3BP1	c15
0.0358184249355317	-0.292169742018543	0.016	0.02	1	MDH2	c15
0.0922792807608051	-0.290681051944038	0.012	0.014	1	ARHGAP30	c15
0.00361417580598704	-0.287661506728664	0.038	0.046	1	ARHGDIA	c15
0.00446292017020557	-0.287283618822662	0.037	0.045	1	GNG2	c15
0.898385900677405	-0.285609571773381	0.024	0.025	1	HSPA6	c15
0.112812577070335	-0.28521874447746	0.008	0.01	1	CCDC69	c15
0.1441371914782	-0.28521874447746	0.008	0.01	1	XRN2	c15
0.0574004402927462	0.283126347948437	0.014	0.011	1	RNASE6	c15
0.145127032431615	-0.281134991240394	0.009	0.011	1	PSMD4	c15
0.0808130102628038	0.281045621620424	0.016	0.013	1	MOB1A	c15
0.0270743538048119	-0.278510446268013	0.023	0.028	1	C4orf48	c15
8.29875066946286e-05	0.276221692374643	0.074	0.061	1	UQCR10	c15
0.0990591817071843	0.275019546616486	0.015	0.013	1	BNIP2	c15
0.189819091044779	0.27416207554168	0.01	0.009	1	LSM10	c15
0.0890194490150151	0.273004139945224	0.013	0.011	1	MX1	c15
0.149823911631383	-0.272991817931779	0.009	0.011	1	GTF2A2	c15
0.000275020045584043	0.27183917599066	0.066	0.055	1	DBI	c15
0.0272596959261632	0.270321303205774	0.026	0.022	1	NDUFS6	c15
0.033997101605723	-0.27031587998396	0.02	0.024	1	RNF7	c15
0.114328313035171	0.268655641101624	0.013	0.011	1	GLA	c15
0.0159368821643668	-0.266792001596849	0.028	0.034	1	CKS2	c15
0.0104822443305128	0.26646768375168	0.036	0.03	1	UBE2L6	c15
0.0881386438580488	-0.264704646742984	0.012	0.015	1	ERGIC3	c15
0.173721832064161	-0.262747786434977	0.009	0.011	1	EIF6	c15
0.156673406954736	-0.262615979295796	0.009	0.011	1	SORL1	c15
0.0890196379577302	0.26051997692137	0.018	0.015	1	YWHAE	c15
0.211964365743869	0.259394537847612	0.01	0.009	1	CYTH4	c15
0.0191967883389172	-0.259316881034703	0.03	0.036	1	COPE	c15
0.164095206957653	-0.252553755310351	0.01	0.012	1	ARRDC1	c15
0.0815689241424286	-0.25183012297268	0.016	0.02	1	CBX3	c15
0.124965755912934	0.251351837339139	0.021	0.018	1	GABARAPL1	c15
0.135750827455622	-0.25096551160178	0.012	0.014	1	EIF2S2	c15
0.0165532378177482	-0.250218338040483	0.032	0.038	1	SNRPG	c15
0.818774686999552	-0.249637280557783	0.041	0.041	1	TUBB	c15
0.000384185158750845	-0.248594153992967	0.075	0.088	1	RPL23	c15
0.0860390689158937	-0.248448364589225	0.016	0.02	1	PSMA2	c15
0.126887436390879	-0.242508593348148	0.013	0.016	1	SNX17	c15
0.0447823095838374	-0.242177937845555	0.022	0.027	1	UBE2B	c15
0.110497975581299	-0.240239643839557	0.015	0.018	1	RPN1	c15
0.239630812551775	0.240033310346361	0.01	0.009	1	IFI35	c15
0.0140288830178035	-0.239921282746216	0.041	0.048	1	ROMO1	c15
0.174343672288412	0.239737909599834	0.014	0.012	1	BAZ1A	c15
0.0346553431857203	-0.239084228115463	0.028	0.034	1	SHFM1	c15
0.139888360931725	0.238452214432955	0.016	0.014	1	CHMP2A	c15
0.160282858597817	-0.237894402291582	0.011	0.013	1	ZC3H15	c15
0.0323671200362758	-0.23741596647749	0.031	0.036	1	MYADM	c15
0.000448348694360723	-0.233768807054371	0.101	0.116	1	ZFAS1	c15
0.0914366502946185	-0.233321672501758	0.016	0.019	1	ARHGAP4	c15
0.121278998866794	0.233062706777306	0.019	0.016	1	NAPA	c15
0.0514050738861068	-0.232320148656686	0.023	0.028	1	POLR1D	c15
4.83492002773717e-05	0.224582816781721	0.107	0.091	1	YWHAB	c15
0.0130742260747149	0.220193211769107	0.052	0.045	1	NME2	c15
0.000607149354736999	-0.219702214138801	0.134	0.15	1	TAGLN2	c15
0.0290498138398356	0.219380034561055	0.039	0.034	1	TBCA	c15
0.198786991819059	0.218823592057046	0.014	0.012	1	IVNS1ABP	c15
0.102520150002592	0.218496762025664	0.022	0.019	1	BANF1	c15
0.00209490641953365	-0.215903447264409	0.08	0.092	1	ATP5I	c15
0.218638510832124	0.213462569852337	0.019	0.016	1	RASSF5	c15
0.0974363488039452	-0.211365825747407	0.022	0.026	1	MYEOV2	c15
0.120550942080715	0.211225709049559	0.024	0.021	1	PSMA6	c15
0.261566556776876	-0.208903119908541	0.009	0.011	1	SRA1	c15
0.279626590078403	-0.20762364685321	0.008	0.01	1	DECR1	c15
0.219308067411325	-0.205725804306438	0.02	0.022	1	SNX3	c15
0.150971542317968	-0.20234469559678	0.018	0.02	1	ZNHIT1	c15
0.16923455551516	-0.200488994851947	0.015	0.018	1	EIF3M	c15
0.277926367774815	-0.197916336370559	0.009	0.011	1	WNK1	c15
0.109857354423078	-0.197848960069747	0.024	0.027	1	DEK	c15
0.000118016612348134	0.195406659070986	0.125	0.109	1	EIF3K	c15
0.0646117679284787	-0.191630073523128	0.028	0.033	1	PSMB1	c15
0.00572418932289466	-0.182009209578711	0.031	0.039	1	MT1X	c15
0.0909651032858456	0.179800051959887	0.033	0.03	1	CAST	c15
0.123654900260389	-0.178143877430064	0.025	0.028	1	NDUFA6	c15
0.114590738626559	-0.178022776804432	0.03	0.034	1	GNB2	c15
0.0426644007585839	0.177750912954913	0.047	0.042	1	ATP5O	c15
0.235400096287163	0.176597311065325	0.048	0.045	1	CHMP1B	c15
0.234855279603376	-0.176270338033367	0.015	0.017	1	METTL9	c15
0.14510927565068	-0.175752164395572	0.028	0.031	1	PRDX5	c15
0.213595047036487	-0.172240424210426	0.018	0.02	1	TNFRSF14	c15
0.830090411350539	0.171909069080165	0.078	0.077	1	LDHA	c15
0.23675824281134	0.170640038079879	0.019	0.017	1	GPI	c15
0.162449006400623	-0.170536693048909	0.012	0.015	1	RANBP2	c15
0.285723112554097	0.168953643732993	0.02	0.018	1	TCEB1	c15
0.265860361415331	-0.167264009126097	0.008	0.01	1	BAG3	c15
0.00145204333727892	-0.166369195047119	0.236	0.252	1	PPIA	c15
0.0588271752360338	-0.163827753185117	0.051	0.057	1	SEC61G	c15
0.170811971734056	0.162653332406027	0.027	0.024	1	MRPL52	c15
0.0508522674594935	0.162072195998674	0.049	0.043	1	C11orf31	c15
0.358398831833785	0.158730816837475	0.017	0.016	1	NDUFA12	c15
0.518741106896797	-0.155651096197149	0.07	0.072	1	ND6	c15
0.00137945559274236	0.151202566024993	0.089	0.077	1	UCP2	c15
0.185673664928896	-0.149492216887503	0.025	0.028	1	TBCB	c15
0.261304560730952	0.149226856158641	0.017	0.015	1	CD79B	c15
0.26802111585621	-0.148697708354772	0.02	0.022	1	ATF4	c15
0.300772437457179	-0.14676142124042	0.016	0.018	1	FMNL1	c15
0.0782306429856508	-0.145448916476425	0.051	0.057	1	NDUFA11	c15
0.310932723631761	0.145422100569978	0.02	0.018	1	PPP1CB	c15
0.417151755421118	-0.14467431509358	0.008	0.01	1	SFT2D1	c15
0.413593650716925	-0.143496123896299	0.009	0.01	1	CHMP5	c15
0.435636390760544	-0.136727274262967	0.025	0.027	1	RPS4Y1	c15
0.299133992300578	0.134646890251934	0.024	0.022	1	ARPC4	c15
0.00678704505372398	-0.133102323921809	0.165	0.179	1	COX7C	c15
0.313003436496397	-0.132141527051727	0.02	0.022	1	SRRM2	c15
0.653952076436413	0.130709943156138	0.01	0.01	1	SETX	c15
0.0393503126686517	0.130462818942158	0.025	0.021	1	IRF7	c15
0.553095082116167	0.128780075425863	0.011	0.011	1	SNRPC	c15
0.0364859864770406	0.12676287249873	0.085	0.077	1	COX7A2	c15
0.252291623211402	-0.126579892055263	0.028	0.031	1	AKAP13	c15
0.0356822331065846	0.126470857291875	0.089	0.081	1	GPSM3	c15
0.177531015692422	-0.125965520063338	0.037	0.041	1	CALM3	c15
0.0228903560755819	-0.124499742317096	0.527	0.522	1	PTMA	c15
0.0139980843401208	0.119989585051106	0.122	0.111	1	MYL12B	c15
0.733338458611604	0.119865139554923	0.021	0.02	1	NCF1	c15
0.055597013961448	-0.119532757625466	0.128	0.137	1	PSME1	c15
0.374663210547561	-0.118883176301789	0.021	0.022	1	NDUFS7	c15
0.357399393044928	0.117267615479462	0.02	0.018	1	C19orf10	c15
0.513212598250568	0.116651053565549	0.015	0.014	1	C6orf62	c15
0.290941325351185	-0.116576708918621	0.029	0.031	1	OSTF1	c15
0.490810992616851	-0.114926971699528	0.009	0.01	1	ADAR	c15
0.24970575369674	0.113145697546222	0.039	0.036	1	HNRNPU	c15
0.518303783572204	0.112651896352255	0.016	0.015	1	RAB2A	c15
0.0201637590306446	0.109132062142449	0.122	0.112	1	CHCHD2	c15
0.390765891509454	-0.108790445897576	0.022	0.024	1	GNAS	c15
0.041303779238562	-0.106981105118149	0.076	0.083	1	SRSF5	c15
0.844958165989023	0.106970330359319	0.074	0.074	1	CALR	c15
0.000830635482279052	0.106549505995426	0.253	0.234	1	ARHGDIB	c15
0.496322146037424	-0.106187122135368	0.011	0.012	1	CAPN2	c15
0.274047503809744	0.104826241619274	0.036	0.034	1	REL	c15
0.46629764831329	0.104305108743592	0.02	0.019	1	TMEM179B	c15
0.40067359052829	-0.103680266524793	0.022	0.023	1	PRKAR1A	c15
0.226996579742615	-0.103633802168169	0.031	0.034	1	BIRC3	c15
0.30360922775689	-0.10142156845359	0.037	0.04	1	ICAM3	c15
0.108311863423817	0.101168841960373	0.066	0.06	1	TMEM258	c15
0.262102126061923	0.100687798395578	0.046	0.043	1	ARF5	c15
