p_val	avg_log2FC	pct.1	pct.2	p_val_adj	gene	seurat_clusters
0	2.52864130463802	0.164	0.029	0	CMC1	c11
0	2.48422589292431	0.502	0.099	0	GZMH	c11
0	2.31399596143788	0.886	0.231	0	NKG7	c11
0	2.30809243342317	0.398	0.095	0	GZMK	c11
0	-2.17091472790438	0.243	0.506	0	FTH1	c11
0	2.16031188142554	0.107	0.024	0	KLRG1	c11
0	2.09930247864543	0.627	0.155	0	GZMA	c11
0	1.97182981109154	0.348	0.095	0	CD8B	c11
0	1.96882122716392	0.668	0.185	0	CST7	c11
0	1.95377286861393	0.233	0.06	0	GZMM	c11
0	1.91241537819258	0.945	0.363	0	CCL5	c11
0	1.83636787710181	0.391	0.115	0	CD8A	c11
0	1.69747227200731	0.368	0.112	0	CTSW	c11
0	1.55421509254417	0.201	0.067	0	KLRD1	c11
0	1.49079571142943	0.295	0.106	0	RARRES3	c11
0	1.40362217496085	0.53	0.212	0	HCST	c11
0	1.37648690593492	0.19	0.07	0	PRF1	c11
0	1.28734108696623	0.505	0.22	0	PTPRCAP	c11
0	1.28465161653252	0.671	0.301	0	IL32	c11
0	1.19316253637716	0.394	0.177	0	CD3D	c11
0	1.10259822503531	0.512	0.245	0	CD3E	c11
0	1.05450174571715	0.459	0.234	0	MYL12A	c11
0	1.04461010772674	0.32	0.156	0	CD99	c11
0	1.00202148751049	0.377	0.199	0	HLA-H	c11
0	0.979509556865082	0.865	0.574	0	HLA-A	c11
0	0.896843843346896	0.264	0.118	0	GZMB	c11
0	0.890988222514312	0.687	0.413	0	PFN1	c11
0	0.8758615140544	0.558	0.318	0	IFITM1	c11
0	0.801995578565156	0.908	0.656	0	HLA-C	c11
0	0.793633261535051	0.503	0.297	0	CFL1	c11
0	0.669668725822165	0.998	0.921	0	B2M	c11
0	0.500339834485866	0.973	0.857	0	TMSB4X	c11
0	0.492210039317669	0.913	0.761	0	ACTB	c11
0	0.423948727201959	0.947	0.789	0	RPS15A	c11
0	0.394717269493115	0.989	0.867	0	RPS27	c11
1.74716227699382e-297	-6.38339854082334	0.003	0.149	3.62815718440537e-293	CST3	c11
2.92230686366829e-291	0.93531721844769	0.334	0.176	6.06846243309356e-287	CORO1A	c11
1.21753435343744e-289	0.59553547487353	0.617	0.413	2.52833183834819e-285	SH3BGRL3	c11
3.09136389511367e-289	-1.16803364848511	0.28	0.475	6.41952626459305e-285	FOS	c11
1.2454698937556e-269	0.963863056987409	0.303	0.157	2.58634278137288e-265	RAC2	c11
1.26081822397039e-266	0.85109804247025	0.364	0.205	2.61821512389691e-262	PPDPF	c11
2.61782681899201e-260	1.7117010082709	0.102	0.032	5.43617917231882e-256	APOBEC3G	c11
2.92116217624164e-260	0.952481822235574	0.313	0.168	6.06608537518339e-256	CALM1	c11
3.83493024855083e-252	1.38526430707823	0.149	0.057	7.96361615414065e-248	CD3G	c11
3.54383128180846e-249	-5.88514466391432	0.003	0.128	7.35912003980345e-245	LYZ	c11
1.36774608920344e-247	0.533228059608596	0.691	0.514	2.84026152883986e-243	RPS29	c11
6.13484130213195e-245	-1.87773580475553	0.307	0.456	1.27396114480072e-240	FTL	c11
2.00193215213918e-242	1.14382435707553	0.199	0.09	4.15721230713223e-238	PSMB9	c11
2.84818968183603e-242	-3.53652533679466	0.019	0.15	5.91455069330069e-238	GPX1	c11
9.3306682175072e-239	-2.93262865342168	0.034	0.17	1.93760656204754e-234	TYROBP	c11
3.89965664876037e-234	-6.18906229068257	0.003	0.121	8.09802699681579e-230	IFI30	c11
3.32396153194324e-224	-2.24772242652015	0.068	0.211	6.90253851723334e-220	SAT1	c11
1.14785232544389e-215	-0.700707621530469	0.594	0.716	2.38363013901677e-211	ND3	c11
5.04834962650681e-214	0.734337734922708	0.377	0.228	1.0483402834404e-209	ARHGDIB	c11
2.64937204543936e-206	0.55933556565632	0.554	0.39	5.50168598955938e-202	RPL23A	c11
1.27386900075966e-205	-2.05110564189439	0.048	0.178	2.64531636697751e-201	LTB	c11
4.09609463100925e-200	-3.87551809024603	0.011	0.12	8.50595011075382e-196	PSAP	c11
5.8024794480503e-196	-4.16189013153766	0.008	0.112	1.20494288218212e-191	FCER1G	c11
7.37707262207038e-189	0.902844631000448	0.245	0.132	1.53192290069914e-184	PSME1	c11
1.06101034233988e-187	-1.0125104227653	0.218	0.374	2.203294076903e-183	DUSP1	c11
1.88699719489741e-187	1.17252117064602	0.148	0.065	3.91853837492396e-183	CLEC2B	c11
3.59308145767279e-184	-5.51409197179502	0.003	0.098	7.46139295500331e-180	AIF1	c11
1.3778854055536e-174	0.311317028882093	0.857	0.698	2.86131683317261e-170	RPS3	c11
2.40082817597196e-174	0.957642325640547	0.207	0.108	4.98555979022336e-170	MYL12B	c11
1.33559482475776e-173	1.28236752849539	0.12	0.049	2.77349621309196e-169	GIMAP4	c11
4.03113397779535e-173	0.911548124322296	0.215	0.113	8.37105281828982e-169	IL2RG	c11
3.16276566943395e-170	-5.46291474644255	0.002	0.09	6.56779918914654e-166	S100A9	c11
4.92122260453119e-168	0.826174062371921	0.263	0.151	1.02194108605695e-163	CLIC1	c11
1.1244541177328e-167	0.524571523350712	0.532	0.389	2.33504142088394e-163	ACTG1	c11
5.01916128269187e-164	-4.06901607164018	0.007	0.096	1.04227903196379e-159	CTSS	c11
1.02088777641749e-162	1.60059095847319	0.073	0.024	2.11997555650857e-158	SH2D1A	c11
2.16170597481736e-162	-1.26227332276768	0.105	0.232	4.48899862730574e-158	IL7R	c11
9.19661310459816e-161	0.46085443055025	0.604	0.46	1.90976867730085e-156	RPS26	c11
1.75479607104995e-158	-5.25454992006941	0.002	0.085	3.64400952114232e-154	S100A8	c11
2.10888330876062e-158	0.838791617166875	0.226	0.125	4.37930707897231e-154	CD2	c11
1.00913823461226e-156	0.628323866937271	0.355	0.227	2.09557645799582e-152	TMA7	c11
2.19386774434036e-156	1.39708319405635	0.084	0.031	4.55578575789719e-152	FGFBP2	c11
4.1694661119231e-150	-1.23232996700565	0.113	0.235	8.6583133280195e-146	NFKBIA	c11
9.72242412311797e-150	1.36549526624554	0.092	0.036	2.01895859340668e-145	C12orf75	c11
2.84890316371192e-149	-1.56043167159732	0.078	0.191	5.91603230976418e-145	S100A11	c11
3.60485326069399e-147	1.05928174877906	0.143	0.068	7.48583828115713e-143	IFNG	c11
1.08982294553504e-146	1.28327411117751	0.103	0.043	2.26312632869807e-142	GIMAP7	c11
2.28319855689758e-142	0.921847316933063	0.179	0.094	4.74129012325351e-138	SUB1	c11
1.42669397946985e-141	1.37464509629415	0.085	0.033	2.9626727177671e-137	PVRIG	c11
5.12746662668839e-140	-1.01894052919533	0.212	0.336	1.06476971969811e-135	ND1	c11
3.00542940399701e-139	1.28011655666233	0.089	0.035	6.24107470034019e-135	KLRC2	c11
5.49067792388676e-138	-6.41032540668118	0.001	0.073	1.14019417767432e-133	FCN1	c11
7.55457243697542e-138	0.858417328124561	0.2	0.11	1.56878251226232e-133	EVL	c11
1.75011710088509e-137	-6.75417523719717	0.001	0.072	3.63429317169798e-133	SERPINA1	c11
3.1215505595304e-137	-1.03526927181002	0.177	0.299	6.48221189192083e-133	ND2	c11
7.92954720228543e-137	1.10110497924925	0.12	0.055	1.64664977202659e-132	CTSC	c11
1.35333144547792e-135	-1.13861235869869	0.107	0.221	2.81032807967945e-131	PABPC1	c11
1.80757022893577e-134	-0.680976174541671	0.378	0.502	3.75360033740801e-130	JUNB	c11
9.34331143754347e-132	-6.00315702659501	0.002	0.071	1.94023205312028e-127	LST1	c11
4.18103302846914e-130	-0.544078238929223	0.504	0.592	8.68233318691902e-126	RPS13	c11
1.53380868231333e-126	0.134630674066912	0.248	0.146	3.18510710969185e-122	MT2A	c11
2.69722806556149e-126	0.66555254245508	0.28	0.176	5.60106380094499e-122	PTPRC	c11
3.35483593983494e-126	1.61271806678869	0.055	0.018	6.96665231266125e-122	KLRC4	c11
2.77477575010562e-125	1.02872887910096	0.132	0.065	5.76209932266933e-121	LCK	c11
3.44038157031157e-125	-0.49985414744844	0.551	0.64	7.14429636890901e-121	TPT1	c11
3.77588091850654e-124	0.991216430038641	0.133	0.066	7.84099431537069e-120	LITAF	c11
5.12832524352728e-124	1.29354450292076	0.084	0.034	1.06494802007087e-119	SLC9A3R1	c11
2.3787784816079e-122	1.63162641055008	0.053	0.017	4.93977139490696e-118	APMAP	c11
2.58027490835586e-118	1.0238003511758	0.124	0.061	5.35819887469179e-114	HOPX	c11
9.07683983342829e-117	-3.69092219791385	0.007	0.072	1.88489655980972e-112	NPC2	c11
1.42300135471813e-116	1.29555509887755	0.08	0.032	2.95500461320766e-112	LYAR	c11
1.20914142466069e-115	1.66224181081787	0.048	0.015	2.51090308245038e-111	SAMD3	c11
7.60160514444761e-115	-1.09090015422686	0.502	0.595	1.57854932429599e-110	RNR1	c11
2.54845064947274e-114	-1.30446370754395	0.073	0.167	5.29211261869508e-110	GABARAP	c11
2.86899899194454e-114	-0.828489315386359	0.33	0.437	5.95776330667204e-110	JUN	c11
3.37253922366536e-114	1.10077934471879	0.102	0.047	7.0034149518635e-110	LOC101060038	c11
3.25666341505921e-112	-0.70946721679083	0.317	0.43	6.76278724771196e-108	ND4	c11
5.96617187517538e-112	2.13500557969566	0.028	0.006	1.23893525159892e-107	EOMES	c11
6.91023844248364e-112	1.35774831659411	0.07	0.027	1.43498011496615e-107	ARPC5L	c11
1.70655048100862e-111	1.22992999553767	0.078	0.032	3.5438227288625e-107	ITM2C	c11
3.0246631338977e-111	1.07377285076832	0.122	0.061	6.28101546385196e-107	CLDND1	c11
6.9035281807323e-110	-5.29434285959577	0.002	0.06	1.43358666201087e-105	VCAN	c11
4.62694562944753e-107	0.474642563845643	0.153	0.082	9.60831529411073e-103	CCL4L1	c11
1.74887971505813e-102	0.51879186144897	0.352	0.247	3.63172361628971e-98	PPIA	c11
1.46290367251515e-96	1.51645010707168	0.048	0.017	3.03786576634496e-92	PYHIN1	c11
9.66541827800341e-96	2.16660782664922	0.023	0.005	2.00712075961019e-91	FCRL6	c11
1.04924490692389e-95	-5.08533443497694	0.001	0.053	2.17886197371816e-91	MS4A6A	c11
1.21434149315846e-95	-1.4606571479591	0.05	0.126	2.52170154469285e-91	FOSB	c11
1.25462385401112e-94	1.30730976373799	0.063	0.026	2.6053518952395e-90	KLRK1	c11
1.29556865985687e-93	-7.85746630832963	0	0.049	2.69037787905877e-89	CD68	c11
7.5918062638508e-93	-0.718694323415148	0.254	0.356	1.57651448875126e-88	TSC22D3	c11
1.11663094590679e-92	-0.820611690850047	0.191	0.29	2.31879582227003e-88	KLF6	c11
7.57778650290225e-92	-4.12450213298185	0.005	0.057	1.57360314519268e-87	TIMP1	c11
4.51504705005101e-90	0.261186034747667	0.761	0.651	9.37594670413593e-86	RPL26	c11
8.72359688481839e-89	-0.607943660562321	0.238	0.34	1.81154212910139e-84	RPL22	c11
3.78654143993067e-88	-1.06982447664422	0.105	0.191	7.86313195416004e-84	TNFAIP3	c11
1.17202134823711e-87	-5.07220346076137	0.002	0.049	2.43381953174917e-83	CD79A	c11
1.50744197669244e-87	1.13150903253897	0.072	0.032	3.13035400879952e-83	LAG3	c11
1.67224868404568e-87	0.947146865332035	0.11	0.058	3.47259161728925e-83	LIME1	c11
2.26520959361314e-86	-3.98217562196671	0.004	0.053	4.70393424209705e-82	CTSB	c11
2.47833545113787e-86	1.12624698096272	0.078	0.036	5.14651139783291e-82	PPP1R18	c11
6.74136184110061e-86	-0.662086149216194	0.522	0.59	1.39991119992295e-81	COX3	c11
9.21904934235417e-86	0.841691678287523	0.133	0.074	1.91442778643327e-81	GUK1	c11
9.77584654616841e-85	0.750922335118577	0.16	0.095	2.03005229377733e-80	PCED1B-AS1	c11
3.35110852396372e-84	-3.62129775490237	0.005	0.053	6.95891196086305e-80	CD83	c11
2.46421212269883e-82	-4.9944577290567	0.001	0.046	5.1171828939964e-78	GRN	c11
1.17278530816956e-81	-0.414300010643745	0.478	0.558	2.43540597094491e-77	RPL8	c11
1.64369533503257e-80	0.935528124829893	0.107	0.056	3.41329773272863e-76	ITM2A	c11
5.20116859899786e-79	1.24189383134267	0.059	0.025	1.0800746712679e-74	DENND2D	c11
3.92418404155212e-78	-7.77938258864823	0	0.041	8.14896058068714e-74	MS4A7	c11
2.62110313410326e-75	-0.283016300376752	0.884	0.881	5.44298276827883e-71	RPLP1	c11
3.06578222860693e-75	1.5385048692058	0.037	0.013	6.36640337592515e-71	LOC100996919	c11
3.58907608751291e-75	-2.39523630434179	0.012	0.061	7.45307540332931e-71	TYMP	c11
1.8156022821112e-74	-4.19945546277358	0.003	0.044	3.77027969903213e-70	SGK1	c11
1.93068470795931e-74	-3.41959428996541	0.005	0.048	4.00925986454831e-70	NAMPT	c11
2.53730256046744e-74	0.245709355370662	0.664	0.55	5.26896249706669e-70	RPL7A	c11
5.48755413716412e-74	-0.44526711591391	0.306	0.408	1.1395454921235e-69	FXYD5	c11
6.51014988556189e-74	1.78678139644224	0.027	0.008	1.35189772523578e-69	PTGDR	c11
9.17114872432836e-74	1.16288842546626	0.059	0.026	1.90448074409403e-69	KLRC3	c11
1.3148059648543e-73	0.611035117482102	0.208	0.138	2.73032606661644e-69	ARPC2	c11
1.78941647745413e-73	0.219665272190188	0.846	0.74	3.71590225708125e-69	RPS19	c11
2.32732856977783e-73	0.234379346471778	0.685	0.571	4.83293050800064e-69	RPS7	c11
9.20418550079026e-73	-2.56417478637283	0.063	0.127	1.9113411610941e-68	RN7SK	c11
3.25216065554429e-72	-0.650503327839337	0.306	0.393	6.75343681730327e-68	ZFP36	c11
3.50604318332976e-72	1.38747927925363	0.043	0.017	7.28064927450258e-68	IDH2	c11
2.49811388207394e-71	-0.787538830100673	0.252	0.334	5.18758328751474e-67	VIM	c11
3.07511983010006e-71	0.698025894818068	0.156	0.096	6.38579383918578e-67	ITGB2	c11
7.09296870331295e-70	-0.744855136975612	0.128	0.207	1.47292588092997e-65	EEF1G	c11
1.18324640804562e-69	-2.44757120081752	0.011	0.056	2.45712949094753e-65	CDKN1A	c11
1.69717836253404e-69	-6.72434122509027	0	0.037	3.52436058763819e-65	CYBB	c11
3.77601004672083e-68	-0.922828431078138	0.246	0.317	7.84126246302048e-64	S100A6	c11
4.48419715865508e-68	-0.469665608606768	0.584	0.612	9.31188381966314e-64	RPS8	c11
2.65671283925791e-67	0.566262541580045	0.102	0.056	5.51692988200298e-63	XCL2	c11
2.86468349195481e-67	-5.31615865257596	0.001	0.037	5.94880173939335e-63	S100A12	c11
2.18523443153811e-66	-5.77643387032562	0.001	0.036	4.53785782053204e-62	CFD	c11
2.54312313436027e-66	-0.418792239143039	0.35	0.437	5.28104950081254e-62	RPS9	c11
1.31317712611455e-65	-1.31206607596861	0.045	0.102	2.72694362008947e-61	NR4A1	c11
2.34869867661991e-65	-3.32807360947861	0.005	0.044	4.87730767186891e-61	MS4A1	c11
3.40228962386795e-65	-6.09498460501066	0	0.035	7.06519463292419e-61	CD14	c11
2.21618360462337e-64	-0.883809498012119	0.094	0.164	4.6021268733609e-60	PPP1R15A	c11
3.40266023488774e-64	0.929475586979031	0.084	0.044	7.06596424376788e-60	SEPT7	c11
4.84601054261884e-63	1.8713270768574	0.021	0.006	1.00632254928023e-58	S1PR5	c11
1.41118947382474e-62	1.98683548089241	0.018	0.004	2.93047606134446e-58	CD160	c11
1.82689792172986e-62	-0.677923023940599	0.193	0.272	3.79373622426423e-58	ZFP36L2	c11
2.81948070534749e-62	1.18939849224072	0.051	0.022	5.8549336327246e-58	PRKCH	c11
1.20380870543755e-61	-1.86598411185045	0.022	0.069	2.49982915771161e-57	HLA-DRB1	c11
1.32944249683177e-61	0.385055777848239	0.333	0.25	2.76072028892085e-57	MYL6	c11
1.88483878972923e-61	-5.41485023344113	0.001	0.034	3.91405623075172e-57	MNDA	c11
2.32216898714885e-61	-0.936690911675766	0.089	0.155	4.82221611871329e-57	BTG2	c11
5.09672721810942e-61	-1.49558857240554	0.036	0.087	1.0583863741126e-56	EGR1	c11
1.43100880981002e-60	-2.37311099435471	0.017	0.06	2.97163289445149e-56	AREG	c11
5.92635105822921e-60	-0.589209338384171	0.216	0.294	1.23066606075188e-55	EEF1B2	c11
5.50572911805022e-59	-0.472153561772983	0.322	0.398	1.14331970865431e-54	RPL9	c11
9.28217904793564e-59	0.641835490185031	0.141	0.089	1.92753730109432e-54	LOC101929531	c11
1.31876932991273e-58	1.42127512366767	0.033	0.012	2.73855639049677e-54	GPR56	c11
4.44075214468106e-58	0.803452282032604	0.095	0.054	9.22166590364469e-54	LINC00152	c11
1.99904905560479e-57	-2.03229506137634	0.013	0.053	4.15122526886891e-53	SELL	c11
2.71659893544665e-57	-1.02676976973536	0.063	0.121	5.6412893493485e-53	ZFP36L1	c11
7.76318498864874e-57	-2.12845861294399	0.011	0.05	1.6121029947428e-52	C10orf54	c11
1.0775287423925e-56	-0.68506135696199	0.123	0.193	2.23759618645227e-52	EEF2	c11
1.30540255678311e-56	-6.06344404988718	0	0.031	2.71079894941581e-52	PLAUR	c11
1.82371048101672e-56	-2.08842415038484	0.013	0.051	3.78711718487933e-52	GPR183	c11
2.00568529264125e-56	0.714481731561139	0.119	0.072	4.16500607869882e-52	CALR	c11
5.5566852862682e-56	0.922461221115298	0.074	0.039	1.15390126654645e-51	PSMB10	c11
8.967994650978e-56	-3.02651008519948	0.006	0.04	1.86229376922209e-51	SOD2	c11
1.54084534979807e-55	0.816508782373612	0.093	0.053	3.19971945339066e-51	RAP1B	c11
1.65446621668061e-55	-2.59912277660875	0.007	0.042	3.43566454555895e-51	TKT	c11
6.81031290098992e-55	0.551592111764633	0.159	0.105	1.41422957701957e-50	PPIB	c11
7.7833885847352e-55	0.828875627005254	0.09	0.051	1.61629847350611e-50	PPP1CA	c11
8.2903774571156e-55	-6.45159796610774	0	0.029	1.72157978274463e-50	MAFB	c11
1.87038446318059e-54	-5.95122336490774	0	0.029	3.88404037624082e-50	SPI1	c11
5.19142875424021e-54	0.805065318507475	0.094	0.054	1.07805209510552e-49	CNN2	c11
1.22586264663159e-53	-3.76956851643181	0.003	0.033	2.54562637199516e-49	FGL2	c11
3.96579115350936e-53	-6.54201271287838	0	0.029	8.23536190937755e-49	C1QA	c11
9.62290000033798e-53	-1.198482244714	0.038	0.086	1.99829141407018e-48	TSPO	c11
2.06569740135121e-52	0.408434690030338	0.349	0.275	4.28962722364593e-48	CD52	c11
2.14794503361792e-52	0.151491917702053	0.929	0.857	4.46042265681098e-48	RPL28	c11
2.38472599041903e-52	-7.20587676186123	0	0.028	4.95212199170415e-48	CXCL8	c11
4.94250084972482e-52	-8.28005824288742	0	0.027	1.02635972645386e-47	LINC01272	c11
8.38644844096623e-52	-1.36436742341701	0.034	0.079	1.74152988325105e-47	NEAT1	c11
1.1308919944624e-51	-2.42419905397652	0.009	0.044	2.34841031570062e-47	BCL2A1	c11
5.78701862794375e-51	-7.23084777037934	0	0.027	1.2017322882788e-46	IL1B	c11
5.93210801809596e-51	0.166523526810593	0.745	0.648	1.23186155103781e-46	RPS14	c11
3.49343711544097e-50	0.106731207623302	0.988	0.938	7.25447151392472e-46	RPL41	c11
4.22392383834228e-50	0.531068027467513	0.18	0.124	8.77140024270158e-46	SRP14	c11
4.47590297213978e-50	0.608419224532656	0.14	0.091	9.29466011194547e-46	LY6E	c11
4.9270208305221e-50	-1.28194608759227	0.038	0.084	1.02314514566622e-45	RGS2	c11
5.95388725722812e-50	0.517124663723661	0.184	0.127	1.23638422783599e-45	LSP1	c11
1.41865654611009e-49	-1.69774992825157	0.041	0.086	2.94598218365222e-45	HLA-DQB1	c11
2.65024040819241e-49	0.942941654579473	0.063	0.033	5.50348923165236e-45	ANXA6	c11
2.66245389228151e-49	-2.55386389016461	0.009	0.042	5.52885175271178e-45	IER3	c11
2.92331899398842e-49	0.879002631257277	0.071	0.038	6.07056422291635e-45	FYN	c11
3.38182561086729e-49	-1.43825307014431	0.024	0.064	7.02269906352702e-45	JUND	c11
4.36282494608027e-49	0.51444022232074	0.19	0.133	9.05984228303029e-45	YWHAZ	c11
6.76388014130572e-49	-1.61258516618395	0.019	0.057	1.40458735014355e-44	NFKBIZ	c11
1.23947657919968e-48	-1.06113918671968	0.044	0.091	2.57389706436606e-44	SERP1	c11
1.59226509842437e-48	-4.56617206539765	0.001	0.028	3.30649770338806e-44	FCGRT	c11
2.62314631211455e-48	0.763447890759304	0.092	0.054	5.44722563173707e-44	PSMB8	c11
4.21791982547441e-48	-7.07066064280799	0	0.026	8.75893230958016e-44	C1QB	c11
8.46225778680373e-48	-0.991325114528853	0.059	0.11	1.75727245200766e-43	SLC2A3	c11
9.98973507683602e-48	0.750107354503947	0.093	0.055	2.07446838605577e-43	STK17A	c11
1.18010228364779e-47	-1.7472305227554	0.015	0.05	2.45060040222299e-43	RNASET2	c11
1.78529348459814e-47	-6.92356541528727	0	0.025	3.70734045011649e-43	NAPSB	c11
1.89477574353981e-47	0.128870638972914	0.809	0.691	3.93469130903476e-43	RPS27A	c11
2.36556984085442e-47	-1.81244561131057	0.014	0.049	4.91234233151829e-43	SOCS3	c11
4.47037016482371e-47	-3.35199522321669	0.003	0.03	9.28317068427292e-43	DUSP6	c11
6.51570219077816e-47	-0.971246458164865	0.055	0.104	1.35305071693699e-42	MCL1	c11
8.23959087476354e-47	-0.776458115200485	0.154	0.216	1.7110334410534e-42	S100A10	c11
1.61295126285374e-46	-7.14537746499056	0	0.025	3.34945459244208e-42	C1QC	c11
2.68423591514741e-46	1.14740964558286	0.041	0.018	5.5740843013951e-42	AOAH	c11
2.79901865170915e-46	0.780055301121652	0.083	0.048	5.81244213213921e-42	TBC1D10C	c11
4.01637353151258e-46	-1.61690564455957	0.022	0.059	8.34040127553903e-42	LGALS3	c11
4.76422803161818e-46	-6.67633585217944	0	0.024	9.89339593045832e-42	CSTA	c11
9.7964908813307e-46	0.511345333785163	0.179	0.125	2.03433929641713e-41	C12orf57	c11
1.59484330559428e-45	-0.299009787695788	0.797	0.769	3.31185160839708e-41	RPL32	c11
3.08084383809808e-45	-1.54107185818374	0.021	0.058	6.39768031419447e-41	PHLDA1	c11
3.47335054098456e-45	0.393034387477405	0.268	0.204	7.21275973340854e-41	RPL36AL	c11
4.0480457616558e-45	1.57353363899833	0.021	0.007	8.40617182865443e-41	LOC102724850	c11
5.27405234092407e-45	0.660307190981196	0.109	0.069	1.09520970911629e-40	C9orf142	c11
6.47393919027186e-45	1.26997883961141	0.032	0.013	1.34437821225185e-40	TRG-AS1	c11
8.29907317469821e-45	-3.79861691244773	0.003	0.029	1.72338553545783e-40	TNFRSF4	c11
3.19092956074265e-44	-1.19804748343157	0.041	0.084	6.62628432583819e-40	RGCC	c11
6.58018499238455e-44	-3.52098092636174	0.002	0.027	1.36644121551858e-39	APLP2	c11
4.75471656050294e-43	1.00301383340185	0.049	0.024	9.87364440954041e-39	BIN2	c11
6.60302067229687e-43	1.75745820657548	0.016	0.005	1.37118327280917e-38	C1orf21	c11
6.83041234503923e-43	0.661391236101875	0.105	0.066	1.41840342757085e-38	CAPZB	c11
6.87006269147929e-43	-0.581829534458974	0.132	0.192	1.42663721851259e-38	LAPTM5	c11
9.95299217465872e-43	0.653142466632746	0.106	0.067	2.06683835498963e-38	PSME2	c11
1.44961408585559e-42	-4.36192102831345	0.001	0.024	3.01026861068772e-38	CTSH	c11
3.62965823783966e-42	1.34383580798968	0.027	0.011	7.53734829669784e-38	SYNE1	c11
7.13984069841817e-42	-0.792058406758858	0.069	0.118	1.48265931943352e-37	ZFAS1	c11
1.36642087580812e-41	-5.36611143179318	0	0.023	2.83750959070314e-37	LGALS2	c11
1.60177572866792e-41	-2.13823780296455	0.008	0.036	3.3262474781518e-37	C1orf162	c11
2.3471941957135e-41	-1.78323540329656	0.017	0.05	4.87418346681864e-37	GLUL	c11
1.63525697686863e-40	-6.5009769646865	0	0.021	3.3957746381654e-36	CFP	c11
1.79711592905355e-40	0.333323678849575	0.345	0.279	3.7318909382726e-36	ATP5E	c11
2.93630472878617e-40	-2.16557304891106	0.008	0.036	6.09753039979737e-36	BIRC3	c11
3.66339950835981e-40	-6.84362473255779	0	0.021	7.60741541905997e-36	G0S2	c11
4.12049206936929e-40	1.91265738431921	0.013	0.003	8.55661383125227e-36	KIR3DL2	c11
2.60095726668013e-39	0.397766494595543	0.234	0.178	5.40114785998795e-35	CYBA	c11
2.81570327049029e-39	-0.655881141217844	0.093	0.145	5.84708941150015e-35	LRRC75A-AS1	c11
3.4835736920076e-39	1.49655054963398	0.02	0.007	7.23398912882298e-35	CRTAM	c11
3.50309328061497e-39	0.770099133174173	0.074	0.044	7.27452350652504e-35	GNG2	c11
6.7844362124491e-39	0.297060314170549	0.359	0.291	1.40885602387718e-34	EEF1D	c11
7.19369104993476e-39	-0.377742820757991	0.409	0.46	1.49384188342945e-34	RPLP0	c11
7.24891321919021e-39	-5.4776518577557	0	0.021	1.50530931909704e-34	CLEC7A	c11
9.42443279441145e-39	-2.1319393266281	0.008	0.035	1.95707771408748e-34	LMNA	c11
1.38845464439628e-38	-0.979576879897809	0.042	0.081	2.88326491455331e-34	GPX4	c11
2.00323490912696e-38	-3.6041587978624	0.002	0.024	4.15991761229304e-34	CCR7	c11
2.0215473379621e-38	-0.833054569319998	0.059	0.103	4.1979452020121e-34	ATP6V0C	c11
2.93757218468924e-38	-1.31697482532948	0.025	0.058	6.10016239872568e-34	HLA-DMA	c11
4.94959143844348e-38	-2.00969821602037	0.009	0.036	1.02783215810717e-33	CD55	c11
5.17671364431805e-38	1.05751795011183	0.039	0.019	1.07499635537909e-33	BIN1	c11
1.78562743453009e-37	1.05029547459474	0.038	0.018	3.70803393054518e-33	ABI3	c11
8.20610793328508e-37	0.741516662706458	0.073	0.044	1.70408037342598e-32	HLA-F	c11
1.07462693409976e-36	-5.87284262982377	0	0.02	2.23157029135155e-32	C5AR1	c11
2.2134613466207e-36	0.431924220997472	0.194	0.144	4.59647383239254e-32	OST4	c11
2.69122649367799e-36	0.947245162187417	0.045	0.023	5.58860093677172e-32	MBP	c11
3.63232509576378e-36	-6.40131976520864	0	0.019	7.54288629386307e-32	KLF4	c11
6.97625223459751e-36	1.06087081392999	0.036	0.017	1.44868853903652e-31	PTMS	c11
1.19410929049117e-35	-5.91669482004534	0	0.019	2.47968735263397e-31	CPVL	c11
1.2150702121833e-35	-0.574132902905926	0.182	0.238	2.52321480261985e-31	IER2	c11
1.3820366890821e-35	0.593658104333867	0.105	0.069	2.86993738854788e-31	VAMP2	c11
3.10286970594418e-35	-7.31647506005272	0	0.018	6.44341923136368e-31	TMEM176B	c11
9.65341290471667e-35	-7.23453595740946	0	0.018	2.00462772379346e-30	MPEG1	c11
1.39030540464806e-34	1.2289673785054	0.026	0.011	2.88710820329217e-30	GYG1	c11
1.78876188392761e-34	1.20288746453314	0.027	0.012	3.71454292816408e-30	THEMIS	c11
2.61742331448753e-34	-6.42195331659856	0	0.018	5.4353412548648e-30	CD163	c11
3.23080404266825e-34	-8.27807406565142	0	0.018	6.70908767500488e-30	CXCL2	c11
7.43425779511455e-34	0.174714705459557	0.569	0.494	1.54379797373349e-29	RPL6	c11
8.27014642950549e-34	-1.12293598002123	0.027	0.059	1.71737860755111e-29	SPOCK2	c11
8.34059473599405e-34	0.479678779442692	0.166	0.122	1.73200790287652e-29	KLRB1	c11
1.27590058174624e-33	1.00481702762311	0.037	0.019	2.64953514805424e-29	MATK	c11
1.85913720757839e-33	-0.444451157785816	0.184	0.24	3.86068432525727e-29	RPL4	c11
2.50115703088729e-33	0.844831556274549	0.052	0.029	5.19390269034054e-29	SYNE2	c11
3.26676700323935e-33	0.486478961345149	0.145	0.103	6.78376835892683e-29	UBL5	c11
4.79528861426688e-33	1.35916397113121	0.02	0.008	9.95789633638659e-29	OASL	c11
5.81633713257508e-33	0.642642624132005	0.083	0.052	1.20782056895054e-28	LINC00861	c11
9.45063090383241e-33	1.33489140324381	0.021	0.008	1.96251801348984e-28	PTPN4	c11
9.61618383615869e-33	-6.22303049593365	0	0.017	1.99689673541671e-28	LILRB2	c11
1.21187983241494e-32	0.314746201961597	0.237	0.183	2.51658965999287e-28	CD7	c11
1.37008614205415e-32	-1.3858823906205	0.018	0.045	2.84512088258965e-28	SYNGR2	c11
1.90477080821445e-32	0.719165222017021	0.069	0.042	3.95544706033814e-28	PIK3R1	c11
3.04962270461251e-32	-2.3950726056004	0.005	0.026	6.33284650839835e-28	ASAH1	c11
4.15637735113097e-32	-2.77695852759229	0.003	0.023	8.63113320735858e-28	ZFAND5	c11
4.94177428913603e-32	-5.17819797325964	0	0.017	1.02620884888199e-27	MEF2C	c11
4.98661786721809e-32	-0.336467651140989	0.841	0.85	1.03552106630651e-27	COX2	c11
5.46262511760271e-32	-7.12355375720743	0	0.017	1.13436873192138e-27	CSF1R	c11
7.06496428184466e-32	-1.40754728167435	0.016	0.043	1.46711048276786e-27	TNFRSF1B	c11
9.9689976654084e-32	0.615950246699593	0.088	0.057	2.07016205519871e-27	SEPT1	c11
1.1872259567188e-31	0.898862495226767	0.044	0.024	2.46539342172227e-27	RNF167	c11
1.33854829592109e-31	-2.28973774329691	0.006	0.027	2.77962939130974e-27	TNFRSF18	c11
1.55277235545719e-31	0.16535996010146	0.293	0.232	3.2244870733424e-27	IFITM2	c11
2.5106581007462e-31	-1.44912732476319	0.015	0.04	5.21363261200955e-27	SDCBP	c11
4.34207938350408e-31	-5.53726464026325	0	0.017	9.01676204778457e-27	SLC11A1	c11
4.61891024343393e-31	0.648397514621917	0.08	0.051	9.59162901151489e-27	PARK7	c11
4.938978608173e-31	-1.33174639226965	0.017	0.044	1.0256282977732e-26	NAP1L1	c11
1.52324745433067e-30	-0.562365725466523	0.106	0.152	3.16317566366306e-26	TAGLN2	c11
3.14963011909817e-30	1.05842418812926	0.03	0.015	6.54052190531925e-26	BTN3A2	c11
4.47839463459231e-30	0.720134450154169	0.064	0.039	9.29983429819439e-26	WIPF1	c11
4.7032569980025e-30	-1.19208513887825	0.022	0.05	9.766783482052e-26	NR3C1	c11
5.79261955885025e-30	0.462207517685368	0.141	0.102	1.20289537759084e-25	SNRPD2	c11
8.31534413573328e-30	1.8067626873219	0.01	0.003	1.72676436322637e-25	DTHD1	c11
9.03806188773255e-30	0.820287364354836	0.05	0.028	1.87684393160654e-25	SHISA5	c11
1.12035122377972e-29	1.05401191950858	0.03	0.014	2.32652135130097e-25	CHST12	c11
1.69001004632516e-29	-2.19288224825119	0.006	0.025	3.50947486219883e-25	CD40LG	c11
1.96971033444691e-29	-4.29936011632976	0.001	0.017	4.09030048051246e-25	FOXP3	c11
3.04057376426037e-29	0.764250779692571	0.056	0.033	6.31405547886309e-25	SKAP1	c11
7.49595304052524e-29	-9.49684542298901	0	0.016	1.55660960839547e-24	IGJ	c11
8.59321901690318e-29	0.419184508149491	0.157	0.117	1.78446786105011e-24	ALOX5AP	c11
1.09970668659853e-28	-0.591183487551665	0.117	0.162	2.2836509053905e-24	DDIT4	c11
1.93256365425106e-28	-0.689245057301012	0.081	0.121	4.01316168441776e-24	GADD45B	c11
3.4339216133389e-28	-0.642951014872323	0.821	0.835	7.13088162225957e-24	RNR2	c11
4.53430085567623e-28	-0.538332815513068	0.099	0.141	9.41592915689726e-24	RPL7	c11
7.62650097956057e-28	-1.52660756472396	0.013	0.036	1.58371919341555e-23	PIM2	c11
8.59806472012045e-28	-4.42602095602841	0.001	0.016	1.78547411978021e-23	TNFSF13B	c11
9.69678663079945e-28	0.681159833023229	0.065	0.04	2.01363471175181e-23	PDIA3	c11
9.99683745815337e-28	-2.27327022834968	0.005	0.023	2.07594326656013e-23	PPT1	c11
1.06496258205441e-27	-5.37495107657929	0	0.015	2.21150129789419e-23	CXCL16	c11
1.34401011406652e-27	0.356503123645615	0.211	0.165	2.79097140287054e-23	RPL27A	c11
1.85320128725751e-27	0.112580493780647	0.629	0.54	3.84835779311895e-23	RPS25	c11
1.92549564141774e-27	-1.41958950585136	0.014	0.036	3.99848424896808e-23	CMTM6	c11
3.42408651029999e-27	-1.65582495125793	0.009	0.03	7.11045804728896e-23	TMEM123	c11
3.54865452240266e-27	-6.73537416506561	0	0.014	7.36913598122137e-23	C15orf48	c11
3.58736793716672e-27	0.354121862962815	0.26	0.213	7.44952825832041e-23	DUSP2	c11
4.18654850355847e-27	-0.506287256219013	0.131	0.176	8.69378662248952e-23	HSP90AB1	c11
4.85770147673527e-27	0.606920919928567	0.077	0.051	1.00875028865885e-22	RABAC1	c11
5.79013534541899e-27	-5.89303511977818	0	0.014	1.20237950582971e-22	CD36	c11
7.99906792410641e-27	-0.973668890919906	0.048	0.08	1.66108644511994e-22	HSPB1	c11
8.27610264025375e-27	-2.82458681076338	0.003	0.019	1.71861547427509e-22	LTA4H	c11
1.4947047823895e-26	1.53519664786698	0.013	0.004	3.10390395111004e-22	PPP2R2B	c11
1.66105368483347e-26	-2.41962580843789	0.004	0.021	3.44934408192518e-22	LINC00936	c11
1.79726693491125e-26	-2.74114726216856	0.004	0.021	3.7322045170367e-22	CH25H	c11
1.99911683387602e-26	-5.85094037456162	0	0.014	4.15136601722693e-22	KCTD12	c11
2.90079840614669e-26	-0.229420172913299	0.776	0.742	6.02379797020421e-22	RPL11	c11
3.00283818603354e-26	0.225435183371422	0.262	0.21	6.23569377711724e-22	UBB	c11
4.73992112661894e-26	-5.91392279049484	0	0.014	9.8429202115369e-22	SEPP1	c11
5.53036330088342e-26	-1.46273472873833	0.014	0.036	1.14843524306145e-21	ICOS	c11
5.54352469828069e-26	1.12437375623615	0.023	0.011	1.15116833884497e-21	PLA2G16	c11
6.00945070978999e-26	0.587345732578698	0.08	0.053	1.24792253439499e-21	CD27	c11
6.69871088513691e-26	-1.14919778539956	0.02	0.044	1.39105430240753e-21	ATP6V0B	c11
8.45065307210014e-26	-0.818659096425364	0.123	0.164	1.75486261695231e-21	IFITM3	c11
1.02819729798199e-25	0.873267332125059	0.038	0.021	2.13515450898939e-21	SASH3	c11
1.14029347591833e-25	0.616914841071089	0.072	0.047	2.367933432092e-21	LAT	c11
1.25507704836467e-25	0.376588011725653	0.171	0.131	2.60629299863407e-21	HMGB1	c11
1.36836938406474e-25	-1.03619245341999	0.035	0.063	2.84155586294883e-21	BATF	c11
1.70930580885803e-25	0.643803724762361	0.064	0.04	3.54954444267459e-21	RNF213	c11
1.8556232903941e-25	-3.33940333267711	0.001	0.016	3.8533873248324e-21	POU2F2	c11
1.92062030666465e-25	1.34047243550711	0.017	0.007	3.98836012881982e-21	PPP1R14B	c11
2.62660805029412e-25	-1.80300345161409	0.007	0.025	5.45441427724076e-21	SMAP2	c11
3.32000570876844e-25	-1.99882075239023	0.007	0.025	6.89432385482854e-21	PLIN2	c11
3.78806020053127e-25	-6.7628767302409	0	0.013	7.86628581242323e-21	MARCKS	c11
4.33131216118076e-25	-3.51084158459606	0.001	0.015	8.99440283390797e-21	RNF130	c11
8.5020332157648e-25	-1.00673228714387	0.046	0.077	1.76553221758572e-20	HERPUD1	c11
9.08303319050106e-25	0.44511067053356	0.123	0.09	1.88618267233945e-20	YWHAB	c11
1.05176060381968e-24	-4.19836234485597	0.001	0.014	2.18408606989194e-20	IRF8	c11
1.21867361041994e-24	0.494160174420095	0.097	0.068	2.53069761939805e-20	TUBA4A	c11
1.61563846943792e-24	0.891302782928627	0.034	0.019	3.35503484563479e-20	CXCR6	c11
1.95047222702247e-24	0.822170480920771	0.04	0.023	4.05035062663487e-20	C5orf56	c11
2.22443996930031e-24	-3.18771825864058	0.002	0.016	4.61927204024902e-20	HMOX1	c11
2.3465381497517e-24	-6.54004912675409	0	0.013	4.87282112177437e-20	RNASE1	c11
2.47510148706752e-24	-3.37247349561509	0.001	0.015	5.13979574804441e-20	LEF1	c11
3.18762641639145e-24	0.868716810744117	0.035	0.019	6.61942501627848e-20	STOM	c11
3.338123879547e-24	-5.15848754731682	0	0.013	6.93194804826731e-20	BANK1	c11
3.53398912862148e-24	0.560519094231105	0.082	0.056	7.33868182449536e-20	GYPC	c11
3.65206632577154e-24	0.728850250870297	0.049	0.03	7.58388093209718e-20	UBE2L6	c11
4.12342282897509e-24	-1.70596343084091	0.112	0.143	8.56269984664967e-20	GNLY	c11
4.44912873431435e-24	-5.13762894241916	0	0.013	9.23906072967718e-20	RAB31	c11
4.84662330107204e-24	-1.31558374452406	0.014	0.034	1.00644979470062e-19	FKBP5	c11
7.31677365407514e-24	-3.70011014505153	0.001	0.014	1.51940121700524e-19	MAL	c11
7.47352161616893e-24	-0.809797056938319	0.045	0.074	1.55195149881364e-19	AHNAK	c11
7.97836213172514e-24	-5.87108859308383	0	0.012	1.65678668027404e-19	GSN	c11
8.14456133001563e-24	-1.27304267454517	0.015	0.036	1.69129960579105e-19	NOSIP	c11
1.53952862020181e-23	1.07187885460436	0.023	0.011	3.19698513271108e-19	ZBTB38	c11
1.67471950430783e-23	-4.75775977694844	0	0.013	3.47772252264563e-19	LINC00926	c11
1.92866667051844e-23	0.345518845044013	0.186	0.146	4.00506920799859e-19	RHOA	c11
2.56275175392466e-23	-1.51341269349028	0.01	0.029	5.32181029219995e-19	HIF1A	c11
2.71205730436556e-23	0.395159796974704	0.146	0.11	5.63185819824552e-19	CHCHD2	c11
4.17708414491989e-23	0.703712499638296	0.05	0.031	8.67413293534065e-19	NDUFB10	c11
4.57147581662543e-23	-2.8713225879008	0.002	0.016	9.49312668080436e-19	CD79B	c11
4.87999333783374e-23	-6.60531362450124	0	0.012	1.01337941653455e-18	HCK	c11
4.95051702331665e-23	1.01749012424775	0.025	0.012	1.02802436506194e-18	TPST2	c11
4.98875332018194e-23	-6.59833334017817	0	0.012	1.03596451446898e-18	NCF2	c11
5.16807099279998e-23	-3.52112735074479	0.001	0.014	1.07320162236484e-18	WARS	c11
6.34644592999235e-23	-7.98238802136298	0	0.012	1.31790296182221e-18	IGLL5	c11
6.51071000947138e-23	-0.832671366420524	0.035	0.061	1.35201404056683e-18	CCNL1	c11
7.93474406773409e-23	-4.5188316596091	0	0.013	1.64772895310566e-18	LOC100509457	c11
1.05810932201106e-22	-0.294754117386441	0.233	0.282	2.19726981808817e-18	PFDN5	c11
1.30294705116805e-22	-5.08533443497694	0	0.012	2.70569984645557e-18	RNASE6	c11
1.31979267543558e-22	0.446199129332531	0.111	0.08	2.74068146980953e-18	ISG20	c11
2.30215517423493e-22	0.212575544953941	0.374	0.322	4.78065543481625e-18	RPL37A	c11
2.44013815015468e-22	-5.96879780336975	0	0.012	5.06719088261121e-18	MRC1	c11
2.51171942166659e-22	0.614884833773754	0.065	0.042	5.21583655103284e-18	TRAPPC1	c11
2.54159390542044e-22	-1.82255577107593	0.006	0.022	5.27787390399608e-18	KLF10	c11
3.09859169075043e-22	-0.221018109358138	0.599	0.614	6.43453550501234e-18	RPL12	c11
3.12695030609043e-22	1.47009447137995	0.012	0.004	6.49342500562738e-18	APOBEC3C	c11
4.11665948672284e-22	-0.5304155013474	0.08	0.115	8.54865509012865e-18	SLC25A6	c11
5.05948683800178e-22	-6.53194594284427	0	0.011	1.05065303677945e-17	PILRA	c11
5.06073509380802e-22	-5.61917368346003	0	0.011	1.05091224958017e-17	TGFBI	c11
5.12455701075014e-22	0.731443498922533	0.043	0.026	1.06416550885237e-17	RPS4Y1	c11
5.14498076631981e-22	-0.317326022246279	0.395	0.427	1.06840670593397e-17	RPS5	c11
5.1664691433253e-22	-5.91924330161404	0	0.011	1.07286898230293e-17	STAB1	c11
5.50733319991102e-22	0.532264839776884	0.083	0.058	1.14365281229352e-17	PSMA7	c11
6.51869480517084e-22	-2.27385856318046	0.004	0.018	1.35367216324178e-17	AP1S2	c11
6.58522021265072e-22	-3.91348461432112	0.001	0.013	1.36748682935905e-17	CCR6	c11
9.21033470309368e-22	-2.7184079322011	0.002	0.015	1.91261810444443e-17	CD4	c11
1.10714902310337e-21	-5.02855724327169	0	0.012	2.29910566137645e-17	IGSF6	c11
1.76181916473718e-21	-0.504956551427082	0.253	0.296	3.65859367749322e-17	HSPA1A	c11
1.79818170088646e-21	-0.191518898749634	0.875	0.83	3.73410412006082e-17	RPL39	c11
2.26805647117336e-21	-6.84129737143612	0	0.011	4.7098460680386e-17	CTSL	c11
3.0215104091852e-21	0.577791962055838	0.069	0.046	6.27446851571399e-17	ATPIF1	c11
5.42523743714031e-21	-2.00733192297567	0.004	0.018	1.12660480619656e-16	AQP3	c11
6.7500592347779e-21	-4.56747237647341	0	0.011	1.40171730069398e-16	FCGR2A	c11
8.06541409861206e-21	-1.53950023165499	0.008	0.024	1.67486389171778e-16	FGR	c11
1.10571970973625e-20	0.505479946148378	0.084	0.059	2.2961375492383e-16	CD53	c11
1.25846382767787e-20	-2.71369311732445	0.002	0.015	2.61332598455586e-16	IER5	c11
1.29346523524491e-20	-6.4454818520948	0	0.01	2.68600990750958e-16	FPR1	c11
1.88260391247547e-20	-5.48730202778942	0	0.011	3.90941528464655e-16	VPREB3	c11
2.20020248331438e-20	-1.02722367820287	0.022	0.043	4.56894047685063e-16	CAPG	c11
2.2455190211953e-20	-5.49415569883049	0	0.011	4.66304479941416e-16	ALDH2	c11
2.82578048140921e-20	0.693334282858296	0.04	0.024	5.86801574769436e-16	PLEK	c11
2.85525513882615e-20	-0.510578569664038	0.118	0.154	5.92922282128639e-16	CD37	c11
2.97841285631012e-20	0.596455512029733	0.06	0.04	6.18497213741359e-16	HNRNPF	c11
4.20663314908943e-20	-4.88645141535943	0	0.011	8.7354943973991e-16	CSF3R	c11
4.81572312361112e-20	0.492321448969117	0.087	0.062	1.00003306384908e-15	C19orf43	c11
4.96498593791711e-20	-1.77197408288166	0.006	0.02	1.03102897986787e-15	ATP2B1	c11
7.11306285682747e-20	-4.63290185404475	0	0.011	1.47709863284879e-15	NLRP3	c11
7.88718864353619e-20	-5.41907512104865	0	0.01	1.63785359371672e-15	RALGPS2	c11
7.9400358132947e-20	-0.707442595824367	0.054	0.081	1.64882783698878e-15	RHOB	c11
8.13745816203367e-20	0.514655869426149	0.075	0.052	1.68982456192791e-15	CD247	c11
8.82672893876997e-20	-0.437621704576836	0.152	0.19	1.83295853142497e-15	ITM2B	c11
1.23454490714771e-19	0.736603264884899	0.04	0.024	2.56365595418293e-15	TAP1	c11
1.2858861124002e-19	-0.672368398658466	0.045	0.071	2.67027110101026e-15	RPS17	c11
1.31888469149768e-19	0.409922233225616	0.122	0.093	2.73879595036408e-15	UQCRB	c11
1.40544032943466e-19	-1.93184095396041	0.005	0.018	2.91853738810402e-15	HLA-DMB	c11
1.51405007008063e-19	0.813104740181481	0.032	0.018	3.14407637552944e-15	TNFSF9	c11
2.05242507722076e-19	0.446818696214208	0.099	0.072	4.26206591535663e-15	COX6C	c11
2.39685510790375e-19	-4.87669402040127	0	0.01	4.97730931707293e-15	CTSZ	c11
2.58259374473056e-19	-0.302616856501142	0.291	0.333	5.36301417030747e-15	BTG1	c11
2.60912476053039e-19	-1.21100104689619	0.013	0.03	5.4181084777174e-15	AP2S1	c11
3.18534729916817e-19	-4.45324019171579	0	0.01	6.61469220145263e-15	FAM26F	c11
3.53445415609482e-19	-0.845502790836348	0.031	0.053	7.33964750054649e-15	HSPH1	c11
4.5769210537e-19	0.917160824851426	0.02	0.01	9.50443426011342e-15	MT1F	c11
4.68622927127514e-19	0.869608518135383	0.027	0.015	9.73142370472996e-15	RAB27A	c11
5.01463781765894e-19	-6.36850049471278	0	0.01	1.04133968921506e-14	LOC101927412	c11
5.13149355503932e-19	-5.33834903070432	0	0.01	1.06560595163947e-14	MARCH1	c11
6.05126969509787e-19	0.653991006824961	0.046	0.029	1.25660666488402e-14	CDK2AP2	c11
6.25569437508528e-19	-0.758742567685375	0.036	0.059	1.29905749393021e-14	SOCS1	c11
6.85090370566848e-19	-0.468079313861478	0.204	0.243	1.42265866351912e-14	HSPA1B	c11
8.57634677696121e-19	0.736373359430498	0.038	0.023	1.78096417170377e-14	SIT1	c11
8.58929634996454e-19	0.974813860381778	0.02	0.01	1.78365328003364e-14	KLRF1	c11
9.43987706031866e-19	-0.228626273515559	0.511	0.531	1.96028487034577e-14	RPL18	c11
1.07949186369915e-18	-0.903684854165069	0.024	0.044	2.24167280415765e-14	CSRNP1	c11
1.11636192234318e-18	0.709801034989886	0.04	0.024	2.31823716793784e-14	TERF2IP	c11
1.15272134244943e-18	0.355262460650886	0.153	0.12	2.39374113973049e-14	LIMD2	c11
1.15962043883618e-18	1.11761849943836	0.017	0.008	2.4080678032872e-14	CX3CR1	c11
1.17195320339986e-18	-3.91601446396534	0.001	0.011	2.43367802218014e-14	SMIM14	c11
1.2811727762362e-18	-3.30225277812269	0.001	0.011	2.66048338713209e-14	LILRB1	c11
1.6446089241527e-18	-0.681758472538595	0.04	0.064	3.41519489189549e-14	EIF3E	c11
1.64615282471091e-18	0.126916963764023	0.533	0.476	3.41840095579469e-14	RPLP2	c11
1.68158336687875e-18	-1.8601151785062	0.005	0.018	3.49197601966041e-14	CEBPD	c11
1.86523862564994e-18	-0.363444787324495	0.196	0.234	3.87335453002466e-14	SARAF	c11
2.33472638081799e-18	0.548198842834926	0.065	0.044	4.84829280240665e-14	CAP1	c11
2.66000312154977e-18	-0.531599182827961	0.048	0.073	5.52376248221026e-14	TUBA1B	c11
2.90398560136649e-18	-1.80990737531356	0.005	0.018	6.03041649979766e-14	IRF2BP2	c11
3.37908654734653e-18	-4.10289768665393	0	0.01	7.0170111242198e-14	GK	c11
4.51982402728424e-18	-4.44971884498127	0	0.01	9.38586657505846e-14	CLEC10A	c11
4.96166183547689e-18	0.35383639175742	0.129	0.099	1.03033869675513e-13	LCP1	c11
7.29410854718483e-18	-4.07024792668916	0	0.01	1.5146945809084e-13	CD300E	c11
7.73646561403664e-18	-0.901210963329786	0.023	0.042	1.60655444941085e-13	WSB1	c11
1.04152976905159e-17	1.1769028073771	0.014	0.006	2.16284071841253e-13	F2R	c11
1.20645343423179e-17	-1.21710509606121	0.012	0.027	2.50532120152574e-13	GNAI2	c11
1.23209522532659e-17	0.989207118221389	0.02	0.01	2.5585689449132e-13	HSPB11	c11
1.27564846952807e-17	0.782668769372759	0.031	0.018	2.649011611822e-13	IKZF3	c11
1.29117906808786e-17	0.370025839294018	0.126	0.097	2.68126245279126e-13	DAZAP2	c11
1.42773759210754e-17	-0.476326537107195	0.243	0.278	2.96483988377052e-13	CRIP1	c11
1.61205126742803e-17	1.35675083720755	0.01	0.004	3.34758566194104e-13	TGFBR3	c11
1.74619122487486e-17	-1.49838644628601	0.007	0.021	3.62614069757514e-13	NCF1	c11
2.39695106005993e-17	-1.29123191963325	0.012	0.027	4.97750857132046e-13	CTLA4	c11
2.96444868447884e-17	0.257543076515388	0.223	0.185	6.15597413818875e-13	TOMM7	c11
3.1252156210527e-17	0.4662134195394	0.083	0.06	6.48982275867804e-13	NDUFA3	c11
3.31027006510035e-17	-1.85110897607416	0.005	0.016	6.87410681718739e-13	KDM6B	c11
4.67382993782487e-17	-0.682182110115128	0.04	0.062	9.70567524888713e-13	ATF3	c11
4.82729774692505e-17	0.766463019836689	0.03	0.018	1.00243665012646e-12	SUPT3H	c11
7.11288566789926e-17	0.83301778021599	0.027	0.015	1.47706183779596e-12	UBE2L3	c11
8.44825070015844e-17	0.630226279605814	0.046	0.03	1.7543637403949e-12	LYST	c11
1.05704295077803e-16	-1.97379400901442	0.004	0.016	2.19505539158566e-12	MYC	c11
1.13060055503446e-16	-1.32733837274969	0.01	0.024	2.34780511258455e-12	ANKRD28	c11
1.52808461000832e-16	-1.81237963993433	0.005	0.016	3.17322050114328e-12	NCF1C	c11
1.85834328754282e-16	-3.38555645586274	0.001	0.01	3.85903567091141e-12	CUX1	c11
1.94268090661618e-16	-0.869561123337234	0.022	0.04	4.03417117067915e-12	HSPD1	c11
1.97937487781669e-16	-1.46985305703321	0.007	0.02	4.11036987127414e-12	IL6ST	c11
2.5278959522823e-16	-0.422397395356933	0.136	0.169	5.24942873450942e-12	LGALS1	c11
3.45517582506044e-16	0.59779721242967	0.047	0.031	7.17501811832051e-12	ARL4C	c11
4.42365914605802e-16	-0.355919605366067	0.104	0.077	9.18617058270409e-12	CCL3	c11
4.8501860149414e-16	-2.39672626229357	0.002	0.012	1.00718962786273e-11	AHR	c11
6.88447221999001e-16	-0.944289485400343	0.018	0.034	1.42962950120312e-11	FLT3LG	c11
7.37917795606416e-16	-0.948953646224052	0.018	0.034	1.53236009435628e-11	REL	c11
8.98679933799815e-16	-0.632759595760406	0.042	0.064	1.8661987505287e-11	PKM	c11
9.02130041289348e-16	-0.494136438371623	0.067	0.093	1.87336324374146e-11	SNHG8	c11
9.37593430519785e-16	-1.71978737026361	0.005	0.016	1.94700651781739e-11	GRINA	c11
1.00894696588617e-15	0.941260345097706	0.019	0.01	2.09517926935922e-11	PLEKHF1	c11
1.24799698830522e-15	0.745516374281039	0.031	0.019	2.59159054591461e-11	RAB1B	c11
1.30434962595158e-15	0.592881843937529	0.047	0.031	2.70861243325105e-11	SYTL3	c11
1.51414987905318e-15	-1.64274848777757	0.005	0.017	3.14428363884184e-11	PFKFB3	c11
2.05878803455139e-15	0.523667626518802	0.039	0.025	4.27527923254941e-11	CLIC3	c11
2.81613513517886e-15	0.418916993128067	0.081	0.06	5.84798622171242e-11	KRTCAP2	c11
3.01823567996324e-15	0.439300490152699	0.079	0.058	6.26766821301166e-11	TRMT112	c11
3.15205368629054e-15	-1.95097430231914	0.004	0.014	6.54555468495093e-11	PELI1	c11
3.20003995753449e-15	-1.23707123462819	0.01	0.023	6.64520297581611e-11	JMJD1C	c11
3.34384209895685e-15	0.743166399925551	0.029	0.017	6.9438225026938e-11	HLA-DRB5	c11
3.47400023524875e-15	0.514864341499967	0.059	0.041	7.21410888851755e-11	TAPBP	c11
3.66372645311064e-15	-1.74450685367373	0.004	0.015	7.60809435252956e-11	CECR1	c11
4.09095040799111e-15	0.787207672580322	0.028	0.017	8.49526761723433e-11	RASSF1	c11
4.5244895878486e-15	-0.419172372112819	0.202	0.235	9.3955550781264e-11	HSP90AA1	c11
5.22226855061586e-15	-2.41962580843789	0.002	0.011	1.08445628722089e-10	TNFRSF25	c11
5.98613817618126e-15	0.93473171301719	0.018	0.01	1.2430814536658e-10	STARD3NL	c11
6.29805713028462e-15	0.458847998266323	0.072	0.052	1.3078545436749e-10	CCND3	c11
6.66635927343741e-15	0.615119648987977	0.041	0.027	1.38433616672201e-10	CLEC2D	c11
6.70329352503527e-15	0.569024130704134	0.048	0.033	1.39200593340882e-10	ZAP70	c11
6.88519909275462e-15	0.744941459664074	0.029	0.017	1.42978044360142e-10	OPTN	c11
6.90209580950974e-15	-0.774331056213167	0.024	0.041	1.43328921580279e-10	EIF3L	c11
6.99143033660544e-15	-1.196239172963	0.01	0.023	1.45184042369949e-10	PRKCQ-AS1	c11
7.00195755928342e-15	0.433529710938286	0.074	0.054	1.45402650676079e-10	DBI	c11
8.63170301011088e-15	0.867047544790316	0.021	0.012	1.79245944707962e-10	SLA2	c11
8.88496358105785e-15	-0.240272721748825	0.635	0.621	1.84505153724247e-10	RPS3A	c11
9.32399991483639e-15	-2.29595804271221	0.002	0.011	1.93622182231492e-10	BLVRB	c11
1.02033934144517e-14	-1.38586879377133	0.007	0.019	2.11883667644504e-10	H2AFY	c11
1.03309853443298e-14	0.60999460801908	0.041	0.027	2.14533241660353e-10	GBP5	c11
1.04880517015572e-14	0.437740035944076	0.077	0.056	2.17794881634536e-10	NDUFA1	c11
1.14576448569785e-14	-1.04740101109447	0.016	0.03	2.37929453100016e-10	BRE-AS1	c11
1.4776822753604e-14	0.863261935058827	0.021	0.012	3.06855501301341e-10	TAP2	c11
1.48570274252074e-14	-0.913939016686511	0.026	0.043	3.08521031511857e-10	MTRNR2L2	c11
1.49077870163848e-14	-0.942981511565613	0.016	0.03	3.09575105182246e-10	CAST	c11
1.75157441146226e-14	0.571109638192207	0.046	0.031	3.63731942284253e-10	BUB3	c11
2.13541682118254e-14	-1.04091329941394	0.014	0.027	4.43440657086765e-10	TOB1	c11
2.19236468833351e-14	-0.173297808310841	0.454	0.489	4.55266451179336e-10	EIF1	c11
2.31274382898093e-14	-1.97830464050907	0.003	0.012	4.80264383526179e-10	LGALS9	c11
2.42094401283422e-14	-1.63284539400987	0.005	0.016	5.02733233705155e-10	NR4A3	c11
2.57087970478537e-14	-2.08554490912436	0.003	0.012	5.33868879495731e-10	PER1	c11
2.82984133498296e-14	0.400310495222807	0.089	0.068	5.87644851622561e-10	SSR2	c11
2.87917057179889e-14	0.702597673414155	0.031	0.019	5.97888560939758e-10	IL16	c11
3.33398712380328e-14	0.340025222422025	0.123	0.098	6.92335766128989e-10	SUMO2	c11
4.12733261011021e-14	0.604468804810803	0.04	0.026	8.57081889815486e-10	ARHGAP9	c11
5.33661261989976e-14	-2.06903501457201	0.003	0.012	1.10820097664838e-09	PGD	c11
5.48543687345095e-14	0.472317642680661	0.064	0.046	1.13910582114082e-09	CD48	c11
6.43051709526863e-14	-0.827454818158742	0.031	0.048	1.33536118000348e-09	RNA45S5	c11
6.50450832502695e-14	-0.588608585147524	0.041	0.062	1.3507261987751e-09	SAMSN1	c11
8.098119028487e-14	0.245453266210778	0.198	0.167	1.68165539745561e-09	ATP5L	c11
8.13151425187747e-14	-0.589689245768916	0.041	0.061	1.68859024954487e-09	KLF2	c11
8.31291894559913e-14	-0.726235653370306	0.028	0.046	1.72626074824312e-09	CHMP1B	c11
8.6832164755827e-14	1.24795398316924	0.01	0.004	1.8031567333195e-09	TTC38	c11
8.72210071747438e-14	0.979476239649935	0.016	0.008	1.81123143499073e-09	TARP	c11
8.82219160767304e-14	0.785600228044567	0.024	0.014	1.83201630924938e-09	CASP4	c11
1.05033651890851e-13	-1.73265415606266	0.005	0.015	2.18112881516542e-09	CD9	c11
1.17589777921638e-13	-1.37211920788931	0.007	0.018	2.44186932832074e-09	PTPRE	c11
1.24530274529126e-13	-2.10560878804375	0.003	0.011	2.58599568087183e-09	ICAM1	c11
1.32474812079286e-13	-1.05401282395436	0.011	0.024	2.75097194763846e-09	GRB2	c11
1.41157230517808e-13	0.36751424797445	0.099	0.077	2.9312710489328e-09	COX7A2	c11
1.52289505645945e-13	0.964841358738281	0.016	0.008	3.16244387424370e-09	NFATC2	c11
1.6812132135668e-13	0.53792820707748	0.048	0.033	3.49120735929281e-09	WDR1	c11
1.6965819110472e-13	0.603954035122315	0.038	0.025	3.52312199648062e-09	DHRS7	c11
1.75108023934944e-13	-1.95150558387215	0.004	0.013	3.63629322503306e-09	LIPA	c11
1.85573764579251e-13	-1.42571171170609	0.006	0.017	3.85362479525272e-09	ARL4A	c11
1.90086454916157e-13	0.421613048124486	0.078	0.059	3.94733532278891e-09	PRR13	c11
2.00837009362654e-13	-0.163936767703609	0.106	0.082	4.17058133642488e-09	SSR4	c11
2.14020551209756e-13	0.213685768928489	0.24	0.206	4.44435076642179e-09	HNRNPA1	c11
2.17723563975674e-13	-0.930842429177047	0.015	0.028	4.52124752951885e-09	TRAPPC5	c11
2.18491104919857e-13	-2.52393094978015	0.002	0.01	4.53718628476575e-09	SOX4	c11
2.22249535956584e-13	-1.6948313428178	0.004	0.014	4.61523386367443e-09	NAAA	c11
2.32814431781137e-13	-1.10983236941798	0.01	0.023	4.8346244903671e-09	TMEM173	c11
2.37505007563816e-13	0.721504178569866	0.027	0.016	4.93202898707021e-09	ITGAL	c11
2.60338762741653e-13	1.05641371163203	0.013	0.006	5.40619474709316e-09	RAB29	c11
2.62149261465861e-13	-1.37721257607777	0.007	0.017	5.44379156360008e-09	NINJ1	c11
2.7412836321604e-13	0.554834090638323	0.046	0.031	5.69254959054429e-09	ARL6IP1	c11
2.75851033719473e-13	-1.97076466807915	0.003	0.011	5.72832256621857e-09	NCF4	c11
3.05516110788686e-13	-0.301781143462234	0.385	0.407	6.34434755663786e-09	S100A4	c11
3.35461322222716e-13	0.875169279279189	0.019	0.01	6.96618981727693e-09	TOX	c11
3.43204892065964e-13	-0.511400492336268	0.049	0.07	7.12699278864181e-09	GNG5	c11
3.91779593653716e-13	-3.62170666325536	0.003	0.011	8.13569504181307e-09	MZB1	c11
4.13662933537522e-13	-0.435611717231914	0.071	0.094	8.59012447784019e-09	LEPROTL1	c11
4.17168438196092e-13	-1.96090341956288	0.003	0.011	8.66291978758005e-09	MFSD1	c11
4.91290337775095e-13	0.440682599453719	0.066	0.049	1.02021351542376e-08	CD97	c11
5.53730079535297e-13	-1.59261423115342	0.004	0.014	1.149875883163e-08	TCF7	c11
5.94765329142416e-13	-0.713854376146744	0.064	0.086	1.23508968249714e-08	CTSD	c11
6.92021441774759e-13	-1.20662996083957	0.009	0.021	1.43705172598947e-08	ID3	c11
7.07237461838371e-13	-0.41121195001005	0.077	0.101	1.46864931325356e-08	CD44	c11
8.34623567593478e-13	0.66545247565199	0.03	0.019	1.73317930046462e-08	AKNA	c11
8.46228498143386e-13	-1.05653501872419	0.015	0.028	1.75727809924456e-08	ZFAND2A	c11
8.5956281851797e-13	-0.684057231306229	0.028	0.044	1.78496814893442e-08	ANXA5	c11
8.9287883195434e-13	0.703270518849767	0.027	0.017	1.85415218243638e-08	GPI	c11
9.2805838802261e-13	0.562121056016371	0.041	0.027	1.92720604856775e-08	TC2N	c11
9.86545534788561e-13	-0.583126668316554	0.044	0.063	2.04866045754193e-08	ANXA2	c11
1.13717829733771e-12	0.454340320924519	0.062	0.045	2.3614644522515e-08	CD96	c11
1.16518659584295e-12	0.491942082591008	0.053	0.038	2.41962648492746e-08	ACAP1	c11
1.19421494991581e-12	1.1565541619853	0.01	0.005	2.47990676499517e-08	RAB37	c11
1.25466547773637e-12	-0.584415946049051	0.052	0.073	2.60543833106735e-08	ND6	c11
1.25554799213123e-12	-2.18056033671674	0.002	0.01	2.60727096045971e-08	ATP6V1B2	c11
1.42864277511447e-12	-1.13068940370111	0.01	0.022	2.96671958680272e-08	UGP2	c11
1.65374160031956e-12	-1.44862155962536	0.005	0.015	3.4341598072236e-08	HLA-DRB6	c11
1.66470807206914e-12	0.539224810909107	0.043	0.029	3.45693278245877e-08	RUNX3	c11
1.8917059008506e-12	-1.62910155838964	0.006	0.016	3.92831647370636e-08	PPP1R2P9	c11
2.33468031656466e-12	-0.568871402043486	0.038	0.056	4.84819714537817e-08	FKBP1A	c11
2.55857481167129e-12	0.705542087782787	0.026	0.016	5.3131364539166e-08	MYO1G	c11
2.66230455405428e-12	0.576863074272106	0.037	0.025	5.52854163694912e-08	CXCR3	c11
2.69045568258521e-12	-0.907598633502129	0.016	0.029	5.58700027045645e-08	LOC284454	c11
2.87762224499226e-12	-0.695515570974275	0.025	0.04	5.97567035395092e-08	SFPQ	c11
2.91660709042824e-12	-1.40284714465861	0.006	0.015	6.05662628398327e-08	LIMS1	c11
3.20534287558034e-12	-0.598861640626922	0.037	0.055	6.65621501543013e-08	PRDX1	c11
3.32266559581059e-12	-0.678733518532188	0.027	0.043	6.89984737626028e-08	TRA2B	c11
3.48623218218428e-12	-1.31136891754564	0.007	0.016	7.23950974952387e-08	FOSL2	c11
3.72556333075794e-12	-1.23914161499254	0.007	0.017	7.73650481265194e-08	SYPL1	c11
4.35791513485244e-12	0.794620331802036	0.02	0.012	9.04964656903458e-08	SRRT	c11
4.51033462960249e-12	-1.25931414355946	0.007	0.018	9.36616089183254e-08	UBE2J1	c11
4.58280781059203e-12	-0.414571557152413	0.072	0.094	9.5166586994754e-08	LDHB	c11
5.95004090759888e-12	-0.775742260276964	0.019	0.033	1.23558549487198e-07	NDFIP1	c11
6.64723880054851e-12	0.691584916291852	0.026	0.016	1.3803656093219e-07	PRKACB	c11
6.97654188153362e-12	0.434438583910422	0.061	0.045	1.44874868711927e-07	SEPW1	c11
7.02552230286675e-12	-0.716731125141584	0.022	0.037	1.45891996141331e-07	MYADM	c11
7.75805058920137e-12	-1.88506153563643	0.003	0.01	1.61103678535356e-07	RTKN2	c11
8.85845722688889e-12	-0.590378798604561	0.033	0.049	1.83954722773575e-07	RGS10	c11
1.08497960171903e-11	0.804309313390662	0.019	0.011	2.25306864092973e-07	ITGB7	c11
1.11881552904248e-11	-1.33914100063877	0.006	0.015	2.32333232760961e-07	PLEC	c11
1.163650572353e-11	-1.71662221835251	0.003	0.011	2.41643677854825e-07	SESN1	c11
1.36241085186597e-11	-0.898842082832041	0.014	0.026	2.82918237498487e-07	BHLHE40	c11
1.72086063461509e-11	0.591378437839905	0.034	0.023	3.57353919384169e-07	GLIPR2	c11
1.74889697249351e-11	-1.00436737671835	0.011	0.022	3.63175945308003e-07	DNAJB9	c11
1.85207028854704e-11	-0.767101316102623	0.021	0.035	3.84600916119678e-07	SNHG15	c11
1.87220868984237e-11	1.08031857615822	0.01	0.005	3.88782856532666e-07	ANKRD32	c11
1.94097342727572e-11	-1.77654268590155	0.004	0.011	4.03062541908077e-07	GADD45G	c11
2.0111787292146e-11	-1.10734538839694	0.01	0.021	4.17641374908704e-07	XIST	c11
2.24494367193942e-11	0.671648539676541	0.027	0.017	4.6618500291494e-07	PSMA5	c11
2.30693243816803e-11	0.573319574920876	0.037	0.025	4.79057590109973e-07	IFI27L2	c11
2.37243478176299e-11	-0.145532875017361	0.493	0.523	4.92659806780903e-07	PTMA	c11
2.53007517132592e-11	0.726554836232339	0.022	0.014	5.2539541007754e-07	POLR3GL	c11
2.56747343395328e-11	-0.473114440262005	0.049	0.068	5.33161533294739e-07	STK17B	c11
2.59821691990439e-11	-0.982336568641598	0.011	0.021	5.39545725587346e-07	DDX21	c11
2.60044388935731e-11	-0.686142208524652	0.023	0.037	5.40008178063938e-07	EVI2B	c11
2.89958098962644e-11	0.842149025812949	0.017	0.009	6.02126988305827e-07	NUCB2	c11
2.91769096230162e-11	0.691135675008843	0.025	0.015	6.05887705231555e-07	SCP2	c11
3.32046623106488e-11	-1.28555158049171	0.008	0.017	6.89528017542932e-07	LOC101928173	c11
3.36075899942747e-11	0.446433183684391	0.055	0.04	6.97895213821109e-07	LCP2	c11
3.70127740467226e-11	-0.975712713398487	0.011	0.022	7.68607265854242e-07	FOXP1	c11
3.8272128425387e-11	1.08313309251593	0.01	0.005	7.94759018881586e-07	TNIP3	c11
3.93790707692591e-11	0.634844807873915	0.029	0.019	8.17745783594435e-07	SIRPG	c11
4.09203454109801e-11	0.421213529553741	0.064	0.048	8.49751892804413e-07	ARF1	c11
4.60163643450886e-11	-1.03358406034652	0.009	0.019	9.55575821990111e-07	SPRY1	c11
4.97214496980162e-11	-1.89801478055412	0.002	0.01	1.032515624429e-06	MAN2B1	c11
6.09122567981063e-11	-0.545914282267735	0.041	0.058	1.26490392466947e-06	SQSTM1	c11
6.24870640046917e-11	-0.695254358519668	0.023	0.037	1.29760637112143e-06	HNRNPU	c11
7.00901694339878e-11	0.409227387079537	0.066	0.05	1.45549245846619e-06	DRAP1	c11
7.62335479927347e-11	-0.807336752959009	0.016	0.028	1.58306585761713e-06	PGLS	c11
9.65359489892323e-11	-0.634593076363632	0.026	0.041	2.0046655167104e-06	DDX3X	c11
1.07984202934553e-10	-0.36391782516583	0.08	0.101	2.24239995813894e-06	YBX1	c11
1.12534909032182e-10	-0.709707985961644	0.021	0.034	2.33689992096229e-06	SLC38A2	c11
1.13778039052791e-10	0.447206229848548	0.053	0.039	2.36271475897026e-06	NDUFB8	c11
1.435622646331e-10	0.8827723213175	0.014	0.008	2.98121398737096e-06	HAVCR2	c11
1.66974644144646e-10	-0.918649933805332	0.012	0.022	3.46739546030772e-06	ATF4	c11
1.87554677699992e-10	0.805317173408181	0.017	0.01	3.89476043711804e-06	PITPNC1	c11
2.12372226152707e-10	-1.30805055157037	0.006	0.014	4.41012164828712e-06	PASK	c11
2.15145913156542e-10	0.813509876300445	0.016	0.009	4.46772003260875e-06	ITGB1BP1	c11
2.32801761558438e-10	-1.10765843504577	0.008	0.017	4.83436138052253e-06	EIF4A3	c11
2.52995187629091e-10	0.875471119375321	0.014	0.008	5.2536980663057e-06	HDAC1	c11
2.68869067773346e-10	-0.904316724784164	0.012	0.022	5.58333506138129e-06	CD82	c11
2.7260870948111e-10	-0.672796991772249	0.021	0.034	5.66099246108473e-06	PYCARD	c11
3.16932934404328e-10	0.807303224998091	0.016	0.009	6.58142931584027e-06	LOC643733	c11
3.27696005630986e-10	-1.16368558274929	0.007	0.015	6.80493525293306e-06	HSBP1	c11
3.39018360316242e-10	-1.26100685558763	0.006	0.014	7.04005527032709e-06	BNIP3L	c11
3.48059706145669e-10	0.312658770293154	0.097	0.078	7.22780785782096e-06	SKP1	c11
3.56215378743153e-10	0.88693303600588	0.013	0.007	7.39716855498031e-06	GRAP2	c11
3.66952425728381e-10	-0.401300244545955	0.064	0.083	7.62013407267556e-06	TUBA1A	c11
3.78437828659189e-10	0.387945477214816	0.065	0.05	7.85863994993672e-06	C9orf16	c11
4.16109913426622e-10	0.378655159213923	0.066	0.051	8.64093846221723e-06	KIAA1551	c11
4.18689005385341e-10	-0.892412687162977	0.012	0.022	8.69449588583199e-06	TTC39C	c11
4.26388338184484e-10	-0.900723824103906	0.012	0.022	8.854380230739e-06	PBXIP1	c11
4.29290899962177e-10	-1.14776255205963	0.009	0.018	8.91465482861457e-06	INSIG1	c11
5.33150363620966e-10	-0.907104475237016	0.011	0.021	1.1071400450953e-05	RORA	c11
5.37296243093382e-10	0.613163716734428	0.027	0.018	1.11574937840772e-05	RBL2	c11
5.45732516914444e-10	0.524460914049024	0.037	0.026	1.13326814462453e-05	CBLB	c11
5.51786395001678e-10	-0.661873746659489	0.022	0.035	1.14583962786048e-05	LRRFIP1	c11
5.56700795296823e-10	-1.5009769646865	0.004	0.011	1.15604487151338e-05	CAPNS1	c11
5.6935355320662e-10	0.37005279444552	0.069	0.053	1.18231958858887e-05	ACTR3	c11
6.24646505756312e-10	-1.10684368887898	0.008	0.016	1.29714093385356e-05	ATOX1	c11
6.32280239367951e-10	-1.76958431821649	0.003	0.01	1.31299314507149e-05	BAG3	c11
7.1910188782042e-10	-0.189089661233538	0.593	0.583	1.49328698024788e-05	RPL36	c11
7.93971837426668e-10	0.820951130200863	0.015	0.009	1.64876191760022e-05	ARHGAP25	c11
8.09563651237153e-10	0.47456188750132	0.042	0.03	1.68113987815907e-05	RALY	c11
8.33989883860333e-10	0.750070215672639	0.018	0.01	1.73186339282437e-05	C6orf1	c11
9.07536186150739e-10	-0.634704092532522	0.023	0.035	1.88458964416063e-05	PIK3IP1	c11
9.12194224199581e-10	-0.824586810763383	0.013	0.024	1.89426252597285e-05	EIF2S3	c11
9.31109799499424e-10	-1.16231737446872	0.006	0.015	1.9335426096405e-05	LOH12CR1	c11
9.45821231101967e-10	0.465954100269465	0.045	0.033	1.96409236850634e-05	TRAF3IP3	c11
9.86383113404739e-10	-0.47032198046925	0.045	0.061	2.04832317329628e-05	YPEL5	c11
1.01926592749662e-09	-0.765546078411239	0.016	0.027	2.11660762503949e-05	TALDO1	c11
1.09682661314415e-09	0.144398640324967	0.304	0.273	2.27767014485514e-05	RPL27	c11
1.62207164326125e-09	-1.57229186843622	0.003	0.01	3.36839397439631e-05	PPIF	c11
1.69588268018002e-09	0.195989302265345	0.159	0.135	3.52166997366182e-05	EMP3	c11
1.72605463821658e-09	-1.31088503525336	0.005	0.012	3.58432506172055e-05	SNORD3A	c11
1.9769284430855e-09	-0.972597992331711	0.009	0.018	4.10528960491134e-05	RILPL2	c11
2.22413379201152e-09	-1.30789553141862	0.005	0.012	4.61863623249113e-05	JARID2	c11
2.45942634413173e-09	0.340826772189395	0.077	0.06	5.10724474622395e-05	UQCR10	c11
2.58428927689372e-09	0.279767174753727	0.102	0.083	5.36653511239751e-05	GMFG	c11
2.59791416387311e-09	-0.533652931231128	0.029	0.042	5.3948285526989e-05	RHOG	c11
2.76193374884594e-09	0.579373673161406	0.029	0.019	5.73543162285349e-05	RHOF	c11
2.87423092443658e-09	0.958328051779606	0.01	0.005	5.968627937685e-05	APOBEC3H	c11
3.25148254680538e-09	-1.26154703570735	0.005	0.012	6.75202865669604e-05	TPP1	c11
3.25858581862654e-09	0.569618879552547	0.028	0.019	6.76677931095987e-05	RBCK1	c11
3.61702297149456e-09	0.392922910025743	0.055	0.042	7.51110990260561e-05	SH2D2A	c11
3.62025483082322e-09	-0.444225247251704	0.117	0.139	7.5178211816875e-05	ANXA1	c11
3.67199687816891e-09	0.747927068399261	0.017	0.01	7.62526871720556e-05	CDC25B	c11
4.29689483022585e-09	0.552468432902126	0.03	0.021	8.92293180444699e-05	SH3KBP1	c11
4.47078675659972e-09	-1.15876363478123	0.006	0.013	9.28403577875498e-05	DGKA	c11
4.86636752124253e-09	-1.4046194237066	0.004	0.011	0.000101054987946122	VMP1	c11
4.88028444320067e-09	-0.810652212927553	0.013	0.023	0.000101343986747505	CEBPB	c11
4.95898253890687e-09	-1.00108446612918	0.009	0.017	0.00010297823140294	PECAM1	c11
5.62188864907258e-09	-0.515327529383953	0.034	0.048	0.000116744139686641	PRDM1	c11
5.64737927166003e-09	0.963909084042905	0.01	0.005	0.000117273477955292	TRPV2	c11
6.26921074008646e-09	-0.502350388842069	0.064	0.082	0.000130186430228635	CITED2	c11
6.40210305976665e-09	-1.23857545863951	0.005	0.012	0.000132946072139114	LPAR6	c11
6.58868518526692e-09	-1.45712715585738	0.004	0.01	0.000136820636557253	NABP1	c11
7.38891248007634e-09	-1.35380500188707	0.005	0.011	0.000153438156561265	OSM	c11
7.95386769258142e-09	0.438138964190875	0.045	0.033	0.000165170016504146	SHFM1	c11
8.14720027765999e-09	-0.707832807709313	0.017	0.027	0.000169184760965887	RBPJ	c11
9.38928346904477e-09	0.2370765959129	0.136	0.115	0.000194977860518184	UQCR11	c11
9.50195754505586e-09	-1.10150281658463	0.006	0.014	0.00019731765038063	GPCPD1	c11
1.00909578651472e-08	0.932470619788365	0.01	0.005	0.000209548831027647	FASLG	c11
1.22034112293712e-08	0.493699465322484	0.036	0.025	0.000253416037589123	BSG	c11
1.37910466765589e-08	0.635878443832652	0.021	0.013	0.000286384875285423	ACTN4	c11
1.58082994724166e-08	0.807280905214051	0.013	0.008	0.000328275146844203	GIMAP6	c11
1.65936013569615e-08	0.612168937858949	0.022	0.014	0.000344582725778662	C20orf24	c11
1.77535848566104e-08	-1.26662886839197	0.005	0.011	0.000368670943132372	GLA	c11
1.78026181318144e-08	-0.147025549548422	0.09	0.072	0.000369689168125259	LOC100996809	c11
1.81388005428964e-08	-1.22986265935377	0.005	0.011	0.000376670332073787	CRTAP	c11
1.89625855011063e-08	0.561582636513616	0.027	0.019	0.000393777050515972	C19orf66	c11
1.98438077032679e-08	-0.756902789617248	0.014	0.024	0.000412076510766061	IFNGR1	c11
2.06787685698498e-08	-0.161508347402678	0.569	0.565	0.000429415308121501	RPL29	c11
2.07555571656576e-08	-0.790815004738626	0.013	0.022	0.000431009900102045	H1FX	c11
2.14503937563512e-08	-1.02603725129317	0.007	0.014	0.000445438876744389	MARCKSL1	c11
2.31153030297217e-08	0.51073645587729	0.032	0.023	0.000480012382715201	AIP	c11
2.32881632394905e-08	0.462497159288386	0.038	0.027	0.00048360199783126	REEP5	c11
2.33500344916059e-08	-0.742682861079782	0.014	0.023	0.000484886816252688	RPS10	c11
2.46316863914355e-08	0.580110158917953	0.025	0.017	0.000511501599604549	CISH	c11
2.60376238565346e-08	-0.491863449818188	0.037	0.051	0.000540697297004798	ZNF331	c11
2.60618532119847e-08	-0.930908679265038	0.009	0.017	0.000541200443800074	PAG1	c11
2.64068207055663e-08	-0.72936310970211	0.014	0.024	0.00054836403877179	LAPTM4A	c11
2.7220072079146e-08	0.540983675333749	0.028	0.019	0.000565252016795545	SF3B2	c11
2.72739786764947e-08	-0.405123681163056	0.05	0.066	0.00056637144119609	RPS18P9	c11
2.76390008605859e-08	0.102766999734819	0.344	0.312	0.000573951491870926	SERF2	c11
2.79397679775317e-08	0.713129830115753	0.016	0.01	0.000580197221821424	TBCD	c11
2.82875559198551e-08	-0.333466200508242	0.081	0.1	0.000587419386231711	DNAJA1	c11
3.0263844613324e-08	0.498941781896741	0.032	0.023	0.000628458997240287	MEAF6	c11
3.11075607917746e-08	-1.22414697342328	0.005	0.011	0.00064597960740199	LAP3	c11
3.17565314155095e-08	0.522916463527852	0.029	0.02	0.000659456131374471	ENSA	c11
3.18808802541769e-08	-0.877393169938036	0.011	0.02	0.000662038359358238	SSR3	c11
3.291494211261e-08	0.27916046362128	0.093	0.076	0.000683511687910459	RBM3	c11
3.46025063166982e-08	0.477705709778887	0.022	0.015	0.000718555646172555	SPON2	c11
3.58023215076835e-08	0.608182780705478	0.022	0.014	0.000743471008428556	DNAJC8	c11
3.58510201109159e-08	0.167828898060933	0.224	0.2	0.000744482283623279	DDX5	c11
3.65248989380488e-08	-0.324024274475692	0.475	0.494	0.000758476051347522	CYTB	c11
3.68416110176541e-08	0.703381533819686	0.016	0.01	0.000765052894392604	MRPL10	c11
3.96424658080967e-08	0.589885445804487	0.023	0.016	0.000823215444970936	NDUFA12	c11
4.15270455007652e-08	-0.72490374746735	0.014	0.023	0.00086235062686889	RCSD1	c11
4.36230587826076e-08	0.762275222873255	0.014	0.008	0.00090587643867963	TMEM109	c11
4.56578523630167e-08	-1.35413557635723	0.004	0.01	0.000948130962170405	SLAMF1	c11
4.74685659128075e-08	-0.298417995701821	0.304	0.327	0.000985732239745361	DNAJB1	c11
4.92365846374309e-08	-0.299869675740867	0.091	0.11	0.00102244691658089	RPL17	c11
5.12638652466105e-08	0.373181560501988	0.054	0.041	0.00106454542571111	PDCD4	c11
5.23087799801134e-08	0.336299050217965	0.057	0.044	0.00108624412506703	TIGIT	c11
5.4957374034722e-08	-0.879907306573523	0.01	0.018	0.00114124482920504	MAT2A	c11
5.52022339915866e-08	0.784122834084317	0.013	0.008	0.00114632959106929	RPA2	c11
5.63014764464368e-08	-0.193806112573216	0.433	0.443	0.00116915645988671	RPL5	c11
6.1016014335048e-08	-0.986467539069305	0.007	0.015	0.00126705855368161	MTHFD2	c11
6.19462310727482e-08	-0.310774948382978	0.088	0.107	0.00128637543445669	NR4A2	c11
6.76059137959901e-08	-0.791935683792264	0.011	0.02	0.00140390440588753	USP15	c11
7.0973509950184e-08	-0.609218280241281	0.02	0.031	0.00147383590762552	SERPINB1	c11
7.50477559189249e-08	-1.19017332041434	0.005	0.011	0.0015584416994124	SNX2	c11
7.54789438839868e-08	0.270521898477746	0.098	0.081	0.00156739574869487	EDF1	c11
7.60130817505713e-08	-0.792526374321526	0.011	0.019	0.00157848765563236	ATP1A1	c11
8.25347245415289e-08	-0.745408785444639	0.013	0.022	0.00171391608982939	DNPH1	c11
8.45985099232965e-08	-0.520504891151728	0.027	0.039	0.00175677265706717	DDIT3	c11
8.79910449049033e-08	-0.491739477440287	0.029	0.041	0.00182722203849522	GLIPR1	c11
9.2840130610832e-08	0.7653476479203	0.013	0.008	0.00192791815226454	METTL23	c11
1.02876119425089e-07	0.575638494326848	0.023	0.015	0.00213632549598139	HMOX2	c11
1.12393310098448e-07	-0.886786972113	0.011	0.019	0.00233395947750437	PPA1	c11
1.15635625577666e-07	0.359001172910249	0.052	0.04	0.0024012894007458	ARHGEF1	c11
1.16984706183779e-07	-0.569189634885343	0.021	0.032	0.00242930440861236	ARHGAP15	c11
1.23109372790315e-07	-0.411600051049301	0.04	0.053	0.00255648923536367	SF1	c11
1.24758284957148e-07	-0.593490794199342	0.019	0.029	0.00259073054542014	GDI2	c11
1.24871485600695e-07	-0.634901622841661	0.017	0.027	0.00259308126998404	SMCHD1	c11
1.28991746043107e-07	-0.612756082285303	0.019	0.029	0.00267864259833115	TCIRG1	c11
1.32074734990272e-07	0.158643235666963	0.217	0.193	0.00274266394680799	BTF3	c11
1.33713203915917e-07	-0.77421950497942	0.011	0.019	0.00277668839251794	CAMK4	c11
1.37525556233091e-07	-0.365218176147667	0.073	0.09	0.00285585570073637	HSPE1	c11
1.40491526110381e-07	0.619998843129222	0.02	0.013	0.00291744703120818	PPP3CC	c11
1.45046482817259e-07	0.715138135883167	0.014	0.009	0.00301203526218321	SSB	c11
1.45440773913575e-07	-0.818699175679013	0.01	0.018	0.0030202231110893	TGIF1	c11
1.53415113793707e-07	-0.24690770522589	0.117	0.137	0.00318581825304013	PNRC1	c11
1.556698284937e-07	-0.642622116270005	0.017	0.027	0.00323263965850017	UPP1	c11
1.57222277647242e-07	-0.791787784223636	0.011	0.018	0.00326487781762263	TMEM243	c11
1.57340601785591e-07	-0.648511412184997	0.016	0.025	0.00326733493667958	AMICA1	c11
1.59740593476709e-07	0.681124847826794	0.016	0.01	0.00331717316413734	CCT7	c11
1.79738557153058e-07	-1.10501497014793	0.005	0.011	0.00373245087784041	DPYD	c11
1.86657877955769e-07	-0.617529026025456	0.018	0.027	0.00387613749362949	SAMHD1	c11
1.89868592332385e-07	0.345400989685772	0.059	0.046	0.0039428111883743	ZNF683	c11
1.97068644136915e-07	0.425307251972001	0.039	0.029	0.00409232746414718	FKBP8	c11
1.97940446739749e-07	-1.01770483103003	0.006	0.013	0.00411043131699763	TMEM167A	c11
2.01938383794088e-07	0.501089530288841	0.028	0.02	0.00419345247786804	EWSR1	c11
2.17285739557582e-07	-0.960016006275459	0.007	0.014	0.00451215566765274	MIDN	c11
2.29857454390775e-07	0.300944071320476	0.073	0.059	0.00477321989787883	ARL6IP5	c11
2.32177724790967e-07	0.708133324160471	0.014	0.009	0.00482140263300922	SLFN5	c11
2.67787842794389e-07	0.46658085764708	0.032	0.023	0.00556088234346828	DOK2	c11
2.75131935409016e-07	0.810704245388102	0.011	0.006	0.00571338977070362	LOC100130872	c11
3.18225278952612e-07	-0.738103911288875	0.011	0.019	0.00660826614272994	GLRX	c11
3.31776024698199e-07	-0.687587167933951	0.014	0.022	0.0068896609288828	HNRNPH1	c11
3.41675362492846e-07	-0.702599765000605	0.013	0.021	0.00709523057752643	SELM	c11
3.64548327218724e-07	0.290381600485474	0.068	0.055	0.00757021056302402	IRF1	c11
3.7191471611802e-07	0.543660728516353	0.023	0.016	0.00772318099490681	PTPN7	c11
3.73393652066504e-07	0.781105291102502	0.011	0.007	0.00775389257881302	CIAO1	c11
3.81973627267898e-07	0.289721364705535	0.078	0.064	0.00793206434384517	USMG5	c11
4.01784757464575e-07	0.717471188739807	0.012	0.007	0.00834346227350937	LAIR2	c11
4.05757924487797e-07	-0.145595898526051	0.777	0.737	0.0084259690599136	RPL34	c11
4.21456490914246e-07	-0.402274336125081	0.041	0.053	0.00875196549032523	GAS5	c11
4.24827440839996e-07	-0.261537618914491	0.049	0.038	0.00882196663648336	MT1X	c11
4.55148236249116e-07	0.16268063909643	0.187	0.166	0.00945160827394914	RPL31	c11
4.57953903687553e-07	0.349754870606966	0.051	0.04	0.00950987076397574	CALM3	c11
4.71595634183752e-07	-0.805092030112623	0.013	0.02	0.00979315493945978	TMEM107	c11
4.71609558178176e-07	-0.866655877175592	0.008	0.015	0.00979344408512801	PRNP	c11
4.85263423709707e-07	-0.419930486757976	0.036	0.048	0.0100769802567558	RPSAP58	c11
5.76572231721836e-07	0.536114741827991	0.023	0.016	0.0119730989639356	MED10	c11
6.25101701446852e-07	0.130370230181646	0.019	0.013	0.0129808619322453	MT1E	c11
6.70133335223574e-07	-0.156622788174867	0.736	0.693	0.0139159888392527	RPL18A	c11
6.84203818229502e-07	0.349646481396406	0.051	0.04	0.0142081764893538	ICAM3	c11
6.96516078317676e-07	0.404494121091962	0.041	0.032	0.0144638528823449	SELPLG	c11
7.04948267265329e-07	0.407097623635899	0.039	0.029	0.0146389557180318	SRP9	c11
7.09130605490624e-07	-0.473797490585653	0.027	0.037	0.0147258061536183	EIF5	c11
7.46967786829307e-07	0.820623207698964	0.01	0.006	0.0155115330612974	HCP5	c11
7.95799086643476e-07	-0.55307355715655	0.021	0.03	0.0165255638332384	TPM4	c11
8.05372700098585e-07	-1.14616332893623	0.004	0.01	0.0167243694902472	BID	c11
8.18628007474547e-07	-0.623825165928304	0.016	0.024	0.0169996292032164	G3BP2	c11
8.28496816919438e-07	-0.526756120049308	0.022	0.031	0.017204564900149	AKAP13	c11
8.31467624997918e-07	-0.489655527562395	0.026	0.036	0.0172662567007068	PMAIP1	c11
8.98284084392415e-07	-0.207444578068094	0.152	0.173	0.0186537672964929	RPS11	c11
9.02554878273466e-07	-0.716472981756933	0.011	0.018	0.0187424546022268	PDE4D	c11
9.30785128119919e-07	-0.38305832371087	0.04	0.052	0.0193286839705382	RPS14P3	c11
9.35444468633774e-07	0.40135639615026	0.04	0.03	0.019425439835649	C11orf58	c11
9.49317486530196e-07	0.503274718323951	0.026	0.019	0.0197135269252861	MFSD10	c11
1.02778091061451e-06	0.458839383901589	0.028	0.02	0.0213428983898209	ANXA2R	c11
1.03547958764961e-06	0.429706520055491	0.034	0.025	0.0215027691171317	BZW1	c11
1.10010605989331e-06	-0.954217971636448	0.006	0.012	0.0228448024397445	DUSP5	c11
1.10047807481951e-06	0.529644745125148	0.023	0.016	0.022852527701702	POLR2G	c11
1.12501255158908e-06	0.543870903705695	0.022	0.015	0.0233620106462988	DCTN3	c11
1.1651281034826e-06	0.70756933078312	0.013	0.008	0.0241950501969197	BTN3A1	c11
1.18478391721334e-06	0.360712234599738	0.046	0.036	0.0246032228248521	LBH	c11
1.19212524827228e-06	0.51324767503334	0.023	0.016	0.0247556729056223	HERPUD2	c11
1.24327920012621e-06	-0.930908679265039	0.007	0.013	0.0258179358698208	LOC101929910	c11
1.34834056560077e-06	-0.538335618133365	0.02	0.029	0.0279996401852657	RNF149	c11
1.35785690192033e-06	0.385681417350477	0.041	0.031	0.0281972564252776	MATR3	c11
1.53799418256314e-06	-1.07186519256907	0.005	0.01	0.0319379871951062	NCOA4	c11
1.72656640471212e-06	-0.964856011188376	0.006	0.011	0.0358538779602519	SORL1	c11
1.91177769050144e-06	-0.33382716388319	0.052	0.065	0.0396999755209528	RPL21P28	c11
2.09268104517896e-06	-0.420231450169189	0.032	0.043	0.0434566145841864	ANP32B	c11
2.11204857162063e-06	-0.574641251711994	0.016	0.025	0.043858800638274	RAC1	c11
2.12404904405634e-06	-0.454849580675007	0.029	0.039	0.0441080024488739	CORO1B	c11
2.19777192372609e-06	0.74605344330323	0.011	0.007	0.0456389317680961	TINF2	c11
2.22697200746493e-06	-0.589063302433814	0.016	0.024	0.0462453007070168	GNAS	c11
2.3723194812583e-06	-0.140259114923544	0.348	0.369	0.0492635863478098	NACA	c11
2.43797222306671e-06	-0.473284828888106	0.025	0.035	0.0506269311842034	SNHG5	c11
2.60957430257162e-06	0.231677009284968	0.097	0.083	0.0541904199672022	COX6A1	c11
2.62176009044028e-06	0.294654071087339	0.064	0.052	0.0544434700380828	ATP5G3	c11
2.96787126869986e-06	-0.494169796529143	0.023	0.033	0.0616308147658212	ITK	c11
3.18905306042624e-06	0.753549218201355	0.01	0.006	0.0662238758528112	DAXX	c11
3.34801418673702e-06	-0.566791822891777	0.018	0.026	0.0695248626017811	MAP3K8	c11
3.44956812685888e-06	-0.800462667463953	0.009	0.015	0.0716337317223515	RAPGEF6	c11
3.49694769395255e-06	0.348905109771644	0.045	0.035	0.0726176158126187	GTF3A	c11
3.58373469886214e-06	-0.640011574382135	0.013	0.02	0.0744198347565711	RSL1D1	c11
3.70756765407361e-06	0.318912230597055	0.057	0.046	0.0769913499044927	C4orf3	c11
3.9267573963262e-06	0.623029057626718	0.015	0.01	0.0815430440921098	RNF125	c11
4.10568347818745e-06	-0.531455980183456	0.019	0.027	0.0852586231080406	TMEM219	c11
4.17274716778699e-06	-0.498610401630482	0.023	0.033	0.0866512676862647	SNHG9	c11
4.29535236037217e-06	0.522282276284922	0.02	0.014	0.0891972871154885	TSC22D4	c11
4.34251376586396e-06	-0.376526139797573	0.034	0.044	0.090176640861931	PRELID1	c11
4.39127682892909e-06	0.240037608860673	0.069	0.057	0.0911892546295416	SAP18	c11
4.44457718311864e-06	-0.555404292887201	0.017	0.025	0.0922960897846418	PAK2	c11
4.68676098397269e-06	-1.01413396829834	0.005	0.01	0.0973252785931768	PHTF2	c11
4.80728045236267e-06	-0.838196487016879	0.007	0.013	0.0998279858737631	RBMS1	c11
4.86460101169466e-06	0.38147718393707	0.038	0.029	0.101018304608851	PSMB3	c11
4.88026583166196e-06	-0.631037505250873	0.012	0.019	0.101343600260292	AGTRAP	c11
5.02266811019464e-06	0.260187611581872	0.074	0.061	0.104300725976302	HIGD2A	c11
5.07144079056483e-06	-0.979908080563971	0.006	0.011	0.105313539456869	PLD3	c11
5.50079787615682e-06	-0.846455843364631	0.007	0.012	0.114229568696273	TMEM14C	c11
5.55157409885233e-06	0.768122019288628	0.01	0.006	0.115283987736767	HIST2H2BC	c11
5.83165891471576e-06	-0.57615230894867	0.015	0.023	0.121100229022987	RNH1	c11
5.96551841765302e-06	-0.437938513548629	0.055	0.067	0.123879955460983	TNF	c11
6.22982277740092e-06	0.570283687429415	0.017	0.011	0.129368499795508	GOLGA7	c11
6.31561426581287e-06	0.39636589767488	0.035	0.026	0.13115004584387	FAM49B	c11
6.33097878798138e-06	0.698318973305356	0.011	0.007	0.131469105511221	P2RY8	c11
6.43177184074834e-06	-0.7777532968247	0.008	0.014	0.13356217404498	YWHAH	c11
6.71232972580049e-06	0.468019546470448	0.023	0.016	0.139388239085973	NCR3	c11
6.93122141571912e-06	-0.374179211131128	0.035	0.045	0.143933743918823	NME2	c11
7.2556734461406e-06	-0.37765350151191	0.041	0.052	0.150671314782556	KMT2E-AS1	c11
7.74921724974176e-06	-0.815700847531794	0.007	0.013	0.160920245408137	CNIH1	c11
7.77826749688229e-06	-0.863031663790649	0.006	0.012	0.161523502840258	TLE4	c11
7.82937458618629e-06	0.265183572370308	0.07	0.058	0.162584792656744	EIF3G	c11
7.83694861112359e-06	-0.302599855142406	0.086	0.101	0.162742074858592	GSTP1	c11
7.92174207462755e-06	-0.710622463364484	0.01	0.016	0.164502895921716	PIM3	c11
8.14215349516798e-06	-0.55934535948158	0.016	0.024	0.169079959480658	AIM1	c11
8.56118713444668e-06	-0.321815892609653	0.046	0.057	0.17778161203392	LAMTOR4	c11
8.72036972835768e-06	-0.548688900793991	0.016	0.024	0.181087197779076	PRKAR1A	c11
8.74916841415143e-06	0.403000075490403	0.031	0.023	0.181685231288269	PTPN22	c11
9.09451633258572e-06	-0.430659033483891	0.029	0.039	0.188856726162475	TSPYL2	c11
9.24477518163855e-06	0.541816827230111	0.018	0.013	0.191977001421906	FAM195B	c11
9.33699095683813e-06	-0.488001051277356	0.02	0.029	0.193891954209701	CNPY3	c11
9.79843735319273e-06	0.618343560954302	0.014	0.009	0.2034743500764	MIB2	c11
9.86393525144188e-06	-0.802900383913889	0.007	0.013	0.204834479431442	ADRBK1	c11
9.89528021536762e-06	0.576178930759797	0.016	0.011	0.205485388952324	PUF60	c11
9.93016013095353e-06	0.290597491494868	0.057	0.046	0.206209705279381	MYH9	c11
1.0429640473573e-05	0.357501189035391	0.041	0.033	0.216581914074216	NDUFB4	c11
1.06001017078148e-05	0.349027070342089	0.041	0.033	0.220121712064482	PAIP2	c11
1.1009779213561e-05	-0.697594971551244	0.009	0.015	0.228629075148808	LENG8	c11
1.11521095334335e-05	-0.377805632743266	0.034	0.044	0.231584706571281	EIF4G2	c11
1.11623926162126e-05	-0.803392588494259	0.007	0.013	0.23179824506827	PLSCR1	c11
1.1516387683534e-05	0.348302050489521	0.041	0.032	0.239149306636267	PSMB1	c11
1.15283578487205e-05	-0.523378162539771	0.017	0.025	0.23939787908653	MZT2A	c11
1.18080200127947e-05	0.416022754196195	0.031	0.023	0.245205343585695	WAS	c11
1.21705952728433e-05	0.534201895967176	0.019	0.013	0.252734581435864	LINC00869	c11
1.24692763963179e-05	-0.733444654224444	0.009	0.014	0.258936993645937	RASGRP2	c11
1.24752871589902e-05	0.373945902263383	0.035	0.027	0.25906181314359	DYNLRB1	c11
1.3020381913247e-05	0.199394236254955	0.106	0.092	0.270381250810487	TPM3	c11
1.3133414281781e-05	-0.693890863618333	0.01	0.016	0.272728480975464	ICAM2	c11
1.32431345115369e-05	-0.637076678808411	0.012	0.018	0.275006931266574	ZBTB20	c11
1.36609676966175e-05	-0.620251696712696	0.012	0.019	0.283683655187959	PPP1CB	c11
1.37078990665464e-05	0.591217875473657	0.015	0.01	0.284658232015902	VDAC3	c11
1.47345476490261e-05	-0.47518260489228	0.021	0.029	0.305977616479677	MTDH	c11
1.48068267812706e-05	-0.427515858013988	0.028	0.037	0.307478564939865	PTGER4	c11
1.52553815675398e-05	-0.609557777840421	0.012	0.018	0.316793253631532	VASP	c11
1.60902759105113e-05	0.41994704590291	0.028	0.021	0.334130669557678	SUMO1	c11
1.6170363812659e-05	-0.75213954259528	0.008	0.013	0.335793774933677	CHD1	c11
1.67227640445939e-05	0.407358716031982	0.03	0.022	0.347264918150037	NUCKS1	c11
1.72561751655742e-05	0.316055020960202	0.048	0.038	0.358341733488314	DAD1	c11
1.74592263713083e-05	-0.580411432180904	0.014	0.02	0.362558294826588	ZC3HAV1	c11
1.81564499872821e-05	0.600758326429029	0.014	0.009	0.3770368404359	PHF11	c11
1.82566129467734e-05	0.32774672394924	0.044	0.035	0.379116824452697	PARP8	c11
1.83536278681511e-05	0.373129256726435	0.033	0.026	0.381131436310027	MYEOV2	c11
1.96815313437887e-05	0.648867374740783	0.012	0.008	0.408706679885117	HDDC2	c11
1.9971455399738e-05	0.369137060063744	0.035	0.027	0.414727242830958	MAT2B	c11
2.03832528804319e-05	-0.572828260761841	0.013	0.019	0.423278629315048	PRMT9	c11
2.08629726223935e-05	0.665165776576342	0.011	0.007	0.433240489476624	SLAMF6	c11
2.17757780389347e-05	0.24610404063276	0.072	0.061	0.452195806756518	CDC42	c11
2.19702228908478e-05	0.320261995658631	0.045	0.036	0.456233648551346	COPE	c11
2.20405071270316e-05	-0.715887986800933	0.009	0.015	0.457693170999939	LDLRAD4	c11
2.24776973798554e-05	0.527120439853946	0.017	0.012	0.466771863790078	PPP1R12A	c11
2.25028862628114e-05	-0.519173802659037	0.016	0.023	0.467294936133542	CTSA	c11
2.29714211446831e-05	-0.678538911339011	0.01	0.016	0.47702453149049	ZC3H12A	c11
2.30131397701506e-05	-0.303226236637365	0.227	0.244	0.477890860466948	ND5	c11
2.51015849645468e-05	-0.773657507857836	0.007	0.012	0.521259513373779	IVNS1ABP	c11
2.6198519701164e-05	-0.255269490919062	0.075	0.089	0.544038460114371	TPI1	c11
2.70260919783348e-05	-0.57467506263176	0.013	0.02	0.5612238260221	STAT3	c11
2.70394841586437e-05	-0.912900172327753	0.005	0.01	0.561501928038395	DUSP16	c11
2.77479724782634e-05	-0.679000765887531	0.015	0.022	0.576214396483617	IRF7	c11
2.90225204292592e-05	0.6400963448106	0.012	0.008	0.602681659233996	PYCR2	c11
2.94036268993712e-05	0.266484403657245	0.058	0.048	0.610595716192342	AES	c11
2.96532116946582e-05	-0.705894605306579	0.009	0.014	0.615778594051271	ERN1	c11
3.01434920278799e-05	0.397444870906601	0.031	0.024	0.625959755450955	IL2RB	c11
3.01567986967599e-05	0.371862131845348	0.029	0.022	0.626236081736917	PDCD1	c11
3.09219594646569e-05	-0.812734834815337	0.006	0.011	0.642125410243064	AKR1A1	c11
3.23119745219806e-05	-0.485936485765194	0.018	0.026	0.67099046292345	TNFAIP8	c11
3.27626462564439e-05	-0.624651161786855	0.011	0.017	0.680349112161314	EIF3A	c11
3.47527121702246e-05	-0.457144557748001	0.021	0.029	0.721674820926884	EML4	c11
3.50904623816237e-05	-0.152261469332551	0.541	0.509	0.728688541816798	ATP8	c11
3.58726635722501e-05	-0.468993958050216	0.019	0.026	0.744931731741345	SNHG1	c11
3.69240067805936e-05	0.224953412870514	0.079	0.067	0.766763924805807	APRT	c11
3.77441665799298e-05	0.6380606197842	0.012	0.008	0.783795363198823	LOC100507412	c11
3.88971828315588e-05	0.367668514870438	0.033	0.025	0.807738898680149	EID1	c11
3.96860043345524e-05	-0.201234193741194	0.055	0.045	0.824119566011316	CCL4L2	c11
3.98534197686951e-05	-0.347823243738568	0.034	0.044	0.827596114916722	EIF4B	c11
4.05036311135462e-05	0.67553354886657	0.01	0.007	0.841098403703899	NMRAL1	c11
4.10405668475883e-05	0.224795996619263	0.089	0.077	0.85224841115702	LDHA	c11
4.6619867289391e-05	-0.522701735841216	0.017	0.024	0.968108164131494	BCL3	c11
4.70003449566004e-05	0.564367921087229	0.014	0.01	0.976009163368764	RBM4	c11
0.0471043008739349	-1.00885578489842	0.446	0.389	1	CD74	c11
0.730788325605491	-0.983204137118319	0.045	0.046	1	CXCL13	c11
0.000325636412795474	-0.833752441810854	0.011	0.016	1	MTRNR2L8	c11
6.17968632136777e-05	-0.807243472483347	0.006	0.01	1	MAP2K3	c11
6.49470338010896e-05	-0.776331642156162	0.007	0.011	1	MXD1	c11
0.000122557969580217	-0.770109226072964	0.006	0.01	1	PDE3B	c11
0.000140652665663548	-0.748089594606726	0.006	0.01	1	USP3	c11
0.000133274659195017	-0.747061301590356	0.006	0.01	1	CBWD5	c11
0.000308663218184769	-0.738103911288875	0.006	0.01	1	ATG3	c11
0.000130397511702708	-0.71733536635188	0.012	0.017	1	FKBP2	c11
0.000373342193810412	-0.705117681466725	0.006	0.01	1	CELF1	c11
0.00012806891113901	-0.69969927096037	0.007	0.012	1	ATP6V0D1	c11
0.000344197511534632	-0.696905326978091	0.006	0.01	1	SKIL	c11
4.84157222491925e-05	-0.696620177567612	0.009	0.015	1	RANBP2	c11
5.86428977343625e-05	0.690291339351284	0.01	0.006	1	MAGED2	c11
5.50766511332566e-05	-0.683240931456861	0.008	0.014	1	EVI2A	c11
0.000256260560819797	-0.659885331398846	0.006	0.01	1	TNFSF10	c11
0.00044146553847162	-0.652547445783363	0.009	0.013	1	ATP1B3	c11
6.7867543819039e-05	-0.647866247812217	0.009	0.015	1	TRADD	c11
0.000426317185688027	-0.647303315836076	0.007	0.011	1	PTPN1	c11
7.11892857006908e-05	0.646409833894994	0.01	0.007	1	ZMAT2	c11
4.84493751009331e-05	-0.64274848777757	0.011	0.016	1	VIMP	c11
0.000195827226908442	0.628978323957905	0.01	0.006	1	RBBP7	c11
0.00358620388918925	-0.619691741220025	0.032	0.038	1	XBP1	c11
6.52972659597473e-05	-0.61907305255001	0.01	0.015	1	NFE2L2	c11
0.000340212379600622	-0.616982111704132	0.008	0.013	1	VIM-AS1	c11
0.000389696420114323	-0.615059660483801	0.008	0.012	1	NCF1B	c11
0.0003668892667647	-0.611593087429185	0.008	0.013	1	VOPP1	c11
0.00110919903681954	-0.610999752014327	0.007	0.011	1	ALG13	c11
0.000267777036582799	-0.602522133786653	0.009	0.014	1	OSBPL8	c11
0.000819681523852092	-0.600174687002335	0.007	0.011	1	MBOAT7	c11
0.000138828627845982	-0.596707664445294	0.01	0.015	1	ERGIC3	c11
0.000290649308299445	0.592512312891244	0.01	0.007	1	OVCA2	c11
0.000355387880321035	0.592460853311744	0.01	0.007	1	ARHGEF3	c11
0.000144492198339544	-0.58989248519179	0.011	0.016	1	SERPINB9	c11
0.00174263170215332	-0.588914570986168	0.007	0.011	1	POLR2A	c11
0.000160749971830533	-0.577532758048112	0.01	0.016	1	CYTH1	c11
6.44092218750508e-05	0.577219586039991	0.013	0.009	1	CISD3	c11
0.000166861314933881	-0.57430924786566	0.011	0.016	1	NXT1	c11
0.000374791866356985	0.574029882295548	0.011	0.008	1	FLJ32255	c11
0.00162171414033565	-0.570761262147185	0.007	0.011	1	TMPO	c11
0.000207910347003723	0.567583845026233	0.012	0.008	1	SMARCE1	c11
8.1847566453422e-05	-0.562063390604788	0.013	0.018	1	PTGER2	c11
0.00314354643211661	-0.561145572655176	0.007	0.01	1	NDNL2	c11
0.000622974615435045	-0.559931626732565	0.009	0.013	1	FAM96A	c11
0.00266617406901984	-0.558551998217165	0.007	0.01	1	DOCK10	c11
0.000220597669451885	-0.557177686902591	0.011	0.016	1	MRPL18	c11
0.00347568178101464	-0.554140083338784	0.007	0.01	1	LMO4	c11
5.55383592996506e-05	0.553425071050897	0.014	0.01	1	TES	c11
0.000185119396078634	-0.551588597015151	0.011	0.016	1	NKTR	c11
0.000918097727804057	0.54994541811538	0.01	0.007	1	SDHA	c11
9.06001199443078e-05	-0.549652499374678	0.013	0.019	1	PPP1R10	c11
0.000297891691350296	0.548871584764062	0.012	0.008	1	IAH1	c11
0.000481226799052391	-0.544713026807032	0.01	0.015	1	SSH2	c11
0.00421471136022093	-0.542443581981884	0.007	0.01	1	HSPA4	c11
0.000992336014154819	0.539981275653148	0.011	0.008	1	ATP8A1	c11
0.0665164355927746	-0.539562659311143	0.016	0.019	1	SEC11C	c11
0.000231881282258701	-0.534544423423576	0.013	0.018	1	MAF	c11
0.0014046675463655	0.53392124329809	0.01	0.007	1	ADRB2	c11
0.00138260706361624	-0.532093949516967	0.009	0.013	1	TM9SF2	c11
0.00103273471815778	0.531556999461893	0.011	0.007	1	GTF3C6	c11
0.000130781657014775	-0.528548789089124	0.013	0.019	1	CAPZA2	c11
0.000542030732363532	0.528354567423548	0.012	0.008	1	RAB9A	c11
0.00220998189517547	0.524285946485789	0.01	0.007	1	VPS26A	c11
0.000737651624511062	0.524144498861685	0.011	0.008	1	MRFAP1L1	c11
0.00017275653102157	0.517652854153342	0.014	0.01	1	AP3S1	c11
0.00628256459217553	-0.517609057341993	0.007	0.01	1	ATP6AP1	c11
0.000865093360339029	-0.510687170587278	0.042	0.05	1	HSP90B1	c11
0.000293694195983667	0.50916916073033	0.014	0.01	1	KIF2A	c11
0.00152792200553579	0.50495796334207	0.011	0.008	1	DNAJC1	c11
0.00069467417529239	0.50490197476306	0.012	0.009	1	PCMT1	c11
0.000248620739813062	0.504477465405608	0.014	0.01	1	PDLIM2	c11
0.000344725464107194	-0.503086411811085	0.012	0.017	1	ACAP2	c11
0.00193123741706061	0.501043059673447	0.011	0.008	1	GIMAP2	c11
0.000964618690836405	-0.498995920721407	0.011	0.015	1	YWHAE	c11
0.00247757382612658	0.496174161674398	0.01	0.007	1	NUB1	c11
0.00175002633862336	0.496111439893597	0.012	0.009	1	AKR1B1	c11
0.00720968160481843	-0.495522534594392	0.007	0.01	1	GDI1	c11
0.00162942451532734	0.493253703795547	0.012	0.008	1	MRPS31	c11
0.000974896079901863	-0.492118229867546	0.011	0.015	1	WASF2	c11
0.00178865852101675	0.490291559162297	0.011	0.008	1	DHX36	c11
0.00135728249847651	-0.488470240323582	0.01	0.015	1	MYCBP2	c11
0.00291600739305787	0.48830131790311	0.01	0.007	1	GPR108	c11
0.00443278887031274	0.488240755174436	0.01	0.007	1	MRPS12	c11
8.55522613361006e-05	-0.484726214743056	0.015	0.021	1	CMPK1	c11
0.000249861700853913	-0.48393456031918	0.015	0.021	1	SPCS3	c11
0.00201166665430392	0.483240610934213	0.011	0.008	1	SF3B4	c11
0.000524443660035275	0.481280890225337	0.015	0.011	1	COPZ1	c11
0.00601470373308786	-0.480649258112861	0.008	0.011	1	AZIN1	c11
0.000469912459448045	0.480630723451241	0.014	0.01	1	MMADHC	c11
0.00953701206096147	-0.478843793447761	0.007	0.01	1	SETX	c11
0.00481090120460113	-0.47729612960311	0.008	0.012	1	RNF145	c11
0.000625999631510876	-0.476842579526126	0.013	0.018	1	STXBP2	c11
0.00234939973424756	0.476083454052112	0.011	0.008	1	TADA3	c11
0.00485137013466752	-0.47574617085837	0.008	0.012	1	TCP1	c11
0.00525618154012232	-0.47574617085837	0.008	0.012	1	RAB10	c11
0.0167484615531564	-0.4749209113577	0.021	0.025	1	HSPA6	c11
0.00258739199006009	-0.473763616837281	0.01	0.014	1	PNPLA2	c11
0.00235350713612127	-0.467477903414447	0.01	0.014	1	C6orf62	c11
0.00651602252949984	-0.466953382397621	0.008	0.011	1	SNHG16	c11
0.000960392222341609	-0.466491840467334	0.013	0.018	1	HM13	c11
5.33174914570865e-05	0.46588222009303	0.021	0.015	1	IMP3	c11
0.00560730846149693	-0.464878810661771	0.007	0.01	1	ENTPD1	c11
0.00190158918705261	0.463073712008832	0.012	0.009	1	NCK1	c11
0.00268947502525714	0.462283899767971	0.012	0.009	1	PPP1R11	c11
0.17653484555795	-0.461118548523097	0.095	0.089	1	HLA-DRB4	c11
0.00610494334881377	0.460386642839806	0.01	0.007	1	USP16	c11
0.000481675109950633	-0.460283130379057	0.019	0.025	1	DNAJB4	c11
0.00032796071359751	0.460196903844914	0.017	0.012	1	MAP4K1	c11
0.000823140580741201	0.459270889270868	0.014	0.01	1	WNK1	c11
0.00609248728214391	0.458307283972682	0.01	0.007	1	ADH5	c11
0.0111403130129328	-0.457743259657503	0.008	0.011	1	TUBB2A	c11
0.000103430567925582	0.457677403807183	0.019	0.014	1	NCOR1	c11
0.00127199928227545	0.455413119130147	0.014	0.01	1	UFD1L	c11
0.00203114718891677	0.454957329561809	0.013	0.009	1	IRF2	c11
0.000537874483593776	-0.453988069375179	0.015	0.021	1	SNHG7	c11
0.000711479240514573	0.451724023496086	0.016	0.012	1	KRAS	c11
0.0138798324213359	-0.451128415235938	0.007	0.01	1	TARSL2	c11
0.00864837068834018	-0.450465259609052	0.008	0.011	1	PRKCB	c11
0.0037655052927686	0.449962216862614	0.012	0.009	1	PPCS	c11
0.00134529202111118	-0.449305679629121	0.012	0.016	1	RHBDD2	c11
0.000226429752230255	-0.448163633882465	0.016	0.023	1	NME3	c11
7.51718010791551e-05	0.448148134034152	0.021	0.015	1	PNRC2	c11
7.64412090600816e-05	0.447579311652545	0.021	0.015	1	CYFIP2	c11
0.00115102907090857	0.446782216895476	0.015	0.011	1	PSMF1	c11
0.000820680979990861	0.446549393567376	0.015	0.011	1	TEX264	c11
0.0069852180379206	0.446333423051623	0.01	0.007	1	SPAG7	c11
0.00244671655599083	0.445333980655651	0.013	0.009	1	DECR1	c11
0.00854730747051641	0.443921316784881	0.01	0.007	1	THOC7	c11
0.00656006374379605	-0.442443769148273	0.036	0.042	1	TXN	c11
9.51750967558195e-05	-0.442083275632931	0.021	0.028	1	C4orf48	c11
0.00304033125416306	0.441768802667873	0.012	0.009	1	LSM3	c11
0.00391441191730988	0.440773897709724	0.012	0.009	1	TSTA3	c11
0.0100197896824911	0.440593132767952	0.01	0.008	1	EMC7	c11
0.00593863522009227	0.440582075472918	0.011	0.008	1	HPS1	c11
0.00262294779017097	-0.439813102008104	0.012	0.016	1	SVIP	c11
7.13697863007286e-05	-0.439342500858228	0.02	0.028	1	ZNF706	c11
0.0100056232215165	-0.437137727962059	0.008	0.011	1	MX1	c11
0.0109249309766921	-0.437137727962059	0.008	0.011	1	FAM50A	c11
0.00548674833600983	-0.436583867440996	0.01	0.013	1	BTF3L4	c11
0.000315284477715207	0.436064542159458	0.019	0.014	1	ARHGAP30	c11
0.00481142202748339	-0.43602152284573	0.009	0.013	1	HADHA	c11
0.0012694888736955	0.434025053710843	0.016	0.012	1	ORMDL1	c11
0.000130923316055996	0.433394367344126	0.021	0.015	1	PIN1	c11
0.00332180602234644	-0.433272453393715	0.011	0.015	1	MGAT1	c11
0.000142601111925957	0.432588077130947	0.021	0.015	1	XRCC5	c11
0.000185991860245717	0.432057919781312	0.02	0.015	1	TWF2	c11
0.00304492488710645	0.431809858628133	0.013	0.009	1	OFD1	c11
0.0190022622512184	-0.429572271869492	0.007	0.01	1	SAT2	c11
0.000809052413160198	-0.428740183485078	0.016	0.022	1	SNORA78	c11
0.00272335028798735	-0.428212599634966	0.014	0.019	1	C19orf10	c11
0.0022296429965924	-0.428194304904013	0.013	0.017	1	MYO1F	c11
0.0104216964741781	0.428055989223815	0.01	0.007	1	ZNHIT3	c11
0.00408107889488673	-0.427149552301498	0.011	0.015	1	RAB24	c11
0.00274649192525071	-0.422789266234695	0.012	0.016	1	TNRC6B	c11
0.00506604275147237	-0.422149348264172	0.011	0.014	1	WTAP	c11
0.000612593190238202	0.421665882851704	0.017	0.012	1	PELO	c11
0.000174018928825537	0.421296910281457	0.02	0.015	1	TSEN54	c11
0.0022554562047585	-0.421169512505722	0.013	0.018	1	CMTM7	c11
0.00127306158634079	-0.418969031293194	0.015	0.02	1	NEU1	c11
0.0130363565026447	-0.418560552779508	0.01	0.013	1	ARRDC3	c11
0.00632600878064887	0.418033939391839	0.013	0.01	1	SDHC	c11
0.0155005703098983	-0.417084951708975	0.008	0.011	1	MED30	c11
0.00646614163446014	0.416554507729462	0.011	0.009	1	KANSL1-AS1	c11
0.0146977476194372	-0.415835085241273	0.009	0.012	1	LOC101927902	c11
0.00188295142396395	-0.4109305418829	0.014	0.019	1	BTG3	c11
0.000449949226882253	-0.409812937806129	0.021	0.027	1	LOC100506248	c11
0.000172069654113923	-0.409575033246414	0.02	0.026	1	FAM65B	c11
0.000309931603789268	0.409082301295068	0.021	0.016	1	SNRPA	c11
0.00387964288272611	-0.407626776599352	0.012	0.016	1	TGOLN2	c11
0.018012471006211	-0.406075152188961	0.007	0.01	1	BCL2	c11
0.0182534609804289	-0.406029682900895	0.008	0.011	1	NELL2	c11
0.000637354806420137	-0.405324725622814	0.017	0.023	1	PTP4A1	c11
0.00285363913832835	0.401092224201705	0.015	0.011	1	MDH1	c11
0.000218879307273685	-0.400446173024346	0.021	0.027	1	NDUFV2	c11
0.00331970843138108	-0.400284737821466	0.013	0.018	1	CDC42EP3	c11
0.00222141149139921	-0.398825227232343	0.015	0.019	1	ARHGAP4	c11
0.000182612796013144	-0.398769301714804	0.022	0.029	1	GPBP1	c11
0.0136410953310529	0.396403780398296	0.012	0.009	1	IGBP1	c11
0.00014191706127462	-0.395986861043477	0.023	0.03	1	ST13	c11
0.000105176560950359	0.395919661925463	0.025	0.019	1	PSMA2	c11
0.0115231413473622	0.395414894177513	0.011	0.009	1	GALM	c11
0.00646145710485914	0.39536646615378	0.013	0.01	1	NAA50	c11
0.0119478369432667	-0.395072605600403	0.01	0.013	1	EFHD2	c11
0.00454693094849783	-0.394201347151103	0.013	0.017	1	RTN4	c11
0.000420808349930983	0.393108120745485	0.022	0.017	1	TRAT1	c11
0.00178332487180005	0.392852185346967	0.017	0.013	1	ZMYM6NB	c11
0.0258578795066947	-0.390474413947258	0.008	0.01	1	RNMT	c11
0.0249401987589162	0.390173838745003	0.01	0.008	1	ARFRP1	c11
0.00997088784671454	-0.389727870571795	0.01	0.014	1	POLE4	c11
0.000726635018361809	-0.388971939173369	0.02	0.026	1	PDE4B	c11
0.00691678843904449	0.387716792949481	0.013	0.01	1	PHB	c11
0.00199243727662513	0.387319764346755	0.017	0.013	1	THRAP3	c11
0.00617340192378992	-0.386679707509096	0.012	0.016	1	GSTO1	c11
0.0011138581091427	-0.386387523997598	0.017	0.022	1	TGFB1	c11
0.0246959470528471	-0.385743493789413	0.008	0.011	1	HNRNPL	c11
0.0200031199479984	0.385485192951374	0.01	0.008	1	FIP1L1	c11
0.0178021156032937	-0.384116447546861	0.01	0.013	1	SYAP1	c11
0.0160684054211811	-0.383400698194058	0.009	0.012	1	WHSC1L1	c11
0.00281903588267497	0.38325635513287	0.018	0.014	1	GSDMD	c11
0.0257889861494605	0.382910033729092	0.01	0.008	1	RAB6A	c11
0.00147950916139628	0.382250646694984	0.02	0.016	1	FGFR1OP2	c11
0.000670529375836	-0.382134486159178	0.021	0.027	1	FAM46C	c11
0.00831404923031414	0.38191814985304	0.013	0.01	1	RGL4	c11
0.000750405666287955	-0.381722407869411	0.02	0.026	1	ARID5B	c11
0.000489424854940612	0.381591304577313	0.022	0.017	1	IK	c11
0.00189514667654047	-0.381522947750072	0.016	0.021	1	IFRD1	c11
0.000174063801023255	0.380856173330381	0.025	0.02	1	SSBP1	c11
0.000391493475968556	0.379777389587663	0.023	0.018	1	TMEM230	c11
0.0237320498991713	-0.379316499254996	0.008	0.01	1	AFF4	c11
0.0246698971930574	0.378946583321749	0.012	0.01	1	ZSCAN16-AS1	c11
0.0174558448509684	0.3755399818785	0.011	0.009	1	RBM34	c11
0.000204403717670903	-0.375484152955083	0.025	0.033	1	OXNAD1	c11
0.00266475280470287	-0.374807455260774	0.016	0.021	1	MGAT4A	c11
0.000529302228175485	0.374097183660353	0.024	0.019	1	C9orf78	c11
0.00744439027366909	0.373826098653148	0.015	0.012	1	NDUFB6	c11
0.0194390685135493	0.373613139018709	0.011	0.008	1	APOL6	c11
0.00599915629449767	0.373140961640543	0.015	0.012	1	CAPN2	c11
0.0261673074396238	-0.371693947741534	0.009	0.012	1	SLC20A1	c11
0.0030878545841576	-0.371460875309988	0.017	0.022	1	RPL19P12	c11
0.00163553296556788	0.367121147924959	0.02	0.015	1	STAT4	c11
0.0132773734935808	-0.367007794071712	0.012	0.015	1	BIRC2	c11
0.0199510253762941	-0.367007794071711	0.01	0.013	1	CLNS1A	c11
0.00586575782286429	-0.366928492434154	0.013	0.017	1	METTL12	c11
0.00182237504398124	0.366554349072626	0.019	0.015	1	PPP2R1A	c11
0.0115783328329055	-0.366286626828058	0.01	0.014	1	C1orf43	c11
0.000364000144239651	0.365586433225856	0.025	0.02	1	SEP15	c11
0.0070237978542915	-0.365431998499301	0.013	0.017	1	HNRNPUL1	c11
0.027114773831293	-0.365287011308496	0.008	0.01	1	LOC100996740	c11
9.24377594280108e-05	-0.364524974703867	0.029	0.037	1	SH3BGRL	c11
0.000374290097357125	0.36231256428581	0.025	0.019	1	LMAN2	c11
0.0138518785351021	-0.362256003730928	0.012	0.016	1	GATA3	c11
0.00242278771710008	0.362090687436768	0.019	0.015	1	PSMB2	c11
0.00151504315665407	0.361092918508951	0.021	0.016	1	LSM2	c11
0.00084955188105462	0.360973932484995	0.023	0.018	1	GABARAPL1	c11
0.000136837821477669	0.360616366886054	0.03	0.024	1	ECH1	c11
0.0330503039076182	-0.360139062718827	0.008	0.011	1	TTC3	c11
0.0015710065321143	0.359631846939071	0.02	0.016	1	GPS2	c11
0.04074422168204	-0.358782139685784	0.008	0.01	1	SMARCB1	c11
0.0327326174968203	-0.358726041018318	0.008	0.011	1	PHF3	c11
0.000672877215173835	-0.357230437421768	0.022	0.028	1	IGFLR1	c11
0.0361088720008885	-0.356466891231716	0.007	0.01	1	ABCD4	c11
0.0379034618931238	0.356085625512938	0.01	0.008	1	DGKZ	c11
0.00950095842729337	0.355295315257104	0.015	0.011	1	PLEKHJ1	c11
0.020313770937115	-0.353805001887074	0.009	0.012	1	EPB41L4A-AS1	c11
0.00548361164769318	-0.353746657352073	0.015	0.019	1	TAF1D	c11
0.0191199068891992	0.353246072990399	0.012	0.01	1	CASP8	c11
0.0100099433795946	0.351818750481024	0.014	0.011	1	SDHAF2	c11
0.0202567383472102	0.350885500609555	0.012	0.009	1	MAPK1	c11
0.0199245387708855	-0.350317475567564	0.017	0.021	1	ACP5	c11
0.000343114736583479	0.34881357851995	0.028	0.022	1	PA2G4	c11
0.0366665701402174	-0.348228507651647	0.008	0.011	1	CSNK1A1	c11
0.000555035957294797	-0.34812675757485	0.024	0.031	1	SNHG12	c11
0.00538602623894842	-0.347212255887874	0.016	0.021	1	KTN1	c11
0.000964683237805885	0.346315579081782	0.025	0.019	1	MRPL54	c11
0.0291772263236458	0.346215381488875	0.011	0.009	1	ATP2B4	c11
0.000373215520933161	-0.345740681066021	0.029	0.036	1	ATP6V1F	c11
0.00127192184874521	-0.344052831680454	0.021	0.027	1	UBE2B	c11
0.0416189418726015	-0.344012152850578	0.008	0.011	1	HNRNPD	c11
0.00274476641064428	0.34386124165585	0.02	0.016	1	GCC2	c11
0.00325160604682733	0.343274405970591	0.02	0.015	1	IRF9	c11
0.0152569771913017	0.343152694793671	0.014	0.011	1	CCNDBP1	c11
0.027690964953178	0.342234804965228	0.012	0.009	1	IPCEF1	c11
0.00333194734967776	0.342141142323202	0.021	0.016	1	FERMT3	c11
5.42292651475743e-05	0.34145755657249	0.035	0.027	1	SUN2	c11
0.0113640326953232	0.341369125505273	0.014	0.011	1	RNF113A	c11
0.0310621316445056	-0.340945497485516	0.01	0.013	1	ILF3-AS1	c11
0.00143758032324888	-0.340741019412621	0.024	0.03	1	H2AFV	c11
0.0742934502776284	0.340704234707614	0.011	0.009	1	FUNDC2	c11
0.000242424419877853	0.340514789608256	0.03	0.024	1	RNF7	c11
0.0132515132293285	-0.340293495982245	0.012	0.015	1	TRA2A	c11
0.0366688164079253	-0.339962516808487	0.008	0.01	1	OBFC1	c11
0.0372562172597664	0.339418219135112	0.01	0.008	1	MED15	c11
0.0124773675540691	0.339120602828561	0.016	0.013	1	ADSS	c11
0.0263991922476749	-0.338541636345154	0.01	0.013	1	RBMX	c11
0.0421386647685989	0.338511718922511	0.01	0.008	1	SERINC3	c11
0.00245388559064536	0.338317177304299	0.021	0.017	1	DDX6	c11
0.00592116524106335	-0.337699026464861	0.017	0.022	1	DANCR	c11
0.00852903928788286	-0.337434678688364	0.014	0.018	1	FAM107B	c11
0.00969813153013304	-0.336529587870237	0.015	0.019	1	AMD1	c11
0.0214032756867434	0.336478442181292	0.013	0.01	1	SYNRG	c11
0.00242008020634344	-0.336118096287244	0.021	0.027	1	ARF4	c11
0.00330255031325179	-0.335420687479358	0.02	0.025	1	CHD2	c11
0.00109637727286493	0.334813646693138	0.022	0.017	1	SDF2L1	c11
0.0212797344400687	0.334775304982705	0.013	0.01	1	SH3BP1	c11
0.0224768614088157	0.332346170459609	0.013	0.011	1	NUDT21	c11
0.0011023082822821	0.332079978283775	0.026	0.02	1	PSMA1	c11
0.0202330680413189	0.331901612270994	0.014	0.011	1	KDELR2	c11
0.00156449769461356	0.331262555956751	0.025	0.02	1	PSMB8-AS1	c11
0.00606754900006769	0.331140540797477	0.019	0.015	1	NDUFB3	c11
0.019690547140319	-0.330411334885131	0.012	0.016	1	R3HDM4	c11
0.00496086171709576	-0.329318698591149	0.018	0.023	1	H2AFX	c11
0.00161690386929172	0.329315815597148	0.024	0.019	1	BANF1	c11
0.00837413937552346	0.329021357990068	0.017	0.014	1	MRPL51	c11
0.0146277924664672	-0.328695820977696	0.013	0.017	1	METTL9	c11
0.00447759556111338	-0.328474735230442	0.018	0.022	1	SRRM2	c11
0.031239529990642	0.328371222768822	0.013	0.011	1	ARL6IP6	c11
0.0279453876867049	0.327175612893656	0.013	0.011	1	PSMD4	c11
0.0335808142581262	0.326994503687027	0.012	0.01	1	UBE2A	c11
0.000263052821405268	-0.326916806774365	0.028	0.035	1	CREM	c11
0.000687758370278694	0.32636954030983	0.028	0.023	1	PSTPIP1	c11
0.0300086312545254	0.326229064607383	0.012	0.01	1	TMEM9B	c11
0.0400165794245738	-0.326227943929377	0.009	0.012	1	PTPN2	c11
0.000816764640852977	0.326172500648078	0.03	0.024	1	PRPF38B	c11
0.000154975246548005	0.325248719821353	0.035	0.028	1	FIS1	c11
0.0107168511896265	0.325153765961046	0.016	0.013	1	U2SURP	c11
0.0221245642389932	-0.323464703340581	0.012	0.015	1	VPS13C	c11
0.0075298642175772	0.322661409840302	0.019	0.015	1	SNRPB2	c11
0.0055972221695747	0.3221670596056	0.021	0.017	1	RWDD1	c11
0.0213432968549395	0.322155830731973	0.014	0.012	1	ARIH2	c11
0.00855735758898751	-0.321855757679336	0.016	0.021	1	TCF25	c11
0.0600468633723623	0.321212151093022	0.01	0.008	1	CALCOCO2	c11
7.58261798955233e-05	0.320872703281771	0.046	0.038	1	BAX	c11
6.96038421206168e-05	0.320635919146146	0.04	0.032	1	ATP5J	c11
0.00105382764721403	0.32005289426818	0.028	0.023	1	UBXN4	c11
0.0109442318440064	0.31978199105813	0.017	0.014	1	LSM14A	c11
0.0305314425643519	0.319703192402236	0.013	0.011	1	OTUD6B-AS1	c11
0.052192920103287	0.319605616310517	0.01	0.008	1	ERAP2	c11
0.00067834467282122	-0.319535270929578	0.032	0.04	1	FAIM3	c11
0.0264709396953506	0.318387751074066	0.015	0.012	1	MRPL43	c11
0.000431522821354841	0.317948305943258	0.033	0.027	1	NDUFB7	c11
0.00814826015201441	-0.31792651979915	0.016	0.02	1	ALKBH7	c11
0.0472365288321213	-0.317898702375535	0.009	0.012	1	FLJ10038	c11
0.0306959847786441	-0.317892182589288	0.012	0.014	1	GTF2B	c11
0.0541244095001243	-0.317047229788151	0.009	0.011	1	DNAJC4	c11
0.0478381037562621	0.316885615189498	0.011	0.009	1	TBX21	c11
0.0221839037971317	0.315170672888434	0.014	0.011	1	MTFP1	c11
7.10529429459041e-05	0.314327238172281	0.041	0.033	1	TMEM50A	c11
0.00217130615064094	-0.313574234169651	0.053	0.061	1	CSTB	c11
0.523390413098323	-0.312798854981571	0.024	0.026	1	FKBP11	c11
0.0337697036479153	0.311007754665173	0.013	0.01	1	NUDT22	c11
0.0706275246131259	-0.30987456288258	0.008	0.01	1	TRAF1	c11
0.0347730586772261	0.309478810901411	0.014	0.011	1	VKORC1	c11
0.0563756143815621	0.309405650068673	0.011	0.009	1	DR1	c11
0.032928693212828	0.309251359384509	0.013	0.011	1	SCAMP2	c11
0.0608473610359822	0.308820496931107	0.01	0.009	1	CEBPZ	c11
0.000569503394949731	0.308810782369039	0.033	0.026	1	SRI	c11
0.00166180289395661	0.30859058903419	0.028	0.022	1	LSM8	c11
0.0601869980653691	-0.308471473125219	0.009	0.012	1	CDK5RAP3	c11
0.00173989390507757	0.307561950084984	0.028	0.022	1	DEF6	c11
0.00968910816787731	0.30732365549124	0.02	0.016	1	AP2M1	c11
0.0179299922366841	-0.306863387531735	0.016	0.02	1	ARID5A	c11
0.000181559709773993	-0.30549996379503	0.042	0.051	1	EPC1	c11
0.0396509273933394	0.304564386999173	0.013	0.01	1	PSMD9	c11
0.0698499703008217	0.303626492373796	0.01	0.008	1	PPIH	c11
0.024953207180999	-0.303607257716823	0.019	0.022	1	SNX3	c11
0.106699323852212	0.303595272754276	0.01	0.008	1	YIF1A	c11
0.000944182452546872	0.303013723337727	0.031	0.025	1	ATP5F1	c11
0.00354263285063615	0.302433689460963	0.025	0.02	1	RASAL3	c11
0.0226328014472274	0.300944071320476	0.016	0.013	1	SP140	c11
0.0182764099296166	0.300389934558953	0.017	0.013	1	COMMD7	c11
0.0267002517436523	0.300364559346069	0.016	0.013	1	SH3GLB1	c11
0.0930895538085417	-0.299706000020055	0.008	0.01	1	LMAN1	c11
5.66497577883903e-05	0.299546014135383	0.046	0.037	1	SNRPG	c11
0.00302483032061463	0.29917930652441	0.026	0.021	1	VCP	c11
0.0672970369147086	-0.298989927389693	0.009	0.011	1	GRAMD1A	c11
5.96815279104353e-05	0.298522764389791	0.045	0.037	1	NEDD8	c11
0.0344334275771267	0.297860729602086	0.015	0.012	1	MEA1	c11
0.0581329348689309	0.297783730427148	0.012	0.009	1	CCSER2	c11
0.0114049270764478	0.297109946705029	0.021	0.018	1	MIEN1	c11
0.00385565706867826	0.296440337046231	0.024	0.02	1	RAB11B	c11
0.00944467760411633	0.296096153073099	0.021	0.017	1	PPIG	c11
0.00336214135800336	-0.2947354617265	0.028	0.034	1	CKS2	c11
0.0517791318843676	0.294259758015262	0.012	0.01	1	CARHSP1	c11
0.0721746966309485	0.293987585638486	0.012	0.01	1	SAP30BP	c11
0.00271782301181327	0.293696153333673	0.025	0.02	1	DSTN	c11
0.00105945955233113	0.293460420133293	0.03	0.024	1	MAPRE2	c11
0.03804943838549	0.292831425533157	0.014	0.011	1	ARAP2	c11
0.0614680397571706	-0.292228540314148	0.01	0.012	1	SNRPA1	c11
0.0051205909032547	0.29153065516924	0.024	0.02	1	MDH2	c11
0.00138831710402701	-0.290438978675483	0.028	0.035	1	MINOS1	c11
0.0744713223934094	0.290017694868789	0.011	0.009	1	NDUFA10	c11
0.014695860459866	0.289383181081686	0.019	0.016	1	MAF1	c11
0.012158854607183	0.288863750743681	0.02	0.017	1	LPXN	c11
0.076415259308609	0.288203084412169	0.011	0.009	1	MRPS36	c11
0.0427565026274345	0.288120030962893	0.014	0.011	1	SMIM7	c11
0.0144046493507242	0.287576167030005	0.018	0.014	1	HIST1H1D	c11
0.00380875913595521	0.287144560117054	0.028	0.023	1	NDUFS8	c11
0.0322267980379368	-0.286404232889477	0.013	0.016	1	ANKRD10	c11
0.0566518040262167	-0.286370969735896	0.01	0.013	1	TNIP1	c11
0.0116526282952873	-0.286290032831562	0.02	0.024	1	SPNS1	c11
0.0944281449535794	-0.285151287755623	0.008	0.01	1	CSNK1D	c11
0.0594988852184885	-0.284890939279641	0.01	0.013	1	CCDC59	c11
0.0581087798453247	0.284619200773597	0.013	0.011	1	FBXW5	c11
0.00741706886890366	0.283702788752054	0.024	0.02	1	APBB1IP	c11
0.078423803457251	0.28208504406916	0.012	0.01	1	ITGB2-AS1	c11
0.0898912571556983	-0.281847330359053	0.008	0.01	1	EIF5B	c11
0.000101442159030004	-0.281654185564482	0.062	0.073	1	CYCS	c11
0.0885528451213587	0.281649381966835	0.01	0.009	1	MESDC2	c11
0.0937360195754413	0.281649381966835	0.01	0.009	1	FLI1	c11
0.00145966216981346	0.281099259923605	0.032	0.026	1	TECR	c11
0.0298262272264703	0.281099259923605	0.016	0.013	1	APH1A	c11
0.000380527890144171	0.28105594420322	0.044	0.036	1	SRRM1	c11
0.0210976034383576	-0.280494133358683	0.018	0.022	1	ODC1	c11
0.0473319115555754	0.280168428843576	0.015	0.013	1	KPNB1	c11
0.0645248757485195	-0.279544952821372	0.01	0.013	1	RNF114	c11
0.0522647733290859	0.279497795557298	0.015	0.012	1	NDUFV1	c11
0.00775352550363492	0.278593026439069	0.025	0.021	1	TUFM	c11
0.0619661513362364	0.278486401542536	0.013	0.01	1	PDCD5	c11
0.00017445006529888	0.278417771011226	0.048	0.04	1	SEPT6	c11
0.00433949746036244	0.278276492538499	0.027	0.023	1	SNRPD3	c11
0.00968303689690359	-0.278065961374343	0.024	0.028	1	LINC-PINT	c11
0.00156235914798161	0.277868945971945	0.034	0.028	1	IFI16	c11
0.0164272620434405	-0.277848662160474	0.018	0.022	1	RANBP1	c11
0.0603506355745144	0.276081310723682	0.013	0.011	1	PTBP1	c11
0.00643015441291338	0.275507658764737	0.026	0.022	1	ATP5C1	c11
0.0310275772578629	-0.275285258964767	0.015	0.018	1	FMNL1	c11
0.0797164291525355	-0.274903899728965	0.009	0.011	1	APEX1	c11
0.0101810302126518	-0.274889223278905	0.022	0.026	1	SEC62	c11
0.0875903019658908	0.274249204655056	0.011	0.009	1	COQ10B	c11
0.0820348263324363	0.273523030565737	0.012	0.01	1	SDHD	c11
0.0123018553021107	0.273367826968052	0.022	0.018	1	RAD21	c11
0.0841110565243801	0.273151919299152	0.011	0.009	1	MAZ	c11
0.0294246478122737	-0.272241261624326	0.015	0.018	1	ATP5G1	c11
0.0167432277130649	0.269188050054718	0.021	0.018	1	POLR2E	c11
0.0311169986377547	0.267812912208575	0.018	0.015	1	CHMP4A	c11
0.00015492115807047	0.267694815011552	0.046	0.038	1	TMEM59	c11
0.00699296443488692	0.267100616348682	0.025	0.02	1	TMEM2	c11
0.0499056858426645	0.26604055717388	0.017	0.015	1	ZNF428	c11
0.00295671118232461	0.26550333640774	0.033	0.027	1	TBCB	c11
9.06398090912103e-05	-0.263726869874057	0.056	0.067	1	GLTSCR2	c11
0.0352356009887191	0.263724506947821	0.018	0.015	1	HNRNPR	c11
0.0922379653846163	-0.263626640569502	0.01	0.012	1	TOP1	c11
0.000106194810181619	0.263469365901813	0.055	0.046	1	HNRNPA3	c11
0.109951007592726	0.262628879399225	0.011	0.009	1	C18orf32	c11
0.130600419183404	0.261242640593445	0.01	0.008	1	PSMC3	c11
0.0682970167359788	-0.260606509186512	0.012	0.014	1	LSM4	c11
0.0805516510545675	-0.259615306783462	0.011	0.013	1	MTCH1	c11
0.103717996729006	0.259539385152666	0.011	0.01	1	SARNP	c11
0.00106723279347946	-0.259148879142725	0.046	0.054	1	SELK	c11
0.11430716049804	-0.257777345089149	0.009	0.011	1	TMEM147	c11
0.128445976544098	-0.257702446859922	0.008	0.01	1	P2RY10	c11
0.134840698204182	0.257687013307807	0.01	0.008	1	PQLC3	c11
0.0841213734066339	-0.257311843083098	0.011	0.013	1	BNIP2	c11
9.49631462012937e-05	0.257183685792064	0.066	0.056	1	NDUFB2	c11
0.0498170393440295	0.256615694860751	0.017	0.014	1	GADD45GIP1	c11
0.100992607680948	-0.256549861407694	0.01	0.012	1	LMBRD1	c11
0.0178861904062287	-0.256216730321597	0.022	0.026	1	PRDX2	c11
7.92966311083885e-05	0.255849015097333	0.059	0.049	1	ATP5J2	c11
0.0384388806917374	0.255772142935918	0.017	0.014	1	IRF3	c11
0.39814930757054	-0.255735693122314	0.513	0.487	1	ND4L	c11
0.0802909128800145	-0.255680354012582	0.011	0.013	1	KIF5B	c11
0.0176118090640656	0.255381493940033	0.023	0.019	1	SLC38A1	c11
0.00261072547005868	0.25536601494696	0.037	0.031	1	OSTF1	c11
0.0456747123162705	0.255211214899504	0.016	0.014	1	PARVG	c11
0.140608248429736	0.254818178300167	0.01	0.008	1	NUDT16L1	c11
0.102666487298375	-0.254613790831891	0.01	0.012	1	HSPA9	c11
0.0653038168964188	-0.253974128771819	0.012	0.015	1	OCIAD1	c11
0.0651516585982207	0.253954442437208	0.015	0.013	1	ADRM1	c11
0.145323203562421	0.2539411228137	0.011	0.009	1	APOA1BP	c11
0.0292671691440555	0.253788886019942	0.022	0.018	1	GHITM	c11
0.000110839427545822	0.25315431029251	0.062	0.052	1	SON	c11
0.00494032188600454	0.252483442824373	0.032	0.027	1	MRPL41	c11
0.0279090825820149	-0.251151537984206	0.019	0.022	1	LAMTOR1	c11
0.00112421606078196	0.250594757941345	0.044	0.037	1	ITGA4	c11
0.152094571642947	0.250579854143938	0.01	0.008	1	CCDC124	c11
0.0681404256130009	0.250382916768323	0.015	0.012	1	COPS6	c11
0.0503941247450812	0.249960142601671	0.017	0.014	1	SURF4	c11
0.117492897435344	0.249862709870906	0.011	0.009	1	RALGAPA1	c11
0.0413282553240528	0.249346746909747	0.019	0.016	1	HNRNPM	c11
0.106535148049063	-0.248910010586742	0.01	0.012	1	G3BP1	c11
0.0400680101314922	-0.248897288464344	0.018	0.022	1	AAK1	c11
0.000195309512768368	-0.248292119030389	0.058	0.068	1	SRSF3	c11
0.0168570380663184	0.247328730067061	0.024	0.02	1	NDUFAF3	c11
0.120349409521879	0.246409312465164	0.012	0.01	1	PPP1R7	c11
0.000445882265512872	0.246407614810387	0.054	0.045	1	ARHGDIA	c11
0.00189823537840927	-0.246253048508129	0.04	0.047	1	EIF3H	c11
0.050904873745296	-0.246064078039474	0.015	0.018	1	EIF3M	c11
0.0832768259626831	0.245960716047072	0.015	0.013	1	PCED1B	c11
0.0271329060729723	0.245601037476701	0.022	0.018	1	ATRX	c11
0.0971945658522881	0.245559168044045	0.014	0.012	1	PPM1G	c11
0.0756628578547053	-0.245544281586044	0.013	0.015	1	A1BG	c11
0.152531813774668	0.244876005964733	0.01	0.009	1	DAP3	c11
0.00454377511199675	0.244319410648845	0.034	0.029	1	ERH	c11
0.0264643782923425	0.243714963029181	0.024	0.02	1	XRCC6	c11
0.10709518380731	0.243686753711276	0.013	0.011	1	LRP10	c11
0.00062663477466516	0.243583755564527	0.04	0.033	1	SPCS2	c11
0.0941039446655295	0.243379792653378	0.015	0.013	1	TMEM160	c11
0.00793798849097006	-0.243127749474803	0.031	0.036	1	IQGAP1	c11
0.00467138290311792	-0.242942486397764	0.038	0.044	1	CLK1	c11
0.123214929003488	-0.242333597300213	0.009	0.011	1	SMARCA5	c11
0.0120567586173654	0.242090879538194	0.027	0.023	1	OTUB1	c11
0.151202888174958	-0.241205345861706	0.008	0.01	1	ABTB1	c11
0.136489894650858	-0.240480919514129	0.009	0.01	1	YTHDC1	c11
0.0583714078284538	0.239493703817211	0.015	0.013	1	TBCC	c11
0.00331189569892611	0.238718843947262	0.039	0.033	1	SNRPB	c11
0.0958534024540114	0.23860541501389	0.014	0.012	1	POLR2I	c11
0.131686866151323	0.236351617289116	0.012	0.01	1	FBXO7	c11
0.0777748482575092	0.235666908130361	0.017	0.015	1	RAB2A	c11
0.0620359535229174	0.23542555328409	0.018	0.015	1	C8orf59	c11
0.000474617926171624	-0.234734734520934	0.054	0.063	1	RPL22L1	c11
0.0883614455669395	-0.234504474359102	0.013	0.015	1	SP110	c11
0.0266958319313014	0.234399294795747	0.023	0.02	1	TNFRSF14	c11
0.0287921576170346	0.234103281449565	0.024	0.021	1	CAPZA1	c11
0.127264569943021	0.234103281449565	0.012	0.01	1	PSMD13	c11
0.0116438076985828	0.233491284963079	0.032	0.027	1	UFC1	c11
0.0034495441825844	0.2334372519622	0.04	0.034	1	N4BP2L2	c11
0.09960874575098	0.233122064805824	0.014	0.012	1	WBP2	c11
0.0485761858796127	0.233085642770227	0.018	0.016	1	BUD31	c11
0.038410717463843	0.232804141297942	0.022	0.019	1	UQCRFS1	c11
0.0179882136659039	0.232725842470705	0.027	0.023	1	PSMD8	c11
0.0348205162847885	-0.232704896102436	0.028	0.033	1	H3F3C	c11
0.124876539696781	-0.232488128760598	0.012	0.014	1	MYLIP	c11
0.166659627335001	0.232231321236462	0.01	0.008	1	TMED5	c11
0.00140632046170725	0.231182557689213	0.049	0.042	1	HNRNPC	c11
0.150101426856099	-0.231069549451721	0.009	0.011	1	RNPEPL1	c11
0.000502776295092564	-0.230775401223588	0.063	0.073	1	H2AFZ	c11
0.129700826276146	-0.230274193154311	0.01	0.012	1	ETFB	c11
0.0671068140981524	0.230016323926323	0.017	0.015	1	SF3A2	c11
0.158510195846983	-0.229899670989146	0.009	0.01	1	C17orf89	c11
0.179017831102331	0.229462015464025	0.01	0.009	1	ZFAND6	c11
0.0321952567820246	0.228802234012993	0.025	0.022	1	HIST1H1E	c11
4.82259998386393e-05	-0.228667682857981	0.079	0.093	1	RNASEK	c11
0.168543278355419	0.228641777348725	0.01	0.009	1	SHARPIN	c11
0.101702268645176	-0.228548130751769	0.022	0.025	1	IFI6	c11
0.00269323089143336	0.227661427209698	0.048	0.041	1	LSM7	c11
0.0205973091187641	-0.22638792922418	0.028	0.033	1	FNBP1	c11
0.176295759068405	-0.226366613100549	0.009	0.01	1	SMS	c11
0.0375470885256454	-0.225951870226583	0.022	0.025	1	ZEB2	c11
0.028008307691478	-0.225808644147968	0.022	0.026	1	ATP5H	c11
0.0228282344501534	0.225334237015042	0.027	0.023	1	C19orf70	c11
0.221854798118084	0.225227017287677	0.01	0.009	1	MRPS15	c11
0.0431560290499042	-0.224817115407669	0.017	0.02	1	SNRNP70	c11
0.0264974759934833	0.224563645979859	0.026	0.022	1	UBE2N	c11
0.15602432660549	0.223971923345409	0.012	0.01	1	PTRHD1	c11
0.0326477861820169	0.223941001715176	0.023	0.02	1	PRMT2	c11
0.088646601462609	0.223741057838356	0.016	0.014	1	ADD3	c11
0.125952421355176	0.223544913414834	0.013	0.011	1	DNAJB14	c11
0.053236980935635	0.223407470849455	0.02	0.017	1	ATM	c11
0.0222317361288421	-0.222929920001274	0.024	0.028	1	TOMM5	c11
0.064883965059273	-0.22271220627172	0.017	0.02	1	LINC00493	c11
0.00337551814730606	0.22239846357274	0.049	0.042	1	PET100	c11
0.0175093275451324	0.222123633630851	0.031	0.026	1	TRIM22	c11
0.19846909045309	0.22167496896052	0.01	0.009	1	PSMB7	c11
0.0441829387855406	0.221042888437015	0.022	0.019	1	RPS19BP1	c11
0.0872306077690345	0.220944749255256	0.016	0.014	1	MAGOH	c11
0.22129418359269	-0.220877408191846	0.011	0.012	1	RN7SL1	c11
0.0217344826046906	-0.22060495378029	0.026	0.03	1	SLA	c11
0.00740432752681231	-0.220175681943222	0.639	0.643	1	ATP6	c11
0.00372613884870277	0.219747988472496	0.043	0.037	1	SF3B5	c11
0.0376720422852181	0.219064570628882	0.025	0.022	1	COX7A2L	c11
0.170128104789828	-0.218954973106905	0.009	0.01	1	NDUFB5	c11
0.0750952666718749	0.218898261320677	0.018	0.016	1	NAPA	c11
0.100255187346153	-0.218839957756991	0.014	0.016	1	MAPK1IP1L	c11
0.101262487885631	0.218769558430999	0.016	0.014	1	SUPT4H1	c11
0.165685972077834	-0.21861595417904	0.009	0.011	1	GOLPH3	c11
0.0863577470082549	0.218084579723385	0.017	0.014	1	PRPF4B	c11
0.09413124429801	0.21782096898623	0.016	0.014	1	ABHD14B	c11
0.170878844400259	-0.217186920922471	0.01	0.011	1	C19orf24	c11
0.0540921667319827	0.215703738772937	0.022	0.019	1	TMCO1	c11
0.124286590449188	0.215598516282689	0.014	0.012	1	RNASEH2C	c11
0.134806466923975	0.215528110004755	0.013	0.011	1	CPNE1	c11
9.64975039413625e-05	0.215503227655349	0.081	0.07	1	EIF3F	c11
0.216832169742515	0.215478303383246	0.011	0.01	1	MRPL34	c11
0.186830661671748	0.214452545693502	0.011	0.01	1	XRN1	c11
0.0309489160574241	-0.214058837413037	0.026	0.03	1	ACTR2	c11
0.021186279285661	-0.214008708152937	0.029	0.034	1	GNB2	c11
0.229753965313086	0.213675440885653	0.011	0.01	1	EMC4	c11
0.00088211073827395	0.213086907025788	0.059	0.051	1	CUTA	c11
0.171343375408565	0.213025531831758	0.012	0.01	1	B3GNT2	c11
0.00619532704780455	0.212545430739141	0.04	0.035	1	PTP4A2	c11
0.107626912002199	-0.212236355299948	0.014	0.017	1	UFM1	c11
0.016117522908422	0.212086108560307	0.031	0.027	1	CCDC107	c11
0.0764976496877013	-0.211729568593801	0.017	0.02	1	SET	c11
0.112112143600975	0.211607179494294	0.016	0.014	1	ACP1	c11
0.218225951140934	0.211384015671163	0.01	0.009	1	MRPS18C	c11
0.187047332927172	-0.210228168686322	0.009	0.011	1	ST3GAL1	c11
0.0384346690704281	0.2086791023429	0.025	0.022	1	NDUFC1	c11
0.074983904248449	-0.208151661743399	0.018	0.021	1	C7orf73	c11
0.0246822538405009	0.207937838169492	0.028	0.024	1	DNAJB6	c11
0.14633559139437	0.207749924643388	0.014	0.012	1	TRAPPC2L	c11
0.013784772085515	0.20768939748679	0.036	0.031	1	PRRC2C	c11
0.12331805917398	0.206979137350578	0.015	0.013	1	SRSF9	c11
0.0401597234271122	0.206621159271916	0.026	0.023	1	BCAP31	c11
0.171145286734489	0.206578996875548	0.012	0.011	1	TOPORS-AS1	c11
0.0175784862554638	0.206479387316984	0.035	0.031	1	PRDX5	c11
0.0794376112776361	-0.205688069416883	0.02	0.023	1	CFLAR	c11
0.00517241586425444	0.205569839084132	0.048	0.042	1	VPS28	c11
0.0415635984943437	-0.205470578122118	0.024	0.027	1	DEK	c11
0.0306031056305232	-0.204843661674808	0.027	0.032	1	DDX17	c11
0.03416921695771	-0.204488447652813	0.025	0.029	1	VAPA	c11
0.143650564075605	0.20396017187586	0.016	0.014	1	EIF3I	c11
0.000181599769113011	0.203653728766456	0.087	0.076	1	CNBP	c11
0.00851172701429862	0.203559266659775	0.043	0.038	1	DDX24	c11
0.142347880644124	0.202902902434516	0.015	0.013	1	RPA3	c11
0.189560315340391	-0.201390832015602	0.01	0.011	1	OGT	c11
0.00512449171058621	0.201286558348913	0.054	0.048	1	ROMO1	c11
0.00379757981054268	0.200452935402103	0.052	0.045	1	MSN	c11
0.00415606629434348	-0.200373462914442	0.049	0.056	1	HNRNPA0	c11
0.239602694244449	0.200143430532984	0.011	0.009	1	SUMO1P3	c11
0.157028968589118	0.199751851386404	0.014	0.012	1	CMC2	c11
0.0268684850095147	-0.199277972501703	0.037	0.042	1	CARD16	c11
0.241223911935956	0.199206581741594	0.01	0.009	1	TNFRSF1A	c11
0.0465202252681194	0.199093706949827	0.021	0.018	1	CCND2	c11
0.207477137057932	0.198803009512198	0.012	0.01	1	SNRPC	c11
0.0497047134452544	0.19879392616103	0.028	0.025	1	SIGIRR	c11
0.0167275604094285	0.198521169397615	0.035	0.03	1	FAM96B	c11
0.00539201257576304	0.197630104988217	0.045	0.039	1	PGAM1	c11
0.129653801107508	0.197235667501727	0.018	0.016	1	SNRPD1	c11
0.201083005115617	-0.197188210410374	0.01	0.012	1	GABPB1-AS1	c11
0.0598475136581793	-0.19691836419967	0.052	0.057	1	CD63	c11
0.14891403244596	-0.196802739238072	0.015	0.018	1	GPR171	c11
0.00288972381236895	0.19656984083318	0.057	0.049	1	ETS1	c11
0.112372617935246	0.196421545099803	0.018	0.016	1	RBBP4	c11
0.000156657954117054	0.196311871223036	0.084	0.073	1	CIB1	c11
0.146385707224123	-0.196267940847845	0.013	0.015	1	H3F3A	c11
0.0489193051514807	0.195373410875829	0.027	0.024	1	KRT10	c11
0.00429762564583908	0.19523463014936	0.055	0.049	1	HCLS1	c11
0.0481438200072614	-0.195205851547766	0.337	0.337	1	CD69	c11
0.251988170809927	0.19496428534563	0.01	0.009	1	PDCD10	c11
0.000435102274187129	0.19482592940493	0.077	0.067	1	ANAPC16	c11
0.0648709968203798	0.194359280805108	0.024	0.021	1	PSMA6	c11
0.00762120331192796	-0.194245016365769	0.075	0.083	1	SOD1	c11
0.0653173828617252	0.194144886305586	0.023	0.02	1	SYTL1	c11
0.0150244952472476	0.193961073177271	0.039	0.034	1	POMP	c11
0.0731724521758756	0.193794349576669	0.022	0.02	1	VPS29	c11
0.509978075001466	-0.1931660794375	0.305	0.298	1	SRGN	c11
0.0913321234778655	0.192506169691325	0.021	0.019	1	NT5C	c11
0.163606164725758	0.192473736240244	0.015	0.013	1	LBR	c11
0.0375274415829585	0.191715001565718	0.032	0.028	1	NDUFA6	c11
0.159672785515758	-0.191596305308452	0.013	0.015	1	ENY2	c11
0.262663729079948	0.190905666776079	0.01	0.009	1	KDM5A	c11
0.0763167507124701	0.190766999849064	0.023	0.02	1	PSMB6	c11
0.0973501863267584	0.190471933211553	0.02	0.018	1	RPN2	c11
0.260608953978498	0.189344097102971	0.011	0.009	1	CNOT7	c11
0.179127076307821	-0.189186546403157	0.012	0.014	1	TMEM50B	c11
0.173007773686123	0.188788288850731	0.015	0.013	1	TOMM22	c11
0.0083634096383257	0.188301574283781	0.048	0.042	1	MRPS21	c11
0.0469810073577236	0.188070598232409	0.029	0.025	1	DGUOK	c11
0.111113903169682	0.187972258363867	0.025	0.022	1	MGST3	c11
0.134927325828827	0.187949358260836	0.018	0.016	1	SNX17	c11
0.136166040649922	-0.187904168617491	0.011	0.013	1	MAP1LC3B2	c11
0.0137277885945016	-0.187483509269939	0.038	0.044	1	ITGB1	c11
0.157133312471738	-0.186411922672848	0.014	0.016	1	SS18L2	c11
0.0549537787364822	0.186257756193084	0.028	0.024	1	RNPS1	c11
0.102167274744955	0.186243594891001	0.021	0.018	1	HMGN4	c11
0.0286601849896407	0.18614448076576	0.038	0.034	1	TBCA	c11
0.260703679042937	0.186071208461171	0.01	0.009	1	PNKD	c11
0.0012876559131584	0.185774300900295	0.051	0.043	1	RHOC	c11
0.269324997748033	0.185732372451191	0.011	0.009	1	ANAPC5	c11
0.213394639177645	0.185356653003653	0.013	0.011	1	ATP6V0E2	c11
0.262803655565105	0.185077515066471	0.011	0.01	1	DUSP23	c11
0.000841344983162448	0.185065349920775	0.077	0.067	1	POLR2L	c11
0.0474888926118187	0.184961040401924	0.031	0.027	1	CD47	c11
0.398926566633192	-0.184741104306877	0.824	0.804	1	COX1	c11
0.0542954299996489	0.183767348674918	0.029	0.025	1	SNRPF	c11
0.230881438619284	0.183222112447381	0.013	0.011	1	COX20	c11
0.225514997953521	0.182965792816097	0.013	0.011	1	RAB8B	c11
0.107626766753849	0.182151988601152	0.021	0.019	1	MPHOSPH8	c11
0.214208360082163	-0.182138815381466	0.011	0.012	1	RNF187	c11
0.000670749419279736	0.181795808191952	0.049	0.041	1	TUBB	c11
0.0722259160141584	-0.181594369440509	0.024	0.028	1	DPP7	c11
0.125586190669758	0.181139800263574	0.019	0.017	1	ATF7IP	c11
0.0250825481047436	0.180835405168894	0.038	0.033	1	SRSF11	c11
0.00139901263623216	0.180660098628166	0.072	0.063	1	TMBIM6	c11
0.0375769099178668	0.180309160377297	0.037	0.033	1	SERBP1	c11
0.258704662924281	0.180149278397758	0.011	0.01	1	HMGA1	c11
0.259310803938458	-0.179966128518744	0.011	0.012	1	PDCL3	c11
0.00455842081874224	-0.179906923716799	0.053	0.06	1	PLP2	c11
0.240140449567442	0.179411877494986	0.012	0.011	1	LINC00674	c11
8.95390498150288e-05	0.179290514285283	0.105	0.092	1	COX6B1	c11
0.0925516655765184	0.179268468801461	0.023	0.02	1	ZNHIT1	c11
0.120753289256141	0.178835609361307	0.021	0.019	1	TAX1BP1	c11
0.546065121165455	-0.178623484261369	0.031	0.032	1	FCGR3A	c11
0.0238425668986645	-0.178143971953375	0.04	0.045	1	RSRP1	c11
0.20520683945113	-0.177799674950211	0.013	0.015	1	STUB1	c11
0.217785035843316	0.177257844918182	0.015	0.014	1	POLR2J	c11
0.108340611185224	0.177236968257734	0.022	0.02	1	SF3B6	c11
0.0222485681553723	0.176952638820761	0.04	0.035	1	CCDC85B	c11
0.291644626842723	0.176764660099746	0.011	0.01	1	CNOT2	c11
0.255774436579072	-0.176506035126933	0.009	0.01	1	SLIRP	c11
0.119985332971922	-0.175958683543227	0.023	0.026	1	H2AFJ	c11
0.200371297457645	0.175413189236617	0.015	0.013	1	TMUB1	c11
0.000954210608948129	0.175100916112143	0.055	0.047	1	HSPA5	c11
0.160217818448322	0.174896742107104	0.018	0.016	1	PDCD6	c11
0.249770018557961	-0.174673493639823	0.01	0.011	1	PIAS1	c11
0.174765192369453	0.17439296782299	0.015	0.013	1	STARD7	c11
0.027327570034911	-0.173935946405485	0.038	0.044	1	C11orf31	c11
0.0308869107110532	-0.173768703795077	0.053	0.058	1	EZR	c11
0.208645776545005	-0.173594439707029	0.012	0.014	1	RABGGTB	c11
0.0322474562765405	0.173188524122103	0.045	0.041	1	UBXN1	c11
0.285856507864184	0.172551952371451	0.011	0.01	1	KCNAB2	c11
5.42847948687828e-05	-0.172530636015553	0.712	0.666	1	RPS23	c11
0.0883577688707049	0.172445534755193	0.026	0.023	1	RBM25	c11
0.000849197006970788	-0.172186660743856	0.12	0.133	1	ALDOA	c11
0.149785137165896	0.17215101703632	0.019	0.017	1	RER1	c11
0.0132750949608563	-0.171988513599213	0.052	0.058	1	ATP6V1G1	c11
0.0006664100521899	0.171955060029047	0.069	0.06	1	ID2	c11
0.0386873912106899	-0.171538108311861	0.043	0.048	1	TUBB4B	c11
0.351014777972862	0.170883530756103	0.019	0.017	1	STMN1	c11
0.220639410580996	0.170818615159368	0.015	0.013	1	RAB11A	c11
0.00653582408973155	-0.170636313511426	0.06	0.068	1	SLC25A5	c11
0.00657641211727466	0.16845274523187	0.059	0.052	1	NCL	c11
0.322108021100534	0.168188862468704	0.01	0.009	1	IFI35	c11
0.086994238022643	0.167839969531816	0.027	0.024	1	NDUFA2	c11
0.0132746894892734	0.167432737066552	0.045	0.04	1	YWHAQ	c11
0.0887426872324236	0.1670720338993	0.028	0.025	1	PRDX6	c11
0.00738372979450345	-0.166574012029257	0.074	0.083	1	FYB	c11
0.147281436246604	-0.166060767021621	0.019	0.022	1	CANX	c11
0.412176454551889	0.165351110222461	0.011	0.01	1	RGS14	c11
0.341288834627042	0.16516729229001	0.01	0.009	1	BOLA3	c11
0.296958255732231	-0.164481452180194	0.009	0.01	1	SUSD3	c11
0.0160828596706875	-0.163708377983972	0.059	0.065	1	H3F3AP4	c11
0.106639173798444	-0.163604339291362	0.024	0.027	1	TCEA1	c11
0.417585433978632	0.163191068645363	0.01	0.009	1	CYC1	c11
0.0592041844060834	0.163080728379029	0.045	0.041	1	HMGB2	c11
0.227549721464577	0.163060125844711	0.015	0.014	1	MLF2	c11
0.0775053084088849	-0.16275983946692	0.029	0.033	1	TOMM20	c11
0.0479905664617111	0.162573237379609	0.044	0.04	1	ATP5B	c11
0.291468953349411	-0.162478407512856	0.009	0.01	1	ADAR	c11
0.0956950704337842	0.162290531534445	0.027	0.024	1	SCML4	c11
0.235770771923812	-0.16207256981181	0.012	0.014	1	MOB1A	c11
0.0539260480908272	0.161522980538738	0.034	0.03	1	GABARAPL2	c11
0.328659740019812	0.161355148249123	0.01	0.009	1	AMZ2	c11
0.254099434610302	0.160670270457532	0.014	0.013	1	EIF4EBP2	c11
0.0433210085941402	0.160418871076179	0.031	0.028	1	PLAC8	c11
0.377022156392391	0.160099740179024	0.012	0.011	1	DDX46	c11
0.356013334908343	0.159716234573655	0.01	0.009	1	SFT2D1	c11
0.00244997439969841	0.159539872986562	0.083	0.074	1	NDUFA4	c11
0.113250111045047	-0.158947663742627	0.02	0.022	1	LOC642441	c11
0.112093857570159	-0.158900479067284	0.028	0.031	1	CACYBP	c11
0.168841740973989	0.158181108919368	0.02	0.018	1	RNF181	c11
0.350963976112269	0.157309302039647	0.011	0.01	1	SNRPE	c11
0.263653366170597	-0.15725774916809	0.018	0.019	1	BCAS2	c11
0.304955700964445	0.157255350354336	0.012	0.011	1	EIF6	c11
0.177357160685978	0.155750879647795	0.021	0.019	1	ARID4B	c11
0.0535107774103758	0.155679271090758	0.038	0.034	1	TOMM6	c11
0.0981928553787581	-0.155645917402873	0.028	0.031	1	SEC11A	c11
0.118648949197579	0.154662102644092	0.03	0.028	1	NAA38	c11
0.0545506510603978	-0.154399431685618	0.045	0.05	1	HNRNPA1P10	c11
0.17312966835579	-0.154279683797888	0.022	0.025	1	VAMP5	c11
0.000680591287475247	-0.15414898387011	0.134	0.147	1	NPM1	c11
0.223669544188609	0.154145655514579	0.02	0.019	1	TMEM179B	c11
0.0104535189104398	0.154039879297884	0.066	0.059	1	FUS	c11
0.0901828271676478	0.153639357898965	0.031	0.028	1	JTB	c11
0.250133871821212	-0.153137702026013	0.013	0.014	1	ATP6AP2	c11
0.0171102410771321	0.152977722922503	0.062	0.056	1	ATP6V0E1	c11
0.0134247485238329	-0.15254283755376	0.076	0.083	1	SRSF5	c11
0.37070113842796	0.152518648750145	0.01	0.009	1	SF3A1	c11
0.174427031638188	-0.152402302258836	0.016	0.018	1	CHCHD10	c11
0.00400551918140534	0.151950791644108	0.09	0.081	1	GPSM3	c11
0.247843266543024	-0.15156813337703	0.014	0.015	1	DCK	c11
0.270619971030781	-0.15156813337703	0.014	0.016	1	EIF4E	c11
0.135181760483235	0.151323841908996	0.028	0.026	1	C16orf13	c11
0.00215879894739139	0.1511219530122	0.092	0.083	1	GSTK1	c11
0.334029744002626	0.151013319683837	0.012	0.011	1	PSMD7	c11
0.122191101009427	0.150887638436184	0.029	0.026	1	ITGAE	c11
0.331718414704053	0.150780487282302	0.011	0.01	1	MFNG	c11
0.233832512745497	-0.150643032325204	0.014	0.016	1	TLN1	c11
0.190666562658391	-0.150493766907455	0.019	0.021	1	RPL13AP5	c11
0.169112796396059	0.150426432928515	0.022	0.02	1	HMHA1	c11
0.0179908106789154	-0.150290952033477	0.169	0.178	1	RGS1	c11
0.297694677944929	0.148352897400004	0.017	0.015	1	DPM3	c11
0.0636697459381966	-0.148217333536034	0.038	0.042	1	ATP5O	c11
0.242727884700961	-0.148215811441704	0.014	0.016	1	SSR1	c11
0.266065914611468	-0.148215811441704	0.014	0.016	1	KDELR1	c11
0.0858183535251549	0.147907068030064	0.036	0.033	1	SF3B1	c11
0.0975442090574743	0.147836944884192	0.027	0.024	1	PDIA6	c11
0.322896829328451	0.14759820271666	0.016	0.014	1	NUCB1	c11
0.303238041505024	-0.1475582577417	0.012	0.013	1	ACADVL	c11
0.0776154179951355	0.147423150233173	0.04	0.036	1	COX7B	c11
0.0966169684180902	0.147228369713208	0.031	0.028	1	GPR65	c11
0.0932989338741824	0.146921406445494	0.032	0.029	1	HMGN3	c11
0.317732552342971	0.146070758004116	0.013	0.012	1	TANK	c11
0.262465808389472	-0.146063757982226	0.012	0.013	1	TMEM134	c11
0.177454995856522	-0.145942293997708	0.02	0.023	1	RAP1A	c11
0.26243274795742	0.144982352450967	0.016	0.015	1	C1QBP	c11
0.199161629730082	-0.144922175260572	0.019	0.021	1	EIF1AX	c11
0.323398787613499	0.144757734521455	0.014	0.013	1	FAM173A	c11
0.167514724677465	-0.143859441336837	0.02	0.022	1	DGCR6L	c11
0.00465584158067146	0.143856535212981	0.045	0.039	1	ISG15	c11
0.444477226121875	0.143635552780981	0.011	0.01	1	ATG12	c11
0.0811947022858747	0.143479805839654	0.041	0.037	1	CDC42SE2	c11
0.21889486001968	-0.143424960068416	0.015	0.016	1	MAX	c11
0.0254679851758076	0.142085752346794	0.056	0.051	1	NDUFB11	c11
0.0106885437874109	0.141950991339304	0.067	0.06	1	TMEM258	c11
0.0171004173146676	0.14162343359078	0.078	0.071	1	NDUFA13	c11
0.0965535774661153	-0.140769892783968	0.036	0.039	1	EIF5A	c11
0.442811086365978	0.140520179143936	0.011	0.011	1	MANF	c11
0.254529881095173	-0.140516332426378	0.015	0.017	1	M6PR	c11
0.230958845394549	0.140406739408705	0.02	0.018	1	TPR	c11
0.262321477585539	0.140050320910519	0.018	0.016	1	RASSF5	c11
0.331971228634627	0.139979937449786	0.016	0.015	1	FBL	c11
0.383209069825511	0.13948064862636	0.014	0.013	1	ZC3H15	c11
0.215743682522727	-0.139301734586362	0.019	0.021	1	CCDC109B	c11
0.372439161987518	0.139147885381686	0.012	0.011	1	TMX1	c11
0.196309263261245	0.139134304838623	0.024	0.021	1	MRPS6	c11
0.400406767936521	0.139119568649281	0.011	0.01	1	SRSF4	c11
0.36867782719193	-0.13886951313453	0.009	0.011	1	MRPL55	c11
0.362226649280562	-0.138365951396048	0.009	0.01	1	CENPC	c11
0.0704049868678683	-0.138111852897604	0.042	0.046	1	POLD4	c11
0.0588759292485321	0.137867415096714	0.042	0.038	1	RPS27L	c11
0.0345847243689025	-0.137572689322591	0.059	0.065	1	PGK1	c11
0.119223104777368	0.137406320388501	0.034	0.031	1	SP100	c11
0.260273680266225	0.137374443190466	0.018	0.017	1	PSMC5	c11
0.223682901125275	-0.13735427415733	0.018	0.02	1	PPP1CC	c11
0.392628517082831	-0.137250331987674	0.009	0.01	1	TXNL4A	c11
0.351087239818232	-0.137177041071409	0.011	0.012	1	HSD17B11	c11
0.299777375780706	-0.136160822078783	0.013	0.014	1	EPS15	c11
0.186642802090013	-0.136053359231839	0.02	0.023	1	ARPC4	c11
0.155473517847436	-0.136039673273433	0.023	0.026	1	TMED10	c11
0.000147154996574443	0.134593389994466	0.163	0.148	1	COMMD6	c11
0.000350006333060067	0.133814998304104	0.138	0.124	1	LOC101929876	c11
0.451831456584974	0.133571991735585	0.01	0.01	1	ETNK1	c11
0.285443399876052	0.133416699386288	0.019	0.018	1	C1orf86	c11
0.321984632605708	0.132290930946294	0.018	0.016	1	IDI1	c11
0.247490001135424	0.131786256836359	0.021	0.019	1	CBX3	c11
0.450567464907232	0.131504025693308	0.01	0.01	1	STK38	c11
0.0229922894444216	0.130923664807051	0.075	0.068	1	HNRNPK	c11
0.000912053478335151	0.130282352769298	0.134	0.122	1	HNRNPA2B1	c11
0.234739492532641	0.129981759989611	0.023	0.021	1	CDC42SE1	c11
0.143512980024876	-0.129047311488281	0.026	0.029	1	DYNLT1	c11
0.118681124428629	-0.12903208583834	0.032	0.035	1	JAK1	c11
0.372309494984953	-0.128947015977652	0.011	0.012	1	TAOK3	c11
0.463874278525959	0.128078993374825	0.01	0.01	1	ILK	c11
0.204532907803197	-0.127754589151442	0.023	0.026	1	P4HB	c11
0.514997474545	0.12689631302637	0.011	0.01	1	UHMK1	c11
0.347202616754755	-0.126839331483072	0.01	0.011	1	GLUD1	c11
0.391262142398427	-0.126379801286197	0.01	0.011	1	DIAPH1	c11
0.0147106114425558	-0.126169972671927	0.093	0.101	1	CCNI	c11
0.491518435810805	0.125965842151879	0.01	0.009	1	THYN1	c11
0.101182998218638	-0.125216806430078	0.039	0.043	1	SMDT1	c11
0.000163070731507143	-0.124971315430783	0.292	0.309	1	RPS2	c11
0.59082480505698	0.124845302257963	0.024	0.023	1	KLRC1	c11
0.353075795895099	0.124741712465365	0.021	0.019	1	ATRAID	c11
0.36815966817019	-0.124446790377942	0.011	0.013	1	SEPT2	c11
0.295946484100167	-0.124138910344999	0.018	0.019	1	LAMP1	c11
0.0432875820974376	-0.124043088365973	0.07	0.076	1	SNHG6	c11
0.165293376593776	-0.12366556369727	0.031	0.033	1	CSDE1	c11
0.189900803595577	-0.123553757207434	0.03	0.032	1	IDS	c11
0.350509753459122	-0.123019919998423	0.013	0.014	1	UBAC2	c11
0.495966276642646	0.123001602274275	0.01	0.009	1	TIMM8B	c11
0.360498394637568	-0.122789010282085	0.009	0.01	1	DDTL	c11
0.418111741371577	-0.122789010282085	0.009	0.01	1	SBDSP1	c11
0.378578052919655	-0.122678600953185	0.012	0.013	1	STRA13	c11
0.00325941805646489	0.122417644830672	0.127	0.117	1	HNRNPDL	c11
0.303447521250443	0.122192679049822	0.02	0.018	1	HP1BP3	c11
0.0365195693351347	0.122084729254351	0.062	0.056	1	SEC61G	c11
0.386840315080862	-0.120831176590245	0.013	0.014	1	TRAPPC6A	c11
0.443138335245284	0.11895737532765	0.012	0.011	1	MPG	c11
0.410725079007762	-0.118594820193308	0.01	0.011	1	CAMLG	c11
0.467696679160335	-0.118507327864087	0.009	0.01	1	TMEM208	c11
0.00594796832369708	-0.117891509569438	0.201	0.212	1	RPL36A	c11
0.366559365909869	-0.117121120655935	0.014	0.016	1	SDF4	c11
0.353299745763204	-0.117110267081956	0.01	0.012	1	DBNL	c11
0.290883022557937	0.116848412171694	0.019	0.017	1	HLA-DRB3	c11
0.442998576114068	-0.116369571014079	0.009	0.01	1	ANP32E	c11
0.331008507398628	-0.116364232158046	0.052	0.054	1	SEC61B	c11
0.403832616638402	0.11602167580237	0.015	0.014	1	LINC01420	c11
0.0500441790965133	0.115991378994434	0.061	0.056	1	RAN	c11
0.00672648674066265	0.115966535734449	0.118	0.109	1	EIF3K	c11
0.442337476061751	0.115671507699944	0.013	0.012	1	NUDC	c11
0.197712915509734	0.115507437678628	0.032	0.029	1	BLOC1S1	c11
0.407506516121488	-0.115491485143461	0.011	0.012	1	FDFT1	c11
0.233767428031913	-0.115309763112526	0.028	0.031	1	ANKRD12	c11
0.353391387790898	0.115001672540795	0.026	0.024	1	DUT	c11
0.0635935915112575	0.114884982684228	0.072	0.066	1	COX5B	c11
0.00953439593010026	0.114543694785961	0.085	0.077	1	UCP2	c11
0.369119682693921	-0.114093427958368	0.014	0.015	1	NONO	c11
0.296534372732065	0.113979241287383	0.027	0.025	1	MRPL57	c11
0.415327899277767	-0.113884810353942	0.011	0.012	1	BAZ1A	c11
0.305777751010146	-0.113789670711032	0.015	0.016	1	SNX6	c11
0.510533236190747	0.113052523348714	0.01	0.009	1	KXD1	c11
0.112872963780182	-0.112972888064452	0.038	0.042	1	PPP1R2	c11
0.0702034890962656	-0.112166347185964	0.1	0.106	1	CALM2	c11
0.356516537248461	0.111624819084858	0.017	0.016	1	MACF1	c11
0.266860024706774	-0.111296291452149	0.024	0.026	1	MZT2B	c11
0.143231760189525	0.110449595079514	0.045	0.042	1	CSNK2B	c11
0.113804773934352	0.110412380340581	0.049	0.045	1	UBE2D2	c11
0.473494856847458	0.110267024639671	0.013	0.012	1	MPC2	c11
0.529786956679405	0.110260509711366	0.011	0.01	1	CCT3	c11
0.506863877222795	0.110035027259132	0.011	0.01	1	MIER1	c11
0.1034684479344	-0.109911149248766	0.236	0.242	1	TXNIP	c11
0.463539718727139	-0.109868842096642	0.016	0.017	1	RBBP6	c11
0.463983843587636	0.10975995050636	0.014	0.013	1	RASA2	c11
0.352892547765785	0.10916737187236	0.02	0.018	1	PFDN2	c11
0.161563939219956	0.10881851756649	0.048	0.045	1	C19orf53	c11
0.316250118144141	0.108036823423173	0.022	0.02	1	NAA10	c11
0.48056327445904	-0.107195688961537	0.01	0.01	1	TGFBR2	c11
0.365329722501078	0.107034026141503	0.022	0.02	1	MRPL20	c11
0.200324495925805	-0.106643805442783	0.042	0.045	1	CELF2	c11
0.0502022003893477	-0.106631556978936	0.082	0.088	1	RPL23	c11
0.118563087203226	0.10617146145718	0.058	0.054	1	MORF4L1	c11
0.436954190230252	-0.10599292918725	0.011	0.012	1	PPP6C	c11
0.209300868625913	0.105821107710221	0.037	0.035	1	SCAND1	c11
0.401845981420801	0.105737495739696	0.021	0.02	1	RSRC2	c11
0.286284714492463	-0.105713056890297	0.048	0.05	1	DUSP4	c11
0.463045607431856	-0.105558688377433	0.01	0.011	1	ETHE1	c11
0.408047562033145	-0.105534524351573	0.013	0.014	1	EIF4H	c11
0.570075585292329	0.105523689461841	0.01	0.009	1	PIH1D1	c11
0.617940563986519	0.10517452658904	0.01	0.01	1	CARD8	c11
0.377892477834343	0.104971711657314	0.025	0.023	1	CNOT6L	c11
0.000896120067999115	0.104574196784253	0.193	0.178	1	COX7C	c11
0.17796496414641	-0.103728622099794	0.054	0.058	1	ENO1	c11
0.458601817188472	-0.103553883735833	0.011	0.012	1	RTF1	c11
0.410564994229121	0.103428953391346	0.022	0.02	1	TAF7	c11
0.864233876253511	-0.103256342974205	0.018	0.018	1	MIR155HG	c11
0.472425565445671	-0.103205111815631	0.009	0.01	1	XRN2	c11
0.480631573440543	-0.103205111815631	0.009	0.01	1	CCDC69	c11
0.484325766475319	-0.103100016565839	0.009	0.01	1	BPTF	c11
0.973796551838479	-0.102750175936959	0.518	0.489	1	RPS6	c11
0.256351949835954	-0.102524039246231	0.038	0.04	1	C19orf60	c11
0.242791392820147	0.101730785933281	0.043	0.04	1	NHP2L1	c11
0.363357892385708	0.1011217711744	0.023	0.021	1	C14orf166	c11
0.423715403571357	-0.100696371128803	0.015	0.016	1	HAX1	c11
0.454666498333287	0.100499190152008	0.015	0.014	1	HNRNPLL	c11
0.470108108453524	-0.100342810021857	0.01	0.011	1	RHEB	c11
