p_val	avg_log2FC	pct.1	pct.2	p_val_adj	gene	seurat_clusters
0	3.48524537143754	0.257	0.036	0	MTRNR2L2	c14
0	3.34539608183725	0.08	0.014	0	MTRNR2L8	c14
0	3.28296661925237	0.981	0.579	0	RNR1	c14
0	2.82116530190797	0.994	0.829	0	RNR2	c14
0	2.59655294447698	0.1	0.018	0	XIST	c14
0	2.51406843182167	0.28	0.066	0	ND6	c14
0	2.38225183088545	0.182	0.044	0	RNA45S5	c14
0	2.3366544239836	0.614	0.232	0	ND5	c14
0	2.30082656031038	0.777	0.479	0	ND4L	c14
0	2.29994588112527	0.802	0.501	0	ATP8	c14
0	2.2633501012528	0.717	0.32	0	ND1	c14
0	2.2330863113502	0.798	0.484	0	CYTB	c14
0	2.16255332657691	0.862	0.579	0	COX3	c14
0	2.09345314100026	0.658	0.283	0	ND2	c14
0	-2.08439257648516	0.093	0.323	0	IL32	c14
0	2.06671827279254	0.881	0.635	0	ATP6	c14
0	2.00558477873212	0.768	0.415	0	ND4	c14
0	-1.9515116010949	0.131	0.433	0	PFN1	c14
0	-1.9449930353636	0.146	0.394	0	CCL5	c14
0	1.90792515231669	0.94	0.801	0	COX1	c14
0	1.88345797338948	0.959	0.846	0	COX2	c14
0	1.87226217983839	0.912	0.705	0	ND3	c14
0	-1.78706338113896	0.143	0.452	0	RPL5	c14
0	-1.70179749269412	0.193	0.565	0	RPL7A	c14
0	-1.64324446720086	0.326	0.809	0	RPS15A	c14
0	-1.62418565406028	0.281	0.717	0	RPS3	c14
0	-1.6195841951912	0.206	0.587	0	RPS7	c14
0	-1.61709649509038	0.259	0.684	0	RPS4X	c14
0	-1.61090490680451	0.213	0.606	0	FAU	c14
0	-1.59397350171867	0.182	0.508	0	RPL14	c14
0	-1.59287843271403	0.184	0.507	0	RPL6	c14
0	-1.59157599601223	0.152	0.434	0	RPS5	c14
0	-1.59098480633846	0.384	0.879	0	RPL10	c14
0	-1.58979039650012	0.151	0.432	0	RPL15	c14
0	-1.58737546996806	0.173	0.467	0	RPLP0	c14
0	-1.58567121036477	0.197	0.541	0	RPL18	c14
0	-1.58070460221211	0.298	0.741	0	RPL19	c14
0	-1.5805734531618	0.199	0.529	0	RPL3	c14
0	-1.56543100513352	0.137	0.39	0	RPL24	c14
0	-1.55890978457879	0.24	0.624	0	RPL12	c14
0	-1.5587712676608	0.282	0.708	0	RPS27A	c14
0	-1.55688397668016	0.248	0.633	0	RPS3A	c14
0	-1.54171941637914	0.133	0.375	0	NACA	c14
0	-1.53637395795331	0.313	0.757	0	RPL11	c14
0	-1.53364867752224	0.262	0.667	0	RPL26	c14
0	-1.52822345230697	0.372	0.841	0	RPS12	c14
0	-1.51768070201745	0.216	0.576	0	RPL29	c14
0	-1.51588137514532	0.28	0.663	0	RPS14	c14
0	-1.51460679464702	0.411	0.875	0	TMSB4X	c14
0	-1.50716546157799	0.214	0.554	0	RPS25	c14
0	-1.50675782137731	0.149	0.404	0	RPL23A	c14
0	-1.49768238464726	0.343	0.799	0	RPL30	c14
0	-1.49428694258226	0.229	0.598	0	RPL35A	c14
0	-1.49183697467884	0.222	0.565	0	RPL8	c14
0	-1.4804798348388	0.245	0.598	0	RPS13	c14
0	-1.47890467532468	0.292	0.707	0	RPL18A	c14
0	-1.4721442662083	0.281	0.679	0	RPS23	c14
0	-1.45575642766056	0.175	0.429	0	SH3BGRL3	c14
0	-1.45417842403587	0.202	0.499	0	RPS6	c14
0	-1.45375436254669	0.283	0.692	0	RPS15	c14
0	-1.4525719113657	0.416	0.886	0	RPS27	c14
0	-1.44339973847034	0.261	0.621	0	RPS8	c14
0	-1.43382981260172	0.35	0.783	0	RPL32	c14
0	-1.41767107793393	0.214	0.531	0	PTMA	c14
0	-1.41656308245577	0.215	0.53	0	RPS29	c14
0	-1.41387081633555	0.415	0.873	0	RPL28	c14
0	-1.41224873407707	0.338	0.75	0	RPL34	c14
0	-1.40428275171273	0.328	0.756	0	RPS19	c14
0	-1.39621544085166	0.208	0.473	0	RPS26	c14
0	-1.39017971741928	0.329	0.708	0	TMSB10	c14
0	-1.38139265008059	0.504	0.937	0	B2M	c14
0	-1.37801610878647	0.451	0.874	0	EEF1A1	c14
0	-1.3773120645121	0.278	0.645	0	RPS21	c14
0	-1.36288580556618	0.163	0.412	0	RPL35	c14
0	-1.35897315912211	0.404	0.778	0	ACTB	c14
0	-1.35602537415785	0.252	0.594	0	RPL36	c14
0	-1.35103245083255	0.412	0.845	0	RPL39	c14
0	-1.34981505238644	0.317	0.707	0	RPS18	c14
0	-1.33984601692504	0.512	0.953	0	RPL41	c14
0	-1.32950094285492	0.261	0.607	0	RPL37	c14
0	-1.27576804873591	0.411	0.827	0	RPL13	c14
0	-1.2624594995676	0.464	0.893	0	RPLP1	c14
0	-1.25410994915604	0.21	0.486	0	RPLP2	c14
0	-1.23993818954582	0.297	0.653	0	RPS24	c14
0	-1.23657180683369	0.193	0.441	0	RPS9	c14
0	-1.18819644915395	0.324	0.646	0	TPT1	c14
0	-1.11610373511134	0.351	0.676	0	HLA-C	c14
0	-1.10390191168579	0.315	0.594	0	HLA-A	c14
0	-1.09479734727211	0.239	0.495	0	EIF1	c14
4.12975553538132e-291	-3.00638178772593	0.055	0.264	8.57585034477285e-287	NKG7	c14
6.01307080894543e-290	-1.53287543083803	0.127	0.357	1.24867428418561e-285	GNB2L1	c14
4.86771955801216e-286	-1.41824465337098	0.17	0.402	1.01083064341681e-281	ACTG1	c14
2.62382682550897e-279	-1.71029764589089	0.112	0.334	5.44863878585193e-275	IFITM1	c14
2.6263091779844e-277	-1.64422912792013	0.112	0.333	5.4537936390024e-273	RPSA	c14
7.90519815943683e-273	-1.29255998392185	0.173	0.402	1.64159344978865e-268	RPL9	c14
1.31541225141994e-267	-1.54143521416625	0.148	0.37	2.73158508129864e-263	GAPDH	c14
9.50397421096621e-251	-1.65773603720781	0.106	0.311	1.97359528464924e-246	CFL1	c14
7.76603719509943e-248	-1.17442861454385	0.197	0.418	1.61269528393435e-243	H3F3B	c14
4.63462647540311e-245	-1.42588511049246	0.133	0.342	9.62426533882211e-241	RPL22	c14
3.24546664840101e-237	-1.40064776098632	0.129	0.334	6.73953604206953e-233	RPS16	c14
1.11874389547566e-235	-2.06489081500354	0.063	0.249	2.32318357334475e-231	MYL12A	c14
2.10973369427072e-233	-1.40941797061405	0.128	0.33	4.38107298952259e-229	RPL10A	c14
6.88804881201488e-216	-1.50909485107667	0.107	0.296	1.43037221630301e-211	EEF1B2	c14
1.88134525753543e-212	-3.50824486251891	0.065	0.233	3.90680156179806e-208	CCL4	c14
4.24448530065651e-212	-1.37033692507754	0.129	0.319	8.8140981753433e-208	SERF2	c14
7.12451422814742e-208	-1.39473701353183	0.113	0.299	1.47947662461709e-203	EEF1D	c14
3.55982696114948e-207	-1.66870941612686	0.084	0.261	7.39233666752301e-203	CD3E	c14
9.70865193080798e-204	-1.06801876450908	0.213	0.412	2.01609865995159e-199	S100A4	c14
7.14267666787983e-202	-0.954422850229209	0.31	0.503	1.48324823685192e-197	JUNB	c14
1.53377650845162e-201	-1.6733363940364	0.083	0.256	3.18504029745064e-197	PPIA	c14
6.22759627661076e-194	-1.31695535744827	0.125	0.306	1.29322264280099e-189	RPL21	c14
1.2686376602771e-193	-1.30838364414534	0.121	0.301	2.63445296533143e-189	UBA52	c14
3.34503512479763e-193	-1.42582322293592	0.104	0.279	6.94629994015477e-189	RPL27	c14
1.64953458957659e-189	-2.07996066614243	0.052	0.209	3.42542352871474e-185	CST7	c14
1.90373925889337e-189	-1.39209700262176	0.112	0.287	3.95330494501797e-185	ATP5E	c14
1.19329742584282e-182	-1.14825772852195	0.151	0.33	2.4780014345052e-178	RPL37A	c14
2.52160537804658e-182	-1.64342585521679	0.078	0.239	5.23636572805153e-178	ARHGDIB	c14
3.487548423977e-179	-1.63855127174982	0.077	0.237	7.24224305723063e-175	PTPRCAP	c14
2.04355177339706e-171	-4.50894004527874	0.018	0.146	4.24363961263634e-167	GNLY	c14
9.02859702281522e-171	-1.0534291587588	0.218	0.395	1.87487845775781e-166	ZFP36	c14
8.21796419570497e-166	-0.879706504211264	0.226	0.409	1.70654244488009e-161	FXYD5	c14
2.92950127278569e-164	-1.38070518240333	0.103	0.261	6.08340234306677e-160	HSPA8	c14
3.7517596440695e-164	-1.83806716763808	0.055	0.198	7.79090407687473e-160	BTF3	c14
8.73801555748527e-162	-1.25356856871314	0.122	0.283	1.81453631066739e-157	CD52	c14
1.23475723901981e-158	-1.20295255913774	0.125	0.285	2.56409688254853e-154	PFDN5	c14
4.16013205717576e-157	-2.35713014215997	0.045	0.178	8.63893022993119e-153	GZMA	c14
7.33250567081081e-157	-1.3530934748948	0.105	0.258	1.52266812760057e-152	MYL6	c14
1.06431445955596e-156	-1.60380850764203	0.071	0.215	2.21015540671391e-152	PPDPF	c14
1.74331131272134e-150	-1.37158069253409	0.09	0.237	3.62016027199713e-146	TMA7	c14
1.0444459788914e-149	-1.55219586734497	0.071	0.211	2.16889651976589e-145	RPL36AL	c14
1.37742126096961e-149	-2.10908291942176	0.04	0.167	2.86035299052948e-145	RAC2	c14
1.33768872618897e-148	-1.46167645507419	0.086	0.229	2.77784440880402e-144	HCST	c14
1.93932581240729e-147	-1.77791414927213	0.056	0.189	4.02720398204498e-143	CD3D	c14
4.96289141833388e-142	0.644487302837556	0.847	0.891	1.03059403193121e-137	MALAT1	c14
5.80374371295604e-142	-1.81379936511574	0.059	0.189	1.20520541943245e-137	CD7	c14
3.32728064978336e-140	-1.4759633432784	0.076	0.212	6.90943099734013e-136	HNRNPA1	c14
1.66349410708582e-139	-0.796012064303533	0.322	0.5	3.45441186277441e-135	FTH1	c14
2.42480152500598e-139	-0.93922273845187	0.157	0.313	5.03534284682742e-135	RPS2	c14
2.36032598641862e-132	-1.4007643658921	0.084	0.216	4.9014529433969e-128	UBB	c14
5.23167260300939e-130	-3.02654477398723	0.022	0.127	1.08640913274093e-125	GZMB	c14
9.00975633410467e-130	-1.17920861977525	0.101	0.239	1.87096600034018e-125	IFITM2	c14
4.40832720867512e-129	-1.06657674951876	0.184	0.33	9.15433228153476e-125	DNAJB1	c14
3.44519352076624e-128	-1.19457872298303	0.106	0.242	7.15428886522317e-124	RPL4	c14
9.03129704759824e-127	-1.5851573771957	0.06	0.181	1.87543914490425e-122	PCBP2	c14
4.62304273591497e-122	3.31882036377728	0.015	0.002	9.60021054540102e-118	MTRNR2L1	c14
1.70730919565716e-121	-2.78704786236523	0.019	0.118	3.54539827570165e-117	GZMH	c14
1.45982699828904e-115	-1.0337054440952	0.125	0.256	3.03147674464703e-111	RPL38	c14
1.13025585061796e-114	-1.53496805090731	0.063	0.177	2.34708929939326e-110	CALM1	c14
1.26364050876832e-114	-1.40500355960218	0.073	0.19	2.6240758805083e-110	TOMM7	c14
1.94530626139313e-114	-1.39991232402639	0.072	0.189	4.03962298240898e-110	COX4I1	c14
2.21707244479909e-114	-1.43126548209054	0.07	0.186	4.6039726388698e-110	CORO1A	c14
7.36432475448243e-114	-0.957141264722889	0.165	0.302	1.52927567851582e-109	SRGN	c14
9.02744830736226e-112	-1.90513381012373	0.037	0.139	1.87463991550685e-107	PSME1	c14
2.13451771999962e-111	-1.3469613427175	0.065	0.178	4.43253949735122e-107	MIF	c14
7.76841123320356e-111	-1.41138483651091	0.069	0.182	1.61318827668705e-106	COX7C	c14
2.77941969278047e-110	-1.20311885400568	0.095	0.215	5.77174293402791e-106	RPL36A	c14
6.19958128397435e-110	-1.63895043777287	0.052	0.159	1.28740504943011e-105	CLIC1	c14
1.14747958806029e-106	-1.45423428690905	0.063	0.171	2.38285611256599e-102	ATP5L	c14
1.04938230003334e-105	-1.37528998350874	0.068	0.178	2.17914728424923e-101	ATP5G2	c14
1.17387728955285e-103	-1.52636459012298	0.073	0.181	2.43767357948546e-99	RGS1	c14
3.18073839784155e-103	-1.70964923146832	0.044	0.143	6.60512135695776e-99	ARPC2	c14
2.63745638245526e-102	-0.864320358406689	0.151	0.281	5.47694192380659e-98	CRIP1	c14
4.76689357921137e-101	-1.46905024419492	0.057	0.16	9.89893120659034e-97	HINT1	c14
6.98961847294131e-100	-0.785104203847991	0.223	0.355	1.45146417209099e-95	TSC22D3	c14
7.40921275905807e-100	-0.756604213961586	0.307	0.436	1.538597121546e-95	JUN	c14
8.35944529660653e-100	-1.42838282068426	0.062	0.165	1.73592241029331e-95	CD99	c14
8.08538200578722e-99	-1.1216653967305	0.095	0.207	1.67901042732177e-94	EEF1G	c14
1.04717334660908e-98	1.17522223901851	0.149	0.075	2.17456017156841e-94	NEAT1	c14
1.53367992103048e-98	-0.847237042792097	0.204	0.334	3.18483972401189e-94	VIM	c14
2.81345525285937e-98	-1.53276543959005	0.05	0.149	5.84242117808777e-94	OST4	c14
8.5207949480622e-98	-2.00134429048329	0.035	0.125	1.7694282789146e-93	CTSW	c14
1.39789139436101e-96	-1.79110581951224	0.037	0.129	2.90286126953007e-92	CD8A	c14
2.69617951212839e-95	-1.49575517072459	0.054	0.151	5.59888637488581e-91	COMMD6	c14
2.50699130861269e-94	-1.9183385967738	0.037	0.126	5.20601815146511e-90	KLRB1	c14
6.17401958558747e-94	-1.19387835239456	0.108	0.218	1.28209690714309e-89	DUSP2	c14
1.33989846161084e-93	-1.95632820824872	0.03	0.116	2.78243314538107e-89	RARRES3	c14
6.26206110834975e-93	1.72520312887136	0.048	0.015	1.30037960975991e-88	MACF1	c14
5.35387919582427e-92	-0.920225047501012	0.176	0.298	1.11178655380487e-87	HSPA1A	c14
7.94713975058162e-92	-1.56380565870472	0.057	0.153	1.65030304060578e-87	MT2A	c14
1.48308326665497e-90	-1.07255188090655	0.102	0.21	3.0797707115357e-86	HLA-H	c14
3.62061221406784e-90	-0.645679475696109	0.349	0.471	7.51856332373328e-86	FOS	c14
8.05536491915559e-90	-1.44217108159326	0.055	0.149	1.67277707911185e-85	NPM1	c14
3.09421454267228e-89	-1.8841685525162	0.031	0.114	6.42544591931326e-85	CHCHD2	c14
7.92768822170785e-89	-0.733148734660999	0.246	0.372	1.64626373611985e-84	DUSP1	c14
2.02843148001372e-88	-0.766415871168123	0.219	0.34	4.21224081139648e-84	CD69	c14
1.2987634783208e-87	2.9405840275034	0.031	0.007	2.69701223908098e-83	RMRP	c14
1.11685312523663e-86	-1.21975984605023	0.072	0.17	2.31925719986638e-82	RPL31	c14
1.67374328185628e-86	-1.83352132090409	0.032	0.114	3.47569529910276e-82	MYL12B	c14
4.11997670313377e-86	-0.700758257756257	0.212	0.335	8.55554362172758e-82	BTG1	c14
5.05455027423181e-86	-0.508874755767736	0.304	0.455	1.04962790994698e-81	FTL	c14
6.46001090948041e-85	-1.36593237766783	0.069	0.163	1.3414858654627e-80	DDIT4	c14
4.56723796683095e-84	-2.85019194610777	0.015	0.087	9.48432636192115e-80	CCL4L1	c14
6.00203653576205e-84	-1.54545916886808	0.044	0.13	1.24638290701635e-79	C12orf57	c14
6.98731314030404e-84	2.54013679553219	0.019	0.003	1.45098544671554e-79	TTN	c14
2.52602569827986e-83	2.88967311573792	0.016	0.003	5.24554496504795e-79	HNRNPU-AS1	c14
3.58523741749516e-81	-1.48614877380552	0.045	0.129	7.44510402117044e-77	SRP14	c14
7.38135648090076e-81	-1.33869201369487	0.057	0.145	1.53281248682385e-76	LRRC75A-AS1	c14
1.62963357612639e-80	-1.93484822494407	0.026	0.101	3.38409708418405e-76	SUMO2	c14
3.84547652003547e-80	-0.769653769764076	0.179	0.293	7.98551654150566e-76	UBC	c14
1.30759725077781e-78	-1.00579513044659	0.13	0.233	2.7153564509652e-74	NFKBIA	c14
3.84864151184034e-78	-1.64887802345397	0.041	0.121	7.99208896348765e-74	ALOX5AP	c14
9.11811126545279e-78	-1.37885896078324	0.053	0.137	1.89346698538393e-73	ARPC3	c14
1.0276413686009e-77	-1.01479245287348	0.096	0.193	2.13400006603662e-73	EEF2	c14
8.36641385700938e-76	-1.88667903666985	0.027	0.1	1.73736950154657e-71	SUB1	c14
1.03835796657271e-74	-1.22074958516334	0.064	0.15	2.15625415338488e-70	RHOA	c14
4.62792957992984e-72	1.64017726394635	0.043	0.014	9.61035856568231e-68	PLEC	c14
2.53041811915899e-70	-1.55468168200485	0.038	0.111	5.25466626624555e-66	EIF3K	c14
2.68840892335181e-70	-1.80459629995792	0.028	0.096	5.58274997023237e-66	PSMB9	c14
3.7064551205021e-70	-1.44228054706627	0.043	0.118	7.69682470323467e-66	UQCR11	c14
4.04555985574657e-70	-1.63126704324318	0.034	0.105	8.40100959644333e-66	SNRPD2	c14
5.67416490299466e-69	-1.68125188476624	0.03	0.099	1.17829708375587e-64	PCED1B-AS1	c14
7.39494308006687e-69	-1.31502877407177	0.051	0.128	1.53563388000669e-64	ARPC1B	c14
8.96010050386238e-69	-2.455546268882	0.014	0.075	1.86065447063206e-64	KLRD1	c14
4.37092660524017e-68	-1.53003020182227	0.038	0.109	9.07666618844173e-64	PPIB	c14
1.82714964059358e-67	-1.40531978255626	0.045	0.119	3.79425894365663e-63	IL2RG	c14
1.40213475700545e-66	-1.93390084137434	0.022	0.085	2.91167303639751e-62	SOD1	c14
2.14044258506617e-66	-0.817590739259885	0.147	0.244	4.4448430721484e-62	HSPA1B	c14
2.70272895846171e-66	-0.93542392429953	0.102	0.191	5.61248695514159e-62	ITM2B	c14
3.36298590128639e-66	-1.5009869116355	0.037	0.107	6.98357652261133e-62	CD8B	c14
3.39107846598498e-66	-1.13799881182603	0.064	0.144	7.04191354246442e-62	CIRBP	c14
1.79879010808859e-65	-1.29776617854665	0.052	0.127	3.73536753845676e-61	LOC101929876	c14
2.25703230856926e-65	-1.11433870682813	0.072	0.152	4.68695329197492e-61	TAGLN2	c14
3.25277546166509e-65	-0.715912312536592	0.139	0.236	6.75471352369372e-61	SARAF	c14
7.82143589351844e-65	-2.1829585071496	0.017	0.077	1.62419937764804e-60	PRF1	c14
7.10988301103814e-63	2.1512318709697	0.021	0.005	1.47643830607218e-58	KIAA0922	c14
1.22976876667919e-62	3.03140997234298	0.01	0.001	2.55373782088602e-58	AFF3	c14
1.3135964593198e-62	-1.43117759097626	0.039	0.107	2.72781440742349e-58	UBL5	c14
1.39748071913872e-62	-2.84887932126364	0.021	0.08	2.90200846136347e-58	CCL3	c14
2.48316001954725e-62	-1.17847638005618	0.058	0.132	5.15653009659182e-58	LSP1	c14
1.62514149223448e-61	-1.71332915742321	0.03	0.093	3.37476882277412e-57	LOC101929531	c14
2.70603716337565e-61	-2.30869219508363	0.016	0.073	5.61935677346588e-57	IFNG	c14
3.13691096199384e-61	-1.5890769974275	0.032	0.095	6.51410930367642e-57	LDHB	c14
3.46941931123528e-61	-0.853610025344276	0.082	0.164	7.20459614171118e-57	IFITM3	c14
1.95119825846799e-60	-1.1767784618269	0.058	0.131	4.05185830353462e-56	CD2	c14
6.98633295287748e-60	-1.10360160772752	0.064	0.138	1.45078190099454e-55	YWHAZ	c14
2.27257170022383e-59	-1.03382538843437	0.095	0.175	4.7192223926848e-55	LTB	c14
1.94426174944835e-57	-0.851166322446893	0.101	0.182	4.03745394890444e-53	CYBA	c14
3.41260035217652e-57	-0.547389120217357	0.216	0.317	7.08660589132976e-53	S100A6	c14
7.31090455722189e-57	-1.88788722043643	0.02	0.075	1.5181824403527e-52	COX6C	c14
9.71614437710171e-57	-0.786287156252231	0.13	0.216	2.01765454134894e-52	S100A10	c14
1.3242293431575e-56	1.49928942711031	0.04	0.014	2.74989465400086e-52	LENG8	c14
5.48707018835999e-56	-0.872265530991462	0.091	0.169	1.13944499531484e-51	RPL27A	c14
3.90999370013179e-55	-2.17093269782204	0.014	0.065	8.11949291769367e-51	HOPX	c14
8.10399821465245e-55	-1.18500039504864	0.05	0.116	1.68287626925473e-50	EVL	c14
1.58581728224417e-53	-1.30978416811432	0.041	0.103	3.29310816830825e-49	CCNI	c14
2.18133870360274e-53	-1.57600487207525	0.035	0.093	4.52976795190145e-49	HMGN2	c14
1.1466816578168e-52	0.882964298126814	0.123	0.071	2.38119913062236e-48	AHNAK	c14
3.87719727343622e-52	-1.4720652960524	0.034	0.091	8.05138785801766e-48	HSPE1	c14
2.83489616169165e-51	-1.2757562918181	0.048	0.11	5.88694536936889e-47	GZMK	c14
1.06766837840119e-50	-1.18841947058857	0.049	0.111	2.21712015458791e-46	RPL17	c14
1.7902554711097e-50	-1.53633029360434	0.027	0.081	3.71764451130641e-46	SKP1	c14
3.54599718140293e-50	-1.82188982218996	0.019	0.069	7.36361774690132e-46	GZMM	c14
4.84639353309472e-50	-1.17168485702324	0.047	0.107	1.00640208108245e-45	CALM2	c14
5.7477366868327e-50	-1.34305539589769	0.038	0.095	1.19357500038768e-45	LY6E	c14
1.00250840769245e-49	-1.01676450909703	0.068	0.135	2.08180895941413e-45	HMGB1	c14
1.04170597286304e-49	-1.31300225951957	0.038	0.095	2.16320662324738e-45	UQCRB	c14
1.35915202068221e-49	-1.54088401359244	0.027	0.079	2.82241508614868e-45	COX7A2	c14
1.87913348143369e-49	-1.60096929125342	0.027	0.079	3.9022085875452e-45	LDHA	c14
4.11624259388521e-49	2.60295060506658	0.01	0.002	8.54778937046203e-45	CIITA	c14
8.14036743282886e-49	-1.3343040262009	0.038	0.094	1.69042870110124e-44	RNASEK	c14
1.16872077165749e-48	-0.914035164698193	0.073	0.14	2.42696555442395e-44	ANXA1	c14
2.43366475939272e-48	1.23780533232498	0.05	0.021	5.05374823935491e-44	SRRM2	c14
2.94446569812497e-48	0.846291527329877	0.105	0.059	6.1144774687263e-44	CCNL1	c14
3.69832070083627e-48	-0.960765854735089	0.069	0.134	7.6799327673566e-44	ALDOA	c14
9.24636381049099e-48	-1.0420538754432	0.057	0.119	1.92009990888656e-43	HNRNPDL	c14
1.13075380784896e-47	1.62670832225273	0.028	0.009	2.34812335737916e-43	RALGPS2	c14
1.88119161440551e-47	-1.19197679395039	0.043	0.1	3.90648250647448e-43	DAZAP2	c14
2.01604120899559e-47	1.43456340834377	0.039	0.015	4.18651117460024e-43	KDM6B	c14
4.96715339803738e-47	-1.05602284714982	0.057	0.118	1.03147907463644e-42	ZFAS1	c14
5.53560672380036e-47	-0.937765793815379	0.073	0.138	1.14952409226438e-42	PNRC1	c14
6.94697278460711e-47	-1.52060628851998	0.026	0.076	1.44260836845151e-42	NDUFA4	c14
1.48868304076831e-46	-0.878209673218239	0.099	0.169	3.09139920245947e-42	LGALS1	c14
3.33786116417712e-46	-1.35991435293926	0.036	0.09	6.9314024935302e-42	TPI1	c14
1.24637368294532e-45	-2.38394294408262	0.015	0.059	2.58821959000425e-41	XCL2	c14
1.39935414441944e-45	-1.42208426100324	0.032	0.083	2.90589881630141e-41	ISG20	c14
3.45578768868213e-45	-0.713609570522338	0.103	0.174	7.17628871431731e-41	RPS11	c14
3.48669772536086e-45	-1.38543333927621	0.032	0.083	7.24047649648435e-41	EDF1	c14
6.15539567503602e-45	-1.62712124567876	0.023	0.07	1.27822946587798e-40	PSME2	c14
6.82968926658416e-45	-1.41881476103284	0.029	0.078	1.41825327309887e-40	RBM3	c14
6.91192475912188e-45	-1.0398028322701	0.056	0.115	1.43533029547925e-40	SLC25A6	c14
7.80637132698938e-45	-1.62767526950193	0.022	0.069	1.62107106976262e-40	LCK	c14
8.11301033590907e-45	-1.97757320846374	0.015	0.057	1.68474772635488e-40	RAN	c14
1.02336804934428e-44	-1.41722212372735	0.029	0.078	2.12512609126833e-40	HMGN1	c14
1.03273844072138e-44	-1.43362609444929	0.029	0.079	2.14458464600201e-40	COX8A	c14
1.46304501085489e-44	-1.52129920985521	0.025	0.072	3.03815926954127e-40	CKLF	c14
1.76531665712534e-44	-2.97754049027357	0.008	0.046	3.66585657018649e-40	CCL4L2	c14
1.86943007154847e-44	-0.691722430926095	0.119	0.191	3.88205848657755e-40	LAPTM5	c14
2.22546747086338e-44	-0.71986418200233	0.116	0.188	4.62140574999489e-40	S100A11	c14
3.01663667502377e-44	-1.99676901390848	0.014	0.057	6.26434771935437e-40	LINC00152	c14
3.59659629530126e-44	1.62991974447357	0.026	0.008	7.46869186682259e-40	KMT2C	c14
1.06198052684817e-43	-0.388369860196975	0.186	0.123	2.2053087620529e-39	RN7SK	c14
1.81901455922767e-43	-1.41382364149466	0.03	0.079	3.77736563369219e-39	UCP2	c14
2.09454873173222e-43	-1.58556140392915	0.023	0.069	4.34953989631513e-39	SLC25A5	c14
3.08549027317554e-43	-1.56668704313149	0.023	0.068	6.40732910127632e-39	ANAPC16	c14
3.25205570695547e-43	-1.49156480201976	0.024	0.07	6.75321888106373e-39	LITAF	c14
4.52909312535357e-43	-1.18135512547156	0.042	0.095	9.40511478410922e-39	COX6B1	c14
4.53788031973354e-43	-2.05448218138996	0.013	0.053	9.42336227195866e-39	PARK7	c14
6.05563191613688e-43	-0.724974765059754	0.107	0.176	1.25751252370499e-38	HSP90AB1	c14
7.81448583743826e-43	1.75945811535896	0.023	0.007	1.62275612900243e-38	NUFIP2	c14
8.24651526515531e-43	-1.77842717395458	0.018	0.061	1.71247135996215e-38	TRMT112	c14
1.09951957829477e-42	-1.29377409133592	0.033	0.083	2.28326235628692e-38	GPSM3	c14
1.20467375321922e-42	-0.93398363031695	0.064	0.123	2.50162551593503e-38	LIMD2	c14
2.21035036762891e-42	-1.26067894920669	0.035	0.085	4.59001357341819e-38	GMFG	c14
3.41292760354106e-42	-1.54921635239936	0.024	0.069	7.08728546151338e-38	APRT	c14
1.30644219838461e-41	-1.24520270932621	0.035	0.085	2.71295786916548e-37	COX6A1	c14
1.61945776071793e-41	-1.74411389757389	0.035	0.085	3.36296598590685e-37	SSR4	c14
1.69543667951871e-41	-1.45396121890728	0.026	0.072	3.52074380868856e-37	EIF3F	c14
4.70116416102333e-41	-1.41269341306461	0.028	0.074	9.76243749678105e-37	H2AFZ	c14
7.19478427884524e-41	-1.64086318393162	0.02	0.062	1.494068903345e-36	UQCR10	c14
1.36513214726584e-40	-0.838637258528604	0.08	0.141	2.83483341701225e-36	RPL7	c14
1.97821373553225e-40	-3.81513278046155	0.002	0.034	4.10795864320627e-36	FGFBP2	c14
1.3310066023418e-39	0.921718452928832	0.097	0.057	2.76396831042299e-35	VCAN	c14
3.57896813056943e-38	-1.27353424338774	0.032	0.077	7.43208521994047e-34	SNHG6	c14
3.64012159156183e-38	-1.65375720321616	0.018	0.057	7.5590764970373e-34	NDUFB2	c14
4.77227247273064e-38	1.66890428245834	0.021	0.007	9.91010101687246e-34	PARP14	c14
6.36863056193432e-38	-0.995331752776662	0.051	0.102	1.32250982249128e-33	YBX1	c14
7.15777398450932e-38	-0.994760388396565	0.051	0.103	1.48638334562321e-33	TCEB2	c14
7.38047510515584e-38	1.71583153578623	0.02	0.006	1.53262946033666e-33	MDM4	c14
7.77365205543773e-38	-1.26404003530185	0.033	0.078	1.6142765858322e-33	GUK1	c14
2.09458317037134e-37	-1.32225115521936	0.027	0.07	4.34961141159312e-33	CLEC2B	c14
2.53076492352786e-37	-1.65585332191652	0.018	0.056	5.25538644019795e-33	DBI	c14
3.1608929213864e-37	-1.33772288896854	0.027	0.07	6.56391024055101e-33	SSR2	c14
5.14754528015112e-37	-2.05733586891275	0.012	0.048	1.06893925287618e-32	ZNF683	c14
5.16906729255965e-37	1.96217088971155	0.016	0.004	1.07340851397294e-32	DDX3Y	c14
5.74016767646457e-37	-1.66120549461484	0.018	0.056	1.19200321969463e-32	RAP1B	c14
7.94424564320574e-37	-1.59750906945732	0.019	0.058	1.6497020502681e-32	GYPC	c14
8.03074610204975e-37	1.09572296140541	0.053	0.026	1.66766473555165e-32	SMCHD1	c14
8.67156173279266e-37	-1.02054391839624	0.046	0.095	1.80073650943172e-32	LEPROTL1	c14
1.00937929810487e-36	-1.38526699635282	0.025	0.066	2.09607705044457e-32	RPL21P28	c14
1.04220479795392e-36	-1.95284129973759	0.014	0.05	2.16424248343111e-32	LOC101060038	c14
1.05691376543034e-36	-1.7062909351865	0.017	0.055	2.19478712529265e-32	SEC61B	c14
1.13111020790343e-36	-1.485405949687	0.022	0.062	2.34886345773226e-32	TMEM258	c14
1.66957272087766e-36	-1.34577400257383	0.027	0.069	3.46703471217455e-32	CAPZB	c14
2.12488007602106e-36	-1.58022530773359	0.023	0.063	4.41252596586532e-32	BATF	c14
2.60043615668378e-36	-1.33664999219951	0.028	0.07	5.40006572296955e-32	TUBA4A	c14
2.81099685671613e-36	-1.35346451595058	0.025	0.066	5.83731607265672e-32	RPS18P9	c14
3.35746675520718e-36	-1.47887178803926	0.022	0.062	6.97211546386323e-32	CD3G	c14
5.62284978855562e-36	-1.0385258213458	0.046	0.093	1.16764098709146e-31	ATP5I	c14
6.94186942028219e-36	-0.571685018732077	0.169	0.238	1.4415486038158e-31	IER2	c14
1.37913210585162e-35	-1.72763042343367	0.015	0.052	2.86390573101148e-31	C9orf16	c14
1.54185435102281e-35	-1.88478319609555	0.025	0.065	3.20181474533397e-31	XCL1	c14
1.88911575425294e-35	1.25296189067141	0.036	0.015	3.92293777528166e-31	TNRC6B	c14
3.10493472402474e-35	-1.36821878392401	0.026	0.066	6.44770744790977e-31	PGK1	c14
3.33369335592701e-35	-1.53860848360184	0.02	0.058	6.92274762291803e-31	SEC61G	c14
3.83019655792501e-35	-1.206556993451	0.033	0.076	7.95378617218707e-31	PCBP1	c14
4.49260773700571e-35	-2.76669114890863	0.013	0.047	9.32934922666605e-31	CXCL13	c14
6.42643888146322e-35	-0.70074793935173	0.103	0.163	1.33451429812465e-30	PPP1R15A	c14
8.31960151410988e-35	-0.443125076610726	0.198	0.271	1.72764845042006e-30	ZFP36L2	c14
1.22688576665894e-34	-1.27312805076803	0.029	0.07	2.54775098304395e-30	GNG5	c14
1.80544208705857e-34	-1.50984779935007	0.02	0.057	3.74918103798583e-30	PSMB8	c14
1.83479424980181e-34	-0.734463916226113	0.097	0.155	3.81013373913844e-30	CD37	c14
1.8946433249325e-34	-1.19555236330437	0.033	0.075	3.93441632855484e-30	CALR	c14
1.98897598365695e-34	-0.984472670434021	0.047	0.094	4.13030752766202e-30	SNHG8	c14
2.69859779370068e-34	-1.21836762564162	0.031	0.072	5.60390817839884e-30	NDUFA13	c14
2.78210059870889e-34	-0.682788889084379	0.105	0.165	5.77731010327888e-30	GABARAP	c14
3.10939968847863e-34	1.74639551931549	0.017	0.005	6.45697939309472e-30	TRIM38	c14
6.38174336228599e-34	-1.30093829400541	0.045	0.09	1.32523282661231e-29	HLA-DRB4	c14
8.47879365846815e-34	-1.54508463796585	0.018	0.054	1.7607062911175e-29	ATP5G3	c14
1.02234652869145e-33	-1.36957511609448	0.024	0.062	2.12300480148067e-29	NDUFA3	c14
3.69389646333361e-33	-1.44411142470899	0.021	0.058	7.67074539575858e-29	NDUFA1	c14
4.37941668196144e-33	1.19614152303019	0.037	0.016	9.09429668176113e-29	ATM	c14
4.48296222634111e-33	0.877020357841553	0.069	0.038	9.30931935921995e-29	SFPQ	c14
1.39434655714023e-32	2.09121283471329	0.011	0.003	2.89550006055741e-28	ANKRD36C	c14
1.66568524086924e-32	-2.3978628157035	0.007	0.035	3.45896197118906e-28	APOBEC3G	c14
1.9529786015312e-32	-1.41349111020829	0.022	0.058	4.05555536393968e-28	SAP18	c14
3.16087415860481e-32	-1.54669408873025	0.018	0.053	6.56387127775875e-28	RABAC1	c14
3.35167923561776e-32	-0.483488664377284	0.177	0.243	6.96009710068383e-28	TXNIP	c14
3.50235425963359e-32	-0.712221974584154	0.084	0.138	7.27298885555511e-28	EMP3	c14
4.65624624597129e-32	-1.23739004032564	0.029	0.068	9.66916095438398e-28	COX5B	c14
4.90694603343465e-32	0.858636505900975	0.071	0.04	1.01897641330304e-27	RNF213	c14
5.81710918185223e-32	-1.3712331788549	0.023	0.06	1.20798089270343e-27	PSMA7	c14
7.24116431767267e-32	-1.46421399161695	0.018	0.053	1.50370018220791e-27	RPS14P3	c14
8.9111706369302e-32	-1.27013778386323	0.027	0.065	1.85049369446492e-27	UQCRH	c14
1.16914474306945e-31	-2.33948481014955	0.007	0.035	2.42784597345802e-27	CMC1	c14
1.41823092590331e-31	0.930004870271486	0.058	0.031	2.94509834073082e-27	DDX17	c14
1.52099801036901e-31	2.02561050175537	0.011	0.003	3.15850446833228e-27	SPTBN1	c14
1.66520257479357e-31	-1.37771680004835	0.022	0.058	3.45795966681633e-27	CTSC	c14
1.80288018158348e-31	-1.45868061206695	0.02	0.055	3.74386098507626e-27	SELK	c14
3.41044841145059e-31	1.19692417350443	0.035	0.015	7.08213717121829e-27	NKTR	c14
3.5217309751268e-31	-1.06527328881902	0.037	0.078	7.31322654294831e-27	CNBP	c14
3.76563599222504e-31	-1.55887984718941	0.016	0.05	7.81971970145452e-27	RGS10	c14
4.54581797151436e-31	-1.39420932090282	0.022	0.057	9.43984559964673e-27	CNN2	c14
6.40278437109192e-31	-3.29440103204582	0.003	0.027	1.32960220250095e-26	RPS4Y1	c14
9.98971294571209e-31	1.04225599764062	0.043	0.021	2.07446379030657e-26	HNRNPH1	c14
1.61118715419126e-30	-1.45374266085029	0.019	0.053	3.34579124439357e-26	PPP1CA	c14
1.76534542694761e-30	-1.35666792125257	0.024	0.06	3.6659163135994e-26	ITM2A	c14
1.78813843186529e-30	-1.71031183070929	0.014	0.045	3.71324826761147e-26	TIGIT	c14
2.05307616021486e-30	-1.16161976082781	0.031	0.069	4.26341795430218e-26	POLR2L	c14
2.70229897624515e-30	-2.02684787024513	0.009	0.038	5.61159405407067e-26	KLRC2	c14
2.71405018247383e-30	-1.49198763566097	0.018	0.051	5.63599660892516e-26	ATP5J2	c14
3.25102552699935e-30	-1.3048605491406	0.024	0.059	6.75107960936686e-26	RBM8A	c14
3.29146338125462e-30	-1.37220599953801	0.035	0.074	6.83505285751334e-26	LOC100996809	c14
3.52414729690951e-30	-1.43485353574474	0.02	0.054	7.31824427676228e-26	CD247	c14
7.63078113403276e-30	0.54901669283624	0.17	0.121	1.58460801029324e-25	FOSB	c14
9.84223805950359e-30	-1.26385400112482	0.025	0.061	2.04383915543652e-25	ARL6IP5	c14
1.121113300444e-29	-1.84051360081205	0.01	0.039	2.32810387970201e-25	C12orf75	c14
1.42317732800517e-29	1.90249404943588	0.013	0.004	2.95537003933553e-25	MKLN1	c14
1.72917218441659e-29	-1.25139913961412	0.026	0.061	3.59079895815949e-25	PLP2	c14
1.78977552438485e-29	-1.68030166113679	0.013	0.043	3.71664785393758e-25	SH2D2A	c14
2.22725385589427e-29	0.725514404526787	0.097	0.061	4.62511535715005e-25	JUND	c14
2.32771137940177e-29	-0.892446293108929	0.05	0.093	4.83372545046572e-25	YWHAB	c14
2.70740457296334e-29	-1.34719634811078	0.022	0.056	5.62219633621566e-25	CD27	c14
2.86360965390758e-29	-1.1734611305609	0.027	0.063	5.94657180730449e-25	HIGD2A	c14
3.18528130355793e-29	-1.24038511597073	0.026	0.061	6.6145551549684e-25	PRR13	c14
3.21504425233706e-29	2.04382810928068	0.01	0.003	6.67636089440314e-25	FCHSD2	c14
5.59249216341681e-29	-1.31796046602492	0.035	0.073	1.16133692265513e-24	TUBA1B	c14
5.92125633649631e-29	-1.17690671975397	0.028	0.064	1.22960809083682e-24	C19orf43	c14
6.25132056369314e-29	-0.981667206836573	0.042	0.082	1.29814922825652e-24	CITED2	c14
6.53095496475343e-29	-1.14373934940801	0.03	0.066	1.3562181079807e-24	PTGES3	c14
6.59686233123411e-29	-0.852932727650384	0.054	0.097	1.36990443170408e-24	CYTIP	c14
7.70507780363927e-29	-1.0085237013567	0.03	0.066	1.60003645670373e-24	H3F3AP4	c14
7.81361858044145e-29	-1.47333071212701	0.017	0.049	1.62257603441447e-24	ROMO1	c14
7.82735752705529e-29	1.17244895099045	0.032	0.015	1.6254290640683e-24	VPS13C	c14
8.8241845488497e-29	-0.903786728349074	0.044	0.084	1.83243016341413e-24	GSTK1	c14
9.00887775260582e-29	-1.6642846078751	0.014	0.044	1.87078355410613e-24	SPCS1	c14
1.537108186488e-28	-1.33604187457058	0.021	0.054	3.19195886006099e-24	CCND3	c14
1.64499080346149e-28	-0.956305145552785	0.041	0.081	3.41598790246814e-24	GPX4	c14
2.13258952185738e-28	1.21587120691819	0.029	0.013	4.42853540108903e-24	UTRN	c14
2.18602610958917e-28	0.785430948216175	0.074	0.044	4.53950181917286e-24	RSRP1	c14
2.50363456509242e-28	-1.6735063589031	0.013	0.041	5.19904753787092e-24	CALM3	c14
2.51283264030421e-28	-1.19866114530868	0.026	0.06	5.21814826085571e-24	EIF3G	c14
2.9234358136031e-28	-1.10866738638353	0.03	0.065	6.0708068105282e-24	USMG5	c14
3.32178439165997e-28	-2.27449191962972	0.011	0.039	6.89801746772109e-24	MT1X	c14
5.088572575032e-28	-1.2487212106049	0.023	0.056	1.05669298093115e-23	SERTAD1	c14
5.1747038368407e-28	-1.00506224313249	0.036	0.074	1.07457899875834e-23	CIB1	c14
5.31728906041436e-28	-1.09703469968717	0.031	0.067	1.10418824628565e-23	SLC25A3	c14
6.0410155382252e-28	-1.19996023035738	0.022	0.055	1.25447728666785e-23	PRDX1	c14
9.20918815742812e-28	-1.22787358979881	0.025	0.058	1.91238001277152e-23	ERP29	c14
1.27906596406545e-27	-1.40550833141271	0.019	0.05	2.65610838097832e-23	ARF1	c14
1.92578581726406e-27	-1.03039960369374	0.035	0.072	3.99908682813055e-23	VAMP2	c14
2.33298305051133e-27	-1.37243103521092	0.019	0.051	4.84467260269182e-23	HNRNPA1P10	c14
2.40047067670384e-27	-1.16486095358	0.028	0.062	4.9848174072432e-23	KRTCAP2	c14
2.52911460343569e-27	-1.44839590552207	0.017	0.047	5.25195938549455e-23	UXT	c14
2.88724376254022e-27	1.70217054396739	0.014	0.004	5.99565039729101e-23	SERINC5	c14
3.19510117778762e-27	-1.47616669729112	0.016	0.046	6.63494710579377e-23	C19orf53	c14
3.27774358407225e-27	-1.20581697895385	0.025	0.058	6.80656232668444e-23	NDUFS5	c14
3.67451189083081e-27	-2.11908852339877	0.008	0.034	7.63049139249925e-23	LAG3	c14
3.76073170132944e-27	-1.33052568027294	0.02	0.052	7.80953545098071e-23	NDUFB11	c14
7.4941966311406e-27	-1.32754123396817	0.02	0.052	1.55624487242266e-22	DRAP1	c14
7.65126786891078e-27	-1.19344688929855	0.026	0.059	1.58886228565801e-22	ATP6V1G1	c14
8.3266689553061e-27	-0.467805246760133	0.174	0.233	1.72911607525886e-22	CXCR4	c14
8.87236254629782e-27	-1.41140427359005	0.016	0.046	1.8424348063642e-22	NME2	c14
1.03014304178857e-26	1.00643086679188	0.042	0.022	2.13919504057814e-22	JMJD1C	c14
1.03178178782733e-26	-1.10126745231195	0.029	0.064	2.14259806060222e-22	EIF3E	c14
1.96068747912612e-26	-1.42125974673214	0.018	0.047	4.0715636191533e-22	C4orf3	c14
2.29810706403148e-26	-1.23350460081605	0.023	0.055	4.77224912916777e-22	NDUFB1	c14
2.73006391926253e-26	1.31430849517694	0.025	0.011	5.66925073474057e-22	STAB1	c14
3.33694113045841e-26	-0.810885927083021	0.059	0.1	6.92949195150994e-22	DNAJA1	c14
4.22396245261614e-26	-1.26565737606184	0.021	0.052	8.77148042910268e-22	CUTA	c14
5.88313280930631e-26	1.01393558752095	0.04	0.02	1.22169135918055e-21	ANKRD44	c14
6.93136376402271e-26	-1.62261256105084	0.013	0.04	1.43936699923696e-21	PGAM1	c14
1.10635061341184e-25	1.22333948546226	0.031	0.014	2.29744768381103e-21	RANBP2	c14
1.29541297644247e-25	-1.32887789229184	0.021	0.051	2.69005458688043e-21	DUSP4	c14
1.34598113470544e-25	-0.996683798887387	0.046	0.084	2.79506442432932e-21	RGCC	c14
1.43470607043798e-25	-0.631985152463141	0.06	0.102	2.97931062587151e-21	GSTP1	c14
1.44983439108081e-25	-1.07897339229965	0.03	0.064	3.01072609651842e-21	RPL22L1	c14
1.46220114667617e-25	1.95499685682381	0.01	0.003	3.03640690118774e-21	GOLGA8B	c14
2.60491066805071e-25	-1.37295169747471	0.017	0.046	5.4093574932741e-21	WDR83OS	c14
2.70980409088825e-25	-0.968288177035373	0.038	0.073	5.62717917513854e-21	CYCS	c14
2.78217614274645e-25	-1.41630742687272	0.016	0.044	5.77746697802728e-21	TRAPPC1	c14
2.98017271334408e-25	1.3212945577654	0.022	0.009	6.18862665653031e-21	BIRC6	c14
4.24549842298481e-25	1.08928790642312	0.036	0.017	8.81620202517027e-21	ZBTB20	c14
6.44116370525898e-25	-1.65851408231447	0.012	0.037	1.33757205503408e-20	COX5A	c14
6.78240070132044e-25	1.52654347510227	0.02	0.008	1.4084333296362e-20	ELL2	c14
8.67646113320264e-25	-1.34109254238803	0.018	0.046	1.80175391892086e-20	SEPT7	c14
1.11150051557564e-24	-1.16385297826862	0.041	0.076	2.30814197064438e-20	HERPUD1	c14
1.14478157049784e-24	-1.44617832340191	0.016	0.043	2.37725340929582e-20	ATP5O	c14
1.29425672659562e-24	0.875316960402419	0.054	0.03	2.68765351844845e-20	AKAP13	c14
1.42637440579047e-24	-1.5075108256195	0.014	0.04	2.9620090910645e-20	NDUFB8	c14
1.43372198102933e-24	-1.52715792457944	0.013	0.04	2.97726706580551e-20	CORO1B	c14
1.87639461933876e-24	-1.41165583389599	0.016	0.044	3.89652106651887e-20	ARPC5	c14
3.18604448953854e-24	-1.30098979692594	0.018	0.046	6.61613998697574e-20	SEPW1	c14
4.77214670993202e-24	-1.351814703569	0.018	0.045	9.90983985784484e-20	ABRACL	c14
5.33042963797655e-24	-0.729275693174484	0.062	0.102	1.10691701862221e-19	ATP6V0C	c14
7.24125751883323e-24	-1.45477241571087	0.015	0.041	1.50371953636091e-19	YWHAQ	c14
7.99166815547614e-24	0.868680583472114	0.057	0.033	1.65954980916618e-19	REL	c14
1.03874033748219e-23	-1.06361232261993	0.028	0.059	2.15704818481552e-19	SEPT1	c14
1.37866853311564e-23	-1.0823518063629	0.027	0.057	2.86294307586795e-19	HNRNPA0	c14
1.40318216553975e-23	1.34445920371076	0.02	0.008	2.91384808495985e-19	PHC3	c14
1.6335448820795e-23	-2.43540270382581	0.005	0.026	3.39221930212629e-19	CLIC3	c14
2.118934785461e-23	-1.65793456314051	0.011	0.035	4.40017997548832e-19	LYAR	c14
2.42128934161508e-23	1.23354941967808	0.025	0.011	5.02804944679788e-19	PER1	c14
2.48556134805466e-23	1.76037182499485	0.011	0.003	5.1615166953703e-19	DENND4A	c14
2.49917476129513e-23	1.41255199305394	0.018	0.007	5.18978630930547e-19	ASH1L	c14
2.70178957372837e-23	-1.30204170731952	0.018	0.045	5.61053622880433e-19	BRK1	c14
3.05990749906932e-23	-1.28555541384051	0.019	0.046	6.35420391256735e-19	UBE2D2	c14
3.21253839119956e-23	-1.41033238414619	0.015	0.041	6.67115722316501e-19	HNRNPF	c14
3.5037297312815e-23	0.720226640367728	0.068	0.041	7.27584515997916e-19	MS4A1	c14
3.94393414658484e-23	-1.05710473827079	0.027	0.058	8.18997364879808e-19	NDUFA11	c14
5.25680340407027e-23	1.37969194105989	0.019	0.007	1.09162779488923e-18	PARP15	c14
5.28885027274999e-23	-1.39942517503984	0.015	0.041	1.09828264763926e-18	PSMB10	c14
5.54421041718227e-23	-0.670822072959984	0.078	0.12	1.15131073523207e-18	GADD45B	c14
6.95456963288536e-23	0.896280313925161	0.047	0.026	1.44418592996497e-18	APLP2	c14
7.54014229592254e-23	-1.08082651578393	0.031	0.062	1.56578594917127e-18	ATF3	c14
1.01463991672259e-22	-1.33199573607178	0.016	0.042	2.10700125106612e-18	LSM7	c14
1.01889090027854e-22	-1.03610785928982	0.029	0.059	2.11582884351841e-18	SOCS1	c14
1.04591188775364e-22	-2.12719242280441	0.006	0.027	2.17194062610921e-18	TNFRSF18	c14
1.10508516550221e-22	1.20354641441557	0.024	0.011	2.29481985468188e-18	OGT	c14
1.59895520602645e-22	1.37114053951515	0.018	0.007	3.32039038083452e-18	NCOA3	c14
1.65517507705898e-22	-1.22527611408272	0.018	0.044	3.43713656502068e-18	RHOC	c14
1.72806631225634e-22	1.17250300219623	0.026	0.012	3.58850250403152e-18	BANK1	c14
2.06225654980545e-22	-1.35217514079417	0.017	0.043	4.28248195132599e-18	CARD16	c14
2.17523270701165e-22	-1.36332602589709	0.016	0.041	4.51708823938038e-18	NHP2L1	c14
2.23933906406541e-22	-1.18740546633896	0.021	0.048	4.65021150043824e-18	RPSAP58	c14
2.56465518163471e-22	0.970078151019566	0.037	0.019	5.32576295018264e-18	ATP2B1	c14
2.59973316240865e-22	-1.26442494652343	0.018	0.044	5.3986058850578e-18	ARF5	c14
2.87123320744808e-22	-1.44108739587787	0.014	0.039	5.96240287858667e-18	RPS27L	c14
3.26874011343127e-22	-0.86464415943119	0.038	0.071	6.78786571955138e-18	C9orf142	c14
3.31696751141607e-22	-1.40419808102958	0.015	0.039	6.88801473420662e-18	DAD1	c14
3.46810303293477e-22	-1.05107757354439	0.027	0.056	7.20186275819235e-18	VAMP8	c14
3.59119261683224e-22	-1.99679235357879	0.007	0.028	7.45747058811384e-18	KLRC3	c14
5.61729374175493e-22	-1.24709308096015	0.018	0.044	1.16648721841283e-17	PET100	c14
5.98364474489093e-22	-1.59028246080401	0.011	0.034	1.24256366772405e-17	NDUFB4	c14
6.61546756471321e-22	1.09967441346148	0.028	0.013	1.37376799448835e-17	GPCPD1	c14
7.26960320132182e-22	-1.22974866895939	0.02	0.046	1.50960580078649e-17	GIMAP7	c14
7.29236119729408e-22	-0.969250615390538	0.03	0.061	1.51433172623009e-17	LIME1	c14
7.6750973135539e-22	-0.754406229193559	0.054	0.09	1.5938107081326e-17	SERP1	c14
7.76316177312e-22	-1.17470453655132	0.022	0.049	1.6120981738061e-17	LAT	c14
8.246391774511e-22	-1.06390550060694	0.026	0.054	1.71244571589495e-17	ACTR3	c14
1.01720745621012e-21	-0.877191712627281	0.038	0.07	2.11233300356593e-17	HNRNPK	c14
1.02364447302707e-21	-1.58308190120763	0.011	0.033	2.12570011268801e-17	ATP5J	c14
1.2561294279497e-21	-1.78046944495815	0.008	0.029	2.60847837008035e-17	NDUFA6	c14
1.6984855535997e-21	1.17470610516301	0.024	0.011	3.52707510060514e-17	SORL1	c14
1.89856028891091e-21	1.46872944681509	0.015	0.005	3.9425502959524e-17	RICTOR	c14
3.78443627336946e-21	0.293949749753371	0.121	0.086	7.85876036527902e-17	S100A9	c14
4.22622160294056e-21	1.43805949999341	0.016	0.006	8.77617178066637e-17	LRP1	c14
4.25432926046321e-21	-1.0520861898509	0.026	0.054	8.83454014227789e-17	GAS5	c14
4.47750504449465e-21	-0.92917934362906	0.032	0.062	9.29798697539759e-17	CSTB	c14
4.66939101228088e-21	1.80303896129982	0.01	0.003	9.69645737610248e-17	TUG1	c14
4.86757464931146e-21	-1.01187700137285	0.029	0.058	1.01080055167602e-16	CD63	c14
5.64847927105039e-21	-1.49503965185067	0.012	0.035	1.17296320542632e-16	SKAP1	c14
6.24005364643496e-21	-1.25237864717862	0.018	0.043	1.29580954021868e-16	TXN	c14
6.69303824836386e-21	-3.68093075243045	0.001	0.017	1.38987632265524e-16	LOC101928173	c14
7.30848604668067e-21	-1.45919000910275	0.013	0.036	1.51768021245371e-16	PVRIG	c14
8.51176107120944e-21	-1.48027161084256	0.012	0.035	1.76755230404735e-16	TOMM6	c14
1.01258397757964e-20	-1.19696103870018	0.019	0.044	2.10273188784188e-16	C11orf31	c14
1.02358798708112e-20	-1.28012931058247	0.017	0.041	2.12558281397266e-16	UBXN1	c14
1.09632087826143e-20	-1.50045961059307	0.018	0.042	2.27661993579769e-16	TUBB	c14
1.2565440050629e-20	-1.12059950572161	0.022	0.048	2.60933928091362e-16	EIF3H	c14
1.34002991258386e-20	-1.54734063161431	0.012	0.034	2.78270611647165e-16	ITM2C	c14
1.40650594121217e-20	-0.854617948526017	0.038	0.069	2.9207502375212e-16	SRSF3	c14
1.51638565299411e-20	-1.91510093921891	0.007	0.027	3.14892644700757e-16	MIR4435-1HG	c14
1.52438498625883e-20	-1.24290495617442	0.018	0.042	3.16553786246509e-16	CSNK2B	c14
1.79015625599047e-20	1.16370975653018	0.023	0.01	3.7174384811898e-16	ZNF292	c14
1.80959259439704e-20	-1.4192793826039	0.014	0.036	3.7577999815249e-16	ATP6V1F	c14
1.9399225094095e-20	1.35027185750365	0.017	0.007	4.02844308303977e-16	TNFAIP2	c14
1.98873715281251e-20	-0.988989600538616	0.028	0.056	4.12981157153047e-16	FKBP1A	c14
2.66491429967559e-20	-0.85016743986031	0.037	0.067	5.53396103470633e-16	GLTSCR2	c14
3.02898546541678e-20	-1.60976760343747	0.01	0.031	6.28999121748448e-16	UBE2L6	c14
3.39062182541507e-20	-1.18894161027208	0.019	0.043	7.04096528265693e-16	SMDT1	c14
3.87120445804784e-20	-1.26509487276177	0.019	0.043	8.03894317758215e-16	CAPG	c14
3.9298701846379e-20	-1.32170268233333	0.016	0.039	8.16076842541907e-16	BAX	c14
4.39214834968194e-20	-1.24693491393136	0.016	0.04	9.12073526294951e-16	EIF5A	c14
5.34241862044001e-20	-1.34627397581219	0.014	0.037	1.10940665072057e-15	RBX1	c14
5.63982114099602e-20	-1.31832098025947	0.015	0.038	1.17116525813923e-15	SNRPG	c14
6.08014728103931e-20	1.57916102495908	0.012	0.004	1.26260338438062e-15	ITPR2	c14
6.19527750097118e-20	1.39067064879696	0.016	0.006	1.28651132585167e-15	PCF11	c14
6.20410201505755e-20	-1.17303627586036	0.019	0.044	1.28834382444685e-15	CSRNP1	c14
6.67514744633225e-20	-1.02525852886115	0.022	0.048	1.38616111870535e-15	ATPIF1	c14
7.54765336076696e-20	-0.956536036278317	0.029	0.057	1.56734569689687e-15	ATP6V0E1	c14
9.30989262306998e-20	-1.56269974127541	0.01	0.031	1.93329230210671e-15	CDK2AP2	c14
1.2268912744179e-19	-1.41701881124264	0.013	0.035	2.54776242045621e-15	COX17	c14
1.30583869796537e-19	-0.325268828790522	0.234	0.287	2.71170464019489e-15	KLF6	c14
1.37234341466186e-19	1.03025434480831	0.029	0.014	2.84980833488682e-15	MYCBP2	c14
1.47620038761148e-19	-0.361544368244186	0.168	0.218	3.065477724914e-15	PABPC1	c14
1.61956865413466e-19	-1.39456866116296	0.013	0.035	3.36319626717604e-15	NOP10	c14
2.13170328971784e-19	1.58072935970431	0.012	0.004	4.42669505142807e-15	MON2	c14
2.66426929805385e-19	-1.52321001442576	0.011	0.032	5.53262162433863e-15	CACYBP	c14
2.84901616732556e-19	0.194125786621407	0.115	0.081	5.91626697306827e-15	S100A8	c14
2.92329802530417e-19	-0.706933081181539	0.052	0.085	6.07052067934664e-15	TSPO	c14
2.95075520670542e-19	-1.0018781276923	0.03	0.057	6.12753826224447e-15	PHLDA1	c14
3.31178128101827e-19	-1.39696624328024	0.013	0.034	6.87724500816255e-15	SNRPB	c14
3.86019915980248e-19	-0.534347221522494	0.091	0.131	8.01608957524582e-15	SRSF7	c14
3.89904804930464e-19	0.632363182619134	0.076	0.05	8.09676317918602e-15	FLNA	c14
4.40812240591248e-19	1.26827401743723	0.019	0.008	9.15390698811786e-15	ATHL1	c14
4.95988005926886e-19	-0.931725271325297	0.031	0.058	1.02996869310777e-14	ENO1	c14
5.55144611770072e-19	1.04417930086978	0.027	0.014	1.15281330080173e-14	MGEA5	c14
5.66964959795091e-19	-1.26440708557313	0.016	0.038	1.17735943551048e-14	PPP1R18	c14
5.79094318939687e-19	-1.05619543235745	0.022	0.046	1.20254726271015e-14	DYNLL1	c14
5.96903018468719e-19	-1.20048244794453	0.018	0.041	1.23952880815214e-14	ATP5B	c14
6.74430803422604e-19	-1.36640212387913	0.013	0.035	1.40052300638738e-14	ANXA6	c14
6.82448304937306e-19	0.806604038636819	0.044	0.026	1.41717215003281e-14	FAM65B	c14
7.46021950999367e-19	1.3694051515222	0.015	0.006	1.54918918344529e-14	ADAM28	c14
7.655540683094e-19	-1.80211531045417	0.008	0.027	1.5897495782513e-14	FABP5	c14
9.11821975439063e-19	1.41484454494071	0.014	0.005	1.89348951419676e-14	MKNK2	c14
1.07752578909894e-18	1.29369890022909	0.017	0.007	2.23759005364285e-14	RBM33	c14
1.08698500319699e-18	-0.958825012832881	0.031	0.058	2.25723305763888e-14	HLA-DMA	c14
1.22720036362816e-18	-0.953623397875872	0.026	0.052	2.54840427511024e-14	ARL6IP4	c14
1.58837228013168e-18	-0.946904740814571	0.027	0.053	3.29841387692144e-14	GIMAP4	c14
1.76707286951947e-18	-1.3390745639402	0.014	0.035	3.66950352084412e-14	POMP	c14
1.79865338936206e-18	0.994592367403927	0.03	0.015	3.73508362834925e-14	TMC8	c14
1.86790576022181e-18	-1.3677746727797	0.013	0.033	3.87889310167662e-14	PSMB1	c14
2.04326826660275e-18	-1.12082788757454	0.018	0.041	4.24305088242728e-14	C19orf60	c14
2.17875138968772e-18	0.692291608511946	0.07	0.046	4.52439513582553e-14	NAMPT	c14
2.83553027695802e-18	-2.00458135920759	0.009	0.028	5.88826217313103e-14	TNFRSF4	c14
3.71672732318353e-18	0.943029700836219	0.034	0.018	7.71815595932292e-14	PPP1R10	c14
3.82443995172421e-18	-0.91500269059726	0.029	0.055	7.9418320037505e-14	MORF4L1	c14
4.49249872789615e-18	1.19381731994764	0.019	0.008	9.32912285834915e-14	KMT2A	c14
4.70102764681319e-18	-1.57998782255725	0.009	0.028	9.76215401137226e-14	KLRK1	c14
5.5820277779024e-18	-1.46014127336505	0.011	0.03	1.15916388835921e-13	ERH	c14
7.42809338394995e-18	-0.620462687469582	0.049	0.08	1.54251787211105e-13	HSPB1	c14
7.7279741130309e-18	-1.16744272992536	0.028	0.054	1.604791104312e-13	HIST1H4C	c14
8.37768309585142e-18	1.12784155912058	0.02	0.009	1.73970967168451e-13	CD300E	c14
8.93025314081436e-18	-0.874824867321158	0.039	0.067	1.85445636722151e-13	TNF	c14
9.66983778793975e-18	-1.4734303148086	0.011	0.03	2.00803851504357e-13	ARPC5L	c14
1.01463285038866e-17	1.64317212586286	0.01	0.003	2.1069865771171e-13	UBR5	c14
1.04167659842832e-17	-1.16315792009228	0.018	0.039	2.16314562429626e-13	BST2	c14
1.10270634176014e-17	1.61001059340477	0.01	0.003	2.2898799892991e-13	FAM129C	c14
1.16031438358158e-17	-1.0927868729301	0.019	0.041	2.4095088489455e-13	UQCRQ	c14
1.24198457005024e-17	-1.1288274150942	0.019	0.041	2.57910515816634e-13	ICAM3	c14
1.35919223679567e-17	-1.64399545506231	0.008	0.026	2.8224985989299e-13	SNRPF	c14
1.4101770653784e-17	-1.16604486564604	0.016	0.038	2.92837369396479e-13	NEDD8	c14
1.46635909037015e-17	1.05520279443656	0.024	0.012	3.04504128706266e-13	DYNC1H1	c14
1.56048072503369e-17	-1.35815076815527	0.012	0.032	3.24049427360496e-13	RSL24D1	c14
1.68220377966483e-17	-3.03578765665662	0.002	0.015	3.49326436885198e-13	SPON2	c14
2.01849634212766e-17	-1.24984367311208	0.014	0.034	4.19160950406229e-13	TMEM50A	c14
2.02823400913123e-17	1.28697486311491	0.016	0.007	4.21183074336192e-13	PRRC2B	c14
2.50195187274453e-17	-1.52500958654469	0.01	0.028	5.19555325894129e-13	DYNLRB1	c14
2.63227744874283e-17	-1.49726072892575	0.01	0.028	5.46618735005936e-13	IGFLR1	c14
2.63778389960489e-17	1.41951033167694	0.013	0.005	5.47762204591951e-13	MAP3K2	c14
2.65656876526898e-17	-1.53252420133169	0.009	0.027	5.51663069795757e-13	CTLA4	c14
2.7181681265952e-17	-0.683585319133471	0.344	0.393	5.6445479316876e-13	CD74	c14
2.75195732553135e-17	-0.939163424727963	0.032	0.058	5.71471458219841e-13	LGALS3	c14
2.86476571348515e-17	-0.816218480904891	0.035	0.062	5.94897248062326e-13	CDC42	c14
3.08326542449235e-17	-1.09813401243563	0.019	0.041	6.40270898050082e-13	EIF3L	c14
3.12529400917932e-17	-1.4877141115077	0.01	0.028	6.48998553946178e-13	ANAPC11	c14
3.19683015087847e-17	0.789808179434299	0.046	0.027	6.63853749131423e-13	HIF1A	c14
3.22530726311872e-17	-1.30648550553301	0.014	0.034	6.69767306259233e-13	CKS2	c14
3.22637141664428e-17	-1.33773447584514	0.012	0.031	6.69988288380351e-13	FAM96B	c14
3.28018089686587e-17	-0.711648467441552	0.052	0.083	6.81162365043166e-13	RGS2	c14
3.37378612759411e-17	1.48220115479831	0.012	0.004	7.00600427256193e-13	RAPGEF1	c14
3.4327223138305e-17	-1.36809995067647	0.012	0.031	7.12839115690041e-13	C11orf58	c14
3.81965892685917e-17	-1.01693745572762	0.022	0.046	7.93190372751575e-13	GNG2	c14
4.1949996747919e-17	-1.3324352499799	0.012	0.032	8.71133632467286e-13	RALY	c14
5.26716850300615e-17	-1.15141195528317	0.017	0.038	1.09378021133426e-12	NSA2	c14
5.42731181385393e-17	1.05388877431115	0.029	0.015	1.12703557126491e-12	NR4A3	c14
6.33915027805638e-17	-0.516639517860292	0.114	0.153	1.31638794674119e-12	BTG2	c14
8.36731116024909e-17	-1.26921215146479	0.014	0.033	1.73755583553733e-12	UQCRHL	c14
8.64101182655124e-17	-1.22616968309045	0.014	0.034	1.79439251590163e-12	ISCU	c14
9.26971928185509e-17	-0.311243004439959	0.129	0.171	1.92494990607003e-12	RPL13A	c14
1.0090157525223e-16	1.57966375253066	0.01	0.003	2.09532211168781e-12	ABCA1	c14
1.02859955126662e-16	-0.606394377715829	0.058	0.089	2.13598982816027e-12	RPL23	c14
1.07008992772759e-16	-0.845501366232227	0.032	0.058	2.22214874391911e-12	LAMTOR4	c14
1.11684399492998e-16	-0.881367345374022	0.043	0.071	2.3192382398716e-12	NPC2	c14
1.14615726321836e-16	-1.16563655685901	0.016	0.037	2.38011017279924e-12	COX7B	c14
1.33463746213024e-16	-2.24658424481958	0.004	0.018	2.77150815385966e-12	SDF2L1	c14
1.43837306843281e-16	-1.15098806770334	0.02	0.042	2.98692551390758e-12	HMGB2	c14
1.54018293196163e-16	-0.920685580881159	0.026	0.05	3.19834387651153e-12	C14orf2	c14
1.57067692333413e-16	1.55320790484239	0.01	0.004	3.26166769899565e-12	BTAF1	c14
1.63814781836158e-16	-1.12962277732038	0.018	0.039	3.40177775960965e-12	ISG15	c14
1.71884092646647e-16	1.09507670172306	0.021	0.01	3.56934506790026e-12	SMG1	c14
1.99868552731652e-16	-1.82278464738949	0.006	0.022	4.15047036602549e-12	SUMO1	c14
2.08915820201498e-16	-1.07537242702306	0.018	0.039	4.3383459223043e-12	TSTD1	c14
2.10798940386605e-16	-1.02709637051626	0.021	0.043	4.37745079606823e-12	VPS28	c14
2.11904129316641e-16	-1.46774523688469	0.01	0.028	4.40040114938936e-12	LOC100506248	c14
2.36853452285294e-16	1.30770188390233	0.014	0.006	4.91849879015642e-12	UBR4	c14
2.38823697232744e-16	-0.924371060505167	0.013	0.031	4.95941289673517e-12	PRDX5	c14
2.5644886113036e-16	-1.16997483679387	0.014	0.033	5.32541705023305e-12	OCIAD2	c14
2.72690284104257e-16	-1.33166887119409	0.012	0.031	5.662686439709e-12	GABARAPL2	c14
2.80069010091159e-16	-1.26487689236299	0.013	0.032	5.815913063553e-12	OSTF1	c14
2.96376169976587e-16	-1.10068298585527	0.018	0.039	6.1545475457338e-12	TMEM59	c14
3.30206497926635e-16	-0.568308823710809	0.062	0.093	6.8570681359445e-12	TPM3	c14
3.32850801187292e-16	-1.09190805366223	0.056	0.085	6.91197973745532e-12	HLA-DQB1	c14
3.51946388054862e-16	-0.810217108951133	0.037	0.064	7.30851869434725e-12	PKM	c14
3.6423965768579e-16	-0.961114144147638	0.023	0.046	7.56380073150311e-12	ARF6	c14
3.84091260976565e-16	-1.50580752549144	0.009	0.026	7.97603912543935e-12	ATP5F1	c14
3.84307746002388e-16	-0.813466840300676	0.032	0.057	7.9805346534856e-12	STK17A	c14
4.51310691106705e-16	1.56041089067689	0.01	0.004	9.37191781152183e-12	TRPM7	c14
4.93486924161489e-16	-0.850335079411265	0.03	0.055	1.02477494671375e-11	CDKN1A	c14
5.32751121595585e-16	-1.01294586079335	0.022	0.043	1.10631097910539e-11	ATP5D	c14
5.71991669881513e-16	-1.25129076001441	0.016	0.036	1.18779790167595e-11	PIM2	c14
5.73782445563946e-16	1.54210782412355	0.01	0.003	1.19151662645809e-11	SPEN	c14
6.29308678240571e-16	1.27862656343514	0.015	0.006	1.30682240123437e-11	MYO9B	c14
6.62001634832881e-16	-1.17197994582343	0.015	0.035	1.37471259489396e-11	TBCA	c14
6.91010549619853e-16	-0.580880253906433	0.056	0.086	1.43495250734059e-11	TAGAP	c14
6.99935565351019e-16	-0.987398373161641	0.021	0.043	1.45348619500793e-11	ANP32B	c14
7.35191297798263e-16	-1.12668081535824	0.016	0.036	1.52669824900787e-11	GTF3A	c14
8.1723531929332e-16	-1.39041146321811	0.011	0.028	1.69707086404451e-11	ZNF706	c14
8.38103177949935e-16	-1.22034814889282	0.014	0.032	1.74040505933084e-11	NDUFB10	c14
9.03539774173784e-16	-1.47763000064459	0.009	0.026	1.87629069504928e-11	DGUOK	c14
9.10561111328173e-16	-1.29678892584622	0.012	0.03	1.89087120378408e-11	PSMB3	c14
9.29726239382407e-16	-1.77346050406113	0.005	0.02	1.93066950870151e-11	KLRC4	c14
1.51982751626339e-15	1.312276153356	0.015	0.006	3.15607382027256e-11	USP34	c14
1.57310744793415e-15	-1.48613648189799	0.009	0.026	3.26671492638005e-11	CXCR3	c14
1.689560302674e-15	-1.14926649983898	0.015	0.033	3.50854092453282e-11	PAIP2	c14
1.69389737394209e-15	-1.45198233430768	0.009	0.025	3.51754728672814e-11	RNF167	c14
1.79479998431376e-15	1.50335169840479	0.01	0.004	3.72708164742596e-11	NOTCH2NL	c14
1.84538842656746e-15	-1.12794484302386	0.014	0.033	3.83213360660999e-11	H3F3C	c14
1.8672666772926e-15	-1.2970699429638	0.012	0.029	3.87756598206581e-11	FIS1	c14
1.97861052104589e-15	-0.634435701990792	0.077	0.108	4.10878260800389e-11	FCER1G	c14
2.11123425099398e-15	-1.2105112937279	0.014	0.032	4.3841890456141e-11	BUB3	c14
2.14305943257109e-15	1.50785205400461	0.011	0.004	4.45027721767713e-11	ITPR1	c14
2.30446148131517e-15	-1.34536478353978	0.011	0.028	4.78544471209909e-11	MAT2B	c14
2.57607001087632e-15	1.10258261091085	0.019	0.009	5.34946698458577e-11	PCM1	c14
2.74886743111609e-15	-1.46332839196188	0.007	0.023	5.70829810745567e-11	PDCD1	c14
2.85481579241098e-15	1.32401082330362	0.014	0.006	5.92831047452064e-11	ARHGEF18	c14
3.07333809651431e-15	-1.35273546329823	0.01	0.027	6.38209389122162e-11	SRI	c14
3.08344758896274e-15	-1.58067296820434	0.008	0.023	6.40308726324002e-11	HN1	c14
3.34379101670985e-15	-1.3168189789686	0.011	0.028	6.94371642529967e-11	NAA38	c14
3.63331918573966e-15	-0.520221877369059	0.069	0.1	7.54495062110698e-11	ITGB2	c14
3.74457668267418e-15	-0.999588366401018	0.018	0.038	7.77598793924121e-11	SF3B5	c14
4.17458672675741e-15	1.34365582927937	0.013	0.005	8.66894679678443e-11	KIAA1033	c14
4.18931716288774e-15	-1.66461178670423	0.007	0.022	8.69953602045268e-11	DNPH1	c14
4.57156889223157e-15	-1.02967658405605	0.018	0.037	9.49331996160807e-11	SLC9A3R1	c14
4.5720688381221e-15	-1.15604846073606	0.015	0.033	9.49435814924436e-11	TOMM20	c14
4.77214402481587e-15	-1.3165579757945	0.011	0.028	9.90983428193264e-11	KLRG1	c14
6.29525249764511e-15	-1.8716121576237	0.005	0.018	1.30727213366098e-10	PTMS	c14
6.49289066911533e-15	-0.448493068209863	0.086	0.119	1.34831367634849e-10	ZFP36L1	c14
6.72316265326482e-15	-0.8817217940945	0.026	0.048	1.39613195657697e-10	CD48	c14
6.84706692556593e-15	1.39633410047758	0.011	0.004	1.42186191776302e-10	NLRP1	c14
7.87970347566607e-15	-1.69325183474813	0.006	0.021	1.63629922375682e-10	PSMB6	c14
8.43729615183103e-15	-1.18433661099076	0.014	0.032	1.75208891888923e-10	SEC11A	c14
9.44653286039058e-15	-1.1591623204902	0.014	0.032	1.96166701378871e-10	ARL6IP1	c14
9.96874952664728e-15	0.664416199682118	0.061	0.041	2.07011052670357e-10	WSB1	c14
1.05853777396113e-14	-1.25723024910835	0.012	0.029	2.19815954140769e-10	TOMM5	c14
1.07125677225944e-14	-1.39302382790426	0.01	0.026	2.22457181327395e-10	IFI27L2	c14
1.08464726577187e-14	1.05546280976409	0.02	0.01	2.25237851210187e-10	POLR2A	c14
1.14737965192258e-14	1.47186673164494	0.011	0.004	2.38264858518243e-10	ADAM19	c14
1.18039147455354e-14	-1.57373808404923	0.01	0.026	2.45120093605787e-10	FKBP11	c14
1.31881359717599e-14	-0.891433979964718	0.025	0.046	2.73864831589565e-10	CAP1	c14
1.37666425432347e-14	1.10457164410088	0.015	0.007	2.85878099052811e-10	NFKBID	c14
1.40656178444848e-14	-1.09353686862317	0.016	0.035	2.92086620158572e-10	NDUFB9	c14
1.40710380152043e-14	1.26354127932451	0.014	0.006	2.92199175423733e-10	LRBA	c14
1.5779954231383e-14	0.532749472270051	0.082	0.058	3.27686529568899e-10	RBM39	c14
1.74385589145623e-14	-1.28808801036637	0.011	0.028	3.62129114419801e-10	NDUFV2	c14
1.78686730926359e-14	-1.4628162699749	0.009	0.024	3.71060865441678e-10	PSMD8	c14
1.79860484597811e-14	-0.587427553842755	0.055	0.083	3.73498282315815e-10	FYB	c14
1.95137151952382e-14	0.701877967401614	0.054	0.035	4.05221809744316e-10	HNRNPU	c14
1.9676121845536e-14	-1.67074555002532	0.006	0.021	4.085943462444e-10	MDH2	c14
2.09831365791575e-14	-1.02839116627784	0.018	0.037	4.35735814202785e-10	COPE	c14
2.42333778142953e-14	-1.08463044922018	0.016	0.034	5.03230323691657e-10	FLT3LG	c14
2.56526949244585e-14	-2.20190503603408	0.003	0.016	5.32703862801304e-10	PTTG1	c14
2.82128228449866e-14	0.798716949334856	0.034	0.02	5.85867479198992e-10	ZC3HAV1	c14
2.92022117623646e-14	-0.889020553639186	0.024	0.045	6.06413129457264e-10	PRELID1	c14
2.95311981992301e-14	1.42758191150551	0.011	0.004	6.13244861805212e-10	CCDC88B	c14
2.99678476450026e-14	-0.664666966182196	0.042	0.067	6.22312324196124e-10	UBE2D3	c14
3.16705560671632e-14	1.08000738000541	0.019	0.009	6.57670767290712e-10	SETX	c14
3.1742682555838e-14	-1.05042576196582	0.018	0.036	6.59168545954531e-10	PMAIP1	c14
3.1753216106783e-14	-0.71191750148259	0.113	0.146	6.59387285673456e-10	GPX1	c14
3.50213479754002e-14	-1.32288031699819	0.01	0.026	7.27253312057161e-10	DHRS7	c14
3.72203418693567e-14	-1.41283067214498	0.009	0.024	7.72917619259062e-10	SIT1	c14
3.74544682217381e-14	-1.2305488908867	0.012	0.028	7.77779487092613e-10	TBCB	c14
4.22170987348353e-14	-0.751199471700325	0.032	0.055	8.76680272327589e-10	RHOH	c14
4.36327277440081e-14	-1.03392700261493	0.016	0.034	9.06077224332072e-10	SHFM1	c14
4.38220238398891e-14	-1.3988267698544	0.009	0.024	9.10008147059136e-10	C5orf56	c14
4.4343021610165e-14	1.39937976998901	0.011	0.004	9.20827186756686e-10	PCNX	c14
4.56725369313169e-14	0.719978559483436	0.044	0.028	9.48435901915726e-10	EML4	c14
5.0715172478176e-14	-0.998502790082382	0.017	0.035	1.0531512716818e-09	SCAND1	c14
5.28632256391832e-14	-0.915348833734644	0.024	0.045	1.09775774362328e-09	SYNGR2	c14
5.39140563333467e-14	1.17814847148457	0.015	0.007	1.11957929381828e-09	TTC14	c14
5.62350527543454e-14	1.13784433594053	0.016	0.008	1.16777710549674e-09	RBM5	c14
6.05457204439615e-14	1.20115982157869	0.014	0.006	1.2572924307393e-09	NIN	c14
6.36359847564773e-14	1.22206558801478	0.014	0.006	1.32146485945301e-09	NLRC5	c14
6.37117991071826e-14	1.01502277197728	0.022	0.012	1.32303922025975e-09	JARID2	c14
6.46314715722691e-14	-1.08980991341932	0.016	0.034	1.34213713866974e-09	SPCS2	c14
6.47836837522993e-14	1.03689595813451	0.023	0.012	1.34529797680025e-09	LINC00926	c14
7.17569416601601e-14	-1.23901414740401	0.012	0.028	1.49010465051488e-09	PLAC8	c14
7.50882445442323e-14	-1.13391087976955	0.014	0.03	1.55928248620553e-09	ST13	c14
9.43325652385024e-14	1.44000917600646	0.01	0.004	1.95891004974274e-09	QKI	c14
1.09436045559534e-13	-0.898471945394837	0.023	0.042	2.27254892208929e-09	RHOG	c14
1.13606988252479e-13	0.785125360862654	0.035	0.021	2.35916271805099e-09	FOXP1	c14
1.1485134116087e-13	-1.0493750891908	0.016	0.034	2.38500295054663e-09	WDR1	c14
1.22209322754211e-13	-1.10743920848618	0.014	0.03	2.53779879631394e-09	SRP9	c14
1.25753755339677e-13	-1.27174778500593	0.011	0.027	2.61140248338373e-09	ITGAE	c14
1.26867520592043e-13	1.12040680537527	0.016	0.007	2.63453093261437e-09	INPP5D	c14
1.30494265006179e-13	-1.75255948597994	0.006	0.019	2.70984390711832e-09	PPA1	c14
1.36825115530989e-13	-0.427694094073046	0.099	0.132	2.84131034911653e-09	COTL1	c14
1.38612207660749e-13	-1.71309026543355	0.006	0.019	2.87842110428312e-09	BTG3	c14
1.43870721041594e-13	0.295115736094409	0.146	0.114	2.98761939314973e-09	PSAP	c14
1.47912386417514e-13	1.15371425317437	0.015	0.007	3.0715486163461e-09	CEP350	c14
1.59946634162742e-13	-2.49063271554864	0.002	0.013	3.32145180502349e-09	GPR56	c14
1.67997846068569e-13	-1.83637813497071	0.005	0.017	3.48864327145991e-09	NCR3	c14
1.78100950134616e-13	1.18746320155379	0.014	0.006	3.69844433049543e-09	LPP	c14
1.88455500625042e-13	-0.753720408595313	0.031	0.053	3.91346692597962e-09	NCL	c14
2.03175280611015e-13	0.494248418462389	0.09	0.066	4.21913787716834e-09	HLA-DRB1	c14
2.15289656588265e-13	-1.20775411173076	0.011	0.027	4.4707050087119e-09	PRDX2	c14
2.29837298271649e-13	1.13950476128683	0.015	0.007	4.77280133590907e-09	HERC1	c14
2.53348559513087e-13	-3.42677496097677	0.001	0.011	5.26103618684877e-09	KLRF1	c14
2.93078891520635e-13	-0.999795978293863	0.018	0.035	6.08607626131751e-09	MINOS1	c14
2.95766060931095e-13	-1.56583085815661	0.006	0.02	6.14187802129512e-09	ABI3	c14
3.39803699135214e-13	-1.52845176301186	0.007	0.021	7.05636361624186e-09	ACP5	c14
3.77698690283501e-13	-1.11110921204732	0.013	0.03	7.84329100242719e-09	UBE2I	c14
3.86057966887741e-13	-0.844237918176768	0.023	0.043	8.01687974039082e-09	ZYX	c14
3.96228313951686e-13	-0.68524955102051	0.038	0.061	8.2280771675207e-09	ID2	c14
3.97079973794575e-13	-1.69591327807057	0.005	0.018	8.24576273581815e-09	POLR2E	c14
3.99278110135929e-13	0.862881220942694	0.027	0.015	8.29140923508271e-09	POU2F2	c14
4.06350973235803e-13	-0.942434995401891	0.019	0.037	8.43828431021469e-09	CD164	c14
4.10752642164341e-13	-1.34697105021997	0.008	0.022	8.52968936718471e-09	COX7A2L	c14
4.24911887643045e-13	1.26614876042503	0.012	0.005	8.82372025879547e-09	CCNT1	c14
4.26701077079716e-13	0.590572651697603	0.058	0.039	8.86087456663738e-09	DDX3X	c14
4.4678867978266e-13	-0.806772097461669	0.026	0.046	9.27801372436672e-09	POLD4	c14
5.62862328063956e-13	-0.908872211299156	0.02	0.039	1.16883991045761e-08	HLA-G	c14
6.18565845112306e-13	-1.57696325846723	0.006	0.019	1.28451383396021e-08	GHITM	c14
6.34117084183997e-13	-0.865894199628324	0.023	0.042	1.31680753701649e-08	PDIA3	c14
6.68835336186076e-13	-1.29262931039604	0.01	0.024	1.38890345912401e-08	ECH1	c14
6.81103208634296e-13	-1.46283739644628	0.007	0.02	1.41437892304998e-08	NDUFAF3	c14
7.16850035788192e-13	-0.998432927607324	0.018	0.035	1.48861078431776e-08	SNHG15	c14
7.70349358444905e-13	1.21408191707363	0.013	0.006	1.59970747774669e-08	NSD1	c14
7.75810748298583e-13	-1.45428032358624	0.007	0.02	1.61104859991684e-08	ATP5EP2	c14
7.86375404775856e-13	-1.37595984669117	0.008	0.022	1.63298716555754e-08	RANBP1	c14
8.11301408140776e-13	-1.20191829603785	0.011	0.026	1.68474850414514e-08	ATP5H	c14
8.21158308810221e-13	1.4237989488252	0.01	0.004	1.7052173440753e-08	ATP13A3	c14
8.75616860139050e-13	0.640061601048274	0.047	0.031	1.81830597176475e-08	PRRC2C	c14
9.30060989607038e-13	-0.973141277960008	0.018	0.036	1.93136465101797e-08	NOSIP	c14
1.02562637769978e-12	-1.27849951345218	0.01	0.024	2.12981573593137e-08	DOK2	c14
1.10384369420202e-12	-1.53908090462037	0.007	0.02	2.29224181537992e-08	SIRPG	c14
1.12521181191208e-12	-0.992594504427409	0.017	0.034	2.33661484861663e-08	SERBP1	c14
1.1478395531939e-12	-1.64712928821402	0.006	0.018	2.38360361616244e-08	IDH2	c14
1.20024008861007e-12	0.353250418214501	0.119	0.091	2.49241856800767e-08	CTSS	c14
1.31652244523751e-12	0.885975134415908	0.024	0.013	2.73389050978021e-08	CHD1	c14
1.3622915642526e-12	-1.47173845228784	0.007	0.02	2.82893466232695e-08	SF3B6	c14
1.44169135047246e-12	0.874479673266283	0.025	0.014	2.99381625839111e-08	SSH2	c14
1.49970078463009e-12	1.29721448438917	0.011	0.004	3.11427864936284e-08	DICER1	c14
1.5662837170794e-12	-1.31992322688323	0.009	0.023	3.25254476688707e-08	RAP1A	c14
1.5801086910214e-12	-0.955010332855534	0.037	0.059	3.28125370777503e-08	AREG	c14
1.59124069110661e-12	-1.48323236569356	0.007	0.02	3.30437041915198e-08	BIN1	c14
1.61090725030721e-12	-1.08908777094472	0.012	0.026	3.34520999598795e-08	CCT4	c14
1.70930223290296e-12	1.23215459163058	0.012	0.005	3.54953701684629e-08	BAZ2A	c14
1.73340983504506e-12	-0.929116080633482	0.018	0.035	3.59959886345457e-08	PEBP1	c14
1.75557157241761e-12	-1.36425320199001	0.008	0.021	3.64561992728241e-08	PSMA6	c14
1.86744939923309e-12	-1.3468124861663	0.009	0.023	3.87794542244744e-08	SNX3	c14
1.9407199569337e-12	-0.89616943809721	0.019	0.036	4.03009906256851e-08	CCDC85B	c14
2.17953122760415e-12	-1.08926988872684	0.013	0.028	4.52601454724278e-08	TMED2	c14
2.18543698064806e-12	0.971211305973139	0.019	0.01	4.53827843401375e-08	DOCK10	c14
2.20658953788632e-12	-2.41978197624803	0.003	0.013	4.58220383437473e-08	CCL3L1	c14
2.28898029901495e-12	-0.814380408322186	0.024	0.043	4.75329648893444e-08	MRPS21	c14
2.45946711114653e-12	-1.45963492728676	0.007	0.02	5.10732940300689e-08	MRPL54	c14
2.75764530092942e-12	-1.0993214966333	0.013	0.028	5.72652623191003e-08	UFC1	c14
2.86914959489008e-12	0.803113038732549	0.027	0.016	5.95807604874874e-08	TGOLN2	c14
3.24824214390904e-12	-1.15842639936719	0.012	0.026	6.74529963604151e-08	MYEOV2	c14
3.28043016248343e-12	0.652848536018821	0.043	0.028	6.8121412754131e-08	LINC-PINT	c14
3.30800905647205e-12	1.30686251511448	0.01	0.004	6.86941160666986e-08	SWAP70	c14
3.41165378148016e-12	1.23410487745858	0.014	0.006	7.0846402426217e-08	BACH2	c14
3.43323507947649e-12	-1.83537374674818	0.005	0.017	7.12945596604088e-08	FOXP3	c14
3.46991400425826e-12	-1.41389064230929	0.007	0.02	7.20562342124269e-08	PSMA2	c14
3.82410012722009e-12	-1.78665944073243	0.004	0.015	7.94112632418524e-08	PSMB2	c14
4.03422388541865e-12	1.14854875703458	0.014	0.006	8.37746932046038e-08	MAP3K1	c14
4.0766103358968e-12	0.740881024822261	0.034	0.021	8.4654890235233e-08	AAK1	c14
4.14802951871183e-12	1.23514027360306	0.018	0.009	8.61379809855699e-08	SOX4	c14
4.15866628983854e-12	-1.20598501887771	0.011	0.025	8.63588641747871e-08	MZT2A	c14
4.35790746639522e-12	1.29819765398735	0.01	0.004	9.04963064471632e-08	SFI1	c14
4.38209839963544e-12	0.872914645044586	0.025	0.014	9.09986553668295e-08	HLA-DRB6	c14
4.42098081135514e-12	-1.7024873369102	0.005	0.016	9.18060875286008e-08	NXT1	c14
4.49636038726394e-12	1.21444460070756	0.013	0.006	9.33714198019229e-08	NFAT5	c14
4.71297219019545e-12	-1.40444200338697	0.008	0.021	9.78695805015987e-08	SIVA1	c14
4.72492666625296e-12	-1.06892287939002	0.014	0.029	9.8117827151409e-08	JTB	c14
4.97784392650338e-12	0.773025190804829	0.029	0.017	1.03369906977769e-07	MPEG1	c14
5.03888185475668e-12	-1.15444119112257	0.012	0.026	1.04637420595877e-07	PRDX6	c14
5.07735116825091e-12	1.32865043533754	0.01	0.004	1.05436274359898e-07	RLF	c14
5.1013589496189e-12	1.17516461304575	0.013	0.006	1.05934819947786e-07	GOLGB1	c14
5.4737235476573e-12	-1.52022187736906	0.006	0.018	1.13667343190651e-07	POLR2K	c14
5.5541705626579e-12	0.301869986708833	0.023	0.013	1.15337905904154e-07	RNASE1	c14
5.71397571858789e-12	-1.54263162424374	0.006	0.019	1.18656419772196e-07	C19orf10	c14
5.74429184635519e-12	-1.50091055669614	0.006	0.018	1.19285964481412e-07	ATP5G1	c14
6.28611941131125e-12	0.845033649182404	0.027	0.016	1.30537555695289e-07	PAG1	c14
8.66281659571719e-12	0.748014618474866	0.031	0.019	1.79892049426663e-07	SLC38A1	c14
8.99023192964322e-12	-1.26670951903811	0.009	0.022	1.86691156250971e-07	PA2G4	c14
9.0270585808495e-12	-1.30560903740344	0.01	0.023	1.87455898489921e-07	KLRC1	c14
9.36972752250094e-12	0.902011123313989	0.022	0.012	1.94571761732255e-07	GPRIN3	c14
9.85910600484895e-12	-1.02926854835131	0.015	0.03	2.04734195296693e-07	BLOC1S1	c14
1.07039909624826e-11	1.24545305669943	0.011	0.005	2.22279076326915e-07	NUMA1	c14
1.11147025407411e-11	-1.06103360781573	0.013	0.028	2.3080791296103e-07	COX14	c14
1.20922159890056e-11	-1.20208536164407	0.01	0.023	2.51106957227689e-07	DCXR	c14
1.31245930599176e-11	-1.20140237028403	0.01	0.024	2.72545299482249e-07	MEAF6	c14
1.34429738705575e-11	-1.45506416527154	0.007	0.019	2.79156795395997e-07	GLRX	c14
1.40473733730901e-11	-0.168202464938102	0.194	0.235	2.9170775546559e-07	HSP90AA1	c14
1.43605599317951e-11	-1.34053522523829	0.008	0.021	2.98211387543656e-07	ALKBH7	c14
1.47710496060312e-11	-0.949608352004189	0.019	0.036	3.06735616118844e-07	ICOS	c14
1.50569706082948e-11	-0.350584366900602	0.094	0.123	3.12673051651849e-07	HNRNPA2B1	c14
1.58872960661443e-11	-0.874032577397456	0.019	0.035	3.29915590109552e-07	SNHG5	c14
1.61868038417852e-11	-1.42378211711111	0.007	0.019	3.36135168578511e-07	NHP2	c14
1.71251304619339e-11	-1.26828130141885	0.009	0.022	3.5562045917252e-07	MRPS6	c14
1.8278201025606e-11	0.730245273417439	0.033	0.02	3.79565122497734e-07	TMEM2	c14
1.88036219766642e-11	-0.73440977342209	0.028	0.046	3.90476013967408e-07	CD96	c14
2.06349112722788e-11	0.932176149413713	0.019	0.01	4.28504567480141e-07	USP3	c14
2.15909446541416e-11	-1.047858219068	0.013	0.027	4.48357556687903e-07	NDUFB7	c14
2.19581541792751e-11	-0.89449398604146	0.018	0.034	4.55983029686826e-07	PYCARD	c14
2.29309781117089e-11	-0.837412053249758	0.02	0.037	4.76184691467746e-07	MAP1LC3B	c14
2.29497330479986e-11	1.02919723688436	0.015	0.008	4.76574156474738e-07	DOCK2	c14
2.4034414088235e-11	-1.02169781643022	0.014	0.028	4.99098642956288e-07	EMD	c14
2.46963530846251e-11	-0.726151112094845	0.028	0.046	5.12844468155325e-07	ARHGDIA	c14
2.53867625364732e-11	-1.42305710828089	0.007	0.019	5.27181510832402e-07	TNFSF9	c14
2.81568583488709e-11	-0.8784506550745	0.019	0.035	5.84705320472653e-07	C1orf162	c14
2.99533481716905e-11	0.796784018813578	0.026	0.015	6.22011228133324e-07	CYTH1	c14
3.0071723801343e-11	-1.48784703978146	0.006	0.018	6.2446941645869e-07	C7orf50	c14
3.05542368721976e-11	-1.7084308150772	0.007	0.019	6.34489282888055e-07	SEC11C	c14
3.07621049322789e-11	-1.14019082791813	0.01	0.023	6.38805871023704e-07	SNRPD3	c14
3.09282578093991e-11	-1.6131781863032	0.005	0.016	6.42256201669982e-07	CLPP	c14
3.1068372688644e-11	0.924035760824779	0.019	0.01	6.45165827252381e-07	ADAR	c14
3.17677745531902e-11	1.07017450940273	0.014	0.007	6.59689606371549e-07	IL17RA	c14
3.3369875065709e-11	1.0647406233521	0.014	0.007	6.92958825614512e-07	RUNX1	c14
3.3649985193034e-11	0.670060223145461	0.035	0.022	6.98775592518543e-07	ZFAND5	c14
3.49086294548057e-11	-1.35659599867213	0.007	0.019	7.24912599258495e-07	SUPT3H	c14
3.62279200899214e-11	-1.17318096318334	0.01	0.023	7.52308988587307e-07	SELT	c14
3.88220598598358e-11	-1.01054750395214	0.014	0.028	8.0617889504935e-07	GPR65	c14
4.01766865940383e-11	-2.82150145328116	0.001	0.01	8.34309073811799e-07	SUMO1P3	c14
4.09142679779175e-11	-1.40445988940356	0.006	0.018	8.49625688829436e-07	PSMA5	c14
4.21334624430251e-11	1.07773541884155	0.014	0.006	8.74943481091859e-07	PPP1R15B	c14
4.5244787085257e-11	-1.3075516887118	0.008	0.02	9.39553248612446e-07	RHOF	c14
4.54400950297913e-11	-1.34346415980501	0.007	0.019	9.43609013388647e-07	TMEM256	c14
4.72692119335082e-11	-1.59608280083836	0.005	0.016	9.8159245501123e-07	RAB27A	c14
4.8054907392724e-11	-1.37311558803083	0.007	0.019	9.97908206917307e-07	HMGN4	c14
4.84716754049982e-11	0.71193832021621	0.031	0.019	1.00656281146019e-06	USP15	c14
5.04202515010208e-11	-0.933305534596505	0.017	0.033	1.0470269426702e-06	SNHG9	c14
5.35933251486152e-11	1.01890529603673	0.015	0.008	1.11291899003614e-06	MAML2	c14
5.47926236381493e-11	0.913621365009708	0.019	0.01	1.13782362246981e-06	AFF4	c14
5.79547071773618e-11	-1.28650085642375	0.008	0.02	1.20348744924509e-06	MATK	c14
5.82085344300717e-11	1.02702203406152	0.015	0.008	1.20875842597487e-06	USP36	c14
6.09253369207657e-11	0.917356016437445	0.019	0.01	1.26517554649662e-06	BPTF	c14
6.30898207239262e-11	-1.00685346038458	0.013	0.027	1.31012321715305e-06	MRPL41	c14
6.37650195115966e-11	-1.36605891343556	0.007	0.019	1.32414439517782e-06	RNF181	c14
6.47218026923435e-11	1.04584215179951	0.015	0.008	1.34401295470921e-06	ACSL1	c14
6.67710482329521e-11	0.469222527578044	0.074	0.055	1.38656758760548e-06	NFKBIZ	c14
6.74318471364345e-11	-0.569526710249541	0.042	0.063	1.4002897376352e-06	EIF4A2	c14
6.9657735916989e-11	-0.906422921450514	0.017	0.032	1.44651254405219e-06	TRAM1	c14
7.48312148923141e-11	-1.51888129027471	0.006	0.016	1.5539450084538e-06	SS18L2	c14
7.80688455940596e-11	-0.224715129862473	0.19	0.228	1.62117764760624e-06	IL7R	c14
7.81778664694105e-11	-1.01313891771142	0.013	0.026	1.62344157510378e-06	SH2D1A	c14
7.86768661758837e-11	0.813478808920651	0.023	0.013	1.6338038030084e-06	MIDN	c14
7.87391355993981e-11	-1.17243662428529	0.01	0.023	1.6350968898571e-06	PHPT1	c14
7.8876848522962e-11	-0.96548371481201	0.015	0.029	1.63795663642783e-06	SHISA5	c14
8.17893088969397e-11	-0.969294998099794	0.014	0.028	1.69843678855385e-06	POLR1D	c14
8.4004013206688e-11	-0.754451831678709	0.024	0.04	1.74442733825008e-06	WIPF1	c14
8.66214360412861e-11	-2.04312340995796	0.007	0.018	1.79878074083335e-06	STMN1	c14
9.15351810048926e-11	-1.15405525169615	0.01	0.023	1.9008195687476e-06	LSM8	c14
9.22291995167874e-11	-1.05248779198574	0.012	0.025	1.91523155716561e-06	MRPL33	c14
9.39853219043339e-11	-1.21298316798406	0.009	0.021	1.9516991946654e-06	DSTN	c14
9.46904178518176e-11	1.23901109507037	0.01	0.005	1.96634121711084e-06	PRDM2	c14
9.64412887542778e-11	-1.17420155201974	0.01	0.022	2.00269980227133e-06	ATP5C1	c14
1.18322201706951e-10	-0.959570959934264	0.013	0.027	2.45707884064653e-06	CCDC107	c14
1.19186089048677e-10	-1.44568114277176	0.006	0.017	2.47501832518482e-06	RER1	c14
1.20675816144413e-10	-1.06095066809103	0.012	0.025	2.50595399805488e-06	VAMP5	c14
1.27989645330013e-10	-1.09403503516173	0.011	0.024	2.65783297492304e-06	NDUFA2	c14
1.31463272694939e-10	0.635607442939759	0.037	0.024	2.7299663207831e-06	CHD2	c14
1.34477603936386e-10	-1.03868896630331	0.012	0.026	2.79256192334299e-06	BZW1	c14
1.47330496943013e-10	0.989472295745119	0.015	0.008	3.05946509951861e-06	PRKDC	c14
1.50040822731572e-10	-1.41291722951959	0.007	0.018	3.11574772484382e-06	HLA-DRB5	c14
1.70452681977752e-10	1.0558656846734	0.014	0.007	3.53962039394999e-06	CD84	c14
1.77630318744565e-10	-1.00055934267918	0.013	0.027	3.68867119904965e-06	PHB2	c14
1.77633106925153e-10	1.09725175119463	0.013	0.006	3.68872909840772e-06	CREBZF	c14
1.82834951208645e-10	-0.978072460186875	0.014	0.028	3.79675059679872e-06	TCEA1	c14
1.83054973432206e-10	1.01053391127295	0.015	0.008	3.80131957829319e-06	GLG1	c14
1.8382172231413e-10	-1.09172211828365	0.011	0.024	3.81724188557521e-06	PDIA6	c14
1.97660276231401e-10	-1.43265642258044	0.006	0.017	4.10461329622126e-06	LSM2	c14
2.11509653004287e-10	1.01010536677525	0.015	0.008	4.39220945428703e-06	NOTCH2	c14
2.18150406970479e-10	0.774873520331221	0.026	0.016	4.53011135114897e-06	AKAP9	c14
2.21141911672074e-10	-0.646711573206124	0.03	0.048	4.59223293778228e-06	TUBB4B	c14
2.24162868669888e-10	-1.23058026484873	0.008	0.02	4.6549661307989e-06	CXCR6	c14
2.63858210761857e-10	0.839213951291517	0.02	0.011	5.47927960468073e-06	AHR	c14
2.7147629067662e-10	-1.12226082033019	0.01	0.023	5.63747665219069e-06	UBE2N	c14
2.71615172551613e-10	-1.0249843103847	0.012	0.025	5.6403606732068e-06	IL2RB	c14
2.75011628067828e-10	-1.37453255785621	0.007	0.017	5.71089146845652e-06	LINC00116	c14
3.17207868891179e-10	-1.43283812907348	0.006	0.016	6.58713860539423e-06	GSTO1	c14
3.21663763242477e-10	-0.68714497350383	0.03	0.048	6.67966970749327e-06	SOCS3	c14
3.24863355100407e-10	0.943867308838162	0.016	0.009	6.74611243201506e-06	F13A1	c14
3.26875133149852e-10	-1.11797740464218	0.012	0.025	6.78788901498983e-06	IFI6	c14
3.41672237186568e-10	-1.40891143908169	0.006	0.017	7.09516567741627e-06	TMEM14B	c14
3.44743541715904e-10	-1.3164851292712	0.007	0.018	7.15894438727246e-06	OSTC	c14
3.58681846031717e-10	-1.04193980578879	0.011	0.023	7.44838721469463e-06	AIP	c14
3.68192517871772e-10	-1.14952198180418	0.01	0.021	7.64588582612522e-06	C14orf166	c14
3.89618066523645e-10	1.20163682440694	0.01	0.004	8.09080876943e-06	KAT6A	c14
4.08514363603838e-10	-1.00124442196676	0.012	0.025	8.4832092745973e-06	SYF2	c14
4.11358592930288e-10	-1.23161031773507	0.008	0.02	8.54227254079037e-06	RAB1B	c14
4.18474576090977e-10	1.18144666468385	0.011	0.005	8.69004304710522e-06	TRIP12	c14
4.23856006765372e-10	1.03867927407228	0.014	0.007	8.80179383648972e-06	CDC14A	c14
4.63643233181816e-10	-0.905869250142775	0.015	0.028	9.62801538025359e-06	REEP5	c14
5.12829567339145e-10	-1.47440334284712	0.005	0.016	1.06494187953647e-05	DCTN3	c14
5.34732536539569e-10	-1.49291453137332	0.005	0.015	1.11042558537807e-05	C1QBP	c14
5.35139834120665e-10	-1.46773741330736	0.005	0.015	1.11127137953497e-05	SNRPB2	c14
5.35522380685566e-10	-1.97469116358878	0.003	0.011	1.11206577573165e-05	POLR2F	c14
5.45181327032307e-10	-1.0825905612952	0.01	0.022	1.13212354371529e-05	TMEM173	c14
5.55385064068832e-10	-1.41298214414269	0.006	0.016	1.15331262404534e-05	NDUFA12	c14
5.71779403314906e-10	-0.866939418043969	0.016	0.03	1.18735710892373e-05	SLA	c14
6.0326227701357e-10	1.14415823604642	0.011	0.005	1.25273444444638e-05	UVRAG	c14
6.24565414185499e-10	-0.845412759265422	0.018	0.032	1.29697253909761e-05	TMBIM4	c14
6.7243283525246e-10	-0.46920057190205	0.138	0.165	1.39637402568526e-05	TYROBP	c14
6.83018841423946e-10	-1.06443391620338	0.011	0.023	1.41835692610097e-05	NDUFS7	c14
7.52495775290254e-10	-1.24817970535364	0.008	0.019	1.56263272696774e-05	TMEM230	c14
7.57817967986789e-10	-1.23891332847182	0.008	0.019	1.57368479232137e-05	APMAP	c14
7.62310482443206e-10	1.07562893949483	0.012	0.005	1.58301394784156e-05	ANPEP	c14
8.30806659751654e-10	-0.715121892165048	0.023	0.039	1.72525310964029e-05	DDIT3	c14
8.41275559525015e-10	-1.1531831520378	0.009	0.02	1.74699282690965e-05	LMAN2	c14
8.4547906292288e-10	-1.07342016466474	0.011	0.022	1.75572182206565e-05	NDUFS6	c14
8.64066794283473e-10	1.01181226552692	0.013	0.007	1.79432110500906e-05	BACH1	c14
9.06175778381046e-10	-0.518575760059514	0.036	0.054	1.88176462138608e-05	LINC00861	c14
9.13585433459169e-10	-1.23534806095847	0.007	0.018	1.89715151112131e-05	GPI	c14
9.21730987499521e-10	-1.15726052971065	0.01	0.022	1.91406656864151e-05	RPL19P12	c14
9.44830403033748e-10	-0.794229176446396	0.017	0.031	1.96203481493988e-05	PIM1	c14
1.01350033778275e-09	-0.725907442419921	0.021	0.037	2.10463480143967e-05	LBH	c14
1.01971623841755e-09	-1.0219041673439	0.012	0.024	2.11754274069789e-05	KRT10	c14
1.02274576328877e-09	-1.12239893344241	0.01	0.021	2.12383385204546e-05	ENSA	c14
1.04347199793538e-09	-1.3052767806249	0.006	0.017	2.16687395091262e-05	NDUFA7	c14
1.04913222204542e-09	-1.4231494023692	0.005	0.015	2.17862797229952e-05	CHMP4A	c14
1.0747455860822e-09	-0.960867128473565	0.013	0.025	2.2318166840583e-05	TAP1	c14
1.10287385904682e-09	-1.16953478950027	0.009	0.02	2.29022785569664e-05	BANF1	c14
1.11908981820391e-09	-0.603420464727845	0.033	0.05	2.32390191648224e-05	TBC1D10C	c14
1.12696427572683e-09	-1.47049381936296	0.005	0.015	2.34025401497433e-05	C20orf24	c14
1.21469395073583e-09	-0.66856818367113	0.028	0.044	2.52243345809802e-05	EIF4B	c14
1.21597760297186e-09	-0.683960878624246	0.027	0.043	2.52509909033136e-05	HNRNPC	c14
1.21985660532303e-09	-0.879151710425171	0.016	0.03	2.53315422661381e-05	H2AFV	c14
1.22207586322213e-09	-0.177424226214891	0.156	0.188	2.53776273756707e-05	TNFAIP3	c14
1.24741707202599e-09	-1.4194094824597	0.006	0.015	2.59038629176917e-05	TWF2	c14
1.26522599528351e-09	-1.15576763520786	0.009	0.02	2.62736830180574e-05	LINC00493	c14
1.31989413510725e-09	-0.934978122130803	0.013	0.026	2.74089216096371e-05	C16orf13	c14
1.33648499330219e-09	0.91435197339548	0.016	0.009	2.77534473709133e-05	ANKRD11	c14
1.34527031455546e-09	1.15239330538709	0.011	0.005	2.79358833520588e-05	ITGAX	c14
1.35919540106016e-09	-1.02725659583131	0.023	0.038	2.82250516984154e-05	XBP1	c14
1.48346823315889e-09	-0.745381883906888	0.022	0.037	3.08057013297776e-05	SH3BGRL	c14
1.49838624319735e-09	0.566861357237625	0.053	0.038	3.11154887262362e-05	TSPYL2	c14
1.52966700081236e-09	-0.937507441054303	0.014	0.026	3.17650649388695e-05	SEC62	c14
1.53631770451578e-09	0.583830423512877	0.044	0.03	3.19031734519747e-05	ANKRD12	c14
1.63527378314092e-09	-0.629397094120176	0.031	0.048	3.39580953807043e-05	PRDM1	c14
1.63785392612472e-09	1.06049472359366	0.012	0.006	3.40116746299058e-05	FRYL	c14
1.64029292288877e-09	-0.914384293129105	0.014	0.027	3.40623228367083e-05	FAM49B	c14
1.69208573187672e-09	-0.801502883123628	0.016	0.03	3.5137852308152e-05	FKBP8	c14
1.71361943867878e-09	-1.97738044692293	0.004	0.014	3.55850212636036e-05	MT1E	c14
1.79607212629995e-09	0.545613818745346	0.05	0.036	3.72972337747447e-05	ARGLU1	c14
1.81102254254471e-09	0.749463361764251	0.026	0.016	3.76076941184834e-05	FOSL2	c14
1.85963374884984e-09	-0.649143704427162	0.028	0.044	3.86171544286158e-05	ANXA5	c14
1.86822325857753e-09	-0.645682058169383	0.029	0.045	3.87955241876209e-05	CHMP1B	c14
1.8765711366945e-09	-1.02286887321786	0.011	0.023	3.89688762245979e-05	BCAP31	c14
1.9148697855109e-09	0.852033771076728	0.018	0.01	3.97641859659194e-05	PHF3	c14
2.01463573066491e-09	0.528501918726341	0.05	0.035	4.18359255829876e-05	CYBB	c14
2.0178554944319e-09	-1.74416308580099	0.003	0.012	4.19027871973728e-05	GYG1	c14
2.08308413453049e-09	-1.299300243234	0.007	0.017	4.32573251376601e-05	CISH	c14
2.10803862349068e-09	-1.96438673935305	0.003	0.011	4.37755300554074e-05	PLEKHF1	c14
2.14905700531874e-09	0.867594153174761	0.019	0.01	4.46273177724489e-05	WNK1	c14
2.27121598009921e-09	-1.34314780475022	0.006	0.016	4.71640710427402e-05	SCP2	c14
2.34128280418002e-09	0.964192887296761	0.014	0.007	4.86190787116023e-05	KLF12	c14
2.35224997195295e-09	-0.817613803534104	0.016	0.029	4.88468229175749e-05	DYNLT1	c14
2.59845605101313e-09	0.892156563782378	0.016	0.009	5.39595383553387e-05	KDM5A	c14
2.59975820981079e-09	1.15255742518033	0.01	0.004	5.39865789849308e-05	LNPEP	c14
2.66058919387108e-09	-1.1990845169717	0.008	0.019	5.52497951999269e-05	PTGER2	c14
2.66722568685399e-09	-1.25770593370612	0.007	0.017	5.538760861321e-05	POLR2G	c14
2.81955383813485e-09	1.22319296777339	0.01	0.004	5.85508550027084e-05	RBM26	c14
2.97304439986365e-09	-0.776751785976874	0.02	0.034	6.17382400075686e-05	GNB2	c14
3.053649655059e-09	-1.47288241494357	0.005	0.014	6.34120887369551e-05	MRPL51	c14
3.10063239767935e-09	-0.981646274895327	0.012	0.024	6.43877323702094e-05	SSU72	c14
3.14274585311153e-09	1.00639054508361	0.013	0.006	6.52622603857141e-05	KIAA1109	c14
3.16809873634848e-09	-0.973342044587525	0.012	0.024	6.57887383590126e-05	MRPL52	c14
3.23255797607337e-09	0.828361849519356	0.019	0.011	6.71272989311395e-05	MXD1	c14
3.32846871434959e-09	-1.35615239684441	0.005	0.014	6.91189813221836e-05	ABHD14B	c14
3.36010896040003e-09	-1.40182717656683	0.005	0.015	6.97760226716669e-05	EIF3I	c14
3.4238286281725e-09	-1.24220622745777	0.007	0.017	7.10992252926301e-05	RWDD1	c14
3.48280093682224e-09	-1.59017724675489	0.004	0.013	7.23238442540507e-05	MPC2	c14
3.60188700522101e-09	-0.685896651647565	0.021	0.035	7.47967855504195e-05	CREM	c14
3.64465532306936e-09	-1.20732543989849	0.007	0.017	7.56849124388583e-05	PSMC5	c14
3.9880333089077e-09	-1.53532876975927	0.004	0.013	8.28154996927773e-05	SSNA1	c14
4.07027157895243e-09	0.103949401977511	0.15	0.122	8.45232596085263e-05	LYZ	c14
4.12048123676074e-09	-1.05249767972311	0.01	0.021	8.55659133625736e-05	NAA10	c14
4.13927548731772e-09	-1.00645797984009	0.011	0.023	8.59561947696397e-05	MGST3	c14
4.17177853964037e-09	-1.61333128176054	0.004	0.012	8.6631153154172e-05	TMEM14C	c14
4.44459140206466e-09	-0.880015806330128	0.014	0.027	9.22963850552748e-05	TECR	c14
4.58904593975566e-09	-1.52639564498926	0.004	0.013	9.5296127984966e-05	RPA3	c14
4.60482779554508e-09	-1.56394325479838	0.004	0.013	9.56238540022892e-05	FAM173A	c14
4.67935004248115e-09	-1.36796310026523	0.005	0.014	9.71713829821635e-05	LAMTOR5	c14
4.72357819557097e-09	-0.494188689846678	0.045	0.064	9.80898248092268e-05	TMBIM6	c14
4.83392780000288e-09	-1.85792462445531	0.003	0.011	0.00010038134469486	MANF	c14
4.90948329196663e-09	-1.35830165263174	0.006	0.015	0.000101950330040979	CHST12	c14
5.02508678812729e-09	-1.57680540573543	0.004	0.013	0.000104350952242251	CLNS1A	c14
5.03971247025604e-09	-1.28701586963224	0.006	0.016	0.000104654669157337	SNRPD1	c14
5.31647081867137e-09	1.11572292141966	0.011	0.005	0.00011040183302053	VPS13A	c14
5.34877222390991e-09	-1.26534160328371	0.006	0.016	0.000111072604001713	SVIP	c14
5.75279500956298e-09	1.014987588155	0.012	0.006	0.000119462541168585	RBM6	c14
5.75531082306888e-09	-0.929527151136791	0.012	0.024	0.000119514784551848	OTUB1	c14
6.0280608587584e-09	-1.69823954945119	0.003	0.012	0.000125178711792977	ETHE1	c14
6.05456141512993e-09	-0.960710331877376	0.013	0.024	0.000125729022346588	DUT	c14
6.66293104575142e-09	1.11260327528137	0.01	0.005	0.000138362426096074	CNST	c14
6.91453596248319e-09	-1.13424972807034	0.008	0.019	0.000143587253796926	CAPZA2	c14
7.01245539576651e-09	-1.04403425981516	0.01	0.02	0.000145620648748487	PSMB8-AS1	c14
7.08747977949594e-09	-1.29442852320965	0.006	0.016	0.000147178605101013	KDELR1	c14
7.12072462965517e-09	-0.428798849605465	0.044	0.063	0.000147868967659419	ANXA2	c14
7.14498577769187e-09	-1.11950527479719	0.009	0.019	0.000148372774659549	RAB7A	c14
7.20318637889918e-09	0.489705665307004	0.061	0.045	0.00014958136834422	CELF2	c14
7.21876264848645e-09	-0.908048755203233	0.013	0.025	0.00014990482515847	CHURC1	c14
7.52255868862934e-09	1.18408393073427	0.01	0.004	0.000156213453728077	EMR2	c14
8.22960009604191e-09	-2.00719749163479	0.002	0.01	0.000170895875594406	LSM3	c14
8.27951138153825e-09	-1.04679109115678	0.01	0.021	0.000171932333349023	ZNHIT1	c14
8.71174243738486e-09	0.891204368357406	0.015	0.008	0.000180908043454734	ATP2A3	c14
8.78005499120447e-09	-1.26479753651189	0.007	0.016	0.000182326621947352	VIMP	c14
8.90907798475527e-09	0.964169082608392	0.014	0.007	0.000185005913431428	ARHGAP24	c14
9.59011431106518e-09	-0.881958199403686	0.014	0.026	0.00019914831378358	EID1	c14
1.0456419199557e-08	-1.0834608999331	0.009	0.019	0.000217138001098001	C19orf66	c14
1.06342239685477e-08	-1.37820287249663	0.005	0.014	0.000220830294930863	SUPT4H1	c14
1.08026836251283e-08	-0.827950495134596	0.015	0.028	0.000224328528159414	ANXA11	c14
1.09861404704678e-08	-0.935155357394035	0.012	0.024	0.000228138193009735	EIF3D	c14
1.10432338436491e-08	1.13837794279197	0.011	0.005	0.000229323793997216	SLC16A7	c14
1.13905174472191e-08	0.725203128871356	0.024	0.015	0.000236535485308952	FNBP4	c14
1.14077178998927e-08	0.561513353508544	0.042	0.029	0.000236892669909172	SYNE2	c14
1.153215894744e-08	0.881510972153563	0.015	0.008	0.000239476812702539	CD93	c14
1.17922916979958e-08	-0.794166557338677	0.017	0.03	0.000244878729400582	FAM177A1	c14
1.18553631910312e-08	-0.601059036209493	0.026	0.041	0.000246188472024954	LCP2	c14
1.21835062463279e-08	-1.1162782079738	0.008	0.018	0.000253002690711244	TCEB1	c14
1.30717099427199e-08	-1.02075559692951	0.01	0.021	0.000271447128670521	PPP1CC	c14
1.31756440829985e-08	0.585499830229756	0.03	0.02	0.000273605425027546	CLEC7A	c14
1.35207429933512e-08	-0.495209989360986	0.043	0.061	0.000280771748999932	CD53	c14
1.35496300947178e-08	-0.705465791929552	0.021	0.035	0.00028137161854691	ARRB2	c14
1.36325705902658e-08	-1.17425572801111	0.007	0.016	0.000283093960877459	MED10	c14
1.37947299424927e-08	-0.893173975280888	0.013	0.025	0.000286461361985803	MRPL57	c14
1.39648139809284e-08	-1.2353060115249	0.006	0.016	0.00028999332712796	EIF4E	c14
1.48085528183162e-08	-1.00637167876685	0.01	0.02	0.000307514407825155	RAB11B	c14
1.4830649207741e-08	-1.30532862111938	0.005	0.014	0.000307973261447949	LSM4	c14
1.50027643405064e-08	-1.34268369181687	0.006	0.014	0.000311547404294956	MTHFD2	c14
1.56345054739282e-08	1.04963373096189	0.011	0.005	0.000324666140671592	ZFC3H1	c14
1.57351137135129e-08	-1.12681931347792	0.008	0.018	0.00032675537137481	CHCHD10	c14
1.59778584215081e-08	-1.42777562860446	0.005	0.013	0.000331796207981037	TPST2	c14
1.63109690601022e-08	-1.08159230990087	0.009	0.019	0.000338713583502083	TMEM179B	c14
1.69786923829003e-08	-1.03894531540478	0.01	0.02	0.000352579526023308	CBX3	c14
1.70117296796157e-08	0.961110474345257	0.013	0.007	0.0003532655785269	HUWE1	c14
1.70432038859889e-08	-0.924820148459264	0.012	0.023	0.000353919171896445	GLIPR2	c14
1.70473434117105e-08	-1.34112148804659	0.005	0.014	0.00035400513328758	POLR3GL	c14
1.76610178343311e-08	-1.13771834223861	0.008	0.018	0.000366748696347721	HLA-DRB3	c14
1.78078839826916e-08	-0.917464816189792	0.013	0.024	0.000369798518784575	BCL3	c14
1.81124247790011e-08	-1.25366635919281	0.006	0.015	0.000376122612960736	NDUFB3	c14
1.84127956178513e-08	-1.47392822509512	0.004	0.013	0.0003823601138003	MRPL43	c14
2.02829772794849e-08	-0.860999266332446	0.012	0.024	0.000421196306185784	C19orf70	c14
2.06701156852102e-08	-0.960044182940464	0.011	0.021	0.000429235622319075	CMPK1	c14
2.21300324664286e-08	-0.978807092320659	0.009	0.019	0.000459552254197856	SPRY1	c14
2.30878225159863e-08	-0.963899424691804	0.01	0.021	0.000479441722366971	XRCC6	c14
2.34246098147739e-08	-1.23481965850681	0.006	0.016	0.000486435447413594	CCDC167	c14
2.39104511816997e-08	-0.920759806952788	0.011	0.022	0.000496524429239175	DGCR6L	c14
2.52939384201729e-08	-1.04667412958133	0.009	0.019	0.00052525392523331	MFSD10	c14
2.72487894089867e-08	0.791572518342946	0.019	0.011	0.000565848360867018	ILF3	c14
2.74977986478552e-08	-3.18529253762226	0.003	0.011	0.00057101928672136	MZB1	c14
2.7824131123721e-08	-1.49250524034836	0.004	0.012	0.00057779590691519	PDCL3	c14
2.86572335141348e-08	-0.795322383987906	0.016	0.028	0.000595096111154523	PGLS	c14
3.14763912852017e-08	-1.07600764742968	0.009	0.018	0.000653638741428498	RAB5C	c14
3.16705142700169e-08	-1.39673659557378	0.005	0.013	0.00065766989933117	ADRM1	c14
3.27225547742274e-08	-1.02770734234348	0.01	0.02	0.000679516572441605	SSR3	c14
3.28205042128796e-08	-0.897074027761443	0.013	0.025	0.000681550590484657	CD40LG	c14
3.28736587403664e-08	-0.816524284209608	0.015	0.027	0.000682654397402449	TMEM219	c14
3.34991194810816e-08	-1.12296045725641	0.007	0.017	0.000695642715144142	SAMD3	c14
3.5195270869751e-08	-0.790696981432257	0.016	0.028	0.00073086499488125	GBP5	c14
3.55907998544325e-08	-1.31695341672345	0.005	0.014	0.000739078549777145	POLR2J	c14
3.59014144992579e-08	-0.470336114788509	0.044	0.061	0.00074552877349159	SAMSN1	c14
3.60665591623979e-08	-1.08047344769694	0.008	0.018	0.000748958167566354	VDAC2	c14
3.61391950335918e-08	-0.495282817098901	0.039	0.056	0.000750466524067567	IRF1	c14
3.7526985956912e-08	-1.61739330708378	0.003	0.011	0.000779285390381235	EIF6	c14
3.7882237580877e-08	0.94417913615058	0.013	0.007	0.000786662545604492	SH3BP2	c14
3.82697146612461e-08	1.00405852677211	0.012	0.006	0.000794708894655436	MEF2A	c14
3.84081242266236e-08	-1.36443179830048	0.005	0.013	0.000797583107690065	COPS6	c14
3.93997063866338e-08	-1.6487236749954	0.003	0.011	0.000818174302824838	SUSD3	c14
4.02778893312021e-08	-1.1829334385272	0.007	0.016	0.000836410649851743	HMOX2	c14
4.15338445076409e-08	-0.62625502865336	0.026	0.04	0.000862491815045671	SEPT6	c14
4.23021501842202e-08	-0.513398129689764	0.033	0.049	0.000878446450725518	AES	c14
4.2923179058407e-08	-0.918457021083367	0.012	0.022	0.00089134273632688	PPT1	c14
4.39234610372183e-08	-0.53333314345821	0.035	0.051	0.000912114591898875	EPC1	c14
4.44665129139496e-08	0.489435470234074	0.047	0.034	0.000923391607171078	N4BP2L2	c14
4.64377731104502e-08	0.388344646839415	0.129	0.107	0.000964326796411609	SLC2A3	c14
4.67549887708698e-08	-1.13302476038821	0.008	0.017	0.000970914096815882	NINJ1	c14
4.78293907886305e-08	-1.45266259414719	0.004	0.012	0.000993225129116701	NDUFB6	c14
5.05102886673782e-08	-0.753770191333512	0.016	0.028	0.00104889665446678	ZFAND2A	c14
5.1687186644609e-08	-1.30257693086152	0.005	0.014	0.00107333611786195	LINC00869	c14
5.17374550220986e-08	-0.957738257694463	0.01	0.02	0.0010743799909889	SSBP1	c14
5.24169660989414e-08	-1.29828957245842	0.005	0.014	0.00108849071801062	PDAP1	c14
5.33008760457701e-08	-1.18877100836319	0.007	0.015	0.00110684599196646	H3F3A	c14
5.38493518935048e-08	0.6949949252134	0.022	0.014	0.00111823564142052	LUC7L3	c14
5.48631405169611e-08	-0.970098334162295	0.01	0.02	0.00113928797597522	ATRAID	c14
5.53731006478204e-08	0.893458139627535	0.014	0.007	0.00114987780805264	SYK	c14
5.58948844725986e-08	-1.11252868941835	0.007	0.016	0.00116071317095798	PDCD6	c14
5.69318644174695e-08	-1.08693023232443	0.008	0.017	0.00118224709649317	VDAC1	c14
5.80838199476361e-08	-1.00835799179729	0.009	0.019	0.00120616860503261	TMCO1	c14
6.12426169285398e-08	-1.14477955647142	0.007	0.016	0.00127176418313806	SUMO3	c14
6.27008484742322e-08	-0.838961039055892	0.014	0.025	0.0013020458194159	RNPS1	c14
6.30345035621123e-08	-1.12072680106211	0.008	0.017	0.00130897450097082	ATP5L2	c14
6.66463570607137e-08	-1.39390188270385	0.005	0.012	0.00138397825072278	MEA1	c14
6.77687241284744e-08	-1.5196376720398	0.006	0.014	0.0014072853252519	C15orf48	c14
7.24539684654566e-08	1.05274634282922	0.01	0.005	0.00150457910915367	TRIM28	c14
7.46967899657435e-08	-1.21559060596273	0.006	0.014	0.00155115354042863	TRG-AS1	c14
7.62029014185727e-08	-0.457176545045023	0.043	0.06	0.00158242945085808	KLF2	c14
7.74767802737842e-08	-0.926214237044896	0.011	0.021	0.0016088828191654	MRPL20	c14
7.81532303646038e-08	-1.60857775178991	0.003	0.01	0.00162292998175136	NDUFA5	c14
7.83822583329051e-08	0.646750431967675	0.025	0.016	0.00162768597654111	EIF3A	c14
7.9741265865102e-08	-0.931982756931713	0.009	0.019	0.00165590712695471	PFDN2	c14
8.16099939565668e-08	-0.884056923990345	0.012	0.023	0.00169471313450207	LAMTOR1	c14
8.19570438577062e-08	-1.64641866993826	0.003	0.01	0.00170191997274913	MRPL34	c14
8.30568600957836e-08	-1.57276677611936	0.003	0.011	0.00172475875674904	NDUFB5	c14
8.31582801397301e-08	-1.68356994440812	0.003	0.01	0.00172686484538163	ITGB1BP1	c14
8.45963387002007e-08	-0.907790808654918	0.012	0.022	0.00175672756944837	UGP2	c14
8.59827083152383e-08	-0.457998574592198	0.047	0.064	0.00178551692087424	CLDND1	c14
8.63908597925521e-08	-0.97160506541245	0.01	0.02	0.00179399259445214	RGS19	c14
9.03382974369737e-08	-1.53464551374797	0.004	0.011	0.0018759650845762	MMADHC	c14
9.0713084296629e-08	-0.737543309158085	0.016	0.028	0.0018837479085038	TRAPPC5	c14
9.14879648840011e-08	-1.24051680279852	0.006	0.014	0.00189983907878117	NDUFAB1	c14
9.19474835829404e-08	-0.409682835636519	0.046	0.063	0.00190938144408334	SRSF2	c14
9.25973181080849e-08	-1.24524954091124	0.006	0.014	0.00192287590783249	MAGOH	c14
9.30511041593634e-08	0.565316716690345	0.032	0.021	0.00193229922897334	HIST1H1E	c14
9.31773535211875e-08	0.788497320193279	0.017	0.01	0.00193492092322098	VMP1	c14
9.66936606226847e-08	-0.927998456009656	0.011	0.021	0.00200794055649067	AURKAIP1	c14
9.80832506450975e-08	0.663785803512686	0.024	0.016	0.00203679678289609	SLC11A1	c14
9.87082741199775e-08	-1.33234174759541	0.005	0.013	0.00204977602037545	CNIH1	c14
9.96279075396598e-08	1.03745901701579	0.01	0.005	0.00206887312796857	CCAR1	c14
1.01061899599739e-07	0.644468755654799	0.029	0.019	0.00209865140708819	IL6ST	c14
1.03604698892032e-07	-0.794797905085543	0.014	0.024	0.00215145517719194	RNF7	c14
1.0567878791439e-07	-0.866909261059868	0.012	0.022	0.00219452570983022	NDUFC1	c14
1.06774933142233e-07	0.486031830933655	0.046	0.033	0.00221728826163162	PNISR	c14
1.08433462497548e-07	-1.52504579649741	0.004	0.011	0.00225172928222408	NUTF2	c14
1.09399563797514e-07	-1.05718288893038	0.008	0.017	0.00227179134181917	TRAT1	c14
1.12551735259642e-07	-0.761114438542139	0.015	0.026	0.00233724933440173	BSG	c14
1.1458419612311e-07	-1.26681923385932	0.005	0.013	0.00237945541669251	FAM96A	c14
1.19078841482814e-07	0.865796422664323	0.014	0.008	0.00247279122223212	JAK3	c14
1.20527034925986e-07	0.959400205086406	0.021	0.013	0.00250286440727303	ATP1B3	c14
1.21675017572183e-07	0.507106496561129	0.039	0.028	0.00252670341490395	MAFB	c14
1.2259548722834e-07	-1.15738058921564	0.007	0.015	0.0025458178877837	ENY2	c14
1.27413190783398e-07	-0.79116314765364	0.014	0.024	0.00264586231980804	EIF1B	c14
1.29404417685255e-07	0.89330436150969	0.013	0.007	0.00268721213765201	P2RY8	c14
1.3048318363807e-07	-1.13729578673082	0.007	0.015	0.00270961379142816	C8orf59	c14
1.30535184130152e-07	-0.959127216341292	0.01	0.019	0.00271069363364674	RPS19BP1	c14
1.35250008103765e-07	0.87880845177374	0.014	0.008	0.00280860166828277	SESN3	c14
1.35733216486891e-07	-0.928736253066568	0.011	0.02	0.00281863597356677	STOM	c14
1.36556028498613e-07	-1.12600492167482	0.007	0.016	0.00283572248780219	DCK	c14
1.42264686954055e-07	-1.49019939426961	0.004	0.011	0.0029542684892879	C6orf1	c14
1.45242803376009e-07	-0.40575084042061	0.062	0.081	0.0030161120549062	RHOB	c14
1.51211865806158e-07	-1.21037100894907	0.006	0.014	0.00314006560533068	LSM6	c14
1.52669062855936e-07	0.647192090909422	0.024	0.015	0.00317032575926637	DOCK8	c14
1.56479435361477e-07	-0.373139166481065	0.067	0.086	0.00324945195471643	CTSD	c14
1.58056823595584e-07	-1.61233183936457	0.003	0.01	0.00328220799878589	DUSP23	c14
1.59833812330583e-07	-1.13409707000545	0.006	0.015	0.00331910894685688	LSM5	c14
1.62764995102455e-07	-1.20886302419188	0.005	0.013	0.00337997788829759	RAB11A	c14
1.69157745861024e-07	-1.00773322309425	0.009	0.018	0.00351272975055002	PCNP	c14
1.74081110390863e-07	1.00961805211401	0.01	0.005	0.00361496833837667	UBR2	c14
1.81185721463471e-07	-0.862922995458902	0.012	0.022	0.00376250269191045	SASH3	c14
1.83112757005888e-07	-0.753282125929218	0.015	0.027	0.00380251951198426	DENND2D	c14
1.95972731419585e-07	-1.08665834450244	0.007	0.016	0.0040695697406591	UBE2L3	c14
1.97299952783438e-07	0.728908383156184	0.02	0.012	0.00409713081950088	CYLD	c14
2.00060084823901e-07	-0.787799314048911	0.015	0.026	0.00415444772145313	MZT2B	c14
2.00126752010239e-07	-1.47890917469697	0.003	0.01	0.00415583213224462	STARD3NL	c14
2.11086599579782e-07	-1.08479258925904	0.007	0.016	0.00438342432687375	PIN1	c14
2.16127587317518e-07	0.550882275281613	0.034	0.024	0.00448810547823558	GNAS	c14
2.20964378868447e-07	-0.832320352273731	0.012	0.021	0.00458854629158217	CCDC109B	c14
2.2450658455393e-07	0.833955134353961	0.016	0.009	0.00466210373484692	NABP1	c14
2.25314235174042e-07	0.590202112324592	0.028	0.019	0.00467887540762416	ARHGAP4	c14
2.28383784232783e-07	-1.38306876329762	0.004	0.011	0.00474261766337797	TEX264	c14
2.34133691354453e-07	-0.847484125899452	0.011	0.021	0.00486202023466658	ID3	c14
2.35962601394919e-07	-1.12126837518482	0.007	0.015	0.00489999938056688	PRMT1	c14
2.42474883999897e-07	-0.995172763714761	0.009	0.018	0.00503523344114187	TGIF1	c14
2.53451268024562e-07	-1.31336812499232	0.005	0.012	0.00526316903179806	CMC2	c14
2.58658933406917e-07	-1.35092949818678	0.004	0.012	0.00537131141112804	PSMF1	c14
2.58995004928583e-07	-0.534633662523036	0.028	0.042	0.00537829027234695	PPP1R2	c14
2.6829244810211e-07	-0.87546146002422	0.01	0.02	0.00557136097728842	RBCK1	c14
2.71685577198202e-07	-0.628212735437752	0.021	0.033	0.00564182269609787	OXNAD1	c14
2.74218773241033e-07	-0.536297997233335	0.031	0.045	0.0056944270451233	HLA-F	c14
2.76350118519115e-07	0.811473993767124	0.014	0.008	0.00573868656116793	THBS1	c14
2.80562653837301e-07	-1.48294697737152	0.004	0.011	0.0058261640695854	OSM	c14
2.90113274893464e-07	0.561968431595647	0.031	0.021	0.00602449226643768	BCLAF1	c14
2.92974498467031e-07	-1.16192575918839	0.006	0.014	0.00608390843516637	ACP1	c14
2.93162094090482e-07	0.822488700793953	0.015	0.009	0.00608780404588296	PLXDC2	c14
2.94032413803769e-07	-0.87234449014749	0.011	0.02	0.00610587710504907	SEP15	c14
3.0075929725588e-07	-0.97478774083454	0.009	0.018	0.00624556756681561	MIEN1	c14
3.01242448669213e-07	-1.24172266490692	0.005	0.012	0.00625560068906488	POLR2I	c14
3.10629081537065e-07	-1.19605877809839	0.005	0.013	0.0064505235071987	HLA-J	c14
3.29744047841989e-07	-0.815257638993239	0.013	0.023	0.00684746489748674	H2AFX	c14
3.3109649375336e-07	0.925585251252307	0.012	0.006	0.00687554978928227	MLLT6	c14
3.36989840521636e-07	-0.721413220148369	0.016	0.027	0.00699793102827229	ARHGAP9	c14
3.48037716453406e-07	-1.34077410180824	0.004	0.012	0.00722735121987143	COPZ1	c14
3.54945388616626e-07	-0.756304979103234	0.015	0.026	0.00737079594001286	P4HB	c14
3.59159272711174e-07	0.934552912786345	0.012	0.006	0.00745830145712024	DMXL2	c14
3.5940734619675e-07	-0.990467927506439	0.009	0.017	0.00746345295112171	LPXN	c14
3.61108928897038e-07	-1.31668848328393	0.005	0.012	0.0074987880174759	MTFP1	c14
3.67034514232235e-07	0.239442305857306	0.087	0.069	0.00762183872254658	FCN1	c14
3.67940301131462e-07	-1.40050167928645	0.004	0.01	0.00764064829329594	PSMA3	c14
3.85089878998767e-07	-1.26928561405314	0.005	0.012	0.00799677642728839	RNF187	c14
4.20314498214083e-07	-1.3318291083288	0.004	0.011	0.00872825086991365	MPG	c14
4.38193771795844e-07	-0.893662511075367	0.01	0.019	0.00909953186511249	DDOST	c14
4.3865841359478e-07	0.964956016138088	0.01	0.005	0.0091091806167092	HECTD1	c14
4.51777487653185e-07	-1.01600679053226	0.008	0.016	0.00938161130860604	RHBDD2	c14
4.87629912983728e-07	-1.48137633167854	0.003	0.01	0.0101261227730201	SDHC	c14
5.09337465256205e-07	-0.826801358243113	0.013	0.022	0.0105769018035103	CD82	c14
5.21153837634888e-07	0.763842173265571	0.016	0.009	0.0108222805923261	XRN1	c14
5.22232911837651e-07	-1.36720601095094	0.004	0.011	0.0108446886472207	MED30	c14
5.26642213413883e-07	-1.14019082791813	0.006	0.014	0.0109362522037527	LAMTOR2	c14
5.3645066648136e-07	-0.532754100802143	0.036	0.05	0.0111399345401519	GPR183	c14
5.53553496861187e-07	-0.877998531329965	0.01	0.019	0.0114950919158194	C9orf78	c14
5.54134186752951e-07	-0.962525197106523	0.008	0.016	0.0115071505221118	SNX17	c14
5.91901676516653e-07	-0.986429957781806	0.008	0.017	0.0122914302145448	TMED9	c14
5.93258079735134e-07	0.990267104667275	0.01	0.005	0.0123195972837798	PKN2	c14
5.98426235000915e-07	-0.98745558777333	0.008	0.016	0.012426919196029	BUD31	c14
6.09924717320063e-07	-0.794890983686256	0.013	0.023	0.0126656966798684	CTSA	c14
6.14100758833523e-07	0.762364428830264	0.016	0.01	0.0127524163579369	NIPBL	c14
6.72139405510346e-07	-0.725293484567008	0.016	0.026	0.0139576468948279	CSK	c14
6.83245522733832e-07	-1.08020620358926	0.006	0.013	0.0141882765250907	MAP1LC3B2	c14
7.20645287264401e-07	0.756077380351199	0.016	0.01	0.0149649200353326	CELF1	c14
7.56662401095614e-07	-0.580426226199327	0.024	0.037	0.0157128514211515	PTPN6	c14
7.71884973284655e-07	0.763865299369945	0.017	0.01	0.0160289633552291	SYNRG	c14
8.50162836190248e-07	-1.25477660266744	0.005	0.012	0.0176544814563267	SDHAF2	c14
8.69319852488896e-07	-1.10225071492021	0.006	0.014	0.0180522960567844	RABGGTB	c14
8.76441490510228e-07	0.97615060220658	0.01	0.005	0.0182001839919354	BOD1L1	c14
8.80845559905956e-07	-1.28059368714396	0.004	0.011	0.0182916388970071	SNRPC	c14
9.01160290423534e-07	-1.18093262182026	0.005	0.013	0.0187134945909351	PLSCR1	c14
9.16943265656943e-07	-1.03627587664742	0.006	0.014	0.0190412438546321	LOC100996919	c14
9.19033207842871e-07	0.627729512194779	0.022	0.014	0.0190846435940651	CECR1	c14
9.195245022499e-07	-1.11703829268534	0.006	0.014	0.0190948458137214	APH1A	c14
9.28750194346147e-07	-0.702220870810876	0.016	0.026	0.0192864265357921	H2AFJ	c14
9.62502851560825e-07	-0.823195028572996	0.011	0.019	0.0199873342155121	AGTRAP	c14
1.0011180660113e-06	-1.35621684747056	0.004	0.01	0.0207892177587906	SLIRP	c14
1.00377501126942e-06	0.675955261444103	0.019	0.012	0.0208443918840207	PNN	c14
1.01471851189574e-06	-1.33303352178315	0.004	0.011	0.021071644618027	PDCD5	c14
1.02925027891033e-06	-0.780690921262818	0.013	0.023	0.021373411291852	ZNRD1	c14
1.04170371144626e-06	0.672596000267024	0.019	0.012	0.021632019271893	IVNS1ABP	c14
1.04759262281717e-06	-1.44145583264772	0.003	0.01	0.0217543084054213	DECR1	c14
1.06819609132054e-06	0.60479948853755	0.025	0.016	0.0221821600323624	MEF2C	c14
1.07866553322921e-06	0.711154459810679	0.018	0.011	0.0223995684630378	DPYD	c14
1.09152177620612e-06	-0.683588319060778	0.019	0.03	0.0226665412046964	BRE-AS1	c14
1.1589332569589e-06	-1.37663102374021	0.004	0.01	0.0240664080140084	VDAC3	c14
1.16070319701351e-06	-0.961179254525743	0.009	0.017	0.0241031625891826	UBE2J1	c14
1.193918954799e-06	-1.35124570532029	0.004	0.01	0.0247929210153561	OBFC1	c14
1.2454615182384e-06	0.810273880684423	0.013	0.008	0.0258632538877385	ITSN2	c14
1.27648510423367e-06	-1.31913461812845	0.004	0.011	0.0265074896745164	MRPL10	c14
1.28740720799531e-06	-1.29636849890433	0.004	0.011	0.0267342980812305	ARL6IP6	c14
1.28814580901894e-06	-1.31636460966243	0.004	0.011	0.0267496358700873	TUBB2A	c14
1.30149778872987e-06	-0.433814127039247	0.04	0.054	0.0270269030807645	RPS20	c14
1.3190621841002e-06	-0.966245882704255	0.008	0.016	0.0273916453150248	ZC3H12A	c14
1.32275686248632e-06	0.679569115030257	0.019	0.012	0.027468369006391	WHSC1L1	c14
1.33881325141944e-06	0.93276997327099	0.01	0.005	0.0278017959789761	GNS	c14
1.34693547489277e-06	-1.36711791012707	0.004	0.01	0.0279704620716233	CHMP5	c14
1.37145690225974e-06	0.919021653544403	0.01	0.006	0.0284796740323257	BRD4	c14
1.39051980454408e-06	-0.845184032346054	0.011	0.019	0.0288755342611624	RAD23A	c14
1.41212707136993e-06	-1.25765466552927	0.004	0.011	0.029324230764068	HSPB11	c14
1.44105445717589e-06	-0.5377093040979	0.027	0.04	0.0299249368577146	SDCBP	c14
1.44754735627364e-06	-0.646005841646513	0.019	0.029	0.0300597684003784	GDI2	c14
1.52551430916394e-06	-0.729828531555951	0.014	0.023	0.0316788301440983	NDUFS8	c14
1.52701873884884e-06	0.868653541010581	0.011	0.006	0.031710071130935	SLC25A37	c14
1.57951877499169e-06	-1.09074699486641	0.006	0.013	0.0328002868814774	BTF3L4	c14
1.59529958811121e-06	0.578367695028997	0.025	0.017	0.0331279912467173	DDX6	c14
1.61298382808634e-06	-0.445810394081566	0.035	0.049	0.033495222174041	RNASET2	c14
1.63404962981831e-06	-1.13648050857975	0.005	0.012	0.033932674612807	ETFB	c14
1.63850497222429e-06	-0.700073532095899	0.016	0.026	0.0340251942532097	BIN2	c14
1.65826489789308e-06	-0.598473323033427	0.02	0.031	0.0344355288696476	SERPINB1	c14
1.69185830375982e-06	0.439651455383666	0.044	0.033	0.0351331295358765	SF3B1	c14
1.7314856149026e-06	-0.795354425720723	0.015	0.025	0.0359560302790674	HSPA6	c14
1.7575206380386e-06	-1.16407806714378	0.005	0.012	0.0364966735695096	SLA2	c14
1.76307366384021e-06	0.866411906906118	0.012	0.007	0.0366119877033059	KDM2A	c14
1.76471372093189e-06	-0.809068071095935	0.012	0.02	0.0366460451288717	CD5	c14
1.78942275230894e-06	-0.787973179177786	0.013	0.022	0.0371591528744475	DNAJB9	c14
1.87470041063234e-06	-1.04247880289622	0.007	0.014	0.0389300287271912	YWHAH	c14
1.91653232283348e-06	-0.785714924159737	0.012	0.021	0.03979871021596	SELM	c14
1.95990630690796e-06	-0.549659263722304	0.024	0.035	0.0406994143692506	CMTM6	c14
2.20075585364526e-06	0.634773739532041	0.021	0.014	0.0457008960567975	C6orf62	c14
2.22917832878281e-06	-0.840731890939378	0.01	0.018	0.0462911171755038	C1orf86	c14
2.28426355573832e-06	-0.575618490784985	0.021	0.032	0.0474350169984619	SELPLG	c14
2.37351691878961e-06	-0.779384219038884	0.012	0.021	0.049288452335585	ANXA2R	c14
2.41236677919624e-06	-1.18430544420259	0.005	0.012	0.0500952085367891	ATP6V0E2	c14
2.49759772698538e-06	-1.2837900027633	0.004	0.01	0.0518651143985784	PTRHD1	c14
2.54211839824857e-06	0.930334802589544	0.01	0.005	0.0527896306580298	USP8	c14
2.5803818002244e-06	-0.879247453188456	0.008	0.016	0.0535842084634599	HAX1	c14
2.61242941152486e-06	-0.6006476272031	0.038	0.051	0.0542497091597252	MS4A6A	c14
2.68066794129889e-06	-1.14676348184161	0.005	0.011	0.0556667504690127	PLA2G16	c14
2.68401219850188e-06	-0.591358073277141	0.02	0.031	0.05573619731409	SNHG12	c14
2.78319893095649e-06	-0.64551168750969	0.017	0.027	0.0577959090002424	FAM46C	c14
2.83586349883735e-06	-1.13380155688666	0.005	0.011	0.0588895414168564	HIGD1A	c14
2.83672953771583e-06	-0.99170706441901	0.007	0.014	0.0589075255802069	SURF4	c14
2.95407249133465e-06	-0.721195315070601	0.013	0.022	0.0613442693550553	SBDS	c14
2.98286149410038e-06	-0.960134045286932	0.008	0.015	0.0619421017864884	CHIC2	c14
2.99547416105724e-06	-0.442069545019669	0.036	0.049	0.0622040164285146	HCLS1	c14
3.03232145132723e-06	-1.29835666051167	0.004	0.01	0.0629691872582614	MRPL53	c14
3.05092830428882e-06	0.602174753990668	0.025	0.017	0.0633555771668617	CD163	c14
3.09066055867747e-06	-1.20775411173076	0.005	0.011	0.0641806571614964	GTF2A2	c14
3.11230911119475e-06	-0.738101433286245	0.013	0.022	0.0646302110030701	ATP5A1	c14
3.32969166821696e-06	0.83351150118906	0.012	0.007	0.0691443771821935	MICAL1	c14
3.34999328898543e-06	-1.26868311037309	0.004	0.01	0.0695659606390715	C17orf89	c14
3.37412008925977e-06	-1.29835666051167	0.004	0.01	0.0700669777735684	TXNL4A	c14
3.42933879998278e-06	-0.4909081922826	0.035	0.048	0.0712136495204424	HSPA5	c14
3.44588051908386e-06	-0.896035192403122	0.009	0.016	0.0715571548592955	RBBP4	c14
3.49640989971924e-06	-0.887781731660088	0.009	0.016	0.0726064479775697	GCHFR	c14
3.50300826649808e-06	0.890258648860486	0.01	0.006	0.0727434696620991	TTC17	c14
3.5789990104079e-06	-1.3132630086848	0.004	0.01	0.0743214934501304	CNOT7	c14
3.58182043699515e-06	-1.26215998679176	0.004	0.01	0.0743800831946414	PPP1R7	c14
3.61625610844165e-06	-1.19761566494118	0.005	0.011	0.0750951743478993	NUDT21	c14
3.6845512739051e-06	-0.842098492478333	0.01	0.018	0.0765133917539133	GPR171	c14
3.7211990783661e-06	-0.835859288364781	0.01	0.018	0.0772744200613504	OPTN	c14
3.7853356400932e-06	0.833977641121317	0.012	0.007	0.0786062799021754	MARCH6	c14
3.81134888454414e-06	0.710921051778963	0.016	0.01	0.0791464709364437	RNMT	c14
3.97124386154063e-06	-0.911063308342423	0.008	0.016	0.0824668500287528	MAF1	c14
4.0313983888167e-06	-1.21715280973301	0.004	0.011	0.0837160189421675	NUDT22	c14
4.12776435410883e-06	-1.2805362172676	0.004	0.01	0.0857171545774239	SDHD	c14
4.1867872941635e-06	-0.822321173451443	0.01	0.019	0.0869428249505992	RPN1	c14
4.25801356912378e-06	-0.890435113440954	0.008	0.015	0.0884219097764244	STUB1	c14
4.34765162074726e-06	-1.02086568850428	0.006	0.013	0.0902833335564376	NOL7	c14
4.55569528640405e-06	-1.04508492629125	0.006	0.012	0.0946035683174665	PPM1G	c14
4.57067229687882e-06	0.639973409137495	0.021	0.014	0.0949145809169857	BCL11B	c14
4.61257854383053e-06	-0.650805987179203	0.016	0.026	0.0957848060411848	AUP1	c14
4.6726621187967e-06	0.568362533282959	0.025	0.017	0.0970325015589323	MYO1F	c14
4.76481617602299e-06	-0.648896397170572	0.031	0.043	0.0989461727112935	BCL2A1	c14
5.03597533775714e-06	0.683762288486929	0.016	0.01	0.104577063863865	TGFBR2	c14
5.03683829694839e-06	-0.913085252958651	0.008	0.016	0.10459498407443	A1BG	c14
5.27076851084431e-06	-0.639776154854451	0.017	0.027	0.109452778896193	UBE2B	c14
5.49595935412161e-06	0.588342968973381	0.023	0.016	0.114129091947689	GCC2	c14
5.56383006654295e-06	0.761892132568257	0.013	0.008	0.115538495161831	SATB1	c14
5.67978557339477e-06	-0.645014349369439	0.016	0.025	0.117946427217116	TERF2IP	c14
5.69853655191884e-06	-1.24020073421562	0.004	0.01	0.118335810037147	EMC6	c14
5.7638069108291e-06	-0.933111894081405	0.008	0.015	0.119691214310277	SF3A2	c14
5.79685124183399e-06	-0.675016540771078	0.031	0.043	0.120377412887925	SGK1	c14
5.83558276818918e-06	-0.719785400430276	0.012	0.021	0.121181711764217	SNHG7	c14
6.0185223530819e-06	-1.1571280386608	0.005	0.011	0.124980635184099	TOPORS-AS1	c14
6.08511022572924e-06	0.854082921844083	0.01	0.006	0.126363398947493	CCNL2	c14
6.11427294436327e-06	-0.927646192538027	0.008	0.015	0.126968991962648	DNAJC8	c14
6.32724725203014e-06	0.41273659015054	0.045	0.034	0.131391616435658	LRRFIP1	c14
6.42436655281469e-06	0.817424451265234	0.011	0.007	0.13340839583575	RAB11FIP1	c14
6.62991047738608e-06	-1.17770451297936	0.004	0.01	0.137676720973399	CBWD5	c14
6.63100949350558e-06	-1.10011338854279	0.005	0.011	0.137699543142137	FAM162A	c14
6.74879871567416e-06	-0.467154588791669	0.03	0.042	0.14014555412969	PDCD4	c14
7.06893969231568e-06	-0.799493877692726	0.01	0.018	0.146793601650627	PYHIN1	c14
7.38363212225886e-06	-1.12894813261088	0.005	0.011	0.153328504650828	CHCHD5	c14
7.79644106228452e-06	-0.674067839584444	0.014	0.023	0.1619008950994	RNH1	c14
7.93214159960135e-06	-0.957673915884548	0.006	0.013	0.164718852457322	FAM195B	c14
8.14715334469626e-06	-1.25218905033578	0.005	0.011	0.169183786355962	MT1F	c14
8.21151461568148e-06	-1.03133180331914	0.006	0.012	0.170520312509242	CLTB	c14
8.31888149190009e-06	0.805011362241975	0.012	0.007	0.172749893060797	THOC2	c14
8.40310810922863e-06	-1.15633402040595	0.005	0.011	0.174498942996242	PSMD9	c14
8.41004129831508e-06	0.696341465165191	0.015	0.009	0.174642917600811	TRAF1	c14
8.61217893375848e-06	-0.874488256648855	0.007	0.013	0.178840507738429	COX16	c14
8.80398280040311e-06	-1.07352967960318	0.004	0.01	0.182823506833171	THAP3	c14
9.24071573871865e-06	-1.19317394679857	0.004	0.01	0.191892703030232	ZSCAN16-AS1	c14
9.3833662671474e-06	0.81906737817974	0.011	0.006	0.194854983903583	CHD4	c14
9.46699557628431e-06	-1.00945490370928	0.006	0.013	0.19659163013712	FDFT1	c14
9.57293525526594e-06	-0.497358383174331	0.027	0.038	0.198791573510852	CDC42SE2	c14
9.61349495997037e-06	-0.603619301734761	0.017	0.026	0.199633836338745	TMED10	c14
9.92023622559743e-06	-0.695156431519386	0.013	0.021	0.206003625460756	C7orf73	c14
1.03444923322948e-05	-0.991721215077807	0.006	0.012	0.214813727772433	SARS	c14
1.05391374088433e-05	-0.714374392303374	0.012	0.02	0.218855727432039	PRMT2	c14
1.08878722116479e-05	0.377797845603655	0.048	0.037	0.22609755434708	ITGA4	c14
1.11947328974304e-05	-1.22182929694249	0.004	0.01	0.23246982334804	TIMM13	c14
1.13533377459077e-05	0.85681788956532	0.011	0.006	0.235763411631519	SLC5A3	c14
1.146282101068e-05	-0.799466510384112	0.01	0.017	0.23803694110778	STRAP	c14
1.15193935079814e-05	-0.657319294137878	0.012	0.02	0.239211725586743	TMEM107	c14
1.15721423906286e-05	-0.767095990559166	0.01	0.018	0.240307108883793	AQP3	c14
1.20666510343769e-05	-0.930306519754867	0.007	0.014	0.250576075379871	LINC01420	c14
1.21196169743082e-05	-0.804789444752494	0.009	0.016	0.251675966088484	MRPL18	c14
1.22220785905711e-05	0.782610041414495	0.013	0.008	0.2538036840118	HELZ	c14
1.2573839171956e-05	0.638591512665891	0.019	0.012	0.261108344244839	STK10	c14
1.30804064314916e-05	-1.08885876264377	0.005	0.01	0.271627719956354	SMS	c14
1.31000686404195e-05	-0.756928283661142	0.011	0.019	0.27203602538695	CLTA	c14
1.37970650908249e-05	-0.929825490597274	0.007	0.014	0.286509853676069	TOMM22	c14
1.40735989222156e-05	-0.860459296684974	0.007	0.014	0.292252355218729	TRAPPC6A	c14
1.42646447401589e-05	-0.856794388271171	0.009	0.016	0.29621961267414	GATA3	c14
1.42739157529083e-05	0.739645249386052	0.015	0.009	0.296412134524894	MARCH1	c14
1.43508586292452e-05	0.864323566313406	0.01	0.005	0.298009930294906	YBX3	c14
1.43732292735203e-05	-0.643470233877859	0.015	0.024	0.298474479093923	HNRNPH3	c14
1.44525727379943e-05	-0.584199836204209	0.017	0.026	0.300122125477189	BHLHE40	c14
1.4603032924076e-05	-0.785296005076466	0.01	0.018	0.303246581701363	HM13	c14
1.46130420601009e-05	-1.14238504133104	0.004	0.01	0.303454431420056	SNRPE	c14
1.46911097643573e-05	-1.18762403993848	0.004	0.01	0.305075585366643	SLC25A39	c14
1.47590789079676e-05	0.664566047262516	0.016	0.01	0.306487032602854	CSF3R	c14
1.47840328689527e-05	0.766179783889163	0.013	0.008	0.307005226556671	ATP8A1	c14
1.48744677413657e-05	-1.10011338854279	0.004	0.01	0.308883197117199	LMO4	c14
1.54105590012649e-05	-0.665770112772791	0.013	0.022	0.320015668220268	ODC1	c14
1.55125723622628e-05	0.786157390665798	0.011	0.007	0.322134077674749	SECISBP2	c14
1.5539969207307e-05	-0.212891666270423	0.02	0.013	0.322703000558936	SEPP1	c14
1.55635306842061e-05	-1.12315092461966	0.005	0.01	0.323192278188224	RGL4	c14
1.58083772661704e-05	-0.641637671905608	0.014	0.022	0.328276762309294	LOC642441	c14
1.59393263528549e-05	0.333551158424913	0.072	0.059	0.330996051043385	FUS	c14
1.62276183341631e-05	0.802874864840926	0.011	0.006	0.336982722327231	ARID1A	c14
1.71061642519212e-05	-0.525733612978081	0.022	0.032	0.355226606855395	SYTL3	c14
1.72454517838582e-05	-0.937729443360186	0.007	0.014	0.358119051743599	PASK	c14
1.7350945087359e-05	-0.57423098362537	0.018	0.027	0.360309725684097	CD47	c14
1.7422463434689e-05	0.80765058126756	0.011	0.006	0.361794875684751	KLF13	c14
1.74256230604877e-05	-0.771172990564323	0.01	0.018	0.361860488474088	ANP32A	c14
1.75076278760588e-05	-0.866743386378351	0.008	0.015	0.363563400474236	ZNF428	c14
1.78301221925302e-05	-1.09660574022873	0.005	0.011	0.370260317450082	SRP19	c14
1.87845831184409e-05	-0.63656874952243	0.015	0.024	0.390080653037544	SPNS1	c14
1.88438116590816e-05	-0.677950626910008	0.014	0.022	0.391310592912488	DANCR	c14
1.89428214419595e-05	0.814226726437113	0.011	0.006	0.393366630063732	RASGRP1	c14
1.90348343091106e-05	0.79138892653279	0.011	0.006	0.39527736926299	SMARCA2	c14
1.95960810869919e-05	0.805269895841379	0.011	0.006	0.406932219852473	PUM2	c14
1.96390826583811e-05	-0.837318017593298	0.009	0.015	0.407825190483942	IMP3	c14
2.03678751881951e-05	-0.995513950722859	0.004	0.01	0.42295929615806	DNAJC19	c14
2.08458973852019e-05	-1.06930734176162	0.005	0.011	0.432885905101103	NGRN	c14
2.17201032050184e-05	-0.451889221164441	0.022	0.032	0.451039663155412	FCGR3A	c14
2.20343383927355e-05	-0.960415814158504	0.006	0.012	0.457565071063545	HSD17B11	c14
2.21260088280274e-05	-0.923731142534645	0.007	0.013	0.459468699322817	ZMYM6NB	c14
2.21574709239223e-05	-0.893413822615778	0.007	0.014	0.46012204120617	TUBA1C	c14
2.22246951019868e-05	-0.932218922327851	0.007	0.013	0.461518018487858	CCDC59	c14
2.27175852311117e-05	-1.01645545949588	0.005	0.011	0.471753374909266	RHEB	c14
2.29560560793678e-05	0.784096817924925	0.014	0.009	0.476705460544153	NFKB1	c14
2.30532531366578e-05	-0.371384257949551	0.032	0.044	0.478723854635836	ITGB1	c14
2.32336695481785e-05	0.783415068660814	0.011	0.007	0.482470381837475	NRD1	c14
2.33315542392447e-05	-0.676871969831756	0.013	0.021	0.484503055332155	PSMA1	c14
2.57231605842839e-05	-0.736227374797711	0.011	0.018	0.534167152693239	EIF3M	c14
2.6700680204162e-05	-1.0725248515497	0.005	0.01	0.554466325119628	CARHSP1	c14
2.67338008931399e-05	-1.13409707000545	0.004	0.01	0.555154109346944	MRPL14	c14
2.70855975990199e-05	-1.13104051157211	0.004	0.01	0.562459519741248	LOC643733	c14
2.7728598214139e-05	-0.932218922327851	0.007	0.013	0.57581207051481	PELO	c14
2.80480795435175e-05	0.779679911188305	0.011	0.006	0.582446419800684	MAN2A1	c14
2.81494230421182e-05	-0.568887727103338	0.018	0.027	0.584550918892626	RBPJ	c14
2.84370611044664e-05	-0.603600791128697	0.015	0.024	0.590524010895348	PRKAR1A	c14
2.95214094289505e-05	-1.06751673083188	0.005	0.01	0.613041588201587	UFD1L	c14
2.95803027867941e-05	0.745615833932294	0.013	0.008	0.614264567670567	ZBTB10	c14
2.96537890571328e-05	-0.779182788616428	0.009	0.016	0.61579058356042	ATOX1	c14
3.03215542878535e-05	-1.10011338854279	0.004	0.01	0.629657396341566	PRDX3	c14
3.06592708628173e-05	-0.454666853179468	0.027	0.037	0.636670418737263	SRRM1	c14
3.07524653191319e-05	-0.936657433832996	0.006	0.012	0.638605694817092	WBP2	c14
3.11656073795183e-05	0.889607190585815	0.01	0.006	0.647185002843078	IL4R	c14
3.14084210851796e-05	-0.806468754732453	0.009	0.016	0.652227272254839	TSEN54	c14
3.24784781909627e-05	-0.747124000500655	0.01	0.017	0.674448078113532	IK	c14
3.31062978479609e-05	-0.95474281206343	0.006	0.012	0.687485381110756	ARIH2	c14
3.39231008136934e-05	-1.04347567342959	0.005	0.01	0.704447111497158	PHB	c14
3.50361694570546e-05	-0.561323978292211	0.019	0.027	0.727561094945196	DEK	c14
3.5766793983803e-05	-1.09105404925533	0.004	0.01	0.742733243867652	SARNP	c14
3.74606671177618e-05	-0.763991062071799	0.014	0.021	0.777908213367442	IRF7	c14
3.85558498117755e-05	-0.975342934569324	0.006	0.011	0.80065077719133	COX20	c14
3.90130822293856e-05	0.609429785301917	0.017	0.011	0.810145665575422	CDK5RAP3	c14
3.92295082224492e-05	-0.855117953890295	0.007	0.014	0.814639967747379	TMEM50B	c14
3.97549085198158e-05	-1.02130952092974	0.005	0.011	0.825550430322495	MRPL55	c14
4.11722945944754e-05	0.685415943466464	0.013	0.008	0.854983869548875	ZCCHC11	c14
4.18017862141132e-05	0.734111523723305	0.013	0.008	0.868055892522275	BRWD1	c14
4.22714775485331e-05	-1.05714728748823	0.006	0.011	0.877809502772838	GADD45G	c14
4.24363265904831e-05	-1.04585423613939	0.005	0.01	0.881232757977972	IER3IP1	c14
4.41303047303462e-05	-0.826082237490065	0.007	0.014	0.91640990803037	MAL	c14
4.42623957528133e-05	-0.759076470707726	0.01	0.016	0.919152910202921	GPS2	c14
4.56305151023084e-05	-0.54015115321611	0.018	0.027	0.947563276614536	TOB1	c14
4.67978052074507e-05	-0.252748294409521	0.069	0.084	0.971803222937922	SRSF5	c14
4.79771247994434e-05	-0.787630298804663	0.009	0.015	0.996292973585242	FBL	c14
0.690507878514014	-3.71673487521926	0.014	0.015	1	IGJ	c14
9.46108476904009e-05	-1.76870263035874	0.006	0.012	1	IGLL5	c14
0.00243302051212026	-1.18867043357554	0.012	0.017	1	CXCL2	c14
0.000199239778833253	-1.10039557828274	0.019	0.027	1	CXCL8	c14
5.24171547365631e-05	-1.05065315064603	0.005	0.01	1	EMC4	c14
0.00747254515231698	-0.98991005709715	0.021	0.026	1	IL1B	c14
0.000108955508244447	-0.980113612432163	0.005	0.01	1	NDNL2	c14
0.000103887008816245	-0.974213010992479	0.005	0.01	1	FIBP	c14
6.76125420829719e-05	-0.972040311896481	0.005	0.011	1	PSMD13	c14
7.06719007226365e-05	-0.955509572314071	0.006	0.011	1	LAP3	c14
8.30048612906941e-05	-0.951731811062341	0.005	0.011	1	MMP24-AS1	c14
0.000166275500211581	-0.937217564991816	0.005	0.01	1	ATG12	c14
0.00024998201652282	-0.919992619994592	0.005	0.01	1	SFT2D1	c14
0.000213592416043304	-0.914287809683008	0.005	0.01	1	UBE2A	c14
7.58345994720102e-05	-0.912940997224308	0.006	0.011	1	PSMA4	c14
0.00018456725732358	-0.911815963436307	0.005	0.01	1	TMEM9B	c14
5.23969391534622e-05	-0.905854738079114	0.006	0.011	1	TMX1	c14
0.000106359989934638	-0.900679144937759	0.006	0.011	1	DNAJC4	c14
9.52025951200229e-05	-0.898389879079925	0.005	0.011	1	TOX	c14
6.23665856761024e-05	-0.896185230887048	0.006	0.012	1	DHPS	c14
0.000143373331600451	-0.891875061516205	0.006	0.011	1	PSMD7	c14
0.000397950229600431	-0.885673922062711	0.005	0.01	1	TMEM208	c14
0.000170645014420542	-0.881779183780699	0.006	0.011	1	PUF60	c14
7.09684346899743e-05	-0.876958779089177	0.007	0.012	1	EPB41L4A-AS1	c14
0.00025471891805002	-0.876797051042275	0.005	0.01	1	PSMG2	c14
0.000258169631095082	-0.86852797698165	0.006	0.011	1	CHCHD7	c14
0.000139275354491815	-0.866972019479841	0.006	0.011	1	CCT8	c14
0.000136140993911384	-0.859785690957368	0.006	0.012	1	MDH1	c14
0.0181647369632468	0.858723704390241	0.011	0.008	1	SPINT2	c14
0.000193982366823569	-0.857256864646629	0.006	0.011	1	PTPRA	c14
0.000156351860777897	-0.847875628352321	0.006	0.011	1	PSMD4	c14
0.000238596110991587	-0.844470709690786	0.005	0.01	1	LOC100996740	c14
6.66914622837629e-05	-0.843529881535118	0.007	0.013	1	TMEM160	c14
0.000403111482452404	-0.842629458786361	0.006	0.011	1	IGSF6	c14
0.000303370038404128	-0.842063190997357	0.006	0.011	1	CAMLG	c14
0.000191542588911978	-0.837506701372342	0.006	0.012	1	APEX1	c14
0.000188771949412326	-0.82987097685155	0.006	0.012	1	PLEKHJ1	c14
6.23299540060966e-05	-0.826740438123566	0.007	0.013	1	STRA13	c14
0.00027382720061599	-0.823061944763032	0.014	0.021	1	CH25H	c14
0.000208900887968762	-0.822310985538706	0.006	0.012	1	MTIF3	c14
0.000426520822010953	-0.820378639116555	0.006	0.011	1	AP3S1	c14
0.000674784127757609	-0.818113005975379	0.005	0.01	1	DDTL	c14
0.000812015935371237	-0.81609953988987	0.005	0.01	1	IRF2	c14
7.64000571303234e-05	-0.811048435224176	0.008	0.014	1	MOB1A	c14
0.000142750585829286	-0.804094211902036	0.007	0.012	1	RNASEH2C	c14
0.000570987238000201	-0.804076826787455	0.006	0.01	1	CCT7	c14
7.27419100013999e-05	-0.803675824441785	0.008	0.014	1	GSDMD	c14
0.000191852445548591	-0.803007239410484	0.007	0.012	1	NCF1B	c14
0.000518802687983605	-0.802809080624254	0.006	0.011	1	TMEM147	c14
5.84345703006546e-05	0.801706217518304	0.01	0.006	1	CCDC88A	c14
0.000262433405495145	-0.800240462833731	0.007	0.012	1	GOLGA7	c14
6.95781688955512e-05	0.799044417794789	0.01	0.006	1	CTNNB1	c14
5.93350874718537e-05	-0.798669838372596	0.008	0.014	1	CASP4	c14
4.98239648162241e-05	-0.798580957319022	0.007	0.013	1	STARD7	c14
0.00138271622656284	-0.790969373482284	0.006	0.01	1	RTKN2	c14
0.00108186668269968	-0.790681389870113	0.006	0.01	1	NUCB2	c14
0.000423332913972976	-0.790269884963907	0.006	0.011	1	MFNG	c14
0.000438667318730513	-0.78706515267786	0.012	0.018	1	CPVL	c14
0.000169353153207221	-0.786065816789677	0.007	0.013	1	CMTM3	c14
0.000662393700433517	-0.785363946164845	0.006	0.011	1	TXN2	c14
7.95702430421844e-05	-0.783762403201338	0.008	0.015	1	TRADD	c14
0.0003940146570871	-0.78008900412417	0.007	0.012	1	RAB10	c14
7.22877288847647e-05	-0.776291534996215	0.009	0.015	1	RAB2A	c14
0.000112721181256167	0.775306669535248	0.01	0.006	1	CHD9	c14
0.000429994291573614	-0.775006849891534	0.007	0.012	1	VKORC1	c14
0.00140875414265712	-0.77325088938932	0.005	0.01	1	BID	c14
0.000107692738977752	-0.772888325962382	0.008	0.014	1	EIF2S2	c14
0.000145682250627997	0.771184272741407	0.01	0.006	1	HECA	c14
0.00109485352256284	-0.769509680476269	0.006	0.01	1	SMIM14	c14
0.00137908088442596	-0.767059055675052	0.005	0.01	1	COQ10B	c14
9.14903191154543e-05	0.764858634491993	0.01	0.006	1	ITGAM	c14
8.9375291562068e-05	0.76176747214816	0.01	0.006	1	PPP1R16B	c14
0.000373954943063359	-0.760937903779258	0.006	0.011	1	C19orf24	c14
0.000167307290455037	-0.760402282818626	0.008	0.014	1	COMMD7	c14
0.00053915751197298	-0.754576007724703	0.007	0.012	1	KDELR2	c14
0.000156620203081785	0.752683291163147	0.011	0.007	1	TACC1	c14
0.000493796003659878	-0.750341660730117	0.007	0.012	1	TRAPPC2L	c14
0.145254743288625	-0.750275006612852	0.022	0.025	1	C1QB	c14
0.000563121079772936	-0.748264995732165	0.007	0.012	1	DBNL	c14
6.13804732150083e-05	-0.745546477149612	0.008	0.014	1	GADD45GIP1	c14
7.71759871744263e-05	-0.743986165690294	0.008	0.014	1	CHMP2A	c14
0.000515764543406501	-0.742924189167635	0.007	0.012	1	ILF2	c14
0.419445343833616	-0.742690152173854	0.019	0.021	1	G0S2	c14
0.00104911485139717	-0.74232109780197	0.006	0.011	1	FBXO7	c14
0.00155324104313587	-0.738455331569986	0.006	0.01	1	RBM4	c14
0.000295536549476805	-0.734245974541285	0.009	0.014	1	CXCL16	c14
6.62583977404522e-05	-0.734066121017286	0.009	0.016	1	DPM3	c14
0.00017796407848209	-0.733985489744896	0.009	0.015	1	MYC	c14
9.93336984111078e-05	-0.733632418308823	0.009	0.016	1	PPP2R1A	c14
0.000182889686416387	-0.728696170372782	0.009	0.015	1	TSC22D4	c14
0.000193997367441359	-0.727605465542807	0.009	0.014	1	WTAP	c14
7.14132126612084e-05	0.726645220708234	0.011	0.007	1	SUPT5H	c14
0.00188519087400283	-0.724965097829325	0.006	0.01	1	VTI1B	c14
5.52024964905707e-05	0.724572746589564	0.012	0.007	1	CHD3	c14
5.27029693177064e-05	0.723863569780133	0.012	0.008	1	PREX1	c14
0.00140050778106891	-0.723214482707252	0.005	0.01	1	PTPLAD2	c14
0.00123425640882444	-0.720246485677052	0.006	0.011	1	PILRA	c14
0.00154218254844856	-0.719623362515518	0.006	0.01	1	CAMTA1	c14
0.000106951763336346	-0.711688229326226	0.01	0.016	1	SNRPA	c14
0.00092253427783553	-0.710967422395973	0.007	0.012	1	ITGB7	c14
0.000425499058947736	0.708846608823211	0.01	0.006	1	PCSK7	c14
0.000435964615973189	-0.708589483764835	0.008	0.013	1	DNAJA2	c14
0.00114457250672518	-0.707857914581737	0.007	0.011	1	SMIM7	c14
0.000252487050651679	-0.707820388211719	0.009	0.014	1	ATP6AP2	c14
0.000158011452930938	0.7067726947388	0.011	0.007	1	RIOK3	c14
0.000312615641395529	-0.705253771201579	0.009	0.014	1	LSM14A	c14
0.000415457208647976	0.705104207137395	0.01	0.006	1	ELMO1	c14
0.00168694058977366	-0.703143024605771	0.006	0.011	1	CCT3	c14
0.00163231382507544	-0.702961959693591	0.006	0.01	1	CYB5R3	c14
0.000786441167318792	-0.702822944946817	0.007	0.012	1	DNAJC15	c14
0.00131047197480472	-0.701338721198197	0.007	0.011	1	PITHD1	c14
0.000546793972221555	-0.699118194410924	0.008	0.013	1	TMUB1	c14
0.00146619581701198	-0.698559118627571	0.007	0.011	1	AKR1A1	c14
0.00102667564975249	-0.697600198658145	0.012	0.017	1	FKBP2	c14
0.000764309510910411	-0.697514930474019	0.007	0.012	1	PPP6C	c14
0.000380809435408347	0.695604792907503	0.01	0.006	1	ZNF638	c14
0.00282368254833905	-0.695296186924019	0.006	0.01	1	TIMM8B	c14
0.000138218919701507	-0.695257104149062	0.01	0.016	1	FGFR1OP2	c14
0.000658360167331207	-0.694894353640277	0.007	0.012	1	JMJD6	c14
5.24679731766935e-05	-0.694848713321485	0.011	0.018	1	PPP4C	c14
0.00232685888093484	-0.692197618376133	0.006	0.01	1	TES	c14
0.000159392409840618	0.691047165495679	0.011	0.007	1	BDP1	c14
0.00220751417839865	-0.687589464319347	0.006	0.01	1	KXD1	c14
0.00206135989595949	-0.68524955102051	0.006	0.011	1	MBOAT7	c14
0.00357184991970402	-0.684249650743634	0.007	0.011	1	MX1	c14
0.000549840632929808	0.683163327610002	0.01	0.006	1	PICALM	c14
0.000192013047157247	0.68279727859233	0.011	0.007	1	GOLGA4	c14
0.00439943733804903	-0.682468451285277	0.006	0.01	1	ALDH2	c14
0.000356085577731105	-0.680651797968501	0.012	0.018	1	TMEM176B	c14
0.000119444162690853	-0.678740329969106	0.01	0.016	1	PTPN7	c14
0.000243116323216307	-0.675938204377024	0.01	0.016	1	PPP2CA	c14
0.000488640464514639	-0.674172082549418	0.009	0.014	1	HNRNPLL	c14
0.00350879569941583	-0.674010484706483	0.008	0.012	1	LIPA	c14
0.00171279501822476	-0.673213505042901	0.007	0.012	1	INO80E	c14
0.0028079134915627	-0.672544646206705	0.006	0.01	1	PITPNC1	c14
0.00102968504185405	-0.67235701923678	0.008	0.012	1	NRBP1	c14
0.00118769666857065	-0.671617392350343	0.007	0.012	1	ORMDL1	c14
0.00131563394143441	-0.671465457745296	0.007	0.012	1	CAPN2	c14
0.00018431115158914	-0.665497963047139	0.01	0.017	1	SYPL1	c14
0.0013862817772563	0.664319695920891	0.01	0.006	1	ZCCHC7	c14
0.000772318972363087	-0.661861175688198	0.008	0.013	1	ZC3H15	c14
0.00226113636794895	-0.660920740278801	0.007	0.011	1	SCAMP2	c14
0.000273928438092426	0.660671414441509	0.013	0.009	1	TNFSF8	c14
0.0028940611934735	-0.660024517208583	0.006	0.01	1	ABCD4	c14
5.48420953438024e-05	-0.659348686849621	0.011	0.018	1	MRPS34	c14
0.00208806702358207	0.658461758851391	0.01	0.006	1	SCO2	c14
0.000329434630827837	0.658326952736465	0.011	0.007	1	GNA13	c14
0.00208190798085546	-0.658054070682071	0.007	0.011	1	CCNDBP1	c14
0.636322809923154	-0.657697678575187	0.023	0.024	1	C1QC	c14
0.000192885752270976	0.657316308183129	0.011	0.007	1	NSUN6	c14
0.00022569843212308	-0.656906186715621	0.01	0.016	1	SDF4	c14
0.00077047453888567	-0.655693722088835	0.009	0.014	1	C1orf43	c14
0.00119273592234636	-0.653325979157719	0.007	0.012	1	CNPY2	c14
0.000755088062481192	-0.652822332777708	0.009	0.014	1	LDLRAD4	c14
5.40430756481492e-05	-0.651185993777183	0.012	0.019	1	UQCRFS1	c14
0.000283557084363362	0.651002534250927	0.013	0.008	1	SNRNP200	c14
0.000911591127105805	-0.649717571404539	0.009	0.014	1	EVI2A	c14
0.00102846357644927	0.649188427299729	0.01	0.006	1	FLJ31306	c14
0.000457420066924196	0.649136583700417	0.011	0.007	1	ARL5B	c14
0.000149698199901586	-0.647387276951738	0.011	0.017	1	RASSF1	c14
7.36528318339606e-05	0.645774686300438	0.014	0.009	1	LYN	c14
0.00134821916534898	-0.643388515616721	0.007	0.012	1	KRAS	c14
0.002569544129462	-0.642959418788824	0.006	0.01	1	RGS14	c14
0.000708327168127333	0.642608045439641	0.012	0.008	1	RNF144B	c14
0.00443855708496555	-0.642017969909218	0.006	0.01	1	B3GAT3	c14
0.00297015621002114	-0.641982136792197	0.007	0.011	1	LRP10	c14
0.000211899971658064	-0.641105033819604	0.011	0.017	1	CASP1	c14
0.00142106369933928	0.637319399617421	0.01	0.006	1	ZBTB1	c14
0.00021943156653692	-0.634864443310182	0.01	0.017	1	MAX	c14
0.00138388054140005	-0.634623974097042	0.008	0.013	1	SH3GLB1	c14
5.37513902116446e-05	-0.633230839198244	0.014	0.021	1	TUFM	c14
0.00345051661333541	-0.632418782373786	0.007	0.011	1	GOLPH3	c14
0.00142577142187877	-0.630127842554963	0.008	0.013	1	PCED1B	c14
0.00085444632004981	-0.629846368543557	0.009	0.014	1	TMEM134	c14
0.000101441739418029	-0.629846368543556	0.013	0.02	1	VPS29	c14
0.00235566876286334	-0.62586313663412	0.008	0.012	1	ARRDC1	c14
0.00248185217435305	-0.625846551358922	0.006	0.01	1	ILK	c14
0.000715024259119159	-0.625228184871822	0.01	0.015	1	ERGIC3	c14
0.00537199840063222	-0.624279692669015	0.006	0.01	1	ANP32E	c14
0.000248800168670879	-0.624205325028551	0.01	0.016	1	PNRC2	c14
0.00302479096130993	-0.620904501465342	0.007	0.012	1	RNF113A	c14
0.00462424520498532	-0.620668439116637	0.007	0.01	1	B3GNT2	c14
0.000186022457225527	-0.620178032322195	0.011	0.017	1	UFM1	c14
0.0040788649161488	-0.619064677805761	0.006	0.01	1	HMGA1	c14
5.15158371044588e-05	-0.618884513047105	0.015	0.023	1	NME3	c14
0.000848427974391095	-0.618318134430298	0.01	0.015	1	RAB24	c14
6.28412466520925e-05	0.617738650580892	0.018	0.012	1	ADRBK1	c14
0.000342660110956926	-0.616955795316695	0.011	0.018	1	HLA-DMB	c14
0.000364320321967197	0.614171816482613	0.013	0.009	1	ABLIM1	c14
4.94426581234941e-05	-0.61388300269001	0.014	0.022	1	TTC39C	c14
0.000552545336675595	-0.613034644555652	0.011	0.017	1	HERPUD2	c14
0.00465214496663227	-0.610616897063504	0.007	0.011	1	CDC25B	c14
0.00668187252957827	-0.606320601330705	0.006	0.01	1	SMARCB1	c14
0.00251313449222276	-0.606195100478911	0.008	0.012	1	TMEM167A	c14
0.0033574674652449	0.604480900774974	0.01	0.007	1	ASXL2	c14
0.000313193145503381	-0.604093681598465	0.011	0.017	1	KHDRBS1	c14
0.0038141046622829	-0.603374157182366	0.007	0.011	1	RAB14	c14
0.0011027764195999	-0.603159042034987	0.011	0.016	1	PPP1R2P9	c14
0.00195356722958305	-0.602613729071976	0.008	0.012	1	SNRPA1	c14
0.000585866184946847	-0.599097181758121	0.011	0.017	1	AP2M1	c14
0.000175357875522539	-0.596809590359536	0.013	0.02	1	APBB1IP	c14
0.00171082703128193	-0.594756691383609	0.009	0.014	1	POLE4	c14
0.000570843641212142	-0.594687769263857	0.01	0.016	1	MAPK1IP1L	c14
0.00475858759051752	-0.594222458812836	0.007	0.011	1	FBXW5	c14
0.000267064821755561	-0.593442412813357	0.012	0.019	1	TAX1BP1	c14
0.00202491243159221	-0.591912298125634	0.008	0.013	1	VIM-AS1	c14
0.0102605868061084	0.591295477318863	0.01	0.007	1	FOXN2	c14
0.000126646733484012	-0.58912158711997	0.014	0.022	1	AKIRIN2	c14
0.00269339905823074	-0.589019385504223	0.008	0.013	1	TNIP1	c14
0.010064722595698	-0.587796189653402	0.008	0.012	1	GSN	c14
0.00592999808750288	-0.587336073227595	0.007	0.011	1	SH3BP1	c14
0.00775318502550117	-0.586990889581759	0.007	0.01	1	PDLIM2	c14
6.69273885247687e-05	-0.583947474979445	0.016	0.024	1	WAS	c14
0.000767823065139094	-0.583529179165299	0.011	0.017	1	SNX6	c14
0.00032794256476601	0.582934111860553	0.019	0.013	1	KCTD12	c14
0.00142750371888032	0.58072935970431	0.012	0.008	1	ZNF644	c14
0.00403395227267649	0.579884821339078	0.01	0.006	1	RPS6KA3	c14
0.00172410291745087	-0.578955702159525	0.01	0.014	1	NUCB1	c14
0.00997320210177208	0.578939798761514	0.013	0.01	1	GK	c14
4.86625248310614e-05	-0.578171770765002	0.016	0.024	1	PRKCH	c14
9.82354800809381e-05	-0.577900153510902	0.013	0.02	1	TMC6	c14
0.00340832539225259	0.577818387868759	0.01	0.006	1	TCF4	c14
0.00292711057716299	0.577565286646667	0.01	0.007	1	SH3BP5	c14
0.00709951280912852	-0.57258838832835	0.007	0.011	1	SRA1	c14
0.000322283318884673	-0.570740689916336	0.014	0.02	1	NEU1	c14
0.0124866287397683	-0.568662232426812	0.007	0.01	1	FAM26F	c14
0.0050455255575137	-0.568469360599742	0.009	0.013	1	HIST1H1C	c14
0.000199509017540244	-0.567498775420176	0.014	0.021	1	SH3KBP1	c14
0.000660269871500106	0.566407811984918	0.014	0.009	1	FGD3	c14
0.0053814436567439	-0.566355665379891	0.008	0.012	1	ATP6V0D1	c14
0.00122666885931524	0.564206903791647	0.013	0.009	1	EPB41	c14
0.000135797611753817	-0.563617814190691	0.017	0.024	1	PLEK	c14
0.00393182969794919	-0.562809506181374	0.009	0.013	1	SRSF9	c14
0.000734961432796416	0.561347249652407	0.014	0.009	1	GLS	c14
0.000974240351671521	0.560624184837928	0.013	0.009	1	MAN2B1	c14
0.000907669944660934	0.560187132339309	0.013	0.009	1	PRPF8	c14
0.000383147456980185	-0.55947485709097	0.013	0.02	1	RSL1D1	c14
0.304964904118885	-0.558680829722853	0.026	0.028	1	C1QA	c14
0.00115633641208469	0.558509452551674	0.014	0.01	1	FAM102A	c14
0.00493643046651195	0.557237348976805	0.01	0.007	1	CCDC88C	c14
0.00121874633929928	-0.556639276004679	0.01	0.016	1	ANKRD10	c14
0.00333775504300447	0.554531842753867	0.011	0.008	1	TMEM259	c14
0.00775647687533187	-0.552590858380341	0.007	0.011	1	SRSF8	c14
0.00069582803589968	0.552134071491072	0.014	0.01	1	PDE3B	c14
0.000139713247124727	-0.5517177302983	0.015	0.023	1	PTP4A1	c14
0.00601281003899645	-0.551316399495848	0.007	0.011	1	LRPAP1	c14
8.1161568842943e-05	-0.551000927941597	0.017	0.026	1	TNFAIP8	c14
0.00201994441420077	0.550471207769674	0.012	0.008	1	ASXL1	c14
0.000801273688370629	0.550256784250402	0.016	0.012	1	SLC20A1	c14
0.0028198826050496	0.550256784250402	0.011	0.008	1	NFKB2	c14
0.00135247703576043	-0.549168747866426	0.011	0.017	1	RASSF5	c14
0.516100747229354	-0.548284618976357	0.152	0.143	1	CST3	c14
0.00276888539986957	-0.547594572609179	0.01	0.015	1	PRNP	c14
0.00286311863261507	0.545971332342582	0.012	0.008	1	B4GALT1	c14
0.00794297447605962	-0.544447414370191	0.008	0.011	1	SNHG16	c14
0.0046361078749574	0.544105697735138	0.011	0.007	1	TIPARP	c14
0.000637128492348619	0.54348007108141	0.015	0.01	1	SKIL	c14
0.00548833595517387	-0.541210127439276	0.009	0.013	1	NUDC	c14
0.000379330858932233	-0.540884013592438	0.013	0.02	1	ARID5A	c14
0.00240381804695686	-0.538382093736821	0.01	0.014	1	GTF2B	c14
0.000116759439354321	-0.53814378536632	0.016	0.024	1	PTPN22	c14
0.000864792771616083	-0.536099234418907	0.013	0.019	1	NT5C	c14
0.0100321767987328	-0.533992322196453	0.007	0.011	1	NMRK1	c14
0.82206548341355	-0.53395581274938	0.121	0.117	1	IFI30	c14
0.00406750769291458	0.533695016107901	0.011	0.008	1	LUC7L	c14
0.00886897025757763	-0.532712821552256	0.008	0.011	1	FLOT1	c14
0.000329479907510716	0.532421675300713	0.017	0.012	1	GABPB1-AS1	c14
0.00168356381705423	-0.531985326684898	0.012	0.017	1	RILPL2	c14
0.00933871931701168	-0.530923590639266	0.007	0.01	1	UQCRC1	c14
0.000832136901495249	0.530425675724447	0.016	0.012	1	LOC101927902	c14
0.000115610073731241	-0.529423337686827	0.017	0.025	1	SLC3A2	c14
7.18536065354477e-05	0.527044596951777	0.022	0.015	1	TRA2A	c14
0.0031969495731074	-0.52692805559799	0.01	0.015	1	HNRNPR	c14
0.000252183901841095	-0.523449384399455	0.016	0.023	1	NUCKS1	c14
0.000662346335492056	-0.522028634074689	0.014	0.02	1	TAF7	c14
0.00078910775612857	-0.51934883949619	0.014	0.021	1	SPCS3	c14
0.00177860859999923	-0.512814984106877	0.012	0.018	1	RPN2	c14
7.23898863011633e-05	-0.509476891914522	0.021	0.029	1	VAPA	c14
0.00849096939559017	0.509244266327993	0.011	0.008	1	PDCD6IP	c14
0.000828081192530173	-0.508182627746144	0.018	0.024	1	PLIN2	c14
7.87768062805277e-05	0.508073520275456	0.024	0.017	1	PTPRE	c14
0.0042286993719596	0.507680229281995	0.01	0.007	1	PLBD1	c14
0.00829989960563151	-0.50731439358967	0.009	0.013	1	RNF114	c14
0.000106258193890325	-0.507274773804673	0.02	0.029	1	CD6	c14
0.0011509694302888	-0.504580735079577	0.014	0.02	1	SET	c14
0.00300871166606252	0.504168672797138	0.016	0.012	1	RN7SL1	c14
0.0145261378268982	0.503984154265559	0.01	0.007	1	SETD2	c14
0.0190794963300581	-0.497961917294782	0.007	0.01	1	VPREB3	c14
0.00334157611704942	0.497729518820028	0.016	0.012	1	LY9	c14
0.00206412745250696	-0.496960115267937	0.013	0.018	1	DDX39A	c14
0.0127090126560281	0.495044879284252	0.01	0.007	1	CLTC	c14
0.0205444625448883	0.489209906554161	0.013	0.01	1	CTSZ	c14
0.00636582560763375	0.48891877648741	0.012	0.008	1	ETS2	c14
0.00189900953634589	-0.488183840221367	0.014	0.019	1	LAMP1	c14
0.00227806261925023	0.486989609664327	0.015	0.011	1	ICAM1	c14
0.000118051868188184	-0.486307119645948	0.031	0.041	1	IER3	c14
0.0163107166733756	0.485918963944773	0.01	0.007	1	CHMP7	c14
0.0164040238994996	-0.48522789847638	0.008	0.011	1	NCF4	c14
0.000171566597662191	0.484699710734551	0.023	0.016	1	ATF7IP	c14
0.0108385857895129	-0.483768109055612	0.009	0.013	1	ADSS	c14
0.00150116764916047	0.482755822430836	0.016	0.012	1	BAZ1A	c14
0.0107225530232768	-0.480811623731017	0.008	0.012	1	RPAIN	c14
0.0149780156650507	0.480035539892913	0.01	0.007	1	MBNL2	c14
0.00217406174893611	0.473557193472321	0.016	0.012	1	LOC100131564	c14
0.0213391147495803	0.472448580832452	0.01	0.008	1	GSPT1	c14
0.00446091904575863	-0.471275398651869	0.012	0.017	1	PRKACB	c14
0.0626364015630408	0.470965328903405	0.01	0.008	1	MIS18BP1	c14
0.000676149491657376	-0.470819637292788	0.017	0.024	1	LAPTM4A	c14
0.000240910933883564	-0.470354036296135	0.021	0.029	1	IFI16	c14
0.0012578266414161	-0.468436886104096	0.017	0.024	1	CTSH	c14
0.00769243863935116	-0.468069016210964	0.01	0.014	1	PARVG	c14
0.0274650058658254	-0.467765485946632	0.009	0.012	1	RNASE6	c14
0.0308373394210626	-0.466066107322153	0.007	0.01	1	LMAN1	c14
0.00973350339998632	0.465506364875277	0.012	0.009	1	TBXAS1	c14
0.0121926279065129	-0.46454391203924	0.01	0.013	1	RBMX	c14
0.000633538187527707	0.464244964898323	0.023	0.017	1	MAT2A	c14
0.013798317850248	-0.463627304405078	0.009	0.013	1	EIF4EBP2	c14
0.00186547239768272	0.46288682056255	0.017	0.012	1	RBMS1	c14
0.000276525626764975	-0.462846015957743	0.021	0.029	1	TMEM123	c14
0.0234992552437501	0.462300325777986	0.012	0.009	1	RALGAPA1	c14
0.00332946800349249	-0.462067589565581	0.013	0.018	1	CMTM7	c14
0.000571652615207244	-0.461709976317879	0.02	0.027	1	ARF4	c14
0.000538087875599052	-0.459125600038976	0.019	0.027	1	TRIM22	c14
0.00441358789845362	-0.455074929363064	0.012	0.016	1	PIM3	c14
0.0294788929791745	-0.454838851898899	0.007	0.01	1	ANXA7	c14
0.000318363235025634	-0.454054953403313	0.018	0.025	1	DNAJB4	c14
0.00952382739107463	0.45364019311644	0.013	0.009	1	SPTAN1	c14
0.000988050749400727	-0.452668314598816	0.018	0.025	1	PRPF38B	c14
0.0363756260458452	0.452496516294631	0.01	0.007	1	TMF1	c14
0.034347824382191	0.4522875057849	0.01	0.007	1	HEXIM1	c14
0.0387886352826677	-0.449239793045558	0.02	0.024	1	NAPSB	c14
0.000936364993057299	-0.448725329227195	0.02	0.027	1	STAT1	c14
0.0114389443284473	0.446007385975697	0.013	0.01	1	ITGB2-AS1	c14
0.00802357231880507	0.445780338886826	0.016	0.012	1	SNORD3A	c14
0.00925596979834018	0.44401175967464	0.013	0.01	1	PPIF	c14
0.000287670131015186	-0.443918510055862	0.022	0.03	1	TPM4	c14
0.0170853626622911	0.443297579448166	0.011	0.008	1	ERAP2	c14
0.00460030437276052	-0.44257954388442	0.015	0.02	1	NCF1	c14
7.50074910911847e-05	-0.441162058584744	0.011	0.018	1	MIR155HG	c14
0.000135514684819118	0.4407514940269	0.027	0.02	1	TCF25	c14
0.0177858377692764	0.440648001034217	0.011	0.008	1	ADAM10	c14
0.00437717943739172	0.439274453175251	0.02	0.015	1	STAT4	c14
0.00468952623769551	-0.433198815131694	0.014	0.019	1	GABARAPL1	c14
0.0128821913963991	0.433151316233119	0.014	0.01	1	HNRNPD	c14
0.024439746617959	0.4330848871829	0.011	0.008	1	LOC100507217	c14
0.0113241263961663	0.432616497245053	0.016	0.013	1	ILF3-AS1	c14
0.00550977444451592	0.430797477052125	0.019	0.014	1	PRPF4B	c14
0.0271440738032037	-0.430513864715507	0.007	0.01	1	ACAA1	c14
0.000816811324059882	0.429856459645573	0.024	0.018	1	IKZF3	c14
0.00987158525239916	0.429612695276095	0.014	0.01	1	DIAPH1	c14
0.00832432373335046	-0.429163212542339	0.012	0.017	1	METTL9	c14
0.00646911300554222	0.428709017063535	0.017	0.013	1	DGKA	c14
0.00341743637597044	-0.425540624221155	0.014	0.019	1	BCAS2	c14
0.0270954108046304	0.424838275101652	0.011	0.008	1	PJA2	c14
0.0317618328219731	0.421134581957085	0.011	0.009	1	SNX9	c14
0.000195798226431536	-0.421038346913668	0.026	0.035	1	PIK3IP1	c14
5.02696057413425e-05	-0.420096554469645	0.031	0.042	1	SEPT9	c14
0.0013061297962937	-0.420028639977732	0.015	0.021	1	SNORA78	c14
0.0242251813371121	0.416691201338911	0.012	0.009	1	MTSS1	c14
0.0117789302205792	-0.416248786501527	0.012	0.016	1	NAPA	c14
0.0438109459166108	-0.414889329958107	0.007	0.01	1	TBCD	c14
0.00342949570900021	0.414642855798014	0.019	0.014	1	NCOR1	c14
0.0119052544959851	0.414154258017105	0.013	0.009	1	CUX1	c14
0.0260028099584416	-0.412138026129925	0.009	0.013	1	THEMIS	c14
0.0309200749183801	-0.411058433881325	0.009	0.012	1	ZBTB38	c14
9.48750487247161e-05	-0.410872520902667	0.031	0.041	1	GLIPR1	c14
0.0282058111819501	0.410090534058247	0.011	0.009	1	STAG2	c14
0.00022659190577652	-0.409797887675408	0.025	0.034	1	CSDE1	c14
0.00879716675044368	0.409717539195993	0.015	0.011	1	PGD	c14
0.019298718135397	0.40957911134702	0.013	0.01	1	CASP8	c14
0.000496595524311651	-0.409566964098943	0.024	0.032	1	ARL4C	c14
0.00892397934357167	-0.408860768421355	0.011	0.016	1	ICAM2	c14
0.0285997330430591	0.408858578216986	0.012	0.01	1	STK38	c14
0.000100469131247994	0.408595305834644	0.034	0.026	1	GNAI2	c14
0.0310887528580109	-0.408458959467111	0.008	0.011	1	BLVRB	c14
0.00246441828698849	-0.408359077302947	0.019	0.026	1	LOC374443	c14
0.000552874429028144	0.407023571240917	0.023	0.017	1	CEBPD	c14
0.0417144496227904	0.406739658622548	0.01	0.008	1	SFXN1	c14
0.0521975240635264	0.406708612559196	0.01	0.008	1	PIK3CD	c14
0.00762581955364064	-0.406321977717189	0.014	0.019	1	CAMK4	c14
0.00172708616426896	-0.405653583525896	0.017	0.023	1	PSTPIP1	c14
0.021696374821678	-0.405560894788937	0.01	0.014	1	MRFAP1	c14
0.0297143782953987	0.404081250526266	0.011	0.009	1	EHD1	c14
0.0117983724049826	0.403833644588255	0.015	0.011	1	CD46	c14
0.000330739842667772	-0.40146745706065	0.025	0.034	1	TRAF3IP3	c14
0.0100997128179848	0.400480811819826	0.011	0.008	1	PDK4	c14
0.00193114438024219	-0.399313985772341	0.019	0.025	1	SIGIRR	c14
0.0048069613065695	-0.399058602578814	0.016	0.021	1	NAP1L4	c14
0.0275514981864689	-0.398302248837578	0.011	0.014	1	YPEL3	c14
0.0571544553565184	-0.397545626851389	0.007	0.01	1	SAT2	c14
0.0679076572600395	0.397001403702927	0.01	0.008	1	RNF44	c14
0.0421289259101074	-0.395151111711007	0.007	0.01	1	VPS37B	c14
0.0052981769472009	-0.391388383714198	0.016	0.021	1	CAPZA1	c14
0.0114414513916116	0.388839817281086	0.018	0.014	1	ROCK1	c14
0.0600717572460673	0.388668295885808	0.01	0.007	1	NUP214	c14
0.0409059349968274	-0.388608897121025	0.009	0.012	1	RNF145	c14
0.0292342857398905	-0.388135392982917	0.01	0.014	1	SLC44A2	c14
0.00643269614183624	-0.388129525781159	0.015	0.021	1	KTN1	c14
0.00833454060217485	-0.386509932781498	0.015	0.019	1	AOAH	c14
0.0189540292345381	-0.386051201126391	0.012	0.016	1	TBRG1	c14
0.0101455693412271	-0.385752413708757	0.015	0.019	1	SF3B2	c14
0.061442370249178	0.385501016807126	0.011	0.008	1	STT3B	c14
0.0101807031725043	-0.384900793882552	0.015	0.02	1	IL16	c14
5.56875938539793e-05	0.383685741165449	0.041	0.031	1	FGL2	c14
0.0580461616558045	0.383674538594907	0.01	0.007	1	CLEC12A	c14
0.00287235683247546	0.38231278718846	0.027	0.021	1	DDX21	c14
0.0526430028748925	0.380708919096405	0.014	0.012	1	TLE4	c14
0.00220018145204325	-0.378882694251559	0.023	0.029	1	AP2S1	c14
0.0192155376670683	0.378835060761429	0.014	0.011	1	TGFBI	c14
0.00123466861976606	0.378667277820233	0.032	0.025	1	ZEB2	c14
0.00239497481237835	0.375121513033143	0.025	0.019	1	HMHA1	c14
0.0299495089313406	0.374680771006933	0.019	0.016	1	CSF1R	c14
0.0222724895495051	0.373844677881876	0.014	0.011	1	DNAJB14	c14
0.00110234758483455	-0.373457357842472	0.021	0.028	1	C4orf48	c14
0.000923030411720381	0.371966830776131	0.028	0.021	1	KLF10	c14
0.0214035885506378	0.371914089320881	0.016	0.013	1	SRSF1	c14
0.10163624888598	-0.368921680425556	0.007	0.01	1	BAG3	c14
0.0555597202450046	-0.364970201058728	0.009	0.011	1	RAB8B	c14
0.0543103061280212	0.364269333282896	0.012	0.01	1	CSNK1D	c14
0.0502343238707867	-0.363763409935699	0.009	0.012	1	TAP2	c14
0.000491364112815592	-0.362075376064618	0.022	0.03	1	RUNX3	c14
0.0145636899810385	0.362056163757846	0.017	0.013	1	CD36	c14
0.0480343571674665	-0.360054944324715	0.01	0.012	1	GRK6	c14
0.0287881383251963	-0.359757205175812	0.044	0.05	1	HSP90B1	c14
0.0112165516164433	0.359402897780839	0.028	0.023	1	AIM1	c14
0.0553924147774586	-0.359150903405641	0.009	0.012	1	SRRT	c14
0.0184788342697567	-0.359095772425987	0.013	0.017	1	FERMT3	c14
0.0577157698905902	-0.35878951432885	0.049	0.055	1	TIMP1	c14
0.0319641684873269	-0.358526761569553	0.012	0.015	1	YWHAE	c14
0.0278970487763152	-0.358342104482769	0.012	0.015	1	TMX4	c14
0.0010504969507619	-0.358236444275099	0.022	0.029	1	HMGN3	c14
0.0550100147107516	-0.357808181375336	0.01	0.013	1	SYAP1	c14
0.030500190455445	-0.357719020178151	0.013	0.016	1	ARL4A	c14
0.0873108474506079	-0.357227111758669	0.008	0.01	1	FPR1	c14
0.00392697216123283	0.357142765936287	0.022	0.017	1	IRF2BP2	c14
0.0198958485123398	-0.356520647360969	0.014	0.018	1	HP1BP3	c14
0.0409772952909262	0.355151468117197	0.014	0.011	1	SYNE1	c14
0.0745445480095244	0.35466222546031	0.01	0.008	1	GNB1	c14
0.00667927295442134	0.354430661186944	0.023	0.018	1	ATRX	c14
0.0193705036631068	-0.352777112740793	0.013	0.017	1	M6PR	c14
0.00331220789733797	-0.351385643730695	0.02	0.026	1	SNHG1	c14
0.0012984054421932	-0.349537362857934	0.028	0.036	1	JAK1	c14
0.0741147043580418	-0.348979098348351	0.008	0.011	1	HNRNPL	c14
0.00998655094446641	-0.347934916048316	0.018	0.024	1	CSTA	c14
0.0149569813257965	0.347667620464457	0.018	0.015	1	CD4	c14
0.10603052559892	0.346511591767477	0.01	0.008	1	THEM4	c14
0.0635296386095789	0.346026733742113	0.012	0.009	1	IQGAP2	c14
0.0687316297869578	0.345835000730882	0.011	0.009	1	ATP2B4	c14
0.0461361725220302	0.344985857068411	0.013	0.011	1	TAF15	c14
0.0381091704884462	0.344428706949411	0.015	0.012	1	PHIP	c14
0.0885336437314593	0.343575721833782	0.011	0.009	1	LINC00657	c14
0.0431486799064138	-0.34327580963388	0.01	0.012	1	NDUFV1	c14
0.00532688819566188	-0.342419437756074	0.022	0.028	1	SUN2	c14
0.00329962799436769	-0.342167059746574	0.022	0.029	1	CNPY3	c14
0.04089460450373	0.341945929317929	0.014	0.011	1	ZRANB2	c14
0.0930663184494327	0.340811101141388	0.014	0.012	1	LOC100509457	c14
0.00778014815663843	0.340205229593542	0.026	0.021	1	IFRD1	c14
0.0602076584951543	0.338293944471177	0.012	0.009	1	PHTF2	c14
0.0120963950713562	-0.337316399118939	0.018	0.023	1	EIF2S3	c14
0.0741359458174209	-0.336564085436973	0.007	0.01	1	RNF126	c14
0.0512244969766327	-0.335797306231631	0.011	0.014	1	MLF2	c14
0.0415482169174598	-0.335266220254388	0.011	0.014	1	PNPLA2	c14
0.0173242732409351	-0.33420346142851	0.01	0.014	1	ACTN4	c14
0.0904040857067303	0.334139667098508	0.011	0.009	1	CD81	c14
0.0135351249977447	-0.334138582683862	0.04	0.047	1	CD68	c14
0.0217192205757803	0.333611196616276	0.014	0.011	1	LILRB1	c14
0.00210023277818844	0.333351667966916	0.035	0.028	1	TCIRG1	c14
0.0839928600863632	0.332476617875863	0.011	0.009	1	SLC4A7	c14
0.0190841762931734	-0.332047274962683	0.016	0.02	1	SYTL1	c14
0.0153596500725335	-0.33129109894465	0.018	0.023	1	ANKRD28	c14
0.0103175666472648	0.330582865794879	0.025	0.02	1	LINC00936	c14
0.039281513366109	0.329684654794977	0.017	0.014	1	IER5	c14
0.053233168676406	-0.329073260298218	0.012	0.015	1	TNFSF13B	c14
0.0256572750051504	-0.329049142222707	0.013	0.017	1	PPIG	c14
0.0335579040700495	0.32874602426738	0.016	0.013	1	RASA2	c14
0.0158349490340867	0.327921662630711	0.024	0.02	1	AKNA	c14
0.0472232928710155	-0.3278178310939	0.012	0.015	1	MGAT1	c14
0.111536515636954	-0.327335727483435	0.023	0.026	1	LINC01272	c14
0.084430173158954	0.32631630779929	0.013	0.01	1	TTC3	c14
0.0468890747730273	-0.326119846942422	0.012	0.015	1	R3HDM4	c14
0.0996301084015224	0.326110399707756	0.01	0.008	1	SRSF6	c14
0.053446972910714	-0.325932327527547	0.011	0.014	1	EPS15	c14
0.0999392843335024	0.325607192503181	0.011	0.009	1	TBL1XR1	c14
0.066546843069813	-0.325405700385036	0.01	0.013	1	BNIP2	c14
0.000646940001076444	-0.324964188567692	0.082	0.095	1	AIF1	c14
0.0671374800367736	0.323956721321774	0.014	0.012	1	G3BP1	c14
0.297392421293859	-0.321388913453643	0.014	0.016	1	HMOX1	c14
0.0764068735064516	-0.32120396440642	0.01	0.012	1	RTF1	c14
0.00543265120075343	-0.320657385486872	0.022	0.028	1	DPP7	c14
0.0789880935153206	0.320158647971434	0.012	0.009	1	OFD1	c14
0.0103195220861081	-0.31960007870383	0.019	0.024	1	IFNGR1	c14
0.0275369224137905	-0.319463194122781	0.014	0.018	1	VASP	c14
0.0726322284873304	0.319123158932983	0.014	0.011	1	HSPA9	c14
0.00121133377612056	-0.3177208232499	0.042	0.051	1	SELL	c14
0.0280791587658107	-0.315959665364466	0.016	0.02	1	TNFRSF14	c14
0.0877298291251111	0.315601591396957	0.013	0.011	1	SMARCA5	c14
0.024480414521854	-0.313972395175344	0.014	0.018	1	FAM107B	c14
0.0678942243779755	-0.312403339571709	0.007	0.01	1	TARSL2	c14
0.00152052032777346	-0.312255904827837	0.04	0.05	1	CD97	c14
0.0145851437701055	0.312137831683707	0.023	0.019	1	ARID4B	c14
0.240576548268091	0.31208652217749	0.01	0.008	1	TMED5	c14
0.0308042588805285	-0.312030116172683	0.016	0.02	1	RSRC2	c14
0.00409365947240201	-0.311432757832431	0.023	0.029	1	GPBP1	c14
0.0405444822023869	-0.311045458824969	0.042	0.047	1	CD79A	c14
0.0326084527485495	-0.310807517026833	0.012	0.015	1	BTN3A2	c14
0.138177511523415	0.310505715645062	0.012	0.01	1	INPP4B	c14
0.0649316419025464	0.309393004762822	0.016	0.013	1	PELI1	c14
0.0469552791188849	0.308733373938785	0.02	0.016	1	MYO1G	c14
0.0296363387832019	-0.308721421837538	0.033	0.038	1	SOD2	c14
0.128466962981168	-0.307918273656194	0.008	0.01	1	PHYKPL	c14
0.0699250205451103	0.306409146324	0.015	0.013	1	NOP58	c14
0.0477390569420602	0.305472635391479	0.016	0.013	1	MTCH1	c14
0.000793144633303344	0.304872061050656	0.037	0.029	1	DUSP6	c14
0.00179495203227	-0.30222456999052	0.025	0.032	1	GeneID:102723863	c14
0.0887364403579203	0.301657355983217	0.01	0.008	1	THBD	c14
0.095706450175342	0.301259535757095	0.012	0.01	1	YTHDC1	c14
0.0978166632754498	-0.30056881792065	0.008	0.01	1	GDI1	c14
0.0523162915607455	0.299943262663691	0.017	0.014	1	RASGRP2	c14
0.0469732917789591	0.298988013044144	0.026	0.022	1	RPS10	c14
0.00419448629376152	-0.296732253210746	0.03	0.037	1	PTGER4	c14
0.0946497345079136	-0.296141105879841	0.01	0.012	1	VOPP1	c14
0.0484176421284809	-0.295392470586778	0.013	0.016	1	HNRNPM	c14
0.0514879211172179	-0.293930277872928	0.015	0.019	1	CCND2	c14
0.117339804806668	-0.293908177031535	0.009	0.011	1	GRAMD1A	c14
0.0634586429819726	-0.293181730399297	0.012	0.015	1	BIRC2	c14
0.0508879628637379	-0.291025638025808	0.015	0.018	1	TMEM243	c14
0.000100499848566819	-0.288386999069795	0.057	0.07	1	RPS17	c14
0.0707762949509839	-0.28773411827224	0.013	0.016	1	GBP2	c14
0.156251263229145	0.287639342304161	0.01	0.008	1	PTK2B	c14
0.0904125380301828	0.28675343804489	0.013	0.011	1	ARAP2	c14
0.011995613771834	0.284150480914917	0.034	0.029	1	RNF149	c14
0.0706050652402219	-0.284080695132081	0.01	0.013	1	TBCC	c14
0.349512539510062	-0.283349552434468	0.009	0.01	1	CTSL	c14
0.00148232834491516	-0.283338268641117	0.04	0.049	1	NR3C1	c14
0.0114085453652559	-0.282835523707059	0.025	0.031	1	SP100	c14
0.0112804125302163	0.281777602214637	0.039	0.033	1	SLC38A2	c14
0.0990195557780204	-0.279489865329677	0.011	0.013	1	PPP3CC	c14
0.160899043097212	0.27814426146129	0.011	0.009	1	MECP2	c14
0.194084196510422	0.27814426146129	0.011	0.009	1	PLK3	c14
0.0176714882884679	0.277952582228536	0.026	0.022	1	ATF4	c14
0.0825201795503821	-0.277800031999275	0.014	0.017	1	EIF4A3	c14
0.0017934833937211	-0.276902254055956	0.035	0.043	1	ATP6V0B	c14
0.00547033676103618	0.276515753509968	0.039	0.033	1	KMT2E	c14
0.462600349357933	0.276190409770177	0.013	0.014	1	MARCKSL1	c14
0.0380544756619846	0.275945030790158	0.024	0.02	1	SNRNP70	c14
0.0131604424046993	0.275612880439689	0.029	0.024	1	SMAP2	c14
0.0235571057013621	0.274804712425732	0.026	0.022	1	TGFB1	c14
0.000915492143537519	0.274340018136583	0.062	0.053	1	SF1	c14
0.00318535658265412	0.274291193490966	0.054	0.046	1	MYH9	c14
0.0534638953528306	0.273345006984652	0.019	0.016	1	TLN1	c14
0.324652814438071	0.273011936443893	0.01	0.008	1	LOC101929065	c14
0.134885694146874	0.272759415359046	0.014	0.011	1	PPM1K	c14
0.00302601717381995	0.271938782424524	0.041	0.034	1	CD55	c14
0.0315086830594091	0.271049047593944	0.02	0.016	1	LILRB2	c14
0.163620675440447	-0.269990352191348	0.008	0.01	1	CCSER2	c14
0.0846640291763549	0.269120421122926	0.016	0.013	1	TCF7	c14
0.184351140055409	0.266582698321026	0.01	0.009	1	RNF10	c14
0.0120824126125387	-0.266475184870006	0.019	0.024	1	G3BP2	c14
0.0156334150960707	-0.264783932213411	0.021	0.026	1	TALDO1	c14
0.0394034610050104	-0.263265632102068	0.062	0.068	1	LST1	c14
0.0326050634133484	-0.261736172226897	0.02	0.024	1	PAK2	c14
0.0555793024383224	0.261410156540565	0.02	0.017	1	PECAM1	c14
0.0493960112173453	-0.260714845030591	0.028	0.032	1	MNDA	c14
0.071083856922539	-0.2585615734357	0.016	0.019	1	C17orf62	c14
0.195461751705535	-0.25797847174552	0.019	0.022	1	LGALS2	c14
0.173842176558208	-0.257794794230358	0.008	0.01	1	NAA50	c14
0.119112742797999	-0.25668117391965	0.012	0.015	1	LEF1	c14
0.0578206276760955	0.256201185136654	0.02	0.017	1	ITGAL	c14
0.0501782829482826	-0.255878864279598	0.022	0.027	1	FCGRT	c14
0.0643580763401815	-0.255626957547648	0.019	0.022	1	CEBPB	c14
0.0459293611515432	-0.255277845926179	0.019	0.023	1	DEF6	c14
0.0515763560535633	-0.255258186911584	0.019	0.023	1	UBXN4	c14
0.0977888541890906	-0.254806937196632	0.014	0.017	1	RNF166	c14
0.191035547607415	-0.254519662197497	0.008	0.01	1	BCL2	c14
0.117137905363476	-0.254397159398916	0.012	0.015	1	PAFAH1B1	c14
0.270248636449287	0.25386058136051	0.011	0.009	1	ATP6V1B2	c14
0.00746953828816031	-0.253194657505305	0.035	0.043	1	ELF1	c14
0.141361720587212	-0.252968344730625	0.01	0.013	1	TM9SF2	c14
0.142364697404849	-0.252116481987843	0.011	0.013	1	HADHA	c14
0.106805444952204	-0.251535803758676	0.009	0.011	1	CPNE1	c14
0.158070409785704	0.250331081199018	0.013	0.011	1	PIAS1	c14
0.0484817663507261	0.250028308509219	0.024	0.02	1	SCAF11	c14
0.15808456542819	0.249658339269883	0.013	0.011	1	PTPN1	c14
0.118990143476748	-0.249293852972007	0.008	0.01	1	ABTB1	c14
0.159590937961165	-0.248919855551664	0.009	0.011	1	SESN1	c14
0.00299863149207844	0.24765303446545	0.061	0.052	1	SON	c14
0.184831307248049	0.247253624319578	0.014	0.012	1	TPP1	c14
0.170850697866127	-0.246489912372959	0.009	0.011	1	PTBP1	c14
0.0628030980205572	-0.246299155392529	0.015	0.018	1	RAD21	c14
0.146911712048025	-0.245507064210246	0.009	0.011	1	ST3GAL1	c14
0.122223192233795	-0.244738641404911	0.012	0.015	1	OCIAD1	c14
0.187333581165641	-0.243148018265956	0.009	0.011	1	MFSD1	c14
0.0953646119105955	-0.243071342384836	0.015	0.018	1	INSIG1	c14
0.203662739979388	-0.242547020531421	0.008	0.01	1	SAP30BP	c14
0.235984689204644	0.241434386848636	0.01	0.008	1	HBEGF	c14
0.205374495490062	-0.240645993288137	0.009	0.01	1	TNFSF10	c14
0.0132830748982984	0.240259641267633	0.043	0.037	1	EIF5	c14
0.238674325183445	0.238847903504012	0.01	0.009	1	NUPL1	c14
0.11028608974331	-0.238685971282653	0.013	0.015	1	HSBP1	c14
0.0139353218197557	-0.238680083320262	0.027	0.033	1	NDFIP1	c14
0.211548589392959	-0.235768487900359	0.008	0.01	1	SBDSP1	c14
0.0863964923744027	-0.23505001425957	0.016	0.019	1	C5AR1	c14
0.0753400729372064	-0.234458435559817	0.019	0.023	1	ARPC4	c14
0.0154173695774953	-0.230328198480745	0.036	0.043	1	NAP1L1	c14
0.264189305269377	0.229252128608046	0.011	0.009	1	HLA-L	c14
0.630136639871224	0.226822666836811	0.01	0.009	1	SLC7A5	c14
0.0562160931770711	-0.225050619252618	0.03	0.035	1	CFD	c14
0.213918005700898	-0.22449478507418	0.009	0.011	1	FAM50A	c14
0.0327406737250518	-0.224161868252376	0.03	0.035	1	IL10RA	c14
0.184969716301688	0.22181470634457	0.013	0.011	1	ALG13	c14
0.0554995598847163	0.219814915489468	0.011	0.008	1	DAB2	c14
0.164717043593538	-0.218900472019279	0.012	0.014	1	HIST1H1D	c14
0.0776788587178431	-0.217334704083741	0.017	0.02	1	EWSR1	c14
0.108956543027088	-0.217152809733012	0.018	0.021	1	CDC42SE1	c14
0.0929285979811569	-0.216792451284557	0.017	0.02	1	MGAT4A	c14
0.234473501876804	-0.216091874491508	0.009	0.01	1	SRSF4	c14
0.118602118258116	-0.2139015237021	0.012	0.015	1	LIMS1	c14
0.0396081182978576	0.212874862129739	0.032	0.028	1	SPI1	c14
0.19422867430909	0.212497817038706	0.021	0.018	1	PPP1CB	c14
0.0944932593188855	-0.21138763923565	0.021	0.025	1	SCML4	c14
0.15303543712078	-0.21089381926133	0.015	0.018	1	CDC42EP3	c14
0.0830908204767799	-0.210792644953571	0.021	0.024	1	RAC1	c14
0.113704949515976	0.210779984123701	0.024	0.021	1	RORA	c14
0.190164901665261	-0.210121601905337	0.031	0.034	1	LMNA	c14
0.0262772696609292	-0.209914351295918	0.034	0.04	1	FYN	c14
0.183051321911709	-0.208885193749412	0.013	0.015	1	RNF130	c14
0.000151137062669484	0.206566712184881	0.062	0.051	1	CD83	c14
0.123415729167876	-0.206282724514094	0.018	0.021	1	EIF1AX	c14
0.072013731164447	-0.205359596590379	0.022	0.026	1	CBLB	c14
0.0007502535765226	0.204331955490406	0.115	0.102	1	MCL1	c14
0.168246822922808	-0.20245981206125	0.015	0.018	1	STXBP2	c14
0.237723681262917	-0.201963208048393	0.01	0.012	1	LGALS9	c14
0.350563023677126	0.201636824406939	0.013	0.012	1	FLJ10038	c14
0.000723033482504093	-0.200197158070094	0.087	0.1	1	NR4A1	c14
0.226778215142982	-0.198868905088831	0.011	0.013	1	KPNB1	c14
0.0860902989932106	-0.19800393917768	0.022	0.025	1	SPSB3	c14
0.204096333022038	0.196547002810321	0.019	0.017	1	ACAP2	c14
0.190491905265306	-0.196417715844257	0.014	0.016	1	XRCC5	c14
0.179450346579407	-0.19613502846393	0.015	0.017	1	HNRNPUL1	c14
0.0373114187862405	-0.196110196411919	0.011	0.015	1	CD9	c14
0.012517923314998	-0.195711282038566	0.051	0.058	1	EZR	c14
0.273167334052329	-0.195617664035101	0.012	0.013	1	NAAA	c14
0.204385754625274	0.195070867501378	0.017	0.015	1	WASF2	c14
0.166883343766063	-0.194539206411028	0.013	0.016	1	IRF9	c14
0.0564415302175677	-0.193730694731771	0.043	0.048	1	GLUL	c14
0.187972740631013	0.191652735834317	0.019	0.016	1	RABGAP1L	c14
0.244716564674246	0.190122836389898	0.021	0.019	1	PRMT9	c14
0.119981321012488	-0.189505765211711	0.02	0.023	1	ELOVL5	c14
0.124600343646662	0.18754151469769	0.024	0.022	1	CANX	c14
0.0712964789938666	-0.185582730732142	0.031	0.036	1	PARP8	c14
0.110292540558479	-0.184442350433346	0.046	0.051	1	CTSB	c14
0.096864290458296	-0.184194322347737	0.023	0.026	1	UPP1	c14
0.227105123468572	0.180710985552391	0.012	0.01	1	NLRP3	c14
0.123177807260902	-0.178797606855899	0.025	0.029	1	MTDH	c14
0.0381484947479643	-0.178200459638485	0.034	0.04	1	HSPD1	c14
0.408845723036374	0.176319600731237	0.012	0.011	1	CAPNS1	c14
0.293000825364546	-0.176176209661654	0.011	0.012	1	TANK	c14
0.436325494250848	0.174474493424413	0.015	0.014	1	LOH12CR1	c14
0.174065572735466	0.174313214354241	0.026	0.023	1	IKZF1	c14
0.23969296086432	0.174181292520877	0.025	0.023	1	SRSF10	c14
0.0345407770667113	-0.173079538822648	0.045	0.052	1	KMT2E-AS1	c14
0.172704491290579	-0.172629872566456	0.017	0.019	1	TAF1D	c14
0.351481063361832	-0.172000773340637	0.009	0.01	1	KIF2A	c14
0.398090802692603	0.171889481012887	0.012	0.011	1	HCK	c14
0.0108304760613441	-0.171118331993303	0.053	0.061	1	YPEL5	c14
0.0281029694978631	-0.171057078650591	0.06	0.067	1	STK17B	c14
0.522212820528226	0.170725547879251	0.01	0.009	1	RSBN1	c14
0.196028213195981	-0.170414749906259	0.016	0.019	1	AMD1	c14
0.296581927588916	-0.169258119628701	0.012	0.013	1	U2SURP	c14
0.129132761064141	-0.168110186796493	0.023	0.026	1	ARID5B	c14
0.225899801406113	-0.167920133438177	0.016	0.018	1	H2AFY	c14
0.459007387164545	0.165704283796682	0.01	0.009	1	FBXL5	c14
0.235190817816381	0.164547505671719	0.02	0.018	1	FMNL1	c14
0.032628732369757	-0.164243725962509	0.043	0.049	1	BRD2	c14
0.00207367056876377	-0.16380596583061	0.089	0.101	1	LCP1	c14
0.405957544258147	0.1638047508812	0.012	0.01	1	UHMK1	c14
0.2282137746803	-0.163572989736003	0.014	0.016	1	NCF1C	c14
0.0369256032948928	0.163501695520169	0.011	0.008	1	EREG	c14
0.447927228844281	-0.162441695699415	0.017	0.018	1	KLF4	c14
0.401382874319583	-0.1624167461531	0.01	0.011	1	GLUD1	c14
0.12441521663974	-0.161557074066079	0.025	0.029	1	LOC284454	c14
0.542950617254337	0.159326019548974	0.011	0.011	1	TNFRSF25	c14
0.474832115474578	0.159137573604039	0.01	0.009	1	UPF2	c14
0.902622913230817	-0.158236074616858	0.04	0.039	1	MS4A7	c14
0.337500992192888	-0.157900731647445	0.01	0.012	1	TCP1	c14
0.351082336460247	-0.155848911864476	0.01	0.011	1	CRTAP	c14
0.37965261228944	-0.154561172565169	0.009	0.01	1	LOC283788	c14
0.363938339693285	-0.152653376784867	0.01	0.011	1	NCF2	c14
0.240716719512548	-0.150555061003988	0.019	0.021	1	VCP	c14
0.384502261020808	0.149250933434917	0.036	0.034	1	BIRC3	c14
0.264194784840061	-0.147928825233643	0.022	0.025	1	ASAH1	c14
0.27404659805254	-0.147801952313582	0.017	0.019	1	MPHOSPH8	c14
0.0931416758915437	-0.147294372387031	0.042	0.046	1	HNRNPA3	c14
0.252685783275924	-0.146625418293886	0.016	0.018	1	PAPOLA	c14
0.312408037172782	-0.146131275415683	0.014	0.016	1	SSR1	c14
0.0714309023629697	-0.144802375717339	0.043	0.048	1	C10orf54	c14
0.217407370923054	0.144499307257249	0.023	0.02	1	CFP	c14
0.232427695646923	0.141686602870495	0.03	0.028	1	TC2N	c14
0.478900835168141	0.14159859341243	0.014	0.013	1	EFHD2	c14
0.0246561053377271	-0.141382615615901	0.091	0.1	1	CD44	c14
0.260637352756164	0.140781619020084	0.025	0.022	1	CFLAR	c14
0.542391919197184	0.1357995011008	0.013	0.012	1	TAOK3	c14
0.649327363849567	0.135414721789057	0.012	0.011	1	PRKCB	c14
0.386443229109288	-0.133588093093881	0.013	0.014	1	TSPAN14	c14
0.38070284949773	-0.133036498730103	0.012	0.013	1	TIAL1	c14
0.526169878060645	0.132876105894034	0.011	0.011	1	SNX2	c14
0.173606276803069	-0.131773838527716	0.037	0.04	1	CDC37	c14
0.40263837318593	0.131649305469786	0.015	0.014	1	WARS	c14
0.420942419189288	-0.131496725188303	0.01	0.011	1	CSNK1A1	c14
0.546110301951434	0.128754148088791	0.011	0.01	1	CENPC	c14
0.0738762666451454	-0.128159513813762	0.053	0.058	1	SPOCK2	c14
0.400349941188719	-0.127904454590298	0.014	0.015	1	GRINA	c14
0.202857471799311	0.12755397483433	0.045	0.042	1	TNFRSF1B	c14
0.13019177488372	0.12684309415371	0.064	0.059	1	MBNL1	c14
0.178225631275545	-0.124988760308003	0.042	0.046	1	MSN	c14
0.452207504953936	0.123868687362057	0.013	0.012	1	MARCKS	c14
0.378874245883604	-0.123822961450676	0.011	0.013	1	MAP4K1	c14
0.422578209313933	-0.123410612324601	0.013	0.014	1	ARHGAP30	c14
0.566929549315465	0.12316759701661	0.01	0.009	1	MAPK1	c14
0.232932208772352	-0.123041881496458	0.021	0.023	1	CCR7	c14
0.387936587824813	0.12206956708862	0.016	0.015	1	RAPGEF6	c14
0.095864076892768	-0.121175004070622	0.045	0.05	1	ETS1	c14
0.530793651576457	0.120815296418618	0.012	0.012	1	TOP1	c14
0.25545855459038	-0.120645871696634	0.019	0.021	1	RPL13AP5	c14
0.324789817841494	0.120141706416238	0.032	0.03	1	CAST	c14
0.394665801713975	0.119473356030523	0.021	0.019	1	STAT3	c14
0.454839678232432	-0.118495756818809	0.011	0.012	1	RBM17	c14
0.432311760602352	-0.118310906352182	0.014	0.015	1	NFE2L2	c14
0.489289812485077	-0.118021096855596	0.009	0.01	1	NCOA4	c14
0.178288245090308	-0.117617136182098	0.027	0.03	1	EMB	c14
0.35025907503115	0.116806346169744	0.025	0.023	1	RBM25	c14
0.0700209248462549	0.116609425880379	0.014	0.011	1	MRC1	c14
0.379369970323629	-0.115952334756086	0.012	0.014	1	PHF1	c14
0.438830638327228	-0.115273195713798	0.009	0.01	1	ENTPD1	c14
0.220989497910278	-0.114681684823639	0.022	0.025	1	AMICA1	c14
0.0371282308657498	0.114402970804887	0.214	0.204	1	SAT1	c14
0.716576992188758	0.113448828559332	0.052	0.051	1	CCNH	c14
0.618178101967561	0.112320214779618	0.01	0.01	1	HSPA4	c14
0.350475820527064	0.111463434341686	0.184	0.181	1	PTPRC	c14
0.536446317598852	0.110493636668651	0.015	0.014	1	PTBP3	c14
0.372759364478868	-0.109055553279346	0.019	0.02	1	RASAL3	c14
0.421480126986525	-0.108943592777115	0.013	0.014	1	IRF3	c14
0.27513290759031	0.108913017090926	0.039	0.036	1	IQGAP1	c14
0.67344076351486	0.107601329233113	0.012	0.011	1	LMBRD1	c14
0.390426630830449	-0.107352214772925	0.014	0.015	1	NONO	c14
0.474841673432247	-0.105907352317767	0.016	0.018	1	PDE4D	c14
0.0327878684132642	-0.105742961911267	0.044	0.051	1	ZNF331	c14
0.55294882010519	0.104224322748994	0.014	0.013	1	OSBPL8	c14
0.514604717658113	-0.103772942090369	0.01	0.011	1	LINC00674	c14
0.355194853664833	-0.103380653868777	0.034	0.036	1	MYADM	c14
0.100234243910625	-0.102836623233793	0.052	0.057	1	SQSTM1	c14
0.50026914194464	0.10233635114362	0.023	0.022	1	H1FX	c14
0.579673056757528	0.100151258628903	0.044	0.042	1	TAPBP	c14
