p_val	avg_log2FC	pct.1	pct.2	p_val_adj	gene	seurat_clusters
0	7.65064270149839	0.015	0	0	MT1M	c14
0	6.43964593369936	0.121	0.003	0	MT1G	c14
0	5.61279670126799	0.235	0.012	0	MT1E	c14
0	5.5790529504245	0.506	0.039	0	MT1X	c14
0	5.10238742241768	0.044	0.001	0	LINC01272	c14
0	5.0815215370141	0.907	0.142	0	MT2A	c14
0	4.12210291135734	0.094	0.006	0	SERPINA1	c14
0	4.04502515401273	0.172	0.014	0	IFI30	c14
0	3.89761669817298	0.096	0.009	0	LST1	c14
0	3.77860377095184	0.144	0.011	0	AIF1	c14
0	3.49389638620028	0.081	0.007	0	MS4A7	c14
0	3.32552467025319	0.226	0.024	0	CST3	c14
0	2.87713668808359	0.154	0.019	0	LYZ	c14
5.97448434018096e-296	2.45032499988951	0.242	0.054	1.24066141808198e-291	TYROBP	c14
3.04866019410838e-274	3.4521709684328	0.078	0.007	6.33084775908546e-270	FCN1	c14
5.39391855930061e-255	2.77812171690673	0.149	0.025	1.12010112802436e-250	FCER1G	c14
2.69668730007664e-247	2.65145560088127	0.153	0.027	5.59994084733915e-243	PSAP	c14
2.13814177326035e-240	3.42968387862204	0.071	0.007	4.44006520635245e-236	IL1B	c14
6.95534486715979e-234	3.56275037279103	0.094	0.012	1.4443469151144e-229	MT1F	c14
4.09505382756155e-216	3.49723543511573	0.063	0.006	8.50378877831431e-212	CD68	c14
1.21501105659335e-215	4.01138422346209	0.043	0.003	2.52309196012175e-211	C5AR1	c14
4.81151420654204e-211	3.53726090208065	0.06	0.005	9.99159040130521e-207	PLAUR	c14
5.74014106299819e-205	1.4900784870432	0.69	0.429	1.1919976931422e-200	FTH1	c14
8.22579661867838e-184	3.76892617907154	0.045	0.004	1.70816892583475e-179	CFD	c14
8.30841429680274e-180	2.15106126915337	0.207	0.058	1.72532531287406e-175	GPX1	c14
1.2246252636311e-175	3.25639275394093	0.062	0.007	2.54305682245635e-171	C1QA	c14
3.52982031307973e-172	2.61146619845399	0.097	0.016	7.33002486214136e-168	CTSS	c14
4.64372998687053e-172	3.22353941434555	0.059	0.006	9.64316969073535e-168	C1QB	c14
9.4801492755899e-158	3.07124818789696	0.052	0.005	1.968647798569e-153	CXCL2	c14
3.58589854159487e-151	3.4041989843811	0.044	0.004	7.44647691147592e-147	MAFB	c14
5.8551255335302e-151	2.19032376835997	0.08	0.012	1.21587536829288e-146	S100A9	c14
1.43044662043068e-150	2.29869553053307	0.079	0.012	2.97046545198636e-146	S100A8	c14
5.74873895720768e-150	1.73991786829465	0.577	0.367	1.19378313185375e-145	FTL	c14
1.29581237642016e-147	2.41655255513044	0.099	0.019	2.6908839808741e-143	NPC2	c14
4.76151293892892e-144	4.64536471240632	0.023	0.001	9.88775776897979e-140	EREG	c14
4.31315842615066e-141	3.06816036477458	0.056	0.007	8.95670478774446e-137	C1QC	c14
3.25610923385103e-137	4.00563791991918	0.032	0.002	6.76163643501505e-133	C15orf48	c14
8.56329622724061e-135	2.54630604168365	0.06	0.008	1.77825409454878e-130	CXCL8	c14
6.28852773530184e-132	3.39250070560462	0.041	0.004	1.30587566951278e-127	CD163	c14
2.09285724172429e-129	1.75173277774627	0.3	0.128	4.34602734816466e-125	SAT1	c14
8.05714069116989e-129	3.78442787755196	0.029	0.002	1.67314583592834e-124	SPI1	c14
2.6279114804281e-124	2.45564223846941	0.085	0.016	5.457120980257e-120	NAMPT	c14
9.89705330064828e-123	4.3485978837278	0.028	0.002	2.05522208841262e-118	THBS1	c14
4.0776400209639e-115	2.55966173615596	0.078	0.015	8.46762726753364e-111	BCL2A1	c14
9.72810310335452e-115	4.89467250131721	0.014	0.001	2.0201378904426e-110	MMP19	c14
4.28595867837373e-112	3.02908329043995	0.047	0.006	8.9002217915109e-108	FGL2	c14
1.61264724728341e-104	2.3722477790603	0.087	0.019	3.34882327370873e-100	HLA-DRB1	c14
1.87470319932707e-102	4.21560773716856	0.018	0.001	3.8930086637226e-98	LILRB2	c14
1.53300300706251e-101	3.47795202338102	0.039	0.005	3.18343404446601e-97	G0S2	c14
5.59517122484445e-97	2.14172108972268	0.101	0.026	1.1618932565512e-92	IER3	c14
1.83967514243425e-96	3.22066444399723	0.034	0.004	3.82026940077895e-92	MRC1	c14
2.34859700537225e-95	3.02243256692081	0.041	0.005	4.87709654135601e-91	SEPP1	c14
7.63555655713122e-95	3.18830869208877	0.031	0.003	1.58559967465387e-90	CXCL3	c14
4.13595681118201e-94	3.04592887304744	0.036	0.004	8.58872791410057e-90	CYBB	c14
1.9705079892886e-92	2.53512196714788	0.087	0.021	4.09195689055671e-88	TIMP1	c14
4.44569506479391e-91	3.63941544607513	0.024	0.002	9.23193037155104e-87	CFP	c14
7.15143022048613e-90	2.50768474765635	0.057	0.01	1.48506599958615e-85	MS4A6A	c14
2.12837695317153e-89	3.38821617667831	0.027	0.003	4.41978758095599e-85	PDK4	c14
5.0437194657048e-87	2.73895111962605	0.042	0.006	1.04737878424826e-82	CD14	c14
3.1782565498993e-86	4.80116651607175	0.01	0	6.59996755152088e-82	LILRA2	c14
3.5730797508666e-86	4.01597879753934	0.017	0.001	7.41985741064959e-82	OLR1	c14
1.00974733666015e-79	3.6103863974636	0.02	0.002	2.09684131930847e-75	ACSL1	c14
7.00748666757396e-76	3.66495053818227	0.017	0.001	1.45517468138841e-71	THBD	c14
7.8100738962964e-76	2.13416536829506	0.079	0.02	1.62183994530491e-71	CTSB	c14
3.11316062885952e-74	4.83414383851802	0.012	0.001	6.46478936188968e-70	FN1	c14
3.2669072025594e-73	3.06562802091066	0.03	0.004	6.78405949683485e-69	NLRP3	c14
1.27893311562688e-70	3.74325125705968	0.017	0.001	2.65583250791078e-66	FAM26F	c14
2.6818899341635e-70	3.02714559935824	0.034	0.005	5.56921263728392e-66	RNASE1	c14
2.37645188365552e-69	4.50817091279688	0.01	0	4.93493998159905e-65	LILRA5	c14
1.33424018118089e-68	5.00963909800328	0.014	0.001	2.77068316024023e-64	APOE	c14
2.32565593327969e-68	-0.589453775761389	0.827	0.888	4.8294571110486e-64	MALAT1	c14
1.60062454788196e-67	3.32514092373121	0.023	0.003	3.32385693613168e-63	F13A1	c14
1.87230550851699e-67	3.60891335767779	0.018	0.002	3.88802961898638e-63	RNF144B	c14
1.05093354862362e-65	3.52694071681672	0.018	0.002	2.1823686070718e-61	RAB31	c14
1.77681966214746e-65	2.66128762655264	0.033	0.005	3.68974371041543e-61	KLF4	c14
4.93800583640011e-64	2.60629337590043	0.047	0.01	1.02542629198685e-59	ZFAND5	c14
5.58006322456675e-64	2.56954081495726	0.04	0.007	1.15875592921353e-59	GRN	c14
7.94736798387009e-64	1.19595998615722	0.198	0.09	1.65035043553046e-59	GABARAP	c14
5.89207286174432e-63	4.79080449608002	0.013	0.001	1.22354785046982e-58	APOC1	c14
1.0143205326917e-62	3.14802706066618	0.022	0.003	2.10633801818758e-58	CXCL16	c14
2.05593870764844e-62	3.28066707764284	0.022	0.002	4.26936232030275e-58	CSF1R	c14
1.14267665355823e-60	2.05012701995119	0.044	0.009	2.37288233877901e-56	VCAN	c14
8.47037331576021e-60	3.3515491872614	0.019	0.002	1.75895772275076e-55	FCGR2A	c14
9.17433780105732e-60	2.10318231033705	0.07	0.019	1.90514298776756e-55	SOD2	c14
2.41884956778469e-59	3.06937236518972	0.023	0.003	5.02298301246169e-55	DAB2	c14
1.0636604258828e-57	1.2645021063271	0.413	0.275	2.20879724038823e-53	CD74	c14
1.74118733226612e-56	1.82554593830572	0.089	0.029	3.61574961418382e-52	HLA-DQB1	c14
2.11873961965324e-56	3.56141293407386	0.014	0.001	4.39977469417191e-52	TMEM176A	c14
3.35688507777761e-56	3.03225719923978	0.02	0.002	6.97090755251299e-52	MS4A4A	c14
6.93788932932134e-56	3.49502553673996	0.016	0.002	1.44072209812687e-51	A2M	c14
7.10766807411901e-54	-0.306416913177294	0.947	0.965	1.47597835227155e-49	B2M	c14
2.99542760077034e-51	3.79553464799242	0.012	0.001	6.22030495575969e-47	FPR1	c14
7.03572784427909e-51	2.99555925630041	0.021	0.003	1.461039244143e-46	HMOX1	c14
8.17522564764045e-51	2.97283917980033	0.02	0.003	1.69766735798902e-46	CLEC7A	c14
9.01546712175672e-51	1.23765728484631	0.25	0.14	1.872151902504e-46	IFITM3	c14
2.17891786998652e-50	3.69039937479394	0.011	0.001	4.52474084881401e-46	VEGFA	c14
6.38474733894101e-50	3.19065732895229	0.017	0.002	1.32585663240449e-45	LOC100509457	c14
2.48486615423026e-49	2.91533114320566	0.021	0.003	5.16007305587457e-45	LGALS2	c14
4.81734348646889e-48	-0.291919815516333	0.879	0.94	1.00036954840013e-43	RPS27	c14
5.51951085875857e-48	1.76149902654053	0.072	0.023	1.1461816249298e-43	SGK1	c14
1.05652326556486e-47	3.21348963065356	0.016	0.002	2.193976213272e-43	SLC11A1	c14
1.87231552546237e-47	1.03557597156751	0.237	0.13	3.88805042017515e-43	S100A11	c14
8.22074846261555e-47	3.49739644120271	0.013	0.001	1.70712062574675e-42	LILRB1	c14
1.40975788055123e-46	3.71451690131585	0.011	0.001	2.92750321475268e-42	RAB20	c14
2.38772051027008e-45	0.900667236002123	0.381	0.259	4.95834041162686e-41	S100A6	c14
3.44104048484444e-45	3.61633183296209	0.011	0.001	7.14566467082796e-41	IL1RN	c14
4.43146678033054e-45	3.25114485635908	0.015	0.002	9.2023839160344e-41	GSN	c14
1.03396607433877e-44	2.95229840135949	0.02	0.003	2.1471339499719e-40	FOLR2	c14
1.40945994005282e-44	1.26675954733887	0.132	0.058	2.92688451151369e-40	RHOB	c14
2.83558032690258e-44	1.99141628374966	0.048	0.013	5.8883661068459e-40	C1orf162	c14
7.9071093288596e-44	2.89909864240929	0.02	0.003	1.64199032323099e-39	TMEM176B	c14
9.82750494948008e-44	3.78380535541031	0.01	0.001	2.04077967780903e-39	PILRA	c14
1.40895776491327e-43	2.8752283831739	0.02	0.003	2.92584169461891e-39	CSTA	c14
2.37528627302101e-43	1.68568929865181	0.064	0.02	4.93251947455543e-39	HLA-DMA	c14
2.39847999881476e-43	2.86682594217821	0.021	0.003	4.98068356553873e-39	WARS	c14
8.37758778679454e-43	-0.844437934503872	0.263	0.406	1.73968987980575e-38	IL32	c14
2.75240177880995e-42	3.11894167180569	0.02	0.003	5.71563753387673e-38	LGMN	c14
3.62316628533497e-40	-0.367942382178987	0.7	0.79	7.5238671081266e-36	RPS3	c14
6.91568434341031e-40	2.44859310373956	0.029	0.006	1.43611101075258e-35	FCGRT	c14
7.89126308247395e-40	3.41702302473869	0.011	0.001	1.63869969170654e-35	CLEC4E	c14
7.97654136782358e-40	0.680607737769261	0.389	0.263	1.65640858044224e-35	DUSP2	c14
1.27406969581663e-39	2.88650830803991	0.017	0.002	2.64573313033281e-35	KCTD12	c14
1.84339518017604e-39	2.74034435492592	0.018	0.003	3.82799443115357e-35	GPR34	c14
3.58640417368268e-39	2.71964605896853	0.021	0.003	7.44752690706946e-35	STAB1	c14
6.74777332390361e-39	1.39752684911289	0.076	0.027	1.40124260844182e-34	CD83	c14
3.70314928839183e-38	3.28145904200356	0.012	0.001	7.68995981227448e-34	CLEC10A	c14
6.30501019134431e-38	-0.495218141679655	0.561	0.662	1.30929841633456e-33	HLA-A	c14
1.91335245714269e-37	3.2419363181806	0.013	0.002	3.97326771250251e-33	MARCKS	c14
2.44432965330747e-36	3.00072936948942	0.015	0.002	5.07589495805829e-32	LYVE1	c14
5.81916542959972e-36	1.70717725527844	0.053	0.017	1.20840789311068e-31	CH25H	c14
9.59974003569229e-36	-0.495834637670162	0.465	0.588	1.99348201581186e-31	RPS29	c14
3.89959334019097e-35	2.11304759926483	0.032	0.008	8.09789553024056e-31	ASAH1	c14
4.41616688011904e-35	3.30499640700457	0.011	0.001	9.17061214325519e-31	SLC1A3	c14
1.05545134596148e-34	-0.301791232421451	0.802	0.864	2.19175026502361e-30	RPS15A	c14
1.82021683249508e-34	3.04852811139687	0.013	0.002	3.77986227435928e-30	SLCO2B1	c14
1.92752481240723e-34	3.3593075268824	0.011	0.001	4.00269802544486e-30	PLTP	c14
1.28703265266282e-33	0.423779411163106	0.556	0.424	2.67265200651961e-29	ZFP36	c14
9.17312322367393e-33	2.22604869978081	0.026	0.006	1.90489076862813e-28	FGR	c14
1.61248437780105e-32	-0.349858147331807	0.692	0.76	3.34848505894166e-28	RPS27A	c14
5.95937966109162e-32	-0.682215433827427	0.206	0.33	1.23752478042229e-27	CD3E	c14
7.77887577249251e-32	1.11945020020041	0.104	0.047	1.61536134291579e-27	CDKN1A	c14
1.94321639208697e-31	2.68349651453925	0.017	0.003	4.03528315980781e-27	ETS2	c14
2.35449079681545e-31	1.40599697128378	0.066	0.025	4.88933558866697e-27	TYMP	c14
2.53302137624417e-31	2.77225112878223	0.016	0.003	5.26007218990865e-27	MT1L	c14
2.53410266916093e-30	2.9833698472925	0.014	0.002	5.26231760277959e-26	HBEGF	c14
3.32016186433805e-30	2.40827939166671	0.021	0.004	6.8946481274844e-26	MNDA	c14
1.24425114929459e-29	-0.581684877516414	0.394	0.511	2.58381193662514e-25	ATP8	c14
1.83106623198539e-29	-0.326533554667765	0.854	0.877	3.80239213734085e-25	EEF1A1	c14
1.93418693642992e-29	-0.572096722603125	0.385	0.494	4.01653259219037e-25	RPS26	c14
2.52399608704041e-29	1.45464741700468	0.068	0.027	5.24133027434811e-25	GLUL	c14
2.53171620704354e-29	2.53067980653425	0.015	0.002	5.25736187554662e-25	CPVL	c14
3.19599027189755e-29	1.73957960800057	0.04	0.012	6.63679339862244e-25	NINJ1	c14
4.75353635212316e-29	-0.297853955801244	0.792	0.836	9.87119358881896e-25	RPL30	c14
7.73304305171016e-29	2.23796701154425	0.023	0.005	1.60584372011813e-24	S100A12	c14
1.34554627126075e-28	-0.568673023481443	0.321	0.434	2.79416138690008e-24	RPL23A	c14
2.34902370612186e-28	-0.383523346231623	0.597	0.678	4.87798262813266e-24	RPS14	c14
3.59058390719421e-28	-0.418428138759944	0.563	0.653	7.45620654167949e-24	RPS3A	c14
4.05630600798184e-28	-0.336881565196123	0.645	0.738	8.42332505617508e-24	RPS4X	c14
5.20291216334013e-28	-0.420399063204931	0.468	0.58	1.08043673983921e-23	RPL3	c14
5.40627855913667e-28	0.566506926266579	0.352	0.246	1.12266780559032e-23	NFKBIA	c14
3.2196505610178e-27	0.925657243070255	0.135	0.072	6.68592635500957e-23	ATP6V0C	c14
3.26062472603008e-27	-0.34224721855671	0.671	0.743	6.77101330607406e-23	HLA-C	c14
5.27358596168783e-27	0.820061129197465	0.201	0.123	1.0951128608041e-22	GADD45B	c14
5.27580328417919e-27	-1.1543052916608	0.129	0.226	1.09557330999265e-22	GZMA	c14
1.10398464236561e-26	-0.564844636249361	0.382	0.492	2.29253450833642e-22	ND4L	c14
2.87874099252163e-26	3.01847364824841	0.01	0.001	5.97799354507042e-22	PLXDC2	c14
3.29602194841592e-26	-0.419647464143473	0.533	0.613	6.8445191780805e-22	RPL37	c14
4.35047991585992e-26	2.78380535541031	0.013	0.002	9.03420659327471e-22	CPM	c14
2.07892796118479e-25	-0.585560054416337	0.255	0.364	4.31710180419634e-21	RPSA	c14
1.31692200370593e-24	-0.858531408167214	0.188	0.285	2.73472023289573e-20	IL7R	c14
4.2906828896043e-24	2.72357589373913	0.012	0.002	8.91003208855229e-20	TGFBI	c14
5.75913445853631e-24	-0.449179555018758	0.422	0.52	1.19594186165965e-19	RPS6	c14
7.02868360680648e-24	2.20868413969115	0.019	0.004	1.45957643778943e-19	HLA-DMB	c14
8.52230160495323e-24	2.13503046120101	0.021	0.005	1.76974115128459e-19	PECAM1	c14
1.44961398570753e-23	1.24774022007568	0.087	0.042	3.01026840272026e-19	HLA-DRB4	c14
2.02293520088873e-23	0.752396239852235	0.171	0.103	4.20082723816554e-19	NR4A1	c14
3.91212420619713e-23	0.387873521740108	0.636	0.539	8.12391712658897e-19	JUNB	c14
3.99421494149013e-23	1.59256310008726	0.038	0.013	8.29438674749841e-19	TKT	c14
6.72431706241001e-23	1.12238075577246	0.082	0.039	1.39637168118006e-18	H3F3C	c14
8.19588869081426e-23	1.64650487086145	0.042	0.015	1.70195824553449e-18	PLIN2	c14
1.13312765589391e-22	1.65148827837571	0.036	0.012	2.35305289022929e-18	FOSL2	c14
1.37810867620882e-22	2.81579546965475	0.01	0.001	2.86178047701523e-18	C3AR1	c14
3.43402246134112e-22	1.80184591097052	0.029	0.009	7.13109104322096e-18	ATP1B3	c14
4.56895377706893e-22	0.787333353340951	0.173	0.107	9.48788941346134e-18	COTL1	c14
5.64449646208643e-22	-0.639434364764518	0.177	0.273	1.17213613531687e-17	PTPRCAP	c14
9.56714172907629e-22	0.666612416228506	0.186	0.117	1.98671265145998e-17	LGALS1	c14
1.28996104039437e-21	-0.349470335999088	0.515	0.601	2.67873309648295e-17	RPS25	c14
1.9530710426981e-21	0.289855483648138	0.766	0.696	4.05574732726688e-17	TMSB10	c14
2.14045256400289e-21	-0.168282792843174	0.951	0.96	4.44486379440841e-17	RPL41	c14
2.2195766323855e-21	1.54842091385454	0.043	0.016	4.60917283481174e-17	FCGR3A	c14
2.56487933929246e-21	1.70005124381393	0.035	0.012	5.32622843597473e-17	INSIG1	c14
5.74316210310974e-21	1.20097010365607	0.062	0.027	1.19262504233177e-16	C10orf54	c14
8.25765274422658e-21	-0.641748526231428	0.187	0.28	1.71478416886609e-16	SARAF	c14
1.69562946560273e-20	2.47181549757907	0.01	0.002	3.52114414827064e-16	C3	c14
1.9800014253824e-20	1.44583599791911	0.094	0.05	4.11167095994909e-16	AREG	c14
5.85011322589092e-20	-0.236678945772264	0.825	0.849	1.21483451248851e-15	RPL13	c14
7.82261149509128e-20	2.14908981949205	0.017	0.004	1.62444350307066e-15	BLVRB	c14
8.16846059693106e-20	-0.309436416927676	0.701	0.749	1.6962625275587e-15	RPS18	c14
1.13911047882591e-19	-0.581750880366535	0.428	0.492	2.36547682032989e-15	CCL5	c14
1.23839200372133e-19	1.04327539604249	0.081	0.041	2.57164483492772e-15	LGALS3	c14
1.65478788494555e-19	1.38435034615189	0.079	0.04	3.43633252187793e-15	ISG15	c14
2.58432612673903e-19	0.839553563446947	0.115	0.065	5.36661163478627e-15	GPX4	c14
2.70900277480314e-19	2.04421376084914	0.018	0.005	5.6255151621562e-15	ELL2	c14
6.68365828185834e-19	0.559175123243034	0.329	0.248	1.3879284788107e-14	IER2	c14
1.014466350197e-18	-1.79827176523831	0.117	0.185	2.10664082281908e-14	GNLY	c14
1.70128340004984e-18	-0.276144957093087	0.783	0.802	3.5328851085435e-14	RPL32	c14
1.74141812029258e-18	0.405782810297752	0.382	0.294	3.61622886859958e-14	SERF2	c14
1.83331092481165e-18	-0.305780906992618	0.544	0.622	3.80705346646387e-14	RPL35A	c14
6.94238535469454e-18	-1.35341485350021	0.039	0.096	1.44165574275587e-13	KLRD1	c14
1.28165309243569e-17	0.806821490815781	0.11	0.063	2.66148081175195e-13	GSTP1	c14
1.66603906302399e-17	1.62903342754801	0.032	0.012	3.45969671827561e-13	NR4A3	c14
1.91021583007554e-17	0.844911881630642	0.106	0.061	3.96675419273486e-13	RGS2	c14
2.01815546377402e-17	2.27882573081867	0.013	0.003	4.19090163607312e-13	MPEG1	c14
2.03118124476234e-17	2.00673905543048	0.018	0.005	4.21795097287347e-13	LTA4H	c14
2.52916076100728e-17	-0.29371292158572	0.52	0.6	5.25205523630772e-13	RPL7A	c14
4.31390022515101e-17	-0.256680260462995	0.615	0.693	8.95824520754858e-13	RPS21	c14
5.24231155232052e-17	1.77421222411385	0.029	0.01	1.08861841695488e-12	MX1	c14
7.02730157481728e-17	0.845795549422953	0.091	0.05	1.45928944502656e-12	ZNF331	c14
7.46285079089786e-17	-0.475008478576332	0.245	0.331	1.54973559523785e-12	RPL37A	c14
8.0035069615101e-17	1.77092022920363	0.021	0.006	1.66200825562719e-12	APLP2	c14
8.3753538366114e-17	1.42512049243728	0.049	0.022	1.73922597771072e-12	IFI6	c14
1.01230722119282e-16	1.77569270962299	0.022	0.007	2.10215717552902e-12	ICAM1	c14
1.1897488691325e-16	-0.263760214060614	0.724	0.759	2.47063250164055e-12	RPL34	c14
2.03742065826017e-16	-0.857900932567017	0.123	0.194	4.23090773894307e-12	LTB	c14
3.18730871259412e-16	-0.457715831430253	0.265	0.349	6.61876527257294e-12	RPL10A	c14
3.63296547668947e-16	0.867920274752212	0.092	0.052	7.54421610889335e-12	TSPO	c14
5.56690016958901e-16	-0.887905161801912	0.094	0.159	1.15602248921685e-11	CTSW	c14
6.04815543789322e-16	1.79402739202294	0.02	0.006	1.25595995823291e-11	CTSH	c14
6.79368593393384e-16	0.623493331003185	0.241	0.175	1.4107768210407e-11	S100A10	c14
1.05244633429948e-15	0.469970332311684	0.518	0.466	2.18551005780629e-11	FXYD5	c14
1.63187578999382e-15	1.51209661601068	0.026	0.009	3.38875326550117e-11	CEBPD	c14
1.79902872806604e-15	-0.177715578532834	0.897	0.906	3.73586305670194e-11	RPL10	c14
2.42172457216286e-15	-0.410914374278599	0.754	0.802	5.0289532465534e-11	RNR2	c14
2.60934410043213e-15	1.34139053771426	0.035	0.014	5.41856395895736e-11	NFE2L2	c14
2.9140094269794e-15	0.84688091158287	0.096	0.056	6.05123197606541e-11	TUBB4B	c14
3.05169554715383e-15	-0.239153810294819	0.857	0.866	6.33715097321965e-11	RPS12	c14
3.21060916050008e-15	0.57775167088861	0.134	0.084	6.66715098269447e-11	EGR1	c14
6.20595030618353e-15	1.94003303471708	0.016	0.004	1.28872764058207e-10	HLA-DRB6	c14
6.53877203504268e-15	2.46464104497143	0.01	0.002	1.35784140079696e-10	CTSZ	c14
1.11498727028915e-14	-0.433731814398783	0.319	0.401	2.31538256548244e-10	TSC22D3	c14
1.27978416857284e-14	-0.560687525282961	0.165	0.238	2.65759980445837e-10	CD3D	c14
1.28603013361887e-14	1.7239489562868	0.02	0.006	2.67057017547295e-10	PPT1	c14
1.5762391916837e-14	2.31748735118777	0.01	0.002	3.27321830545037e-10	TBXAS1	c14
1.8214967891174e-14	1.87721256040991	0.016	0.005	3.78252023228119e-10	LGALS9	c14
1.90815027462418e-14	-0.428467026205688	0.321	0.402	3.96246486028458e-10	CD69	c14
3.86838414851968e-14	-0.207346742671164	0.735	0.772	8.03308652281597e-10	RPL19	c14
4.20207948963199e-14	2.33592459944445	0.01	0.002	8.72603826816979e-10	CUX1	c14
4.34554600022164e-14	-0.880879027425242	0.091	0.15	9.02396082406026e-10	GZMH	c14
5.02025905821159e-14	0.855486372938342	0.102	0.062	1.04250699602822e-09	HERPUD1	c14
1.22259042243496e-13	-0.280650691758488	0.651	0.689	2.53883127122843e-09	RPS23	c14
1.61282225873116e-13	1.02230033875046	0.052	0.026	3.34918670248114e-09	ANXA5	c14
1.65069573134063e-13	-0.343061929373112	0.383	0.458	3.42783475570195e-09	RPS5	c14
2.03437655886783e-13	2.19934915230477	0.011	0.003	4.22458636214493e-09	SNX10	c14
2.06822433416628e-13	-0.286248258215755	0.481	0.553	4.29487465232969e-09	RPL14	c14
2.21160030289945e-13	1.55072320974325	0.022	0.008	4.59260918900101e-09	GRINA	c14
2.35732573003571e-13	-0.308035732420337	0.411	0.487	4.89522261099215e-09	RPL5	c14
2.36932418630363e-13	1.22734706708874	0.037	0.016	4.92013860527812e-09	PFKFB3	c14
4.14725478264728e-13	1.60248887707678	0.021	0.007	8.61218928164533e-09	PLSCR1	c14
4.17758001435859e-13	0.491397474376382	0.308	0.245	8.67516265781704e-09	IFITM2	c14
4.9720413220927e-13	0.799674550515951	0.083	0.048	1.03249410094577e-08	CSTB	c14
5.02430402122166e-13	0.785930689727807	0.087	0.051	1.04334697304689e-08	GNG5	c14
5.25757593393749e-13	-0.391608186825052	0.27	0.345	1.09178821844146e-08	RPS16	c14
7.70670195034597e-13	-0.288608633089049	0.429	0.502	1.60037372700884e-08	RPLP2	c14
8.24959763785597e-13	2.06005565158335	0.016	0.005	1.71311144547717e-08	TWISTNB	c14
9.01929864589288e-13	-0.405825333893583	0.222	0.295	1.87294755680612e-08	MYL12A	c14
9.24435224233044e-13	0.26068708804433	0.573	0.499	1.91968218664234e-08	EIF1	c14
1.02515673650448e-12	1.00585507192149	0.055	0.028	2.1288404790252e-08	BCL3	c14
1.50843468796292e-12	1.84190830997388	0.016	0.005	3.13241547302379e-08	OAS1	c14
2.03515939923683e-12	-0.46825232972192	0.208	0.277	4.2262120084552e-08	CD52	c14
2.14503864592709e-12	0.799520209312819	0.079	0.046	4.4543872521322e-08	CHMP1B	c14
2.46814249327123e-12	1.87936623879589	0.014	0.004	5.12534470152705e-08	ATP6V1B2	c14
2.63549823479908e-12	-0.211724567168481	0.759	0.779	5.47287563438376e-08	RPL11	c14
2.76249593643323e-12	0.661586029123179	0.112	0.072	5.73659906159725e-08	SOCS1	c14
3.18912608852466e-12	2.12156714121252	0.01	0.002	6.6225392354303e-08	SLC25A37	c14
4.00920279329008e-12	1.42625335079223	0.026	0.01	8.32551052054617e-08	LOC646513	c14
4.60912511338885e-12	-0.492203050751271	0.172	0.237	9.57130921046328e-08	CD7	c14
4.81267188509432e-12	-0.556889618051614	0.189	0.253	9.99399443658686e-08	TXNIP	c14
5.04768707257056e-12	0.611085830083267	0.154	0.107	1.04820269749e-07	NR4A2	c14
5.1782982110667e-12	-0.368456365614944	0.331	0.399	1.07532540651011e-07	RPL9	c14
5.53639346374784e-12	0.433422143203816	0.424	0.358	1.14968746668188e-07	GAPDH	c14
5.85576171007985e-12	-1.05646474232939	0.108	0.161	1.21600747671518e-07	GZMB	c14
9.68026319522942e-12	1.3217119370495	0.027	0.011	2.01020345512134e-07	KLF10	c14
1.00582664151444e-11	-0.176769405581426	0.745	0.796	2.08869960376888e-07	RPS19	c14
1.0449039800107e-11	0.948171174758828	0.054	0.028	2.16984760489023e-07	SPNS1	c14
1.17972527057429e-11	0.612635875047784	0.133	0.089	2.44981749687457e-07	MCL1	c14
1.27635443736157e-11	-0.993579751067823	0.053	0.098	2.65047762462504e-07	PRF1	c14
1.31057391572558e-11	-0.218929707928821	0.557	0.625	2.72153779339574e-07	RPS7	c14
1.57797498005308e-11	1.8733569403886	0.013	0.004	3.27682284357822e-07	RNF130	c14
1.69206736988072e-11	-0.1898243383035	0.902	0.898	3.5137471002943e-07	RPLP1	c14
2.06389579949701e-11	0.396597658412301	0.341	0.28	4.28588601723549e-07	SRGN	c14
2.89179980715255e-11	1.47283388770719	0.022	0.008	6.00511147953298e-07	CD9	c14
3.65556331464858e-11	-0.247837751667858	0.503	0.566	7.59114277919923e-07	RPL18	c14
3.72592357598306e-11	0.520494845096506	0.161	0.114	7.73725289788642e-07	ALDOA	c14
3.91946625470528e-11	0.657258458844621	0.098	0.062	8.13916362452098e-07	SLC25A5	c14
4.4291707843046e-11	1.97122327168916	0.012	0.004	9.19761605068693e-07	TRIB1	c14
4.49928759817638e-11	1.74459768276719	0.015	0.005	9.34322062637307e-07	LIPA	c14
5.84878366039274e-11	-0.484638708996638	0.148	0.208	1.21455841491716e-06	TOMM7	c14
5.91651070129864e-11	1.50817091279688	0.02	0.007	1.22862261223168e-06	PLD3	c14
6.47035344749571e-11	0.389330362377644	0.098	0.062	1.34363359690696e-06	TUBA1B	c14
6.70377954301236e-11	0.81843006601059	0.072	0.042	1.39210685990195e-06	FKBP1A	c14
6.9485096024181e-11	1.01064185087349	0.046	0.023	1.44292750403814e-06	ATP5EP2	c14
7.89570609828946e-11	-0.981526351751588	0.041	0.081	1.63962232837079e-06	HOPX	c14
9.15990566671426e-11	1.08787171602113	0.036	0.017	1.90214601074988e-06	PYCARD	c14
1.05159672650978e-10	-0.274106940416441	0.348	0.419	2.18374576227022e-06	RPL24	c14
1.17545364821995e-10	1.58364447477947	0.017	0.006	2.44094704589355e-06	ARL5B	c14
1.41640904696963e-10	-0.409390948667522	0.206	0.269	2.94131502693714e-06	RPL38	c14
1.60381059751617e-10	-0.577618059422667	0.112	0.165	3.33047308680208e-06	CD2	c14
1.81379816521375e-10	-0.488279573966639	0.143	0.2	3.76653326988287e-06	PTPRC	c14
2.18533622212583e-10	0.553013800195106	0.113	0.076	4.5380691988665e-06	CCL3	c14
2.28142596213016e-10	0.840316719452932	0.059	0.033	4.7376091529595e-06	RHOG	c14
2.77689850885615e-10	-0.170514309797947	0.664	0.715	5.76650744349067e-06	RPS15	c14
3.34178755608925e-10	-0.254418996707937	0.369	0.44	6.93955603897495e-06	RPL35	c14
5.04031505729436e-10	1.36413744448659	0.021	0.008	1.04667182479775e-05	HSBP1	c14
6.0586896878044e-10	1.12738446780783	0.033	0.016	1.25814750056946e-05	PLEK	c14
6.12993902900486e-10	-0.219186913410115	0.466	0.535	1.27294313876315e-05	RPL6	c14
7.56651610866567e-10	-0.331143750658267	0.41	0.473	1.57126273512551e-05	CYTB	c14
8.79708358892202e-10	0.872760812179978	0.049	0.027	1.82680237807555e-05	REL	c14
1.03373624312851e-09	-0.196123116995793	0.567	0.629	2.14665668248066e-05	RPL36	c14
1.068851850117e-09	0.244849003113755	0.488	0.424	2.21957775195297e-05	SH3BGRL3	c14
1.12909665020997e-09	-0.368826407266997	0.207	0.267	2.34468210382603e-05	ARHGDIB	c14
1.21860952175202e-09	0.997533522829361	0.038	0.019	2.53056453287025e-05	VAMP5	c14
1.48635665741173e-09	1.12354042777256	0.029	0.014	3.08656823478119e-05	MAT2A	c14
1.75179163387088e-09	0.211065202623756	0.435	0.366	3.63777050689627e-05	ND4	c14
1.81531468918229e-09	0.758260539771086	0.066	0.04	3.76968248355594e-05	ANXA2	c14
2.20444688361412e-09	1.53827766792772	0.016	0.006	4.57775439851309e-05	CECR1	c14
2.73707649959845e-09	1.3055147095217	0.021	0.009	5.68381305906614e-05	NFKB1	c14
2.97594850848392e-09	1.90873611475636	0.01	0.003	6.1798546727177e-05	RASGEF1B	c14
3.13494195466905e-09	1.01781575456156	0.038	0.02	6.51002046306575e-05	CEBPB	c14
3.20351017080056e-09	1.70081599073928	0.012	0.004	6.65240922068445e-05	GCA	c14
3.78734057405944e-09	-1.41477343317816	0.02	0.049	7.86479143609183e-05	KLRC2	c14
4.40587508146346e-09	-0.171139995699061	0.841	0.843	9.14924019416702e-05	RPL39	c14
5.13363835136587e-09	1.30575805860567	0.022	0.009	0.000106605134004464	DUSP6	c14
5.41290449337823e-09	1.81741374805313	0.012	0.004	0.000112404374709492	CTSL	c14
5.4507621847457e-09	-0.274752626729465	0.579	0.613	0.000113190527528429	RPS8	c14
5.45339117291084e-09	1.75144206380925	0.013	0.004	0.000113245121096667	MFSD1	c14
6.71217965198761e-09	-0.653409932797284	0.291	0.331	0.000139385122653175	NKG7	c14
7.64424512419812e-09	-1.93396706222084	0.084	0.125	0.000158740394249098	RN7SK	c14
7.69387738698005e-09	-0.529066389608456	0.101	0.147	0.000159771057818028	IL2RG	c14
8.61534200300351e-09	2.00554334487303	0.011	0.003	0.000178906192034371	SLC40A1	c14
9.59144112197395e-09	1.52243932458178	0.016	0.006	0.000199175866338911	GK	c14
9.95180541618355e-09	-1.46464936251233	0.017	0.043	0.000206659191272468	FGFBP2	c14
1.00135724428587e-08	0.588651190442838	0.1	0.068	0.000207941845348403	PSME2	c14
1.15010378863129e-08	-0.428892132494672	0.16	0.212	0.000238830552747174	DDX5	c14
1.18208788137809e-08	1.11196052912541	0.028	0.013	0.000245472369446974	GNAI2	c14
1.18242492613471e-08	1.56820849558272	0.013	0.005	0.000245542360161133	POU2F2	c14
1.20790964817498e-08	1.41261335740068	0.017	0.007	0.000250834517540016	PABPC4	c14
1.2836537961669e-08	1.03602898898681	0.032	0.016	0.000266563547312019	AP2S1	c14
1.31082741511829e-08	-0.424801145464867	0.144	0.195	0.000272206421023464	RAC2	c14
1.39519181021905e-08	0.821992827607333	0.05	0.028	0.000289725531310087	SDCBP	c14
1.40779517605029e-08	-0.432240619938072	0.154	0.205	0.000292342746258604	CORO1A	c14
1.43789548392315e-08	1.56570575989213	0.014	0.005	0.000298593376191482	LAP3	c14
1.71543439018181e-08	1.17160091575843	0.025	0.011	0.000356227105465154	KDM6B	c14
2.21533560472402e-08	-0.458137892882031	0.127	0.175	0.00046003659167699	RPL27A	c14
2.37930203102068e-08	-0.416666199451788	0.208	0.26	0.000494085859761754	CST7	c14
2.4267310265084e-08	1.16224918443735	0.024	0.011	0.000503934964964734	PER1	c14
2.8155331592509e-08	-0.328905888925433	0.249	0.305	0.000584673615850042	EEF1B2	c14
2.89991501647969e-08	0.760726429423274	0.094	0.064	0.000602196352322173	CTSD	c14
3.22389594205798e-08	-0.243087065072101	0.548	0.604	0.000669474231327761	ATP6	c14
3.3922865289382e-08	0.630623421227339	0.079	0.052	0.000704442220599307	NFKBIZ	c14
3.78927845866821e-08	0.606630267437325	0.099	0.068	0.000786881564727041	LITAF	c14
4.01268809545341e-08	1.40303879530299	0.016	0.006	0.000833274809901856	ATG3	c14
4.12823789810281e-08	0.178484144308109	0.673	0.632	0.000857269881920029	RPS24	c14
4.19479914048754e-08	-0.177261301914455	0.631	0.668	0.000871091989513643	RPL26	c14
4.40819040503402e-08	0.502263113914298	0.121	0.086	0.000915404819509364	YBX1	c14
4.8821376046907e-08	-0.189631347242425	0.545	0.595	0.00101382469499007	RPL29	c14
5.25605136381728e-08	0.548307132156397	0.213	0.171	0.0010914716262103	ITM2B	c14
5.66382923479717e-08	-0.516308812808985	0.115	0.159	0.00117615077889798	RPL13A	c14
5.83935344012767e-08	0.285108498859859	0.373	0.319	0.00121260013537691	ZFP36L2	c14
6.70935732300752e-08	0.828523638105617	0.045	0.026	0.00139326514169574	RPL19P12	c14
8.13432231063718e-08	0.832060524017531	0.044	0.025	0.00168917337102692	ZNF706	c14
8.29367051507466e-08	1.03208513232552	0.03	0.015	0.0017222636191604	NCF1	c14
8.3213163903333e-08	1.69228771935789	0.01	0.003	0.00172800456161661	CBWD1	c14
1.0617886376224e-07	0.82453078332946	0.044	0.025	0.00220491028488667	CMPK1	c14
1.11386548300615e-07	0.87951304063177	0.063	0.04	0.00231305306201058	LOC100996809	c14
1.1422032534452e-07	-0.228149309979487	0.384	0.44	0.00237189927610431	RPL15	c14
1.167961208664e-07	0.698673108739828	0.058	0.036	0.00242538824591167	PRELID1	c14
1.21920342588989e-07	-0.354113829069856	0.195	0.245	0.00253179783420294	RPL4	c14
1.29061978971269e-07	1.12971062095661	0.023	0.011	0.00268010105531738	IRF2BP2	c14
1.35652017894092e-07	0.560370298312005	0.089	0.061	0.00281694980358871	NDUFB2	c14
1.38611391708782e-07	0.825514185361055	0.043	0.025	0.00287840416022456	MGST3	c14
1.39091798200477e-07	1.01804729892524	0.024	0.011	0.00288838028143112	OSM	c14
1.58595755628356e-07	0.687175863291743	0.058	0.036	0.00329339946137845	SLC38A2	c14
1.68859795118021e-07	-0.478293682043325	0.115	0.157	0.00350654250542082	C12orf57	c14
1.71734511438447e-07	-0.521225964169869	0.085	0.124	0.0035662388645308	PCED1B-AS1	c14
1.79950527431009e-07	0.89422934510396	0.034	0.018	0.00373685265263233	ZC3H12A	c14
1.80871827473421e-07	0.899605233752585	0.036	0.02	0.00375598436931307	H1FX	c14
1.81945705895061e-07	1.31848957077715	0.021	0.009	0.00377828452861683	BNIP3L	c14
1.91343686416603e-07	-0.378969938314478	0.159	0.207	0.00397344299212717	EEF1G	c14
2.35605034102237e-07	0.673023838717954	0.063	0.04	0.00489257413816706	SNHG15	c14
2.42568786614693e-07	-1.32277365506527	0.014	0.035	0.00503718342284072	KLRC3	c14
2.45981648884939e-07	0.769302395928197	0.048	0.028	0.00510805492074465	ATP6V1F	c14
2.87327403100176e-07	1.32713752122149	0.04	0.023	0.00596664085277826	FABP5	c14
3.11198749578657e-07	0.272928099149948	0.296	0.246	0.00646235323375039	MYL6	c14
3.17154020768301e-07	0.502441766164128	0.094	0.065	0.00658602039527454	SERTAD1	c14
3.22631075315869e-07	-0.280073539963748	0.237	0.29	0.00669975691000934	RPL27	c14
3.34052301015775e-07	-1.05338806120491	0.025	0.05	0.00693693008289359	SELL	c14
3.44002021450419e-07	0.656760810661343	0.061	0.039	0.0071435459774394	SNHG9	c14
3.48312509582117e-07	1.58841254264103	0.01	0.004	0.00723305757398224	RNU5A-1	c14
4.14005177185513e-07	1.09406480125284	0.019	0.008	0.00859723150943437	GEM	c14
4.25405338993481e-07	0.794479706091308	0.041	0.023	0.00883396726953863	UPP1	c14
4.84333883937913e-07	0.721404110237097	0.053	0.033	0.0100576774338547	LOC100506248	c14
5.67078157461908e-07	-0.502337428045387	0.49	0.533	0.011775945017854	RNR1	c14
6.46972361418226e-07	1.41187972146273	0.014	0.006	0.0134350280572109	TNFSF13B	c14
6.61956400227207e-07	1.44392302793339	0.013	0.005	0.0137461866071182	STX11	c14
7.40254480101743e-07	-0.922410555848086	0.027	0.051	0.0153721245337928	MYH9	c14
1.05905780424476e-06	-0.90389935728753	0.037	0.063	0.0219923943629467	LOC101060038	c14
1.1502487663953e-06	1.25754481073149	0.016	0.007	0.0238860658829649	AP1S2	c14
1.20045688392107e-06	0.753104715514477	0.044	0.027	0.0249286876515049	ATP6V0B	c14
1.32963422989933e-06	1.24037842549001	0.015	0.006	0.0276111844180895	RASD1	c14
1.47668887689733e-06	0.47606083941933	0.088	0.062	0.0306649212176499	ATF3	c14
1.64890495866287e-06	0.607120193943089	0.062	0.041	0.0342411603715933	BST2	c14
1.66557845845779e-06	0.692012563909834	0.05	0.031	0.0345874022683345	CAPG	c14
1.73804431008899e-06	-0.468195111023936	0.124	0.163	0.036092228143308	CD8A	c14
1.84492400360633e-06	0.692917717202354	0.049	0.03	0.0383116918588891	NAP1L1	c14
2.14931969314403e-06	0.67733222137343	0.05	0.032	0.044632772747829	POMP	c14
2.21170136377516e-06	-1.7715910501876	0.006	0.021	0.045928190520155	HIST1H1E	c14
2.59008665939512e-06	0.94386977928891	0.025	0.013	0.0537857395689992	TUBB2A	c14
2.5953443715416e-06	0.811863810030704	0.037	0.021	0.0538949212194329	LINC00493	c14
2.82991326268518e-06	1.24931584854619	0.015	0.006	0.0587659788129205	TESC	c14
3.13905650641506e-06	0.800511688142709	0.034	0.02	0.0651856474122151	ATP5L2	c14
3.26243094431383e-06	-0.376167656383826	0.138	0.178	0.067747640989621	RPL31	c14
3.28063440670785e-06	-0.768301136018007	0.035	0.059	0.0681256540896952	KIAA1551	c14
3.43822535589279e-06	1.32462942043179	0.013	0.005	0.0713981877404696	METRNL	c14
3.83602318315501e-06	1.03365535175849	0.021	0.011	0.0796588574213969	CYB5R3	c14
3.94125914251366e-06	0.696015004475457	0.064	0.043	0.0818441873534386	GPR183	c14
4.48546864708633e-06	-0.343967677707782	0.154	0.195	0.0931452419253948	CD99	c14
4.53838786564841e-06	0.552530029303542	0.072	0.049	0.0942441624180549	LAMTOR4	c14
4.57286889945442e-06	0.744790131915865	0.041	0.025	0.0949601955660705	MRPL52	c14
4.68345224469226e-06	1.48254659745827	0.018	0.008	0.0972565693132795	CCL20	c14
5.49156995002058e-06	-0.591509753341647	0.071	0.101	0.114037941582127	TAGAP	c14
5.85306755750905e-06	0.418521617416168	0.124	0.094	0.121544800899233	TCEB2	c14
6.22725960677092e-06	1.00785253249184	0.021	0.011	0.129315272994205	MGAT1	c14
6.59931519337594e-06	1.27684536669043	0.013	0.006	0.137041379305645	PIN4	c14
6.68223353609771e-06	1.0288553596885	0.021	0.011	0.138763261610605	UBE2S	c14
6.68926038042482e-06	-1.77037954973217	0.006	0.021	0.138909181059902	FOXP3	c14
7.99203427665325e-06	0.55853042554074	0.061	0.041	0.165962583788981	CREM	c14
8.12347477341138e-06	0.911672915300888	0.025	0.013	0.168692077144661	SYAP1	c14
8.55631575991416e-06	-0.429738553406237	0.12	0.156	0.177680453070377	SRSF7	c14
9.33611731736222e-06	0.945649733857352	0.024	0.013	0.193873812212344	MARCKSL1	c14
9.57801709817832e-06	0.781674799976172	0.034	0.02	0.198897103060771	RNH1	c14
9.7495399959078e-06	-2.57003791955381	0.002	0.013	0.202458947555021	CD79A	c14
9.85462016817152e-06	-0.443651165137873	0.083	0.115	0.20464104241225	CYTIP	c14
1.09909854204201e-05	0.531134700134393	0.07	0.049	0.228238803240444	RGS10	c14
1.18485060821327e-05	1.29546104485777	0.012	0.005	0.246046077301568	ID1	c14
1.20147740227056e-05	-1.23812432580097	0.011	0.027	0.249498797355505	UGP2	c14
1.30920451609302e-05	1.05216476875871	0.017	0.008	0.271869409811877	RNU4-2	c14
1.32004089099151e-05	-0.661695355360634	0.044	0.068	0.274119691423297	CD247	c14
1.4023917247918e-05	0.279253762354571	0.277	0.236	0.291220665570265	ND2	c14
1.43015000097067e-05	-2.24865127524173	0.002	0.014	0.296984949201568	KLRF1	c14
1.56844047259241e-05	0.67170884928202	0.037	0.022	0.32570234853854	IRF7	c14
1.64890637448521e-05	-0.221381857657089	0.324	0.368	0.342411897725598	GNB2L1	c14
1.65498469880222e-05	0.828571537937651	0.029	0.016	0.343674122553269	SMAP2	c14
1.66064231580191e-05	1.03247457625848	0.018	0.009	0.344848983299424	HLA-DRB3	c14
1.73382587810021e-05	-0.114273505682197	0.464	0.384	0.360046281846289	DUSP1	c14
1.78401288198125e-05	1.15343469490466	0.015	0.007	0.370468115072226	PTPRE	c14
1.89014133263103e-05	0.401335718587897	0.102	0.077	0.392506749134159	HSPB1	c14
1.97975664112942e-05	0.605658757698938	0.053	0.035	0.411116264096936	H2AFV	c14
1.99098565431204e-05	1.34919621091511	0.011	0.004	0.413448080974439	SLC16A3	c14
2.05957659600104e-05	1.34067213860857	0.011	0.004	0.427691675925575	IFI44L	c14
2.08575628335984e-05	0.394846233894012	0.12	0.092	0.433128149802505	CALM2	c14
2.15772199306163e-05	-1.11796345063526	0.011	0.027	0.448072549079178	PBXIP1	c14
2.23741193847301e-05	-2.30960062520606	0.002	0.013	0.464620963143305	MS4A1	c14
2.31289792175281e-05	-0.318629849562507	0.155	0.192	0.48029638243119	EEF2	c14
2.31842739245737e-05	1.16116265179263	0.014	0.007	0.481444632317697	CD151	c14
2.32266545273589e-05	1.35962901881485	0.01	0.004	0.482324707915136	HERC5	c14
2.33545045148492e-05	0.762866017717947	0.031	0.018	0.484979640755359	MAP3K8	c14
2.38651299819121e-05	-0.531231444319387	0.053	0.079	0.495583289204386	CD3G	c14
2.39086557610741e-05	0.949946845755046	0.021	0.011	0.496487145534464	WASF2	c14
2.41285159692211e-05	-0.238772317704633	0.265	0.307	0.501052762616845	RPL21	c14
2.51450813213228e-05	0.803154647571153	0.029	0.017	0.522162758718588	DCK	c14
2.61104722814514e-05	0.173090950039767	0.481	0.441	0.54221006739662	H3F3B	c14
2.64239901789233e-05	0.508027840805246	0.068	0.047	0.548720580055521	VAMP8	c14
2.77891724134582e-05	-0.226031096853867	0.301	0.343	0.577069954337872	RPL22	c14
2.93161556150388e-05	0.426989869497733	0.113	0.087	0.608779287501896	TPI1	c14
3.20364549817437e-05	1.48160673094888	0.012	0.005	0.66526902415089	GBP1	c14
3.23673153562554e-05	0.470888066481908	0.076	0.054	0.672139670688	ARL6IP4	c14
3.42843932535889e-05	1.2011883194244	0.013	0.006	0.711949710304027	MAFF	c14
3.4587092469832e-05	1.30292505698488	0.011	0.005	0.718235562228531	FAM89B	c14
3.50726943451361e-05	0.930592816254634	0.021	0.011	0.728319570771097	GSTO1	c14
3.62032709685753e-05	1.18810256040474	0.013	0.006	0.751797124933435	PRR7	c14
3.62594601796683e-05	0.835954440122022	0.026	0.015	0.752963950090992	SRSF9	c14
3.84470427548013e-05	-1.33998328385774	0.008	0.022	0.798391289846203	CISH	c14
4.13210329856229e-05	0.522865649848829	0.081	0.06	0.858072570979444	SQSTM1	c14
4.13303811610919e-05	-0.414236982592795	0.088	0.117	0.858266695191235	LDHB	c14
4.29847555769528e-05	0.86097321593277	0.028	0.016	0.892621434311002	GLRX	c14
4.33645810410581e-05	1.2334230863993	0.012	0.005	0.900508889898612	C20orf27	c14
4.36587455225218e-05	0.889462835062453	0.023	0.013	0.906617509520689	H2AFY	c14
4.50792571430351e-05	-0.136843509697382	0.717	0.724	0.936115853832266	RPL18A	c14
4.59395905163164e-05	1.00811710963124	0.019	0.01	0.953981536661826	IFI35	c14
0.000692429071723089	-1.6997747374333	0.004	0.012	1	MTRNR2L8	c14
0.000252134495394492	-1.66664624335321	0.003	0.013	1	ZRANB2	c14
0.000163779688575135	1.54630604168365	0.011	0.005	1	CRIP2	c14
0.00141444426440721	-1.54475147794296	0.003	0.01	1	BPTF	c14
0.00696429590048317	-1.47855658517969	0.012	0.02	1	STMN1	c14
5.40955646161513e-05	1.45038162168512	0.01	0.004	1	ANKRD37	c14
7.54105971994959e-05	1.31548499827663	0.011	0.005	1	RARA	c14
5.99466331967214e-05	1.30659903504504	0.01	0.004	1	ZNF267	c14
9.47378667587818e-05	1.3038124142907	0.01	0.004	1	ARHGAP18	c14
8.37034886848987e-05	1.29928275581018	0.01	0.004	1	LOC613037	c14
0.000566779390251973	-1.29711918131288	0.009	0.02	1	SPON2	c14
6.38298089537389e-05	1.2936406092334	0.01	0.004	1	TAF10	c14
7.43738384012519e-05	1.28720478425173	0.01	0.004	1	ZFYVE28	c14
0.000207384355045452	1.27220647188691	0.01	0.005	1	BID	c14
0.00112216456524412	1.23779846255861	0.011	0.005	1	CYB5A	c14
0.00415271879228341	-1.23323093623419	0.004	0.011	1	PHF3	c14
5.57294377577611e-05	1.22257570416231	0.012	0.005	1	NCOA4	c14
0.000573771381976455	-1.21967063914162	0.007	0.017	1	HIST1H1D	c14
0.000664238140984725	1.19798025673168	0.01	0.005	1	PLK2	c14
0.000178600514414887	1.19719311747006	0.011	0.005	1	ZDHHC12	c14
0.000137608053738619	1.18353289451891	0.011	0.005	1	IL10	c14
6.54623937699529e-05	1.13566763893914	0.015	0.008	1	TNFSF10	c14
0.0152345643811481	1.12128445383219	0.01	0.006	1	CSRP1	c14
0.000281308209337971	1.11734773669845	0.013	0.006	1	GOLT1B	c14
0.000531043073275227	1.08659179104606	0.013	0.007	1	IER5	c14
0.000204320984574504	1.08444768565182	0.013	0.006	1	MOB2	c14
0.000319419408746355	1.07619472450805	0.012	0.006	1	SMIM19	c14
0.000127238703041937	1.0697344030588	0.014	0.007	1	VMP1	c14
0.000164831303297251	1.0558354994041	0.014	0.007	1	BBC3	c14
0.00322998785570307	1.05285084075748	0.01	0.006	1	TSC22D1	c14
0.00137178444065695	1.05263250972961	0.01	0.005	1	RFXANK	c14
6.09058556553353e-05	1.04960354569258	0.016	0.008	1	FAM159A	c14
0.00222047356230076	1.0468397612441	0.01	0.005	1	RING1	c14
0.000469042671620511	1.04676675220885	0.012	0.006	1	UBXN11	c14
0.000120808741080467	1.04671729657437	0.015	0.007	1	CNIH4	c14
0.00308176465786273	-1.04641793888075	0.006	0.014	1	VPS13C	c14
0.00850587914878002	-1.03557925550849	0.005	0.011	1	ZNF292	c14
0.0064820120973377	-1.0298633405795	0.005	0.012	1	OGT	c14
0.00211903355905456	-1.02295623123244	0.007	0.016	1	THEMIS	c14
0.00999980472643855	-1.02165003373181	0.004	0.01	1	LAIR2	c14
0.000425032883390753	1.01492458116734	0.013	0.007	1	GNB1	c14
0.00143444808712074	-1.01137038404326	0.008	0.018	1	TRG-AS1	c14
8.57137006468907e-05	1.01034459306408	0.016	0.008	1	ATG101	c14
0.00133995021719676	1.01005882599553	0.011	0.006	1	TREX1	c14
0.00131448005428483	1.00682408239622	0.011	0.006	1	CAPNS1	c14
0.00342473358667165	1.00382687228401	0.01	0.005	1	FAM45A	c14
5.97366241005929e-05	0.999840253628287	0.017	0.009	1	LUC7L	c14
0.000208220726075226	0.988363754896206	0.015	0.008	1	USP36	c14
0.00257063310030317	0.978102059223864	0.011	0.006	1	TP53TG1	c14
0.000237000110586035	0.976450433352706	0.017	0.009	1	NCF1C	c14
0.0069194866846801	0.973152843252131	0.01	0.006	1	CCDC28A	c14
0.000117356666032967	0.970136659420504	0.017	0.009	1	IQGAP2	c14
0.0102570247261775	-0.96873668201791	0.005	0.012	1	KIF2A	c14
0.00243926815047979	-0.96324905637948	0.008	0.017	1	MAL	c14
0.000596447334982041	0.960825424583832	0.014	0.007	1	CD81	c14
0.00195648722712437	0.956842148727557	0.012	0.006	1	PARL	c14
0.00550617890624728	0.956699477145074	0.01	0.005	1	SH3BP5	c14
0.000331549540290511	-0.956267963990986	0.013	0.026	1	KLRC4	c14
6.10570993951332e-05	0.955191313980903	0.019	0.01	1	PARP10	c14
0.004266759286102	0.952490534408525	0.01	0.006	1	JOSD1	c14
0.00441792429234687	0.952490534408525	0.01	0.006	1	PEF1	c14
0.000395200115769845	0.948253541522053	0.015	0.008	1	EPSTI1	c14
0.00651559671951996	0.946703089958654	0.011	0.006	1	GBP4	c14
0.00161582188619705	0.937606297322546	0.013	0.007	1	TPP1	c14
0.00170047672706202	0.933505787577078	0.013	0.007	1	RAB1A	c14
0.00136162443594853	0.930778574967423	0.013	0.007	1	NPIPB11	c14
0.000597792389713861	0.91831625736795	0.015	0.008	1	COX19	c14
0.000628839306675489	0.912629631791332	0.015	0.008	1	DAZAP1	c14
0.00684464890155655	0.907376532988855	0.01	0.006	1	RTN3	c14
0.00910119313491306	0.904168369135228	0.01	0.006	1	IL10RB	c14
0.000441599933393358	0.902449851908929	0.017	0.009	1	GLA	c14
0.00417578376077925	0.902449851908929	0.013	0.007	1	LPAR2	c14
0.011228988917443	0.901206685058297	0.012	0.007	1	LOC100996747	c14
0.000514972403998323	0.90032980003456	0.016	0.009	1	SRM	c14
7.53543990346308e-05	0.899935715273441	0.021	0.011	1	MBOAT7	c14
0.00833618040076376	-0.898450048011376	0.007	0.015	1	CCR6	c14
0.022901187275218	-0.895506372146426	0.005	0.01	1	LOC102724850	c14
0.0212296135026571	-0.893619262602161	0.005	0.01	1	EPB41	c14
0.000113134489674658	0.889625811551346	0.02	0.011	1	TMEM147	c14
0.000439917405607623	0.88849139431901	0.017	0.01	1	NDUFS3	c14
0.00408870748618466	-0.888206358002233	0.008	0.016	1	HLA-J	c14
0.000158738577302189	0.886701659918624	0.02	0.011	1	VASP	c14
0.108623472097119	0.886371643895355	0.01	0.007	1	FXYD2	c14
0.0157404467173174	0.883753758199024	0.01	0.006	1	NTMT1	c14
0.00754519084038276	0.882909665513283	0.01	0.006	1	PPIF	c14
0.00242078357769651	0.880716329961648	0.013	0.008	1	TMEM120A	c14
0.00385261612921377	0.88042354557893	0.012	0.007	1	HNRNPA1L2	c14
0.00250364005746997	0.880082038880474	0.015	0.009	1	EHD1	c14
0.000107253838009007	0.87915323199779	0.021	0.012	1	THAP3	c14
0.00384152264392523	0.875059853877423	0.014	0.008	1	COMTD1	c14
0.00708327907035791	0.874495790337927	0.011	0.006	1	MFSD11	c14
0.00261862286494803	0.86808319283807	0.013	0.008	1	LOC554223	c14
0.00138208521722301	-0.866364608296617	0.02	0.033	1	CLIC3	c14
0.0194722699929116	-0.86088845397769	0.025	0.035	1	TNFRSF4	c14
0.000547012059120024	0.85923778508763	0.018	0.01	1	GPCPD1	c14
0.00226601206133644	0.85863875742844	0.014	0.008	1	CRTAP	c14
0.0148818499239374	0.856807186353217	0.012	0.008	1	CCDC53	c14
0.00915648923248155	0.856156199634994	0.011	0.006	1	PPHLN1	c14
0.0115627483028134	0.855673081239481	0.01	0.006	1	PFKP	c14
0.000100382155376729	0.853483002760651	0.028	0.017	1	EIF4A3	c14
0.000427338737248658	0.853355302380759	0.019	0.011	1	LIMS1	c14
0.00552718289416347	0.848002067886553	0.012	0.007	1	UBE2J2	c14
0.00311500446452953	0.84754151080654	0.014	0.008	1	LOC100507217	c14
0.0107470100510009	0.842552897835173	0.011	0.006	1	PFDN4	c14
0.00227951547596813	0.842067697372912	0.015	0.009	1	BCL7B	c14
0.00171338769630456	0.841753920221374	0.015	0.009	1	JARID2	c14
0.0112171367179212	0.839547282079554	0.011	0.006	1	SNX2	c14
0.00354701049675825	0.839184958450913	0.014	0.008	1	CPSF3L	c14
0.000351748319350963	0.838180130397429	0.021	0.012	1	ATOX1	c14
0.000870849813890156	0.83492585771192	0.017	0.01	1	SKIL	c14
0.00514908160355117	0.834607206127878	0.013	0.007	1	TMEM191A	c14
0.00236073544218758	0.828025010782374	0.016	0.009	1	LINC00936	c14
0.028178756620928	-0.827284173026201	0.005	0.01	1	ENTPD1	c14
0.000115829498964424	-0.82650720772196	0.02	0.037	1	SYNE2	c14
0.000631962279955337	0.825908297035935	0.019	0.011	1	SSBP4	c14
0.0218432108102326	-0.825889321287565	0.006	0.011	1	AKIRIN1	c14
0.000284329847639079	0.821172207874795	0.021	0.012	1	PSMD13	c14
0.0109800356339513	-0.820016172562162	0.008	0.015	1	GPRIN3	c14
0.0106967709075789	0.817818601441752	0.011	0.007	1	AKR7A2	c14
0.0105517475992948	0.816402111351634	0.011	0.007	1	TRAPPC4	c14
8.23616307307962e-05	-0.815494732856894	0.022	0.039	1	PIM2	c14
0.017282855775476	-0.809779063935771	0.007	0.013	1	DNAJB14	c14
0.00412206285818625	0.807087995786069	0.014	0.008	1	RBM38	c14
0.00104317605882518	0.806969543054701	0.018	0.011	1	VTI1B	c14
0.00019750451225098	-0.806894586609225	0.02	0.035	1	KLRK1	c14
0.0144092499617767	0.806892296512723	0.011	0.006	1	GNPTG	c14
0.000686578432927973	0.806525431910393	0.019	0.011	1	IVNS1ABP	c14
0.0365393170228335	0.805758652705052	0.01	0.006	1	XAF1	c14
0.00034017374010741	-0.804843537273226	0.019	0.034	1	CTLA4	c14
0.00156610466329294	0.801845910970523	0.017	0.01	1	MRPS18C	c14
0.00193127630339144	0.800991866226986	0.017	0.01	1	BAG1	c14
0.0113168808112065	0.796771774014392	0.012	0.007	1	ZBTB1	c14
0.0317625731906832	-0.796139070544221	0.005	0.01	1	BTN3A1	c14
0.0018385930678066	-0.795521610641413	0.012	0.023	1	IL6ST	c14
0.00293983961028041	0.794052119628263	0.016	0.009	1	C9orf89	c14
0.0324907599706717	-0.791501666869853	0.005	0.01	1	NFATC2	c14
0.0140144598350821	0.791140268704222	0.011	0.007	1	ZNF524	c14
0.0133921191019512	0.787826552857154	0.012	0.007	1	NACA2	c14
0.000536913080033124	0.78520817802965	0.021	0.013	1	RAB24	c14
0.00453477574382223	0.785183799739181	0.015	0.009	1	UPF3A	c14
0.0169851736397107	-0.781948131728643	0.007	0.014	1	ZBTB38	c14
0.0226302880858384	0.781434450947563	0.01	0.006	1	MRPL9	c14
0.00631945396802402	-0.780736184900351	0.01	0.019	1	GCC2	c14
0.00176960752345175	0.779195283897274	0.018	0.011	1	SHARPIN	c14
0.000948374183431693	-0.777609693069276	0.016	0.029	1	ARID5B	c14
0.00446118025894167	0.777294720586639	0.015	0.009	1	DPYD	c14
0.00711089408582657	0.776835482944407	0.016	0.01	1	OASL	c14
0.0111382956836267	0.776341082759107	0.012	0.007	1	POLE3	c14
0.00699255820886959	0.776297252495523	0.014	0.008	1	BLOC1S4	c14
0.000235863356203174	0.775476995651164	0.024	0.014	1	CASP1	c14
0.01924564864718	0.774960116787013	0.011	0.007	1	ZBP1	c14
0.0273303520413175	0.774345026161244	0.01	0.006	1	MPV17	c14
0.00667987537025458	-0.773841314395988	0.008	0.016	1	ACTN4	c14
0.00282063754146153	0.77340239624147	0.017	0.01	1	SLIRP	c14
0.0305677523219689	-0.773018693024992	0.006	0.011	1	PTPN4	c14
0.0259854703320436	0.772774318286017	0.01	0.006	1	ACYP1	c14
0.00396062590824425	0.771918288766704	0.016	0.01	1	NARF	c14
0.0052946148486509	0.771306492938435	0.015	0.009	1	SNX9	c14
0.0091886873166688	0.768463668481234	0.013	0.008	1	EXOSC8	c14
0.0294849529381803	0.763385814171377	0.01	0.006	1	NSRP1	c14
0.00438075660393464	0.762960512235151	0.016	0.01	1	UQCRC1	c14
0.00657391985536197	-0.761463990207049	0.011	0.02	1	GATA3	c14
0.010150658430676	0.761437542381856	0.013	0.008	1	TMED4	c14
4.92047157441935e-05	0.76091645112284	0.031	0.018	1	PIM3	c14
6.11014681447206e-05	0.760581135597592	0.039	0.025	1	SNORA78	c14
0.00385418837914657	-0.759167362893929	0.015	0.025	1	CCR7	c14
0.0179202981653093	-0.754921144340277	0.008	0.014	1	PTBP3	c14
0.00220021838965136	-0.754369174064788	0.018	0.029	1	KLRC1	c14
0.000916495418912195	0.753640867285612	0.024	0.015	1	AGTRAP	c14
0.0202410066421114	0.752702732404248	0.011	0.007	1	BEX4	c14
0.000137021789357366	0.752122287801411	0.027	0.016	1	MAGOH	c14
0.000896659621508724	0.750234613027001	0.024	0.015	1	LOC101929910	c14
0.000298224889078199	0.747348293783227	0.024	0.015	1	PDCL3	c14
0.0466515107346656	0.746531708460496	0.01	0.007	1	HSD17B10	c14
0.000460426184305486	0.746330649991647	0.024	0.014	1	NCF1B	c14
0.0129814262625575	0.745645772200058	0.013	0.008	1	MIDN	c14
0.011896383247423	0.744020489304447	0.013	0.008	1	TNFRSF1A	c14
0.0139519400618999	0.742055488204739	0.013	0.008	1	LCMT1	c14
0.0297348398158609	0.73982965108985	0.01	0.006	1	NPRL2	c14
0.00587151969632155	0.739341512008594	0.016	0.01	1	PYCR2	c14
0.0432792452990269	0.739219503040625	0.011	0.007	1	SUGT1	c14
0.0258966228677421	0.738111285485195	0.011	0.007	1	UCKL1	c14
0.0400366058161869	-0.737850710580158	0.006	0.011	1	KANSL1-AS1	c14
0.00548285037505706	-0.737405640380457	0.012	0.021	1	IKZF3	c14
0.0210018044643497	-0.736646085945706	0.008	0.014	1	ITGB7	c14
0.00135115419769239	0.736623418680237	0.022	0.014	1	PARVG	c14
0.00623320551889383	0.731553665616149	0.016	0.01	1	BABAM1	c14
0.0045582721024016	0.730694018950747	0.017	0.01	1	TMEM248	c14
0.0103769508372283	-0.729430490207178	0.013	0.022	1	LOC101928173	c14
0.0375017323960079	-0.729091015432557	0.007	0.013	1	RTKN2	c14
0.033860509522704	0.728159657905215	0.01	0.007	1	KLF3	c14
0.0129425472165539	0.727952120676792	0.013	0.008	1	HEXIM1	c14
0.00328526283120275	0.726631136237743	0.018	0.011	1	SAP30BP	c14
0.0259769849856884	0.725861120185606	0.011	0.007	1	EIF5AL1	c14
0.00500656171879869	0.725215423604076	0.017	0.01	1	CISD3	c14
0.000237968037891615	0.724112610650417	0.028	0.017	1	CAPZA2	c14
0.000420992437257205	0.72391905989894	0.025	0.016	1	TMEM160	c14
0.00264359754271267	0.720552208800541	0.019	0.012	1	CHCHD7	c14
0.00733584999265065	0.719950157695994	0.016	0.01	1	HNRNPAB	c14
0.000110568971953306	0.719354087973025	0.031	0.019	1	TRAPPC5	c14
0.00486353395524578	0.718345915296855	0.017	0.011	1	DECR1	c14
0.00724420036960208	0.718253092710953	0.018	0.011	1	FLOT1	c14
0.00767767360477297	0.718025280771502	0.016	0.01	1	IAH1	c14
0.00156088072048509	0.716906889651747	0.023	0.015	1	RAB11A	c14
0.00450714220496181	0.716154889358845	0.018	0.011	1	ADSL	c14
0.000858226445273657	-0.714699522871127	0.02	0.033	1	ANKRD12	c14
0.00960803127520346	0.7136137788784	0.015	0.01	1	HLA-L	c14
0.00491606618373741	-0.713209446035143	0.015	0.025	1	CXCR6	c14
0.000549129376306307	0.71292937039138	0.025	0.016	1	TMUB1	c14
0.0216423088487527	0.710498544136618	0.012	0.008	1	IDH3B	c14
0.00670563629585744	-0.708469519914004	0.013	0.022	1	GPR171	c14
0.0191019749927199	0.707802421055385	0.013	0.008	1	GTF2H5	c14
0.000436600132573559	0.707340008208357	0.026	0.016	1	YPEL3	c14
6.17924008959625e-05	0.706737083669962	0.034	0.021	1	SERPINB1	c14
0.00740988844187627	0.70336117524102	0.016	0.01	1	RGS16	c14
0.0184283473626411	0.700815990739279	0.013	0.009	1	HAGH	c14
0.00223269130493535	-0.695809471425685	0.017	0.029	1	MBP	c14
0.0166409757438761	0.69326542001939	0.014	0.009	1	GSPT1	c14
0.0984692788498747	0.691697346128356	0.01	0.007	1	RPS26P11	c14
0.00233971462402933	0.690871229267774	0.021	0.013	1	ENY2	c14
0.00695013840816993	0.69039937479394	0.017	0.011	1	RNPEPL1	c14
0.0563121998488623	-0.689892179177825	0.006	0.01	1	TMIGD2	c14
0.00268511917811874	0.6897076006062	0.021	0.014	1	ARRDC3	c14
0.046342613325843	0.688042414555786	0.01	0.007	1	C14orf1	c14
0.0100701471260296	0.686852992081334	0.018	0.012	1	CBWD5	c14
0.0538557527047703	0.685958032012166	0.01	0.006	1	C21orf91	c14
0.0248387933308634	0.685793800121626	0.013	0.008	1	SLC25A38	c14
0.0358991596622373	0.685219135688261	0.011	0.007	1	PTOV1	c14
7.03112421129088e-05	0.684157002797108	0.036	0.022	1	PSMB6	c14
6.31334168087158e-05	0.683628950858332	0.038	0.024	1	NAA10	c14
0.00334015866676022	-0.683542777410717	0.016	0.027	1	ANKRD28	c14
0.000233656121470559	0.683496514539252	0.031	0.019	1	KHDRBS1	c14
0.0533991032403105	-0.683437157040525	0.006	0.01	1	THEM4	c14
0.021381873814453	0.681202881240743	0.013	0.008	1	C1orf228	c14
0.0239361879414533	-0.680923902441298	0.026	0.035	1	MTRNR2L2	c14
0.000326527367128902	0.679888506616912	0.03	0.019	1	SVIP	c14
0.0478719220597392	0.679589099115393	0.01	0.007	1	MOSPD3	c14
0.0678462798751513	0.678769884712021	0.011	0.007	1	MRPL36	c14
0.00839217009934829	0.675941322100249	0.017	0.011	1	SMS	c14
0.00341446402817745	0.675511244577049	0.021	0.013	1	STXBP2	c14
0.00234782611955174	0.674680775894332	0.021	0.013	1	DUSP5	c14
0.0448703462737373	0.673798440100799	0.011	0.007	1	PKN1	c14
0.015466520668051	-0.673599003994974	0.011	0.018	1	MAPK1IP1L	c14
0.00136744877633926	0.673477282148768	0.024	0.015	1	TMEM134	c14
0.00210965080041988	0.671749722882546	0.023	0.015	1	MRPL43	c14
0.0256550889150472	0.671217506166916	0.019	0.013	1	RANBP2	c14
0.00709747142906269	0.670597101323415	0.018	0.012	1	ATP6AP2	c14
0.0205800578640404	0.669789095118654	0.016	0.011	1	ABTB1	c14
0.559752324432245	-0.669040796586535	0.28	0.275	1	CCL4	c14
0.000231736501648116	0.668394513046901	0.032	0.021	1	C7orf73	c14
0.0444792466040547	-0.668013079117112	0.007	0.012	1	IPCEF1	c14
0.0107845032423762	0.667160436558039	0.017	0.011	1	LRPAP1	c14
0.0305328859548189	-0.667068244421207	0.008	0.014	1	NOP58	c14
0.0861021118813515	0.665790861499432	0.01	0.007	1	WDR82	c14
0.00319952843764998	0.665702137595411	0.022	0.014	1	YWHAE	c14
0.032300064181949	0.665074401246602	0.012	0.008	1	WDR45B	c14
0.0264506598170947	0.664318117607068	0.013	0.009	1	AKR1B1	c14
0.0477743520829465	0.663131515048943	0.011	0.007	1	LYSMD2	c14
0.000173240221523611	0.661481387428719	0.034	0.022	1	ARPC4	c14
0.0611577427608972	0.661045462046678	0.01	0.007	1	ABHD17A	c14
0.00642851243790825	0.656041764662544	0.019	0.013	1	ARL4A	c14
0.0383172749769845	-0.655385470789363	0.008	0.013	1	LINC00674	c14
0.0195596663978111	0.654032542147317	0.015	0.01	1	U2AF1L4	c14
0.0258338777670774	0.653998769219572	0.014	0.009	1	PPM1M	c14
0.105101142095078	0.653142429186647	0.01	0.007	1	CLINT1	c14
0.00148236617957246	0.652658563123321	0.027	0.018	1	STUB1	c14
0.000282871597081543	0.652483833476211	0.033	0.021	1	GNAS	c14
0.00276307836752819	0.651617257414809	0.023	0.015	1	YWHAH	c14
0.000526225041901064	-0.651327943626701	0.025	0.041	1	ITK	c14
0.0662264557496332	0.649857192796782	0.012	0.008	1	ADAM10	c14
0.0235110611630032	0.649469110739058	0.014	0.009	1	TRAPPC3	c14
0.0308626244994832	-0.649228057100155	0.009	0.015	1	LUC7L3	c14
0.0104224825123903	-0.648861077220497	0.014	0.023	1	TMEM2	c14
0.0619660580587512	0.647635952880103	0.01	0.007	1	CRELD2	c14
0.0298232773886224	-0.646867270245563	0.013	0.02	1	PPP1R2P9	c14
0.0150786646838794	0.646504870861455	0.016	0.011	1	UQCC2	c14
6.69438412987933e-05	-0.644319495309409	0.036	0.057	1	GAS5	c14
0.0320014123399723	0.643715583508761	0.013	0.009	1	GPR108	c14
0.000504745852069513	0.641802828782582	0.031	0.02	1	GABARAPL1	c14
0.00649615603750057	0.640882345073794	0.02	0.013	1	HSD17B11	c14
0.0644805875229775	0.640782281839041	0.01	0.007	1	MVD	c14
0.00938889128368754	-0.640633538292906	0.014	0.023	1	PYHIN1	c14
0.00877777860576442	0.640186322417756	0.019	0.012	1	LOC100996740	c14
0.00348703095706885	0.63810924857451	0.022	0.014	1	RILPL2	c14
0.00288121440265963	0.636912938871966	0.023	0.015	1	SERPINB9	c14
0.000221845396492919	-0.636475799262351	0.068	0.091	1	IFNG	c14
0.000940540965363193	0.636362122097581	0.029	0.019	1	BUD31	c14
0.0529742389814777	0.635663311214028	0.011	0.008	1	PFKL	c14
0.0174956468743696	0.63546610049116	0.018	0.012	1	EIF6	c14
0.00957734164414941	0.633905464682857	0.023	0.016	1	MRFAP1	c14
0.0471403251288967	0.632219944670931	0.012	0.008	1	C1orf52	c14
0.0204436912016672	-0.631009671683114	0.011	0.018	1	USP15	c14
0.0179692465420383	0.630602376268826	0.016	0.011	1	ELAVL1	c14
0.0117915333471022	0.629169549128528	0.018	0.012	1	PHB	c14
0.0583077612620445	0.628188190651882	0.011	0.008	1	TIPARP	c14
0.0752253149450472	0.625817842674413	0.01	0.007	1	ACTR1A	c14
0.0151879882954291	0.625291627141589	0.017	0.012	1	AZIN1	c14
0.0538699762624041	0.625060153098065	0.012	0.008	1	ZBTB8OS	c14
0.00382428073186232	0.624161602969065	0.024	0.016	1	SSR3	c14
0.00232968170665722	0.623062659625691	0.026	0.017	1	DDX21	c14
0.0171664739601133	0.621493538077872	0.017	0.011	1	ZFAND2B	c14
0.00163793611384467	0.6198566693266	0.028	0.019	1	SET	c14
0.0717873041684265	0.619066800683332	0.01	0.007	1	CPNE7	c14
0.00522891144547632	0.618934742590946	0.024	0.016	1	GTF2B	c14
0.0134547094123815	0.618216280369303	0.018	0.012	1	CARHSP1	c14
0.0326057339528958	0.617540946452372	0.014	0.01	1	TBL1XR1	c14
0.0439488954496628	0.616225818703246	0.013	0.009	1	MPC1	c14
0.0185113794669675	-0.615970837424952	0.01	0.017	1	ABHD14B	c14
0.0148099650575306	0.615720319384518	0.031	0.023	1	TMEM107	c14
0.00103599887127678	-0.614825841300653	0.021	0.035	1	SF3B1	c14
0.0401272066024279	-0.613830764787432	0.009	0.014	1	C8orf59	c14
0.0554355837848242	0.613205566752287	0.012	0.008	1	CYTH4	c14
0.0332303540727909	0.611632289561597	0.014	0.01	1	ANXA2P2	c14
0.0347804584676858	0.61064986184853	0.014	0.01	1	ISCA1	c14
0.0640746527702563	0.609668102681083	0.011	0.008	1	KRCC1	c14
0.0053086388100311	-0.609485217517247	0.019	0.029	1	TAP1	c14
0.00279012352022608	0.609200833028127	0.03	0.02	1	ATP1A1	c14
0.0716073192772192	-0.608512067368451	0.006	0.011	1	RSBN1	c14
0.00647401578801477	0.607110132080303	0.022	0.015	1	ZEB2	c14
0.00036361804216868	0.607023987318471	0.042	0.029	1	NDUFB7	c14
0.0157830881998547	0.606488608191126	0.018	0.012	1	NDNL2	c14
0.00135676910243073	-0.605643885427956	0.026	0.04	1	N4BP2L2	c14
0.0195756575720092	0.605468114151797	0.017	0.011	1	DNAJC19	c14
0.056504817342584	0.604964936198354	0.012	0.008	1	NMRAL1	c14
0.0668218343950793	-0.604287481506725	0.007	0.011	1	WNK1	c14
0.0921810322983035	0.604070830709992	0.01	0.007	1	KAT8	c14
0.00481587744676579	-0.603715641536938	0.017	0.028	1	AIP	c14
0.00500455308842203	0.603671855308973	0.024	0.016	1	MAP1LC3B2	c14
0.0635922017921449	0.602619090086559	0.012	0.008	1	GNAI3	c14
0.0872254587876662	0.601660524079716	0.01	0.007	1	SMIM12	c14
0.0543826191290205	0.601145429147418	0.014	0.01	1	PERP	c14
0.00699603470102573	0.60040022258069	0.027	0.019	1	SNRPA	c14
0.0151340885478036	-0.600324218825209	0.015	0.023	1	ZC3HAV1	c14
0.0145224174102098	-0.600050488620254	0.014	0.023	1	BCLAF1	c14
0.00013296229744253	-0.599835626003	0.039	0.059	1	CD96	c14
0.0253123339815742	0.599313787606808	0.016	0.011	1	EIF5B	c14
0.010273467714992	0.599190968465637	0.02	0.014	1	C19orf24	c14
0.0856846398417264	0.599001177629227	0.01	0.007	1	DIP2A	c14
0.01511082199249	0.597009879810136	0.021	0.014	1	RASGRP2	c14
0.0162303511574943	0.59464771670789	0.019	0.013	1	C6orf62	c14
0.0491797825611489	0.592941016275635	0.013	0.009	1	GRPEL1	c14
0.079583975625366	0.592941016275635	0.013	0.009	1	LINC00623	c14
0.0215287696436324	0.592594589322142	0.017	0.012	1	LOC643733	c14
0.199223973228118	0.591191499564781	0.029	0.025	1	DSTN	c14
0.0252688801665208	-0.591150906707013	0.01	0.016	1	PELO	c14
0.0128120859204631	0.590863701243026	0.02	0.014	1	SUPT4H1	c14
0.00188794600747479	-0.590389365471367	0.025	0.038	1	CACYBP	c14
0.0618275734805799	0.590171927055287	0.011	0.008	1	EDARADD	c14
0.105474239824734	0.590171927055286	0.01	0.007	1	DDA1	c14
0.101821795112517	0.588789373005167	0.01	0.007	1	CHTOP	c14
0.0326102315639377	0.588659826465244	0.015	0.01	1	PLK3	c14
0.084340047687838	-0.588486956653591	0.006	0.01	1	TNFSF8	c14
0.0547116458558857	0.586948026181	0.013	0.009	1	MAP2K3	c14
8.72931206434224e-05	0.586365748761975	0.046	0.031	1	TMBIM4	c14
0.00180755383656699	0.586117219915086	0.03	0.02	1	ATF4	c14
0.0010902102565912	0.585160078200406	0.038	0.026	1	DGCR6L	c14
0.0291370007340809	0.584967662052759	0.018	0.013	1	SNHG16	c14
0.00416795810365776	0.584856347285458	0.029	0.02	1	TCEB1	c14
0.0243196106390699	0.584649642644242	0.017	0.011	1	VPS37B	c14
0.0905896108419717	-0.583967497127129	0.006	0.01	1	UPF2	c14
0.00166829111300652	0.583080699865578	0.037	0.026	1	DNAJB6	c14
0.0102219355011047	0.58180472290504	0.022	0.015	1	NOL7	c14
0.035289943564614	0.581423723315959	0.015	0.011	1	BOLA3	c14
0.000969833554636503	0.581334771999909	0.035	0.024	1	ATP5C1	c14
8.96315308973866e-05	-0.581050912276233	0.043	0.064	1	CD53	c14
0.0504322679642313	0.580521757021567	0.014	0.01	1	RNF138	c14
0.0338012721815281	0.580521757021566	0.015	0.011	1	RELB	c14
0.0318101884221199	0.579647661241487	0.016	0.011	1	RASSF7	c14
0.0281682399691458	0.578050682981719	0.017	0.012	1	EMC6	c14
0.0110721453015195	0.575912503768977	0.024	0.017	1	GSDMD	c14
0.113115021837228	0.575036217937837	0.01	0.007	1	GTF2E2	c14
0.00317993201166327	0.573691263852298	0.029	0.02	1	TMEM256	c14
0.0973374256567202	0.573014220352626	0.011	0.008	1	HBP1	c14
0.104903887356235	0.572673895198881	0.01	0.007	1	SIAH2	c14
0.0303713422555659	-0.572635031039853	0.012	0.018	1	BTN3A2	c14
0.0870743981745345	0.570606288156484	0.013	0.01	1	HCFC1R1	c14
0.0854658467020145	-0.568303910882459	0.007	0.011	1	PHTF2	c14
0.00261113513343935	0.568275496397352	0.03	0.02	1	CMTM7	c14
0.01409653483556	0.566166464044496	0.021	0.015	1	BTF3L4	c14
7.84529930693128e-05	0.563481853723103	0.05	0.034	1	DYNLT1	c14
0.000948147344605515	-0.56181627013278	0.032	0.048	1	EIF4B	c14
0.000503029404277676	-0.561528555997278	0.035	0.053	1	SEPT7	c14
0.000221280307868636	0.561412934073862	0.044	0.03	1	MZT2A	c14
9.02130864274686e-05	0.560863948430194	0.058	0.04	1	RHOC	c14
0.119106406689195	0.560057654461851	0.01	0.007	1	CARS	c14
0.00112010069749997	-0.558471384868855	0.018	0.031	1	CD40LG	c14
0.0794608672147034	-0.557801247034917	0.007	0.012	1	SDHC	c14
0.0210222612814904	-0.55655862695678	0.015	0.023	1	RBL2	c14
0.0364628190680462	0.555999437887498	0.017	0.012	1	UTRN	c14
0.00421842659697738	0.555312734537444	0.029	0.02	1	RNF166	c14
0.0581019069766786	-0.555013112739623	0.009	0.015	1	U2SURP	c14
0.143758680829552	0.554217432669658	0.011	0.008	1	RAB4A	c14
0.00671612515746653	0.554049545660376	0.026	0.018	1	FMNL1	c14
0.145444274845749	0.553131758990062	0.011	0.008	1	AHR	c14
0.0166084681646673	0.552595660347316	0.021	0.015	1	EIF2S2	c14
0.134804580248082	0.551952604824796	0.01	0.007	1	VMA21	c14
0.0441434073393687	-0.551268115533975	0.011	0.017	1	ACP1	c14
0.0830417160068558	-0.550409112804882	0.007	0.012	1	SLFN5	c14
0.0578668756345522	0.550067960479852	0.014	0.01	1	EIF3J	c14
0.0546947191766832	0.549126560746032	0.014	0.01	1	MRPS31	c14
0.0120052761745574	0.548812897294229	0.026	0.018	1	RAB5C	c14
0.212626042723546	0.548562015624022	0.011	0.008	1	ADRB2	c14
0.131570647614166	0.547917091589639	0.01	0.007	1	MPLKIP	c14
0.017916351913307	-0.547305707379327	0.016	0.025	1	MGAT4A	c14
0.0853532956965248	0.546522809025491	0.012	0.009	1	ORMDL2	c14
0.108573185213863	0.546111726235735	0.013	0.01	1	PRDX3	c14
0.101481884402339	0.546071247144786	0.011	0.008	1	CREBRF	c14
0.0267094544467261	0.545439297866121	0.019	0.013	1	PITHD1	c14
0.0867318979622651	0.545439297866121	0.012	0.009	1	LSM10	c14
0.00709851457173203	-0.545244327906205	0.022	0.033	1	CLEC2D	c14
0.00651255309349883	0.545111121744762	0.031	0.022	1	SELM	c14
0.00970186931949699	0.545021318131854	0.027	0.019	1	GPS2	c14
0.00206640606234741	-0.544966940380031	0.027	0.041	1	OXNAD1	c14
0.000323154602958467	0.54428304790807	0.05	0.035	1	RNASET2	c14
0.00391849694384001	0.543656463269705	0.033	0.023	1	C19orf66	c14
0.0208584413017192	0.543425625907006	0.021	0.015	1	SERINC1	c14
0.118714639412655	0.542888522396559	0.013	0.01	1	NDUFS2	c14
6.8621576169723e-05	-0.542346582353595	0.054	0.078	1	BATF	c14
0.0043364587129224	0.540865556669776	0.03	0.021	1	LAPTM4A	c14
0.0315015131333409	0.540090708271492	0.018	0.013	1	DYNC1H1	c14
0.158779559801034	0.539559209243069	0.011	0.009	1	ECHS1	c14
0.000471871693981713	0.53909591211869	0.045	0.031	1	MZT2B	c14
0.000342350080509258	-0.537327890485811	0.042	0.061	1	RBM39	c14
0.106983203348962	0.537053728445458	0.015	0.012	1	LMO4	c14
0.074881349453551	0.536877284362697	0.013	0.01	1	MVP	c14
0.090288172506136	0.536800379592249	0.012	0.009	1	NR1H2	c14
0.00132880007385892	0.536359414519727	0.04	0.028	1	MEAF6	c14
0.160638415498981	0.536321953111032	0.012	0.009	1	PPP1R14B	c14
0.000490619983874067	0.53467461339296	0.041	0.028	1	BHLHE40	c14
0.13628403905313	0.532793026541341	0.01	0.008	1	NT5C3A	c14
0.0752470784894722	0.53161215654062	0.014	0.01	1	CDC26	c14
0.0747658464783594	-0.531212451868725	0.009	0.014	1	SYNE1	c14
0.127223045115629	0.531194044657998	0.011	0.008	1	ATXN10	c14
0.190593574588985	0.531194044657998	0.01	0.008	1	ADI1	c14
0.0271851664970835	0.530041295508997	0.02	0.014	1	FKBP2	c14
0.105655147813647	-0.529618727897756	0.007	0.011	1	ABLIM1	c14
0.0190377073274289	0.529376666663033	0.022	0.016	1	DNAJA2	c14
0.000957536104683253	-0.529294654208318	0.031	0.047	1	SEPT6	c14
0.0229478723295349	0.527907130858145	0.023	0.017	1	LINC00869	c14
0.014286110511616	0.527677858701781	0.025	0.018	1	LOC100996919	c14
0.0380330169976646	0.525438691651491	0.018	0.013	1	C6orf1	c14
0.000204320625808691	-0.524457500033711	0.111	0.137	1	GZMK	c14
0.0543860377179007	0.5239382286552	0.016	0.012	1	CAMLG	c14
0.0794151452327281	0.5239382286552	0.014	0.01	1	TMEM167A	c14
0.0106112090169799	0.523459960777162	0.028	0.02	1	PRMT9	c14
0.00122186839704541	0.521934021283709	0.04	0.028	1	H2AFX	c14
0.0941884716924255	0.521884569887225	0.013	0.009	1	MZT1	c14
0.00120605157886787	0.521389296824504	0.042	0.03	1	NAA38	c14
0.0025615557102492	-0.521149660873339	0.03	0.044	1	APOBEC3G	c14
0.157896281447461	0.519980215086516	0.01	0.007	1	AP1M1	c14
0.0993595739096414	-0.519614914263884	0.007	0.011	1	TBX21	c14
0.000134840796884854	0.519609707433693	0.062	0.044	1	PSMB10	c14
0.0279994632171125	0.51932160058483	0.02	0.014	1	CMC2	c14
0.0459978678814523	0.51932160058483	0.02	0.015	1	LAMTOR5	c14
0.121645364714741	0.51932160058483	0.011	0.008	1	COQ4	c14
0.0607021319269795	0.518065079929797	0.016	0.011	1	RTN4	c14
0.017630233362224	0.517369849643347	0.028	0.02	1	LINC00116	c14
0.115374522203631	0.517294955024585	0.012	0.009	1	LAIR1	c14
0.0843637886671405	0.51725686356355	0.014	0.01	1	RTFDC1	c14
0.000111322710631184	0.516728808273664	0.058	0.041	1	CCDC85B	c14
0.056489778398977	0.516612822017953	0.016	0.012	1	GTF2A2	c14
8.5471815615661e-05	0.516558698289601	0.059	0.041	1	FLNA	c14
0.0019679446196414	0.516391419601851	0.042	0.03	1	SNHG1	c14
0.133573815886735	0.514402866508397	0.013	0.01	1	NUDT16L1	c14
0.151766011630316	0.513884563991276	0.01	0.008	1	PREX1	c14
0.173080215245555	0.512247818132174	0.012	0.009	1	LUC7L2	c14
0.027007668652391	0.511382056788106	0.021	0.015	1	MLF2	c14
0.00127496988366961	0.510940888126326	0.042	0.029	1	ARRB2	c14
0.00420463245748964	-0.510873428990133	0.023	0.035	1	EMB	c14
0.0427712481432009	0.510855765841681	0.018	0.013	1	GRAMD1A	c14
0.0299655427087972	0.510786861003894	0.02	0.015	1	VIM-AS1	c14
0.119805816748056	0.510682131952932	0.012	0.009	1	SPAG7	c14
0.0232077366113102	-0.510489181485918	0.021	0.029	1	MAPRE2	c14
0.0142465381238501	0.510391696817251	0.026	0.018	1	PPP1CB	c14
0.00874549453614982	0.508759087721475	0.029	0.021	1	PFDN2	c14
0.0248850894038676	0.50834137360418	0.022	0.016	1	GRB2	c14
0.102120776997907	-0.508338174368557	0.008	0.012	1	PDLIM2	c14
0.00109503330361087	0.508098315235368	0.049	0.036	1	CKS2	c14
0.025655431051066	0.507709766863313	0.024	0.018	1	ZNF428	c14
0.000368690739117122	-0.507558147985352	0.042	0.061	1	ETS1	c14
0.0615544632259543	0.506701523729896	0.019	0.014	1	GYG1	c14
0.135122967916883	0.506701523729896	0.011	0.008	1	NFKB2	c14
0.0644611311068	0.506390027444352	0.016	0.011	1	ABCD4	c14
0.0729333255894717	0.50584507072707	0.015	0.011	1	SARNP	c14
0.158737907940486	0.505144714427116	0.01	0.008	1	PRKCB	c14
0.0229246439500362	0.504418777935776	0.023	0.017	1	SNX6	c14
0.10072133776664	-0.503542507766908	0.008	0.012	1	CASP8	c14
0.00258223241406232	0.503278758089107	0.037	0.026	1	LOC642441	c14
0.139146108347991	0.503278758089107	0.011	0.008	1	SNRNP40	c14
0.113540019477592	0.503278758089106	0.015	0.011	1	FAM96A	c14
0.00675976157623716	0.502692812758819	0.034	0.024	1	LRRFIP1	c14
0.0683371389359443	0.50224315755588	0.016	0.012	1	RNF126	c14
0.00245156832021478	-0.501619768645053	0.039	0.055	1	HSPH1	c14
0.111752819988306	0.501507182515872	0.013	0.009	1	CWC15	c14
0.000466475510369813	-0.500997675387718	0.044	0.063	1	GIMAP4	c14
0.010692113231956	0.500012389409719	0.033	0.024	1	DNAJB9	c14
0.119572006581258	0.499864093676341	0.015	0.011	1	CHMP5	c14
0.17035815743804	0.499052268185959	0.01	0.007	1	DNM2	c14
0.0728951417077302	0.497282596654147	0.016	0.012	1	SBDSP1	c14
0.139205523625688	0.496457492233093	0.011	0.008	1	CHD3	c14
0.0635251991987018	0.496457492233092	0.017	0.012	1	CCT8	c14
0.154688536203076	0.496457492233092	0.011	0.008	1	MRPS26	c14
0.113579859363065	-0.495866311491275	0.007	0.011	1	RALGAPA1	c14
0.183289814081937	0.49516185223502	0.01	0.007	1	B4GALT3	c14
0.188630060863548	0.492574057745864	0.01	0.007	1	MKRN1	c14
0.00195435774129392	0.492229368927861	0.044	0.032	1	MRPL41	c14
0.0739778682245122	0.491516750962822	0.016	0.012	1	TAOK3	c14
0.00392318993704161	-0.49104480067068	0.034	0.048	1	C12orf75	c14
0.000295354369974061	-0.490838755720299	0.048	0.069	1	ARL6IP5	c14
0.161508248006437	0.490552060160653	0.011	0.008	1	PJA2	c14
0.0287213445814976	0.490100724308109	0.023	0.017	1	C19orf10	c14
0.0462790786542855	-0.489393701579682	0.014	0.02	1	PRKACB	c14
0.185993945778181	0.488701048598657	0.01	0.007	1	CDC123	c14
0.0273402445916064	0.487976015478002	0.023	0.017	1	TALDO1	c14
0.000230459643135154	0.487874829005544	0.057	0.04	1	CARD16	c14
0.0550882267663651	0.487656071701682	0.018	0.013	1	TNFRSF25	c14
0.00144917574336288	-0.486537215003364	0.043	0.06	1	ZNF683	c14
0.00021105362550781	0.486410828785013	0.065	0.047	1	CD63	c14
0.104217864641741	0.486169185779453	0.014	0.01	1	JOSD2	c14
0.0731891087217476	-0.48464642832317	0.014	0.019	1	PTTG1	c14
0.0358771562425413	0.483810115949889	0.022	0.016	1	SYPL1	c14
0.226880303375775	0.483497302626701	0.01	0.008	1	NSUN6	c14
0.00164069730371108	-0.483396959529058	0.041	0.057	1	GIMAP7	c14
0.0307036669171835	-0.48320384058882	0.014	0.021	1	SLC38A1	c14
0.0184575000121138	0.482656584119974	0.026	0.019	1	JMJD1C	c14
0.0661462331338962	0.481413612008643	0.017	0.013	1	PITPNC1	c14
0.167366164484794	0.481153362158403	0.011	0.008	1	ATP6AP1	c14
5.36070417376507e-05	0.480524494907799	0.082	0.06	1	SELK	c14
0.125406996751328	-0.479525626648373	0.007	0.011	1	DIAPH1	c14
0.0247706613309475	0.479478171087869	0.025	0.018	1	VDAC1	c14
0.0144218125416673	0.47842356940283	0.029	0.021	1	GDI2	c14
0.00662440402615742	0.478160039391889	0.033	0.024	1	SNHG7	c14
0.00346189754521055	0.477428264057464	0.04	0.029	1	PRDX6	c14
0.000174606698868878	0.477420304382643	0.062	0.044	1	ARF5	c14
0.0274127248580716	0.4763071061748	0.026	0.019	1	TGIF1	c14
0.0550282715684307	0.475514232260593	0.019	0.014	1	NRBP1	c14
0.000170018783519526	0.474508519399447	0.052	0.036	1	BRE-AS1	c14
0.135118026912857	0.474446461326919	0.013	0.01	1	DPY30	c14
0.277148767770109	0.474269167256072	0.012	0.01	1	PPP1R11	c14
0.00385892335902782	0.47417343751642	0.039	0.028	1	MRPL33	c14
0.0659244292833355	0.47382938035716	0.018	0.013	1	FAM50A	c14
0.152926754703253	0.472700001108713	0.012	0.009	1	TIMM17B	c14
0.0503798757099064	0.47252961795158	0.021	0.015	1	TUBA1C	c14
0.176977131326124	0.471815497579066	0.011	0.008	1	SDF2	c14
0.00577920101044597	0.470794281179668	0.04	0.029	1	UBE2B	c14
0.18311939755084	0.470652502722947	0.011	0.008	1	TAF11	c14
0.00179719902620046	0.470559503622749	0.049	0.036	1	ARPC5	c14
0.312837075418977	0.470518371317485	0.011	0.009	1	HMGA1	c14
0.0742504828272423	0.47023276265326	0.017	0.013	1	PUF60	c14
0.150002454324608	-0.469109010703034	0.006	0.01	1	EAPP	c14
0.0821523100107938	-0.468805955342002	0.011	0.016	1	RASA2	c14
0.130594233242933	0.468536596637159	0.013	0.01	1	NDUFA10	c14
0.0141821012269379	0.468198285978696	0.03	0.022	1	RPS19BP1	c14
0.132350732140932	0.467583378868164	0.013	0.01	1	ARL4D	c14
0.0257857001509405	0.46718912808026	0.028	0.021	1	HNRNPH1	c14
0.00099963213555328	0.467157873322932	0.051	0.037	1	NDUFB10	c14
0.197886859398682	0.467063707238283	0.01	0.008	1	CIAO1	c14
0.0324753995358432	0.466710148839041	0.023	0.017	1	C20orf24	c14
0.00106261271099295	-0.466213089028153	0.051	0.07	1	LINC00152	c14
0.173094580921382	0.466154732069567	0.011	0.009	1	STAG2	c14
0.135061241307717	-0.4653512912628	0.012	0.017	1	XIST	c14
0.17660761636602	0.465044539601631	0.011	0.009	1	ARL5A	c14
0.0534788397553825	0.46441052726847	0.02	0.015	1	NDUFAB1	c14
0.000106176264480827	0.46335445882157	0.062	0.044	1	DDIT3	c14
0.116458560806664	0.463270006732282	0.014	0.011	1	PCIF1	c14
0.260403234599431	0.462826714351813	0.011	0.009	1	SAT2	c14
0.131515685799521	0.462826714351812	0.013	0.01	1	MANF	c14
0.0916279221764111	-0.460370673625334	0.007	0.011	1	SF3A1	c14
0.0036634123913356	0.459196845499649	0.037	0.026	1	ODC1	c14
0.156643778300879	-0.459118007886403	0.006	0.01	1	C11orf73	c14
0.0895498611187234	-0.458464011120543	0.011	0.016	1	NCOR1	c14
0.0115080714157802	0.456855560567747	0.038	0.029	1	IFI27L2	c14
0.0444475263696304	0.456795371784455	0.021	0.016	1	FAM173A	c14
0.0293294153897634	-0.456442013535331	0.02	0.028	1	PRPF38B	c14
0.000109835228600016	0.456280132680554	0.073	0.053	1	JUND	c14
0.063281320849606	0.456193622019365	0.019	0.014	1	MEA1	c14
0.00825094789233002	-0.455813638263892	0.043	0.057	1	TIGIT	c14
0.00157511702418297	0.455399696451743	0.049	0.036	1	FAM96B	c14
0.142355436161282	0.455248522057044	0.013	0.01	1	PQBP1	c14
0.244247635916754	0.455175847697867	0.012	0.009	1	OSER1	c14
0.00758950995065028	-0.454675572268172	0.032	0.045	1	PARP8	c14
0.0788066053446653	-0.453276451428499	0.013	0.018	1	TMC8	c14
0.144092896680253	0.452306001663978	0.016	0.012	1	NUDT22	c14
0.01532167921413	0.452063372874639	0.031	0.023	1	SNRNP70	c14
0.189969555592189	0.451788442899364	0.011	0.009	1	EIF4E2	c14
0.0137948981796881	-0.450771389453219	0.036	0.048	1	RNA45S5	c14
0.076196285476856	0.450030130627005	0.021	0.016	1	PHF1	c14
0.0964055529133293	0.449779118005077	0.017	0.013	1	RHEB	c14
0.0605073059115415	0.449590887195119	0.023	0.017	1	A1BG	c14
0.179702406891351	0.449151777454736	0.014	0.011	1	NENF	c14
0.000518284862319126	0.44900186814825	0.061	0.044	1	C14orf2	c14
0.144713198040218	0.448859111860692	0.013	0.01	1	ATHL1	c14
0.227385791102506	0.448023251442821	0.01	0.008	1	MED29	c14
0.0299243540375723	0.447709928596354	0.027	0.02	1	MAF	c14
0.00042934118000518	0.447370726729682	0.076	0.057	1	PKM	c14
0.173012201927236	0.447059398493495	0.012	0.009	1	TIMM13	c14
0.00122364041849099	-0.44674786494992	0.048	0.066	1	MBNL1	c14
0.00701504237243179	0.446377245361546	0.041	0.03	1	TNFRSF1B	c14
0.00589711872737854	0.446179106792148	0.051	0.039	1	PEBP1	c14
0.185394616829871	0.446169370398204	0.012	0.009	1	MRPS18B	c14
0.0686849412799728	0.445579609960219	0.02	0.015	1	RNF187	c14
0.236499311672451	0.44551857192328	0.01	0.008	1	WDR74	c14
0.0619795781436576	0.444658591652888	0.023	0.017	1	ICAM2	c14
0.043597812283763	-0.44460283713405	0.018	0.025	1	ELOVL5	c14
0.121108660262508	-0.444507037469956	0.009	0.013	1	CDC25B	c14
0.0825061970713135	-0.444234342064004	0.012	0.018	1	TMEM243	c14
0.0498313988665248	0.443576443780004	0.023	0.017	1	M6PR	c14
0.112851140841254	0.443018233271633	0.016	0.012	1	C17orf89	c14
0.074361729675722	0.443018233271632	0.019	0.014	1	LSM6	c14
0.0938162584420753	0.443018233271632	0.017	0.013	1	SP110	c14
0.140182211280794	0.443018233271632	0.014	0.011	1	ITGB2-AS1	c14
0.241146118153982	0.443018233271632	0.01	0.008	1	UNC119	c14
0.15313417307556	-0.442733595278737	0.007	0.011	1	FAM129A	c14
0.00483871620634957	-0.442685634139758	0.036	0.049	1	FYN	c14
0.000566785183399814	0.442001892940139	0.063	0.047	1	NHP2L1	c14
0.102392974656489	0.441476068463227	0.016	0.012	1	MFNG	c14
0.133767304691557	-0.440957970388885	0.008	0.012	1	CCT3	c14
0.0961888747594798	0.440833986009756	0.017	0.013	1	TMX1	c14
0.165307739297763	0.440833986009756	0.011	0.009	1	NACAP1	c14
0.00427090111883304	-0.440298419143405	0.046	0.062	1	ND6	c14
0.0023162944673131	0.440286334562541	0.11	0.092	1	ISG20	c14
0.00178580547518454	-0.439835396055845	0.046	0.063	1	RHOH	c14
0.0709972303053866	-0.4397321269632	0.014	0.02	1	RCSD1	c14
0.0144006254840867	0.439477875566383	0.036	0.027	1	DCXR	c14
0.0224124917208024	-0.439219688186172	0.021	0.03	1	DDX17	c14
8.94274411497992e-05	0.438191143729866	0.1	0.077	1	RPL21P28	c14
0.136325191109188	0.437950212693753	0.015	0.011	1	SUMO1P3	c14
0.0271165206050589	0.43715085914918	0.028	0.021	1	POLR2K	c14
0.0261906195106683	-0.437036614362738	0.024	0.033	1	CBLB	c14
0.119380117991852	0.436673220115611	0.016	0.012	1	SH3BP1	c14
0.228924071083191	0.435882051990003	0.01	0.008	1	CDV3	c14
0.228950845840503	0.435882051990003	0.01	0.008	1	B4GALT1	c14
0.10231241054008	0.435025442518102	0.017	0.013	1	ETFB	c14
0.0433753956366979	0.434648695420522	0.024	0.018	1	NXT1	c14
0.189079969631434	0.434301016170523	0.01	0.007	1	MID1IP1	c14
0.118681413628103	0.434301016170522	0.018	0.014	1	SRRT	c14
0.184399337153815	0.431963044762636	0.012	0.01	1	AKR1A1	c14
0.0159948463565699	0.431281245228348	0.034	0.025	1	P4HB	c14
0.0805635737690905	0.430279121440954	0.02	0.015	1	METTL9	c14
0.129855004588519	-0.430258081731676	0.009	0.013	1	TOX	c14
0.0391975828783997	0.429962080446185	0.026	0.02	1	STRAP	c14
0.157936096994421	0.429513968921884	0.014	0.011	1	DUSP23	c14
0.00419692529152093	-0.4293870351572	0.035	0.049	1	YWHAQ	c14
0.113911845352662	0.42919773868479	0.016	0.012	1	MMP24-AS1	c14
0.00517625470612284	0.428962638050212	0.045	0.033	1	UBE2I	c14
0.0990959803587807	0.428724777590852	0.02	0.015	1	MYLIP	c14
9.91630032164562e-05	0.42870987679514	0.081	0.061	1	HNRNPA1P10	c14
0.00122058347685007	0.428078213247683	0.064	0.048	1	C4orf3	c14
0.0168258095968672	0.428057075013664	0.036	0.027	1	STAT1	c14
0.184236328126058	0.427557187339072	0.013	0.01	1	ZNF394	c14
7.1955500933413e-05	0.427299829629385	0.101	0.078	1	RPS18P9	c14
0.00316544145006066	0.427256857375482	0.022	0.014	1	CCL3L1	c14
0.170049757094556	0.427179639774859	0.013	0.01	1	RAB10	c14
0.123213867651915	0.426907140096869	0.016	0.013	1	PTBP1	c14
0.136716452408133	-0.426673744382637	0.009	0.013	1	GABPB1-AS1	c14
0.000269493809959139	0.425636155043395	0.074	0.055	1	ENO1	c14
0.00572244232871983	0.425279956031429	0.047	0.036	1	MINOS1	c14
0.158959215216339	0.425040492342577	0.014	0.011	1	SLC7A5	c14
0.00114451880952095	-0.424878230721023	0.055	0.074	1	GLTSCR2	c14
0.0124649872198222	0.424402555104285	0.038	0.028	1	SEC11A	c14
0.0107367917361976	0.424215265081837	0.039	0.029	1	VAPA	c14
0.112039473148817	0.424197057626423	0.017	0.013	1	POLE4	c14
0.0700193037790533	0.424112449525007	0.024	0.019	1	PIN1	c14
6.62273865570729e-05	0.423562068601696	0.071	0.051	1	SOCS3	c14
0.0185300433429774	0.423559941409025	0.038	0.029	1	C4orf48	c14
0.348376185065788	-0.423168226825331	0.04	0.044	1	TUBB	c14
0.0604944802056748	-0.422772068703476	0.017	0.023	1	EWSR1	c14
0.191206664068225	0.422689301002702	0.017	0.014	1	GADD45G	c14
0.176382837149701	0.422554130711917	0.013	0.01	1	ZRSR2	c14
0.0250260523133592	0.422265528210225	0.031	0.024	1	ACTR2	c14
0.0695997710663073	0.421938515152804	0.02	0.015	1	IFNGR1	c14
0.180989929490779	0.421801747361936	0.013	0.01	1	EFHD2	c14
0.244574546099235	0.421510415731001	0.011	0.009	1	OXA1L	c14
0.212728602779143	0.421150910361364	0.012	0.009	1	HPCAL1	c14
0.0178647843867959	0.420964327438243	0.035	0.026	1	LYST	c14
0.158719104750391	-0.420326637616754	0.008	0.011	1	SPTAN1	c14
0.0402724813700229	0.420305608727989	0.027	0.02	1	SNX3	c14
0.0311231459364964	-0.419868107874979	0.017	0.024	1	CFLAR	c14
0.101985994673034	0.419737409435723	0.018	0.014	1	PPM1G	c14
0.01348943557406	0.41953862265747	0.04	0.03	1	ANAPC11	c14
0.152161400060309	0.419518318022997	0.015	0.011	1	EMC4	c14
0.139036088866798	0.419440274744383	0.015	0.012	1	TXNL4A	c14
0.0619751182457135	0.4192172381516	0.023	0.017	1	H3F3A	c14
0.06377301318665	0.4192172381516	0.023	0.017	1	SURF4	c14
0.0131437301816884	-0.418603617282722	0.032	0.044	1	SKAP1	c14
0.0336493664969555	0.417911657375893	0.028	0.021	1	TCIRG1	c14
0.131590047249078	0.417023024738688	0.016	0.013	1	PTPN2	c14
0.273516655844049	0.417023024738687	0.01	0.008	1	MGMT	c14
0.00508734919997886	-0.416429334021321	0.043	0.058	1	PRDM1	c14
0.154845713639322	-0.416268686502543	0.008	0.012	1	CENPC	c14
0.138106742508487	0.416242556750549	0.016	0.012	1	PSMD9	c14
0.146002677407033	0.416164533168642	0.014	0.011	1	TRAF1	c14
0.209589500839348	0.416032502872871	0.012	0.01	1	NUTM2B-AS1	c14
0.419247291673842	0.416032502872871	0.011	0.01	1	SHKBP1	c14
0.00238886713529997	0.415735478878227	0.049	0.036	1	FAM177A1	c14
0.120466987044145	0.415508384136689	0.016	0.013	1	CDK5RAP3	c14
0.196913563334921	0.415115958974028	0.013	0.01	1	DCTN2	c14
0.0290272657780336	0.414979836405555	0.031	0.023	1	TUFM	c14
0.213345745870951	0.414053497019492	0.012	0.01	1	GRSF1	c14
0.0520038287126936	-0.413415510431958	0.03	0.039	1	PMAIP1	c14
0.0776682865930379	-0.413152604729019	0.015	0.021	1	CAPZA1	c14
0.106300657592192	0.412960999415452	0.018	0.014	1	MTCH1	c14
0.200454754912316	0.412260078712727	0.013	0.01	1	CYC1	c14
0.029632349042087	-0.412246673747357	0.028	0.037	1	MYADM	c14
0.0149525971658445	0.411309373544293	0.043	0.033	1	UBE2L6	c14
0.135626320887815	-0.411210626994833	0.01	0.014	1	PPP1R12A	c14
0.0500363847101347	0.411090068984946	0.025	0.019	1	TSEN54	c14
0.000969491856518501	-0.411057704633673	0.06	0.08	1	SSR2	c14
0.000235850688357739	0.410665703226327	0.089	0.069	1	SERP1	c14
0.334506443484279	0.410596755579254	0.011	0.009	1	TMEM259	c14
0.16960316591588	0.410169353697625	0.014	0.011	1	CSNK1D	c14
0.176367603412222	-0.409525462552228	0.007	0.011	1	RBM34	c14
0.0224416673889267	-0.408298443848365	0.027	0.037	1	FAIM3	c14
0.115169211989259	-0.407778392851831	0.012	0.017	1	ERN1	c14
0.181398349850784	0.407284021538419	0.014	0.011	1	GLS	c14
0.0200978303505607	0.407120159848154	0.034	0.026	1	TPM4	c14
0.00327697361698445	-0.406709042355389	0.048	0.064	1	CD27	c14
0.0984588397365184	-0.405499032185583	0.013	0.018	1	PPIG	c14
0.0862201211540075	0.405415422093044	0.02	0.016	1	PPA1	c14
0.000426501924273583	0.40500726219982	0.077	0.059	1	PRR13	c14
0.162835662138697	0.404997155931691	0.015	0.012	1	SNRPC	c14
0.00668699615343139	-0.404584763372096	0.032	0.044	1	ICOS	c14
0.000333965571322869	-0.40417165579368	0.121	0.148	1	ANXA1	c14
0.0489336514319657	0.403966871913241	0.027	0.021	1	LAMP1	c14
0.0191611071552635	0.403844383164894	0.035	0.027	1	PTPN6	c14
0.0397034846577245	0.403348087841611	0.026	0.019	1	ID3	c14
0.00402397368019521	0.402072683272716	0.034	0.024	1	TNFSF9	c14
0.0695794603479149	0.402072683272716	0.023	0.018	1	ANKRD10	c14
0.00966795452693579	0.401879538478145	0.043	0.033	1	EMD	c14
0.0342800982108492	-0.401795671350373	0.027	0.036	1	KLRG1	c14
0.167538812962107	-0.400925017790074	0.008	0.012	1	CCSER2	c14
0.134182593622948	0.400656888222008	0.017	0.014	1	MDH1	c14
0.15284284576543	-0.400600232772744	0.009	0.013	1	PNN	c14
0.0842872351458979	-0.400417509063946	0.015	0.021	1	ARID4B	c14
0.0179337612306794	0.400172856072643	0.037	0.028	1	MYEOV2	c14
0.165968874864416	0.400172856072643	0.018	0.014	1	JMJD6	c14
0.00283321815322862	0.399816916826012	0.062	0.048	1	VPS28	c14
0.0290209377075126	0.399816916826011	0.031	0.024	1	ARID5A	c14
0.032931080854226	0.399545451710142	0.031	0.024	1	HN1	c14
0.169002634193202	-0.399300361040803	0.008	0.012	1	CAPN2	c14
0.265914456238061	0.399211748622227	0.011	0.009	1	TNIP2	c14
0.194164234389093	0.397829459505377	0.013	0.01	1	TMEM208	c14
0.00618316232822315	0.397619953242566	0.115	0.098	1	LY6E	c14
0.537646413158339	0.397000721306873	0.01	0.009	1	LIX1L	c14
0.12095253511243	-0.3966790040848	0.04	0.047	1	HMGB2	c14
0.110307323528916	-0.396627303850396	0.013	0.018	1	LEF1	c14
0.0500276201935145	0.396468212314383	0.027	0.021	1	NHP2	c14
0.163895701382725	0.396241462602184	0.015	0.012	1	MRPL55	c14
0.0730145639441331	0.396144295062771	0.024	0.018	1	MAF1	c14
0.0193836181562104	0.395881759509469	0.037	0.028	1	SLC3A2	c14
0.191331052382574	0.395712518493275	0.014	0.011	1	TMEM9B	c14
0.028025299834053	0.395274918255082	0.041	0.033	1	FKBP5	c14
0.22628546165715	0.395242508702219	0.013	0.01	1	PSMC3	c14
0.313408444038909	0.395108248310247	0.01	0.008	1	DERL2	c14
0.290304454431624	0.394943491267768	0.01	0.008	1	FASTK	c14
0.261211072841777	0.394655211710233	0.011	0.009	1	ZNHIT3	c14
0.247972533656639	0.394528386951601	0.012	0.009	1	COA1	c14
0.134513079881079	0.394226794471483	0.018	0.014	1	NDUFB6	c14
0.191344757396756	0.394021199377072	0.014	0.011	1	ANP32E	c14
0.313419214656713	0.393900466706941	0.01	0.008	1	TMEM141	c14
0.0599159027096843	0.393148588977086	0.029	0.023	1	RBCK1	c14
0.111635819392731	-0.392433419964204	0.013	0.018	1	NDUFA12	c14
0.0557078026143027	0.392392160201664	0.027	0.021	1	PSMA5	c14
0.0308427811339967	-0.392391419497211	0.024	0.032	1	TMEM123	c14
5.34567064438384e-05	0.392191171758752	0.121	0.094	1	SLC25A6	c14
0.0478919790031766	0.391916986921965	0.029	0.022	1	PSMA6	c14
0.132533238060813	0.390822022146204	0.018	0.014	1	GRK6	c14
0.00263895140374656	0.390775138624516	0.068	0.053	1	DBI	c14
0.311687066903609	0.390283176786266	0.01	0.008	1	UBL3	c14
0.00013097591754548	0.389958345118732	0.104	0.081	1	TPM3	c14
0.00923757465967055	0.389751986519871	0.05	0.038	1	NDUFB9	c14
0.0788550108452182	-0.389513811081578	0.017	0.023	1	APMAP	c14
0.00856366257731414	0.389380269669559	0.047	0.036	1	COX5A	c14
0.309928130315365	0.389079426160828	0.01	0.008	1	CFAP97	c14
0.00465601430630989	0.388937874449481	0.058	0.045	1	BRK1	c14
0.130952380927051	-0.388564249508374	0.012	0.016	1	PRPF4B	c14
0.0131242097863067	0.388477927281617	0.041	0.031	1	IGFLR1	c14
0.00199178991310149	-0.388472661816833	0.049	0.067	1	EIF3E	c14
0.0234325517994279	0.388161449624732	0.037	0.029	1	FAM49B	c14
0.198995578924312	-0.38756899502369	0.007	0.01	1	RSF1	c14
0.198995578924312	-0.38756899502369	0.007	0.01	1	NASP	c14
0.0744935686273351	0.3874439354752	0.024	0.019	1	SAMHD1	c14
0.138340922791329	0.387389364417929	0.018	0.014	1	SH3GLB1	c14
0.0398171974268518	0.386822786962988	0.032	0.025	1	CCDC109B	c14
0.180238001205202	0.386750013624886	0.015	0.012	1	CHD1	c14
0.206748633927058	0.386434704905264	0.014	0.011	1	SMG1	c14
5.88032605905493e-05	0.386368040521436	0.11	0.085	1	PCBP1	c14
0.0799719493109838	0.385474188863866	0.03	0.024	1	RAB11B	c14
0.213861728569282	0.385391415689576	0.014	0.011	1	XRN1	c14
0.141395280718344	0.385344438432904	0.018	0.014	1	SDHAF2	c14
0.125078955839856	0.385012629836067	0.019	0.015	1	CMTM3	c14
0.000411193768441563	0.384922181571663	0.087	0.067	1	KLF2	c14
0.124180300961686	-0.384869206048291	0.013	0.017	1	SF3A2	c14
0.00441220178372041	0.384140204493462	0.064	0.05	1	CSRNP1	c14
0.195676409311063	0.383346291154488	0.015	0.012	1	TMEM14C	c14
0.00761608797417447	0.382762165694505	0.052	0.04	1	UQCRQ	c14
0.227803109381216	0.382753122653941	0.012	0.01	1	CHN1	c14
0.262390105366764	0.382404827869111	0.012	0.009	1	SURF2	c14
0.0873202187444888	0.382100701198266	0.02	0.015	1	MYC	c14
0.104362476888345	0.381399115007966	0.022	0.017	1	NAPA	c14
0.072330199102631	-0.381327405218673	0.02	0.026	1	FKBP11	c14
0.27705306404371	0.380525151606476	0.011	0.009	1	UBALD2	c14
0.228741095442541	0.379784258130449	0.013	0.011	1	TOP1	c14
0.136304470451818	-0.379693376872569	0.012	0.016	1	FNBP4	c14
0.269724074304984	0.37938979011368	0.012	0.01	1	TXNDC12	c14
0.029342731889182	-0.37936802960428	0.03	0.04	1	TRAF3IP3	c14
0.0790014132287388	-0.379053188793637	0.018	0.024	1	RHOF	c14
0.0140946932770696	0.37903210046405	0.043	0.033	1	SH2D1A	c14
0.0672424350132265	0.378887895851916	0.026	0.02	1	TGFB1	c14
0.101227314523449	0.378342556574627	0.022	0.018	1	RPN1	c14
0.0413228880371656	-0.378011625683048	0.026	0.035	1	PNISR	c14
0.307377768096295	0.377747876005247	0.01	0.008	1	NEK7	c14
0.106068664694499	0.377494660552049	0.022	0.017	1	FERMT3	c14
0.290474958276169	0.376798547129189	0.011	0.009	1	CDK17	c14
0.0192363350541888	-0.376200703436292	0.032	0.043	1	PIK3IP1	c14
0.169150992344256	-0.375534895390836	0.01	0.013	1	WDR33	c14
0.0880107945771409	-0.374390353449895	0.018	0.024	1	NEU1	c14
0.324822692924518	0.374333211592482	0.01	0.008	1	OVCA2	c14
0.339150525004039	0.373521386102101	0.01	0.008	1	NUB1	c14
0.379802371003795	0.373378552079818	0.011	0.01	1	SMIM3	c14
0.0184990178271864	0.372830385031548	0.045	0.035	1	GNB2	c14
0.0372585051766041	0.372807357361522	0.034	0.027	1	RNF149	c14
0.243483526827827	0.372807357361522	0.016	0.013	1	SSH2	c14
0.193167156519453	0.372439662244803	0.016	0.013	1	LRP10	c14
0.14951444649518	-0.371811809348118	0.011	0.015	1	SSR1	c14
0.0565423622216481	0.37079318170605	0.033	0.026	1	CAST	c14
0.130737189738656	0.37046374799348	0.023	0.019	1	NDUFA7	c14
0.266076979395839	0.370228813259747	0.012	0.01	1	CD58	c14
0.267531890767965	0.370228813259747	0.012	0.01	1	MESDC2	c14
0.268959186489745	0.370228813259747	0.012	0.01	1	HNRNPD	c14
0.146913440863906	-0.370170602754063	0.012	0.016	1	AKAP9	c14
0.252005440085487	0.369610082263906	0.014	0.012	1	SNORD3A	c14
0.246076222313873	0.369163385960095	0.013	0.01	1	PHF5A	c14
0.23823314021448	0.368972426986834	0.014	0.011	1	TAF15	c14
0.00689666637006745	0.36895979088759	0.065	0.051	1	PRDX1	c14
0.167002562951968	-0.368758485370566	0.01	0.014	1	GOLGA7	c14
0.202992345940776	0.368730780769026	0.015	0.012	1	ST3GAL1	c14
0.0197508831532763	0.368686035910779	0.043	0.033	1	ERH	c14
0.120553582802972	-0.368577344678395	0.014	0.019	1	FGFR1OP2	c14
0.208401247642024	-0.368518735467082	0.008	0.011	1	DOCK10	c14
0.0668000628488229	0.368143556047775	0.028	0.022	1	FAM65B	c14
0.000134594082174874	0.3680627117407	0.12	0.095	1	ATP5I	c14
0.179095632956428	-0.367723089226087	0.01	0.013	1	SRSF8	c14
0.316417621348876	0.367478837764331	0.011	0.009	1	IFNAR2	c14
0.126625034325153	0.367285584305924	0.026	0.021	1	CHCHD10	c14
0.091398968757281	0.365909307573865	0.025	0.02	1	C7orf50	c14
0.0147074536855872	0.365873382422947	0.047	0.036	1	PSMB1	c14
0.179889890170595	0.365686439445104	0.017	0.013	1	NMRK1	c14
0.244150076181091	0.365665547323072	0.016	0.013	1	PTPRA	c14
0.00305964791421944	0.365188302769564	0.07	0.055	1	DRAP1	c14
0.221918201314974	0.364739633805945	0.014	0.011	1	DNAJC4	c14
0.176592876591027	0.36457804614404	0.019	0.016	1	TBCC	c14
0.0270688405814493	0.364419689433379	0.043	0.034	1	PRDX5	c14
0.0297139494317017	0.363855254746645	0.042	0.033	1	SLA	c14
0.282110246939133	0.363529719772554	0.012	0.01	1	DERL1	c14
0.289364960796269	-0.363234132338814	0.007	0.01	1	BAG3	c14
0.102035224895732	-0.363158497588691	0.017	0.022	1	ATRAID	c14
0.0123225321215726	0.362918780434779	0.049	0.038	1	RBX1	c14
0.0717609984968936	-0.36286962404535	0.022	0.029	1	PTPN22	c14
0.000403165113002915	0.36262355359547	0.077	0.058	1	KMT2E-AS1	c14
0.000157364720549189	0.361779010048268	0.117	0.092	1	COX6B1	c14
0.546068825992508	-0.361178762122858	0.059	0.056	1	CCL4L2	c14
0.352053237148774	0.361076619735456	0.013	0.011	1	STARD3	c14
0.000362341324640868	-0.360963045162151	0.184	0.214	1	ND5	c14
0.275026620727836	0.360879946701154	0.013	0.01	1	PHF11	c14
0.000169731768443024	0.360703144290438	0.106	0.083	1	RNASEK	c14
0.23064979749784	0.359689849672736	0.017	0.014	1	POLR2I	c14
0.0835057567545968	-0.359117654926206	0.02	0.026	1	PA2G4	c14
0.173172385228936	0.358563294190689	0.018	0.015	1	TOMM22	c14
0.141079301884747	-0.356952519894982	0.014	0.018	1	ZBTB20	c14
0.0632266179513338	0.356696313425862	0.033	0.027	1	PSTPIP1	c14
0.0328282811896466	0.356611508042866	0.037	0.029	1	AUP1	c14
0.121776712784787	0.355622480074544	0.022	0.018	1	R3HDM4	c14
0.142654172717387	0.355528322286682	0.027	0.022	1	MRPL54	c14
0.00383023459717744	0.354360613451235	0.07	0.055	1	ATP5G3	c14
0.332018931415835	0.353477208242987	0.011	0.009	1	SNW1	c14
0.0661766807785754	0.352252769348449	0.031	0.024	1	COX7A2L	c14
0.00738586672502196	0.351060951816077	0.059	0.046	1	HLA-G	c14
0.137913112022851	-0.351035239918373	0.014	0.019	1	ATRX	c14
0.16164853701064	0.351002193874421	0.021	0.017	1	LDLRAD4	c14
0.042463083487956	0.3503519850934	0.036	0.028	1	H2AFJ	c14
0.00668054146149061	-0.35028480055401	0.059	0.075	1	ITM2A	c14
0.165637230197672	-0.349560488308979	0.012	0.016	1	TCF7	c14
0.361359637895925	0.349536280126397	0.01	0.009	1	DGKZ	c14
0.228634018524966	-0.34863875856717	0.266	0.268	1	HSPA1B	c14
0.235527252664012	0.348628595376235	0.015	0.012	1	FAM162A	c14
0.0117760573490557	0.34850429035524	0.052	0.04	1	ZYX	c14
0.0298045907017514	0.348195900617572	0.05	0.041	1	TXN	c14
0.342547768253822	0.348127943527619	0.011	0.009	1	PEX16	c14
0.233233884200271	0.347861000231291	0.015	0.012	1	TBCD	c14
0.214835506506057	0.347568690425634	0.02	0.016	1	NONO	c14
0.0111704861919269	0.347340828947168	0.058	0.046	1	LSM7	c14
0.00478348497694319	0.34698424843227	0.075	0.06	1	NDUFA11	c14
0.232041014315424	0.346931129080255	0.016	0.013	1	NUDT21	c14
0.000294626251263792	-0.346781413919565	0.13	0.159	1	KLRB1	c14
0.117865420287076	-0.346345187141608	0.017	0.022	1	EVI2B	c14
0.535540236962011	-0.345751755777124	0.102	0.105	1	CCL4L1	c14
0.266495123907131	0.345705620237035	0.017	0.014	1	CCDC59	c14
0.256175138829117	0.345684243018425	0.015	0.012	1	FBXO7	c14
0.000120553173716591	0.344937837312101	0.149	0.121	1	EMP3	c14
0.0221404998724772	0.344917224258268	0.049	0.039	1	SFPQ	c14
0.115290876166791	0.344732187378654	0.024	0.019	1	HIF1A	c14
0.229548864489761	-0.344718148465843	0.009	0.012	1	STARD3NL	c14
0.219891223819827	0.344701880569401	0.016	0.013	1	TLE4	c14
0.291293726105098	0.344672180514004	0.012	0.01	1	MIF-AS1	c14
0.0336763647137101	0.344388808324487	0.041	0.032	1	TBCB	c14
0.11110593070035	0.3442237336599	0.028	0.023	1	AURKAIP1	c14
0.0115966767570058	0.344182217853193	0.059	0.047	1	NDUFB8	c14
0.146432293919386	-0.344053246371169	0.015	0.02	1	TPR	c14
0.335059163039144	0.343774042708049	0.011	0.009	1	TXNDC17	c14
0.0406650580932859	-0.343337164048692	0.034	0.044	1	PTGER4	c14
0.30691592514488	0.342550209714351	0.014	0.011	1	PELI1	c14
0.0866937584382159	-0.34176067963321	0.022	0.028	1	TCEA1	c14
0.0600624730005417	0.34173489743445	0.036	0.029	1	AKAP13	c14
0.29216005904024	0.34173489743445	0.013	0.011	1	FIBP	c14
0.345317080825481	0.34173489743445	0.011	0.009	1	SMARCE1	c14
0.0179280903648336	-0.340946986978341	0.046	0.059	1	NCL	c14
0.419726681467928	0.339924740307528	0.012	0.011	1	DR1	c14
0.0674159391377746	0.339911240206551	0.033	0.026	1	SELT	c14
0.0189583494318931	0.339437778117297	0.056	0.045	1	BAX	c14
0.274645524133577	0.339291721506121	0.014	0.012	1	NDUFA5	c14
0.276449289562425	0.339207547811364	0.014	0.011	1	SRA1	c14
0.207438324300332	0.339093807377147	0.018	0.014	1	RNF114	c14
0.0614146168905151	0.33886100198034	0.033	0.027	1	TMEM219	c14
0.0026840569324884	0.338285287831254	0.084	0.067	1	SAP18	c14
0.21548583977212	-0.337864477424781	0.009	0.013	1	NGRN	c14
0.0701027967599669	0.337295832267953	0.024	0.019	1	MIR155HG	c14
0.255961814642146	0.337157331327906	0.015	0.013	1	GOLPH3	c14
0.168665228270295	-0.336450209062441	0.013	0.017	1	HNRNPR	c14
0.199664545177559	-0.336204107761841	0.011	0.014	1	ACAP2	c14
0.172367732940907	-0.336022860871061	0.074	0.081	1	XCL1	c14
0.0640706031573584	-0.335709885285835	0.018	0.024	1	PRMT2	c14
0.00944113344200491	0.335393976479531	0.082	0.068	1	RPL22L1	c14
0.120155249690016	0.334830936065294	0.026	0.021	1	TMEM230	c14
0.0164785409301354	0.33454808562938	0.055	0.044	1	NME2	c14
0.342660529417118	0.333931254116385	0.012	0.01	1	MRPS36	c14
0.467156766954512	0.333931254116385	0.011	0.01	1	CEBPZ	c14
0.303855450510637	0.33389651089152	0.013	0.011	1	ILK	c14
0.31514970666818	0.33360701655105	0.013	0.011	1	ACAA1	c14
0.00262797512585995	-0.333557600456852	0.069	0.088	1	HMGN1	c14
0.286152569687701	0.33248951452702	0.014	0.011	1	AMZ2	c14
0.115385808044486	-0.332283445161481	0.017	0.023	1	PTMS	c14
0.0464722626685975	0.332171396944886	0.039	0.031	1	COX14	c14
0.115982957609104	0.332078575852004	0.026	0.021	1	C1orf86	c14
0.0560642942388061	-0.331658086305624	0.025	0.033	1	PRRC2C	c14
0.142046017712143	-0.331564489069043	0.016	0.021	1	RAD21	c14
0.331792301620511	0.331426542145647	0.012	0.01	1	DEDD2	c14
0.761115546049611	-0.331343222779489	0.325	0.314	1	HSPA1A	c14
0.211561796517656	0.331199423570273	0.018	0.015	1	VIMP	c14
0.250192567555893	-0.331113435433701	0.008	0.011	1	ODF2L	c14
0.0135298511777047	0.33095207461502	0.06	0.048	1	WDR83OS	c14
0.36641665897292	0.330570828041685	0.011	0.009	1	PPCS	c14
0.0779096929237734	-0.330506025070753	0.025	0.032	1	DYNLRB1	c14
0.0168490861411725	0.330185240922366	0.048	0.037	1	FNBP1	c14
0.12822259131386	0.329797918520754	0.025	0.02	1	VPS29	c14
0.00670182036496516	0.32964998989635	0.067	0.053	1	ATP5J2	c14
0.286878622418463	0.329560183488348	0.014	0.012	1	MRPL34	c14
0.0674153456777774	0.329203654377207	0.033	0.027	1	NME3	c14
0.291752845912104	0.329142192744909	0.014	0.011	1	UBE2J1	c14
0.00241057181830133	0.328886813562056	0.087	0.07	1	RBM8A	c14
0.357662458094599	0.328802664415607	0.015	0.013	1	RGL4	c14
0.40357136729744	0.328458469008776	0.01	0.009	1	MRPL11	c14
0.14428774028659	-0.328016691468434	0.028	0.034	1	TNFRSF18	c14
0.00726750361628742	0.327442247994072	0.069	0.055	1	BRD2	c14
0.000203214287926202	-0.327216274868759	0.114	0.143	1	EVL	c14
0.237423798150127	0.327137521221491	0.017	0.014	1	SARS	c14
0.111278230192586	-0.327090005830606	0.02	0.026	1	HSPA6	c14
0.068705405480572	-0.327075291734614	0.023	0.03	1	TERF2IP	c14
0.191797905486028	-0.326664745682828	0.012	0.016	1	CDC42EP3	c14
0.210742371553044	-0.326201559899201	0.011	0.014	1	CYLD	c14
0.11605125824451	0.325817781802531	0.027	0.022	1	RAC1	c14
0.195150334258652	0.325524670253191	0.019	0.015	1	MTHFD2	c14
0.264132050670926	0.325524670253191	0.016	0.013	1	MRPL10	c14
0.417810870822873	0.325524670253191	0.01	0.008	1	PMVK	c14
0.00856817009679642	0.325411950896865	0.07	0.056	1	NDUFB1	c14
0.142997723105931	-0.325379222651804	0.017	0.022	1	TRAT1	c14
0.315816207770636	0.325236850792708	0.013	0.011	1	POP5	c14
0.146411369976958	0.324904822750256	0.025	0.02	1	METTL12	c14
0.0328117331264067	-0.324895706613321	0.04	0.05	1	EIF3H	c14
0.342008362376445	0.324542108721723	0.019	0.016	1	COMMD7	c14
0.191693349115323	0.324373736773013	0.02	0.017	1	UBAC2	c14
0.0930659086954856	0.323606957567671	0.031	0.025	1	BCAP31	c14
0.127937362684649	0.323204236837951	0.028	0.023	1	RPL13AP5	c14
0.204017133606862	-0.323159282111061	0.011	0.015	1	LBR	c14
0.0026497192792437	0.322997495715897	0.091	0.073	1	SRSF2	c14
0.300328130272898	0.322470758702028	0.014	0.011	1	TGFBR2	c14
0.0215927696839191	0.322304367485549	0.054	0.043	1	POLD4	c14
0.243213782672051	-0.322110406110228	0.009	0.012	1	UHMK1	c14
0.25765013425733	-0.322062621301888	0.008	0.011	1	ARPP19	c14
0.12102743486674	0.322031276332721	0.026	0.021	1	PDE4D	c14
0.388297336599028	0.321675148151206	0.011	0.009	1	EMC7	c14
0.00782785190852391	-0.321659042016541	0.062	0.078	1	ANAPC16	c14
0.0563928095435827	-0.321608586666861	0.033	0.042	1	ZAP70	c14
0.395804895031946	0.32062705871834	0.011	0.009	1	IL27RA	c14
0.00530686415553187	0.320065895289549	0.069	0.054	1	SEC61B	c14
0.0763154907247942	-0.319286649870465	0.027	0.034	1	CSDE1	c14
0.185762572601888	-0.319206312692535	0.013	0.017	1	LOH12CR1	c14
0.0622475550672404	-0.319137269355877	0.031	0.039	1	ARGLU1	c14
0.0400738685729087	-0.318951367024469	0.037	0.047	1	CORO1B	c14
0.219793789569478	-0.318822029533604	0.011	0.014	1	CNIH1	c14
0.415517104715472	0.318580716182043	0.01	0.009	1	DDRGK1	c14
0.0237280213035312	-0.317919291199205	0.037	0.048	1	RPS20	c14
0.142505412002373	0.317086658214529	0.029	0.024	1	PSMB8-AS1	c14
0.116301208861533	-0.316583557337605	0.021	0.027	1	IKZF1	c14
0.0104561186262927	0.315319514505062	0.066	0.053	1	NDUFB11	c14
0.00735557777984375	0.315139008400243	0.066	0.052	1	ATP5D	c14
0.221290951640484	0.315084860972468	0.019	0.016	1	RABGGTB	c14
0.247705363455802	-0.31478086431174	0.009	0.012	1	PSMD7	c14
0.119283320982624	0.314446896867722	0.037	0.031	1	NDUFV2	c14
0.187186799160033	-0.314226727550216	0.013	0.017	1	SNRPB2	c14
0.387875946955981	-0.313147007918666	0.009	0.011	1	MAGEH1	c14
0.184871289459853	0.312686364923952	0.022	0.018	1	CHIC2	c14
0.414959757686886	0.312269641916753	0.011	0.009	1	MRPL4	c14
0.364607400961836	0.310380464693513	0.013	0.011	1	CSNK1A1	c14
0.239584147728218	-0.310341799145243	0.01	0.013	1	INPP4B	c14
0.409256279829542	0.310187830529701	0.011	0.009	1	SLBP	c14
0.252657235750354	-0.308562341576582	0.009	0.012	1	FAM102A	c14
0.214355799380585	0.308356339435644	0.02	0.017	1	CGGBP1	c14
0.179812864268993	0.308109018871911	0.022	0.018	1	ITGAL	c14
0.329690647506009	0.308071924443913	0.013	0.011	1	POLR2A	c14
0.238861608056731	-0.307712280642107	0.01	0.013	1	MYCBP2	c14
0.0932662409116358	-0.307603262238693	0.025	0.031	1	IL2RB	c14
0.202939963478771	0.307456986050508	0.021	0.017	1	PRMT1	c14
0.000217909698284836	-0.306946590322791	0.133	0.164	1	NPM1	c14
0.0546565009710199	0.306496946128838	0.042	0.034	1	SPCS2	c14
0.134493251445649	0.306337226671051	0.028	0.023	1	SEC62	c14
0.24998492064606	0.306275959231148	0.022	0.019	1	VDAC2	c14
0.259605565448976	0.306177256050398	0.017	0.014	1	MTFP1	c14
0.207142021256592	0.306082587915523	0.02	0.017	1	BIRC2	c14
0.255658729220339	-0.305442999732404	0.009	0.012	1	PDE3B	c14
0.00804131475059915	0.304804236175938	0.075	0.06	1	UQCRH	c14
0.0169843412259415	-0.30476264365241	0.048	0.061	1	LAT	c14
0.268113226826699	0.304431198362326	0.021	0.018	1	HNRNPM	c14
0.46187973876225	0.303812414290697	0.01	0.008	1	DYNLT3	c14
0.0335561932206362	0.303681551662742	0.051	0.042	1	CD164	c14
0.436865039042084	0.303132058210703	0.014	0.012	1	RNF125	c14
0.387255528760865	0.302765845481007	0.012	0.01	1	LSM3	c14
0.0206224695875928	0.302537009721801	0.08	0.067	1	SLC25A3	c14
0.416304647818472	0.302155697431782	0.018	0.016	1	HM13	c14
0.0682567078687484	-0.301611489060933	0.035	0.043	1	LBH	c14
0.39388081780867	0.301545807318751	0.011	0.01	1	SDR39U1	c14
0.364220595164721	0.301262731669675	0.013	0.011	1	CAMTA1	c14
0.437793083921323	0.301185538858672	0.01	0.009	1	RHOT2	c14
0.0872879268894158	-0.301075359898912	0.028	0.035	1	TOMM20	c14
0.248929382902786	0.299717682418309	0.019	0.016	1	RBMX	c14
0.0633652868957005	0.299636975284677	0.041	0.033	1	NDUFA6	c14
0.307548828116074	0.298841598390373	0.019	0.016	1	TRAPPC6A	c14
0.276286017993022	-0.297532383389563	0.009	0.012	1	CD320	c14
0.00224555168634422	0.29714474641038	0.106	0.087	1	LDHA	c14
0.22984451444774	-0.295819775227345	0.013	0.017	1	GPR56	c14
0.0782010319838632	0.295737767797317	0.039	0.032	1	SRI	c14
0.288354434231942	0.295669240982082	0.017	0.014	1	ACADVL	c14
0.0832711185826878	-0.29553253922517	0.02	0.026	1	NUCKS1	c14
0.0620828946530569	0.294716043529115	0.043	0.035	1	ATP5J	c14
0.0590565820062035	0.294586949077694	0.048	0.04	1	RPS27L	c14
0.168221934942224	0.294533366094127	0.026	0.021	1	LMAN2	c14
0.201159382013828	0.294133417108697	0.023	0.019	1	LAMTOR1	c14
0.358164712835169	0.293640609233405	0.014	0.012	1	PPP1R7	c14
0.388243067986936	0.293640609233405	0.013	0.011	1	TSTA3	c14
0.0828014470654183	0.29238313940666	0.045	0.038	1	COX17	c14
0.235000641810087	0.29225005968875	0.024	0.021	1	SRRM2	c14
0.0237116276660624	-0.292038402573196	0.036	0.046	1	ACAP1	c14
0.0505472017078323	0.290752855480638	0.044	0.036	1	SNHG12	c14
0.137391022103339	0.290490618809756	0.029	0.024	1	NDUFS7	c14
0.492193902059935	0.290265882452749	0.01	0.009	1	CCT2	c14
0.023423329491972	-0.290118810077471	0.058	0.071	1	EIF4A2	c14
0.31892981883145	0.290061607048388	0.016	0.013	1	LAMTOR2	c14
0.407909073611409	0.288918198991002	0.012	0.01	1	PNP	c14
0.198029596653581	0.288821984042759	0.024	0.02	1	PGLS	c14
0.000537838284776351	0.288674656244201	0.133	0.109	1	ARPC3	c14
0.235843349284761	0.288020442247104	0.02	0.017	1	EIF4E	c14
0.304324874372837	0.287740007793721	0.021	0.018	1	IMP3	c14
0.22411687650566	0.287347491115775	0.022	0.018	1	UFM1	c14
0.496607950941866	0.28689903135435	0.01	0.009	1	FAM32A	c14
0.103441261705494	0.28664994726518	0.039	0.033	1	TOMM5	c14
0.0988353375424742	0.286530538637328	0.036	0.029	1	ARF4	c14
0.637218003640038	0.286134932485321	0.01	0.009	1	SRSF6	c14
0.16934458926584	0.285913682862013	0.028	0.024	1	ATP5A1	c14
0.448783202398869	0.285778491460436	0.011	0.01	1	SRPR	c14
0.592798872505946	0.285778491460436	0.011	0.01	1	ARFRP1	c14
0.158650311385274	-0.285576955908694	0.021	0.026	1	RORA	c14
0.259107854431065	0.284658821213401	0.02	0.017	1	CLTA	c14
0.143142365359174	-0.283945056360476	0.029	0.035	1	BIRC3	c14
0.362268440967818	0.283887140822245	0.014	0.012	1	SLC20A1	c14
0.375348768030737	0.283428186774096	0.014	0.012	1	CCT7	c14
0.299688679829274	-0.283416693402405	0.01	0.013	1	LOC101927902	c14
0.0291801036626824	0.283115101911564	0.072	0.06	1	SEC61G	c14
0.506363962108595	0.283077320401942	0.013	0.012	1	SCAMP2	c14
0.0246828374974755	-0.282862258500348	0.069	0.082	1	CKLF	c14
0.428297948883763	0.282765972009407	0.012	0.011	1	MECP2	c14
0.221766508572075	0.282701486813692	0.027	0.023	1	ZNHIT1	c14
0.501056332022069	0.282422084267861	0.01	0.009	1	USP3	c14
0.000107406171513905	-0.282064589235124	0.145	0.179	1	HINT1	c14
0.0743918319889911	-0.281632038461336	0.039	0.048	1	CELF2	c14
0.289961463438989	0.281246245708221	0.018	0.015	1	SSNA1	c14
0.15610776978356	-0.280771972146841	0.023	0.029	1	RNF19A	c14
0.304930630143546	-0.280771972146841	0.008	0.011	1	P2RY10	c14
0.300651878759523	0.28062931388745	0.018	0.016	1	CASP4	c14
0.24535917102143	0.280264887231574	0.021	0.018	1	DCTN3	c14
0.22300341463778	0.280117591942204	0.023	0.019	1	ARHGAP4	c14
0.603869460268572	0.279909893371297	0.011	0.01	1	NDUFB5	c14
0.226199144664498	-0.27957599087439	0.028	0.033	1	LMNA	c14
0.269969514800703	-0.279568221521403	0.016	0.019	1	ACP5	c14
0.149140732245268	-0.279142038302079	0.025	0.031	1	SCML4	c14
0.304318795883971	0.278780099738662	0.018	0.016	1	EIF4H	c14
0.515145202370678	0.278298085613788	0.01	0.009	1	CD70	c14
0.625934745642672	0.278298085613788	0.01	0.009	1	NMT1	c14
0.352165924397825	0.278202706072732	0.015	0.013	1	FBXW5	c14
0.419525879287199	0.277958987001136	0.013	0.011	1	KCNAB2	c14
0.223045526758914	-0.277780157925122	0.015	0.019	1	ATM	c14
0.0531068572296242	0.276786260434775	0.055	0.046	1	LCP2	c14
0.0167675869902661	-0.276714516465321	0.073	0.088	1	SNHG6	c14
0.204689142151733	0.276711790000282	0.024	0.02	1	AMICA1	c14
0.104802692504831	-0.276387342362145	0.025	0.031	1	DHRS7	c14
0.0659907230356876	0.275732605323353	0.051	0.043	1	SNRPG	c14
0.0212543369822721	0.274353148980846	0.078	0.066	1	COX5B	c14
0.312992160966201	0.273860418787515	0.018	0.016	1	KCNA3	c14
0.303614976460551	0.273765973758454	0.019	0.016	1	TWF2	c14
0.356950608071993	0.273711599122026	0.016	0.014	1	TEX264	c14
0.243152755205948	0.273651442337691	0.023	0.019	1	HNRNPUL1	c14
0.825885348117243	-0.273362141812802	0.058	0.059	1	HIST1H4C	c14
0.492024489400886	0.273358213929593	0.01	0.009	1	LOC100130476	c14
0.0235585270333981	0.272903988693889	0.075	0.063	1	PSMA7	c14
0.153623128371622	-0.272699944889513	0.024	0.029	1	ECH1	c14
0.160260736495214	-0.272607689360275	0.026	0.031	1	FAM46C	c14
0.306032491728809	0.272570204903518	0.019	0.016	1	LSM4	c14
0.227084593201156	-0.272324549194779	0.032	0.037	1	ITM2C	c14
0.136021887697821	-0.272047879323208	0.02	0.025	1	RBM25	c14
0.428451097938778	0.271906316878877	0.013	0.011	1	NCF4	c14
0.335597797362834	-0.271241979456303	0.008	0.01	1	NABP1	c14
0.178124505308359	0.271076886230815	0.037	0.032	1	FIS1	c14
0.314735045642568	-0.271032968946572	0.008	0.011	1	TTC3	c14
0.356913705188074	0.27073577317094	0.02	0.017	1	TSC22D4	c14
0.00482446898430337	-0.270263092191797	0.113	0.135	1	CD8B	c14
0.296998937684953	0.270181636409416	0.019	0.016	1	PAFAH1B1	c14
0.0201540293120809	0.26975604172393	0.079	0.066	1	H3F3AP4	c14
0.300703387849437	-0.269077254129885	0.009	0.012	1	APEX1	c14
0.124309434526316	0.268924385749553	0.036	0.03	1	POLR1D	c14
0.337378405923567	-0.268476673378457	0.007	0.01	1	SFXN1	c14
0.452369507992515	0.268392801659603	0.012	0.011	1	CNOT2	c14
0.417425466306519	0.268321294383888	0.012	0.01	1	TIFA	c14
0.584872771904502	-0.267198744696655	0.028	0.03	1	ZFAND2A	c14
0.159273725406239	0.26691309999108	0.031	0.026	1	C19orf70	c14
0.101815616725673	0.266907990709591	0.035	0.029	1	CD55	c14
0.338140223002722	0.266861278117805	0.017	0.014	1	DHPS	c14
0.525600874317985	0.266861278117805	0.01	0.009	1	TAZ	c14
0.08708233711727	0.26676373611169	0.05	0.042	1	ATP5B	c14
0.338763474072341	-0.266472929944007	0.007	0.01	1	METTL23	c14
0.323476500021282	-0.265692944191374	0.008	0.011	1	PDCD10	c14
0.348026943243872	-0.26548011117037	0.384	0.376	1	DNAJB1	c14
0.367298490187896	0.265254154046143	0.016	0.014	1	KRAS	c14
0.249067684213775	-0.264708715242007	0.014	0.017	1	SNX17	c14
0.344279562599585	-0.264466399661045	0.007	0.01	1	BRWD1	c14
6.50980712276319e-05	0.264443650041079	0.208	0.174	1	BTG2	c14
0.315869646481765	0.264376014728211	0.023	0.02	1	ATP5G1	c14
0.382186952578431	0.26437601472821	0.015	0.013	1	TOPORS-AS1	c14
0.340996990234563	-0.2636984587879	0.008	0.01	1	FUNDC2	c14
0.230810708916107	0.262928252398095	0.03	0.026	1	PDE4B	c14
0.444687025495888	0.262445987629811	0.013	0.011	1	ZSCAN16-AS1	c14
0.345102665620691	0.261803218610095	0.017	0.015	1	CLTB	c14
0.257063282867659	-0.261585497468063	0.014	0.018	1	HNRNPLL	c14
0.0291723618540864	0.261344273150239	0.072	0.06	1	C9orf16	c14
0.0171885977347609	0.25978328292749	0.081	0.068	1	NDUFS5	c14
0.0832442142489319	-0.25966169501041	0.034	0.042	1	HSP90B1	c14
0.0327169144192172	0.259300461384508	0.072	0.061	1	HIGD2A	c14
0.510195047453043	0.259095556395968	0.011	0.009	1	POLR2C	c14
0.18750841998552	-0.258615172613155	0.024	0.029	1	RBPJ	c14
0.181002681023333	0.258593662134204	0.031	0.026	1	NDUFS8	c14
0.191171684548929	-0.258035453647078	0.022	0.027	1	CHD2	c14
0.0194148286827194	0.257806952104228	0.085	0.072	1	POLR2L	c14
0.453815156311438	0.257311836158374	0.013	0.011	1	LINC00892	c14
0.00204605302165965	-0.2566683945768	0.13	0.155	1	RPS11	c14
0.306772388795031	-0.256504031712381	0.01	0.013	1	CNPY2	c14
0.486754412477152	0.255989854469503	0.014	0.013	1	SESN1	c14
0.300029020387914	0.255449392729297	0.021	0.018	1	HAX1	c14
0.146269287666857	0.254961855264636	0.036	0.03	1	C16orf13	c14
0.475097682453493	0.254161415818944	0.012	0.011	1	MAZ	c14
0.086305254343334	-0.25415008640956	0.064	0.074	1	XCL2	c14
0.261079081498142	0.253849065287455	0.025	0.021	1	DDOST	c14
0.176109637787047	-0.253605126043204	0.017	0.021	1	MPHOSPH8	c14
0.479511313238194	0.253047289627562	0.013	0.011	1	UBE2A	c14
0.00349532541759897	-0.252923347074884	0.051	0.068	1	LINC00861	c14
0.371262241686653	0.25283439284552	0.017	0.015	1	COX16	c14
0.498849032154984	0.25283439284552	0.011	0.01	1	LAGE3	c14
0.243107974207724	0.252621527475766	0.026	0.022	1	SF3B6	c14
0.287079456273939	-0.252555729697645	0.013	0.016	1	DGKA	c14
0.428429980658185	0.252278262402055	0.015	0.013	1	HSPA9	c14
0.322635699291148	-0.252092116833999	0.01	0.013	1	SUSD3	c14
0.0685309406269058	0.25172559660231	0.056	0.047	1	DYNLL1	c14
0.13004418330147	0.251499665534837	0.046	0.04	1	GeneID:102723863	c14
0.249043837094658	-0.251355484170106	0.008	0.011	1	PSIP1	c14
0.407974499401152	0.25126766504533	0.016	0.014	1	EIF3A	c14
0.066404565802665	0.250494599417097	0.076	0.065	1	SAMSN1	c14
0.265111247299335	-0.250309294827024	0.015	0.018	1	OSTC	c14
0.208528094259419	-0.24984678333626	0.021	0.025	1	EIF1B	c14
0.26229200554463	0.249389834804365	0.024	0.021	1	AOAH	c14
0.232119210478408	0.249073506339382	0.028	0.024	1	RAP1A	c14
0.411126496875441	0.248486565310098	0.016	0.014	1	TRAPPC2L	c14
0.0129383281171292	0.24821856319029	0.09	0.076	1	SRSF3	c14
0.436710775621593	0.247836919620281	0.015	0.013	1	ARL6IP6	c14
0.193638486429571	-0.247609843708099	0.025	0.03	1	CCT4	c14
0.301617903689958	0.247514445594226	0.026	0.023	1	MRPL20	c14
0.360516136857545	0.247098023296376	0.023	0.02	1	GPI	c14
0.246810991309748	0.245972237019281	0.029	0.025	1	ANXA2R	c14
0.122069192240117	-0.245941987983742	0.029	0.035	1	SRP9	c14
0.550629814690596	0.245108098786559	0.011	0.01	1	AIMP1	c14
0.151405934432528	-0.244762448190386	0.034	0.04	1	SYTL3	c14
0.320282968105201	0.241511096599483	0.022	0.019	1	PAPOLA	c14
0.347030118711475	0.241384372101981	0.025	0.022	1	RAD23A	c14
0.346254809194576	0.24081424957297	0.019	0.017	1	IRF3	c14
0.35907832753483	-0.240508101933114	0.008	0.011	1	SLC4A7	c14
0.321574105124867	-0.239827424854722	0.011	0.014	1	KPNB1	c14
0.00160459698103657	-0.239344356576079	0.278	0.308	1	UBC	c14
0.00085153739871229	-0.239238610479833	0.125	0.153	1	YWHAZ	c14
0.360814471007905	-0.239146426474889	0.009	0.012	1	BCL2	c14
0.50445956118614	0.239074458002993	0.017	0.016	1	NUCB1	c14
0.370342028994116	-0.238905997336612	0.008	0.01	1	CCM2	c14
0.334520272714365	-0.238774837280076	0.01	0.013	1	LOC100131564	c14
0.0268670340105351	0.238260660037198	0.09	0.077	1	COX8A	c14
0.0246358753411596	-0.23765180008815	0.07	0.084	1	VAMP2	c14
0.519636828251869	0.237057080867038	0.012	0.01	1	ADRBK1	c14
0.16977198730327	0.236667286194277	0.034	0.029	1	CMTM6	c14
0.0166161418874635	0.236644394039974	0.069	0.056	1	CXCL13	c14
0.0769957765637561	0.236053933786226	0.061	0.052	1	ROMO1	c14
0.316217905597198	0.235868036817711	0.031	0.027	1	TTC39C	c14
0.584176927983583	0.235693260024125	0.01	0.009	1	STT3B	c14
0.550829011456155	0.235199440049806	0.011	0.01	1	ASXL1	c14
0.12117859323702	0.234950286655766	0.052	0.045	1	HCLS1	c14
0.278974450701373	-0.234556790471917	0.016	0.019	1	STAT4	c14
0.523237081525151	0.234431611460215	0.013	0.011	1	AP3S1	c14
0.298979320367877	0.234390264607997	0.029	0.026	1	NDUFA2	c14
0.172801474560971	-0.234233725788307	0.029	0.035	1	RSL24D1	c14
0.000193090482822811	-0.233942277403155	0.225	0.261	1	CXCR4	c14
0.335052272885232	0.233519616795834	0.023	0.02	1	RSL1D1	c14
0.323339302439549	0.232856100720596	0.023	0.02	1	POLR2E	c14
0.327684038893875	0.232856100720596	0.023	0.02	1	PCNP	c14
0.584731831577639	0.232648722596923	0.019	0.017	1	PSMB2	c14
0.407757879315928	0.232319967925096	0.018	0.016	1	RAB2A	c14
0.314473410482343	-0.232014498522248	0.013	0.016	1	ADD3	c14
0.529520081976074	0.231330707438058	0.012	0.011	1	DLGAP1-AS1	c14
0.350303630615156	-0.231322883517062	0.01	0.013	1	RAB8B	c14
0.102134260590383	0.231139947935356	0.066	0.057	1	RPSAP58	c14
0.413528209585767	0.231095269175073	0.018	0.016	1	RPA3	c14
0.0581595195916064	0.23057657922223	0.079	0.069	1	USMG5	c14
0.0175401741761789	0.230064074309384	0.068	0.056	1	NEAT1	c14
0.32636231443546	0.230024509937434	0.027	0.023	1	RPS10	c14
0.0177482811359538	-0.229518915189701	0.09	0.106	1	CCNI	c14
0.0924889752677244	0.229186586265911	0.053	0.045	1	C11orf31	c14
0.118764320231935	-0.22886595900778	0.037	0.044	1	DDX24	c14
0.194176044913778	-0.227582422409871	0.032	0.038	1	PIM1	c14
0.0567141231642483	-0.227348321278215	0.062	0.073	1	SPOCK2	c14
0.0489248589953434	-0.227134008544768	0.134	0.149	1	HMGB1	c14
0.782780555914655	-0.226749006071983	0.503	0.478	1	FOS	c14
0.137732669533994	-0.22662176565975	0.038	0.045	1	ICAM3	c14
0.511754861596319	0.225988996702277	0.013	0.012	1	ATG12	c14
0.603628789427376	0.225451780147609	0.01	0.009	1	LOC100507412	c14
0.518711819433491	0.224377946796292	0.014	0.012	1	NUTF2	c14
0.0392837832966343	-0.224233408314163	0.067	0.079	1	CLDND1	c14
0.269000565597872	-0.224082554020002	0.009	0.012	1	SRSF4	c14
0.367911394980801	-0.224082554020002	0.01	0.012	1	VDAC3	c14
0.380790855026087	-0.223792710715986	0.009	0.011	1	DDX46	c14
0.0048780601142701	-0.223397375980581	0.097	0.117	1	LEPROTL1	c14
0.151016545725989	-0.223153452806951	0.041	0.048	1	PET100	c14
0.473753118467567	0.223012404772063	0.016	0.014	1	WBP2	c14
0.361542811931469	-0.222884998509313	0.011	0.013	1	PLEKHF1	c14
0.267147620141391	0.222745384620394	0.033	0.029	1	C5orf56	c14
0.0806173478772747	-0.222571924970331	0.061	0.071	1	STK17B	c14
0.457557352926533	0.222330118147434	0.016	0.014	1	RNF113A	c14
0.0646766502609194	0.222317640299293	0.079	0.069	1	TRMT112	c14
0.439296286296608	0.222292222794312	0.025	0.023	1	BTG3	c14
0.393162399760224	-0.222245895540385	0.008	0.01	1	C18orf32	c14
0.355240451145543	-0.222016148738261	0.011	0.014	1	TAP2	c14
0.216249037113955	0.221562931189237	0.035	0.03	1	RNF167	c14
0.202357159910437	-0.22155277749849	0.03	0.035	1	TC2N	c14
0.320621726680539	0.221287244685008	0.025	0.022	1	HMHA1	c14
0.129466890990672	-0.220660690413435	0.042	0.049	1	ITGB1	c14
0.523131991855236	0.220358175343954	0.013	0.012	1	ATP2B1	c14
0.590853783337423	0.219689301002663	0.011	0.01	1	FLOT2	c14
0.550614212957333	0.219377265737925	0.013	0.011	1	TXN2	c14
0.328171088490556	0.219185277575969	0.025	0.022	1	C17orf62	c14
0.154848147667852	-0.218996204291721	0.038	0.044	1	PDIA3	c14
0.282538205187992	0.218851885163696	0.028	0.024	1	DANCR	c14
0.37573609969276	-0.217811592912524	0.01	0.013	1	B3GNT2	c14
0.341856437405516	0.21749375189396	0.024	0.021	1	RASSF1	c14
0.618315779189018	0.217223227714344	0.01	0.009	1	CTDSP1	c14
0.0415993744453083	-0.217019749010744	0.079	0.092	1	UQCRB	c14
0.295880035693084	-0.216906325130747	0.014	0.017	1	PASK	c14
0.641110320972061	0.216883410249367	0.01	0.009	1	LMAN1	c14
0.115840673306708	0.216454574589987	0.059	0.051	1	ARF6	c14
0.00579821188085444	0.216382118435122	0.221	0.197	1	MIF	c14
0.0190851847614736	-0.216154082418017	0.114	0.131	1	LSP1	c14
0.581153064163603	0.215389163569037	0.012	0.011	1	DBNL	c14
0.00132290129436639	0.214973618907421	0.204	0.177	1	CYBA	c14
0.264195905633849	-0.214875789903376	0.022	0.026	1	UBXN4	c14
0.398054286444663	0.214451706016971	0.021	0.018	1	IDI1	c14
0.301257484706202	0.214285714222952	0.033	0.029	1	MRPL57	c14
0.608075846354393	0.214082966068412	0.011	0.01	1	DAP3	c14
0.0576895934504728	0.213500223789257	0.12	0.107	1	PSMB9	c14
0.464408105512434	0.213452984730013	0.018	0.016	1	EPS15	c14
0.0145336225076954	0.213421601850293	0.14	0.122	1	CHCHD2	c14
0.230912598517668	0.213308216627426	0.035	0.03	1	PTP4A2	c14
0.78669328742631	0.213150691373037	0.01	0.009	1	YIPF4	c14
0.145525814767431	-0.212909300529486	0.046	0.054	1	HLA-F	c14
0.195334171672044	-0.212714721660853	0.035	0.04	1	ITGA4	c14
0.203459436015837	-0.212429675727285	0.032	0.037	1	SRSF11	c14
0.432808256000865	0.21229066449756	0.019	0.017	1	SUMO3	c14
0.295147933021687	-0.212173447142846	0.019	0.022	1	TNFRSF14	c14
0.101453741836926	0.211223757680818	0.071	0.062	1	NDUFA1	c14
0.164176150476766	-0.211176569823065	0.04	0.046	1	ELF1	c14
0.264086520945728	-0.210975253238045	0.022	0.026	1	EIF3D	c14
0.375524712627711	-0.210612812577708	0.011	0.013	1	NELL2	c14
0.379519884006492	-0.209941385637264	0.013	0.015	1	STARD7	c14
0.792307105210367	0.209750970800886	0.01	0.01	1	ADAR	c14
0.226297390043777	-0.209518579733868	0.028	0.033	1	MAT2B	c14
0.288230019947492	0.20942760533032	0.031	0.027	1	ATP5H	c14
0.613074247168824	0.209208899191663	0.016	0.015	1	KDELR1	c14
0.361086501307361	0.208940043635619	0.029	0.026	1	RANBP1	c14
0.58797443351601	0.20885567468224	0.012	0.011	1	SMNDC1	c14
0.230466962807985	-0.208581460479815	0.019	0.023	1	APBB1IP	c14
0.38324792114761	-0.208436254396366	0.011	0.013	1	ADAM8	c14
0.0259195452356535	0.207941056985618	0.114	0.099	1	RGCC	c14
0.401381904479433	0.207471938715424	0.027	0.024	1	WAS	c14
0.220147148802959	-0.207174639265569	0.008	0.011	1	TARP	c14
0.331608939364921	-0.20711965746176	0.015	0.018	1	RBBP4	c14
0.497447367291128	0.206805317348342	0.024	0.022	1	BCAS2	c14
0.0117243481047246	0.206633070798341	0.156	0.137	1	ARPC2	c14
0.50320749331512	0.206587008345748	0.016	0.015	1	NUDC	c14
0.000405615394016882	0.206039466200772	0.151	0.123	1	FOSB	c14
0.341192479286253	0.205932279475474	0.033	0.029	1	SH3BGRL	c14
0.543862719016663	0.205714102531255	0.014	0.013	1	MED30	c14
0.227773326822346	-0.205529059375544	0.022	0.026	1	NAP1L4	c14
0.190081586259655	-0.204879331361856	0.041	0.047	1	RSRP1	c14
0.564647599288212	-0.204680022797486	0.008	0.01	1	CRTAM	c14
0.537279109691144	0.20415966737764	0.015	0.013	1	EVI2A	c14
0.362005807847187	0.204125522769842	0.03	0.027	1	CSK	c14
0.173216364122927	0.203742722594423	0.068	0.06	1	ATP6V1G1	c14
0.18355260285908	0.203629450106564	0.047	0.041	1	DDX3X	c14
0.158323539567011	-0.203601467119596	0.043	0.05	1	HNRNPA3	c14
0.576835550804621	0.203596384659789	0.013	0.012	1	DNAJC15	c14
0.616948414123602	0.202935234819663	0.011	0.01	1	PNKD	c14
0.368915366530374	0.202864052135998	0.025	0.022	1	IL16	c14
0.518706793855177	0.202703903937921	0.015	0.014	1	ILF3-AS1	c14
0.526165950746337	0.202682875696973	0.016	0.014	1	SLTM	c14
0.400378887124922	-0.202615994194209	0.011	0.013	1	COPZ1	c14
0.520416696285628	0.202503447173529	0.021	0.019	1	MAX	c14
0.634243711971567	0.202010133767837	0.011	0.01	1	TMPO	c14
0.32428506571395	0.201282602213897	0.03	0.026	1	SBDS	c14
0.182868113988816	-0.200464452431344	0.028	0.033	1	GBP5	c14
0.127246284136123	0.200361424903164	0.072	0.063	1	TMEM258	c14
0.747754833307047	0.200303811817434	0.012	0.011	1	MIB2	c14
0.30715987884406	-0.200208279454809	0.024	0.028	1	DUT	c14
0.664387259752415	0.199993788169332	0.01	0.009	1	TIMM8B	c14
0.292333059638884	-0.19994987088509	0.012	0.015	1	SLC44A2	c14
0.436323173611252	-0.199911865720749	0.008	0.01	1	CCT6A	c14
0.485946104210852	0.199747082259267	0.023	0.021	1	CNPY3	c14
0.329490986526497	-0.199618062288251	0.017	0.02	1	NCR3	c14
0.232683234174453	0.199576117749864	0.04	0.035	1	COX7B	c14
0.128872331208101	0.199301800149009	0.064	0.056	1	CCNL1	c14
0.368783435724732	0.199081652180536	0.026	0.023	1	AKIRIN2	c14
0.64833971278218	0.198986671171443	0.01	0.009	1	AFF4	c14
0.244817900866522	-0.198940727566353	0.028	0.032	1	SP100	c14
0.217537749515318	0.198842854689154	0.041	0.036	1	NOP10	c14
0.558727905405635	0.198315650210095	0.014	0.013	1	SMIM7	c14
0.214144308293717	-0.198303583360566	0.037	0.042	1	FLT3LG	c14
0.308590967008278	-0.198199668210932	0.02	0.023	1	PAK2	c14
0.429753239191916	-0.198154089029477	0.008	0.01	1	LMF2	c14
0.666735763997296	0.197980256731683	0.01	0.009	1	ANKRD11	c14
0.413187900391679	-0.197085821641985	0.01	0.012	1	BNIP2	c14
0.203248612124475	0.196824816815151	0.046	0.041	1	EIF4G2	c14
0.124511643975251	-0.196595934605535	0.053	0.061	1	RAP1B	c14
0.212466970008018	0.196285639766938	0.044	0.038	1	MAP1LC3B	c14
0.172101542592009	0.195641247955576	0.073	0.066	1	PSMB8	c14
0.530191438408659	0.195496826809163	0.016	0.015	1	CHMP2A	c14
0.64242094731085	0.195496826809163	0.016	0.015	1	MAP4K1	c14
0.18496409115205	0.195149054926448	0.035	0.03	1	SYNGR2	c14
0.197358568771783	0.19472940797995	0.07	0.063	1	RPS14P3	c14
0.0263235451781429	-0.194471301609526	0.106	0.123	1	RPL7	c14
0.403452484446788	-0.194177464591154	0.011	0.014	1	ILF2	c14
0.441283317244093	-0.193970765872963	0.008	0.01	1	FLJ32255	c14
0.26429574517255	0.193649511871135	0.044	0.039	1	COPE	c14
0.696041781054594	0.193579459427951	0.01	0.009	1	SMARCB1	c14
0.608777555430436	0.19349863391232	0.012	0.011	1	MRPL14	c14
0.577236430578591	0.193443883716268	0.015	0.013	1	SP140	c14
0.174922613677686	-0.192724434163496	0.044	0.05	1	PPP1R2	c14
0.0630317879604282	0.192493885776505	0.088	0.077	1	NDUFA13	c14
0.611101067155547	0.192332219865484	0.022	0.021	1	MRPS34	c14
0.268530955238894	-0.192316109147381	0.024	0.028	1	PRKCQ-AS1	c14
0.253041411277056	0.191590447085821	0.05	0.045	1	CDC42SE2	c14
0.183716881393007	0.191451108912282	0.054	0.048	1	C19orf60	c14
0.25974061605152	0.191373218769639	0.039	0.034	1	UQCRHL	c14
0.00850680059921806	0.191038590260124	0.189	0.167	1	ATP5G2	c14
0.602486812446738	0.190954945258841	0.013	0.012	1	OSBPL8	c14
0.23412017017999	-0.190659552482552	0.034	0.039	1	SRRM1	c14
0.0203570191062013	0.189930849357177	0.126	0.11	1	ARPC1B	c14
0.427674723565737	-0.189854252410909	0.01	0.012	1	ILF3	c14
0.437934046082171	-0.189854252410909	0.01	0.012	1	TARSL2	c14
0.323921665201885	-0.189048502576567	0.02	0.024	1	BIN1	c14
0.64901974865914	0.18875403706557	0.012	0.011	1	THYN1	c14
0.15529507677219	0.188585684764674	0.094	0.086	1	TUBA4A	c14
0.649808340949981	0.188204334242807	0.011	0.01	1	MAPK1	c14
0.590585673253988	0.187288628061071	0.014	0.013	1	RBMS1	c14
0.183771038544249	-0.187093069059764	0.052	0.059	1	EPC1	c14
0.0687242390977251	-0.187087966151621	0.093	0.105	1	DAZAP2	c14
0.622247579987014	0.187027104441958	0.013	0.012	1	ROCK1	c14
0.177294698416857	-0.186874665041425	0.04	0.046	1	CD48	c14
0.349733401146713	-0.186798503233785	0.018	0.021	1	PSMA2	c14
0.394500666355794	-0.186709280002309	0.014	0.017	1	TRA2A	c14
0.147549995328781	0.186523707362507	0.066	0.058	1	ATP6V0E1	c14
0.0754340848591831	-0.18632642092372	0.076	0.087	1	LCK	c14
0.451271099363846	-0.186011048904486	0.008	0.01	1	ZFAND6	c14
0.199787668887077	-0.185491019511751	0.034	0.04	1	SNRPB	c14
0.450921806712709	0.185337061932044	0.022	0.02	1	LSM2	c14
0.24092709475931	-0.185255438722855	0.034	0.039	1	BUB3	c14
0.000982065625345776	-0.185051216048554	0.207	0.239	1	RPL36AL	c14
0.330459512720118	0.185037055164122	0.032	0.028	1	SSU72	c14
0.378317683396535	-0.18501298934141	0.016	0.019	1	SS18L2	c14
0.59090985694014	0.184513485918353	0.014	0.013	1	LENG8	c14
0.0708279498324074	0.184220820324309	0.131	0.118	1	ZFAS1	c14
0.271423605448132	-0.184204530345253	0.031	0.035	1	SELPLG	c14
0.385208906088885	0.184114076582564	0.026	0.023	1	SUPT3H	c14
0.361407567380773	-0.18409524437351	0.018	0.021	1	TCF25	c14
0.426889271791174	0.183557067755856	0.024	0.021	1	AMD1	c14
0.0741054318900436	0.183536740234058	0.128	0.116	1	LOC101929531	c14
0.436500639472576	-0.183536331033488	0.011	0.013	1	VKORC1	c14
0.114592007884357	0.183243104372302	0.091	0.081	1	NDUFA4	c14
0.569723505026307	0.183201975194033	0.016	0.015	1	THRAP3	c14
0.357821321327079	0.183013639627826	0.032	0.028	1	BZW1	c14
0.389989478064534	-0.182748161496549	0.014	0.017	1	POLR3GL	c14
0.230891493916672	0.181578595114832	0.047	0.042	1	MSN	c14
0.339802895503328	0.180962921497058	0.033	0.029	1	SIT1	c14
0.439628469073162	-0.180376579220692	0.01	0.012	1	PDCD5	c14
0.0134892021437722	-0.179934238257273	0.185	0.207	1	CALM1	c14
0.156296907647995	-0.179757263889916	0.053	0.06	1	EZR	c14
0.127197603770819	0.179684419936319	0.07	0.062	1	IRF1	c14
0.462457712568768	-0.179643150483569	0.009	0.011	1	CD28	c14
0.185686421766543	-0.179493702610551	0.056	0.063	1	CNN2	c14
0.549171881489146	0.17937676029617	0.017	0.016	1	LINC01420	c14
0.874446930131138	0.178990577800747	0.01	0.01	1	CFDP1	c14
0.343425599667994	0.178735281240579	0.034	0.031	1	JTB	c14
0.00415573996657012	-0.178234808227825	0.182	0.208	1	BTF3	c14
0.476957246053488	0.178042111073547	0.022	0.02	1	RHBDD2	c14
0.0800783870166383	0.177935998788979	0.094	0.083	1	COX6C	c14
0.361917752688718	-0.177595517778927	0.019	0.022	1	SEP15	c14
0.637374135009335	0.176971936905733	0.014	0.013	1	TCP1	c14
0.412295868235506	-0.176795826942976	0.014	0.016	1	LSM14A	c14
0.407854732761702	-0.176501489485893	0.014	0.017	1	CYTH1	c14
0.709289201348586	0.176187259349758	0.011	0.01	1	RNMT	c14
0.29432772111584	0.176038801624723	0.041	0.036	1	EIF5	c14
0.366442414461007	0.175423487092354	0.033	0.029	1	SNRPF	c14
0.601686796608524	0.175056345074565	0.015	0.014	1	RNASEH2C	c14
0.615425771900787	0.17489238515514	0.014	0.013	1	MPG	c14
0.445203788197654	0.174613155657512	0.031	0.028	1	CHURC1	c14
0.158826686880189	0.173960719505993	0.066	0.059	1	CDC42	c14
0.000260301119272644	-0.173023392540275	0.289	0.328	1	EEF1D	c14
0.33924681882946	-0.17274046224629	0.024	0.028	1	TNFAIP8	c14
0.478900235577778	-0.172702422008429	0.008	0.01	1	RAB9A	c14
0.00832789843877277	0.172596983937289	0.178	0.156	1	LAPTM5	c14
0.481214960491097	0.172262790373785	0.023	0.021	1	BANF1	c14
0.324661118190232	0.172135965615153	0.048	0.044	1	LYAR	c14
0.190669560820876	0.171680523706629	0.098	0.09	1	SSR4	c14
0.402019149568679	0.171266610336729	0.041	0.037	1	SERBP1	c14
0.691926254423995	0.170904533526976	0.011	0.011	1	OFD1	c14
0.122609259396024	-0.170781603500751	0.08	0.09	1	GMFG	c14
0.151501263746925	-0.170659766226616	0.039	0.045	1	UBXN1	c14
0.283273899840218	-0.170462994276551	0.033	0.038	1	ARHGAP15	c14
0.436958294574127	-0.170123723244345	0.026	0.029	1	DNAJB4	c14
0.25935830586756	0.169948924535538	0.043	0.038	1	XBP1	c14
0.029725573281762	-0.169776426784062	0.144	0.161	1	CIRBP	c14
0.356943223738052	-0.169765441345685	0.023	0.026	1	SNRPD3	c14
0.00192819312948272	0.169522634796723	0.425	0.394	1	S100A4	c14
0.666059906481783	0.169497320249347	0.013	0.012	1	B3GAT3	c14
0.580088229749306	0.169405468335909	0.017	0.015	1	PAG1	c14
0.0899906037917025	0.168921500434597	0.092	0.081	1	RBM3	c14
0.0978565038983041	0.168542182158227	0.096	0.085	1	COX7A2	c14
0.370160991509688	-0.168541979662509	0.056	0.061	1	CTSC	c14
0.433624781981282	0.167973809768421	0.028	0.026	1	UBE2N	c14
0.442743829456271	-0.167939475982469	0.014	0.016	1	TNRC6B	c14
0.484412797080622	-0.167939475982469	0.01	0.012	1	DUSP16	c14
0.492648575730638	-0.166984996926225	0.008	0.01	1	MED15	c14
0.482675208543739	0.166662448940004	0.024	0.022	1	DDX39A	c14
0.548014579241436	0.166323277854121	0.021	0.019	1	RAB7A	c14
0.480633655841535	-0.166130453750595	0.009	0.011	1	PTRHD1	c14
0.398983665085593	0.166039247186339	0.038	0.034	1	TRAM1	c14
0.471471507287194	0.166028773711025	0.026	0.023	1	CDC42SE1	c14
0.460640857765532	-0.165791009403891	0.011	0.013	1	CLNS1A	c14
0.12879019827383	-0.16577748690577	0.078	0.088	1	GPSM3	c14
0.207170413674822	0.164576887323468	0.073	0.066	1	UQCR10	c14
0.427640115263276	0.16420501494803	0.03	0.027	1	PSMD8	c14
0.385125281991179	0.164024039965343	0.038	0.035	1	SNHG5	c14
0.409236058204786	0.163982232577491	0.035	0.032	1	HNRNPU	c14
0.0421410893628476	-0.163837327370081	0.288	0.306	1	HSPA8	c14
0.427841138925488	-0.163500410815971	0.015	0.017	1	XRCC5	c14
0.337612845937064	0.163286702038477	0.04	0.036	1	TBCA	c14
0.00221126673520447	-0.162759236876789	0.262	0.293	1	UBA52	c14
0.196722757930016	-0.162419987828936	0.052	0.058	1	PPP1CA	c14
0.768690060985699	0.162396075955153	0.01	0.009	1	SMAP1	c14
0.0914907703543538	0.162105821492934	0.102	0.091	1	GUK1	c14
0.397747176450329	-0.161819869602571	0.022	0.025	1	RASAL3	c14
0.672883930109853	0.161368149270491	0.013	0.012	1	RGS14	c14
0.358152518643841	-0.161275745701458	0.014	0.017	1	SDF2L1	c14
0.215289371632419	0.161162651792629	0.012	0.009	1	NMB	c14
0.347714476837134	-0.160970911305704	0.02	0.023	1	CD82	c14
0.303224416635358	-0.160466880525826	0.025	0.029	1	REEP5	c14
0.938332875625835	0.160443641042193	0.018	0.018	1	TRADD	c14
0.497952065623679	-0.160285903439033	0.008	0.01	1	RNF10	c14
0.0719824133209693	-0.159780952595305	0.069	0.08	1	UCP2	c14
0.428398586487138	0.159744406790827	0.036	0.033	1	CCDC107	c14
0.468872467797514	0.159463748971045	0.027	0.024	1	NDUFC1	c14
0.530914991149898	-0.159150030976547	0.024	0.026	1	RPS4Y1	c14
0.387237862795273	-0.159134357515805	0.022	0.025	1	PRKAR1A	c14
0.67869898544462	0.159086486544572	0.013	0.012	1	MYO1F	c14
0.000333808875983718	-0.158903154188973	0.6	0.622	1	TPT1	c14
0.520373725527758	0.158728267397787	0.024	0.022	1	CBX3	c14
0.377972348665033	-0.158574941993646	0.02	0.023	1	SPRY1	c14
0.54337276437744	0.158288756338519	0.021	0.019	1	CLPP	c14
0.705562217193329	0.157491466989192	0.013	0.012	1	PSMA3	c14
0.0937231296733496	0.156888930840327	0.119	0.108	1	SUB1	c14
0.335517350592841	-0.156099271812003	0.033	0.037	1	IDS	c14
0.302638618690196	-0.155160871261166	0.026	0.03	1	BIN2	c14
0.600338143057408	0.154979821307943	0.019	0.017	1	DDX18	c14
0.263623568556328	0.154257002319468	0.055	0.05	1	ABRACL	c14
0.10482961217523	-0.153994949110739	0.059	0.068	1	STK17A	c14
0.00858297848643427	0.153859023793271	0.296	0.27	1	ND1	c14
0.302688447663303	-0.153844646096682	0.029	0.033	1	DENND2D	c14
0.41054529572136	0.153231099832153	0.033	0.03	1	SPSB3	c14
0.415859375857973	0.153068826052004	0.034	0.031	1	ANXA11	c14
0.586996592725716	0.153046399404184	0.02	0.018	1	CYFIP2	c14
0.596068457083255	0.152915584239667	0.019	0.018	1	RABGAP1L	c14
0.691233066752752	0.152360879314838	0.014	0.013	1	VOPP1	c14
0.487510427145081	-0.152109246880748	0.011	0.013	1	PLEKHJ1	c14
0.0861742505737621	-0.15195377180977	0.116	0.129	1	LIMD2	c14
0.418583058515118	0.151933927844641	0.035	0.032	1	GABARAPL2	c14
0.289190789173958	-0.15165439239498	0.079	0.085	1	TUBA1A	c14
0.000517555950026678	-0.151642108106943	0.379	0.415	1	ACTG1	c14
0.315056110796796	-0.151524921422902	0.077	0.083	1	CYCS	c14
0.788275148463795	0.151128964765653	0.01	0.009	1	NUBP2	c14
0.261693588172133	-0.150835292760094	0.049	0.054	1	GNG2	c14
0.0357715937349976	0.150815554405627	0.157	0.14	1	RHOA	c14
0.00400327095077339	0.150686343332825	0.314	0.285	1	ATP5E	c14
0.694739334558518	0.149977480116059	0.015	0.014	1	ARIH2	c14
0.533827296598143	-0.149871183221154	0.01	0.012	1	ALG13	c14
0.236248650763795	0.149649054200214	0.08	0.073	1	HNRNPK	c14
0.373028057208684	-0.149502227725793	0.014	0.016	1	POLR2J	c14
0.540573504990525	-0.149212267913564	0.011	0.013	1	GLUD1	c14
0.762431716098095	0.148956931817214	0.011	0.01	1	S1PR4	c14
0.26937834058697	-0.148922249812097	0.039	0.044	1	PPP1R18	c14
0.508634039263841	-0.148922249812097	0.009	0.011	1	SDHD	c14
0.475509865700991	-0.148797938490587	0.013	0.015	1	PPP3CC	c14
0.42427505159887	-0.148590729148631	0.02	0.023	1	C14orf166	c14
0.784526977037245	0.148534188812785	0.01	0.01	1	TADA3	c14
0.538879893786661	0.148360079951514	0.032	0.03	1	PRKCH	c14
0.00993127213287974	-0.148176221161039	0.123	0.144	1	RARRES3	c14
0.409333268496202	-0.147984869606824	0.025	0.028	1	G3BP2	c14
0.560196453356305	0.14733499255629	0.023	0.021	1	FOXP1	c14
0.296137116317625	-0.146931982152577	0.012	0.015	1	PNPLA2	c14
0.840677538525948	0.146494082357969	0.018	0.018	1	DPM3	c14
0.00265876775938765	0.146309978247248	0.119	0.098	1	CITED2	c14
0.167240885420866	0.146284610718631	0.101	0.092	1	EDF1	c14
0.636712955065613	0.145875973117574	0.018	0.017	1	RGS19	c14
0.754789750368795	0.145782343300175	0.011	0.011	1	APOA1BP	c14
0.441639217962793	-0.14527132580704	0.02	0.023	1	AKNA	c14
0.485840120561753	-0.144855862869427	0.017	0.02	1	GCHFR	c14
0.491482354227251	-0.144855862869427	0.013	0.015	1	MGEA5	c14
0.0473770527424817	0.144809057397081	0.208	0.191	1	DDIT4	c14
0.0158061742043198	-0.14468514138429	0.212	0.235	1	HNRNPA1	c14
0.53991803283387	0.144004530332271	0.025	0.023	1	KTN1	c14
0.490275287984899	0.143750735795441	0.027	0.025	1	PHPT1	c14
0.5284320585235	0.143487759469438	0.027	0.025	1	STOM	c14
0.427388560061562	-0.143400799669041	0.029	0.032	1	ITGAE	c14
0.418141048750274	0.143168669914401	0.049	0.045	1	TSTD1	c14
0.0170740526602671	0.142842659414284	0.293	0.271	1	PFDN5	c14
0.48909376155502	-0.142776751627782	0.02	0.023	1	CCND2	c14
0.568254998110188	0.14274418434815	0.03	0.028	1	TRABD	c14
0.466480647348234	0.142141635984638	0.03	0.027	1	TMEM173	c14
0.648624309069022	0.141948743281934	0.018	0.017	1	RPN2	c14
0.495562308459569	-0.141097863763828	0.015	0.017	1	BCL11B	c14
0.701817293404551	0.140708678704399	0.013	0.012	1	LPAR6	c14
0.673205032914308	0.139864799971347	0.017	0.016	1	WTAP	c14
0.25452812244473	0.13913341796241	0.126	0.118	1	UBL5	c14
0.562221179983714	0.138517210142454	0.026	0.024	1	CAMK4	c14
0.512111742544908	-0.138272926419305	0.015	0.017	1	MACF1	c14
0.647334931077163	0.1365936852392	0.031	0.03	1	LOC374443	c14
0.466873702111796	-0.136328475847564	0.019	0.021	1	ANKRD44	c14
0.905220198863239	0.136157586473211	0.013	0.013	1	PHIP	c14
0.546844760892622	-0.13581072326642	0.009	0.011	1	KXD1	c14
0.478779627169151	-0.13561557988172	0.017	0.02	1	HMOX2	c14
0.724914463813681	0.135501391527008	0.014	0.013	1	ARRDC1	c14
0.687424365439168	0.135148179371765	0.017	0.016	1	LSM5	c14
0.454639281965432	-0.134321026246499	0.022	0.025	1	SASH3	c14
0.52183038664269	-0.133906948384106	0.011	0.013	1	ZNF207	c14
0.406220193065904	-0.133770336003824	0.028	0.032	1	CXCR3	c14
0.776706394730447	0.133654776382365	0.012	0.012	1	IER3IP1	c14
0.52918646606351	-0.133174057821793	0.01	0.012	1	SMARCA5	c14
0.320730827206642	-0.133174057821792	0.037	0.041	1	GTF3A	c14
0.527085146629581	-0.133174057821792	0.013	0.015	1	SNRPA1	c14
0.539526538202128	-0.133174057821792	0.008	0.01	1	ALKBH5	c14
0.58984638838959	0.13310125243107	0.024	0.023	1	GLIPR2	c14
0.824933024756183	0.133062780050345	0.01	0.01	1	TMEM106B	c14
0.483631993289719	-0.13272286312198	0.019	0.021	1	UQCRFS1	c14
0.500344470702264	-0.132640812559432	0.016	0.018	1	IRF9	c14
0.455648288558801	0.131964002357561	0.038	0.035	1	FKBP8	c14
0.784836362126584	0.131832205252726	0.012	0.011	1	YDJC	c14
0.00495779063783899	-0.131429676434724	0.346	0.376	1	NACA	c14
0.545169577496779	-0.131413599957355	0.009	0.011	1	MRPL53	c14
0.0544372958902785	-0.13115471354545	0.129	0.144	1	LOC101929876	c14
0.612053344232696	0.131140467919317	0.021	0.02	1	PPP1R10	c14
0.561472463817392	0.131074226956891	0.028	0.026	1	ATP5F1	c14
0.647800113984299	0.130515151173538	0.021	0.019	1	POLR2G	c14
0.0430708931538085	0.130510113091693	0.092	0.08	1	H2AFZ	c14
0.23521249166756	-0.130193561795099	0.062	0.069	1	PGK1	c14
0.670091626096446	0.130036297160447	0.019	0.018	1	PDCD6	c14
0.282635475159873	-0.129971625783448	0.235	0.242	1	HLA-H	c14
0.000887755904576979	0.129885912720858	0.525	0.506	1	COX3	c14
0.491515975389861	-0.129650991258096	0.017	0.019	1	TAX1BP1	c14
0.20276321219263	-0.129516466572644	0.114	0.123	1	CD37	c14
0.535366758935597	-0.129344230669891	0.011	0.012	1	RAB14	c14
0.662358998714659	0.129319100569567	0.019	0.018	1	GBP2	c14
0.470457197233809	-0.129259007818408	0.048	0.052	1	CD97	c14
0.577546794951117	0.128949895301152	0.041	0.038	1	IL10RA	c14
0.530663196806369	-0.128945344366605	0.012	0.014	1	PSMF1	c14
0.846789856074203	0.128855335752	0.01	0.01	1	RAB8A	c14
0.0987339095129757	-0.128706737765771	0.102	0.114	1	EIF3K	c14
0.605111837134105	0.128372405875533	0.025	0.024	1	NDUFS6	c14
0.558246396486032	-0.128278583016226	0.008	0.01	1	GIMAP6	c14
0.00240938237712515	-0.127888442074636	0.27	0.303	1	KLF6	c14
0.310920781138396	-0.127826702382301	0.043	0.048	1	HNRNPF	c14
0.547761142665325	-0.127565128076354	0.01	0.012	1	SRP19	c14
0.36269250715906	0.127412650124054	0.077	0.071	1	UBE2D3	c14
0.569607744095941	-0.127297491485122	0.008	0.01	1	NEDD9	c14
0.795397809816074	0.12675094457432	0.024	0.023	1	SYTL1	c14
0.783759195282877	0.126735939555564	0.013	0.012	1	UFD1L	c14
0.577568288939354	0.126345863835764	0.027	0.025	1	CD5	c14
0.00325425638338844	-0.126270915405414	0.643	0.671	1	ND3	c14
0.313455570846435	-0.126183010903715	0.053	0.058	1	NR3C1	c14
0.496303996325979	-0.125945387317842	0.03	0.032	1	LINC-PINT	c14
0.424126221124834	-0.125847273316	0.032	0.035	1	KMT2E	c14
5.12849862910119e-05	0.125721134053004	0.587	0.542	1	PTMA	c14
0.664765450278382	0.124910584286886	0.021	0.02	1	LPXN	c14
0.69517119056433	0.124767134835376	0.019	0.018	1	SCP2	c14
0.39543509648357	0.124693242199235	0.111	0.106	1	SNHG8	c14
0.311771325365516	-0.124350207434786	0.056	0.061	1	TBC1D10C	c14
0.573712152564009	0.124315068766318	0.028	0.026	1	MRPS6	c14
0.45229253134247	-0.123464846841864	0.029	0.032	1	IQGAP1	c14
0.917525180895638	-0.123459122521917	0.508	0.493	1	JUN	c14
0.421839328189489	-0.122921937799382	0.014	0.017	1	DNAJC8	c14
0.356599193232215	-0.122787439590094	0.05	0.055	1	SON	c14
0.0334531828110274	-0.122410137218698	0.147	0.165	1	OST4	c14
0.838895257688982	0.122231059788839	0.011	0.01	1	IRF2	c14
0.281122873465561	0.12199493304603	0.085	0.078	1	APRT	c14
0.836976840533582	0.121567141212516	0.01	0.01	1	YIF1A	c14
0.44856682404128	-0.120852197863125	0.037	0.041	1	STK4	c14
0.435219420299637	0.120126878927289	0.048	0.045	1	CSNK2B	c14
0.811456620303376	0.119879992885475	0.012	0.012	1	DDTL	c14
0.572249705005251	0.119779193231922	0.031	0.029	1	PHB2	c14
0.0116653553742479	-0.119327235426021	0.212	0.237	1	PPDPF	c14
0.563095027892086	0.119202754530813	0.036	0.034	1	BLOC1S1	c14
0.284688155704312	0.119158634741794	0.075	0.068	1	NDUFA3	c14
0.44135654314733	-0.119085396871611	0.031	0.034	1	MATR3	c14
0.357256721255341	0.118954394040278	0.052	0.048	1	HSPA5	c14
0.569729041061278	-0.118437514564894	0.008	0.01	1	TMEM14A	c14
0.434248139894747	-0.117345686274908	0.008	0.01	1	PTPN1	c14
0.778571197831505	0.117296185179236	0.014	0.013	1	ARAP2	c14
0.297044019991667	-0.116905790408458	0.072	0.078	1	CALR	c14
0.439991544733326	-0.115472056088334	0.009	0.011	1	ANAPC5	c14
0.576841515871827	-0.115472056088333	0.009	0.01	1	PPIH	c14
0.579037751666401	-0.115398757724752	0.114	0.117	1	DNAJA1	c14
0.518804099359551	-0.115015290201697	0.019	0.021	1	GHITM	c14
0.767805186264506	0.115000329117511	0.023	0.022	1	EIF1AX	c14
0.459633089747111	0.114624094936578	0.042	0.039	1	SCAND1	c14
0.65123854545786	-0.114623661450012	0.01	0.011	1	HLA-DRB5	c14
0.828820571278923	0.114246030196236	0.012	0.012	1	HNRNPL	c14
0.239225270832737	-0.113903831668906	0.06	0.066	1	PLP2	c14
0.550997899865096	-0.113899636269579	0.016	0.018	1	ATF7IP	c14
0.591463392698615	0.113815065036277	0.04	0.037	1	PAIP2	c14
0.957201897880761	0.113532178108001	0.012	0.012	1	OTUD6B-AS1	c14
0.575571333839273	-0.113491691960093	0.013	0.014	1	ARHGAP30	c14
0.844652327911372	0.113346634407548	0.012	0.011	1	ITGB1BP1	c14
0.572767549699381	-0.113333145331999	0.012	0.013	1	STK10	c14
0.775422565726054	0.113242276561584	0.015	0.015	1	ERGIC3	c14
0.512193463838121	-0.112698784525521	0.022	0.024	1	VCP	c14
0.838093258250588	0.111677814046929	0.012	0.011	1	CARD8	c14
0.521561693904258	0.111417235153258	0.039	0.036	1	CDK2AP2	c14
0.562064714783689	-0.111310147046536	0.014	0.016	1	PCED1B	c14
0.125022944167961	-0.111203273396065	0.17	0.184	1	COX4I1	c14
0.158691674462674	-0.110846970704529	0.075	0.083	1	CLEC2B	c14
0.851314877858746	0.110844127204378	0.012	0.011	1	COQ10B	c14
0.592551095082072	-0.110516039394237	0.017	0.019	1	RBBP6	c14
0.557241426469828	-0.109138122366282	0.015	0.017	1	OCIAD1	c14
0.534352327327422	0.108985317634764	0.04	0.038	1	SHFM1	c14
0.923564661502893	0.108900729376355	0.009	0.01	1	LOC102288414	c14
0.638925229985724	0.108270318599058	0.037	0.035	1	ARPC5L	c14
0.668373721114877	0.108233957149813	0.025	0.024	1	ENSA	c14
0.881123089795306	0.107984940156194	0.025	0.024	1	MTDH	c14
0.701393974205471	0.107291476514698	0.027	0.025	1	DNPH1	c14
0.975869541091114	0.107227485002524	0.013	0.013	1	PLA2G16	c14
0.389564052519459	-0.107002348541933	0.057	0.062	1	TMBIM6	c14
0.897942407665562	0.106920365248114	0.01	0.01	1	HSPA4	c14
0.865772954240708	0.106302058531031	0.011	0.011	1	KDELR2	c14
0.80824065538058	0.106085713769301	0.015	0.015	1	MPC2	c14
0.758126637119575	0.105983245994062	0.018	0.017	1	CHMP4A	c14
0.682603555916103	0.105869401445501	0.023	0.022	1	NT5C	c14
0.309153983024055	-0.105849471309558	0.07	0.076	1	EIF3F	c14
0.786572659245531	0.104860372550272	0.017	0.017	1	EIF3I	c14
0.00162362734525949	-0.104714638376455	0.725	0.771	1	COX1	c14
0.598634155005364	0.104662522145606	0.033	0.031	1	PSMB3	c14
0.588882494665773	-0.104374347205002	0.014	0.015	1	TSPAN14	c14
0.602430667603235	-0.104092993957843	0.01	0.012	1	MIER1	c14
0.661630250309682	0.10391540847472	0.036	0.034	1	SHISA5	c14
0.110752914174941	-0.103814079561474	0.15	0.163	1	CLIC1	c14
0.591730590300647	-0.103809138562753	0.011	0.012	1	MMADHC	c14
0.220191146589709	-0.103622338210589	0.077	0.085	1	CIB1	c14
0.600174977162365	-0.103548888712513	0.011	0.013	1	OBFC1	c14
0.663495665474963	-0.103322973422217	0.026	0.027	1	AIM1	c14
0.217665330634672	-0.103200806813248	0.039	0.045	1	RNF213	c14
0.245700836513478	0.103155276954332	0.048	0.042	1	LAG3	c14
0.745420656438253	0.103132248916744	0.017	0.016	1	PRNP	c14
0.737013306579652	0.102784195439972	0.021	0.02	1	PTPN7	c14
0.575894564789671	-0.101489633779128	0.015	0.017	1	NDUFB3	c14
0.2530282523816	-0.101364894036543	0.451	0.451	1	PFN1	c14
0.90738787733638	0.10083129940047	0.017	0.017	1	SEC11C	c14
0.769414067555629	0.100256634967104	0.032	0.031	1	TECR	c14
