p_val	avg_log2FC	pct.1	pct.2	p_val_adj	gene	seurat_clusters
0	4.9370898150782	0.599	0.04	0	CCL4L2	c30
0	4.69722632335948	1	0.221	0	CCL4	c30
0	4.49368176596543	0.725	0.079	0	CCL4L1	c30
0	4.0911860754094	0.562	0.074	0	CCL3	c30
0	3.700601594176	0.124	0.012	0	CCL3L1	c30
0	3.07023192127751	0.374	0.068	0	IFNG	c30
0	1.32696587164454	0.783	0.383	0	CCL5	c30
4.37660076549853e-299	3.14100580633311	0.255	0.056	9.08844914963424e-295	XCL2	c30
2.96688681865749e-244	1.338272656056	0.594	0.254	6.16103716762415e-240	NKG7	c30
1.10993770928102e-188	2.33156872737705	0.235	0.065	2.30489664709297e-184	TNF	c30
1.03675534235542e-180	1.3052676621874	0.472	0.202	2.15292614393526e-176	CST7	c30
1.53825958340039e-179	3.46600373454572	0.056	0.005	3.19434985088926e-175	FASLG	c30
3.459998789983e-169	2.74623972426938	0.108	0.018	7.1850334872787e-165	TNFSF9	c30
6.37035725558247e-167	2.73425597824381	0.218	0.062	1.32286838769426e-162	XCL1	c30
7.67724250047867e-159	1.81452676117057	0.328	0.122	1.5942561776494e-154	GZMB	c30
2.34047085119315e-153	1.30585606202197	0.405	0.172	4.8602217695877e-149	GZMA	c30
1.1682670871287e-127	1.06581593364093	0.585	0.335	2.42602343313147e-123	CD69	c30
7.26308183195894e-119	1.64215269869559	0.214	0.072	1.50825157322459e-114	KLRD1	c30
3.19356968233216e-117	-0.869075663008829	0.612	0.772	6.63176680233096e-113	RPL32	c30
5.00239302607259e-114	2.98028739851164	0.051	0.006	1.03879693579423e-109	EGR2	c30
1.18577914027506e-113	-1.16096838472469	0.388	0.613	2.46238896269519e-109	RPS8	c30
6.83128445437361e-107	-0.825631517597189	0.577	0.745	1.41858452979522e-102	RPL11	c30
1.59632164098226e-103	-0.705271189994033	0.73	0.833	3.31492151966377e-99	RPL39	c30
3.96810884547852e-101	-1.03877342894992	0.369	0.59	8.24017482852069e-97	RPS13	c30
5.08633435561915e-101	-0.81369458270797	0.582	0.74	1.05622819228787e-96	RPL34	c30
1.13605545965675e-100	-0.708152274675367	0.701	0.816	2.35913276752321e-96	RPL13	c30
1.7113019677437e-99	0.853920754602325	0.522	0.296	3.55368966621657e-95	SRGN	c30
2.20828256402158e-99	2.9205441296232	0.051	0.007	4.58571957244721e-95	CRTAM	c30
9.17015851637968e-96	1.45100649604743	0.254	0.105	1.9042751175114e-91	NR4A2	c30
6.27573699416353e-92	1.11429536200137	0.478	0.284	1.303219544208e-87	KLF6	c30
9.38684444898136e-89	1.4697658696597	0.198	0.074	1.94927211827547e-84	PRF1	c30
4.20284004272338e-87	-0.92348663290018	0.4	0.599	8.72761763271936e-83	RPL37	c30
1.63844123024953e-85	-0.922809969717327	0.44	0.623	3.40238705873617e-81	RPS3A	c30
2.84337480272624e-82	-0.826988977776729	0.502	0.669	5.90455211534132e-78	RPS23	c30
7.81800830891623e-82	1.16670916109185	0.259	0.114	1.62348760542954e-77	GZMH	c30
4.36251337053327e-79	1.0750843282609	0.389	0.213	9.05919526524939e-75	DUSP2	c30
7.02439476251634e-79	-0.7440430043703	0.538	0.697	1.45868581638414e-74	RPL18A	c30
3.48276723443553e-76	1.18509049023123	0.268	0.125	7.23231443902882e-72	CD8A	c30
6.202759997334e-76	1.79658801901513	0.11	0.032	1.28806514104638e-71	LAG3	c30
3.97210060688176e-75	1.37692608100567	0.204	0.084	8.24846412025065e-71	TAGAP	c30
1.43222063725506e-71	-0.840436461883969	0.362	0.557	2.97414937532386e-67	RPL8	c30
3.12697469421799e-69	-0.644077907409588	0.612	0.729	6.49347565001307e-65	RPL19	c30
2.1140017155599e-68	-0.621132412933192	0.753	0.828	4.38993596253168e-64	RPS12	c30
4.30572005996806e-68	-0.820357856176865	0.386	0.567	8.94125827652967e-64	RPL29	c30
5.66828889927505e-68	-0.990920841033112	0.305	0.492	1.17707687282346e-63	RPS6	c30
6.2772725701495e-68	-0.80744530837581	0.413	0.585	1.30353842191725e-63	RPL36	c30
7.19457649130903e-68	0.469721261654959	0.828	0.665	1.49402575418523e-63	HLA-C	c30
1.85018617205011e-67	-0.605646758926922	0.78	0.862	3.84209660487926e-63	EEF1A1	c30
3.11974979523994e-66	1.28321069999653	0.245	0.117	6.47847242479526e-62	ZFP36L1	c30
2.15108319268075e-65	-0.720665413525677	0.572	0.697	4.46693935792084e-61	RPS18	c30
4.34972903208319e-63	-0.750695630829599	0.484	0.638	9.03264730802395e-59	TPT1	c30
1.90119617009867e-61	-1.08408634871585	0.213	0.396	3.9480239668269e-57	RPL9	c30
1.17165159322402e-60	-0.560871327234149	0.702	0.787	2.43305169848901e-56	RPL30	c30
1.31063683017777e-59	1.02313730526478	0.248	0.122	2.72166844154715e-55	CTSW	c30
2.49650232711161e-57	0.743108972237504	0.551	0.388	5.18423673247997e-53	ZFP36	c30
1.05015076669053e-56	1.67595558357797	0.093	0.029	2.18074308210955e-52	SLA	c30
1.97966014449012e-56	-0.466742473660516	0.836	0.881	4.11096225604818e-52	RPLP1	c30
3.62636128287821e-55	1.50750219429035	0.128	0.049	7.53050184002489e-51	CD97	c30
2.49467233215692e-54	-0.635213761455602	0.493	0.635	5.18043656495706e-50	RPS21	c30
4.28560527197e-54	1.13099333011634	0.22	0.107	8.89948790777291e-50	GZMK	c30
5.00505927577946e-54	0.274418900639811	0.975	0.923	1.03935060920836e-49	B2M	c30
2.51451185144706e-53	-0.968868956198557	0.451	0.589	5.22163531071496e-49	COX3	c30
5.95540830233735e-53	-0.338037634139374	0.925	0.94	1.23670008806337e-48	RPL41	c30
5.85278169376857e-52	-0.931639595199465	0.263	0.427	1.21538864652798e-47	RPS5	c30
6.37290907019146e-52	-0.449329577079052	0.827	0.865	1.32339829751596e-47	RPL10	c30
9.26670107120146e-52	-0.637629033253844	0.47	0.614	1.9243231444457e-47	RPL12	c30
3.60937256383418e-50	0.62316068258776	0.57	0.411	7.49522306605805e-46	H3F3B	c30
5.25955454344546e-50	-0.613180355753074	0.524	0.653	1.09219909649188e-45	RPS14	c30
1.07211081449853e-49	-0.60178845486588	0.554	0.673	2.22634531738765e-45	RPS4X	c30
1.80188584484313e-49	-0.819512967763752	0.269	0.435	3.74179614540124e-45	RPS9	c30
2.14033859226075e-49	-0.577052715135522	0.605	0.697	4.44462712068868e-45	RPS27A	c30
7.65930985586775e-49	-0.717382403087448	0.383	0.532	1.5905322846695e-44	RPL18	c30
1.22661137645712e-48	1.53118234142099	0.122	0.048	2.54718118435085e-44	LOC101060038	c30
3.11836721604177e-48	-0.467673213646464	0.333	0.497	6.47560136083235e-44	FTH1	c30
4.95981188532775e-48	-0.833846272297194	0.284	0.444	1.02995453610716e-43	RPL5	c30
5.42534987569246e-48	-1.02670088549317	0.177	0.337	1.1266281551863e-43	RPL22	c30
1.21198165678258e-47	-0.631161694396185	0.449	0.589	2.51680110847471e-43	RPL35A	c30
1.29416454366705e-47	1.47670191687008	0.114	0.044	2.68746209137899e-43	TIGIT	c30
1.63545663731721e-47	-0.832263207456629	0.304	0.459	3.39618925305291e-43	RPLP0	c30
1.19258531863684e-46	1.68887851631655	0.079	0.025	2.47652267268126e-42	CBLB	c30
3.17424184443182e-45	-0.504639626265239	0.561	0.682	6.59163061414711e-41	RPS15	c30
1.53749559542482e-44	-0.711164247497061	0.377	0.52	3.19276335345919e-40	RPL3	c30
3.18255235891e-43	1.46585222583894	0.093	0.034	6.60888822851251e-39	CMC1	c30
1.39263987404866e-42	2.01765758692067	0.061	0.018	2.89195596244945e-38	MIR155HG	c30
1.42334679301584e-40	-0.342793532747444	0.787	0.86	2.9557219503767e-36	RPL28	c30
4.37162480478697e-40	-2.73547434218582	0.021	0.124	9.07811606962063e-36	LYZ	c30
6.337393589565e-40	-0.681600654773227	0.338	0.48	1.31602315280907e-35	RPLP2	c30
1.59986759348767e-39	-0.62812475002922	0.602	0.712	3.32228504463651e-35	ND3	c30
4.0228889800641e-39	-0.632367018512321	0.355	0.499	8.35393125600111e-35	RPL6	c30
6.63338395201744e-39	0.409265331428279	0.722	0.584	1.37748851147594e-34	HLA-A	c30
8.68457812275001e-39	1.37302764395641	0.094	0.036	1.80343949297027e-34	PTGER4	c30
1.81488579557771e-38	2.28970340206882	0.033	0.007	3.76879184309668e-34	NFKBID	c30
5.0120174888935e-38	-1.04410554318843	0.157	0.292	1.04079555174362e-33	EEF1B2	c30
5.98619191292546e-38	0.671875642639781	0.35	0.224	1.2430926126381e-33	HCST	c30
6.55215569316093e-38	-1.33889027957771	0.083	0.205	1.3606206512418e-33	EEF1G	c30
8.49591116033103e-38	1.83236086906999	0.057	0.017	1.76426091155434e-33	RILPL2	c30
1.1483579301077e-37	-0.905996232649664	0.187	0.325	2.38468007766166e-33	RPL10A	c30
4.14157001739826e-37	1.15561294236862	0.164	0.082	8.60038429812922e-33	RGCC	c30
4.07518681586669e-36	-0.43999359134169	0.663	0.745	8.46253294182876e-32	RPS19	c30
4.26631833234348e-36	-0.595482222718476	0.425	0.545	8.85943664894446e-32	RPS25	c30
4.77294921155925e-36	-0.630450280262074	0.369	0.499	9.91150633272395e-32	RPL14	c30
9.6540117820201e-36	1.42732052126433	0.088	0.034	2.0047520866543e-31	APOBEC3G	c30
1.01437614533446e-34	-1.20841108589666	0.098	0.218	2.10645350340155e-30	PABPC1	c30
1.04252139658284e-34	1.04514146062527	0.142	0.068	2.16489993214392e-30	CLEC2B	c30
1.22905114340152e-34	-0.776418307201821	0.216	0.352	2.5522476043876e-30	GNB2L1	c30
6.20734998069604e-34	-0.45078981250927	0.546	0.656	1.28901829699134e-29	RPL26	c30
7.05348655514505e-34	0.71202897458974	0.295	0.184	1.46472701804142e-29	CD7	c30
7.93343480543661e-34	1.57644863895703	0.064	0.022	1.64745707169697e-29	PDCD1	c30
8.09123202199426e-34	-0.820272944246878	0.32	0.451	1.68022524168733e-29	FTL	c30
1.52149034950603e-33	1.44895179476128	0.074	0.027	3.15952685978422e-29	KLRG1	c30
4.38998311805331e-33	-0.814071305006244	0.199	0.329	9.11623894294951e-29	RPS16	c30
5.34345145047375e-33	-1.50544484169078	0.067	0.173	1.10962112820538e-28	LTB	c30
3.85247233665946e-32	2.3099708397805	0.027	0.006	8.00004405430703e-28	TNFRSF9	c30
4.13023762982263e-32	0.840810648031322	0.229	0.135	8.57685146208967e-28	PNRC1	c30
5.41538726752525e-32	-0.433557875212579	0.534	0.644	1.12455931997429e-27	RPS24	c30
6.3116503245069e-32	-1.04213683489569	0.122	0.239	1.3106773063871e-27	RPL4	c30
2.34916722888619e-31	1.37764443193504	0.077	0.03	4.87828066750505e-27	LYST	c30
2.94653502456649e-31	0.75076653444535	0.336	0.229	6.11877463201478e-27	NFKBIA	c30
1.05952571892819e-30	4.5129921061309	0.013	0.002	2.20021110792629e-26	IL21	c30
1.39791771519598e-30	-0.699351902998808	0.242	0.369	2.90291592737597e-26	NACA	c30
1.65200028360651e-30	2.37905335286343	0.024	0.005	3.43054378893729e-26	TNIP3	c30
7.67344216534536e-30	-0.633053896474998	0.28	0.406	1.59346700005562e-25	RPL35	c30
9.7015254308103e-30	-2.90295165988775	0.012	0.087	2.01461877096207e-25	S100A9	c30
1.05555547014453e-29	0.963694625579717	0.159	0.084	2.19196648930213e-25	EGR1	c30
3.74562544923465e-29	-0.796854983819664	0.19	0.309	7.77816580788067e-25	RPS2	c30
3.7912357562066e-29	-3.00107926713798	0.01	0.083	7.87288017133864e-25	S100A8	c30
4.2963060603922e-29	-1.64402488884308	0.051	0.144	8.92170916501045e-25	CST3	c30
6.82462778582566e-29	0.447929149976096	0.557	0.431	1.41720220600456e-24	JUN	c30
7.95174932927428e-29	1.18551312855468	0.099	0.044	1.6512602657171e-24	GNG2	c30
8.7702060408918e-29	0.947746211563751	0.178	0.099	1.82122098645159e-24	NR4A1	c30
1.95003912094018e-28	-1.54687608175589	0.033	0.117	4.04945123854437e-24	IFI30	c30
4.79344657558279e-28	1.50764315995692	0.062	0.023	9.95407115885522e-24	ANKRD28	c30
5.24230603333256e-28	-0.405426482621985	0.641	0.705	1.08861727088184e-23	RPS3	c30
1.55721041430525e-27	2.78655717945686	0.014	0.002	3.23370314634627e-23	VCAM1	c30
1.7550027168713e-27	-0.767513590297521	0.213	0.327	3.64443864185494e-23	RPSA	c30
1.85157940490141e-27	2.27300901202787	0.023	0.005	3.84498979221827e-23	FAM3C	c30
8.64581718891466e-27	1.18380873935839	0.113	0.056	1.79539039745002e-22	PHLDA1	c30
9.01238416174929e-27	-0.767628841715825	0.188	0.302	1.87151169502886e-22	RPL21	c30
9.20411688484995e-27	1.67281501340768	0.047	0.015	1.91132691230794e-22	RAB27A	c30
1.11266382626532e-26	0.98038269797314	0.122	0.061	2.31055770162257e-22	ATF3	c30
1.76794546832531e-26	0.680916478601842	0.283	0.186	3.67131555952434e-22	TNFAIP3	c30
5.48867018752087e-26	-0.413021693285076	0.492	0.595	1.13977725114058e-21	FAU	c30
8.01591972244327e-26	1.60249332717139	0.052	0.018	1.66458588956257e-21	SPRY1	c30
2.76675073307449e-25	0.792124506292019	0.18	0.104	5.74543457230249e-21	CD8B	c30
7.54676998856032e-25	0.537581914878423	0.313	0.212	1.56716225582444e-20	UBB	c30
1.11999490618111e-24	-2.16013137900412	0.023	0.093	2.32578142217569e-20	CTSS	c30
1.33818696124563e-24	0.898242008809376	0.194	0.118	2.77887904372268e-20	GADD45B	c30
1.63748885319518e-24	0.411605222419393	0.537	0.423	3.40040935254511e-20	PFN1	c30
1.71668599866815e-24	-0.427564236440817	0.481	0.577	3.56487014483429e-20	RPS7	c30
1.9544918965875e-24	-1.01255062062965	0.097	0.191	4.0586978724536e-20	EEF2	c30
1.23583854799186e-23	-0.707932877076001	0.175	0.281	2.5663423287599e-19	PFDN5	c30
2.33168106682406e-23	1.31202995928747	0.065	0.027	4.84196890336683e-19	KLRK1	c30
1.67126604907608e-22	-3.79425097120574	0.004	0.058	3.47055107751138e-18	VCAN	c30
2.29279311151218e-22	1.07147410296264	0.089	0.043	4.7612141753662e-18	CSRNP1	c30
2.47642580159484e-22	-0.625989931529948	0.22	0.325	5.14254581959184e-18	RPL37A	c30
3.40070631101595e-22	-0.411455182408501	0.459	0.555	7.06190672545572e-18	RPL7A	c30
3.65705442300316e-22	0.615173496489723	0.245	0.16	7.59423921480836e-18	PPP1R15A	c30
7.03998209447059e-22	1.44105112604225	0.048	0.018	1.46192268173776e-17	PTMS	c30
7.23666891578423e-22	-0.292583998415693	0.768	0.795	1.50276666705175e-17	RPS15A	c30
8.74835935972904e-22	-1.08177217071618	0.065	0.145	1.81668430464133e-17	GPX1	c30
1.28717482809001e-21	-0.822687116888839	0.235	0.332	2.67294724801172e-17	ND1	c30
1.42786501101455e-21	-0.258580804984181	0.883	0.872	2.9651044818728e-17	RPS27	c30
1.50179098976849e-21	-1.19784867592027	0.062	0.14	3.11861916935325e-17	RPL7	c30
1.63092084632619e-21	-1.39724582666256	0.044	0.116	3.38677022948097e-17	PSAP	c30
1.66520481735315e-21	0.656554102775622	0.191	0.118	3.45796432371555e-17	ALOX5AP	c30
2.65625194339522e-21	0.512263656208386	0.351	0.255	5.51597278565451e-17	HSPA8	c30
3.90861617040243e-21	-0.537307814763571	0.28	0.384	8.11663233945768e-17	RPL24	c30
4.65404571441959e-21	1.29193233387713	0.057	0.023	9.66459133056373e-17	RNF19A	c30
6.20853649875961e-21	0.609407331313909	0.243	0.162	1.28926468933242e-16	CD99	c30
7.9731469145598e-21	0.987506888816684	0.112	0.06	1.65570368827749e-16	ID2	c30
1.07811483446514e-20	-1.14507963400122	0.075	0.154	2.23881326525031e-16	CD37	c30
2.11421110554418e-20	1.39601145657028	0.051	0.02	4.39037078177305e-16	NEU1	c30
2.82691649950811e-20	-2.13085522185346	0.014	0.07	5.87037480287853e-16	FCN1	c30
3.08343980743056e-20	0.531989843091741	0.439	0.351	6.40307110411031e-16	TSC22D3	c30
3.26197952184041e-20	0.339096711606121	0.421	0.315	6.77382667505379e-16	IL32	c30
7.17407107658221e-20	4.51312760226069	0.012	0.002	1.48976759976306e-15	CSF2	c30
7.96189435109898e-20	-1.55963220680073	0.032	0.095	1.65336698094921e-15	AIF1	c30
8.27339718797479e-20	1.27359186455689	0.056	0.023	1.71805366005484e-15	PTPN22	c30
4.71895940101344e-19	-3.57221610267501	0.003	0.048	9.79939109214451e-15	CD79A	c30
1.10350507773806e-18	1.0521185133197	0.08	0.039	2.29153864443085e-14	PGAM1	c30
1.1167074876312e-18	-0.72119472751688	0.139	0.227	2.31895476881496e-14	IL7R	c30
1.63820832121836e-18	-0.694060531204737	0.203	0.295	3.40190339984204e-14	ND2	c30
1.80236507967381e-18	0.700693697952059	0.159	0.097	3.74279132445063e-14	SUB1	c30
1.87840199502218e-18	0.566525218722701	0.23	0.155	3.90068958286306e-14	CLIC1	c30
3.24951645530557e-18	0.872909217673036	0.076	0.037	6.74794587108755e-14	KLRC2	c30
5.49935782607952e-18	1.03822739331556	0.079	0.039	1.14199664616367e-13	SDCBP	c30
6.16097458338421e-18	0.882811010795717	0.112	0.063	1.27938798198556e-13	HOPX	c30
6.60907201303555e-18	0.986291682185579	0.083	0.042	1.37243989422696e-13	SH2D2A	c30
6.7902026214746e-18	0.630069804450959	0.198	0.129	1.41005347637542e-13	SRSF7	c30
6.93432172167291e-18	1.48960673965812	0.037	0.013	1.4399812487226e-13	EVI2A	c30
8.33742364791611e-18	0.462132602289818	0.329	0.242	1.73134939472626e-13	MYL12A	c30
9.41397712181919e-18	0.514314715900616	0.264	0.185	1.95490648911697e-13	CD3D	c30
1.38730569840449e-17	-0.633482820130061	0.156	0.242	2.88087901330677e-13	TXNIP	c30
2.97655161406697e-17	-0.445658254498872	0.335	0.425	6.18110708177146e-13	RPL15	c30
3.31419078541515e-17	0.900044345026264	0.099	0.054	6.88224858499309e-13	RHOH	c30
3.94006406515225e-17	0.752649412990517	0.147	0.09	8.18193703769515e-13	LOC101929531	c30
4.10428722812718e-17	1.76939338763096	0.025	0.008	8.52296285792891e-13	LOC102724850	c30
6.63450132987492e-17	-3.936961564466	0.003	0.042	1.37772054616183e-12	MS4A1	c30
6.66194113452998e-17	0.563410650404102	0.252	0.177	1.3834186959965e-12	RGS1	c30
9.0704026033818e-17	-0.918404267323684	0.092	0.163	1.88355980461826e-12	GABARAP	c30
2.01223001530578e-16	-0.715649627804257	0.134	0.213	4.17859684978399e-12	RPL36A	c30
2.28118180584643e-16	-1.49878081544024	0.019	0.069	4.7371021380207e-12	LST1	c30
2.49953776767085e-16	-0.542325910617523	0.21	0.297	5.19054012834529e-12	UBA52	c30
2.57421537610689e-16	-1.59216708953988	0.02	0.069	5.34561565002357e-12	SERPINA1	c30
6.5168380421242e-16	1.25061632884903	0.077	0.04	1.35328658782751e-11	IER3	c30
9.74796516210519e-16	-0.567709762174608	0.415	0.494	2.02426244556276e-11	CYTB	c30
1.16758946942252e-15	-0.374722134718477	0.818	0.85	2.42461629220281e-11	COX2	c30
1.3332887002002e-15	0.442030307634749	0.541	0.466	2.76870731483573e-11	FOS	c30
1.63431582254674e-15	-0.919528525359676	0.078	0.143	3.39382023710056e-11	LRRC75A-AS1	c30
1.804350761913e-15	0.656521172271569	0.132	0.08	3.74691479218854e-11	CITED2	c30
2.01902552608712e-15	0.806768815358228	0.13	0.08	4.19270840747251e-11	RHOB	c30
2.50904280119665e-15	0.972348586358197	0.069	0.035	5.21027828096497e-11	ICOS	c30
2.93346199117506e-15	1.15373503995712	0.055	0.025	6.09162717087413e-11	MAP3K8	c30
3.90738097713167e-15	-0.513154549254358	0.21	0.294	8.11406733711163e-11	EEF1D	c30
8.08321526734984e-15	1.92565278912253	0.018	0.005	1.67856048241787e-10	CD160	c30
8.32146505249359e-15	-0.706612330349564	0.116	0.187	1.72803543280082e-10	TOMM7	c30
8.38456319469789e-15	1.13850507288766	0.054	0.025	1.74113839301096e-10	BHLHE40	c30
1.22852423593534e-14	2.92423961993561	0.026	0.009	2.55115342834333e-10	CXCL3	c30
1.63411810842571e-14	0.840939353840115	0.097	0.055	3.39340966395683e-10	LINC00152	c30
1.82797181311867e-14	1.33252554856216	0.039	0.016	3.79596626712224e-10	GBP2	c30
2.3188930760979e-14	-0.77374655515715	0.103	0.171	4.8154133618249e-10	RPL13A	c30
2.59966338241758e-14	1.11092746555727	0.049	0.023	5.39846097992835e-10	KLRC1	c30
3.99816188322461e-14	-2.95280152797653	0.003	0.036	8.30258296670422e-10	S100A12	c30
4.57411613781983e-14	0.761748885874361	0.112	0.067	9.49860957179666e-10	GZMM	c30
5.29636032270908e-14	1.58666675661526	0.024	0.008	1.09984218461377e-09	TARP	c30
7.89600842565777e-14	0.803348437716534	0.106	0.063	1.63968510967209e-09	CLDND1	c30
1.30122669174702e-13	-0.718674187859852	0.107	0.172	2.70212734808186e-09	RPS11	c30
1.48746773743157e-13	-1.84549556370398	0.013	0.051	3.08887550355039e-09	SELL	c30
1.53956157543753e-13	-0.804195341222282	0.102	0.165	3.19705356755357e-09	TYROBP	c30
1.75274986720404e-13	1.18081981333735	0.043	0.019	3.63976037423591e-09	MATK	c30
1.97603310182847e-13	-0.350446287987017	0.453	0.522	4.10343033925701e-09	RPS29	c30
2.20434027689534e-13	-0.697338014634148	0.529	0.591	4.57753301900087e-09	RNR1	c30
2.37308779200536e-13	0.933122400484595	0.073	0.039	4.92795410887833e-09	FYN	c30
2.80144749686156e-13	0.389628217211687	0.33	0.255	5.81748587198271e-09	CD3E	c30
3.2911876349998e-13	-0.501499216427223	0.199	0.275	6.83448024284059e-09	RPL27	c30
4.37153569434894e-13	-0.633120330664161	0.123	0.19	9.07793102288501e-09	LAPTM5	c30
5.27853578484216e-13	0.144770807685467	0.206	0.141	1.09614074108032e-08	GNLY	c30
6.08582206081062e-13	0.658414916853733	0.194	0.137	1.26378180914793e-08	ANXA1	c30
6.53944744731952e-13	1.2652696918528	0.036	0.015	1.35798165691037e-08	NR4A3	c30
8.62819466788165e-13	-0.515813945494111	0.18	0.253	1.7917309047323e-08	RPL38	c30
1.0473886198677e-12	-3.39976343946298	0.003	0.033	2.17500720801726e-08	MNDA	c30
1.10353969660078e-12	-0.289542497468995	0.867	0.89	2.29161053396118e-08	MALAT1	c30
1.45559428242922e-12	1.42831538518142	0.027	0.01	3.02268708689251e-08	KLRF1	c30
1.47543133706625e-12	0.712461083759625	0.096	0.057	3.06388071455178e-08	CTSC	c30
1.49426321122006e-12	0.867827915812945	0.086	0.05	3.10298698441957e-08	DUSP4	c30
1.62278485242673e-12	0.580097082342	0.17	0.117	3.36987502454935e-08	IL2RG	c30
1.96151697952313e-12	-1.04535322925218	0.046	0.094	4.07328615967774e-08	LDHB	c30
2.14168270906534e-12	1.03057961676485	0.053	0.026	4.44741831364508e-08	ARHGAP9	c30
2.30034497549193e-12	0.682322813047417	0.11	0.068	4.77689637610653e-08	LITAF	c30
2.66645767516392e-12	0.155250132879531	0.904	0.861	5.53716600824539e-08	TMSB4X	c30
2.76566614865768e-12	-0.406952970844712	0.326	0.397	5.74318232430254e-08	RPL23A	c30
3.4163038650297e-12	1.39100283577592	0.028	0.011	7.09429660612066e-08	GLUD1	c30
3.48528118804017e-12	1.59723945179263	0.021	0.007	7.23753491508422e-08	EOMES	c30
3.73881010053757e-12	1.59045807493852	0.023	0.008	7.76401305477633e-08	HAVCR2	c30
6.55299339642669e-12	-0.479564149543422	0.343	0.407	1.36079460870197e-07	S100A4	c30
7.4304909322997e-12	1.19801034138667	0.037	0.016	1.54301574700135e-07	SAMD3	c30
1.07811868502535e-11	-0.426191969773063	0.594	0.643	2.23882126132364e-07	ATP6	c30
1.65830046899266e-11	-0.655926386655622	0.255	0.315	3.44362675391017e-07	S100A6	c30
1.68135620234305e-11	0.414031135702287	0.301	0.236	3.49150428978558e-07	IER2	c30
1.72118909259006e-11	0.708085248718457	0.101	0.062	3.57422126967252e-07	SRSF2	c30
1.85564715498928e-11	0.95391778546836	0.056	0.029	3.85343688205074e-07	ARPC5L	c30
2.01538495579971e-11	1.09859835331102	0.048	0.024	4.18514839921368e-07	PLEK	c30
2.11045318251443e-11	-5.68613365978592	0	0.024	4.38256707880947e-07	NAPSB	c30
2.13985822564352e-11	0.915801061324968	0.066	0.036	4.44362959137134e-07	MYADM	c30
2.57774714171832e-11	0.944536153539993	0.057	0.03	5.35294971449225e-07	CDK2AP2	c30
4.09451192263958e-11	0.33847591650873	0.398	0.327	8.50266345855335e-07	IFITM1	c30
4.23875192002614e-11	0.764665058593258	0.078	0.045	8.80219223712628e-07	CXCL13	c30
4.82989919220748e-11	-0.5579101841715	0.125	0.186	1.00297686625381e-06	COX4I1	c30
6.50316130878355e-11	0.785948061845583	0.094	0.058	1.35044647738199e-06	EZR	c30
6.88383374277238e-11	0.675148226824085	0.108	0.069	1.42949691502411e-06	TUBA4A	c30
7.21618977748542e-11	1.32761502479064	0.033	0.015	1.49851396919262e-06	PRNP	c30
7.54298950328577e-11	0.422680665015805	0.239	0.18	1.56637720025232e-06	PTPRC	c30
7.8813451983961e-11	0.653385366450564	0.114	0.074	1.63664014389893e-06	CALR	c30
1.13697057923722e-10	0.50352340678058	0.162	0.113	2.36103310484402e-06	EVL	c30
1.62506438813566e-10	0.416892150269451	0.265	0.206	3.37460870840251e-06	HLA-H	c30
1.71536697644333e-10	-1.70024060598129	0.013	0.044	3.56213106328222e-06	GRN	c30
2.14349334104947e-10	-1.13641162416523	0.032	0.07	4.45117827202332e-06	RPS17	c30
2.20934173423287e-10	0.91234424462599	0.051	0.027	4.58791904530798e-06	KLRC3	c30
2.40272835629033e-10	-0.543423491920469	0.81	0.835	4.9895057046725e-06	RNR2	c30
3.40242548619828e-10	-0.814220121406071	0.021	0.055	7.06547676463935e-06	TIMP1	c30
4.01670773816736e-10	0.773440961353419	0.077	0.046	8.34109528907835e-06	CD96	c30
4.03055313781173e-10	-1.19438208662865	0.027	0.063	8.36984664597985e-06	EIF3E	c30
4.17607666670464e-10	0.764520677726429	0.073	0.043	8.67204080607885e-06	PIK3R1	c30
4.60568818516948e-10	1.85729877081989	0.013	0.004	9.56417208532294e-06	LYVE1	c30
4.70142230647049e-10	0.860831577693457	0.057	0.031	9.76297356161663e-06	SYTL3	c30
4.78610544437879e-10	-0.595155405760768	0.113	0.167	9.93882656579699e-06	RPL31	c30
5.50363435341199e-10	0.497727504958299	0.42	0.363	1.14288470982953e-05	GAPDH	c30
8.91725359575181e-10	1.0731201207869	0.037	0.018	1.85175688169382e-05	PYHIN1	c30
1.00970931705305e-09	-0.694524649661864	0.063	0.108	2.09676236779237e-05	FCER1G	c30
1.04127371464212e-09	1.82616903535572	0.012	0.004	2.16230899582582e-05	CCL2	c30
1.1962642264551e-09	0.959142295358274	0.047	0.024	2.48416229265667e-05	MAPRE2	c30
1.28607796314644e-09	-1.93554716155245	0.009	0.035	2.67066949826991e-05	NOSIP	c30
1.64747667593297e-09	1.12993369360826	0.034	0.016	3.4211500652424e-05	PTPN7	c30
1.77266666640593e-09	0.785126643850423	0.068	0.04	3.68111959945855e-05	LCP2	c30
1.8576885102491e-09	0.297768757760021	0.37	0.305	3.85767596038328e-05	CFL1	c30
1.93060488939949e-09	0.516952874114483	0.145	0.102	4.00909411332698e-05	MCL1	c30
2.86715188747785e-09	0.529395659619941	0.135	0.094	5.95392760953651e-05	PSMB9	c30
3.00674421223138e-09	-0.240483092653145	0.648	0.697	6.24380503111968e-05	TMSB10	c30
3.26943318812862e-09	-1.84946317090376	0.009	0.035	6.7893049584679e-05	C1orf162	c30
4.02859205557155e-09	1.839024599351	0.011	0.003	8.36577426259988e-05	TNFSF14	c30
4.20702356151392e-09	1.32632606230041	0.022	0.009	8.7363051278398e-05	SLC7A5	c30
5.04369389943642e-09	0.825758134245741	0.057	0.032	0.000104737347515697	H3F3C	c30
5.42347693992856e-09	1.41732336979114	0.019	0.007	0.000112623922134556	CDK17	c30
6.42133072963674e-09	0.405880884704508	0.196	0.147	0.000133345353931637	RHOA	c30
6.71329419353009e-09	0.345415381713931	0.289	0.232	0.000139408267222846	PTPRCAP	c30
7.11780069830578e-09	-2.30434916577505	0.005	0.027	0.000147808249301018	SAMHD1	c30
7.49913655161849e-09	1.66886213678711	0.013	0.004	0.00015572706963091	MAP1LC3A	c30
7.94199047013403e-09	0.830423064828496	0.053	0.03	0.000164923374102803	RUNX3	c30
9.33838762325077e-09	-0.683951940554461	0.071	0.114	0.000193920957384425	SLC25A6	c30
9.94106937256020e-09	2.17293822011264	0.01	0.003	0.000206436246590585	TYMS	c30
9.94844579599844e-09	-1.60849003607747	0.011	0.036	0.000206589425399704	CYBB	c30
1.01048925359626e-08	0.42586502641511	0.187	0.14	0.0002098381984018	ARPC2	c30
1.08746714743153e-08	0.45001791004725	0.167	0.122	0.000225823427835631	HNRNPA2B1	c30
1.09407613200958e-08	-3.12842583710038	0.002	0.022	0.00022719584957311	LGALS2	c30
1.16566319754302e-08	-0.578373871621077	0.189	0.244	0.000242061619601785	ND5	c30
1.21826120731851e-08	0.683304114269708	0.082	0.052	0.000252984122311763	PARK7	c30
1.30942069079375e-08	-2.28597742026609	0.005	0.027	0.000271914300650231	APLP2	c30
1.35741388344927e-08	0.418226639285412	0.182	0.136	0.000281880567037075	PSME1	c30
1.49817399892546e-08	0.700211407593259	0.073	0.045	0.00031111081261686	SEPT7	c30
1.61376032443207e-08	0.883818227118812	0.047	0.026	0.000335113468971564	SH2D1A	c30
1.79668312892523e-08	0.926918866466518	0.031	0.015	0.000373099218552613	SPON2	c30
1.86806112958818e-08	0.436707517471792	0.166	0.122	0.000387921574170282	FOSB	c30
1.95516380333718e-08	0.716325428436453	0.058	0.034	0.000406009315401	ITM2C	c30
2.0898442559879e-08	-1.6612774504369	0.011	0.035	0.000433977058198447	CFD	c30
2.13893945365574e-08	-0.507438929543377	0.109	0.158	0.000444172166946151	HINT1	c30
2.14002979657986e-08	0.660119715783297	0.074	0.046	0.000444398587557774	ZNF683	c30
2.48710104266588e-08	-2.64955943688186	0.003	0.023	0.000516471402519997	CCR7	c30
2.72990933255517e-08	0.440927204075949	0.198	0.151	0.000566892971998407	BTG2	c30
3.54461410755723e-08	-0.321520616220627	0.151	0.205	0.000736074565575334	SAT1	c30
3.84815397639425e-08	-2.43684123525476	0.004	0.024	0.000799107654738031	CSTA	c30
4.62341977613786e-08	1.49355895561823	0.017	0.006	0.000960099350712788	CSF1	c30
5.11271441832985e-08	-0.407602376704177	0.374	0.426	0.00106170627611038	ND4	c30
5.22092520242377e-08	0.631848328236679	0.075	0.047	0.00108417732753532	TUBB4B	c30
5.67793678341301e-08	0.711010045124967	0.065	0.04	0.00117908035244355	WIPF1	c30
6.07907350166e-08	0.933706423561234	0.037	0.019	0.00126238040335472	KLRC4	c30
7.76456611604847e-08	0.359457685471043	0.231	0.182	0.00161238979965863	CORO1A	c30
8.30323768344396e-08	-1.36651432521619	0.016	0.04	0.00172425033734397	TKT	c30
8.93889017238478e-08	1.69909433820652	0.012	0.004	0.00185624993319742	IL18RAP	c30
9.02417771300824e-08	0.602320099436751	0.103	0.071	0.00187396074388329	CKLF	c30
9.60837181247829e-08	0.619954300735119	0.085	0.056	0.00199527449057924	RAN	c30
9.73204102540157e-08	0.625170025817598	0.083	0.055	0.00202095563933489	RAP1B	c30
1.06246253427047e-07	-0.728817526133056	0.053	0.088	0.00220630969866606	RPL23	c30
1.0765599849463e-07	0.834301279639424	0.046	0.026	0.00223558446473949	DENND2D	c30
1.16357846545698e-07	-1.07775036840706	0.023	0.051	0.00241628704136797	MS4A6A	c30
1.19239454432089e-07	0.971742168746724	0.034	0.017	0.00247612651073677	TGIF1	c30
1.24616927565619e-07	-4.06402036774875	0.001	0.016	0.00258779511782765	FOXP3	c30
1.26918924782363e-07	-0.928731501697144	0.038	0.07	0.00263559839203056	NPC2	c30
1.46005949749555e-07	1.18806152308201	0.023	0.01	0.00303195955249926	B3GNT2	c30
1.50215601743505e-07	-0.440407679309579	0.132	0.179	0.00311937718580563	COX7C	c30
1.54024496860966e-07	0.347862019016361	0.209	0.163	0.00319847270181483	RAC2	c30
1.62825627834535e-07	-1.71900629690372	0.008	0.029	0.00338123698761195	TMEM123	c30
1.72432804567818e-07	1.08334571206572	0.027	0.013	0.00358073961965532	RASA2	c30
2.06623694232017e-07	0.742980451078286	0.057	0.035	0.00429074763442207	CREM	c30
2.19457042802033e-07	1.20517723593027	0.022	0.01	0.00455724495082702	STARD3NL	c30
2.23862515148625e-07	1.68389904809312	0.012	0.004	0.00464872898957635	KIAA0101	c30
2.26760537994419e-07	-3.35597538884741	0.001	0.017	0.00470890933199212	MEF2C	c30
2.3767846699426e-07	0.795158572183694	0.045	0.026	0.00493563104560281	CLIC3	c30
2.47233371589436e-07	1.28692673253547	0.019	0.008	0.00513404819442622	OASL	c30
2.61568828880126e-07	1.07708647695333	0.027	0.013	0.00543173830052471	TPST2	c30
3.09033309622932e-07	-1.01137448871411	0.026	0.053	0.0064173857076298	GAS5	c30
3.37094212865531e-07	-0.746979661053705	0.051	0.085	0.00700009842436562	TSPO	c30
3.57802488993551e-07	0.934901356471419	0.036	0.019	0.00743012648644008	CXCR6	c30
3.93914269338338e-07	0.928796325481911	0.05	0.03	0.00818002371707992	BRE-AS1	c30
4.61590877902302e-07	-0.475100955323768	0.449	0.488	0.0095853961705192	ND4L	c30
4.82202717959695e-07	0.321376883318548	0.219	0.173	0.010013421641151	CALM1	c30
6.04670538168911e-07	0.763572961787164	0.054	0.033	0.0125565883956156	CKS2	c30
6.15257977879731e-07	0.546650303258577	0.096	0.067	0.0127764471686505	STK17B	c30
7.04508073096568e-07	-0.485572682312347	0.107	0.149	0.0146298146459233	COMMD6	c30
7.59246198405072e-07	-0.722787542114374	0.051	0.083	0.0157665065560797	FYB	c30
7.97501427593182e-07	-2.6732842375189	0.002	0.017	0.0165609146454	MPEG1	c30
8.7328795845762e-07	0.567163501750251	0.108	0.077	0.0181346977453309	LDHA	c30
9.80522887918879e-07	-1.57264330567677	0.008	0.026	0.0203615382905234	PRDX2	c30
1.01892267830697e-06	-0.29577824397788	0.424	0.466	0.0211589483377225	RPS26	c30
1.04466470966372e-06	0.237817028900569	0.305	0.253	0.0216935073608768	MYL6	c30
1.08400286029967e-06	1.33165521930008	0.016	0.006	0.022510403396983	SLC1A5	c30
1.12359190985968e-06	0.537744072502222	0.081	0.055	0.0233325096001462	SERTAD1	c30
1.12538170482507e-06	-4.86647979874127	0.001	0.015	0.0233696764823973	IGJ	c30
1.29387767292883e-06	0.443208830118119	0.129	0.096	0.0268686637560402	CYTIP	c30
1.40654068108914e-06	-0.675722801489464	0.049	0.08	0.0292082237834972	GPX4	c30
1.45783896656812e-06	-1.10398347592541	0.023	0.047	0.0302734839797536	SOCS3	c30
1.51339431870783e-06	0.667296785120524	0.068	0.045	0.0314271464222868	ARF6	c30
1.51418146191603e-06	0.519603360074212	0.114	0.083	0.0314434922381483	SOD1	c30
1.56570390936241e-06	-0.983537707971982	0.024	0.049	0.0325134073818198	RNASET2	c30
1.85713191702334e-06	-0.870024493386073	0.031	0.057	0.0385652013889067	LAMTOR4	c30
1.85983870233425e-06	-3.13924448773987	0.001	0.015	0.038621410492673	LEF1	c30
1.862856532899e-06	-0.445742645958492	0.473	0.51	0.0386840787621807	ATP8	c30
1.91001806159614e-06	-0.326067703070589	0.23	0.278	0.0396634350671055	CD52	c30
1.94551462584527e-06	0.35374226433424	0.326	0.277	0.0404005567203028	CRIP1	c30
2.11520866720967e-06	0.756073954873234	0.047	0.028	0.0439244231832759	LOC284454	c30
2.23766992779092e-06	-0.379354759478825	0.15	0.194	0.0464674537205063	BTF3	c30
2.245736169517e-06	-2.80636697617077	0.002	0.015	0.04663495729619	POU2F2	c30
3.04991701302762e-06	0.564615220246937	0.078	0.053	0.0633345766925315	ACTR3	c30
3.07288950107413e-06	-0.637869085042118	0.058	0.089	0.0638116233793053	SERP1	c30
3.41146955114807e-06	0.706691486046083	0.052	0.033	0.0708425766991409	FNBP1	c30
3.49046961634652e-06	0.187222924764312	0.478	0.421	0.0724830920530517	SH3BGRL3	c30
3.51410780758066e-06	0.175498005939773	0.537	0.487	0.0729739627322199	EIF1	c30
3.85065928929181e-06	0.443086465856227	0.119	0.088	0.0799627908014338	TPI1	c30
4.70816083022627e-06	1.06049387388329	0.023	0.012	0.0977696678004787	KRAS	c30
4.78084313740581e-06	0.497936653306859	0.084	0.058	0.099278988591369	ITM2A	c30
5.01033431513624e-06	0.6269100551338	0.043	0.026	0.104044602388119	FABP5	c30
5.2493605730988e-06	0.587606651336857	0.07	0.047	0.10900822166097	HSPA5	c30
5.2889461781927e-06	-3.50633957595231	0.001	0.012	0.10983025633635	BANK1	c30
5.59547878508326e-06	-1.0252634647354	0.019	0.041	0.116195712451039	EIF3L	c30
5.70755906604275e-06	0.375046191444793	0.145	0.111	0.118523171565444	MYL12B	c30
6.0143234686651e-06	-1.00722453521671	0.022	0.044	0.124893441150299	SYNGR2	c30
6.55119145391191e-06	-2.05185889634047	0.004	0.018	0.136042041731935	LTA4H	c30
6.58708546434717e-06	0.492839692382612	0.094	0.068	0.136787416752633	LCK	c30
6.75717652340841e-06	-1.67492226782929	0.006	0.021	0.140319527685099	CFP	c30
6.79280018809555e-06	-2.99807766610066	0.001	0.013	0.141059288705992	TCF7	c30
7.63900344286334e-06	0.520628109836767	0.083	0.058	0.1586315454945	RBM8A	c30
8.03759095001837e-06	-2.45184755986821	0.002	0.015	0.166908613668081	TNFSF13B	c30
8.39576477254601e-06	-0.895368684636688	0.025	0.047	0.17434645126669	EIF3H	c30
8.43268168957454e-06	-0.565080989031839	0.028	0.051	0.175113067965705	CTSB	c30
8.4527491031648e-06	0.570438827005352	0.074	0.051	0.17552978787632	KMT2E-AS1	c30
8.52754904206992e-06	-0.350157943245586	0.172	0.214	0.177083083407624	S100A10	c30
8.60757149371032e-06	0.474787447882978	0.11	0.081	0.178744829638389	ISG20	c30
1.00655834518752e-05	-1.5377734056458	0.008	0.024	0.20902190596164	CTSH	c30
1.02314921583959e-05	0.51169733822628	0.086	0.061	0.212467166161249	SAMSN1	c30
1.10957917165339e-05	0.550429062098443	0.077	0.054	0.230415210785543	SELK	c30
1.17737606705414e-05	-2.654311988154	0.002	0.014	0.244493914084464	CD36	c30
1.19278867251266e-05	0.958075709718444	0.025	0.013	0.247694495733978	SP140	c30
1.2067981303032e-05	0.596732620576846	0.058	0.038	0.250603699738763	DDIT3	c30
1.26547621363756e-05	-5.74470242667018	0.001	0.012	0.262788790523976	IGLL5	c30
1.2811874145394e-05	0.743681846469744	0.039	0.024	0.266051378503253	G3BP2	c30
1.30391819648913e-05	1.39893145200283	0.012	0.005	0.270771652682933	FAM53C	c30
1.50305144025076e-05	-0.819328814271338	0.042	0.067	0.312123662082472	HLA-DRB1	c30
1.62380335469258e-05	-2.93568112896279	0.001	0.012	0.337199004635462	LINC00926	c30
1.63107751402658e-05	0.418770563838853	0.099	0.072	0.33870955656276	CYCS	c30
1.65663555292242e-05	-2.22420401392361	0.003	0.015	0.34401693891987	CD79B	c30
1.7226418430589e-05	-1.32196727732131	0.01	0.026	0.357723805129611	FAM65B	c30
1.80383373426517e-05	-2.07541590288143	0.003	0.016	0.374584113257506	SLC11A1	c30
1.84191161180396e-05	0.977485784810238	0.024	0.013	0.38249136530721	PELO	c30
2.09697830560671e-05	0.711711516445885	0.042	0.026	0.435458514942289	DHRS7	c30
2.1224837342138e-05	0.717886368791765	0.041	0.025	0.440754972246838	BZW1	c30
2.14222603045845e-05	-4.18210961373834	0	0.01	0.444854657485001	RALGPS2	c30
2.15197321714684e-05	0.340410642143295	0.156	0.123	0.446878758272712	KLRB1	c30
2.15493785176291e-05	1.24036424890028	0.031	0.017	0.447494394297086	STMN1	c30
2.19467683124706e-05	1.33427116750709	0.012	0.005	0.455746590776765	C1orf21	c30
2.37219842424758e-05	1.61315160927959	0.011	0.004	0.492610724779252	SH2D1B	c30
2.59805990940723e-05	-1.2632913699937	0.011	0.026	0.539513120787505	GNAI2	c30
2.74126459699024e-05	1.01797182756384	0.016	0.007	0.569251006210992	FOLR2	c30
2.81079254290504e-05	0.894579622068434	0.026	0.014	0.583689179459661	YWHAH	c30
2.82909495670045e-05	1.12918618320766	0.018	0.009	0.587489858708416	SNX9	c30
2.94096620748867e-05	-2.312527581435	0.002	0.014	0.610721042647097	MAL	c30
2.94861258298614e-05	0.244418208146609	0.057	0.038	0.612308888982901	XBP1	c30
3.00399324689962e-05	0.805728188875876	0.032	0.018	0.623809237651176	APMAP	c30
3.22950874540628e-05	-0.650019173812415	0.042	0.067	0.670639786071069	GLTSCR2	c30
3.41721815562343e-05	1.97570281704537	0.029	0.017	0.70961952219676	CXCL2	c30
3.57759605386294e-05	-0.495420468268695	0.079	0.11	0.742923596545179	RPL17	c30
3.65618512436336e-05	-1.78203235153009	0.004	0.017	0.759243402925295	AP1S2	c30
3.89647417270587e-05	-1.03291231894556	0.012	0.028	0.809141826704101	TNFRSF4	c30
3.97121536608112e-05	-0.373860529242803	0.132	0.167	0.824662582920404	RPL27A	c30
4.01291988769784e-05	-1.42192106275484	0.008	0.022	0.833322943879334	PPT1	c30
4.02045979139048e-05	-1.12708024859224	0.013	0.029	0.834888680280147	GDI2	c30
4.22044835157852e-05	0.671530424163449	0.042	0.027	0.876418304688796	RBPJ	c30
4.24324143736065e-05	0.258324487765019	0.272	0.231	0.881151516882312	CXCR4	c30
4.30359017380992e-05	-1.70689802146931	0.005	0.018	0.893683535493367	AQP3	c30
4.4324008360359e-05	-3.24961643309662	0.001	0.01	0.920432357611215	VPREB3	c30
4.45349189339315e-05	-3.26601087134729	0.001	0.01	0.924812126582021	SMIM14	c30
4.54161939336358e-05	-0.73837625294248	0.042	0.065	0.94311268322588	RPS18P9	c30
4.61096760252001e-05	0.583854523295087	0.059	0.04	0.957513532339305	CALM3	c30
4.75204647257233e-05	0.949244623932554	0.02	0.01	0.98680997049437	NLRP3	c30
4.8121561072138e-05	-2.48490584844751	0.002	0.012	0.999292337224019	CCR6	c30
5.15297303388378e-05	-3.20708888055973	0.001	0.01	1	FPR1	c30
0.000123878739971462	-2.67082369961567	0.001	0.01	1	ALDH2	c30
0.000288533708450808	-2.23303354890102	0.002	0.01	1	CSF3R	c30
0.0170631776710528	-2.20931866129487	0.005	0.011	1	MZB1	c30
0.000301771165156277	2.17067010554081	0.011	0.005	1	IL1RN	c30
0.000202327686447628	-2.10947242351989	0.002	0.012	1	RNASE6	c30
0.0038547419604886	1.89069652568945	0.037	0.027	1	CXCL8	c30
0.00135858254885233	-1.83256233199635	0.002	0.01	1	CD300E	c30
0.000624391232693463	-1.79464340246809	0.003	0.012	1	LOC100509457	c30
0.000789019964834955	-1.7940154611999	0.003	0.011	1	TGFBI	c30
0.000445783762764212	1.79323276906167	0.017	0.009	1	CCL20	c30
0.000680956534282293	-1.75453943589266	0.003	0.011	1	SORL1	c30
0.00112971640729067	-1.69187540111049	0.003	0.011	1	TNFRSF25	c30
0.000106436888954197	-1.6759450931404	0.006	0.018	1	CPVL	c30
0.000529366322459311	-1.67521457763495	0.003	0.012	1	RAB31	c30
0.000105454336778232	-1.66315424924574	0.004	0.016	1	HMOX1	c30
5.19761314292538e-05	-1.6460841382929	0.011	0.026	1	LINC01272	c30
0.00231383661417685	-1.63690894189256	0.003	0.01	1	CTSZ	c30
0.000246711842771594	1.63033959743515	0.012	0.006	1	IL10	c30
0.00197784350355113	-1.62918458883323	0.003	0.01	1	FAM26F	c30
0.00325577028699628	-1.56438200208957	0.003	0.01	1	CUX1	c30
0.000301861743828163	-1.56364536942568	0.004	0.015	1	CD4	c30
0.00137695513718122	-1.55773872845895	0.003	0.011	1	PGD	c30
0.00134613793726302	-1.55646986730338	0.003	0.011	1	HCK	c30
0.00135260058675305	-1.54947111247535	0.003	0.011	1	NCF2	c30
0.00290455456507627	-1.53837340359202	0.003	0.01	1	HSPA4	c30
0.000141812395510728	1.52467276730075	0.04	0.026	1	IL1B	c30
0.000434124704236387	-1.48069769269512	0.004	0.014	1	IER5	c30
0.00080561460799747	-1.47501542335888	0.004	0.014	1	PASK	c30
0.000217630099137504	-1.45046170263053	0.098	0.125	1	RN7SK	c30
0.0206189962249112	1.44226127154105	0.01	0.006	1	IL2	c30
0.00100622135264805	-1.43958737674069	0.004	0.013	1	KCTD12	c30
0.00167219861736108	-1.37268347095481	0.003	0.011	1	IGSF6	c30
0.00191684080131401	-1.31882756979074	0.005	0.013	1	NAAA	c30
0.000453071894170494	-1.31025931991183	0.007	0.018	1	IRF2BP2	c30
0.00474021952303952	-1.30936724054167	0.005	0.012	1	LIPA	c30
0.0031959910080674	-1.30668029942011	0.006	0.014	1	IRF8	c30
0.00408768448159439	-1.30487820686674	0.004	0.011	1	AKR1A1	c30
0.00656037442844622	-1.30468928588947	0.003	0.01	1	CNOT7	c30
0.000485092041023408	-1.26298888649518	0.009	0.021	1	ID3	c30
8.68963658137688e-05	1.25647603001631	0.012	0.005	1	IRF4	c30
0.000109472506831195	1.25446695201847	0.012	0.005	1	CD2BP2	c30
0.00116668777426864	-1.24961643309662	0.006	0.016	1	NCF1C	c30
0.00843043010490906	-1.24342016713272	0.004	0.01	1	RTKN2	c30
0.000483580689077247	-1.23123375899368	0.009	0.021	1	XIST	c30
0.000141171365554521	1.22778861928094	0.012	0.005	1	GPR25	c30
9.56267662085008e-05	-1.22715320057404	0.009	0.023	1	EIF2S3	c30
8.2159476749523e-05	-1.21195902421684	0.01	0.024	1	SMAP2	c30
0.000892885515289533	-1.18252093093027	0.007	0.018	1	HLA-DMB	c30
0.0122924287836897	-1.16922480067112	0.006	0.012	1	GSN	c30
0.00662998484118192	-1.16440366188861	0.004	0.011	1	CRTAP	c30
0.00251133212700418	-1.14614970795579	0.006	0.015	1	MYCBP2	c30
0.0111618905281621	-1.14418015810602	0.004	0.01	1	DDTL	c30
0.00432218160932338	-1.12687626201843	0.006	0.013	1	DGKA	c30
0.0129905771417945	-1.12258586788303	0.004	0.01	1	PHTF2	c30
0.000604470449707508	-1.11182191629614	0.009	0.02	1	CD5	c30
0.00367475839704758	1.10145800745026	0.01	0.005	1	PCNA	c30
0.00190546050249415	-1.09652245488059	0.007	0.017	1	SYPL1	c30
0.00759542079105417	-1.09057354930879	0.005	0.012	1	LOC100131564	c30
0.00151185309966545	1.07427584867126	0.011	0.006	1	APOBEC3H	c30
0.00107048429427476	1.07356128944868	0.012	0.006	1	NFAT5	c30
5.35280487050149e-05	1.0663129211693	0.017	0.008	1	NEDD9	c30
0.000210644949760896	1.06567856945829	0.015	0.007	1	GEM	c30
0.00191475182751155	-1.0631085474587	0.008	0.017	1	CASP1	c30
0.0261830652251675	1.05495862214873	0.048	0.038	1	SOD2	c30
0.000763679926357737	-1.05359129603009	0.011	0.022	1	SNX3	c30
0.000383110419198225	-1.05354632494045	0.011	0.024	1	FGR	c30
0.00221187940475672	-1.05222654893675	0.008	0.017	1	PTPRE	c30
0.00358750962124579	1.05006623409931	0.01	0.005	1	CD226	c30
6.33810307389055e-05	1.04304873942389	0.018	0.009	1	TBX21	c30
0.00178765161519426	1.03410050354816	0.012	0.006	1	UBLCP1	c30
0.00412332373315794	1.02886014370657	0.01	0.005	1	DNAAF2	c30
0.00144647245846587	1.02846724525505	0.013	0.007	1	KIR2DL4	c30
0.752636613484863	1.02833396473014	0.022	0.021	1	CH25H	c30
0.00496586219020264	-1.02771715654053	0.007	0.015	1	CECR1	c30
0.123269684384784	1.0219282828152	0.012	0.008	1	PDK4	c30
0.022353334338738	-1.01434272046344	0.004	0.01	1	GK	c30
0.00444538510913857	-1.0087867635035	0.007	0.016	1	GRINA	c30
0.00025562142121239	1.00858606418035	0.016	0.008	1	CD70	c30
7.81144661405425e-05	-1.00760871807327	0.013	0.028	1	SPI1	c30
0.00518155712576733	1.0051974659322	0.01	0.005	1	LPCAT1	c30
0.000371614531529486	1.00131664303823	0.014	0.007	1	PPP1R14B	c30
0.00448412214218066	0.999960817566057	0.011	0.006	1	ATP6V1E1	c30
0.000188710789620578	0.998468116924989	0.017	0.009	1	RGS16	c30
0.00801330671185235	-0.99644102946355	0.006	0.013	1	UTRN	c30
0.000103048927731983	0.995969107978667	0.018	0.009	1	MAPK1	c30
0.00203090450716361	-0.986842339723924	0.01	0.02	1	CLEC7A	c30
0.000432122076037379	-0.985639551292096	0.014	0.028	1	MAFB	c30
0.00091176306788174	-0.970554987821119	0.011	0.023	1	RCSD1	c30
0.000124085222061903	0.963827031512344	0.019	0.01	1	LMO4	c30
0.0228569094956763	-0.963126057704078	0.004	0.01	1	STK38	c30
0.00114096089933878	0.95742174136279	0.014	0.008	1	DNMT1	c30
0.000168936836285026	0.952221578957857	0.019	0.01	1	TBCD	c30
0.00941951519898808	0.949676305096087	0.01	0.005	1	RRAGA	c30
0.00335576788973103	0.949072591214872	0.012	0.006	1	EDARADD	c30
0.000435456715753605	0.947926230375145	0.012	0.005	1	RASD1	c30
0.000512408070119844	0.94228168874212	0.017	0.009	1	PLK3	c30
0.0199840586840632	-0.937956673663085	0.005	0.011	1	CSNK1A1	c30
0.000326560301241214	0.936557919990766	0.02	0.011	1	MRC1	c30
5.60409785953959e-05	0.935874825735159	0.022	0.012	1	SLA2	c30
0.000605675519577283	0.91696333621608	0.017	0.009	1	RALGAPA1	c30
0.000241092622796718	0.913728419921979	0.021	0.012	1	FLJ10038	c30
0.010014432843043	0.912497976315718	0.011	0.006	1	FCRL6	c30
0.0074873986556104	0.910917517832784	0.011	0.006	1	LOC554223	c30
0.00419691255180303	0.909017407580755	0.013	0.007	1	UBE2E3	c30
0.0122726324599329	0.907780220057259	0.01	0.006	1	CPNE7	c30
0.00149230716542059	0.902228738500437	0.016	0.009	1	HNRNPAB	c30
0.00343555952351233	-0.891680466943899	0.008	0.017	1	LILRB2	c30
0.0268892384650039	-0.890105155401102	0.005	0.01	1	USP3	c30
0.00414735578619281	0.886314959857711	0.015	0.009	1	MRPS18C	c30
0.00458550282250028	0.886239237771831	0.011	0.006	1	KRT86	c30
0.000292413093973451	0.882199850593867	0.021	0.011	1	HSPA9	c30
8.57553481105747e-05	0.881345112299342	0.023	0.013	1	GPR56	c30
0.000316124608779776	-0.878778737728313	0.017	0.032	1	ARHGAP15	c30
0.0118997852205987	0.868261820576095	0.011	0.006	1	LOC100130872	c30
0.00280699021936853	-0.864820728804492	0.012	0.022	1	TTC39C	c30
0.0137443785951481	-0.861415118790093	0.007	0.014	1	EIF2S2	c30
0.00026574003960496	0.861288054533492	0.021	0.012	1	SLC20A1	c30
0.00272580735727533	0.857451850032819	0.016	0.009	1	ARPP19	c30
0.00917137222742576	0.855819841893978	0.012	0.007	1	SNRNP40	c30
0.0128659164018545	-0.855374133393369	0.008	0.015	1	PLEC	c30
0.00448017938502316	-0.855175838424891	0.008	0.017	1	RWDD1	c30
0.00189497523314202	0.854294794140034	0.017	0.01	1	CCSER2	c30
0.00286716505172391	0.852561353685747	0.016	0.009	1	PCMT1	c30
0.0288779769017849	-0.852043284866365	0.006	0.011	1	BLVRB	c30
0.0222870662629269	-0.849463170903757	0.006	0.012	1	TPP1	c30
0.0012810133764779	0.848670694257034	0.018	0.01	1	MAP2K3	c30
0.0218568566985104	0.847132619699953	0.01	0.006	1	FRMD4B	c30
0.0183664868213179	0.846390428974047	0.011	0.006	1	PAF1	c30
0.00360205634505048	0.845719251925007	0.015	0.009	1	GALM	c30
0.0180153270177348	0.842870227859769	0.011	0.006	1	SUGT1	c30
0.00169187974224119	0.842740014849988	0.019	0.011	1	ARAP2	c30
0.00521852969188909	0.839358595194809	0.016	0.009	1	UBE2S	c30
0.0159118143997043	0.836799934236485	0.011	0.007	1	WBP11	c30
0.0136300801068997	-0.834517866068571	0.008	0.015	1	SP110	c30
0.00602171861347197	-0.832945145117534	0.012	0.022	1	UGP2	c30
0.00412512484971083	-0.83216200964049	0.012	0.021	1	DNPH1	c30
0.843782123218922	0.831633887426544	0.021	0.021	1	G0S2	c30
0.0098638832824983	-0.828152664658345	0.009	0.017	1	ACAP2	c30
0.00576761689500025	0.826340672384164	0.014	0.008	1	PQLC3	c30
0.0227151432899443	-0.82304778204955	0.007	0.013	1	ADRBK1	c30
0.00582708038543534	0.818637150450785	0.014	0.008	1	YIF1A	c30
0.000101819105610112	0.81830182075493	0.029	0.017	1	GPR171	c30
0.040329295800773	-0.817069165529328	0.005	0.01	1	SDHD	c30
0.224452665158726	0.81461267269211	0.028	0.024	1	PLIN2	c30
0.031667748049478	0.814375123596625	0.013	0.008	1	ARL4D	c30
0.000983909763163879	0.812142589651337	0.021	0.012	1	LOC101929910	c30
0.0118123160486006	0.811186845965579	0.013	0.008	1	SEC13	c30
0.0193515856009109	-0.810874673226508	0.008	0.014	1	HLA-DRB6	c30
0.00653125861668187	-0.810005317948084	0.011	0.019	1	RGS19	c30
0.00683600655998487	0.807158449523985	0.025	0.017	1	NINJ1	c30
0.0199879763968268	0.8070979578977	0.011	0.007	1	PPIE	c30
0.00675363896211439	-0.8037625314338	0.011	0.02	1	ZC3HAV1	c30
0.000288116588800889	-0.799594103342101	0.062	0.085	1	HLA-DQB1	c30
0.00185630957614726	0.799068757297923	0.02	0.012	1	PDCL3	c30
0.0256715525276253	-0.798405321264293	0.007	0.013	1	TM9SF2	c30
0.00288346906275012	0.794777686261832	0.018	0.011	1	MMADHC	c30
8.54686191599427e-05	0.78932816817709	0.031	0.018	1	PTGER2	c30
0.0290187479228863	0.787684725462589	0.011	0.006	1	RAB29	c30
0.000153790175324511	0.786999249336495	0.028	0.016	1	RASSF5	c30
0.0119459137442915	0.786557179456864	0.013	0.008	1	DHX36	c30
0.0275212309930797	0.786557179456864	0.011	0.006	1	POLR2H	c30
0.000154380178132785	-0.785074451195604	0.026	0.044	1	ITGB1	c30
0.0707721281070694	-0.784563396110662	0.013	0.018	1	SEC11C	c30
0.0083581422455695	0.784054672253693	0.014	0.009	1	SMIM3	c30
0.00161259929105724	-0.780004313886849	0.016	0.028	1	CNPY3	c30
0.0214967616273657	-0.778227439326662	0.008	0.014	1	ARHGAP30	c30
0.0225961490161132	0.777364755176142	0.012	0.007	1	FDPS	c30
0.0163109455753019	0.77532992403361	0.013	0.008	1	LOC102288414	c30
9.30521211747465e-05	0.775110652805755	0.028	0.016	1	PIM3	c30
0.0407424964144246	0.774313583702116	0.011	0.007	1	ADRB2	c30
0.0162824066782359	0.77373313909928	0.014	0.009	1	MIB2	c30
0.00315640873653942	0.773357681702004	0.018	0.011	1	PLA2G16	c30
0.000126177748793074	0.769130107698679	0.029	0.017	1	POLR2K	c30
0.0253894656425459	0.768635271459602	0.011	0.006	1	RN7SL2	c30
0.0189014944253343	-0.768511211876473	0.008	0.015	1	FBL	c30
0.0240063893804295	0.766208534065061	0.012	0.007	1	SLAMF6	c30
0.0410947636146993	0.763021664996074	0.01	0.006	1	NDFIP2	c30
0.00101383869805822	0.760494882870668	0.023	0.014	1	ACTN4	c30
0.046674999541173	-0.759635751099717	0.006	0.01	1	FAM102A	c30
0.027828914382665	0.757861746456398	0.011	0.007	1	CDK6	c30
0.000905317013473233	0.755954195778619	0.023	0.014	1	HNRNPLL	c30
0.000967825661922964	0.755954195778619	0.023	0.014	1	LAMTOR5	c30
0.0300349841001141	0.755758692088523	0.011	0.007	1	C1orf52	c30
0.0133270761403068	-0.75504895206991	0.01	0.018	1	STXBP2	c30
0.00655863694928286	0.754911552840398	0.017	0.01	1	CCT7	c30
6.3898258895466e-05	0.753981575911993	0.035	0.021	1	AKIRIN2	c30
0.0101560932838156	0.753921030974582	0.015	0.009	1	JOSD2	c30
0.0531519851050203	-0.752601631651167	0.006	0.01	1	LMAN1	c30
0.000228564012903932	0.752347753783893	0.03	0.018	1	BTG3	c30
0.0541364647422582	-0.752038205867617	0.404	0.392	1	CD74	c30
0.0414126368169217	-0.751955118066121	0.006	0.011	1	PRKCB	c30
0.00564680431074186	0.749696732783818	0.017	0.011	1	TOX	c30
0.0329176055047316	0.747376997977573	0.011	0.007	1	IMP4	c30
0.0313655041530931	-0.745937901370157	0.007	0.013	1	EFHD2	c30
0.0105642750627431	-0.745887300909254	0.012	0.02	1	NCF1	c30
0.000141246274498853	0.743334554308854	0.031	0.018	1	GABARAPL1	c30
0.00612585013931052	0.739801856558427	0.019	0.012	1	PPP1R12A	c30
0.0119898337001366	0.734377315131814	0.015	0.009	1	SLAMF1	c30
0.0101493078082819	0.727663490403295	0.016	0.01	1	NAA50	c30
0.0303420281817115	-0.727565080713843	0.008	0.014	1	LINC01420	c30
0.00103916167159465	-0.727274285968305	0.021	0.035	1	PEBP1	c30
0.00674228601065078	0.724575308615725	0.022	0.014	1	WTAP	c30
0.02246876603398	0.723162098168355	0.013	0.008	1	TMIGD2	c30
0.0364351555588161	0.722622873702766	0.019	0.013	1	MT1E	c30
0.00785096988351212	-0.722505206905034	0.013	0.023	1	RPS10	c30
0.0582915556424582	-0.717629819349812	0.006	0.01	1	ACAA1	c30
0.00702992182211334	-0.714820719069966	0.014	0.024	1	LAPTM4A	c30
0.0535857248246449	0.713957621268337	0.016	0.011	1	TUBB2A	c30
0.042294575947942	-0.713288707626342	0.008	0.014	1	BNIP3L	c30
0.0116411053489165	0.713061940697644	0.016	0.01	1	NUCB2	c30
0.00472827306536102	0.712713148937324	0.019	0.012	1	IVNS1ABP	c30
0.0118651195306267	-0.712248677514578	0.012	0.021	1	SELM	c30
0.000207669565022958	0.712020860455812	0.033	0.02	1	TMEM2	c30
5.34160930805278e-05	0.711946695622326	0.074	0.053	1	HIST1H4C	c30
0.000186768738109534	-0.711811898160822	0.029	0.048	1	C10orf54	c30
0.00522367120699059	0.711523787748042	0.019	0.012	1	ADAM8	c30
0.00104473609469945	0.709059618299319	0.025	0.015	1	PTTG1	c30
0.00660226230891467	-0.707631725243871	0.012	0.022	1	AAK1	c30
0.0342150850690008	0.706492790527685	0.012	0.008	1	GRPEL1	c30
0.00378189016097696	0.706183762992844	0.021	0.013	1	PPP3CC	c30
0.000998260598366648	0.706029274044697	0.025	0.015	1	EIF4E	c30
0.000454102995204438	0.705394326562263	0.029	0.018	1	IKZF3	c30
0.03506651217726	-0.705295916872811	0.008	0.014	1	GPCPD1	c30
0.00432181275474184	0.704127975942506	0.021	0.013	1	PCED1B	c30
0.010651898988403	-0.702621782574486	0.013	0.022	1	PBXIP1	c30
5.05863517539578e-05	-0.70241587448295	0.015	0.032	1	FGL2	c30
0.0207619474051735	-0.701917238417841	0.01	0.017	1	ATM	c30
0.000417366254028144	0.701410680755322	0.03	0.019	1	AMD1	c30
0.0321192583713754	-0.69876900978366	0.008	0.014	1	LOH12CR1	c30
0.0186948810278796	0.698336819133783	0.015	0.01	1	ITGB1BP1	c30
0.0022136710312575	0.698107880020475	0.023	0.015	1	C20orf24	c30
0.00361687364732997	-0.697258597807393	0.018	0.029	1	DUSP6	c30
0.0582864402154517	0.696974286332155	0.011	0.007	1	VPS26A	c30
0.027720050919026	-0.696810764483639	0.009	0.016	1	ATOX1	c30
0.0217497601636473	0.696738917208394	0.014	0.009	1	PDCD10	c30
0.0478488702675595	-0.696682786568103	0.007	0.012	1	LY9	c30
0.051772218825137	-0.696638483875263	0.007	0.012	1	CDK5RAP3	c30
0.0248159856227135	0.696550649553045	0.013	0.008	1	PTGDR	c30
0.050630449664474	0.696066645508956	0.011	0.007	1	TMOD3	c30
0.0660633051992738	-0.695792444184369	0.006	0.01	1	ABTB1	c30
0.051766206720023	0.693045293533719	0.011	0.007	1	SPATA13	c30
0.00521342903047962	0.690743774428248	0.021	0.013	1	RAB11A	c30
0.0685955573487461	-0.69064914090841	0.006	0.01	1	HMGA1	c30
0.0207121921726242	-0.690281059508049	0.011	0.018	1	PPA1	c30
5.14237378275441e-05	0.690112775657099	0.04	0.025	1	TERF2IP	c30
0.0596056989105719	0.689578543086327	0.011	0.007	1	CIAO1	c30
0.015578084143709	0.688525096496337	0.016	0.01	1	HSPB11	c30
0.0351086421616799	0.688525096496337	0.013	0.008	1	SF3B4	c30
0.0147289868562447	-0.688070596806633	0.012	0.02	1	RSL1D1	c30
0.125406971545616	0.687715276076035	0.017	0.013	1	ARRDC3	c30
0.00811766691107888	-0.687083113614781	0.017	0.027	1	RPS4Y1	c30
0.000307938886533084	0.686005881055213	0.023	0.013	1	SEPP1	c30
0.000568669348327448	-0.685287355402588	0.026	0.043	1	SMDT1	c30
0.00254063151947022	0.685189977107355	0.038	0.026	1	CTLA4	c30
0.0347348576804356	-0.684101694603688	0.008	0.014	1	LUC7L3	c30
0.00528097481324443	0.682865876414638	0.021	0.013	1	THRAP3	c30
0.0193269309199484	0.680919557140463	0.016	0.01	1	TMEM9B	c30
0.000176574972114098	-0.679338314758577	0.034	0.054	1	RPS20	c30
0.000148569196463113	0.677742354349066	0.039	0.025	1	TAP1	c30
0.0116399623833858	-0.677733294393902	0.031	0.042	1	MTRNR2L2	c30
0.0620796086600364	-0.676967193814317	0.006	0.011	1	LRPAP1	c30
0.0587146079116733	0.675943373955968	0.01	0.006	1	GPR34	c30
0.0299452979534516	0.674017426346474	0.014	0.009	1	EIF3J	c30
0.0272563582515223	0.671850838379548	0.014	0.009	1	IRF2	c30
0.0632439737502431	-0.671507603416527	0.006	0.011	1	SNX2	c30
0.0019790819022298	0.670932394395938	0.026	0.016	1	HERPUD2	c30
0.0664661393082604	0.670733202020624	0.011	0.007	1	SDF2	c30
8.52714372677756e-05	0.670103386462585	0.039	0.024	1	SCML4	c30
0.0113777369830531	0.667616106733356	0.018	0.012	1	ARRDC1	c30
0.0418234856281337	-0.667227876039291	0.008	0.014	1	ERN1	c30
0.0113847448631119	0.663957537466971	0.018	0.012	1	JMJD6	c30
0.066115701331684	-0.662591465918573	0.006	0.011	1	PHF3	c30
0.0767969873828756	-0.661653005571366	0.006	0.01	1	SARNP	c30
0.00308231609593278	-0.660383494997236	0.014	0.025	1	ASAH1	c30
0.0219161608567848	-0.66032918586132	0.011	0.018	1	CAPZA2	c30
0.348738043296014	0.659149010132334	0.013	0.011	1	ICAM1	c30
0.00355987750611971	0.658957587488073	0.026	0.017	1	GPI	c30
0.0459744444978377	0.657274162511897	0.013	0.008	1	PSMC3	c30
0.0277427221401369	0.657274162511897	0.015	0.01	1	CHMP5	c30
0.123293960981751	0.655604054232518	0.016	0.012	1	RN7SL1	c30
0.0108518347856308	0.655456784516932	0.018	0.012	1	LOC101927902	c30
0.00286588844398728	-0.655322930893076	0.021	0.034	1	PYCARD	c30
0.00252915616672946	-0.652858181756423	0.022	0.035	1	PIK3IP1	c30
0.00195220732155983	0.652747088350833	0.027	0.018	1	IDH2	c30
0.0830424506063498	-0.652612589309777	0.006	0.01	1	ABCD4	c30
0.0156882466008297	0.652286447808845	0.018	0.012	1	GYG1	c30
0.6130200765704	0.651397596175228	0.015	0.014	1	C15orf48	c30
0.606888783218579	0.646861723273214	0.026	0.024	1	CD40LG	c30
0.0722185466961324	-0.646787511581952	0.007	0.011	1	SESN1	c30
0.000373884786987736	0.645201330211322	0.037	0.024	1	PDIA6	c30
0.0022655793939866	-0.644217007488316	0.021	0.034	1	FLT3LG	c30
0.0663039424805508	-0.643573665207471	0.007	0.011	1	ILF3	c30
0.544135349263518	0.642773120679736	0.044	0.041	1	TUBB	c30
0.0665510460288798	-0.640352643461163	0.007	0.011	1	FLOT1	c30
0.0565089835245097	0.640348246988359	0.012	0.008	1	BRWD1	c30
0.00103324400288799	0.63996655941678	0.032	0.021	1	ENSA	c30
0.056893591343152	0.638578068801992	0.012	0.008	1	RAB9A	c30
0.00543573714473992	-0.63658875212464	0.019	0.03	1	ST13	c30
0.0505951387750803	0.635963656266485	0.013	0.009	1	B4GALT1	c30
0.0150997410345357	0.634489681420795	0.019	0.012	1	THEMIS	c30
0.0383634635841153	0.633052060846581	0.014	0.01	1	EMC4	c30
0.101264109496772	0.631472669325452	0.01	0.007	1	SZRD1	c30
0.0458254680333101	-0.63089352647479	0.011	0.017	1	CEBPD	c30
0.000233422601223669	0.629957745273045	0.039	0.025	1	ZEB2	c30
0.0688866942180081	0.629439954315171	0.012	0.008	1	SLC16A3	c30
0.0817191393948065	0.628127816852381	0.011	0.008	1	CCT2	c30
0.0565941379065102	-0.627817164195094	0.009	0.014	1	CXCL16	c30
0.000698293608275807	-0.627745063690774	0.036	0.054	1	CDKN1A	c30
0.0915332137942243	0.626685842678475	0.011	0.007	1	BCL7B	c30
0.000683515749630775	-0.626655907846968	0.027	0.044	1	EIF4B	c30
0.0377311151704729	-0.625511199529528	0.01	0.016	1	GSTO1	c30
0.0468742296499991	0.624359540039162	0.014	0.009	1	IPCEF1	c30
0.00905919505169962	0.623981633750097	0.022	0.015	1	OCIAD1	c30
0.0594316334651362	-0.623964838699487	0.008	0.013	1	EIF4EBP2	c30
0.0529781776453263	-0.623894172047131	0.008	0.014	1	LAMTOR2	c30
0.0810884393510339	-0.621772561310528	0.011	0.016	1	MTRNR2L8	c30
0.00779074489249233	-0.618929302224922	0.017	0.028	1	ZFAND2A	c30
0.0557710637074152	0.61823606371714	0.013	0.009	1	PCM1	c30
0.0347176829135518	-0.617306997149931	0.011	0.017	1	LPXN	c30
0.00497356546084895	-0.613884413106971	0.021	0.033	1	UQCRHL	c30
0.00389494445028038	0.613029941334355	0.027	0.018	1	PPP4C	c30
0.0200019892052766	0.611782778353156	0.018	0.012	1	JARID2	c30
0.0355899988740224	-0.611214673414004	0.011	0.018	1	TMEM176B	c30
0.170480546777573	0.610633437393108	0.01	0.007	1	ATG101	c30
0.00260755618647605	0.60996844773354	0.029	0.02	1	MRPL54	c30
0.0044356233333822	0.608714584417269	0.028	0.019	1	SIRPG	c30
0.0891540002544327	-0.608619897461137	0.006	0.01	1	NIPBL	c30
0.00719016635002332	0.608584036303164	0.024	0.016	1	PPP1R2P9	c30
0.00303890736308326	0.608338637824683	0.029	0.019	1	RBCK1	c30
0.0916693262274526	0.607121958732078	0.011	0.008	1	DGKZ	c30
0.0296246383380093	0.606648089441929	0.016	0.011	1	ALG13	c30
0.0361768063584621	0.603997293949476	0.016	0.011	1	SMARCA5	c30
0.0934136174364125	-0.603611776743319	0.006	0.01	1	ITGB2-AS1	c30
0.00703647835977538	-0.602894909627507	0.017	0.028	1	TRAPPC5	c30
0.00291097000363777	0.602774628183148	0.032	0.021	1	RANBP1	c30
0.0957364242947573	0.601445774199875	0.011	0.008	1	PPM1M	c30
0.0251171623578701	0.600930863109683	0.018	0.012	1	SRRT	c30
0.11801373230191	0.600899251749955	0.01	0.007	1	RALA	c30
0.0303830479799146	-0.600898272283109	0.012	0.019	1	AGTRAP	c30
0.00398329582813855	0.600690634145529	0.027	0.018	1	SUPT3H	c30
0.0481490330664009	-0.600434371724274	0.011	0.017	1	UBE2J1	c30
0.0115408661891667	-0.599613258986747	0.014	0.023	1	GRB2	c30
0.0451683782596081	-0.598510504242509	0.01	0.016	1	PDCD6	c30
0.0941132452619038	-0.594985771727721	0.006	0.01	1	XRN2	c30
0.0111676530675061	-0.594858533112223	0.018	0.028	1	TCIRG1	c30
0.00152276299649178	0.594638071772512	0.036	0.024	1	DNAJB6	c30
0.00285438824779249	0.594578272181163	0.03	0.02	1	RASAL3	c30
0.00417994244193209	0.594454080949403	0.028	0.019	1	SLC38A1	c30
0.0109377338754123	-0.593840220000675	0.018	0.028	1	EML4	c30
0.0152107345399119	0.591169197223296	0.021	0.014	1	GTF2B	c30
0.0426293203240111	0.590612293053331	0.016	0.011	1	EIF6	c30
0.0727993604377987	0.59015996665336	0.013	0.009	1	LINC00892	c30
0.00823579301754222	0.58731160434433	0.025	0.017	1	TRAT1	c30
0.00170330224677599	0.585935380791635	0.034	0.023	1	PSTPIP1	c30
0.0916480524884591	-0.585805636946252	0.007	0.011	1	PILRA	c30
0.0091973705639195	0.585794774091958	0.024	0.017	1	ATF7IP	c30
0.0828488676826094	0.584752877618235	0.012	0.008	1	TMED5	c30
0.112979373868911	-0.584319719048385	0.012	0.017	1	FKBP2	c30
0.000467627695165533	0.583059957375276	0.044	0.03	1	UBE2L6	c30
0.120303303475585	0.582964465249157	0.011	0.007	1	TIPARP	c30
0.00426155746281886	0.582529525528982	0.029	0.02	1	STOM	c30
0.0136547272295713	0.58221893456096	0.023	0.016	1	UBE2L3	c30
0.0022251094244061	-0.580361066625931	0.023	0.036	1	EVI2B	c30
0.0796460782422756	0.579542859279331	0.013	0.009	1	PCGF5	c30
0.0349855904342081	-0.57900452078036	0.012	0.019	1	CAMK4	c30
0.00515630694898619	0.577853850258059	0.028	0.019	1	AOAH	c30
0.104393057501241	-0.577577475551188	0.006	0.01	1	MRPL34	c30
0.125367783921826	0.577103813827915	0.011	0.007	1	FAM32A	c30
0.0553187591106009	-0.577001250340473	0.01	0.016	1	ICAM2	c30
0.0685574971605832	0.576354167128329	0.014	0.01	1	VTI1B	c30
0.0110805942292835	-0.576093693758733	0.016	0.026	1	ATP5F1	c30
0.000761520651418619	0.575209625187389	0.039	0.027	1	ARF4	c30
0.0284800365118454	0.573696062863959	0.021	0.015	1	CHST12	c30
0.00139187257450105	0.573103362865828	0.039	0.027	1	DYNLRB1	c30
0.0692538358769851	-0.570477266396606	0.009	0.014	1	BCL11B	c30
0.0880070233004566	0.570338525740617	0.012	0.008	1	LOC101929065	c30
0.00337939672147493	0.569523673959061	0.032	0.022	1	SBDS	c30
0.059445995366476	0.569464977473821	0.015	0.01	1	PSMD13	c30
0.0423509129989953	0.565574328375087	0.017	0.012	1	ORMDL1	c30
0.00377368069170255	0.564750386316356	0.012	0.007	1	PTGDS	c30
0.0328604184917912	-0.564647097801131	0.013	0.02	1	MGAT4A	c30
0.024423775022954	0.56433425762609	0.021	0.014	1	SURF4	c30
0.0277246652525535	-0.563809098080551	0.014	0.022	1	COX7A2L	c30
0.00597156029945079	0.563134629521927	0.027	0.018	1	CCND2	c30
0.0838684662349246	0.563134629521927	0.013	0.009	1	COQ10B	c30
0.000437246797583431	0.561634157505094	0.048	0.033	1	WDR1	c30
0.0430976461451127	0.560747238833321	0.017	0.012	1	PPM1G	c30
0.000640946090094243	-0.560299855614057	0.039	0.058	1	ERP29	c30
0.0398460010815522	0.560072003486533	0.018	0.012	1	FDFT1	c30
0.0848335172984613	0.560048649648183	0.013	0.009	1	AKIRIN1	c30
0.0156804522638637	0.559528988776147	0.023	0.016	1	IDI1	c30
0.0649200293934509	-0.559217657384867	0.009	0.015	1	RNF130	c30
0.137498970743671	0.558700606396367	0.011	0.008	1	RIN3	c30
0.0574804274712607	0.558401949557127	0.016	0.011	1	CHCHD5	c30
0.000227822023834395	0.55809808393814	0.057	0.04	1	PSMB10	c30
0.121957091676518	-0.554776314603092	0.006	0.01	1	NABP1	c30
0.0195060695832432	-0.553022933792536	0.018	0.027	1	SMCHD1	c30
0.00626187713937284	0.552531372851591	0.032	0.022	1	CEBPB	c30
0.108780778687131	-0.552179203117053	0.008	0.013	1	HIST1H1C	c30
0.0496226844032226	0.551546655246715	0.017	0.012	1	GABPB1-AS1	c30
0.14303428905535	0.551021572746403	0.011	0.008	1	SPAG7	c30
0.00397858454787275	-0.550108767752425	0.029	0.043	1	CAPG	c30
0.230919664111239	0.550080985105946	0.079	0.072	1	TUBA1B	c30
0.0632054069027424	-0.550008104075426	0.01	0.015	1	CYTH1	c30
0.000441117557684445	0.54960846105181	0.074	0.055	1	NFKBIZ	c30
0.015132412125175	0.549214416654444	0.024	0.017	1	KHDRBS1	c30
0.000318700856868646	0.548550589724733	0.052	0.036	1	SLC9A3R1	c30
0.00103867435649697	-0.548509476018559	0.038	0.055	1	VAMP8	c30
0.122846575375748	0.548152440131785	0.012	0.008	1	IAH1	c30
0.041841356042363	0.547028845806386	0.018	0.013	1	RPA3	c30
0.000588676566757292	-0.545028263033632	0.03	0.047	1	CD68	c30
0.0147960430963884	0.544823398486434	0.023	0.016	1	SERPINB9	c30
0.103164852219885	-0.544359698657754	0.007	0.011	1	SNHG16	c30
0.0186882286519878	0.543383195983913	0.024	0.017	1	M6PR	c30
0.0124970410851187	0.542992972552119	0.032	0.023	1	H2AFX	c30
0.15034132068797	0.542431236173135	0.011	0.008	1	DDAH2	c30
0.0447798344579468	-0.540193298887342	0.015	0.022	1	H1FX	c30
0.000159640621605001	0.539005612605865	0.055	0.038	1	C12orf75	c30
0.0154466474672925	-0.538049111364551	0.02	0.03	1	ACTR2	c30
0.000622262996430977	0.537455947949173	0.047	0.033	1	FGFBP2	c30
0.0458681338616169	0.536955682022462	0.018	0.013	1	LBR	c30
0.166564553645566	0.534638805817243	0.01	0.007	1	DAZAP1	c30
0.0362789312502846	-0.534168168348841	0.016	0.024	1	IFNGR1	c30
0.117328499360797	-0.533983041306256	0.007	0.01	1	TXN2	c30
0.0318133859223703	0.533728647685782	0.029	0.022	1	CD82	c30
0.000224066560663336	0.533445575659038	0.058	0.041	1	HNRNPF	c30
0.102800341921428	0.533324240918832	0.013	0.01	1	CNOT2	c30
0.0722016145457445	-0.533288603246692	0.014	0.02	1	SSR3	c30
0.0102235965853513	-0.533062434983077	0.023	0.034	1	TOMM6	c30
0.000365642576939441	0.532315892081075	0.051	0.035	1	PARP8	c30
0.0692551746707271	-0.532211563225867	0.011	0.016	1	NKTR	c30
0.0530515151242042	-0.532121194279683	0.013	0.02	1	IL6ST	c30
0.0361769749681499	-0.531824227880542	0.015	0.022	1	NDUFS7	c30
0.135439285878023	0.531743280428039	0.012	0.008	1	BTN3A1	c30
0.0715961255781447	0.531447191142055	0.016	0.011	1	FBXW5	c30
0.0669272166656056	-0.531307618935085	0.011	0.016	1	NDUFA12	c30
0.0461594773075731	-0.531036325166608	0.013	0.02	1	SYTL1	c30
0.0383630640057725	-0.530855434308006	0.015	0.022	1	JMJD1C	c30
0.089168588456776	0.530217426197078	0.014	0.01	1	MRPL10	c30
0.0748403313286566	-0.529188266927064	0.01	0.015	1	HSBP1	c30
0.00043840856186684	0.52872038856053	0.056	0.04	1	DDX3X	c30
0.167509801902873	0.528673138980855	0.01	0.007	1	MYBL1	c30
0.000686482163370461	0.526245941557446	0.048	0.033	1	GNB2	c30
0.000101343120188677	0.525498151960775	0.064	0.045	1	MSN	c30
0.00969008289026206	0.524693467307795	0.033	0.023	1	PRKCH	c30
0.11065972193523	0.524274373036208	0.013	0.01	1	PRDX3	c30
0.085998039151267	0.523940280510917	0.014	0.01	1	POLR2A	c30
0.00021214528695046	-0.522729682686211	0.053	0.076	1	SNHG6	c30
0.000840970490245925	0.521063376340295	0.048	0.033	1	TMEM50A	c30
0.083457928515383	0.520906619167811	0.017	0.013	1	FAM173A	c30
0.199723351467797	0.520585490543517	0.012	0.009	1	NENF	c30
0.127369837275352	-0.520030369296013	0.007	0.01	1	SYNRG	c30
0.165775749439094	0.519770638761962	0.01	0.007	1	ARL5B	c30
0.0996738029161193	0.519021381388129	0.013	0.01	1	TRAF1	c30
0.0464397713736341	0.518856962328075	0.022	0.016	1	BUD31	c30
0.186373372434981	0.518784854616406	0.01	0.007	1	RAB4A	c30
0.0316139734714531	0.518366100237051	0.022	0.015	1	TSEN54	c30
0.0342711686008542	0.518366100237051	0.022	0.015	1	PNRC2	c30
0.103491583230478	-0.518364490124808	0.008	0.013	1	VIM-AS1	c30
0.0658325179330951	0.517430500307446	0.017	0.012	1	RNF114	c30
0.0959538887977797	0.516997557579685	0.014	0.01	1	MIER1	c30
0.0475563281921252	-0.516652769487911	0.007	0.012	1	MARCKS	c30
0.0962674104261408	-0.515073501197271	0.009	0.013	1	MIDN	c30
0.128262994251906	-0.514411296794853	0.007	0.01	1	YTHDC1	c30
0.0644775877265121	-0.513631930461519	0.014	0.021	1	ACP5	c30
0.179148610986572	0.513227792895191	0.011	0.008	1	CCDC12	c30
0.0653010050449717	0.510432774182626	0.019	0.014	1	LOC100996919	c30
0.00365781167004194	0.508791171455658	0.037	0.026	1	ITGAE	c30
0.069815501339259	-0.508481197181459	0.012	0.017	1	MYO1F	c30
0.0624220350929049	0.50733353552374	0.018	0.013	1	SRSF9	c30
0.206466537471208	0.50733353552374	0.012	0.009	1	TXNDC17	c30
0.148672022840937	0.507112415891014	0.014	0.011	1	NMRK1	c30
0.000890312687199403	0.505477183081183	0.049	0.035	1	PVRIG	c30
0.086364239763571	0.504986822185642	0.016	0.011	1	C19orf24	c30
0.0293393354645955	0.504329208389759	0.019	0.013	1	ATP1B3	c30
0.0465301421945089	0.503590711706527	0.021	0.015	1	PSMB2	c30
0.0831089604914199	-0.503302719087902	0.016	0.021	1	RPL19P12	c30
0.0666268881370644	0.503155924911066	0.019	0.014	1	LDLRAD4	c30
0.2065016771457	0.503103232384137	0.01	0.007	1	TIA1	c30
0.191346108975118	0.503005756282557	0.011	0.008	1	GNAI3	c30
0.0132524022684515	-0.502929732961935	0.028	0.04	1	FAIM3	c30
0.0884110415950093	0.501154960594616	0.016	0.012	1	ILF2	c30
0.0056469657900583	0.501154960594615	0.039	0.029	1	IFI16	c30
0.00918556981165526	0.500996883013688	0.053	0.041	1	HMGB2	c30
0.204483335730334	0.499209316279646	0.01	0.007	1	RHOT2	c30
0.0544447740232507	-0.499200689608317	0.014	0.02	1	SNRNP70	c30
0.00335007180478264	0.499049348387877	0.043	0.031	1	AKAP13	c30
0.00547987206627284	0.49904266879577	0.038	0.027	1	GBP5	c30
0.0273811882229397	0.498744442003935	0.025	0.018	1	TCEB1	c30
0.0143287038767552	-0.498663693790051	0.028	0.039	1	CORO1B	c30
0.104913927197779	0.498515078721911	0.015	0.011	1	PTBP1	c30
0.169699463056151	0.498515078721911	0.011	0.008	1	CX3CR1	c30
0.000100115549448691	0.495770328757965	0.087	0.065	1	PGK1	c30
0.0832547941893151	0.495200783588056	0.017	0.012	1	TANK	c30
0.0702671308153771	-0.494415267481348	0.012	0.018	1	ATP5G1	c30
0.0048639142989173	0.493833849578336	0.056	0.042	1	BCL2A1	c30
0.0488254379200624	-0.493550739735872	0.027	0.035	1	PIM2	c30
0.0208900819603542	0.493407442714999	0.027	0.02	1	AKNA	c30
0.116494214006206	0.493350837581359	0.014	0.01	1	ENTPD1	c30
0.0126717667497465	-0.492732333442868	0.026	0.037	1	SH3BGRL	c30
8.93456584015563e-05	0.491710114810166	0.097	0.073	1	H2AFZ	c30
0.0301743601667916	-0.491055691299822	0.012	0.019	1	PRMT9	c30
0.000110676455094762	0.490868321357576	0.071	0.05	1	DRAP1	c30
0.132193908948301	0.490099772085619	0.013	0.01	1	NDNL2	c30
0.00975093054528576	0.486610642987992	0.034	0.024	1	RNF167	c30
0.111145090645389	-0.486278405910843	0.009	0.013	1	DNAJA2	c30
0.00154404531666966	0.486193926756511	0.057	0.042	1	ELF1	c30
0.0509712797991212	-0.485710609466253	0.016	0.022	1	NME3	c30
0.000138381057774483	0.485387644736299	0.068	0.049	1	BRD2	c30
0.0544212029725427	0.484734398159193	0.015	0.01	1	MT1F	c30
0.0160341574540591	0.483660345352681	0.033	0.024	1	PRPF38B	c30
0.00399079529208194	0.483030091946945	0.039	0.028	1	LINC-PINT	c30
0.0942981730558697	0.482776431279761	0.017	0.012	1	GRK6	c30
0.145550473495392	0.48204613764691	0.013	0.01	1	VDAC3	c30
0.001790949784728	0.481937045050474	0.048	0.034	1	LYAR	c30
0.00684683846846841	-0.479894745664025	0.03	0.043	1	ATP6V0B	c30
0.000576371816369425	0.479379929200528	0.072	0.053	1	LINC00861	c30
0.140170864938207	0.479128654264616	0.013	0.01	1	VPS37B	c30
0.000338675106202879	0.478532051633945	0.064	0.046	1	HNRNPA3	c30
0.161126255273085	0.476701916870076	0.013	0.01	1	ILK	c30
0.183217642558446	-0.47647722637693	0.008	0.011	1	LILRB1	c30
0.220343661962086	0.476398861509044	0.011	0.008	1	VPS51	c30
0.128813204310224	-0.476124962905301	0.008	0.012	1	EPB41L4A-AS1	c30
0.183378154770256	0.475324905177402	0.012	0.009	1	CISD3	c30
9.98169801985053e-05	-0.474505736175856	0.067	0.094	1	UQCRB	c30
0.145575194283394	-0.473522259242054	0.007	0.011	1	LRP10	c30
0.157051867283071	-0.473005034470125	0.007	0.01	1	PDE3B	c30
0.0552538418334132	0.472313832708306	0.022	0.016	1	FGFR1OP2	c30
0.111299021679174	0.472110665938954	0.016	0.012	1	RNF113A	c30
0.203241701282461	0.471860653800578	0.011	0.008	1	CHN1	c30
0.00758442273167572	0.470825350533407	0.038	0.028	1	TMED2	c30
0.00712060399341215	0.470652872197271	0.036	0.026	1	H2AFJ	c30
0.0320745622425716	0.468314131377357	0.027	0.02	1	RSRC2	c30
0.154375351887484	-0.468134036206023	0.007	0.011	1	CAPNS1	c30
0.00112958342191567	0.466773293595697	0.055	0.04	1	YWHAQ	c30
0.139875061797663	-0.46579287534629	0.008	0.011	1	ATP6V0D1	c30
0.01312221313965	0.464629084569501	0.034	0.025	1	IFI27L2	c30
0.000118147580343325	0.464242700143439	0.077	0.056	1	PSMB8	c30
0.13286770955211	0.463341538709041	0.015	0.011	1	TMX1	c30
0.0778368837108933	0.462826841935517	0.016	0.011	1	OSM	c30
0.0806677842620121	0.462626731658354	0.019	0.014	1	MARCKSL1	c30
0.247063512195221	0.461784466413157	0.01	0.008	1	GSPT1	c30
0.0283391315429891	0.461165229265929	0.028	0.021	1	CAPZA1	c30
0.281787080228109	0.460769889113867	0.029	0.025	1	IFI6	c30
0.0133025258192749	0.460408618251306	0.035	0.026	1	BSG	c30
0.0222022179869967	0.459485781293541	0.034	0.025	1	SNRPF	c30
0.00922327124893963	-0.459178343125603	0.057	0.073	1	AHNAK	c30
0.25283095615924	0.458945446065918	0.01	0.008	1	CREBRF	c30
0.142964022015365	-0.45840121369427	0.008	0.012	1	DHPS	c30
0.102456565045036	0.456998643445123	0.018	0.013	1	TIAL1	c30
0.195600835424007	0.456029955643303	0.012	0.009	1	CNIH4	c30
0.17126767254044	-0.453757149876846	0.008	0.011	1	LAP3	c30
0.122457629303767	-0.452582316716738	0.006	0.01	1	PPIF	c30
0.0682583033700579	-0.452529846492844	0.015	0.021	1	CCDC109B	c30
0.0421783882606819	0.452443546121383	0.029	0.022	1	ZNRD1	c30
0.0133079892699601	0.452114585604703	0.036	0.027	1	SRI	c30
0.151542133488548	-0.4512104677665	0.008	0.011	1	ZRANB2	c30
0.0060315635350741	-0.450818271205463	0.035	0.049	1	C14orf2	c30
0.190814061647432	0.450422592071227	0.013	0.01	1	SDHC	c30
0.0582267061110402	0.449678743103529	0.023	0.017	1	RASSF1	c30
0.00231300370920097	0.449618037667452	0.054	0.04	1	ATP5B	c30
0.231315940377613	0.448404465051403	0.011	0.008	1	CHORDC1	c30
0.0189056074410527	-0.447987167134917	0.031	0.042	1	CARD16	c30
0.074316039897985	-0.447594955342058	0.014	0.02	1	PPP1CC	c30
0.166393787171305	-0.445006887777835	0.007	0.011	1	SNRPC	c30
0.0647483890350197	0.444813627224559	0.023	0.018	1	INSIG1	c30
0.127658917495738	-0.444790337349756	0.01	0.014	1	RASGRP2	c30
0.115886493199682	0.443926880778457	0.017	0.013	1	TMUB1	c30
0.0979291893707365	-0.443863615635519	0.013	0.018	1	ZBTB20	c30
0.143821628041307	0.443639569545992	0.016	0.012	1	NDUFB6	c30
0.0642633518370527	0.443318578324089	0.023	0.017	1	IK	c30
0.0832982175235068	0.442962346329714	0.021	0.015	1	HMOX2	c30
0.813420662606047	-0.442845909988283	0.092	0.089	1	HLA-DRB4	c30
0.120025419857082	-0.442719436781916	0.011	0.016	1	TMC8	c30
0.279117623204094	0.442027655632368	0.01	0.008	1	ATXN2L	c30
0.16454435143051	0.441439457197611	0.014	0.011	1	PTPN1	c30
0.0558540944243495	-0.441192452049092	0.014	0.02	1	ALKBH7	c30
0.00559501701827837	-0.440995433695025	0.042	0.057	1	NDUFA11	c30
0.13967686511879	0.440782342615133	0.019	0.015	1	CHMP4A	c30
0.163132947191036	0.440782342615133	0.014	0.011	1	FAM50A	c30
0.166110869691683	-0.440336634114525	0.008	0.011	1	DNAJC4	c30
0.223357825474141	0.440244925942542	0.012	0.009	1	IFI35	c30
0.246050793989763	0.439093992462364	0.011	0.009	1	CEBPZ	c30
0.00300936533098584	-0.439092626512184	0.042	0.058	1	SPOCK2	c30
0.184695994722702	-0.438557542275599	0.007	0.01	1	NCOA4	c30
0.0277907799697799	0.437969522381361	0.034	0.026	1	ARID5B	c30
0.0771061927806232	0.437829025225787	0.022	0.016	1	RABGAP1L	c30
0.179174875400804	0.437829025225786	0.014	0.011	1	WNK1	c30
0.00384337622992927	-0.437815606007825	0.042	0.058	1	ATP6V1G1	c30
0.0100237659498309	-0.437626561253458	0.057	0.072	1	ND6	c30
0.000441164991379329	0.436767309214992	0.179	0.15	1	MT2A	c30
0.153975630782381	0.435694183849821	0.016	0.012	1	GGNBP2	c30
0.0169944953834827	0.434737244088328	0.073	0.06	1	KLF2	c30
0.153361074393294	0.433866830798815	0.016	0.012	1	TAP2	c30
0.190922840317282	0.431036663145662	0.014	0.011	1	NUDT21	c30
0.182627866232675	-0.430535022526179	0.007	0.01	1	SUSD3	c30
0.062805715128889	0.430178574692721	0.024	0.018	1	HMGN4	c30
0.156654723674005	0.42900517483878	0.016	0.012	1	SARS	c30
0.0206534978863183	0.428757395526726	0.038	0.029	1	GPBP1	c30
0.10153668116525	0.428529743942769	0.02	0.015	1	BTN3A2	c30
0.142550670244389	-0.428301569194177	0.009	0.013	1	TOMM22	c30
0.0637249355911706	-0.428085742274649	0.015	0.021	1	SNORA78	c30
0.00776618247338124	0.427919543783797	0.044	0.033	1	ZAP70	c30
0.0441329310256206	-0.427761941343902	0.022	0.03	1	CAST	c30
0.0217238673174805	0.42519820307089	0.033	0.024	1	IL2RB	c30
0.283058539514057	0.424613405721622	0.011	0.008	1	GRSF1	c30
0.035342214084718	-0.424414546292123	0.037	0.048	1	RNA45S5	c30
0.160003361327895	0.423555323502659	0.016	0.012	1	CMC2	c30
0.141719878885461	-0.422896186172086	0.01	0.014	1	ABHD14B	c30
0.105771508011529	0.422836760399328	0.02	0.015	1	PPP2R1A	c30
0.302986139509115	0.422537751080468	0.01	0.008	1	EMC10	c30
0.225516982515893	0.422422524448812	0.013	0.01	1	SNRPE	c30
0.031467489576178	0.421560362677615	0.035	0.027	1	TOB1	c30
0.131393029484134	-0.421038239951504	0.011	0.016	1	KDELR1	c30
0.200726547389251	0.420907707140183	0.014	0.011	1	GTF2A2	c30
0.0440353505352427	0.419831470580844	0.034	0.027	1	CCDC107	c30
0.193778383928992	0.41926378036058	0.014	0.011	1	PRPF40A	c30
0.0725414889150586	0.419218624879555	0.023	0.018	1	CHCHD10	c30
0.242740506424946	0.419094945364379	0.012	0.01	1	CYB5R3	c30
0.0568970448019391	-0.418674690721402	0.02	0.027	1	PGLS	c30
0.0469187313812592	0.418007922611053	0.028	0.021	1	RORA	c30
0.0379644632960813	-0.417375933511554	0.025	0.034	1	ISCU	c30
0.187633213380695	0.417323369791145	0.014	0.011	1	SYNE1	c30
0.197720581996355	-0.417315153908786	0.007	0.01	1	VMP1	c30
0.0440338321509863	-0.416534685920648	0.023	0.032	1	DDX17	c30
0.0554780097672169	0.416044126996452	0.027	0.021	1	CDC42SE1	c30
0.0396672868843966	0.415315148962325	0.03	0.023	1	PTP4A1	c30
0.317213177477392	0.415181737484763	0.01	0.008	1	DNAJC1	c30
0.236873915754311	0.41514352292835	0.013	0.01	1	PPP1R7	c30
0.170461857564339	0.414864293430722	0.014	0.011	1	MANF	c30
0.368715003310517	-0.414789797071754	0.022	0.025	1	FKBP11	c30
0.111928703055623	0.414339186507669	0.02	0.015	1	STAT4	c30
0.279410877870193	0.414003011499533	0.011	0.009	1	ZRSR2	c30
0.164477744342738	0.413256982848476	0.016	0.012	1	STK10	c30
0.00542496453238804	-0.411309115487569	0.048	0.064	1	UQCRH	c30
0.06195735251966	-0.410991602838387	0.02	0.027	1	COX14	c30
0.304992810493127	0.410648916381851	0.011	0.008	1	UQCRC2	c30
0.201016422043088	0.41023077653406	0.014	0.011	1	RAB8B	c30
0.210360696604769	-0.409335506311987	0.007	0.01	1	SAT2	c30
0.24175457032899	0.40862367484076	0.013	0.01	1	C17orf89	c30
0.132841028257182	-0.407496092878341	0.007	0.01	1	SKIL	c30
0.288695265113103	0.407385132735025	0.011	0.009	1	RNF10	c30
0.00407698149613007	-0.407189295835658	0.037	0.052	1	HSPH1	c30
0.0146641468472466	0.407067729033025	0.043	0.032	1	PSMB1	c30
0.138470442718726	-0.407062948676066	0.006	0.01	1	MRPL14	c30
0.0908524241785676	-0.406886044061159	0.016	0.022	1	NDUFC1	c30
5.04040991465566e-05	0.406453825975882	0.12	0.093	1	LY6E	c30
0.0145518612442398	0.406246821104872	0.043	0.033	1	SF3B1	c30
0.0996539234765143	0.40544688535781	0.022	0.017	1	UFM1	c30
0.000557719074448586	0.404087542634451	0.081	0.061	1	CD3G	c30
0.118954500828361	0.40376253079661	0.021	0.016	1	NAPA	c30
0.0950144923804462	0.403264321476086	0.022	0.017	1	CISH	c30
0.0615419603002235	0.403004454461113	0.031	0.024	1	SIT1	c30
0.0149816950249496	-0.402926598733985	0.046	0.059	1	TYMP	c30
0.243420917953813	0.402852886982812	0.011	0.008	1	CPNE3	c30
0.123474739228528	0.402619422294076	0.02	0.015	1	PPP2CA	c30
0.0615842725734314	0.40200618525014	0.028	0.021	1	BCLAF1	c30
0.0912108423652809	0.401675336890865	0.024	0.018	1	RAB7A	c30
0.084131217846172	-0.400794893743632	0.017	0.023	1	EIF3D	c30
0.167387148552679	0.399616934132554	0.017	0.013	1	SLTM	c30
0.339901416263077	0.398766572569401	0.01	0.008	1	METTL23	c30
0.256591709515472	0.398539894111729	0.013	0.01	1	PSMA3	c30
0.00135428903203328	0.398181059377659	0.078	0.06	1	CD53	c30
0.06082398278212	0.397877499682788	0.028	0.022	1	SASH3	c30
0.335868520728393	0.3978600723568	0.01	0.008	1	PIK3CD	c30
0.227408059970454	0.397546416482049	0.014	0.011	1	GRAMD1A	c30
0.0264539662500947	-0.396436424232871	0.032	0.042	1	ATP5O	c30
0.287970510357666	0.395801960448387	0.012	0.009	1	UQCC2	c30
0.325237437575787	0.395098759407197	0.011	0.008	1	DCTN2	c30
0.259644445114161	0.394955556762691	0.013	0.01	1	BPTF	c30
0.152045072879639	-0.394772585257698	0.011	0.015	1	IMP3	c30
0.135776891596275	0.394704018963973	0.02	0.016	1	TBRG1	c30
0.0240529670436441	-0.394457000647256	0.034	0.046	1	GIMAP7	c30
0.386605434108727	0.394239756678103	0.014	0.012	1	MEA1	c30
0.0209341720343731	0.39381574637648	0.044	0.034	1	COX17	c30
0.150674468417264	-0.393784437930787	0.012	0.017	1	ATP5L2	c30
0.00410798882769536	0.393583538772367	0.079	0.063	1	PKM	c30
0.262694345203913	0.392809221071663	0.013	0.01	1	UFD1L	c30
0.20398919156156	0.392464131788252	0.016	0.012	1	TMEM167A	c30
0.0659038813849033	0.391899618223587	0.023	0.018	1	HLA-DRB5	c30
0.00748821835109296	0.391613331337963	0.054	0.041	1	PDIA3	c30
0.0264948744081245	0.391037324639759	0.041	0.031	1	ARL4C	c30
0.276088235275646	0.390510896910623	0.012	0.01	1	RNF125	c30
0.0148366997698799	0.3896814747158	0.042	0.032	1	GeneID:102723863	c30
0.124393536260197	0.388804295812549	0.022	0.017	1	EIF4A3	c30
0.293718962731389	0.388785326585996	0.012	0.009	1	PNKD	c30
0.171683196050995	-0.388784445108363	0.013	0.017	1	PECAM1	c30
0.0269311688840034	-0.388368503043815	0.035	0.046	1	POLD4	c30
0.0623902261447967	0.387773161176873	0.029	0.022	1	MGST3	c30
0.10583645823353	-0.387369752542945	0.016	0.022	1	CANX	c30
0.130250503415344	0.387210777897487	0.021	0.017	1	PRKACB	c30
0.133497888291181	0.387006279121517	0.024	0.019	1	C19orf66	c30
0.0125386554901037	0.386157410380245	0.049	0.038	1	SNRPG	c30
0.292409276594085	0.386048949928532	0.012	0.01	1	UBE2A	c30
0.00032539700312709	-0.385330939774937	0.083	0.109	1	EIF3K	c30
0.319976446369385	0.385271292956217	0.011	0.009	1	THYN1	c30
0.146512314599726	0.38520356238458	0.019	0.015	1	CCDC167	c30
0.292445576258116	0.383823140732765	0.012	0.01	1	RBM4	c30
0.262844209975105	0.383289457117562	0.013	0.011	1	ARL6IP6	c30
0.000510788554877539	-0.382596945642828	0.098	0.125	1	LOC101929876	c30
0.129105905881239	0.382221080613233	0.02	0.016	1	GATA3	c30
0.184535460693834	0.38163971989847	0.02	0.016	1	ARL4A	c30
0.129898692569102	0.38097553476382	0.029	0.024	1	DUT	c30
0.12862193399466	0.38074391419388	0.021	0.016	1	PFKFB3	c30
0.169593985944721	-0.38050248829106	0.011	0.015	1	LENG8	c30
0.268833247703456	0.379884463701033	0.013	0.011	1	GOLPH3	c30
0.0323337861777781	-0.379627184545186	0.032	0.042	1	ANP32B	c30
0.198742626259056	-0.379236559073951	0.009	0.012	1	RTF1	c30
0.000146678063806085	-0.378854745196405	0.115	0.147	1	NPM1	c30
0.0718047172837452	0.378768347915663	0.029	0.023	1	SRSF10	c30
0.18362341773325	0.378195269782823	0.018	0.014	1	C6orf62	c30
0.10293523410309	-0.37808515390476	0.009	0.013	1	PELI1	c30
0.165650338960489	0.377166243319162	0.019	0.015	1	CHIC2	c30
0.227058886503856	-0.376912799848149	0.007	0.01	1	SHKBP1	c30
0.293655059103545	0.376428480561644	0.012	0.01	1	TXNL4A	c30
0.00160083438501872	0.37630555677331	0.076	0.058	1	PSMA7	c30
0.113296469792857	0.376009465194199	0.024	0.019	1	TMCO1	c30
0.0316234274384111	0.375307399395212	0.04	0.031	1	OSTF1	c30
0.0495870066094503	0.372083343025936	0.033	0.025	1	MZT2B	c30
0.0517358195640217	0.371974229802401	0.034	0.026	1	TRIM22	c30
0.250331168574171	0.370893646303632	0.014	0.012	1	KDELR2	c30
0.23776625561756	-0.370641124056995	0.018	0.022	1	HIST1H1E	c30
0.234203163677711	-0.370428766277951	0.007	0.01	1	IER3IP1	c30
0.179558910902015	-0.370284345131537	0.011	0.014	1	LSM5	c30
0.384598125993422	0.369148775715272	0.01	0.008	1	PJA2	c30
0.367566467154014	0.368704664570966	0.011	0.009	1	BAG1	c30
0.31999782154482	-0.367806179381581	0.09	0.083	1	SSR4	c30
0.350250474692872	0.367499908725682	0.011	0.009	1	NASP	c30
0.080897912405805	-0.366994852251247	0.022	0.029	1	MTDH	c30
0.0600113264891164	-0.366783731296618	0.026	0.034	1	NDUFB9	c30
0.0702314861771972	-0.36648126096025	0.019	0.026	1	TALDO1	c30
0.187785325324274	0.365730034566854	0.018	0.015	1	ZNF428	c30
0.044285715657659	0.365448663760427	0.047	0.038	1	ITGA4	c30
0.0344624084141916	0.364723536630998	0.048	0.039	1	BST2	c30
0.0373606200246284	0.364492413284052	0.039	0.031	1	RALY	c30
0.00161857905067264	0.364176989668564	0.087	0.068	1	SRSF3	c30
0.228505214610401	-0.363867102717321	0.008	0.011	1	TMPO	c30
0.393252803503486	0.363828443782009	0.01	0.008	1	SMEK2	c30
0.0415782391504267	0.363456497812409	0.038	0.03	1	FKBP8	c30
0.000687682326592235	0.363176991635826	0.089	0.068	1	PSME2	c30
0.304153801734899	0.363091058107439	0.013	0.01	1	PLEKHF1	c30
0.00627136760529873	0.36192636525887	0.061	0.047	1	PRDM1	c30
0.00469647079933805	0.361635091246176	0.068	0.053	1	CD247	c30
0.274776324044862	0.361535591605397	0.014	0.012	1	ARIH2	c30
0.0294164014649715	0.361354557645918	0.043	0.034	1	POMP	c30
0.315223864768379	0.360991574291535	0.013	0.01	1	CCT3	c30
0.293005372296362	0.360833672197201	0.016	0.013	1	STARD7	c30
0.194547770583619	0.360785906901151	0.018	0.015	1	PAFAH1B1	c30
0.0166059760482044	0.360463613724518	0.053	0.042	1	ZYX	c30
0.0638165457939182	-0.359727124005762	0.026	0.033	1	CSDE1	c30
0.276604972801111	0.359002576621561	0.014	0.011	1	CPNE1	c30
0.218903294904165	-0.359000405767294	0.009	0.012	1	LGALS9	c30
0.222569831305313	0.358720575998344	0.017	0.014	1	SUPT4H1	c30
0.0578797145917183	0.358695639820436	0.034	0.027	1	CLEC2D	c30
0.246049773808063	-0.358101063375019	0.007	0.01	1	ANXA7	c30
0.16989160403647	-0.357676178954074	0.013	0.017	1	ITGAL	c30
0.399108534726785	0.357646086426295	0.01	0.008	1	RALGDS	c30
0.0806803638388794	-0.357501190168501	0.016	0.022	1	ZFAND5	c30
0.213888041710873	0.357245549195902	0.018	0.014	1	NUCB1	c30
0.383305718727054	0.35676505125944	0.01	0.008	1	PERP	c30
0.406390689260293	0.35588455380099	0.01	0.008	1	NDUFS2	c30
0.318673218534628	0.355407841957508	0.013	0.01	1	PSMD9	c30
0.133467584008689	0.354205094875851	0.024	0.019	1	LAMP1	c30
0.296803455302132	0.353854685197354	0.014	0.011	1	CCT8	c30
0.0997547103135858	0.353767590913328	0.032	0.026	1	PRDX6	c30
0.375154575702206	0.35312076935251	0.011	0.009	1	DERL1	c30
0.240526533993076	-0.352311886317301	0.008	0.011	1	SMG1	c30
0.411804198719603	0.351928951820139	0.01	0.008	1	LGMN	c30
0.0683930939124927	0.351544113412783	0.035	0.028	1	GPR65	c30
0.210977680221463	-0.351377707741012	0.01	0.013	1	APH1A	c30
0.37866148811371	0.351095264977587	0.011	0.009	1	PHF5A	c30
0.175256633320112	0.350076968201392	0.019	0.015	1	ZC3H12A	c30
0.111357504313655	-0.349864372789325	0.019	0.025	1	TNFAIP8	c30
0.0324610323035336	-0.349076669640492	0.037	0.047	1	RPSAP58	c30
0.180390591967979	-0.348984827959785	0.012	0.016	1	MED10	c30
0.213060395735413	0.348843631908378	0.028	0.023	1	CNOT6L	c30
0.0164611459621713	0.348725097425734	0.057	0.045	1	HLA-F	c30
0.328965207581787	0.347765326878603	0.013	0.01	1	NUDT22	c30
0.0506875328561249	-0.346040574513977	0.032	0.041	1	SEPT9	c30
0.181839950793057	-0.346034350944219	0.015	0.019	1	BCAS2	c30
0.121777447234637	0.345984588070882	0.027	0.021	1	VCP	c30
0.384304458194773	-0.345976372188524	0.008	0.01	1	CTSL	c30
0.106595836619431	0.345728714777082	0.046	0.039	1	ISG15	c30
0.262332659485233	-0.345667112800226	0.007	0.01	1	CSNK1D	c30
0.247834709124132	-0.34547121422692	0.008	0.011	1	NUTF2	c30
0.200673000606503	0.345457383591824	0.019	0.016	1	MAF1	c30
0.261478580761859	-0.345299781151929	0.008	0.011	1	MXD1	c30
0.138375954154336	0.344719620834305	0.024	0.02	1	LMAN2	c30
0.119349499154426	-0.344197224704771	0.019	0.025	1	RNPS1	c30
0.000170178393087743	-0.344024977639726	0.153	0.186	1	S100A11	c30
0.176766185222444	-0.343914382144827	0.014	0.018	1	TPR	c30
0.0446492772164467	0.343850598797253	0.038	0.03	1	SNHG12	c30
0.102056154678082	-0.343641543669838	0.024	0.031	1	CACYBP	c30
0.254537125127567	-0.343412671607664	0.008	0.011	1	TMEM147	c30
0.274851925107152	0.343041979601886	0.016	0.013	1	SRSF1	c30
0.0450938246390402	-0.342903498351684	0.031	0.04	1	C19orf60	c30
0.128530783695973	0.34257763685561	0.026	0.021	1	PSMA6	c30
0.0638840018768316	0.3420459018368	0.04	0.032	1	IDS	c30
0.222453065738668	-0.341640696375725	0.01	0.013	1	U2SURP	c30
0.454659149016136	0.340852543931079	0.015	0.013	1	TBCC	c30
0.189256288294816	-0.340035078161216	0.012	0.016	1	TGOLN2	c30
0.0216898844119015	0.33921011801086	0.052	0.041	1	ARHGEF1	c30
0.266374067601455	-0.339040790680247	0.007	0.01	1	LOC283788	c30
0.10098842269363	-0.338548739160849	0.023	0.029	1	AP2S1	c30
0.0370010579965317	0.338224741757328	0.047	0.037	1	SF3B5	c30
0.365392036220046	0.33759617732041	0.012	0.01	1	DNAJC19	c30
0.0754404215145991	0.336703308780581	0.042	0.035	1	IL10RA	c30
0.0794222944167863	0.336144092006027	0.034	0.027	1	CD47	c30
0.0687307626346754	0.335215216865668	0.034	0.027	1	C4orf48	c30
0.00147077041077224	-0.334976337883168	0.059	0.079	1	HSPB1	c30
0.160923741031284	0.334596810250702	0.024	0.019	1	SF3B2	c30
0.387255605679535	0.334596810250702	0.012	0.01	1	XRN1	c30
0.00098202266718961	0.333939246410289	0.022	0.013	1	RNASE1	c30
0.0857775382280899	-0.333046237011182	0.026	0.033	1	TOMM20	c30
0.420977235882413	0.332874993584689	0.011	0.009	1	FUNDC2	c30
0.273731252188627	-0.332383893266644	0.007	0.01	1	SBDSP1	c30
0.434827068514924	0.332312007534902	0.01	0.008	1	MFF	c30
0.403699675077953	0.331034246604911	0.011	0.009	1	STX11	c30
0.131434353981959	0.330963084987963	0.039	0.033	1	SLC38A2	c30
0.387352976095618	0.330109419258388	0.012	0.01	1	KIF2A	c30
0.448416136805173	0.32971645353785	0.01	0.008	1	PTK2B	c30
0.139692378434625	0.329176300384328	0.03	0.025	1	CHD2	c30
0.340821630308067	0.327808816830863	0.013	0.01	1	PTPRA	c30
0.0936161770392899	0.32778148037662	0.039	0.032	1	ARL6IP1	c30
0.324575070857713	0.327125560819566	0.014	0.011	1	INO80E	c30
0.0244614774948132	0.326566773759109	0.048	0.038	1	HLA-G	c30
0.174973468268671	-0.326142953292498	0.016	0.021	1	RPL13AP5	c30
0.122429499747641	0.325865014613649	0.028	0.023	1	DCXR	c30
0.386958940808145	0.325700676712739	0.012	0.01	1	CARHSP1	c30
0.27249165720305	-0.325447846056267	0.008	0.01	1	NDUFB5	c30
0.267760056605009	-0.323273474821931	0.008	0.011	1	NCF4	c30
0.035575497749343	0.323080888807991	0.045	0.036	1	PMAIP1	c30
0.0861629681575155	0.322166136750805	0.052	0.043	1	ANXA5	c30
0.453112781841884	0.321957692460626	0.01	0.008	1	PARP10	c30
0.46534998710654	0.321957692460626	0.01	0.008	1	PPIH	c30
0.327926210131389	0.321671130727458	0.014	0.012	1	RNASEH2C	c30
0.106986703132915	0.320920411292859	0.032	0.026	1	TMED10	c30
0.0604219468642682	0.320883379326696	0.042	0.034	1	SNRPB	c30
0.175219480680142	-0.320805219231181	0.009	0.012	1	VOPP1	c30
0.0191959101692532	0.320748691411577	0.064	0.052	1	PPP1CA	c30
0.115292864739531	-0.320659896134519	0.021	0.027	1	FCGRT	c30
0.0737430333590871	-0.320016850495658	0.032	0.041	1	NHP2L1	c30
0.155162219625811	-0.319505339794012	0.018	0.023	1	DOK2	c30
0.269473294771275	0.318210836011819	0.018	0.015	1	SF3A2	c30
0.0880856930834765	0.317572918921884	0.036	0.029	1	HMGN3	c30
0.130782984362382	0.316840000081833	0.029	0.024	1	EIF1B	c30
0.0334158690688771	0.316465627618718	0.052	0.042	1	TAPBP	c30
7.35166565195619e-05	0.315868693125231	0.167	0.135	1	YWHAZ	c30
0.460637264733605	0.31488196506482	0.011	0.009	1	RSBN1	c30
0.0622122914201437	-0.314662476698072	0.036	0.045	1	C19orf53	c30
0.197677604758046	0.314598462943404	0.023	0.019	1	RAB1B	c30
0.115559861690806	0.313257308315548	0.033	0.027	1	FAM49B	c30
0.0131733672447684	0.312746220720828	0.071	0.057	1	CD63	c30
0.251563211754425	-0.312527581434999	0.011	0.014	1	PARVG	c30
0.0200377907660136	-0.311986008139642	0.057	0.071	1	EIF3F	c30
0.277191028416706	-0.311474903503663	0.008	0.011	1	DPYD	c30
0.135493182006443	0.310823748490466	0.029	0.024	1	C5orf56	c30
0.191973970580208	-0.310722520153683	0.015	0.019	1	USP15	c30
0.0631015842745092	-0.310471638483476	0.034	0.043	1	NAP1L1	c30
0.204076132457148	0.310418553981163	0.022	0.018	1	HM13	c30
0.0627758584285856	0.310206354647348	0.054	0.045	1	CHMP1B	c30
0.490385012392105	0.309970839780499	0.01	0.008	1	COMT	c30
0.375105305731495	0.309577359608719	0.014	0.012	1	ZBTB38	c30
0.352651520032133	0.30850988265222	0.018	0.016	1	NXT1	c30
0.234857511306602	-0.308120354479842	0.012	0.015	1	VPS13C	c30
0.426286994994766	0.30714434062799	0.012	0.01	1	BCL2	c30
0.00657594120586568	0.306954839216716	0.087	0.071	1	VAMP2	c30
0.0214506742652482	0.306488289830945	0.062	0.05	1	TBC1D10C	c30
0.379802779397433	0.306466090253473	0.014	0.012	1	GOLGA7	c30
0.194356759368411	0.305898669195682	0.025	0.021	1	PSMA1	c30
0.333717456997785	0.305801792010519	0.016	0.013	1	SSNA1	c30
0.492010748839762	0.305713843357786	0.01	0.008	1	ATP2A3	c30
0.000420541271148433	0.305146122780382	0.144	0.117	1	HNRNPDL	c30
0.279718657690589	-0.304022308157619	0.009	0.012	1	G3BP1	c30
0.280149102344519	0.303893254581849	0.019	0.016	1	DDX18	c30
0.1827748561548	-0.303299041957564	0.017	0.021	1	SUMO1	c30
0.329822763823116	0.303295231684704	0.056	0.051	1	CD83	c30
0.275619231702614	0.303189235516361	0.019	0.016	1	RBBP4	c30
0.0810926728568795	-0.301237125331037	0.035	0.043	1	C11orf31	c30
0.104283436584293	0.300621973221906	0.041	0.034	1	SKAP1	c30
0.17631772094394	0.299619573541306	0.026	0.021	1	ODC1	c30
0.0403529552765983	0.29903867339108	0.055	0.045	1	UBE2D2	c30
0.307922889750346	-0.298782489900505	0.008	0.01	1	OBFC1	c30
0.0485138037585371	0.29814316709396	0.053	0.044	1	CLK1	c30
0.237531425828895	0.297835272725041	0.022	0.018	1	PFDN2	c30
0.292611246984087	-0.296774398881978	0.009	0.012	1	POLR2I	c30
0.290011885649079	-0.296531014609497	0.009	0.012	1	DBNL	c30
0.314971480316278	-0.296352175506642	0.007	0.01	1	TIMM8B	c30
0.254050220363354	-0.296286077183908	0.012	0.016	1	DPM3	c30
0.179377736798445	-0.295904980735109	0.018	0.023	1	NDUFS8	c30
0.0799170696760098	-0.295775422561533	0.013	0.018	1	KLF4	c30
0.480420994144734	0.29390280843795	0.011	0.009	1	NFKB1	c30
0.33047705056834	0.293670263634087	0.017	0.014	1	GSDMD	c30
0.295669442567968	-0.293398125124535	0.009	0.012	1	LMBRD1	c30
0.427125809014759	0.293368872443369	0.013	0.011	1	PSMD7	c30
0.121515377876711	0.293178228896228	0.034	0.028	1	NDUFA6	c30
0.347422451318398	0.292034896351205	0.016	0.014	1	SEMA4D	c30
0.299770319482145	0.291958706388372	0.019	0.016	1	SNRPD1	c30
0.2603245190575	-0.291714949813484	0.012	0.015	1	ENY2	c30
0.195723148806296	0.291273177726915	0.03	0.025	1	SPSB3	c30
0.586512509561691	0.291223514392227	0.012	0.01	1	MFNG	c30
0.264313501754599	-0.290744091741253	0.012	0.015	1	NFE2L2	c30
0.284137255679615	-0.290703625139821	0.013	0.016	1	CSF1R	c30
0.490199885954322	0.290338890565788	0.019	0.017	1	CD163	c30
0.312441141875314	-0.290258417593967	0.008	0.01	1	NDUFA5	c30
0.131241680360989	0.290048346804683	0.029	0.024	1	BCL3	c30
0.137241582734625	-0.289561295067289	0.025	0.031	1	PRRC2C	c30
0.120943606756747	-0.289210328161102	0.028	0.034	1	ARRB2	c30
0.411520247214779	0.288944813838504	0.013	0.011	1	HIGD1A	c30
0.404018602273736	0.288362556253362	0.097	0.091	1	HMGN2	c30
0.506391822296705	0.288306311929039	0.011	0.009	1	KDM5A	c30
0.00837428920578002	-0.288104107495782	0.075	0.093	1	COX6B1	c30
0.0306479043806259	-0.287905441247672	0.054	0.067	1	ANAPC16	c30
0.126348575533843	0.287288994315823	0.037	0.031	1	PIM1	c30
0.0287570713181946	0.28710593500021	0.097	0.082	1	TUBA1A	c30
0.277525402045143	-0.28597742026609	0.011	0.014	1	C1orf43	c30
0.0744968758571263	-0.285942844406223	0.033	0.042	1	RHOG	c30
0.168644728310357	0.285573071375061	0.031	0.025	1	DGUOK	c30
0.12884642956446	-0.285548621023556	0.027	0.034	1	PNISR	c30
0.153669108089047	-0.284507855903394	0.028	0.034	1	BIRC3	c30
0.369746395213876	0.283691090404771	0.016	0.013	1	TMEM160	c30
0.466826599850494	0.283595692994111	0.012	0.01	1	UHMK1	c30
0.0209296477572206	0.283526533815704	0.081	0.067	1	SLC25A5	c30
0.0551122397561755	-0.28319015859456	0.052	0.063	1	ANXA2	c30
0.215838152995895	-0.281885236568963	0.017	0.021	1	FOXP1	c30
0.543495060021998	0.281267943721494	0.01	0.009	1	PPP1R11	c30
0.0700408488366241	-0.279974397177286	0.039	0.049	1	RGS10	c30
0.514535398067474	0.279597190736981	0.01	0.009	1	ANXA2P2	c30
0.00186099533572447	0.279593824237023	0.135	0.112	1	CHCHD2	c30
0.177110581592116	-0.279262826367066	0.022	0.027	1	TMEM219	c30
0.0830537619943817	0.278953561441948	0.046	0.038	1	DDX24	c30
0.260089324211982	-0.278634533497073	0.013	0.016	1	TLN1	c30
0.11776252615071	0.278296326605576	0.037	0.031	1	PRDX5	c30
0.05966351752167	0.277481993259626	0.054	0.045	1	CAP1	c30
0.330809608404943	-0.277377126297234	0.008	0.01	1	DOCK10	c30
0.155882927059336	0.27708205561925	0.036	0.03	1	TPM4	c30
0.0237728643138831	0.276040238862153	0.071	0.058	1	SEPT1	c30
0.185526072624579	-0.275108258846758	0.021	0.026	1	ATP5H	c30
0.0264786136939996	0.273932139951584	0.15	0.133	1	HMGB1	c30
0.00177181633963988	-0.273592242327991	0.147	0.175	1	ATP5G2	c30
0.103077713766203	-0.27286103061353	0.029	0.036	1	HNRNPU	c30
0.177217048886831	0.272855898291446	0.039	0.034	1	REL	c30
0.0718527817624938	-0.270741953966132	0.047	0.057	1	GYPC	c30
0.151262901072299	0.2707360604329	0.036	0.03	1	PSMB3	c30
0.330482173087164	0.270481981461873	0.011	0.008	1	DAB2	c30
0.362248823342	-0.270080535656336	0.017	0.02	1	LINC00936	c30
0.0419675539096732	0.270008590021206	0.071	0.059	1	FUS	c30
0.470388591893847	0.269281486247282	0.013	0.012	1	TCP1	c30
0.0885510181779364	-0.269147817445703	0.042	0.051	1	CUTA	c30
0.000356896177477155	-0.268508826809481	0.803	0.805	1	COX1	c30
0.531542392215135	0.268494203804341	0.011	0.009	1	RELB	c30
0.547205572824456	0.268494203804341	0.011	0.009	1	BIRC6	c30
0.469118919145811	0.268022040474683	0.013	0.011	1	CD46	c30
0.0727093188296029	-0.267640114931949	0.054	0.065	1	RPL21P28	c30
0.216429880532928	-0.267519493298929	0.019	0.024	1	MRPL52	c30
0.602000048537943	0.267278338987804	0.017	0.015	1	H3F3A	c30
0.401873824841322	0.267183020363285	0.016	0.014	1	MLF2	c30
0.370248889386443	0.267127838774764	0.02	0.017	1	METTL12	c30
0.177531101833764	0.266987556104063	0.032	0.027	1	MRPL41	c30
0.518754319895858	0.266563602762687	0.012	0.01	1	PTRHD1	c30
0.560041746609137	0.266300368123523	0.01	0.009	1	TMEM248	c30
0.287948559144404	0.265184996207134	0.023	0.02	1	SF3B6	c30
0.388911260454073	0.264956739733137	0.017	0.015	1	HNRNPR	c30
0.155210165621762	-0.264666703691226	0.049	0.057	1	HLA-DMA	c30
0.165864163822726	-0.264651761457901	0.026	0.032	1	TMBIM4	c30
0.22143537191663	0.264629635085803	0.026	0.022	1	DGCR6L	c30
0.517327424789241	0.264421516191146	0.012	0.01	1	PITPNC1	c30
0.353413609141053	0.264339975749092	0.019	0.016	1	GPS2	c30
0.336186787468657	0.264302604586637	0.019	0.017	1	LSM2	c30
0.206853404306943	-0.264268191164276	0.021	0.026	1	C16orf13	c30
0.447885861453411	0.264157281489975	0.014	0.012	1	NUDC	c30
0.0128109654650666	-0.263373440004484	0.108	0.128	1	C12orf57	c30
0.0266077993532328	-0.263369141215025	0.077	0.092	1	TPM3	c30
0.162688244856958	0.263248172474031	0.033	0.028	1	HIF1A	c30
0.276676250577121	0.262995223399851	0.024	0.02	1	MRPL20	c30
0.440629924938984	0.262995223399851	0.014	0.012	1	MRPL43	c30
0.370637551720071	0.262534077466281	0.018	0.016	1	MAPK1IP1L	c30
0.0424874649689147	0.261581047458265	0.072	0.061	1	NDUFA3	c30
0.384791996155462	0.261427928252891	0.016	0.014	1	MYLIP	c30
0.0824489670942329	-0.261077994268167	0.034	0.042	1	MRPS21	c30
0.269220807146042	-0.260667736965734	0.014	0.018	1	VASP	c30
0.0225489669599008	-0.260067297580433	0.077	0.092	1	ATP5I	c30
0.228385971290509	0.259982703948823	0.028	0.024	1	ECH1	c30
0.147507584233543	-0.259873207058109	0.032	0.039	1	TSTD1	c30
0.144515566654761	-0.259592399506812	0.031	0.037	1	NSA2	c30
0.318263331787454	-0.259475435297343	0.011	0.013	1	FAM96A	c30
0.000944489408606527	0.259467196420326	0.155	0.128	1	CD2	c30
0.0852997876070855	0.259463532429598	0.056	0.047	1	ATPIF1	c30
0.432717149407446	0.258675773942975	0.016	0.013	1	SLC44A2	c30
0.244933112688246	0.258579011394385	0.021	0.017	1	SDF2L1	c30
0.37176030133532	0.258390383739106	0.018	0.016	1	CLPP	c30
0.189923672291701	-0.258189461599346	0.016	0.021	1	ANKRD44	c30
0.186136083111925	0.258119081467719	0.033	0.028	1	TOMM5	c30
0.0426626784984407	0.257945533117071	0.068	0.057	1	NDUFA1	c30
0.361987680672324	-0.25783693990159	0.008	0.01	1	ZSCAN16-AS1	c30
0.353467030941251	0.257496012656545	0.02	0.017	1	DDX6	c30
0.172764646863181	-0.256962314205879	0.027	0.033	1	OCIAD2	c30
0.440289018585062	0.256847762829727	0.015	0.013	1	CMTM3	c30
0.148404885754981	0.256242074663056	0.071	0.063	1	RPL22L1	c30
0.0511560521118036	0.256097078231615	0.068	0.057	1	SAP18	c30
0.530717803791206	0.255884834236661	0.012	0.01	1	RGS14	c30
0.446275244231616	0.255732851614356	0.015	0.013	1	ZMYM6NB	c30
0.107921064323429	-0.255649380663825	0.043	0.052	1	RPS14P3	c30
0.103090642646626	-0.255593245762128	0.043	0.051	1	ARL6IP4	c30
0.314145806230389	0.255547116816431	0.023	0.019	1	BANF1	c30
0.0419100077772482	0.255361405927215	0.089	0.077	1	GUK1	c30
0.305886738718977	-0.255350819967235	0.012	0.015	1	EIF3I	c30
0.260840767348423	-0.255284464754231	0.016	0.02	1	RHOF	c30
0.15578337230356	0.255271998098443	0.044	0.037	1	PPP1R18	c30
0.415434316731318	0.255175718940552	0.016	0.014	1	TRG-AS1	c30
0.31573002396995	0.255175718940551	0.023	0.019	1	PSMA2	c30
0.00758523687217622	-0.254916152855665	0.12	0.142	1	CIRBP	c30
0.517368997458738	0.253714268495582	0.017	0.015	1	PRMT1	c30
0.0486962606525024	0.25361689108399	0.072	0.061	1	YPEL5	c30
0.435616263007512	0.25361689108399	0.016	0.014	1	UBAC2	c30
0.253837998913576	-0.253047338496894	0.017	0.021	1	TUFM	c30
0.516252450409219	0.252578607454512	0.013	0.011	1	COX20	c30
0.321921441343664	-0.252100570352446	0.011	0.014	1	MRFAP1	c30
0.506606445644823	0.251930059436898	0.013	0.011	1	PITHD1	c30
0.329942389938639	-0.251577949429907	0.011	0.014	1	PNPLA2	c30
0.455048801733295	0.251147717140449	0.016	0.014	1	MOB1A	c30
0.128385613441063	0.250923317900273	0.046	0.039	1	MT1X	c30
0.368271653388328	-0.248929271835291	0.008	0.01	1	MRPL55	c30
0.092755471378058	0.248506854796672	0.054	0.046	1	ARHGDIA	c30
0.590572520072949	0.248174219424745	0.011	0.009	1	SMNDC1	c30
0.137738134417338	0.248044881933879	0.051	0.043	1	RHOC	c30
0.36044546399678	-0.247553966639729	0.008	0.011	1	CAMLG	c30
0.339904392674095	-0.247416363984191	0.011	0.013	1	MTCH1	c30
0.348920419434576	0.247398368348833	0.021	0.018	1	RAD21	c30
0.387432412171704	0.247398368348832	0.019	0.016	1	HNRNPM	c30
0.170970607596511	-0.246865822080586	0.029	0.035	1	JAK1	c30
0.509359817511366	0.24677798775837	0.013	0.012	1	RNF145	c30
0.106052356779233	0.245658180029968	0.053	0.045	1	DYNLL1	c30
0.261761006109	-0.245396682400789	0.007	0.01	1	ANP32E	c30
0.114457263456964	-0.245363275469273	0.053	0.062	1	BATF	c30
0.128789118932194	-0.245291686582476	0.038	0.046	1	UXT	c30
0.114228020848218	-0.245170528065429	0.043	0.051	1	NDUFB11	c30
0.470067555183282	0.24495104793009	0.02	0.018	1	PAPOLA	c30
0.339878163808906	0.243997121097491	0.022	0.019	1	ABI3	c30
0.371331374272734	-0.243420167132715	0.008	0.01	1	RNPEPL1	c30
0.00471029102297504	0.243387229559997	0.104	0.085	1	CTSD	c30
0.308731611184686	-0.242895706330106	0.013	0.016	1	TMEM14B	c30
0.000237081663513962	-0.241698620727684	0.154	0.189	1	ITM2B	c30
0.08676282067485	0.241592746667626	0.061	0.052	1	GIMAP4	c30
0.590942438947824	0.241500782043475	0.011	0.01	1	FIBP	c30
0.549588642088329	0.241340857528464	0.012	0.011	1	PUF60	c30
0.51622504057176	0.240588810351571	0.013	0.012	1	RPAIN	c30
0.437384138673691	0.239998191037055	0.024	0.021	1	IFRD1	c30
0.355420503861591	-0.239840510607744	0.012	0.014	1	MTHFD2	c30
0.255898411080144	-0.239153668883773	0.034	0.04	1	HSPD1	c30
0.329200069810095	0.238611064772892	0.024	0.021	1	AURKAIP1	c30
0.042896659089267	0.238063732253837	0.114	0.1	1	CD44	c30
0.215499840422429	-0.237974406067019	0.021	0.025	1	DNAJB4	c30
0.00638533336471455	0.237848579071282	0.127	0.107	1	PPIB	c30
0.258060028385263	-0.23765905796396	0.019	0.023	1	PRKAR1A	c30
0.586434148224397	0.23756017602358	0.012	0.01	1	AP3S1	c30
0.449687957717789	0.237253810943289	0.017	0.015	1	FNBP4	c30
0.314739189016442	-0.237090564196032	0.014	0.017	1	PSMC5	c30
0.194285589066616	0.237020016877802	0.038	0.033	1	PAIP2	c30
0.386793350342756	0.236698479691624	0.021	0.018	1	GHITM	c30
0.0974947288708769	0.236593662376653	0.062	0.053	1	SF1	c30
0.216404702705886	-0.236450740824963	0.028	0.034	1	FKBP5	c30
0.124055488643765	0.23640239040564	0.057	0.049	1	ARF1	c30
0.300965593932984	-0.235810633571591	0.015	0.018	1	H2AFY	c30
0.00631835477731267	0.234795094108504	0.134	0.113	1	RARRES3	c30
0.236245854511662	-0.234753326788549	0.023	0.027	1	TCEA1	c30
0.303075355703476	0.233971607491371	0.025	0.021	1	DNAJB9	c30
0.530351236969664	-0.233900856316072	0.062	0.058	1	AREG	c30
0.0835661341543649	0.233339320033774	0.062	0.052	1	NCL	c30
0.55028919340065	0.233247880005798	0.013	0.011	1	MPG	c30
0.62163806917323	0.232735922924171	0.011	0.009	1	ANAPC5	c30
0.519174363982781	0.232536877556393	0.014	0.013	1	KCNA3	c30
0.0111788671564514	0.232477587020854	0.117	0.099	1	SUMO2	c30
0.637174283362277	0.231968327779226	0.01	0.009	1	DEDD2	c30
0.1565273768912	0.230665799189169	0.056	0.048	1	NR3C1	c30
0.594188533580297	0.230573745707473	0.012	0.01	1	SRSF4	c30
0.355348626952048	-0.229985833789137	0.011	0.014	1	RABGGTB	c30
0.170918390701825	0.229777446506416	0.042	0.036	1	PTPN6	c30
0.00357180168701326	0.22924682444503	0.12	0.099	1	DNAJA1	c30
0.536003179899973	0.228430863708023	0.014	0.012	1	RBM17	c30
0.319892878088404	0.228055047692121	0.026	0.022	1	LOC642441	c30
0.0867753344800761	-0.227621235758244	0.058	0.069	1	SSR2	c30
0.574634952212985	0.227498810911127	0.013	0.011	1	APEX1	c30
0.338015514645923	-0.226998130434603	0.013	0.016	1	SSR1	c30
0.468367830580595	0.226861437346138	0.018	0.016	1	SCP2	c30
0.273370496673995	-0.226702041148619	0.011	0.014	1	IRF3	c30
0.379719908127361	-0.226434840762456	0.01	0.012	1	DYNC1H1	c30
0.619571857603604	0.226133355049136	0.011	0.01	1	UQCRC1	c30
0.398123065729405	-0.22532778969599	0.009	0.011	1	MFSD1	c30
0.0605041609963061	-0.225182214786426	0.072	0.084	1	GMFG	c30
0.0777532096414358	0.225149889870336	0.07	0.06	1	PLP2	c30
0.396337753694403	0.225078287955856	0.022	0.019	1	MFSD10	c30
0.483766400960666	0.224314755235791	0.017	0.015	1	SNRPB2	c30
0.522409915755883	0.224314755235791	0.018	0.016	1	KDM6B	c30
0.652139017211555	0.224314755235791	0.011	0.01	1	BAG3	c30
0.614885632496396	0.223951310205304	0.011	0.01	1	GDI1	c30
0.114519647903452	0.223668009790393	0.063	0.055	1	DBI	c30
0.379231548075215	0.223551626394465	0.022	0.019	1	ATP1A1	c30
0.402428357815261	-0.223271437911245	0.008	0.01	1	PHB	c30
0.144779495556327	-0.222751598235691	0.038	0.045	1	NME2	c30
0.021296186946863	0.222371731317998	0.115	0.099	1	ITGB2	c30
0.520032163569863	0.221947740691875	0.016	0.014	1	NDUFAB1	c30
0.389840715043269	-0.221560147965646	0.009	0.012	1	PLEKHJ1	c30
0.385928064035836	0.221300088083266	0.023	0.02	1	TCF25	c30
0.711141370545212	0.220237590153159	0.02	0.019	1	C5AR1	c30
0.306789011170603	0.219742025445967	0.02	0.017	1	LOC101928173	c30
0.764200444673794	-0.219677414585585	0.048	0.05	1	HSP90B1	c30
0.271087788273221	0.219442680068632	0.033	0.029	1	SHISA5	c30
0.370432416440437	0.219336261122974	0.038	0.034	1	SNHG15	c30
0.221761738201844	-0.218859443666051	0.029	0.035	1	MINOS1	c30
0.137923691216003	0.21885072353149	0.054	0.047	1	CD48	c30
0.435349552994073	0.217501069645068	0.021	0.018	1	HP1BP3	c30
0.149412772626505	0.217424907837428	0.057	0.05	1	ATP5J2	c30
0.364715445890665	-0.217194955404244	0.013	0.015	1	R3HDM4	c30
0.108747336238966	0.216977711435093	0.06	0.052	1	RABAC1	c30
0.0818436869033267	0.215311133263034	0.072	0.062	1	EIF4A2	c30
0.792648520106668	0.214632201838452	0.011	0.01	1	ZNF292	c30
0.363374361175185	0.214494349366809	0.029	0.026	1	CCT4	c30
0.377927411637495	0.214441558291312	0.026	0.022	1	RAP1A	c30
0.317336444452026	-0.214436982779024	0.018	0.022	1	ATF4	c30
0.602383132906448	0.214172744815177	0.013	0.011	1	PSMF1	c30
0.367922605580655	0.213856952969572	0.026	0.023	1	SELT	c30
0.340045519470143	-0.213831425270304	0.016	0.019	1	TMEM256	c30
0.974589434331915	0.213451036425495	0.042	0.042	1	SGK1	c30
0.336418934673376	-0.213442820543136	0.016	0.019	1	UQCRFS1	c30
0.856940230896341	-0.211905039220539	0.011	0.011	1	STAB1	c30
0.658138709756402	0.21139614603147	0.011	0.01	1	OFD1	c30
0.659786680377652	0.21139614603147	0.011	0.01	1	RNF126	c30
0.0341161674802199	0.211335893008229	0.12	0.105	1	CALM2	c30
0.275476030981394	-0.210515084409483	0.082	0.089	1	HSPE1	c30
0.2232730681335	0.210321483156291	0.042	0.036	1	RBX1	c30
0.477135414260706	0.210207809040416	0.019	0.017	1	RER1	c30
0.413948637666212	-0.210123989907942	0.009	0.011	1	SCAMP2	c30
0.369938282490893	-0.210099377468766	0.014	0.017	1	LINC00116	c30
0.4187470231382	-0.209916309276363	0.008	0.01	1	SLIRP	c30
0.395588800447198	0.209815185540676	0.024	0.021	1	NAP1L4	c30
0.573023526878925	0.209128351421115	0.014	0.012	1	GPRIN3	c30
0.329834103648372	-0.20912685010954	0.018	0.022	1	HNRNPH1	c30
0.341503837658489	-0.208927339420643	0.016	0.019	1	RPS19BP1	c30
0.104544163100586	0.208811017534943	0.066	0.057	1	STK17A	c30
0.545472765454815	0.208347179103018	0.016	0.014	1	TSPAN14	c30
0.445383932151897	-0.20817338328073	0.008	0.01	1	ATP6V1B2	c30
0.385918702755817	-0.208042220243079	0.012	0.015	1	LIMS1	c30
0.365059274977563	-0.207978749975875	0.017	0.02	1	ARID5A	c30
0.323563923969285	-0.207957894850025	0.019	0.022	1	SRRM2	c30
0.000758849727055563	0.207763512555512	0.233	0.2	1	DDX5	c30
0.382421498847473	-0.207550252619935	0.012	0.015	1	RAB24	c30
0.509763786208279	0.207423757537905	0.017	0.015	1	STUB1	c30
0.481497715437577	0.207352180016847	0.018	0.016	1	PAG1	c30
0.615670318215599	0.20724124187685	0.013	0.012	1	ITGB7	c30
0.35287519174386	-0.206583398952344	0.015	0.018	1	EIF3M	c30
0.181096456465509	0.206445202832509	0.049	0.043	1	ARF5	c30
0.614247862161979	0.205984538800096	0.013	0.011	1	SDHAF2	c30
0.370234192962687	-0.205182678714583	0.014	0.017	1	RTN4	c30
0.231334922236593	0.205151148827567	0.059	0.053	1	ATP5G3	c30
0.44991261800112	0.205066870642513	0.021	0.019	1	NHP2	c30
0.225246124906894	-0.204829690238428	0.034	0.04	1	SEPT6	c30
0.511537821724214	0.2046920163113	0.018	0.016	1	SNX6	c30
0.454798297626632	0.204226991543709	0.022	0.019	1	STAT3	c30
0.355012164487478	-0.204084765844902	0.016	0.018	1	RBL2	c30
0.106866558380428	0.203599814626084	0.08	0.07	1	C9orf142	c30
0.600698575720784	0.203329730106454	0.014	0.013	1	SEPT2	c30
0.351376159771331	-0.2032264245	0.017	0.02	1	VPS29	c30
0.656489328300068	0.202961514499614	0.012	0.011	1	SH3BP1	c30
0.359539268257486	-0.202910729397996	0.016	0.018	1	RNF181	c30
0.2155042662667	0.20255423649698	0.051	0.045	1	WDR83OS	c30
0.358813854348609	-0.2025191715069	0.016	0.018	1	ATRX	c30
0.806677419110988	0.202248221234263	0.012	0.011	1	POLR2F	c30
0.436628972458089	-0.202127507315302	0.008	0.01	1	RGL4	c30
0.299594565777063	0.201990208564337	0.041	0.036	1	CD164	c30
0.653410815368767	0.201594678735708	0.012	0.011	1	ST3GAL1	c30
0.714530505785367	0.201594678735708	0.01	0.009	1	HLA-L	c30
0.534507725993035	0.200655729766092	0.017	0.015	1	CYFIP2	c30
0.56604698774003	0.200558631983183	0.016	0.014	1	MGEA5	c30
0.264690312371782	-0.200378785839511	0.028	0.033	1	NDUFB4	c30
0.390446530272098	-0.200308792872251	0.013	0.016	1	AKAP9	c30
0.313313828695368	-0.200186723840869	0.022	0.026	1	CSK	c30
0.321227224878397	-0.200121442045303	0.008	0.011	1	OTUD6B-AS1	c30
0.371021263735713	-0.200022304780815	0.014	0.017	1	PPIG	c30
0.176644721800105	0.199797567499464	0.063	0.056	1	NDUFB2	c30
0.0105597437816869	-0.199264858441768	0.155	0.178	1	PCBP2	c30
0.118438683138682	0.199108097340349	0.084	0.075	1	PCBP1	c30
0.466794185922272	0.198967160047611	0.022	0.019	1	ATRAID	c30
0.453735535014514	0.198945100321758	0.018	0.016	1	VIMP	c30
0.222563129917078	0.198697435324807	0.031	0.026	1	MIR4435-1HG	c30
0.253191625548222	-0.198627942128399	0.021	0.025	1	SYF2	c30
0.363454814382619	-0.198597736526914	0.016	0.018	1	CLTA	c30
0.406909163997463	0.198400754382972	0.026	0.023	1	NUCKS1	c30
0.244606353570082	-0.197505190229573	0.035	0.04	1	CDC37	c30
0.451511926239448	0.197382427448793	0.03	0.027	1	FAM46C	c30
0.366176589499967	-0.196988130233357	0.017	0.02	1	HMHA1	c30
0.278587798282505	-0.196328799679289	0.029	0.033	1	SERBP1	c30
0.106152286552371	0.196039434902537	0.088	0.078	1	COX7A2	c30
0.0922646747812627	0.195783021696306	0.087	0.077	1	RBM3	c30
0.218766592749107	0.195380232205608	0.053	0.047	1	NAMPT	c30
0.422868962146574	-0.195295473832877	0.011	0.013	1	HADHA	c30
0.396903346865489	-0.194948057718009	0.024	0.028	1	PLAC8	c30
0.587947170974796	0.194634177005501	0.015	0.014	1	LINC00869	c30
0.199946517035228	0.194016154702752	0.049	0.043	1	PET100	c30
0.225612213060314	-0.193959664945234	0.027	0.032	1	SNHG9	c30
0.436513374656108	-0.193899787918672	0.009	0.011	1	WDR33	c30
0.668507023899704	0.193125457966897	0.012	0.011	1	RHEB	c30
0.400384883196764	-0.193106182617353	0.013	0.015	1	WASF2	c30
0.00473818809172658	0.192658964057534	0.205	0.18	1	CYBA	c30
0.230748015027317	-0.192069169750569	0.037	0.043	1	ARPC5	c30
0.257739677614998	-0.192056103695161	0.032	0.028	1	C1QA	c30
0.306745511380602	0.190529514772754	0.038	0.033	1	SHFM1	c30
0.397132097174964	-0.19028229371422	0.014	0.016	1	EIF3A	c30
0.433145385461247	-0.19028229371422	0.014	0.016	1	GCHFR	c30
0.257200245824616	0.190238880964537	0.061	0.055	1	CD27	c30
0.41561624813386	0.190238880964537	0.031	0.028	1	IGFLR1	c30
0.377700136093779	-0.18957729337479	0.016	0.019	1	MPHOSPH8	c30
0.388552926085538	-0.189086107405946	0.015	0.018	1	VDAC2	c30
0.538524222321415	0.188770638378124	0.019	0.017	1	VDAC1	c30
0.338654960814594	-0.18763676416931	0.028	0.032	1	ITK	c30
0.300451950768329	-0.187340104648401	0.033	0.038	1	RPS27L	c30
0.570917078996807	0.187109197928145	0.017	0.016	1	PIN1	c30
0.359092467187685	0.187069346859166	0.035	0.04	1	MS4A7	c30
0.497014251898775	0.185881813446018	0.021	0.019	1	NT5C	c30
0.411447108630657	0.185607048999127	0.023	0.021	1	SPCS3	c30
0.326688906474616	-0.185465277416443	0.026	0.03	1	GABARAPL2	c30
0.264521959807666	-0.18542844437354	0.036	0.041	1	UBXN1	c30
0.00128935010354613	0.185368947045624	0.399	0.368	1	DUSP1	c30
0.541305530630383	0.184786391049154	0.026	0.023	1	WAS	c30
0.601121099458455	0.18466261300087	0.016	0.015	1	DNAJC8	c30
0.440131661515361	-0.184627092947813	0.017	0.02	1	ATP2B1	c30
0.737150650207767	0.184442589355347	0.014	0.013	1	SYAP1	c30
0.406808200246769	-0.184165028020891	0.015	0.018	1	CDC42EP3	c30
0.186740787965118	0.183503841131498	0.067	0.06	1	ARL6IP5	c30
0.359884789591062	-0.182965466288713	0.02	0.023	1	IKZF1	c30
0.55952362715314	0.182930834470671	0.015	0.013	1	TUBA1C	c30
0.583250362933989	0.182467317987684	0.017	0.016	1	DOCK8	c30
0.529453562209583	0.182401113502397	0.026	0.024	1	GNAS	c30
0.688673600386935	0.182124814537483	0.012	0.011	1	OGT	c30
0.459649392589565	-0.181789619273045	0.009	0.011	1	TEX264	c30
0.22023703637749	-0.181661601611052	0.049	0.056	1	CNN2	c30
0.263006454541448	0.181158184658179	0.024	0.02	1	TMEM107	c30
0.518992931738657	0.181077661395195	0.022	0.02	1	SET	c30
0.792085520239245	0.181077661395195	0.012	0.012	1	AHR	c30
0.0898496198383008	-0.180623565383714	0.103	0.116	1	ZFAS1	c30
0.49474775342333	-0.179994292163419	0.157	0.162	1	IFITM3	c30
0.469393122610589	-0.179948272448877	0.008	0.01	1	TES	c30
0.465899759286925	0.179853988099604	0.032	0.029	1	RNF149	c30
0.444245714960945	-0.179776598657264	0.011	0.013	1	BTF3L4	c30
0.724947818571283	0.179689342082712	0.017	0.016	1	IRF9	c30
0.572186198615228	0.179662133485751	0.018	0.017	1	FERMT3	c30
0.374318852696277	-0.179227105205223	0.019	0.023	1	ELOVL5	c30
0.450818854778762	-0.178649911742477	0.011	0.013	1	PHIP	c30
0.743757887744003	0.178487211735201	0.011	0.01	1	CASP8	c30
0.0896213233732941	-0.178274331800934	0.113	0.126	1	ARPC1B	c30
0.458200126538962	-0.178072487263731	0.011	0.012	1	CYLD	c30
0.644050210776631	0.177857435095755	0.014	0.013	1	RBMX	c30
0.238035699150663	0.177807662104397	0.054	0.048	1	ROMO1	c30
0.439261404567004	-0.177783688335555	0.013	0.015	1	ERGIC3	c30
0.356331168325817	0.17752054375685	0.036	0.032	1	NDUFB10	c30
0.47301713316447	-0.177061437987109	0.008	0.01	1	CCDC69	c30
0.427548100491069	-0.176660031501426	0.009	0.011	1	PLD3	c30
0.55607134953387	0.176655788990439	0.024	0.022	1	PHPT1	c30
0.309281467587467	0.175632108762131	0.041	0.036	1	LBH	c30
0.0122723298809586	-0.174643004375191	0.299	0.326	1	DNAJB1	c30
0.586854166491505	0.174526435537537	0.018	0.016	1	SS18L2	c30
0.162573390669474	-0.173763066722539	0.049	0.057	1	ATP6V0E1	c30
0.666352933458869	0.173483971978762	0.014	0.013	1	ZC3H15	c30
0.475567798251182	-0.173444752611218	0.009	0.011	1	SMIM7	c30
0.444440414742417	-0.17305843716082	0.016	0.019	1	GLRX	c30
0.755626345060079	0.17258359207664	0.011	0.01	1	MRPL53	c30
0.000260269838458422	0.172255558754117	0.802	0.766	1	ACTB	c30
0.48850388899931	0.170887564794524	0.025	0.023	1	LSM8	c30
0.454946507451582	-0.170280946429046	0.012	0.014	1	POLE4	c30
0.499809199513488	0.169841270071656	0.024	0.022	1	MRPS6	c30
0.0201464929557381	0.169798978050181	0.02	0.03	1	PLAUR	c30
0.722870745266589	0.169289364740876	0.012	0.011	1	PSMA4	c30
0.405763480176829	0.169019075190837	0.028	0.025	1	CXCR3	c30
0.495899435507783	0.168718522489019	0.026	0.023	1	GLIPR2	c30
0.543187818791529	0.168261216068163	0.022	0.02	1	EWSR1	c30
0.472394854499009	-0.168167881179979	0.012	0.014	1	TRAPPC6A	c30
0.251260498827501	-0.167953546326459	0.04	0.046	1	SEPW1	c30
0.173724937048796	-0.167724677198286	0.074	0.083	1	GSTK1	c30
0.241720967154164	-0.167639130930012	0.03	0.035	1	CMTM6	c30
0.472035537258176	-0.167639130930012	0.014	0.016	1	FOSL2	c30
0.338892969418342	-0.166974141270444	0.018	0.022	1	DANCR	c30
0.389990268552223	-0.166253389741069	0.023	0.026	1	MYEOV2	c30
0.0595010058335241	0.164944151266233	0.119	0.105	1	UBL5	c30
0.793087008697805	0.164890849659665	0.01	0.009	1	PHF11	c30
0.518804979328623	0.16482380058028	0.025	0.023	1	BCAP31	c30
0.477837126550907	-0.164727535510107	0.011	0.012	1	CLNS1A	c30
0.528067179473476	0.164683988743474	0.022	0.02	1	SIVA1	c30
0.341499238041848	-0.164311113212257	0.031	0.035	1	N4BP2L2	c30
0.756445275051954	0.164156672375614	0.011	0.01	1	CHCHD7	c30
0.171986182001245	-0.163601681652716	0.03	0.025	1	C1QB	c30
0.23258132995423	-0.163402138043541	0.061	0.068	1	APRT	c30
0.432566674926757	-0.163048492977206	0.018	0.02	1	NAA10	c30
0.190509892952702	-0.16234094267323	0.073	0.081	1	GPSM3	c30
0.351995215255924	-0.161810052127814	0.019	0.022	1	TMEM173	c30
0.364803846917021	0.161105570063561	0.039	0.035	1	PTP4A2	c30
0.184072612750148	-0.160181349514677	0.067	0.075	1	NDUFA4	c30
0.451714339812188	0.160065893071644	0.031	0.028	1	SUN2	c30
0.787380545174261	0.160023838244781	0.016	0.015	1	TRA2A	c30
0.591075859442751	0.159960190027744	0.02	0.018	1	RPN1	c30
0.490006506903974	-0.159656545962687	0.01	0.012	1	ETFB	c30
0.776092977884846	0.159388118615019	0.011	0.01	1	ATG12	c30
0.76145364427325	0.159283873877743	0.011	0.01	1	TGFBR2	c30
0.436591906109105	-0.158961689818783	0.021	0.024	1	KRT10	c30
0.0262918042434432	-0.158868703685971	0.141	0.16	1	DDIT4	c30
0.530650361916752	0.158611508184961	0.033	0.031	1	SP100	c30
0.395479061231337	-0.158301266350676	0.024	0.028	1	TBCB	c30
0.505038550441509	-0.158193405333027	0.08	0.075	1	HERPUD1	c30
0.499787665847517	-0.158025706223605	0.009	0.011	1	TTC3	c30
0.166405732172494	-0.157942361141237	0.068	0.076	1	CNBP	c30
0.729195780993047	0.157783584255219	0.013	0.012	1	PNN	c30
0.521265775603143	0.157504188767176	0.026	0.024	1	HNRNPH3	c30
0.46204982288793	-0.156794884710481	0.015	0.017	1	C7orf50	c30
0.726325954284256	0.156035215985225	0.013	0.012	1	COPS6	c30
0.136202723728654	-0.155606108644502	0.091	0.101	1	TCEB2	c30
0.573322141971948	0.155120248936207	0.023	0.021	1	C7orf73	c30
0.789680096518062	0.155016312115379	0.011	0.01	1	CARD8	c30
0.353572537102562	0.154600639695621	0.046	0.042	1	CSNK2B	c30
0.526647370933261	0.154412742005635	0.026	0.023	1	C19orf70	c30
0.62664514384447	0.15436976231311	0.019	0.018	1	OPTN	c30
0.757383714192544	0.152772200151034	0.012	0.011	1	VKORC1	c30
0.148340691364844	0.152653770108344	0.062	0.054	1	SEC61B	c30
0.459069180710155	0.152282974587369	0.038	0.035	1	STK4	c30
0.620985425996563	-0.151552146762375	0.012	0.014	1	WARS	c30
0.358397834432127	-0.151230937377402	0.094	0.101	1	GSTP1	c30
0.565642811904743	-0.15106185107681	0.013	0.014	1	HIST1H1D	c30
0.411560286005095	-0.151039042570571	0.023	0.026	1	PHB2	c30
0.7110580728673	-0.150390650007835	0.02	0.021	1	IRF7	c30
0.379407624297088	0.15035907629722	0.046	0.042	1	TRA2B	c30
0.886720373658559	0.149932558913215	0.013	0.013	1	FAM195B	c30
0.363240051284767	0.149866049218581	0.055	0.05	1	ZNF331	c30
0.792799095737077	0.149587375267378	0.011	0.01	1	PDCD5	c30
0.821172040608489	0.149551044950687	0.01	0.009	1	DECR1	c30
0.511717963775153	-0.149491784219752	0.011	0.012	1	NCF1B	c30
0.784086252206209	0.149374995605448	0.013	0.013	1	HLA-J	c30
0.477599480421314	0.148840548164378	0.039	0.036	1	MAP1LC3B	c30
0.400664370648815	0.148809799264785	0.039	0.035	1	CCDC85B	c30
0.508227526602779	0.148483342276146	0.03	0.027	1	ZNF706	c30
0.562015509758738	-0.1484441229086	0.019	0.021	1	KLF10	c30
0.534323909797261	-0.148313111735163	0.022	0.024	1	SPNS1	c30
0.802685217691941	0.148207465988683	0.011	0.011	1	NELL2	c30
0.18260546563876	-0.148140988912977	0.089	0.098	1	DAZAP2	c30
0.769973896216861	0.147727806756972	0.012	0.011	1	RAB10	c30
0.934675725250584	0.147518005979915	0.012	0.012	1	DNAJC15	c30
0.37499448996566	0.147325016207587	0.013	0.011	1	GADD45G	c30
0.828159349593711	0.147264077432064	0.01	0.009	1	P2RY10	c30
0.80272102181779	0.146828875304815	0.011	0.011	1	NGRN	c30
0.706271812744792	0.146686337633318	0.016	0.014	1	CGGBP1	c30
0.375284947276738	0.146099566144004	0.047	0.042	1	HNRNPC	c30
0.386478233024739	0.146015898505155	0.065	0.06	1	CCNL1	c30
0.564452957761946	0.145840697212707	0.025	0.023	1	AIP	c30
0.484303368521984	-0.145810322167478	0.016	0.018	1	RPN2	c30
0.597637142936117	0.144669643670885	0.024	0.022	1	PA2G4	c30
0.329001799598377	-0.144429091769117	0.052	0.058	1	NDUFS5	c30
0.806070977953641	0.144075639658356	0.011	0.011	1	HNRNPD	c30
0.635516870587047	0.143811182150075	0.021	0.02	1	CBX3	c30
0.673826425900135	0.14357561537785	0.018	0.016	1	TMED9	c30
0.408924502247801	-0.14333524151327	0.031	0.034	1	LRRFIP1	c30
0.658996933865225	0.143266863406157	0.027	0.026	1	EID1	c30
0.777547862496527	0.142099991947603	0.013	0.012	1	RNF187	c30
0.493512603668248	0.141785283500403	0.034	0.032	1	BUB3	c30
0.620318335970893	0.141670861083649	0.023	0.021	1	C14orf166	c30
0.746106132366862	0.14159165088016	0.014	0.013	1	MAP1LC3B2	c30
0.282511769164166	-0.141560691591431	0.067	0.073	1	CIB1	c30
0.526008822468803	-0.141395031679485	0.009	0.01	1	FBXO7	c30
0.768216245347169	0.140970793543256	0.013	0.013	1	RBMS1	c30
0.634172482711718	0.140898747048154	0.022	0.02	1	MDH2	c30
0.307087846872059	0.140762534515277	0.065	0.059	1	TRMT112	c30
0.81927644433982	0.140641467503844	0.011	0.011	1	DIAPH1	c30
0.460252473241482	-0.140128954335492	0.021	0.023	1	UBXN4	c30
0.340302499608174	0.139955612943321	0.063	0.058	1	SOCS1	c30
0.415042398192967	-0.139767888143395	0.028	0.031	1	SEC11A	c30
0.520300301674316	-0.1396682074671	0.011	0.013	1	KPNB1	c30
0.244202873086486	-0.139469991507114	0.093	0.101	1	ATP6V0C	c30
0.616488137969762	0.139425857649278	0.024	0.022	1	NDUFS6	c30
0.79203101936872	0.138316846830894	0.012	0.012	1	PPM1K	c30
0.723818962098588	0.138173915521075	0.018	0.017	1	HLA-DRB3	c30
0.429802592507525	0.138024502472666	0.042	0.039	1	DAD1	c30
0.615578976594302	0.137791075558333	0.024	0.022	1	UBE2N	c30
0.684852876400542	0.137763066866472	0.019	0.018	1	PSMA5	c30
0.640950936687186	0.137660372981609	0.022	0.02	1	TNFRSF14	c30
0.63550096591264	0.137557686406179	0.023	0.021	1	SH3KBP1	c30
0.827564444636268	0.137215450598409	0.011	0.011	1	DDX46	c30
0.00137268571518914	-0.137137737069425	0.36	0.404	1	FXYD5	c30
0.481754458467046	-0.13699540699739	0.018	0.02	1	SCAF11	c30
0.444472132406738	0.136914861816329	0.058	0.054	1	MORF4L1	c30
0.725598685070958	-0.136829736047851	0.025	0.026	1	TNFRSF18	c30
0.20690112169924	0.136752434371084	0.092	0.083	1	COX6A1	c30
0.328932354787496	0.136569226605124	0.157	0.15	1	TAGLN2	c30
0.288364057667087	0.136479048865459	0.065	0.059	1	MBNL1	c30
0.466131343837086	0.136303218483988	0.039	0.036	1	COX7B	c30
0.532932870661811	-0.136274960020677	0.011	0.013	1	STRA13	c30
0.532946676475835	-0.135708642038571	0.011	0.013	1	CCDC59	c30
0.524066147113867	-0.135393924853822	0.014	0.016	1	MYO1G	c30
0.476906300891019	-0.135203360000459	0.02	0.022	1	RNH1	c30
0.259729050580047	0.134513804932372	0.067	0.061	1	KRTCAP2	c30
0.497109720263899	-0.134291873741574	0.016	0.018	1	TMEM230	c30
0.607158986685967	0.134280566706839	0.022	0.02	1	ANXA2R	c30
0.530873429097971	0.1341769173756	0.029	0.027	1	NDUFV2	c30
0.548234693517553	-0.133795675958218	0.008	0.01	1	SMARCB1	c30
0.463958806162843	-0.133795675958217	0.022	0.024	1	PAK2	c30
0.803082503558707	0.133322657366278	0.012	0.012	1	MTFP1	c30
0.594718291191925	0.132302040399887	0.026	0.024	1	SSU72	c30
0.434197380344077	0.131614335975578	0.056	0.051	1	CCNH	c30
0.606906083635836	0.131250077946386	0.034	0.032	1	ATP5J	c30
0.399151542118182	0.131026456301221	0.052	0.048	1	LAT	c30
0.568830420774641	-0.130902657861842	0.009	0.01	1	SMS	c30
0.479961956253731	-0.130649120641354	0.019	0.022	1	ATP5A1	c30
0.573701743289396	0.130198529779888	0.029	0.027	1	ANXA11	c30
0.385978212490041	-0.130184837011563	0.049	0.054	1	NDUFB1	c30
0.533122593308776	0.130132316179083	0.037	0.035	1	CD55	c30
0.682018517118782	0.129536530483691	0.019	0.018	1	FAM107B	c30
0.49781967704497	0.129366351180528	0.046	0.042	1	VPS28	c30
0.702201766440516	0.129118017409214	0.02	0.019	1	TAX1BP1	c30
0.701037164378371	0.128753871850213	0.019	0.018	1	MIEN1	c30
0.487186567291663	-0.127892952137254	0.025	0.028	1	NAA38	c30
0.449454402497238	0.12709637822702	0.044	0.04	1	UQCRQ	c30
0.698798159651153	0.126759445813117	0.019	0.018	1	DDX39A	c30
0.64110405332621	-0.12609268544034	0.013	0.015	1	RANBP2	c30
0.105876928088216	-0.12603702795911	0.154	0.168	1	ATP5L	c30
0.751523105700473	0.125966973922338	0.016	0.015	1	MGAT1	c30
0.949623850339539	0.125863640108529	0.011	0.011	1	GLA	c30
0.694129614940386	0.125784157595554	0.021	0.02	1	APBB1IP	c30
0.804388898279199	0.125491699649916	0.013	0.013	1	ADSS	c30
0.518993490891514	-0.125366303459331	0.017	0.019	1	ARID4B	c30
0.548632835201859	-0.125134402415475	0.011	0.012	1	WHSC1L1	c30
0.797889650046852	0.124647154014272	0.014	0.014	1	ROCK1	c30
0.487713185644803	-0.124620774554754	0.023	0.025	1	BIN2	c30
0.251327782549302	-0.12443575490229	0.099	0.108	1	SLC2A3	c30
0.81425285162663	0.124004895972234	0.012	0.012	1	TLE4	c30
0.524949684672071	-0.123865107121908	0.018	0.02	1	KTN1	c30
0.566295504809826	-0.123865107121908	0.009	0.01	1	EIF5B	c30
0.518686834198416	0.123731753115549	0.037	0.034	1	NOP10	c30
0.193266847564151	0.123392933235906	0.14	0.13	1	LSP1	c30
0.488265387424836	0.122905451498301	0.042	0.038	1	ACAP1	c30
0.807765292969342	0.122315041733395	0.014	0.013	1	KIF5B	c30
0.79799143118796	0.121484503772443	0.014	0.014	1	CHMP2A	c30
0.290572995359882	0.121178190962377	0.09	0.083	1	SRSF5	c30
0.539388868096043	0.121100811840318	0.032	0.03	1	SYNE2	c30
0.573263116019513	0.12076282723736	0.034	0.032	1	RSL24D1	c30
0.799759491270202	0.120206351895052	0.015	0.014	1	CASP4	c30
0.807865312599802	0.119582146351128	0.014	0.013	1	CHD1	c30
0.48850118906556	-0.119390169932446	0.028	0.031	1	ANKRD12	c30
0.51582692728202	-0.119033105075897	0.02	0.022	1	LAMTOR1	c30
0.886563449127369	0.117672195190617	0.011	0.01	1	CAMTA1	c30
0.464450171411567	0.117599856080571	0.053	0.05	1	ETS1	c30
0.537986839359026	-0.117415932769361	0.018	0.02	1	SSBP1	c30
0.33339467086754	0.117193260471586	0.059	0.054	1	PRDX1	c30
0.472089694175227	-0.117166137072972	0.031	0.034	1	TBCA	c30
0.248748807187685	-0.117116934811587	0.158	0.167	1	LGALS1	c30
0.478606216527191	0.116727249985137	0.065	0.061	1	CDC42	c30
0.518532327073316	-0.116629447388235	0.021	0.023	1	PSMD8	c30
0.858140533764994	0.116593775012662	0.012	0.012	1	CAPN2	c30
0.555946477458776	-0.115918432750695	0.016	0.018	1	C1orf86	c30
0.571805271279901	0.11559575951954	0.032	0.029	1	BLOC1S1	c30
0.856620297516775	0.115362281091629	0.012	0.012	1	PTPN2	c30
0.389566514786093	0.114980731326211	0.055	0.05	1	C9orf16	c30
0.467727638948237	-0.114826939845111	0.038	0.042	1	LSM7	c30
0.682976524232341	-0.114086041535311	0.014	0.015	1	MYC	c30
0.724717592487686	-0.11382010919298	0.076	0.078	1	NEAT1	c30
0.0193050016849931	-0.113585080902953	0.088	0.073	1	LOC100996809	c30
0.418460280666993	-0.113516754609678	0.054	0.059	1	RBM39	c30
0.720076748917069	0.113406682888101	0.021	0.02	1	PSMB8-AS1	c30
0.723249277344525	0.113387604793656	0.031	0.029	1	VAPA	c30
0.567148638027617	0.113107268845694	0.038	0.035	1	GTF3A	c30
0.620039246145156	0.112891662870283	0.031	0.029	1	UBE2I	c30
0.354772179953437	0.112549414335725	0.073	0.068	1	POLR2L	c30
0.596743501019014	-0.112296097086237	0.009	0.011	1	CDC25B	c30
0.785862568110342	0.111482259071419	0.034	0.033	1	KMT2E	c30
0.763063417538092	0.111305793406605	0.019	0.018	1	RAB5C	c30
0.601625257286875	-0.111110352759696	0.009	0.01	1	AFF4	c30
0.149926016871047	0.110537283833917	0.404	0.395	1	ACTG1	c30
0.595478329025206	-0.108933953777371	0.009	0.011	1	MED30	c30
0.793718115750386	0.108837537815855	0.013	0.012	1	SNORD3A	c30
0.88728055200683	0.108753657758801	0.011	0.011	1	TOPORS-AS1	c30
0.821019664210269	0.108290958896307	0.016	0.015	1	YWHAE	c30
0.589367273249158	-0.10826058385108	0.009	0.01	1	PSMG2	c30
0.621269417662388	-0.10826058385108	0.028	0.03	1	SERPINB1	c30
0.340387602369957	0.107077079951417	0.036	0.032	1	FCGR3A	c30
0.884547077876376	0.106437445695367	0.012	0.011	1	ETHE1	c30
0.646657761844426	0.106349242532017	0.032	0.03	1	SRP9	c30
0.955331831724984	0.106159432274414	0.012	0.012	1	TRAPPC2L	c30
0.235489755993872	-0.106004705250379	0.107	0.116	1	UQCR11	c30
0.606709828376576	0.105886603498901	0.036	0.033	1	SRSF11	c30
0.440139219285521	-0.105765748227036	0.059	0.063	1	TMBIM6	c30
0.563478941245507	-0.105606130405102	0.017	0.019	1	TAF1D	c30
0.599460736229291	-0.105226523761447	0.008	0.01	1	FGD3	c30
0.900890634793109	0.105107914141906	0.026	0.026	1	P4HB	c30
0.667952980229591	0.104440414506789	0.026	0.025	1	VAMP5	c30
0.355623092086006	0.10438362400284	0.107	0.101	1	LCP1	c30
0.56108689272611	0.104301776035178	0.042	0.039	1	EIF5A	c30
0.696742589854939	0.104200956423158	0.024	0.023	1	CFLAR	c30
0.726870802387254	0.104182177077763	0.018	0.017	1	MAT2A	c30
0.729759024327841	0.104162023905854	0.022	0.021	1	DDX21	c30
0.596656745318543	0.103662890887382	0.038	0.036	1	IQGAP1	c30
0.48126641139745	-0.103434210573329	0.043	0.046	1	C4orf3	c30
0.401421603011436	-0.102688604729225	0.053	0.057	1	LGALS3	c30
0.568660959752265	0.102605584104341	0.042	0.04	1	NDUFB8	c30
0.546028319625405	-0.102066705271312	0.028	0.03	1	EMB	c30
0.671752571533279	0.101738441903641	0.027	0.026	1	AUP1	c30
0.902176366169749	0.101391245376116	0.011	0.011	1	PSMD4	c30
0.447939607991893	-0.101230879443157	0.056	0.06	1	LIME1	c30
0.619915732209023	-0.101111436214136	0.009	0.01	1	PDLIM2	c30
0.864433555985208	0.10109456241977	0.014	0.014	1	EPS15	c30
0.595670802705467	-0.100663436011521	0.013	0.014	1	ATP6AP2	c30
0.886914860284906	0.100640384849235	0.013	0.012	1	NDUFV1	c30
0.517426032366661	0.100497877153876	0.069	0.065	1	PTGES3	c30
0.427224760714988	-0.100077379603053	0.057	0.061	1	UQCR10	c30
